date,product,true,pred,q10,q90
2024-01-10,MG95,91.68,92.1468561553955,86.0718327331543,96.99951515197753
2024-01-10,MG92,87.36,86.90379040241241,82.24578568935394,91.7800382733345
2024-01-11,MG95,91.48,91.9691341638565,85.86141142845153,96.82975769519805
2024-01-11,MG92,87.16,86.83326437473296,82.06138021349906,91.7236539721489
2024-01-12,MG95,95.45,92.39557750225066,83.47633140563964,99.27623278141022
2024-01-12,MG92,90.36,87.1279479265213,80.14007348418235,94.29720472097397
2024-01-15,MG95,94.05,92.51518394470214,81.83825127363204,100.75001244068145
2024-01-15,MG92,88.96,87.27846499681472,78.82449727654456,95.90389354228972
2024-01-16,MG95,94.9,92.06138647556304,84.32530502557753,98.07498289108275
2024-01-16,MG92,89.81,86.9382519841194,80.80718457698822,93.13476291894912
2024-01-17,MG95,93.09,92.27105178833007,83.09396452665328,99.35513278484343
2024-01-17,MG92,88.0,87.09479501247405,79.82017018198967,94.47269806861877
2024-01-18,MG95,95.56,92.06682748794555,84.7534945988655,97.77473696708678
2024-01-18,MG92,90.17,86.92075235843657,81.15756258964538,92.77780098915099
2024-01-19,MG95,97.74,92.35864037513733,83.92118474483489,98.88173276424408
2024-01-19,MG92,92.24,87.0883632659912,80.49899841547011,93.86425890922546
2024-01-22,MG95,97.16,92.28066672801971,83.40140834569931,99.13762006282806
2024-01-22,MG92,91.91,87.08179963827132,80.07036917805671,94.21595573425293
2024-01-23,MG95,101.07,92.22350947856903,83.35360516548157,99.0764273071289
2024-01-23,MG92,95.39,87.05943055152892,80.02731502652168,94.18409119844436
2024-01-24,MG95,100.72,92.80173683166504,79.8018272781372,102.91566314220428
2024-01-24,MG92,95.05,87.55026208162307,77.21543459296225,98.15452800989151
2024-01-25,MG95,101.96,92.51028596878051,81.80348629236221,100.76968952655791
2024-01-25,MG92,96.49,87.27860702276229,78.79608701467514,95.92912343740463
2024-01-26,MG95,102.8,92.2618521118164,83.45702699184417,99.06357544422148
2024-01-26,MG92,97.55,87.07053900957106,80.11414867639542,94.14328917264938
2024-01-29,MG95,105.17,92.64890933513641,81.3497633576393,101.36761526107787
2024-01-29,MG92,100.3,87.36960507631301,78.44257428646087,96.51785142421721
2024-01-30,MG95,101.74,92.96866198062897,78.46757072210312,104.36202478408812
2024-01-30,MG92,97.1,87.73328280448914,76.16731353402137,99.65448433160782
2024-01-31,MG95,101.3,92.78810768127441,79.86232260465621,102.84124585151672
2024-01-31,MG92,96.66,87.53957970142363,77.26256184577942,98.07984265089034
2024-02-01,MG95,100.01,93.0271076107025,77.43958140611647,105.39565742015837
2024-02-01,MG92,95.37,87.85108318328857,75.35725839734077,100.75088406801223
2024-02-02,MG95,98.45,92.91177092552185,79.51794698238372,103.34215971946716
2024-02-02,MG92,93.62,87.62077796459198,76.99855589866638,98.56429315805434
2024-02-05,MG95,97.0,92.67642318248748,80.2427515888214,102.33234615325927
2024-02-05,MG92,92.17,87.46158716678619,77.55703743100166,97.5790591597557
2024-02-06,MG95,98.21,92.83624626636504,79.03730115175246,103.63733730316162
2024-02-06,MG92,93.38,87.62711840867996,76.60878090262412,98.93095343112945
2024-02-07,MG95,98.09,92.7569416475296,79.86905732154845,102.78389694213867
2024-02-07,MG92,93.26,87.52545826435089,77.26522990465163,98.03390740156173
2024-02-08,MG95,99.61,92.86026764392852,79.3666048502922,103.38866919517517
2024-02-08,MG92,95.45,87.6105318069458,76.87327379584312,98.64424362182616
2024-02-09,MG95,101.05,92.91787209987639,78.49982282876968,104.2493926334381
2024-02-09,MG92,96.89,87.70832681655884,76.18843482136725,99.55820088386535
2024-02-12,MG95,101.05,93.20950397491454,76.55185521364211,106.53090176105499
2024-02-12,MG92,96.89,88.01562024354934,74.67186146378516,101.88910030126571
2024-02-13,MG95,102.91,93.01584226608276,77.20593730688094,105.59439811706542
2024-02-13,MG92,98.69,87.86802484989165,75.1714123725891,100.97226194143295
2024-02-14,MG95,103.66,93.12547174453735,77.08852430582046,105.88497586250304
2024-02-14,MG92,99.44,87.92703663110733,75.08829168677329,101.23195638656615
2024-02-15,MG95,99.92,93.02446696281433,77.48229495048523,105.3517247056961
2024-02-15,MG92,95.56,87.84597024917602,75.39084246158599,100.7045227408409
2024-02-16,MG95,100.76,93.20980211257934,75.38692487955093,107.66279205322265
2024-02-16,MG92,96.4,88.13434379100799,73.75431297421454,103.10852494239806
2024-02-19,MG95,100.24,93.11965806007385,76.86140196800231,106.08907238960265
2024-02-19,MG92,95.65,87.94623042345046,74.90826365351677,101.4560530424118
2024-02-20,MG95,99.02,93.22599737644195,76.2859430360794,106.8127696275711
2024-02-20,MG92,94.35,88.04918909072876,74.46356012225151,102.18546787500381
2024-02-21,MG95,98.6,93.24248013019562,76.16756108760833,106.95400169849395
2024-02-21,MG92,93.93,88.06826114654541,74.37169976830482,102.3297560930252
2024-02-22,MG95,100.78,93.28419810771942,74.94809818029402,108.22301402091979
2024-02-22,MG92,96.11,88.2137464404106,73.41611368656157,103.67420414686202
2024-02-23,MG95,101.23,93.45891742706299,73.80652906179428,109.67925679683684
2024-02-23,MG92,96.56,88.41780729293822,72.53670930862427,105.14985374212264
2024-02-26,MG95,99.18,93.23740114212035,75.67945116758347,107.42049131393432
2024-02-26,MG92,94.51,88.11588041782379,73.98682466745376,102.83482065200805
2024-02-27,MG95,101.65,93.49862297534942,73.50060787439345,110.06525989055633
2024-02-27,MG92,96.98,88.47079311609268,72.30089043974876,105.5432250380516
2024-02-28,MG95,102.04,92.9880089855194,77.3382146000862,105.42521564006805
2024-02-28,MG92,97.37,87.84344421625137,75.2736000418663,100.80282498598098
2024-02-29,MG95,100.8,93.22559276103972,75.67632604598998,107.4040192079544
2024-02-29,MG92,96.13,88.11103124618529,73.98331966996193,102.82280931472778
2024-03-01,MG95,99.03,93.5556311559677,72.8186126422882,110.88489356994629
2024-03-01,MG92,94.59,88.57722127437592,71.7731321632862,106.38987214565276
2024-03-04,MG95,98.26,93.46014192104339,72.98577204227448,110.54610270500183
2024-03-04,MG92,93.82,88.51495304107665,71.89533027410506,106.0729108095169
2024-03-05,MG95,98.94,93.50622548580169,72.47470019817352,111.17321398735045
2024-03-05,MG92,94.5,88.59755127429962,71.50060465931892,106.71861149072646
2024-03-06,MG95,97.08,93.53305787563323,72.35458798646927,111.34881707191467
2024-03-06,MG92,93.64,88.62427244186401,71.4092819750309,106.89303964376448
2024-03-07,MG95,98.14,93.61212824344635,72.04412552356719,111.82172729492187
2024-03-07,MG92,94.2,88.69811578989028,71.17420367002487,107.35941227674483
2024-03-08,MG95,99.79,93.58170755386352,71.92097869634628,111.90625997066498
2024-03-08,MG92,95.41,88.70026646852493,71.07569345831871,107.4626651406288
2024-03-11,MG95,98.19,93.56139160156249,72.42755717992782,111.317065410614
2024-03-11,MG92,93.78,88.62773178815841,71.46860824227332,106.84655658006668
2024-03-12,MG95,99.19,93.65569893360137,71.39922713518142,112.61245226860045
2024-03-12,MG92,94.68,88.80023244619369,70.67606287598609,108.17794839143752
2024-03-13,MG95,98.51,93.43178689956665,73.21398577690124,110.25603605270385
2024-03-13,MG92,94.13,88.47517563104628,72.07107723951339,105.77712148427963
2024-03-14,MG95,99.8,93.68971857070922,72.05947961330413,111.93532839298247
2024-03-14,MG92,95.93,88.73042669296264,71.19285979270934,107.44499305486679
2024-03-15,MG95,100.94,93.63230577468872,71.77619026899337,112.1519041109085
2024-03-15,MG92,97.07,88.74111921787261,70.96733273267745,107.70047744512557
2024-03-18,MG95,103.56,93.65314346790313,70.50108209609985,113.6316891145706
2024-03-18,MG92,99.21,88.91897628307342,69.97816765904426,109.25665575265883
2024-03-19,MG95,103.3,93.706030960083,69.98510162830352,114.32361339569091
2024-03-19,MG92,99.29,89.01378874778747,69.58244279026985,109.96384352445601
2024-03-20,MG95,104.4,93.69393508911132,70.48052656888962,113.72504879474639
2024-03-20,MG92,100.2,88.93991496562957,69.96566430330276,109.33746851682662
2024-03-21,MG95,104.78,93.68823853015898,70.01393579959868,114.25924760341644
2024-03-21,MG92,100.55,89.0018281340599,69.60330538749695,109.90364481210707
2024-03-22,MG95,105.55,93.74120055675506,69.0158986711502,115.54193166732787
2024-03-22,MG92,100.94,89.16827239990234,68.834777623415,111.23195263147353
2024-03-25,MG95,105.67,93.76602051734923,69.32953949451446,115.20603699684142
2024-03-25,MG92,101.06,89.1337499499321,69.07962021231651,110.86780824661254
2024-03-26,MG95,105.19,93.7110460615158,69.55816316843033,114.83767726421355
2024-03-26,MG92,100.58,89.07637146711349,69.252049857378,110.50348125696182
2024-03-27,MG95,103.9,93.67348071575164,70.93199217557907,113.17154557228088
2024-03-27,MG92,99.29,88.86983530521393,70.31444959640503,108.76161416769027
2024-03-28,MG95,104.58,93.71674262046814,70.41522909641266,113.8395975446701
2024-03-28,MG92,99.97,88.95899716615676,69.91693418622016,109.44847193956375
2024-04-01,MG95,106.58,93.73958209514618,70.06410278558731,114.28829473018645
2024-04-01,MG92,103.25,89.01770460605621,69.64652185440063,109.91205477714537
2024-04-02,MG95,106.91,93.71911707401274,70.74249374628066,113.46597781181335
2024-04-02,MG92,102.56,88.9155372262001,70.1711606323719,109.05276736021041
2024-04-03,MG95,107.09,93.77309063911437,69.29352872371673,115.26153319358825
2024-04-03,MG92,102.74,89.14212948083878,69.05232586860656,110.92319836616515
2024-02-07,MG95,98.09,98.54311475872993,93.96353903591633,104.15978573441505
2024-02-07,MG92,93.26,93.57684297323226,89.02577732801437,99.96924700736999
2024-02-08,MG95,99.61,98.93956733226776,92.43750160932541,105.99410036444664
2024-02-08,MG92,95.45,93.95964205503464,87.652407143116,101.69278907537459
2024-02-09,MG95,101.05,98.87826663017272,92.27147692322731,105.98598703622817
2024-02-09,MG92,96.89,93.88753049135208,87.45898718714713,101.65080006361008
2024-02-12,MG95,101.05,98.89941045522689,91.77099696457385,106.38071860074996
2024-02-12,MG92,96.89,93.89981995820999,86.96795396924018,101.98367318630218
2024-02-13,MG95,102.91,98.89236251354217,91.53798170983791,106.53126591324805
2024-02-13,MG92,98.69,93.88817613363265,86.73403109192847,102.10151403427123
2024-02-14,MG95,103.66,98.76558151602744,92.62920094013214,105.50870557665824
2024-02-14,MG92,99.44,93.77259503364563,87.77010884404181,101.19725862503051
2024-02-15,MG95,99.92,99.05677155852317,90.76643697738646,107.42573400735854
2024-02-15,MG92,95.56,94.06026206493377,86.03799531817435,102.9230715727806
2024-02-16,MG95,100.76,99.02012694478034,90.61893362641334,107.45728583931923
2024-02-16,MG92,96.4,94.01987602710723,85.87988531589508,102.92661147356033
2024-02-19,MG95,100.24,99.15593445897102,90.04007165849208,108.16621277093887
2024-02-19,MG92,95.65,94.16727170705795,85.36568133234978,103.58072502613066
2024-02-20,MG95,99.02,99.25987403750419,89.36651321828364,108.88909509539603
2024-02-20,MG92,94.35,94.28428880453109,84.7505066883564,104.22666786432266
2024-02-21,MG95,98.6,99.30926816701889,88.89639677584171,109.35139089822769
2024-02-21,MG92,93.93,94.34386600255965,84.3155330312252,104.62915903568268
2024-02-22,MG95,100.78,99.29366201043128,89.10544083356857,109.15855593562125
2024-02-22,MG92,96.11,94.32387335538864,84.51080642580986,104.46436440944672
2024-02-23,MG95,101.23,99.26017843365669,89.24526988923549,108.98177201628684
2024-02-23,MG92,96.56,94.28614780902862,84.63393486142158,104.30150671005248
2024-02-26,MG95,99.18,99.46964981675147,87.63602109134197,110.67439023733138
2024-02-26,MG92,94.51,94.5438370013237,83.16775359869003,105.79204983711242
2024-02-27,MG95,101.65,99.31584780693053,88.74927977383136,109.47832409381866
2024-02-27,MG92,96.98,94.35352837324142,84.17695927381516,104.73533379554748
2024-02-28,MG95,102.04,99.55773738026619,87.07249600648879,111.31281433701514
2024-02-28,MG92,97.37,94.65503218650818,82.66315076112747,106.35984769582748
2024-02-29,MG95,100.8,99.51111793875694,87.41003036320208,110.94264520049094
2024-02-29,MG92,96.13,94.59459784269332,82.96696998119354,106.03344212770462
2024-03-01,MG95,99.03,99.6472298491001,86.31192709684372,112.12303494215011
2024-03-01,MG92,94.59,94.77830533504486,81.9771001791954,107.0662805366516
2024-03-04,MG95,98.26,99.633719342947,86.66629104852676,111.80461315155029
2024-03-04,MG92,93.82,94.74980802059173,82.30400667667388,106.80253566503524
2024-03-05,MG95,98.94,99.43130760908126,87.67148324310779,110.56443298101425
2024-03-05,MG92,94.5,94.50230439186096,83.18981118798256,105.67965242147446
2024-03-06,MG95,97.08,99.8980991089344,85.05609393954276,113.71473413109779
2024-03-06,MG92,93.64,95.09875540971755,80.87810013413429,108.50359157085418
2024-03-07,MG95,98.14,99.52475722789764,87.37384234368801,111.00064437508583
2024-03-07,MG92,94.2,94.61012665271758,82.93688082456589,106.0885888838768
2024-03-08,MG95,99.79,99.89155459165572,85.12064933896065,113.64580011010169
2024-03-08,MG92,95.41,95.0886143732071,80.93601869940757,108.44413682222365
2024-03-11,MG95,98.19,99.96237352728843,84.5880438786745,114.25424118876457
2024-03-11,MG92,93.78,95.1905479311943,80.46296327948569,108.97767111301421
2024-03-12,MG95,99.19,99.78025096774101,85.48138804852962,113.09952609181403
2024-03-12,MG92,94.68,94.9548884987831,81.24140193223953,107.93413507938385
2024-03-13,MG95,98.51,99.9125696337223,85.10534757852554,113.70457198262214
2024-03-13,MG92,94.13,95.11117845773697,80.92705762982368,108.50493851423263
2024-03-14,MG95,99.8,99.94919083237647,84.402479301095,114.38444078922271
2024-03-14,MG92,95.93,95.18736424684523,80.28980313301086,109.07303693056106
2024-03-15,MG95,100.94,100.10848368048667,83.52338906645774,115.50007610321045
2024-03-15,MG92,97.07,95.40466740131377,79.52303056836128,110.07151158571243
2024-03-18,MG95,103.56,99.95829930186271,84.28867026269435,114.50238259077071
2024-03-18,MG92,99.21,95.20332719564438,80.1877471256256,109.17335638284683
2024-03-19,MG95,103.3,99.96374330997466,84.25884529352187,114.54008088350295
2024-03-19,MG92,99.29,95.21068529129028,80.16172662854194,109.2071190214157
2024-03-20,MG95,104.4,99.8956990623474,85.14535225749015,113.63392866015434
2024-03-20,MG92,100.2,95.09164221286773,80.95982954144478,108.43733531475067
2024-03-21,MG95,104.78,100.01674336314201,84.16252147257327,114.74015110850334
2024-03-21,MG92,100.55,95.27108623981475,80.08566328883171,109.4024369430542
2024-03-22,MG95,105.55,100.1792206633091,83.34615440666676,115.81317096114158
2024-03-22,MG92,100.94,95.48880126953125,79.37694287061692,110.36957568407058
2024-03-25,MG95,105.67,99.99045992612838,84.21660447359085,114.63545053958892
2024-03-25,MG92,101.06,95.24076331615447,80.1291550886631,109.30118242263794
2024-03-26,MG95,105.19,100.30735973596572,81.98419236004352,117.31953385949134
2024-03-26,MG92,100.58,95.71377420902252,78.17183485627174,111.66092703580856
2024-03-27,MG95,103.9,100.00032938599585,84.20941018760203,114.6634198629856
2024-03-27,MG92,99.29,95.25137188673018,80.12482483267783,109.33011387586593
2024-03-28,MG95,104.58,100.14642783164977,83.22271591305733,115.84927702784537
2024-03-28,MG92,99.97,95.46302010536193,79.2579443192482,110.37624361038208
2024-04-01,MG95,106.58,100.19661807417869,83.03588692069053,116.12666387557982
2024-04-01,MG92,103.25,95.52693869113922,79.09893821001053,110.63201813936233
2024-04-02,MG95,106.91,100.30584946274757,82.53376205205917,116.81959830164908
2024-04-02,MG92,102.56,95.67323232650756,78.66659721493721,111.26050637245177
2024-04-03,MG95,107.09,100.22989091515541,82.6482793968916,116.54664861321449
2024-04-03,MG92,102.74,95.58729511260987,78.75499454855918,110.99029394626616
2024-04-04,MG95,106.36,100.2856188261509,82.42070229649543,116.87598183512686
2024-04-04,MG92,102.01,95.66033061265945,78.56056160211563,111.29167531013488
2024-04-05,MG95,107.02,100.32420689225196,82.769961758852,116.64839888095855
2024-04-05,MG92,102.67,95.67585942268371,78.88400612115859,111.13607552051543
2024-04-08,MG95,106.27,100.48054943919182,81.45216642320156,118.19789237260818
2024-04-08,MG92,101.92,95.9307990694046,77.72610791563987,112.48324153423309
2024-04-09,MG95,106.43,100.29820443630219,82.25655667126178,117.05230916023254
2024-04-09,MG92,101.97,95.68483162403106,78.41504162430763,111.44121942043304
2024-04-10,MG95,106.43,100.27229564070701,82.47720875918864,116.79523490190505
2024-04-10,MG92,101.97,95.64270903110504,78.60893468022346,111.21800529956818
2024-04-11,MG95,107.79,100.46251982092856,81.35673822939395,118.2449801158905
2024-04-11,MG92,103.38,95.91955598831176,77.6374044585228,112.50825460672378
2024-04-12,MG95,108.62,100.415888671875,81.57246144115925,117.94078299164771
2024-04-12,MG92,104.21,95.8554704260826,77.82231974720955,112.232621011734
2024-04-15,MG95,107.89,100.54618193268776,81.15443186342716,118.62209182620047
2024-04-15,MG92,103.48,96.02074371814727,77.47104025363922,112.86834489107132
2024-04-16,MG95,108.46,100.57440882205962,80.53307150959968,119.26635799050331
2024-04-16,MG92,104.05,96.098543612957,76.92134264230728,113.40313707113265
2024-04-17,MG95,108.41,100.52269659876823,81.27146633028984,118.46030527114867
2024-04-17,MG92,104.0,95.98770464420318,77.571688092947,112.72251878976822
2024-04-18,MG95,105.32,100.64459555029869,80.39002287924289,119.56176274895667
2024-04-18,MG92,100.91,96.18193165302276,76.80547768235206,113.68914546966552
2024-04-19,MG95,105.41,100.76785257697105,79.91956106424331,120.29089690208434
2024-04-19,MG92,101.0,96.34669288396834,76.40684923291207,114.36027948856353
2024-04-22,MG95,104.36,100.43837886452674,81.7331357795,117.84435965657234
2024-04-22,MG92,99.95,95.86656879425048,77.97059483647347,112.17122933626175
2024-04-23,MG95,104.94,100.63192798733711,80.40695198833942,119.5167472410202
2024-04-23,MG92,100.53,96.16758280992508,76.81847401618957,113.64415088176727
2024-04-24,MG95,105.05,100.82621468544006,79.4678137588501,120.85840840578078
2024-04-24,MG92,100.64,96.44446316242218,76.0152616238594,114.85624407768249
2024-04-25,MG95,105.56,100.52734449386595,80.99268043100834,118.72954366803168
2024-04-25,MG92,101.15,96.01399786949158,77.32317703962326,112.94099077939987
2024-04-26,MG95,106.1,101.05126881003379,77.90271996438503,122.91373805761336
2024-04-26,MG92,101.69,96.81331414461135,74.66815683484077,116.6651111125946
2024-04-29,MG95,106.05,100.76421153068542,79.58125400960445,120.60604058027266
2024-04-29,MG92,101.64,96.3713720035553,76.10644746422767,114.60961985826492
2024-04-30,MG95,105.3,100.64890392661094,80.61757656455039,119.35737244009971
2024-04-30,MG92,100.89,96.1680280804634,77.00889952778816,113.5287924170494
2024-05-01,MG95,105.3,100.73381874561309,79.76866837918757,120.35650598049163
2024-05-01,MG92,100.89,96.32446275234221,76.2677968096733,114.38824247837066
2024-03-06,MG95,97.08,97.57510320782661,92.64042735099792,100.58856202840805
2024-03-06,MG92,93.64,92.97274374961853,88.69519382715225,96.7186626791954
2024-03-07,MG95,98.14,97.50542090535164,92.03544862031936,101.13330590486527
2024-03-07,MG92,94.2,92.90002074837685,88.01091268658638,97.2089050412178
2024-03-08,MG95,99.79,97.38117693543434,91.18973098039626,101.77362115859985
2024-03-08,MG92,95.41,92.76130011677742,87.10295382142067,97.78389608860016
2024-03-11,MG95,98.19,97.44892492890358,91.29936148166657,101.84436497211456
2024-03-11,MG92,93.78,92.8401626944542,87.1865816116333,97.84835600852966
2024-03-12,MG95,99.19,97.37920134544372,90.78403325557709,102.23541384458542
2024-03-12,MG92,94.68,92.76018485426903,86.64242362976074,98.1985033750534
2024-03-13,MG95,98.51,97.34946134448052,90.21115343928336,102.79005336284638
2024-03-13,MG92,94.13,92.72448518872261,86.02299106121063,98.69586539268494
2024-03-14,MG95,99.8,97.36989543199539,90.1612978041172,102.89890542268753
2024-03-14,MG92,95.93,92.74791696667671,85.95946615934372,98.79512375593185
2024-03-15,MG95,100.94,97.1446250975132,88.49412394881249,104.08221895694733
2024-03-15,MG92,97.07,92.4690788090229,84.27054753899574,99.83343315124512
2024-03-18,MG95,103.56,97.24179463863372,88.9758022749424,103.82551020383835
2024-03-18,MG92,99.21,92.58844006061554,84.74301892518997,99.61541622877121
2024-03-19,MG95,103.3,97.24765064120292,88.79511540412902,104.02725627422332
2024-03-19,MG92,99.29,92.5924504995346,84.55193728208542,99.79640418291092
2024-03-20,MG95,104.4,97.22426201462746,88.76032732844352,104.00507069349288
2024-03-20,MG92,100.2,92.56503081321716,84.52307564020157,99.77391868829727
2024-03-21,MG95,104.78,97.12203260421752,87.70591661810874,104.8307139801979
2024-03-21,MG92,100.55,92.4273127913475,83.46424654126167,100.49523442983627
2024-03-22,MG95,105.55,97.18722117662429,87.95324869036675,104.73764305114746
2024-03-22,MG92,100.94,92.50738075375557,83.70017525553703,100.42190873622894
2024-03-25,MG95,105.67,97.19840242624282,87.85422150492668,104.8638213300705
2024-03-25,MG92,101.06,92.51792505383492,83.59636008739471,100.53564298152924
2024-03-26,MG95,105.19,97.16790167570115,86.92436142325401,105.7141860294342
2024-03-26,MG92,100.58,92.45901328325272,82.6662649512291,101.28411930799484
2024-03-27,MG95,103.9,97.08638942241669,86.61719551205636,105.82833384990693
2024-03-27,MG92,99.29,92.35732725262642,82.37549123167992,101.3706704378128
2024-03-28,MG95,104.58,97.1064460837841,86.02512593507767,106.45037931919097
2024-03-28,MG92,99.97,92.3604927957058,81.78683540225029,101.92068636417389
2024-04-01,MG95,106.58,97.07368077635765,85.60640111088753,106.7813348722458
2024-04-01,MG92,103.25,92.30827260017395,81.38147127628326,102.2038841843605
2024-04-02,MG95,106.91,97.13994855165481,86.0328513765335,106.51791501045227
2024-04-02,MG92,102.56,92.39855253696442,81.78947147727013,101.9863178730011
2024-04-03,MG95,107.09,97.1302416229248,85.5737478518486,106.93790775060654
2024-04-03,MG92,102.74,92.37069350481033,81.3423244357109,102.35207891464233
2024-04-04,MG95,106.36,97.10464151501655,85.24807036757468,107.19326012849808
2024-04-04,MG92,102.01,92.32909083366394,81.02920603752136,102.56963396072388
2024-04-05,MG95,107.02,97.18215541005134,85.39642243266105,107.22146093845367
2024-04-05,MG92,102.67,92.42201247811317,81.16404578089714,102.61045932769775
2024-04-08,MG95,106.27,97.18905523180962,85.2088888156414,107.41496260643005
2024-04-08,MG92,101.92,92.42210260033607,80.98207774758339,102.78074526786804
2024-04-09,MG95,106.43,97.13279514670371,84.66632693409919,107.80778066396714
2024-04-09,MG92,101.97,92.33590632677078,80.46569994091988,103.11010819673538
2024-04-10,MG95,106.43,97.15163107037544,84.22233224987984,108.26750930070877
2024-04-10,MG92,101.97,92.33649775385857,80.03996255993843,103.51260530948639
2024-04-11,MG95,107.79,97.15620146512985,84.05125205397606,108.4382238650322
2024-04-11,MG92,103.38,92.33333784341812,79.87695398926735,103.66119432449341
2024-04-12,MG95,108.62,97.17633479118346,84.45326397657394,108.10263304710388
2024-04-12,MG92,104.21,92.37482786178589,80.25823858380318,103.37559700012207
2024-04-15,MG95,107.89,97.06420384168625,83.98355123877525,108.30620727539062
2024-04-15,MG92,103.48,92.22760757803917,79.81896033883095,103.52561670541763
2024-04-16,MG95,108.46,97.12680940389633,82.99572675704955,109.36570144414901
2024-04-16,MG92,104.05,92.24591365456581,78.8822862803936,104.4513972401619
2024-04-17,MG95,108.41,97.21054493308067,83.47047577500344,109.09713915109634
2024-04-17,MG92,104.0,92.36417654156685,79.32482582330704,104.24203205108643
2024-04-18,MG95,105.32,97.16199259757995,82.80525039553642,109.6167723941803
2024-04-18,MG92,100.91,92.27414444088936,78.70265579223633,104.67517071962357
2024-04-19,MG95,105.41,97.12948087334632,82.67096335172653,109.67458936214447
2024-04-19,MG92,101.0,92.2306210398674,78.57811814546585,104.71615380048752
2024-04-22,MG95,104.36,97.205673776865,82.73612833499908,109.77172941684722
2024-04-22,MG92,99.95,92.31837192177773,78.63678207993507,104.81890439987183
2024-04-23,MG95,104.94,97.39803726911545,82.49899856328965,110.38764171123505
2024-04-23,MG92,100.53,92.51572269201279,78.41233831644058,105.39564156532288
2024-04-24,MG95,105.05,97.22259898066521,81.83167964816093,110.64687450170517
2024-04-24,MG92,100.64,92.28245821595192,77.79656133055687,105.56842839717865
2024-04-25,MG95,105.56,97.20448252558708,81.67598546504975,110.754381980896
2024-04-25,MG92,101.15,92.25272914767265,77.65285018086433,105.65458524227142
2024-04-26,MG95,106.1,97.19836114525795,81.81356319308281,110.61416816711426
2024-04-26,MG92,101.69,92.25476253032684,77.77999573945999,105.53405803442001
2024-04-29,MG95,106.05,97.288554199934,80.97429128408432,111.57494180917739
2024-04-29,MG92,101.64,92.29789164662361,77.00818902254105,106.37147372961044
2024-04-30,MG95,105.3,97.20713630318642,80.82887016892433,111.54543180227279
2024-04-30,MG92,100.89,92.19920217990875,76.87403082847595,106.32323580980301
2024-05-01,MG95,105.3,97.27202411413192,81.28597451448441,111.25305627822875
2024-05-01,MG92,100.89,92.30102902650833,77.2938257753849,106.09526038169861
2024-05-02,MG95,100.51,97.24080389499665,80.48948150038719,111.92774090051651
2024-05-02,MG92,96.1,92.2119432091713,76.56433144211769,106.65428853034973
2024-05-03,MG95,98.84,97.20528455615043,80.05667396306991,112.25780006647109
2024-05-03,MG92,95.37,92.14190697669983,76.16921871900558,106.92043071985245
2024-05-06,MG95,98.2,97.27708988070488,80.08408453702927,112.37593445062637
2024-05-06,MG92,94.3,92.22175526618958,76.19602444767952,107.04060870409012
2024-05-07,MG95,98.51,97.17452432513237,79.5906883084774,112.62891612052917
2024-05-07,MG92,93.98,92.07350984215736,75.74514296650887,107.2212136387825
2024-05-08,MG95,95.84,97.25032800793647,79.74913652300835,112.63291447877883
2024-05-08,MG92,90.88,92.1676030755043,75.89120855927467,107.24734908342361
2024-05-09,MG95,96.86,97.31807010412216,79.03184402704238,113.43246818304061
2024-05-09,MG92,91.9,92.18428695201874,75.24555605649948,107.93360728025436
2024-05-10,MG95,97.03,97.35383123159409,78.96874309301376,113.56163048744202
2024-05-10,MG92,92.07,92.21757021546364,75.19033366441727,108.05189269781113
2024-05-13,MG95,96.4,97.30486608624459,78.7755598783493,113.64423963546753
2024-05-13,MG92,91.44,92.14915618300438,75.01431933045387,108.1051436662674
2024-05-14,MG95,95.49,97.27474276185035,78.20463796019554,114.11570386648178
2024-05-14,MG92,90.53,92.06884601712227,74.50040861964226,108.48561716079712
2024-05-15,MG95,94.93,97.3689813530445,77.94009761452675,114.54686606168747
2024-05-15,MG92,89.97,92.14657080173492,74.26900854706764,108.87117129564285
2024-05-16,MG95,96.38,97.22762346625328,77.8023370707035,114.39818374872208
2024-05-16,MG92,91.42,91.98351716995239,74.13778495788574,108.7035214304924
2024-05-17,MG95,97.35,97.36598553299903,77.63037817955016,114.82945209503174
2024-05-17,MG92,92.39,92.11585038900375,73.99251356720924,109.10276287794113
2024-05-20,MG95,97.43,97.27158181786537,77.71425524353981,114.56650401592255
2024-05-20,MG92,93.46,92.0226921737194,74.0616485774517,108.85612088441849
2024-05-21,MG95,95.4,97.35791804909707,77.73482496857643,114.71634219646454
2024-05-21,MG92,91.42,92.11660516262054,74.08515357971191,109.00714319944382
2024-05-22,MG95,95.4,97.42180332183838,77.25459737420081,115.28885048389435
2024-05-22,MG92,91.42,92.140909999609,73.66167488694191,109.49806147813797
2024-05-23,MG95,93.75,97.47029668450355,76.831980342865,115.7779593873024
2024-05-23,MG92,90.22,92.1525808274746,73.2901178598404,109.91442614793777
2024-05-24,MG95,92.47,97.5329966032505,76.36558777570724,116.33610189199447
2024-05-24,MG92,88.81,92.17348355054855,72.88241055607796,110.39086854457855
2024-05-27,MG95,92.46,97.4393536376953,76.21222301959992,116.29851260662079
2024-05-27,MG92,88.8,92.05967044830322,72.73988226056099,110.32885318994522
2024-05-28,MG95,92.45,97.45075898408889,76.26286299347878,116.2730717253685
2024-05-28,MG92,88.92,92.07669228315353,72.78545594215393,110.3119552731514
2024-05-29,MG95,93.52,97.50190022706985,76.19376452207565,116.43698082447052
2024-05-29,MG92,89.23,92.12370792031288,72.72843110561371,110.46258330345154
2024-04-04,MG95,106.36,107.16821803450584,102.20648567557335,112.12023537397386
2024-04-04,MG92,102.01,102.703177703619,98.37893696784973,107.87437412261963
2024-04-05,MG95,107.02,107.12976647257805,101.8238785916567,112.30937824964523
2024-04-05,MG92,102.67,102.65870068073272,97.96676975011825,108.04216572761536
2024-04-08,MG95,106.27,107.16234561800957,102.04254312634468,112.2193132531643
2024-04-08,MG92,101.92,102.69310408353805,98.19907539010048,107.96275253295897
2024-04-09,MG95,106.43,107.41766807436943,100.94888215065002,113.38149001002311
2024-04-09,MG92,101.97,102.87534781217575,96.93721515893935,109.01943547487258
2024-04-10,MG95,106.43,107.42306814432145,100.18236583828926,113.90405848145485
2024-04-10,MG92,101.97,102.85593542575836,96.11175394773483,109.49393053770065
2024-04-11,MG95,107.79,107.40783815979958,100.42501153469087,113.71534965395928
2024-04-11,MG92,103.38,102.85047301292418,96.37527862429619,109.32186453342437
2024-04-12,MG95,108.62,107.4802220761776,99.78333513736725,114.27096961736679
2024-04-12,MG92,104.21,102.89333948135375,95.6731197476387,109.82961172819137
2024-04-15,MG95,107.89,107.4695751297474,100.36532991051675,113.86191751003265
2024-04-15,MG92,103.48,102.90246391534805,96.29652679800986,109.45655097723007
2024-04-16,MG95,108.46,107.6407816028595,99.08435799777509,115.0231878721714
2024-04-16,MG92,104.05,103.01430865526198,94.89877373814582,110.52014154434204
2024-04-17,MG95,108.41,107.46031969070435,99.9403073835373,114.13096354842186
2024-04-17,MG92,104.0,102.88083472013473,95.84470809698104,109.70146548271178
2024-04-18,MG95,105.32,107.64337312579156,98.35215702354908,115.52344116091729
2024-04-18,MG92,100.91,102.99319385766982,94.13196610331535,110.98080910921097
2024-04-19,MG95,105.41,107.75335327386857,97.76036425113678,116.12218508720399
2024-04-19,MG92,101.0,103.07477487087249,93.49541129469871,111.53361508607864
2024-04-22,MG95,104.36,107.78415792822838,98.00369931817055,116.0113113105297
2024-04-22,MG92,99.95,103.11081944704056,93.74126273870468,111.4306375813484
2024-04-23,MG95,104.94,107.76382149457932,98.23721723675729,115.81588750243188
2024-04-23,MG92,100.53,103.09947820425033,93.98772656083106,111.25015750169753
2024-04-24,MG95,105.05,107.75322561264038,98.01866121411324,115.94587216496468
2024-04-24,MG92,100.64,103.0829072523117,93.76292867660521,111.37036732673644
2024-04-25,MG95,105.56,107.97525402069093,96.18583534419537,117.6054681313038
2024-04-25,MG92,101.15,103.23178862094879,91.84036144375801,112.91013087272644
2024-04-26,MG95,106.1,107.7635278737545,97.77854321002961,116.12799367308617
2024-04-26,MG92,101.69,103.08473213911056,93.51220270276069,111.53888153791426
2024-04-29,MG95,106.05,107.85272477388382,96.42386608719826,117.21755672335625
2024-04-29,MG92,101.64,103.12386310100555,92.10444338440895,112.55110582828522
2024-04-30,MG95,105.3,107.91889158844948,96.318673235178,117.41075922608375
2024-04-30,MG92,100.89,103.182798371315,91.98540932536125,112.7297120308876
2024-05-01,MG95,105.3,107.99894794464112,95.696733263731,117.98817096114159
2024-05-01,MG92,100.89,103.23873298883437,91.34032408952713,113.26789441823959
2024-05-02,MG95,100.51,107.8683888065815,95.90549767017365,117.603770236969
2024-05-02,MG92,96.1,103.12148707389831,91.57437500715255,112.91218846321105
2024-05-03,MG95,98.84,107.9380535387993,96.15206894934178,117.56088883042337
2024-05-03,MG92,95.37,103.19553583621978,91.81257172465324,112.86954245090485
2024-05-06,MG95,98.2,107.9851732981205,95.1058532691002,118.37414191842079
2024-05-06,MG92,94.3,103.2064361667633,90.74618871331215,113.63127959489822
2024-05-07,MG95,98.51,108.03792291760445,94.88085035443306,118.6290047943592
2024-05-07,MG92,93.98,103.24974354743956,90.51126821875572,113.86899253368377
2024-05-08,MG95,95.84,108.00535653829574,95.39747619569302,118.20818232178688
2024-05-08,MG92,90.88,103.23523018598556,91.036835616827,113.47426584482193
2024-05-09,MG95,96.86,108.08206817030907,94.07678887486458,119.2757748746872
2024-05-09,MG92,91.9,103.26622876644134,89.69904049873351,114.47776987075805
2024-05-10,MG95,97.03,108.00556079626084,95.01019032776357,118.47864539980888
2024-05-10,MG92,92.07,103.22286014795303,90.64656091690063,113.72877019166945
2024-05-13,MG95,96.4,107.96575602531433,94.0662951219082,119.06529980778694
2024-05-13,MG92,91.44,103.1529388141632,89.70662173986435,114.2852994275093
2024-05-14,MG95,95.49,108.08012771964073,94.56797183334828,118.92667248010636
2024-05-14,MG92,90.53,103.28031346321106,90.19060253977776,114.14777154922484
2024-05-15,MG95,94.93,108.03387605667115,94.07243562698365,119.18865885257722
2024-05-15,MG92,89.97,103.21929610729217,89.70212688446044,114.39806273460388
2024-05-16,MG95,96.38,108.11449412226678,92.9992068308592,120.09981533646584
2024-05-16,MG92,91.42,103.26237078428268,88.62265122890472,115.25823353767395
2024-05-17,MG95,97.35,108.10230247497559,92.84813891649246,120.18423770666122
2024-05-17,MG92,92.39,103.24535892009735,88.47481090307235,115.33954510450363
2024-05-20,MG95,97.43,108.07121696591378,93.03385408818723,119.9932182109356
2024-05-20,MG92,93.46,103.22101076602935,88.66325802206993,115.15979987859725
2024-05-21,MG95,95.4,108.15041799187661,93.0796780860424,120.11048781514168
2024-05-21,MG92,91.42,103.30032598018646,88.69719601750373,115.26591275930404
2024-05-22,MG95,95.4,108.12244741678238,93.04225419700145,120.08426619887352
2024-05-22,MG92,91.42,103.27161769390106,88.66414597034453,115.24286284685134
2024-05-23,MG95,93.75,108.11001321315766,92.28259967565536,120.60277504324914
2024-05-23,MG92,90.22,103.23400542974471,87.91499319672585,115.73843596458434
2024-05-24,MG95,92.47,108.18487375736237,91.55061572551728,121.27252414464951
2024-05-24,MG92,88.81,103.28386525630951,87.18479352593421,116.37344758033751
2024-05-27,MG95,92.46,108.12746450304985,91.93304408371449,120.88685957431794
2024-05-27,MG92,88.8,103.23952908039092,87.5682708287239,116.008776409626
2024-05-28,MG95,92.45,108.11510689616203,92.27875707268716,120.61524754524231
2024-05-28,MG92,88.92,103.2389167022705,87.91050446510314,115.7499609208107
2024-05-29,MG95,93.52,108.1748140525818,91.51413652956487,121.27957104444503
2024-05-29,MG92,89.23,103.27262199401855,87.15030439019203,116.38107781171799
2024-05-30,MG95,90.86,108.11021747112275,91.94982515215874,120.84178239464761
2024-05-30,MG92,86.57,103.22298262357711,87.58713819861411,115.96707345962524
2024-05-31,MG95,90.78,108.06514029145241,91.89293292582035,120.79623286843301
2024-05-31,MG92,85.96,103.17625817298888,87.53732123851776,115.92730562448502
2024-06-03,MG95,91.38,108.13850719928742,91.52092810690404,121.20486369371415
2024-06-03,MG92,86.43,103.23663865566253,87.16178647994995,116.31260169029235
2024-06-04,MG95,88.04,108.1401284968853,91.27841645479202,121.38324472784997
2024-06-04,MG92,83.24,103.2300739622116,86.92370611429214,116.48366339445114
2024-06-05,MG95,89.43,108.10064287900926,91.31219561576843,121.282660446167
2024-06-05,MG92,84.63,103.19176358699798,86.96204710841178,116.39070439577102
2024-06-06,MG95,89.87,108.0648466706276,90.55909011542798,121.75925810933113
2024-06-06,MG92,85.14,103.13001137733458,86.22966124773025,116.85279267787932
2024-06-07,MG95,91.12,108.06019980192185,91.16454902231693,121.31130762577057
2024-06-07,MG92,85.88,103.146276140213,86.82264535307884,116.42203366041183
2024-06-10,MG95,91.67,108.18948232769966,90.29230368077755,122.19626802563668
2024-06-10,MG92,86.43,103.24638771533965,85.95370529532433,117.2614815878868
2024-06-11,MG95,92.62,108.0691105556488,91.13128050625325,121.35258050084114
2024-06-11,MG92,87.38,103.15405334234237,86.78886657595633,116.46085843324661
2024-06-12,MG95,92.14,107.8914444243908,89.99111254513264,121.83418248414993
2024-06-12,MG92,86.9,102.93514041185378,85.69753527998924,116.94412275075912
2024-06-13,MG95,91.15,108.14845200896264,89.92617766141892,122.38463216781616
2024-06-13,MG92,85.91,103.19264541149138,85.60219413042068,117.44760779380798
2024-06-14,MG95,91.78,108.05722529530526,90.90391585886479,121.49415680289269
2024-06-14,MG92,86.54,103.13429802417754,86.56777970314026,116.59821484565734
2024-06-17,MG95,91.78,108.1555244410038,89.30037593781948,122.85934044480324
2024-06-17,MG92,86.54,103.17858520984649,84.99338617444037,117.90619327306747
2024-06-18,MG95,93.26,107.94222806096077,89.38527703762055,122.37721505045891
2024-06-18,MG92,88.02,102.96491423606872,85.10140355110168,117.46390929937363
2024-06-19,MG95,94.52,107.91670858144761,89.12517366826535,122.51817857861519
2024-06-19,MG92,89.28,102.92970249414444,84.85188396215439,117.60373971939086
2024-06-20,MG95,94.85,108.04909327507019,88.6980894124508,123.0956413781643
2024-06-20,MG92,89.61,103.04959388256073,84.422178235054,118.14814386844634
2024-06-21,MG95,95.95,108.06124662399293,88.60454564750195,123.18921705842018
2024-06-21,MG92,90.71,103.05877955436706,84.33024803161621,118.23756332159041
2024-06-24,MG95,95.52,108.04537833333016,88.63265026688576,123.13691425323486
2024-06-24,MG92,90.28,103.04354358673095,84.35928700208663,118.18868330001831
2024-06-25,MG95,95.57,108.09897051692009,88.78142027914524,123.13238227963448
2024-06-25,MG92,90.33,103.1033484339714,84.49709657430648,118.17769723653792
2024-06-26,MG95,95.65,108.0674764919281,88.36743406534195,123.3780918455124
2024-06-26,MG92,90.41,103.05699141025542,84.10026942849159,118.42046841859818
2024-05-02,MG95,100.51,102.16929688453673,95.69163835644721,109.53616000413895
2024-05-02,MG92,96.1,97.98457739531995,92.5843468540907,105.32901865839958
2024-05-03,MG95,98.84,102.28687838315963,95.3537876844406,109.92319858074188
2024-05-03,MG92,95.37,98.07268738210202,92.21535170674323,105.69502508997917
2024-05-06,MG95,98.2,102.6475562095642,94.33910592198372,111.1333955168724
2024-05-06,MG92,94.3,98.33176754593849,91.11463234484195,106.83522316217423
2024-05-07,MG95,98.51,102.61719113588333,94.35403112769127,111.14588549137115
2024-05-07,MG92,93.98,98.28771255254746,91.12591369450092,106.84395478248597
2024-05-08,MG95,95.84,102.13440027236938,95.7154132425785,109.54160789251327
2024-05-08,MG92,90.88,97.9370345646143,92.60580908060074,105.33090690135955
2024-05-09,MG95,96.86,102.22754786610604,95.41759952902794,109.89464110136032
2024-05-09,MG92,91.9,97.99824009597302,92.27844548106194,105.66356239199638
2024-05-10,MG95,97.03,102.95001443624496,93.44325465559959,112.29468698501587
2024-05-10,MG92,92.07,98.50952697873116,90.14580735504627,107.92128759384156
2024-05-13,MG95,96.4,102.9290074288845,93.48701350092888,112.24407434463501
2024-05-13,MG92,91.44,98.49123988687992,90.19178065896034,107.87335989832879
2024-05-14,MG95,95.49,102.94939307570458,93.41711357831954,112.34134551286697
2024-05-14,MG92,90.53,98.49890110194683,90.11572175145149,107.96379110097885
2024-05-15,MG95,94.93,102.96682882905006,93.40333067178726,112.34388116598129
2024-05-15,MG92,89.97,98.52232373356819,90.10344215869904,107.96759164094925
2024-05-16,MG95,96.38,102.86719774603843,93.62476097345352,112.08043684959411
2024-05-16,MG92,91.42,98.44052192151547,90.33745800197124,107.71888478636741
2024-05-17,MG95,97.35,102.88082374334336,93.64272394180297,112.03234730958938
2024-05-17,MG92,92.39,98.46913421452045,90.36074232280255,107.6761647927761
2024-05-20,MG95,97.43,103.4585195839405,92.20589987039565,113.90146257877349
2024-05-20,MG92,93.46,98.8624720609188,88.83387538969517,109.42687871932984
2024-05-21,MG95,95.4,103.08136001229286,93.08056211471558,112.7737120270729
2024-05-21,MG92,91.42,98.58876102089881,89.75672707557678,108.36896955370904
2024-05-22,MG95,95.4,103.48783022761344,92.21567217707634,113.84655690193176
2024-05-22,MG92,91.42,98.91605245828629,88.85142883300782,109.37961251020431
2024-05-23,MG95,93.75,103.26710287928582,92.67208346128463,113.27998906373978
2024-05-23,MG92,90.22,98.73547268807889,89.32719389677048,108.84556448221207
2024-05-24,MG95,92.47,103.12154760360717,92.98973677754402,112.88639795780182
2024-05-24,MG92,88.81,98.61993507027626,89.66088972508908,108.47498778104782
2024-05-27,MG95,92.46,103.5380725622177,92.06084670424461,114.07378656864167
2024-05-27,MG92,88.8,98.93418319880962,88.68492068231106,109.59026585698128
2024-05-28,MG95,92.45,103.41695119142533,92.321723985672,113.73776232004165
2024-05-28,MG92,88.92,98.84161719918251,88.95762746572494,109.27458049893379
2024-05-29,MG95,93.52,103.69920578598976,91.68499261736869,114.58541107177734
2024-05-29,MG92,89.23,99.04107338547706,88.28967655241489,110.06860470414162
2024-05-30,MG95,90.86,103.78446398377419,91.49586051106452,114.84246604442596
2024-05-30,MG92,86.57,99.10008999824524,88.09194624423981,110.30918128967285
2024-05-31,MG95,90.78,103.25657740831375,92.68595423698424,113.26781290769577
2024-05-31,MG92,85.96,98.72353586554527,89.340880651474,108.83358556509017
2024-06-03,MG95,91.38,103.75636467933654,91.60085161328315,114.67528867721558
2024-06-03,MG92,86.43,99.10028844416142,88.20597447037697,110.15516320466995
2024-06-04,MG95,88.04,103.50418644547462,92.17053253054618,113.91045033931732
2024-06-04,MG92,83.24,98.92430299758911,88.80324856996536,109.43903804183006
2024-06-05,MG95,89.43,103.80934351086616,91.43285204172135,114.93325999975204
2024-06-05,MG92,84.63,99.11345803678036,88.02532253801823,110.39367114186287
2024-06-06,MG95,89.87,103.94328122735023,91.15386743545533,115.30972917079926
2024-06-06,MG92,85.14,99.21168275177479,87.73578994631767,110.74667635917663
2024-06-07,MG95,91.12,103.89300751090049,91.27063300609588,115.14404557943344
2024-06-07,MG92,85.88,99.1808033645153,87.85823107659817,110.59211705803871
2024-06-10,MG95,91.67,104.07763946056366,90.884127920866,115.67441132068633
2024-06-10,MG92,86.43,99.3124812501669,87.45726208269596,111.08894144296646
2024-06-11,MG95,92.62,103.95922948122025,91.16066474318504,115.27637654542923
2024-06-11,MG92,87.38,99.24235767960549,87.74718555271626,110.71793176889419
2024-06-12,MG95,92.14,103.98257757425309,91.10575906634331,115.35504455566407
2024-06-12,MG92,86.9,99.25621281266213,87.68955806136131,110.7912725687027
2024-06-13,MG95,91.15,104.13841981887818,90.75126973986626,115.86325471401214
2024-06-13,MG92,85.91,99.35191786587238,87.31893926560879,111.26535384893417
2024-06-14,MG95,91.78,104.11691697835921,90.7910556435585,115.8106838464737
2024-06-14,MG92,86.54,99.33447867929935,87.35960865139961,111.21583858609199
2024-06-17,MG95,91.78,104.3883950471878,90.23943184018135,116.58627988100052
2024-06-17,MG92,86.54,99.52517919123173,86.79018914222718,111.94215063929558
2024-06-18,MG95,93.26,104.70966355204582,89.65850994586944,117.38927854299546
2024-06-18,MG92,88.02,99.77626739680767,86.19978247404099,112.69783268809319
2024-06-19,MG95,94.52,103.74931631684304,91.57487999796867,114.73407315015793
2024-06-19,MG92,89.28,99.07639074504375,88.17463805615903,110.20780549407006
2024-06-20,MG95,94.85,104.14863147139549,90.74364395141602,115.86572760343552
2024-06-20,MG92,89.61,99.3657609719038,87.31254088819027,111.26854101061821
2024-06-21,MG95,95.95,104.45801880955696,90.12336294651031,116.73736463785171
2024-06-21,MG92,90.71,99.58575330376625,86.673406727314,112.08518805027008
2024-06-24,MG95,95.52,104.41887309551238,90.18893217444419,116.6516168832779
2024-06-24,MG92,90.28,99.55189722776413,86.7394110417366,112.004041711092
2024-06-25,MG95,95.57,104.58782039880752,89.87856572270393,117.08154816627503
2024-06-25,MG92,90.33,99.68224612712861,86.42327467024326,112.40834219098092
2024-06-26,MG95,95.65,104.22079716324806,90.58774521946907,116.08843828439713
2024-06-26,MG92,90.41,99.41265434324741,87.15050679087639,111.47659651994705
2024-06-27,MG95,96.51,104.20907918214797,90.61017696261406,116.05793513059616
2024-06-27,MG92,91.27,99.40365211486817,87.17350847661496,111.44792409181595
2024-06-28,MG95,97.45,104.87237214446067,89.32781433463096,117.88599039316178
2024-06-28,MG92,92.37,99.87805812478065,85.85927333593368,113.16175113201142
2024-07-01,MG95,97.87,104.26001191735267,90.51184508800506,116.19257580041885
2024-07-01,MG92,93.14,99.44223481178284,87.07257166743278,111.57436420798302
2024-07-02,MG95,99.67,104.99071308374404,89.08890434503554,118.25027085542679
2024-07-02,MG92,95.23,99.9503706139326,85.61360931873321,113.5018874323368
2024-07-03,MG95,99.3,105.26644025444985,88.55843190550804,119.06235769987106
2024-07-03,MG92,94.88,100.12595916867257,85.07151521086693,114.26140610218049
2024-07-04,MG95,99.01,105.21607239246369,88.68946993947029,118.83694818019866
2024-07-04,MG92,94.59,100.11519498109817,85.20960951447486,114.05323032259942
2024-07-05,MG95,99.01,105.03644898533821,88.99859367012978,118.38813757896423
2024-07-05,MG92,94.59,99.97889871776104,85.52100122451782,113.63070889949799
2024-07-08,MG95,98.17,104.80739289522171,89.47610610723495,117.65194458961487
2024-07-08,MG92,93.75,99.84709454834461,86.01383865058422,112.9443145430088
2024-07-09,MG95,97.03,105.15222288966179,88.82728645205498,118.61534214019775
2024-07-09,MG92,92.61,100.08381647229194,85.35229814171791,113.84709913730622
2024-07-10,MG95,95.6,105.3384866952896,88.47093932032585,119.16549099683762
2024-07-10,MG92,91.18,100.2012724006176,84.98848062872887,114.36163933038712
2024-07-11,MG95,96.48,104.96307823061943,89.1461197257042,118.1616736292839
2024-07-11,MG92,92.06,99.93449494063854,85.6725838369131,113.41927379608154
2024-07-12,MG95,98.5,105.07661774754524,88.907423132658,118.53569501638412
2024-07-12,MG92,94.08,99.9967287826538,85.42608995497227,113.7677327978611
2024-07-15,MG95,97.85,104.83502147197723,89.31706919074058,117.95592169761657
2024-07-15,MG92,93.43,99.80620266258717,85.83820198774337,113.22126085281373
2024-07-16,MG95,96.55,104.85970643162727,89.33950721025467,117.8769524216652
2024-07-16,MG92,92.13,99.86227866768837,85.86967069923878,113.15237005233764
2024-07-17,MG95,96.37,105.068991959095,88.96760095953941,118.41446067094803
2024-07-17,MG92,91.95,100.01856384694577,85.49323082327842,113.65770957112312
2024-07-18,MG95,97.64,105.32909724712371,88.48545656204223,119.14511790275573
2024-07-18,MG92,93.22,100.1933526045084,85.00286495089532,114.34233595490456
2024-07-19,MG95,96.84,105.2788047015667,88.59103764295578,118.97481490373612
2024-07-19,MG92,92.42,100.16779517591,85.11182378590107,114.18380773544311
2024-07-22,MG95,95.04,104.96344853639603,89.19049993157387,118.06570794582366
2024-07-22,MG92,90.62,99.96090628802776,85.72357842385769,113.33284759283066
2024-07-23,MG95,94.99,105.48382229804993,88.17418003678321,119.6453194141388
2024-07-23,MG92,90.57,100.27771617293358,84.68328885018826,114.80870791196823
2024-07-24,MG95,93.51,105.59151223897933,88.03828409314156,119.81618728637694
2024-07-24,MG92,89.09,100.38532196760178,84.55343907237052,114.97379086017608
2024-05-30,MG95,90.86,92.37837614059448,87.24333748340607,97.27502185821533
2024-05-30,MG92,86.57,89.07920925140381,84.95745540201665,92.61155912399292
2024-05-31,MG95,90.78,92.69913384914398,86.63229078769683,98.99431394577026
2024-05-31,MG92,85.96,89.55195143818855,84.18968413770199,94.34511024355889
2024-06-03,MG95,91.38,92.72861035823821,86.5410797214508,99.18740514755248
2024-06-03,MG92,86.43,89.58747916817666,84.06320967376233,94.5406191289425
2024-06-04,MG95,88.04,92.99440062046051,86.01347362041473,100.55936718940734
2024-06-04,MG92,83.24,89.89515569210053,83.29567242443562,95.92291375160218
2024-06-05,MG95,89.43,92.71464692115784,86.2721010017395,99.43804466247558
2024-06-05,MG92,84.63,89.54512245535851,83.68335016310215,94.80542836189271
2024-06-06,MG95,89.87,92.97211486339569,86.00330065727233,100.50206414222717
2024-06-06,MG92,85.14,89.8648826622963,83.28340791165829,95.86801596283914
2024-06-07,MG95,91.12,92.70357650756836,85.948963098526,99.74182885169982
2024-06-07,MG92,85.88,89.49709619760513,83.22309054851533,95.13008160948753
2024-06-10,MG95,91.67,92.75279135227203,86.06792823791504,99.769320936203
2024-06-10,MG92,86.43,89.57803347229958,83.39211319208145,95.14666476249695
2024-06-11,MG95,92.62,92.89914824008942,85.40120059490204,100.86411014556884
2024-06-11,MG92,87.38,89.68861619114877,82.41263814151287,96.28231822490693
2024-06-12,MG95,92.14,92.7282368850708,85.89060094833374,99.87591129302979
2024-06-12,MG92,86.9,89.52466741800309,83.1386643230915,95.26677827358246
2024-06-13,MG95,91.15,93.24236450672149,84.35456712722778,102.75576846122742
2024-06-13,MG92,85.91,89.92684344887734,80.78081440091134,98.25871307969093
2024-06-14,MG95,91.78,92.8933621931076,85.24254696369171,100.99182682037353
2024-06-14,MG92,86.54,89.65711990118027,82.18016020655632,96.42540775299072
2024-06-17,MG95,91.78,93.0722837114334,84.78855409622192,101.91442817687988
2024-06-17,MG92,86.54,89.80595343351365,81.47423803985119,97.38049737811089
2024-06-18,MG95,93.26,93.08678227424622,84.80875509262084,101.94023684501647
2024-06-18,MG92,88.02,89.82737644195556,81.50131463766098,97.40260115742684
2024-06-19,MG95,94.52,93.00407190322876,84.70200308322906,101.78560780525207
2024-06-19,MG92,89.28,89.70607158184052,81.3592249917984,97.26821273207665
2024-06-20,MG95,94.85,93.19803268432617,84.37264434337615,102.61356994628906
2024-06-20,MG92,89.61,89.87818960547447,80.81981512606144,98.11870829463005
2024-06-21,MG95,95.95,92.98398239135742,84.99784957408905,101.47701863288879
2024-06-21,MG92,90.71,89.73293012022972,81.80355563163758,96.92790175437928
2024-06-24,MG95,95.52,93.33941736221313,83.7608729982376,103.46542322158813
2024-06-24,MG92,90.28,89.91240897893906,79.85263118088245,99.043865275383
2024-06-25,MG95,95.57,93.34535391330719,83.87698970794678,103.40155373573303
2024-06-25,MG92,90.33,89.94504343271255,80.02745633244515,98.9613856291771
2024-06-26,MG95,95.65,93.71837556838989,82.80158765792847,105.13036660194396
2024-06-26,MG92,90.41,90.0963979446888,78.25308555305004,100.83177169442178
2024-06-27,MG95,96.51,93.17017827510833,84.42339210033417,102.49352340698242
2024-06-27,MG92,91.27,89.85517104029655,80.90343293607235,97.9948292696476
2024-06-28,MG95,97.45,93.36440104484558,83.771530919075,103.52915892601013
2024-06-28,MG92,92.37,89.94324577212335,79.86116209089757,99.10312425255776
2024-07-01,MG95,97.87,93.36878238677978,83.70462347984314,103.58749877929687
2024-07-01,MG92,93.14,89.93311930537224,79.75789765894413,99.1715098142624
2024-07-02,MG95,99.67,92.99073277950286,84.84594075679779,101.62649708747864
2024-07-02,MG92,95.23,89.71520880341531,81.57645472288132,97.0935311806202
2024-07-03,MG95,99.3,93.61122778892516,82.92257624149322,104.76387236595153
2024-07-03,MG92,94.88,90.01286523103714,78.47885683119297,100.4556032383442
2024-07-04,MG95,99.01,93.16121491909027,84.40173623085022,102.48429248809813
2024-07-04,MG92,94.59,89.84019408106805,80.87308012843133,97.9893511915207
2024-07-05,MG95,99.01,94.42118517875672,80.78381247043609,107.96458200454711
2024-07-05,MG92,94.59,90.2254891216755,74.83939723491669,104.03453273057939
2024-07-08,MG95,98.17,93.51963767528534,83.25119360923767,104.30917157173157
2024-07-08,MG92,93.75,89.99483543992044,79.01546383559705,99.95183279156686
2024-07-09,MG95,97.03,93.42220577239989,83.49462007522582,103.87923149108886
2024-07-09,MG92,92.61,89.94490515112878,79.42052782416344,99.4914508509636
2024-07-10,MG95,95.6,93.43040545940399,83.62256529331206,103.8176251411438
2024-07-10,MG92,91.18,89.98381546139717,79.6131593888998,99.40782240390779
2024-07-11,MG95,96.48,93.32083289146424,83.84512185573577,103.35390524864196
2024-07-11,MG92,92.06,89.90991991043092,79.98642393171788,98.92130524396897
2024-07-12,MG95,98.5,94.45855479240417,80.69221678256989,108.09650164604187
2024-07-12,MG92,94.08,90.23263721585275,74.68070316195488,104.18546176075935
2024-07-15,MG95,97.85,93.49332732677459,83.15505492687225,104.29529174804686
2024-07-15,MG92,93.43,89.94241608262062,78.8772886222601,99.95835330009461
2024-07-16,MG95,96.55,93.67757223129271,82.80421311855316,105.016251039505
2024-07-16,MG92,92.13,90.05371148347855,78.27247156739236,100.72234841346742
2024-07-17,MG95,96.37,93.57857397079468,83.08323659420013,104.57719152450561
2024-07-17,MG92,91.95,90.01789655327798,78.73727851867676,100.24295807361604
2024-07-18,MG95,97.64,93.50662185668945,83.27380824565887,104.25851300239563
2024-07-18,MG92,93.22,89.98601732969284,79.05458156824112,99.89874330043793
2024-07-19,MG95,96.84,94.1402218723297,81.54315588474273,106.91056268692016
2024-07-19,MG92,92.42,90.18087735533715,76.13882927775383,102.82858967542649
2024-07-22,MG95,95.04,94.22265353202819,81.50409728050232,107.14695447921753
2024-07-22,MG92,90.62,90.25062445878983,76.04284058451653,103.06217918157579
2024-07-23,MG95,94.99,93.81709511756897,82.22259276390075,105.71499146461487
2024-07-23,MG92,90.57,90.04579752206803,77.32264196097852,101.52258393883706
2024-07-24,MG95,93.51,94.00321853637695,82.09658737659454,106.28288249969482
2024-07-24,MG92,89.09,90.2017046892643,77.05263653159142,102.09238916039467
2024-07-25,MG95,94.15,94.04414450645446,81.75584606647492,106.5569003200531
2024-07-25,MG92,89.73,90.14664734482766,76.50868464767933,102.43822076439858
2024-07-26,MG95,95.36,93.86298214912414,82.11383403301238,105.89502782821654
2024-07-26,MG92,90.94,90.06332737207413,77.13645644545555,101.72020959615708
2024-07-29,MG95,95.11,94.09064470291138,81.61592183589934,106.74565477371215
2024-07-29,MG92,90.69,90.15280619382858,76.27257948040963,102.65346136808395
2024-07-30,MG95,93.01,93.76426259994507,82.54631596088409,105.39910005569457
2024-07-30,MG92,88.91,90.07794267177582,77.8424690270424,101.14540496349335
2024-07-31,MG95,93.39,94.50731812477112,80.77900191307067,108.19108511924743
2024-07-31,MG92,89.28,90.30577753663063,74.79316863775253,104.24825223684311
2024-08-01,MG95,93.51,94.66455590248107,80.25688085079193,108.78477367401122
2024-08-01,MG92,89.4,90.28857743501663,73.91253832697869,104.96257235050201
2024-08-02,MG95,92.86,93.63069298744202,82.94098791122437,104.80703917503357
2024-08-02,MG92,87.7,90.03848987221718,78.5000405061245,100.49283289551735
2024-08-05,MG95,87.55,93.88421995162963,82.1667724609375,105.92587559700011
2024-08-05,MG92,82.85,90.09983371019364,77.20962867736817,101.73644172668457
2024-08-06,MG95,87.23,93.723269739151,82.60462236881256,105.25459381103515
2024-08-06,MG92,83.27,90.05020125865937,77.94803106069566,100.99440147399903
2024-08-07,MG95,87.3,94.1189617729187,81.69542702674866,106.78498651504516
2024-08-07,MG92,82.76,90.20398101687432,76.38358768105508,102.66965095043183
2024-08-08,MG95,89.62,94.90785973548888,79.77277043819427,109.5622333240509
2024-08-08,MG92,85.03,90.35416545391084,73.05031542241574,105.84238360881805
2024-08-09,MG95,89.62,94.21806036949157,81.17595372200012,107.27498331069945
2024-08-09,MG92,85.03,90.14872156858445,75.536698076725,103.27325006365777
2024-08-12,MG95,91.37,94.31266613960265,81.00214376926422,107.5951334285736
2024-08-12,MG92,86.89,90.18821691632272,75.22595276534558,103.623942797184
2024-08-13,MG95,91.98,94.9140805721283,79.73941426753997,109.58803084373474
2024-08-13,MG92,87.5,90.34879374623299,72.99581120431424,105.87744330883027
2024-08-14,MG95,90.6,94.50263577461243,80.60224319458007,108.244441614151
2024-08-14,MG92,86.12,90.24632709264756,74.52139214038849,104.35108054995537
2024-08-15,MG95,88.66,94.94496178627014,79.83153950691222,109.63900156974792
2024-08-15,MG92,83.84,90.40697838187218,73.1239024990797,105.89418601751328
2024-08-16,MG95,90.15,94.2962333202362,81.19775452136993,107.47238896369933
2024-08-16,MG92,85.99,90.2314352297783,75.53620345413685,103.45285656690598
2024-08-19,MG95,88.79,94.62156746864318,80.38017158985137,108.63169426918029
2024-08-19,MG92,84.63,90.28791793823243,74.12322627544404,104.78115754961968
2024-08-20,MG95,87.02,94.51340517997741,80.75026120185852,108.21772992134093
2024-08-20,MG92,82.86,90.30260769724846,74.74587633609772,104.28170574307443
2024-08-21,MG95,87.66,94.06775692939758,81.7012297964096,106.64549707412719
2024-08-21,MG92,83.5,90.15463576555253,76.4142489629984,102.53627304434777
2024-06-27,MG95,96.51,95.5075046002865,90.79942671954632,99.71000716090202
2024-06-27,MG92,91.27,88.67663676679135,86.36548040032386,95.51548833370208
2024-06-28,MG95,97.45,95.47143890857697,90.97873466610909,99.51571080088615
2024-06-28,MG92,92.37,88.62119082808495,86.5441048079729,95.31653177261352
2024-07-01,MG95,97.87,95.54100475907326,90.88397528231144,99.705366396904
2024-07-01,MG92,93.14,88.71580297172069,86.45806094527244,95.50749127149581
2024-07-02,MG95,99.67,95.76875566840172,89.76389211416245,100.95072168707848
2024-07-02,MG92,95.23,89.06851437032222,85.3330941581726,96.75002133965492
2024-07-03,MG95,99.3,95.55300005078317,90.63520410656929,99.91067744493485
2024-07-03,MG92,94.88,88.74367413461208,86.20349139094353,95.71864820241927
2024-07-04,MG95,99.01,95.40203269124032,91.18835010826588,99.24323980212212
2024-07-04,MG92,94.59,88.5210551071167,86.74759339690208,95.03707648158073
2024-07-05,MG95,99.01,95.89687268137932,89.18786155879498,101.63113522529602
2024-07-05,MG92,94.59,89.26765954136849,84.74986905813216,97.4057157742977
2024-07-08,MG95,98.17,96.22515827417374,88.17161405980588,103.04247479438783
2024-07-08,MG92,93.75,89.7498058706522,83.72255911827087,98.72995167613028
2024-07-09,MG95,97.03,96.57507416009904,86.07186789214612,105.52913753390312
2024-07-09,MG92,92.61,90.37252589583396,81.52268801569939,100.92463869929313
2024-07-10,MG95,95.6,96.15704052448274,88.21250865459443,102.89010494351388
2024-07-10,MG92,91.18,89.66348178744316,83.75792079091072,98.58608000040054
2024-07-11,MG95,96.48,96.30151993632317,87.2357874661684,103.99051332473755
2024-07-11,MG92,92.06,89.92640945732593,82.73949168562889,99.57621761202812
2024-07-12,MG95,98.5,96.54144857525826,86.44977089166642,105.11916537284851
2024-07-12,MG92,94.08,90.29210799872875,81.92514933228493,100.57733771204948
2024-07-15,MG95,97.85,96.6215958237648,85.84783985614777,105.82111798524858
2024-07-15,MG92,93.43,90.45231329679488,81.28600407421588,101.17436906099319
2024-07-16,MG95,96.55,96.86431804299355,84.99124262034894,107.06988258361817
2024-07-16,MG92,92.13,90.83654950261116,80.38154927194118,102.23682511925696
2024-07-17,MG95,96.37,96.55122040510179,86.65345140099527,104.94889380335809
2024-07-17,MG92,91.95,90.28260744571685,82.14422249257564,100.43609579801559
2024-07-18,MG95,97.64,97.00184201002122,84.39715641438961,107.90035129189492
2024-07-18,MG92,93.22,91.06984385371207,79.74619776844978,102.92425991535187
2024-07-19,MG95,96.84,96.70528920888901,85.5858020246029,106.21625566482544
2024-07-19,MG92,92.42,90.58047106862068,81.01120475471019,101.5146860909462
2024-07-22,MG95,95.04,96.44108492732049,86.54597837626935,104.85637498497964
2024-07-22,MG92,90.62,90.16276467859744,82.0179669868946,100.33801862001418
2024-07-23,MG95,94.99,96.83719180822374,84.13596235811711,107.87551693320275
2024-07-23,MG92,90.57,90.91325447797774,79.44567205071449,102.85645732998847
2024-07-24,MG95,93.51,96.78594956398011,84.86952803730965,107.05268781185151
2024-07-24,MG92,89.09,90.76015708088875,80.24203179180621,102.20244421839713
2024-07-25,MG95,94.15,96.71140087842942,84.9328852981329,106.86009040474892
2024-07-25,MG92,89.73,90.66545332670212,80.30389046907425,102.03074449062348
2024-07-26,MG95,95.36,96.8562679708004,84.8758620530367,107.16928843259812
2024-07-26,MG92,90.94,90.84122702956199,80.2553799879551,102.31312054157257
2024-07-29,MG95,95.11,96.91475071907044,84.22556787133217,107.92076153159142
2024-07-29,MG92,90.69,90.99119889020919,79.5509325736761,102.91438753128051
2024-07-30,MG95,93.01,96.87329170703889,84.40032627284528,107.67209867835045
2024-07-30,MG92,88.91,90.92064798831939,79.73836237192154,102.71036544561386
2024-07-31,MG95,93.39,97.12892140746118,83.63871076703072,108.89684988856317
2024-07-31,MG92,89.28,91.31565112829207,78.92518940031528,103.72367513775825
2024-08-01,MG95,93.51,96.98565064668657,84.09948047995567,108.17282229065896
2024-08-01,MG92,89.4,91.08953473329544,79.41908343553543,103.12907955169678
2024-08-02,MG95,92.86,96.92934575080872,84.08567221164704,108.08814830183984
2024-08-02,MG92,87.7,91.02636656403541,79.39897222518921,103.04720127463341
2024-08-05,MG95,87.55,97.01655106544496,84.32736821770669,107.99634783267976
2024-08-05,MG92,82.85,91.09575347304344,79.67118489384652,103.00271088004112
2024-08-06,MG95,87.23,97.07778178453447,83.08326148688793,109.38750520944596
2024-08-06,MG92,83.27,91.33394090533257,78.3078797864914,104.07244189381599
2024-08-07,MG95,87.3,96.8906233072281,83.84727149009706,108.26350532770158
2024-08-07,MG92,82.76,91.01343330979347,79.13379201352596,103.16891397476196
2024-08-08,MG95,89.62,97.07864836454392,83.0025042116642,109.47442546486855
2024-08-08,MG92,85.03,91.34642149567604,78.21854333281517,104.13688183307647
2024-08-09,MG95,89.62,97.19935383796692,82.46131359338762,110.26634276509286
2024-08-09,MG92,85.03,91.56248228549957,77.62796244442463,104.75871269702911
2024-08-12,MG95,91.37,96.84242549538612,84.46030273139478,107.55793816447259
2024-08-12,MG92,86.89,90.87719225406646,79.80108326613903,102.61301037430763
2024-08-13,MG95,91.98,97.17737007141113,82.64029087126255,110.03472645282746
2024-08-13,MG92,87.5,91.511223487854,77.82514068305493,104.58252944111824
2024-08-14,MG95,90.6,97.22448465824128,82.01708301603794,110.79469431638718
2024-08-14,MG92,86.12,91.65752014875412,77.13465040564537,105.14774498462677
2024-08-15,MG95,88.66,97.38825687766075,81.52506511211396,111.6302370786667
2024-08-15,MG92,83.84,91.91817911028862,76.59698269367217,105.80418308138847
2024-08-16,MG95,90.15,97.05283340215684,82.67577504217626,109.7768504858017
2024-08-16,MG92,85.99,91.36418316483497,77.85385250747204,104.34933208942412
2024-08-19,MG95,88.79,97.0346922338009,83.05876919925214,109.33743740916253
2024-08-19,MG92,84.63,91.28814640760422,78.27701241970063,104.02049332261085
2024-08-20,MG95,87.02,96.86242524981499,84.06916728317738,107.98755660653114
2024-08-20,MG92,82.86,90.95125669002533,79.37479242861271,102.94991086959838
2024-08-21,MG95,87.66,97.16933140158653,82.86202703118325,109.78344105482103
2024-08-21,MG92,83.5,91.47000951766968,78.07057612657546,104.39607502579689
2024-08-22,MG95,85.72,97.01607216596604,83.57411634922028,108.76544899344445
2024-08-22,MG92,81.82,91.19487608909607,78.84448589384556,103.58813463330269
2024-08-23,MG95,87.27,97.22685635089874,81.82767827212811,111.00755373239518
2024-08-23,MG92,83.04,91.68915273308754,76.92301386654377,105.2999478316307
2024-08-26,MG95,89.06,97.27548745274544,81.65921967923641,111.28053783774376
2024-08-26,MG92,85.58,91.77013646006584,76.73834316253662,105.51235497713088
2024-08-27,MG95,89.58,97.46380897164346,80.50099558830262,112.93097367286683
2024-08-27,MG92,86.1,92.16723047614097,75.44869293808937,106.73424572706222
2024-08-28,MG95,86.67,97.2008247435093,82.79909735918045,109.90610773563385
2024-08-28,MG92,83.14,91.51494179844856,78.00340403735638,104.49718074083327
2024-08-29,MG95,86.07,97.23773421049118,81.89901148974896,110.94807897806169
2024-08-29,MG92,81.88,91.69051072478294,77.00373892843723,105.26207495212554
2024-08-30,MG95,89.03,97.10391601324082,82.46178679168224,110.09718862771989
2024-08-30,MG92,84.84,91.45389683842659,77.62035337984561,104.60077610731125
2024-09-02,MG95,86.59,97.14220516681672,82.3652486383915,110.2692845761776
2024-09-02,MG92,82.4,91.51177315115929,77.51617062807082,104.73943137049675
2024-09-03,MG95,87.9,97.32487111091615,81.63463047146797,111.39549651741982
2024-09-03,MG92,83.71,91.82969409584999,76.71481541752814,105.61334213733673
2024-09-04,MG95,81.98,97.27933005094529,82.09294867515564,110.80853679180146
2024-09-04,MG92,77.79,91.70812150597573,77.22392219305038,105.17896801590919
2024-09-05,MG95,80.92,97.1819424211979,83.25787165760994,109.38709472417833
2024-09-05,MG92,77.08,91.42854766011237,78.50966549694537,104.107954454422
2024-09-06,MG95,80.78,97.17495276927949,82.03767569363117,110.68437640070916
2024-09-06,MG92,76.35,91.5982535111904,77.15347367942333,105.04974325060844
2024-09-09,MG95,81.59,97.2182019531727,82.73307194411755,110.00736076831818
2024-09-09,MG92,77.16,91.54424639701843,77.93155981004237,104.57745313882828
2024-09-10,MG95,80.21,97.4491455256939,81.05960332453252,112.263387799263
2024-09-10,MG92,76.35,92.06007846474647,76.07840230941773,106.27051311850548
2024-09-11,MG95,79.47,97.39727615118028,80.83492535352707,112.42755910158158
2024-09-11,MG92,75.61,92.03807037711144,75.82090660631657,106.36111056447028
2024-09-12,MG95,80.35,97.25342386960983,81.71614030301572,111.17817877531053
2024-09-12,MG92,76.49,91.73639144420623,76.80029883921146,105.43125269532203
2024-09-13,MG95,80.31,97.40659188628197,80.73329604268075,112.56077297329904
2024-09-13,MG92,75.89,92.06504698991775,75.70687302589417,106.45646098136902
2024-09-16,MG95,80.46,97.40623841285706,80.46940532624723,112.86491975188255
2024-09-16,MG92,76.04,92.10802850484848,75.40833579599857,106.66349004864692
2024-09-17,MG95,82.54,97.44220148324968,80.76293079853059,112.59014547467233
2024-09-17,MG92,77.43,92.10012844204903,75.74318313717842,106.49224298477172
2024-09-18,MG95,83.86,97.4144139111042,80.22359306514264,113.16593087911606
2024-09-18,MG92,79.24,92.15814486503601,75.13033010721206,106.87064844846725
2024-07-25,MG95,94.15,90.66643970310689,83.63335984110833,96.20937605381012
2024-07-25,MG92,89.73,86.97095230698586,78.97180135786533,91.29361758470536
2024-07-26,MG95,95.36,90.78792812347413,83.90309568107129,96.2241573214531
2024-07-26,MG92,90.94,87.08433522343636,79.24119198799134,91.2940530192852
2024-07-29,MG95,95.11,90.57276369810104,83.05574780881405,96.51879056811333
2024-07-29,MG92,90.69,86.85643301248551,78.41639393091202,91.62694806575776
2024-07-30,MG95,93.01,90.5692188692093,82.59424564361572,96.91222198605539
2024-07-30,MG92,88.91,86.82204430103302,77.9811823785305,92.03679820895195
2024-07-31,MG95,93.39,90.48869663178921,82.14200685203076,97.14557874083519
2024-07-31,MG92,89.28,86.7292383235693,77.54456362903119,92.28817140579224
2024-08-01,MG95,93.51,90.52930610239507,82.0823467129469,97.27862129688263
2024-08-01,MG92,89.4,86.75798231601715,77.49300711274147,92.42237021923066
2024-08-02,MG95,92.86,90.41638992547989,81.47106995344163,97.590666564703
2024-08-02,MG92,87.7,86.63103189527989,76.90178253650666,92.75809028029443
2024-08-05,MG95,87.55,90.32002185702325,80.95364755511284,97.85743165969849
2024-08-05,MG92,82.85,86.52394684970379,76.40086284399032,93.0442132806778
2024-08-06,MG95,87.23,90.34004233717918,80.60520090758801,98.20655271649362
2024-08-06,MG92,83.27,86.52233255565167,76.0727257168293,93.40489117741585
2024-08-07,MG95,87.3,90.29995121419431,80.02525909781457,98.64571019768715
2024-08-07,MG92,82.76,86.46148322820663,75.51766876161099,93.8642746591568
2024-08-08,MG95,89.62,90.31766421139241,80.25286943972111,98.47675116777421
2024-08-08,MG92,85.03,86.4867384338379,75.73581617593766,93.68739263653755
2024-08-09,MG95,89.62,90.25703983426095,79.55874066531659,98.98107553482056
2024-08-09,MG92,85.03,86.40512100100517,75.0695694077015,94.2157659482956
2024-08-12,MG95,91.37,90.33812500834466,79.45708322167397,99.23052893400192
2024-08-12,MG92,86.89,86.47021847069264,74.98039028167724,94.46876405954362
2024-08-13,MG95,91.98,90.2287982493639,79.11040898859501,99.3313001704216
2024-08-13,MG92,87.5,86.36325024902821,74.6398167181015,94.58131858825683
2024-08-14,MG95,90.6,90.3095935946703,78.62895880043507,99.92520392417909
2024-08-14,MG92,86.12,86.41642105937004,74.18747453212738,95.19252005338669
2024-08-15,MG95,88.66,90.25210717141628,78.1845509594679,100.22023847222329
2024-08-15,MG92,83.84,86.3524121761322,73.75794486999511,95.50260257601738
2024-08-16,MG95,90.15,90.28484110236168,77.72345009565353,100.70707278728486
2024-08-16,MG92,85.99,86.36880469501018,73.31925515115262,96.00631542205811
2024-08-19,MG95,88.79,90.28515322566032,77.6563491600752,100.76955318331719
2024-08-19,MG92,84.63,86.36740280807018,73.25502324044704,96.07120579481125
2024-08-20,MG95,87.02,90.27487545132638,76.9824916791916,101.37463763952256
2024-08-20,MG92,82.86,86.34317246675492,72.6083710283041,96.70034504055977
2024-08-21,MG95,87.66,90.23251028716565,77.32525879740716,100.97481884121895
2024-08-21,MG92,83.5,86.31247432887554,72.93392209887504,96.28725568890572
2024-08-22,MG95,85.72,90.31410266160965,76.9322844171524,101.49644375681878
2024-08-22,MG92,81.82,86.37766738176346,72.56286811470986,96.82498553395271
2024-08-23,MG95,87.27,90.30841198503971,76.409327403903,101.97493992090226
2024-08-23,MG92,83.04,86.36350513756275,72.06044033169746,97.3225173330307
2024-08-26,MG95,89.06,90.29481790065766,76.51914464235306,101.84593267321587
2024-08-26,MG92,85.58,86.35285292088986,72.16503490388394,97.18906194448472
2024-08-27,MG95,89.58,90.29629491269588,76.18022890269756,102.16747540712358
2024-08-27,MG92,86.1,86.34900835216045,71.83961127758026,97.52309336900711
2024-08-28,MG95,86.67,90.29264418482781,76.62351087033748,101.74394638538361
2024-08-28,MG92,83.14,86.35262989342213,72.26509458422662,97.08319823980332
2024-08-29,MG95,86.07,90.31379611194134,75.74416478633881,102.61334353923799
2024-08-29,MG92,81.88,86.35959153652192,71.42155159950256,97.98572667956353
2024-08-30,MG95,89.03,90.28908263504506,75.39688860118389,102.89696329236031
2024-08-30,MG92,84.84,86.33309905946255,71.08616607964039,98.28132303714753
2024-09-02,MG95,86.59,90.34277341604233,75.54167479634286,102.86091305136681
2024-09-02,MG92,82.4,86.38432634472848,71.22845760405063,98.24198523998261
2024-09-03,MG95,87.9,90.38021149098874,75.57868927538395,102.89679608345033
2024-09-03,MG92,83.71,86.41945317089558,71.2661280053854,98.27795638442039
2024-09-04,MG95,81.98,90.41874757111073,75.00157886981964,103.521488571167
2024-09-04,MG92,77.79,86.45120272397995,70.71263755261899,98.92630785346032
2024-09-05,MG95,80.92,90.45718332588673,74.69335153877735,103.89096452593805
2024-09-05,MG92,77.08,86.48600031912328,70.41762000441551,99.30950090408325
2024-09-06,MG95,80.78,90.52703206121922,74.65263059556484,104.06236480593682
2024-09-06,MG92,76.35,86.5519102460146,70.38156389713288,99.48594749212265
2024-09-09,MG95,81.59,90.49308307886125,74.61230538010598,104.03714970231057
2024-09-09,MG92,77.16,86.51968808710575,70.34118530511856,99.46061794400215
2024-09-10,MG95,80.21,90.49311094701291,74.21453210413456,104.4229340994358
2024-09-10,MG92,76.35,86.51911989808083,69.95783825933934,99.86201428413392
2024-09-11,MG95,79.47,90.53812358558179,73.87999723792076,104.83441293239594
2024-09-11,MG92,75.61,86.56221199095249,69.6372150337696,100.28917560696603
2024-09-12,MG95,80.35,90.66228734850884,73.53771502554417,105.40460646271706
2024-09-12,MG92,76.49,86.68236007392407,69.31180202782154,100.88041080355644
2024-09-13,MG95,80.31,90.56987655758859,73.63561026871204,105.13402900457383
2024-09-13,MG92,75.89,86.59318094789982,69.40281316518784,100.60038388729096
2024-09-16,MG95,80.46,90.58320868134498,73.23430331110954,105.55506103992462
2024-09-16,MG92,76.04,86.6076352518797,69.01625877201558,101.03835673213005
2024-09-17,MG95,82.54,90.6787407052517,73.29155564188957,105.67849465727807
2024-09-17,MG92,77.43,86.69946946680547,69.07488844513894,101.16539742588998
2024-09-18,MG95,83.86,90.73998375535012,73.44409475684166,105.64318013548852
2024-09-18,MG92,79.24,86.7577274274826,69.22414692282678,101.12764206171036
2024-09-19,MG95,86.33,90.77653004944325,72.69722271859646,106.45366401672364
2024-09-19,MG92,81.71,86.79867420852185,68.50451162695884,101.97156737923622
2024-09-20,MG95,85.86,90.856879504323,72.77994096636773,106.52215278625489
2024-09-20,MG92,81.24,86.87614439249039,68.58667069792747,102.04208654046059
2024-09-23,MG95,85.82,90.91355775117874,72.37056339204312,107.0391069996357
2024-09-23,MG92,81.16,86.93579361975193,68.19302190721035,102.58046422719956
2024-09-24,MG95,85.14,90.98308321595192,72.30371326982976,107.23711579084397
2024-09-24,MG92,80.48,87.00471972763539,68.130213124156,102.78641416311264
2024-09-25,MG95,84.78,90.9824533957243,72.15267903506756,107.38833952903748
2024-09-25,MG92,80.12,87.00599417030811,67.98439564168453,102.94414768457413
2024-09-26,MG95,81.86,90.99079712033273,71.6797676485777,107.88422541975976
2024-09-26,MG92,77.2,87.02068212211132,67.52807082235813,103.46116783618928
2024-09-27,MG95,81.67,91.16136135578157,71.7009140020609,108.1831057727337
2024-09-27,MG92,77.01,87.18874393939973,67.55206751585007,103.77256728291512
2024-09-30,MG95,81.6,91.04480002462864,71.87957114875317,107.78228372097016
2024-09-30,MG92,76.94,87.07102260768414,67.72215782105923,103.35470939159394
2024-10-01,MG95,79.71,91.16499536275865,71.43917632162571,108.45764050841332
2024-10-01,MG92,73.6,87.19655521094799,67.29947297811509,104.0590407550335
2024-10-02,MG95,84.21,91.21059880614281,71.28222846508027,108.7045077431202
2024-10-02,MG92,78.2,87.2444317740202,67.14880199313164,104.31667996168137
2024-10-03,MG95,84.86,91.12006075501442,71.21282562017441,108.60583219170572
2024-10-03,MG92,78.85,87.15582614719868,67.08012546360493,104.21362003087998
2024-10-04,MG95,88.97,91.32873747467995,70.75112837791443,109.47587588667871
2024-10-04,MG92,82.55,87.3718016988039,66.63816998541355,105.12214897155762
2024-10-07,MG95,88.88,91.15955549955369,71.22223948180675,108.6703525364399
2024-10-07,MG92,82.46,87.194829403162,67.08998115360737,104.28098494648934
2024-10-08,MG95,90.15,91.31236772239208,70.79760130763054,109.39680836677552
2024-10-08,MG92,83.73,87.35457548201084,66.68277016878129,105.03952260494232
2024-10-09,MG95,88.5,91.55769106149674,70.39075416147709,110.28243593215943
2024-10-09,MG92,82.08,87.60826391637326,66.29343324244023,105.96597870588303
2024-10-10,MG95,88.37,91.40094385564328,70.8069482856989,109.55344967365265
2024-10-10,MG92,81.95,87.44273505389691,66.69307191371918,105.2035115158558
2024-10-11,MG95,89.88,91.41377435266972,70.4962518364191,109.90155632972719
2024-10-11,MG92,83.46,87.46188886523247,66.39345044136047,105.5670675289631
2024-10-14,MG95,89.17,91.62554443717003,69.98586893320083,110.83657740712167
2024-10-14,MG92,82.75,87.6855641746521,65.90360246956348,106.5455846130848
2024-10-15,MG95,84.88,91.83074321150781,69.89377583920957,111.31974427342415
2024-10-15,MG92,78.39,87.8943444353342,65.81645183146,107.05299334287643
2024-10-16,MG95,84.95,91.57584437549114,69.97599246025086,110.75361949324609
2024-10-16,MG92,78.46,87.63583435952664,65.89356623351574,106.45839149355889
2024-08-22,MG95,85.72,87.70957426071166,83.04584224462509,92.17040083408355
2024-08-22,MG92,81.82,83.70044320821762,78.55328717827797,88.13451135158539
2024-08-23,MG95,87.27,87.7582811808586,82.79502407312393,92.5540788602829
2024-08-23,MG92,83.04,83.73792988061905,78.28860101103783,88.48242270946503
2024-08-26,MG95,89.06,87.75297263860702,82.46893014550209,92.87957191944122
2024-08-26,MG92,85.58,83.71669805049896,77.95603370666504,88.79056793451309
2024-08-27,MG95,89.58,87.74091346979141,82.33547464728355,92.98803128957748
2024-08-27,MG92,86.1,83.69803434610367,77.82136139273643,88.89650809764862
2024-08-28,MG95,86.67,87.70616759777069,82.16446225762367,93.08077403068542
2024-08-28,MG92,83.14,83.65472459793091,77.65081495046616,88.99442535638809
2024-08-29,MG95,86.07,87.7463160610199,81.78771250605583,93.55350598812103
2024-08-29,MG92,81.88,83.67646408081055,77.26437175273895,89.43441098928452
2024-08-30,MG95,89.03,87.75807218313217,81.72718153953552,93.64055354118346
2024-08-30,MG92,84.84,83.68516385555267,77.20214945077896,89.51442104578018
2024-09-02,MG95,86.59,87.81493001461028,81.30779625177384,94.17978857517242
2024-09-02,MG92,82.4,83.72051042318344,76.77516868710518,90.01698732376099
2024-09-03,MG95,87.9,87.77878385782242,81.09190682530402,94.30877152204513
2024-09-03,MG92,83.71,83.67379641532898,76.5599836409092,90.15407347679138
2024-09-04,MG95,81.98,87.79052953004836,80.85871238708496,94.55865965366363
2024-09-04,MG92,77.79,83.67353761196136,76.32511460781097,90.39401406049728
2024-09-05,MG95,80.92,87.77596238851547,80.47949123740196,94.88731902837753
2024-09-05,MG92,77.08,83.63986331224442,75.94533061981201,90.72228622436523
2024-09-06,MG95,80.78,87.79591122150421,80.26252547264099,95.13438569068909
2024-09-06,MG92,76.35,83.64833414554596,75.72763219475746,90.95924061536789
2024-09-09,MG95,81.59,87.80793904066086,79.9351775586605,95.46486334562302
2024-09-09,MG92,77.16,83.64323770999908,75.40039524435997,91.28348141908646
2024-09-10,MG95,80.21,87.90213431596756,79.92563158750534,95.67176064491271
2024-09-10,MG92,76.35,83.73456543684006,75.38994854688644,91.4535351395607
2024-09-11,MG95,79.47,87.87647984504699,79.47662609696388,96.02936620473861
2024-09-11,MG92,75.61,83.68611943721771,74.9433833360672,91.82244938611984
2024-09-12,MG95,80.35,87.88202873468398,79.28555515050888,96.21420379400253
2024-09-12,MG92,76.49,83.68146097660065,74.75354608893394,92.00696623325348
2024-09-13,MG95,80.31,87.89317876338959,79.13743323683738,96.3708789396286
2024-09-13,MG92,75.89,83.68447703123093,74.60658559203148,92.16121304035187
2024-09-16,MG95,80.46,88.01043693780899,79.05082980394363,96.6866327047348
2024-09-16,MG92,76.04,83.79306495189667,74.52238988876343,92.43318551778793
2024-09-17,MG95,82.54,87.95170857667922,79.06170813560486,96.5582767510414
2024-09-17,MG92,77.43,83.73703402280807,74.53227916359901,92.32699650526047
2024-09-18,MG95,83.86,88.04707423925399,78.45474216341972,97.28830580949783
2024-09-18,MG92,79.24,83.79626017808914,73.93414476513863,93.03354960680008
2024-09-19,MG95,86.33,88.0295706796646,78.69827153921128,97.03858487606048
2024-09-19,MG92,81.71,83.7925672531128,74.1741848886013,92.78447127342224
2024-09-20,MG95,85.86,88.0437093758583,78.48596642374991,97.25414513111114
2024-09-20,MG92,81.24,83.79472726583481,73.96487766504288,92.99983549118042
2024-09-23,MG95,85.82,88.05848551511764,78.40930083274841,97.35083792924881
2024-09-23,MG92,81.16,83.80476087331772,73.88964053988457,93.09299474954605
2024-09-24,MG95,85.14,88.13471743583679,78.24414560437202,97.64499177932738
2024-09-24,MG92,80.48,83.86868530511856,73.72924715280533,93.36356371641159
2024-09-25,MG95,84.78,88.17422845602036,77.93568063497543,97.98991117715835
2024-09-25,MG92,80.12,83.88951897621155,73.42707431316376,93.70413899421692
2024-09-26,MG95,81.86,88.11853056192398,77.58507649898529,98.18528225183486
2024-09-26,MG92,77.2,83.81735265254974,73.07974526286125,93.93408578634262
2024-09-27,MG95,81.67,88.23472284793853,77.55900403261184,98.4307709813118
2024-09-27,MG92,77.01,83.92629891633987,73.05947399139404,94.13770431280136
2024-09-30,MG95,81.6,88.17012165069579,77.81259142398834,98.08848495483399
2024-09-30,MG92,76.94,83.87886822223663,73.3058448433876,93.8087751865387
2024-10-01,MG95,79.71,88.1794220495224,76.86011563539505,98.92216643571854
2024-10-01,MG92,73.6,83.83538925647736,72.37021592259407,94.68442642688751
2024-10-02,MG95,84.21,88.2645990729332,77.11300810933113,98.8686734676361
2024-10-02,MG92,78.2,83.92996197938919,72.62322607636452,94.58562326431274
2024-10-03,MG95,84.86,88.21832697629928,77.57686811327935,98.38416448831558
2024-10-03,MG92,78.85,83.9117362499237,73.07627132534981,94.09628582000732
2024-10-04,MG95,88.97,88.28092179536819,77.08408282399178,98.92407876491546
2024-10-04,MG92,82.55,83.94378805160522,72.59572821855545,94.63657766580582
2024-10-07,MG95,88.88,88.3904470539093,76.96810998558998,99.22766886234282
2024-10-07,MG92,82.46,84.04069995880127,72.48805606365204,94.90711677074432
2024-10-08,MG95,90.15,88.36393569231033,76.72330572366714,99.38504415035247
2024-10-08,MG92,83.73,84.00200885534286,72.2468911409378,95.08738327026367
2024-10-09,MG95,88.5,88.41033318758011,76.32270933151244,99.8076271033287
2024-10-09,MG92,82.08,84.02316105365753,71.85768073797226,95.51800221204758
2024-10-10,MG95,88.37,88.4560305404663,76.197174847126,99.99670734643935
2024-10-10,MG92,81.95,84.05896550416946,71.73788464069366,95.6991645693779
2024-10-11,MG95,89.88,88.47794395208358,75.96012440085411,100.23435866117477
2024-10-11,MG92,83.46,84.06608259677887,71.50766411423683,95.9455155134201
2024-10-14,MG95,89.17,88.53948333263396,75.95792992472649,100.34842962026596
2024-10-14,MG92,82.75,84.12358671426773,71.50972458720207,96.03817707300186
2024-10-15,MG95,84.88,88.56434361219405,75.75340474963188,100.56314343452453
2024-10-15,MG92,78.39,84.13516318798065,71.3117798268795,96.25916528701782
2024-10-16,MG95,84.95,88.49838392972946,75.68884535193443,100.49675530672073
2024-10-16,MG92,78.46,84.0697854757309,71.24405297636986,96.22076284885406
2024-10-17,MG95,85.98,88.57986169338226,75.34434394955635,100.92886855602264
2024-10-17,MG92,79.49,84.12619465589523,70.91370043158531,96.65161073207855
2024-10-18,MG95,87.47,88.6655298614502,74.96804876804352,101.39149547338485
2024-10-18,MG92,80.98,84.18427610397339,70.55326697230339,97.11676001548767
2024-10-21,MG95,85.8,88.74560734033584,75.09154552459717,101.43311737060546
2024-10-21,MG92,79.31,84.26589870452881,70.67977204918861,97.12031358480453
2024-10-22,MG95,84.73,88.78002926588059,74.74538781523704,101.77686638116836
2024-10-22,MG92,79.06,84.27768421173096,70.34537321329117,97.48326539993286
2024-10-23,MG95,85.75,88.76116722106933,74.87301750183106,101.6393667769432
2024-10-23,MG92,79.75,84.26763069629669,70.46816545724869,97.34049552679062
2024-10-24,MG95,85.97,88.83780668735504,74.21948683619499,102.30596502542495
2024-10-24,MG92,79.98,84.30033946037292,69.83818331360817,98.04390317201614
2024-10-25,MG95,84.63,88.7389403128624,74.4103017604351,101.97682495594024
2024-10-25,MG92,78.9,84.21996110677719,70.01569753885269,97.72925800085068
2024-10-28,MG95,82.69,88.77681070089339,74.007777364254,102.36998102903365
2024-10-28,MG92,76.96,84.2314081788063,69.62686040997505,98.15080887079239
2024-10-29,MG95,82.16,88.87075517892838,74.04112295150756,102.50805537700653
2024-10-29,MG92,76.43,84.32027727365494,69.66740295290947,98.2533547282219
2024-10-30,MG95,82.79,88.901279296875,73.89249421834946,102.68139809131623
2024-10-30,MG92,77.26,84.33964771032333,69.5254393517971,98.43227744102478
2024-10-31,MG95,82.79,88.9471229481697,73.59564429759979,103.00038087129593
2024-10-31,MG92,77.26,84.36428380012512,69.24073076248169,98.7687019109726
2024-11-01,MG95,84.91,88.94140686035156,73.52174270153046,103.04986108303069
2024-11-01,MG92,79.38,84.3546085357666,69.16835540533066,98.82849544286728
2024-11-04,MG95,85.84,88.90653558969497,73.62509207725525,102.90602884769439
2024-11-04,MG92,80.31,84.32859879732132,69.2657799422741,98.68464058637619
2024-11-05,MG95,86.73,88.98543223142623,73.8995635664463,102.82224165916442
2024-11-05,MG92,81.2,84.41776651144028,69.53948938846588,98.54451847076416
2024-11-06,MG95,84.52,89.11431067943573,72.75807545900345,103.95965953588485
2024-11-06,MG92,78.99,84.46756625175476,68.44181969761848,99.77356570959091
2024-11-07,MG95,85.19,88.96001810789107,73.78976138591766,102.86653872728347
2024-11-07,MG92,79.66,84.38776522874832,69.43059787154198,98.6090202331543
2024-11-08,MG95,85.81,89.13072745084762,73.49874250173569,103.39543882369995
2024-11-08,MG92,79.85,84.527558863163,69.1625671684742,99.11481159925461
2024-11-11,MG95,84.45,89.09446634531021,73.37907562851906,103.42908745765686
2024-11-11,MG92,78.49,84.48698645830154,69.04322397708893,99.17377895116806
2024-11-12,MG95,82.87,89.18855712175369,73.23310116648673,103.70738883018494
2024-11-12,MG92,76.91,84.56463742256165,68.90974116325378,99.43901258707047
2024-11-13,MG95,82.32,89.18817047595978,72.93456881403922,103.94529094219207
2024-11-13,MG92,76.36,84.54611307382584,68.61995604634285,99.71306544542313
2024-09-19,MG95,86.33,85.3401796722412,82.3688287460804,89.1129363656044
2024-09-19,MG92,81.71,80.8020616197586,78.10038411378859,84.54505843639373
2024-09-20,MG95,85.86,85.34899693012237,82.13200239777565,89.24031675100326
2024-09-20,MG92,81.24,80.79343729019165,77.88195147752761,84.68091288089752
2024-09-23,MG95,85.82,85.40640907526016,81.98408839821815,89.39143975257873
2024-09-23,MG92,81.16,80.80928791999817,77.75136798143386,84.82388027191162
2024-09-24,MG95,85.14,85.48734390497208,81.55649137854576,89.72159707546234
2024-09-24,MG92,80.48,80.82151123046874,77.36213961362839,85.14779799938201
2024-09-25,MG95,84.78,85.48940326452255,81.54819895744323,89.72877484321594
2024-09-25,MG92,80.12,80.82198353767394,77.35463465213775,85.15466534614562
2024-09-26,MG95,81.86,85.54199690818787,81.04803450584411,90.0719781088829
2024-09-26,MG92,77.2,80.81967867851257,76.89177831411361,85.4950571489334
2024-09-27,MG95,81.67,85.6044874739647,80.74128490328789,90.33099755525589
2024-09-27,MG92,77.01,80.83235540390014,76.60991954326629,85.74121421813965
2024-09-30,MG95,81.6,85.6327386879921,80.2078258061409,90.68395778656006
2024-09-30,MG92,76.94,80.81938584804534,76.1084945988655,86.0876987838745
2024-10-01,MG95,79.71,85.6569811487198,80.14039177775383,90.75821469306946
2024-10-01,MG92,73.6,80.82742451667785,76.0471513390541,86.15497422218323
2024-10-02,MG95,84.21,85.74731305599212,79.66080092787743,91.18104319572448
2024-10-02,MG92,78.2,80.84794154167174,75.60048096895217,86.5469986486435
2024-10-03,MG95,84.86,85.74297440528869,79.26584375739098,91.42887612104415
2024-10-03,MG92,78.85,80.82808574676513,75.22279106616973,86.78782809257507
2024-10-04,MG95,88.97,85.79016972780228,79.32390070199966,91.4573772573471
2024-10-04,MG92,82.55,80.85377925872803,75.283123588562,86.80391487598419
2024-10-07,MG95,88.88,85.71572288036346,79.03340604424477,91.54375039577484
2024-10-07,MG92,82.46,80.80433814048767,74.99729743719101,86.90428015708923
2024-10-08,MG95,90.15,85.74097502708435,78.80822607398034,91.7301124382019
2024-10-08,MG92,83.73,80.80692638397217,74.78379096508026,87.0759543800354
2024-10-09,MG95,88.5,85.78920002937316,78.40763565540314,92.07327571630478
2024-10-09,MG92,82.08,80.81418102264404,74.40311608076095,87.38886734962463
2024-10-10,MG95,88.37,85.76805660486221,78.37349627256394,92.0670276594162
2024-10-10,MG92,81.95,80.80200494289397,74.36808505535126,87.38757322788238
2024-10-11,MG95,89.88,85.80380548715591,78.08705035567283,92.319978992939
2024-10-11,MG92,83.46,80.80859835147857,74.09507259845734,87.61594320774078
2024-10-14,MG95,89.17,85.82310948371887,77.5669521033764,92.72502302646637
2024-10-14,MG92,82.75,80.79841540813446,73.59313283920288,87.9856841802597
2024-10-15,MG95,84.88,85.83591550111771,77.23635991573333,92.99034051418305
2024-10-15,MG92,78.39,80.79299332141876,73.27303607702255,88.22529507160186
2024-10-16,MG95,84.95,85.86658596277236,77.09030533790589,93.14584215402603
2024-10-16,MG92,78.46,80.80425312519073,73.13365822076797,88.3603465938568
2024-10-17,MG95,85.98,85.8070144891739,77.11381802558898,93.04115471124649
2024-10-17,MG92,79.49,80.77309974193572,73.15099661827087,88.2770316028595
2024-10-18,MG95,87.47,85.85971809864044,76.6123839688301,93.50564025878906
2024-10-18,MG92,80.98,80.78432176113128,72.66656056404113,88.68557733535766
2024-10-21,MG95,85.8,85.85510953187942,76.53253380179405,93.56170282363891
2024-10-21,MG92,79.31,80.7791736125946,72.58805366039276,88.73659595966339
2024-10-22,MG95,84.73,85.82036033868789,75.81041837573052,94.09214785814285
2024-10-22,MG92,79.06,80.73739331722258,71.87675900936127,89.21355066776275
2024-10-23,MG95,85.75,85.87001489639282,75.51979375839234,94.40795964241028
2024-10-23,MG92,79.75,80.75723021984099,71.5950230383873,89.48198174476623
2024-10-24,MG95,85.97,85.8262085199356,75.93454977154731,93.9990967965126
2024-10-24,MG92,79.98,80.74438346385955,71.99925660610198,89.13044349193572
2024-10-25,MG95,84.63,85.8612676167488,75.46878962039948,94.4376004242897
2024-10-25,MG92,78.9,80.750872964859,71.54401386022568,89.50942279338837
2024-10-28,MG95,82.69,85.82317946195603,75.00694325208664,94.77304610252381
2024-10-28,MG92,76.96,80.71698964595794,71.08492181062698,89.80783593177794
2024-10-29,MG95,82.16,85.8779124403,74.97719250440598,94.88200221776962
2024-10-29,MG92,76.43,80.74793521404266,71.06004539012909,89.89282289028168
2024-10-30,MG95,82.79,85.78346181392669,74.78812630295754,94.90225591897965
2024-10-30,MG92,77.26,80.688566198349,70.86514309883117,89.92625279426574
2024-10-31,MG95,82.79,85.79885702610015,74.16153616905213,95.48116588115693
2024-10-31,MG92,77.26,80.68343694210051,70.2449659538269,90.42049394607544
2024-11-01,MG95,84.91,85.78485138177872,74.00213574171066,95.60384772777557
2024-11-01,MG92,79.38,80.67191264629363,70.0853591799736,90.52723537445068
2024-11-04,MG95,85.84,85.75496067762374,73.72175793766975,95.81411233663559
2024-11-04,MG92,80.31,80.64868457794189,69.80383574724198,90.71046223163604
2024-11-05,MG95,86.73,85.71607277154922,73.20338414907455,96.23732072114944
2024-11-05,MG92,81.2,80.61628430366515,69.28348073005675,91.07338308811187
2024-11-06,MG95,84.52,85.71966165542602,73.02570440649986,96.41182645082473
2024-11-06,MG92,78.99,80.61574587345123,69.10608214378357,91.21908041477202
2024-11-07,MG95,85.19,85.76318811893464,73.56482674241066,95.97221316814422
2024-11-07,MG92,79.66,80.65080051422119,69.64803104639053,90.84281215667724
2024-11-08,MG95,85.81,85.72245078802109,72.87662077069282,96.55911064624786
2024-11-08,MG92,79.85,80.61533024311065,68.9570597743988,91.34171970367431
2024-11-11,MG95,84.45,85.70468631267548,72.74508667707443,96.65787992954255
2024-11-11,MG92,78.49,80.60264407157898,68.82393998861312,91.42678223133086
2024-11-12,MG95,82.87,85.69708867549896,72.28247054815293,97.09886278629303
2024-11-12,MG92,76.91,80.59256503582,68.35909051418304,91.7937460374832
2024-11-13,MG95,82.32,85.65101300477981,72.56303829312324,96.74950143575668
2024-11-13,MG92,76.36,80.56722103118896,68.63734085798264,91.51123075962066
2024-11-14,MG95,82.48,85.6493935084343,72.11114882826806,97.19258363962173
2024-11-14,MG92,76.52,80.56108103752136,68.18336389541625,91.87833625793456
2024-11-15,MG95,82.19,85.54573574543,71.16301369309426,97.99114529132844
2024-11-15,MG92,76.23,80.48857243537903,67.21987136602401,92.54779393672942
2024-11-18,MG95,83.44,85.61552404165268,71.72206982970238,97.52964881420135
2024-11-18,MG92,77.28,80.5364077091217,67.78915740966796,92.1605870437622
2024-11-19,MG95,84.69,85.59121160268784,71.72740816950798,97.48488273620606
2024-11-19,MG92,78.56,80.52114274024963,67.79277055978774,92.12748775482177
2024-11-20,MG95,85.43,85.54141708850861,71.08050935149193,98.07014072418212
2024-11-20,MG92,79.3,80.48541742324828,67.13615019083022,92.61266060829162
2024-11-21,MG95,85.13,85.43415044784545,70.55737204432488,98.4464736866951
2024-11-21,MG92,79.38,80.41461857318878,66.598900744915,92.93310215473174
2024-11-22,MG95,86.07,85.46621047735213,70.64283046722412,98.40830555677414
2024-11-22,MG92,80.32,80.43555122852325,66.68777479171753,92.89762243747711
2024-11-25,MG95,86.12,85.48960320234299,70.76266319990158,98.31956315517425
2024-11-25,MG92,81.55,80.45095788955688,66.81082026481629,92.82246891498565
2024-11-26,MG95,84.78,85.43538006544114,70.21171454191207,98.82081726789474
2024-11-26,MG92,80.31,80.41495863437652,66.24822681427001,93.23432079792022
2024-11-27,MG95,84.71,85.44078838348389,70.00781295418739,99.05243523597717
2024-11-27,MG92,80.24,80.41865207672119,66.04133264303206,93.41917239189148
2024-11-28,MG95,83.13,85.42586302518845,69.99100818037986,99.04584728479385
2024-11-28,MG92,79.73,80.40889420986176,66.02324800014496,93.41607405662536
2024-11-29,MG95,83.87,85.39578238010407,69.53699937462807,99.49850651025773
2024-11-29,MG92,80.27,80.39037032127379,65.55894167900085,93.78135644912719
2024-12-02,MG95,83.6,85.3559547662735,69.5488856780529,99.4178415966034
2024-12-02,MG92,80.44,80.36396834850311,65.56847283840179,93.72294149398803
2024-12-03,MG95,83.69,85.32551423311233,69.6204334270954,99.28673237085343
2024-12-03,MG92,80.83,80.34367803096771,65.63933781147003,93.62287848949431
2024-12-04,MG95,85.39,85.44735634088516,70.12999495625496,98.92976338624955
2024-12-04,MG92,82.53,80.42280838012695,66.16599812984467,93.31999732494354
2024-12-05,MG95,84.16,85.28941545963288,68.9274539399147,100.00860787153243
2024-12-05,MG92,80.81,80.32297208309173,64.92977652788161,94.20058577060699
2024-12-06,MG95,83.27,85.19647436380386,68.64034322977066,100.18050441265106
2024-12-06,MG92,79.85,80.26273402214049,64.63013066768646,94.34930586338042
2024-12-09,MG95,83.41,85.21276929616928,68.60441440343857,100.25017274618149
2024-12-09,MG92,80.06,80.27397493362426,64.59440535068512,94.40181697845459
2024-12-10,MG95,84.31,85.21731788158417,68.57711789250374,100.28975043773652
2024-12-10,MG92,80.96,80.27726219177245,64.56673759460449,94.43228079319
2024-12-11,MG95,85.42,85.28300745248795,68.60250499725342,100.37341441869735
2024-12-11,MG92,82.07,80.32131900787353,64.59683300971984,94.48862704277037
2024-10-17,MG95,85.98,84.66411961317063,80.28595212399959,88.74363172054291
2024-10-17,MG92,79.49,77.95358713507652,74.03483253479003,82.032177901268
2024-10-18,MG95,87.47,84.90137602984906,79.89016526043416,89.49089044332504
2024-10-18,MG92,80.98,78.25877609729766,73.69296515226364,82.72772570848464
2024-10-21,MG95,85.8,84.9711144387722,79.74338699877262,89.73828887939453
2024-10-21,MG92,79.31,78.35285018920898,73.56299362897872,82.955587413311
2024-10-22,MG95,84.73,85.05019484758377,79.31064227223396,90.2525292634964
2024-10-22,MG92,79.06,78.5004991865158,73.16575553417205,83.4116475367546
2024-10-23,MG95,85.75,84.92953367829323,79.21831597089768,90.12362485527993
2024-10-23,MG92,79.75,78.39352708578109,73.07107348680496,83.27104146957397
2024-10-24,MG95,85.97,85.15273911952973,79.20441689789295,90.52395866513253
2024-10-24,MG92,79.98,78.61933109521866,73.07292541265487,83.66763419628143
2024-10-25,MG95,84.63,85.22778905034066,79.00460949540138,90.83082184195518
2024-10-25,MG92,78.9,78.72405843734741,72.88901888728141,83.9460965013504
2024-10-28,MG95,82.69,85.37610659003258,78.53181822299958,91.51027131676675
2024-10-28,MG92,76.96,78.93850770950317,72.44618413329124,84.55632477521895
2024-10-29,MG95,82.16,85.20384922623634,78.567312759161,91.17621760368347
2024-10-29,MG92,76.43,78.76112501382828,72.47078762292861,84.22887996673583
2024-10-30,MG95,82.79,85.44668046236039,77.842950797081,92.25269954204559
2024-10-30,MG92,77.26,79.09492061853408,71.78090783119201,85.19323761701582
2024-10-31,MG95,82.79,85.46084789633751,78.26175087988376,91.9010555267334
2024-10-31,MG92,77.26,79.05843393802643,72.18971578598021,84.90614234447479
2024-11-01,MG95,84.91,85.49300057888031,77.6979143500328,92.46581866145134
2024-11-01,MG92,79.38,79.15779256582259,71.64048882722854,85.38302260398864
2024-11-04,MG95,85.84,85.615940284729,77.85555363595486,92.54139518737793
2024-11-04,MG92,80.31,79.26287532806396,71.80035305261612,85.4826057076454
2024-11-05,MG95,86.73,85.64185484051704,77.30017807185651,93.09202126860619
2024-11-05,MG92,81.2,79.34914888381958,71.25243553638458,85.94350141525268
2024-11-06,MG95,84.52,85.71160843968391,77.41495555341244,93.11180909276008
2024-11-06,MG92,78.99,79.40702624320983,71.3687701511383,85.98165295839308
2024-11-07,MG95,85.19,85.81910473108292,77.07365609407425,93.6161960721016
2024-11-07,MG92,79.66,79.54850215435027,71.03142969846725,86.42852827787398
2024-11-08,MG95,85.81,85.85689805746078,76.87371704280376,93.86773638129235
2024-11-08,MG92,79.85,79.60477077007293,70.83146847248076,86.64578349828719
2024-11-11,MG95,84.45,85.94924461245537,76.61959439218045,94.26832336187363
2024-11-11,MG92,78.49,79.71890739202499,70.5765527498722,87.00163385629654
2024-11-12,MG95,82.87,85.95025729537011,76.68341873288155,94.21111690402032
2024-11-12,MG92,76.91,79.71453011274338,70.64124856352805,86.95557889223097
2024-11-13,MG95,82.32,86.18880488276481,76.37756317555905,94.92520013451576
2024-11-13,MG92,76.36,79.97664309263229,70.33380081295967,87.61386370658875
2024-11-14,MG95,82.48,86.18718459010124,76.27534802556038,95.01762770414352
2024-11-14,MG92,76.52,79.98272264719009,70.22911556005478,87.68799685955047
2024-11-15,MG95,82.19,86.360302734375,75.74248440265656,95.83132855296135
2024-11-15,MG92,76.23,80.1901196360588,69.68056202888488,88.40238193273544
2024-11-18,MG95,83.44,86.26755110621453,75.698630169034,95.70377101302147
2024-11-18,MG92,77.28,80.100890481472,69.63500745892524,88.2672755241394
2024-11-19,MG95,84.69,86.29897465705872,75.43455284535885,96.00968226790428
2024-11-19,MG92,78.56,80.14673967599869,69.36047348141669,88.52271034717559
2024-11-20,MG95,85.43,86.23110464811326,75.75786705613136,95.58178322911263
2024-11-20,MG92,79.3,80.06121437311172,69.6963267815113,88.15669310331344
2024-11-21,MG95,85.13,86.37886521220207,75.42599061131477,96.16369108557701
2024-11-21,MG92,79.38,80.22618542432784,69.35117176294327,88.67448408842085
2024-11-22,MG95,86.07,86.65868975520134,75.35524458289147,96.74193302989006
2024-11-22,MG92,80.32,80.50600393772125,69.27550469160079,89.2368615913391
2024-11-25,MG95,86.12,86.58344741463661,75.33969483673573,96.61922624111176
2024-11-25,MG92,81.55,80.43256291866302,69.25970720291137,89.111781771183
2024-11-26,MG95,84.78,86.64537297487259,75.18170617520809,96.88274658918381
2024-11-26,MG92,80.31,80.50099064350128,69.09322093963623,89.3441049337387
2024-11-27,MG95,84.71,86.53760325908661,74.9749061971903,96.88200733065605
2024-11-27,MG92,80.24,80.40356812000275,68.87674203157424,89.30352156877517
2024-11-28,MG95,83.13,86.81532142162324,75.08804819583894,97.28340445756912
2024-11-28,MG92,79.73,80.67229378461838,68.99259028196334,89.72494693756103
2024-11-29,MG95,83.87,86.79251580238342,74.4610354423523,97.8423750460148
2024-11-29,MG92,80.27,80.67102175474166,68.3275384557247,90.15816664218902
2024-12-02,MG95,83.6,87.14168887138366,74.50400864183904,98.4449720144272
2024-12-02,MG92,80.44,81.01168257951736,68.36534393191337,90.7664681649208
2024-12-03,MG95,83.69,86.86901386976243,74.57839020192624,97.87072004079819
2024-12-03,MG92,80.83,80.74279791116714,68.45087391138077,90.20985220909118
2024-12-04,MG95,85.39,87.16605402231217,74.421940818429,98.56931934952736
2024-12-04,MG92,82.53,81.03745053768158,68.27678352832794,90.87376762628554
2024-12-05,MG95,84.16,87.06384393572807,73.97543879449368,98.81267718076707
2024-12-05,MG92,80.81,80.94566797018051,67.79980038404464,91.02497082471847
2024-12-06,MG95,83.27,87.47461850643158,73.56708959937096,99.97345484495163
2024-12-06,MG92,79.85,81.34744234800338,67.34280026793479,92.09446735620497
2024-12-09,MG95,83.41,87.16263115406036,73.88535558581353,99.08332681655884
2024-12-09,MG92,80.06,81.04291278362274,67.69940823197365,91.27562618255614
2024-12-10,MG95,84.31,87.20382709503174,73.65253978371621,99.3862304031849
2024-12-10,MG92,80.96,81.08462788105011,67.44616672515869,91.52830182313919
2024-12-11,MG95,85.42,87.39464693665505,73.47490507364273,99.91475974321365
2024-12-11,MG92,82.07,81.26995141029357,67.2457378411293,92.01655552625655
2024-12-12,MG95,86.79,87.48014775514604,73.36331247985363,100.18337388634681
2024-12-12,MG92,83.44,81.35237146377563,67.12052707672119,92.25996218442916
2024-12-13,MG95,86.87,87.20470812916756,73.44495497643948,99.58998220562935
2024-12-13,MG92,83.52,81.08586249828338,67.22105484962462,91.68703431606292
2024-12-16,MG95,86.48,87.44686086773872,73.08249044418335,100.39652338624
2024-12-16,MG92,83.13,81.31812018871307,66.81537552714347,92.41142727136611
2024-12-17,MG95,85.54,87.9311764717102,72.63630741536618,101.7440802872181
2024-12-17,MG92,82.19,81.77584517478942,66.29978721141815,93.65347091436385
2024-12-18,MG95,85.4,87.97228127121926,72.57686799168587,101.88021525144578
2024-12-18,MG92,82.05,81.8136693572998,66.23175699591636,93.77558578252791
2024-12-19,MG95,84.0,87.93644242286682,72.58197191357613,101.80784893035889
2024-12-19,MG92,80.65,81.77951161384581,66.23945464730262,93.70478235483169
2024-12-20,MG95,83.06,87.98881838321687,72.29888653159142,102.18744299411775
2024-12-20,MG92,79.71,81.82139506816863,65.92303721547127,94.0187305521965
2024-12-23,MG95,83.86,88.07226345539094,72.2933319658041,102.3501001238823
2024-12-23,MG92,80.51,81.9007753443718,65.9117526268959,94.17912790775299
2024-12-24,MG95,83.77,88.37522780299187,72.06090098321438,103.15297539234162
2024-12-24,MG92,80.42,82.18031326293945,65.63393568992615,94.92428488016128
2024-12-26,MG95,84.46,88.143748742342,72.02361906170846,102.75361375808716
2024-12-26,MG92,81.11,81.95908294916153,65.60756445288658,94.51899371385574
2024-12-27,MG95,84.02,88.10343383550644,72.10333239734173,102.59806566238403
2024-12-27,MG92,80.67,81.9237934732437,65.69881856679916,94.3825685095787
2024-12-30,MG95,84.54,88.45812602639198,71.57034725248813,103.80177095532417
2024-12-30,MG92,81.29,82.2362451648712,65.08004618048668,95.4559559559822
2024-12-31,MG95,85.4,88.44906251430511,71.71482166051865,103.6395391523838
2024-12-31,MG92,82.15,82.23487960338592,65.24235158085823,95.32826660394667
2025-01-02,MG95,85.92,88.55421950817109,71.41254593729973,104.14254888296128
2025-01-02,MG92,82.95,82.3184126830101,64.89619109749793,95.7576328063011
2025-01-03,MG95,86.22,88.77831611037254,71.39525943994522,104.58481789231301
2025-01-03,MG92,83.74,82.5280918431282,64.85998033523559,96.19276990890502
2025-01-06,MG95,86.09,88.6289858877659,71.43116411268711,104.26554934978485
2025-01-06,MG92,83.61,82.38978665351867,64.91150689840316,95.88412495374679
2025-01-07,MG95,85.84,88.8918581187725,71.0927356094122,105.10646098852158
2025-01-07,MG92,83.15,82.61606767415999,64.5106818664074,96.63949557781218
2025-01-08,MG95,85.89,88.86044469475746,70.99346736669541,105.14727210998535
2025-01-08,MG92,83.35,82.58022636175156,64.40135276913642,96.6564809179306
2025-01-09,MG95,84.21,88.85889528989792,71.13297962844372,105.00305593609811
2025-01-09,MG92,82.78,82.5877930688858,64.55863552212715,96.54636615514754
2025-01-10,MG95,85.86,88.89577720165254,70.88199629485608,105.32742840051651
2025-01-10,MG92,84.01,82.6057417845726,64.27284033894539,96.80881584882735
2024-11-14,MG95,82.48,81.11658904552459,77.22763858795166,84.30698893547057
2024-11-14,MG92,76.52,75.35844842672348,71.67172385454178,78.28260689735413
2024-11-15,MG95,82.19,80.85831748008728,76.43664174556731,84.7059784412384
2024-11-15,MG92,76.23,75.14109580993652,70.89046966075897,78.60892483711243
2024-11-18,MG95,83.44,80.6838466644287,76.26262234210968,84.52216535568236
2024-11-18,MG92,77.28,74.97073195695877,70.73061956644058,78.4384836101532
2024-11-19,MG95,84.69,80.53747625827789,76.3884387731552,84.01438550949096
2024-11-19,MG92,78.56,74.8077960062027,70.87682453155517,77.99300973892211
2024-11-20,MG95,85.43,80.02243456363678,74.92686419963836,84.68535086631775
2024-11-20,MG92,79.3,74.36791581869126,69.42293100833892,78.54341183185578
2024-11-21,MG95,85.13,80.30356623172759,74.9389247560501,85.30549309730529
2024-11-21,MG92,79.38,74.65666186332703,69.41085156440735,79.1000220489502
2024-11-22,MG95,86.07,79.98735198497772,74.25388220787048,85.44267333984374
2024-11-22,MG92,80.32,74.36975914001465,68.73486239671708,79.20598799228668
2024-11-25,MG95,86.12,79.85904788017272,74.06318017959595,85.39220349311827
2024-11-25,MG92,81.55,74.24876443862915,68.54923766374588,79.15590426921844
2024-11-26,MG95,84.78,79.6733211994171,73.87306204318999,85.21297322273254
2024-11-26,MG92,80.31,74.06902012825012,68.3684647345543,78.99022381782531
2024-11-27,MG95,84.71,79.87909646987914,73.70143708705902,85.87668654441833
2024-11-27,MG92,80.24,74.28635909080505,68.17682303667068,79.58678631782531
2024-11-28,MG95,83.13,79.50916907787322,73.60210677623748,85.18176690101623
2024-11-28,MG92,79.73,73.9154327750206,68.10249850034714,78.95648876190185
2024-11-29,MG95,83.87,79.57527643203734,73.39700371742248,85.58192419052124
2024-11-29,MG92,80.27,73.99318907499314,67.88631559610367,79.31309178829193
2024-12-02,MG95,83.6,79.62435278892517,72.73378106117248,86.49006740570067
2024-12-02,MG92,80.44,74.07023990631103,67.20141476631164,80.12798545837403
2024-12-03,MG95,83.69,79.16843627929687,72.80786663532257,85.40719822883605
2024-12-03,MG92,80.83,73.60832633972169,67.30949711561203,79.14468959331512
2024-12-04,MG95,85.39,79.04145697116851,72.73500772476196,85.21430783271789
2024-12-04,MG92,82.53,73.4824752831459,67.24389308214188,78.96997004032134
2024-12-05,MG95,84.16,79.26112298011779,72.38648315906524,86.12691610336303
2024-12-05,MG92,80.81,73.7205777812004,66.86814227104188,79.79037091732025
2024-12-06,MG95,83.27,78.51497295856475,71.71313316822051,85.31445264816284
2024-12-06,MG92,79.85,72.99644834280014,66.22520089626312,79.04565999984742
2024-12-09,MG95,83.41,78.24102953910827,71.68030274391174,84.73626231193542
2024-12-09,MG92,80.06,72.71756065368652,66.21261624574662,78.52760023117065
2024-12-10,MG95,84.31,78.07037119388579,71.29267214298248,84.84314887046813
2024-12-10,MG92,80.96,72.56317680358886,65.82246477127075,78.61851921081544
2024-12-11,MG95,85.42,78.15924542427062,71.60387669563293,84.64696120262145
2024-12-11,MG92,82.07,72.63750589132309,66.13967533826828,78.44717680454254
2024-12-12,MG95,86.79,77.79748270511627,70.9817619895935,84.61849279403685
2024-12-12,MG92,83.44,72.29931787252426,65.52017372846603,78.4150438451767
2024-12-13,MG95,86.87,77.30636585712432,70.14579075336455,84.57281184196472
2024-12-13,MG92,83.52,71.839265832901,64.68595021724701,78.36717210769653
2024-12-16,MG95,86.48,77.27484060287475,70.22358575820923,84.39848822593689
2024-12-16,MG92,83.13,71.80244492053986,64.77013766050338,78.21276094913483
2024-12-17,MG95,85.54,76.92331316471099,69.97750722885131,83.90157171249389
2024-12-17,MG92,82.19,71.45210463523864,64.54218025684357,77.77125590801239
2024-12-18,MG95,85.4,77.17188918113708,70.35974050998688,83.97821365356445
2024-12-18,MG92,82.05,71.68733064174653,64.92192265510559,77.8421213722229
2024-12-19,MG95,84.0,76.23118540763855,69.30681173801422,83.15540697097778
2024-12-19,MG92,80.65,70.77018497943878,63.89873367547989,77.11173829555511
2024-12-20,MG95,83.06,76.71668904304504,69.79354694366455,83.65852549552916
2024-12-20,MG92,79.71,71.24785097837449,64.36712845087051,77.55598328590393
2024-12-23,MG95,83.86,76.49981982707976,69.48394686698913,83.56006856918334
2024-12-23,MG92,80.51,71.04096660614013,64.06057728767395,77.46707602977753
2024-12-24,MG95,83.77,75.60457620620727,68.41762292861938,82.86447180747984
2024-12-24,MG92,80.42,70.17153793334961,63.01755781173706,76.85124285697937
2024-12-26,MG95,84.46,75.75963629722595,68.92227232933044,82.5354315662384
2024-12-26,MG92,81.11,70.29759380340576,63.537834117412565,76.57027517318726
2024-12-27,MG95,84.02,75.08576129436493,68.00987013816832,82.15785470008849
2024-12-27,MG92,80.67,69.64970504522323,62.63676858901977,76.23600591897964
2024-12-30,MG95,84.54,75.0719735956192,68.12655528545379,81.95387526512145
2024-12-30,MG92,81.29,69.62479062318802,62.76270612239838,76.06175971269607
2024-12-31,MG95,85.4,75.12709495067595,67.7918429517746,82.57251605987548
2024-12-31,MG92,82.15,69.71133569717408,62.40029094457626,76.59291388988495
2025-01-02,MG95,85.92,74.3914844226837,67.09074583053588,81.7425309419632
2025-01-02,MG92,82.95,68.98024260044097,61.72968609571457,75.870404753685
2025-01-03,MG95,86.22,73.91001405715942,66.93859538555145,80.724169549942
2025-01-03,MG92,83.74,68.46907821893691,61.621499063968656,75.00073485612869
2025-01-06,MG95,86.09,73.82551165580749,67.03851940155029,80.34410501003265
2025-01-06,MG92,83.61,68.36436846494675,61.739512591362,74.6819677066803
2025-01-07,MG95,85.84,73.60340213298797,66.41246465206146,80.72339429855346
2025-01-07,MG92,83.15,68.18532507181168,61.0917103099823,74.99341618776322
2025-01-08,MG95,85.89,73.85754720211028,66.48064261436461,81.28155567169189
2025-01-08,MG92,83.35,68.45656639099121,61.13540840387344,75.46952560424805
2025-01-09,MG95,84.21,73.3209947347641,66.31109807968139,80.12928186893463
2025-01-09,MG92,82.78,67.88328435659409,61.01697159528732,74.49063095331192
2025-01-10,MG95,85.86,72.8606131696701,65.91052372455596,79.51579796791076
2025-01-10,MG92,84.01,67.41364704608917,60.642536141872405,73.97084164857864
2025-01-13,MG95,89.09,72.57701345443725,65.72696578502655,79.0289499092102
2025-01-13,MG92,87.14,67.11506085157394,60.481306970119476,73.56300794363021
2025-01-14,MG95,88.44,73.40647846698761,66.08944487571716,80.70104939460754
2025-01-14,MG92,86.3,68.00146173477172,60.767326719760895,74.97060451745988
2025-01-15,MG95,88.1,72.30623973369597,65.08573966026306,79.32816750526428
2025-01-15,MG92,86.34,66.88874650716781,59.82045124292374,73.80026387929917
2025-01-16,MG95,88.92,71.9681908750534,64.92553739547729,78.6510688304901
2025-01-16,MG92,86.78,66.52558944940567,59.692424612045286,73.2344507098198
2025-01-17,MG95,87.72,72.09465498447418,64.98711590766906,78.90349657058715
2025-01-17,MG92,85.58,66.6616811800003,59.741902997493746,73.44485787391663
2025-01-20,MG95,86.93,71.82033865928649,64.52999726772308,78.89448304653168
2025-01-20,MG92,84.54,66.40847254991532,59.28156877040863,73.4289370393753
2025-01-21,MG95,85.82,72.01926424026489,64.60108487606048,79.32715182781219
2025-01-21,MG92,83.43,66.62394543409347,59.33195288658142,73.7915206193924
2025-01-22,MG95,85.75,71.70708817005156,64.40678136348724,78.78283703327179
2025-01-22,MG92,83.26,66.29568859338761,59.16291349411011,73.3337897992134
2025-01-23,MG95,86.31,71.58380847930907,64.27647043704987,78.65481751441955
2025-01-23,MG92,83.9,66.17238177537918,59.03795906543731,73.22493371009827
2025-01-24,MG95,86.31,71.35306324481964,63.863820805549615,78.69665164947509
2025-01-24,MG92,83.9,65.96304419279099,58.619852826595306,73.25215114593506
2025-01-27,MG95,87.49,71.71645006656647,64.48773134708404,78.67442450523376
2025-01-27,MG92,85.08,66.2959616780281,59.24994101762771,73.24522845029831
2025-01-28,MG95,87.02,71.23582364559174,63.93426073551178,78.24905682563781
2025-01-28,MG92,84.91,65.82064420700073,58.71355271816254,72.88176644802094
2025-01-29,MG95,87.02,71.30470816612242,63.46278031826019,79.22098654747009
2025-01-29,MG92,84.91,65.95606232881546,58.18945322751999,73.6850813293457
2025-01-30,MG95,87.02,71.66884079933166,63.891008577346796,79.51831508159637
2025-01-30,MG92,84.91,66.31338447809219,58.60674476385117,73.94184005975723
2025-01-31,MG95,87.06,71.21883190155029,63.80794873237609,78.41413139820098
2025-01-31,MG92,84.88,65.81792246341705,58.57779324054718,73.0160649228096
2025-02-03,MG95,87.84,71.36970661640167,63.694712963104244,79.02130043506622
2025-02-03,MG92,86.41,66.00217267036437,58.43316761493683,73.52074354410172
2025-02-04,MG95,84.87,70.94445669651031,63.44145599842071,78.25830096244812
2025-02-04,MG92,83.3,65.55338082075119,58.21627013921738,72.87954080820083
2025-02-05,MG95,85.97,70.76816551208495,63.25142127513885,78.08168593883514
2025-02-05,MG92,84.06,65.37748700380325,58.03377222537994,72.72921226501465
2025-02-06,MG95,84.77,70.81099079132079,63.31893193244934,78.08833936214447
2025-02-06,MG92,83.21,65.4173892211914,58.10148811340332,72.73609854936599
2025-02-07,MG95,85.49,71.12825506210326,63.23931165218353,79.10296188354492
2025-02-07,MG92,83.86,65.78466985702515,57.969934139251706,73.5824015045166
2024-12-12,MG95,86.79,85.68226967811584,78.52261091470719,91.93320005416871
2024-12-12,MG92,83.44,81.25253423154354,75.56031900048255,87.45364833116531
2024-12-13,MG95,86.87,86.11308601379395,77.80206682562829,93.43194357156754
2024-12-13,MG92,83.52,81.5943308109045,74.88587342023848,88.81856487512587
2024-12-16,MG95,86.48,86.14381787776948,77.7052023935318,93.58956402301789
2024-12-16,MG92,83.13,81.62722785115241,74.79970029592513,88.96955372929573
2024-12-17,MG95,85.54,85.82664223194122,78.30287503242492,92.40919772863388
2024-12-17,MG92,82.19,81.36002072453498,75.3491762572527,87.88296815872192
2024-12-18,MG95,85.4,86.73319148778916,76.7318179523945,95.65949456691742
2024-12-18,MG92,82.05,82.14310235977172,73.94363370299338,90.86990201115607
2024-12-19,MG95,84.0,86.28537996292114,77.55919549107551,93.98728607177735
2024-12-19,MG92,80.65,81.73236141085624,74.66505968093871,89.31964672207832
2024-12-20,MG95,83.06,87.04041848182679,76.13858503937722,96.8455225300789
2024-12-20,MG92,79.71,82.44442457318306,73.44290406227111,91.98212036848068
2024-12-23,MG95,83.86,86.2844329571724,77.48752344846726,94.06431938886642
2024-12-23,MG92,80.51,81.74353906691074,74.6032572710514,89.4014466190338
2024-12-24,MG95,83.77,87.16346813201905,75.94621049523354,97.27342656850816
2024-12-24,MG92,80.42,82.55997756719589,73.28345736682414,92.37857739806175
2024-12-26,MG95,84.46,86.38222912073135,77.32468428254127,94.40825558423997
2024-12-26,MG92,81.11,81.82799029409885,74.4586032372713,89.71676903009414
2024-12-27,MG95,84.02,86.6581438279152,76.83154376745225,95.42059454679489
2024-12-27,MG92,80.67,82.07904974341392,74.02929808497429,90.65334409713745
2024-12-30,MG95,84.54,86.95644045591355,76.1968564414978,96.63423841953278
2024-12-30,MG92,81.29,82.37943274021148,73.49083346009253,91.79883615970611
2024-12-31,MG95,85.4,87.77471451997756,74.22745615839959,100.2602114200592
2024-12-31,MG92,82.15,83.30188042402267,71.87283717274666,95.31205417156218
2025-01-02,MG95,85.92,87.00079698324204,76.13524506211282,96.77952743053436
2025-01-02,MG92,82.95,82.41922226071357,73.43942113399505,91.93193098068237
2025-01-03,MG95,86.22,87.04661984205246,76.10465066671371,96.89357543468475
2025-01-03,MG92,83.74,82.45457006931304,73.41439003288745,92.03063677668571
2025-01-06,MG95,86.09,86.97371058225632,76.15919005155564,96.7057628107071
2025-01-06,MG92,83.61,82.39734634041785,73.45924740970135,91.86675326108931
2025-01-07,MG95,85.84,88.16268139123916,74.07253925561905,101.14273931503296
2025-01-07,MG92,83.15,83.6078204524517,71.77193497955798,96.06809419512749
2025-01-08,MG95,85.89,87.61121855974197,74.8393033349514,99.28903156757355
2025-01-08,MG92,83.35,83.06937539458274,72.37394837021827,94.33122830510139
2025-01-09,MG95,84.21,87.5689189696312,75.10375214457513,98.921949737072
2025-01-09,MG92,82.78,82.98986483812331,72.59279073297976,93.95170652508735
2025-01-10,MG95,85.86,88.04302263259888,74.20734501481057,100.77305067300797
2025-01-10,MG92,84.01,83.49557428359985,71.8750188946724,95.72615086317062
2025-01-13,MG95,89.09,87.8912165927887,74.18406191110611,100.52052598953247
2025-01-13,MG92,87.14,83.39253439426422,71.8446117568016,95.53377777695655
2025-01-14,MG95,88.44,87.53782052278518,74.8691085588932,99.12392671585083
2025-01-14,MG92,86.3,83.01305174827576,72.39486061513423,94.19093282341956
2025-01-15,MG95,88.1,87.63735795497894,74.70594354152679,99.48310664892198
2025-01-15,MG92,86.34,83.11305875062942,72.2639572995901,94.53029330968856
2025-01-16,MG95,88.92,87.19966819047929,75.58446448206902,97.73405831098556
2025-01-16,MG92,86.78,82.65005431056022,72.98019801914691,92.85829206705093
2025-01-17,MG95,87.72,88.02830840349198,73.7891452395916,101.20933520317078
2025-01-17,MG92,85.58,83.56859837532043,71.52541996896267,96.22246814250946
2025-01-20,MG95,86.93,88.09485337734223,73.9728847205639,101.12794362306595
2025-01-20,MG92,84.54,83.57926239728927,71.68366818487644,96.09176049709319
2025-01-21,MG95,85.82,88.17067493438721,73.44322338700294,101.85657799243927
2025-01-21,MG92,83.43,83.74086635589599,71.24844401121139,96.86468685269355
2025-01-22,MG95,85.75,88.1908369922638,73.4183975803852,101.9215140748024
2025-01-22,MG92,83.26,83.76049206972121,71.22942487478255,96.92571636557578
2025-01-23,MG95,86.31,87.85635048866273,74.7559922862053,99.825902364254
2025-01-23,MG92,83.9,83.25613274812697,72.31919986844062,94.78384266138076
2025-01-24,MG95,86.31,87.21220328807831,75.49273730158806,97.85691448688507
2025-01-24,MG92,83.9,82.67528597354888,72.9034904372692,92.98506674289703
2025-01-27,MG95,87.49,88.3075427222252,73.18017472028733,102.40392694950104
2025-01-27,MG92,85.08,83.89404671549796,71.04088203132152,97.39995227098464
2025-01-28,MG95,87.02,88.51180066108704,72.72560686945916,103.29523246765137
2025-01-28,MG92,84.91,84.13855610728262,70.6805359238386,98.28707171320914
2025-01-29,MG95,87.02,88.60063591003419,72.61854939699172,103.5825927066803
2025-01-29,MG92,84.91,84.22665658235549,70.59969970226287,98.5596010673046
2025-01-30,MG95,87.02,88.12126770973205,73.56632395148277,101.62820704698562
2025-01-30,MG92,84.91,83.6802183997631,71.34700794637203,96.63726924657821
2025-01-31,MG95,87.06,88.73323708057404,71.92679733753205,104.61782273292542
2025-01-31,MG92,84.88,84.4751282942295,70.0355142390728,99.66643849611282
2025-02-03,MG95,87.84,88.1962237238884,73.97747209787369,101.31003348112107
2025-02-03,MG92,86.41,83.65093636512756,71.69547687709331,96.23525518536567
2025-02-04,MG95,84.87,88.94387967109681,71.61043122887611,105.38026418924332
2025-02-04,MG92,83.3,84.70278070449828,69.79264358460902,100.41293960094451
2025-02-05,MG95,85.97,87.94166246891022,73.5054508292675,101.36614102602005
2025-02-05,MG92,84.06,83.56394142627715,71.28206992268562,96.45048254251479
2025-02-06,MG95,84.77,88.54359154224396,72.87800860643387,103.18333304643632
2025-02-06,MG92,83.21,84.12957484841345,70.81049023926258,98.13930163264274
2025-02-07,MG95,85.49,89.03841732025147,71.44946061730386,105.74627681970597
2025-02-07,MG92,83.86,84.81007641911506,69.66793322861194,100.77667080163955
2025-02-10,MG95,86.48,88.0705570793152,73.60879155874252,101.48752068758012
2025-02-10,MG92,85.04,83.63521427035332,71.3783494091034,96.50953578710555
2025-02-11,MG95,87.44,88.75832764148713,72.0456720161438,104.52959845542908
2025-02-11,MG92,86.0,84.4675362932682,70.13729205608368,99.54794066667556
2025-02-12,MG95,87.69,88.61845591068268,72.51416492462158,103.73400161504746
2025-02-12,MG92,86.17,84.26217071056365,70.51439731001854,98.72181160330771
2025-02-13,MG95,86.03,88.85373083353043,71.33325893878937,105.52826184034348
2025-02-13,MG92,84.59,84.6981433224678,69.55145080149173,100.64602185726164
2025-02-14,MG95,86.95,88.98402049541474,70.34111258268356,106.93689725160598
2025-02-14,MG92,85.55,85.02800402402877,68.73262512564659,102.21616701483725
2025-02-17,MG95,87.68,88.16519655704498,73.23383837938309,102.0802342748642
2025-02-17,MG92,86.29,83.7798927628994,71.07342686533927,97.12073099851608
2025-02-18,MG95,87.99,89.0319919371605,70.04579953193665,107.37960716485978
2025-02-18,MG92,86.6,85.13571064591407,68.48916746079921,102.70897201538085
2025-02-19,MG95,88.43,89.22297142982482,70.97578463435173,106.65052474975586
2025-02-19,MG92,87.04,85.05826440930366,69.29105299532412,101.71191531181334
2025-02-20,MG95,88.11,88.99617882728577,71.24840009570121,105.89805231094361
2025-02-20,MG92,86.72,84.8243309879303,69.49523966550827,100.9827603638172
2025-02-21,MG95,86.91,88.87051218271256,71.73836865067481,105.09368803024292
2025-02-21,MG92,85.52,84.61924912691116,69.89200487554072,100.12819064736365
2025-02-24,MG95,85.82,88.20462458133697,71.90987342834472,103.64820085763931
2025-02-24,MG92,84.43,84.08877762675284,69.97073275148868,98.88849320173263
2025-02-25,MG95,86.01,88.6365202999115,72.0347559928894,104.31215371608734
2025-02-25,MG92,84.62,84.37962170481681,70.1161058729887,99.37590749025344
2025-02-26,MG95,83.78,89.01133091926575,71.50652025938034,105.62866481542588
2025-02-26,MG92,82.55,84.77680271387099,69.71281017243862,100.65750769376754
2025-02-27,MG95,83.41,88.55342818260193,72.4216536641121,103.71650746583938
2025-02-27,MG92,81.94,84.23417031526564,70.43100270152091,98.74326683282851
2025-02-28,MG95,84.34,88.90923758983612,70.27321838021278,106.87414030075074
2025-02-28,MG92,82.75,84.98781337976455,68.66761861741543,102.1939193212986
2025-03-03,MG95,83.79,89.20796189785004,70.29690370678902,107.42021640062332
2025-03-03,MG92,82.2,85.2082162117958,68.71942717552184,102.63314005732535
2025-03-04,MG95,80.03,89.13270039796829,71.15618922948838,106.2666717529297
2025-03-04,MG92,78.44,84.94823909640311,69.43249314725398,101.32237522125243
2025-03-05,MG95,79.94,89.0469403719902,71.2740558052063,105.96545264482498
2025-03-05,MG92,78.3,84.85657742500304,69.52205625653266,101.02736336946487
2025-03-06,MG95,78.59,89.38745512723924,71.04536409974098,106.8873881983757
2025-03-06,MG92,77.03,85.16637215495109,69.36724694311619,101.87755007505416
2025-03-07,MG95,78.69,88.34577935218812,72.32961081504821,103.43273159265519
2025-03-07,MG92,76.98,84.10141791701317,70.33468408107757,98.54989582896232
2025-01-13,MG95,89.09,84.42613547801972,81.03471681833267,90.81026654720306
2025-01-13,MG92,87.14,83.25225728213788,79.4225682514906,88.09754939079285
2025-01-14,MG95,88.44,84.62550395607948,80.61992577910424,91.45687199592591
2025-01-14,MG92,86.3,83.33126382172108,78.97269966721535,88.76908995509149
2025-01-15,MG95,88.1,84.71106090903282,80.43641691327095,91.73464806318283
2025-01-15,MG92,86.34,83.36768254160881,78.77638008356095,89.05587297797203
2025-01-16,MG95,88.92,84.88546034932136,79.9735506248474,92.34175545215606
2025-01-16,MG92,86.78,83.43396531283857,78.30718799591065,89.67730963587762
2025-01-17,MG95,87.72,85.00787976980209,79.72987349152565,92.72460720777512
2025-01-17,MG92,85.58,83.49785956084729,78.04420507967473,90.0708601474762
2025-01-20,MG95,86.93,84.70523190021515,80.3790326499939,91.75080961704253
2025-01-20,MG92,84.54,83.35365685284138,78.73383733034134,89.06946302413941
2025-01-21,MG95,85.82,85.02673832774163,79.66488439321517,92.7972164940834
2025-01-21,MG92,83.43,83.50389846861363,77.98185310661793,90.14459891676903
2025-01-22,MG95,85.75,85.52660014271736,78.48874496698379,94.43446685314179
2025-01-22,MG92,83.26,83.7741120505333,76.77379614710809,91.81665530443192
2025-01-23,MG95,86.31,85.05593966603278,79.53719378829003,92.92312103748321
2025-01-23,MG92,83.9,83.50953177809716,77.86371384382248,90.27196679234505
2025-01-24,MG95,86.31,85.45477385759354,78.56876461744308,94.24513409614563
2025-01-24,MG92,83.9,83.72079340219499,76.87537598371506,91.62298963546753
2025-01-27,MG95,87.49,86.03004943370819,77.22287258148194,96.10745891332627
2025-01-27,MG92,85.08,84.08612228512764,75.50423847019673,93.52409388303758
2025-01-28,MG95,87.02,85.4171898007393,78.70664447307587,94.09773540258408
2025-01-28,MG92,84.91,83.70544576346875,77.00542281091214,91.4728181231022
2025-01-29,MG95,87.02,85.35828559398651,78.84194503068925,93.90706182003021
2025-01-29,MG92,84.91,83.6716609287262,77.14475833952427,91.27810090303421
2025-01-30,MG95,87.02,85.50839152693749,78.47475841641426,94.40374045372009
2025-01-30,MG92,84.91,83.75626071870327,76.77211366534233,91.78507872700692
2025-01-31,MG95,87.06,85.87697014331818,77.62698307514191,95.59037107229233
2025-01-31,MG92,84.88,83.98834305465222,75.90461905658246,92.9958046233654
2025-02-03,MG95,87.84,85.65139415502549,78.10449609160423,94.88577235937119
2025-02-03,MG92,86.41,83.83862721443177,76.40174735188485,92.27709448099137
2025-02-04,MG95,84.87,85.8810540318489,77.40730774283409,95.70878336906434
2025-02-04,MG92,83.3,83.96874414503574,75.72640117406846,93.11924670815469
2025-02-05,MG95,85.97,86.23128585577011,76.59073986053467,96.83643813371658
2025-02-05,MG92,84.06,84.21221828460693,74.8979591703415,94.27226748585701
2025-02-06,MG95,84.77,86.35295298099518,76.29544606089591,97.23312802791595
2025-02-06,MG92,83.21,84.30014798641206,74.60171218752862,94.67827637434006
2025-02-07,MG95,85.49,86.33019988775253,76.42362284302712,97.12249456644058
2025-02-07,MG92,83.86,84.2897426378727,74.71575040102006,94.56301635861398
2025-02-10,MG95,86.48,86.16516575574875,76.79929452896118,96.59665553569793
2025-02-10,MG92,85.04,84.16980572342874,75.09776890218258,94.02582396626472
2025-02-11,MG95,87.44,86.09962906837464,76.95181599497795,96.38597192287445
2025-02-11,MG92,86.0,84.1236075782776,75.25239198088646,93.81051637411119
2025-02-12,MG95,87.69,86.0202747130394,77.2323607134819,96.08261781692505
2025-02-12,MG92,86.17,84.07809043765069,75.51671186923981,93.49894678950311
2025-02-13,MG95,86.03,86.592551343441,75.74826640963555,97.99638530015946
2025-02-13,MG92,84.59,84.4822866523266,74.0471641945839,95.45856735229492
2025-02-14,MG95,86.95,86.63406575918198,75.63417341351509,98.13820574998856
2025-02-14,MG92,85.55,84.51325232863427,73.93569477021694,95.60428229093552
2025-02-17,MG95,87.68,86.95636542320251,74.93913959741592,99.14328244686126
2025-02-17,MG92,86.29,84.77427735686302,73.22535697758198,96.62987510442734
2025-02-18,MG95,87.99,86.72892660856247,75.31709887504577,98.4902696943283
2025-02-18,MG92,86.6,84.58135278105736,73.63564718127252,95.96838937163353
2025-02-19,MG95,88.43,86.92264007806777,74.9179473888874,99.08514588832855
2025-02-19,MG92,87.04,84.74082801699639,73.22383973956109,96.57494407773018
2025-02-20,MG95,88.11,86.86954952716827,75.04006486773491,98.91579245567321
2025-02-20,MG92,86.72,84.6975041115284,73.34687622606755,96.40173858880998
2025-02-21,MG95,86.91,86.87612059593201,75.13699324965476,98.88065463781356
2025-02-21,MG92,85.52,84.70974216341973,73.42197199702264,96.36087831735611
2025-02-24,MG95,85.82,86.95504506826401,74.94060836434365,99.13987408876419
2025-02-24,MG92,84.43,84.77310562849046,73.22714461445808,96.62646006703378
2025-02-25,MG95,86.01,86.37347477674484,76.3074520790577,97.26912561178207
2025-02-25,MG92,84.62,84.32033776760102,74.60151189208031,94.71332807779312
2025-02-26,MG95,83.78,87.53008523225785,73.57430712103843,100.99695842742919
2025-02-26,MG92,82.55,85.2618165075779,71.86347812116146,98.52560141921045
2025-02-27,MG95,83.41,87.40718986988068,73.72167510867119,100.67228417158127
2025-02-27,MG92,81.94,85.14840922474862,72.03751483619213,98.20189393043519
2025-02-28,MG95,84.34,86.88163742780685,74.99382173895836,98.9635401749611
2025-02-28,MG92,82.75,84.70622697830201,73.30398295581341,96.45141185998918
2025-03-03,MG95,83.79,87.112791659832,74.58311458826066,99.64039096355438
2025-03-03,MG92,82.2,84.904128895998,72.86637245297432,97.13766412496567
2025-03-04,MG95,80.03,87.77800490140915,72.90810617208481,101.83779934644699
2025-03-04,MG92,78.44,85.48230173707009,71.21510673284531,99.38894490480423
2025-03-05,MG95,79.94,87.73602989673614,73.09092415452004,101.66009390115738
2025-03-05,MG92,78.3,85.44628861546516,71.3814270657301,99.20246984243394
2025-03-06,MG95,78.59,87.3248263335228,74.00901095509529,100.36031193494797
2025-03-06,MG92,77.03,85.08056915640832,72.30671692609788,97.87767568826676
2025-03-07,MG95,78.69,87.3470983672142,73.91504057765007,100.45281866312027
2025-03-07,MG92,76.98,85.09808499336243,72.22078517138958,97.9745385670662
2025-03-10,MG95,78.55,87.34331130266189,73.88653012275695,100.4593590259552
2025-03-10,MG92,77.31,85.09325787305832,72.19943367660046,97.98329147815704
2025-03-11,MG95,77.98,87.12033508300782,74.51916437387466,99.68782138824463
2025-03-11,MG92,76.64,84.90800461292267,72.81134127855302,97.18843902111054
2025-03-12,MG95,79.15,87.39783479690551,73.71845098614692,100.65477155685424
2025-03-12,MG92,77.74,85.13925572276116,72.03909216284752,98.18541962981224
2025-03-13,MG95,80.46,87.29965770721435,73.98149332523346,100.32271764278411
2025-03-13,MG92,79.08,85.05513163447381,72.29582586109639,97.84394593477249
2025-03-14,MG95,80.05,87.38722078084946,73.74503208518028,100.61980773925781
2025-03-14,MG92,78.62,85.1300321173668,72.06533587396146,98.14956674456597
2025-03-17,MG95,81.04,87.55453738689422,73.37572676181793,101.14648606538772
2025-03-17,MG92,79.61,85.27875148773194,71.69208029866219,98.6866189301014
2025-03-18,MG95,81.95,87.19339472293854,74.22188492417335,99.98556654453277
2025-03-18,MG92,80.52,84.96356657028198,72.53808320581913,97.49947782278062
2025-03-19,MG95,80.27,87.93477913856506,72.49470201730728,102.36626885175706
2025-03-19,MG92,78.84,85.62612388372422,70.81199712097646,99.93066397428514
2025-03-20,MG95,80.97,87.9722403717041,72.40655553102494,102.48731162309646
2025-03-20,MG92,79.54,85.66112551331521,70.72433781802654,100.05397586703302
2025-03-21,MG95,81.9,87.92128900051117,72.50100185036659,102.33550151109695
2025-03-21,MG92,80.56,85.61311469435692,70.82296329677105,99.90095014452935
2025-03-24,MG95,82.07,87.34119259357452,73.92024523258209,100.43816169977188
2025-03-24,MG92,80.73,85.09260691285134,72.22764028310776,97.96003717660905
2025-03-25,MG95,83.15,87.48003456830979,73.608549349308,100.87766589403152
2025-03-25,MG92,81.91,85.21459685564042,71.91352193892003,98.40851871490479
2025-03-26,MG95,83.45,87.63222338676452,73.0127059185505,101.48687152147293
2025-03-26,MG92,82.34,85.34350700616837,71.36376100718975,99.04558843255043
2025-03-27,MG95,83.88,87.504875664711,73.4813705098629,100.9920966553688
2025-03-27,MG92,82.36,85.23417573571206,71.79959889531136,98.52948715090753
2025-03-28,MG95,84.1,88.10265868663788,71.93352558016777,102.99253674030304
2025-03-28,MG92,82.41,85.78250455498696,70.28468430161476,100.57959118247032
2025-03-31,MG95,84.1,87.56156904459,73.22755530238152,101.2349089050293
2025-03-31,MG92,82.41,85.28100481152535,71.56897370874883,98.7849740099907
2025-04-01,MG95,85.57,87.88816753864289,72.46462044239044,102.28580908298493
2025-04-01,MG92,83.69,85.58027625560761,70.80785601258279,99.85781651973726
2025-04-02,MG95,85.91,87.49608353376388,73.41205187559127,101.00873926877975
2025-04-02,MG92,84.03,85.22338982582093,71.7473718571663,98.55186015248299
2025-04-03,MG95,83.12,87.8809823513031,72.51192292571068,102.2473754954338
2025-04-03,MG92,81.61,85.57409714102745,70.84932217776776,99.81661574602127
2025-04-04,MG95,77.52,87.64727952718735,73.25393681287765,101.39699526786804
2025-04-04,MG92,76.34,85.36483847141267,71.55246936380864,98.93674788594247
2025-02-10,MG95,86.48,85.5436974442005,82.11675794422626,87.9073123884201
2025-02-10,MG92,85.04,83.94960213422775,80.43507013440131,85.51037674188613
2025-02-11,MG95,87.44,85.32420952320098,81.6210222017765,87.9987172806263
2025-02-11,MG92,86.0,83.73437406897544,79.90957855939865,85.66050005435943
2025-02-12,MG95,87.69,84.47373841583729,79.77372922837733,88.2166969037056
2025-02-12,MG92,86.17,82.93129382252692,77.88626279950142,86.07800021409989
2025-02-13,MG95,86.03,84.11736226737499,78.98148555457591,88.33380400776862
2025-02-13,MG92,84.59,82.58525643825531,77.05756052136421,86.27102018594742
2025-02-14,MG95,86.95,83.81243640303612,78.31481277823448,88.41999100446701
2025-02-14,MG92,85.55,82.28967836141587,76.35999246120453,86.41709475755691
2025-02-17,MG95,87.68,83.21949697434901,77.0446272009611,88.5598754453659
2025-02-17,MG92,86.29,81.71296771526336,75.03697891116143,86.66168869018554
2025-02-18,MG95,87.99,83.08341894745826,76.77352084100247,88.57005645632744
2025-02-18,MG92,86.6,81.58095876932144,74.74926838755607,86.69259907722473
2025-02-19,MG95,88.43,82.79725508630275,76.08895740926265,88.71734990119934
2025-02-19,MG92,87.04,81.29710704565048,74.0750780570507,86.89102736711502
2025-02-20,MG95,88.11,82.66146241307258,75.80773118555545,88.7399845612049
2025-02-20,MG92,86.72,81.16408841371536,73.78453841328621,86.93350415706634
2025-02-21,MG95,86.91,82.36912268340588,75.1952144575119,88.79738141179084
2025-02-21,MG92,85.52,80.87657782793045,73.15788829803466,87.0324933719635
2025-02-24,MG95,85.82,81.83051764905453,73.9913175547123,88.98822186350822
2025-02-24,MG92,84.43,80.34269386291504,71.96084557175637,87.29910045862198
2025-02-25,MG95,86.01,81.69917853116989,73.74598474502562,88.98349314570426
2025-02-25,MG92,84.62,80.21296920657157,71.70511510252952,87.30861749887467
2025-02-26,MG95,83.78,81.1635034674406,72.67901683449745,89.0390657711029
2025-02-26,MG92,82.55,79.68059977054595,70.62257676601409,87.42283197879792
2025-02-27,MG95,83.41,81.46107637941837,73.25831533908844,89.02208722829818
2025-02-27,MG92,81.94,79.97655772924423,71.21272823214531,87.37478692054748
2025-02-28,MG95,84.34,80.89238182067871,72.15616739869117,89.0504901087284
2025-02-28,MG92,82.75,79.41016387462616,70.09167187452316,87.46088014602661
2025-03-03,MG95,83.79,80.4821655511856,71.3479082506895,89.08916572093963
2025-03-03,MG92,82.2,78.99940661787987,69.28109895825386,87.53820609807968
2025-03-04,MG95,80.03,80.40164995849132,71.26476332783699,89.0142501938343
2025-03-04,MG92,78.44,78.91935151457787,69.17802601337432,87.46695825576782
2025-03-05,MG95,79.94,80.47828270316124,71.41540967822074,89.00711635231971
2025-03-05,MG92,78.3,78.99628758788108,69.32844923257828,87.45289263010025
2025-03-06,MG95,78.59,79.6161426693201,69.79837672650814,89.00800298690795
2025-03-06,MG92,77.03,78.12863242387772,67.70405441045762,87.5228008890152
2025-03-07,MG95,78.69,80.24533220410346,70.82049825191497,89.17999990582466
2025-03-07,MG92,76.98,78.76107073903084,68.7705677306652,87.6526804971695
2025-03-10,MG95,78.55,78.35931775808334,67.65205859482288,88.79639286518096
2025-03-10,MG92,77.31,76.8552084517479,65.52969562411309,87.38621336698532
2025-03-11,MG95,77.98,77.43465979456901,66.04988951146602,88.68327052116393
2025-03-11,MG92,76.64,75.91177685379982,63.93829054236412,87.31782463550567
2025-03-12,MG95,79.15,77.26873173654079,65.77414105892181,88.65110708713532
2025-03-12,MG92,77.74,75.74207962870598,63.66327607035637,87.29245252609253
2025-03-13,MG95,80.46,77.58351758897304,66.30102621078491,88.70822877526282
2025-03-13,MG92,79.08,76.06392953515052,64.1882428085804,87.33636886835099
2025-03-14,MG95,80.05,76.9001159542799,65.19177500247955,88.54630076408385
2025-03-14,MG92,78.62,75.36478696465493,63.07626362800598,87.20122089862824
2025-03-17,MG95,81.04,75.29441052377223,62.56231235861778,88.22423839330672
2025-03-17,MG92,79.61,73.71421028494835,60.48168052911758,86.92613644838333
2025-03-18,MG95,81.95,76.11379336893557,63.86686266958713,88.42646241784095
2025-03-18,MG92,80.52,74.5575180208683,61.77292895793915,87.107719976902
2025-03-19,MG95,80.27,75.61561683356761,63.10416329085827,88.2660427045822
2025-03-19,MG92,78.84,74.04520734667778,61.008511687517164,86.96020585298538
2025-03-20,MG95,80.97,74.82587509989737,61.73774219155311,88.2086662364006
2025-03-20,MG92,79.54,73.23074563980103,59.69127134203911,86.92015830755234
2025-03-21,MG95,81.9,74.19460655987262,60.8259098559618,87.95454861044884
2025-03-21,MG92,80.56,72.57913328766823,58.77595600008964,86.67570433139801
2025-03-24,MG95,82.07,73.97522564649582,60.43237658441066,87.96116270065308
2025-03-24,MG92,80.73,72.35221885681152,58.403791741132736,86.68491146802903
2025-03-25,MG95,83.15,73.90307703077792,60.367366905808446,87.8848815524578
2025-03-25,MG92,81.91,72.27775701403618,58.32805529475212,86.60959489107132
2025-03-26,MG95,83.45,73.22891881644725,59.337928097248074,87.69215572834014
2025-03-26,MG92,82.34,71.58022894144058,57.31900910258293,86.42289295434952
2025-03-27,MG95,83.88,72.67823720753192,58.487523232698436,87.55318849563598
2025-03-27,MG92,82.36,71.00984632730484,56.49233119487762,86.28644538879395
2025-03-28,MG95,84.1,72.73383531093597,58.5926913434267,87.54284442543982
2025-03-28,MG92,82.41,71.06749839782715,56.58946598649025,86.27616858482361
2025-03-31,MG95,84.1,72.47879538118839,58.19105097055435,87.49002342462539
2025-03-31,MG92,82.41,70.80319559454918,56.20213644385338,86.22381486654281
2025-04-01,MG95,85.57,71.6252618175745,56.87386356890201,87.29011280298232
2025-04-01,MG92,83.69,69.91816083550454,54.9307568359375,86.0225174689293
2025-04-02,MG95,85.91,72.70388846337795,58.474320530295365,87.62557660460472
2025-04-02,MG92,84.03,71.0363280916214,56.49274106740952,86.35811310052871
2025-04-03,MG95,83.12,71.10410921692848,56.11722285985946,87.1151196706295
2025-04-03,MG92,81.61,69.37752896904945,54.192641385793685,85.84532257556916
2025-04-04,MG95,77.52,71.68681158304214,56.96384169280529,87.31035253047942
2025-04-04,MG92,76.34,69.98200098156929,55.018564528226854,86.04293112039566
2025-04-07,MG95,72.28,71.69870471596717,56.99463441014289,87.29718549728393
2025-04-07,MG92,71.39,69.99434714198112,55.04515625834465,86.03005512475967
2025-04-08,MG95,73.41,69.67771798849105,54.02097920000553,86.69835045814514
2025-04-08,MG92,72.72,67.89712436676025,52.168455896377566,85.41404670000077
2025-04-09,MG95,70.34,70.28647925853728,54.88341987431049,86.91282430768013
2025-04-09,MG92,68.86,68.52898786067962,53.00681017279625,85.63516793251037
2025-04-10,MG95,72.44,70.06183968484402,54.60071083068847,86.78606613516807
2025-04-10,MG92,70.96,68.29583037137985,52.72248859524727,85.50730769634247
2025-04-11,MG95,71.93,70.24854760408401,54.936459985971446,86.7595588183403
2025-04-11,MG92,70.37,68.48963509917259,53.03068774700165,85.48472471952438
2025-04-14,MG95,74.29,69.98935475945473,54.488363018035884,86.77311311721802
2025-04-14,MG92,72.8,68.22058877110481,52.61572679758072,85.49327206134797
2025-04-15,MG95,74.65,70.5274196600914,55.26290966928005,86.95002219557762
2025-04-15,MG92,73.16,68.77906508803368,53.36696816563606,85.67558536291122
2025-04-16,MG95,75.04,70.6540504425764,55.46980126440525,86.96059047222137
2025-04-16,MG92,73.79,68.91049421429634,53.561787577867506,85.68786154508591
2025-04-17,MG95,76.74,69.9355757856369,54.35792072594165,86.82572010278702
2025-04-17,MG92,74.96,68.1647761285305,52.50278192281723,85.54350643873215
2025-04-21,MG95,76.84,69.47107607781886,53.69248108506202,86.67491069316864
2025-04-21,MG92,75.54,67.6826510667801,51.85903712391853,85.38661523103714
2025-04-22,MG95,77.15,69.66912680506705,53.90361222028732,86.83521830320358
2025-04-22,MG92,75.85,67.88824712753296,52.08092311859131,85.54704533815384
2025-04-23,MG95,78.76,68.69266696095467,52.65273387551307,86.33116144418716
2025-04-23,MG92,77.55,66.8747073328495,50.838434525728225,85.03336508989334
2025-04-24,MG95,77.62,68.92639199137687,52.91663505554199,86.49817486524582
2025-04-24,MG92,76.19,67.11733687639236,51.1098251247406,85.20152279376984
2025-04-25,MG95,78.45,69.3149315738678,53.478328258395194,86.61255072712898
2025-04-25,MG92,76.62,67.52059146642685,51.6499171590805,85.32232522487641
2025-04-25,MG95,78.45,67.06811799764633,50.34068641424179,85.84842458009719
2025-04-25,MG92,76.62,65.18964637756348,48.62298851728439,84.516075963974
2025-04-25,MG95,78.45,66.92124239206314,50.141560515165324,85.79413604617119
2025-04-25,MG92,76.62,65.03737873196602,48.43075330138206,84.45858384370804
2025-04-25,MG95,78.45,69.51405237734318,53.66048071026802,86.81362314581871
2025-04-25,MG92,76.62,67.72731717586517,51.85098962664604,85.52244298934936
2025-04-28,MG95,78.17,67.51331556856631,50.95575094282627,85.99991680026054
2025-04-28,MG92,76.29,65.65125282049179,49.214839454889294,84.67735580682755
2025-04-29,MG95,76.83,66.7458874720335,49.82896067559719,85.83544098854064
2025-04-29,MG92,75.3,64.85584518790245,48.147846283912656,84.49162356853485
2025-04-30,MG95,74.78,67.16923000991343,50.475760607719415,85.88886327028274
2025-04-30,MG92,73.34,65.29448377370834,48.753977780342105,84.55856275081635
2025-03-10,MG95,78.55,79.74418008685112,74.86462802767754,83.38560828566551
2025-03-10,MG92,77.31,77.76693222284318,72.54069667696953,82.12175914764404
2025-03-11,MG95,77.98,79.79681451559067,74.26848285198211,83.85729193925857
2025-03-11,MG92,76.64,77.77208954572679,71.964402551651,82.50914567470551
2025-03-12,MG95,79.15,79.79251821041107,74.22862946212291,83.78453616857529
2025-03-12,MG92,77.74,77.76365612983705,71.93364673733711,82.43509863138199
2025-03-13,MG95,80.46,79.85569640994072,73.56451730132103,84.40386075496673
2025-03-13,MG92,79.08,77.7806055521965,71.28862807273865,82.9603930735588
2025-03-14,MG95,80.05,79.8503870022297,73.63120852768421,84.3542281115055
2025-03-14,MG92,78.62,77.77986223697663,71.35232835173608,82.91952908992768
2025-03-17,MG95,81.04,79.87813475489617,73.29633592844009,84.62179036617279
2025-03-17,MG92,79.61,77.78572616815568,71.0316612482071,83.14262459993363
2025-03-18,MG95,81.95,79.91288980007171,72.89395130217075,84.97318685531616
2025-03-18,MG92,80.52,77.7971053147316,70.64589900255204,83.44039117097856
2025-03-19,MG95,80.27,79.92011284589768,72.79126679420472,85.04229358077049
2025-03-19,MG92,78.84,77.7979679274559,70.54883212924004,83.4969106578827
2025-03-20,MG95,80.97,79.93196989774704,72.6329366916418,85.16031064510345
2025-03-20,MG92,79.54,77.80065670967103,70.39866868972778,83.59520262479782
2025-03-21,MG95,81.9,79.98479193806648,72.00965350091457,85.72612840890883
2025-03-21,MG92,80.56,77.82492916345596,69.80443405508996,84.08035804510116
2025-03-24,MG95,82.07,79.98705265760421,71.93087070822716,85.7394300699234
2025-03-24,MG92,80.73,77.82099234580994,69.73221318125725,84.08640551090241
2025-03-25,MG95,83.15,80.01262411594391,71.63163961887359,86.02585666894913
2025-03-25,MG92,81.91,77.8358402967453,69.44766110301018,84.33451678991318
2025-03-26,MG95,83.45,80.02693887948989,71.40075542807578,86.17719354987145
2025-03-26,MG92,82.34,77.83869426012039,69.23152155518532,84.46005447149277
2025-03-27,MG95,83.88,80.0528386580944,71.06088767051696,86.47306639194488
2025-03-27,MG92,82.36,77.85312008142472,68.91104257464409,84.71510335922241
2025-03-28,MG95,84.1,80.09005141496658,70.5990395539999,86.91637379407882
2025-03-28,MG92,82.41,77.88017308473587,68.47579021811485,85.10209528684616
2025-03-31,MG95,84.1,80.07165609955787,70.81764925718308,86.69394150495529
2025-03-31,MG92,82.41,77.86529760360717,68.68195465922356,84.90675938844682
2025-04-01,MG95,85.57,80.12257388234138,70.07659758746624,87.30522693514824
2025-04-01,MG92,83.69,77.89605800628662,67.98874439120293,85.43453154802323
2025-04-02,MG95,85.91,80.12091351985931,70.12359897851944,87.28692542552947
2025-04-02,MG92,84.03,77.89713168382644,68.03204479694367,85.42039938211441
2025-04-03,MG95,83.12,80.15290129423141,69.65084124863148,87.6895398759842
2025-04-03,MG92,81.61,77.92039469718934,67.59135063886643,85.77082203626634
2025-04-04,MG95,77.52,80.1559781241417,69.59228298425674,87.7283004283905
2025-04-04,MG92,76.34,77.92160602569581,67.53710698127747,85.8037940311432
2025-04-07,MG95,72.28,80.20155835747718,68.85151273190975,88.33261608839035
2025-04-07,MG92,71.39,77.95638583660126,66.85014147877693,86.33093299627305
2025-04-08,MG95,73.41,80.18475774049759,69.18288168489933,88.10721015572548
2025-04-08,MG92,72.72,77.94794324398042,67.15624511003494,86.13729479312897
2025-04-09,MG95,70.34,80.18917599320412,69.10593748569488,88.16602638602257
2025-04-09,MG92,68.86,77.95096238851548,67.08501532316208,86.18832659482956
2025-04-10,MG95,72.44,80.2103010571003,68.76847584664822,88.4534942293167
2025-04-10,MG92,70.96,77.96953609228134,66.77255680561066,86.44064081668854
2025-04-11,MG95,71.93,80.22843371629715,68.46116807878018,88.70767977833748
2025-04-11,MG92,70.37,77.98564125537872,66.4886838054657,86.6638280940056
2025-04-14,MG95,74.29,80.2371013712883,68.33837629973888,88.83102501153945
2025-04-14,MG92,72.8,77.99605684518815,66.37520893692971,86.7738295698166
2025-04-15,MG95,74.65,80.2492398405075,68.1353242868185,89.00682644248009
2025-04-15,MG92,73.16,78.008518846035,66.1880311524868,86.929237511158
2025-04-16,MG95,75.04,80.28525188326836,67.48172306478024,89.55155666470527
2025-04-16,MG92,73.79,78.04608838319778,65.5872443318367,87.41124531269074
2025-04-17,MG95,76.74,80.26155654072761,67.96748696744442,89.18623939633369
2025-04-17,MG92,74.96,78.02522967338562,66.0333344078064,87.09021572828293
2025-04-21,MG95,76.84,80.29638663053512,67.30346861243248,89.7244876384735
2025-04-21,MG92,75.54,78.06129422664642,65.42374251365662,87.56626783132553
2025-04-22,MG95,77.15,80.30671464800834,67.12297689199447,89.88870405435561
2025-04-22,MG92,75.85,78.074820728302,65.25841911435127,87.71313223600389
2025-04-23,MG95,78.76,80.35479949593544,66.2466994857788,90.69358587384224
2025-04-23,MG92,77.55,78.14467400550842,64.45858899593354,88.43635041475297
2025-04-24,MG95,77.62,80.32505367994308,66.72751513302326,90.19707182765006
2025-04-24,MG92,76.19,78.0949452996254,64.89668613910675,87.98692918539048
2025-04-25,MG95,78.45,80.32067294955253,66.93003714323044,90.10780623793602
2025-04-25,MG92,76.62,78.0980837416649,65.08207904934883,87.91161575317383
2025-04-25,MG95,78.45,80.35728534936905,66.16344215691089,90.74406276941299
2025-04-25,MG92,76.62,78.14616981267929,64.38257813215256,88.48070155620576
2025-04-25,MG95,78.45,80.36431140303611,66.0510112273693,90.86456568717956
2025-04-25,MG92,76.62,78.15901723623276,64.28048241019249,88.59024419546128
2025-04-25,MG95,78.45,80.37085904717445,66.01328253865242,90.96363398194313
2025-04-25,MG92,76.62,78.17564547300339,64.24699193000794,88.68253458023072
2025-04-28,MG95,78.17,80.3757744705677,65.86450655579567,91.06397803544998
2025-04-28,MG92,76.29,78.18051831722259,64.11137819766999,88.77166816949845
2025-04-29,MG95,76.83,80.3684388577938,65.95216806650161,90.94250891804695
2025-04-29,MG92,75.3,78.16456915855409,64.19049538493157,88.66008829593659
2025-04-30,MG95,74.78,80.39780945062637,65.24442214250564,91.52150639533997
2025-04-30,MG92,73.34,78.20939749002457,63.54751854300499,89.18190475702286
2025-05-01,MG95,74.78,80.37733164668083,65.74208999991417,91.11268200159073
2025-05-01,MG92,73.34,78.17738905191422,63.99941290140152,88.81304605007172
2025-05-02,MG95,75.24,80.39591457366943,65.42497952699661,91.44886319160462
2025-05-02,MG92,73.73,78.21397667884827,63.71250240325928,89.11956722259522
2025-05-05,MG95,73.1,80.40522948861121,65.18625786244868,91.6416997539997
2025-05-05,MG92,71.59,78.22889804363251,63.49592237234116,89.29369569540025
2025-05-06,MG95,74.97,80.4295627105236,64.57557278931141,92.16367269158363
2025-05-06,MG92,73.46,78.27404756069184,62.94343727588654,89.76803174972535
2025-05-07,MG95,76.52,80.44446845054627,64.25414255976676,92.4805767917633
2025-05-07,MG92,74.79,78.30784546136856,62.654191299676896,90.05864047050477
2025-05-08,MG95,74.88,80.425285166502,64.72370620250702,92.05700612783431
2025-05-08,MG92,73.38,78.26745866775514,63.077729558944704,89.67164854288102
2025-05-09,MG95,76.72,80.46170057415962,63.95245844900608,92.83155115485191
2025-05-09,MG92,75.22,78.35256367206574,62.3847303557396,90.38273508310319
2025-05-12,MG95,76.72,80.43428114175796,64.64114303648472,92.20888708233834
2025-05-12,MG92,75.22,78.29196053981781,63.00495349287987,89.81289678812027
2025-05-13,MG95,77.69,80.4583329463005,64.043750243783,92.75034348249436
2025-05-13,MG92,76.19,78.34474509716034,62.46687586426735,90.30826591014862
2025-05-14,MG95,78.68,80.47107177257537,63.76266588449478,93.0354568004608
2025-05-14,MG92,77.18,78.37718484163285,62.21513518810273,90.57093148469926
2025-05-15,MG95,76.57,80.47653126955032,63.396016573905946,93.2611816728115
2025-05-15,MG92,75.07,78.38509518384934,61.882749398946764,90.77586624383927
2025-05-16,MG95,76.6,80.4933506476879,62.99673691928386,93.6733080303669
2025-05-16,MG92,75.1,78.43369515180588,61.52638939976693,91.15763661146164
2025-05-19,MG95,76.59,80.46680360913277,63.76208428859711,92.97618092179299
2025-05-19,MG92,75.09,78.3631169128418,62.212827240228656,90.51476071357727
2025-05-20,MG95,76.33,80.4883507990837,63.14717795491218,93.53530095219612
2025-05-20,MG92,74.8,78.41944368839265,61.6611175775528,91.0300433421135
2025-05-21,MG95,77.54,80.49697155117988,63.049610552787776,93.69972374081611
2025-05-21,MG92,76.05,78.44694635152817,61.576319993734366,91.18377194166185
2025-05-22,MG95,77.12,80.50483247637749,62.835480076074596,93.90922021150588
2025-05-22,MG92,75.87,78.47069573163986,61.38525127530098,91.3779699254036
2025-05-23,MG95,76.75,80.51383783221245,62.43236845493316,94.23351620793342
2025-05-23,MG92,75.5,78.49828098535538,61.02332558870316,91.6779939723015
2025-05-26,MG95,77.26,80.52060122966766,62.23783400774002,94.42892304897308
2025-05-26,MG92,76.01,78.52142470121385,60.85034420728684,91.86005114078522
2025-05-27,MG95,76.86,80.50520769953728,62.624778200984,94.01608376741409
2025-05-27,MG92,75.61,78.46955781698227,61.193705366849905,91.47528915882111
2025-05-28,MG95,76.5,80.53874326944351,61.724486512541766,94.965201369524
2025-05-28,MG92,75.17,78.58857084274293,60.395577532053,92.36131172418595
2025-04-07,MG95,72.28,76.02219260215759,72.7563448190689,79.96605557441711
2025-04-07,MG92,71.39,75.4878942167759,70.71400053977966,79.52169484138489
2025-04-08,MG95,73.41,76.4678956747055,70.16152132987976,83.25836525917053
2025-04-08,MG92,72.72,75.63024780511856,68.6463584649563,82.372852704525
2025-04-09,MG95,70.34,76.18396275043487,71.68269023895263,81.25380343437195
2025-04-09,MG92,68.86,75.52594769477845,69.86129412770272,80.6391375207901
2025-04-10,MG95,72.44,76.25752193927765,71.53395466804504,81.51517882347106
2025-04-10,MG92,70.96,75.57294235229493,69.75720332741737,80.88131835460663
2025-04-11,MG95,71.93,76.37486085891723,71.59151288509369,81.63730925559997
2025-04-11,MG92,70.37,75.67363868951797,69.84148702621461,81.02827221393585
2025-04-14,MG95,74.29,76.41298503398895,70.41211235046386,82.90714785575867
2025-04-14,MG92,72.8,75.60574942827225,68.84578089475632,82.0686341905594
2025-04-15,MG95,74.65,76.47199410438537,70.17061919689178,83.25531569480896
2025-04-15,MG92,73.16,75.63447495818139,68.6554316008091,82.37197906255723
2025-04-16,MG95,75.04,76.92678580284118,67.24930749893188,87.27738613128662
2025-04-16,MG92,73.79,75.76974385619164,66.23252210974694,85.7551211810112
2025-04-17,MG95,76.74,76.4229423236847,70.56934049606323,82.75886509895324
2025-04-17,MG92,74.96,75.6274858224392,68.98380722522735,81.95294943332672
2025-04-21,MG95,76.84,76.70308639526367,68.7182503080368,85.21164819717407
2025-04-21,MG92,75.54,75.70554937243462,67.46174090862274,84.02806751728058
2025-04-22,MG95,77.15,76.59792263031005,69.14534641742706,84.56433657646178
2025-04-22,MG92,75.85,75.65243467092515,67.80375353813172,83.47123906850815
2025-04-23,MG95,78.76,76.52451591968536,69.86667004108429,83.66301472663879
2025-04-23,MG92,77.55,75.65265308141709,68.40853219032287,82.72002528190613
2025-04-24,MG95,77.62,76.5612770318985,69.54652122974396,84.06710048675536
2025-04-24,MG92,76.19,75.65617040038109,68.14194853425026,83.05855244398117
2025-04-25,MG95,78.45,76.6944182395935,68.74260523796082,85.17001702308654
2025-04-25,MG92,76.62,75.70018921494484,67.4804923593998,83.9916293668747
2025-04-25,MG95,78.45,76.77107319831848,68.26105592250823,85.84067167282105
2025-04-25,MG92,76.62,75.72413246512413,67.08058729887009,84.55528314352036
2025-04-25,MG95,78.45,76.81556449413299,67.93230826377868,86.2916745185852
2025-04-25,MG92,76.62,75.7336014699936,66.80411146759987,84.9310583949089
2025-04-25,MG95,78.45,76.82374749183654,68.01445705890656,86.21131387710571
2025-04-25,MG92,76.62,75.74825772404671,66.87904901742935,84.86973054885864
2025-04-28,MG95,78.17,76.73105459690093,68.37276238918304,85.64663620948791
2025-04-28,MG92,76.29,75.69913811445237,67.16690039515495,84.38606961488725
2025-04-29,MG95,76.83,76.98465821743011,66.95954343795776,87.72120863914489
2025-04-29,MG92,75.3,75.79464265227318,65.9921295118332,86.12778408288956
2025-04-30,MG95,74.78,76.71397703647614,68.49259640693664,85.48279143333434
2025-04-30,MG92,73.34,75.69496101379394,67.26709165811539,84.24894422769547
2025-05-01,MG95,74.78,76.99346961021423,66.80339650154113,87.92296966552733
2025-05-01,MG92,73.34,75.78790377855302,65.8556457054615,86.29131893873215
2025-05-02,MG95,75.24,76.84555187702179,67.69614260673522,86.61539039611816
2025-05-02,MG92,73.73,75.73860216021538,66.6043659722805,85.19978520393371
2025-05-05,MG95,73.1,77.22663652896881,65.70592297554016,89.67691274642944
2025-05-05,MG92,71.59,75.89481571435928,64.94258064389228,87.75893733978272
2025-05-06,MG95,74.97,77.12157441616058,66.2308084487915,88.84148921012878
2025-05-06,MG92,73.46,75.84952738881111,65.38225461483002,87.06288130283356
2025-05-07,MG95,76.52,77.11000917434691,66.28921684741974,88.74964187622069
2025-05-07,MG92,74.79,75.84459040164948,65.4310875606537,86.98624652147294
2025-05-08,MG95,74.88,77.33676738739014,65.25434718132018,90.4430002784729
2025-05-08,MG92,73.38,75.9519755601883,64.56878473758698,88.39974462270737
2025-05-09,MG95,76.72,76.98474138736725,66.76137258052826,87.95795648574828
2025-05-09,MG92,75.22,75.77606410980225,65.8155901312828,86.31636334180833
2025-05-12,MG95,76.72,77.20250338554382,65.74511911869048,89.58478817939758
2025-05-12,MG92,75.22,75.87644193172456,64.97058723926544,87.6784257721901
2025-05-13,MG95,77.69,77.30680310726166,65.2426849079132,90.40342062950134
2025-05-13,MG92,76.19,75.92295426607133,64.54922789812089,88.35945698738098
2025-05-14,MG95,78.68,77.15147400856017,66.16523357391357,88.97489378929137
2025-05-14,MG92,77.18,75.87052209734917,65.33245702266693,87.17827484607697
2025-05-15,MG95,76.57,77.00068691253662,66.85672691345215,87.87185711860656
2025-05-15,MG92,75.07,75.79942493200302,65.90533409237862,86.2529605960846
2025-05-16,MG95,76.6,77.39076777935027,64.83270332336426,91.07923181533813
2025-05-16,MG92,75.1,75.95964267849922,64.20383445620537,88.91980730533601
2025-05-19,MG95,76.59,77.21186462402343,65.62010084152222,89.75734731674194
2025-05-19,MG92,75.09,75.87272895336152,64.86092697143555,87.8182994914055
2025-05-20,MG95,76.33,77.32034594535827,65.18715511322021,90.49838221549987
2025-05-20,MG92,74.8,75.9299479520321,64.50315693497659,88.43877639770508
2025-05-21,MG95,77.54,77.41989573955536,64.6815419626236,91.32726305007934
2025-05-21,MG92,76.05,75.97139134287835,64.07567299962044,89.1247218489647
2025-05-22,MG95,77.12,77.5206746006012,64.34213931083679,91.9538653564453
2025-05-22,MG92,75.87,76.03097645521164,63.7980550634861,89.64949855804444
2025-05-23,MG95,76.75,77.12783064365387,66.16403223037719,88.93431610107422
2025-05-23,MG92,75.5,75.84879935383798,65.32428483009339,87.13862424135209
2025-05-26,MG95,77.26,77.5467160320282,64.12975563526153,92.28075093269348
2025-05-26,MG92,76.01,76.03322426319123,63.61279291391373,89.91542243242264
2025-05-27,MG95,76.86,77.54982104301452,64.16607779502868,92.23870390892029
2025-05-27,MG92,75.61,76.04000408887863,63.64678304672241,89.88303397655487
2025-05-28,MG95,76.5,77.58615706443786,64.05173299312591,92.45684941291809
2025-05-28,MG92,75.17,76.06234111189842,63.553703775405886,90.06568885087967
2025-05-29,MG95,77.4,77.78791809082031,63.13946967601776,94.05899811744689
2025-05-29,MG92,76.07,76.15585265398026,62.781586284637456,91.3861531829834
2025-05-30,MG95,76.02,77.28899087905883,65.1556106042862,90.4813508605957
2025-05-30,MG92,74.69,75.89761864900589,64.46527181506157,88.41599800348283
2025-06-02,MG95,77.31,77.61963758468627,63.71376271247863,92.9680303287506
2025-06-02,MG92,75.47,76.05787279725075,63.25572816133499,90.4791035103798
2025-06-03,MG95,77.7,77.6006840801239,64.05307295322417,92.48208686828613
2025-06-03,MG92,75.86,76.07630118250847,63.55933694601059,90.08969580411912
2025-06-04,MG95,78.1,77.48331281661987,64.46186243534088,91.72870585441589
2025-06-04,MG92,76.26,76.00822991251945,63.89551619529725,89.46072818994523
2025-06-05,MG95,77.06,77.58111142158508,64.02601500034332,92.48147695541381
2025-06-05,MG92,75.22,76.05481505036354,63.528745826482776,90.08375321865083
2025-06-06,MG95,77.44,77.61767847061157,63.56477301120758,93.1635813331604
2025-06-06,MG92,75.6,76.0397583770752,63.119139699935914,90.63321941375733
2025-06-09,MG95,78.69,77.72123428344726,63.343661112785334,93.65601204872131
2025-06-09,MG92,76.85,76.11446386575699,62.94831084370613,91.05021054506302
2025-06-10,MG95,80.06,77.69353869438172,63.459553799629205,93.44745881080627
2025-06-10,MG92,78.18,76.10069945454597,63.04590848207474,90.87802117347718
2025-06-11,MG95,80.07,77.88596620559692,62.62118235111236,94.95728888511657
2025-06-11,MG92,77.89,76.1916901755333,62.33568761467934,92.12060396432877
2025-06-12,MG95,81.75,77.80995812416076,63.07133963584899,94.19362252235412
2025-06-12,MG92,79.62,76.1694578075409,62.725850657224655,91.498234167099
2025-06-13,MG95,85.44,77.90671248435974,62.60402162075042,95.02067361831665
2025-06-13,MG92,83.31,76.2098409974575,62.32622771024704,92.17591642141342
2025-06-16,MG95,85.14,77.66218362808227,63.64574818611145,93.13859338760375
2025-06-16,MG92,83.01,76.0910802924633,63.20652209758759,90.62548404216767
2025-06-17,MG95,85.82,77.67569412231445,63.529250206947324,93.32020880699157
2025-06-17,MG92,83.91,76.09128050208092,63.104196782112126,90.77267451286316
2025-06-18,MG95,87.49,77.84567499160767,62.746547169685364,94.70719688415527
2025-06-18,MG92,85.59,76.16707804322243,62.43864086031914,91.91287738561631
2025-06-19,MG95,88.68,77.81992003440857,62.9906925201416,94.32275771141052
2025-06-19,MG92,86.69,76.16998108267785,62.654926400184635,91.6027708888054
2025-06-20,MG95,89.81,77.87267749786376,62.59769146442413,94.96448770523071
2025-06-20,MG92,88.0,76.1760829257965,62.31005623340607,92.12287907361984
2025-06-23,MG95,89.27,78.04740829467774,62.01837126731872,96.11067109107971
2025-06-23,MG92,87.46,76.2780942761898,61.82955315113068,93.07080790996552
2025-06-24,MG95,82.55,78.01657997131348,62.121030693054195,95.90641496658324
2025-06-24,MG92,80.74,76.26020736694336,61.914874299764634,92.90214040756226
2025-06-25,MG95,81.1,78.06714729309081,61.91289330482483,96.29813612937927
2025-06-25,MG92,79.29,76.28473759531975,61.738180211782456,93.22341314077377
2025-05-01,MG95,74.78,74.71804888606071,72.10006496787071,77.7455145573616
2025-05-01,MG92,73.34,73.26811225056649,71.49910533189774,75.83493548870086
2025-05-02,MG95,75.24,74.82316386699677,71.61048669576645,78.2921142411232
2025-05-02,MG92,73.73,73.34738767385483,70.90605872035027,76.41069319486618
2025-05-05,MG95,73.1,74.81284982442855,71.59880428195,78.2873628282547
2025-05-05,MG92,71.59,73.3370012164116,70.89468869686127,76.4040136885643
2025-05-06,MG95,74.97,74.97144717216491,71.05744184970855,78.95253388643265
2025-05-06,MG92,73.46,73.4693498635292,70.23505247831345,77.10929611444473
2025-05-07,MG95,76.52,75.01695554494857,70.82719890117646,79.20563353776932
2025-05-07,MG92,74.79,73.50565875053407,69.96059383749962,77.37477151870728
2025-05-08,MG95,74.88,75.07953512907028,70.50400030970573,79.55995700359344
2025-05-08,MG92,73.38,73.55640201568603,69.57689816594124,77.74596497297287
2025-05-09,MG95,76.72,75.11875880002975,70.17950466275215,79.8832937693596
2025-05-09,MG92,75.22,73.58557677030564,69.19823835253716,78.08135662317277
2025-05-12,MG95,76.72,75.16158391714096,70.29313296318054,79.85051526069641
2025-05-12,MG92,75.22,73.63013012647629,69.31829460978508,78.05527682304383
2025-05-13,MG95,77.69,75.19799061536789,69.67850695371628,80.41144941329956
2025-05-13,MG92,76.19,73.65076315641403,68.61206796050072,78.63116567134857
2025-05-14,MG95,78.68,75.18723976373673,69.91210620045662,80.20226244449616
2025-05-14,MG92,77.18,73.64553495645524,68.87925695538522,78.41697558641434
2025-05-15,MG95,76.57,75.25719161510467,69.27751177668571,80.8306613111496
2025-05-15,MG92,75.07,73.70053596973419,68.14581831216813,79.06630403280259
2025-05-16,MG95,76.6,75.27817627906799,69.1641375386715,80.9557580780983
2025-05-16,MG92,75.1,73.7190182685852,68.01334726572037,79.19659811973573
2025-05-19,MG95,76.59,75.25673697710037,68.7799951684475,81.24680663108826
2025-05-19,MG92,75.09,73.69190681695939,67.58602934718132,79.48764624118806
2025-05-20,MG95,76.33,75.30208488941193,68.5911153638363,81.47179004192353
2025-05-20,MG92,74.8,73.73369744539261,67.36398384809495,79.72291523933411
2025-05-21,MG95,77.54,75.33981984376908,68.44156620383262,81.65319060564042
2025-05-21,MG92,76.05,73.76882605314255,67.18794738292695,79.91269540071488
2025-05-22,MG95,77.12,75.34489217758178,68.40103210568428,81.69491032838822
2025-05-22,MG92,75.87,73.77331985712051,67.14141815185548,79.95569253683091
2025-05-23,MG95,76.75,75.35788056135178,67.77483065605163,82.24690326690674
2025-05-23,MG92,75.5,73.78009553432464,66.43904271006585,80.51489136219026
2025-05-26,MG95,77.26,75.37071739912034,67.52586731910705,82.47940157651901
2025-05-26,MG92,76.01,73.79109398841858,66.1588968718052,80.75127943992615
2025-05-27,MG95,76.86,75.37565601587296,67.42191121935845,82.57614141225815
2025-05-27,MG92,75.61,73.79538670778275,66.04215413928033,80.84949615955354
2025-05-28,MG95,76.5,75.37194759607316,67.43863030910492,82.55627105712891
2025-05-28,MG92,75.17,73.79181964159012,66.06158066153526,80.82887187242508
2025-05-29,MG95,77.4,75.43758484363556,67.2837458384037,82.7872004199028
2025-05-29,MG92,76.07,73.85578203439712,65.87456322789193,81.07250773906708
2025-05-30,MG95,76.02,75.40599195957184,66.97133821368217,83.01110517978668
2025-05-30,MG92,74.69,73.8236609530449,65.53496628642083,81.29200470924378
2025-06-02,MG95,77.31,75.39730035066604,66.91758395552635,83.04493559598923
2025-06-02,MG92,75.47,73.81497060060501,65.47732931613922,81.32445801734924
2025-06-03,MG95,77.7,75.4404374742508,66.52236535549164,83.45486752986908
2025-06-03,MG92,75.86,73.85736448287965,65.02988107919693,81.74317738294602
2025-06-04,MG95,78.1,75.43551668643951,66.5690771818161,83.40649761199951
2025-06-04,MG92,76.26,73.85246850967408,65.0826701617241,81.69384171009064
2025-06-05,MG95,77.06,75.37881173849107,65.95254793286324,83.8655928516388
2025-06-05,MG92,75.22,73.79770355224609,64.41455778956414,82.1431521654129
2025-06-06,MG95,77.44,75.41412195682526,66.15946171164512,83.7352543759346
2025-06-06,MG92,75.6,73.83196662187576,64.6348284983635,82.01919661521912
2025-06-09,MG95,78.69,75.3826093029976,65.99362581372262,83.83482009887696
2025-06-09,MG92,76.85,73.8013055896759,64.4590018606186,82.11308564424515
2025-06-10,MG95,80.06,75.41554827213288,66.25108909845352,83.65641479730606
2025-06-10,MG92,78.18,73.83313815832139,64.73568991780282,81.9405725312233
2025-06-11,MG95,80.07,75.4336981344223,65.80735794901848,84.0775165629387
2025-06-11,MG92,77.89,73.85273079395294,64.24195287704468,82.36479112386704
2025-06-12,MG95,81.75,75.41780363321304,65.5948592543602,84.24347726345063
2025-06-12,MG92,79.62,73.83814778804779,64.01148368120194,82.52752103328706
2025-06-13,MG95,85.44,75.40489547967911,65.37194400072097,84.42418249845505
2025-06-13,MG92,83.31,73.82685207843781,63.76911552190781,82.70530606031419
2025-06-16,MG95,85.14,75.46693128108978,65.57131613731384,84.33898690223694
2025-06-16,MG92,83.01,73.88700260639192,63.97432237029076,82.63170909166337
2025-06-17,MG95,85.82,75.41776797533035,64.9970860517025,84.78290079832077
2025-06-17,MG92,83.91,73.84281644821168,63.35415119290352,83.06472295045853
2025-06-18,MG95,87.49,75.42021945476532,64.92501255631447,84.85221972227097
2025-06-18,MG92,85.59,73.84597260236741,63.27444737195969,83.13408839941025
2025-06-19,MG95,88.68,75.37926637649537,64.86754987835884,84.84213745594025
2025-06-19,MG92,86.69,73.80585185050964,63.22074903726578,83.11640169620514
2025-06-20,MG95,89.81,75.43205787181854,64.97950225830078,84.8206714105606
2025-06-20,MG92,88.0,73.85718088388444,63.3315641450882,83.10493987321854
2025-06-23,MG95,89.27,75.37965861320495,64.6775735938549,85.01625489711762
2025-06-23,MG92,87.46,73.80829109430313,63.012211178541186,83.28940440654755
2025-06-24,MG95,82.55,75.37337391138077,64.33380040407181,85.32272548437119
2025-06-24,MG92,80.74,73.80626276254654,62.63683429002762,83.59215040683746
2025-06-25,MG95,81.1,75.37835710048675,64.36248271346092,85.30388029336929
2025-06-25,MG92,79.29,73.81083525180817,62.667110638618475,83.57443747520448
2025-06-26,MG95,79.86,75.33426612854004,63.969769079685214,85.60030427217484
2025-06-26,MG92,78.05,73.77251551866532,62.247298421859746,83.85933940172195
2025-06-27,MG95,79.59,75.38505186796189,63.8831115102768,85.75939191579819
2025-06-27,MG92,77.78,73.8244565486908,62.14084160447121,84.02651940107346
2025-06-30,MG95,79.2,75.3238629412651,63.640838483572004,85.89197683811187
2025-06-30,MG92,77.39,73.76743594646454,61.89004100561142,84.14543909311296
2025-07-01,MG95,79.36,75.30484837532043,63.38034427881241,86.10813492298126
2025-07-01,MG92,77.65,73.75309773921967,61.60986893892289,84.35487308979035
2025-07-02,MG95,80.1,75.31107959032059,63.415895187854765,86.08416391134263
2025-07-02,MG92,78.26,73.758666908741,61.6472619342804,84.33248275518417
2025-07-03,MG95,80.19,75.22529563903808,62.93231635451317,86.41081686019898
2025-07-03,MG92,78.83,73.68245584011078,61.13929159998894,84.63667131900787
2025-07-04,MG95,80.68,75.29258206367493,63.1662944662571,86.29214742660523
2025-07-04,MG92,79.32,73.74491446971894,61.37905440211296,84.53364605426789
2025-07-07,MG95,80.11,75.31846077203751,62.994891481399534,86.49583416700364
2025-07-07,MG92,78.42,73.77418539524079,61.186113715171814,84.73928567171097
2025-07-08,MG95,79.99,75.23048386096954,62.60419697523117,86.73404665231705
2025-07-08,MG92,78.3,73.69473074436188,60.78048670649529,84.95522431850434
2025-07-09,MG95,81.39,75.24185872554779,62.4350270652771,86.91548287391663
2025-07-09,MG92,79.7,73.7099869465828,60.59363101482391,85.13552727460862
2025-07-10,MG95,80.3,75.28652022361756,62.7013290476799,86.72783326625824
2025-07-10,MG92,78.61,73.74855147838593,60.87343151211739,84.960714802742
2025-07-11,MG95,79.29,75.22924474954606,62.45791051149369,86.87358486175538
2025-07-11,MG92,77.6,73.69683776140214,60.62144189119339,85.09180448532105
2025-07-14,MG95,80.84,75.29522966146469,62.60803911209106,86.83143724441528
2025-07-14,MG92,79.15,73.75933136224747,60.769789879322055,85.06419469356537
2025-07-15,MG95,78.87,75.22037485122681,61.98547476649284,87.32060990810395
2025-07-15,MG92,77.18,73.69957426071167,60.109344950914384,85.52757232904435
2025-07-16,MG95,79.2,75.19226752519607,61.8637610411644,87.39615113258363
2025-07-16,MG92,77.51,73.67463976860047,59.98343975424767,85.59538155794144
2025-07-17,MG95,79.08,75.12567642927169,61.22131296873093,87.92969111680985
2025-07-17,MG92,77.39,73.62600352048874,59.300731261968615,86.10108313322068
2025-07-18,MG95,79.42,75.1392799115181,61.46226665377617,87.71036839485168
2025-07-18,MG92,77.73,73.63262182712555,59.559277989864356,85.89048634290695
2025-07-21,MG95,78.69,75.11123498678208,60.76321614980698,88.36938846826554
2025-07-21,MG92,77.0,73.62569752216339,58.806954878568654,86.52517058372499
2025-07-22,MG95,78.08,75.17286072254181,61.26781084775925,87.95780735731125
2025-07-22,MG92,76.39,73.67189452648164,59.340384273529054,86.13888704061509
2025-07-23,MG95,77.26,75.0701927638054,60.898649245500565,88.16676254987716
2025-07-23,MG92,75.57,73.58026114225387,58.96327630877495,86.31917251110077
2025-05-29,MG95,77.4,77.72683864831924,76.76311612129211,81.78642529249191
2025-05-29,MG92,76.07,76.08692150592805,76.27518236279488,79.17585481882095
2025-05-30,MG95,76.02,77.92506945133209,76.59087592363358,82.11500126123428
2025-05-30,MG92,74.69,76.29715464234353,75.98415719032288,79.5889103758335
2025-06-02,MG95,77.31,77.84220957756042,76.65983766317368,81.98730075359344
2025-06-02,MG92,75.47,76.20964188456536,76.11424347996712,79.41937793016434
2025-06-03,MG95,77.7,78.2025032043457,76.32577630877495,82.58979034423828
2025-06-03,MG92,75.86,76.59215848207474,75.54860065698624,80.18713525772095
2025-06-04,MG95,78.1,78.21563529968262,76.30445489287376,82.63733947277069
2025-06-04,MG92,76.26,76.60744588375091,75.54533886671067,80.22590934157371
2025-06-05,MG95,77.06,78.59665757417679,75.87414622306824,83.36690032482147
2025-06-05,MG92,75.22,77.01730237722397,74.91464841842651,81.11210370779038
2025-06-06,MG95,77.44,78.6550862789154,75.80366152524948,83.46743381023407
2025-06-06,MG92,75.6,77.07925847053528,74.7940383464098,81.24854331970215
2025-06-09,MG95,78.69,78.87857812643051,75.49891483783722,83.87624323368073
2025-06-09,MG92,76.85,77.31661643981934,74.30031620681287,81.79681083679199
2025-06-10,MG95,80.06,78.77026569843292,75.65257403254509,83.71189141273499
2025-06-10,MG92,78.18,77.20470298171044,74.59109047234058,81.53734617352485
2025-06-11,MG95,80.07,78.82908654212952,75.57251384854317,83.82063245773315
2025-06-11,MG92,77.89,77.26736699104309,74.46184651315212,81.68237038731576
2025-06-12,MG95,81.75,78.97876507043839,75.35510015487671,84.14717477560043
2025-06-12,MG92,79.62,77.43070741176605,74.16656488358974,82.07473508238793
2025-06-13,MG95,85.44,79.22333210706711,74.94126132130623,84.69227528572083
2025-06-13,MG92,83.31,77.69656124114991,73.58614543378353,82.75593847513198
2025-06-16,MG95,85.14,79.2526330947876,74.89259049296379,84.771624147892
2025-06-16,MG92,83.01,77.72995874762535,73.5329576420784,82.84243864417077
2025-06-17,MG95,85.82,79.2238883972168,74.94391965866089,84.69926995038986
2025-06-17,MG92,83.91,77.69795019030572,73.59742280483246,82.75762313604355
2025-06-18,MG95,87.49,79.4394553899765,74.50056552886963,85.24419718980789
2025-06-18,MG92,85.59,77.93537088632584,73.01024678945542,83.42770597457886
2025-06-19,MG95,88.68,79.36197602748871,74.67996910214424,85.04713368415833
2025-06-19,MG92,86.69,77.85096758246422,73.25592053174972,83.17536527633668
2025-06-20,MG95,89.81,79.36455684900284,74.67233151197433,85.05193054676056
2025-06-20,MG92,88.0,77.85349457383155,73.24295849978924,83.18395883917809
2025-06-23,MG95,89.27,79.5047966837883,74.3716612458229,85.43435722589493
2025-06-23,MG92,87.46,78.0106698524952,72.86531666576863,83.63918468475342
2025-06-24,MG95,82.55,79.55110555887222,74.24294391274452,85.56318855285645
2025-06-24,MG92,80.74,78.06116487503051,72.69131269991398,83.80618117809296
2025-06-25,MG95,81.1,79.52023601531982,74.35214549303055,85.48374849557877
2025-06-25,MG92,79.29,78.02964917063713,72.85447838187218,83.68546805500985
2025-06-26,MG95,79.86,79.51250267028809,74.36020258069038,85.45842361450195
2025-06-26,MG92,78.05,78.01997133135795,72.85632434010506,83.66293123483658
2025-06-27,MG95,79.59,79.65753024816513,73.96559223532677,85.89129942655563
2025-06-27,MG92,77.78,78.18228124141693,72.35277650535107,84.19531096577644
2025-06-30,MG95,79.2,79.77139645814896,73.55029428005219,86.29479217529297
2025-06-30,MG92,77.39,78.31092481613159,71.83417873442173,84.6960226559639
2025-07-01,MG95,79.36,79.56754803657532,74.16576093435287,85.60692572593689
2025-07-01,MG92,77.65,78.07690928578377,72.5738389647007,83.88040482878685
2025-07-02,MG95,80.1,79.75693291425705,73.5597694516182,86.25008833408356
2025-07-02,MG92,78.26,78.2924652338028,71.83371724486351,84.65615533471107
2025-07-03,MG95,80.19,79.79119491577148,73.49808052182198,86.3656325340271
2025-07-03,MG92,78.83,78.3347699368,71.77772467195987,84.7740547156334
2025-07-04,MG95,80.68,79.71704417467117,73.7732115983963,86.09065192937851
2025-07-04,MG92,79.32,78.24969456076622,72.11332167088986,84.43940757870675
2025-07-07,MG95,80.11,79.79956662654877,73.41463243961334,86.41319990158081
2025-07-07,MG92,78.42,78.34290649056435,71.66674315392972,84.8448283958435
2025-07-08,MG95,79.99,79.84769028425217,73.19024232029915,86.6256662607193
2025-07-08,MG92,78.3,78.39942327976227,71.40088484406472,85.10099542498588
2025-07-09,MG95,81.39,79.91409856081009,72.80602821707726,86.97511678934097
2025-07-09,MG92,79.7,78.4798031115532,70.95512625515461,85.5191497695446
2025-07-10,MG95,80.3,79.89184695482254,72.90492931008339,86.86797165870667
2025-07-10,MG92,78.61,78.45200620651245,71.06419908821583,85.39757639408111
2025-07-11,MG95,79.29,79.90424036979675,72.80511626601219,86.94923561811447
2025-07-11,MG92,77.6,78.4671412718296,70.94787235617638,85.4968728172779
2025-07-14,MG95,80.84,79.87429189682007,73.02906408905983,86.76451081037521
2025-07-14,MG92,79.15,78.43091210126877,71.20994465947152,85.27099384069443
2025-07-15,MG95,78.87,79.8883268237114,72.90597349405289,86.85799491405487
2025-07-15,MG92,77.18,78.4474988424778,71.06322234332562,85.38866023659706
2025-07-16,MG95,79.2,79.91584038734436,72.84594431519508,86.9603887796402
2025-07-16,MG92,77.51,78.48232114195824,71.0058901065588,85.49486556172371
2025-07-17,MG95,79.08,79.89885073900223,72.7315263748169,86.97206175327301
2025-07-17,MG92,77.39,78.45989185333252,70.85463802397251,85.53715234279633
2025-07-18,MG95,79.42,79.9271212220192,72.25099655985832,87.32052737474442
2025-07-18,MG92,77.73,78.49810139656067,70.30620024859905,85.96452751755714
2025-07-21,MG95,78.69,79.8997991681099,72.70009598135948,86.99091178178787
2025-07-21,MG92,77.0,78.46100301265717,70.81715879917145,85.56213550567627
2025-07-22,MG95,78.08,79.95256465673447,72.16238683462143,87.44138824939728
2025-07-22,MG92,76.39,78.53169604420663,70.2167474424839,86.09325174093247
2025-07-23,MG95,77.26,79.95225459337234,71.99857306480408,87.54726576805115
2025-07-23,MG92,75.57,78.53391836285591,70.03308803975582,86.22366958618164
2025-07-24,MG95,78.14,79.93030393123627,72.44950550794601,87.20939701795578
2025-07-24,MG92,76.45,78.50048501253129,70.53617886543275,85.81910006046296
2025-07-25,MG95,78.22,79.8970997929573,72.54909512400627,87.06586503982544
2025-07-25,MG92,76.53,78.45758888602256,70.63605775117874,85.66704149127007
2025-07-28,MG95,77.92,79.93665111064911,71.96724754571915,87.52875316143036
2025-07-28,MG92,76.23,78.51458956718444,69.99248591959477,86.21285370469093
2025-07-29,MG95,79.49,79.9494366645813,71.8944419324398,87.61046397686005
2025-07-29,MG92,77.8,78.53235915541649,69.91697189033032,86.30200631856918
2025-07-30,MG95,81.72,79.9558294415474,71.60470595955849,87.83129292726517
2025-07-30,MG92,80.03,78.54757486939431,69.60414917707443,86.55889918565751
2025-07-31,MG95,82.4,79.92752248048782,71.82462295889854,87.60353314876556
2025-07-31,MG92,80.71,78.50593327760697,69.83291358351708,86.30861054778099
2025-08-01,MG95,81.46,79.86971390247345,70.94289395213127,88.13360470533371
2025-08-01,MG92,79.77,78.46141521692276,68.88795322656631,86.94172941684722
2025-08-04,MG95,79.18,79.92409354448318,71.92409402132034,87.52624529600143
2025-08-04,MG92,77.49,78.49943657994271,69.94042272865772,86.21883962750435
2025-08-05,MG95,79.02,79.92680203914642,72.18301516771317,87.36243152618408
2025-08-05,MG92,77.33,78.49853152275085,70.22917181670665,86.0171552491188
2025-08-06,MG95,78.93,79.89905136823654,71.15681031346321,88.03256964683533
2025-08-06,MG92,77.24,78.49010821819306,69.1155392664671,86.81718996286392
2025-08-07,MG95,77.92,79.88177901506424,70.81238463521004,88.27123636007309
2025-08-07,MG92,76.23,78.48249140024186,68.7562091588974,87.08978243589401
2025-08-08,MG95,78.6,79.87955385446548,71.08817231655121,88.03952783346176
2025-08-08,MG92,76.45,78.46794775843621,69.03994906902314,86.83314047574997
2025-08-11,MG95,79.23,79.85152047872543,71.01774689555168,88.02774542570114
2025-08-11,MG92,77.08,78.43513271450996,68.96138383209706,86.83113322019577
2025-08-12,MG95,80.53,79.6945189833641,69.82954761385918,88.69512033462524
2025-08-12,MG92,78.38,78.29813752293587,67.74301107406616,87.5984604215622
2025-08-13,MG95,79.43,79.90118533372879,71.33894062042236,87.89523893594742
2025-08-13,MG92,77.01,78.48623708248138,69.30648841202259,86.66109896063804
2025-08-14,MG95,79.84,79.85512268543243,70.702622205019,88.29895967245102
2025-08-14,MG92,77.42,78.45368190646171,68.63921931564808,87.12937196731568
2025-08-15,MG95,80.6,79.80224776268005,70.41487428545952,88.42010325193405
2025-08-15,MG92,78.18,78.40090183854103,68.33951097071171,87.27751459598541
2025-08-18,MG95,79.42,79.80595028400421,70.56193551421165,88.30032759904861
2025-08-18,MG92,76.71,78.39801640868187,68.4885317736864,87.14622753739357
2025-08-19,MG95,79.65,79.71290391683578,69.84033599495888,88.72908139228821
2025-08-19,MG92,76.94,78.32081771850586,67.75521590471268,87.63105144143104
2025-08-20,MG95,80.77,79.8510827422142,70.5941091477871,88.3820019364357
2025-08-20,MG92,78.16,78.45380735993386,68.52809890270234,87.22172364473343
2025-06-26,MG95,79.86,81.64438828229903,76.42828055620193,86.76497741937636
2025-06-26,MG92,78.05,79.5781663119793,73.4021375566721,83.8250914156437
2025-06-27,MG95,79.59,81.64282208681107,76.3070019185543,86.87683471441268
2025-06-27,MG92,77.78,79.58858253121376,73.30435080885887,83.9637632417679
2025-06-30,MG95,79.2,81.66172277927399,76.31710484623909,86.8914138674736
2025-06-30,MG92,77.39,79.61002935647966,73.30980939924717,83.95438675403595
2025-07-01,MG95,79.36,81.79714068174361,75.51148579120635,87.82703198194503
2025-07-01,MG92,77.65,79.84622799754143,72.63947559535504,84.90074091553689
2025-07-02,MG95,80.1,81.83060119152069,75.42073346376418,87.95540200471878
2025-07-02,MG92,78.26,79.89355468511582,72.56131141662598,85.00945902228356
2025-07-03,MG95,80.19,81.88144453763961,74.90039401650428,88.52395030260085
2025-07-03,MG92,78.83,79.9972631764412,72.13425115406514,85.62815597891809
2025-07-04,MG95,80.68,81.88833773136139,74.94830799698829,88.48521113395691
2025-07-04,MG92,79.32,80.00135593771935,72.17173347473145,85.57148115992547
2025-07-07,MG95,80.11,82.15289908647537,73.40867015719414,90.34422717094421
2025-07-07,MG92,78.42,80.42302377462387,70.89401215732099,87.44915118455887
2025-07-08,MG95,79.99,82.2211542725563,73.1809095621109,90.65794966220855
2025-07-08,MG92,78.3,80.51662796616554,70.70062209784984,87.7322700726986
2025-07-09,MG95,81.39,82.19167692661284,73.34055998921394,90.45887848138808
2025-07-09,MG92,79.7,80.4721369099617,70.83306498706341,87.53360573887825
2025-07-10,MG95,80.3,82.16335005760192,73.40163677930832,90.36346623897552
2025-07-10,MG92,78.61,80.43551000475884,70.88662061154842,87.45788492918015
2025-07-11,MG95,79.29,82.331909430027,72.68013305664061,91.30766942501067
2025-07-11,MG92,77.6,80.67546113133432,70.2825885951519,88.35958734869958
2025-07-14,MG95,80.84,82.35230864286422,72.55838552713394,91.45946470499038
2025-07-14,MG92,79.15,80.70630334854127,70.1821883404255,88.51337309002876
2025-07-15,MG95,78.87,82.58727663755417,71.4110168159008,92.96001533269882
2025-07-15,MG92,77.18,81.03999099612237,69.23159018397332,89.9821072626114
2025-07-16,MG95,79.2,82.72063528299331,70.90460877418518,93.66725894212722
2025-07-16,MG92,77.51,81.21763384938241,68.8084809011221,90.6401533305645
2025-07-17,MG95,79.08,82.5188184261322,71.73301017284393,92.53195090293883
2025-07-17,MG92,77.39,80.94444912314415,69.49826241016389,89.56620520949365
2025-07-18,MG95,79.42,82.73957464694976,70.75232526659966,93.85920490026473
2025-07-18,MG92,77.73,81.24710551142694,68.68526326596738,90.84137918472291
2025-07-21,MG95,78.69,82.63113977909087,71.17936490178107,93.26428264379501
2025-07-21,MG92,77.0,81.10228981733323,69.0409884953499,90.28361994624139
2025-07-22,MG95,78.08,83.06039335727691,69.34094143509864,95.82934347391128
2025-07-22,MG92,76.39,81.67695887088776,67.522701664567,92.72632732987405
2025-07-23,MG95,77.26,82.79799760580062,70.42730586528778,94.29058541059493
2025-07-23,MG92,75.57,81.32975471377374,68.41950316786766,91.27164843678476
2025-07-24,MG95,78.14,83.18177350759505,68.91727588772773,96.45985317230225
2025-07-24,MG92,76.45,81.8318127000332,67.17106919646264,93.30049542188645
2025-07-25,MG95,78.22,82.91509488821029,70.06581441164016,94.82897961139679
2025-07-25,MG92,76.53,81.4788994717598,68.11496108472348,91.7484882080555
2025-07-28,MG95,77.92,83.32751669883727,68.35736583471298,97.28798387050628
2025-07-28,MG92,76.23,82.01931409835817,66.71060992240906,94.06943358063698
2025-07-29,MG95,79.49,83.26783691644668,68.54499992132186,96.99838272333145
2025-07-29,MG92,77.8,81.94479370594026,66.86675868988037,93.8123930490017
2025-07-30,MG95,81.72,83.38141509294509,68.04668872356415,97.72582252025603
2025-07-30,MG92,80.03,82.09365490078926,66.46098929286003,94.50474080443384
2025-07-31,MG95,82.4,83.20423197746277,68.74819928407669,96.68710620403289
2025-07-31,MG92,80.71,81.86503684759141,67.0358899229765,93.53489816308023
2025-08-01,MG95,81.46,83.28886454105377,68.45480833053588,97.12982712984085
2025-08-01,MG92,79.77,81.97229933023453,66.79311261713505,93.9370284998417
2025-08-04,MG95,79.18,83.4623835325241,67.83295621275902,98.07244478464126
2025-08-04,MG92,77.49,82.19220254302026,66.28128588080406,94.79856892704964
2025-08-05,MG95,79.02,83.31870926618575,68.38044304847716,97.25084956884383
2025-08-05,MG92,77.33,82.00854815125466,66.73008598387241,94.03801478505136
2025-08-06,MG95,78.93,83.67748404741286,66.96762353777885,99.38263498544693
2025-08-06,MG92,77.24,82.46800550222397,65.57783662855626,96.02203989028932
2025-08-07,MG95,77.92,83.60875513553619,67.22921685576438,98.97990038394927
2025-08-07,MG92,76.23,82.38080983757973,65.7907169276476,95.65035478234292
2025-08-08,MG95,78.6,83.43834919929503,67.84772388935089,98.03035086393356
2025-08-08,MG92,76.45,82.16546253919601,66.29718432068826,94.78144171357155
2025-08-11,MG95,79.23,83.45780096054077,67.7874833703041,98.12499934434891
2025-08-11,MG92,77.08,82.18956540584564,66.24721576988698,94.86506448268891
2025-08-12,MG95,80.53,83.6627115368843,67.06506603360175,99.24275052547455
2025-08-12,MG92,78.38,82.4471541595459,65.65502724051476,95.88122243642808
2025-08-13,MG95,79.43,83.4273278236389,67.96628585457802,97.8712660074234
2025-08-13,MG92,77.01,82.14749408841134,66.39042933225632,94.61251370072365
2025-08-14,MG95,79.84,83.64044642448425,67.0616581082344,99.22564805746077
2025-08-14,MG92,77.42,82.42344828128816,65.65668135881424,95.89057056784631
2025-08-15,MG95,80.6,83.66446142196655,67.01437737345695,99.30974888801575
2025-08-15,MG92,78.18,82.45164390921593,65.61599477469922,95.95559159517289
2025-08-18,MG95,79.42,83.67576316595077,66.96262041330337,99.38745925426483
2025-08-18,MG92,76.71,82.46642700076104,65.57434880197049,96.02977171182633
2025-08-19,MG95,79.65,83.96281199455261,65.95558088421821,100.9846596121788
2025-08-19,MG92,76.94,82.8247468328476,64.75457249879838,97.47650138497353
2025-08-20,MG95,80.77,83.69561131000518,66.83229748010635,99.57525769472122
2025-08-20,MG92,78.16,82.49439577817917,65.47123106718064,96.2186531174183
2025-08-21,MG95,81.77,83.66270186901092,66.99585856199263,99.33194632530211
2025-08-21,MG92,79.01,82.45069869875908,65.6022041541338,95.9832673573494
2025-08-22,MG95,82.69,83.76979290246963,66.65974527597427,99.87100760936737
2025-08-22,MG92,79.93,82.58263117432595,65.32566393077374,96.45996534705162
2025-08-25,MG95,81.54,84.16992684602737,65.20614667534828,102.19362717866896
2025-08-25,MG92,79.6,83.08336586594582,64.14991664350033,98.57578114628792
2025-08-26,MG95,81.12,83.78360829353332,66.54642329812049,100.03244175910949
2025-08-26,MG92,79.18,82.60327457070352,65.23685195624829,96.62607663273812
2025-08-27,MG95,79.35,83.98665297031403,65.85042342543602,101.1479983329773
2025-08-27,MG92,77.41,82.85555124163628,64.67051493287087,97.63082589626313
2025-08-28,MG95,80.24,83.8825589776039,66.18399889469146,100.60453816652297
2025-08-28,MG92,78.3,82.72756974577905,64.94286787390709,97.1488536322117
2025-08-29,MG95,81.37,83.99022041559219,65.88538245558738,101.10443489551544
2025-08-29,MG92,79.43,82.85747947096826,64.69625773966312,97.57687328338623
2025-09-01,MG95,81.25,84.03627816438674,65.6488289296627,101.46612937450408
2025-09-01,MG92,79.31,82.91875746488572,64.50881305396557,97.92683745503426
2025-09-02,MG95,82.72,84.15591809749603,65.24838078022003,102.12272299528121
2025-09-02,MG92,80.78,83.06635207772256,64.18434120833874,98.51390766978264
2025-09-03,MG95,82.95,83.95176161527633,65.9370040655136,100.99911308288574
2025-09-03,MG92,80.73,82.81402814626695,64.74265339493752,97.50715456008912
2025-09-04,MG95,81.45,83.83243105411529,66.42410536408424,100.23961461782454
2025-09-04,MG92,79.28,82.66167912483216,65.13458018481732,96.79877603530885
2025-09-05,MG95,81.6,84.13071395158767,65.31292833685875,102.01095271110533
2025-09-05,MG92,79.24,83.03636054992677,64.23771251678467,98.42035073876382
2025-09-08,MG95,81.23,84.19885312318802,65.06557096242904,102.41384199857711
2025-09-08,MG92,78.87,83.1214011347294,64.03880242824555,98.78652526974679
2025-09-09,MG95,81.58,84.03171492815017,65.65811975598335,101.44928793907165
2025-09-09,MG92,79.22,82.91343593001366,64.51670083522797,97.91368012547494
2025-09-10,MG95,81.84,84.25920965671538,64.82809898853301,102.79837199449538
2025-09-10,MG92,79.48,83.19767961859704,63.849207388758664,99.1412343978882
2025-09-11,MG95,82.05,84.28744951486587,64.75584613680839,102.92494379281997
2025-09-11,MG92,79.69,83.231215685606,63.789682760238655,99.24706961274148
2025-09-12,MG95,81.4,84.31744892597197,64.67659374475478,103.0631363749504
2025-09-12,MG92,79.14,83.26695409297943,63.724609746336945,99.36356680154802
2025-09-15,MG95,83.32,84.32542492151259,64.64693754315375,103.11192046403885
2025-09-15,MG92,81.06,83.27692606329919,63.70090386807919,99.40804840564729
2025-09-16,MG95,83.4,84.67332334518431,63.477042686939235,105.09705390930175
2025-09-16,MG92,81.14,83.70442584872247,62.76377968668938,101.17769977927209
2025-09-17,MG95,83.21,84.59820396900176,63.69940377473831,104.70704222917556
2025-09-17,MG92,81.74,83.61397866010667,62.9429585069418,100.84022183775903
2025-07-24,MG95,78.14,75.1303233063221,72.06765328884126,76.95712554216385
2025-07-24,MG92,76.45,74.27024156212806,69.96936080932616,75.57607182741164
2025-07-25,MG95,78.22,75.16685981154443,71.8258833038807,77.16367146253586
2025-07-25,MG92,76.53,74.24449034750461,69.76734192252158,75.77852312922477
2025-07-28,MG95,77.92,75.2600384914875,71.0782388329506,77.77911862373352
2025-07-28,MG92,76.23,74.16550253927707,69.1341872549057,76.38005744934081
2025-07-29,MG95,79.49,75.25609656453133,71.19497236847877,77.70332863092423
2025-07-29,MG92,77.8,74.18300633847713,69.23434087693691,76.30697931289671
2025-07-30,MG95,81.72,75.32186135292054,70.56790204882623,78.21079646587373
2025-07-30,MG92,80.03,74.11928368091583,68.69602022588252,76.80182423830031
2025-07-31,MG95,82.4,75.43290304064752,69.78636897921562,78.9324546122551
2025-07-31,MG92,80.71,74.07360984563827,68.01606564223766,77.50843540549278
2025-08-01,MG95,81.46,75.38349540710449,69.98156343936921,78.7024781727791
2025-08-01,MG92,79.77,74.06819564938544,68.18642814695835,77.28125537037849
2025-08-04,MG95,79.18,75.47438997983933,69.65803531050682,79.10458235263825
2025-08-04,MG92,77.49,74.08488416612147,67.903664765954,77.67910420417785
2025-08-05,MG95,79.02,75.50056971669197,69.45268670439721,79.29498295068741
2025-08-05,MG92,77.33,74.0749070906639,67.72233873903751,77.86520481348037
2025-08-06,MG95,78.93,75.56179852604866,68.71573977589608,79.92439263820648
2025-08-06,MG92,77.24,74.02202183425426,67.06526161193847,78.47706304192542
2025-08-07,MG95,77.92,75.63027569174767,68.42500884771347,80.28034495830536
2025-08-07,MG92,76.23,74.04107962489127,66.80287578821182,78.82789575219154
2025-08-08,MG95,78.6,75.65075897574425,68.65565302014352,80.16485939264298
2025-08-08,MG92,76.45,74.0870417368412,67.0104575139284,78.71999019026755
2025-08-11,MG95,79.23,75.64101467967033,68.36249062299729,80.34869318246842
2025-08-11,MG92,77.08,74.04233182668685,66.74624293506145,78.89493809580802
2025-08-12,MG95,80.53,75.7237490952015,67.96234819650651,80.8242756175995
2025-08-12,MG92,78.38,74.06582637548446,66.38136574566364,79.36252285838127
2025-08-13,MG95,79.43,75.78839946031572,67.57868265628815,81.25719682455063
2025-08-13,MG92,77.01,74.08097441375254,66.02852410733699,79.78673999905585
2025-08-14,MG95,79.84,75.85672005414963,67.39830265760422,81.55254662275316
2025-08-14,MG92,77.42,74.124977145195,65.85986423671245,80.07959306359291
2025-08-15,MG95,80.6,75.83539404511453,67.49538642406463,81.42903905153275
2025-08-15,MG92,78.18,74.11523429453372,65.9501353740692,79.95814750671386
2025-08-18,MG95,79.42,75.90827364325524,66.96522027373314,82.00958910703659
2025-08-18,MG92,76.71,74.13110302448273,65.45681290984153,80.52513366937636
2025-08-19,MG95,79.65,75.98526555538179,66.63557663202286,82.45567156076432
2025-08-19,MG92,76.94,74.17616877615451,65.14518132269382,80.96376464366912
2025-08-20,MG95,80.77,75.9626363158226,66.87581313371659,82.2089879822731
2025-08-20,MG92,78.16,74.17539403259754,65.3706091761589,80.72404457330703
2025-08-21,MG95,81.77,76.03104901075363,66.53007022023202,82.65101798772812
2025-08-21,MG92,79.01,74.21269883573055,65.04341965734957,81.15758566260337
2025-08-22,MG95,82.69,76.11840229630471,66.11000172138215,83.21104791879654
2025-08-22,MG92,79.93,74.26820560812949,64.64176467061043,81.70695091366767
2025-08-25,MG95,81.54,76.1314484167099,66.05071624517441,83.293008685112
2025-08-25,MG92,79.6,74.27732235789298,64.58467237651348,81.78738010525703
2025-08-26,MG95,81.12,76.16774545907975,65.59243960618973,83.77686179876328
2025-08-26,MG92,79.18,74.28341220259665,64.14636571347712,82.25624409556389
2025-08-27,MG95,79.35,76.32134706377984,65.24594146370889,84.4674634552002
2025-08-27,MG92,77.41,74.42836131691932,63.79970400631427,82.94029761314391
2025-08-28,MG95,80.24,76.29276348829269,65.2900993347168,84.35609480857849
2025-08-28,MG92,78.3,74.39954716265201,63.84505353033542,82.82941018939017
2025-08-29,MG95,81.37,76.38186208963394,64.89656055688859,84.94010786533356
2025-08-29,MG92,79.43,74.47744042038917,63.456127760410304,83.40180153965949
2025-09-01,MG95,81.25,76.40590047597885,64.77998819828034,85.10983176708223
2025-09-01,MG92,79.31,74.49899360597134,63.340420711040494,83.56785791158676
2025-09-02,MG95,82.72,76.3894880604744,64.70501330018044,85.13828179597856
2025-09-02,MG92,80.78,74.47708457887173,63.269522666931145,83.59261367082595
2025-09-03,MG95,82.95,76.43557084441186,64.8301234304905,85.13829100608827
2025-09-03,MG92,80.73,74.53469036579132,63.38568014860152,83.5995503282547
2025-09-04,MG95,81.45,76.60845841884614,64.09471459031106,86.29175593614579
2025-09-04,MG92,79.28,74.70708882451056,62.645331602096554,84.72928858995436
2025-09-05,MG95,81.6,76.59945553660393,64.08741097331047,86.27553693294526
2025-09-05,MG92,79.24,74.69630547523498,62.639336348175995,84.7124063873291
2025-09-08,MG95,81.23,76.62971535205841,63.858903546333316,86.58285987377167
2025-09-08,MG92,78.87,74.72605652868747,62.409669926762575,85.01085382103919
2025-09-09,MG95,81.58,76.6558490383625,64.02430790662766,86.4854721736908
2025-09-09,MG92,79.22,74.76109115302562,62.56951483726501,84.92181236386298
2025-09-10,MG95,81.84,76.7021436548233,63.65205369234086,86.98384042024612
2025-09-10,MG92,79.48,74.80817484140395,62.19430473089218,85.40531540393829
2025-09-11,MG95,82.05,76.64655143260957,63.845240348577505,86.64089277505875
2025-09-11,MG92,79.69,74.74574492454528,62.393805701136586,85.0689415705204
2025-09-12,MG95,81.4,76.72343742847443,63.47215261936188,87.22570711135864
2025-09-12,MG92,79.14,74.83084059476852,62.01209585666656,85.63971136450766
2025-09-15,MG95,83.32,76.80286541461945,63.23948682785035,87.68157991170884
2025-09-15,MG92,81.06,74.92479626834393,61.76738499641418,86.08760322690009
2025-09-16,MG95,83.4,76.76934982538224,63.51926233053208,87.29901037454606
2025-09-16,MG92,81.14,74.88715364098549,62.05222937464713,85.71696050405501
2025-09-17,MG95,83.21,76.83305154919624,62.984822689294816,88.03436395406723
2025-09-17,MG92,81.74,74.96027231633663,61.506719824075695,86.42913901448249
2025-09-18,MG95,82.22,76.79046860694886,63.29064438223839,87.594378592968
2025-09-18,MG92,80.53,74.91011217534542,61.82055402517318,86.00237242698668
2025-09-19,MG95,80.89,76.88243155241013,62.90587823390961,88.25348167419435
2025-09-19,MG92,79.2,75.0213554406166,61.419092724323264,86.64615729689598
2025-09-22,MG95,79.8,76.94086048841477,63.030845607519154,88.27649773836137
2025-09-22,MG92,77.81,75.09422637820244,61.535624064803116,86.67754341959953
2025-09-23,MG95,79.23,76.83483831048012,63.03053706884385,87.9901554274559
2025-09-23,MG92,77.24,74.96271365940571,61.55245221555232,86.3872398018837
2025-09-24,MG95,80.23,77.08461648583413,62.39664666295052,89.37170872449876
2025-09-24,MG92,78.24,75.27925946295261,60.8672906345129,87.74548236966132
2025-09-25,MG95,81.05,77.0090659558773,62.633083994388585,88.89844723701478
2025-09-25,MG92,79.25,75.18095711767673,61.12148309469222,87.28190645456313
2025-09-26,MG95,81.84,77.17793331742287,62.195244588851935,89.86077476024629
2025-09-26,MG92,80.15,75.40222748100757,60.64403386473655,88.22697648167609
2025-09-29,MG95,81.78,77.0313728415966,62.593462102413184,89.00377405166627
2025-09-29,MG92,79.91,75.20947849094867,61.077340729236596,87.38598334193229
2025-09-30,MG95,79.2,77.0363647210598,62.475627958774574,89.14944114685059
2025-09-30,MG92,77.33,75.216874589324,60.95645370841026,87.52567140698432
2025-10-01,MG95,79.57,77.19575027465821,61.886134886741644,90.27041280984879
2025-10-01,MG92,76.94,75.43181187450885,60.322465741038314,88.62003271579742
2025-10-02,MG95,78.13,77.16513126492501,62.00827936172486,90.04169815540314
2025-10-02,MG92,76.23,75.38934962153434,60.45419466733932,88.39712277889251
2025-10-03,MG95,77.05,77.20896678209306,62.143244309425356,90.00737207651139
2025-10-03,MG92,75.25,75.44334294140339,60.58485156476497,88.37179046630858
2025-10-06,MG95,78.05,77.27685450077057,61.60951384663582,90.82779022932053
2025-10-06,MG92,75.75,75.54530730128288,60.020284223556516,89.16423601269722
2025-10-07,MG95,78.93,77.22897114038467,61.89262340903282,90.35619577169419
2025-10-07,MG92,76.47,75.47493175864219,60.32279005229473,88.7073084783554
2025-10-08,MG95,79.45,77.32711406946183,61.400154237747195,91.2238709974289
2025-10-08,MG92,76.99,75.61837642908095,59.79232944488525,89.54954481124877
2025-10-09,MG95,80.3,77.38703504323959,61.27665587663651,91.5465932416916
2025-10-09,MG92,77.55,75.7024451136589,59.651055858135216,89.86671221137046
2025-10-10,MG95,79.46,77.25591071128845,61.56186073899269,90.82550612211229
2025-10-10,MG92,76.59,75.51917772352695,59.97495722115039,89.15847047924994
2025-10-13,MG95,78.69,77.51342537879944,60.96147671222687,92.3039405632019
2025-10-13,MG92,75.95,75.88495127320289,59.29348468065261,90.60837602019309
2025-10-14,MG95,78.36,77.41138657331467,61.131642699241645,91.79590170145035
2025-10-14,MG92,75.62,75.740614746809,59.49408470571041,90.10788267374038
2025-10-15,MG95,78.5,77.4251096367836,60.98463092803956,92.01895213842393
2025-10-15,MG92,75.76,75.76511826395988,59.33679374635219,90.3221623277664
2025-08-21,MG95,81.77,78.38650928676128,74.47889861941337,84.12363775968551
2025-08-21,MG92,79.01,75.82096504688262,72.11772325515747,82.43578192710876
2025-08-22,MG95,82.69,78.33810183048247,74.75963779449462,83.79600762248039
2025-08-22,MG92,79.93,75.82329905509948,72.47287451744079,82.09293894767761
2025-08-25,MG95,81.54,78.498696154356,73.67735683739186,85.0902944624424
2025-08-25,MG92,79.6,75.81813255786895,71.10479164123535,83.43507287025452
2025-08-26,MG95,81.12,78.41756130993366,73.75604121983051,84.9957518839836
2025-08-26,MG92,79.18,75.77258445739746,71.21852911949158,83.32959992408752
2025-08-27,MG95,79.35,78.35942421972752,75.3324200439453,83.14059329152107
2025-08-27,MG92,77.41,75.9102676486969,73.17030971527099,81.41568523406983
2025-08-28,MG95,80.24,78.42213486373424,73.39767198681831,85.4424677336216
2025-08-28,MG92,78.3,75.74896019458771,70.77252390861511,83.78226707458495
2025-08-29,MG95,81.37,78.46396121680736,73.49768838703632,85.31534219503402
2025-08-29,MG92,79.43,75.78279166698455,70.88858607769012,83.65887677192687
2025-09-01,MG95,81.25,78.51153580486773,72.13456715524197,87.0911905503273
2025-09-01,MG92,79.31,75.7513640832901,69.17206512451172,85.44325167655944
2025-09-02,MG95,82.72,78.51973450183868,71.8218179178238,87.5190729868412
2025-09-02,MG92,80.78,75.75161565303802,68.77482251644135,85.86837659835815
2025-09-03,MG95,82.95,78.48173067688941,72.17499737083912,87.03742481470107
2025-09-03,MG92,80.73,75.73206775188446,69.22884534835815,85.38617329597473
2025-09-04,MG95,81.45,78.51404403805732,71.49436590850353,87.97596619725226
2025-09-04,MG92,79.28,75.74555002689361,68.35993275642394,86.31895665168761
2025-09-05,MG95,81.6,78.54984292864799,72.17582542479037,87.03403557062148
2025-09-05,MG92,79.24,75.77836590290069,69.21677931785584,85.39110219955444
2025-09-08,MG95,81.23,78.48574577569961,72.45283835709094,86.66430948138236
2025-09-08,MG92,78.87,75.7429085445404,69.57811733245849,85.01539675712586
2025-09-09,MG95,81.58,78.54032030820846,71.25885677337646,88.30902682781219
2025-09-09,MG92,79.22,75.76468796253204,68.05469479560851,86.65019947052002
2025-09-10,MG95,81.84,78.5617582398653,70.1326119285822,89.96992974042892
2025-09-10,MG92,79.48,75.80980280399322,66.60167917728424,88.27822843551635
2025-09-11,MG95,82.05,78.56479604244232,70.9073526853323,88.8152759051323
2025-09-11,MG92,79.69,75.7867841720581,67.60021075248719,87.15033876419066
2025-09-12,MG95,81.4,78.49211986541748,72.10036178708076,87.13830296874046
2025-09-12,MG92,79.14,75.73739730358123,69.1325919675827,85.48763976097106
2025-09-15,MG95,83.32,78.51297045648097,71.46163852035998,88.02210613369941
2025-09-15,MG92,81.06,75.7447766828537,68.31847499370575,86.36431374549865
2025-09-16,MG95,83.4,78.54582301557063,71.13219340443611,88.49035138607024
2025-09-16,MG92,81.14,75.769779920578,67.89178009033203,86.82913078308106
2025-09-17,MG95,83.21,78.57026986420153,70.6056281197071,89.25864102482795
2025-09-17,MG92,81.74,75.79818866729735,67.21133982658385,87.58508855819701
2025-09-18,MG95,82.22,78.52804874122143,70.60935917675495,89.25418301343917
2025-09-18,MG92,80.53,75.7676508951187,67.22402546405792,87.57558481216431
2025-09-19,MG95,80.89,78.51337966918945,70.87593959212303,88.86250386595725
2025-09-19,MG92,79.2,75.75073981761932,67.56955651283263,87.19032903671264
2025-09-22,MG95,79.8,78.52075031220913,70.86382689595222,88.87998928427696
2025-09-22,MG92,77.81,75.75623708248138,67.55262214183807,87.20837683677674
2025-09-23,MG95,79.23,78.56637993633747,70.32180781364441,89.68306681752205
2025-09-23,MG92,77.24,75.80517671585082,66.8457670545578,87.99914441108703
2025-09-24,MG95,80.23,78.63328380703926,69.05359985888003,91.66615974545478
2025-09-24,MG92,78.24,75.93270860195159,65.17964390754699,89.93265358924866
2025-09-25,MG95,81.05,78.57786677777767,69.95936089634895,90.23497440457344
2025-09-25,MG92,79.25,75.8300448513031,66.37384550094605,88.53816520690917
2025-09-26,MG95,81.84,78.5562459039688,69.9456161636114,90.2565712070465
2025-09-26,MG92,80.15,75.8148062467575,66.35996723651886,88.55658570289611
2025-09-29,MG95,81.78,78.58288805842399,70.4541857177019,89.48388132810592
2025-09-29,MG92,79.91,75.81223464488983,67.01373644828796,87.80672150611878
2025-09-30,MG95,79.2,78.55498938024044,70.36516991794109,89.61804532527923
2025-09-30,MG92,77.33,75.79522107601166,66.9039402294159,87.93432327270507
2025-10-01,MG95,79.57,78.60242435455322,69.58266374826431,90.82089960336685
2025-10-01,MG92,76.94,75.87020749568939,65.87861647605895,89.11033730506897
2025-10-02,MG95,78.13,78.56277405023575,69.6651273304224,90.69210832834243
2025-10-02,MG92,76.23,75.83542564868927,65.9935326051712,88.98062048912048
2025-10-03,MG95,77.05,78.59982946455479,69.31794645428657,91.240771099329
2025-10-03,MG92,75.25,75.88658282279968,65.53275465965271,89.51707900047302
2025-10-06,MG95,78.05,78.58103456556796,69.01240417480469,91.73363651394844
2025-10-06,MG92,75.75,75.89631484508514,65.13489710330963,89.99185633659363
2025-10-07,MG95,78.93,78.58514594972134,69.21468042373657,91.40648780345916
2025-10-07,MG92,76.47,75.88324253559112,65.39999571323395,89.67581951141356
2025-10-08,MG95,79.45,78.58303248643875,68.5533878725767,92.49029488325118
2025-10-08,MG92,76.99,75.93968267440796,64.52863264560699,90.72284348487854
2025-10-09,MG95,80.3,78.55396875560284,69.76722349405289,90.53287162780761
2025-10-09,MG92,77.55,75.82283318519592,66.12824820518493,88.82490813255309
2025-10-10,MG95,79.46,78.56953328132629,68.8505629557371,91.99821900844573
2025-10-10,MG92,76.59,75.90143009662629,64.9237741804123,90.24624925613404
2025-10-13,MG95,78.69,78.58409162521362,69.24016715407372,91.36556653261184
2025-10-13,MG92,75.95,75.88049856185913,65.43361288547516,89.63609012603759
2025-10-14,MG95,78.36,78.57588329970837,69.87926593363285,90.35861441373825
2025-10-14,MG92,75.62,75.83281211853027,66.27008229732513,88.65818261146545
2025-10-15,MG95,78.5,78.61971238791942,69.66013974964618,90.69894458770752
2025-10-15,MG92,75.76,75.87818318843841,65.97660289287568,88.99400027275085
2025-10-16,MG95,78.98,78.5800091266632,69.16173311352729,91.49180624604224
2025-10-16,MG92,76.24,75.88345217704773,65.33140568733215,89.75780329704284
2025-10-17,MG95,77.59,78.63024119019508,68.17562677145004,93.12832008123398
2025-10-17,MG92,74.81,76.01654654979706,64.01887779712676,91.34309335708618
2025-10-20,MG95,77.59,78.60038791954517,68.55419666945934,92.48885060310363
2025-10-20,MG92,74.81,75.95305779933929,64.52657815933227,90.72345843315124
2025-10-21,MG95,77.65,78.58180484831333,69.20328505337238,91.42485904693604
2025-10-21,MG92,74.87,75.88158403873443,65.38563294410706,89.69321509361266
2025-10-22,MG95,78.59,78.61712231218814,68.71495467841625,92.22141806244849
2025-10-22,MG92,75.58,75.95042097568512,64.73617302894591,90.46729520797729
2025-10-23,MG95,81.1,78.61814293682575,68.2944573277235,92.92604383230208
2025-10-23,MG92,78.09,75.99389129638672,64.17899262428283,91.14691554069519
2025-10-24,MG95,82.82,78.60939059913159,68.33492124319076,92.85751755356789
2025-10-24,MG92,79.91,75.98267780780792,64.23427740573882,91.07990481376648
2025-10-27,MG95,82.51,78.6008356463909,69.24388858258723,91.35937538504601
2025-10-27,MG92,79.91,75.89289070129394,65.43546704769135,89.63204637527465
2025-10-28,MG95,82.08,78.623799700737,68.31846126377582,92.88535364627838
2025-10-28,MG92,79.26,75.99571750640868,64.2098471879959,91.10835083007812
2025-10-29,MG95,82.28,78.60813407540321,68.02333224415779,93.38956147432327
2025-10-29,MG92,79.46,76.01666301727295,63.8200631570816,91.59210082054138
2025-10-30,MG95,82.62,78.59962726533412,68.20459903120994,93.0788775575161
2025-10-30,MG92,79.8,75.98924657344818,64.06287920951843,91.29204333305358
2025-10-31,MG95,81.78,78.6042248904705,68.74082173585892,92.17871551275253
2025-10-31,MG92,78.96,75.93806144714355,64.77265995979309,90.42460289001464
2025-11-03,MG95,82.63,78.62704933106899,67.8812054491043,93.6355512690544
2025-11-03,MG92,79.81,76.04871952533722,63.627132453918456,91.83083119392394
2025-11-04,MG95,81.13,78.63818473100662,67.65162749111651,94.03721520662307
2025-11-04,MG92,78.41,76.08672985076905,63.3182840013504,92.2181647491455
2025-11-05,MG95,80.8,78.60666572391986,67.78196896016597,93.80834494590759
2025-11-05,MG92,78.08,76.04482485294342,63.498221592903136,91.99476149559021
2025-11-06,MG95,81.25,78.59598286509514,67.3693284934759,94.53789899110794
2025-11-06,MG92,78.53,76.09089006900787,62.94731179714203,92.69451672554015
2025-11-07,MG95,81.88,78.62800255596638,67.94797933459282,93.51975851535796
2025-11-07,MG92,79.16,76.0413587808609,63.716057701110834,91.71957214355469
2025-11-10,MG95,82.8,78.61847512125969,68.05585743308067,93.33359080433846
2025-11-10,MG92,80.08,76.02101890087127,63.861558189392085,91.53939229965209
2025-11-11,MG95,83.15,78.59332057535649,67.29739371359348,94.66684432268143
2025-11-11,MG92,80.06,76.09882849216461,62.85114693164825,92.81802815437317
2025-11-12,MG95,83.79,78.64864613354206,67.69452742576598,93.96184303998946
2025-11-12,MG92,81.48,76.08951575279235,63.37383432865143,92.146868019104
2025-09-18,MG95,82.22,84.18057410001754,80.0154060280323,84.89944329857826
2025-09-18,MG92,80.53,82.03070748805999,79.9304301738739,83.93856673002243
2025-09-19,MG95,80.89,84.14130317568778,78.8883037173748,86.33508870124817
2025-09-19,MG92,79.2,82.06950876235962,78.67601966500281,85.51587458372116
2025-09-22,MG95,79.8,84.15632115483284,79.50909975886344,85.57558961987495
2025-09-22,MG92,77.81,82.05501918554306,79.36834762573241,84.65431479692458
2025-09-23,MG95,79.23,84.13675016880035,78.53673520624638,86.83271549105643
2025-09-23,MG92,77.24,82.09157930135727,78.26638461470604,86.0180402469635
2025-09-24,MG95,80.23,84.13378426671028,78.25981021761893,87.27483329057692
2025-09-24,MG92,78.24,82.11924299240111,77.93239840745926,86.42349504947661
2025-09-25,MG95,81.05,84.13783138394355,78.16923117101192,87.30229020357132
2025-09-25,MG92,79.25,82.103964138031,77.84250846385956,86.53322411775588
2025-09-26,MG95,81.84,84.14801861286163,77.6090922909975,88.00744086503983
2025-09-26,MG92,80.15,82.12066564083099,77.19101343631743,87.31872093439101
2025-09-29,MG95,81.78,84.14424923896789,77.25771720826626,88.74114949345588
2025-09-29,MG92,79.91,82.1907067155838,76.72898399829865,87.86733704328536
2025-09-30,MG95,79.2,84.14077744722366,77.38690753877162,88.56671675682067
2025-09-30,MG92,77.33,82.1845581459999,76.88295645833016,87.68329895496367
2025-10-01,MG95,79.57,84.1613403737545,76.77844131767749,89.38042538642883
2025-10-01,MG92,76.94,82.21197823286056,76.15618773818015,88.55115347385406
2025-10-02,MG95,78.13,84.15860261797904,76.70009785711764,89.5887626492977
2025-10-02,MG92,76.23,82.23688432455063,76.04444162726402,88.68122836351394
2025-10-03,MG95,77.05,84.15380162596702,77.07670790612697,88.91242785930633
2025-10-03,MG92,75.25,82.18426582098007,76.52512140154838,88.11261722326279
2025-10-06,MG95,78.05,84.16366151452064,76.54436319887637,89.82705651521682
2025-10-06,MG92,75.75,82.25012664794922,75.85202355504036,88.90966087818146
2025-10-07,MG95,78.93,84.1731345462799,76.32399369776249,90.14076761722563
2025-10-07,MG92,76.47,82.2640705513954,75.58312351346015,89.22976651906967
2025-10-08,MG95,79.45,84.16032859444617,76.77353121221066,89.40809060692787
2025-10-08,MG92,76.99,82.21653850317001,76.14670179128646,88.56185256958007
2025-10-09,MG95,80.3,84.17624923944473,76.17577298879623,90.4110515642166
2025-10-09,MG92,77.55,82.2857318353653,75.39173832297325,89.45542194604873
2025-10-10,MG95,79.46,84.2184563076496,75.23946051359177,91.90027167320251
2025-10-10,MG92,76.59,82.37851579666138,74.2142287826538,90.85606804609299
2025-10-13,MG95,78.69,84.18913454651832,75.90972462773323,90.79909868717193
2025-10-13,MG92,75.95,82.30463551998137,75.06410044074057,89.84563687086104
2025-10-14,MG95,78.36,84.22015252590178,75.18567254006862,92.0009734725952
2025-10-14,MG92,75.62,82.38706143140793,74.14376383662223,90.93952683925627
2025-10-15,MG95,78.5,84.20517422437668,75.55001228511333,91.37393812537192
2025-10-15,MG92,75.76,82.34080586910247,74.6112694966793,90.38402160406112
2025-10-16,MG95,78.98,84.21239555120468,75.48223795056343,91.42775089740752
2025-10-16,MG92,76.24,82.33641124963759,74.53507498025894,90.4772245645523
2025-10-17,MG95,77.59,84.2221959233284,75.22943695485591,91.87357855439186
2025-10-17,MG92,74.81,82.37071071863174,74.20881589770316,90.86463316917418
2025-10-20,MG95,77.59,84.22179914712905,75.21276739478111,91.91718425869941
2025-10-20,MG92,74.81,82.37591410398483,74.1848696064949,90.89241379022597
2025-10-21,MG95,77.65,84.24303659319877,74.76912696659565,92.67259654521942
2025-10-21,MG92,74.87,82.43109532356262,73.61572253704071,91.57220587968825
2025-10-22,MG95,78.59,84.25407689094543,74.62210650563239,92.88113219618796
2025-10-22,MG92,75.58,82.44087846755981,73.43390611886977,91.79258971214294
2025-10-23,MG95,81.1,84.24008061051369,74.91654420375824,92.3660472536087
2025-10-23,MG92,78.09,82.40119047403336,73.81438174843788,91.33731298208237
2025-10-24,MG95,82.82,84.26802357435226,74.31799738764762,93.43153022050856
2025-10-24,MG92,79.91,82.48608165979385,73.03738184571266,92.26824149608612
2025-10-27,MG95,82.51,84.26915438652038,74.35804202556609,93.32329959273338
2025-10-27,MG92,79.91,82.47269317388535,73.09566658258437,92.20024669647216
2025-10-28,MG95,82.08,84.27592934012412,74.22021685302256,93.57112600684165
2025-10-28,MG92,79.26,82.49295129776,72.91611568331717,92.4164210486412
2025-10-29,MG95,82.28,84.35216988682747,73.10758199453353,95.41949801206589
2025-10-29,MG92,79.46,82.62845368862152,71.4908704328537,94.16545036315918
2025-10-30,MG95,82.62,84.2536701953411,74.60542702615261,92.92515451550483
2025-10-30,MG92,79.8,82.44620852708816,73.40983315348625,91.8206431698799
2025-10-31,MG95,81.78,84.28223808169365,74.14569732308387,93.67545830845832
2025-10-31,MG92,78.96,82.49779414892195,72.82401381373406,92.52927799463272
2025-11-03,MG95,82.63,84.25709239006042,74.65136875033377,92.77527230620383
2025-11-03,MG92,79.81,82.425638589859,73.48097044706344,91.73904551267623
2025-11-04,MG95,81.13,84.26350032567977,74.3683879649639,93.36563561320304
2025-11-04,MG92,78.41,82.48381126880645,73.0988383090496,92.19288010597228
2025-11-05,MG95,80.8,84.32268941521644,73.4279490172863,94.95126241922378
2025-11-05,MG92,78.08,82.60203725099564,71.89070285081863,93.66562330007552
2025-11-06,MG95,81.25,84.33768755555153,73.2188380408287,95.29959224462509
2025-11-06,MG92,78.53,82.62807366609573,71.62260670304298,93.99720757007599
2025-11-07,MG95,81.88,84.33033727645874,73.36596761524677,95.02000389575957
2025-11-07,MG92,79.16,82.602553691864,71.81701258540153,93.75898216724396
2025-11-10,MG95,82.8,84.29633355617523,73.82218584895134,94.28929092764854
2025-11-10,MG92,80.08,82.55249790430068,72.39692695975303,93.04457879543304
2025-11-11,MG95,83.15,84.33915562748908,73.14982378065585,95.45188486933708
2025-11-11,MG92,80.06,82.64450233221054,71.52787878036499,94.11210104703903
2025-11-12,MG95,83.79,84.32886920452117,73.38213128566741,94.99634611487387
2025-11-12,MG92,81.48,82.60121874094008,71.83719275593756,93.73383247137069
2025-11-13,MG95,81.53,84.35115810751914,73.04634950757026,95.5794781756401
2025-11-13,MG92,79.22,82.64820511579514,71.4026954627037,94.27110636949539
2025-11-14,MG95,83.15,84.32613144874573,73.40098807454109,94.97986006379126
2025-11-14,MG92,80.31,82.60197878599166,71.85885891199112,93.7060518503189
2025-11-17,MG95,83.32,84.32009053111075,73.44647846579551,94.9342208814621
2025-11-17,MG92,80.48,82.60261215686798,71.91214001893997,93.6382129573822
2025-11-18,MG95,82.73,84.3589448404312,72.83620195329189,96.01269826889038
2025-11-18,MG92,79.89,82.69219028711318,71.1194179022312,94.61890493392944
2025-11-19,MG95,81.03,84.3727923297882,72.68632470369339,96.2401502251625
2025-11-19,MG92,78.17,82.70672858476638,70.93102904319763,94.85723752260208
2025-11-20,MG95,79.42,84.38702667593955,72.4044945693016,96.79078631520271
2025-11-20,MG92,76.56,82.76011687755584,70.55640478610992,95.3243436717987
2025-11-21,MG95,79.01,84.4188977241516,71.99195147573947,97.50125377774238
2025-11-21,MG92,76.15,82.8192737174034,70.02431965708732,96.00230385780334
2025-11-24,MG95,78.93,84.40701427698134,72.13125959932803,97.27020107746124
2025-11-24,MG92,76.07,82.80101314783096,70.20245765209198,95.773579018116
2025-11-25,MG95,79.26,84.36356728315353,72.75225402891635,96.17112108588218
2025-11-25,MG92,76.4,82.70678704977036,71.00871441721915,94.75636590242385
2025-11-26,MG95,81.16,84.40994050145149,72.08173696994781,97.36432631134986
2025-11-26,MG92,78.3,82.80998752593993,70.13713762640953,95.85631674289702
2025-11-27,MG95,81.44,84.36796157956122,72.68246605515479,96.2977522099018
2025-11-27,MG92,78.52,82.71789540052413,70.91755285978317,94.87020700931548
2025-11-28,MG95,81.86,84.36967763662338,72.83412383794784,95.90923887491225
2025-11-28,MG92,79.04,82.67018795728683,71.13456033825874,94.60791351318359
2025-12-01,MG95,82.51,84.33188470363616,73.34867313265799,95.04540749192238
2025-12-01,MG92,79.78,82.60398608446121,71.79540976643563,93.78590530157089
2025-12-02,MG95,82.55,84.37125482201576,72.61560430586337,96.42854948401451
2025-12-02,MG92,80.7,82.73055307388306,70.8286324608326,94.98070586681365
2025-12-03,MG95,80.8,84.42183386802672,71.83623665630817,97.85758856296539
2025-12-03,MG92,79.51,82.86035512685775,69.80900279164314,96.27146699190139
2025-12-04,MG95,80.04,84.4352746617794,71.81572828650474,97.78355012416839
2025-12-04,MG92,78.67,82.8404867696762,69.80069101691245,96.29174460411072
2025-12-05,MG95,79.94,84.39332549810409,72.40573449492454,96.72646889328956
2025-12-05,MG92,78.57,82.7469622516632,70.56833651900291,95.31421948194503
2025-12-08,MG95,80.6,84.41558464288711,71.99686158120632,97.52027919650077
2025-12-08,MG92,79.38,82.82431145191192,70.02608335137367,95.99769486665726
2025-12-09,MG95,79.45,84.39821576476096,72.35676239252089,96.79953523039818
2025-12-09,MG92,77.63,82.75158098697662,70.50700672984122,95.39281593561172
2025-12-10,MG95,79.42,84.46469561696053,71.26079213440418,98.89067475318907
2025-12-10,MG92,77.59,82.95429864406586,69.06134257674216,97.24086547851562
2025-10-16,MG95,78.98,77.26979258656502,70.91646048426628,79.48652225732803
2025-10-16,MG92,76.24,74.22286894321442,68.13576655864716,76.50071978569031
2025-10-17,MG95,77.59,77.19189250469208,70.47196352481842,79.86246770620346
2025-10-17,MG92,74.81,74.17145829200746,67.71461465835571,76.8722131061554
2025-10-20,MG95,77.59,77.00482282042503,70.11551532149315,79.86080199480057
2025-10-20,MG92,74.81,74.01410602569581,67.35049539089204,76.87836341857911
2025-10-21,MG95,77.65,77.02396446466446,69.8410191833973,80.25238454341888
2025-10-21,MG92,74.87,74.04490725994111,67.10418034553528,77.26317790031433
2025-10-22,MG95,78.59,76.9211021065712,69.59076476097107,80.32316792011261
2025-10-22,MG92,75.58,73.96191868305206,66.85474498748779,77.33818281173707
2025-10-23,MG95,81.1,76.86900183558464,69.33232682943344,80.5224637389183
2025-10-23,MG92,78.09,73.92616829872132,66.60795579910278,77.5379189491272
2025-10-24,MG95,82.82,76.75635576248169,68.93178874254227,80.7579185962677
2025-10-24,MG92,79.91,73.84211854457855,66.21900498390198,77.77766372680665
2025-10-27,MG95,82.51,76.63291531801224,68.31748279929161,81.22799545526505
2025-10-27,MG92,79.91,73.75824038505554,65.63147403717042,78.25267375946045
2025-10-28,MG95,82.08,76.55248391628265,68.17018899321556,81.23050338029861
2025-10-28,MG92,79.26,73.6932556962967,65.48113908767701,78.2607928943634
2025-10-29,MG95,82.28,76.48702988028526,67.93625947833061,81.37001138925552
2025-10-29,MG92,79.46,73.64545304775238,65.2538800764084,78.40461627960205
2025-10-30,MG95,82.62,76.43988463282585,67.68809655308723,81.56561082601547
2025-10-30,MG92,79.8,73.6144169998169,65.01683114051819,78.60348541259766
2025-10-31,MG95,81.78,76.40774014592171,67.52567565441132,81.69059532880783
2025-10-31,MG92,78.96,73.59301282882691,64.86136189937592,78.73094408988953
2025-11-03,MG95,82.63,76.35648676753044,67.32664653658867,81.8187615275383
2025-11-03,MG92,79.81,73.55652187824249,64.66867920398712,78.86334288597108
2025-11-04,MG95,81.13,76.2880896627903,66.86684468388557,82.21728765964508
2025-11-04,MG92,78.41,73.51570493698121,64.23193477153778,79.26892031669617
2025-11-05,MG95,80.8,76.17872822284698,66.28505286574364,82.6722514629364
2025-11-05,MG92,78.08,73.44456993579865,63.67464963436127,79.73682271957398
2025-11-06,MG95,81.25,76.10013565421104,65.97988611459732,82.86889898777008
2025-11-06,MG92,78.53,73.38936162471772,63.37868955612183,79.94281754493714
2025-11-07,MG95,81.88,76.09802076220512,66.11397588253021,82.71024465560913
2025-11-07,MG92,79.16,73.38239398002625,63.50282020092011,79.7826746082306
2025-11-10,MG95,82.8,76.03435876965523,65.68032476305962,83.08460861444473
2025-11-10,MG92,80.08,73.34506311893463,63.08988677978516,80.16750715255738
2025-11-11,MG95,83.15,76.06096336245537,65.61808049678802,83.20699161291122
2025-11-11,MG92,80.06,73.3699578857422,63.03609186649323,80.28894195556641
2025-11-12,MG95,83.79,76.03926232457161,65.43746310472488,83.37101739645004
2025-11-12,MG92,81.48,73.35846104621888,62.86453337192536,80.4575110912323
2025-11-13,MG95,81.53,75.99744173884392,65.02912050485611,83.75421524047852
2025-11-13,MG92,79.22,73.33857413291932,62.47733462810517,80.85144718170167
2025-11-14,MG95,83.15,75.83560571074486,64.55658718943596,83.98606729507446
2025-11-14,MG92,80.31,73.2204944562912,62.012471256256106,81.10513628005982
2025-11-17,MG95,83.32,75.8570494055748,64.31521812081337,84.29757404327393
2025-11-17,MG92,80.48,73.2474754524231,61.78973240852356,81.42130388259888
2025-11-18,MG95,82.73,75.76420003175735,63.82765597105026,84.67554080486298
2025-11-18,MG92,79.89,73.18826627731323,61.320114059448244,81.81934921264649
2025-11-19,MG95,81.03,75.80746173858643,64.1162451505661,84.4303349852562
2025-11-19,MG92,78.17,73.2135042333603,61.59651686668396,81.56283331871033
2025-11-20,MG95,79.42,75.73121333122253,63.69265380501747,84.76733273267746
2025-11-20,MG92,76.56,73.16589124202729,61.18904286384583,81.9174832725525
2025-11-21,MG95,79.01,75.69966307282448,63.550516217947006,84.86986756324768
2025-11-21,MG92,76.15,73.14503346443176,61.05145107269288,82.02664454460145
2025-11-24,MG95,78.93,75.73184967041016,63.672847747802734,84.79067140817642
2025-11-24,MG92,76.07,73.16716917037964,61.170542254447945,81.94141620635988
2025-11-25,MG95,79.26,75.67676889896393,63.10966417193413,85.32208013534546
2025-11-25,MG92,76.4,73.14252276420594,60.634241333007814,82.49557651519775
2025-11-26,MG95,81.16,75.67412996292114,63.01426476240158,85.42385697364807
2025-11-26,MG92,78.3,73.14390455245972,60.544136095047,82.60105301856996
2025-11-27,MG95,81.44,75.55775007605553,62.52832621335983,85.76198703050613
2025-11-27,MG92,78.52,73.06604123592378,60.072011561393744,82.96553805351257
2025-11-28,MG95,81.86,75.61111834645271,62.71193814277649,85.65033757686615
2025-11-28,MG92,79.04,73.10313276767731,60.25159436225891,82.84314593315125
2025-12-01,MG95,82.51,75.57830476760864,62.49835276603699,85.83132928609848
2025-12-01,MG92,79.78,73.08407673358917,60.046294946670535,83.03487131118774
2025-12-02,MG95,82.55,75.50504621863365,62.123633205890656,86.12243574857712
2025-12-02,MG92,80.7,73.03789520263672,59.684031610488894,83.34662261009217
2025-12-03,MG95,80.8,75.44947883486748,61.50672575831413,86.71604663133621
2025-12-03,MG92,79.51,73.01552016735077,59.09472601413727,83.97287975311279
2025-12-04,MG95,80.04,75.50730147957802,61.35744807124138,86.98085731267929
2025-12-04,MG92,78.67,73.06850226402283,58.959897799491884,84.24211171150208
2025-12-05,MG95,79.94,75.43549808859825,61.004640102386475,87.25321048498154
2025-12-05,MG92,78.57,73.02300711154938,58.61772458076477,84.53738992691041
2025-12-08,MG95,80.6,75.41654360294342,61.10563087463379,87.10835909843445
2025-12-08,MG92,79.38,73.00370723247529,58.71136105537415,84.38803938865662
2025-12-09,MG95,79.45,75.41324025392532,60.87949651479721,87.35565173625946
2025-12-09,MG92,77.63,73.00955951213837,58.49666457653046,84.6480233001709
2025-12-10,MG95,79.42,75.39006534218788,60.51184219121933,87.72824704647064
2025-12-10,MG92,77.59,73.00458326816559,58.14529749870301,85.04326892852784
2025-12-11,MG95,79.63,75.36909890174866,60.55418682098389,87.64576625823975
2025-12-11,MG92,77.61,72.98586590766907,58.18330570697785,84.95934109687806
2025-12-12,MG95,79.25,75.25491812825203,59.78167104721069,88.32419741153717
2025-12-12,MG92,77.61,72.92249782085419,57.43746969223023,85.69232106208801
2025-12-15,MG95,78.52,75.26679334044456,59.816234558820724,88.30487328767776
2025-12-15,MG92,77.43,72.93079758167268,57.471531224250796,85.67010407447816
2025-12-16,MG95,75.72,75.23112091422081,59.398669719696045,88.71752053499222
2025-12-16,MG92,74.64,72.91792346954347,57.07050556659699,86.11310719490052
2025-12-17,MG95,74.53,75.27758771181107,59.84780353307724,88.28715872764587
2025-12-17,MG92,74.27,72.93835226058961,57.50264403820038,85.64976559638977
2025-12-18,MG95,74.63,75.22537982463837,59.13703605532646,89.00431299209595
2025-12-18,MG92,74.15,72.92336030960084,56.82058703422547,86.41901524543763
2025-12-19,MG95,73.56,75.19481214880943,59.01531279087067,89.09236174821854
2025-12-19,MG92,73.15,72.90331534862518,56.701613259315494,86.51747443199159
2025-12-22,MG95,74.61,75.1904887855053,58.89461421966553,89.22239953279495
2025-12-22,MG92,73.33,72.90450296401978,56.586062345504764,86.65678216934205
2025-12-23,MG95,74.56,75.15929412841797,58.568219006061554,89.54318934679031
2025-12-23,MG92,73.28,72.8919630098343,56.271570048332215,87.00426127433778
2025-12-24,MG95,74.49,75.20022103190422,58.91771426796913,89.21204030513763
2025-12-24,MG92,73.21,72.91147512435914,56.609001836776734,86.64424673080445
2025-12-25,MG95,74.49,75.13653096556664,57.99666008353233,90.16034477949142
2025-12-25,MG92,73.21,72.89595032691956,55.723036236763,87.66953361511231
2025-12-26,MG95,74.54,75.15549948811531,58.6087341606617,89.49080365896225
2025-12-26,MG92,72.58,72.88731189250946,56.30992596149445,86.94883621215821
2025-12-29,MG95,73.6,75.11163419485092,58.26559293270111,89.8116215467453
2025-12-29,MG92,71.54,72.86528907775879,55.97812067031861,87.29917823791504
2025-12-30,MG95,73.8,75.15034794807434,57.84580558538437,90.35600972175598
2025-12-30,MG92,71.74,72.9130601167679,55.57976376056671,87.8777320766449
2025-12-31,MG95,73.81,75.10431161522865,57.8347070813179,90.29448133707047
2025-12-31,MG92,71.75,72.87632080554962,55.56524143695832,87.81892930984498
2026-01-01,MG95,73.81,75.08678421378136,57.292859584093094,90.8921348452568
2026-01-01,MG92,71.75,72.88363615512849,55.04448337554932,88.46632871627808
2026-01-02,MG95,72.58,75.10489648580551,57.600136548280716,90.56578642129898
2026-01-02,MG92,71.57,72.88605654239655,55.34059698581696,88.11105560302735
2026-01-05,MG95,71.36,75.12486630678177,57.343616992235184,90.89450240135193
2026-01-05,MG92,70.2,72.91236019134521,55.09624173164368,88.46260782241822
2026-01-06,MG95,72.57,75.03223684430122,56.82128545641899,91.35340589284897
2026-01-06,MG92,71.21,72.85850205898285,54.58748626232148,88.97493516921998
2026-01-07,MG95,70.58,75.08243745565414,57.104189693927765,91.10421359539032
2026-01-07,MG92,69.56,72.88765959739686,54.86307625293732,88.69647322654724
2025-11-13,MG95,81.53,82.8632127249241,80.58505503416062,85.22149853467941
2025-11-13,MG92,79.22,81.18401048183442,77.98122769832611,83.19495780944824
2025-11-14,MG95,83.15,82.97098414599895,79.60773070871831,86.29622617006302
2025-11-14,MG92,80.31,81.2024606537819,77.11883392810822,84.20137850761414
2025-11-17,MG95,83.32,82.90044003725052,79.80035483121873,86.0404694402218
2025-11-17,MG92,80.48,81.16670646429063,77.28395786762238,83.97652826786042
2025-11-18,MG95,82.73,82.91870908856393,79.57471856296063,86.2880455505848
2025-11-18,MG92,79.89,81.16921731948852,77.08259407997132,84.21069344043732
2025-11-19,MG95,81.03,82.93349713146686,78.87217415392399,87.04161145448685
2025-11-19,MG92,78.17,81.1590961933136,76.44575961112976,84.93752045631409
2025-11-20,MG95,79.42,82.95153145194054,78.97560055732728,86.94595114588738
2025-11-20,MG92,76.56,81.17234010457993,76.54206572055817,84.83826154232025
2025-11-21,MG95,79.01,82.89623985350133,79.03521719634533,86.83633683800699
2025-11-21,MG92,76.15,81.13970384359361,76.59047617435456,84.75095954418182
2025-11-24,MG95,78.93,82.99090630173684,78.16174878180027,87.86620591163636
2025-11-24,MG92,76.07,81.18649705410004,75.7988574385643,85.71822644233704
2025-11-25,MG95,79.26,82.9164067286253,78.29731832742692,87.65206146597863
2025-11-25,MG92,76.4,81.14091313362123,75.91726587295533,85.5374740076065
2025-11-26,MG95,81.16,83.00938011825086,77.78382214128972,88.3059117114544
2025-11-26,MG92,78.3,81.19806058645248,75.45066932916642,86.13859313964844
2025-11-27,MG95,81.44,83.0050251120329,77.42385490715505,88.7124855029583
2025-11-27,MG92,78.52,81.1979148888588,75.1158319759369,86.53539567947388
2025-11-28,MG95,81.86,83.0278439462185,77.12115700364113,89.08336022973062
2025-11-28,MG92,79.04,81.21651075839996,74.83485902309418,86.88677942276001
2025-12-01,MG95,82.51,83.0292073827982,77.12965725660325,89.07469017148019
2025-12-01,MG92,79.78,81.21724410295487,74.84288210391999,86.87781416416169
2025-12-02,MG95,82.55,83.07129911720753,76.56962443292142,89.77449771881105
2025-12-02,MG92,80.7,81.25629591464997,74.31986659526825,87.54018456459046
2025-12-03,MG95,80.8,83.07170365333558,76.42455577969551,89.94902758955956
2025-12-03,MG92,79.51,81.26060856342316,74.18327024459839,87.70932004451753
2025-12-04,MG95,80.04,83.09281444609165,75.7388720369339,90.80767300128937
2025-12-04,MG92,78.67,81.29839766263962,73.53554730892182,88.53266685962677
2025-12-05,MG95,79.94,83.06323336601258,76.29179301559925,90.10155269265175
2025-12-05,MG92,78.57,81.259180727005,74.05769348859788,87.86076783657074
2025-12-08,MG95,80.6,83.08498842000962,75.88091416060925,90.62436319828034
2025-12-08,MG92,79.38,81.28765974998474,73.669997048378,88.3584319639206
2025-12-09,MG95,79.45,83.11037431061268,75.34368019402028,91.31980575084687
2025-12-09,MG92,77.63,81.32729920864105,73.16024973392487,89.02077322483063
2025-12-10,MG95,79.42,83.07668793797494,75.82498828947544,90.68564293026925
2025-12-10,MG92,77.59,81.28443011999131,73.61670086860657,88.42133447170258
2025-12-11,MG95,79.63,83.10275304973126,75.61835523068905,90.96724002957345
2025-12-11,MG92,77.61,81.30993691205978,73.42139810085297,88.68291021823883
2025-12-12,MG95,79.25,83.14227273344994,74.91393796920777,91.89955097079277
2025-12-12,MG92,77.61,81.37011973142624,72.75060637950898,89.56707120895386
2025-12-15,MG95,78.52,83.14531924009324,74.4954178762436,92.44728289961816
2025-12-15,MG92,77.43,81.3959956240654,72.34952518701553,90.09427309513093
2025-12-16,MG95,75.72,83.0645918083191,75.76922722935677,90.74325686573982
2025-12-16,MG92,74.64,81.27874791383744,73.56341440200806,88.48231377124787
2025-12-17,MG95,74.53,83.17174393951893,74.06709402501583,93.04163137435914
2025-12-17,MG92,74.27,81.44072478532792,71.93773522138596,90.6548688697815
2025-12-18,MG95,74.63,83.12974709630014,74.90043345451356,91.90475500345231
2025-12-18,MG92,74.15,81.36253859996796,72.73746931314469,89.57764885425568
2025-12-19,MG95,73.56,83.14885019123555,74.15762521505357,92.897766340971
2025-12-19,MG92,73.15,81.4193995141983,72.02480895996094,90.52683953762055
2025-12-22,MG95,74.61,83.18052886605264,74.31416571378709,92.7213086807728
2025-12-22,MG92,73.33,81.43071536064149,72.1756739616394,90.34242523670197
2025-12-23,MG95,74.56,83.21818568587304,73.24544618904591,94.20916259407998
2025-12-23,MG92,73.28,81.53113014221192,71.1433385181427,91.75480799674989
2025-12-24,MG95,74.49,83.20207915484906,73.02836011648179,94.4953744018078
2025-12-24,MG92,73.21,81.53711345672608,70.93278606891633,92.0367134141922
2025-12-25,MG95,74.49,83.22673088729383,73.06026353359223,94.47616642713547
2025-12-25,MG92,73.21,81.55147923946382,70.96354768753052,92.00659286499024
2025-12-26,MG95,74.54,83.19033761858941,73.65233461976052,93.62081723570824
2025-12-26,MG92,72.58,81.48187464237213,71.53744079589845,91.20323575973511
2025-12-29,MG95,73.6,83.24743214964867,72.93281967043878,94.67650670170785
2025-12-29,MG92,71.54,81.57592729568482,70.83952018260956,92.18854001998902
2025-12-30,MG95,73.8,83.204686165452,73.51845813274385,93.81853052258492
2025-12-30,MG92,71.74,81.5013592672348,71.40791077852249,91.38640677452088
2025-12-31,MG95,73.81,83.19677024245263,73.1782881975174,94.2805207693577
2025-12-31,MG92,71.75,81.52167922496795,71.07834282159806,91.83332928657532
2026-01-01,MG95,73.81,83.23932644426823,73.0529219520092,94.49943974018097
2026-01-01,MG92,71.75,81.56069704055787,70.95630651712418,92.02290128231049
2026-01-02,MG95,72.58,83.23743361473085,73.07901702940464,94.4609638595581
2026-01-02,MG92,71.57,81.55732656955719,70.98166761159897,91.98695282936097
2026-01-05,MG95,71.36,83.27015109837056,72.37206267714501,95.49960287690163
2026-01-05,MG92,70.2,81.63899492740632,70.29303279161454,92.96406888484955
2026-01-06,MG95,72.57,83.23414238870144,72.63955095469952,95.07817611694337
2026-01-06,MG92,71.21,81.59104099273682,70.55433656930924,92.57906785011292
2026-01-07,MG95,70.58,83.23942133545876,72.98519960761071,94.59455067873002
2026-01-07,MG92,69.56,81.5661946964264,70.89051919698716,92.11391371250153
2026-01-08,MG95,71.16,83.23691920459271,72.69139650464058,95.00726742625237
2026-01-08,MG92,69.91,81.58859327316284,70.6047722196579,92.50992948532105
2026-01-09,MG95,73.03,83.2448001676798,73.06346985697746,94.49032019734383
2026-01-09,MG92,71.94,81.56362070560456,70.96650049209595,92.0115757226944
2026-01-12,MG95,72.9,83.28229217648507,72.4011143642664,95.47047627568246
2026-01-12,MG92,71.81,81.64487139701843,70.32117185354232,92.93039331436158
2026-01-13,MG95,73.45,83.24990431487561,72.30082436442376,95.58118932366372
2026-01-13,MG92,72.36,81.63120496273041,70.22386043071747,93.05173998355866
2026-01-14,MG95,73.42,83.29452814579011,71.9215342873335,96.18194045662881
2026-01-14,MG92,71.84,81.69667174816132,69.85231699705125,93.6022826242447
2026-01-15,MG95,72.55,83.30646945297718,71.79648767530918,96.37923422455789
2026-01-15,MG92,71.4,81.71672945022583,69.72962990999223,93.78404522895813
2026-01-16,MG95,71.76,83.28320612847806,72.06489489912987,95.95960540294648
2026-01-16,MG92,70.44,81.67556502342225,69.9927694773674,93.39617880821228
2026-01-19,MG95,71.95,83.29825886785984,71.91228489339352,96.19955026388169
2026-01-19,MG92,70.6,81.70013935089112,69.84317690134048,93.61720205783844
2026-01-20,MG95,72.36,83.29140672504903,71.90121758401395,96.20852996706964
2026-01-20,MG92,70.99,81.69638035297395,69.83250212430954,93.62911040782929
2026-01-21,MG95,73.22,83.30356778025627,71.53734482824802,96.76168567657471
2026-01-21,MG92,71.85,81.73945827484131,69.47574213981629,94.14885257720948
2026-01-22,MG95,73.64,83.33415770351887,70.87055442094804,97.80697706580163
2026-01-22,MG92,72.27,81.82793556690217,68.81978243350983,95.1238414478302
2026-01-23,MG95,73.5,83.33176544666291,71.235181311965,97.24724889278413
2026-01-23,MG92,70.76,81.7891023015976,69.1783976340294,94.59529914379121
2026-01-26,MG95,73.88,83.37531051456929,70.5050435435772,98.41969447731972
2026-01-26,MG92,71.64,81.89577236652374,68.45832127332687,95.68134843349458
2026-01-27,MG95,72.35,83.32819953560829,71.7122043210268,96.52747424125673
2026-01-27,MG92,70.21,81.73995364665986,69.64654828548431,93.91418231964111
2026-01-28,MG95,74.54,83.33117112815381,71.26648042201997,97.19918400764466
2026-01-28,MG92,72.46,81.78554728031159,69.20915925264359,94.55004547119141
2026-01-29,MG95,75.75,83.40251931488514,69.98224302649498,99.277410954237
2026-01-29,MG92,73.67,81.97257442474366,67.94110938549042,96.47454555988313
2026-01-30,MG95,75.44,83.3469580256939,71.10701827347279,97.45865647673608
2026-01-30,MG92,73.43,81.8127635908127,69.0519952583313,94.78786279678346
2026-02-02,MG95,72.54,83.35878945887089,70.88968248724937,97.804539860487
2026-02-02,MG92,70.93,81.84343779087067,68.83782950878144,95.1090385723114
2026-02-03,MG95,72.82,83.35474409759045,70.68821350693703,98.1115078675747
2026-02-03,MG92,71.15,81.86162085056306,68.6395642232895,95.40108454227448
2026-02-04,MG95,74.68,83.36905269026757,70.19893455147744,98.89484962821008
2026-02-04,MG92,72.95,81.92452335834504,68.15646499872209,96.13214650154114
2025-12-11,MG95,79.63,78.19140825271607,75.57639510273934,81.93119616270066
2025-12-11,MG92,77.61,76.41917702555656,71.7820768749714,81.07164051055909
2025-12-12,MG95,79.25,78.13815772652626,75.13519539237022,82.33958116531372
2025-12-12,MG92,77.61,76.3486083561182,71.39890920996666,81.4277535378933
2025-12-15,MG95,78.52,78.17146001577377,75.31037442803382,82.19069365978241
2025-12-15,MG92,77.43,76.38950941860676,71.56679595470429,81.3020257806778
2025-12-16,MG95,75.72,78.10744009256364,75.35521299004554,82.07095690011978
2025-12-16,MG92,74.64,76.32263127923012,71.5205302119255,81.17738945841789
2025-12-17,MG95,74.53,78.09455942034721,74.07486186385155,83.4361945438385
2025-12-17,MG92,74.27,76.2682861429453,70.54469949185848,82.3856449520588
2025-12-18,MG95,74.63,78.13307835817338,74.34659150242805,83.18463089704514
2025-12-18,MG92,74.15,76.3176180779934,70.79985941052438,82.17580270767212
2025-12-19,MG95,73.56,78.1214852797985,74.40987768650055,83.10200713634491
2025-12-19,MG92,73.15,76.30754542827607,70.83521080374717,82.10050294518472
2025-12-22,MG95,74.61,78.06907263636589,73.07842044591904,84.51255672216415
2025-12-22,MG92,73.33,76.20866882085801,69.71645297646523,83.30165486216545
2025-12-23,MG95,74.56,78.09488605260849,74.45571508049964,83.02086978912354
2025-12-23,MG92,73.28,76.28102263391018,70.83941005349159,82.02256708979607
2025-12-24,MG95,74.49,78.05473395347596,73.36907582044601,84.16898692131042
2025-12-24,MG92,73.21,76.203378136158,69.93821776032448,83.00649570226669
2025-12-25,MG95,74.49,78.0651483154297,72.77131037950515,84.85462117433548
2025-12-25,MG92,73.21,76.19433217525483,69.45777364253998,83.58868375658989
2025-12-26,MG95,74.54,78.04487818002701,72.92102156639099,84.65972112417221
2025-12-26,MG92,72.58,76.17827513217927,69.5606367623806,83.41991831421852
2025-12-29,MG95,73.6,78.05976598381996,72.08867262244225,85.6286922955513
2025-12-29,MG92,71.54,76.16580687522888,68.87416579782963,84.2309099829197
2025-12-30,MG95,73.8,78.07431768774987,71.48403843641282,86.35074841260911
2025-12-30,MG92,71.74,76.16024795651437,68.3632863688469,84.8253628063202
2025-12-31,MG95,73.81,78.062047675848,72.69411155462265,84.93834317684174
2025-12-31,MG92,71.75,76.18852814614773,69.38997980773449,83.6580638718605
2026-01-01,MG95,73.81,78.07470585942268,72.03430965304375,85.71078587055206
2026-01-01,MG92,71.75,76.1793156951666,68.84253730773926,84.302121489048
2026-01-02,MG95,72.58,78.08935223937034,71.03789190411568,86.89656512260437
2026-01-02,MG92,71.57,76.16036819934845,67.98247268855572,85.27022429466248
2026-01-05,MG95,71.36,78.11975270867347,70.85344408631325,87.15651706457139
2026-01-05,MG92,70.2,76.18482374191285,67.84579358398915,85.4859676873684
2026-01-06,MG95,72.57,78.10520100474358,71.11061255335808,86.83153216600418
2026-01-06,MG92,71.21,76.17891796886921,68.06243417322636,85.22160919189453
2026-01-07,MG95,70.58,78.1253764641285,70.73087651371956,87.31042239904404
2026-01-07,MG92,69.56,76.18629902899265,67.74051635801793,85.61036352396012
2026-01-08,MG95,71.16,78.19015852928162,69.44791706323623,88.95946087360382
2026-01-08,MG92,69.91,76.20707329094411,66.6161394906044,86.92451595664025
2026-01-09,MG95,73.03,78.13024281144142,70.38947005987167,87.72705368280411
2026-01-09,MG92,71.94,76.17950530886651,67.43494231879711,85.94302919864656
2026-01-12,MG95,72.9,78.13026174664498,70.13528862118721,88.03460872650146
2026-01-12,MG92,71.81,76.17083395063878,67.20211519420147,86.18631744980813
2026-01-13,MG95,73.45,78.20199303150177,69.23407234191895,89.24115989685059
2026-01-13,MG92,72.36,76.21148065328599,66.42499038219452,87.14588301420213
2026-01-14,MG95,73.42,78.19804504156113,69.15857768535614,89.3295778298378
2026-01-14,MG92,71.84,76.20500603914262,66.35035195529461,87.21345948696137
2026-01-15,MG95,72.55,78.24561974048615,68.48230689048768,90.24697897434235
2026-01-15,MG92,71.4,76.22892048895359,65.74505415320397,87.92945006728172
2026-01-16,MG95,71.76,78.22578984856605,68.68600234270096,89.96112367391586
2026-01-16,MG92,70.44,76.21633661389352,65.92415585458279,87.7061961221695
2026-01-19,MG95,71.95,78.17757608652116,69.34771669983864,89.06594299077987
2026-01-19,MG92,70.6,76.19116886377336,66.51123686730863,87.00444969296456
2026-01-20,MG95,72.36,78.25629446148872,68.55546304941177,90.16944878339767
2026-01-20,MG92,70.99,76.24184196889401,65.82398432433605,87.87252895951272
2026-01-21,MG95,73.22,78.23296155691148,68.96391905903816,89.62188056707383
2026-01-21,MG92,71.85,76.23281913161279,66.19508608341218,87.44697107076645
2026-01-22,MG95,73.64,78.20831738948822,68.77062376737595,89.82975123167039
2026-01-22,MG92,72.27,76.20199996829034,65.990576146245,87.60144611477853
2026-01-23,MG95,73.5,78.33426962971687,67.52586135625839,91.60384725809098
2026-01-23,MG92,70.76,76.28312225878238,64.88523926913739,88.97670040607453
2026-01-26,MG95,73.88,78.20799549102783,68.91365556120873,89.64966797828674
2026-01-26,MG92,71.64,76.20652294874192,66.1265106701851,87.46282462596893
2026-01-27,MG95,72.35,78.22426083087922,68.58070840954781,90.09192806005478
2026-01-27,MG92,70.21,76.21127716541291,65.8221020615101,87.8061086678505
2026-01-28,MG95,74.54,78.27992559552193,68.0584991645813,90.83675375938415
2026-01-28,MG92,72.46,76.24818246603013,65.36313978850842,88.38594736218452
2026-01-29,MG95,75.75,78.34510529994965,67.39595639228821,91.78908088684082
2026-01-29,MG92,73.67,76.28928239166737,64.76572714149953,89.1180504822731
2026-01-30,MG95,75.44,78.30281825661659,67.90700333476067,91.06456319332123
2026-01-30,MG92,73.43,76.26537256658078,65.23380937099456,88.56343503475189
2026-02-02,MG95,72.54,78.27571251273156,68.13517253756524,90.73243025541306
2026-02-02,MG92,70.93,76.24664243280888,65.43416630566121,88.30585638523102
2026-02-03,MG95,72.82,78.32809201955796,67.67523644328118,91.40075773239136
2026-02-03,MG92,71.15,76.28211869359016,65.0270009458065,88.82260458946229
2026-02-04,MG95,74.68,78.36988201379776,67.33056366682052,91.91078690767289
2026-02-04,MG92,72.95,76.31098622322082,64.71997474312782,89.214494484663
2026-02-05,MG95,75.06,78.24015693426132,68.24193394899369,90.54496227264404
2026-02-05,MG92,73.33,76.21548103988171,65.50907759130001,88.15550659537315
2026-02-06,MG95,75.24,78.32943641901016,67.3351317846775,91.84574448347092
2026-02-06,MG92,73.51,76.27212928891183,64.6939375448227,89.15713865280152
2026-02-09,MG95,76.56,78.37817563295364,66.86679792761802,92.53402966499328
2026-02-09,MG92,74.83,76.3036745339632,64.26665463387967,89.68110142707825
2026-02-10,MG95,78.41,78.42198222637177,67.01176584601403,92.40656734228135
2026-02-10,MG92,76.68,76.35041662335396,64.44303699731827,89.5955717742443
2026-02-11,MG95,77.63,78.39426108837128,66.9371895468235,92.46449012994766
2026-02-11,MG92,75.55,76.32141960144044,64.34849375665188,89.63281005501747
2026-02-12,MG95,77.16,78.28539313554764,67.99545440435409,90.92557879924775
2026-02-12,MG92,74.83,76.25138740003109,65.30620943129063,88.45445802927017
2026-02-13,MG95,73.85,78.44596839547158,66.5905191063881,93.00201322078705
2026-02-13,MG92,71.58,76.35949958205224,64.04026975035667,90.04228315234185
2026-02-16,MG95,73.8,78.39585637927055,66.88969532251359,92.52973137378693
2026-02-16,MG92,71.79,76.32138260364533,64.30243150174618,89.68165639400483
2026-02-17,MG95,73.8,78.40585416674614,66.94436125516891,92.472045276165
2026-02-17,MG92,71.79,76.3327594256401,64.36416232287884,89.64087557435036
2026-02-18,MG95,73.8,78.48680216193199,66.07872422337532,93.7519608926773
2026-02-18,MG92,71.79,76.38175375580788,63.55453032314777,90.6029939866066
2026-02-19,MG95,78.09,78.34050877928733,67.58643980622291,91.5340899682045
2026-02-19,MG92,76.08,76.29116927921773,64.9494766908884,88.92561570048332
2026-02-20,MG95,79.95,78.46357813477516,66.47225455880165,93.18651784420014
2026-02-20,MG92,77.63,76.37241181254387,63.93435431241989,90.18223656177521
2026-02-23,MG95,79.75,78.42342603564262,66.5442035984993,93.03057697534561
2026-02-23,MG92,77.43,76.33649157822133,63.97766485631466,90.05867317557335
2026-02-24,MG95,81.35,78.45540286064148,66.42050464749336,93.24386310815811
2026-02-24,MG92,78.89,76.36295425117017,63.87656375646591,90.22282314300537
2026-02-25,MG95,81.46,78.59518253326416,65.30216785669327,94.98023074150086
2026-02-25,MG92,79.0,76.45924101293087,62.83867848455906,91.52031731843948
2026-02-26,MG95,81.74,78.57987342119218,65.87595659613609,94.16729511499405
2026-02-26,MG92,79.28,76.46305641055108,63.413536350727085,90.92600323677064
2026-02-27,MG95,82.09,78.73643441796303,64.6847050702572,96.06011486768723
2026-02-27,MG92,79.63,76.57148769855499,62.294903391003615,92.32644377708435
2026-03-02,MG95,92.78,78.54895223379135,65.7880877840519,94.24101933002473
2026-03-02,MG92,90.32,76.43116893589497,63.303097932338716,90.97353615403176
2026-03-03,MG95,98.65,78.60668566942215,65.1038215994835,95.27362225294114
2026-03-03,MG92,95.56,76.46382411479951,62.64292315065861,91.73482128500939
2026-03-04,MG95,104.35,78.5557547056675,65.95169267654418,94.02781840562821
2026-03-04,MG92,99.68,76.4428001177311,63.473828882575035,90.81917210340501
2026-01-08,MG95,71.16,70.30150770306587,68.80463527083397,71.86575357198716
2026-01-08,MG92,69.91,69.0014250922203,68.0197034573555,70.42840045452118
2026-01-09,MG95,73.03,70.48009463787079,68.70783039093017,72.22287695884704
2026-01-09,MG92,71.94,69.19402797937393,67.91777161121368,70.80037188053132
2026-01-12,MG95,72.9,70.69934963464736,68.54498145341873,72.67012046813964
2026-01-12,MG92,71.81,69.4255544447899,67.74778154850006,71.27868245601654
2026-01-13,MG95,73.45,71.05355343580246,68.43161823153496,73.38364365577698
2026-01-13,MG92,72.36,69.80944590568542,67.62125504255295,72.01251711845399
2026-01-14,MG95,73.42,71.20322637557983,68.24818915963172,73.74104469776154
2026-01-14,MG92,71.84,69.96829125404358,67.4299374461174,72.40494539737702
2026-01-15,MG95,72.55,71.43618743896484,67.9128953552246,74.36938665866852
2026-01-15,MG92,71.4,70.22311879634857,67.0775314617157,73.09018777847291
2026-01-16,MG95,71.76,71.56675265789032,67.63808829903603,74.80731610059738
2026-01-16,MG92,70.44,70.37203009128571,66.78705161333085,73.56779351711273
2026-01-19,MG95,71.95,71.74005152463913,67.89173887610436,74.98534351825714
2026-01-19,MG92,70.6,70.54958263874055,67.0372811317444,73.7108836889267
2026-01-20,MG95,72.36,71.83653247356415,67.42699888706207,75.51420080661774
2026-01-20,MG92,70.99,70.66811131954194,66.54716661214829,74.29872591018677
2026-01-21,MG95,73.22,71.76101869344711,67.34605400443077,75.4223642706871
2026-01-21,MG92,71.85,70.59147482395173,66.46841145992279,74.21698142051697
2026-01-22,MG95,73.64,72.07781477689743,67.37595661997796,76.0535080242157
2026-01-22,MG92,72.27,70.92329542636871,66.47362725257874,74.839244556427
2026-01-23,MG95,73.5,71.78719399929047,66.71937797427178,76.02217506408691
2026-01-23,MG92,70.76,70.64651014328003,65.80126265525818,74.87220604419709
2026-01-26,MG95,73.88,71.98259589672088,66.72720280051232,76.43479582071303
2026-01-26,MG92,71.64,70.84812664985657,65.7895126104355,75.27477568149567
2026-01-27,MG95,72.35,71.59753872156143,66.32704286932945,75.99058969020844
2026-01-27,MG92,70.21,70.46608849525452,65.3990039753914,74.87386448383332
2026-01-28,MG95,74.54,71.75111566066742,66.45094857215881,76.20291172266006
2026-01-28,MG92,72.46,70.61988389492035,65.51582031726838,75.07076272964478
2026-01-29,MG95,75.75,71.74634504079819,66.26625743150711,76.37824672698974
2026-01-29,MG92,73.67,70.62151745796204,65.31582493543625,75.25450954914093
2026-01-30,MG95,75.44,71.6965438079834,66.24873571038246,76.28672991514206
2026-01-30,MG92,73.43,70.5711589384079,65.30252424955368,75.1671014881134
2026-02-02,MG95,72.54,71.87252667427063,66.39181644439697,76.52699414968491
2026-02-02,MG92,70.93,70.74629016399383,65.43808510541916,75.38984651565552
2026-02-03,MG95,72.82,71.63445002555846,66.19228337526322,76.20785061836243
2026-02-03,MG92,71.15,70.50948156833648,65.24833888053894,75.09466913700103
2026-02-04,MG95,74.68,71.81450516700744,66.28319018721581,76.51063773870467
2026-02-04,MG92,72.95,70.69046708583832,65.32638504981995,75.38150456428528
2026-02-05,MG95,75.06,71.78130434513092,66.24485695242882,76.47707512378692
2026-02-05,MG92,73.33,70.65782899379731,65.28841922044754,75.3516194820404
2026-02-06,MG95,75.24,71.98936058521271,66.52673580050468,76.64598199129104
2026-02-06,MG92,73.51,70.86126149177551,65.57179680109024,75.49565496444703
2026-02-09,MG95,76.56,71.8533684706688,66.3704033446312,76.506784222126
2026-02-09,MG92,74.83,70.72741712093354,65.4169524383545,75.37177781581879
2026-02-10,MG95,78.41,71.93386321544646,66.30445183873177,76.7509440422058
2026-02-10,MG92,76.68,70.81084492683411,65.33583400964737,75.61241740703584
2026-02-11,MG95,77.63,72.02379823446273,66.47509615421295,76.77302183151245
2026-02-11,MG92,75.55,70.89757302761078,65.51183176994324,75.6224592590332
2026-02-12,MG95,77.16,72.17957958698273,66.7766169989109,76.8109932732582
2026-02-12,MG92,74.83,71.04773644447327,65.82253628969193,75.63752618312836
2026-02-13,MG95,73.85,71.94029976606369,66.15589372634888,76.9210372543335
2026-02-13,MG92,71.58,70.82043070793152,65.17232015371323,75.78539266109466
2026-02-16,MG95,73.8,72.21601130485534,66.5691833794117,77.0965994310379
2026-02-16,MG92,71.79,71.08920572757721,65.59323213338853,75.92935351371766
2026-02-17,MG95,73.8,72.09774704933166,66.36373541474342,77.04948219776153
2026-02-17,MG92,71.79,70.97437536716461,65.38190546274186,75.89681492805481
2026-02-18,MG95,73.8,71.84739467859268,66.028694024086,76.85094195604324
2026-02-18,MG92,71.79,70.72974722862244,65.04366255283355,75.72515813350678
2026-02-19,MG95,78.09,72.20122827291489,66.4491438138485,77.18773762226104
2026-02-19,MG92,76.08,71.07644403457641,65.46369970560075,76.02495426654816
2026-02-20,MG95,79.95,72.22072302818299,66.46949256896973,77.20935265302658
2026-02-20,MG92,77.63,71.09560730457306,65.4837792634964,76.0445570230484
2026-02-23,MG95,79.75,71.94991672992707,65.91483018159866,77.20389210224151
2026-02-23,MG92,77.43,70.83304314136505,64.90536112546921,76.06899413108826
2026-02-24,MG95,81.35,72.02417685508728,65.85492819190026,77.43725702762603
2026-02-24,MG92,78.89,70.90621349811555,64.82964506387711,76.29416048049927
2026-02-25,MG95,81.46,72.18454372406006,66.21276675105095,77.40129648208618
2026-02-25,MG92,79.0,71.06253801822663,65.20596574783326,76.24342881202698
2026-02-26,MG95,81.74,72.15009766101836,65.98776092767716,77.57128872871398
2026-02-26,MG92,79.28,71.02940239429473,64.96134590148927,76.416321144104
2026-02-27,MG95,82.09,71.83578364610672,65.48216356635093,77.43732433795928
2026-02-27,MG92,79.63,70.72142186164857,64.43869694232941,76.30766017913818
2026-03-02,MG95,92.78,71.76292862415313,65.35328951954841,77.4219859957695
2026-03-02,MG92,90.32,70.64981873035431,64.30421821832657,76.2970047044754
2026-03-03,MG95,98.65,72.00092113494873,65.68281146287917,77.58029148578643
2026-03-03,MG92,95.56,70.88295388221741,64.64105974674226,76.43647118568421
2026-03-04,MG95,104.35,72.05677188396454,65.77135820627213,77.6052467918396
2026-03-04,MG92,99.68,70.93772385120393,64.73256415367126,76.45704412937164
2026-03-05,MG95,110.97,71.99080775737762,65.5401976943016,77.72265284061432
2026-03-05,MG92,106.3,70.87168478488923,64.48301044940949,76.57559768676758
2026-03-06,MG95,121.36,71.65238822937012,65.04644695162773,77.5347139763832
2026-03-06,MG92,113.16,70.5390847158432,63.97452456474304,76.41035905361176
2026-03-09,MG95,147.5,71.79835068702698,65.16081141471862,77.73301021814346
2026-03-09,MG92,139.3,70.68060766220093,64.08296164035798,76.59423854827881
2026-03-10,MG95,127.42,71.46353226184844,64.59837468385696,77.64963795661926
2026-03-10,MG92,119.22,70.34809051513672,63.49443945884705,76.52343976020813
2026-03-11,MG95,129.17,71.5404932141304,64.55843020796776,77.88070591688155
2026-03-11,MG92,116.76,70.41845810890197,63.437451326847075,76.7382408618927
2026-03-12,MG95,143.44,71.94216762781143,65.30056028723716,77.89559832811355
2026-03-12,MG92,130.12,70.82065459728241,64.22050847768784,76.7441366147995
2026-03-13,MG95,149.76,71.394421377182,64.33547734975815,77.82238151311874
2026-03-13,MG92,136.44,70.2729963684082,63.205087349414825,76.6842586517334
2026-03-16,MG95,153.48,71.44815185070037,64.50558318257332,77.73104139089584
2026-03-16,MG92,140.16,70.33024570465088,63.39108135461807,76.59952897071838
2026-03-17,MG95,152.16,71.36769076108932,64.32838452339172,77.76841545343399
2026-03-17,MG92,138.84,70.24789588451385,63.20107392549515,76.63433132648468
2026-03-18,MG95,153.12,71.44482840299607,64.5454940032959,77.67259919404984
2026-03-18,MG92,139.8,70.32867847919465,63.43705330133438,76.54510727405548
2026-03-19,MG95,165.25,71.1037501168251,64.07392622232437,77.47338584899902
2026-03-19,MG92,151.93,69.9917332983017,62.95095220565796,76.36107022762299
2026-03-20,MG95,163.93,70.94849041938781,63.67465394616127,77.63041244268418
2026-03-20,MG92,150.61,69.82819456577302,62.51677685499192,76.50226148605347
2026-03-23,MG95,170.52,71.00679799556733,63.85133515715599,77.53472239017486
2026-03-23,MG92,157.2,69.89147233009339,62.7108474612236,76.41635431289673
2026-03-24,MG95,146.36,71.27609822511673,64.14256172776221,77.79273131132126
2026-03-24,MG92,141.81,70.15431842803956,63.00252967834473,76.65612322330475
2026-03-25,MG95,135.6,70.82072699308395,63.41679647326469,77.67147174596786
2026-03-25,MG92,131.05,69.69576816082001,62.23983402013779,76.53547173976898
2026-03-26,MG95,132.03,71.17716886281967,64.02105395555496,77.71688097953796
2026-03-26,MG92,127.48,70.05698460578918,62.87866911411285,76.5853990650177
2026-03-27,MG95,135.07,70.94080021381377,63.47682887673378,77.87928398609161
2026-03-27,MG92,130.52,69.80821866035461,62.28943794965744,76.72632497310639
2026-03-30,MG95,147.0,70.8721605014801,63.472655636072155,77.71948925495147
2026-03-30,MG92,139.66,69.74602717399597,62.295959763526916,76.58040716171264
2026-03-31,MG95,145.8,70.8749622941017,63.41161778450012,77.80939061880112
2026-03-31,MG92,138.46,69.74429410457611,62.2248251414299,76.66118146419525
2026-04-01,MG95,143.29,70.5212170445919,63.05272750139236,77.44616723299026
2026-04-01,MG92,136.05,69.40031713962556,61.86814452886582,76.32208031177521
2026-02-05,MG95,75.06,76.47490537166595,75.24013952732086,79.08901446819306
2026-02-05,MG92,73.33,75.11911382079124,73.79861276745797,76.61253245472908
2026-02-06,MG95,75.24,76.69347187042237,75.0436869621277,79.58288341522217
2026-02-06,MG92,73.51,75.27884778380394,73.55635944604875,77.13418976664543
2026-02-09,MG95,76.56,77.1995996284485,74.6559230542183,80.70699946880342
2026-02-09,MG92,74.83,75.66442511677742,73.07594007253647,78.2937219798565
2026-02-10,MG95,78.41,77.42683721065522,74.4984191441536,81.2093881559372
2026-02-10,MG92,76.68,75.84256918430329,72.88137735724449,78.80468282103539
2026-02-11,MG95,77.63,77.45953627586366,74.23887420892716,81.44247471332551
2026-02-11,MG92,75.55,75.85336131453515,72.61423952281476,79.09090472459793
2026-02-12,MG95,77.16,77.67909986019136,74.0989973473549,81.92813550949097
2026-02-12,MG92,74.83,76.02961828112602,72.44214374423028,79.5783420264721
2026-02-13,MG95,73.85,77.90259837150575,73.95837712287903,82.42521827697755
2026-02-13,MG92,71.58,76.2108234524727,72.27048712968826,80.07598010897637
2026-02-16,MG95,73.8,78.078245677948,73.72676393747331,82.90638328552247
2026-02-16,MG92,71.79,76.34840789437294,72.01587634086609,80.57958386540413
2026-02-17,MG95,73.8,78.17301331996919,73.5698921084404,83.19183464050293
2026-02-17,MG92,71.79,76.42197874188423,71.84741127490997,80.88172872662544
2026-02-18,MG95,73.8,78.40990126609803,73.50323871850968,83.66927838325502
2026-02-18,MG92,71.79,76.6221244931221,71.75176482498647,81.34231179952621
2026-02-19,MG95,78.09,78.50042239189149,73.26372006893159,84.01426999092102
2026-02-19,MG92,76.08,76.69029492735864,71.50327624380589,81.71661870479583
2026-02-20,MG95,79.95,78.45089750766755,73.17337254285813,83.9928504562378
2026-02-20,MG92,77.63,76.6440044283867,71.41952200829984,81.71562732458115
2026-02-23,MG95,79.75,78.57715346813202,73.08112877368927,84.29393468856813
2026-02-23,MG92,77.43,76.74964729547501,71.31341388821602,82.01614597439766
2026-02-24,MG95,81.35,78.7280249786377,73.00617820739747,84.62803847789765
2026-02-24,MG92,78.89,76.87774405479432,71.22203733026981,82.34394497275353
2026-02-25,MG95,81.46,78.90921857357026,72.42387578248979,85.42330324649812
2026-02-25,MG92,79.0,77.01739822030068,70.6273744314909,83.20068879723549
2026-02-26,MG95,81.74,78.99552879333497,72.39550780773163,85.6064821100235
2026-02-26,MG92,79.28,77.09225612282754,70.59038464426995,83.3775718986988
2026-02-27,MG95,82.09,79.02919823646546,72.72245394706727,85.40582754135133
2026-02-27,MG92,79.63,77.13093734383584,70.90888293087482,83.12830064892769
2026-03-02,MG95,92.78,79.14957851409913,72.33804630041124,85.93976686477662
2026-03-02,MG92,90.32,77.2259793996811,70.51787039935589,83.70054444074631
2026-03-03,MG95,98.65,79.161320977211,72.44099093437195,85.87765377521515
2026-03-03,MG92,95.56,77.23891082406044,70.61791718602181,83.62355594038964
2026-03-04,MG95,104.35,79.23624483585358,72.41398504972459,86.03899468421938
2026-03-04,MG92,99.68,77.3040114581585,70.58360586464406,83.77988094687463
2026-03-05,MG95,110.97,79.28060624122621,71.81773678064347,86.61600454330446
2026-03-05,MG92,106.3,77.32963950634003,69.99312589466572,84.42544339299202
2026-03-06,MG95,121.36,79.3313685798645,72.10577432632446,86.47069712638856
2026-03-06,MG92,113.16,77.38059992790222,70.27117760777473,84.24003790020943
2026-03-09,MG95,147.5,79.29777035713197,71.40688856124879,86.99618793010713
2026-03-09,MG92,139.3,77.33696180582047,69.58754268288612,84.84891058206559
2026-03-10,MG95,127.42,79.58501112461092,71.47575423479081,87.48230275630952
2026-03-10,MG92,119.22,77.59377276301385,69.62859799861909,85.29531865715981
2026-03-11,MG95,129.17,79.58479746341706,71.5974743461609,87.37729718208314
2026-03-11,MG92,116.76,77.59549463391305,69.74797669947148,85.17713569998742
2026-03-12,MG95,143.44,79.5489736032486,71.43642277002336,87.44776086330414
2026-03-12,MG92,130.12,77.56107460856438,69.593338778615,85.2690122961998
2026-03-13,MG95,149.76,79.67051121234894,71.56038632392884,87.57160423278809
2026-03-13,MG92,136.44,77.6711786866188,69.7036428719759,85.36594145298004
2026-03-16,MG95,153.48,79.65180695533753,71.14105397462845,87.90016173362733
2026-03-16,MG92,140.16,77.64866392016411,69.29429415464402,85.740239661932
2026-03-17,MG95,152.16,79.81313005924225,70.9560545396805,88.37209479808809
2026-03-17,MG92,138.84,77.79099655151367,69.098722666502,86.21236274838448
2026-03-18,MG95,153.12,79.74590690612794,71.39247978448869,87.86024270057679
2026-03-18,MG92,139.8,77.73599234223366,69.53222975432872,85.66417297124863
2026-03-19,MG95,165.25,79.63724238395692,70.84649085998535,88.1313431453705
2026-03-19,MG92,151.93,77.63208004236222,69.00660257339477,86.00138138532638
2026-03-20,MG95,163.93,79.79671375751496,70.73797768115998,88.53459303855897
2026-03-20,MG92,150.61,77.77413439154626,68.88643250763417,86.39703775048257
2026-03-23,MG95,170.52,79.79151466846467,70.92504695892335,88.35809998989106
2026-03-23,MG92,157.2,77.77129939198494,69.0702291816473,86.20370121598243
2026-03-24,MG95,146.36,79.7796119594574,70.9092538356781,88.34924195289612
2026-03-24,MG92,141.81,77.76045508384705,69.0557845979929,86.19765727519989
2026-03-25,MG95,135.6,79.89327081203461,70.92286583423615,88.55550512790681
2026-03-25,MG92,131.05,77.86257594227791,69.05924573242665,86.39014157056809
2026-03-26,MG95,132.03,79.90785318851472,70.47924732923508,88.98207970142366
2026-03-26,MG92,127.48,77.87214189171792,68.62346890568733,86.85529890656471
2026-03-27,MG95,135.07,79.81483044624329,70.55965960979462,88.72945204734803
2026-03-27,MG92,130.52,77.78890943527222,68.71007553339005,86.6058363378048
2026-03-30,MG95,147.0,79.82577167987824,70.16394572496415,89.10941287040711
2026-03-30,MG92,139.66,77.79606650471688,68.32106750309468,87.01787656545639
2026-03-31,MG95,145.8,79.80551837921143,70.1188320541382,89.11119338035584
2026-03-31,MG92,138.46,77.7774998664856,68.27844250202179,87.02547714710236
2026-04-01,MG95,143.29,79.90596584796906,70.36446675539017,89.08258948802948
2026-04-01,MG92,136.05,77.86970692276955,68.51112987399101,86.96581171154976
2026-04-02,MG95,151.74,79.97853943347931,70.13069025039674,89.43758756160737
2026-04-02,MG92,144.5,77.93412054777146,68.27606840729713,87.33218757510186
2026-04-06,MG95,150.88,80.134654545784,70.38974109411241,89.5036711883545
2026-04-06,MG92,141.87,78.07640969753265,68.5170477181673,87.36005057692527
2026-04-07,MG95,147.22,79.97101677894592,69.93142893075944,89.60677161693573
2026-04-07,MG92,138.21,77.92657214403152,68.08133176565171,87.51781917214394
2026-04-08,MG95,125.82,80.0381687116623,70.17358718633652,89.51438095569611
2026-04-08,MG92,119.46,77.9882551252842,68.31328429877759,87.39907965064049
2026-04-09,MG95,135.04,80.0713307094574,69.600169506073,90.11277473926545
2026-04-09,MG92,130.98,78.01709211468697,67.74865848124027,88.03771113157272
2026-04-10,MG95,133.88,79.9337685108185,69.64903115034105,89.79631580352785
2026-04-10,MG92,128.17,77.8920129776001,67.80724992156028,87.73243559598923
2026-04-13,MG95,135.93,80.17745800495149,69.99331055402756,89.95333897590638
2026-04-13,MG92,128.49,78.11399518251419,68.12555688917637,87.83747841715812
2026-04-14,MG95,128.99,80.14150060653687,69.8686793088913,89.999089179039
2026-04-14,MG92,123.87,78.08115788698197,68.00635211467743,87.89669164419175
2026-04-15,MG95,125.23,80.15124889850617,69.18086386442185,90.66848079681397
2026-04-15,MG92,119.01,78.09034989476204,67.33135698139668,88.6138247847557
2026-04-16,MG95,122.29,79.92793734073639,69.06415588855744,90.3366115474701
2026-04-16,MG92,120.88,77.88644733428956,67.23341470360756,88.31313220858574
2026-04-17,MG95,128.19,80.06920300006867,69.75432160615922,89.96405764579774
2026-04-17,MG92,122.19,78.01530936956406,67.89996136426926,87.87795977592468
2026-04-20,MG95,124.43,80.03313877105714,69.0079496407509,90.59938810825349
2026-04-20,MG92,118.67,77.98273296356201,67.17043162286282,88.56836043596267
2026-04-21,MG95,123.98,80.06495648384094,69.1879502940178,90.49051882743836
2026-04-21,MG92,118.22,78.01149168610573,67.34476235508919,88.44449878335
2026-04-22,MG95,128.89,80.10543637752534,69.09895595550537,90.65591039657593
2026-04-22,MG92,124.24,78.0486510515213,67.2544163107872,88.61142460107804
2026-04-23,MG95,130.57,80.26772095680238,68.9757491183281,91.09745015621186
2026-04-23,MG92,125.92,78.19761027693748,67.12155831754208,89.04385769367218
2026-04-24,MG95,131.72,80.09240304470063,68.51719213485718,91.19260060787202
2026-04-24,MG92,124.69,78.03891117572785,66.68409875333309,89.18495544791222
2026-04-27,MG95,133.04,79.96268399238588,68.55625207185746,90.8945165348053
2026-04-27,MG92,128.03,77.91958030462266,66.7317241370678,88.89817698001862
2026-04-28,MG95,131.54,80.01472829818726,68.57686592578888,90.97876136302949
2026-04-28,MG92,126.52,77.96727960705758,66.74827322959901,88.97577422261239
2026-04-29,MG95,134.06,80.10686078548432,68.40944457530976,91.32708252429963
2026-04-29,MG92,129.82,78.05281658768654,66.57719492018224,89.32405304908752
2026-04-30,MG95,137.61,80.18740215301514,68.17356261730195,91.72189280033112
2026-04-30,MG92,134.27,78.12860499620437,66.33975501060486,89.72347491979599
