date,product,true,pred
2024-01-10,MG95,91.68,88.34605345964431
2024-01-10,MG92,87.36,85.07733671665191
2024-01-11,MG95,91.48,87.34245286941528
2024-01-11,MG92,87.16,86.49296005964278
2024-01-12,MG95,95.45,86.20069209098816
2024-01-12,MG92,90.36,82.71402494907379
2024-01-15,MG95,94.05,87.81346778869629
2024-01-15,MG92,88.96,84.71184815764427
2024-01-16,MG95,94.9,89.54704247951507
2024-01-16,MG92,89.81,87.38059179782867
2024-01-17,MG95,93.09,91.03539894104003
2024-01-17,MG92,88.0,85.43409575223922
2024-01-18,MG95,95.56,89.87414208889007
2024-01-18,MG92,90.17,82.6859342455864
2024-01-19,MG95,97.74,87.9263235425949
2024-01-19,MG92,92.24,84.6209109723568
2024-01-22,MG95,97.16,85.56419479608535
2024-01-22,MG92,91.91,84.80224260091781
2024-01-23,MG95,101.07,86.10817890882491
2024-01-23,MG92,95.39,84.01030084490776
2024-01-24,MG95,100.72,87.69319053649902
2024-01-24,MG92,95.05,81.49221630096434
2024-01-25,MG95,101.96,87.65265446186065
2024-01-25,MG92,96.49,84.53478237986565
2024-01-26,MG95,102.8,86.28219015121459
2024-01-26,MG92,97.55,81.78206589818001
2024-01-29,MG95,105.17,85.96995483398437
2024-01-29,MG92,100.3,83.67432832121848
2024-01-30,MG95,101.74,86.32784248113632
2024-01-30,MG92,97.1,81.47758255600928
2024-01-31,MG95,101.3,89.78047362327575
2024-01-31,MG92,96.66,83.62729744315146
2024-02-01,MG95,100.01,86.21974628210067
2024-02-01,MG92,95.37,83.73809289932251
2024-02-02,MG95,98.45,86.61699342489241
2024-02-02,MG92,93.62,83.68878960609436
2024-02-05,MG95,97.0,81.68877782583236
2024-02-05,MG92,92.17,80.8752200782299
2024-02-06,MG95,98.21,87.87490544319152
2024-02-06,MG92,93.38,83.11422363519668
2024-02-07,MG95,98.09,87.82786890268325
2024-02-07,MG92,93.26,80.78729079961776
2024-02-08,MG95,99.61,86.00770119190216
2024-02-08,MG92,95.45,82.01454208493232
2024-02-09,MG95,101.05,85.10594655752182
2024-02-09,MG92,96.89,82.74238448739051
2024-02-12,MG95,101.05,84.24570759296417
2024-02-12,MG92,96.89,83.70683704614639
2024-02-13,MG95,102.91,87.61264012813568
2024-02-13,MG92,98.69,80.95721977353095
2024-02-14,MG95,103.66,83.18828250646591
2024-02-14,MG92,99.44,82.49660858511925
2024-02-15,MG95,99.92,86.87765624999999
2024-02-15,MG92,95.56,81.29481545090675
2024-02-16,MG95,100.76,83.0961899113655
2024-02-16,MG92,96.4,81.55709172487258
2024-02-19,MG95,100.24,84.21933305740356
2024-02-19,MG92,95.65,81.68775052428245
2024-02-20,MG95,99.02,86.30017424106597
2024-02-20,MG92,94.35,81.10274564623832
2024-02-21,MG95,98.6,85.66136637926101
2024-02-21,MG92,93.93,82.75283861160278
2024-02-22,MG95,100.78,85.09198200225829
2024-02-22,MG92,96.11,81.933719176054
2024-02-23,MG95,101.23,83.36514735221863
2024-02-23,MG92,96.56,83.41633818745612
2024-02-26,MG95,99.18,86.20070273876189
2024-02-26,MG92,94.51,81.72819241285323
2024-02-27,MG95,101.65,84.65470455408095
2024-02-27,MG92,96.98,81.30015664100647
2024-02-28,MG95,102.04,84.58480724334716
2024-02-28,MG92,97.37,78.95215831398963
2024-02-29,MG95,100.8,82.60391138792038
2024-02-29,MG92,96.13,84.726025390625
2024-03-01,MG95,99.03,82.69877240419387
2024-03-01,MG92,94.59,76.4471147954464
2024-03-04,MG95,98.26,83.12901699781418
2024-03-04,MG92,93.82,79.40516021847725
2024-03-05,MG95,98.94,84.06811869859695
2024-03-05,MG92,94.5,81.47782095670699
2024-03-06,MG95,97.08,86.53325400829314
2024-03-06,MG92,93.64,78.55086399912834
2024-03-07,MG95,98.14,84.69266919136047
2024-03-07,MG92,94.2,79.23845219016074
2024-03-08,MG95,99.79,81.79811449050902
2024-03-08,MG92,95.41,81.7372414946556
2024-03-11,MG95,98.19,80.44335032224654
2024-03-11,MG92,93.78,77.12566912174225
2024-03-12,MG95,99.19,80.34725948810576
2024-03-12,MG92,94.68,79.65104771256446
2024-03-13,MG95,98.51,82.87356625795364
2024-03-13,MG92,94.13,78.3278274655342
2024-03-14,MG95,99.8,79.98715710401534
2024-03-14,MG92,95.93,78.5460909128189
2024-03-15,MG95,100.94,81.75145062208175
2024-03-15,MG92,97.07,81.77593849301337
2024-03-18,MG95,103.56,82.12092304706573
2024-03-18,MG92,99.21,78.85627050995826
2024-03-19,MG95,103.3,80.33701632976532
2024-03-19,MG92,99.29,78.06468889117241
2024-03-20,MG95,104.4,83.26814080953598
2024-03-20,MG92,100.2,79.78922881484031
2024-03-21,MG95,104.78,84.51766238212585
2024-03-21,MG92,100.55,77.34093480706214
2024-03-22,MG95,105.55,83.65064610958099
2024-03-22,MG92,100.94,79.23562688827514
2024-03-25,MG95,105.67,82.76165815591811
2024-03-25,MG92,101.06,78.52336676120757
2024-03-26,MG95,105.19,82.09073128461837
2024-03-26,MG92,100.58,76.41070542931556
2024-03-27,MG95,103.9,80.51134700536727
2024-03-27,MG92,99.29,78.9383412182331
2024-03-28,MG95,104.58,83.66332760810852
2024-03-28,MG92,99.97,77.41751215457916
2024-04-01,MG95,106.58,81.57674195051193
2024-04-01,MG92,103.25,76.83004211187362
2024-04-02,MG95,106.91,82.6641831111908
2024-04-02,MG92,102.56,76.64196932315826
2024-04-03,MG95,107.09,81.91169961690902
2024-04-03,MG92,102.74,73.87463938593864
2024-02-07,MG95,98.09,97.62945799946785
2024-02-07,MG92,93.26,92.40180185198784
2024-02-08,MG95,99.61,101.62684681177139
2024-02-08,MG92,95.45,91.64540409088134
2024-02-09,MG95,101.05,98.46042437314986
2024-02-09,MG92,96.89,91.89209510087966
2024-02-12,MG95,101.05,98.10828485488891
2024-02-12,MG92,96.89,92.68397535800933
2024-02-13,MG95,102.91,95.34217847943306
2024-02-13,MG92,98.69,89.04776812672614
2024-02-14,MG95,103.66,93.19817003309726
2024-02-14,MG92,99.44,93.41279417514801
2024-02-15,MG95,99.92,96.42975666344165
2024-02-15,MG92,95.56,90.93480797052383
2024-02-16,MG95,100.76,96.53103862941265
2024-02-16,MG92,96.4,92.89779983639717
2024-02-19,MG95,100.24,97.94401044666766
2024-02-19,MG92,95.65,90.5740497803688
2024-02-20,MG95,99.02,95.94761071920394
2024-02-20,MG92,94.35,88.59949757814407
2024-02-21,MG95,98.6,96.35292590379714
2024-02-21,MG92,93.93,91.13065465092659
2024-02-22,MG95,100.78,93.29269089221954
2024-02-22,MG92,96.11,93.15984711408615
2024-02-23,MG95,101.23,101.25732159018516
2024-02-23,MG92,96.56,84.10514826774597
2024-02-26,MG95,99.18,92.77251299023628
2024-02-26,MG92,94.51,90.34027161598205
2024-02-27,MG95,101.65,96.92034374713897
2024-02-27,MG92,96.98,88.70620109677314
2024-02-28,MG95,102.04,93.97863591432571
2024-02-28,MG92,97.37,92.43518601059912
2024-02-29,MG95,100.8,95.89718047201633
2024-02-29,MG92,96.13,89.0665251481533
2024-03-01,MG95,99.03,95.62674205183983
2024-03-01,MG92,94.59,89.46412947535515
2024-03-04,MG95,98.26,94.01329024553299
2024-03-04,MG92,93.82,90.2798372721672
2024-03-05,MG95,98.94,94.88907895267009
2024-03-05,MG92,94.5,88.54180164813995
2024-03-06,MG95,97.08,98.38320141077041
2024-03-06,MG92,93.64,91.3866907763481
2024-03-07,MG95,98.14,99.59873720049858
2024-03-07,MG92,94.2,89.27202863335609
2024-03-08,MG95,99.79,90.93487927138804
2024-03-08,MG92,95.41,90.17237122774124
2024-03-11,MG95,98.19,92.66745534121989
2024-03-11,MG92,93.78,92.52341636776924
2024-03-12,MG95,99.19,92.5155967837572
2024-03-12,MG92,94.68,84.75030631661414
2024-03-13,MG95,98.51,91.91955984830855
2024-03-13,MG92,94.13,92.20407946944236
2024-03-14,MG95,99.8,91.04477798998356
2024-03-14,MG92,95.93,87.20212174534797
2024-03-15,MG95,100.94,90.82138633668423
2024-03-15,MG92,97.07,86.7210792851448
2024-03-18,MG95,103.56,90.137302814126
2024-03-18,MG92,99.21,88.92814063072204
2024-03-19,MG95,103.3,92.81098983466624
2024-03-19,MG92,99.29,90.97508825659752
2024-03-20,MG95,104.4,90.57541083037853
2024-03-20,MG92,100.2,82.97470655679702
2024-03-21,MG95,104.78,91.57525267720222
2024-03-21,MG92,100.55,87.8531573653221
2024-03-22,MG95,105.55,90.62484593629837
2024-03-22,MG92,100.94,85.05644650936127
2024-03-25,MG95,105.67,93.45335352301598
2024-03-25,MG92,101.06,86.65434992909431
2024-03-26,MG95,105.19,86.18983497083187
2024-03-26,MG92,100.58,82.75158705592155
2024-03-27,MG95,103.9,93.0791979676485
2024-03-27,MG92,99.29,85.96172047495841
2024-03-28,MG95,104.58,91.48001180410384
2024-03-28,MG92,99.97,81.17039797902108
2024-04-01,MG95,106.58,84.43956294775009
2024-04-01,MG92,103.25,88.07687798142433
2024-04-02,MG95,106.91,90.86822822153567
2024-04-02,MG92,102.56,81.65936625480651
2024-04-03,MG95,107.09,91.93184106230736
2024-04-03,MG92,102.74,80.24099035024642
2024-04-04,MG95,106.36,83.34009575247764
2024-04-04,MG92,102.01,85.41385960459709
2024-04-05,MG95,107.02,88.87448610663414
2024-04-05,MG92,102.67,85.29458275914192
2024-04-08,MG95,106.27,91.20648259222507
2024-04-08,MG92,101.92,83.28195436000824
2024-04-09,MG95,106.43,88.1776940447092
2024-04-09,MG92,101.97,85.71574189782142
2024-04-10,MG95,106.43,88.41510548233985
2024-04-10,MG92,101.97,83.12779056787491
2024-04-11,MG95,107.79,86.48660951197147
2024-04-11,MG92,103.38,79.65942250013352
2024-04-12,MG95,108.62,81.79913706064224
2024-04-12,MG92,104.21,81.31297360539436
2024-04-15,MG95,107.89,85.98733543038368
2024-04-15,MG92,103.48,84.73647510051727
2024-04-16,MG95,108.46,84.29081274330615
2024-04-16,MG92,104.05,83.30621047258377
2024-04-17,MG95,108.41,89.14930900216102
2024-04-17,MG92,104.0,84.24894282221794
2024-04-18,MG95,105.32,88.85773846447468
2024-04-18,MG92,100.91,82.86629431247711
2024-04-19,MG95,105.41,88.44345530092716
2024-04-19,MG92,101.0,83.50815179347991
2024-04-22,MG95,104.36,87.59034996092319
2024-04-22,MG92,99.95,78.61926495671271
2024-04-23,MG95,104.94,84.3759207367897
2024-04-23,MG92,100.53,82.08378700017929
2024-04-24,MG95,105.05,86.24692095696926
2024-04-24,MG92,100.64,83.80259806871413
2024-04-25,MG95,105.56,90.9373320019245
2024-04-25,MG92,101.15,79.41521387338638
2024-04-26,MG95,106.1,85.42812457561493
2024-04-26,MG92,101.69,80.2516100525856
2024-04-29,MG95,106.05,86.30640698969364
2024-04-29,MG92,101.64,79.55030895471573
2024-04-30,MG95,105.3,79.43848050653934
2024-04-30,MG92,100.89,84.30702279806137
2024-05-01,MG95,105.3,83.3252154636383
2024-05-01,MG92,100.89,78.24642323732375
2024-03-06,MG95,97.08,97.28644297242164
2024-03-06,MG92,93.64,95.00806403160095
2024-03-07,MG95,98.14,96.34014126420021
2024-03-07,MG92,94.2,94.88092410564423
2024-03-08,MG95,99.79,99.93093235015868
2024-03-08,MG92,95.41,90.6097052693367
2024-03-11,MG95,98.19,94.03952838778496
2024-03-11,MG92,93.78,94.22201237082481
2024-03-12,MG95,99.19,94.04030682921409
2024-03-12,MG92,94.68,88.37020182609558
2024-03-13,MG95,98.51,92.5068243920803
2024-03-13,MG92,94.13,92.41759648919106
2024-03-14,MG95,99.8,93.79134120941161
2024-03-14,MG92,95.93,89.3841162621975
2024-03-15,MG95,100.94,98.33850066661834
2024-03-15,MG92,97.07,91.73936480283737
2024-03-18,MG95,103.56,94.23439232826233
2024-03-18,MG92,99.21,91.8012900352478
2024-03-19,MG95,103.3,93.6867469882965
2024-03-19,MG92,99.29,86.2978413105011
2024-03-20,MG95,104.4,96.01032978415489
2024-03-20,MG92,100.2,87.73120146989822
2024-03-21,MG95,104.78,96.3193769288063
2024-03-21,MG92,100.55,86.32966008782387
2024-03-22,MG95,105.55,93.63207327246666
2024-03-22,MG92,100.94,89.91502064466476
2024-03-25,MG95,105.67,92.19951694607734
2024-03-25,MG92,101.06,85.44705936312675
2024-03-26,MG95,105.19,89.57490141391754
2024-03-26,MG92,100.58,84.49376338720322
2024-03-27,MG95,103.9,92.25243327140808
2024-03-27,MG92,99.29,88.20780721306801
2024-03-28,MG95,104.58,95.33084477305412
2024-03-28,MG92,99.97,87.46066582202911
2024-04-01,MG95,106.58,91.04783644080162
2024-04-01,MG92,103.25,90.21562895178795
2024-04-02,MG95,106.91,85.99687794685363
2024-04-02,MG92,102.56,84.42573800683022
2024-04-03,MG95,107.09,86.33618405342102
2024-04-03,MG92,102.74,86.89161720871925
2024-04-04,MG95,106.36,88.55528467655182
2024-04-04,MG92,102.01,84.40869927406311
2024-04-05,MG95,107.02,86.842406873703
2024-04-05,MG92,102.67,86.18808934092522
2024-04-08,MG95,106.27,86.06819379687309
2024-04-08,MG92,101.92,89.4717544913292
2024-04-09,MG95,106.43,88.7763325560093
2024-04-09,MG92,101.97,86.28966271877289
2024-04-10,MG95,106.43,88.97023523926735
2024-04-10,MG92,101.97,86.14562487602234
2024-04-11,MG95,107.79,88.44967612266541
2024-04-11,MG92,103.38,88.06782487034798
2024-04-12,MG95,108.62,90.03231831550598
2024-04-12,MG92,104.21,82.33033436536789
2024-04-15,MG95,107.89,89.50045410633086
2024-04-15,MG92,103.48,84.77893826365471
2024-04-16,MG95,108.46,89.89773640751838
2024-04-16,MG92,104.05,82.70462885499
2024-04-17,MG95,108.41,86.9237834894657
2024-04-17,MG92,104.0,84.01894319057465
2024-04-18,MG95,105.32,84.2894610285759
2024-04-18,MG92,100.91,81.70922327041626
2024-04-19,MG95,105.41,88.03542143940925
2024-04-19,MG92,101.0,82.45636466145515
2024-04-22,MG95,104.36,88.446361849308
2024-04-22,MG92,99.95,77.31859248876572
2024-04-23,MG95,104.94,84.62154886007309
2024-04-23,MG92,100.53,83.00626793503761
2024-04-24,MG95,105.05,79.1205922472477
2024-04-24,MG92,100.64,84.73888456821442
2024-04-25,MG95,105.56,86.12741431832313
2024-04-25,MG92,101.15,86.54185286164284
2024-04-26,MG95,106.1,85.6938696205616
2024-04-26,MG92,101.69,78.70602411031723
2024-04-29,MG95,106.05,83.5819344341755
2024-04-29,MG92,101.64,79.95805272459984
2024-04-30,MG95,105.3,85.46843416213989
2024-04-30,MG92,100.89,84.95743095874786
2024-05-01,MG95,105.3,82.66005927443504
2024-05-01,MG92,100.89,78.50343498587608
2024-05-02,MG95,100.51,88.90300620675087
2024-05-02,MG92,96.1,80.70339167118073
2024-05-03,MG95,98.84,84.85869042634964
2024-05-03,MG92,95.37,81.83990612626076
2024-05-06,MG95,98.2,80.53611132144928
2024-05-06,MG92,94.3,87.08651214838028
2024-05-07,MG95,98.51,84.4342393398285
2024-05-07,MG92,93.98,76.70754691958427
2024-05-08,MG95,95.84,83.9344386613369
2024-05-08,MG92,90.88,79.09501978754997
2024-05-09,MG95,96.86,85.58705802083016
2024-05-09,MG92,91.9,79.48176804184914
2024-05-10,MG95,97.03,83.68897602796554
2024-05-10,MG92,92.07,78.50508534908295
2024-05-13,MG95,96.4,82.60880598306656
2024-05-13,MG92,91.44,79.58736312389374
2024-05-14,MG95,95.49,86.81750854253768
2024-05-14,MG92,90.53,77.20603546500206
2024-05-15,MG95,94.93,82.88583087801933
2024-05-15,MG92,89.97,82.94815599918365
2024-05-16,MG95,96.38,86.13526360273362
2024-05-16,MG92,91.42,76.72333520650864
2024-05-17,MG95,97.35,85.76724951982499
2024-05-17,MG92,92.39,81.0073119699955
2024-05-20,MG95,97.43,87.39265881299973
2024-05-20,MG92,93.46,79.14613598585129
2024-05-21,MG95,95.4,86.96641495227813
2024-05-21,MG92,91.42,77.86707070469856
2024-05-22,MG95,95.4,83.55153983473778
2024-05-22,MG92,91.42,75.20708513259888
2024-05-23,MG95,93.75,85.11355922698975
2024-05-23,MG92,90.22,79.62391331791878
2024-05-24,MG95,92.47,85.47791699409484
2024-05-24,MG92,88.81,76.72986906766891
2024-05-27,MG95,92.46,84.29896155238151
2024-05-27,MG92,88.8,79.73083770275116
2024-05-28,MG95,92.45,78.59657142519951
2024-05-28,MG92,88.92,80.81648942828178
2024-05-29,MG95,93.52,84.82355441093445
2024-05-29,MG92,89.23,79.09678843617439
2024-04-04,MG95,106.36,109.77028578400612
2024-04-04,MG92,102.01,107.83464303016662
2024-04-05,MG95,107.02,107.0477760487795
2024-04-05,MG92,102.67,101.09664044737815
2024-04-08,MG95,106.27,102.91272673904896
2024-04-08,MG92,101.92,106.22280257940292
2024-04-09,MG95,106.43,98.61774982571602
2024-04-09,MG92,101.97,98.62483127832412
2024-04-10,MG95,106.43,103.03886241555215
2024-04-10,MG92,101.97,103.60874409675597
2024-04-11,MG95,107.79,105.92477852284908
2024-04-11,MG92,103.38,98.0625211930275
2024-04-12,MG95,108.62,110.8001799762249
2024-04-12,MG92,104.21,97.54764591693878
2024-04-15,MG95,107.89,101.95204408168793
2024-04-15,MG92,103.48,105.28812985420227
2024-04-16,MG95,108.46,106.88872930765152
2024-04-16,MG92,104.05,100.07073562979697
2024-04-17,MG95,108.41,108.86302296757698
2024-04-17,MG92,104.0,95.25315695643424
2024-04-18,MG95,105.32,99.31236095130444
2024-04-18,MG92,100.91,96.91659026384353
2024-04-19,MG95,105.41,103.42847171783447
2024-04-19,MG92,101.0,98.65317213773727
2024-04-22,MG95,104.36,107.82117968440056
2024-04-22,MG92,99.95,94.83794621944428
2024-04-23,MG95,104.94,101.98651261329651
2024-04-23,MG92,100.53,97.7587755215168
2024-04-24,MG95,105.05,102.82705967187881
2024-04-24,MG92,100.64,97.86457608938217
2024-04-25,MG95,105.56,98.32124385714532
2024-04-25,MG92,101.15,95.65811035990714
2024-04-26,MG95,106.1,97.3489376449585
2024-04-26,MG92,101.69,100.49483809709548
2024-04-29,MG95,106.05,101.66252118229866
2024-04-29,MG92,101.64,91.88232771635055
2024-04-30,MG95,105.3,97.51612917244435
2024-04-30,MG92,100.89,91.83011635780333
2024-05-01,MG95,105.3,96.06677848279476
2024-05-01,MG92,100.89,96.24609745979309
2024-05-02,MG95,100.51,97.2049804610014
2024-05-02,MG92,96.1,93.95924485445022
2024-05-03,MG95,98.84,94.41098043799401
2024-05-03,MG92,95.37,92.3085183930397
2024-05-06,MG95,98.2,95.00110084831715
2024-05-06,MG92,94.3,93.31688470125198
2024-05-07,MG95,98.51,98.96839053809643
2024-05-07,MG92,93.98,92.2617020857334
2024-05-08,MG95,95.84,96.46793474316597
2024-05-08,MG92,90.88,91.91597177028656
2024-05-09,MG95,96.86,98.95536909282208
2024-05-09,MG92,91.9,96.60882126808166
2024-05-10,MG95,97.03,94.65148780882359
2024-05-10,MG92,92.07,92.6225703883171
2024-05-13,MG95,96.4,98.67454630613328
2024-05-13,MG92,91.44,88.24660819649696
2024-05-14,MG95,95.49,101.1876086473465
2024-05-14,MG92,90.53,84.84198180794715
2024-05-15,MG95,94.93,97.58572369098664
2024-05-15,MG92,89.97,87.63443216085433
2024-05-16,MG95,96.38,89.18828299641609
2024-05-16,MG92,91.42,91.59679417014121
2024-05-17,MG95,97.35,93.17086650133133
2024-05-17,MG92,92.39,85.77944697737694
2024-05-20,MG95,97.43,96.59761301875115
2024-05-20,MG92,93.46,83.51820402503013
2024-05-21,MG95,95.4,95.97214959740639
2024-05-21,MG92,91.42,88.13745179653168
2024-05-22,MG95,95.4,93.35117522001266
2024-05-22,MG92,91.42,89.5896820139885
2024-05-23,MG95,93.75,97.49819915294647
2024-05-23,MG92,90.22,83.12517362356185
2024-05-24,MG95,92.47,97.36429529070854
2024-05-24,MG92,88.81,82.68715180158615
2024-05-27,MG95,92.46,92.33859189033508
2024-05-27,MG92,88.8,89.58118220567702
2024-05-28,MG95,92.45,95.11079375863075
2024-05-28,MG92,88.92,93.13359380602836
2024-05-29,MG95,93.52,99.07776429533959
2024-05-29,MG92,89.23,85.65691623926162
2024-05-30,MG95,90.86,92.2304755961895
2024-05-30,MG92,86.57,89.3551044511795
2024-05-31,MG95,90.78,91.37235596954822
2024-05-31,MG92,85.96,90.51292776346206
2024-06-03,MG95,91.38,99.78285640776157
2024-06-03,MG92,86.43,88.29817043423652
2024-06-04,MG95,88.04,91.14887222349644
2024-06-04,MG92,83.24,83.0386935853958
2024-06-05,MG95,89.43,91.67556415259838
2024-06-05,MG92,84.63,94.52126099824905
2024-06-06,MG95,89.87,91.0358218228817
2024-06-06,MG92,85.14,86.64339615345001
2024-06-07,MG95,91.12,93.84448373794557
2024-06-07,MG92,85.88,91.62791522622108
2024-06-10,MG95,91.67,91.86967305004598
2024-06-10,MG92,86.43,87.42334542274475
2024-06-11,MG95,92.62,92.74524396657944
2024-06-11,MG92,87.38,84.60701232314109
2024-06-12,MG95,92.14,98.08335354149342
2024-06-12,MG92,86.9,91.27328093290329
2024-06-13,MG95,91.15,91.26771206080913
2024-06-13,MG92,85.91,84.70570318102837
2024-06-14,MG95,91.78,95.40334222912789
2024-06-14,MG92,86.54,89.01511824250221
2024-06-17,MG95,91.78,92.12491890966892
2024-06-17,MG92,86.54,91.22318840265274
2024-06-18,MG95,93.26,90.85643226504327
2024-06-18,MG92,88.02,88.16958327651024
2024-06-19,MG95,94.52,94.61187452971936
2024-06-19,MG92,89.28,94.88410728216171
2024-06-20,MG95,94.85,97.39344673216343
2024-06-20,MG92,89.61,88.09013946294785
2024-06-21,MG95,95.95,90.27425876617431
2024-06-21,MG92,90.71,90.82998041152953
2024-06-24,MG95,95.52,95.00743284523487
2024-06-24,MG92,90.28,90.00389457464217
2024-06-25,MG95,95.57,95.38849522829057
2024-06-25,MG92,90.33,91.03967705130577
2024-06-26,MG95,95.65,103.28558688819409
2024-06-26,MG92,90.41,91.47591072916984
2024-05-02,MG95,100.51,105.07095646262168
2024-05-02,MG92,96.1,98.70983708381652
2024-05-03,MG95,98.84,105.6300491452217
2024-05-03,MG92,95.37,96.3189727127552
2024-05-06,MG95,98.2,108.9222683429718
2024-05-06,MG92,94.3,99.07818277180195
2024-05-07,MG95,98.51,99.56036716103553
2024-05-07,MG92,93.98,97.37222741961479
2024-05-08,MG95,95.84,103.3525305390358
2024-05-08,MG92,90.88,99.7205221349001
2024-05-09,MG95,96.86,99.41864047050476
2024-05-09,MG92,91.9,97.14615542650223
2024-05-10,MG95,97.03,103.98688316345215
2024-05-10,MG92,92.07,100.73317360460759
2024-05-13,MG95,96.4,105.99171863794326
2024-05-13,MG92,91.44,95.14001153826713
2024-05-14,MG95,95.49,101.06885481476783
2024-05-14,MG92,90.53,97.12812691569329
2024-05-15,MG95,94.93,102.56469558477401
2024-05-15,MG92,89.97,96.44106505930424
2024-05-16,MG95,96.38,96.40218610167503
2024-05-16,MG92,91.42,98.9220779979229
2024-05-17,MG95,97.35,103.36655194759369
2024-05-17,MG92,92.39,96.5627545005083
2024-05-20,MG95,97.43,99.9733334183693
2024-05-20,MG92,93.46,92.67271542191506
2024-05-21,MG95,95.4,105.5346608877182
2024-05-21,MG92,91.42,99.11411952316762
2024-05-22,MG95,95.4,101.61406416893006
2024-05-22,MG92,91.42,96.62507253170014
2024-05-23,MG95,93.75,102.76743485927581
2024-05-23,MG92,90.22,98.62519088029862
2024-05-24,MG95,92.47,102.95418822169303
2024-05-24,MG92,88.81,96.8510904031992
2024-05-27,MG95,92.46,102.557283192873
2024-05-27,MG92,88.8,92.46075112938881
2024-05-28,MG95,92.45,104.20884695649147
2024-05-28,MG92,88.92,94.62237438619137
2024-05-29,MG95,93.52,100.63713476657867
2024-05-29,MG92,89.23,95.97242600798607
2024-05-30,MG95,90.86,96.77146883010865
2024-05-30,MG92,86.57,94.73656497716904
2024-05-31,MG95,90.78,98.06613941788673
2024-05-31,MG92,85.96,93.01896145105361
2024-06-03,MG95,91.38,102.85591911077499
2024-06-03,MG92,86.43,94.28363322079181
2024-06-04,MG95,88.04,102.5232841014862
2024-06-04,MG92,83.24,94.14683783590793
2024-06-05,MG95,89.43,96.91881287097931
2024-06-05,MG92,84.63,96.69487137258052
2024-06-06,MG95,89.87,99.09050561785698
2024-06-06,MG92,85.14,98.79797713816166
2024-06-07,MG95,91.12,100.26042081713676
2024-06-07,MG92,85.88,98.12945494115353
2024-06-10,MG95,91.67,100.1833783864975
2024-06-10,MG92,86.43,91.85371709883213
2024-06-11,MG95,92.62,99.77955679893493
2024-06-11,MG92,87.38,93.85723909556866
2024-06-12,MG95,92.14,100.14735202789306
2024-06-12,MG92,86.9,98.88642989516258
2024-06-13,MG95,91.15,101.85775675177574
2024-06-13,MG92,85.91,92.85176174640655
2024-06-14,MG95,91.78,98.11301134228707
2024-06-14,MG92,86.54,94.22570505380631
2024-06-17,MG95,91.78,102.22481136918067
2024-06-17,MG92,86.54,99.37400549769401
2024-06-18,MG95,93.26,96.98634032607079
2024-06-18,MG92,88.02,94.70678606271744
2024-06-19,MG95,94.52,99.22658985257148
2024-06-19,MG92,89.28,96.6495535415411
2024-06-20,MG95,94.85,98.70831867456435
2024-06-20,MG92,89.61,95.55982086718082
2024-06-21,MG95,95.95,97.67165706753731
2024-06-21,MG92,90.71,92.8920222133398
2024-06-24,MG95,95.52,101.69389958381653
2024-06-24,MG92,90.28,93.83712990939617
2024-06-25,MG95,95.57,104.087323898077
2024-06-25,MG92,90.33,92.34402884960174
2024-06-26,MG95,95.65,96.35441665649414
2024-06-26,MG92,90.41,95.73148259818554
2024-06-27,MG95,96.51,101.22693144679069
2024-06-27,MG92,91.27,90.21300835847855
2024-06-28,MG95,97.45,99.90451303124428
2024-06-28,MG92,92.37,87.76551473915578
2024-07-01,MG95,97.87,101.8416013777256
2024-07-01,MG92,93.14,98.0260044836998
2024-07-02,MG95,99.67,101.85214567780494
2024-07-02,MG92,95.23,95.47336459636688
2024-07-03,MG95,99.3,101.33113172650337
2024-07-03,MG92,94.88,92.86843721687794
2024-07-04,MG95,99.01,98.56808575987816
2024-07-04,MG92,94.59,92.34086574196816
2024-07-05,MG95,99.01,97.10589888095855
2024-07-05,MG92,94.59,91.60893706798554
2024-07-08,MG95,98.17,97.99655959010124
2024-07-08,MG92,93.75,93.78011579632759
2024-07-09,MG95,97.03,98.47717882990837
2024-07-09,MG92,92.61,93.16922710418702
2024-07-10,MG95,95.6,92.8827874481678
2024-07-10,MG92,91.18,91.32187001645565
2024-07-11,MG95,96.48,98.19155382513999
2024-07-11,MG92,92.06,94.03199177205563
2024-07-12,MG95,98.5,102.71097891926765
2024-07-12,MG92,94.08,94.12007169127465
2024-07-15,MG95,97.85,98.29459297657013
2024-07-15,MG92,93.43,93.16076609194279
2024-07-16,MG95,96.55,95.12239678502083
2024-07-16,MG92,92.13,98.79426078736782
2024-07-17,MG95,96.37,99.46758359670639
2024-07-17,MG92,91.95,92.70236805260181
2024-07-18,MG95,97.64,99.86128140091895
2024-07-18,MG92,93.22,88.95981037080288
2024-07-19,MG95,96.84,99.4921806871891
2024-07-19,MG92,92.42,91.17382334947587
2024-07-22,MG95,95.04,100.63869758248329
2024-07-22,MG92,90.62,93.22977114915848
2024-07-23,MG95,94.99,100.18364199399947
2024-07-23,MG92,90.57,103.37050179004669
2024-07-24,MG95,93.51,102.75077737569809
2024-07-24,MG92,89.09,95.45780763924122
2024-05-30,MG95,90.86,95.05100586891174
2024-05-30,MG92,86.57,89.99370791316032
2024-05-31,MG95,90.78,91.28257799625396
2024-05-31,MG92,85.96,91.19279007434845
2024-06-03,MG95,91.38,90.68843792915344
2024-06-03,MG92,86.43,89.26341095805168
2024-06-04,MG95,88.04,89.77618791103363
2024-06-04,MG92,83.24,83.79600710570813
2024-06-05,MG95,89.43,93.73047163963318
2024-06-05,MG92,84.63,91.254921053648
2024-06-06,MG95,89.87,94.8007008075714
2024-06-06,MG92,85.14,90.10899220585823
2024-06-07,MG95,91.12,92.92433259487152
2024-06-07,MG92,85.88,87.52224371433259
2024-06-10,MG95,91.67,93.16017253875732
2024-06-10,MG92,86.43,83.80639418005944
2024-06-11,MG95,92.62,87.74387514114379
2024-06-11,MG92,87.38,84.56554411947728
2024-06-12,MG95,92.14,89.26282953262329
2024-06-12,MG92,86.9,87.25582828760147
2024-06-13,MG95,91.15,91.70042757987976
2024-06-13,MG92,85.91,79.458337200284
2024-06-14,MG95,91.78,92.70998129367828
2024-06-14,MG92,86.54,86.35093487739563
2024-06-17,MG95,91.78,95.09755065917969
2024-06-17,MG92,86.54,86.52362730145455
2024-06-18,MG95,93.26,91.3245017528534
2024-06-18,MG92,88.02,89.9197166287899
2024-06-19,MG95,94.52,86.30811050415039
2024-06-19,MG92,89.28,84.7264347422123
2024-06-20,MG95,94.85,92.57347406387329
2024-06-20,MG92,89.61,86.7667901480198
2024-06-21,MG95,95.95,90.14936564445495
2024-06-21,MG92,90.71,85.0109065526724
2024-06-24,MG95,95.52,89.33669360637664
2024-06-24,MG92,90.28,87.74716402888298
2024-06-25,MG95,95.57,86.679749751091
2024-06-25,MG92,90.33,84.27071182727813
2024-06-26,MG95,95.65,83.54341127872466
2024-06-26,MG92,90.41,85.90333866477013
2024-06-27,MG95,96.51,85.13583397388457
2024-06-27,MG92,91.27,79.94102502405644
2024-06-28,MG95,97.45,84.46741176605224
2024-06-28,MG92,92.37,82.71197522222997
2024-07-01,MG95,97.87,82.87926450252533
2024-07-01,MG92,93.14,84.41634892761708
2024-07-02,MG95,99.67,86.37971701622008
2024-07-02,MG92,95.23,84.96643306791783
2024-07-03,MG95,99.3,85.02829042434692
2024-07-03,MG92,94.88,81.68614392995835
2024-07-04,MG95,99.01,86.7020132112503
2024-07-04,MG92,94.59,84.63240858376027
2024-07-05,MG95,99.01,81.14089183807373
2024-07-05,MG92,94.59,79.9457106423378
2024-07-08,MG95,98.17,86.84781825065612
2024-07-08,MG92,93.75,83.98789939582348
2024-07-09,MG95,97.03,83.91547974109649
2024-07-09,MG92,92.61,78.42778306007385
2024-07-10,MG95,95.6,84.58295990467072
2024-07-10,MG92,91.18,78.88827137112618
2024-07-11,MG95,96.48,81.42598007202147
2024-07-11,MG92,92.06,82.36209090411663
2024-07-12,MG95,98.5,82.57366868972778
2024-07-12,MG92,94.08,82.08602767765522
2024-07-15,MG95,97.85,81.66239416122436
2024-07-15,MG92,93.43,77.40329735398294
2024-07-16,MG95,96.55,84.05121215343475
2024-07-16,MG92,92.13,75.82730746209621
2024-07-17,MG95,96.37,83.70502482414246
2024-07-17,MG92,91.95,77.07391062140465
2024-07-18,MG95,97.64,83.07135234355925
2024-07-18,MG92,93.22,78.00585935533047
2024-07-19,MG95,96.84,81.77969260692596
2024-07-19,MG92,92.42,78.68373163461686
2024-07-22,MG95,95.04,76.47887088298798
2024-07-22,MG92,90.62,78.54145584046842
2024-07-23,MG95,94.99,81.6968484544754
2024-07-23,MG92,90.57,78.95352432310581
2024-07-24,MG95,93.51,84.00992943286896
2024-07-24,MG92,89.09,79.16176043272019
2024-07-25,MG95,94.15,78.28893924713134
2024-07-25,MG92,89.73,72.77787410974503
2024-07-26,MG95,95.36,78.07416430473327
2024-07-26,MG92,90.94,80.6612274235487
2024-07-29,MG95,95.11,81.49135459899902
2024-07-29,MG92,90.69,78.21712170422077
2024-07-30,MG95,93.01,88.87850334644317
2024-07-30,MG92,88.91,79.08602467298508
2024-07-31,MG95,93.39,79.61257832050323
2024-07-31,MG92,89.28,77.69406097650528
2024-08-01,MG95,93.51,78.13382524967193
2024-08-01,MG92,89.4,72.76830608785153
2024-08-02,MG95,92.86,79.76671682834625
2024-08-02,MG92,87.7,73.27762907207013
2024-08-05,MG95,87.55,77.11790019512176
2024-08-05,MG92,82.85,76.86380771040916
2024-08-06,MG95,87.23,79.453250207901
2024-08-06,MG92,83.27,74.50469729840756
2024-08-07,MG95,87.3,78.19146275043487
2024-08-07,MG92,82.76,73.95092742204666
2024-08-08,MG95,89.62,79.86201380252838
2024-08-08,MG92,85.03,72.57467464089395
2024-08-09,MG95,89.62,78.00638171195983
2024-08-09,MG92,85.03,72.15880873322487
2024-08-12,MG95,91.37,78.7189183473587
2024-08-12,MG92,86.89,70.81981220185757
2024-08-13,MG95,91.98,79.0234160375595
2024-08-13,MG92,87.5,76.07228392481804
2024-08-14,MG95,90.6,79.43486083507537
2024-08-14,MG92,86.12,75.18898903429509
2024-08-15,MG95,88.66,81.23715315341948
2024-08-15,MG92,83.84,71.45261532187462
2024-08-16,MG95,90.15,77.44298350334167
2024-08-16,MG92,85.99,66.24854215323926
2024-08-19,MG95,88.79,74.79099513530731
2024-08-19,MG92,84.63,70.32376956820488
2024-08-20,MG95,87.02,78.7393701839447
2024-08-20,MG92,82.86,71.70922339320182
2024-08-21,MG95,87.66,72.1346923160553
2024-08-21,MG92,83.5,72.96063981533051
2024-06-27,MG95,96.51,95.35281436741353
2024-06-27,MG92,91.27,92.88620085716248
2024-06-28,MG95,97.45,94.16195099651814
2024-06-28,MG92,92.37,91.76736658811569
2024-07-01,MG95,97.87,92.96123027801514
2024-07-01,MG92,93.14,91.26240923166274
2024-07-02,MG95,99.67,92.39087810218335
2024-07-02,MG92,95.23,89.36523016691207
2024-07-03,MG95,99.3,96.71325946450234
2024-07-03,MG92,94.88,91.40907233476638
2024-07-04,MG95,99.01,93.09414768815041
2024-07-04,MG92,94.59,88.14141020655632
2024-07-05,MG95,99.01,95.25273007750512
2024-07-05,MG92,94.59,91.14389751195907
2024-07-08,MG95,98.17,93.44819123148919
2024-07-08,MG92,93.75,88.70707302510738
2024-07-09,MG95,97.03,90.77931864261627
2024-07-09,MG92,92.61,87.14356114208698
2024-07-10,MG95,95.6,94.57432905733586
2024-07-10,MG92,91.18,88.5785057002306
2024-07-11,MG95,96.48,93.74833577871323
2024-07-11,MG92,92.06,90.40045633614064
2024-07-12,MG95,98.5,96.74607548117638
2024-07-12,MG92,94.08,87.94550912678241
2024-07-15,MG95,97.85,97.56110538244248
2024-07-15,MG92,93.43,86.74114293634891
2024-07-16,MG95,96.55,94.97726595699788
2024-07-16,MG92,92.13,89.19122939765452
2024-07-17,MG95,96.37,94.88733547627926
2024-07-17,MG92,91.95,86.51241833508014
2024-07-18,MG95,97.64,93.59747104048729
2024-07-18,MG92,93.22,87.49023163318634
2024-07-19,MG95,96.84,90.08228615224363
2024-07-19,MG92,92.42,86.0777909374237
2024-07-22,MG95,95.04,94.71230341792108
2024-07-22,MG92,90.62,87.38712665259838
2024-07-23,MG95,94.99,94.08229404985906
2024-07-23,MG92,90.57,90.61029299736023
2024-07-24,MG95,93.51,91.44504593014717
2024-07-24,MG92,89.09,90.04078792452812
2024-07-25,MG95,94.15,88.60277752280236
2024-07-25,MG92,89.73,83.83603764653205
2024-07-26,MG95,95.36,92.7732736349106
2024-07-26,MG92,90.94,88.53113765656948
2024-07-29,MG95,95.11,89.42481417953968
2024-07-29,MG92,90.69,87.02922039687633
2024-07-30,MG95,93.01,89.88353716731072
2024-07-30,MG92,88.91,86.08873031497001
2024-07-31,MG95,93.39,91.4431987464428
2024-07-31,MG92,89.28,89.77392100095749
2024-08-01,MG95,93.51,93.43228492736817
2024-08-01,MG92,89.4,89.11159288465976
2024-08-02,MG95,92.86,92.52164616584778
2024-08-02,MG92,87.7,89.20503025770186
2024-08-05,MG95,87.55,94.30129934251309
2024-08-05,MG92,82.85,86.66071426153182
2024-08-06,MG95,87.23,91.9292475104332
2024-08-06,MG92,83.27,85.94898111402988
2024-08-07,MG95,87.3,93.887826654315
2024-08-07,MG92,82.76,89.2044051504135
2024-08-08,MG95,89.62,92.9458940923214
2024-08-08,MG92,85.03,89.2868869793415
2024-08-09,MG95,89.62,94.16171154677869
2024-08-09,MG92,85.03,89.46117335796356
2024-08-12,MG95,91.37,90.54339223504067
2024-08-12,MG92,86.89,88.31657496869563
2024-08-13,MG95,91.98,88.1055601388216
2024-08-13,MG92,87.5,87.59929129958152
2024-08-14,MG95,90.6,92.96176618933679
2024-08-14,MG92,86.12,87.14889072060585
2024-08-15,MG95,88.66,91.93999994397164
2024-08-15,MG92,83.84,87.29368389070034
2024-08-16,MG95,90.15,96.42815464138985
2024-08-16,MG92,85.99,86.73146993994712
2024-08-19,MG95,88.79,92.94330005347729
2024-08-19,MG92,84.63,82.86478258609772
2024-08-20,MG95,87.02,88.77544929087162
2024-08-20,MG92,82.86,86.8999363541603
2024-08-21,MG95,87.66,94.54581743478775
2024-08-21,MG92,83.5,85.65164559900761
2024-08-22,MG95,85.72,90.64172056019306
2024-08-22,MG92,81.82,84.52738475203513
2024-08-23,MG95,87.27,96.50046846270561
2024-08-23,MG92,83.04,86.66335480093956
2024-08-26,MG95,89.06,93.3533349275589
2024-08-26,MG92,85.58,85.1552188014984
2024-08-27,MG95,89.58,92.09208473563194
2024-08-27,MG92,86.1,84.18679827928543
2024-08-28,MG95,86.67,90.59335741400719
2024-08-28,MG92,83.14,85.97454584658145
2024-08-29,MG95,86.07,93.00267218649388
2024-08-29,MG92,81.88,87.01075278759002
2024-08-30,MG95,89.03,89.60305600464345
2024-08-30,MG92,84.84,86.46947454214096
2024-09-02,MG95,86.59,90.50743486583234
2024-09-02,MG92,82.4,84.25487569630145
2024-09-03,MG95,87.9,93.86113941073418
2024-09-03,MG92,83.71,87.26218063890934
2024-09-04,MG95,81.98,93.08671334385872
2024-09-04,MG92,77.79,83.56624996304512
2024-09-05,MG95,80.92,93.22690546512604
2024-09-05,MG92,77.08,88.93730650603771
2024-09-06,MG95,80.78,89.19758777916432
2024-09-06,MG92,76.35,89.70873201072216
2024-09-09,MG95,81.59,91.5061284184456
2024-09-09,MG92,77.16,85.43444237172604
2024-09-10,MG95,80.21,89.62570680975915
2024-09-10,MG92,76.35,82.94022118031978
2024-09-11,MG95,79.47,91.32030401825905
2024-09-11,MG92,75.61,89.77570471227169
2024-09-12,MG95,80.35,90.6894850820303
2024-09-12,MG92,76.49,85.51131979048252
2024-09-13,MG95,80.31,90.3831775546074
2024-09-13,MG92,75.89,88.4340897500515
2024-09-16,MG95,80.46,92.50383566617967
2024-09-16,MG92,76.04,85.97124247789382
2024-09-17,MG95,82.54,87.49479796886445
2024-09-17,MG92,77.43,83.8367866975069
2024-09-18,MG95,83.86,92.75912899672986
2024-09-18,MG92,79.24,83.36220632195473
2024-07-25,MG95,94.15,93.91278396964074
2024-07-25,MG92,89.73,88.02828305006028
2024-07-26,MG95,95.36,95.71328951239586
2024-07-26,MG92,90.94,87.01742167294026
2024-07-29,MG95,95.11,92.22108126461507
2024-07-29,MG92,90.69,90.70435777425766
2024-07-30,MG95,93.01,92.93844650387764
2024-07-30,MG92,88.91,87.13931149423122
2024-07-31,MG95,93.39,89.86929909288884
2024-07-31,MG92,89.28,89.36530085802079
2024-08-01,MG95,93.51,92.83687266469002
2024-08-01,MG92,89.4,85.75346129119397
2024-08-02,MG95,92.86,90.94752345442772
2024-08-02,MG92,87.7,88.24435418486595
2024-08-05,MG95,87.55,92.1581048154831
2024-08-05,MG92,82.85,86.81135491311551
2024-08-06,MG95,87.23,89.2381356203556
2024-08-06,MG92,83.27,89.36277321338653
2024-08-07,MG95,87.3,90.81833227694035
2024-08-07,MG92,82.76,87.14934773027898
2024-08-08,MG95,89.62,90.39402852058411
2024-08-08,MG92,85.03,88.35435451805591
2024-08-09,MG95,89.62,91.03150691628457
2024-08-09,MG92,85.03,86.40677246630192
2024-08-12,MG95,91.37,92.29427417814732
2024-08-12,MG92,86.89,87.51012652039529
2024-08-13,MG95,91.98,90.70401154518127
2024-08-13,MG92,87.5,86.6155049353838
2024-08-14,MG95,90.6,93.93953739523889
2024-08-14,MG92,86.12,88.31159165620804
2024-08-15,MG95,88.66,92.42852063834668
2024-08-15,MG92,83.84,87.49627757668496
2024-08-16,MG95,90.15,90.3744204890728
2024-08-16,MG92,85.99,87.24592924416065
2024-08-19,MG95,88.79,87.32524896919728
2024-08-19,MG92,84.63,86.1081705480814
2024-08-20,MG95,87.02,90.67289954066277
2024-08-20,MG92,82.86,87.7458293825388
2024-08-21,MG95,87.66,89.77001044213772
2024-08-21,MG92,83.5,85.35004177331925
2024-08-22,MG95,85.72,92.33885207355023
2024-08-22,MG92,81.82,85.23790674865246
2024-08-23,MG95,87.27,90.73977195739747
2024-08-23,MG92,83.04,87.13730424702167
2024-08-26,MG95,89.06,90.49743608415127
2024-08-26,MG92,85.58,84.67435350894928
2024-08-27,MG95,89.58,90.13657138824463
2024-08-27,MG92,86.1,85.31043846726418
2024-08-28,MG95,86.67,91.0359435260296
2024-08-28,MG92,83.14,86.31434882164002
2024-08-29,MG95,86.07,91.5943599754572
2024-08-29,MG92,81.88,85.60722430467607
2024-08-30,MG95,89.03,91.96265989422798
2024-08-30,MG92,84.84,85.22806167900562
2024-09-02,MG95,86.59,90.77500287473202
2024-09-02,MG92,82.4,82.81195201933384
2024-09-03,MG95,87.9,89.39765292048455
2024-09-03,MG92,83.71,85.31651862084865
2024-09-04,MG95,81.98,88.15511793673039
2024-09-04,MG92,77.79,85.32575833022595
2024-09-05,MG95,80.92,89.27838837862015
2024-09-05,MG92,77.08,81.98286333858967
2024-09-06,MG95,80.78,90.77410552024841
2024-09-06,MG92,76.35,83.01938880503178
2024-09-09,MG95,81.59,88.99326931893826
2024-09-09,MG92,77.16,85.7418320018053
2024-09-10,MG95,80.21,89.55498535752297
2024-09-10,MG92,76.35,85.29327066242695
2024-09-11,MG95,79.47,87.10865769445897
2024-09-11,MG92,75.61,83.80608102619648
2024-09-12,MG95,80.35,87.36961506664754
2024-09-12,MG92,76.49,82.9222656530142
2024-09-13,MG95,80.31,90.09816350162029
2024-09-13,MG92,75.89,86.31671185076237
2024-09-16,MG95,80.46,89.198802511096
2024-09-16,MG92,76.04,84.64047457456589
2024-09-17,MG95,82.54,88.07590550243854
2024-09-17,MG92,77.43,84.68455436050893
2024-09-18,MG95,83.86,87.32860986828804
2024-09-18,MG92,79.24,85.59070965170861
2024-09-19,MG95,86.33,89.96162070572377
2024-09-19,MG92,81.71,86.13335141122342
2024-09-20,MG95,85.86,88.88586546242237
2024-09-20,MG92,81.24,81.85757500350476
2024-09-23,MG95,85.82,85.63325643539429
2024-09-23,MG92,81.16,83.6072945201397
2024-09-24,MG95,85.14,88.26691938757897
2024-09-24,MG92,80.48,83.90532293915749
2024-09-25,MG95,84.78,88.92944010436536
2024-09-25,MG92,80.12,85.33689377307893
2024-09-26,MG95,81.86,89.78211079359055
2024-09-26,MG92,77.2,84.21047761678696
2024-09-27,MG95,81.67,91.12212299823761
2024-09-27,MG92,77.01,82.66227403759957
2024-09-30,MG95,81.6,90.1442629981041
2024-09-30,MG92,76.94,83.25529876410961
2024-10-01,MG95,79.71,87.22055947065354
2024-10-01,MG92,73.6,82.95089282155037
2024-10-02,MG95,84.21,89.8875471585989
2024-10-02,MG92,78.2,85.43662422239781
2024-10-03,MG95,84.86,90.86306623399258
2024-10-03,MG92,78.85,81.76135458171368
2024-10-04,MG95,88.97,89.62310069382191
2024-10-04,MG92,82.55,83.3600791925192
2024-10-07,MG95,88.88,88.8752811384201
2024-10-07,MG92,82.46,84.60438660621644
2024-10-08,MG95,90.15,90.42092128694058
2024-10-08,MG92,83.73,84.13412257015706
2024-10-09,MG95,88.5,88.98597343683244
2024-10-09,MG92,82.08,85.43653925955296
2024-10-10,MG95,88.37,88.25073356509209
2024-10-10,MG92,81.95,84.71842798471451
2024-10-11,MG95,89.88,86.56778145968914
2024-10-11,MG92,83.46,82.72194450557232
2024-10-14,MG95,89.17,89.90051142275334
2024-10-14,MG92,82.75,81.28659813523292
2024-10-15,MG95,84.88,87.34380915820599
2024-10-15,MG92,78.39,84.63231283128262
2024-10-16,MG95,84.95,89.55530862808229
2024-10-16,MG92,78.46,83.9743340098858
2024-08-22,MG95,85.72,88.38741658687591
2024-08-22,MG92,81.82,85.82872265577316
2024-08-23,MG95,87.27,85.48649679422378
2024-08-23,MG92,83.04,82.57674387097359
2024-08-26,MG95,89.06,86.1470550084114
2024-08-26,MG92,85.58,83.22832116484642
2024-08-27,MG95,89.58,85.2020979130268
2024-08-27,MG92,86.1,82.56412222981453
2024-08-28,MG95,86.67,91.18554084777831
2024-08-28,MG92,83.14,80.38236504793167
2024-08-29,MG95,86.07,89.07465336084366
2024-08-29,MG92,81.88,83.87600147724152
2024-08-30,MG95,89.03,87.34034842729568
2024-08-30,MG92,84.84,83.72992688417435
2024-09-02,MG95,86.59,89.2998379611969
2024-09-02,MG92,82.4,81.79483917355537
2024-09-03,MG95,87.9,86.84370712995529
2024-09-03,MG92,83.71,82.24418652057648
2024-09-04,MG95,81.98,89.75963295936585
2024-09-04,MG92,77.79,84.23873430490494
2024-09-05,MG95,80.92,86.02481746315956
2024-09-05,MG92,77.08,81.01839423179626
2024-09-06,MG95,80.78,91.06335032701492
2024-09-06,MG92,76.35,81.46274468302727
2024-09-09,MG95,81.59,86.14259813189506
2024-09-09,MG92,77.16,81.4813884794712
2024-09-10,MG95,80.21,89.20044909238815
2024-09-10,MG92,76.35,83.61693930625916
2024-09-11,MG95,79.47,83.77331630587578
2024-09-11,MG92,75.61,81.81953996419907
2024-09-12,MG95,80.35,86.90484941482543
2024-09-12,MG92,76.49,83.03605514764786
2024-09-13,MG95,80.31,85.94089965105056
2024-09-13,MG92,75.89,82.25175651907921
2024-09-16,MG95,80.46,85.57529992818831
2024-09-16,MG92,76.04,81.67481911182404
2024-09-17,MG95,82.54,85.48468896389008
2024-09-17,MG92,77.43,79.18393623828888
2024-09-18,MG95,83.86,88.1979287981987
2024-09-18,MG92,79.24,82.37119925022125
2024-09-19,MG95,86.33,84.54942936301231
2024-09-19,MG92,81.71,81.59018543362617
2024-09-20,MG95,85.86,88.74223202705383
2024-09-20,MG92,81.24,82.93539556860924
2024-09-23,MG95,85.82,88.57109423875808
2024-09-23,MG92,81.16,83.74898874759674
2024-09-24,MG95,85.14,85.47365910887717
2024-09-24,MG92,80.48,83.59720057249069
2024-09-25,MG95,84.78,83.81281687617302
2024-09-25,MG92,80.12,80.17517802119255
2024-09-26,MG95,81.86,86.9848850941658
2024-09-26,MG92,77.2,85.13060057163239
2024-09-27,MG95,81.67,85.97983592748642
2024-09-27,MG92,77.01,84.21109211444855
2024-09-30,MG95,81.6,86.8056068444252
2024-09-30,MG92,76.94,78.6643785238266
2024-10-01,MG95,79.71,85.17007946133613
2024-10-01,MG92,73.6,80.31456354260445
2024-10-02,MG95,84.21,84.53416207909584
2024-10-02,MG92,78.2,80.11429452896118
2024-10-03,MG95,84.86,82.59251572608947
2024-10-03,MG92,78.85,81.69425922632217
2024-10-04,MG95,88.97,84.71974161028862
2024-10-04,MG92,82.55,80.62124055624008
2024-10-07,MG95,88.88,84.23017488598823
2024-10-07,MG92,82.46,81.65258193016052
2024-10-08,MG95,90.15,84.11709666609764
2024-10-08,MG92,83.73,77.42499408125877
2024-10-09,MG95,88.5,79.86370556116104
2024-10-09,MG92,82.08,83.64241153001785
2024-10-10,MG95,88.37,84.25028569221496
2024-10-10,MG92,81.95,78.67506411671638
2024-10-11,MG95,89.88,84.82094353437424
2024-10-11,MG92,83.46,78.7019647359848
2024-10-14,MG95,89.17,80.15475579500198
2024-10-14,MG92,82.75,77.00991827249527
2024-10-15,MG95,84.88,85.19534206151963
2024-10-15,MG92,78.39,78.9572294652462
2024-10-16,MG95,84.95,82.54231969714165
2024-10-16,MG92,78.46,82.15482470393181
2024-10-17,MG95,85.98,85.2905457508564
2024-10-17,MG92,79.49,78.14904627203941
2024-10-18,MG95,87.47,83.98320227265357
2024-10-18,MG92,80.98,79.24993607401848
2024-10-21,MG95,85.8,83.49611739635468
2024-10-21,MG92,79.31,78.99938952922821
2024-10-22,MG95,84.73,87.9074219584465
2024-10-22,MG92,79.06,78.78203451633453
2024-10-23,MG95,85.75,79.8653200685978
2024-10-23,MG92,79.75,76.52689662575722
2024-10-24,MG95,85.97,84.03443806529044
2024-10-24,MG92,79.98,79.80290430784225
2024-10-25,MG95,84.63,85.40624689221382
2024-10-25,MG92,78.9,79.9934731721878
2024-10-28,MG95,82.69,80.98860969901085
2024-10-28,MG92,76.96,77.95982617139816
2024-10-29,MG95,82.16,84.6738979589939
2024-10-29,MG92,76.43,80.46964648365974
2024-10-30,MG95,82.79,83.57776235818862
2024-10-30,MG92,77.26,78.37213477492332
2024-10-31,MG95,82.79,84.99906184673308
2024-10-31,MG92,77.26,80.86446595191956
2024-11-01,MG95,84.91,83.72385176897049
2024-11-01,MG92,79.38,80.74391335248947
2024-11-04,MG95,85.84,84.27100781679152
2024-11-04,MG92,80.31,75.54419535398483
2024-11-05,MG95,86.73,81.32367485404015
2024-11-05,MG92,81.2,79.2783795595169
2024-11-06,MG95,84.52,79.0871901834011
2024-11-06,MG92,78.99,79.08766636252403
2024-11-07,MG95,85.19,80.99076760053634
2024-11-07,MG92,79.66,80.52948480844498
2024-11-08,MG95,85.81,83.21514085292816
2024-11-08,MG92,79.85,75.67418929934502
2024-11-11,MG95,84.45,85.3157247519493
2024-11-11,MG92,78.49,76.72674259543419
2024-11-12,MG95,82.87,83.02823941111565
2024-11-12,MG92,76.91,78.58287537097931
2024-11-13,MG95,82.32,82.35721563577651
2024-11-13,MG92,76.36,79.11510947346687
2024-09-19,MG95,86.33,83.73642843008041
2024-09-19,MG92,81.71,78.79000458717346
2024-09-20,MG95,85.86,86.90515297412873
2024-09-20,MG92,81.24,77.77884209156036
2024-09-23,MG95,85.82,83.52801324605942
2024-09-23,MG92,81.16,79.09035418510436
2024-09-24,MG95,85.14,80.21645812153817
2024-09-24,MG92,80.48,77.91999109983443
2024-09-25,MG95,84.78,82.08355746388435
2024-09-25,MG92,80.12,78.84878321886062
2024-09-26,MG95,81.86,80.35612468600273
2024-09-26,MG92,77.2,77.36609754800796
2024-09-27,MG95,81.67,83.07948773503304
2024-09-27,MG92,77.01,76.59781903266907
2024-09-30,MG95,81.6,81.52097242474557
2024-09-30,MG92,76.94,78.58649213552475
2024-10-01,MG95,79.71,82.51850719690323
2024-10-01,MG92,73.6,75.14656068325043
2024-10-02,MG95,84.21,79.22537634253501
2024-10-02,MG92,78.2,76.58412684679031
2024-10-03,MG95,84.86,82.40000904917717
2024-10-03,MG92,78.85,78.62693580150604
2024-10-04,MG95,88.97,81.76419178485871
2024-10-04,MG92,82.55,75.92284952878951
2024-10-07,MG95,88.88,82.04107567548752
2024-10-07,MG92,82.46,76.0204943203926
2024-10-08,MG95,90.15,81.83382512927055
2024-10-08,MG92,83.73,78.59358618974686
2024-10-09,MG95,88.5,80.88182119727135
2024-10-09,MG92,82.08,75.20320920944214
2024-10-10,MG95,88.37,79.92484381198884
2024-10-10,MG92,81.95,77.96372674703598
2024-10-11,MG95,89.88,81.68212230801582
2024-10-11,MG92,83.46,74.10168489933014
2024-10-14,MG95,89.17,79.29421493411064
2024-10-14,MG92,82.75,75.07088762283324
2024-10-15,MG95,84.88,80.7069255888462
2024-10-15,MG92,78.39,74.50904514074325
2024-10-16,MG95,84.95,81.81911470413208
2024-10-16,MG92,78.46,76.38609788179397
2024-10-17,MG95,85.98,81.93760285496711
2024-10-17,MG92,79.49,73.37666972398758
2024-10-18,MG95,87.47,79.85247631788253
2024-10-18,MG92,80.98,75.91804144144058
2024-10-21,MG95,85.8,81.88624382734298
2024-10-21,MG92,79.31,76.1214641547203
2024-10-22,MG95,84.73,79.64811987161636
2024-10-22,MG92,79.06,72.48806622505188
2024-10-23,MG95,85.75,78.91809190630913
2024-10-23,MG92,79.75,74.44585515975952
2024-10-24,MG95,85.97,77.5992970442772
2024-10-24,MG92,79.98,75.38533559083938
2024-10-25,MG95,84.63,79.54593165159226
2024-10-25,MG92,78.9,74.59012139558791
2024-10-28,MG95,82.69,82.18202684044837
2024-10-28,MG92,76.96,73.66942934513092
2024-10-29,MG95,82.16,80.10857667207718
2024-10-29,MG92,76.43,77.00233126163482
2024-10-30,MG95,82.79,76.66270831823348
2024-10-30,MG92,77.26,76.16691900014877
2024-10-31,MG95,82.79,78.96819632411002
2024-10-31,MG92,77.26,75.5832275867462
2024-11-01,MG95,84.91,83.82699026584625
2024-11-01,MG92,79.38,71.73047129869461
2024-11-04,MG95,85.84,77.78626889705657
2024-11-04,MG92,80.31,74.51147752285003
2024-11-05,MG95,86.73,78.3678230369091
2024-11-05,MG92,81.2,74.64072911262512
2024-11-06,MG95,84.52,78.75336313605308
2024-11-06,MG92,78.99,70.98583648204803
2024-11-07,MG95,85.19,80.29840263724327
2024-11-07,MG92,79.66,74.83242916107177
2024-11-08,MG95,85.81,76.45638748288154
2024-11-08,MG92,79.85,74.35849249601364
2024-11-11,MG95,84.45,79.99929065942764
2024-11-11,MG92,78.49,73.70921178102493
2024-11-12,MG95,82.87,78.20700804948807
2024-11-12,MG92,76.91,73.35205307245253
2024-11-13,MG95,82.32,77.52084144353867
2024-11-13,MG92,76.36,74.61280158758163
2024-11-14,MG95,82.48,75.86032285571098
2024-11-14,MG92,76.52,72.72547144174575
2024-11-15,MG95,82.19,73.17241378068924
2024-11-15,MG92,76.23,73.0203753376007
2024-11-18,MG95,83.44,79.06351668000221
2024-11-18,MG92,77.28,75.15893985509872
2024-11-19,MG95,84.69,80.74360418200493
2024-11-19,MG92,78.56,73.01368274450301
2024-11-20,MG95,85.43,77.3323650586605
2024-11-20,MG92,79.3,74.10672914028167
2024-11-21,MG95,85.13,77.84355608105659
2024-11-21,MG92,79.38,73.95237442255019
2024-11-22,MG95,86.07,78.81573373913766
2024-11-22,MG92,80.32,72.72729927062989
2024-11-25,MG95,86.12,76.73762002110482
2024-11-25,MG92,81.55,72.19287422180176
2024-11-26,MG95,84.78,81.26502202391625
2024-11-26,MG92,80.31,76.12112881660461
2024-11-27,MG95,84.71,77.26011252880096
2024-11-27,MG92,80.24,72.416053545475
2024-11-28,MG95,83.13,78.53770520448684
2024-11-28,MG92,79.73,75.75037238359451
2024-11-29,MG95,83.87,78.23963290333748
2024-11-29,MG92,80.27,76.17590228319168
2024-12-02,MG95,83.6,80.07667659282684
2024-12-02,MG92,80.44,72.87342167377471
2024-12-03,MG95,83.69,79.74237056016922
2024-12-03,MG92,80.83,71.54433975219726
2024-12-04,MG95,85.39,80.1116207253933
2024-12-04,MG92,82.53,71.24005583524703
2024-12-05,MG95,84.16,77.16073343515396
2024-12-05,MG92,80.81,73.46828315258026
2024-12-06,MG95,83.27,79.41072869896888
2024-12-06,MG92,79.85,75.06872917890549
2024-12-09,MG95,83.41,80.77062077999115
2024-12-09,MG92,80.06,74.19037474632263
2024-12-10,MG95,84.31,77.52391048908234
2024-12-10,MG92,80.96,74.9396145582199
2024-12-11,MG95,85.42,74.89009459137917
2024-12-11,MG92,82.07,73.74400665283203
2024-10-17,MG95,85.98,87.08701412081719
2024-10-17,MG92,79.49,78.71900773048401
2024-10-18,MG95,87.47,83.81265581846237
2024-10-18,MG92,80.98,77.67915136575698
2024-10-21,MG95,85.8,86.187579536438
2024-10-21,MG92,79.31,79.7777574801445
2024-10-22,MG95,84.73,84.121372205019
2024-10-22,MG92,79.06,77.13287065267562
2024-10-23,MG95,85.75,87.16317800283433
2024-10-23,MG92,79.75,79.29393717527388
2024-10-24,MG95,85.97,85.24685786962509
2024-10-24,MG92,79.98,74.82133047819137
2024-10-25,MG95,84.63,82.74735389947891
2024-10-25,MG92,78.9,77.26092010140418
2024-10-28,MG95,82.69,83.72294730246067
2024-10-28,MG92,76.96,76.6046415400505
2024-10-29,MG95,82.16,83.27452118098736
2024-10-29,MG92,76.43,74.54045038104057
2024-10-30,MG95,82.79,82.46984333693982
2024-10-30,MG92,77.26,78.69998340129851
2024-10-31,MG95,82.79,82.41296093761922
2024-10-31,MG92,77.26,75.13759358286858
2024-11-01,MG95,84.91,80.58499232530595
2024-11-01,MG92,79.38,74.03337811827659
2024-11-04,MG95,85.84,79.82994100749492
2024-11-04,MG92,80.31,75.69846522688864
2024-11-05,MG95,86.73,81.88414298295974
2024-11-05,MG92,81.2,76.71751080870628
2024-11-06,MG95,84.52,80.66100936830044
2024-11-06,MG92,78.99,73.97941038012505
2024-11-07,MG95,85.19,79.64942015111447
2024-11-07,MG92,79.66,74.17242220759391
2024-11-08,MG95,85.81,81.89380904138089
2024-11-08,MG92,79.85,73.07477733850479
2024-11-11,MG95,84.45,83.26764000058175
2024-11-11,MG92,78.49,73.77411785244941
2024-11-12,MG95,82.87,83.43915304243565
2024-11-12,MG92,76.91,76.0366755235195
2024-11-13,MG95,82.32,79.23778479993344
2024-11-13,MG92,76.36,74.26955945968628
2024-11-14,MG95,82.48,81.64835495650769
2024-11-14,MG92,76.52,74.26648694634437
2024-11-15,MG95,82.19,81.98967973291875
2024-11-15,MG92,76.23,74.93376482486724
2024-11-18,MG95,83.44,80.50767904818058
2024-11-18,MG92,77.28,76.60013331651687
2024-11-19,MG95,84.69,80.29031172394753
2024-11-19,MG92,78.56,72.86253541231154
2024-11-20,MG95,85.43,79.02953668534757
2024-11-20,MG92,79.3,73.8493687081337
2024-11-21,MG95,85.13,78.28823253810405
2024-11-21,MG92,79.38,74.15295360326766
2024-11-22,MG95,86.07,79.22730353176594
2024-11-22,MG92,80.32,74.25955625414848
2024-11-25,MG95,86.12,78.7530185520649
2024-11-25,MG92,81.55,72.96618714094161
2024-11-26,MG95,84.78,77.40472239255905
2024-11-26,MG92,80.31,74.32186233520507
2024-11-27,MG95,84.71,78.64829701185226
2024-11-27,MG92,80.24,71.31257636070251
2024-11-28,MG95,83.13,76.68032498657703
2024-11-28,MG92,79.73,73.37229670882225
2024-11-29,MG95,83.87,79.65247339010239
2024-11-29,MG92,80.27,69.87981709122657
2024-12-02,MG95,83.6,76.84759995043278
2024-12-02,MG92,80.44,74.42493416786193
2024-12-03,MG95,83.69,78.4877006918192
2024-12-03,MG92,80.83,71.27407407402991
2024-12-04,MG95,85.39,77.32221911549568
2024-12-04,MG92,82.53,71.91289963722228
2024-12-05,MG95,84.16,80.87879695594312
2024-12-05,MG92,80.81,74.0807752609253
2024-12-06,MG95,83.27,78.57113563716412
2024-12-06,MG92,79.85,74.03599700331688
2024-12-09,MG95,83.41,77.99061515629292
2024-12-09,MG92,80.06,70.8908516907692
2024-12-10,MG95,84.31,78.17970331013203
2024-12-10,MG92,80.96,72.34688162446021
2024-12-11,MG95,85.42,78.38200191259385
2024-12-11,MG92,82.07,70.44666540503502
2024-12-12,MG95,86.79,79.15250170826913
2024-12-12,MG92,83.44,73.58995411515235
2024-12-13,MG95,86.87,77.6020132780075
2024-12-13,MG92,83.52,72.01549445867538
2024-12-16,MG95,86.48,75.53382615149022
2024-12-16,MG92,83.13,72.8662439405918
2024-12-17,MG95,85.54,77.82006416320802
2024-12-17,MG92,82.19,70.21305618286132
2024-12-18,MG95,85.4,78.07714384794235
2024-12-18,MG92,82.05,71.175786383152
2024-12-19,MG95,84.0,79.10041942596436
2024-12-19,MG92,80.65,70.95005252242088
2024-12-20,MG95,83.06,78.02876798510552
2024-12-20,MG92,79.71,71.1104872906208
2024-12-23,MG95,83.86,77.23295617997647
2024-12-23,MG92,80.51,70.14858016848564
2024-12-24,MG95,83.77,78.25689000189304
2024-12-24,MG92,80.42,72.43388472676277
2024-12-26,MG95,84.46,77.99764317572117
2024-12-26,MG92,81.11,71.19540463805198
2024-12-27,MG95,84.02,76.61198408007623
2024-12-27,MG92,80.67,71.04343915700912
2024-12-30,MG95,84.54,76.9965149730444
2024-12-30,MG92,81.29,73.03138334870337
2024-12-31,MG95,85.4,78.85458558499813
2024-12-31,MG92,82.15,72.04588755488395
2025-01-02,MG95,85.92,76.92350559830666
2025-01-02,MG92,82.95,73.28726712346077
2025-01-03,MG95,86.22,77.48272429406643
2025-01-03,MG92,83.74,71.17846606373786
2025-01-06,MG95,86.09,77.03967551887035
2025-01-06,MG92,83.61,72.32321812748908
2025-01-07,MG95,85.84,74.94776629507543
2025-01-07,MG92,83.15,70.15830277919768
2025-01-08,MG95,85.89,76.99525418281556
2025-01-08,MG92,83.35,71.18293687462806
2025-01-09,MG95,84.21,78.63816511929035
2025-01-09,MG92,82.78,68.15410279393195
2025-01-10,MG95,85.86,77.93707461059094
2025-01-10,MG92,84.01,70.87728960752487
2024-11-14,MG95,82.48,80.72716751575469
2024-11-14,MG92,76.52,75.81578782558441
2024-11-15,MG95,82.19,79.71902668476105
2024-11-15,MG92,76.23,77.62058600902557
2024-11-18,MG95,83.44,80.44833706855773
2024-11-18,MG92,77.28,76.20986716747284
2024-11-19,MG95,84.69,82.00034128189087
2024-11-19,MG92,78.56,76.65606926441193
2024-11-20,MG95,85.43,83.18840912818908
2024-11-20,MG92,79.3,73.06663109540939
2024-11-21,MG95,85.13,81.13678974151611
2024-11-21,MG92,79.38,76.4204700422287
2024-11-22,MG95,86.07,80.07467080593108
2024-11-22,MG92,80.32,72.75159155130386
2024-11-25,MG95,86.12,78.49818238735199
2024-11-25,MG92,81.55,74.42592809915543
2024-11-26,MG95,84.78,74.45761140346526
2024-11-26,MG92,80.31,74.70582165002823
2024-11-27,MG95,84.71,78.19293451309204
2024-11-27,MG92,80.24,71.25934784173965
2024-11-28,MG95,83.13,78.85790393829345
2024-11-28,MG92,79.73,76.66321497917176
2024-11-29,MG95,83.87,79.19696356773376
2024-11-29,MG92,80.27,72.9110320186615
2024-12-02,MG95,83.6,74.43346575736999
2024-12-02,MG92,80.44,69.02601158618927
2024-12-03,MG95,83.69,74.74437100410461
2024-12-03,MG92,80.83,70.35826410770416
2024-12-04,MG95,85.39,74.5397586107254
2024-12-04,MG92,82.53,70.89452496767043
2024-12-05,MG95,84.16,79.24827245235443
2024-12-05,MG92,80.81,73.82106382608414
2024-12-06,MG95,83.27,74.1365003156662
2024-12-06,MG92,79.85,70.6525628733635
2024-12-09,MG95,83.41,78.71214195728301
2024-12-09,MG92,80.06,71.59636159658432
2024-12-10,MG95,84.31,73.98273067474365
2024-12-10,MG92,80.96,69.82245383739472
2024-12-11,MG95,85.42,71.31318195819854
2024-12-11,MG92,82.07,71.36388464212418
2024-12-12,MG95,86.79,73.3565483522415
2024-12-12,MG92,83.44,71.73620824098587
2024-12-13,MG95,86.87,76.643810505867
2024-12-13,MG92,83.52,64.49715770244599
2024-12-16,MG95,86.48,76.06210700511932
2024-12-16,MG92,83.13,65.14941581487656
2024-12-17,MG95,85.54,80.50761926651
2024-12-17,MG92,82.19,68.27007688999176
2024-12-18,MG95,85.4,73.05229162216186
2024-12-18,MG92,82.05,71.20200461864471
2024-12-19,MG95,84.0,73.91567633628844
2024-12-19,MG92,80.65,69.53257449150085
2024-12-20,MG95,83.06,75.07688515663146
2024-12-20,MG92,79.71,67.68550735712051
2024-12-23,MG95,83.86,71.37773880958557
2024-12-23,MG92,80.51,64.61675967216492
2024-12-24,MG95,83.77,72.63550077438354
2024-12-24,MG92,80.42,67.38951546669006
2024-12-26,MG95,84.46,72.11870740413666
2024-12-26,MG92,81.11,65.49249660015106
2024-12-27,MG95,84.02,74.58129834651946
2024-12-27,MG92,80.67,67.51078780412674
2024-12-30,MG95,84.54,71.45511184215545
2024-12-30,MG92,81.29,70.34234327316284
2024-12-31,MG95,85.4,73.84462307453155
2024-12-31,MG92,82.15,68.61087286710739
2025-01-02,MG95,85.92,78.55784239768981
2025-01-02,MG92,82.95,65.33998337984085
2025-01-03,MG95,86.22,72.4270562839508
2025-01-03,MG92,83.74,68.55046199321747
2025-01-06,MG95,86.09,74.24899518013
2025-01-06,MG92,83.61,68.16856677770615
2025-01-07,MG95,85.84,72.10762327194213
2025-01-07,MG92,83.15,67.203594892025
2025-01-08,MG95,85.89,75.00160235881805
2025-01-08,MG92,83.35,68.79069000005723
2025-01-09,MG95,84.21,73.85340598583221
2025-01-09,MG92,82.78,67.95884687662125
2025-01-10,MG95,85.86,72.33775026798247
2025-01-10,MG92,84.01,65.07092673778534
2025-01-13,MG95,89.09,73.18457502365112
2025-01-13,MG92,87.14,69.48878536939621
2025-01-14,MG95,88.44,76.1913924407959
2025-01-14,MG92,86.3,70.50133315086364
2025-01-15,MG95,88.1,70.71384394168854
2025-01-15,MG92,86.34,69.03176912069321
2025-01-16,MG95,88.92,77.52334301948547
2025-01-16,MG92,86.78,68.41279547452926
2025-01-17,MG95,87.72,73.35555720806121
2025-01-17,MG92,85.58,66.13404979467391
2025-01-20,MG95,86.93,76.57268364429473
2025-01-20,MG92,84.54,71.18277490854263
2025-01-21,MG95,85.82,81.02025179386138
2025-01-21,MG92,83.43,70.93929264307022
2025-01-22,MG95,85.75,76.27626284122466
2025-01-22,MG92,83.26,70.268401055336
2025-01-23,MG95,86.31,80.23789066314697
2025-01-23,MG92,83.9,71.7228680562973
2025-01-24,MG95,86.31,79.06481755256652
2025-01-24,MG92,83.9,67.50577670097351
2025-01-27,MG95,87.49,77.64441962242125
2025-01-27,MG92,85.08,70.87345193624496
2025-01-28,MG95,87.02,80.31762870311736
2025-01-28,MG92,84.91,70.72776583194732
2025-01-29,MG95,87.02,73.5532708454132
2025-01-29,MG92,84.91,70.22138043165207
2025-01-30,MG95,87.02,76.52273880958556
2025-01-30,MG92,84.91,71.09474152326584
2025-01-31,MG95,87.06,77.45956632614136
2025-01-31,MG92,84.88,70.41572111606598
2025-02-03,MG95,87.84,77.27358940601349
2025-02-03,MG92,86.41,66.22382181882858
2025-02-04,MG95,84.87,76.83824159145355
2025-02-04,MG92,83.3,69.94183733940125
2025-02-05,MG95,85.97,79.6691260099411
2025-02-05,MG92,84.06,71.16472856521607
2025-02-06,MG95,84.77,75.06525147914886
2025-02-06,MG92,83.21,68.5995626115799
2025-02-07,MG95,85.49,76.07482014656067
2025-02-07,MG92,83.86,69.92307642459869
2024-12-12,MG95,86.79,83.26790907025337
2024-12-12,MG92,83.44,84.00451228618621
2024-12-13,MG95,86.87,88.54645292520523
2024-12-13,MG92,83.52,78.14279780685901
2024-12-16,MG95,86.48,83.41387014985085
2024-12-16,MG92,83.13,81.70880761921406
2024-12-17,MG95,85.54,85.54206191301346
2024-12-17,MG92,82.19,80.94195682108402
2024-12-18,MG95,85.4,81.56593099117279
2024-12-18,MG92,82.05,79.36488494098185
2024-12-19,MG95,84.0,82.53120987772942
2024-12-19,MG92,80.65,82.24098634123801
2024-12-20,MG95,83.06,82.8524637579918
2024-12-20,MG92,79.71,82.72279468059538
2024-12-23,MG95,83.86,82.64477928757668
2024-12-23,MG92,80.51,80.51288158118724
2024-12-24,MG95,83.77,86.86777831554413
2024-12-24,MG92,80.42,80.97824384629726
2024-12-26,MG95,84.46,82.37677156925201
2024-12-26,MG92,81.11,78.41413846492766
2024-12-27,MG95,84.02,85.02098472833633
2024-12-27,MG92,80.67,81.14459280550479
2024-12-30,MG95,84.54,87.48503258943558
2024-12-30,MG92,81.29,81.33777792274951
2024-12-31,MG95,85.4,85.8137303686142
2024-12-31,MG92,82.15,80.75438743650912
2025-01-02,MG95,85.92,85.74053598880768
2025-01-02,MG92,82.95,81.51557358443736
2025-01-03,MG95,86.22,83.65365607857704
2025-01-03,MG92,83.74,81.86385173678397
2025-01-06,MG95,86.09,83.11494727611542
2025-01-06,MG92,83.61,81.50192559301853
2025-01-07,MG95,85.84,86.51218274831773
2025-01-07,MG92,83.15,80.4983481824398
2025-01-08,MG95,85.89,86.01698020458221
2025-01-08,MG92,83.35,79.0501837825775
2025-01-09,MG95,84.21,83.3695085310936
2025-01-09,MG92,82.78,82.14156634926795
2025-01-10,MG95,85.86,83.74699724197387
2025-01-10,MG92,84.01,81.10981244027614
2025-01-13,MG95,89.09,78.99325749754905
2025-01-13,MG92,87.14,80.14853891134261
2025-01-14,MG95,88.44,85.7492626976967
2025-01-14,MG92,86.3,80.19069604039191
2025-01-15,MG95,88.1,84.11243963241577
2025-01-15,MG92,86.34,78.81324193298816
2025-01-16,MG95,88.92,83.48062387228012
2025-01-16,MG92,86.78,82.69312130570411
2025-01-17,MG95,87.72,85.21108849525451
2025-01-17,MG92,85.58,82.75253654003143
2025-01-20,MG95,86.93,84.44127974152565
2025-01-20,MG92,84.54,79.36922881782054
2025-01-21,MG95,85.82,86.00143098115922
2025-01-21,MG92,83.43,80.98825726509094
2025-01-22,MG95,85.75,83.79549310088157
2025-01-22,MG92,83.26,81.2835626220703
2025-01-23,MG95,86.31,81.96563360571861
2025-01-23,MG92,83.9,83.06042348623275
2025-01-24,MG95,86.31,85.84123426675797
2025-01-24,MG92,83.9,81.55805846095085
2025-01-27,MG95,87.49,83.0687120115757
2025-01-27,MG92,85.08,84.76736163020134
2025-01-28,MG95,87.02,82.32084222435951
2025-01-28,MG92,84.91,81.12086291074752
2025-01-29,MG95,87.02,84.72351800322532
2025-01-29,MG92,84.91,84.08352388381957
2025-01-30,MG95,87.02,87.2646042728424
2025-01-30,MG92,84.91,82.75499220013617
2025-01-31,MG95,87.06,87.20437267065049
2025-01-31,MG92,84.88,79.55727270245552
2025-02-03,MG95,87.84,86.05587872028352
2025-02-03,MG92,86.41,83.97641405582428
2025-02-04,MG95,84.87,86.38824718952179
2025-02-04,MG92,83.3,81.32240803420542
2025-02-05,MG95,85.97,86.02957639932633
2025-02-05,MG92,84.06,80.39693235516548
2025-02-06,MG95,84.77,84.44098443865776
2025-02-06,MG92,83.21,82.6699148285389
2025-02-07,MG95,85.49,84.56586191177368
2025-02-07,MG92,83.86,81.16786776721477
2025-02-10,MG95,86.48,86.1572592496872
2025-02-10,MG92,85.04,85.37168882012367
2025-02-11,MG95,87.44,86.79204840421677
2025-02-11,MG92,86.0,83.37681229948997
2025-02-12,MG95,87.69,84.28427535295486
2025-02-12,MG92,86.17,81.5097132641077
2025-02-13,MG95,86.03,87.35995655059814
2025-02-13,MG92,84.59,85.76768602490425
2025-02-14,MG95,86.95,86.36639477729797
2025-02-14,MG92,85.55,81.50615695953368
2025-02-17,MG95,87.68,87.70084807157517
2025-02-17,MG92,86.29,81.94756920099258
2025-02-18,MG95,87.99,84.44462481021881
2025-02-18,MG92,86.6,80.30700236439704
2025-02-19,MG95,88.43,88.43703812122345
2025-02-19,MG92,87.04,81.84439723432064
2025-02-20,MG95,88.11,84.98901055574417
2025-02-20,MG92,86.72,84.15198886156081
2025-02-21,MG95,86.91,83.02476279854774
2025-02-21,MG92,85.52,83.99645067691802
2025-02-24,MG95,85.82,84.0632818877697
2025-02-24,MG92,84.43,82.20806484222412
2025-02-25,MG95,86.01,86.36003049135208
2025-02-25,MG92,84.62,82.72623847484589
2025-02-26,MG95,83.78,83.32664379239083
2025-02-26,MG92,82.55,84.20723632216453
2025-02-27,MG95,83.41,84.31249714255333
2025-02-27,MG92,81.94,80.53809367716312
2025-02-28,MG95,84.34,89.91786999225617
2025-02-28,MG92,82.75,83.89933959245681
2025-03-03,MG95,83.79,85.74437492609025
2025-03-03,MG92,82.2,80.89633143901824
2025-03-04,MG95,80.03,85.22769164443017
2025-03-04,MG92,78.44,82.78230774998664
2025-03-05,MG95,79.94,86.66397860527039
2025-03-05,MG92,78.3,83.76980596780777
2025-03-06,MG95,78.59,83.46758981466293
2025-03-06,MG92,77.03,80.84477236032485
2025-03-07,MG95,78.69,85.91539601802826
2025-03-07,MG92,76.98,87.16515229463576
2025-01-13,MG95,89.09,84.22916206240654
2025-01-13,MG92,87.14,85.25246271014214
2025-01-14,MG95,88.44,87.0560163974762
2025-01-14,MG92,86.3,83.73640643239021
2025-01-15,MG95,88.1,87.15254560232162
2025-01-15,MG92,86.34,82.76698647737504
2025-01-16,MG95,88.92,88.05310955286026
2025-01-16,MG92,86.78,83.72380784869195
2025-01-17,MG95,87.72,87.69698219060898
2025-01-17,MG92,85.58,85.60584396958352
2025-01-20,MG95,86.93,88.02014162063598
2025-01-20,MG92,84.54,86.60065137267114
2025-01-21,MG95,85.82,85.58744394063949
2025-01-21,MG92,83.43,91.08743966579438
2025-01-22,MG95,85.75,82.90962083101273
2025-01-22,MG92,83.26,89.620485817194
2025-01-23,MG95,86.31,85.05263366103172
2025-01-23,MG92,83.9,86.98885399580003
2025-01-24,MG95,86.31,86.20956652879715
2025-01-24,MG92,83.9,83.06272771418095
2025-01-27,MG95,87.49,88.58966495275497
2025-01-27,MG92,85.08,88.9033980679512
2025-01-28,MG95,87.02,84.50811007261277
2025-01-28,MG92,84.91,85.74570026636124
2025-01-29,MG95,87.02,88.74076882839204
2025-01-29,MG92,84.91,86.8117427456379
2025-01-30,MG95,87.02,90.12135856389999
2025-01-30,MG92,84.91,85.63669948339462
2025-01-31,MG95,87.06,86.81525120973588
2025-01-31,MG92,84.88,86.85581775903702
2025-02-03,MG95,87.84,87.61136382579804
2025-02-03,MG92,86.41,88.12157482981682
2025-02-04,MG95,84.87,87.4998194217682
2025-02-04,MG92,83.3,86.70500530123711
2025-02-05,MG95,85.97,87.4901163482666
2025-02-05,MG92,84.06,84.84611331939698
2025-02-06,MG95,84.77,88.503739528656
2025-02-06,MG92,83.21,83.96614531159402
2025-02-07,MG95,85.49,87.45324876308442
2025-02-07,MG92,83.86,86.80648499011994
2025-02-10,MG95,86.48,88.29559427261353
2025-02-10,MG92,85.04,89.68059448122979
2025-02-11,MG95,87.44,86.19844074726105
2025-02-11,MG92,86.0,84.46294812679291
2025-02-12,MG95,87.69,88.25168479442597
2025-02-12,MG92,86.17,81.21285403490067
2025-02-13,MG95,86.03,89.76554849624634
2025-02-13,MG92,84.59,86.81798194885255
2025-02-14,MG95,86.95,89.68939779281617
2025-02-14,MG92,85.55,88.05107083201409
2025-02-17,MG95,87.68,88.71764726400376
2025-02-17,MG92,86.29,87.72990709543228
2025-02-18,MG95,87.99,88.4937805724144
2025-02-18,MG92,86.6,88.28296288728714
2025-02-19,MG95,88.43,88.58984918832779
2025-02-19,MG92,87.04,87.71092910170556
2025-02-20,MG95,88.11,89.85226203918457
2025-02-20,MG92,86.72,90.76637607693672
2025-02-21,MG95,86.91,86.9685761475563
2025-02-21,MG92,85.52,88.08248717308045
2025-02-24,MG95,85.82,87.82314261674881
2025-02-24,MG92,84.43,84.96343637824059
2025-02-25,MG95,86.01,90.81604949712754
2025-02-25,MG92,84.62,90.50975754857063
2025-02-26,MG95,83.78,90.66820044994354
2025-02-26,MG92,82.55,89.16333148598672
2025-02-27,MG95,83.41,86.70611210346222
2025-02-27,MG92,81.94,88.57043692946435
2025-02-28,MG95,84.34,90.84465718746185
2025-02-28,MG92,82.75,86.79893385171891
2025-03-03,MG95,83.79,91.33193980693817
2025-03-03,MG92,82.2,85.98410192370416
2025-03-04,MG95,80.03,89.48948172569276
2025-03-04,MG92,78.44,85.86150107979775
2025-03-05,MG95,79.94,92.07272033929824
2025-03-05,MG92,78.3,87.82813198328019
2025-03-06,MG95,78.59,91.37643269777298
2025-03-06,MG92,77.03,89.2064550960064
2025-03-07,MG95,78.69,89.69143461942673
2025-03-07,MG92,76.98,89.60155789732934
2025-03-10,MG95,78.55,93.38634044408798
2025-03-10,MG92,77.31,86.11078879475595
2025-03-11,MG95,77.98,88.5825411772728
2025-03-11,MG92,76.64,89.8294240140915
2025-03-12,MG95,79.15,87.80052258253097
2025-03-12,MG92,77.74,85.2486070227623
2025-03-13,MG95,80.46,92.2927590250969
2025-03-13,MG92,79.08,85.81305962562561
2025-03-14,MG95,80.05,93.89752251148224
2025-03-14,MG92,78.62,89.75910028219224
2025-03-17,MG95,81.04,89.54124168634415
2025-03-17,MG92,79.61,88.80480263352395
2025-03-18,MG95,81.95,89.30500050544738
2025-03-18,MG92,80.52,87.73968151330948
2025-03-19,MG95,80.27,90.60091352462769
2025-03-19,MG92,78.84,89.13195520401001
2025-03-20,MG95,80.97,93.472931163311
2025-03-20,MG92,79.54,86.85046987056732
2025-03-21,MG95,81.9,85.54030010461807
2025-03-21,MG92,80.56,87.7094369006157
2025-03-24,MG95,82.07,86.43046498060227
2025-03-24,MG92,80.73,85.27425485491753
2025-03-25,MG95,83.15,89.73889575004577
2025-03-25,MG92,81.91,87.27761994361877
2025-03-26,MG95,83.45,94.8070525932312
2025-03-26,MG92,82.34,88.03850229263305
2025-03-27,MG95,83.88,86.68843572378158
2025-03-27,MG92,82.36,87.70344806671143
2025-03-28,MG95,84.1,87.04972168207169
2025-03-28,MG92,82.41,89.54916060805321
2025-03-31,MG95,84.1,91.72404428243637
2025-03-31,MG92,82.41,84.9783083152771
2025-04-01,MG95,85.57,86.29146947622299
2025-04-01,MG92,83.69,85.69647765994073
2025-04-02,MG95,85.91,89.01124711990356
2025-04-02,MG92,84.03,88.28142061233521
2025-04-03,MG95,83.12,88.52741379976273
2025-04-03,MG92,81.61,86.10132483482361
2025-04-04,MG95,77.52,86.90538334608078
2025-04-04,MG92,76.34,88.12504995584489
2025-02-10,MG95,86.48,86.91864348411559
2025-02-10,MG92,85.04,80.62602074980735
2025-02-11,MG95,87.44,85.79610294818877
2025-02-11,MG92,86.0,81.56059010386467
2025-02-12,MG95,87.69,86.94684254050254
2025-02-12,MG92,86.17,84.05458948373794
2025-02-13,MG95,86.03,84.42203844726085
2025-02-13,MG92,84.59,78.25728241443635
2025-02-14,MG95,86.95,85.95665514707565
2025-02-14,MG92,85.55,82.02126683592796
2025-02-17,MG95,87.68,81.83178645372391
2025-02-17,MG92,86.29,79.8166674542427
2025-02-18,MG95,87.99,85.94907289266585
2025-02-18,MG92,86.6,82.91587361812591
2025-02-19,MG95,88.43,84.48272705614566
2025-02-19,MG92,87.04,84.75289231538773
2025-02-20,MG95,88.11,85.31373296737671
2025-02-20,MG92,86.72,83.66487068414688
2025-02-21,MG95,86.91,84.25018420517443
2025-02-21,MG92,85.52,80.7473180270195
2025-02-24,MG95,85.82,83.1461203187704
2025-02-24,MG92,84.43,84.0456922507286
2025-02-25,MG95,86.01,81.68024837315082
2025-02-25,MG92,84.62,84.81647254228592
2025-02-26,MG95,83.78,87.44568150401115
2025-02-26,MG92,82.55,85.7350668644905
2025-02-27,MG95,83.41,81.09423896193503
2025-02-27,MG92,81.94,78.31041589021683
2025-02-28,MG95,84.34,85.67951559543609
2025-02-28,MG92,82.75,83.75134379148483
2025-03-03,MG95,83.79,83.19874768674373
2025-03-03,MG92,82.2,81.08513796687126
2025-03-04,MG95,80.03,80.81117832183837
2025-03-04,MG92,78.44,77.80147416830063
2025-03-05,MG95,79.94,85.34297152638435
2025-03-05,MG92,78.3,83.14455250024795
2025-03-06,MG95,78.59,80.34268366277217
2025-03-06,MG92,77.03,77.65688413500786
2025-03-07,MG95,78.69,80.32165411710739
2025-03-07,MG92,76.98,80.4997950053215
2025-03-10,MG95,78.55,82.64613994061946
2025-03-10,MG92,77.31,83.52169521093369
2025-03-11,MG95,77.98,82.16394830584525
2025-03-11,MG92,76.64,78.96561712622642
2025-03-12,MG95,79.15,83.01725256741047
2025-03-12,MG92,77.74,81.11548852801323
2025-03-13,MG95,80.46,83.50642008006572
2025-03-13,MG92,79.08,80.41056275606155
2025-03-14,MG95,80.05,79.64610480368137
2025-03-14,MG92,78.62,78.9100244152546
2025-03-17,MG95,81.04,84.39786491572856
2025-03-17,MG92,79.61,79.89037953019142
2025-03-18,MG95,81.95,85.50170969128608
2025-03-18,MG92,80.52,81.55550668478013
2025-03-19,MG95,80.27,82.99527523994445
2025-03-19,MG92,78.84,78.11244745731354
2025-03-20,MG95,80.97,80.14588645339012
2025-03-20,MG92,79.54,79.24789433956146
2025-03-21,MG95,81.9,77.60359935283661
2025-03-21,MG92,80.56,77.14913204312325
2025-03-24,MG95,82.07,80.96979419231414
2025-03-24,MG92,80.73,81.21174859166145
2025-03-25,MG95,83.15,79.01042856872081
2025-03-25,MG92,81.91,79.85843446493149
2025-03-26,MG95,83.45,78.77806915938854
2025-03-26,MG92,82.34,79.86877125024796
2025-03-27,MG95,83.88,80.04835664868354
2025-03-27,MG92,82.36,76.49715980291367
2025-03-28,MG95,84.1,83.09304963350296
2025-03-28,MG92,82.41,76.5544119977951
2025-03-31,MG95,84.1,77.89041035532951
2025-03-31,MG92,82.41,80.01770493268967
2025-04-01,MG95,85.57,79.35876385867596
2025-04-01,MG92,83.69,80.09731017589569
2025-04-02,MG95,85.91,80.29542705833911
2025-04-02,MG92,84.03,81.43869301319123
2025-04-03,MG95,83.12,82.18712819516658
2025-04-03,MG92,81.61,75.59288102865219
2025-04-04,MG95,77.52,77.86348519921302
2025-04-04,MG92,76.34,73.4092451274395
2025-04-07,MG95,72.28,81.91450844168662
2025-04-07,MG92,71.39,79.16489515185356
2025-04-08,MG95,73.41,77.91534313142299
2025-04-08,MG92,72.72,74.67643603801727
2025-04-09,MG95,70.34,80.21179805338382
2025-04-09,MG92,68.86,74.7456895005703
2025-04-10,MG95,72.44,75.5222246569395
2025-04-10,MG92,70.96,78.4690865445137
2025-04-11,MG95,71.93,77.83123004436493
2025-04-11,MG92,70.37,74.14977482676505
2025-04-14,MG95,74.29,75.31306551933288
2025-04-14,MG92,72.8,76.07354654431343
2025-04-15,MG95,74.65,80.19022327840328
2025-04-15,MG92,73.16,74.4413491487503
2025-04-16,MG95,75.04,75.72148813724517
2025-04-16,MG92,73.79,71.84062296032906
2025-04-17,MG95,76.74,78.90079161584377
2025-04-17,MG92,74.96,73.13027188658714
2025-04-21,MG95,76.84,77.54588147938252
2025-04-21,MG92,75.54,75.03432473659515
2025-04-22,MG95,77.15,77.02964613378047
2025-04-22,MG92,75.85,74.6922311258316
2025-04-23,MG95,78.76,76.29902356386184
2025-04-23,MG92,77.55,73.0229652583599
2025-04-24,MG95,77.62,80.15436553359031
2025-04-24,MG92,76.19,75.53085531830787
2025-04-25,MG95,78.45,73.76359004676341
2025-04-25,MG92,76.62,74.47876251339912
2025-04-25,MG95,78.45,73.89814958453178
2025-04-25,MG92,76.62,77.1689408826828
2025-04-25,MG95,78.45,76.44165962934494
2025-04-25,MG92,76.62,73.83971125483512
2025-04-25,MG95,78.45,79.07888796925545
2025-04-25,MG92,76.62,76.76486654758453
2025-04-28,MG95,78.17,79.52337725162505
2025-04-28,MG92,76.29,76.60258701562881
2025-04-29,MG95,76.83,73.6757011193037
2025-04-29,MG92,75.3,73.46518273115159
2025-04-30,MG95,74.78,81.6985823458433
2025-04-30,MG92,73.34,74.74243551254273
2025-03-10,MG95,78.55,83.93234595179558
2025-03-10,MG92,77.31,79.08509623289109
2025-03-11,MG95,77.98,79.6551959145069
2025-03-11,MG92,76.64,77.57070618152619
2025-03-12,MG95,79.15,81.31284740924835
2025-03-12,MG92,77.74,75.96265841245652
2025-03-13,MG95,80.46,74.5814142769575
2025-03-13,MG92,79.08,75.26195534348489
2025-03-14,MG95,80.05,78.2962877190113
2025-03-14,MG92,78.62,78.06367100000382
2025-03-17,MG95,81.04,77.55364604115486
2025-03-17,MG92,79.61,75.5241758465767
2025-03-18,MG95,81.95,76.27122239649296
2025-03-18,MG92,80.52,73.7851210641861
2025-03-19,MG95,80.27,78.07333949804305
2025-03-19,MG92,78.84,73.4887952399254
2025-03-20,MG95,80.97,75.19696787059307
2025-03-20,MG92,79.54,76.24128232240678
2025-03-21,MG95,81.9,77.67283098757267
2025-03-21,MG92,80.56,72.27157068371773
2025-03-24,MG95,82.07,76.75924232840538
2025-03-24,MG92,80.73,71.38526822805404
2025-03-25,MG95,83.15,75.69590210616589
2025-03-25,MG92,81.91,72.84714443564415
2025-03-26,MG95,83.45,74.88016695678233
2025-03-26,MG92,82.34,71.22474884748459
2025-03-27,MG95,83.88,74.32295587420464
2025-03-27,MG92,82.36,72.06762701153755
2025-03-28,MG95,84.1,71.52253410458565
2025-03-28,MG92,82.41,72.85876676559448
2025-03-31,MG95,84.1,71.09543634295463
2025-03-31,MG92,82.41,69.9963791513443
2025-04-01,MG95,85.57,75.57758486330509
2025-04-01,MG92,83.69,69.46429851651192
2025-04-02,MG95,85.91,73.68924616992473
2025-04-02,MG92,84.03,72.74882952690125
2025-04-03,MG95,83.12,73.09845730483532
2025-04-03,MG92,81.61,74.68899695992471
2025-04-04,MG95,77.52,68.59668930351734
2025-04-04,MG92,76.34,72.16187204003334
2025-04-07,MG95,72.28,71.9522396671772
2025-04-07,MG92,71.39,66.83477045416832
2025-04-08,MG95,73.41,67.66249620258807
2025-04-08,MG92,72.72,70.77034465312958
2025-04-09,MG95,70.34,68.47734488725662
2025-04-09,MG92,68.86,72.21132085561753
2025-04-10,MG95,72.44,68.87109469056129
2025-04-10,MG92,70.96,71.0336113035679
2025-04-11,MG95,71.93,69.77592657923698
2025-04-11,MG92,70.37,66.52333055377007
2025-04-14,MG95,74.29,70.41314931035042
2025-04-14,MG92,72.8,66.23210240364075
2025-04-15,MG95,74.65,73.86834487438202
2025-04-15,MG92,73.16,61.98855252027512
2025-04-16,MG95,75.04,69.24787033617497
2025-04-16,MG92,73.79,69.24875086784363
2025-04-17,MG95,76.74,66.15256537556648
2025-04-17,MG92,74.96,62.46982159495354
2025-04-21,MG95,76.84,66.35080046117305
2025-04-21,MG92,75.54,64.20953251361847
2025-04-22,MG95,77.15,71.25836292922497
2025-04-22,MG92,75.85,65.59388828516006
2025-04-23,MG95,78.76,68.78088166236877
2025-04-23,MG92,77.55,69.4637112057209
2025-04-24,MG95,77.62,64.44760762095451
2025-04-24,MG92,76.19,67.7889577782154
2025-04-25,MG95,78.45,64.99951867640019
2025-04-25,MG92,76.62,65.3860949742794
2025-04-25,MG95,78.45,66.46017332196236
2025-04-25,MG92,76.62,63.33042002677918
2025-04-25,MG95,78.45,67.95396017253398
2025-04-25,MG92,76.62,66.40331726431847
2025-04-25,MG95,78.45,65.47285800218582
2025-04-25,MG92,76.62,62.47898914933205
2025-04-28,MG95,78.17,65.31892739117146
2025-04-28,MG92,76.29,62.06171859741211
2025-04-29,MG95,76.83,66.15192749619484
2025-04-29,MG92,75.3,62.08403181910515
2025-04-30,MG95,74.78,61.3223270201683
2025-04-30,MG92,73.34,63.119616748094565
2025-05-01,MG95,74.78,64.56344839096069
2025-05-01,MG92,73.34,61.835819596052175
2025-05-02,MG95,75.24,63.86001284301281
2025-05-02,MG92,73.73,63.91941474795342
2025-05-05,MG95,73.1,59.831288679242135
2025-05-05,MG92,71.59,63.72828638076783
2025-05-06,MG95,74.97,60.53451785445213
2025-05-06,MG92,73.46,62.760990096330644
2025-05-07,MG95,76.52,62.54335477530956
2025-05-07,MG92,74.79,60.974821976423264
2025-05-08,MG95,74.88,63.00727130949497
2025-05-08,MG92,73.38,64.96174916267395
2025-05-09,MG95,76.72,62.502858815789224
2025-05-09,MG92,75.22,61.865699032545095
2025-05-12,MG95,76.72,61.09530293762684
2025-05-12,MG92,75.22,60.90146318793297
2025-05-13,MG95,77.69,62.028046739101406
2025-05-13,MG92,76.19,61.28078795671463
2025-05-14,MG95,78.68,58.58122803211212
2025-05-14,MG92,77.18,63.63985022306443
2025-05-15,MG95,76.57,61.850932027101514
2025-05-15,MG92,75.07,63.59349855422974
2025-05-16,MG95,76.6,59.264720469117165
2025-05-16,MG92,75.1,61.146715915203096
2025-05-19,MG95,76.59,64.25501964390277
2025-05-19,MG92,75.09,57.970887873172764
2025-05-20,MG95,76.33,59.86789169847965
2025-05-20,MG92,74.8,58.76209645271302
2025-05-21,MG95,77.54,63.59873088598251
2025-05-21,MG92,76.05,60.44665062904358
2025-05-22,MG95,77.12,61.679469113945956
2025-05-22,MG92,75.87,60.47792951703072
2025-05-23,MG95,76.75,60.25433872103691
2025-05-23,MG92,75.5,62.16676922678948
2025-05-26,MG95,77.26,60.62590814530849
2025-05-26,MG92,76.01,60.577363986969
2025-05-27,MG95,76.86,59.93669824540615
2025-05-27,MG92,75.61,59.8123962700367
2025-05-28,MG95,76.5,62.104559431672094
2025-05-28,MG92,75.17,59.991172757148746
2025-04-07,MG95,72.28,76.98433015823363
2025-04-07,MG92,71.39,73.44723493814469
2025-04-08,MG95,73.41,77.2451880455017
2025-04-08,MG92,72.72,75.05766649961473
2025-04-09,MG95,70.34,77.79929388999939
2025-04-09,MG92,68.86,74.44355079889297
2025-04-10,MG95,72.44,75.77114414691924
2025-04-10,MG92,70.96,74.96180704474449
2025-04-11,MG95,71.93,78.19326064109802
2025-04-11,MG92,70.37,74.0986351299286
2025-04-14,MG95,74.29,77.97272169113158
2025-04-14,MG92,72.8,71.86204798936845
2025-04-15,MG95,74.65,77.81720314979553
2025-04-15,MG92,73.16,77.49259766817093
2025-04-16,MG95,75.04,78.43318742752075
2025-04-16,MG92,73.79,78.74433549880982
2025-04-17,MG95,76.74,77.40563671588897
2025-04-17,MG92,74.96,77.88871239662171
2025-04-21,MG95,76.84,76.0455356311798
2025-04-21,MG92,75.54,75.58964620471001
2025-04-22,MG95,77.15,76.50492015838623
2025-04-22,MG92,75.85,76.77555602312088
2025-04-23,MG95,78.76,77.60498119354247
2025-04-23,MG92,77.55,73.07181005358696
2025-04-24,MG95,77.62,77.65293328285217
2025-04-24,MG92,76.19,78.95037849664689
2025-04-25,MG95,78.45,76.98857182502746
2025-04-25,MG92,76.62,77.92171058177948
2025-04-25,MG95,78.45,78.80763696670532
2025-04-25,MG92,76.62,76.18896914482117
2025-04-25,MG95,78.45,79.8651611995697
2025-04-25,MG92,76.62,75.97974099397659
2025-04-25,MG95,78.45,77.82364419937133
2025-04-25,MG92,76.62,78.59800046920776
2025-04-28,MG95,78.17,77.69021189689636
2025-04-28,MG92,76.29,78.57128158569336
2025-04-29,MG95,76.83,76.45043922901154
2025-04-29,MG92,75.3,77.84329211473465
2025-04-30,MG95,74.78,78.38323001861572
2025-04-30,MG92,73.34,78.42606590986252
2025-05-01,MG95,74.78,79.59540412902831
2025-05-01,MG92,73.34,78.03575726032257
2025-05-02,MG95,75.24,74.02278269290923
2025-05-02,MG92,73.73,75.78346731543542
2025-05-05,MG95,73.1,78.12739929199218
2025-05-05,MG92,71.59,77.1954228925705
2025-05-06,MG95,74.97,79.45166799545288
2025-05-06,MG92,73.46,74.7726999604702
2025-05-07,MG95,76.52,76.24954686641692
2025-05-07,MG92,74.79,77.73061960220338
2025-05-08,MG95,74.88,81.68831090927124
2025-05-08,MG92,73.38,78.68413610696793
2025-05-09,MG95,76.72,74.72443662643433
2025-05-09,MG92,75.22,74.86100150227547
2025-05-12,MG95,76.72,76.41338702201843
2025-05-12,MG92,75.22,75.23437878847122
2025-05-13,MG95,77.69,77.8327374458313
2025-05-13,MG92,76.19,74.45658262491227
2025-05-14,MG95,78.68,81.03312586784362
2025-05-14,MG92,77.18,79.44986509084701
2025-05-15,MG95,76.57,78.31994693756103
2025-05-15,MG92,75.07,75.74691540956498
2025-05-16,MG95,76.6,75.87492174625396
2025-05-16,MG92,75.1,74.63117451190949
2025-05-19,MG95,76.59,75.55227321624756
2025-05-19,MG92,75.09,74.30224376082421
2025-05-20,MG95,76.33,75.0456527853012
2025-05-20,MG92,74.8,74.60919240593911
2025-05-21,MG95,77.54,81.71922240257263
2025-05-21,MG92,76.05,78.12875462770462
2025-05-22,MG95,77.12,78.99736607551574
2025-05-22,MG92,75.87,70.1644478905201
2025-05-23,MG95,76.75,76.21794691085815
2025-05-23,MG92,75.5,76.6214037179947
2025-05-26,MG95,77.26,77.50969154834748
2025-05-26,MG92,76.01,74.98634182333947
2025-05-27,MG95,76.86,77.63759305000305
2025-05-27,MG92,75.61,74.71881172180176
2025-05-28,MG95,76.5,76.55828753471374
2025-05-28,MG92,75.17,77.79011826038361
2025-05-29,MG95,77.4,72.16367584705353
2025-05-29,MG92,76.07,71.14147537469864
2025-05-30,MG95,76.02,81.27953066825866
2025-05-30,MG92,74.69,73.56968132019043
2025-06-02,MG95,77.31,74.7127420091629
2025-06-02,MG92,75.47,70.51825013637543
2025-06-03,MG95,77.7,75.29895144939422
2025-06-03,MG92,75.86,73.63966368198395
2025-06-04,MG95,78.1,76.88315855026245
2025-06-04,MG92,76.26,75.10559395194053
2025-06-05,MG95,77.06,74.13540402889251
2025-06-05,MG92,75.22,76.39000690221786
2025-06-06,MG95,77.44,72.62736672878265
2025-06-06,MG92,75.6,70.58380513548852
2025-06-09,MG95,78.69,74.0883159828186
2025-06-09,MG92,76.85,73.7645034790039
2025-06-10,MG95,80.06,76.62927769660949
2025-06-10,MG92,78.18,72.42468706727028
2025-06-11,MG95,80.07,73.15245550632477
2025-06-11,MG92,77.89,73.73944997549057
2025-06-12,MG95,81.75,77.54196610450744
2025-06-12,MG92,79.62,74.20955580830574
2025-06-13,MG95,85.44,75.33500561714172
2025-06-13,MG92,83.31,75.1883897292614
2025-06-16,MG95,85.14,73.46759563922882
2025-06-16,MG92,83.01,73.62528044104576
2025-06-17,MG95,85.82,74.73828904151917
2025-06-17,MG92,83.91,71.00487326264381
2025-06-18,MG95,87.49,72.60499863624572
2025-06-18,MG92,85.59,73.68625337004661
2025-06-19,MG95,88.68,69.66896123886109
2025-06-19,MG92,86.69,71.84494826793672
2025-06-20,MG95,89.81,73.16088339328765
2025-06-20,MG92,88.0,73.98386951684952
2025-06-23,MG95,89.27,74.96707105636597
2025-06-23,MG92,87.46,71.57589839339256
2025-06-24,MG95,82.55,76.06387460231781
2025-06-24,MG92,80.74,70.77320343375206
2025-06-25,MG95,81.1,75.32718302249909
2025-06-25,MG92,79.29,70.38162982344627
2025-05-01,MG95,74.78,74.62380064487458
2025-05-01,MG92,73.34,72.56871373534203
2025-05-02,MG95,75.24,75.26859322309494
2025-05-02,MG92,73.73,72.93456970453262
2025-05-05,MG95,73.1,74.23074380397797
2025-05-05,MG92,71.59,75.51794745206833
2025-05-06,MG95,74.97,72.74788846611976
2025-05-06,MG92,73.46,76.03543433427811
2025-05-07,MG95,76.52,75.21099682807923
2025-05-07,MG92,74.79,74.4652345275879
2025-05-08,MG95,74.88,75.12383113384247
2025-05-08,MG92,73.38,72.46581961274147
2025-05-09,MG95,76.72,76.4374318742752
2025-05-09,MG92,75.22,77.19102389574051
2025-05-12,MG95,76.72,77.24604568004608
2025-05-12,MG92,75.22,72.60278009176254
2025-05-13,MG95,77.69,77.74024610519409
2025-05-13,MG92,76.19,74.43438989639283
2025-05-14,MG95,78.68,77.07927376270294
2025-05-14,MG92,77.18,75.37652376890183
2025-05-15,MG95,76.57,77.2590251493454
2025-05-15,MG92,75.07,75.23566836833955
2025-05-16,MG95,76.6,74.3826954138279
2025-05-16,MG92,75.1,72.88459143519403
2025-05-19,MG95,76.59,75.84818536281585
2025-05-19,MG92,75.09,75.46463380098344
2025-05-20,MG95,76.33,74.77125936150551
2025-05-20,MG92,74.8,72.86387971997262
2025-05-21,MG95,77.54,75.94850881576538
2025-05-21,MG92,76.05,71.72367750287056
2025-05-22,MG95,77.12,75.52483076810837
2025-05-22,MG92,75.87,76.18701716184617
2025-05-23,MG95,76.75,74.39978891134263
2025-05-23,MG92,75.5,74.38764209508896
2025-05-26,MG95,77.26,75.10576150178909
2025-05-26,MG92,76.01,71.87504613161087
2025-05-27,MG95,76.86,77.05574847459793
2025-05-27,MG92,75.61,73.46083436727524
2025-05-28,MG95,76.5,76.74130835056305
2025-05-28,MG92,75.17,72.50526279687882
2025-05-29,MG95,77.4,72.08381834506989
2025-05-29,MG92,76.07,76.05192327260971
2025-05-30,MG95,76.02,76.557652425766
2025-05-30,MG92,74.69,72.55041940689087
2025-06-02,MG95,77.31,70.6843177652359
2025-06-02,MG92,75.47,72.69711500406265
2025-06-03,MG95,77.7,75.5903610420227
2025-06-03,MG92,75.86,73.91061693429947
2025-06-04,MG95,78.1,74.79857775688171
2025-06-04,MG92,76.26,73.19517099261284
2025-06-05,MG95,77.06,75.35690888404847
2025-06-05,MG92,75.22,75.91584144592285
2025-06-06,MG95,77.44,72.88944580316544
2025-06-06,MG92,75.6,73.53587389945984
2025-06-09,MG95,78.69,75.75543920993805
2025-06-09,MG92,76.85,69.94266233563424
2025-06-10,MG95,80.06,71.58097088336945
2025-06-10,MG92,78.18,73.70177744865418
2025-06-11,MG95,80.07,73.09763880848885
2025-06-11,MG92,77.89,70.61983662962913
2025-06-12,MG95,81.75,73.35255701184273
2025-06-12,MG92,79.62,73.25936069846153
2025-06-13,MG95,85.44,75.27821193695068
2025-06-13,MG92,83.31,72.52444889187814
2025-06-16,MG95,85.14,74.07516400456429
2025-06-16,MG92,83.01,72.02794038057327
2025-06-17,MG95,85.82,73.61324287772179
2025-06-17,MG92,83.91,71.70509466171265
2025-06-18,MG95,87.49,71.87748400688172
2025-06-18,MG92,85.59,70.51247493147851
2025-06-19,MG95,88.68,72.47125015497208
2025-06-19,MG92,86.69,71.42021896362306
2025-06-20,MG95,89.81,71.0658704817295
2025-06-20,MG92,88.0,72.2927469599247
2025-06-23,MG95,89.27,71.70624148249627
2025-06-23,MG92,87.46,73.3925093126297
2025-06-24,MG95,82.55,71.01702809691429
2025-06-24,MG92,80.74,70.48695904254913
2025-06-25,MG95,81.1,73.19161070108414
2025-06-25,MG92,79.29,72.99693216323853
2025-06-26,MG95,79.86,73.21612103819847
2025-06-26,MG92,78.05,70.39354649662972
2025-06-27,MG95,79.59,72.2087323653698
2025-06-27,MG92,77.78,70.03883760929108
2025-06-30,MG95,79.2,72.396591463089
2025-06-30,MG92,77.39,71.99045558571815
2025-07-01,MG95,79.36,73.07449238538742
2025-07-01,MG92,77.65,68.9989897286892
2025-07-02,MG95,80.1,70.24905982017518
2025-07-02,MG92,78.26,70.7506815135479
2025-07-03,MG95,80.19,70.93459598660469
2025-07-03,MG92,78.83,70.28890381217003
2025-07-04,MG95,80.68,71.18154465317727
2025-07-04,MG92,79.32,69.34510006308555
2025-07-07,MG95,80.11,71.0321916115284
2025-07-07,MG92,78.42,68.56731351971627
2025-07-08,MG95,79.99,74.4759675204754
2025-07-08,MG92,78.3,70.30954121351242
2025-07-09,MG95,81.39,67.11412574768066
2025-07-09,MG92,79.7,68.28410332679749
2025-07-10,MG95,80.3,68.46255532503127
2025-07-10,MG92,78.61,69.82799602031709
2025-07-11,MG95,79.29,70.58429294705391
2025-07-11,MG92,77.6,69.25324810862541
2025-07-14,MG95,80.84,72.93949164152146
2025-07-14,MG92,79.15,69.06299146413804
2025-07-15,MG95,78.87,71.35511831164361
2025-07-15,MG92,77.18,68.65719397068024
2025-07-16,MG95,79.2,70.75211677193641
2025-07-16,MG92,77.51,73.47984997749329
2025-07-17,MG95,79.08,71.01851235628128
2025-07-17,MG92,77.39,69.94797796368599
2025-07-18,MG95,79.42,69.34971007466316
2025-07-18,MG92,77.73,69.18933817267418
2025-07-21,MG95,78.69,71.69627956151962
2025-07-21,MG92,77.0,69.41384914398193
2025-07-22,MG95,78.08,68.99098286032677
2025-07-22,MG92,76.39,68.49857755303383
2025-07-23,MG95,77.26,71.12136306166649
2025-07-23,MG92,75.57,69.17860200285912
2025-05-29,MG95,77.4,76.68845468759537
2025-05-29,MG92,76.07,77.00196120977402
2025-05-30,MG95,76.02,76.0908394753933
2025-05-30,MG92,74.69,76.24838012456894
2025-06-02,MG95,77.31,74.72287639975548
2025-06-02,MG92,75.47,76.51567666888238
2025-06-03,MG95,77.7,73.05284321308136
2025-06-03,MG92,75.86,74.71028023183347
2025-06-04,MG95,78.1,76.78054350614548
2025-06-04,MG92,76.26,79.99604273676873
2025-06-05,MG95,77.06,76.56079977750778
2025-06-05,MG92,75.22,72.8229626774788
2025-06-06,MG95,77.44,75.5486389696598
2025-06-06,MG92,75.6,75.77804609656334
2025-06-09,MG95,78.69,77.65044450759888
2025-06-09,MG92,76.85,76.99763306498528
2025-06-10,MG95,80.06,77.25701969861984
2025-06-10,MG92,78.18,72.05146862864494
2025-06-11,MG95,80.07,73.90341085195541
2025-06-11,MG92,77.89,74.81087151408195
2025-06-12,MG95,81.75,77.65962785482407
2025-06-12,MG92,79.62,71.31884723424912
2025-06-13,MG95,85.44,75.36038947105408
2025-06-13,MG92,83.31,72.378395896554
2025-06-16,MG95,85.14,74.83120250701904
2025-06-16,MG92,83.01,70.70090375483036
2025-06-17,MG95,85.82,73.81933352351189
2025-06-17,MG92,83.91,75.35420154094696
2025-06-18,MG95,87.49,78.08808982372284
2025-06-18,MG92,85.59,75.83403418898583
2025-06-19,MG95,88.68,74.17796283960342
2025-06-19,MG92,86.69,73.68084040284157
2025-06-20,MG95,89.81,78.79064780473709
2025-06-20,MG92,88.0,75.14197459042073
2025-06-23,MG95,89.27,77.01941084861755
2025-06-23,MG92,87.46,70.54391665637493
2025-06-24,MG95,82.55,76.13381972908974
2025-06-24,MG92,80.74,74.53697074055673
2025-06-25,MG95,81.1,74.49950766563416
2025-06-25,MG92,79.29,79.84162743449211
2025-06-26,MG95,79.86,76.74521452188492
2025-06-26,MG92,78.05,77.55661789298058
2025-06-27,MG95,79.59,73.51225224137306
2025-06-27,MG92,77.78,73.63759479880333
2025-06-30,MG95,79.2,73.93352803587914
2025-06-30,MG92,77.39,73.54435598611832
2025-07-01,MG95,79.36,71.51790189743042
2025-07-01,MG92,77.65,76.40800174593926
2025-07-02,MG95,80.1,76.17084038257599
2025-07-02,MG92,78.26,78.20022108793259
2025-07-03,MG95,80.19,73.90571808815002
2025-07-03,MG92,78.83,74.45691350340843
2025-07-04,MG95,80.68,78.34089177846909
2025-07-04,MG92,79.32,74.47908740460873
2025-07-07,MG95,80.11,73.6571339070797
2025-07-07,MG92,78.42,74.05434227228164
2025-07-08,MG95,79.99,73.47908002138138
2025-07-08,MG92,78.3,74.00694774270058
2025-07-09,MG95,81.39,74.21380707621574
2025-07-09,MG92,79.7,73.94893447279931
2025-07-10,MG95,80.3,76.09315127134323
2025-07-10,MG92,78.61,80.34229431986809
2025-07-11,MG95,79.29,73.37535926699638
2025-07-11,MG92,77.6,73.55924910545349
2025-07-14,MG95,80.84,76.05293878912926
2025-07-14,MG92,79.15,73.84603126227856
2025-07-15,MG95,78.87,73.16130155324936
2025-07-15,MG92,77.18,73.27761502146721
2025-07-16,MG95,79.2,75.38147377967834
2025-07-16,MG92,77.51,74.89340197682381
2025-07-17,MG95,79.08,73.64051359891891
2025-07-17,MG92,77.39,71.19735002696514
2025-07-18,MG95,79.42,74.57302916049957
2025-07-18,MG92,77.73,70.46709880709648
2025-07-21,MG95,78.69,76.40990379452705
2025-07-21,MG92,77.0,75.88306857466698
2025-07-22,MG95,78.08,75.83966079354286
2025-07-22,MG92,76.39,73.67232300817966
2025-07-23,MG95,77.26,77.03376495838165
2025-07-23,MG92,75.57,73.9191527146101
2025-07-24,MG95,78.14,75.35525518655777
2025-07-24,MG92,76.45,72.85923665285111
2025-07-25,MG95,78.22,74.48244506120682
2025-07-25,MG92,76.53,69.45301358699798
2025-07-28,MG95,77.92,74.9779080748558
2025-07-28,MG92,76.23,70.02686017096043
2025-07-29,MG95,79.49,78.49804830551147
2025-07-29,MG92,77.8,74.68103613138199
2025-07-30,MG95,81.72,76.866330742836
2025-07-30,MG92,80.03,75.77709623456002
2025-07-31,MG95,82.4,77.61204224824905
2025-07-31,MG92,80.71,78.47562730312347
2025-08-01,MG95,81.46,75.40814834833145
2025-08-01,MG92,79.77,77.696382021904
2025-08-04,MG95,79.18,74.05520510673523
2025-08-04,MG92,77.49,75.89950297951698
2025-08-05,MG95,79.02,76.52178651094437
2025-08-05,MG92,77.33,72.45213117480279
2025-08-06,MG95,78.93,73.85023498535156
2025-08-06,MG92,77.24,68.43400879859925
2025-08-07,MG95,77.92,75.5316356420517
2025-08-07,MG92,76.23,71.68265782296658
2025-08-08,MG95,78.6,75.09868231415749
2025-08-08,MG92,76.45,72.06310891866684
2025-08-11,MG95,79.23,74.45468527078629
2025-08-11,MG92,77.08,76.16934443712235
2025-08-12,MG95,80.53,76.26995578408241
2025-08-12,MG92,78.38,73.5126117771864
2025-08-13,MG95,79.43,72.97172060608864
2025-08-13,MG92,77.01,70.96203067660332
2025-08-14,MG95,79.84,76.02946972846985
2025-08-14,MG92,77.42,72.52734501183033
2025-08-15,MG95,80.6,75.95066347718239
2025-08-15,MG92,78.18,74.58516727626323
2025-08-18,MG95,79.42,79.28259980678558
2025-08-18,MG92,76.71,73.58385142743587
2025-08-19,MG95,79.65,74.42240676283836
2025-08-19,MG92,76.94,72.82326286971569
2025-08-20,MG95,80.77,73.72530680894852
2025-08-20,MG92,78.16,75.10424893915653
2025-06-26,MG95,79.86,82.62109485864639
2025-06-26,MG92,78.05,83.4047941339016
2025-06-27,MG95,79.59,82.5596361875534
2025-06-27,MG92,77.78,82.32433351278306
2025-06-30,MG95,79.2,81.56167962551116
2025-06-30,MG92,77.39,83.02365692138673
2025-07-01,MG95,79.36,77.72274112701416
2025-07-01,MG92,77.65,76.53956990003586
2025-07-02,MG95,80.1,76.59171112179756
2025-07-02,MG92,78.26,78.57433390259743
2025-07-03,MG95,80.19,82.78321542739867
2025-07-03,MG92,78.83,78.36370320439339
2025-07-04,MG95,80.68,83.04768977165222
2025-07-04,MG92,79.32,80.6778052532673
2025-07-07,MG95,80.11,83.21705157756804
2025-07-07,MG92,78.42,78.80405312597752
2025-07-08,MG95,79.99,78.84937708377838
2025-07-08,MG92,78.3,78.731035618186
2025-07-09,MG95,81.39,82.75046067237854
2025-07-09,MG92,79.7,83.80288842201233
2025-07-10,MG95,80.3,81.82530319690704
2025-07-10,MG92,78.61,80.66134913921357
2025-07-11,MG95,79.29,84.01674906015396
2025-07-11,MG92,77.6,78.08468652963639
2025-07-14,MG95,80.84,79.96017223000526
2025-07-14,MG92,79.15,78.17666968524456
2025-07-15,MG95,78.87,76.62401632070541
2025-07-15,MG92,77.18,80.98292864084245
2025-07-16,MG95,79.2,83.48577978610992
2025-07-16,MG92,77.51,78.48541322886945
2025-07-17,MG95,79.08,85.21762461662291
2025-07-17,MG92,77.39,81.07538912773133
2025-07-18,MG95,79.42,81.13179763555526
2025-07-18,MG92,77.73,82.49255261778832
2025-07-21,MG95,78.69,80.92594444155692
2025-07-21,MG92,77.0,77.1644438070059
2025-07-22,MG95,78.08,80.14750661253929
2025-07-22,MG92,76.39,77.98086461305618
2025-07-23,MG95,77.26,84.35019401311874
2025-07-23,MG92,75.57,80.62999650835991
2025-07-24,MG95,78.14,83.1966717004776
2025-07-24,MG92,76.45,78.98680956780912
2025-07-25,MG95,78.22,78.18258385658264
2025-07-25,MG92,76.53,77.92470020771027
2025-07-28,MG95,77.92,81.64126555919647
2025-07-28,MG92,76.23,79.96038106441499
2025-07-29,MG95,79.49,84.13928935527801
2025-07-29,MG92,77.8,79.58072783231736
2025-07-30,MG95,81.72,81.46502989530563
2025-07-30,MG92,80.03,79.38655324816705
2025-07-31,MG95,82.4,79.52169066667557
2025-07-31,MG92,80.71,80.19720354437828
2025-08-01,MG95,81.46,81.66841294765472
2025-08-01,MG92,79.77,82.1230036854744
2025-08-04,MG95,79.18,79.2535086929798
2025-08-04,MG92,77.49,80.694809589386
2025-08-05,MG95,79.02,80.07074853181838
2025-08-05,MG92,77.33,72.47243800342083
2025-08-06,MG95,78.93,81.59473408460616
2025-08-06,MG92,77.24,78.53561335623264
2025-08-07,MG95,77.92,81.36918259859084
2025-08-07,MG92,76.23,77.22426145076753
2025-08-08,MG95,78.6,81.83212871551513
2025-08-08,MG92,76.45,78.16408420801163
2025-08-11,MG95,79.23,79.09379542469978
2025-08-11,MG92,77.08,78.19273826301098
2025-08-12,MG95,80.53,82.62703093290328
2025-08-12,MG92,78.38,77.44261451840401
2025-08-13,MG95,79.43,81.62592264413833
2025-08-13,MG92,77.01,80.69186053276063
2025-08-14,MG95,79.84,82.3225315928459
2025-08-14,MG92,77.42,77.10021203041077
2025-08-15,MG95,80.6,82.10065389871596
2025-08-15,MG92,78.18,78.74858817636968
2025-08-18,MG95,79.42,83.22076404094696
2025-08-18,MG92,76.71,81.38012497901917
2025-08-19,MG95,79.65,80.66176013350486
2025-08-19,MG92,76.94,81.0682905972004
2025-08-20,MG95,80.77,78.81611959934234
2025-08-20,MG92,78.16,78.3416278141737
2025-08-21,MG95,81.77,79.59839557409286
2025-08-21,MG92,79.01,77.26182411432266
2025-08-22,MG95,82.69,76.67522221207618
2025-08-22,MG92,79.93,80.04249149680139
2025-08-25,MG95,81.54,83.31260883808136
2025-08-25,MG92,79.6,76.76517745792866
2025-08-26,MG95,81.12,80.80070680975913
2025-08-26,MG92,79.18,79.1421879887581
2025-08-27,MG95,79.35,80.58629271388054
2025-08-27,MG92,77.41,74.95182900488378
2025-08-28,MG95,80.24,80.22213292717933
2025-08-28,MG92,78.3,78.51470057487488
2025-08-29,MG95,81.37,81.06495395898818
2025-08-29,MG92,79.43,78.95061273336411
2025-09-01,MG95,81.25,79.05969200134277
2025-09-01,MG92,79.31,80.58113857984543
2025-09-02,MG95,82.72,78.63388985395432
2025-09-02,MG92,80.78,77.43805387794973
2025-09-03,MG95,82.95,79.43744481801986
2025-09-03,MG92,80.73,81.4977942287922
2025-09-04,MG95,81.45,79.6912119925022
2025-09-04,MG92,79.28,76.8264318215847
2025-09-05,MG95,81.6,77.024449968338
2025-09-05,MG92,79.24,77.82590208470822
2025-09-08,MG95,81.23,79.38387029767036
2025-09-08,MG92,78.87,80.49323400735855
2025-09-09,MG95,81.58,78.37510505318642
2025-09-09,MG92,79.22,77.45834754645826
2025-09-10,MG95,81.84,79.06733928918838
2025-09-10,MG92,79.48,79.16975505173207
2025-09-11,MG95,82.05,79.95030616521835
2025-09-11,MG92,79.69,78.52968688666822
2025-09-12,MG95,81.4,75.8899298608303
2025-09-12,MG92,79.14,75.16921323180199
2025-09-15,MG95,83.32,79.51391769647597
2025-09-15,MG92,81.06,77.57592700123787
2025-09-16,MG95,83.4,81.61913579702377
2025-09-16,MG92,81.14,80.0017340219021
2025-09-17,MG95,83.21,77.7391910135746
2025-09-17,MG92,81.74,77.28071414530278
2025-07-24,MG95,78.14,75.63871675729752
2025-07-24,MG92,76.45,77.57926138043403
2025-07-25,MG95,78.22,76.19252065420152
2025-07-25,MG92,76.53,75.68203152179717
2025-07-28,MG95,77.92,78.2422029399872
2025-07-28,MG92,76.23,75.09556866645812
2025-07-29,MG95,79.49,77.9329182457924
2025-07-29,MG92,77.8,73.7542353272438
2025-07-30,MG95,81.72,77.1878203701973
2025-07-30,MG92,80.03,75.71690399050712
2025-07-31,MG95,82.4,79.06401181936265
2025-07-31,MG92,80.71,75.72084076881409
2025-08-01,MG95,81.46,75.77370933532715
2025-08-01,MG92,79.77,79.80193758487701
2025-08-04,MG95,79.18,79.63732272863389
2025-08-04,MG92,77.49,76.93625125408172
2025-08-05,MG95,79.02,79.71624415874481
2025-08-05,MG92,77.33,74.920900028944
2025-08-06,MG95,78.93,80.38370080947877
2025-08-06,MG92,77.24,78.03770236730576
2025-08-07,MG95,77.92,81.36548008441926
2025-08-07,MG92,76.23,77.04789540410042
2025-08-08,MG95,78.6,80.5086175274849
2025-08-08,MG92,76.45,79.86459271788597
2025-08-11,MG95,79.23,80.3655568933487
2025-08-11,MG92,77.08,75.34277942597865
2025-08-12,MG95,80.53,77.40571314573289
2025-08-12,MG92,78.38,78.7843029141426
2025-08-13,MG95,79.43,77.79233513116837
2025-08-13,MG92,77.01,78.36749988913536
2025-08-14,MG95,79.84,76.36949291229249
2025-08-14,MG92,77.42,76.42095670223236
2025-08-15,MG95,80.6,77.81380389690399
2025-08-15,MG92,78.18,77.70615716814994
2025-08-18,MG95,79.42,74.5754694569111
2025-08-18,MG92,76.71,80.74171052813529
2025-08-19,MG95,79.65,76.22161078572273
2025-08-19,MG92,76.94,79.06551680803298
2025-08-20,MG95,80.77,79.71937559604645
2025-08-20,MG92,78.16,75.64591585993766
2025-08-21,MG95,81.77,77.84520116090775
2025-08-21,MG92,79.01,75.37430518269538
2025-08-22,MG95,82.69,77.36068491935731
2025-08-22,MG92,79.93,70.41407712399959
2025-08-25,MG95,81.54,82.68317969083786
2025-08-25,MG92,79.6,78.8896049773693
2025-08-26,MG95,81.12,79.52397390842438
2025-08-26,MG92,79.18,74.95535809993743
2025-08-27,MG95,79.35,76.15294481277466
2025-08-27,MG92,77.41,76.02545912504195
2025-08-28,MG95,80.24,76.11313411355019
2025-08-28,MG92,78.3,79.25371643185615
2025-08-29,MG95,81.37,82.59452317476273
2025-08-29,MG92,79.43,73.74549243628978
2025-09-01,MG95,81.25,81.82159234762193
2025-09-01,MG92,79.31,78.21888425588607
2025-09-02,MG95,82.72,81.18867360830308
2025-09-02,MG92,80.78,80.0457115459442
2025-09-03,MG95,82.95,82.13121781587601
2025-09-03,MG92,80.73,76.53301524996756
2025-09-04,MG95,81.45,77.84194078207017
2025-09-04,MG92,79.28,76.56615805864334
2025-09-05,MG95,81.6,78.2835563325882
2025-09-05,MG92,79.24,75.18391645789146
2025-09-08,MG95,81.23,78.7651898097992
2025-09-08,MG92,78.87,77.23942822694778
2025-09-09,MG95,81.58,79.8458580327034
2025-09-09,MG92,79.22,76.61605694890022
2025-09-10,MG95,81.84,80.26364702939988
2025-09-10,MG92,79.48,77.52352488756179
2025-09-11,MG95,82.05,80.66162508010865
2025-09-11,MG92,79.69,75.37663842201232
2025-09-12,MG95,81.4,79.01344831705094
2025-09-12,MG92,79.14,76.06645747303962
2025-09-15,MG95,83.32,80.44792290449143
2025-09-15,MG92,81.06,80.2809903538227
2025-09-16,MG95,83.4,79.74462971687318
2025-09-16,MG92,81.14,76.06811506390571
2025-09-17,MG95,83.21,80.91785954236985
2025-09-17,MG92,81.74,76.62824564695357
2025-09-18,MG95,82.22,78.96648596763612
2025-09-18,MG92,80.53,77.47884200334548
2025-09-19,MG95,80.89,82.5784791636467
2025-09-19,MG92,79.2,79.64188997983932
2025-09-22,MG95,79.8,75.82528594970704
2025-09-22,MG92,77.81,78.19476811051368
2025-09-23,MG95,79.23,79.83012716531753
2025-09-23,MG92,77.24,81.39018890261649
2025-09-24,MG95,80.23,77.97834250688554
2025-09-24,MG92,78.24,76.01401814460753
2025-09-25,MG95,81.05,81.19993757247926
2025-09-25,MG92,79.25,79.733688082695
2025-09-26,MG95,81.84,80.94793976068497
2025-09-26,MG92,80.15,77.62507935404777
2025-09-29,MG95,81.78,79.6668779706955
2025-09-29,MG92,79.91,77.89279829621314
2025-09-30,MG95,79.2,77.7038167667389
2025-09-30,MG92,77.33,72.18464541971683
2025-10-01,MG95,79.57,81.03413717746736
2025-10-01,MG92,76.94,75.09423088252544
2025-10-02,MG95,78.13,74.93561237692833
2025-10-02,MG92,76.23,79.14129753828048
2025-10-03,MG95,77.05,79.55660532712938
2025-10-03,MG92,75.25,76.1063477575779
2025-10-06,MG95,78.05,76.0698604130745
2025-10-06,MG92,75.75,72.3330898886919
2025-10-07,MG95,78.93,79.28207958698273
2025-10-07,MG92,76.47,73.68882805287838
2025-10-08,MG95,79.45,77.5740186905861
2025-10-08,MG92,76.99,78.69894599318503
2025-10-09,MG95,80.3,81.82694342136384
2025-10-09,MG92,77.55,80.03005451917647
2025-10-10,MG95,79.46,78.62072002887726
2025-10-10,MG92,76.59,76.24453137874603
2025-10-13,MG95,78.69,78.17126667499542
2025-10-13,MG92,75.95,74.10419419884681
2025-10-14,MG95,78.36,79.70392103195191
2025-10-14,MG92,75.62,73.17715047240256
2025-10-15,MG95,78.5,79.30492065906525
2025-10-15,MG92,75.76,74.64357787013053
2025-08-21,MG95,81.77,81.64988435149192
2025-08-21,MG92,79.01,80.24572751045227
2025-08-22,MG95,82.69,79.3718886744976
2025-08-22,MG92,79.93,76.08893807411194
2025-08-25,MG95,81.54,80.88388630390166
2025-08-25,MG92,79.6,76.70599207878112
2025-08-26,MG95,81.12,81.62357919573783
2025-08-26,MG92,79.18,81.31024955749511
2025-08-27,MG95,79.35,79.6998461818695
2025-08-27,MG92,77.41,75.33197867870331
2025-08-28,MG95,80.24,80.40715349853038
2025-08-28,MG92,78.3,81.41268503189086
2025-08-29,MG95,81.37,79.37915821790695
2025-08-29,MG92,79.43,78.40017457008362
2025-09-01,MG95,81.25,80.17543800592422
2025-09-01,MG92,79.31,76.63864126682282
2025-09-02,MG95,82.72,78.25411212563515
2025-09-02,MG92,80.78,77.7741106414795
2025-09-03,MG95,82.95,80.94478678345679
2025-09-03,MG92,80.73,79.36553154945373
2025-09-04,MG95,81.45,80.21068807005882
2025-09-04,MG92,79.28,79.10602337837219
2025-09-05,MG95,81.6,77.34696939349175
2025-09-05,MG92,79.24,79.60913492202758
2025-09-08,MG95,81.23,81.81287618041038
2025-09-08,MG92,78.87,79.19853582382201
2025-09-09,MG95,81.58,79.77945971786976
2025-09-09,MG92,79.22,74.81449970722198
2025-09-10,MG95,81.84,78.4981039994955
2025-09-10,MG92,79.48,76.40410372257233
2025-09-11,MG95,82.05,78.70400057733059
2025-09-11,MG92,79.69,75.69420650482178
2025-09-12,MG95,81.4,81.21308589220047
2025-09-12,MG92,79.14,72.97209604740142
2025-09-15,MG95,83.32,76.38274870991707
2025-09-15,MG92,81.06,77.05805462360382
2025-09-16,MG95,83.4,77.0654503071308
2025-09-16,MG92,81.14,75.69499848365783
2025-09-17,MG95,83.21,76.25593128442763
2025-09-17,MG92,81.74,78.14208730220794
2025-09-18,MG95,82.22,76.65418190658092
2025-09-18,MG92,80.53,73.96465051174164
2025-09-19,MG95,80.89,76.64971908092498
2025-09-19,MG92,79.2,75.46131348133086
2025-09-22,MG95,79.8,77.12254270136356
2025-09-22,MG92,77.81,75.50247774600982
2025-09-23,MG95,79.23,77.66228944957255
2025-09-23,MG92,77.24,74.41036688327789
2025-09-24,MG95,80.23,77.23273646235465
2025-09-24,MG92,78.24,74.38276875019073
2025-09-25,MG95,81.05,75.57850612401963
2025-09-25,MG92,79.25,75.81618056297302
2025-09-26,MG95,81.84,74.34850900769233
2025-09-26,MG92,80.15,73.8721240901947
2025-09-29,MG95,81.78,75.84591459333896
2025-09-29,MG92,79.91,74.2002968263626
2025-09-30,MG95,79.2,76.80144552469253
2025-09-30,MG92,77.33,72.65520202159881
2025-10-01,MG95,79.57,75.87408287048339
2025-10-01,MG92,76.94,72.7295036125183
2025-10-02,MG95,78.13,74.67376089692115
2025-10-02,MG92,76.23,73.43166273117065
2025-10-03,MG95,77.05,74.12868956923485
2025-10-03,MG92,75.25,74.68540715694427
2025-10-06,MG95,78.05,77.23277497649192
2025-10-06,MG92,75.75,73.8224064540863
2025-10-07,MG95,78.93,75.31250823497771
2025-10-07,MG92,76.47,72.32911172389984
2025-10-08,MG95,79.45,76.55532574474812
2025-10-08,MG92,76.99,73.58757541179656
2025-10-09,MG95,80.3,73.6176551103592
2025-10-09,MG92,77.55,73.43818490982055
2025-10-10,MG95,79.46,75.67583134889603
2025-10-10,MG92,76.59,74.49525303840637
2025-10-13,MG95,78.69,78.4903193295002
2025-10-13,MG92,75.95,73.5404759645462
2025-10-14,MG95,78.36,75.41840766966342
2025-10-14,MG92,75.62,71.94923208713531
2025-10-15,MG95,78.5,74.64777829706668
2025-10-15,MG92,75.76,73.29236763000488
2025-10-16,MG95,78.98,77.31964361310004
2025-10-16,MG92,76.24,73.04897389888762
2025-10-17,MG95,77.59,72.96451792776584
2025-10-17,MG92,74.81,73.10364839076996
2025-10-20,MG95,77.59,74.4210551995039
2025-10-20,MG92,74.81,73.12332207679748
2025-10-21,MG95,77.65,75.53910616159439
2025-10-21,MG92,74.87,72.52905376911163
2025-10-22,MG95,78.59,73.9045950615406
2025-10-22,MG92,75.58,73.44052357673645
2025-10-23,MG95,81.1,71.92843467831611
2025-10-23,MG92,78.09,71.73692119598388
2025-10-24,MG95,82.82,75.5069179713726
2025-10-24,MG92,79.91,70.65870723247528
2025-10-27,MG95,82.51,74.58656007587909
2025-10-27,MG92,79.91,71.45156190395355
2025-10-28,MG95,82.08,76.45067320525646
2025-10-28,MG92,79.26,72.35256361484527
2025-10-29,MG95,82.28,74.44336932778359
2025-10-29,MG92,79.46,70.6541090965271
2025-10-30,MG95,82.62,73.11121346235275
2025-10-30,MG92,79.8,74.45388379096984
2025-10-31,MG95,81.78,74.0476124960184
2025-10-31,MG92,78.96,70.23205891609192
2025-11-03,MG95,82.63,76.53666083097457
2025-11-03,MG92,79.81,70.9986059141159
2025-11-04,MG95,81.13,72.62300344407558
2025-11-04,MG92,78.41,70.9914035654068
2025-11-05,MG95,80.8,73.8475556242466
2025-11-05,MG92,78.08,72.56288524150848
2025-11-06,MG95,81.25,72.85164743423462
2025-11-06,MG92,78.53,68.34767571926116
2025-11-07,MG95,81.88,72.72543179214
2025-11-07,MG92,79.16,73.00994797706603
2025-11-10,MG95,82.8,78.04863438904285
2025-11-10,MG92,80.08,71.19302740097045
2025-11-11,MG95,83.15,73.90227939903735
2025-11-11,MG92,80.06,72.8758985710144
2025-11-12,MG95,83.79,71.26672810018063
2025-11-12,MG92,81.48,72.43478033542632
2025-09-18,MG95,82.22,89.89883332967757
2025-09-18,MG92,80.53,81.60977407574653
2025-09-19,MG95,80.89,85.90840549588202
2025-09-19,MG92,79.2,83.55294130802154
2025-09-22,MG95,79.8,82.24886421382426
2025-09-22,MG92,77.81,77.50501435637473
2025-09-23,MG95,79.23,84.43818104743957
2025-09-23,MG92,77.24,77.03755254507064
2025-09-24,MG95,80.23,85.6728890633583
2025-09-24,MG92,78.24,77.16447519659995
2025-09-25,MG95,81.05,80.26934279561043
2025-09-25,MG92,79.25,79.08769124627113
2025-09-26,MG95,81.84,78.58258765578269
2025-09-26,MG92,80.15,83.01825935840606
2025-09-29,MG95,81.78,81.40568007230758
2025-09-29,MG92,79.91,78.45949452280998
2025-09-30,MG95,79.2,75.1634133952856
2025-09-30,MG92,77.33,77.23227024078369
2025-10-01,MG95,79.57,81.62903531432151
2025-10-01,MG92,76.94,76.45442746758461
2025-10-02,MG95,78.13,80.88586357355118
2025-10-02,MG92,76.23,80.41609896183013
2025-10-03,MG95,77.05,79.9952944344282
2025-10-03,MG92,75.25,78.57464622020721
2025-10-06,MG95,78.05,79.92325971543788
2025-10-06,MG92,75.75,77.05659752011299
2025-10-07,MG95,78.93,77.91928200423717
2025-10-07,MG92,76.47,71.38552623987198
2025-10-08,MG95,79.45,76.7840358620882
2025-10-08,MG92,76.99,70.22509335279464
2025-10-09,MG95,80.3,79.1550761950016
2025-10-09,MG92,77.55,70.85263234496117
2025-10-10,MG95,79.46,78.02987841010093
2025-10-10,MG92,76.59,77.14810012340546
2025-10-13,MG95,78.69,73.59142081141471
2025-10-13,MG92,75.95,75.38305139780044
2025-10-14,MG95,78.36,76.08837807118893
2025-10-14,MG92,75.62,71.65921066761017
2025-10-15,MG95,78.5,76.38060870170592
2025-10-15,MG92,75.76,72.39181614398956
2025-10-16,MG95,78.98,75.69554483532904
2025-10-16,MG92,76.24,76.31262060046195
2025-10-17,MG95,77.59,72.15201595425606
2025-10-17,MG92,74.81,71.76669857740401
2025-10-20,MG95,77.59,69.57305993318558
2025-10-20,MG92,74.81,71.32898083686828
2025-10-21,MG95,77.65,69.51690122187136
2025-10-21,MG92,74.87,66.4099936234951
2025-10-22,MG95,78.59,76.64165272295475
2025-10-22,MG92,75.58,71.10336925864219
2025-10-23,MG95,81.1,75.84613132238387
2025-10-23,MG92,78.09,69.86761883020401
2025-10-24,MG95,82.82,70.44027879297732
2025-10-24,MG92,79.91,70.7137584722042
2025-10-27,MG95,82.51,66.43447092175484
2025-10-27,MG92,79.91,69.73226260185241
2025-10-28,MG95,82.08,72.79042389929295
2025-10-28,MG92,79.26,69.3699208676815
2025-10-29,MG95,82.28,69.5160332739353
2025-10-29,MG92,79.46,70.16406563282013
2025-10-30,MG95,82.62,66.2938831949234
2025-10-30,MG92,79.8,68.13356142878531
2025-10-31,MG95,81.78,69.76810519337654
2025-10-31,MG92,78.96,64.5976272213459
2025-11-03,MG95,82.63,68.93692353188992
2025-11-03,MG92,79.81,68.65071362137795
2025-11-04,MG95,81.13,74.12030860602854
2025-11-04,MG92,78.41,64.77847896695137
2025-11-05,MG95,80.8,67.05113553106784
2025-11-05,MG92,78.08,64.10174167394638
2025-11-06,MG95,81.25,63.85492965579032
2025-11-06,MG92,78.53,71.54100417375564
2025-11-07,MG95,81.88,65.45111566841602
2025-11-07,MG92,79.16,63.44642206072807
2025-11-10,MG95,82.8,69.30712564527988
2025-11-10,MG92,80.08,72.81777754664421
2025-11-11,MG95,83.15,68.06433827400207
2025-11-11,MG92,80.06,66.15592420458793
2025-11-12,MG95,83.79,65.82818201005459
2025-11-12,MG92,81.48,65.3854918706417
2025-11-13,MG95,81.53,67.28622542917728
2025-11-13,MG92,79.22,69.36248119592666
2025-11-14,MG95,83.15,68.46182371079921
2025-11-14,MG92,80.31,61.403352752923965
2025-11-17,MG95,83.32,65.82748765170574
2025-11-17,MG92,80.48,62.84852969765663
2025-11-18,MG95,82.73,64.31268043756485
2025-11-18,MG92,79.89,59.788895261287685
2025-11-19,MG95,81.03,64.46112929284573
2025-11-19,MG92,78.17,69.74767787456511
2025-11-20,MG95,79.42,65.93443867623806
2025-11-20,MG92,76.56,68.96855861544609
2025-11-21,MG95,79.01,64.34583604872226
2025-11-21,MG92,76.15,64.24772391676902
2025-11-24,MG95,78.93,64.35791788399219
2025-11-24,MG92,76.07,67.37147984623908
2025-11-25,MG95,79.26,65.99560172736645
2025-11-25,MG92,76.4,64.43280950307846
2025-11-26,MG95,81.16,69.38043500781059
2025-11-26,MG92,78.3,64.32332891106606
2025-11-27,MG95,81.44,62.21991909205913
2025-11-27,MG92,78.52,67.00099198818207
2025-11-28,MG95,81.86,66.45651183962822
2025-11-28,MG92,79.04,67.37929954051971
2025-12-01,MG95,82.51,68.64636928081512
2025-12-01,MG92,79.78,61.10415322303771
2025-12-02,MG95,82.55,69.27108844697474
2025-12-02,MG92,80.7,60.56002917528152
2025-12-03,MG95,80.8,66.36952857732773
2025-12-03,MG92,79.51,61.764491082429885
2025-12-04,MG95,80.04,63.156132373213765
2025-12-04,MG92,78.67,61.391757193803784
2025-12-05,MG95,79.94,62.21751859605312
2025-12-05,MG92,78.57,63.749889535903925
2025-12-08,MG95,80.6,67.63361291110515
2025-12-08,MG92,79.38,62.08013876676559
2025-12-09,MG95,79.45,65.08688007712364
2025-12-09,MG92,77.63,64.41663418531418
2025-12-10,MG95,79.42,63.61507348358631
2025-12-10,MG92,77.59,63.00462638616561
2025-10-16,MG95,78.98,79.47147470712662
2025-10-16,MG92,76.24,78.54111528396606
2025-10-17,MG95,77.59,79.24941104650497
2025-10-17,MG92,74.81,73.68254006385804
2025-10-20,MG95,77.59,81.72151392698288
2025-10-20,MG92,74.81,73.72141527652741
2025-10-21,MG95,77.65,77.58437809348106
2025-10-21,MG92,74.87,77.37691803932191
2025-10-22,MG95,78.59,78.98010855913162
2025-10-22,MG92,75.58,76.32221622467041
2025-10-23,MG95,81.1,78.17901366949081
2025-10-23,MG92,78.09,72.42939358711243
2025-10-24,MG95,82.82,80.57844287157059
2025-10-24,MG92,79.91,74.44847522735596
2025-10-27,MG95,82.51,78.84565383195877
2025-10-27,MG92,79.91,76.33410140991211
2025-10-28,MG95,82.08,79.21229749917984
2025-10-28,MG92,79.26,75.64905504703522
2025-10-29,MG95,82.28,80.06700396537781
2025-10-29,MG92,79.46,76.05909845352173
2025-10-30,MG95,82.62,79.14379745721817
2025-10-30,MG92,79.8,74.70754697799683
2025-10-31,MG95,81.78,78.89395010471344
2025-10-31,MG92,78.96,75.81712294578553
2025-11-03,MG95,82.63,77.7374597787857
2025-11-03,MG92,79.81,75.69848332881928
2025-11-04,MG95,81.13,76.38652104139328
2025-11-04,MG92,78.41,76.48064321517946
2025-11-05,MG95,80.8,79.42514359951019
2025-11-05,MG92,78.08,75.45344621181489
2025-11-06,MG95,81.25,76.18104431033134
2025-11-06,MG92,78.53,74.3014818572998
2025-11-07,MG95,81.88,76.44351550936699
2025-11-07,MG92,79.16,74.55238931655884
2025-11-10,MG95,82.8,77.70145046710968
2025-11-10,MG92,80.08,72.34706429481507
2025-11-11,MG95,83.15,76.71741741895676
2025-11-11,MG92,80.06,74.74289998531341
2025-11-12,MG95,83.79,74.84725397825241
2025-11-12,MG92,81.48,73.6125068807602
2025-11-13,MG95,81.53,78.4979552924633
2025-11-13,MG92,79.22,73.63440325737
2025-11-14,MG95,83.15,75.12026220560074
2025-11-14,MG92,80.31,76.70715714454651
2025-11-17,MG95,83.32,75.97693851590157
2025-11-17,MG92,80.48,73.19124660491944
2025-11-18,MG95,82.73,74.23370134830475
2025-11-18,MG92,79.89,74.33823923110963
2025-11-19,MG95,81.03,74.95819690823555
2025-11-19,MG92,78.17,72.05673522949219
2025-11-20,MG95,79.42,75.20510587096214
2025-11-20,MG92,76.56,73.2361998796463
2025-11-21,MG95,79.01,77.81590262055397
2025-11-21,MG92,76.15,72.8671946811676
2025-11-24,MG95,78.93,77.73286971449852
2025-11-24,MG92,76.07,73.77986130714417
2025-11-25,MG95,79.26,74.8686836361885
2025-11-25,MG92,76.4,74.52497481822968
2025-11-26,MG95,81.16,72.22789004445076
2025-11-26,MG92,78.3,73.21305718421937
2025-11-27,MG95,81.44,74.74132689833641
2025-11-27,MG92,78.52,72.94808799743653
2025-11-28,MG95,81.86,74.4799365401268
2025-11-28,MG92,79.04,73.9123052597046
2025-12-01,MG95,82.51,74.09215331077576
2025-12-01,MG92,79.78,69.60174003601075
2025-12-02,MG95,82.55,70.98811882734299
2025-12-02,MG92,80.7,70.31357773780823
2025-12-03,MG95,80.8,75.07092252373695
2025-12-03,MG92,79.51,71.6848987197876
2025-12-04,MG95,80.04,73.24900856614113
2025-12-04,MG92,78.67,69.4041894721985
2025-12-05,MG95,79.94,72.43839198350906
2025-12-05,MG92,78.57,70.2957454442978
2025-12-08,MG95,80.6,77.44329795241356
2025-12-08,MG92,79.38,72.03193529129028
2025-12-09,MG95,79.45,76.34264171123505
2025-12-09,MG92,77.63,71.47558489322662
2025-12-10,MG95,79.42,74.7839663028717
2025-12-10,MG92,77.59,71.53329487323761
2025-12-11,MG95,79.63,72.54656964540482
2025-12-11,MG92,77.61,71.93222075462342
2025-12-12,MG95,79.25,74.19921737909317
2025-12-12,MG92,77.61,71.1877981376648
2025-12-15,MG95,78.52,74.61407309770584
2025-12-15,MG92,77.43,70.4923206281662
2025-12-16,MG95,75.72,71.2267881333828
2025-12-16,MG92,74.64,67.29485809326172
2025-12-17,MG95,74.53,74.07769998908043
2025-12-17,MG92,74.27,70.26163875579834
2025-12-18,MG95,74.63,72.48119047284126
2025-12-18,MG92,74.15,69.29104991436004
2025-12-19,MG95,73.56,72.62440422177315
2025-12-19,MG92,73.15,68.7597613620758
2025-12-22,MG95,74.61,72.12119561433792
2025-12-22,MG92,73.33,73.94905811786653
2025-12-23,MG95,74.56,73.47497916221619
2025-12-23,MG92,73.28,70.66410490512848
2025-12-24,MG95,74.49,74.67336025834084
2025-12-24,MG92,73.21,71.37815979003906
2025-12-25,MG95,74.49,73.41045156121254
2025-12-25,MG92,73.21,69.59245586395264
2025-12-26,MG95,74.54,73.88665786385536
2025-12-26,MG92,72.58,69.62695541381837
2025-12-29,MG95,73.6,72.05235868692398
2025-12-29,MG92,71.54,70.81210978031159
2025-12-30,MG95,73.8,73.80532342195511
2025-12-30,MG92,71.74,69.56034960746766
2025-12-31,MG95,73.81,69.46146157383919
2025-12-31,MG92,71.75,73.59248449802399
2026-01-01,MG95,73.81,72.85423496365547
2026-01-01,MG92,71.75,70.1469729089737
2026-01-02,MG95,72.58,71.45345121622086
2026-01-02,MG92,71.57,72.22073452949525
2026-01-05,MG95,71.36,72.0907870233059
2026-01-05,MG92,70.2,69.2621000957489
2026-01-06,MG95,72.57,73.21444973349571
2026-01-06,MG92,71.21,70.64949678421021
2026-01-07,MG95,70.58,71.4148825109005
2026-01-07,MG92,69.56,70.28206754684449
2025-11-13,MG95,81.53,82.82958628356458
2025-11-13,MG92,79.22,82.87027557849885
2025-11-14,MG95,83.15,84.12875156164169
2025-11-14,MG92,80.31,81.63476969718934
2025-11-17,MG95,83.32,82.64030332982541
2025-11-17,MG92,80.48,82.1059265756607
2025-11-18,MG95,82.73,84.16282249331475
2025-11-18,MG92,79.89,78.92370172262193
2025-11-19,MG95,81.03,84.15701914787293
2025-11-19,MG92,78.17,79.44873757123948
2025-11-20,MG95,79.42,84.7994624733925
2025-11-20,MG92,76.56,78.75233706951141
2025-11-21,MG95,79.01,84.39233931183816
2025-11-21,MG92,76.15,80.44036510705948
2025-11-24,MG95,78.93,82.68947194933892
2025-11-24,MG92,76.07,79.05309089899063
2025-11-25,MG95,79.26,82.56679262280464
2025-11-25,MG92,76.4,77.26644987344743
2025-11-26,MG95,81.16,80.65028024196626
2025-11-26,MG92,78.3,80.71080412387849
2025-11-27,MG95,81.44,82.86204905927183
2025-11-27,MG92,78.52,79.26231264352799
2025-11-28,MG95,81.86,77.04106384456158
2025-11-28,MG92,79.04,79.39091990947723
2025-12-01,MG95,82.51,84.63433182477952
2025-12-01,MG92,79.78,76.9305343580246
2025-12-02,MG95,82.55,80.18932380974293
2025-12-02,MG92,80.7,81.80908229827881
2025-12-03,MG95,80.8,81.91472533285618
2025-12-03,MG92,79.51,78.22087110042573
2025-12-04,MG95,80.04,84.35392336249352
2025-12-04,MG92,78.67,79.6994588470459
2025-12-05,MG95,79.94,84.64296192884446
2025-12-05,MG92,78.57,79.18191185474396
2025-12-08,MG95,80.6,81.87329284250737
2025-12-08,MG92,79.38,77.28693495512009
2025-12-09,MG95,79.45,80.98374286830426
2025-12-09,MG92,77.63,81.97188478946686
2025-12-10,MG95,79.42,80.98271904230118
2025-12-10,MG92,77.59,78.09571201086045
2025-12-11,MG95,79.63,79.7235079497099
2025-12-11,MG92,77.61,78.323136241436
2025-12-12,MG95,79.25,81.64962431788445
2025-12-12,MG92,77.61,77.48453974485398
2025-12-15,MG95,78.52,79.9183445352316
2025-12-15,MG92,77.43,77.1771129655838
2025-12-16,MG95,75.72,81.10714137017727
2025-12-16,MG92,74.64,78.72449911594391
2025-12-17,MG95,74.53,80.9915988600254
2025-12-17,MG92,74.27,79.77434741020203
2025-12-18,MG95,74.63,82.93692320287228
2025-12-18,MG92,74.15,78.93415309667587
2025-12-19,MG95,73.56,81.7851938635111
2025-12-19,MG92,73.15,80.87724905490876
2025-12-22,MG95,74.61,82.6335860323906
2025-12-22,MG92,73.33,80.52860928297044
2025-12-23,MG95,74.56,82.6893420982361
2025-12-23,MG92,73.28,81.15418618440629
2025-12-24,MG95,74.49,83.2297873824835
2025-12-24,MG92,73.21,80.8608532190323
2025-12-25,MG95,74.49,82.6197968441248
2025-12-25,MG92,73.21,79.83787156105042
2025-12-26,MG95,74.54,80.84239494860172
2025-12-26,MG92,72.58,80.4563432765007
2025-12-29,MG95,73.6,80.07432068109513
2025-12-29,MG92,71.54,82.02367542743683
2025-12-30,MG95,73.8,83.3299525254965
2025-12-30,MG92,71.74,80.23988036155701
2025-12-31,MG95,73.81,81.03240207195283
2025-12-31,MG92,71.75,80.30658071994782
2026-01-01,MG95,73.81,78.64546411693097
2026-01-01,MG92,71.75,80.08221128225327
2026-01-02,MG95,72.58,81.39788298368454
2026-01-02,MG92,71.57,77.13640020132065
2026-01-05,MG95,71.36,78.55175157487393
2026-01-05,MG92,70.2,80.15176731348038
2026-01-06,MG95,72.57,81.25511669039727
2026-01-06,MG92,71.21,80.13209813833237
2026-01-07,MG95,70.58,81.56943626761436
2026-01-07,MG92,69.56,80.42515913486481
2026-01-08,MG95,71.16,81.6764185935259
2026-01-08,MG92,69.91,77.67687513828278
2026-01-09,MG95,73.03,80.34980978429319
2026-01-09,MG92,71.94,78.61783390760422
2026-01-12,MG95,72.9,80.08946831166745
2026-01-12,MG92,71.81,77.02269294261933
2026-01-13,MG95,73.45,83.14296194314957
2026-01-13,MG92,72.36,77.62363723754883
2026-01-14,MG95,73.42,81.27534849107266
2026-01-14,MG92,71.84,83.12972414016724
2026-01-15,MG95,72.55,82.09683151602745
2026-01-15,MG92,71.4,76.57653777122498
2026-01-16,MG95,71.76,82.26700638055802
2026-01-16,MG92,70.44,78.20895789384842
2026-01-19,MG95,71.95,83.3886751896143
2026-01-19,MG92,70.6,74.4257256102562
2026-01-20,MG95,72.36,80.84263467371464
2026-01-20,MG92,70.99,77.1537867808342
2026-01-21,MG95,73.22,80.6361214774847
2026-01-21,MG92,71.85,78.06265808343888
2026-01-22,MG95,73.64,82.2539563447237
2026-01-22,MG92,72.27,77.81559381723405
2026-01-23,MG95,73.5,81.86580642700196
2026-01-23,MG92,70.76,79.67273790836335
2026-01-26,MG95,73.88,80.69463438212873
2026-01-26,MG92,71.64,78.93248243093491
2026-01-27,MG95,72.35,80.80318990409374
2026-01-27,MG92,70.21,81.79752362251283
2026-01-28,MG95,74.54,83.48240770876409
2026-01-28,MG92,72.46,77.86758843183517
2026-01-29,MG95,75.75,84.69719973564149
2026-01-29,MG92,73.67,81.70203341960908
2026-01-30,MG95,75.44,78.56159029304982
2026-01-30,MG92,73.43,79.441345846653
2026-02-02,MG95,72.54,82.04513579428196
2026-02-02,MG92,70.93,81.12055432319642
2026-02-03,MG95,72.82,78.59012257575989
2026-02-03,MG92,71.15,80.32292798995972
2026-02-04,MG95,74.68,82.76317243874074
2026-02-04,MG92,72.95,77.92032610416413
2025-12-11,MG95,79.63,79.3225357735157
2025-12-11,MG92,77.61,76.68215272843838
2025-12-12,MG95,79.25,79.46393913984299
2025-12-12,MG92,77.61,79.51000057697297
2025-12-15,MG95,78.52,77.3149308168888
2025-12-15,MG92,77.43,79.85756711363793
2025-12-16,MG95,75.72,78.17417248368264
2025-12-16,MG92,74.64,77.42863874137402
2025-12-17,MG95,74.53,80.34687821388245
2025-12-17,MG92,74.27,77.41308579325677
2025-12-18,MG95,74.63,76.46489165902138
2025-12-18,MG92,74.15,79.75208639979363
2025-12-19,MG95,73.56,83.68143383264542
2025-12-19,MG92,73.15,78.27893594264984
2025-12-22,MG95,74.61,76.461947234869
2025-12-22,MG92,73.33,75.59939838051797
2025-12-23,MG95,74.56,79.50102373600006
2025-12-23,MG92,73.28,74.17099675655365
2025-12-24,MG95,74.49,78.32656300187111
2025-12-24,MG92,73.21,78.60469227910042
2025-12-25,MG95,74.49,79.96909250020981
2025-12-25,MG92,73.21,76.91997918009758
2025-12-26,MG95,74.54,78.96641666650773
2025-12-26,MG92,72.58,78.00986947774888
2025-12-29,MG95,73.6,83.04700037002564
2025-12-29,MG92,71.54,79.20696088671684
2025-12-30,MG95,73.8,78.18051104307175
2025-12-30,MG92,71.74,77.18901789665223
2025-12-31,MG95,73.81,80.37134249687195
2025-12-31,MG92,71.75,80.62590032458306
2026-01-01,MG95,73.81,77.85723504662514
2026-01-01,MG92,71.75,74.81863391041756
2026-01-02,MG95,72.58,77.31070826649666
2026-01-02,MG92,71.57,78.19345253705978
2026-01-05,MG95,71.36,76.25160079240798
2026-01-05,MG92,70.2,78.37981043100358
2026-01-06,MG95,72.57,78.93445404291153
2026-01-06,MG92,71.21,76.54939539015294
2026-01-07,MG95,70.58,77.20118704915046
2026-01-07,MG92,69.56,76.31981482207776
2026-01-08,MG95,71.16,79.45393188476562
2026-01-08,MG92,69.91,72.38206086874008
2026-01-09,MG95,73.03,77.90149135112763
2026-01-09,MG92,71.94,76.74440151870252
2026-01-12,MG95,72.9,77.7619246995449
2026-01-12,MG92,71.81,77.63112304925919
2026-01-13,MG95,73.45,74.24126916646958
2026-01-13,MG92,72.36,76.71953900039196
2026-01-14,MG95,73.42,75.45865600705147
2026-01-14,MG92,71.84,75.2042480546236
2026-01-15,MG95,72.55,76.92610587954522
2026-01-15,MG92,71.4,72.90174114823341
2026-01-16,MG95,71.76,75.16965746283532
2026-01-16,MG92,70.44,75.59135598480702
2026-01-19,MG95,71.95,76.59188533544541
2026-01-19,MG92,70.6,75.28623054385186
2026-01-20,MG95,72.36,77.9699799823761
2026-01-20,MG92,70.99,76.21192925155164
2026-01-21,MG95,73.22,75.98396589159965
2026-01-21,MG92,71.85,73.88174336969853
2026-01-22,MG95,73.64,76.93012961030007
2026-01-22,MG92,72.27,76.00825176477433
2026-01-23,MG95,73.5,78.1849324131012
2026-01-23,MG92,70.76,73.30700112164021
2026-01-26,MG95,73.88,79.12997895479202
2026-01-26,MG92,71.64,75.81281091213226
2026-01-27,MG95,72.35,76.41021625876427
2026-01-27,MG92,70.21,76.04815851151943
2026-01-28,MG95,74.54,76.11500223398208
2026-01-28,MG92,72.46,74.38533885776997
2026-01-29,MG95,75.75,75.81902133345604
2026-01-29,MG92,73.67,76.7086616486311
2026-01-30,MG95,75.44,77.0993061864376
2026-01-30,MG92,73.43,75.19127570271492
2026-02-02,MG95,72.54,75.26795483827591
2026-02-02,MG92,70.93,72.56974605858326
2026-02-03,MG95,72.82,76.12058338522911
2026-02-03,MG92,71.15,74.1985092419386
2026-02-04,MG95,74.68,75.72602108120918
2026-02-04,MG92,72.95,70.64453804194927
2026-02-05,MG95,75.06,75.3639563202858
2026-02-05,MG92,73.33,72.24526614606381
2026-02-06,MG95,75.24,77.25704589962959
2026-02-06,MG92,73.51,73.37640436053276
2026-02-09,MG95,76.56,74.34310742497445
2026-02-09,MG92,74.83,73.3553618645668
2026-02-10,MG95,78.41,79.44027013540268
2026-02-10,MG92,76.68,75.06842452406883
2026-02-11,MG95,77.63,77.05738837957382
2026-02-11,MG92,75.55,74.24047861576081
2026-02-12,MG95,77.16,75.5848591387272
2026-02-12,MG92,74.83,70.00921190440656
2026-02-13,MG95,73.85,74.25942802667618
2026-02-13,MG92,71.58,72.28558449327946
2026-02-16,MG95,73.8,77.69645623326302
2026-02-16,MG92,71.79,73.41974727749825
2026-02-17,MG95,73.8,76.28709483146667
2026-02-17,MG92,71.79,73.7020589530468
2026-02-18,MG95,73.8,77.1430843770504
2026-02-18,MG92,71.79,72.99991479754448
2026-02-19,MG95,78.09,76.67045222878457
2026-02-19,MG92,76.08,75.78595513761044
2026-02-20,MG95,79.95,75.50122234463691
2026-02-20,MG92,77.63,75.0208176112175
2026-02-23,MG95,79.75,77.96852197170257
2026-02-23,MG92,77.43,76.60327805399895
2026-02-24,MG95,81.35,76.6820169043541
2026-02-24,MG92,78.89,73.26467101931573
2026-02-25,MG95,81.46,74.37998373389244
2026-02-25,MG92,79.0,73.31488165199757
2026-02-26,MG95,81.74,75.11964959025383
2026-02-26,MG92,79.28,74.1300170737505
2026-02-27,MG95,82.09,75.69244896531106
2026-02-27,MG92,79.63,71.40045386791229
2026-03-02,MG95,92.78,78.3474201285839
2026-03-02,MG92,90.32,73.89423937499524
2026-03-03,MG95,98.65,74.70331180214882
2026-03-03,MG92,95.56,73.56215641558171
2026-03-04,MG95,104.35,73.7331619143486
2026-03-04,MG92,99.68,72.22608278930187
2026-01-08,MG95,71.16,68.73798962712287
2026-01-08,MG92,69.91,70.2895393037796
2026-01-09,MG95,73.03,71.67656946659088
2026-01-09,MG92,71.94,68.63049019098283
2026-01-12,MG95,72.9,71.30384690999985
2026-01-12,MG92,71.81,68.26680681705476
2026-01-13,MG95,73.45,70.82373913049697
2026-01-13,MG92,72.36,68.76940524101258
2026-01-14,MG95,73.42,70.0602422273159
2026-01-14,MG92,71.84,67.87162552833557
2026-01-15,MG95,72.55,68.53377848982811
2026-01-15,MG92,71.4,70.75213616371155
2026-01-16,MG95,71.76,68.05293029665947
2026-01-16,MG92,70.44,69.55117710113525
2026-01-19,MG95,71.95,70.26279584765435
2026-01-19,MG92,70.6,70.32303978443146
2026-01-20,MG95,72.36,68.96850227713584
2026-01-20,MG92,70.99,70.77615036964417
2026-01-21,MG95,73.22,70.32422914743424
2026-01-21,MG92,71.85,69.86725911140442
2026-01-22,MG95,73.64,71.80956627130509
2026-01-22,MG92,72.27,68.17260329961778
2026-01-23,MG95,73.5,70.31463742494583
2026-01-23,MG92,70.76,70.47189303398133
2026-01-26,MG95,73.88,71.44439929962158
2026-01-26,MG92,71.64,72.24105839252472
2026-01-27,MG95,72.35,73.66664995193482
2026-01-27,MG92,70.21,69.08758932352066
2026-01-28,MG95,74.54,70.91960587263107
2026-01-28,MG92,72.46,70.70463016033173
2026-01-29,MG95,75.75,71.4560187458992
2026-01-29,MG92,73.67,69.92765948295593
2026-01-30,MG95,75.44,70.09316539406777
2026-01-30,MG92,73.43,69.51443022489548
2026-02-02,MG95,72.54,72.00142596244812
2026-02-02,MG92,70.93,70.88829405784607
2026-02-03,MG95,72.82,71.02605716466904
2026-02-03,MG92,71.15,68.34383719205857
2026-02-04,MG95,74.68,71.92943756103516
2026-02-04,MG92,72.95,67.8136713552475
2026-02-05,MG95,75.06,70.53785952448845
2026-02-05,MG92,73.33,68.32497658729554
2026-02-06,MG95,75.24,70.883822016716
2026-02-06,MG92,73.51,70.80636713981629
2026-02-09,MG95,76.56,68.3990526509285
2026-02-09,MG92,74.83,69.83548340797425
2026-02-10,MG95,78.41,70.64205171346664
2026-02-10,MG92,76.68,68.76183446407319
2026-02-11,MG95,77.63,71.78069855213165
2026-02-11,MG92,75.55,69.40486541032791
2026-02-12,MG95,77.16,72.80793837547301
2026-02-12,MG92,74.83,70.66783767700196
2026-02-13,MG95,73.85,72.93056938886642
2026-02-13,MG92,71.58,70.88549129486084
2026-02-16,MG95,73.8,70.3143345284462
2026-02-16,MG92,71.79,69.25333792686463
2026-02-17,MG95,73.8,70.79369348049164
2026-02-17,MG92,71.79,68.83916750431061
2026-02-18,MG95,73.8,73.30298063516616
2026-02-18,MG92,71.79,70.65346729755402
2026-02-19,MG95,78.09,73.05079405784606
2026-02-19,MG92,76.08,70.03455420970917
2026-02-20,MG95,79.95,71.33711504220962
2026-02-20,MG92,77.63,68.02424343585969
2026-02-23,MG95,79.75,72.68280005216599
2026-02-23,MG92,77.43,68.66651979207992
2026-02-24,MG95,81.35,71.12655990600585
2026-02-24,MG92,78.89,70.04875874519348
2026-02-25,MG95,81.46,71.60147637605667
2026-02-25,MG92,79.0,71.49770428657531
2026-02-26,MG95,81.74,70.93065318107605
2026-02-26,MG92,79.28,69.62253146648408
2026-02-27,MG95,82.09,69.23980919599533
2026-02-27,MG92,79.63,68.94230586528778
2026-03-02,MG95,92.78,72.63686916351318
2026-03-02,MG92,90.32,69.73631700992584
2026-03-03,MG95,98.65,72.49511360168457
2026-03-03,MG92,95.56,67.89599629878998
2026-03-04,MG95,104.35,69.18048775792121
2026-03-04,MG92,99.68,69.08206257343292
2026-03-05,MG95,110.97,70.9610437965393
2026-03-05,MG92,106.3,68.34851813793182
2026-03-06,MG95,121.36,71.2090907883644
2026-03-06,MG92,113.16,67.81428083181382
2026-03-09,MG95,147.5,69.00575433969497
2026-03-09,MG92,139.3,70.04177671432495
2026-03-10,MG95,127.42,73.06471888303757
2026-03-10,MG92,119.22,70.03410643100739
2026-03-11,MG95,129.17,69.23383961081505
2026-03-11,MG92,116.76,67.46096685171128
2026-03-12,MG95,143.44,70.50819670200347
2026-03-12,MG92,130.12,71.51683438777924
2026-03-13,MG95,149.76,70.76274755477905
2026-03-13,MG92,136.44,69.64932355880738
2026-03-16,MG95,153.48,70.4259897506237
2026-03-16,MG92,140.16,69.62341043949128
2026-03-17,MG95,152.16,71.02951523303986
2026-03-17,MG92,138.84,71.19087636947631
2026-03-18,MG95,153.12,70.61162744283676
2026-03-18,MG92,139.8,68.09919661521911
2026-03-19,MG95,165.25,72.62099233865737
2026-03-19,MG92,151.93,68.78310809850693
2026-03-20,MG95,163.93,71.84507247209548
2026-03-20,MG92,150.61,72.07904542446137
2026-03-23,MG95,170.52,73.33230269908906
2026-03-23,MG92,157.2,70.98238563060761
2026-03-24,MG95,146.36,70.61555668354035
2026-03-24,MG92,141.81,69.96457634925842
2026-03-25,MG95,135.6,71.85387329816818
2026-03-25,MG92,131.05,69.12701043367386
2026-03-26,MG95,132.03,70.28941287755966
2026-03-26,MG92,127.48,70.42285297393799
2026-03-27,MG95,135.07,71.58899030923843
2026-03-27,MG92,130.52,70.47463775157928
2026-03-30,MG95,147.0,70.99841785907745
2026-03-30,MG92,139.66,68.26530178308487
2026-03-31,MG95,145.8,69.22551837086678
2026-03-31,MG92,138.46,71.93515090942383
2026-04-01,MG95,143.29,69.46611915707588
2026-04-01,MG92,136.05,67.45126912593842
2026-02-05,MG95,75.06,73.93930341005326
2026-02-05,MG92,73.33,73.78806413412094
2026-02-06,MG95,75.24,74.60567261219025
2026-02-06,MG92,73.51,73.15034576654435
2026-02-09,MG95,76.56,74.6699045085907
2026-02-09,MG92,74.83,73.86995735764503
2026-02-10,MG95,78.41,76.50506721019745
2026-02-10,MG92,76.68,74.5955085337162
2026-02-11,MG95,77.63,74.37520340442659
2026-02-11,MG92,75.55,72.66482600271702
2026-02-12,MG95,77.16,75.91967114925386
2026-02-12,MG92,74.83,73.34071685671806
2026-02-13,MG95,73.85,74.38529889583589
2026-02-13,MG92,71.58,74.9104456782341
2026-02-16,MG95,73.8,76.89289788722992
2026-02-16,MG92,71.79,73.57934381365776
2026-02-17,MG95,73.8,75.57266756534577
2026-02-17,MG92,71.79,74.45941116213798
2026-02-18,MG95,73.8,74.95025470256806
2026-02-18,MG92,71.79,72.83786098361016
2026-02-19,MG95,78.09,73.61509035348892
2026-02-19,MG92,76.08,71.92241701483727
2026-02-20,MG95,79.95,74.15562646627427
2026-02-20,MG92,77.63,72.4786030560732
2026-02-23,MG95,79.75,76.54485270500184
2026-02-23,MG92,77.43,73.64277475476266
2026-02-24,MG95,81.35,74.55208371400833
2026-02-24,MG92,78.89,72.74616266191006
2026-02-25,MG95,81.46,74.27389238834382
2026-02-25,MG92,79.0,72.02625974416733
2026-02-26,MG95,81.74,73.8309282207489
2026-02-26,MG92,79.28,72.66072568893433
2026-02-27,MG95,82.09,74.2987794661522
2026-02-27,MG92,79.63,73.77233249545098
2026-03-02,MG95,92.78,75.41057884216309
2026-03-02,MG92,90.32,74.23423740863801
2026-03-03,MG95,98.65,74.34384417295456
2026-03-03,MG92,95.56,73.26644160747529
2026-03-04,MG95,104.35,77.51997568607331
2026-03-04,MG92,99.68,73.51267784237862
2026-03-05,MG95,110.97,75.98771333694458
2026-03-05,MG92,106.3,73.20770667791366
2026-03-06,MG95,121.36,75.93137800216675
2026-03-06,MG92,113.16,72.21590469181538
2026-03-09,MG95,147.5,76.54538685798646
2026-03-09,MG92,139.3,73.80931793451309
2026-03-10,MG95,127.42,74.38044255495072
2026-03-10,MG92,119.22,73.72104161381722
2026-03-11,MG95,129.17,75.50179436683655
2026-03-11,MG92,116.76,72.32064314186573
2026-03-12,MG95,143.44,76.65589420795442
2026-03-12,MG92,130.12,74.5442959189415
2026-03-13,MG95,149.76,77.18926376819611
2026-03-13,MG92,136.44,73.66437640786171
2026-03-16,MG95,153.48,76.72224491119385
2026-03-16,MG92,140.16,74.44822769761086
2026-03-17,MG95,152.16,75.08031205177308
2026-03-17,MG92,138.84,73.61320727467537
2026-03-18,MG95,153.12,75.19365041255952
2026-03-18,MG92,139.8,74.16374505758286
2026-03-19,MG95,165.25,75.25355566978455
2026-03-19,MG92,151.93,75.78836503624916
2026-03-20,MG95,163.93,74.38929614067078
2026-03-20,MG92,150.61,73.81984917521477
2026-03-23,MG95,170.52,76.10956253528596
2026-03-23,MG92,157.2,74.10457531213761
2026-03-24,MG95,146.36,75.31110175132753
2026-03-24,MG92,141.81,71.76630506813527
2026-03-25,MG95,135.6,76.27287090778351
2026-03-25,MG92,131.05,72.5856068968773
2026-03-26,MG95,132.03,75.25918208122255
2026-03-26,MG92,127.48,75.12695789933206
2026-03-27,MG95,135.07,73.88501121044159
2026-03-27,MG92,130.52,74.39114506840706
2026-03-30,MG95,147.0,74.17297308444978
2026-03-30,MG92,139.66,73.70425772070885
2026-03-31,MG95,145.8,75.25206004142763
2026-03-31,MG92,138.46,72.01835479140281
2026-04-01,MG95,143.29,73.53076540231706
2026-04-01,MG92,136.05,73.98918387293816
2026-04-02,MG95,151.74,75.15865448951722
2026-04-02,MG92,144.5,75.18757992982864
2026-04-06,MG95,150.88,76.00268742561342
2026-04-06,MG92,141.87,69.92436845898628
2026-04-07,MG95,147.22,76.83951819896699
2026-04-07,MG92,138.21,75.62684832811355
2026-04-08,MG95,125.82,76.08234744071962
2026-04-08,MG92,119.46,70.86652751564979
2026-04-09,MG95,135.04,72.85595213174821
2026-04-09,MG92,130.98,73.65596706867218
2026-04-10,MG95,133.88,76.70309552669526
2026-04-10,MG92,128.17,72.97867175936699
2026-04-13,MG95,135.93,76.74017464637757
2026-04-13,MG92,128.49,71.68183773458004
2026-04-14,MG95,128.99,75.92623232841493
2026-04-14,MG92,123.87,73.89951614141465
2026-04-15,MG95,125.23,73.46975177764894
2026-04-15,MG92,119.01,73.76921051740646
2026-04-16,MG95,122.29,73.48650637626649
2026-04-16,MG92,120.88,75.81787164211273
2026-04-17,MG95,128.19,75.86775147914886
2026-04-17,MG92,122.19,73.37534559369088
2026-04-20,MG95,124.43,76.81003295421601
2026-04-20,MG92,118.67,74.20610482096673
2026-04-21,MG95,123.98,75.39876515865326
2026-04-21,MG92,118.22,73.62064262628556
2026-04-22,MG95,128.89,76.11439661979676
2026-04-22,MG92,124.24,70.99403727352619
2026-04-23,MG95,130.57,73.88169055938721
2026-04-23,MG92,125.92,72.31074673235416
2026-04-24,MG95,131.72,75.40562012195588
2026-04-24,MG92,124.69,72.18837649822235
2026-04-27,MG95,133.04,75.41301814079286
2026-04-27,MG92,128.03,72.72368268072606
2026-04-28,MG95,131.54,75.05851861000062
2026-04-28,MG92,126.52,74.39791949987412
2026-04-29,MG95,134.06,74.7923501777649
2026-04-29,MG92,129.82,73.27652063965797
2026-04-30,MG95,137.61,73.34305959224702
2026-04-30,MG92,134.27,76.54959720373154
