date,product,true,pred
2024-01-10,DO 0.001%,100.67,99.20846119403838
2024-01-10,DO 0.05%,99.35,98.0827105975151
2024-01-11,DO 0.001%,100.14,99.40901970624923
2024-01-11,DO 0.05%,98.77,97.93419293761252
2024-01-12,DO 0.001%,104.42,99.09367917895317
2024-01-12,DO 0.05%,103.01,97.91349985718726
2024-01-15,DO 0.001%,102.12,99.15385145664214
2024-01-15,DO 0.05%,100.69,97.55244750201702
2024-01-16,DO 0.001%,103.0,98.82469905912876
2024-01-16,DO 0.05%,101.74,97.31624029517174
2024-01-17,DO 0.001%,101.48,99.17652678012847
2024-01-17,DO 0.05%,100.01,97.5812059956789
2024-01-18,DO 0.001%,102.51,98.99498837649821
2024-01-18,DO 0.05%,101.01,97.355391882658
2024-01-19,DO 0.001%,103.82,99.03129251420498
2024-01-19,DO 0.05%,102.11,97.06737632513045
2024-01-22,DO 0.001%,101.78,98.97211818695068
2024-01-22,DO 0.05%,100.1,97.27189797997474
2024-01-23,DO 0.001%,104.47,98.75174829185008
2024-01-23,DO 0.05%,102.79,96.75798684060572
2024-01-24,DO 0.001%,103.91,98.77219741821288
2024-01-24,DO 0.05%,102.23,96.83323493480682
2024-01-25,DO 0.001%,104.56,98.50789998888969
2024-01-25,DO 0.05%,102.85,96.7394177687168
2024-01-26,DO 0.001%,107.18,98.71385570049286
2024-01-26,DO 0.05%,105.69,96.89036203563212
2024-01-29,DO 0.001%,108.85,98.98072772383689
2024-01-29,DO 0.05%,106.99,96.82286511778831
2024-01-30,DO 0.001%,108.16,98.85202164292335
2024-01-30,DO 0.05%,106.38,96.85035502552985
2024-01-31,DO 0.001%,107.46,98.91997084796428
2024-01-31,DO 0.05%,105.68,96.61677227854729
2024-02-01,DO 0.001%,108.05,98.51921993553638
2024-02-01,DO 0.05%,106.25,96.69350426912307
2024-02-02,DO 0.001%,105.54,98.57511106491089
2024-02-02,DO 0.05%,103.77,96.44746261179446
2024-02-05,DO 0.001%,104.12,98.61831818521023
2024-02-05,DO 0.05%,102.41,96.3977666312456
2024-02-06,DO 0.001%,106.12,98.67635284125804
2024-02-06,DO 0.05%,104.41,96.28468790829182
2024-02-07,DO 0.001%,106.84,98.35858534574508
2024-02-07,DO 0.05%,105.08,96.42448258519173
2024-02-08,DO 0.001%,107.9,98.72390016019344
2024-02-08,DO 0.05%,106.32,96.43876872479915
2024-02-09,DO 0.001%,109.26,98.64676272511481
2024-02-09,DO 0.05%,107.62,96.2246686643362
2024-02-12,DO 0.001%,109.26,98.20421599507331
2024-02-12,DO 0.05%,107.62,96.34931595981121
2024-02-13,DO 0.001%,111.57,98.5042802041769
2024-02-13,DO 0.05%,109.85,96.5029486978054
2024-02-14,DO 0.001%,110.49,98.62954955637454
2024-02-14,DO 0.05%,108.84,96.11981829226016
2024-02-15,DO 0.001%,107.27,98.24845059096812
2024-02-15,DO 0.05%,105.61,96.15046802639961
2024-02-16,DO 0.001%,107.23,98.38205194354056
2024-02-16,DO 0.05%,105.57,96.04880075752735
2024-02-19,DO 0.001%,106.49,98.59303874254226
2024-02-19,DO 0.05%,104.97,96.12863438248634
2024-02-20,DO 0.001%,107.11,98.38976391553878
2024-02-20,DO 0.05%,105.66,95.91622189044952
2024-02-21,DO 0.001%,104.78,98.2879906862974
2024-02-21,DO 0.05%,103.36,95.6984615522623
2024-02-22,DO 0.001%,105.43,98.38299084365367
2024-02-22,DO 0.05%,104.09,95.82392353594302
2024-02-23,DO 0.001%,105.83,98.29553141236305
2024-02-23,DO 0.05%,104.61,95.81666117250919
2024-02-26,DO 0.001%,103.58,98.26553384900092
2024-02-26,DO 0.05%,102.4,95.5635200893879
2024-02-27,DO 0.001%,105.84,98.14254974424838
2024-02-27,DO 0.05%,104.49,95.30188297212123
2024-02-28,DO 0.001%,104.3,97.84377283215522
2024-02-28,DO 0.05%,102.97,95.23241334497928
2024-02-29,DO 0.001%,102.71,98.09608895123004
2024-02-29,DO 0.05%,101.38,95.3704564422369
2024-03-01,DO 0.001%,103.64,98.1081411218643
2024-03-01,DO 0.05%,102.24,95.27984565615654
2024-03-04,DO 0.001%,104.74,98.28786077558993
2024-03-04,DO 0.05%,103.56,95.49916554033756
2024-03-05,DO 0.001%,102.3,97.80655341446399
2024-03-05,DO 0.05%,101.08,95.19976762473583
2024-03-06,DO 0.001%,101.74,98.31735050618647
2024-03-06,DO 0.05%,100.57,95.20586614787578
2024-03-07,DO 0.001%,102.89,98.05667876660823
2024-03-07,DO 0.05%,101.79,95.15683355629443
2024-03-08,DO 0.001%,104.89,98.01760516881941
2024-03-08,DO 0.05%,104.01,95.13565748214721
2024-03-11,DO 0.001%,102.43,98.09183732807635
2024-03-11,DO 0.05%,101.74,94.92417024314403
2024-03-12,DO 0.001%,103.48,97.94692193388939
2024-03-12,DO 0.05%,102.89,95.0460068643093
2024-03-13,DO 0.001%,101.83,97.92902378141879
2024-03-13,DO 0.05%,100.94,94.89445740044117
2024-03-14,DO 0.001%,104.44,97.61677749097346
2024-03-14,DO 0.05%,103.47,94.6903139936924
2024-03-15,DO 0.001%,104.43,97.67588686287402
2024-03-15,DO 0.05%,103.34,94.29314767420291
2024-03-18,DO 0.001%,106.52,97.77010755598545
2024-03-18,DO 0.05%,105.54,94.78347940921783
2024-03-19,DO 0.001%,107.55,97.82369572281837
2024-03-19,DO 0.05%,106.65,94.66588498592377
2024-03-20,DO 0.001%,105.52,97.72403059005737
2024-03-20,DO 0.05%,104.45,94.65938493788242
2024-03-21,DO 0.001%,104.41,97.71268111824989
2024-03-21,DO 0.05%,103.5,94.3507752263546
2024-03-22,DO 0.001%,104.19,97.73438801646232
2024-03-22,DO 0.05%,103.24,94.29679631352424
2024-03-25,DO 0.001%,103.42,97.52597581148147
2024-03-25,DO 0.05%,102.4,94.33946269869804
2024-03-26,DO 0.001%,103.98,97.44766918003559
2024-03-26,DO 0.05%,102.94,94.30217907488345
2024-03-27,DO 0.001%,102.06,97.224606590271
2024-03-27,DO 0.05%,101.24,94.01839407682418
2024-03-28,DO 0.001%,102.72,97.43005446910857
2024-03-28,DO 0.05%,101.9,94.13584302008151
2024-04-01,DO 0.001%,104.13,97.62680423557758
2024-04-01,DO 0.05%,103.21,94.16662077665329
2024-04-02,DO 0.001%,104.86,97.48808912515639
2024-04-02,DO 0.05%,103.96,94.080944673419
2024-04-03,DO 0.001%,107.56,97.50508380770682
2024-04-03,DO 0.05%,106.51,94.02998010694981
2024-02-07,DO 0.001%,106.84,106.00035799264909
2024-02-07,DO 0.05%,105.08,104.2954784476757
2024-02-08,DO 0.001%,107.9,105.69261585235596
2024-02-08,DO 0.05%,106.32,104.22654894471168
2024-02-09,DO 0.001%,109.26,106.18046934127808
2024-02-09,DO 0.05%,107.62,104.54031634092331
2024-02-12,DO 0.001%,109.26,105.93944588422775
2024-02-12,DO 0.05%,107.62,104.49991454124451
2024-02-13,DO 0.001%,111.57,105.56831846475602
2024-02-13,DO 0.05%,109.85,104.07773689389228
2024-02-14,DO 0.001%,110.49,105.36498714208604
2024-02-14,DO 0.05%,108.84,104.01763828337192
2024-02-15,DO 0.001%,107.27,105.65222916364671
2024-02-15,DO 0.05%,105.61,104.29750102698803
2024-02-16,DO 0.001%,107.23,105.12409651517868
2024-02-16,DO 0.05%,105.57,103.85089684486388
2024-02-19,DO 0.001%,106.49,105.27268916845323
2024-02-19,DO 0.05%,104.97,104.13987053036689
2024-02-20,DO 0.001%,107.11,105.26984913349152
2024-02-20,DO 0.05%,105.66,104.01088598012925
2024-02-21,DO 0.001%,104.78,105.02427782535554
2024-02-21,DO 0.05%,103.36,103.86379156589507
2024-02-22,DO 0.001%,105.43,104.732304520607
2024-02-22,DO 0.05%,104.09,103.76672020554543
2024-02-23,DO 0.001%,105.83,105.09155945539474
2024-02-23,DO 0.05%,104.61,103.9546458286047
2024-02-26,DO 0.001%,103.58,104.65279619216919
2024-02-26,DO 0.05%,102.4,103.8522348588705
2024-02-27,DO 0.001%,105.84,104.71498600006105
2024-02-27,DO 0.05%,104.49,103.76667664229869
2024-02-28,DO 0.001%,104.3,104.62343440532685
2024-02-28,DO 0.05%,102.97,103.77519014537334
2024-02-29,DO 0.001%,102.71,104.7575042963028
2024-02-29,DO 0.05%,101.38,103.88634488105774
2024-03-01,DO 0.001%,103.64,104.14043237924577
2024-03-01,DO 0.05%,102.24,103.54603502094746
2024-03-04,DO 0.001%,104.74,104.44583417892457
2024-03-04,DO 0.05%,103.56,103.6814046984911
2024-03-05,DO 0.001%,102.3,104.52208500623703
2024-03-05,DO 0.05%,101.08,103.53148489654063
2024-03-06,DO 0.001%,101.74,104.03717275619508
2024-03-06,DO 0.05%,100.57,103.38521196067333
2024-03-07,DO 0.001%,102.89,104.35055701494217
2024-03-07,DO 0.05%,101.79,103.49603063702583
2024-03-08,DO 0.001%,104.89,103.87644195795059
2024-03-08,DO 0.05%,104.01,103.34954610824585
2024-03-11,DO 0.001%,102.43,103.73670464754105
2024-03-11,DO 0.05%,101.74,103.31276628136635
2024-03-12,DO 0.001%,103.48,103.80265165090562
2024-03-12,DO 0.05%,102.89,103.33735462248325
2024-03-13,DO 0.001%,101.83,103.85939542293549
2024-03-13,DO 0.05%,100.94,103.13181700110435
2024-03-14,DO 0.001%,104.44,103.78504216909408
2024-03-14,DO 0.05%,103.47,103.25894077837467
2024-03-15,DO 0.001%,104.43,103.89661316394806
2024-03-15,DO 0.05%,103.34,103.25574821472168
2024-03-18,DO 0.001%,106.52,103.92207227468491
2024-03-18,DO 0.05%,105.54,103.3620487600565
2024-03-19,DO 0.001%,107.55,103.26981302022935
2024-03-19,DO 0.05%,106.65,102.92146252930164
2024-03-20,DO 0.001%,105.52,103.21568789958954
2024-03-20,DO 0.05%,104.45,103.05677619695663
2024-03-21,DO 0.001%,104.41,103.25893359899521
2024-03-21,DO 0.05%,103.5,103.02976076066494
2024-03-22,DO 0.001%,104.19,102.90739546298981
2024-03-22,DO 0.05%,103.24,102.83518240749835
2024-03-25,DO 0.001%,103.42,102.89751543045044
2024-03-25,DO 0.05%,102.4,102.90160391211509
2024-03-26,DO 0.001%,103.98,102.64255745887756
2024-03-26,DO 0.05%,102.94,102.67574092447758
2024-03-27,DO 0.001%,102.06,102.98300744056702
2024-03-27,DO 0.05%,101.24,103.05515191018581
2024-03-28,DO 0.001%,102.72,102.67925020456315
2024-03-28,DO 0.05%,101.9,102.75546166598797
2024-04-01,DO 0.001%,104.13,102.23835533380509
2024-04-01,DO 0.05%,103.21,102.41874266207218
2024-04-02,DO 0.001%,104.86,102.44264809370041
2024-04-02,DO 0.05%,103.96,102.49212806284427
2024-04-03,DO 0.001%,107.56,102.59396060228349
2024-04-03,DO 0.05%,106.51,102.77579325556755
2024-04-04,DO 0.001%,107.66,102.68309595346452
2024-04-04,DO 0.05%,106.71,102.74073728859425
2024-04-05,DO 0.001%,108.93,102.46779726743699
2024-04-05,DO 0.05%,108.05,102.60899580717087
2024-04-08,DO 0.001%,108.66,102.1228500366211
2024-04-08,DO 0.05%,107.73,102.55611624896525
2024-04-09,DO 0.001%,108.38,102.13464029312134
2024-04-09,DO 0.05%,107.38,102.36085955381392
2024-04-10,DO 0.001%,108.38,102.05320276498794
2024-04-10,DO 0.05%,107.38,102.35870006144046
2024-04-11,DO 0.001%,108.14,102.1334954237938
2024-04-11,DO 0.05%,107.04,102.24088637232781
2024-04-12,DO 0.001%,107.67,102.22465485334396
2024-04-12,DO 0.05%,106.57,102.38948060691357
2024-04-15,DO 0.001%,106.25,102.19411657094956
2024-04-15,DO 0.05%,105.13,102.39431612730026
2024-04-16,DO 0.001%,106.3,101.95948161125183
2024-04-16,DO 0.05%,105.18,102.40089417755604
2024-04-17,DO 0.001%,105.88,102.0376932644844
2024-04-17,DO 0.05%,104.48,102.35585600376129
2024-04-18,DO 0.001%,101.86,101.7537530207634
2024-04-18,DO 0.05%,100.25,102.16580822825432
2024-04-19,DO 0.001%,100.68,101.75780117750168
2024-04-19,DO 0.05%,99.17,102.31071825683117
2024-04-22,DO 0.001%,100.58,101.81143925428391
2024-04-22,DO 0.05%,99.16,102.16709645569324
2024-04-23,DO 0.001%,102.67,101.68448526382447
2024-04-23,DO 0.05%,101.39,102.28832674801349
2024-04-24,DO 0.001%,102.13,101.19772604227066
2024-04-24,DO 0.05%,100.9,101.88355572938919
2024-04-25,DO 0.001%,102.19,101.88937892198562
2024-04-25,DO 0.05%,100.9,102.286970064044
2024-04-26,DO 0.001%,101.78,101.1447394657135
2024-04-26,DO 0.05%,100.49,101.89959945082664
2024-04-29,DO 0.001%,101.28,101.42367011547088
2024-04-29,DO 0.05%,99.91,102.00339822113514
2024-04-30,DO 0.001%,101.21,101.10545969486238
2024-04-30,DO 0.05%,99.84,101.5672927814722
2024-05-01,DO 0.001%,101.21,101.13208265066147
2024-05-01,DO 0.05%,99.84,101.78047886431217
2024-03-06,DO 0.001%,101.74,102.04293317198753
2024-03-06,DO 0.05%,100.57,101.6717595386505
2024-03-07,DO 0.001%,102.89,101.53973852992057
2024-03-07,DO 0.05%,101.79,101.28743515491486
2024-03-08,DO 0.001%,104.89,102.54637781381606
2024-03-08,DO 0.05%,104.01,101.50453414916991
2024-03-11,DO 0.001%,102.43,102.08279898762703
2024-03-11,DO 0.05%,101.74,101.43774280071258
2024-03-12,DO 0.001%,103.48,102.8102921962738
2024-03-12,DO 0.05%,102.89,101.99296772480011
2024-03-13,DO 0.001%,101.83,102.24304273724556
2024-03-13,DO 0.05%,100.94,101.00515344381333
2024-03-14,DO 0.001%,104.44,103.03167003393173
2024-03-14,DO 0.05%,103.47,101.91340372085571
2024-03-15,DO 0.001%,104.43,102.15323184728622
2024-03-15,DO 0.05%,103.34,101.1482132101059
2024-03-18,DO 0.001%,106.52,102.14845746159553
2024-03-18,DO 0.05%,105.54,101.3714936876297
2024-03-19,DO 0.001%,107.55,102.13259772062301
2024-03-19,DO 0.05%,106.65,101.49885875225067
2024-03-20,DO 0.001%,105.52,102.54401196241379
2024-03-20,DO 0.05%,104.45,101.76526501655579
2024-03-21,DO 0.001%,104.41,102.07428070306777
2024-03-21,DO 0.05%,103.5,101.45481719017029
2024-03-22,DO 0.001%,104.19,101.93273205757141
2024-03-22,DO 0.05%,103.24,101.78176102161407
2024-03-25,DO 0.001%,103.42,102.3282804608345
2024-03-25,DO 0.05%,102.4,101.9205250787735
2024-03-26,DO 0.001%,103.98,102.03718317747116
2024-03-26,DO 0.05%,102.94,101.57894089221953
2024-03-27,DO 0.001%,102.06,102.08751849532128
2024-03-27,DO 0.05%,101.24,101.58950845718384
2024-03-28,DO 0.001%,102.72,102.6435728430748
2024-03-28,DO 0.05%,101.9,101.79413603782653
2024-04-01,DO 0.001%,104.13,102.7395971417427
2024-04-01,DO 0.05%,103.21,101.65174502849578
2024-04-02,DO 0.001%,104.86,102.77385320663451
2024-04-02,DO 0.05%,103.96,102.09342586517334
2024-04-03,DO 0.001%,107.56,102.06923802495002
2024-04-03,DO 0.05%,106.51,101.47439791202545
2024-04-04,DO 0.001%,107.66,101.71307982802391
2024-04-04,DO 0.05%,106.71,101.48456783771515
2024-04-05,DO 0.001%,108.93,102.00784174203872
2024-04-05,DO 0.05%,108.05,101.48355566501617
2024-04-08,DO 0.001%,108.66,102.59899971485137
2024-04-08,DO 0.05%,107.73,101.47756697654724
2024-04-09,DO 0.001%,108.38,102.87221896648407
2024-04-09,DO 0.05%,107.38,102.075013961792
2024-04-10,DO 0.001%,108.38,102.21532325148583
2024-04-10,DO 0.05%,107.38,101.38761615276337
2024-04-11,DO 0.001%,108.14,102.3177316904068
2024-04-11,DO 0.05%,107.04,101.91493402957916
2024-04-12,DO 0.001%,107.67,102.03629293441772
2024-04-12,DO 0.05%,106.57,101.55444390296935
2024-04-15,DO 0.001%,106.25,102.3702926158905
2024-04-15,DO 0.05%,105.13,101.49677415847778
2024-04-16,DO 0.001%,106.3,102.18866474032401
2024-04-16,DO 0.05%,105.18,101.69491901397704
2024-04-17,DO 0.001%,105.88,102.30831706523895
2024-04-17,DO 0.05%,104.48,101.41793313503265
2024-04-18,DO 0.001%,101.86,102.15797574520111
2024-04-18,DO 0.05%,100.25,101.52718753814698
2024-04-19,DO 0.001%,100.68,101.85096384286881
2024-04-19,DO 0.05%,99.17,101.10641288757324
2024-04-22,DO 0.001%,100.58,101.14130598306656
2024-04-22,DO 0.05%,99.16,100.92640881776809
2024-04-23,DO 0.001%,102.67,102.76551175117493
2024-04-23,DO 0.05%,101.39,101.89829342842101
2024-04-24,DO 0.001%,102.13,102.19342083334922
2024-04-24,DO 0.05%,100.9,101.79050908565522
2024-04-25,DO 0.001%,102.19,102.2847865998745
2024-04-25,DO 0.05%,100.9,101.83065860271454
2024-04-26,DO 0.001%,101.78,102.0118478357792
2024-04-26,DO 0.05%,100.49,101.45237110614777
2024-04-29,DO 0.001%,101.28,102.04040268659591
2024-04-29,DO 0.05%,99.91,101.61710221290588
2024-04-30,DO 0.001%,101.21,102.23998176455497
2024-04-30,DO 0.05%,99.84,101.28712186336517
2024-05-01,DO 0.001%,101.21,102.010055154562
2024-05-01,DO 0.05%,99.84,101.25133432865142
2024-05-02,DO 0.001%,97.79,101.82275655269622
2024-05-02,DO 0.05%,96.42,101.8463954782486
2024-05-03,DO 0.001%,97.12,103.03636515140533
2024-05-03,DO 0.05%,95.75,101.93309288978577
2024-05-06,DO 0.001%,97.2,101.89701867699623
2024-05-06,DO 0.05%,95.83,101.45494973659515
2024-05-07,DO 0.001%,97.76,101.67857986092567
2024-05-07,DO 0.05%,96.6,101.05943120479584
2024-05-08,DO 0.001%,96.5,101.68765912055969
2024-05-08,DO 0.05%,95.22,101.32722318172455
2024-05-09,DO 0.001%,98.98,101.6778786420822
2024-05-09,DO 0.05%,97.62,100.96900441884995
2024-05-10,DO 0.001%,98.72,101.78220781087875
2024-05-10,DO 0.05%,97.3,101.3570822763443
2024-05-13,DO 0.001%,97.09,101.12290965914725
2024-05-13,DO 0.05%,95.67,100.77273931264877
2024-05-14,DO 0.001%,97.22,101.7077993452549
2024-05-14,DO 0.05%,94.86,101.3087028312683
2024-05-15,DO 0.001%,96.97,101.79390292167663
2024-05-15,DO 0.05%,94.65,101.08324136257171
2024-05-16,DO 0.001%,96.84,101.71448226571083
2024-05-16,DO 0.05%,94.73,100.99420028924942
2024-05-17,DO 0.001%,97.96,102.46193886995316
2024-05-17,DO 0.05%,96.15,101.47403642177582
2024-05-20,DO 0.001%,98.57,102.00717710852622
2024-05-20,DO 0.05%,96.87,101.48229044914245
2024-05-21,DO 0.001%,97.51,102.18739035129546
2024-05-21,DO 0.05%,95.87,101.29068856716155
2024-05-22,DO 0.001%,97.51,102.00825637578964
2024-05-22,DO 0.05%,95.87,101.4879658460617
2024-05-23,DO 0.001%,95.97,101.82475655078888
2024-05-23,DO 0.05%,94.23,101.09993016242981
2024-05-24,DO 0.001%,95.17,102.010055154562
2024-05-24,DO 0.05%,93.59,101.23004255294799
2024-05-27,DO 0.001%,95.92,101.27586683034896
2024-05-27,DO 0.05%,94.47,100.41268899917603
2024-05-28,DO 0.001%,97.93,101.93402473926544
2024-05-28,DO 0.05%,96.5,101.40652209281922
2024-05-29,DO 0.001%,99.3,102.11294530034066
2024-05-29,DO 0.05%,97.87,101.39144794940948
2024-04-04,DO 0.001%,107.66,107.45069757223129
2024-04-04,DO 0.05%,106.71,106.38854702413083
2024-04-05,DO 0.001%,108.93,107.26721899986268
2024-04-05,DO 0.05%,108.05,106.38720749258995
2024-04-08,DO 0.001%,108.66,107.44912685871124
2024-04-08,DO 0.05%,107.73,106.32803955912591
2024-04-09,DO 0.001%,108.38,107.28790754079819
2024-04-09,DO 0.05%,107.38,106.24190323710442
2024-04-10,DO 0.001%,108.38,107.20447380304337
2024-04-10,DO 0.05%,107.38,106.22551143407823
2024-04-11,DO 0.001%,108.14,106.95001821279526
2024-04-11,DO 0.05%,107.04,106.05451483666897
2024-04-12,DO 0.001%,107.67,106.6521083521843
2024-04-12,DO 0.05%,106.57,105.93482674121857
2024-04-15,DO 0.001%,106.25,106.55377527475358
2024-04-15,DO 0.05%,105.13,105.76092253506184
2024-04-16,DO 0.001%,106.3,106.41968121767044
2024-04-16,DO 0.05%,105.18,105.77916174888611
2024-04-17,DO 0.001%,105.88,106.38815795898438
2024-04-17,DO 0.05%,104.48,105.63955208957196
2024-04-18,DO 0.001%,101.86,106.21376388072967
2024-04-18,DO 0.05%,100.25,105.7400740915537
2024-04-19,DO 0.001%,100.68,106.06468713998795
2024-04-19,DO 0.05%,99.17,105.78399929881097
2024-04-22,DO 0.001%,100.58,105.92055974960327
2024-04-22,DO 0.05%,99.16,105.70486536204815
2024-04-23,DO 0.001%,102.67,105.88346526622773
2024-04-23,DO 0.05%,101.39,105.58877686083318
2024-04-24,DO 0.001%,102.13,105.23143964529038
2024-04-24,DO 0.05%,100.9,105.1701129436493
2024-04-25,DO 0.001%,102.19,105.16647621631623
2024-04-25,DO 0.05%,100.9,105.47685296952724
2024-04-26,DO 0.001%,101.78,104.81084744215012
2024-04-26,DO 0.05%,100.49,105.09933362066747
2024-04-29,DO 0.001%,101.28,104.89158852815628
2024-04-29,DO 0.05%,99.91,105.18613018572331
2024-04-30,DO 0.001%,101.21,104.84085768699646
2024-04-30,DO 0.05%,99.84,105.24524733126164
2024-05-01,DO 0.001%,101.21,104.62066288471222
2024-05-01,DO 0.05%,99.84,105.16854486644269
2024-05-02,DO 0.001%,97.79,104.3525324702263
2024-05-02,DO 0.05%,96.42,104.97499208152294
2024-05-03,DO 0.001%,97.12,104.55353251218796
2024-05-03,DO 0.05%,95.75,104.97883291840554
2024-05-06,DO 0.001%,97.2,104.34025526046753
2024-05-06,DO 0.05%,95.83,104.86037643015385
2024-05-07,DO 0.001%,97.76,104.13723572969437
2024-05-07,DO 0.05%,96.6,104.72407433450222
2024-05-08,DO 0.001%,96.5,104.04274288654328
2024-05-08,DO 0.05%,95.22,104.73188932657243
2024-05-09,DO 0.001%,98.98,103.92049649715423
2024-05-09,DO 0.05%,97.62,104.74727171957494
2024-05-10,DO 0.001%,98.72,103.74979519844055
2024-05-10,DO 0.05%,97.3,104.73836478710174
2024-05-13,DO 0.001%,97.09,103.34941070556641
2024-05-13,DO 0.05%,95.67,104.54681177675725
2024-05-14,DO 0.001%,97.22,103.20621292114258
2024-05-14,DO 0.05%,94.86,104.48029229104519
2024-05-15,DO 0.001%,96.97,103.36347019433975
2024-05-15,DO 0.05%,94.65,104.41876271903516
2024-05-16,DO 0.001%,96.84,103.19061477422714
2024-05-16,DO 0.05%,94.73,104.44635960817338
2024-05-17,DO 0.001%,97.96,103.2116815686226
2024-05-17,DO 0.05%,96.15,104.48539012908937
2024-05-20,DO 0.001%,98.57,103.1271707701683
2024-05-20,DO 0.05%,96.87,104.42998685061931
2024-05-21,DO 0.001%,97.51,102.76263701200486
2024-05-21,DO 0.05%,95.87,104.36680667102337
2024-05-22,DO 0.001%,97.51,102.79301268815995
2024-05-22,DO 0.05%,95.87,104.2774199217558
2024-05-23,DO 0.001%,95.97,102.6600533914566
2024-05-23,DO 0.05%,94.23,104.26928750514985
2024-05-24,DO 0.001%,95.17,102.38774936676026
2024-05-24,DO 0.05%,93.59,104.06152679800988
2024-05-27,DO 0.001%,95.92,102.60217420101166
2024-05-27,DO 0.05%,94.47,104.17383794724942
2024-05-28,DO 0.001%,97.93,102.00842525720597
2024-05-28,DO 0.05%,96.5,103.89196495950223
2024-05-29,DO 0.001%,99.3,101.65734834671021
2024-05-29,DO 0.05%,97.87,103.65933086574078
2024-05-30,DO 0.001%,97.24,101.95868813276292
2024-05-30,DO 0.05%,95.97,103.9508091199398
2024-05-31,DO 0.001%,95.92,101.91177829265595
2024-05-31,DO 0.05%,94.65,103.76528717577457
2024-06-03,DO 0.001%,95.41,101.78783937931061
2024-06-03,DO 0.05%,94.18,103.91135959863664
2024-06-04,DO 0.001%,91.71,101.41624061584473
2024-06-04,DO 0.05%,90.88,103.58767545104027
2024-06-05,DO 0.001%,92.36,101.6387434053421
2024-06-05,DO 0.05%,91.77,103.78850995481015
2024-06-06,DO 0.001%,92.68,101.22710747480393
2024-06-06,DO 0.05%,92.15,103.54826402068139
2024-06-07,DO 0.001%,94.26,101.22822941303254
2024-06-07,DO 0.05%,93.62,103.55112718999386
2024-06-10,DO 0.001%,94.38,101.17068359851838
2024-06-10,DO 0.05%,93.97,103.61163465499878
2024-06-11,DO 0.001%,96.65,101.10601507902146
2024-06-11,DO 0.05%,96.22,103.63139115810395
2024-06-12,DO 0.001%,98.31,100.70497665643693
2024-06-12,DO 0.05%,97.88,103.25587793231011
2024-06-13,DO 0.001%,97.71,100.91311222553253
2024-06-13,DO 0.05%,97.36,103.46354976058007
2024-06-14,DO 0.001%,98.48,100.75093765735626
2024-06-14,DO 0.05%,98.33,103.26776230692865
2024-06-17,DO 0.001%,98.48,100.55540626287461
2024-06-17,DO 0.05%,98.33,103.28951223611833
2024-06-18,DO 0.001%,99.14,100.47821691274643
2024-06-18,DO 0.05%,98.97,103.10824378073217
2024-06-19,DO 0.001%,101.06,100.65463047981262
2024-06-19,DO 0.05%,100.81,103.23443907916547
2024-06-20,DO 0.001%,101.81,100.67044660329819
2024-06-20,DO 0.05%,101.39,103.26779404938222
2024-06-21,DO 0.001%,100.93,100.40634875535966
2024-06-21,DO 0.05%,100.51,103.23483903408051
2024-06-24,DO 0.001%,100.54,100.36041980981827
2024-06-24,DO 0.05%,100.0,103.23634362637998
2024-06-25,DO 0.001%,101.15,100.05915695667267
2024-06-25,DO 0.05%,100.82,103.09665778517724
2024-06-26,DO 0.001%,101.21,100.42598587989808
2024-06-26,DO 0.05%,100.96,103.20873404026032
2024-05-02,DO 0.001%,97.79,99.99453645527362
2024-05-02,DO 0.05%,96.42,100.12208587646485
2024-05-03,DO 0.001%,97.12,99.52106290280818
2024-05-03,DO 0.05%,95.75,100.1121597290039
2024-05-06,DO 0.001%,97.2,99.41280211269854
2024-05-06,DO 0.05%,95.83,100.35120849609375
2024-05-07,DO 0.001%,97.76,100.16284560739993
2024-05-07,DO 0.05%,96.6,100.13358306884766
2024-05-08,DO 0.001%,96.5,98.41841475069522
2024-05-08,DO 0.05%,95.22,99.94036834716798
2024-05-09,DO 0.001%,98.98,98.82137340426445
2024-05-09,DO 0.05%,97.62,100.02244354248047
2024-05-10,DO 0.001%,98.72,99.19866340398788
2024-05-10,DO 0.05%,97.3,100.1473892211914
2024-05-13,DO 0.001%,97.09,97.97874177813529
2024-05-13,DO 0.05%,95.67,99.8913803100586
2024-05-14,DO 0.001%,97.22,98.85767147481441
2024-05-14,DO 0.05%,94.86,99.80446105957031
2024-05-15,DO 0.001%,96.97,98.45911057651043
2024-05-15,DO 0.05%,94.65,100.1914974975586
2024-05-16,DO 0.001%,96.84,98.4539104872942
2024-05-16,DO 0.05%,94.73,99.92706207275391
2024-05-17,DO 0.001%,97.96,98.60614279747008
2024-05-17,DO 0.05%,96.15,100.00251983642579
2024-05-20,DO 0.001%,98.57,99.21329845786094
2024-05-20,DO 0.05%,96.87,100.14912689208985
2024-05-21,DO 0.001%,97.51,97.2734057790041
2024-05-21,DO 0.05%,95.87,100.12635864257813
2024-05-22,DO 0.001%,97.51,98.75028540968894
2024-05-22,DO 0.05%,95.87,100.19086669921876
2024-05-23,DO 0.001%,95.97,98.65155610561371
2024-05-23,DO 0.05%,94.23,100.21868133544922
2024-05-24,DO 0.001%,95.17,98.0445029991865
2024-05-24,DO 0.05%,93.59,100.19154510498048
2024-05-27,DO 0.001%,95.92,98.1936043971777
2024-05-27,DO 0.05%,94.47,100.07435943603517
2024-05-28,DO 0.001%,97.93,98.08848658442497
2024-05-28,DO 0.05%,96.5,100.12321655273438
2024-05-29,DO 0.001%,99.3,98.19654829919338
2024-05-29,DO 0.05%,97.87,100.02572845458985
2024-05-30,DO 0.001%,97.24,97.56233045756817
2024-05-30,DO 0.05%,95.97,100.06273132324219
2024-05-31,DO 0.001%,95.92,97.82450664937495
2024-05-31,DO 0.05%,94.65,100.23424896240235
2024-06-03,DO 0.001%,95.41,98.1663672709465
2024-06-03,DO 0.05%,94.18,100.05560211181641
2024-06-04,DO 0.001%,91.71,96.64897882461547
2024-06-04,DO 0.05%,90.88,100.04173645019532
2024-06-05,DO 0.001%,92.36,98.49393669605254
2024-06-05,DO 0.05%,91.77,100.26115905761719
2024-06-06,DO 0.001%,92.68,98.39850118398665
2024-06-06,DO 0.05%,92.15,100.11621826171876
2024-06-07,DO 0.001%,94.26,96.93794573128223
2024-06-07,DO 0.05%,93.62,100.15663696289063
2024-06-10,DO 0.001%,94.38,98.2760155558586
2024-06-10,DO 0.05%,93.97,100.45626617431641
2024-06-11,DO 0.001%,96.65,97.31324497759341
2024-06-11,DO 0.05%,96.22,100.0802865600586
2024-06-12,DO 0.001%,98.31,98.19107071101665
2024-06-12,DO 0.05%,97.88,100.4417578125
2024-06-13,DO 0.001%,97.71,97.76719104886054
2024-06-13,DO 0.05%,97.36,100.30458892822266
2024-06-14,DO 0.001%,98.48,96.46197468817233
2024-06-14,DO 0.05%,98.33,100.04091522216797
2024-06-17,DO 0.001%,98.48,97.18382790803909
2024-06-17,DO 0.05%,98.33,100.0172543334961
2024-06-18,DO 0.001%,99.14,98.02065015375614
2024-06-18,DO 0.05%,98.97,99.90535308837892
2024-06-19,DO 0.001%,101.06,96.72278751552105
2024-06-19,DO 0.05%,100.81,99.93128723144531
2024-06-20,DO 0.001%,101.81,98.06561705052852
2024-06-20,DO 0.05%,101.39,100.01357666015625
2024-06-21,DO 0.001%,100.93,98.0529787826538
2024-06-21,DO 0.05%,100.51,100.2156463623047
2024-06-24,DO 0.001%,100.54,96.86208596110343
2024-06-24,DO 0.05%,100.0,99.83241256713868
2024-06-25,DO 0.001%,101.15,96.39258788287638
2024-06-25,DO 0.05%,100.82,99.86282775878907
2024-06-26,DO 0.001%,101.21,98.53123617589473
2024-06-26,DO 0.05%,100.96,100.21102844238281
2024-06-27,DO 0.001%,102.61,97.00585455298423
2024-06-27,DO 0.05%,102.36,100.01243408203125
2024-06-28,DO 0.001%,103.22,97.54695942819117
2024-06-28,DO 0.05%,103.02,99.87311096191407
2024-07-01,DO 0.001%,101.78,97.72885396420955
2024-07-01,DO 0.05%,101.58,100.07929870605469
2024-07-02,DO 0.001%,103.9,97.88126725196838
2024-07-02,DO 0.05%,103.58,100.10150756835938
2024-07-03,DO 0.001%,103.17,97.57793072521686
2024-07-03,DO 0.05%,102.75,100.36403869628907
2024-07-04,DO 0.001%,102.49,96.99429008543491
2024-07-04,DO 0.05%,102.05,100.29942352294923
2024-07-05,DO 0.001%,103.55,98.31982419610023
2024-07-05,DO 0.05%,103.22,100.2006381225586
2024-07-08,DO 0.001%,101.58,98.15940566658973
2024-07-08,DO 0.05%,101.29,100.28109466552735
2024-07-09,DO 0.001%,100.78,96.23042593598365
2024-07-09,DO 0.05%,100.42,99.96151794433594
2024-07-10,DO 0.001%,99.47,97.4245582562685
2024-07-10,DO 0.05%,99.09,100.37094177246094
2024-07-11,DO 0.001%,100.41,97.27609027981758
2024-07-11,DO 0.05%,100.1,100.3623486328125
2024-07-12,DO 0.001%,100.72,96.98252654254436
2024-07-12,DO 0.05%,100.45,100.18598693847656
2024-07-15,DO 0.001%,99.66,96.09087412178516
2024-07-15,DO 0.05%,99.36,100.11198120117187
2024-07-16,DO 0.001%,99.13,96.14766488730906
2024-07-16,DO 0.05%,98.77,100.09410461425782
2024-07-17,DO 0.001%,98.14,96.92369676291942
2024-07-17,DO 0.05%,97.86,100.30558868408204
2024-07-18,DO 0.001%,99.76,95.37212768375873
2024-07-18,DO 0.05%,99.55,100.18626068115235
2024-07-19,DO 0.001%,98.79,95.14805330574512
2024-07-19,DO 0.05%,98.55,99.86635070800781
2024-07-22,DO 0.001%,96.71,95.6066203379631
2024-07-22,DO 0.05%,96.49,100.15229278564453
2024-07-23,DO 0.001%,97.01,96.40940673291682
2024-07-23,DO 0.05%,96.83,100.26346801757813
2024-07-24,DO 0.001%,96.31,94.6335943633318
2024-07-24,DO 0.05%,96.13,99.82351593017579
2024-05-30,DO 0.001%,97.24,98.63056669235229
2024-05-30,DO 0.05%,95.97,97.9405970966816
2024-05-31,DO 0.001%,95.92,99.08767107725143
2024-05-31,DO 0.05%,94.65,97.94742229938508
2024-06-03,DO 0.001%,95.41,98.56771557927131
2024-06-03,DO 0.05%,94.18,98.11681566357613
2024-06-04,DO 0.001%,91.71,98.30047849416732
2024-06-04,DO 0.05%,90.88,97.7113461214304
2024-06-05,DO 0.001%,92.36,98.29469588398933
2024-06-05,DO 0.05%,91.77,98.30033778071405
2024-06-06,DO 0.001%,92.68,98.03877543210983
2024-06-06,DO 0.05%,92.15,98.01932610154152
2024-06-07,DO 0.001%,94.26,97.8464518547058
2024-06-07,DO 0.05%,93.62,98.49432520866395
2024-06-10,DO 0.001%,94.38,97.47624050974845
2024-06-10,DO 0.05%,93.97,97.93234851837158
2024-06-11,DO 0.001%,96.65,96.88590525984763
2024-06-11,DO 0.05%,96.22,97.60683301746846
2024-06-12,DO 0.001%,98.31,96.86089265942573
2024-06-12,DO 0.05%,97.88,97.24679482460023
2024-06-13,DO 0.001%,97.71,96.32447714209556
2024-06-13,DO 0.05%,97.36,97.55618067979813
2024-06-14,DO 0.001%,98.48,96.13158536553382
2024-06-14,DO 0.05%,98.33,97.48904285252095
2024-06-17,DO 0.001%,98.48,95.99554901719092
2024-06-17,DO 0.05%,98.33,97.37949543237687
2024-06-18,DO 0.001%,99.14,96.05778458118438
2024-06-18,DO 0.05%,98.97,97.5810605853796
2024-06-19,DO 0.001%,101.06,95.98954149484634
2024-06-19,DO 0.05%,100.81,97.40750793099404
2024-06-20,DO 0.001%,101.81,95.79900537729263
2024-06-20,DO 0.05%,101.39,97.30564323902131
2024-06-21,DO 0.001%,100.93,96.13782371878624
2024-06-21,DO 0.05%,100.51,97.78979511797428
2024-06-24,DO 0.001%,100.54,95.30924137830733
2024-06-24,DO 0.05%,100.0,97.40940965414048
2024-06-25,DO 0.001%,101.15,95.27162777781486
2024-06-25,DO 0.05%,100.82,96.9031487852335
2024-06-26,DO 0.001%,101.21,95.09555706381798
2024-06-26,DO 0.05%,100.96,97.2134563344717
2024-06-27,DO 0.001%,102.61,95.53590549230576
2024-06-27,DO 0.05%,102.36,96.9786110264063
2024-06-28,DO 0.001%,103.22,95.46853246092796
2024-06-28,DO 0.05%,103.02,97.10901323258878
2024-07-01,DO 0.001%,101.78,95.27053872942925
2024-07-01,DO 0.05%,101.58,97.33057564616203
2024-07-02,DO 0.001%,103.9,95.28253009915352
2024-07-02,DO 0.05%,103.58,97.41207556664943
2024-07-03,DO 0.001%,103.17,94.59534648656845
2024-07-03,DO 0.05%,102.75,97.05006564855576
2024-07-04,DO 0.001%,102.49,95.0915619134903
2024-07-04,DO 0.05%,102.05,97.56496594071389
2024-07-05,DO 0.001%,103.55,94.4347591996193
2024-07-05,DO 0.05%,103.22,97.39544423937798
2024-07-08,DO 0.001%,101.58,95.09140802621842
2024-07-08,DO 0.05%,101.29,97.09319276273251
2024-07-09,DO 0.001%,100.78,94.56220745444297
2024-07-09,DO 0.05%,100.42,97.23695369899274
2024-07-10,DO 0.001%,99.47,93.81789023280143
2024-07-10,DO 0.05%,99.09,97.45858028113842
2024-07-11,DO 0.001%,100.41,94.40994191765785
2024-07-11,DO 0.05%,100.1,96.74451240718365
2024-07-12,DO 0.001%,100.72,93.61469984650611
2024-07-12,DO 0.05%,100.45,96.77807840406895
2024-07-15,DO 0.001%,99.66,93.03276329040527
2024-07-15,DO 0.05%,99.36,96.51850486159326
2024-07-16,DO 0.001%,99.13,93.21386493444443
2024-07-16,DO 0.05%,98.77,96.71942249536515
2024-07-17,DO 0.001%,98.14,93.33267774581908
2024-07-17,DO 0.05%,97.86,96.41739269196988
2024-07-18,DO 0.001%,99.76,93.02694516777991
2024-07-18,DO 0.05%,99.55,96.73999143958092
2024-07-19,DO 0.001%,98.79,92.74044849872588
2024-07-19,DO 0.05%,98.55,96.64933874726296
2024-07-22,DO 0.001%,96.71,93.51271401643753
2024-07-22,DO 0.05%,96.49,96.93688395380974
2024-07-23,DO 0.001%,97.01,93.53245893716812
2024-07-23,DO 0.05%,96.83,96.88850668370725
2024-07-24,DO 0.001%,96.31,92.71205629706382
2024-07-24,DO 0.05%,96.13,96.85852829337121
2024-07-25,DO 0.001%,96.57,92.42673153877259
2024-07-25,DO 0.05%,96.38,96.5551451164484
2024-07-26,DO 0.001%,97.8,91.85853238105774
2024-07-26,DO 0.05%,97.35,96.21368080854417
2024-07-29,DO 0.001%,96.53,92.8383503973484
2024-07-29,DO 0.05%,96.1,96.20428886294366
2024-07-30,DO 0.001%,94.57,91.77616717815398
2024-07-30,DO 0.05%,94.2,96.28066113114357
2024-07-31,DO 0.001%,95.13,91.75599018931389
2024-07-31,DO 0.05%,94.76,96.11487287402153
2024-08-01,DO 0.001%,96.76,91.71606236100196
2024-08-01,DO 0.05%,96.2,96.32466910481453
2024-08-02,DO 0.001%,95.25,91.62506763339043
2024-08-02,DO 0.05%,94.28,96.03166956961155
2024-08-05,DO 0.001%,90.96,91.53866584897041
2024-08-05,DO 0.05%,89.79,95.90890342354776
2024-08-06,DO 0.001%,91.32,90.9416897714138
2024-08-06,DO 0.05%,89.93,96.27112334787846
2024-08-07,DO 0.001%,91.37,91.24905000329018
2024-08-07,DO 0.05%,89.44,96.19212016820909
2024-08-08,DO 0.001%,92.84,90.9532135605812
2024-08-08,DO 0.05%,91.32,96.15758580923081
2024-08-09,DO 0.001%,92.84,91.2588396012783
2024-08-09,DO 0.05%,91.32,96.14571462333203
2024-08-12,DO 0.001%,93.65,91.02581875920295
2024-08-12,DO 0.05%,91.88,96.26507400155067
2024-08-13,DO 0.001%,95.84,90.67232785820961
2024-08-13,DO 0.05%,94.14,95.70234478890896
2024-08-14,DO 0.001%,95.36,90.44133714437484
2024-08-14,DO 0.05%,93.48,95.96855102837087
2024-08-15,DO 0.001%,94.48,90.44733874797821
2024-08-15,DO 0.05%,92.65,95.38479202449322
2024-08-16,DO 0.001%,94.49,90.75599518418312
2024-08-16,DO 0.05%,92.64,95.88840448141099
2024-08-19,DO 0.001%,92.19,89.42856357693672
2024-08-19,DO 0.05%,90.53,95.4712737596035
2024-08-20,DO 0.001%,89.37,89.38770058751106
2024-08-20,DO 0.05%,87.73,95.9785963267088
2024-08-21,DO 0.001%,90.43,89.1959096968174
2024-08-21,DO 0.05%,88.9,95.76492664754392
2024-06-27,DO 0.001%,102.61,101.70896726131438
2024-06-27,DO 0.05%,102.36,101.32059171676634
2024-06-28,DO 0.001%,103.22,101.68155519008636
2024-06-28,DO 0.05%,103.02,101.31586181640624
2024-07-01,DO 0.001%,101.78,101.54249201536177
2024-07-01,DO 0.05%,101.58,101.19762634277343
2024-07-02,DO 0.001%,103.9,101.46947359323501
2024-07-02,DO 0.05%,103.58,101.07732078552246
2024-07-03,DO 0.001%,103.17,101.37468960046768
2024-07-03,DO 0.05%,102.75,101.01591632843017
2024-07-04,DO 0.001%,102.49,101.36653354406356
2024-07-04,DO 0.05%,102.05,100.92025319099426
2024-07-05,DO 0.001%,103.55,100.9573432290554
2024-07-05,DO 0.05%,103.22,100.64263331413268
2024-07-08,DO 0.001%,101.58,100.95383829653262
2024-07-08,DO 0.05%,101.29,100.58740300178528
2024-07-09,DO 0.001%,100.78,100.68976184010505
2024-07-09,DO 0.05%,100.42,100.30996365547179
2024-07-10,DO 0.001%,99.47,100.78339964151382
2024-07-10,DO 0.05%,99.09,100.34463153839111
2024-07-11,DO 0.001%,100.41,100.89585911154747
2024-07-11,DO 0.05%,100.1,100.45937675476074
2024-07-12,DO 0.001%,100.72,100.43969304859638
2024-07-12,DO 0.05%,100.45,100.14784722328186
2024-07-15,DO 0.001%,99.66,100.20904315173625
2024-07-15,DO 0.05%,99.36,99.9649517250061
2024-07-16,DO 0.001%,99.13,100.186185683012
2024-07-16,DO 0.05%,98.77,99.91836280822753
2024-07-17,DO 0.001%,98.14,99.74658510148525
2024-07-17,DO 0.05%,97.86,99.59400357246399
2024-07-18,DO 0.001%,99.76,99.96482596874236
2024-07-18,DO 0.05%,99.55,99.65849510192871
2024-07-19,DO 0.001%,98.79,99.75523582994937
2024-07-19,DO 0.05%,98.55,99.54955695152282
2024-07-22,DO 0.001%,96.71,99.45287054955959
2024-07-22,DO 0.05%,96.49,99.30582265853882
2024-07-23,DO 0.001%,97.01,99.60916882276534
2024-07-23,DO 0.05%,96.83,99.38738034248351
2024-07-24,DO 0.001%,96.31,99.30558495998382
2024-07-24,DO 0.05%,96.13,99.14383861541748
2024-07-25,DO 0.001%,96.57,99.11823093354701
2024-07-25,DO 0.05%,96.38,99.0516898059845
2024-07-26,DO 0.001%,97.8,99.00034213602542
2024-07-26,DO 0.05%,97.35,98.9112972164154
2024-07-29,DO 0.001%,96.53,99.17462354838848
2024-07-29,DO 0.05%,96.1,98.95225358009338
2024-07-30,DO 0.001%,94.57,98.76141553103923
2024-07-30,DO 0.05%,94.2,98.64659129142761
2024-07-31,DO 0.001%,95.13,99.00496309697627
2024-07-31,DO 0.05%,94.76,98.76796799659728
2024-08-01,DO 0.001%,96.76,98.81474359214305
2024-08-01,DO 0.05%,96.2,98.63544052124023
2024-08-02,DO 0.001%,95.25,98.89132727265357
2024-08-02,DO 0.05%,94.28,98.59043425559997
2024-08-05,DO 0.001%,90.96,98.60316873252391
2024-08-05,DO 0.05%,89.79,98.37249777793883
2024-08-06,DO 0.001%,91.32,98.26907204926013
2024-08-06,DO 0.05%,89.93,98.15578890800475
2024-08-07,DO 0.001%,91.37,98.39742738366127
2024-08-07,DO 0.05%,89.44,98.2235119342804
2024-08-08,DO 0.001%,92.84,98.1407287800312
2024-08-08,DO 0.05%,91.32,97.949003200531
2024-08-09,DO 0.001%,92.84,98.19917247414588
2024-08-09,DO 0.05%,91.32,97.95257770538329
2024-08-12,DO 0.001%,93.65,97.8608650457859
2024-08-12,DO 0.05%,91.88,97.73314282417297
2024-08-13,DO 0.001%,95.84,97.87291212022303
2024-08-13,DO 0.05%,94.14,97.70801898956299
2024-08-14,DO 0.001%,95.36,97.76236497998237
2024-08-14,DO 0.05%,93.48,97.66398157119751
2024-08-15,DO 0.001%,94.48,97.8806760585308
2024-08-15,DO 0.05%,92.65,97.78282483100891
2024-08-16,DO 0.001%,94.49,97.56570870578288
2024-08-16,DO 0.05%,92.64,97.48972145080566
2024-08-19,DO 0.001%,92.19,97.37637599110603
2024-08-19,DO 0.05%,90.53,97.3457904624939
2024-08-20,DO 0.001%,89.37,97.34232204258441
2024-08-20,DO 0.05%,87.73,97.32545670509337
2024-08-21,DO 0.001%,90.43,97.1647770011425
2024-08-21,DO 0.05%,88.9,97.09234964370727
2024-08-22,DO 0.001%,88.73,97.13145299553871
2024-08-22,DO 0.05%,87.26,96.99929216384886
2024-08-23,DO 0.001%,90.15,97.06753171324729
2024-08-23,DO 0.05%,88.58,96.98312264442443
2024-08-26,DO 0.001%,92.15,96.72722749888896
2024-08-26,DO 0.05%,90.62,96.65316094398499
2024-08-27,DO 0.001%,92.83,96.71226065278053
2024-08-27,DO 0.05%,91.33,96.71476398468018
2024-08-28,DO 0.001%,89.04,96.75564701199531
2024-08-28,DO 0.05%,87.54,96.6933169555664
2024-08-29,DO 0.001%,88.29,96.6531413090229
2024-08-29,DO 0.05%,86.79,96.63223745346069
2024-08-30,DO 0.001%,90.99,96.48779415667056
2024-08-30,DO 0.05%,89.5,96.45090053558349
2024-09-02,DO 0.001%,88.31,96.48342656433582
2024-09-02,DO 0.05%,86.86,96.49910820960999
2024-09-03,DO 0.001%,89.01,96.33397527635097
2024-09-03,DO 0.05%,87.61,96.33587850570679
2024-09-04,DO 0.001%,85.52,96.15462045907974
2024-09-04,DO 0.05%,84.07,96.20082962036132
2024-09-05,DO 0.001%,85.16,96.0629975414276
2024-09-05,DO 0.05%,83.81,96.12468183517456
2024-09-06,DO 0.001%,84.77,96.07973193526267
2024-09-06,DO 0.05%,83.44,96.14036392211914
2024-09-09,DO 0.001%,84.01,95.86076112508773
2024-09-09,DO 0.05%,82.66,95.90022820472717
2024-09-10,DO 0.001%,82.8,95.8146058088541
2024-09-10,DO 0.05%,81.43,95.86389342308044
2024-09-11,DO 0.001%,81.22,95.7268678766489
2024-09-11,DO 0.05%,79.91,95.83753596305847
2024-09-12,DO 0.001%,82.68,95.5498054420948
2024-09-12,DO 0.05%,81.37,95.69158303260802
2024-09-13,DO 0.001%,82.93,95.44374051332473
2024-09-13,DO 0.05%,81.89,95.5375423336029
2024-09-16,DO 0.001%,81.84,95.20752253949641
2024-09-16,DO 0.05%,81.1,95.36094133377074
2024-09-17,DO 0.001%,82.16,95.40854037344455
2024-09-17,DO 0.05%,81.45,95.47791911125182
2024-09-18,DO 0.001%,83.47,95.03716230809688
2024-09-18,DO 0.05%,82.86,95.25492777824401
2024-07-25,DO 0.001%,96.57,96.364890884161
2024-07-25,DO 0.05%,96.38,95.76088663816452
2024-07-26,DO 0.001%,97.8,96.38983919858933
2024-07-26,DO 0.05%,97.35,95.71736884891986
2024-07-29,DO 0.001%,96.53,96.50033279180526
2024-07-29,DO 0.05%,96.1,95.88717703878879
2024-07-30,DO 0.001%,94.57,96.43695741415024
2024-07-30,DO 0.05%,94.2,95.44310077548026
2024-07-31,DO 0.001%,95.13,96.43389197468758
2024-07-31,DO 0.05%,94.76,95.43162972688674
2024-08-01,DO 0.001%,96.76,96.41754296422005
2024-08-01,DO 0.05%,96.2,95.16888427019119
2024-08-02,DO 0.001%,95.25,96.34221581697464
2024-08-02,DO 0.05%,94.28,95.14190266788006
2024-08-05,DO 0.001%,90.96,96.38920774102212
2024-08-05,DO 0.05%,89.79,95.04729230105876
2024-08-06,DO 0.001%,91.32,96.30919632673263
2024-08-06,DO 0.05%,89.93,94.84527120649814
2024-08-07,DO 0.001%,91.37,96.41796776294709
2024-08-07,DO 0.05%,89.44,94.52356043457985
2024-08-08,DO 0.001%,92.84,96.38853035926819
2024-08-08,DO 0.05%,91.32,94.34623475432396
2024-08-09,DO 0.001%,92.84,96.32128586888314
2024-08-09,DO 0.05%,91.32,94.36754386007786
2024-08-12,DO 0.001%,93.65,96.36977032899857
2024-08-12,DO 0.05%,91.88,94.37080984294414
2024-08-13,DO 0.001%,95.84,96.4293569612503
2024-08-13,DO 0.05%,94.14,94.4663541662693
2024-08-14,DO 0.001%,95.36,96.4709872364998
2024-08-14,DO 0.05%,93.48,94.43701188862323
2024-08-15,DO 0.001%,94.48,96.44142354130746
2024-08-15,DO 0.05%,92.65,94.27575255215167
2024-08-16,DO 0.001%,94.49,96.39021807312966
2024-08-16,DO 0.05%,92.64,94.29160689353942
2024-08-19,DO 0.001%,92.19,96.32849596619606
2024-08-19,DO 0.05%,90.53,94.28304658055305
2024-08-20,DO 0.001%,89.37,96.4459241116047
2024-08-20,DO 0.05%,87.73,93.88161144793033
2024-08-21,DO 0.001%,90.43,96.3147646343708
2024-08-21,DO 0.05%,88.9,94.05013043403625
2024-08-22,DO 0.001%,88.73,96.4589895427227
2024-08-22,DO 0.05%,87.26,93.98697663903236
2024-08-23,DO 0.001%,90.15,96.25388064384461
2024-08-23,DO 0.05%,88.58,94.12731649577617
2024-08-26,DO 0.001%,92.15,96.40676226139068
2024-08-26,DO 0.05%,90.62,93.88639009654521
2024-08-27,DO 0.001%,92.83,96.41373125672341
2024-08-27,DO 0.05%,91.33,93.68631713211536
2024-08-28,DO 0.001%,89.04,96.3266130745411
2024-08-28,DO 0.05%,87.54,93.63991152644157
2024-08-29,DO 0.001%,88.29,96.4770262670517
2024-08-29,DO 0.05%,86.79,93.45128096163272
2024-08-30,DO 0.001%,90.99,96.2285764169693
2024-08-30,DO 0.05%,89.5,93.58730055332184
2024-09-02,DO 0.001%,88.31,96.32120550155639
2024-09-02,DO 0.05%,86.86,93.40686932444572
2024-09-03,DO 0.001%,89.01,96.37150396704673
2024-09-03,DO 0.05%,87.61,93.34064435958862
2024-09-04,DO 0.001%,85.52,96.3447875714302
2024-09-04,DO 0.05%,84.07,93.30815642476081
2024-09-05,DO 0.001%,85.16,96.29576924264431
2024-09-05,DO 0.05%,83.81,93.21858254730701
2024-09-06,DO 0.001%,84.77,96.29836969971657
2024-09-06,DO 0.05%,83.44,93.22697669625282
2024-09-09,DO 0.001%,84.01,96.37018364667892
2024-09-09,DO 0.05%,82.66,93.05054486393928
2024-09-10,DO 0.001%,82.8,96.33582087397576
2024-09-10,DO 0.05%,81.43,93.25394110918045
2024-09-11,DO 0.001%,81.22,96.40859922885895
2024-09-11,DO 0.05%,79.91,92.84059946358204
2024-09-12,DO 0.001%,82.68,96.33661306619645
2024-09-12,DO 0.05%,81.37,92.87258317649363
2024-09-13,DO 0.001%,82.93,96.28563147842884
2024-09-13,DO 0.05%,81.89,92.79343752503395
2024-09-16,DO 0.001%,81.84,96.3596325647831
2024-09-16,DO 0.05%,81.1,92.86525476932525
2024-09-17,DO 0.001%,82.16,96.34467276096345
2024-09-17,DO 0.05%,81.45,92.91404396951198
2024-09-18,DO 0.001%,83.47,96.28714123606682
2024-09-18,DO 0.05%,82.86,92.6682587045431
2024-09-19,DO 0.001%,84.96,96.33645233154297
2024-09-19,DO 0.05%,84.46,92.69907353937626
2024-09-20,DO 0.001%,84.32,96.36696895360947
2024-09-20,DO 0.05%,83.81,92.56793000280857
2024-09-23,DO 0.001%,84.39,96.38587823748588
2024-09-23,DO 0.05%,83.88,92.41622796356677
2024-09-24,DO 0.001%,84.98,96.32107921004295
2024-09-24,DO 0.05%,84.47,92.46388266444205
2024-09-25,DO 0.001%,86.23,96.35036736011506
2024-09-25,DO 0.05%,85.61,92.30217067420482
2024-09-26,DO 0.001%,83.26,96.29048222064972
2024-09-26,DO 0.05%,82.6,92.38403224825859
2024-09-27,DO 0.001%,84.23,96.3966819024086
2024-09-27,DO 0.05%,83.41,92.35017489254474
2024-09-30,DO 0.001%,84.66,96.41043619632721
2024-09-30,DO 0.05%,83.82,92.19430156290531
2024-10-01,DO 0.001%,83.05,96.43904696464539
2024-10-01,DO 0.05%,82.4,92.11756815493106
2024-10-02,DO 0.001%,87.45,96.46864510297776
2024-10-02,DO 0.05%,86.86,92.18303678691387
2024-10-03,DO 0.001%,86.45,96.45308828473091
2024-10-03,DO 0.05%,85.92,91.85787667870521
2024-10-04,DO 0.001%,90.98,96.36377722263336
2024-10-04,DO 0.05%,90.45,91.67727355599403
2024-10-07,DO 0.001%,91.76,96.36104473352432
2024-10-07,DO 0.05%,91.25,91.73739628970623
2024-10-08,DO 0.001%,92.38,96.41444308161736
2024-10-08,DO 0.05%,91.89,91.63646595954894
2024-10-09,DO 0.001%,90.87,96.40923068642617
2024-10-09,DO 0.05%,90.36,91.41693461298942
2024-10-10,DO 0.001%,90.38,96.39396089434624
2024-10-10,DO 0.05%,89.86,91.47608328163624
2024-10-11,DO 0.001%,91.86,96.41993102192879
2024-10-11,DO 0.05%,91.29,91.32737792491912
2024-10-14,DO 0.001%,90.97,96.46730182051658
2024-10-14,DO 0.05%,90.35,91.25232334673404
2024-10-15,DO 0.001%,86.8,96.50707216620445
2024-10-15,DO 0.05%,86.22,91.12996931493282
2024-10-16,DO 0.001%,86.0,96.50654403805733
2024-10-16,DO 0.05%,85.48,91.03232215702533
2024-08-22,DO 0.001%,88.73,90.27531640172005
2024-08-22,DO 0.05%,87.26,88.77890531420708
2024-08-23,DO 0.001%,90.15,90.4571874022484
2024-08-23,DO 0.05%,88.58,89.03629709482193
2024-08-26,DO 0.001%,92.15,90.37530179262161
2024-08-26,DO 0.05%,90.62,88.83549706339836
2024-08-27,DO 0.001%,92.83,90.07807298421861
2024-08-27,DO 0.05%,91.33,88.31791570782661
2024-08-28,DO 0.001%,89.04,90.19290256738664
2024-08-28,DO 0.05%,87.54,88.49506695866586
2024-08-29,DO 0.001%,88.29,89.92747504234315
2024-08-29,DO 0.05%,86.79,88.16235728263855
2024-08-30,DO 0.001%,90.99,89.93996917366982
2024-08-30,DO 0.05%,89.5,88.08771764039994
2024-09-02,DO 0.001%,88.31,89.87695951223374
2024-09-02,DO 0.05%,86.86,87.9575089275837
2024-09-03,DO 0.001%,89.01,89.89879998683931
2024-09-03,DO 0.05%,87.61,87.99790738224983
2024-09-04,DO 0.001%,85.52,89.8122627657652
2024-09-04,DO 0.05%,84.07,87.75152661800385
2024-09-05,DO 0.001%,85.16,89.73756209015846
2024-09-05,DO 0.05%,83.81,87.69870765209198
2024-09-06,DO 0.001%,84.77,89.80672718644144
2024-09-06,DO 0.05%,83.44,87.67592788338662
2024-09-09,DO 0.001%,84.01,89.57975765407086
2024-09-09,DO 0.05%,82.66,87.46132434010507
2024-09-10,DO 0.001%,82.8,89.71330148398877
2024-09-10,DO 0.05%,81.43,87.48445383310319
2024-09-11,DO 0.001%,81.22,89.7608740478754
2024-09-11,DO 0.05%,79.91,87.5781375527382
2024-09-12,DO 0.001%,82.68,89.50112763345243
2024-09-12,DO 0.05%,81.37,87.21921445131302
2024-09-13,DO 0.001%,82.93,89.69098668515683
2024-09-13,DO 0.05%,81.89,87.43727284669876
2024-09-16,DO 0.001%,81.84,89.35176940262318
2024-09-16,DO 0.05%,81.1,86.85678350925446
2024-09-17,DO 0.001%,82.16,89.54147214293481
2024-09-17,DO 0.05%,81.45,87.24429922103883
2024-09-18,DO 0.001%,83.47,89.53975271761418
2024-09-18,DO 0.05%,82.86,87.07324694991112
2024-09-19,DO 0.001%,84.96,89.60729540944101
2024-09-19,DO 0.05%,84.46,87.23549782633782
2024-09-20,DO 0.001%,84.32,89.62013989388943
2024-09-20,DO 0.05%,83.81,87.05060495138169
2024-09-23,DO 0.001%,84.39,89.6637507724762
2024-09-23,DO 0.05%,83.88,87.21650143861771
2024-09-24,DO 0.001%,84.98,89.57221697688104
2024-09-24,DO 0.05%,84.47,86.98891570568085
2024-09-25,DO 0.001%,86.23,89.55825136244297
2024-09-25,DO 0.05%,85.61,86.93204311728478
2024-09-26,DO 0.001%,83.26,89.35280429184438
2024-09-26,DO 0.05%,82.6,86.64095063209534
2024-09-27,DO 0.001%,84.23,89.27705255687238
2024-09-27,DO 0.05%,83.41,86.54530103802682
2024-09-30,DO 0.001%,84.66,89.03536280333996
2024-09-30,DO 0.05%,83.82,86.15419800281525
2024-10-01,DO 0.001%,83.05,89.00232180893421
2024-10-01,DO 0.05%,82.4,86.11928915977478
2024-10-02,DO 0.001%,87.45,88.96078070878983
2024-10-02,DO 0.05%,86.86,86.09023554921151
2024-10-03,DO 0.001%,86.45,88.70796050608159
2024-10-03,DO 0.05%,85.92,85.78338957428933
2024-10-04,DO 0.001%,90.98,88.67598135113717
2024-10-04,DO 0.05%,90.45,85.52317880392076
2024-10-07,DO 0.001%,91.76,88.65028160214425
2024-10-07,DO 0.05%,91.25,85.58426927924157
2024-10-08,DO 0.001%,92.38,88.54527807652951
2024-10-08,DO 0.05%,91.89,85.32226219773293
2024-10-09,DO 0.001%,90.87,88.7528542160988
2024-10-09,DO 0.05%,90.36,85.59222285747529
2024-10-10,DO 0.001%,90.38,88.69073391258718
2024-10-10,DO 0.05%,89.86,85.51705862879754
2024-10-11,DO 0.001%,91.86,88.64905267119408
2024-10-11,DO 0.05%,91.29,85.40343002676964
2024-10-14,DO 0.001%,90.97,88.48687151610852
2024-10-14,DO 0.05%,90.35,85.13115376830102
2024-10-15,DO 0.001%,86.8,88.4854108130932
2024-10-15,DO 0.05%,86.22,85.08272755146027
2024-10-16,DO 0.001%,86.0,88.22552964746953
2024-10-16,DO 0.05%,85.48,84.78324168324471
2024-10-17,DO 0.001%,86.14,88.28920767486096
2024-10-17,DO 0.05%,85.51,84.76200388073921
2024-10-18,DO 0.001%,86.42,88.13170508146287
2024-10-18,DO 0.05%,85.79,84.54474561214448
2024-10-21,DO 0.001%,85.74,88.27076832056046
2024-10-21,DO 0.05%,85.24,84.76056259274483
2024-10-22,DO 0.001%,85.81,88.28402783870698
2024-10-22,DO 0.05%,85.35,84.83004645109177
2024-10-23,DO 0.001%,88.12,88.2633408343792
2024-10-23,DO 0.05%,87.78,84.54354277253151
2024-10-24,DO 0.001%,88.64,87.93088267207146
2024-10-24,DO 0.05%,88.3,84.09565193057061
2024-10-25,DO 0.001%,87.02,88.06881400108338
2024-10-25,DO 0.05%,86.62,84.21167031526566
2024-10-28,DO 0.001%,85.69,88.04044617831708
2024-10-28,DO 0.05%,85.37,84.33490573763848
2024-10-29,DO 0.001%,85.33,87.69130581736566
2024-10-29,DO 0.05%,85.08,83.67144696116448
2024-10-30,DO 0.001%,86.28,87.7480091226101
2024-10-30,DO 0.05%,86.0,83.75055353641511
2024-10-31,DO 0.001%,86.28,87.64639054715634
2024-10-31,DO 0.05%,86.0,83.58489019870758
2024-11-01,DO 0.001%,90.87,87.73655527055264
2024-11-01,DO 0.05%,90.6,83.77240600585938
2024-11-04,DO 0.001%,91.02,87.36275004982949
2024-11-04,DO 0.05%,90.75,83.21869707107544
2024-11-05,DO 0.001%,91.47,87.34707040011884
2024-11-05,DO 0.05%,91.13,83.1978089928627
2024-11-06,DO 0.001%,90.57,87.46835187077522
2024-11-06,DO 0.05%,90.29,83.27558025717735
2024-11-07,DO 0.001%,90.13,87.43531087636948
2024-11-07,DO 0.05%,89.92,83.15998048186303
2024-11-08,DO 0.001%,90.21,87.28834582686424
2024-11-08,DO 0.05%,89.97,82.8938720881939
2024-11-11,DO 0.001%,89.16,87.0583309173584
2024-11-11,DO 0.05%,89.0,82.6343766629696
2024-11-12,DO 0.001%,87.15,87.22470013976098
2024-11-12,DO 0.05%,87.0,82.8658994436264
2024-11-13,DO 0.001%,87.42,86.91223905563355
2024-11-13,DO 0.05%,87.3,82.41387019753456
2024-09-19,DO 0.001%,84.96,83.37356072902679
2024-09-19,DO 0.05%,84.46,82.84897650718689
2024-09-20,DO 0.001%,84.32,83.5723398578167
2024-09-20,DO 0.05%,83.81,82.9821177792549
2024-09-23,DO 0.001%,84.39,83.50613985061645
2024-09-23,DO 0.05%,83.88,82.97385015964508
2024-09-24,DO 0.001%,84.98,83.4417060393095
2024-09-24,DO 0.05%,84.47,82.92321716308594
2024-09-25,DO 0.001%,86.23,83.54531457304954
2024-09-25,DO 0.05%,85.61,83.03846007585526
2024-09-26,DO 0.001%,83.26,83.05289418280124
2024-09-26,DO 0.05%,82.6,82.63602850556373
2024-09-27,DO 0.001%,84.23,83.0317396336794
2024-09-27,DO 0.05%,83.41,82.55679962038994
2024-09-30,DO 0.001%,84.66,82.97817663371563
2024-09-30,DO 0.05%,83.82,82.57633767485619
2024-10-01,DO 0.001%,83.05,82.73515305399894
2024-10-01,DO 0.05%,82.4,82.37959401011467
2024-10-02,DO 0.001%,87.45,82.54903580844402
2024-10-02,DO 0.05%,86.86,82.26799102306366
2024-10-03,DO 0.001%,86.45,82.58803639888764
2024-10-03,DO 0.05%,85.92,82.32231333374978
2024-10-04,DO 0.001%,90.98,82.54935422122479
2024-10-04,DO 0.05%,90.45,82.29611772179604
2024-10-07,DO 0.001%,91.76,82.39431207299232
2024-10-07,DO 0.05%,91.25,82.1855667078495
2024-10-08,DO 0.001%,92.38,82.08985472738743
2024-10-08,DO 0.05%,91.89,81.91960518836974
2024-10-09,DO 0.001%,90.87,82.11491978347301
2024-10-09,DO 0.05%,90.36,81.92923592805862
2024-10-10,DO 0.001%,90.38,82.16458222687244
2024-10-10,DO 0.05%,89.86,81.9838101196289
2024-10-11,DO 0.001%,91.86,81.7947109556198
2024-10-11,DO 0.05%,91.29,81.68265935897827
2024-10-14,DO 0.001%,90.97,81.8321543085575
2024-10-14,DO 0.05%,90.35,81.757354388237
2024-10-15,DO 0.001%,86.8,81.67710220992565
2024-10-15,DO 0.05%,86.22,81.59454056024552
2024-10-16,DO 0.001%,86.0,81.6301761263609
2024-10-16,DO 0.05%,85.48,81.54924645066261
2024-10-17,DO 0.001%,86.14,81.64686294615268
2024-10-17,DO 0.05%,85.51,81.61920019268989
2024-10-18,DO 0.001%,86.42,81.52459741353988
2024-10-18,DO 0.05%,85.79,81.54331490278244
2024-10-21,DO 0.001%,85.74,81.43959115147591
2024-10-21,DO 0.05%,85.24,81.43436407327651
2024-10-22,DO 0.001%,85.81,81.23220990240574
2024-10-22,DO 0.05%,85.35,81.2413047838211
2024-10-23,DO 0.001%,88.12,81.19870690762997
2024-10-23,DO 0.05%,87.78,81.26418149471283
2024-10-24,DO 0.001%,88.64,81.15832818686962
2024-10-24,DO 0.05%,88.3,81.19985309243202
2024-10-25,DO 0.001%,87.02,81.03843084931374
2024-10-25,DO 0.05%,86.62,81.20424866080285
2024-10-28,DO 0.001%,85.69,80.67209196984768
2024-10-28,DO 0.05%,85.37,80.87376118540764
2024-10-29,DO 0.001%,85.33,80.48502943634986
2024-10-29,DO 0.05%,85.08,80.72403528571128
2024-10-30,DO 0.001%,86.28,80.7034407031536
2024-10-30,DO 0.05%,86.0,80.90770583868027
2024-10-31,DO 0.001%,86.28,80.4522428703308
2024-10-31,DO 0.05%,86.0,80.64701406240464
2024-11-01,DO 0.001%,90.87,80.2060898900032
2024-11-01,DO 0.05%,90.6,80.40607271075248
2024-11-04,DO 0.001%,91.02,80.62822563409806
2024-11-04,DO 0.05%,90.75,80.8324922311306
2024-11-05,DO 0.001%,91.47,80.2227568089962
2024-11-05,DO 0.05%,91.13,80.54136237859726
2024-11-06,DO 0.001%,90.57,80.10887946307659
2024-11-06,DO 0.05%,90.29,80.38918187499046
2024-11-07,DO 0.001%,90.13,80.10787944793701
2024-11-07,DO 0.05%,89.92,80.41957056283951
2024-11-08,DO 0.001%,90.21,79.95948914170265
2024-11-08,DO 0.05%,89.97,80.3010334432125
2024-11-11,DO 0.001%,89.16,80.01691289663314
2024-11-11,DO 0.05%,89.0,80.36427036166191
2024-11-12,DO 0.001%,87.15,80.03346538603306
2024-11-12,DO 0.05%,87.0,80.3933551955223
2024-11-13,DO 0.001%,87.42,79.59849362671375
2024-11-13,DO 0.05%,87.3,79.96902974367141
2024-11-14,DO 0.001%,87.85,79.5557168596983
2024-11-14,DO 0.05%,87.75,79.91616932988167
2024-11-15,DO 0.001%,86.5,79.35656956613063
2024-11-15,DO 0.05%,86.46,79.88296550273895
2024-11-18,DO 0.001%,87.24,79.23854290366172
2024-11-18,DO 0.05%,87.2,79.81333772420884
2024-11-19,DO 0.001%,89.91,79.0906849437952
2024-11-19,DO 0.05%,89.88,79.68999017357827
2024-11-20,DO 0.001%,89.75,79.28681726634503
2024-11-20,DO 0.05%,89.72,79.80435397267341
2024-11-21,DO 0.001%,89.94,79.22847309947014
2024-11-21,DO 0.05%,89.91,79.77684956789017
2024-11-22,DO 0.001%,91.23,78.74572449743748
2024-11-22,DO 0.05%,91.2,79.38009766459464
2024-11-25,DO 0.001%,90.01,78.60451837956906
2024-11-25,DO 0.05%,89.94,79.22541810750961
2024-11-26,DO 0.001%,89.31,78.71865941107274
2024-11-26,DO 0.05%,89.28,79.320115442276
2024-11-27,DO 0.001%,88.4,78.55331362426281
2024-11-27,DO 0.05%,88.33,79.20987557530403
2024-11-28,DO 0.001%,87.58,78.61547376930713
2024-11-28,DO 0.05%,87.45,79.2528583073616
2024-11-29,DO 0.001%,88.1,78.4927405679226
2024-11-29,DO 0.05%,87.97,79.19090054869652
2024-12-02,DO 0.001%,87.71,78.60960303366184
2024-12-02,DO 0.05%,87.58,79.27577946782112
2024-12-03,DO 0.001%,87.2,78.46207841217517
2024-12-03,DO 0.05%,87.08,79.13448910832405
2024-12-04,DO 0.001%,88.1,78.17095957696438
2024-12-04,DO 0.05%,87.92,78.9035538482666
2024-12-05,DO 0.001%,86.86,78.38773897826671
2024-12-05,DO 0.05%,86.68,79.1232087957859
2024-12-06,DO 0.001%,86.46,78.29314550638199
2024-12-06,DO 0.05%,86.35,79.00605455160141
2024-12-09,DO 0.001%,86.98,78.32389224052429
2024-12-09,DO 0.05%,86.86,79.10694025397301
2024-12-10,DO 0.001%,87.18,77.92732404768466
2024-12-10,DO 0.05%,87.06,78.75911744713783
2024-12-11,DO 0.001%,87.54,77.75448063492775
2024-12-11,DO 0.05%,87.42,78.5204035127163
2024-10-17,DO 0.001%,86.14,86.12045073509216
2024-10-17,DO 0.05%,85.51,85.60844507694244
2024-10-18,DO 0.001%,86.42,85.99133706092834
2024-10-18,DO 0.05%,85.79,85.48301624298097
2024-10-21,DO 0.001%,85.74,85.79432439804077
2024-10-21,DO 0.05%,85.24,85.17073828935624
2024-10-22,DO 0.001%,85.81,86.01839208602905
2024-10-22,DO 0.05%,85.35,85.4028972887993
2024-10-23,DO 0.001%,88.12,85.88557231426239
2024-10-23,DO 0.05%,87.78,85.23120580911636
2024-10-24,DO 0.001%,88.64,85.9054868221283
2024-10-24,DO 0.05%,88.3,85.2705035829544
2024-10-25,DO 0.001%,87.02,85.95548582077026
2024-10-25,DO 0.05%,86.62,85.33144493818284
2024-10-28,DO 0.001%,85.69,85.6378173828125
2024-10-28,DO 0.05%,85.37,84.98199382781984
2024-10-29,DO 0.001%,85.33,85.5399876832962
2024-10-29,DO 0.05%,85.08,84.88551990747452
2024-10-30,DO 0.001%,86.28,85.59214472770691
2024-10-30,DO 0.05%,86.0,84.88862276554109
2024-10-31,DO 0.001%,86.28,85.41797351837158
2024-10-31,DO 0.05%,86.0,84.69132888555527
2024-11-01,DO 0.001%,90.87,85.49190580844879
2024-11-01,DO 0.05%,90.6,84.76002483844758
2024-11-04,DO 0.001%,91.02,85.13643825054169
2024-11-04,DO 0.05%,90.75,84.42147703886033
2024-11-05,DO 0.001%,91.47,85.03411817550659
2024-11-05,DO 0.05%,91.13,84.26593672513962
2024-11-06,DO 0.001%,90.57,85.17546761035919
2024-11-06,DO 0.05%,90.29,84.35210854530335
2024-11-07,DO 0.001%,90.13,84.90739321708679
2024-11-07,DO 0.05%,89.92,84.07250485897065
2024-11-08,DO 0.001%,90.21,84.98772275447845
2024-11-08,DO 0.05%,89.97,84.13897938966751
2024-11-11,DO 0.001%,89.16,84.61665678024292
2024-11-11,DO 0.05%,89.0,83.8127411222458
2024-11-12,DO 0.001%,87.15,84.67024910449982
2024-11-12,DO 0.05%,87.0,83.77792185783386
2024-11-13,DO 0.001%,87.42,84.36873781681061
2024-11-13,DO 0.05%,87.3,83.4457173395157
2024-11-14,DO 0.001%,87.85,84.34928464889526
2024-11-14,DO 0.05%,87.75,83.4368826007843
2024-11-15,DO 0.001%,86.5,84.28687047958374
2024-11-15,DO 0.05%,86.46,83.41242657661438
2024-11-18,DO 0.001%,87.24,83.82621741294861
2024-11-18,DO 0.05%,87.2,82.9629095673561
2024-11-19,DO 0.001%,89.91,83.75179302692413
2024-11-19,DO 0.05%,89.88,82.80944292068482
2024-11-20,DO 0.001%,89.75,83.60909032821655
2024-11-20,DO 0.05%,89.72,82.6404874587059
2024-11-21,DO 0.001%,89.94,83.43798446655273
2024-11-21,DO 0.05%,89.91,82.43139864206314
2024-11-22,DO 0.001%,91.23,83.39938056468964
2024-11-22,DO 0.05%,91.2,82.42693541765213
2024-11-25,DO 0.001%,90.01,83.44998955726624
2024-11-25,DO 0.05%,89.94,82.48714309215546
2024-11-26,DO 0.001%,89.31,83.33283483982086
2024-11-26,DO 0.05%,89.28,82.30337645053864
2024-11-27,DO 0.001%,88.4,83.02063584327698
2024-11-27,DO 0.05%,88.33,82.00158401727677
2024-11-28,DO 0.001%,87.58,83.11359584331512
2024-11-28,DO 0.05%,87.45,82.05635022640229
2024-11-29,DO 0.001%,88.1,83.13559150695801
2024-11-29,DO 0.05%,87.97,82.05635532140732
2024-12-02,DO 0.001%,87.71,82.8502424955368
2024-12-02,DO 0.05%,87.58,81.81768490552902
2024-12-03,DO 0.001%,87.2,82.8689934015274
2024-12-03,DO 0.05%,87.08,81.79392180204393
2024-12-04,DO 0.001%,88.1,82.60115480422974
2024-12-04,DO 0.05%,87.92,81.5496061205864
2024-12-05,DO 0.001%,86.86,82.65018498897552
2024-12-05,DO 0.05%,86.68,81.53418863534928
2024-12-06,DO 0.001%,86.46,82.47769510746002
2024-12-06,DO 0.05%,86.35,81.31452258825303
2024-12-09,DO 0.001%,86.98,82.44925606250763
2024-12-09,DO 0.05%,86.86,81.3170089507103
2024-12-10,DO 0.001%,87.18,82.10534763336182
2024-12-10,DO 0.05%,87.06,80.98293966054916
2024-12-11,DO 0.001%,87.54,82.0849974155426
2024-12-11,DO 0.05%,87.42,80.97374317646027
2024-12-12,DO 0.001%,89.7,82.06316578388214
2024-12-12,DO 0.05%,89.53,80.93873030185699
2024-12-13,DO 0.001%,90.03,82.0703729391098
2024-12-13,DO 0.05%,89.67,80.8902717089653
2024-12-16,DO 0.001%,90.75,81.79324090480804
2024-12-16,DO 0.05%,90.19,80.5965191936493
2024-12-17,DO 0.001%,89.99,81.86109375953674
2024-12-17,DO 0.05%,89.32,80.66597430229187
2024-12-18,DO 0.001%,89.79,81.67445611953735
2024-12-18,DO 0.05%,89.12,80.43021822929383
2024-12-19,DO 0.001%,89.87,81.86367726325989
2024-12-19,DO 0.05%,89.2,80.63629080295563
2024-12-20,DO 0.001%,89.1,81.68914210796356
2024-12-20,DO 0.05%,88.43,80.40514570951463
2024-12-23,DO 0.001%,89.97,81.48004746437073
2024-12-23,DO 0.05%,89.3,80.16931321144105
2024-12-24,DO 0.001%,89.01,81.42232871055603
2024-12-24,DO 0.05%,88.32,80.13177830934525
2024-12-26,DO 0.001%,89.2,81.42612195014954
2024-12-26,DO 0.05%,88.48,80.06975171804429
2024-12-27,DO 0.001%,89.02,81.24375426769257
2024-12-27,DO 0.05%,88.31,79.91399231910707
2024-12-30,DO 0.001%,90.69,81.21148610115051
2024-12-30,DO 0.05%,89.98,79.87258011817933
2024-12-31,DO 0.001%,91.85,80.9125326871872
2024-12-31,DO 0.05%,91.14,79.57555151462556
2025-01-02,DO 0.001%,92.29,80.84762215614319
2025-01-02,DO 0.05%,91.58,79.48287846803666
2025-01-03,DO 0.001%,93.47,80.68718349933624
2025-01-03,DO 0.05%,92.76,79.32750119447708
2025-01-06,DO 0.001%,92.73,80.6973534822464
2025-01-06,DO 0.05%,92.07,79.3446866464615
2025-01-07,DO 0.001%,92.39,80.58465325832367
2025-01-07,DO 0.05%,91.74,79.1920250105858
2025-01-08,DO 0.001%,93.58,80.4645357131958
2025-01-08,DO 0.05%,92.94,79.07589456081391
2025-01-09,DO 0.001%,92.36,80.33642160892487
2025-01-09,DO 0.05%,91.75,78.9303710269928
2025-01-10,DO 0.001%,94.09,80.56369304656982
2025-01-10,DO 0.05%,93.54,79.14451918363571
2024-11-14,DO 0.001%,87.85,87.47423232078552
2024-11-14,DO 0.05%,87.75,87.22558495402336
2024-11-15,DO 0.001%,86.5,87.20185663819314
2024-11-15,DO 0.05%,86.46,86.94720368385315
2024-11-18,DO 0.001%,87.24,87.15313196182251
2024-11-18,DO 0.05%,87.2,86.89582967162131
2024-11-19,DO 0.001%,89.91,86.89081802129746
2024-11-19,DO 0.05%,89.88,86.55019855499268
2024-11-20,DO 0.001%,89.75,86.72835553765297
2024-11-20,DO 0.05%,89.72,86.39896445274353
2024-11-21,DO 0.001%,89.94,86.49431451916695
2024-11-21,DO 0.05%,89.91,86.14890575408936
2024-11-22,DO 0.001%,91.23,86.55573752045632
2024-11-22,DO 0.05%,91.2,86.2692207455635
2024-11-25,DO 0.001%,90.01,86.34273184776306
2024-11-25,DO 0.05%,89.94,85.89034976363182
2024-11-26,DO 0.001%,89.31,86.29333499908448
2024-11-26,DO 0.05%,89.28,85.89487679600715
2024-11-27,DO 0.001%,88.4,86.26243070483208
2024-11-27,DO 0.05%,88.33,85.86632006764411
2024-11-28,DO 0.001%,87.58,86.11098351001739
2024-11-28,DO 0.05%,87.45,85.65283146500587
2024-11-29,DO 0.001%,88.1,85.93566117167472
2024-11-29,DO 0.05%,87.97,85.48567469716072
2024-12-02,DO 0.001%,87.71,85.9382925438881
2024-12-02,DO 0.05%,87.58,85.51730668544769
2024-12-03,DO 0.001%,87.2,85.87013739824295
2024-12-03,DO 0.05%,87.08,85.45182602405548
2024-12-04,DO 0.001%,88.1,85.73230560064316
2024-12-04,DO 0.05%,87.92,85.27492312788964
2024-12-05,DO 0.001%,86.86,85.56578924059868
2024-12-05,DO 0.05%,86.68,85.11939615011215
2024-12-06,DO 0.001%,86.46,85.47611415982247
2024-12-06,DO 0.05%,86.35,85.01918742656707
2024-12-09,DO 0.001%,86.98,85.33840220689774
2024-12-09,DO 0.05%,86.86,84.93020782470703
2024-12-10,DO 0.001%,87.18,85.26485405087472
2024-12-10,DO 0.05%,87.06,84.79846597909928
2024-12-11,DO 0.001%,87.54,85.23128712058067
2024-12-11,DO 0.05%,87.42,84.67564811110496
2024-12-12,DO 0.001%,89.7,85.0520672249794
2024-12-12,DO 0.05%,89.53,84.48857760429382
2024-12-13,DO 0.001%,90.03,85.02265317320824
2024-12-13,DO 0.05%,89.67,84.50846012234688
2024-12-16,DO 0.001%,90.75,84.93610968589783
2024-12-16,DO 0.05%,90.19,84.4091463983059
2024-12-17,DO 0.001%,89.99,84.94702076196671
2024-12-17,DO 0.05%,89.32,84.41243500113487
2024-12-18,DO 0.001%,89.79,84.74791707158089
2024-12-18,DO 0.05%,89.12,84.18568271398544
2024-12-19,DO 0.001%,89.87,84.73372850418092
2024-12-19,DO 0.05%,89.2,84.18299251198768
2024-12-20,DO 0.001%,89.1,84.60881387829781
2024-12-20,DO 0.05%,88.43,83.99121285080909
2024-12-23,DO 0.001%,89.97,84.45925814509393
2024-12-23,DO 0.05%,89.3,83.86591812372207
2024-12-24,DO 0.001%,89.01,84.3379909658432
2024-12-24,DO 0.05%,88.32,83.74819967150688
2024-12-26,DO 0.001%,89.2,84.3340152490139
2024-12-26,DO 0.05%,88.48,83.69125792980194
2024-12-27,DO 0.001%,89.02,84.27376985192299
2024-12-27,DO 0.05%,88.31,83.65069155693054
2024-12-30,DO 0.001%,90.69,84.0728111743927
2024-12-30,DO 0.05%,89.98,83.44225033521651
2024-12-31,DO 0.001%,91.85,83.99937244176864
2024-12-31,DO 0.05%,91.14,83.41484878063201
2025-01-02,DO 0.001%,92.29,83.93164977908134
2025-01-02,DO 0.05%,91.58,83.33179074525833
2025-01-03,DO 0.001%,93.47,83.86904396295547
2025-01-03,DO 0.05%,92.76,83.24621422290802
2025-01-06,DO 0.001%,92.73,83.71572093844414
2025-01-06,DO 0.05%,92.07,83.03103969097137
2025-01-07,DO 0.001%,92.39,83.61234187960625
2025-01-07,DO 0.05%,91.74,82.94150331616402
2025-01-08,DO 0.001%,93.58,83.54656278491021
2025-01-08,DO 0.05%,92.94,82.89759630560874
2025-01-09,DO 0.001%,92.36,83.45325067877769
2025-01-09,DO 0.05%,91.75,82.8128783583641
2025-01-10,DO 0.001%,94.09,83.29777566075325
2025-01-10,DO 0.05%,93.54,82.60753841400147
2025-01-13,DO 0.001%,99.13,83.2246860408783
2025-01-13,DO 0.05%,98.56,82.50230832695961
2025-01-14,DO 0.001%,96.7,83.17053187966347
2025-01-14,DO 0.05%,96.18,82.46643549799919
2025-01-15,DO 0.001%,97.61,83.13093103051186
2025-01-15,DO 0.05%,97.09,82.39493960738181
2025-01-16,DO 0.001%,99.56,83.05221392154694
2025-01-16,DO 0.05%,99.01,82.3598160803318
2025-01-17,DO 0.001%,100.19,83.02776039719582
2025-01-17,DO 0.05%,99.55,82.29449152350425
2025-01-20,DO 0.001%,99.77,82.8880788230896
2025-01-20,DO 0.05%,99.02,82.09257547259331
2025-01-21,DO 0.001%,97.7,82.72506922245026
2025-01-21,DO 0.05%,96.95,81.91600559949875
2025-01-22,DO 0.001%,96.85,82.7565310549736
2025-01-22,DO 0.05%,96.1,82.02016376852988
2025-01-23,DO 0.001%,95.61,82.678751860857
2025-01-23,DO 0.05%,94.86,81.91017769575119
2025-01-24,DO 0.001%,95.03,82.57027679800987
2025-01-24,DO 0.05%,94.25,81.74765202999114
2025-01-27,DO 0.001%,93.29,82.50300746083259
2025-01-27,DO 0.05%,92.63,81.71419361829757
2025-01-28,DO 0.001%,93.0,82.38453839421273
2025-01-28,DO 0.05%,92.41,81.5679808795452
2025-01-29,DO 0.001%,93.0,82.35020550012588
2025-01-29,DO 0.05%,92.41,81.54516359567641
2025-01-30,DO 0.001%,93.0,82.37531556487083
2025-01-30,DO 0.05%,92.41,81.6315986931324
2025-01-31,DO 0.001%,92.89,82.32641372680665
2025-01-31,DO 0.05%,92.3,81.61317835450173
2025-02-03,DO 0.001%,93.44,82.29687983036041
2025-02-03,DO 0.05%,93.07,81.58678627610206
2025-02-04,DO 0.001%,91.37,82.09998545050621
2025-02-04,DO 0.05%,90.89,81.28853289484978
2025-02-05,DO 0.001%,92.1,81.9839445412159
2025-02-05,DO 0.05%,91.55,81.15936157107353
2025-02-06,DO 0.001%,90.63,81.99492335557937
2025-02-06,DO 0.05%,89.93,81.17481071949005
2025-02-07,DO 0.001%,91.48,81.85313147306442
2025-02-07,DO 0.05%,90.71,81.07602254748345
2024-12-12,DO 0.001%,89.7,87.3338711822033
2024-12-12,DO 0.05%,89.53,87.30111408233643
2024-12-13,DO 0.001%,90.03,87.33552522182465
2024-12-13,DO 0.05%,89.67,87.27558716654778
2024-12-16,DO 0.001%,90.75,87.24866466164589
2024-12-16,DO 0.05%,90.19,87.11360927224159
2024-12-17,DO 0.001%,89.99,86.94232817530633
2024-12-17,DO 0.05%,89.32,86.96800841331482
2024-12-18,DO 0.001%,89.79,86.83176319241524
2024-12-18,DO 0.05%,89.12,86.82260555863381
2024-12-19,DO 0.001%,89.87,86.77889653801918
2024-12-19,DO 0.05%,89.2,86.71586042761803
2024-12-20,DO 0.001%,89.1,86.56208168506623
2024-12-20,DO 0.05%,88.43,86.54048077225686
2024-12-23,DO 0.001%,89.97,86.4610704767704
2024-12-23,DO 0.05%,89.3,86.46165423989297
2024-12-24,DO 0.001%,89.01,86.41658359408379
2024-12-24,DO 0.05%,88.32,86.4017527449131
2024-12-26,DO 0.001%,89.2,86.24521569728851
2024-12-26,DO 0.05%,88.48,86.34306011795998
2024-12-27,DO 0.001%,89.02,86.13941455721856
2024-12-27,DO 0.05%,88.31,86.2708458852768
2024-12-30,DO 0.001%,90.69,86.15445222973824
2024-12-30,DO 0.05%,89.98,86.13216475367547
2024-12-31,DO 0.001%,91.85,86.08801410198213
2024-12-31,DO 0.05%,91.14,86.04683013439178
2025-01-02,DO 0.001%,92.29,85.85483625769616
2025-01-02,DO 0.05%,91.58,85.95568565368653
2025-01-03,DO 0.001%,93.47,85.79933983683587
2025-01-03,DO 0.05%,92.76,85.91779910445213
2025-01-06,DO 0.001%,92.73,85.73747771143914
2025-01-06,DO 0.05%,92.07,85.79138902544976
2025-01-07,DO 0.001%,92.39,85.64666728377343
2025-01-07,DO 0.05%,91.74,85.71971669912338
2025-01-08,DO 0.001%,93.58,85.61036711454392
2025-01-08,DO 0.05%,92.94,85.63642464995384
2025-01-09,DO 0.001%,92.36,85.54358983039856
2025-01-09,DO 0.05%,91.75,85.59086804151535
2025-01-10,DO 0.001%,94.09,85.40022581577301
2025-01-10,DO 0.05%,93.54,85.49103742718697
2025-01-13,DO 0.001%,99.13,85.261646515131
2025-01-13,DO 0.05%,98.56,85.32542771816254
2025-01-14,DO 0.001%,96.7,85.22592030286789
2025-01-14,DO 0.05%,96.18,85.2820856308937
2025-01-15,DO 0.001%,97.61,85.1517702805996
2025-01-15,DO 0.05%,97.09,85.24291205406189
2025-01-16,DO 0.001%,99.56,85.06623503923417
2025-01-16,DO 0.05%,99.01,85.13563022732735
2025-01-17,DO 0.001%,100.19,84.99563833236695
2025-01-17,DO 0.05%,99.55,85.07017940282822
2025-01-20,DO 0.001%,99.77,84.82335732221604
2025-01-20,DO 0.05%,99.02,84.94527519822121
2025-01-21,DO 0.001%,97.7,84.74885249018669
2025-01-21,DO 0.05%,96.95,84.9111715722084
2025-01-22,DO 0.001%,96.85,84.7382499396801
2025-01-22,DO 0.05%,96.1,84.7995805478096
2025-01-23,DO 0.001%,95.61,84.66287895441056
2025-01-23,DO 0.05%,94.86,84.72833549380303
2025-01-24,DO 0.001%,95.03,84.6240794634819
2025-01-24,DO 0.05%,94.25,84.7110778605938
2025-01-27,DO 0.001%,93.29,84.52764947533608
2025-01-27,DO 0.05%,92.63,84.67293599009514
2025-01-28,DO 0.001%,93.0,84.4409037065506
2025-01-28,DO 0.05%,92.41,84.5109059894085
2025-01-29,DO 0.001%,93.0,84.40455135941507
2025-01-29,DO 0.05%,92.41,84.45313564538957
2025-01-30,DO 0.001%,93.0,84.40565231323242
2025-01-30,DO 0.05%,92.41,84.48027785897256
2025-01-31,DO 0.001%,92.89,84.34617993593217
2025-01-31,DO 0.05%,92.3,84.42298168301582
2025-02-03,DO 0.001%,93.44,84.20878507375718
2025-02-03,DO 0.05%,93.07,84.35584261178971
2025-02-04,DO 0.001%,91.37,84.18373446106911
2025-02-04,DO 0.05%,90.89,84.2980305826664
2025-02-05,DO 0.001%,92.1,84.069668340683
2025-02-05,DO 0.05%,91.55,84.16655576348305
2025-02-06,DO 0.001%,90.63,84.01713562488557
2025-02-06,DO 0.05%,89.93,84.13172264814376
2025-02-07,DO 0.001%,91.48,83.99116668105125
2025-02-07,DO 0.05%,90.71,84.10148531556129
2025-02-10,DO 0.001%,91.81,83.87985555410386
2025-02-10,DO 0.05%,90.82,84.00116490125656
2025-02-11,DO 0.001%,93.28,83.81642287373543
2025-02-11,DO 0.05%,92.29,83.91124492049218
2025-02-12,DO 0.001%,93.87,83.68506499528885
2025-02-12,DO 0.05%,92.66,83.82915131807327
2025-02-13,DO 0.001%,91.99,83.73768119573593
2025-02-13,DO 0.05%,90.8,83.74314452648163
2025-02-14,DO 0.001%,92.42,83.59480765342713
2025-02-14,DO 0.05%,91.18,83.65171346068382
2025-02-17,DO 0.001%,91.92,83.49990647792816
2025-02-17,DO 0.05%,90.65,83.55514991641044
2025-02-18,DO 0.001%,92.16,83.40168156981468
2025-02-18,DO 0.05%,90.84,83.54940779328346
2025-02-19,DO 0.001%,92.75,83.36692064881325
2025-02-19,DO 0.05%,91.38,83.48939166426659
2025-02-20,DO 0.001%,93.2,83.34334667086601
2025-02-20,DO 0.05%,91.89,83.37116228699685
2025-02-21,DO 0.001%,93.22,83.23984135866166
2025-02-21,DO 0.05%,91.92,83.32074936389924
2025-02-24,DO 0.001%,90.82,83.22919184803963
2025-02-24,DO 0.05%,89.51,83.23559190630912
2025-02-25,DO 0.001%,91.2,83.10757036685945
2025-02-25,DO 0.05%,89.99,83.21150312662125
2025-02-26,DO 0.001%,89.16,83.04700747132301
2025-02-26,DO 0.05%,87.84,83.0815498137474
2025-02-27,DO 0.001%,88.2,82.87478385686875
2025-02-27,DO 0.05%,86.84,82.99521475195886
2025-02-28,DO 0.001%,89.1,82.90689935803414
2025-02-28,DO 0.05%,87.74,83.00654788970948
2025-03-03,DO 0.001%,88.65,82.78988518595696
2025-03-03,DO 0.05%,87.29,82.87636530876159
2025-03-04,DO 0.001%,86.88,82.70685970187188
2025-03-04,DO 0.05%,85.44,82.79331815958024
2025-03-05,DO 0.001%,86.92,82.7021741259098
2025-03-05,DO 0.05%,85.41,82.71206868052482
2025-03-06,DO 0.001%,86.06,82.54248364448549
2025-03-06,DO 0.05%,84.55,82.6542879152298
2025-03-07,DO 0.001%,86.13,82.51248134851457
2025-03-07,DO 0.05%,84.64,82.57396592974663
2025-01-13,DO 0.001%,99.13,94.97094743371011
2025-01-13,DO 0.05%,98.56,93.93141667842866
2025-01-14,DO 0.001%,96.7,94.91759100914001
2025-01-14,DO 0.05%,96.18,93.88834099531174
2025-01-15,DO 0.001%,97.61,95.00571828007699
2025-01-15,DO 0.05%,97.09,93.76223618030549
2025-01-16,DO 0.001%,99.56,94.70446815371514
2025-01-16,DO 0.05%,99.01,93.61281496524812
2025-01-17,DO 0.001%,100.19,94.40252261042595
2025-01-17,DO 0.05%,99.55,93.4084926044941
2025-01-20,DO 0.001%,99.77,94.04750666081905
2025-01-20,DO 0.05%,99.02,93.26552214860916
2025-01-21,DO 0.001%,97.7,94.00518717586995
2025-01-21,DO 0.05%,96.95,93.08149988651276
2025-01-22,DO 0.001%,96.85,93.72247215390206
2025-01-22,DO 0.05%,96.1,92.92727823615074
2025-01-23,DO 0.001%,95.61,93.45090062737465
2025-01-23,DO 0.05%,94.86,92.80983204603196
2025-01-24,DO 0.001%,95.03,93.19493672430515
2025-01-24,DO 0.05%,94.25,92.6926813530922
2025-01-27,DO 0.001%,93.29,93.03947739183903
2025-01-27,DO 0.05%,92.63,92.54074004888535
2025-01-28,DO 0.001%,93.0,92.75409847438335
2025-01-28,DO 0.05%,92.41,92.40147724628449
2025-01-29,DO 0.001%,93.0,92.74165948450566
2025-01-29,DO 0.05%,92.41,92.31451744437219
2025-01-30,DO 0.001%,93.0,92.56376734793187
2025-01-30,DO 0.05%,92.41,92.23019481539727
2025-01-31,DO 0.001%,92.89,92.41885704159736
2025-01-31,DO 0.05%,92.3,92.17803677558899
2025-02-03,DO 0.001%,93.44,92.38482647776604
2025-02-03,DO 0.05%,93.07,92.00377707123756
2025-02-04,DO 0.001%,91.37,92.29642440497875
2025-02-04,DO 0.05%,90.89,91.9195269227028
2025-02-05,DO 0.001%,92.1,92.23685970187188
2025-02-05,DO 0.05%,91.55,91.88570085883141
2025-02-06,DO 0.001%,90.63,92.14059493124485
2025-02-06,DO 0.05%,89.93,91.75278288245202
2025-02-07,DO 0.001%,91.48,91.92027675390244
2025-02-07,DO 0.05%,90.71,91.77786669015885
2025-02-10,DO 0.001%,91.81,91.9456875127554
2025-02-10,DO 0.05%,90.82,91.63674727320672
2025-02-11,DO 0.001%,93.28,91.54119601368905
2025-02-11,DO 0.05%,92.29,91.46965198159218
2025-02-12,DO 0.001%,93.87,91.45006274700165
2025-02-12,DO 0.05%,92.66,91.44029182791711
2025-02-13,DO 0.001%,91.99,91.4028585189581
2025-02-13,DO 0.05%,90.8,91.31914355993271
2025-02-14,DO 0.001%,92.42,91.3505844771862
2025-02-14,DO 0.05%,91.18,91.30582388520241
2025-02-17,DO 0.001%,91.92,91.17911373078823
2025-02-17,DO 0.05%,90.65,91.17147302627563
2025-02-18,DO 0.001%,92.16,90.96030976772309
2025-02-18,DO 0.05%,90.84,91.15508687138558
2025-02-19,DO 0.001%,92.75,90.65155586838722
2025-02-19,DO 0.05%,91.38,90.94095177412034
2025-02-20,DO 0.001%,93.2,90.6048171210289
2025-02-20,DO 0.05%,91.89,90.87825619339944
2025-02-21,DO 0.001%,93.22,90.72344739735126
2025-02-21,DO 0.05%,91.92,90.87871337771416
2025-02-24,DO 0.001%,90.82,90.53197219789028
2025-02-24,DO 0.05%,89.51,90.70419720411302
2025-02-25,DO 0.001%,91.2,90.3657899850607
2025-02-25,DO 0.05%,89.99,90.65948792338372
2025-02-26,DO 0.001%,89.16,90.37675962626935
2025-02-26,DO 0.05%,87.84,90.59655259966851
2025-02-27,DO 0.001%,88.2,90.22376229405404
2025-02-27,DO 0.05%,86.84,90.57340346217156
2025-02-28,DO 0.001%,89.1,90.1548935854435
2025-02-28,DO 0.05%,87.74,90.35156313657761
2025-03-03,DO 0.001%,88.65,90.11245632827283
2025-03-03,DO 0.05%,87.29,90.36584735870362
2025-03-04,DO 0.001%,86.88,90.01865355789661
2025-03-04,DO 0.05%,85.44,90.2604384970665
2025-03-05,DO 0.001%,86.92,90.01115539312363
2025-03-05,DO 0.05%,85.41,90.21711192011834
2025-03-06,DO 0.001%,86.06,89.84806329905987
2025-03-06,DO 0.05%,84.55,90.06579506278038
2025-03-07,DO 0.001%,86.13,89.76350284397603
2025-03-07,DO 0.05%,84.64,90.06827612400056
2025-03-10,DO 0.001%,86.32,89.6757176733017
2025-03-10,DO 0.05%,84.73,89.93855843782426
2025-03-11,DO 0.001%,85.24,89.51375843584538
2025-03-11,DO 0.05%,83.65,89.74798505902291
2025-03-12,DO 0.001%,85.54,89.3875402635336
2025-03-12,DO 0.05%,83.95,89.70387792348862
2025-03-13,DO 0.001%,85.81,89.30451084733009
2025-03-13,DO 0.05%,84.48,89.6266806793213
2025-03-14,DO 0.001%,84.93,89.16232051849366
2025-03-14,DO 0.05%,83.65,89.54561967015267
2025-03-17,DO 0.001%,85.55,88.96993118226528
2025-03-17,DO 0.05%,84.27,89.45046957850457
2025-03-18,DO 0.001%,86.01,88.76035270988942
2025-03-18,DO 0.05%,84.73,89.39060631036759
2025-03-19,DO 0.001%,84.83,88.69872979700565
2025-03-19,DO 0.05%,83.55,89.15668962836266
2025-03-20,DO 0.001%,86.18,88.44505964815617
2025-03-20,DO 0.05%,84.93,89.03635537147522
2025-03-21,DO 0.001%,86.73,88.33145992815494
2025-03-21,DO 0.05%,85.57,89.02959796428681
2025-03-24,DO 0.001%,86.77,88.34413446247578
2025-03-24,DO 0.05%,85.61,88.94314552545548
2025-03-25,DO 0.001%,87.09,88.25226652145386
2025-03-25,DO 0.05%,85.95,88.85755170106889
2025-03-26,DO 0.001%,87.88,88.12805608510972
2025-03-26,DO 0.05%,86.74,88.78118519425392
2025-03-27,DO 0.001%,87.83,88.00094620883465
2025-03-27,DO 0.05%,86.58,88.6317361021042
2025-03-28,DO 0.001%,88.19,87.87034242331983
2025-03-28,DO 0.05%,86.85,88.54314827799797
2025-03-31,DO 0.001%,88.19,87.85844182074071
2025-03-31,DO 0.05%,86.85,88.53274454712869
2025-04-01,DO 0.001%,89.19,87.59131198942661
2025-04-01,DO 0.05%,87.87,88.433184299469
2025-04-02,DO 0.001%,88.8,87.37765074670315
2025-04-02,DO 0.05%,87.49,88.32195470094682
2025-04-03,DO 0.001%,87.2,87.3498677188158
2025-04-03,DO 0.05%,85.92,88.2043133711815
2025-04-04,DO 0.001%,82.67,87.13306588351728
2025-04-04,DO 0.05%,81.53,88.14009570121766
2025-02-10,DO 0.001%,91.81,91.90129222869874
2025-02-10,DO 0.05%,90.82,91.07850158929824
2025-02-11,DO 0.001%,93.28,91.81918648242952
2025-02-11,DO 0.05%,92.29,90.93436878561972
2025-02-12,DO 0.001%,93.87,91.65397170543672
2025-02-12,DO 0.05%,92.66,90.73822316884994
2025-02-13,DO 0.001%,91.99,91.73240237712861
2025-02-13,DO 0.05%,90.8,90.74733892798423
2025-02-14,DO 0.001%,92.42,91.54339231014252
2025-02-14,DO 0.05%,91.18,90.44150142431259
2025-02-17,DO 0.001%,91.92,91.49633608818054
2025-02-17,DO 0.05%,90.65,90.39998308837413
2025-02-18,DO 0.001%,92.16,91.4460791707039
2025-02-18,DO 0.05%,90.84,90.28128898382187
2025-02-19,DO 0.001%,92.75,91.46377841711045
2025-02-19,DO 0.05%,91.38,90.2927837073803
2025-02-20,DO 0.001%,93.2,91.33864594459534
2025-02-20,DO 0.05%,91.89,90.06656581759452
2025-02-21,DO 0.001%,93.22,91.08989683151246
2025-02-21,DO 0.05%,91.92,89.7475575017929
2025-02-24,DO 0.001%,90.82,91.006951379776
2025-02-24,DO 0.05%,89.51,89.7427941662073
2025-02-25,DO 0.001%,91.2,90.87205869436265
2025-02-25,DO 0.05%,89.99,89.50064262151717
2025-02-26,DO 0.001%,89.16,90.85590799570085
2025-02-26,DO 0.05%,87.84,89.4716679161787
2025-02-27,DO 0.001%,88.2,90.91267535686494
2025-02-27,DO 0.05%,86.84,89.48872076570987
2025-02-28,DO 0.001%,89.1,90.74159899950028
2025-02-28,DO 0.05%,87.74,89.37170815646648
2025-03-03,DO 0.001%,88.65,90.67000047683716
2025-03-03,DO 0.05%,87.29,89.18260751843452
2025-03-04,DO 0.001%,86.88,90.70957023382188
2025-03-04,DO 0.05%,85.44,89.12178713023663
2025-03-05,DO 0.001%,86.92,90.55343409061432
2025-03-05,DO 0.05%,85.41,88.97295587182045
2025-03-06,DO 0.001%,86.06,90.49229917049408
2025-03-06,DO 0.05%,84.55,88.98803526222706
2025-03-07,DO 0.001%,86.13,90.29465758562088
2025-03-07,DO 0.05%,84.64,88.75017666697501
2025-03-10,DO 0.001%,86.32,90.26412284135819
2025-03-10,DO 0.05%,84.73,88.63768409013747
2025-03-11,DO 0.001%,85.24,90.20172836303712
2025-03-11,DO 0.05%,83.65,88.5647904574871
2025-03-12,DO 0.001%,85.54,90.04817131519319
2025-03-12,DO 0.05%,83.95,88.3644870597124
2025-03-13,DO 0.001%,85.81,89.91318593502045
2025-03-13,DO 0.05%,84.48,88.21813749372959
2025-03-14,DO 0.001%,84.93,89.97112015962601
2025-03-14,DO 0.05%,83.65,88.15399736881255
2025-03-17,DO 0.001%,85.55,89.81614542722703
2025-03-17,DO 0.05%,84.27,88.08100100815295
2025-03-18,DO 0.001%,86.01,89.82247593402863
2025-03-18,DO 0.05%,84.73,87.99827792704104
2025-03-19,DO 0.001%,84.83,89.7800544500351
2025-03-19,DO 0.05%,83.55,87.84439677596092
2025-03-20,DO 0.001%,86.18,89.60904352426529
2025-03-20,DO 0.05%,84.93,87.7113207501173
2025-03-21,DO 0.001%,86.73,89.57383587360383
2025-03-21,DO 0.05%,85.57,87.62441826105118
2025-03-24,DO 0.001%,86.77,89.4311786389351
2025-03-24,DO 0.05%,85.61,87.41005193948745
2025-03-25,DO 0.001%,87.09,89.17118074417115
2025-03-25,DO 0.05%,85.95,87.22949394643307
2025-03-26,DO 0.001%,87.88,89.29181479454041
2025-03-26,DO 0.05%,86.74,87.29685108006
2025-03-27,DO 0.001%,87.83,89.17587000846864
2025-03-27,DO 0.05%,86.58,87.04043656229972
2025-03-28,DO 0.001%,88.19,89.02951588869095
2025-03-28,DO 0.05%,86.85,86.94039029479026
2025-03-31,DO 0.001%,88.19,88.9767016863823
2025-03-31,DO 0.05%,86.85,86.98579066812991
2025-04-01,DO 0.001%,89.19,89.03127708911896
2025-04-01,DO 0.05%,87.87,86.81079080104827
2025-04-02,DO 0.001%,88.8,88.85307414054871
2025-04-02,DO 0.05%,87.49,86.7113284611702
2025-04-03,DO 0.001%,87.2,88.77309492111206
2025-04-03,DO 0.05%,85.92,86.5878061401844
2025-04-04,DO 0.001%,82.67,88.61728048324585
2025-04-04,DO 0.05%,81.53,86.40712379217148
2025-04-07,DO 0.001%,78.22,88.57400838851929
2025-04-07,DO 0.05%,76.97,86.27878406822681
2025-04-08,DO 0.001%,79.52,88.44694023132324
2025-04-08,DO 0.05%,78.31,86.18174394667147
2025-04-09,DO 0.001%,75.9,88.4558989071846
2025-04-09,DO 0.05%,74.69,86.08074609339236
2025-04-10,DO 0.001%,78.98,88.32300733804703
2025-04-10,DO 0.05%,77.7,85.9490325653553
2025-04-11,DO 0.001%,78.55,88.09822799921037
2025-04-11,DO 0.05%,77.27,85.81291254639625
2025-04-14,DO 0.001%,79.97,88.15863771915436
2025-04-14,DO 0.05%,78.69,85.83192263484001
2025-04-15,DO 0.001%,80.72,88.05338554620744
2025-04-15,DO 0.05%,79.43,85.56618690192698
2025-04-16,DO 0.001%,80.93,87.92811675786973
2025-04-16,DO 0.05%,79.51,85.53091875433921
2025-04-17,DO 0.001%,81.93,87.85316486597061
2025-04-17,DO 0.05%,80.56,85.37340968251227
2025-04-21,DO 0.001%,81.89,87.77781493186951
2025-04-21,DO 0.05%,80.41,85.26704293906688
2025-04-22,DO 0.001%,82.08,87.73293976306915
2025-04-22,DO 0.05%,80.59,85.27570993900298
2025-04-23,DO 0.001%,83.43,87.60255640506745
2025-04-23,DO 0.05%,82.05,85.01805727839469
2025-04-24,DO 0.001%,81.85,87.51093036174774
2025-04-24,DO 0.05%,80.45,84.83474184930324
2025-04-25,DO 0.001%,82.61,87.41632172822953
2025-04-25,DO 0.05%,81.23,84.8228524339199
2025-04-25,DO 0.001%,82.61,87.45822521209718
2025-04-25,DO 0.05%,81.23,84.79521319270134
2025-04-25,DO 0.001%,82.61,87.41595640182496
2025-04-25,DO 0.05%,81.23,84.72590963363646
2025-04-25,DO 0.001%,82.61,87.30018064737321
2025-04-25,DO 0.05%,81.23,84.64661983072757
2025-04-28,DO 0.001%,82.54,87.39147408008576
2025-04-28,DO 0.05%,81.26,84.5298667448759
2025-04-29,DO 0.001%,81.26,87.18619335651398
2025-04-29,DO 0.05%,80.28,84.41000478506088
2025-04-30,DO 0.001%,79.02,87.20701696157455
2025-04-30,DO 0.05%,77.86,84.37684526503085
2025-03-10,DO 0.001%,86.32,87.00055019259452
2025-03-10,DO 0.05%,84.73,85.41143142700196
2025-03-11,DO 0.001%,85.24,86.84830376029014
2025-03-11,DO 0.05%,83.65,85.36064908981324
2025-03-12,DO 0.001%,85.54,86.7000924539566
2025-03-12,DO 0.05%,83.95,85.16631811141968
2025-03-13,DO 0.001%,85.81,86.43924671530723
2025-03-13,DO 0.05%,84.48,84.89227712631225
2025-03-14,DO 0.001%,84.93,86.49777144312858
2025-03-14,DO 0.05%,83.65,84.94124328613282
2025-03-17,DO 0.001%,85.55,86.06655714154243
2025-03-17,DO 0.05%,84.27,84.62856817245483
2025-03-18,DO 0.001%,86.01,85.91807888031005
2025-03-18,DO 0.05%,84.73,84.51018872261048
2025-03-19,DO 0.001%,84.83,85.71053171396255
2025-03-19,DO 0.05%,83.55,84.3928081703186
2025-03-20,DO 0.001%,86.18,85.81081434845925
2025-03-20,DO 0.05%,84.93,84.3821330833435
2025-03-21,DO 0.001%,86.73,85.80228719294071
2025-03-21,DO 0.05%,85.57,84.31217494010926
2025-03-24,DO 0.001%,86.77,85.7671261525154
2025-03-24,DO 0.05%,85.61,84.22687514305115
2025-03-25,DO 0.001%,87.09,85.5482385367155
2025-03-25,DO 0.05%,85.95,84.18888172149659
2025-03-26,DO 0.001%,87.88,85.5253317528963
2025-03-26,DO 0.05%,86.74,84.0865653514862
2025-03-27,DO 0.001%,87.83,85.95435907781123
2025-03-27,DO 0.05%,86.58,84.34605673789979
2025-03-28,DO 0.001%,88.19,85.61666113078594
2025-03-28,DO 0.05%,86.85,84.22063960075378
2025-03-31,DO 0.001%,88.19,85.63683676064014
2025-03-31,DO 0.05%,86.85,84.11316226005555
2025-04-01,DO 0.001%,89.19,85.41334417283535
2025-04-01,DO 0.05%,87.87,83.87393134117127
2025-04-02,DO 0.001%,88.8,85.32887348234652
2025-04-02,DO 0.05%,87.49,83.80896768569946
2025-04-03,DO 0.001%,87.2,85.29166407644749
2025-04-03,DO 0.05%,85.92,83.91591530799866
2025-04-04,DO 0.001%,82.67,85.22616771876811
2025-04-04,DO 0.05%,81.53,83.81050134658814
2025-04-07,DO 0.001%,78.22,84.91960595369339
2025-04-07,DO 0.05%,76.97,83.68455953598023
2025-04-08,DO 0.001%,79.52,85.10011880278587
2025-04-08,DO 0.05%,78.31,83.5740249633789
2025-04-09,DO 0.001%,75.9,84.89422983705997
2025-04-09,DO 0.05%,74.69,83.53065363883972
2025-04-10,DO 0.001%,78.98,84.94261027872562
2025-04-10,DO 0.05%,77.7,83.53199559211731
2025-04-11,DO 0.001%,78.55,84.70624738454818
2025-04-11,DO 0.05%,77.27,83.31775729179382
2025-04-14,DO 0.001%,79.97,84.66387856185436
2025-04-14,DO 0.05%,78.69,83.24358662605286
2025-04-15,DO 0.001%,80.72,84.64218334257602
2025-04-15,DO 0.05%,79.43,83.28422863960266
2025-04-16,DO 0.001%,80.93,84.62025710463523
2025-04-16,DO 0.05%,79.51,83.1481263256073
2025-04-17,DO 0.001%,81.93,84.29082449197769
2025-04-17,DO 0.05%,80.56,82.91046438217163
2025-04-21,DO 0.001%,81.89,84.16620789170264
2025-04-21,DO 0.05%,80.41,82.81850022315979
2025-04-22,DO 0.001%,82.08,84.27387285590171
2025-04-22,DO 0.05%,80.59,82.85077268600465
2025-04-23,DO 0.001%,83.43,83.99774394929409
2025-04-23,DO 0.05%,82.05,82.77766650199891
2025-04-24,DO 0.001%,81.85,83.88383121371268
2025-04-24,DO 0.05%,80.45,82.56817548751832
2025-04-25,DO 0.001%,82.61,83.9350711530447
2025-04-25,DO 0.05%,81.23,82.51061275482178
2025-04-25,DO 0.001%,82.61,83.88932432413101
2025-04-25,DO 0.05%,81.23,82.44604764938354
2025-04-25,DO 0.001%,82.61,83.62651235997676
2025-04-25,DO 0.05%,81.23,82.42895035743713
2025-04-25,DO 0.001%,82.61,83.69330242216587
2025-04-25,DO 0.05%,81.23,82.39148665428162
2025-04-28,DO 0.001%,82.54,83.5813045746088
2025-04-28,DO 0.05%,81.26,82.19055185317993
2025-04-29,DO 0.001%,81.26,83.52047479391098
2025-04-29,DO 0.05%,80.28,82.09509155273437
2025-04-30,DO 0.001%,79.02,83.55558963060379
2025-04-30,DO 0.05%,77.86,82.1436188030243
2025-05-01,DO 0.001%,79.02,83.5096631205082
2025-05-01,DO 0.05%,77.86,82.20815868377686
2025-05-02,DO 0.001%,78.35,83.20040613770485
2025-05-02,DO 0.05%,77.24,82.0814349079132
2025-05-05,DO 0.001%,76.5,83.26346396505832
2025-05-05,DO 0.05%,75.37,82.03704955101013
2025-05-06,DO 0.001%,77.7,83.17118997752667
2025-05-06,DO 0.05%,76.98,81.92547067642212
2025-05-07,DO 0.001%,78.59,83.17307919681072
2025-05-07,DO 0.05%,77.96,81.9252587890625
2025-05-08,DO 0.001%,77.13,83.22169065713882
2025-05-08,DO 0.05%,76.33,81.78603365898132
2025-05-09,DO 0.001%,78.92,83.05873522639274
2025-05-09,DO 0.05%,78.13,81.78693670272827
2025-05-12,DO 0.001%,78.92,82.96841206312179
2025-05-12,DO 0.05%,78.13,81.65867422103882
2025-05-13,DO 0.001%,80.87,83.00699217975139
2025-05-13,DO 0.05%,80.14,81.70838703155518
2025-05-14,DO 0.001%,82.49,82.99049744725227
2025-05-14,DO 0.05%,81.85,81.63884761810303
2025-05-15,DO 0.001%,80.85,82.90821373343468
2025-05-15,DO 0.05%,80.21,81.69606729507446
2025-05-16,DO 0.001%,80.48,82.75354930579662
2025-05-16,DO 0.05%,80.01,81.44621678352355
2025-05-19,DO 0.001%,80.33,82.74878005385398
2025-05-19,DO 0.05%,79.99,81.35970620155335
2025-05-20,DO 0.001%,80.35,82.57336501657963
2025-05-20,DO 0.05%,80.01,81.29634179115295
2025-05-21,DO 0.001%,80.86,82.5208519077301
2025-05-21,DO 0.05%,80.52,81.25753108978272
2025-05-22,DO 0.001%,78.91,82.46108994662761
2025-05-22,DO 0.05%,78.62,81.16830633163453
2025-05-23,DO 0.001%,78.34,82.48658413946629
2025-05-23,DO 0.05%,78.09,81.15122921943664
2025-05-26,DO 0.001%,79.19,82.49109157025813
2025-05-26,DO 0.05%,78.96,81.12293721199036
2025-05-27,DO 0.001%,79.08,82.37571571648121
2025-05-27,DO 0.05%,78.83,81.10678332328797
2025-05-28,DO 0.001%,78.91,82.29555737435817
2025-05-28,DO 0.05%,78.75,80.95123277664185
2025-04-07,DO 0.001%,78.22,82.83958539009095
2025-04-07,DO 0.05%,76.97,81.77125804781915
2025-04-08,DO 0.001%,79.52,82.6194289034605
2025-04-08,DO 0.05%,78.31,81.58417444944382
2025-04-09,DO 0.001%,75.9,82.56028885662556
2025-04-09,DO 0.05%,74.69,81.57378469586372
2025-04-10,DO 0.001%,78.98,82.4060773164034
2025-04-10,DO 0.05%,77.7,81.43970925092697
2025-04-11,DO 0.001%,78.55,82.65951917350293
2025-04-11,DO 0.05%,77.27,81.55606671571732
2025-04-14,DO 0.001%,79.97,82.40944773733617
2025-04-14,DO 0.05%,78.69,81.40424899280072
2025-04-15,DO 0.001%,80.72,82.41973639070987
2025-04-15,DO 0.05%,79.43,81.2901269286871
2025-04-16,DO 0.001%,80.93,82.11950776934624
2025-04-16,DO 0.05%,79.51,81.06294704556466
2025-04-17,DO 0.001%,81.93,82.110874761343
2025-04-17,DO 0.05%,80.56,81.0022559171915
2025-04-21,DO 0.001%,81.89,81.91627237260342
2025-04-21,DO 0.05%,80.41,80.8630293315649
2025-04-22,DO 0.001%,82.08,81.81668234705926
2025-04-22,DO 0.05%,80.59,80.78586427211762
2025-04-23,DO 0.001%,83.43,81.85085467040538
2025-04-23,DO 0.05%,82.05,80.76783527970314
2025-04-24,DO 0.001%,81.85,81.66406732201577
2025-04-24,DO 0.05%,80.45,80.64611771285534
2025-04-25,DO 0.001%,82.61,81.5872572028637
2025-04-25,DO 0.05%,81.23,80.61249437093736
2025-04-25,DO 0.001%,82.61,81.43472101807595
2025-04-25,DO 0.05%,81.23,80.47770942926407
2025-04-25,DO 0.001%,82.61,81.40680171251297
2025-04-25,DO 0.05%,81.23,80.37479838550091
2025-04-25,DO 0.001%,82.61,81.23994616627694
2025-04-25,DO 0.05%,81.23,80.32604235291481
2025-04-28,DO 0.001%,82.54,81.272039077878
2025-04-28,DO 0.05%,81.26,80.21127396643162
2025-04-29,DO 0.001%,81.26,81.13069328188897
2025-04-29,DO 0.05%,80.28,80.10532083392144
2025-04-30,DO 0.001%,79.02,81.02839312255382
2025-04-30,DO 0.05%,77.86,80.11453943192959
2025-05-01,DO 0.001%,79.02,80.8782517105341
2025-05-01,DO 0.05%,77.86,80.00732767164708
2025-05-02,DO 0.001%,78.35,80.88644124209881
2025-05-02,DO 0.05%,77.24,79.90602514445781
2025-05-05,DO 0.001%,76.5,80.64685063242912
2025-05-05,DO 0.05%,75.37,79.74996016025543
2025-05-06,DO 0.001%,77.7,80.73532418191434
2025-05-06,DO 0.05%,76.98,79.75796872615814
2025-05-07,DO 0.001%,78.59,80.75887770831585
2025-05-07,DO 0.05%,77.96,79.64166471660137
2025-05-08,DO 0.001%,77.13,80.52843749582767
2025-05-08,DO 0.05%,76.33,79.5142128610611
2025-05-09,DO 0.001%,78.92,80.58347784936429
2025-05-09,DO 0.05%,78.13,79.5410911244154
2025-05-12,DO 0.001%,78.92,80.43450918614865
2025-05-12,DO 0.05%,78.13,79.45204928398132
2025-05-13,DO 0.001%,80.87,80.42153503656388
2025-05-13,DO 0.05%,80.14,79.45718098640442
2025-05-14,DO 0.001%,82.49,80.23528478741646
2025-05-14,DO 0.05%,81.85,79.28877270281315
2025-05-15,DO 0.001%,80.85,80.07327791690827
2025-05-15,DO 0.05%,80.21,79.21681709885597
2025-05-16,DO 0.001%,80.48,80.09693984866142
2025-05-16,DO 0.05%,80.01,79.1016113513708
2025-05-19,DO 0.001%,80.33,79.95666332364083
2025-05-19,DO 0.05%,79.99,78.96943113744258
2025-05-20,DO 0.001%,80.35,79.852170419693
2025-05-20,DO 0.05%,80.01,78.90136318683625
2025-05-21,DO 0.001%,80.86,79.70390146374703
2025-05-21,DO 0.05%,80.52,78.84180919706822
2025-05-22,DO 0.001%,78.91,79.60746997594833
2025-05-22,DO 0.05%,78.62,78.68335330605507
2025-05-23,DO 0.001%,78.34,79.58297529399395
2025-05-23,DO 0.05%,78.09,78.74737809717655
2025-05-26,DO 0.001%,79.19,79.45854073286057
2025-05-26,DO 0.05%,78.96,78.59178449094296
2025-05-27,DO 0.001%,79.08,79.22010316193104
2025-05-27,DO 0.05%,78.83,78.40485639870167
2025-05-28,DO 0.001%,78.91,79.33100183665752
2025-05-28,DO 0.05%,78.75,78.38540841281414
2025-05-29,DO 0.001%,80.62,79.15671066880226
2025-05-29,DO 0.05%,80.46,78.22019286453724
2025-05-30,DO 0.001%,78.82,79.08366024434567
2025-05-30,DO 0.05%,78.57,78.15511840701103
2025-06-02,DO 0.001%,80.02,78.99899566471576
2025-06-02,DO 0.05%,79.74,78.06428824603557
2025-06-03,DO 0.001%,80.23,78.81162686944008
2025-06-03,DO 0.05%,79.96,78.00634277284145
2025-06-04,DO 0.001%,81.26,78.68981374680996
2025-06-04,DO 0.05%,81.01,77.8510698980093
2025-06-05,DO 0.001%,80.43,78.63176268100739
2025-06-05,DO 0.05%,80.17,77.80483598053455
2025-06-06,DO 0.001%,81.04,78.51637011170388
2025-06-06,DO 0.05%,80.73,77.70656096339226
2025-06-09,DO 0.001%,82.35,78.48105953216553
2025-06-09,DO 0.05%,82.01,77.61107533752919
2025-06-10,DO 0.001%,82.73,78.38261269032955
2025-06-10,DO 0.05%,82.43,77.48971251904965
2025-06-11,DO 0.001%,82.51,78.20035865664482
2025-06-11,DO 0.05%,82.19,77.46507937550545
2025-06-12,DO 0.001%,84.64,78.06958730995655
2025-06-12,DO 0.05%,84.32,77.39033438026905
2025-06-13,DO 0.001%,88.37,78.05012854933739
2025-06-13,DO 0.05%,88.02,77.39278360188007
2025-06-16,DO 0.001%,90.66,78.02142576873302
2025-06-16,DO 0.05%,90.28,77.29753123521805
2025-06-17,DO 0.001%,91.64,78.00749075353146
2025-06-17,DO 0.05%,91.18,77.18000747442245
2025-06-18,DO 0.001%,94.52,77.81656429171562
2025-06-18,DO 0.05%,93.98,77.1156765305996
2025-06-19,DO 0.001%,98.07,77.85947802841663
2025-06-19,DO 0.05%,97.51,77.06200747609138
2025-06-20,DO 0.001%,97.82,77.74580516219139
2025-06-20,DO 0.05%,97.26,77.00318728089333
2025-06-23,DO 0.001%,94.73,77.6761448687315
2025-06-23,DO 0.05%,94.04,76.8577793264389
2025-06-24,DO 0.001%,86.85,77.5955307072401
2025-06-24,DO 0.05%,86.16,76.80217130482197
2025-06-25,DO 0.001%,87.73,77.52085420250893
2025-06-25,DO 0.05%,87.11,76.78704347372056
2025-05-01,DO 0.001%,79.02,78.59481315851211
2025-05-01,DO 0.05%,77.86,77.63722218990326
2025-05-02,DO 0.001%,78.35,78.51017048478126
2025-05-02,DO 0.05%,77.24,77.5773974096775
2025-05-05,DO 0.001%,76.5,78.63696729183197
2025-05-05,DO 0.05%,75.37,77.66908140301705
2025-05-06,DO 0.001%,77.7,78.5011320734024
2025-05-06,DO 0.05%,76.98,77.55135314106941
2025-05-07,DO 0.001%,78.59,78.4720622062683
2025-05-07,DO 0.05%,77.96,77.4889387845993
2025-05-08,DO 0.001%,77.13,78.48418093085289
2025-05-08,DO 0.05%,76.33,77.47966179013252
2025-05-09,DO 0.001%,78.92,78.51535614967345
2025-05-09,DO 0.05%,78.13,77.55856961250305
2025-05-12,DO 0.001%,78.92,78.39269939661025
2025-05-12,DO 0.05%,78.13,77.36474122285843
2025-05-13,DO 0.001%,80.87,78.25144772529602
2025-05-13,DO 0.05%,80.14,77.28271941184998
2025-05-14,DO 0.001%,82.49,78.3065730857849
2025-05-14,DO 0.05%,81.85,77.26368277788163
2025-05-15,DO 0.001%,80.85,78.27407436847686
2025-05-15,DO 0.05%,80.21,77.21732100963592
2025-05-16,DO 0.001%,80.48,77.93480188965798
2025-05-16,DO 0.05%,80.01,76.98947078585624
2025-05-19,DO 0.001%,80.33,77.89067899346351
2025-05-19,DO 0.05%,79.99,76.92208611369134
2025-05-20,DO 0.001%,80.35,77.93538121461867
2025-05-20,DO 0.05%,80.01,76.99198610901833
2025-05-21,DO 0.001%,80.86,78.05602681517601
2025-05-21,DO 0.05%,80.52,77.02026725172996
2025-05-22,DO 0.001%,78.91,77.98238189578056
2025-05-22,DO 0.05%,78.62,76.94663139820099
2025-05-23,DO 0.001%,78.34,77.89206372141838
2025-05-23,DO 0.05%,78.09,76.87823502779007
2025-05-26,DO 0.001%,79.19,77.75303515076637
2025-05-26,DO 0.05%,78.96,76.78540011167526
2025-05-27,DO 0.001%,79.08,77.59719202637672
2025-05-27,DO 0.05%,78.83,76.6685257601738
2025-05-28,DO 0.001%,78.91,77.47183175683021
2025-05-28,DO 0.05%,78.75,76.58338067889214
2025-05-29,DO 0.001%,80.62,77.26814486861228
2025-05-29,DO 0.05%,80.46,76.43318989753723
2025-05-30,DO 0.001%,78.82,77.2579760670662
2025-05-30,DO 0.05%,78.57,76.4374965763092
2025-06-02,DO 0.001%,80.02,77.0561072230339
2025-06-02,DO 0.05%,79.74,76.27849752306938
2025-06-03,DO 0.001%,80.23,77.13022313833237
2025-06-03,DO 0.05%,79.96,76.27003267168999
2025-06-04,DO 0.001%,81.26,76.96958527565002
2025-06-04,DO 0.05%,81.01,76.1939000582695
2025-06-05,DO 0.001%,80.43,76.88329411625861
2025-06-05,DO 0.05%,80.17,76.08026035666465
2025-06-06,DO 0.001%,81.04,76.83626517534256
2025-06-06,DO 0.05%,80.73,76.0007121014595
2025-06-09,DO 0.001%,82.35,76.6859986424446
2025-06-09,DO 0.05%,82.01,75.88659439563752
2025-06-10,DO 0.001%,82.73,76.5763696360588
2025-06-10,DO 0.05%,82.43,75.9086800467968
2025-06-11,DO 0.001%,82.51,76.44358647108078
2025-06-11,DO 0.05%,82.19,75.76309759736061
2025-06-12,DO 0.001%,84.64,76.30983776450157
2025-06-12,DO 0.05%,84.32,75.66153794407845
2025-06-13,DO 0.001%,88.37,76.23212344050407
2025-06-13,DO 0.05%,88.02,75.5584189760685
2025-06-16,DO 0.001%,90.66,76.09771533966064
2025-06-16,DO 0.05%,90.28,75.42412763595581
2025-06-17,DO 0.001%,91.64,75.99722365379333
2025-06-17,DO 0.05%,91.18,75.41002419114113
2025-06-18,DO 0.001%,94.52,75.97039101719857
2025-06-18,DO 0.05%,93.98,75.31712430357933
2025-06-19,DO 0.001%,98.07,75.85033887147902
2025-06-19,DO 0.05%,97.51,75.22180655002595
2025-06-20,DO 0.001%,97.82,75.77927971959113
2025-06-20,DO 0.05%,97.26,75.1807724404335
2025-06-23,DO 0.001%,94.73,75.90395233511924
2025-06-23,DO 0.05%,94.04,75.21247386574746
2025-06-24,DO 0.001%,86.85,75.85766285777092
2025-06-24,DO 0.05%,86.16,75.19882058024406
2025-06-25,DO 0.001%,87.73,75.781757158041
2025-06-25,DO 0.05%,87.11,75.188016756773
2025-06-26,DO 0.001%,86.99,75.72165337085724
2025-06-26,DO 0.05%,86.37,75.03464237451553
2025-06-27,DO 0.001%,87.98,75.5317902123928
2025-06-27,DO 0.05%,87.36,74.89059603571891
2025-06-30,DO 0.001%,87.11,75.50231528878211
2025-06-30,DO 0.05%,86.49,74.90975797176361
2025-07-01,DO 0.001%,87.06,75.40100407004356
2025-07-01,DO 0.05%,86.44,74.81189240932464
2025-07-02,DO 0.001%,88.6,75.37792527079581
2025-07-02,DO 0.05%,88.0,74.77063554048539
2025-07-03,DO 0.001%,89.65,75.25458086371421
2025-07-03,DO 0.05%,88.78,74.68478969573975
2025-07-04,DO 0.001%,89.1,75.20173983335495
2025-07-04,DO 0.05%,88.31,74.7026939702034
2025-07-07,DO 0.001%,90.21,75.07896062135696
2025-07-07,DO 0.05%,89.4,74.55840630888939
2025-07-08,DO 0.001%,89.76,75.00892353057861
2025-07-08,DO 0.05%,88.96,74.53428797960281
2025-07-09,DO 0.001%,91.84,75.00583850741386
2025-07-09,DO 0.05%,91.04,74.42507561802864
2025-07-10,DO 0.001%,90.43,74.77762686252593
2025-07-10,DO 0.05%,89.46,74.29444124221801
2025-07-11,DO 0.001%,89.68,74.7445817899704
2025-07-11,DO 0.05%,88.33,74.27695928215981
2025-07-14,DO 0.001%,92.57,74.76512192130089
2025-07-14,DO 0.05%,91.08,74.20285470604897
2025-07-15,DO 0.001%,89.76,74.71302035450935
2025-07-15,DO 0.05%,88.35,74.2206568825245
2025-07-16,DO 0.001%,89.99,74.67944776654242
2025-07-16,DO 0.05%,88.68,74.12713512539864
2025-07-17,DO 0.001%,90.44,74.61418657422065
2025-07-17,DO 0.05%,89.22,74.07004842758178
2025-07-18,DO 0.001%,93.88,74.45814563155174
2025-07-18,DO 0.05%,92.7,73.94921545863151
2025-07-21,DO 0.001%,91.89,74.52673676490784
2025-07-21,DO 0.05%,91.0,73.99848701953889
2025-07-22,DO 0.001%,92.47,74.3660376727581
2025-07-22,DO 0.05%,91.75,73.84115401983262
2025-07-23,DO 0.001%,90.89,74.35809197187423
2025-07-23,DO 0.05%,90.09,73.85210634946823
2025-05-29,DO 0.001%,80.62,79.5054977929592
2025-05-29,DO 0.05%,80.46,79.06007677316666
2025-05-30,DO 0.001%,78.82,79.39274782776832
2025-05-30,DO 0.05%,78.57,79.02020707726479
2025-06-02,DO 0.001%,80.02,79.42155146479607
2025-06-02,DO 0.05%,79.74,79.0193997323513
2025-06-03,DO 0.001%,80.23,79.25475940465927
2025-06-03,DO 0.05%,79.96,78.97324964404106
2025-06-04,DO 0.001%,81.26,79.22799704432487
2025-06-04,DO 0.05%,81.01,78.90296369791031
2025-06-05,DO 0.001%,80.43,79.0992272901535
2025-06-05,DO 0.05%,80.17,78.79578396677971
2025-06-06,DO 0.001%,81.04,78.99341014027596
2025-06-06,DO 0.05%,80.73,78.75799834728241
2025-06-09,DO 0.001%,82.35,78.94597162246704
2025-06-09,DO 0.05%,82.01,78.66034716367722
2025-06-10,DO 0.001%,82.73,78.88797866940499
2025-06-10,DO 0.05%,82.43,78.7328626960516
2025-06-11,DO 0.001%,82.51,78.75924183905124
2025-06-11,DO 0.05%,82.19,78.66655245423317
2025-06-12,DO 0.001%,84.64,78.71642206251622
2025-06-12,DO 0.05%,84.32,78.66075083613396
2025-06-13,DO 0.001%,88.37,78.5401573497057
2025-06-13,DO 0.05%,88.02,78.5473470389843
2025-06-16,DO 0.001%,90.66,78.5019939416647
2025-06-16,DO 0.05%,90.28,78.53780910372734
2025-06-17,DO 0.001%,91.64,78.39051859855651
2025-06-17,DO 0.05%,91.18,78.50035205483437
2025-06-18,DO 0.001%,94.52,78.34284491062164
2025-06-18,DO 0.05%,93.98,78.49152758717537
2025-06-19,DO 0.001%,98.07,78.24963758289813
2025-06-19,DO 0.05%,97.51,78.41739736497402
2025-06-20,DO 0.001%,97.82,78.15785538613795
2025-06-20,DO 0.05%,97.26,78.3335743099451
2025-06-23,DO 0.001%,94.73,78.11806930422783
2025-06-23,DO 0.05%,94.04,78.32645371556282
2025-06-24,DO 0.001%,86.85,78.07113405048847
2025-06-24,DO 0.05%,86.16,78.23534578084946
2025-06-25,DO 0.001%,87.73,78.02665867626666
2025-06-25,DO 0.05%,87.11,78.23406904935837
2025-06-26,DO 0.001%,86.99,77.86267454743385
2025-06-26,DO 0.05%,86.37,78.15481781959534
2025-06-27,DO 0.001%,87.98,77.83747842013835
2025-06-27,DO 0.05%,87.36,78.02870772778988
2025-06-30,DO 0.001%,87.11,77.68416160821914
2025-06-30,DO 0.05%,86.49,77.98447273671627
2025-07-01,DO 0.001%,87.06,77.77938199222088
2025-07-01,DO 0.05%,86.44,77.95911177992821
2025-07-02,DO 0.001%,88.6,77.61625388264656
2025-07-02,DO 0.05%,88.0,77.80926950275898
2025-07-03,DO 0.001%,89.65,77.44098629117012
2025-07-03,DO 0.05%,88.78,77.7572051435709
2025-07-04,DO 0.001%,89.1,77.46422109961509
2025-07-04,DO 0.05%,88.31,77.75090597569942
2025-07-07,DO 0.001%,90.21,77.37645090520381
2025-07-07,DO 0.05%,89.4,77.64079727232456
2025-07-08,DO 0.001%,89.76,77.28840791344642
2025-07-08,DO 0.05%,88.96,77.58089885115623
2025-07-09,DO 0.001%,91.84,77.2655540806055
2025-07-09,DO 0.05%,91.04,77.61062979698181
2025-07-10,DO 0.001%,90.43,77.10640504956245
2025-07-10,DO 0.05%,89.46,77.4879415333271
2025-07-11,DO 0.001%,89.68,77.06476582705974
2025-07-11,DO 0.05%,88.33,77.43625737726688
2025-07-14,DO 0.001%,92.57,76.9486482256651
2025-07-14,DO 0.05%,91.08,77.32273623347282
2025-07-15,DO 0.001%,89.76,76.87416514337062
2025-07-15,DO 0.05%,88.35,77.22966626286507
2025-07-16,DO 0.001%,89.99,76.9446644437313
2025-07-16,DO 0.05%,88.68,77.27626696228981
2025-07-17,DO 0.001%,90.44,76.829120657444
2025-07-17,DO 0.05%,89.22,77.24458336830139
2025-07-18,DO 0.001%,93.88,76.64962470710277
2025-07-18,DO 0.05%,92.7,77.05142609775066
2025-07-21,DO 0.001%,91.89,76.6486746197939
2025-07-21,DO 0.05%,91.0,77.01681822538376
2025-07-22,DO 0.001%,92.47,76.56364650905132
2025-07-22,DO 0.05%,91.75,76.94352351129055
2025-07-23,DO 0.001%,90.89,76.45227934420109
2025-07-23,DO 0.05%,90.09,76.81679382920265
2025-07-24,DO 0.001%,91.63,76.4680122256279
2025-07-24,DO 0.05%,90.71,76.92733436822891
2025-07-25,DO 0.001%,91.61,76.34330621123314
2025-07-25,DO 0.05%,90.56,76.73122934997082
2025-07-28,DO 0.001%,90.89,76.30209499835968
2025-07-28,DO 0.05%,89.58,76.74000218510628
2025-07-29,DO 0.001%,91.75,76.25134998857975
2025-07-29,DO 0.05%,90.35,76.6664070636034
2025-07-30,DO 0.001%,92.84,76.07888562500476
2025-07-30,DO 0.05%,91.3,76.52182660996914
2025-07-31,DO 0.001%,93.5,76.01236540317535
2025-07-31,DO 0.05%,91.74,76.44970536231995
2025-08-01,DO 0.001%,92.68,75.95301316678524
2025-08-01,DO 0.05%,90.88,76.37510575354099
2025-08-04,DO 0.001%,89.41,75.93664532601834
2025-08-04,DO 0.05%,87.68,76.48448221385479
2025-08-05,DO 0.001%,89.41,75.86632005155086
2025-08-05,DO 0.05%,87.77,76.27248376607895
2025-08-06,DO 0.001%,87.91,75.81158655643463
2025-08-06,DO 0.05%,86.27,76.19585171341896
2025-08-07,DO 0.001%,86.27,75.70451830148697
2025-08-07,DO 0.05%,84.83,76.19929231703281
2025-08-08,DO 0.001%,86.64,75.65707037687301
2025-08-08,DO 0.05%,85.2,76.1224302649498
2025-08-11,DO 0.001%,85.45,75.59638237416743
2025-08-11,DO 0.05%,84.21,76.03947088122368
2025-08-12,DO 0.001%,86.89,75.50059287846088
2025-08-12,DO 0.05%,85.61,75.94904825091362
2025-08-13,DO 0.001%,84.95,75.4200377035141
2025-08-13,DO 0.05%,83.73,75.86419254541397
2025-08-14,DO 0.001%,84.66,75.38749956488608
2025-08-14,DO 0.05%,83.62,75.75523383915424
2025-08-15,DO 0.001%,83.61,75.31227804839611
2025-08-15,DO 0.05%,83.03,75.77419236302376
2025-08-18,DO 0.001%,83.09,75.19674837231636
2025-08-18,DO 0.05%,82.78,75.65336756408215
2025-08-19,DO 0.001%,83.85,75.09709738314152
2025-08-19,DO 0.05%,83.43,75.61695724725723
2025-08-20,DO 0.001%,85.35,75.12979073405265
2025-08-20,DO 0.05%,85.02,75.58585099875927
2025-06-26,DO 0.001%,86.99,87.99073415637017
2025-06-26,DO 0.05%,86.37,87.48624472618103
2025-06-27,DO 0.001%,87.98,87.86907355546951
2025-06-27,DO 0.05%,87.36,87.33338751792908
2025-06-30,DO 0.001%,87.11,87.67644862830639
2025-06-30,DO 0.05%,86.49,87.22130953907967
2025-07-01,DO 0.001%,87.06,87.34087537109852
2025-07-01,DO 0.05%,86.44,86.99853469610214
2025-07-02,DO 0.001%,88.6,87.15027411162853
2025-07-02,DO 0.05%,88.0,86.86678881287575
2025-07-03,DO 0.001%,89.65,86.9423697090149
2025-07-03,DO 0.05%,88.78,86.68413379490376
2025-07-04,DO 0.001%,89.1,86.83176868736744
2025-07-04,DO 0.05%,88.31,86.55510860383511
2025-07-07,DO 0.001%,90.21,86.64319632470608
2025-07-07,DO 0.05%,89.4,86.442947550416
2025-07-08,DO 0.001%,89.76,86.49009305238724
2025-07-08,DO 0.05%,88.96,86.2777849215269
2025-07-09,DO 0.001%,91.84,86.17255501449108
2025-07-09,DO 0.05%,91.04,86.12619979262352
2025-07-10,DO 0.001%,90.43,86.05117678582668
2025-07-10,DO 0.05%,89.46,86.0054924428463
2025-07-11,DO 0.001%,89.68,85.84500322043895
2025-07-11,DO 0.05%,88.33,85.82886552333832
2025-07-14,DO 0.001%,92.57,85.91577929854394
2025-07-14,DO 0.05%,91.08,85.8531648349762
2025-07-15,DO 0.001%,89.76,85.70159472823143
2025-07-15,DO 0.05%,88.35,85.72313755691052
2025-07-16,DO 0.001%,89.99,85.4466962647438
2025-07-16,DO 0.05%,88.68,85.47460440516471
2025-07-17,DO 0.001%,90.44,85.3430604249239
2025-07-17,DO 0.05%,89.22,85.42593828380107
2025-07-18,DO 0.001%,93.88,85.15520445108415
2025-07-18,DO 0.05%,92.7,85.25291472375393
2025-07-21,DO 0.001%,91.89,85.07992610454559
2025-07-21,DO 0.05%,91.0,85.18494934141636
2025-07-22,DO 0.001%,92.47,85.08291192948819
2025-07-22,DO 0.05%,91.75,85.21125801920891
2025-07-23,DO 0.001%,90.89,85.2410403817892
2025-07-23,DO 0.05%,90.09,85.30132123708725
2025-07-24,DO 0.001%,91.63,84.87840645194053
2025-07-24,DO 0.05%,90.71,85.03666123449803
2025-07-25,DO 0.001%,91.61,84.95197487771512
2025-07-25,DO 0.05%,90.56,85.04707151651382
2025-07-28,DO 0.001%,90.89,84.78940167725086
2025-07-28,DO 0.05%,89.58,84.97789636075497
2025-07-29,DO 0.001%,91.75,84.77492748558522
2025-07-29,DO 0.05%,90.35,84.91345645546913
2025-07-30,DO 0.001%,92.84,84.66675800263882
2025-07-30,DO 0.05%,91.3,84.93300494015217
2025-07-31,DO 0.001%,93.5,84.63706185579301
2025-07-31,DO 0.05%,91.74,84.83082841157913
2025-08-01,DO 0.001%,92.68,84.49784711420537
2025-08-01,DO 0.05%,90.88,84.77757761240005
2025-08-04,DO 0.001%,89.41,84.47229242682458
2025-08-04,DO 0.05%,87.68,84.64238932669163
2025-08-05,DO 0.001%,89.41,84.38864226639271
2025-08-05,DO 0.05%,87.77,84.61257594048976
2025-08-06,DO 0.001%,87.91,84.33487650096417
2025-08-06,DO 0.05%,86.27,84.52658337652683
2025-08-07,DO 0.001%,86.27,84.13422488152982
2025-08-07,DO 0.05%,84.83,84.39822797417641
2025-08-08,DO 0.001%,86.64,84.03851115167141
2025-08-08,DO 0.05%,85.2,84.3505691319704
2025-08-11,DO 0.001%,85.45,83.93248560607434
2025-08-11,DO 0.05%,84.21,84.26430657565594
2025-08-12,DO 0.001%,86.89,83.99098895013333
2025-08-12,DO 0.05%,85.61,84.25819540262222
2025-08-13,DO 0.001%,84.95,83.8056900137663
2025-08-13,DO 0.05%,83.73,84.11562905669213
2025-08-14,DO 0.001%,84.66,83.63863546133042
2025-08-14,DO 0.05%,83.62,83.97278233408927
2025-08-15,DO 0.001%,83.61,83.58809606015683
2025-08-15,DO 0.05%,83.03,83.91479109227657
2025-08-18,DO 0.001%,83.09,83.59978313326836
2025-08-18,DO 0.05%,82.78,83.95415286183358
2025-08-19,DO 0.001%,83.85,83.44192659497261
2025-08-19,DO 0.05%,83.43,83.82806643366814
2025-08-20,DO 0.001%,85.35,83.48154760301114
2025-08-20,DO 0.05%,85.02,83.81484200060368
2025-08-21,DO 0.001%,85.66,83.35149427175523
2025-08-21,DO 0.05%,85.36,83.75789957523345
2025-08-22,DO 0.001%,86.78,83.3199470180273
2025-08-22,DO 0.05%,86.49,83.73535521388054
2025-08-25,DO 0.001%,86.89,83.22307242453098
2025-08-25,DO 0.05%,86.6,83.62395221590995
2025-08-26,DO 0.001%,86.72,83.14018048584461
2025-08-26,DO 0.05%,86.31,83.55102312803268
2025-08-27,DO 0.001%,85.53,83.1531696087122
2025-08-27,DO 0.05%,85.08,83.56379065096378
2025-08-28,DO 0.001%,85.75,83.03779963374139
2025-08-28,DO 0.05%,85.25,83.50124588429928
2025-08-29,DO 0.001%,86.33,82.78479933917522
2025-08-29,DO 0.05%,85.83,83.32100002884864
2025-09-01,DO 0.001%,86.22,82.79271099090576
2025-09-01,DO 0.05%,85.62,83.30810270190238
2025-09-02,DO 0.001%,88.12,82.57513795375824
2025-09-02,DO 0.05%,87.42,83.12213508546353
2025-09-03,DO 0.001%,89.85,82.52669019877911
2025-09-03,DO 0.05%,89.15,83.09113788664341
2025-09-04,DO 0.001%,88.45,82.4005221003294
2025-09-04,DO 0.05%,87.73,82.98976095080376
2025-09-05,DO 0.001%,88.49,82.3149580836296
2025-09-05,DO 0.05%,87.51,82.91636976063252
2025-09-08,DO 0.001%,88.18,82.28867132008077
2025-09-08,DO 0.05%,87.13,82.86319684386254
2025-09-09,DO 0.001%,88.86,82.12389143288136
2025-09-09,DO 0.05%,87.97,82.72940005719661
2025-09-10,DO 0.001%,88.82,82.01696647942066
2025-09-10,DO 0.05%,87.88,82.6719695687294
2025-09-11,DO 0.001%,89.18,82.06044657468796
2025-09-11,DO 0.05%,88.2,82.66681375324725
2025-09-12,DO 0.001%,88.0,81.89948394179345
2025-09-12,DO 0.05%,86.87,82.57866644263268
2025-09-15,DO 0.001%,88.78,81.85675683915615
2025-09-15,DO 0.05%,87.64,82.51132931172847
2025-09-16,DO 0.001%,88.98,81.87063491165638
2025-09-16,DO 0.05%,87.93,82.52846863389016
2025-09-17,DO 0.001%,90.61,81.68401300907135
2025-09-17,DO 0.05%,89.75,82.37276092946529
2025-07-24,DO 0.001%,91.63,90.91425941348076
2025-07-24,DO 0.05%,90.71,90.16445740342141
2025-07-25,DO 0.001%,91.61,90.8332845467329
2025-07-25,DO 0.05%,90.56,90.00980766892434
2025-07-28,DO 0.001%,90.89,90.75482880175113
2025-07-28,DO 0.05%,89.58,89.98915548563004
2025-07-29,DO 0.001%,91.75,90.66980167031288
2025-07-29,DO 0.05%,90.35,90.01836710214616
2025-07-30,DO 0.001%,92.84,90.59143260478973
2025-07-30,DO 0.05%,91.3,89.85723067045213
2025-07-31,DO 0.001%,93.5,90.48689176023007
2025-07-31,DO 0.05%,91.74,89.88474006593228
2025-08-01,DO 0.001%,92.68,90.42391913354398
2025-08-01,DO 0.05%,90.88,89.77045498609543
2025-08-04,DO 0.001%,89.41,90.34732699692249
2025-08-04,DO 0.05%,87.68,89.74717697918416
2025-08-05,DO 0.001%,89.41,90.26076130509377
2025-08-05,DO 0.05%,87.77,89.62769931972028
2025-08-06,DO 0.001%,87.91,90.05704290747643
2025-08-06,DO 0.05%,86.27,89.43978915274144
2025-08-07,DO 0.001%,86.27,90.03561141133308
2025-08-07,DO 0.05%,84.83,89.39113892376423
2025-08-08,DO 0.001%,86.64,89.78750229597092
2025-08-08,DO 0.05%,85.2,89.21517115294934
2025-08-11,DO 0.001%,85.45,89.82450900733471
2025-08-11,DO 0.05%,84.21,89.26440668821336
2025-08-12,DO 0.001%,86.89,89.69564915716649
2025-08-12,DO 0.05%,85.61,89.17931174576283
2025-08-13,DO 0.001%,84.95,89.52005282640457
2025-08-13,DO 0.05%,83.73,89.1239653980732
2025-08-14,DO 0.001%,84.66,89.42186666965485
2025-08-14,DO 0.05%,83.62,89.02142940223217
2025-08-15,DO 0.001%,83.61,89.45495113551617
2025-08-15,DO 0.05%,83.03,89.0338872975111
2025-08-18,DO 0.001%,83.09,89.36275669634342
2025-08-18,DO 0.05%,82.78,88.96027294993401
2025-08-19,DO 0.001%,83.85,89.30861453950405
2025-08-19,DO 0.05%,83.43,88.96360221505165
2025-08-20,DO 0.001%,85.35,89.21263329148293
2025-08-20,DO 0.05%,85.02,88.8892844259739
2025-08-21,DO 0.001%,85.66,88.93785399019718
2025-08-21,DO 0.05%,85.36,88.68865324437618
2025-08-22,DO 0.001%,86.78,88.89648621857167
2025-08-22,DO 0.05%,86.49,88.63476747751237
2025-08-25,DO 0.001%,86.89,88.87829436719417
2025-08-25,DO 0.05%,86.6,88.60097006678582
2025-08-26,DO 0.001%,86.72,88.7605565750599
2025-08-26,DO 0.05%,86.31,88.52779604136944
2025-08-27,DO 0.001%,85.53,88.65045199275016
2025-08-27,DO 0.05%,85.08,88.35111408948899
2025-08-28,DO 0.001%,85.75,88.63514223337174
2025-08-28,DO 0.05%,85.25,88.33243798613549
2025-08-29,DO 0.001%,86.33,88.48031646788121
2025-08-29,DO 0.05%,85.83,88.26207235693931
2025-09-01,DO 0.001%,86.22,88.36557453453541
2025-09-01,DO 0.05%,85.62,88.18416755318643
2025-09-02,DO 0.001%,88.12,88.14799284100532
2025-09-02,DO 0.05%,87.42,88.03657371282578
2025-09-03,DO 0.001%,89.85,88.07121109306813
2025-09-03,DO 0.05%,89.15,87.9366259521246
2025-09-04,DO 0.001%,88.45,88.0431161135435
2025-09-04,DO 0.05%,87.73,87.87573798894883
2025-09-05,DO 0.001%,88.49,87.86845158696174
2025-09-05,DO 0.05%,87.51,87.81992983996868
2025-09-08,DO 0.001%,88.18,87.7865069937706
2025-09-08,DO 0.05%,87.13,87.7884521752596
2025-09-09,DO 0.001%,88.86,87.63575516283512
2025-09-09,DO 0.05%,87.97,87.67604114949704
2025-09-10,DO 0.001%,88.82,87.61631187677384
2025-09-10,DO 0.05%,87.88,87.56504237651825
2025-09-11,DO 0.001%,89.18,87.48192079365253
2025-09-11,DO 0.05%,88.2,87.55037750065327
2025-09-12,DO 0.001%,88.0,87.24792417764664
2025-09-12,DO 0.05%,86.87,87.35322593808175
2025-09-15,DO 0.001%,88.78,87.27695096135139
2025-09-15,DO 0.05%,87.64,87.33195622980595
2025-09-16,DO 0.001%,88.98,87.16074089467526
2025-09-16,DO 0.05%,87.93,87.22940949440003
2025-09-17,DO 0.001%,90.61,87.0595642966032
2025-09-17,DO 0.05%,89.75,87.13579807698727
2025-09-18,DO 0.001%,89.43,86.88346414148808
2025-09-18,DO 0.05%,88.57,87.04330357432366
2025-09-19,DO 0.001%,88.75,86.8626177316904
2025-09-19,DO 0.05%,87.96,87.09152959048748
2025-09-22,DO 0.001%,88.16,86.69361987471581
2025-09-22,DO 0.05%,87.44,86.94469288945199
2025-09-23,DO 0.001%,87.56,86.62765138924122
2025-09-23,DO 0.05%,86.85,86.86966091930867
2025-09-24,DO 0.001%,89.37,86.55153598964215
2025-09-24,DO 0.05%,88.69,86.76658257544041
2025-09-25,DO 0.001%,90.75,86.34607316792011
2025-09-25,DO 0.05%,89.96,86.62130311131477
2025-09-26,DO 0.001%,92.58,86.33514613866807
2025-09-26,DO 0.05%,91.7,86.65340367078781
2025-09-29,DO 0.001%,91.87,86.2781273072958
2025-09-29,DO 0.05%,90.96,86.55985132098198
2025-09-30,DO 0.001%,88.78,86.16780060887336
2025-09-30,DO 0.05%,87.96,86.50659381866456
2025-10-01,DO 0.001%,90.2,86.04348059535026
2025-10-01,DO 0.05%,89.26,86.37186597704888
2025-10-02,DO 0.001%,89.5,86.03567944407463
2025-10-02,DO 0.05%,88.59,86.38473197579384
2025-10-03,DO 0.001%,88.01,85.88296649038791
2025-10-03,DO 0.05%,87.16,86.29185084879398
2025-10-06,DO 0.001%,87.83,85.72881249070167
2025-10-06,DO 0.05%,87.3,86.15443274617195
2025-10-07,DO 0.001%,87.7,85.71008972764015
2025-10-07,DO 0.05%,87.17,86.15095849692821
2025-10-08,DO 0.001%,88.55,85.57739972889424
2025-10-08,DO 0.05%,88.08,86.11884182810783
2025-10-09,DO 0.001%,89.56,85.48457686364651
2025-10-09,DO 0.05%,89.0,85.932166711092
2025-10-10,DO 0.001%,88.23,85.59110050082207
2025-10-10,DO 0.05%,87.78,85.96686624526978
2025-10-13,DO 0.001%,86.89,85.41359180450439
2025-10-13,DO 0.05%,86.25,85.93248352825643
2025-10-14,DO 0.001%,85.63,85.32413318574429
2025-10-14,DO 0.05%,84.85,85.82808958768845
2025-10-15,DO 0.001%,85.23,85.20664459705353
2025-10-15,DO 0.05%,84.43,85.71219357311726
2025-08-21,DO 0.001%,85.66,85.6791454911232
2025-08-21,DO 0.05%,85.36,85.37646419763564
2025-08-22,DO 0.001%,86.78,85.34815332591533
2025-08-22,DO 0.05%,86.49,85.45276178598404
2025-08-25,DO 0.001%,86.89,85.38042179346084
2025-08-25,DO 0.05%,86.6,85.3720452618599
2025-08-26,DO 0.001%,86.72,85.45400387048721
2025-08-26,DO 0.05%,86.31,85.42307586193084
2025-08-27,DO 0.001%,85.53,85.41510670781135
2025-08-27,DO 0.05%,85.08,85.42879209995269
2025-08-28,DO 0.001%,85.75,86.02588271498679
2025-08-28,DO 0.05%,85.25,85.23951772928237
2025-08-29,DO 0.001%,86.33,85.6168672978878
2025-08-29,DO 0.05%,85.83,85.46771116733551
2025-09-01,DO 0.001%,86.22,85.22754973769187
2025-09-01,DO 0.05%,85.62,85.37706217288971
2025-09-02,DO 0.001%,88.12,85.2184689849615
2025-09-02,DO 0.05%,87.42,85.38718721151352
2025-09-03,DO 0.001%,89.85,85.56272871494292
2025-09-03,DO 0.05%,89.15,85.37433581113815
2025-09-04,DO 0.001%,88.45,85.65182692408561
2025-09-04,DO 0.05%,87.73,85.3635621213913
2025-09-05,DO 0.001%,88.49,85.26720490157604
2025-09-05,DO 0.05%,87.51,85.45681585550308
2025-09-08,DO 0.001%,88.18,85.2478835016489
2025-09-08,DO 0.05%,87.13,85.43882592201233
2025-09-09,DO 0.001%,88.86,85.345650395751
2025-09-09,DO 0.05%,87.97,85.33593363761902
2025-09-10,DO 0.001%,88.82,85.220997351408
2025-09-10,DO 0.05%,87.88,85.45152529478072
2025-09-11,DO 0.001%,89.18,85.16615163981913
2025-09-11,DO 0.05%,88.2,85.43519752979279
2025-09-12,DO 0.001%,88.0,85.36995221972465
2025-09-12,DO 0.05%,86.87,85.40543052434921
2025-09-15,DO 0.001%,88.78,85.21333085596561
2025-09-15,DO 0.05%,87.64,85.40540011882781
2025-09-16,DO 0.001%,88.98,85.08863711357117
2025-09-16,DO 0.05%,87.93,85.44983272075653
2025-09-17,DO 0.001%,90.61,85.28269051015377
2025-09-17,DO 0.05%,89.75,85.46149830579758
2025-09-18,DO 0.001%,89.43,85.06822704076767
2025-09-18,DO 0.05%,88.57,85.45441381931305
2025-09-19,DO 0.001%,88.75,85.3035889595747
2025-09-19,DO 0.05%,87.96,85.51200187683105
2025-09-22,DO 0.001%,88.16,84.77723088562487
2025-09-22,DO 0.05%,87.44,85.46836995363235
2025-09-23,DO 0.001%,87.56,85.14421539008617
2025-09-23,DO 0.05%,86.85,85.3741331076622
2025-09-24,DO 0.001%,89.37,85.27531398832798
2025-09-24,DO 0.05%,88.69,85.43816713571547
2025-09-25,DO 0.001%,90.75,84.93528685569763
2025-09-25,DO 0.05%,89.96,85.41103527545928
2025-09-26,DO 0.001%,92.58,85.25940613746643
2025-09-26,DO 0.05%,91.7,85.41130892515181
2025-09-29,DO 0.001%,91.87,85.1050282537937
2025-09-29,DO 0.05%,90.96,85.4274947977066
2025-09-30,DO 0.001%,88.78,85.02182617485522
2025-09-30,DO 0.05%,87.96,85.44321445226669
2025-10-01,DO 0.001%,90.2,84.91475468873978
2025-10-01,DO 0.05%,89.26,85.3918595266342
2025-10-02,DO 0.001%,89.5,85.13859397172928
2025-10-02,DO 0.05%,88.59,85.25183196544647
2025-10-03,DO 0.001%,88.01,84.93714879155158
2025-10-03,DO 0.05%,87.16,85.47132942438125
2025-10-06,DO 0.001%,87.83,84.80923990309238
2025-10-06,DO 0.05%,87.3,85.4117954134941
2025-10-07,DO 0.001%,87.7,85.26649777293204
2025-10-07,DO 0.05%,87.17,85.2457711315155
2025-10-08,DO 0.001%,88.55,85.02571283876895
2025-10-08,DO 0.05%,88.08,85.37376824140549
2025-10-09,DO 0.001%,89.56,85.16624321043491
2025-10-09,DO 0.05%,89.0,85.44828203916549
2025-10-10,DO 0.001%,88.23,84.91773582100868
2025-10-10,DO 0.05%,87.78,85.40235956668853
2025-10-13,DO 0.001%,86.89,85.18712639808655
2025-10-13,DO 0.05%,86.25,85.37002836227417
2025-10-14,DO 0.001%,85.63,85.13889411985873
2025-10-14,DO 0.05%,84.85,85.27836585044861
2025-10-15,DO 0.001%,85.23,84.73173555135726
2025-10-15,DO 0.05%,84.43,85.50770456314086
2025-10-16,DO 0.001%,84.7,84.916112986207
2025-10-16,DO 0.05%,83.7,85.38098448514938
2025-10-17,DO 0.001%,83.37,85.06630914509296
2025-10-17,DO 0.05%,82.32,85.42142382860183
2025-10-20,DO 0.001%,83.37,85.00498226881027
2025-10-20,DO 0.05%,82.32,85.42908601999282
2025-10-21,DO 0.001%,84.44,84.59258382618427
2025-10-21,DO 0.05%,83.05,85.41689340591431
2025-10-22,DO 0.001%,86.13,84.88912509083747
2025-10-22,DO 0.05%,84.86,85.45415030479431
2025-10-23,DO 0.001%,90.52,84.82872409522533
2025-10-23,DO 0.05%,89.1,85.3931770992279
2025-10-24,DO 0.001%,92.91,84.89772255420684
2025-10-24,DO 0.05%,91.45,85.40222780942916
2025-10-27,DO 0.001%,93.42,84.9217496663332
2025-10-27,DO 0.05%,92.01,85.38457233667373
2025-10-28,DO 0.001%,93.7,84.80227544903755
2025-10-28,DO 0.05%,91.89,85.30678487777709
2025-10-29,DO 0.001%,92.15,84.97912883162498
2025-10-29,DO 0.05%,90.26,85.41402515172958
2025-10-30,DO 0.001%,92.83,84.77978468835353
2025-10-30,DO 0.05%,90.86,85.26834216356276
2025-10-31,DO 0.001%,94.09,84.75489274263381
2025-10-31,DO 0.05%,92.02,85.35741007089615
2025-11-03,DO 0.001%,94.24,84.68999461233615
2025-11-03,DO 0.05%,91.95,85.3808831334114
2025-11-04,DO 0.001%,93.03,85.1192674845457
2025-11-04,DO 0.05%,90.87,85.26204822063445
2025-11-05,DO 0.001%,94.43,84.85412985384464
2025-11-05,DO 0.05%,92.43,85.30683555364608
2025-11-06,DO 0.001%,94.8,84.8641263127327
2025-11-06,DO 0.05%,92.85,85.37740676879882
2025-11-07,DO 0.001%,97.15,85.00188412964343
2025-11-07,DO 0.05%,95.19,85.36462631464003
2025-11-10,DO 0.001%,95.83,84.91121395826339
2025-11-10,DO 0.05%,94.06,85.41064000368118
2025-11-11,DO 0.001%,96.48,84.87405663728714
2025-11-11,DO 0.05%,94.51,85.37977839946747
2025-11-12,DO 0.001%,98.45,84.51070952117442
2025-11-12,DO 0.05%,96.48,85.43200495004653
2025-09-18,DO 0.001%,89.43,90.99188893198966
2025-09-18,DO 0.05%,88.57,89.90683713555336
2025-09-19,DO 0.001%,88.75,91.10354459285736
2025-09-19,DO 0.05%,87.96,90.06893819570541
2025-09-22,DO 0.001%,88.16,91.08577603697776
2025-09-22,DO 0.05%,87.44,89.97464761137962
2025-09-23,DO 0.001%,87.56,90.88284724712372
2025-09-23,DO 0.05%,86.85,89.81579905748367
2025-09-24,DO 0.001%,89.37,90.88992226481437
2025-09-24,DO 0.05%,88.69,89.8284667134285
2025-09-25,DO 0.001%,90.75,90.66382414221763
2025-09-25,DO 0.05%,89.96,89.63391548395157
2025-09-26,DO 0.001%,92.58,90.69414410352707
2025-09-26,DO 0.05%,91.7,89.71424382925034
2025-09-29,DO 0.001%,91.87,90.56424461841583
2025-09-29,DO 0.05%,90.96,89.48044319450855
2025-09-30,DO 0.001%,88.78,90.32111244559287
2025-09-30,DO 0.05%,87.96,89.31473655998707
2025-10-01,DO 0.001%,90.2,90.28426834583283
2025-10-01,DO 0.05%,89.26,89.26622714102268
2025-10-02,DO 0.001%,89.5,90.19198527157306
2025-10-02,DO 0.05%,88.59,89.2164391875267
2025-10-03,DO 0.001%,88.01,90.1232225805521
2025-10-03,DO 0.05%,87.16,89.15435269474983
2025-10-06,DO 0.001%,87.83,90.08101010859012
2025-10-06,DO 0.05%,87.3,89.0303134471178
2025-10-07,DO 0.001%,87.7,90.08630827069283
2025-10-07,DO 0.05%,87.17,89.00117997825146
2025-10-08,DO 0.001%,88.55,89.91376965224742
2025-10-08,DO 0.05%,88.08,88.87254549562931
2025-10-09,DO 0.001%,89.56,89.76534550249576
2025-10-09,DO 0.05%,89.0,88.75167851150036
2025-10-10,DO 0.001%,88.23,89.86016694188118
2025-10-10,DO 0.05%,87.78,88.73628795146942
2025-10-13,DO 0.001%,86.89,89.68884349822999
2025-10-13,DO 0.05%,86.25,88.65895533561707
2025-10-14,DO 0.001%,85.63,89.54089461684227
2025-10-14,DO 0.05%,84.85,88.58135524392128
2025-10-15,DO 0.001%,85.23,89.53918257057667
2025-10-15,DO 0.05%,84.43,88.47594301402569
2025-10-16,DO 0.001%,84.7,89.35710618019104
2025-10-16,DO 0.05%,83.7,88.30358158051968
2025-10-17,DO 0.001%,83.37,89.51841658353806
2025-10-17,DO 0.05%,82.32,88.43440401554108
2025-10-20,DO 0.001%,83.37,89.36253936171532
2025-10-20,DO 0.05%,82.32,88.31530237197876
2025-10-21,DO 0.001%,84.44,89.29783265411854
2025-10-21,DO 0.05%,83.05,88.18008798360825
2025-10-22,DO 0.001%,86.13,89.44032675087452
2025-10-22,DO 0.05%,84.86,88.3580450117588
2025-10-23,DO 0.001%,90.52,88.93069864451886
2025-10-23,DO 0.05%,89.1,87.83716790378094
2025-10-24,DO 0.001%,92.91,89.10856242895126
2025-10-24,DO 0.05%,91.45,88.0118189305067
2025-10-27,DO 0.001%,93.42,88.98560294210911
2025-10-27,DO 0.05%,92.01,87.86282953619957
2025-10-28,DO 0.001%,93.7,88.9448432791233
2025-10-28,DO 0.05%,91.89,87.87036165595055
2025-10-29,DO 0.001%,92.15,88.74645654261113
2025-10-29,DO 0.05%,90.26,87.72119572758675
2025-10-30,DO 0.001%,92.83,88.78917668759823
2025-10-30,DO 0.05%,90.86,87.75167192518711
2025-10-31,DO 0.001%,94.09,88.6576353663206
2025-10-31,DO 0.05%,92.02,87.57999522984028
2025-11-03,DO 0.001%,94.24,88.7898085784912
2025-11-03,DO 0.05%,91.95,87.79943776130676
2025-11-04,DO 0.001%,93.03,88.4902058827877
2025-11-04,DO 0.05%,90.87,87.40427964925766
2025-11-05,DO 0.001%,94.43,88.39117183744908
2025-11-05,DO 0.05%,92.43,87.24942183494568
2025-11-06,DO 0.001%,94.8,88.48619850635528
2025-11-06,DO 0.05%,92.85,87.31017629802227
2025-11-07,DO 0.001%,97.15,88.06383075177669
2025-11-07,DO 0.05%,95.19,86.91110768914223
2025-11-10,DO 0.001%,95.83,88.33015386044978
2025-11-10,DO 0.05%,94.06,87.18190558254719
2025-11-11,DO 0.001%,96.48,88.2337931996584
2025-11-11,DO 0.05%,94.51,87.11881338059902
2025-11-12,DO 0.001%,98.45,88.1685032081604
2025-11-12,DO 0.05%,96.48,87.00002735853195
2025-11-13,DO 0.001%,94.69,87.90036543846131
2025-11-13,DO 0.05%,92.97,86.81529784202576
2025-11-14,DO 0.001%,95.02,87.97405363798141
2025-11-14,DO 0.05%,93.35,86.79438658058643
2025-11-17,DO 0.001%,95.43,87.98379663944245
2025-11-17,DO 0.05%,93.64,86.84309928119183
2025-11-18,DO 0.001%,96.81,87.77502960979939
2025-11-18,DO 0.05%,94.7,86.59083746373653
2025-11-19,DO 0.001%,99.49,87.51652682602405
2025-11-19,DO 0.05%,97.07,86.38722415268421
2025-11-20,DO 0.001%,97.33,87.6955571782589
2025-11-20,DO 0.05%,95.01,86.65175776183605
2025-11-21,DO 0.001%,91.44,87.66313631474972
2025-11-21,DO 0.05%,88.71,86.59596230089664
2025-11-24,DO 0.001%,88.52,87.55226916730403
2025-11-24,DO 0.05%,86.68,86.45883813500404
2025-11-25,DO 0.001%,88.12,87.77075759530068
2025-11-25,DO 0.05%,86.84,86.56530421972275
2025-11-26,DO 0.001%,86.41,87.48155679583549
2025-11-26,DO 0.05%,85.33,86.31051208078861
2025-11-27,DO 0.001%,86.49,87.59265617668629
2025-11-27,DO 0.05%,85.41,86.38437286019325
2025-11-28,DO 0.001%,87.81,87.31558012127876
2025-11-28,DO 0.05%,87.06,86.25000904500484
2025-12-01,DO 0.001%,87.8,86.99992091596127
2025-12-01,DO 0.05%,86.97,85.93391144275665
2025-12-02,DO 0.001%,86.96,87.2512082618475
2025-12-02,DO 0.05%,86.13,86.17024239897728
2025-12-03,DO 0.001%,85.67,87.33786912739276
2025-12-03,DO 0.05%,84.92,86.17341466248035
2025-12-04,DO 0.001%,85.69,87.26705414116383
2025-12-04,DO 0.05%,85.06,86.06718395650387
2025-12-05,DO 0.001%,85.89,86.96541535258294
2025-12-05,DO 0.05%,85.33,85.87000611424446
2025-12-08,DO 0.001%,86.63,87.12087131381035
2025-12-08,DO 0.05%,86.2,85.95320715010166
2025-12-09,DO 0.001%,84.5,87.00871878147125
2025-12-09,DO 0.05%,84.18,85.89629898965359
2025-12-10,DO 0.001%,83.64,87.02117837369443
2025-12-10,DO 0.05%,83.37,85.8267713189125
2025-10-16,DO 0.001%,84.7,85.26950288772584
2025-10-16,DO 0.05%,83.7,84.81358112931252
2025-10-17,DO 0.001%,83.37,85.14238852858544
2025-10-17,DO 0.05%,82.32,84.56799902558328
2025-10-20,DO 0.001%,83.37,85.29518789291382
2025-10-20,DO 0.05%,82.32,84.97351144194603
2025-10-21,DO 0.001%,84.44,84.70214164674283
2025-10-21,DO 0.05%,83.05,84.17722656786442
2025-10-22,DO 0.001%,86.13,84.9872573965788
2025-10-22,DO 0.05%,84.86,84.58249239563942
2025-10-23,DO 0.001%,90.52,84.97919019162656
2025-10-23,DO 0.05%,89.1,84.58293524861337
2025-10-24,DO 0.001%,92.91,84.91339268624783
2025-10-24,DO 0.05%,91.45,84.37072312295437
2025-10-27,DO 0.001%,93.42,85.09119124174119
2025-10-27,DO 0.05%,92.01,84.88553467273712
2025-10-28,DO 0.001%,93.7,84.87275185525418
2025-10-28,DO 0.05%,91.89,84.41716732859612
2025-10-29,DO 0.001%,92.15,84.841864823699
2025-10-29,DO 0.05%,90.26,84.30703784585
2025-10-30,DO 0.001%,92.83,84.86833724498749
2025-10-30,DO 0.05%,90.86,84.59568740129471
2025-10-31,DO 0.001%,94.09,85.03360826432706
2025-10-31,DO 0.05%,92.02,84.80007411360741
2025-11-03,DO 0.001%,94.24,84.96129806578159
2025-11-03,DO 0.05%,91.95,84.77640160918236
2025-11-04,DO 0.001%,93.03,84.72610449671745
2025-11-04,DO 0.05%,90.87,84.37642988741399
2025-11-05,DO 0.001%,94.43,84.61934103369713
2025-11-05,DO 0.05%,92.43,84.29080829083921
2025-11-06,DO 0.001%,94.8,84.55961425244809
2025-11-06,DO 0.05%,92.85,84.1479882067442
2025-11-07,DO 0.001%,97.15,84.85528645813466
2025-11-07,DO 0.05%,95.19,84.48999651312829
2025-11-10,DO 0.001%,95.83,84.50201095461846
2025-11-10,DO 0.05%,94.06,83.99826364219189
2025-11-11,DO 0.001%,96.48,84.66907017052174
2025-11-11,DO 0.05%,94.51,84.3723033028841
2025-11-12,DO 0.001%,98.45,84.77871405243874
2025-11-12,DO 0.05%,96.48,84.38753643870355
2025-11-13,DO 0.001%,94.69,84.58667596578599
2025-11-13,DO 0.05%,92.97,84.14962374329568
2025-11-14,DO 0.001%,95.02,84.74672463834285
2025-11-14,DO 0.05%,93.35,84.31547721445561
2025-11-17,DO 0.001%,95.43,84.26789436757565
2025-11-17,DO 0.05%,93.64,83.71305626213551
2025-11-18,DO 0.001%,96.81,84.2098999017477
2025-11-18,DO 0.05%,94.7,83.60896568357946
2025-11-19,DO 0.001%,99.49,84.54729500055313
2025-11-19,DO 0.05%,97.07,84.17682397425176
2025-11-20,DO 0.001%,97.33,84.46741544723511
2025-11-20,DO 0.05%,95.01,84.1685355782509
2025-11-21,DO 0.001%,91.44,84.44689690768719
2025-11-21,DO 0.05%,88.71,83.9079870569706
2025-11-24,DO 0.001%,88.52,84.5128163355589
2025-11-24,DO 0.05%,86.68,84.27712010800839
2025-11-25,DO 0.001%,88.12,84.49951662361622
2025-11-25,DO 0.05%,86.84,84.04005789160729
2025-11-26,DO 0.001%,86.41,83.93135272622109
2025-11-26,DO 0.05%,85.33,83.45108859837056
2025-11-27,DO 0.001%,86.49,84.22018711209297
2025-11-27,DO 0.05%,85.41,83.85405461013318
2025-11-28,DO 0.001%,87.81,84.15874833583833
2025-11-28,DO 0.05%,87.06,83.737886223197
2025-12-01,DO 0.001%,87.8,84.18045561969281
2025-12-01,DO 0.05%,86.97,83.82175653755665
2025-12-02,DO 0.001%,86.96,84.19671195209027
2025-12-02,DO 0.05%,86.13,83.76672199070454
2025-12-03,DO 0.001%,85.67,84.07442877173425
2025-12-03,DO 0.05%,84.92,83.68561447501183
2025-12-04,DO 0.001%,85.69,84.12898400723934
2025-12-04,DO 0.05%,85.06,83.89601996183396
2025-12-05,DO 0.001%,85.89,84.21649387657642
2025-12-05,DO 0.05%,85.33,83.96436022758485
2025-12-08,DO 0.001%,86.63,84.06300361812116
2025-12-08,DO 0.05%,86.2,83.42468852221967
2025-12-09,DO 0.001%,84.5,83.95374582409859
2025-12-09,DO 0.05%,84.18,83.34358603894711
2025-12-10,DO 0.001%,83.64,83.88033324301243
2025-12-10,DO 0.05%,83.37,83.405031889081
2025-12-11,DO 0.001%,82.58,83.8271801161766
2025-12-11,DO 0.05%,82.31,83.2337685662508
2025-12-12,DO 0.001%,82.8,83.42542518138886
2025-12-12,DO 0.05%,82.54,82.84046983361245
2025-12-15,DO 0.001%,81.6,83.60246172130108
2025-12-15,DO 0.05%,81.34,83.0407148641348
2025-12-16,DO 0.001%,80.08,83.65982625424863
2025-12-16,DO 0.05%,79.85,83.14347688376904
2025-12-17,DO 0.001%,79.39,83.40552133440971
2025-12-17,DO 0.05%,79.1,82.97651628017427
2025-12-18,DO 0.001%,80.23,83.22108308315278
2025-12-18,DO 0.05%,80.07,82.69140451610089
2025-12-19,DO 0.001%,78.92,83.27252929508687
2025-12-19,DO 0.05%,78.76,82.58452597677709
2025-12-22,DO 0.001%,79.3,83.289242836833
2025-12-22,DO 0.05%,79.26,82.71257590770722
2025-12-23,DO 0.001%,79.87,83.35725526750088
2025-12-23,DO 0.05%,79.83,83.03725759148598
2025-12-24,DO 0.001%,81.09,83.26732726871968
2025-12-24,DO 0.05%,81.05,82.844903395772
2025-12-25,DO 0.001%,81.09,82.71695389509202
2025-12-25,DO 0.05%,81.05,81.90432393848897
2025-12-26,DO 0.001%,80.56,83.20882479250432
2025-12-26,DO 0.05%,80.52,82.68566252470018
2025-12-29,DO 0.001%,79.38,83.60605335474014
2025-12-29,DO 0.05%,79.34,83.34698292255402
2025-12-30,DO 0.001%,79.74,82.72438608705998
2025-12-30,DO 0.05%,79.7,82.23151679992677
2025-12-31,DO 0.001%,80.28,82.78509332835675
2025-12-31,DO 0.05%,80.24,82.15320227742195
2026-01-01,DO 0.001%,80.28,83.00867886006833
2026-01-01,DO 0.05%,80.24,82.4299853861332
2026-01-02,DO 0.001%,79.4,82.64150927245618
2026-01-02,DO 0.05%,79.31,82.21179474532605
2026-01-05,DO 0.001%,78.1,82.90134134531021
2026-01-05,DO 0.05%,77.95,82.3433875000477
2026-01-06,DO 0.001%,79.56,82.3378206628561
2026-01-06,DO 0.05%,79.49,81.82032278120518
2026-01-07,DO 0.001%,77.33,82.57112443327904
2026-01-07,DO 0.05%,77.26,82.09359829306604
2025-11-13,DO 0.001%,94.69,98.64973761439323
2025-11-13,DO 0.05%,92.97,96.2006791305542
2025-11-14,DO 0.001%,95.02,98.78944479823113
2025-11-14,DO 0.05%,93.35,96.57235553741455
2025-11-17,DO 0.001%,95.43,99.00787810683251
2025-11-17,DO 0.05%,93.64,96.38827703475953
2025-11-18,DO 0.001%,96.81,98.67194241881371
2025-11-18,DO 0.05%,94.7,96.14056752204895
2025-11-19,DO 0.001%,99.49,98.87672657966614
2025-11-19,DO 0.05%,97.07,96.10834659576416
2025-11-20,DO 0.001%,97.33,98.90117298960686
2025-11-20,DO 0.05%,95.01,95.93805816650391
2025-11-21,DO 0.001%,91.44,99.0771566271782
2025-11-21,DO 0.05%,88.71,96.370317735672
2025-11-24,DO 0.001%,88.52,99.08830597400666
2025-11-24,DO 0.05%,86.68,96.07475701332093
2025-11-25,DO 0.001%,88.12,98.9420148074627
2025-11-25,DO 0.05%,86.84,96.11958337783814
2025-11-26,DO 0.001%,86.41,99.4734044134617
2025-11-26,DO 0.05%,85.33,96.02102288246155
2025-11-27,DO 0.001%,86.49,98.8919014275074
2025-11-27,DO 0.05%,85.41,95.496816072464
2025-11-28,DO 0.001%,87.81,99.36466894149781
2025-11-28,DO 0.05%,87.06,95.90560146331788
2025-12-01,DO 0.001%,87.8,99.23911556005478
2025-12-01,DO 0.05%,86.97,95.69883662223816
2025-12-02,DO 0.001%,86.96,99.37687454223634
2025-12-02,DO 0.05%,86.13,95.9548155784607
2025-12-03,DO 0.001%,85.67,99.55256477594376
2025-12-03,DO 0.05%,84.92,95.86734809875489
2025-12-04,DO 0.001%,85.69,98.97582666873932
2025-12-04,DO 0.05%,85.06,95.24233228683472
2025-12-05,DO 0.001%,85.89,99.2212883412838
2025-12-05,DO 0.05%,85.33,95.28956817626954
2025-12-08,DO 0.001%,86.63,99.25943084359169
2025-12-08,DO 0.05%,86.2,95.5024172115326
2025-12-09,DO 0.001%,84.5,99.46060026884079
2025-12-09,DO 0.05%,84.18,95.45525032997132
2025-12-10,DO 0.001%,83.64,99.22479745149613
2025-12-10,DO 0.05%,83.37,95.26371322631836
2025-12-11,DO 0.001%,82.58,99.54738913178444
2025-12-11,DO 0.05%,82.31,95.33011030197144
2025-12-12,DO 0.001%,82.8,99.81815395355225
2025-12-12,DO 0.05%,82.54,95.44510617256165
2025-12-15,DO 0.001%,81.6,99.54202570915223
2025-12-15,DO 0.05%,81.34,95.16499746322633
2025-12-16,DO 0.001%,80.08,99.82033687829971
2025-12-16,DO 0.05%,79.85,95.04954729080201
2025-12-17,DO 0.001%,79.39,99.47419073581696
2025-12-17,DO 0.05%,79.1,95.02675744056702
2025-12-18,DO 0.001%,80.23,99.56853768229485
2025-12-18,DO 0.05%,80.07,95.01829822540283
2025-12-19,DO 0.001%,78.92,99.64232288599014
2025-12-19,DO 0.05%,78.76,95.09494297027588
2025-12-22,DO 0.001%,79.3,99.42884223461151
2025-12-22,DO 0.05%,79.26,94.79387887001037
2025-12-23,DO 0.001%,79.87,99.66750867366791
2025-12-23,DO 0.05%,79.83,94.75147353172302
2025-12-24,DO 0.001%,81.09,99.44485034942628
2025-12-24,DO 0.05%,81.05,94.64205004692079
2025-12-25,DO 0.001%,81.09,99.5422721683979
2025-12-25,DO 0.05%,81.05,94.73227784156799
2025-12-26,DO 0.001%,80.56,99.56067445874214
2025-12-26,DO 0.05%,80.52,94.53545588493347
2025-12-29,DO 0.001%,79.38,99.75727851986885
2025-12-29,DO 0.05%,79.34,94.68810130119324
2025-12-30,DO 0.001%,79.74,99.3824140071869
2025-12-30,DO 0.05%,79.7,94.3688478755951
2025-12-31,DO 0.001%,80.28,99.25316373705864
2025-12-31,DO 0.05%,80.24,94.35871521949768
2026-01-01,DO 0.001%,80.28,99.54473676085472
2026-01-01,DO 0.05%,80.24,94.62458530426026
2026-01-02,DO 0.001%,79.4,99.61879189610481
2026-01-02,DO 0.05%,79.31,94.66298243522644
2026-01-05,DO 0.001%,78.1,99.64773325324059
2026-01-05,DO 0.05%,77.95,94.61816757202149
2026-01-06,DO 0.001%,79.56,99.6092151939869
2026-01-06,DO 0.05%,79.49,94.57411179542542
2026-01-07,DO 0.001%,77.33,99.56622565984726
2026-01-07,DO 0.05%,77.26,94.4675981426239
2026-01-08,DO 0.001%,77.11,99.58075501918793
2026-01-08,DO 0.05%,77.01,94.32752941131592
2026-01-09,DO 0.001%,79.58,99.9570396065712
2026-01-09,DO 0.05%,79.53,94.5350073337555
2026-01-12,DO 0.001%,79.98,99.61598695516587
2026-01-12,DO 0.05%,79.93,94.4396384525299
2026-01-13,DO 0.001%,81.31,99.75720810294152
2026-01-13,DO 0.05%,81.26,94.22011865615845
2026-01-14,DO 0.001%,82.47,99.57047414779663
2026-01-14,DO 0.05%,82.42,94.02211206436158
2026-01-15,DO 0.001%,81.77,100.14188404083252
2026-01-15,DO 0.05%,81.72,94.40168412208557
2026-01-16,DO 0.001%,81.69,99.87156519293785
2026-01-16,DO 0.05%,81.64,94.24758954048157
2026-01-19,DO 0.001%,82.11,99.75802963376046
2026-01-19,DO 0.05%,82.06,94.08231568336487
2026-01-20,DO 0.001%,82.53,100.04795959591866
2026-01-20,DO 0.05%,82.48,94.20002011299134
2026-01-21,DO 0.001%,83.93,99.72783250808716
2026-01-21,DO 0.05%,83.88,93.71426794052124
2026-01-22,DO 0.001%,85.38,99.96577130556106
2026-01-22,DO 0.05%,85.33,93.91598945617676
2026-01-23,DO 0.001%,84.16,99.6403746843338
2026-01-23,DO 0.05%,84.12,93.66308135032654
2026-01-26,DO 0.001%,85.79,99.57685861587525
2026-01-26,DO 0.05%,85.75,93.63451784133912
2026-01-27,DO 0.001%,84.04,99.44069575071335
2026-01-27,DO 0.05%,84.0,93.47024459838867
2026-01-28,DO 0.001%,86.7,99.81375289559365
2026-01-28,DO 0.05%,86.57,93.56800575256348
2026-01-29,DO 0.001%,88.6,99.67519585490227
2026-01-29,DO 0.05%,88.46,93.46822036743164
2026-01-30,DO 0.001%,88.81,99.993703353405
2026-01-30,DO 0.05%,88.63,93.53074150085449
2026-02-02,DO 0.001%,87.39,99.79397747516633
2026-02-02,DO 0.05%,86.69,93.44798955917359
2026-02-03,DO 0.001%,86.72,99.64623102545738
2026-02-03,DO 0.05%,85.73,93.33759996414184
2026-02-04,DO 0.001%,88.3,100.18528434038163
2026-02-04,DO 0.05%,87.06,93.41047227859498
2025-12-11,DO 0.001%,82.58,83.7783130645752
2025-12-11,DO 0.05%,82.31,83.66237015962601
2025-12-12,DO 0.001%,82.8,83.53217722892761
2025-12-12,DO 0.05%,82.54,82.86031010091305
2025-12-15,DO 0.001%,81.6,83.5476616716385
2025-12-15,DO 0.05%,81.34,83.44253101587296
2025-12-16,DO 0.001%,80.08,83.51681741952896
2025-12-16,DO 0.05%,79.85,83.3759332716465
2025-12-17,DO 0.001%,79.39,83.57089332103729
2025-12-17,DO 0.05%,79.1,83.37974964737893
2025-12-18,DO 0.001%,80.23,83.3567533493042
2025-12-18,DO 0.05%,80.07,83.54943922877312
2025-12-19,DO 0.001%,78.92,83.44799490451813
2025-12-19,DO 0.05%,78.76,83.5274950683117
2025-12-22,DO 0.001%,79.3,83.3181818318367
2025-12-22,DO 0.05%,79.26,83.46804309010506
2025-12-23,DO 0.001%,79.87,83.35204719543457
2025-12-23,DO 0.05%,79.83,83.70954811692238
2025-12-24,DO 0.001%,81.09,83.28934168338776
2025-12-24,DO 0.05%,81.05,83.70783869862557
2025-12-25,DO 0.001%,81.09,83.00666834592819
2025-12-25,DO 0.05%,81.05,83.34818007051945
2025-12-26,DO 0.001%,80.56,82.71132727861405
2025-12-26,DO 0.05%,80.52,83.06889888703823
2025-12-29,DO 0.001%,79.38,83.34653341770172
2025-12-29,DO 0.05%,79.34,84.03529168725014
2025-12-30,DO 0.001%,79.74,83.11978055477142
2025-12-30,DO 0.05%,79.7,83.7972850048542
2025-12-31,DO 0.001%,80.28,82.79889464378357
2025-12-31,DO 0.05%,80.24,84.09684068441392
2026-01-01,DO 0.001%,80.28,82.97762878417969
2026-01-01,DO 0.05%,80.24,84.2333755016327
2026-01-02,DO 0.001%,79.4,82.48712690591812
2026-01-02,DO 0.05%,79.31,83.32072502374649
2026-01-05,DO 0.001%,78.1,82.71450293540954
2026-01-05,DO 0.05%,77.95,84.29104849219323
2026-01-06,DO 0.001%,79.56,82.88854587793351
2026-01-06,DO 0.05%,79.49,84.11590268611909
2026-01-07,DO 0.001%,77.33,82.55989780426026
2026-01-07,DO 0.05%,77.26,84.03155481934547
2026-01-08,DO 0.001%,77.11,82.87599281072616
2026-01-08,DO 0.05%,77.01,84.48942052245141
2026-01-09,DO 0.001%,79.58,82.93556753396987
2026-01-09,DO 0.05%,79.53,84.52923406720161
2026-01-12,DO 0.001%,79.98,82.76037297964096
2026-01-12,DO 0.05%,79.93,84.28141810655595
2026-01-13,DO 0.001%,81.31,82.44903896570206
2026-01-13,DO 0.05%,81.26,83.84873650789261
2026-01-14,DO 0.001%,82.47,82.4624096274376
2026-01-14,DO 0.05%,82.42,83.97148665547371
2026-01-15,DO 0.001%,81.77,82.74057622432709
2026-01-15,DO 0.05%,81.72,84.72277599692345
2026-01-16,DO 0.001%,81.69,82.2852059841156
2026-01-16,DO 0.05%,81.64,84.78824075460435
2026-01-19,DO 0.001%,82.11,82.52450692892074
2026-01-19,DO 0.05%,82.06,84.68962123274804
2026-01-20,DO 0.001%,82.53,82.35718421459198
2026-01-20,DO 0.05%,82.48,84.20299357295036
2026-01-21,DO 0.001%,83.93,82.71096334934235
2026-01-21,DO 0.05%,83.88,84.55418958663941
2026-01-22,DO 0.001%,85.38,82.44950260162354
2026-01-22,DO 0.05%,85.33,84.75430085062982
2026-01-23,DO 0.001%,84.16,82.50231222867966
2026-01-23,DO 0.05%,84.12,84.37693682312965
2026-01-26,DO 0.001%,85.79,82.45270817041397
2026-01-26,DO 0.05%,85.75,84.30739728927612
2026-01-27,DO 0.001%,84.04,82.19960782527923
2026-01-27,DO 0.05%,84.0,84.40136560320855
2026-01-28,DO 0.001%,86.7,82.3727384519577
2026-01-28,DO 0.05%,86.57,84.69249345302582
2026-01-29,DO 0.001%,88.6,82.16817031860352
2026-01-29,DO 0.05%,88.46,84.60772817015648
2026-01-30,DO 0.001%,88.81,82.48488350629806
2026-01-30,DO 0.05%,88.63,84.27197655200959
2026-02-02,DO 0.001%,87.39,81.90252189159393
2026-02-02,DO 0.05%,86.69,84.20441477537156
2026-02-03,DO 0.001%,86.72,81.90922716379166
2026-02-03,DO 0.05%,85.73,84.44092074751855
2026-02-04,DO 0.001%,88.3,82.15268089056015
2026-02-04,DO 0.05%,87.06,84.80858482003212
2026-02-05,DO 0.001%,88.56,82.54218491792679
2026-02-05,DO 0.05%,87.32,85.05926306247711
2026-02-06,DO 0.001%,89.53,81.72417162179947
2026-02-06,DO 0.05%,88.0,84.62256631851197
2026-02-09,DO 0.001%,88.18,82.12644308567047
2026-02-09,DO 0.05%,86.64,84.3974597811699
2026-02-10,DO 0.001%,88.82,82.2262594127655
2026-02-10,DO 0.05%,87.4,84.80491752147675
2026-02-11,DO 0.001%,89.72,81.89679374456405
2026-02-11,DO 0.05%,88.3,84.94497056007386
2026-02-12,DO 0.001%,89.69,81.97268047571183
2026-02-12,DO 0.05%,88.37,84.7766823041439
2026-02-13,DO 0.001%,87.47,81.96744587659836
2026-02-13,DO 0.05%,86.18,85.14129526376725
2026-02-16,DO 0.001%,87.04,81.85731988191604
2026-02-16,DO 0.05%,85.76,85.27069425344467
2026-02-17,DO 0.001%,87.04,81.73547835588455
2026-02-17,DO 0.05%,85.76,84.86531365513802
2026-02-18,DO 0.001%,87.04,81.85514627695083
2026-02-18,DO 0.05%,85.76,85.07517456650734
2026-02-19,DO 0.001%,91.87,82.06230179786682
2026-02-19,DO 0.05%,90.71,85.23782770514488
2026-02-20,DO 0.001%,93.14,81.78231555461883
2026-02-20,DO 0.05%,92.09,85.46432562947274
2026-02-23,DO 0.001%,91.86,81.54552223205566
2026-02-23,DO 0.05%,91.02,84.88237802267075
2026-02-24,DO 0.001%,92.6,81.8545231103897
2026-02-24,DO 0.05%,91.88,85.51390869855881
2026-02-25,DO 0.001%,92.41,81.84639701843261
2026-02-25,DO 0.05%,91.7,85.7688704252243
2026-02-26,DO 0.001%,92.61,81.26007206439972
2026-02-26,DO 0.05%,91.9,84.87426822423936
2026-02-27,DO 0.001%,92.88,81.62606027841568
2026-02-27,DO 0.05%,92.26,85.40123616814614
2026-03-02,DO 0.001%,115.15,81.38088162660598
2026-03-02,DO 0.05%,114.53,85.2895077931881
2026-03-03,DO 0.001%,125.87,81.32910396337509
2026-03-03,DO 0.05%,125.25,85.42754332065583
2026-03-04,DO 0.001%,145.14,81.10221649646759
2026-03-04,DO 0.05%,140.6,85.56155376434327
2026-01-08,DO 0.001%,77.11,77.14729023456573
2026-01-08,DO 0.05%,77.01,76.93868690252305
2026-01-09,DO 0.001%,79.58,77.3261743414402
2026-01-09,DO 0.05%,79.53,76.91613134384156
2026-01-12,DO 0.001%,79.98,77.21850279450416
2026-01-12,DO 0.05%,79.93,76.89368170142174
2026-01-13,DO 0.001%,81.31,77.17678467929363
2026-01-13,DO 0.05%,81.26,76.50603278875352
2026-01-14,DO 0.001%,82.47,77.16114096224308
2026-01-14,DO 0.05%,82.42,76.89553293347359
2026-01-15,DO 0.001%,81.77,77.2194384676218
2026-01-15,DO 0.05%,81.72,76.83263709425927
2026-01-16,DO 0.001%,81.69,77.25345917344093
2026-01-16,DO 0.05%,81.64,76.8021378159523
2026-01-19,DO 0.001%,82.11,77.11710901498795
2026-01-19,DO 0.05%,82.06,76.71373457789421
2026-01-20,DO 0.001%,82.53,77.11927074253559
2026-01-20,DO 0.05%,82.48,76.64797899961472
2026-01-21,DO 0.001%,83.93,77.22932525992394
2026-01-21,DO 0.05%,83.88,76.53610379695893
2026-01-22,DO 0.001%,85.38,76.79236591398715
2026-01-22,DO 0.05%,85.33,76.47080872416497
2026-01-23,DO 0.001%,84.16,77.01348897874355
2026-01-23,DO 0.05%,84.12,76.39187347888947
2026-01-26,DO 0.001%,85.79,76.9576528006792
2026-01-26,DO 0.05%,85.75,76.4390108203888
2026-01-27,DO 0.001%,84.04,77.04287280201912
2026-01-27,DO 0.05%,84.0,76.39298329710961
2026-01-28,DO 0.001%,86.7,77.15861049652099
2026-01-28,DO 0.05%,86.57,76.57553688168527
2026-01-29,DO 0.001%,88.6,77.13384972810745
2026-01-29,DO 0.05%,88.46,76.57264030218126
2026-01-30,DO 0.001%,88.81,76.72922872006893
2026-01-30,DO 0.05%,88.63,76.13405948281289
2026-02-02,DO 0.001%,87.39,76.91675051867962
2026-02-02,DO 0.05%,86.69,76.39604565858842
2026-02-03,DO 0.001%,86.72,76.74090389251708
2026-02-03,DO 0.05%,85.73,76.1351923263073
2026-02-04,DO 0.001%,88.3,76.7647750800848
2026-02-04,DO 0.05%,87.06,76.11001188635827
2026-02-05,DO 0.001%,88.56,76.95523295640945
2026-02-05,DO 0.05%,87.32,76.08002837419511
2026-02-06,DO 0.001%,89.53,76.76481195390224
2026-02-06,DO 0.05%,88.0,75.9370414209366
2026-02-09,DO 0.001%,88.18,76.75446884810924
2026-02-09,DO 0.05%,86.64,76.0403143811226
2026-02-10,DO 0.001%,88.82,76.65487727642059
2026-02-10,DO 0.05%,87.4,75.99127515196801
2026-02-11,DO 0.001%,89.72,76.80060721218585
2026-02-11,DO 0.05%,88.3,76.05833396077156
2026-02-12,DO 0.001%,89.69,76.73682011723518
2026-02-12,DO 0.05%,88.37,76.01675031542779
2026-02-13,DO 0.001%,87.47,76.5321059012413
2026-02-13,DO 0.05%,86.18,75.7022987496853
2026-02-16,DO 0.001%,87.04,76.29448180317878
2026-02-16,DO 0.05%,85.76,75.496844227314
2026-02-17,DO 0.001%,87.04,76.5868911755085
2026-02-17,DO 0.05%,85.76,75.753944439888
2026-02-18,DO 0.001%,87.04,76.44253939867019
2026-02-18,DO 0.05%,85.76,75.49763169169427
2026-02-19,DO 0.001%,91.87,76.27077654778957
2026-02-19,DO 0.05%,90.71,75.21777790307999
2026-02-20,DO 0.001%,93.14,76.28593629598618
2026-02-20,DO 0.05%,92.09,75.50651023745537
2026-02-23,DO 0.001%,91.86,76.10285318315029
2026-02-23,DO 0.05%,91.02,75.2018536233902
2026-02-24,DO 0.001%,92.6,76.02115463137626
2026-02-24,DO 0.05%,91.88,75.30456937193871
2026-02-25,DO 0.001%,92.41,76.30575597286224
2026-02-25,DO 0.05%,91.7,75.21256498098374
2026-02-26,DO 0.001%,92.61,76.17528718829155
2026-02-26,DO 0.05%,91.9,75.09342300176621
2026-02-27,DO 0.001%,92.88,76.15268353819847
2026-02-27,DO 0.05%,92.26,75.34230779647828
2026-03-02,DO 0.001%,115.15,76.21700991272927
2026-03-02,DO 0.05%,114.53,75.06599068999292
2026-03-03,DO 0.001%,125.87,76.0147708517313
2026-03-03,DO 0.05%,125.25,74.98551275134088
2026-03-04,DO 0.001%,145.14,76.17389981091023
2026-03-04,DO 0.05%,140.6,75.08502798676491
2026-03-05,DO 0.001%,153.21,75.9365153926611
2026-03-05,DO 0.05%,152.21,74.96100004434587
2026-03-06,DO 0.001%,155.76,75.97128279328346
2026-03-06,DO 0.05%,154.76,74.7755498802662
2026-03-09,DO 0.001%,185.43,76.09816098988055
2026-03-09,DO 0.05%,184.43,74.9671523976326
2026-03-10,DO 0.001%,161.4,75.93802260994912
2026-03-10,DO 0.05%,160.4,74.7716816341877
2026-03-11,DO 0.001%,164.56,75.77882912158965
2026-03-11,DO 0.05%,163.56,74.70693916797639
2026-03-12,DO 0.001%,194.5,75.7546398973465
2026-03-12,DO 0.05%,193.5,74.40465876221657
2026-03-13,DO 0.001%,192.48,76.07063468515872
2026-03-13,DO 0.05%,191.48,74.66641929030419
2026-03-16,DO 0.001%,190.93,75.3904141563177
2026-03-16,DO 0.05%,189.93,74.26395591616631
2026-03-17,DO 0.001%,198.2,75.73044606387614
2026-03-17,DO 0.05%,197.2,74.47098076224327
2026-03-18,DO 0.001%,198.88,75.5262204259634
2026-03-18,DO 0.05%,197.88,74.37947371721268
2026-03-19,DO 0.001%,224.5,75.45710967361927
2026-03-19,DO 0.05%,223.5,74.34937507867814
2026-03-20,DO 0.001%,223.02,75.96950363159179
2026-03-20,DO 0.05%,222.02,74.50587786793709
2026-03-23,DO 0.001%,242.91,75.7873193180561
2026-03-23,DO 0.05%,241.91,74.30577441930771
2026-03-24,DO 0.001%,219.93,75.8292586761713
2026-03-24,DO 0.05%,218.93,74.29457492589951
2026-03-25,DO 0.001%,205.62,75.44600604534149
2026-03-25,DO 0.05%,204.62,73.95350153803825
2026-03-26,DO 0.001%,216.56,75.63228796184063
2026-03-26,DO 0.05%,215.56,74.0460447204113
2026-03-27,DO 0.001%,237.81,75.74865712046623
2026-03-27,DO 0.05%,236.81,74.18832710027695
2026-03-30,DO 0.001%,252.15,75.27441834509372
2026-03-30,DO 0.05%,251.15,73.67326092481613
2026-03-31,DO 0.001%,238.89,75.04830348730087
2026-03-31,DO 0.05%,237.89,73.45852721691132
2026-04-01,DO 0.001%,246.0,75.08275746047497
2026-04-01,DO 0.05%,245.0,73.48514443397522
2026-02-05,DO 0.001%,88.56,88.03670865297318
2026-02-05,DO 0.05%,87.32,86.79672693371774
2026-02-06,DO 0.001%,89.53,87.6049668431282
2026-02-06,DO 0.05%,88.0,86.94534505963325
2026-02-09,DO 0.001%,88.18,87.71849169731139
2026-02-09,DO 0.05%,86.64,86.9353610765934
2026-02-10,DO 0.001%,88.82,87.73700724840164
2026-02-10,DO 0.05%,87.4,86.88316311120987
2026-02-11,DO 0.001%,89.72,87.90612086057662
2026-02-11,DO 0.05%,88.3,86.81201944828034
2026-02-12,DO 0.001%,89.69,87.89817359447478
2026-02-12,DO 0.05%,88.37,86.82538158774376
2026-02-13,DO 0.001%,87.47,87.6984182715416
2026-02-13,DO 0.05%,86.18,86.9912174141407
2026-02-16,DO 0.001%,87.04,87.62520868778229
2026-02-16,DO 0.05%,85.76,86.92973081588745
2026-02-17,DO 0.001%,87.04,87.41734820604324
2026-02-17,DO 0.05%,85.76,87.0036403119564
2026-02-18,DO 0.001%,87.04,87.16611459851265
2026-02-18,DO 0.05%,85.76,86.97444079399109
2026-02-19,DO 0.001%,91.87,87.36199628710746
2026-02-19,DO 0.05%,90.71,86.84549485087395
2026-02-20,DO 0.001%,93.14,87.40347996354103
2026-02-20,DO 0.05%,92.09,86.91258576393128
2026-02-23,DO 0.001%,91.86,87.43252695798874
2026-02-23,DO 0.05%,91.02,86.91450576066971
2026-02-24,DO 0.001%,92.6,87.17937232255936
2026-02-24,DO 0.05%,91.88,87.00181372046471
2026-02-25,DO 0.001%,92.41,87.5487044095993
2026-02-25,DO 0.05%,91.7,86.72208057403564
2026-02-26,DO 0.001%,92.61,87.41752188801765
2026-02-26,DO 0.05%,91.9,87.16016155958175
2026-02-27,DO 0.001%,92.88,86.98588007688522
2026-02-27,DO 0.05%,92.26,86.87316874980927
2026-03-02,DO 0.001%,115.15,87.15675156116485
2026-03-02,DO 0.05%,114.53,86.78185474276543
2026-03-03,DO 0.001%,125.87,87.54678338170051
2026-03-03,DO 0.05%,125.25,86.78601127624512
2026-03-04,DO 0.001%,145.14,87.03715836405753
2026-03-04,DO 0.05%,140.6,87.0003088581562
2026-03-05,DO 0.001%,153.21,87.3492911875248
2026-03-05,DO 0.05%,152.21,86.92262682795524
2026-03-06,DO 0.001%,155.76,87.49324722886085
2026-03-06,DO 0.05%,154.76,86.82467585921287
2026-03-09,DO 0.001%,185.43,87.01123764514922
2026-03-09,DO 0.05%,184.43,87.06744128465652
2026-03-10,DO 0.001%,161.4,87.28456570506096
2026-03-10,DO 0.05%,160.4,86.6798614025116
2026-03-11,DO 0.001%,164.56,87.15137794613838
2026-03-11,DO 0.05%,163.56,86.7042246043682
2026-03-12,DO 0.001%,194.5,87.27011325955391
2026-03-12,DO 0.05%,193.5,86.84372534036636
2026-03-13,DO 0.001%,192.48,86.97131184339523
2026-03-13,DO 0.05%,191.48,87.04721385955811
2026-03-16,DO 0.001%,190.93,87.10093122720718
2026-03-16,DO 0.05%,189.93,86.92942465424538
2026-03-17,DO 0.001%,198.2,86.8762288570404
2026-03-17,DO 0.05%,197.2,86.97399452447891
2026-03-18,DO 0.001%,198.88,86.81834539175033
2026-03-18,DO 0.05%,197.88,86.77354167580604
2026-03-19,DO 0.001%,224.5,87.00594823956489
2026-03-19,DO 0.05%,223.5,86.83625810980797
2026-03-20,DO 0.001%,223.02,86.21281634569168
2026-03-20,DO 0.05%,222.02,87.1341014957428
2026-03-23,DO 0.001%,242.91,86.68492079377174
2026-03-23,DO 0.05%,241.91,87.08910092353821
2026-03-24,DO 0.001%,219.93,86.286262768507
2026-03-24,DO 0.05%,218.93,86.9678557240963
2026-03-25,DO 0.001%,205.62,86.49068118929863
2026-03-25,DO 0.05%,204.62,87.12933782815934
2026-03-26,DO 0.001%,216.56,86.48646545410156
2026-03-26,DO 0.05%,215.56,87.13331274032593
2026-03-27,DO 0.001%,237.81,86.44588702917099
2026-03-27,DO 0.05%,236.81,87.18938702344894
2026-03-30,DO 0.001%,252.15,86.0792233288288
2026-03-30,DO 0.05%,251.15,87.21587260007858
2026-03-31,DO 0.001%,238.89,86.03513442277908
2026-03-31,DO 0.05%,237.89,87.19731609106064
2026-04-01,DO 0.001%,246.0,85.89650989174842
2026-04-01,DO 0.05%,245.0,87.60462523698807
2026-04-02,DO 0.001%,292.82,86.073876029253
2026-04-02,DO 0.05%,291.82,86.9895724439621
2026-04-06,DO 0.001%,272.64,85.30765957832337
2026-04-06,DO 0.05%,264.02,87.3769551372528
2026-04-07,DO 0.001%,255.36,86.06268669962883
2026-04-07,DO 0.05%,234.99,87.09856598854066
2026-04-08,DO 0.001%,198.36,86.01647676825523
2026-04-08,DO 0.05%,183.29,86.90287680745125
2026-04-09,DO 0.001%,211.03,85.96819317936897
2026-04-09,DO 0.05%,181.78,87.37545027494431
2026-04-10,DO 0.001%,210.16,85.59098750948905
2026-04-10,DO 0.05%,182.08,87.33501618146897
2026-04-13,DO 0.001%,203.24,85.67336013317107
2026-04-13,DO 0.05%,176.9,87.27193650484085
2026-04-14,DO 0.001%,191.77,85.99891909956932
2026-04-14,DO 0.05%,168.23,87.14243531942368
2026-04-15,DO 0.001%,173.33,85.57571402192116
2026-04-15,DO 0.05%,155.37,87.21070417642593
2026-04-16,DO 0.001%,172.2,85.5549616575241
2026-04-16,DO 0.05%,158.6,87.31511048555375
2026-04-17,DO 0.001%,170.31,85.43068431019783
2026-04-17,DO 0.05%,156.71,87.20983239412308
2026-04-20,DO 0.001%,155.07,85.35513265132904
2026-04-20,DO 0.05%,141.47,87.59407044410706
2026-04-21,DO 0.001%,152.84,85.15881938934326
2026-04-21,DO 0.05%,139.24,87.24724638462067
2026-04-22,DO 0.001%,167.21,85.24165516495704
2026-04-22,DO 0.05%,153.61,87.41592588186265
2026-04-23,DO 0.001%,171.29,85.2115239739418
2026-04-23,DO 0.05%,157.69,87.29102231025696
2026-04-24,DO 0.001%,172.84,85.18759270310402
2026-04-24,DO 0.05%,159.24,87.50537697315217
2026-04-27,DO 0.001%,174.03,85.38847959041595
2026-04-27,DO 0.05%,160.43,87.42605516195297
2026-04-28,DO 0.001%,167.39,84.96394295096397
2026-04-28,DO 0.05%,153.79,87.68418575048447
2026-04-29,DO 0.001%,169.48,84.83508145213126
2026-04-29,DO 0.05%,156.43,87.68267050981522
2026-04-30,DO 0.001%,178.67,85.2056766808033
2026-04-30,DO 0.05%,165.62,87.23628683567047
