date,product,true,pred
2024-01-10,DO 0.001%,100.67,98.01390271365642
2024-01-10,DO 0.05%,99.35,96.81157004773617
2024-01-11,DO 0.001%,100.14,99.61398337244987
2024-01-11,DO 0.05%,98.77,97.50886168301105
2024-01-12,DO 0.001%,104.42,100.2731503021717
2024-01-12,DO 0.05%,103.01,98.41988676905632
2024-01-15,DO 0.001%,102.12,98.60117587685585
2024-01-15,DO 0.05%,100.69,97.86437415838242
2024-01-16,DO 0.001%,103.0,99.49023751854895
2024-01-16,DO 0.05%,101.74,97.2736961132288
2024-01-17,DO 0.001%,101.48,98.56068507134914
2024-01-17,DO 0.05%,100.01,97.03526015222072
2024-01-18,DO 0.001%,102.51,97.55113715350628
2024-01-18,DO 0.05%,101.01,97.71421548366546
2024-01-19,DO 0.001%,103.82,98.48808860599993
2024-01-19,DO 0.05%,102.11,96.99151721477509
2024-01-22,DO 0.001%,101.78,97.72728426277637
2024-01-22,DO 0.05%,100.1,96.8662938183546
2024-01-23,DO 0.001%,104.47,97.60291838049888
2024-01-23,DO 0.05%,102.79,96.60193331480026
2024-01-24,DO 0.001%,103.91,97.06739101409912
2024-01-24,DO 0.05%,102.23,96.67317779839038
2024-01-25,DO 0.001%,104.56,97.0820768290758
2024-01-25,DO 0.05%,102.85,97.47171190083026
2024-01-26,DO 0.001%,107.18,98.43425833284854
2024-01-26,DO 0.05%,105.69,97.63601705431938
2024-01-29,DO 0.001%,108.85,98.42977641344069
2024-01-29,DO 0.05%,106.99,97.33174264788627
2024-01-30,DO 0.001%,108.16,98.35066669762134
2024-01-30,DO 0.05%,106.38,97.67362073421478
2024-01-31,DO 0.001%,107.46,98.31847836732864
2024-01-31,DO 0.05%,105.68,97.24910416781901
2024-02-01,DO 0.001%,108.05,98.32929048120975
2024-02-01,DO 0.05%,106.25,97.76746117711066
2024-02-02,DO 0.001%,105.54,99.05875681877136
2024-02-02,DO 0.05%,103.77,97.09550634503364
2024-02-05,DO 0.001%,104.12,98.86108586728572
2024-02-05,DO 0.05%,102.41,97.01370001077652
2024-02-06,DO 0.001%,106.12,97.74725508153438
2024-02-06,DO 0.05%,104.41,96.8320769137144
2024-02-07,DO 0.001%,106.84,97.68241782844066
2024-02-07,DO 0.05%,105.08,96.06689265489578
2024-02-08,DO 0.001%,107.9,98.09300061941146
2024-02-08,DO 0.05%,106.32,97.72315377712249
2024-02-09,DO 0.001%,109.26,98.11930163264275
2024-02-09,DO 0.05%,107.62,98.00554798603058
2024-02-12,DO 0.001%,109.26,97.73693308532238
2024-02-12,DO 0.05%,107.62,97.41871643304825
2024-02-13,DO 0.001%,111.57,98.22561583161354
2024-02-13,DO 0.05%,109.85,96.54940920233726
2024-02-14,DO 0.001%,110.49,98.3777412700653
2024-02-14,DO 0.05%,108.84,97.81672653675079
2024-02-15,DO 0.001%,107.27,97.90075048744677
2024-02-15,DO 0.05%,105.61,95.53903288960457
2024-02-16,DO 0.001%,107.23,97.61850176036357
2024-02-16,DO 0.05%,105.57,96.37295937538147
2024-02-19,DO 0.001%,106.49,97.94058583438395
2024-02-19,DO 0.05%,104.97,96.49043159544468
2024-02-20,DO 0.001%,107.11,99.06000278055667
2024-02-20,DO 0.05%,105.66,97.52956640183925
2024-02-21,DO 0.001%,104.78,98.10849542379378
2024-02-21,DO 0.05%,103.36,96.96348612129688
2024-02-22,DO 0.001%,105.43,98.24254555881022
2024-02-22,DO 0.05%,104.09,96.53832362353802
2024-02-23,DO 0.001%,105.83,98.38097132265567
2024-02-23,DO 0.05%,104.61,96.62243436157704
2024-02-26,DO 0.001%,103.58,98.0407351797819
2024-02-26,DO 0.05%,102.4,96.62053148269653
2024-02-27,DO 0.001%,105.84,97.12254991948603
2024-02-27,DO 0.05%,104.49,96.41834332764148
2024-02-28,DO 0.001%,104.3,97.83365160703659
2024-02-28,DO 0.05%,102.97,97.5136276090145
2024-02-29,DO 0.001%,102.71,98.23180430531501
2024-02-29,DO 0.05%,101.38,96.89164807915687
2024-03-01,DO 0.001%,103.64,98.47731782734394
2024-03-01,DO 0.05%,102.24,97.04745719850062
2024-03-04,DO 0.001%,104.74,98.32932000637054
2024-03-04,DO 0.05%,103.56,96.8938302797079
2024-03-05,DO 0.001%,102.3,97.17338634133338
2024-03-05,DO 0.05%,101.08,96.71944626927376
2024-03-06,DO 0.001%,101.74,98.69050129830836
2024-03-06,DO 0.05%,100.57,96.8186636543274
2024-03-07,DO 0.001%,102.89,98.3941808795929
2024-03-07,DO 0.05%,101.79,96.451262550354
2024-03-08,DO 0.001%,104.89,96.7209073472023
2024-03-08,DO 0.05%,104.01,96.62128797888755
2024-03-11,DO 0.001%,102.43,97.45394032418727
2024-03-11,DO 0.05%,101.74,96.95966290593147
2024-03-12,DO 0.001%,103.48,97.25856052517891
2024-03-12,DO 0.05%,102.89,96.56160624861717
2024-03-13,DO 0.001%,101.83,97.722371276021
2024-03-13,DO 0.05%,100.94,96.63353739798069
2024-03-14,DO 0.001%,104.44,98.46483458936214
2024-03-14,DO 0.05%,103.47,95.55717715978622
2024-03-15,DO 0.001%,104.43,97.84743985712528
2024-03-15,DO 0.05%,103.34,95.41937264978885
2024-03-18,DO 0.001%,106.52,96.98972212612628
2024-03-18,DO 0.05%,105.54,96.5032920306921
2024-03-19,DO 0.001%,107.55,97.89234762668609
2024-03-19,DO 0.05%,106.65,96.17210381746291
2024-03-20,DO 0.001%,105.52,97.2039448827505
2024-03-20,DO 0.05%,104.45,96.71545429706573
2024-03-21,DO 0.001%,104.41,97.30512760877609
2024-03-21,DO 0.05%,103.5,95.92354244589805
2024-03-22,DO 0.001%,104.19,97.25861957550048
2024-03-22,DO 0.05%,103.24,95.82877674996853
2024-03-25,DO 0.001%,103.42,97.26138313055037
2024-03-25,DO 0.05%,102.4,95.95132913291454
2024-03-26,DO 0.001%,103.98,97.22344920396804
2024-03-26,DO 0.05%,102.94,96.5155298113823
2024-03-27,DO 0.001%,102.06,97.15043348133564
2024-03-27,DO 0.05%,101.24,95.80718751251698
2024-03-28,DO 0.001%,102.72,96.954221072793
2024-03-28,DO 0.05%,101.9,95.7599297773838
2024-04-01,DO 0.001%,104.13,97.83562979280948
2024-04-01,DO 0.05%,103.21,96.05532990157604
2024-04-02,DO 0.001%,104.86,96.664425714612
2024-04-02,DO 0.05%,103.96,95.64043247520924
2024-04-03,DO 0.001%,107.56,96.39614238858222
2024-04-03,DO 0.05%,106.51,95.92564899682998
2024-02-07,DO 0.001%,106.84,106.86026871204376
2024-02-07,DO 0.05%,105.08,104.94458327054977
2024-02-08,DO 0.001%,107.9,106.82079918384552
2024-02-08,DO 0.05%,106.32,103.84596175134182
2024-02-09,DO 0.001%,109.26,106.20929980754853
2024-02-09,DO 0.05%,107.62,105.46706840515137
2024-02-12,DO 0.001%,109.26,105.846357254982
2024-02-12,DO 0.05%,107.62,104.49675309419632
2024-02-13,DO 0.001%,111.57,105.33230460166932
2024-02-13,DO 0.05%,109.85,104.21335550427436
2024-02-14,DO 0.001%,110.49,105.94640365362167
2024-02-14,DO 0.05%,108.84,104.62169248580932
2024-02-15,DO 0.001%,107.27,105.62653601884843
2024-02-15,DO 0.05%,105.61,104.65280909061431
2024-02-16,DO 0.001%,107.23,105.88227199554444
2024-02-16,DO 0.05%,105.57,104.90410679101943
2024-02-19,DO 0.001%,106.49,105.4713967370987
2024-02-19,DO 0.05%,104.97,104.09862858235836
2024-02-20,DO 0.001%,107.11,104.79260308027268
2024-02-20,DO 0.05%,105.66,103.6419426202774
2024-02-21,DO 0.001%,104.78,104.92155584812164
2024-02-21,DO 0.05%,103.36,103.41816444516182
2024-02-22,DO 0.001%,105.43,104.72666872739792
2024-02-22,DO 0.05%,104.09,103.19390707433223
2024-02-23,DO 0.001%,105.83,105.24280238628388
2024-02-23,DO 0.05%,104.61,102.78669651389121
2024-02-26,DO 0.001%,103.58,105.15151645183563
2024-02-26,DO 0.05%,102.4,103.37161400437354
2024-02-27,DO 0.001%,105.84,106.13138544082642
2024-02-27,DO 0.05%,104.49,103.192668633461
2024-02-28,DO 0.001%,104.3,105.229348590374
2024-02-28,DO 0.05%,102.97,103.38569737970829
2024-02-29,DO 0.001%,102.71,104.41577661514283
2024-02-29,DO 0.05%,101.38,103.68488975822925
2024-03-01,DO 0.001%,103.64,105.2557881140709
2024-03-01,DO 0.05%,102.24,102.28474833846091
2024-03-04,DO 0.001%,104.74,105.63547358989716
2024-03-04,DO 0.05%,103.56,102.49696358323096
2024-03-05,DO 0.001%,102.3,105.29144984483719
2024-03-05,DO 0.05%,101.08,103.7625256872177
2024-03-06,DO 0.001%,101.74,106.34240826129914
2024-03-06,DO 0.05%,100.57,103.00055471539497
2024-03-07,DO 0.001%,102.89,104.26610234498978
2024-03-07,DO 0.05%,101.79,102.95971105992794
2024-03-08,DO 0.001%,104.89,104.91574294805527
2024-03-08,DO 0.05%,104.01,102.86661640167236
2024-03-11,DO 0.001%,102.43,104.43697251081467
2024-03-11,DO 0.05%,101.74,103.82947617411614
2024-03-12,DO 0.001%,103.48,104.37674352884294
2024-03-12,DO 0.05%,102.89,103.23462626338005
2024-03-13,DO 0.001%,101.83,104.28999912023545
2024-03-13,DO 0.05%,100.94,102.34743585050106
2024-03-14,DO 0.001%,104.44,104.09249967336655
2024-03-14,DO 0.05%,103.47,101.754975695014
2024-03-15,DO 0.001%,104.43,103.3486951494217
2024-03-15,DO 0.05%,103.34,102.51172530055045
2024-03-18,DO 0.001%,106.52,103.72332042932511
2024-03-18,DO 0.05%,105.54,102.09738281428814
2024-03-19,DO 0.001%,107.55,103.2495153093338
2024-03-19,DO 0.05%,106.65,101.6335275864601
2024-03-20,DO 0.001%,105.52,102.45438142299652
2024-03-20,DO 0.05%,104.45,100.96839771211147
2024-03-21,DO 0.001%,104.41,102.79622295856477
2024-03-21,DO 0.05%,103.5,101.40592206895352
2024-03-22,DO 0.001%,104.19,103.132555205822
2024-03-22,DO 0.05%,103.24,101.34141734719276
2024-03-25,DO 0.001%,103.42,102.70505087852479
2024-03-25,DO 0.05%,102.4,101.07576866865158
2024-03-26,DO 0.001%,103.98,102.28352390766145
2024-03-26,DO 0.05%,102.94,100.5776478356123
2024-03-27,DO 0.001%,102.06,102.21092907190324
2024-03-27,DO 0.05%,101.24,100.42341527223587
2024-03-28,DO 0.001%,102.72,102.12523465394975
2024-03-28,DO 0.05%,101.9,101.05424842476845
2024-04-01,DO 0.001%,104.13,102.96768137216569
2024-04-01,DO 0.05%,103.21,99.85410587072371
2024-04-02,DO 0.001%,104.86,102.48126371383667
2024-04-02,DO 0.05%,103.96,100.65889329075813
2024-04-03,DO 0.001%,107.56,102.94844630241394
2024-04-03,DO 0.05%,106.51,100.34173418462277
2024-04-04,DO 0.001%,107.66,102.66559400081636
2024-04-04,DO 0.05%,106.71,101.33588481485843
2024-04-05,DO 0.001%,108.93,101.85865720748902
2024-04-05,DO 0.05%,108.05,100.15558220803737
2024-04-08,DO 0.001%,108.66,102.4183212018013
2024-04-08,DO 0.05%,107.73,100.13314713597298
2024-04-09,DO 0.001%,108.38,101.57546334266664
2024-04-09,DO 0.05%,107.38,100.80816586732864
2024-04-10,DO 0.001%,108.38,102.62217751979829
2024-04-10,DO 0.05%,107.38,100.20197084248066
2024-04-11,DO 0.001%,108.14,102.53337108135224
2024-04-11,DO 0.05%,107.04,99.55342611849308
2024-04-12,DO 0.001%,107.67,101.96465566158295
2024-04-12,DO 0.05%,106.57,98.81128264725209
2024-04-15,DO 0.001%,106.25,101.5376130771637
2024-04-15,DO 0.05%,105.13,99.65649676024914
2024-04-16,DO 0.001%,106.3,101.2016982960701
2024-04-16,DO 0.05%,105.18,99.83910766720771
2024-04-17,DO 0.001%,105.88,101.26524170637131
2024-04-17,DO 0.05%,104.48,99.45105248868465
2024-04-18,DO 0.001%,101.86,102.18817084074021
2024-04-18,DO 0.05%,100.25,98.68203671753406
2024-04-19,DO 0.001%,100.68,101.50754286289215
2024-04-19,DO 0.05%,99.17,98.93498359799385
2024-04-22,DO 0.001%,100.58,100.64781557559968
2024-04-22,DO 0.05%,99.16,100.35605404615401
2024-04-23,DO 0.001%,102.67,101.54378651618958
2024-04-23,DO 0.05%,101.39,99.3151413822174
2024-04-24,DO 0.001%,102.13,101.03305461645127
2024-04-24,DO 0.05%,100.9,99.46620005190373
2024-04-25,DO 0.001%,102.19,101.43112125396729
2024-04-25,DO 0.05%,100.9,99.95304422736167
2024-04-26,DO 0.001%,101.78,100.92918144464494
2024-04-26,DO 0.05%,100.49,99.43630321800708
2024-04-29,DO 0.001%,101.28,100.66565909147263
2024-04-29,DO 0.05%,99.91,99.13996112048626
2024-04-30,DO 0.001%,101.21,100.07853088378907
2024-04-30,DO 0.05%,99.84,99.81527857124806
2024-05-01,DO 0.001%,101.21,100.0743498969078
2024-05-01,DO 0.05%,99.84,98.94091442286968
2024-03-06,DO 0.001%,101.74,103.18019428253173
2024-03-06,DO 0.05%,100.57,101.37744622707366
2024-03-07,DO 0.001%,102.89,101.78265293240547
2024-03-07,DO 0.05%,101.79,101.78497828483582
2024-03-08,DO 0.001%,104.89,102.12575016617775
2024-03-08,DO 0.05%,104.01,101.21927014350891
2024-03-11,DO 0.001%,102.43,102.04277463555336
2024-03-11,DO 0.05%,101.74,101.42125884532928
2024-03-12,DO 0.001%,103.48,103.49080374240874
2024-03-12,DO 0.05%,102.89,101.7584328508377
2024-03-13,DO 0.001%,101.83,102.29276220202446
2024-03-13,DO 0.05%,100.94,101.40344942569733
2024-03-14,DO 0.001%,104.44,101.50131173729896
2024-03-14,DO 0.05%,103.47,100.51050826072692
2024-03-15,DO 0.001%,104.43,102.12695138454437
2024-03-15,DO 0.05%,103.34,101.07537894964219
2024-03-18,DO 0.001%,106.52,102.58790216445922
2024-03-18,DO 0.05%,105.54,101.20252109527588
2024-03-19,DO 0.001%,107.55,102.52282905578613
2024-03-19,DO 0.05%,106.65,102.12099552154541
2024-03-20,DO 0.001%,105.52,102.03243318200111
2024-03-20,DO 0.05%,104.45,101.14058576583862
2024-03-21,DO 0.001%,104.41,101.48248248696326
2024-03-21,DO 0.05%,103.5,100.8178231716156
2024-03-22,DO 0.001%,104.19,102.4036706328392
2024-03-22,DO 0.05%,103.24,100.81688932180404
2024-03-25,DO 0.001%,103.42,102.30870730876923
2024-03-25,DO 0.05%,102.4,100.30976670026779
2024-03-26,DO 0.001%,103.98,101.76322612166405
2024-03-26,DO 0.05%,102.94,101.18606123924255
2024-03-27,DO 0.001%,102.06,101.7248359143734
2024-03-27,DO 0.05%,101.24,100.91257579088212
2024-03-28,DO 0.001%,102.72,102.41970720291137
2024-03-28,DO 0.05%,101.9,101.15271978855132
2024-04-01,DO 0.001%,104.13,101.74422613978386
2024-04-01,DO 0.05%,103.21,100.8380545759201
2024-04-02,DO 0.001%,104.86,101.43658618927002
2024-04-02,DO 0.05%,103.96,101.57698884487152
2024-04-03,DO 0.001%,107.56,101.94534180164337
2024-04-03,DO 0.05%,106.51,100.4114418578148
2024-04-04,DO 0.001%,107.66,101.81261631846428
2024-04-04,DO 0.05%,106.71,100.78698202848435
2024-04-05,DO 0.001%,108.93,100.64747718572616
2024-04-05,DO 0.05%,108.05,100.40841738939285
2024-04-08,DO 0.001%,108.66,101.393433791399
2024-04-08,DO 0.05%,107.73,101.47195182800293
2024-04-09,DO 0.001%,108.38,102.48125592470168
2024-04-09,DO 0.05%,107.38,98.89505653381347
2024-04-10,DO 0.001%,108.38,101.21787298321723
2024-04-10,DO 0.05%,107.38,100.47546780586242
2024-04-11,DO 0.001%,108.14,100.59456260204315
2024-04-11,DO 0.05%,107.04,99.91548326015472
2024-04-12,DO 0.001%,107.67,100.881348913908
2024-04-12,DO 0.05%,106.57,100.11191103696822
2024-04-15,DO 0.001%,106.25,99.47073440551758
2024-04-15,DO 0.05%,105.13,99.89743284702301
2024-04-16,DO 0.001%,106.3,100.63861134052276
2024-04-16,DO 0.05%,105.18,98.18567409276962
2024-04-17,DO 0.001%,105.88,100.88328793644905
2024-04-17,DO 0.05%,104.48,99.22881445646286
2024-04-18,DO 0.001%,101.86,100.34274576902389
2024-04-18,DO 0.05%,100.25,99.58662955522537
2024-04-19,DO 0.001%,100.68,99.48029537200928
2024-04-19,DO 0.05%,99.17,99.02239749908448
2024-04-22,DO 0.001%,100.58,99.95467906594276
2024-04-22,DO 0.05%,99.16,98.0305164527893
2024-04-23,DO 0.001%,102.67,100.01358754634857
2024-04-23,DO 0.05%,101.39,99.11794539690017
2024-04-24,DO 0.001%,102.13,100.83372091054916
2024-04-24,DO 0.05%,100.9,99.13399556398392
2024-04-25,DO 0.001%,102.19,100.55906873345374
2024-04-25,DO 0.05%,100.9,98.18393291473389
2024-04-26,DO 0.001%,101.78,100.08117894530297
2024-04-26,DO 0.05%,100.49,98.22017231225968
2024-04-29,DO 0.001%,101.28,98.83912525177001
2024-04-29,DO 0.05%,99.91,98.19777799129486
2024-04-30,DO 0.001%,101.21,99.78074630498885
2024-04-30,DO 0.05%,99.84,98.92665078163147
2024-05-01,DO 0.001%,101.21,99.12645424604416
2024-05-01,DO 0.05%,99.84,98.53448808431625
2024-05-02,DO 0.001%,97.79,99.72097197175026
2024-05-02,DO 0.05%,96.42,97.90680243968963
2024-05-03,DO 0.001%,97.12,99.75009389519691
2024-05-03,DO 0.05%,95.75,98.18541502475739
2024-05-06,DO 0.001%,97.2,99.89895350933075
2024-05-06,DO 0.05%,95.83,98.99743057250977
2024-05-07,DO 0.001%,97.76,99.22857609987258
2024-05-07,DO 0.05%,96.6,96.97547703504563
2024-05-08,DO 0.001%,96.5,99.47336854934692
2024-05-08,DO 0.05%,95.22,98.3473807311058
2024-05-09,DO 0.001%,98.98,99.7751487493515
2024-05-09,DO 0.05%,97.62,97.14373267173767
2024-05-10,DO 0.001%,98.72,99.57963064312935
2024-05-10,DO 0.05%,97.3,97.95012704610825
2024-05-13,DO 0.001%,97.09,98.61484497785568
2024-05-13,DO 0.05%,95.67,98.30756860494614
2024-05-14,DO 0.001%,97.22,99.22236878871918
2024-05-14,DO 0.05%,94.86,97.62657519817353
2024-05-15,DO 0.001%,96.97,99.93680103421211
2024-05-15,DO 0.05%,94.65,98.0724734210968
2024-05-16,DO 0.001%,96.84,99.45468564033509
2024-05-16,DO 0.05%,94.73,97.80001821994782
2024-05-17,DO 0.001%,97.96,98.88201545476913
2024-05-17,DO 0.05%,96.15,97.84831934213638
2024-05-20,DO 0.001%,98.57,98.74993631243706
2024-05-20,DO 0.05%,96.87,96.90894475460053
2024-05-21,DO 0.001%,97.51,98.36541228890418
2024-05-21,DO 0.05%,95.87,98.07773912906647
2024-05-22,DO 0.001%,97.51,98.56710721850395
2024-05-22,DO 0.05%,95.87,97.8672433567047
2024-05-23,DO 0.001%,95.97,100.0348680138588
2024-05-23,DO 0.05%,94.23,96.81705393314361
2024-05-24,DO 0.001%,95.17,99.80569750070572
2024-05-24,DO 0.05%,93.59,97.42084507226944
2024-05-27,DO 0.001%,95.92,98.64200958609581
2024-05-27,DO 0.05%,94.47,97.33033393859863
2024-05-28,DO 0.001%,97.93,98.76582654118538
2024-05-28,DO 0.05%,96.5,97.54119120121003
2024-05-29,DO 0.001%,99.3,98.48827192783355
2024-05-29,DO 0.05%,97.87,97.09520863056183
2024-04-04,DO 0.001%,107.66,108.42013554573059
2024-04-04,DO 0.05%,106.71,106.98228961825372
2024-04-05,DO 0.001%,108.93,107.91662249088287
2024-04-05,DO 0.05%,108.05,106.24327451109886
2024-04-08,DO 0.001%,108.66,106.85367256879806
2024-04-08,DO 0.05%,107.73,105.19483396649362
2024-04-09,DO 0.001%,108.38,107.28352877616882
2024-04-09,DO 0.05%,107.38,106.27852768003942
2024-04-10,DO 0.001%,108.38,107.859653673172
2024-04-10,DO 0.05%,107.38,106.02489912748338
2024-04-11,DO 0.001%,108.14,107.96878300189972
2024-04-11,DO 0.05%,107.04,105.3263493001461
2024-04-12,DO 0.001%,107.67,106.49944782018662
2024-04-12,DO 0.05%,106.57,105.08440197050572
2024-04-15,DO 0.001%,106.25,107.55793563365937
2024-04-15,DO 0.05%,105.13,105.5946238207817
2024-04-16,DO 0.001%,106.3,107.18099003314973
2024-04-16,DO 0.05%,105.18,105.03937847435475
2024-04-17,DO 0.001%,105.88,107.2647763800621
2024-04-17,DO 0.05%,104.48,105.62597266793252
2024-04-18,DO 0.001%,101.86,107.32925256729126
2024-04-18,DO 0.05%,100.25,106.00338409245015
2024-04-19,DO 0.001%,100.68,106.85462140798569
2024-04-19,DO 0.05%,99.17,105.82780388474465
2024-04-22,DO 0.001%,100.58,106.84342767000199
2024-04-22,DO 0.05%,99.16,105.28368744254112
2024-04-23,DO 0.001%,102.67,106.20207648992539
2024-04-23,DO 0.05%,101.39,105.8022639065981
2024-04-24,DO 0.001%,102.13,106.0709379386902
2024-04-24,DO 0.05%,100.9,104.0861652904749
2024-04-25,DO 0.001%,102.19,106.12699638366699
2024-04-25,DO 0.05%,100.9,104.30611509978772
2024-04-26,DO 0.001%,101.78,105.16825849533082
2024-04-26,DO 0.05%,100.49,104.45477135837079
2024-04-29,DO 0.001%,101.28,105.73683755636216
2024-04-29,DO 0.05%,99.91,103.79799459993839
2024-04-30,DO 0.001%,101.21,105.37509261608125
2024-04-30,DO 0.05%,99.84,103.50669410347939
2024-05-01,DO 0.001%,101.21,105.58449757814408
2024-05-01,DO 0.05%,99.84,104.47685775756837
2024-05-02,DO 0.001%,97.79,104.70067310810089
2024-05-02,DO 0.05%,96.42,102.65406640648843
2024-05-03,DO 0.001%,97.12,105.02764437437058
2024-05-03,DO 0.05%,95.75,103.52375884652139
2024-05-06,DO 0.001%,97.2,104.87045121192932
2024-05-06,DO 0.05%,95.83,103.54135686278343
2024-05-07,DO 0.001%,97.76,105.35596837759019
2024-05-07,DO 0.05%,96.6,103.57384843826294
2024-05-08,DO 0.001%,96.5,104.41853449344636
2024-05-08,DO 0.05%,95.22,102.20600262880326
2024-05-09,DO 0.001%,98.98,104.31558544158936
2024-05-09,DO 0.05%,97.62,103.08758579194546
2024-05-10,DO 0.001%,98.72,104.26193114995957
2024-05-10,DO 0.05%,97.3,102.06589143872262
2024-05-13,DO 0.001%,97.09,103.03675537109375
2024-05-13,DO 0.05%,95.67,102.37863713681698
2024-05-14,DO 0.001%,97.22,104.01359172582626
2024-05-14,DO 0.05%,94.86,101.97317173182965
2024-05-15,DO 0.001%,96.97,103.7301837182045
2024-05-15,DO 0.05%,94.65,102.45379691839219
2024-05-16,DO 0.001%,96.84,102.99864152669907
2024-05-16,DO 0.05%,94.73,101.69800909876824
2024-05-17,DO 0.001%,97.96,104.19290951013565
2024-05-17,DO 0.05%,96.15,102.24148434340954
2024-05-20,DO 0.001%,98.57,103.17033013105393
2024-05-20,DO 0.05%,96.87,100.8714610016346
2024-05-21,DO 0.001%,97.51,102.68846086740494
2024-05-21,DO 0.05%,95.87,101.63378141820431
2024-05-22,DO 0.001%,97.51,102.01252193450928
2024-05-22,DO 0.05%,95.87,100.8124009925127
2024-05-23,DO 0.001%,95.97,102.42108054876327
2024-05-23,DO 0.05%,94.23,100.85289166629315
2024-05-24,DO 0.001%,95.17,101.19053228855134
2024-05-24,DO 0.05%,93.59,100.49726826190948
2024-05-27,DO 0.001%,95.92,101.44669322490692
2024-05-27,DO 0.05%,94.47,99.90748712599277
2024-05-28,DO 0.001%,97.93,101.13837177753449
2024-05-28,DO 0.05%,96.5,100.1736158567667
2024-05-29,DO 0.001%,99.3,100.82776798725128
2024-05-29,DO 0.05%,97.87,99.399131731987
2024-05-30,DO 0.001%,97.24,100.80247629404069
2024-05-30,DO 0.05%,95.97,99.3178456568718
2024-05-31,DO 0.001%,95.92,100.84162873268127
2024-05-31,DO 0.05%,94.65,99.09185843288898
2024-06-03,DO 0.001%,95.41,100.23567310094833
2024-06-03,DO 0.05%,94.18,98.19941935062408
2024-06-04,DO 0.001%,91.71,100.070498149395
2024-06-04,DO 0.05%,90.88,98.15507514297963
2024-06-05,DO 0.001%,92.36,99.9370195555687
2024-06-05,DO 0.05%,91.77,98.80984577834607
2024-06-06,DO 0.001%,92.68,100.06925440073013
2024-06-06,DO 0.05%,92.15,98.14571746766568
2024-06-07,DO 0.001%,94.26,99.9803520154953
2024-06-07,DO 0.05%,93.62,97.605213316679
2024-06-10,DO 0.001%,94.38,99.50841991901397
2024-06-10,DO 0.05%,93.97,98.23355518519878
2024-06-11,DO 0.001%,96.65,99.59262298583985
2024-06-11,DO 0.05%,96.22,97.71579767644405
2024-06-12,DO 0.001%,98.31,99.91299725532532
2024-06-12,DO 0.05%,97.88,98.14047996282578
2024-06-13,DO 0.001%,97.71,98.94886765241623
2024-06-13,DO 0.05%,97.36,97.57049976944924
2024-06-14,DO 0.001%,98.48,98.86238865375519
2024-06-14,DO 0.05%,98.33,97.20925160229207
2024-06-17,DO 0.001%,98.48,99.02043448925019
2024-06-17,DO 0.05%,98.33,96.9144213449955
2024-06-18,DO 0.001%,99.14,98.83884077310563
2024-06-18,DO 0.05%,98.97,96.85691036760808
2024-06-19,DO 0.001%,101.06,97.82521766662597
2024-06-19,DO 0.05%,100.81,96.35584304094316
2024-06-20,DO 0.001%,101.81,98.04734220266343
2024-06-20,DO 0.05%,101.39,96.61197924733162
2024-06-21,DO 0.001%,100.93,97.90773462057113
2024-06-21,DO 0.05%,100.51,95.5510893124342
2024-06-24,DO 0.001%,100.54,97.86896684646607
2024-06-24,DO 0.05%,100.0,96.33728640258313
2024-06-25,DO 0.001%,101.15,97.27239061832428
2024-06-25,DO 0.05%,100.82,96.57414859116078
2024-06-26,DO 0.001%,101.21,97.9617351102829
2024-06-26,DO 0.05%,100.96,96.60797334969044
2024-05-02,DO 0.001%,97.79,100.7443084836006
2024-05-02,DO 0.05%,96.42,98.4098551940918
2024-05-03,DO 0.001%,97.12,101.04917125463486
2024-05-03,DO 0.05%,95.75,98.42332214355469
2024-05-06,DO 0.001%,97.2,100.90140305817127
2024-05-06,DO 0.05%,95.83,100.53753204345703
2024-05-07,DO 0.001%,97.76,101.65214030027389
2024-05-07,DO 0.05%,96.6,99.95799499511719
2024-05-08,DO 0.001%,96.5,101.4798255109787
2024-05-08,DO 0.05%,95.22,99.68710876464844
2024-05-09,DO 0.001%,98.98,100.31001054525375
2024-05-09,DO 0.05%,97.62,99.5717202758789
2024-05-10,DO 0.001%,98.72,100.2358941924572
2024-05-10,DO 0.05%,97.3,99.04099868774415
2024-05-13,DO 0.001%,97.09,100.10238702952861
2024-05-13,DO 0.05%,95.67,99.90998291015626
2024-05-14,DO 0.001%,97.22,99.30948201060295
2024-05-14,DO 0.05%,94.86,98.17382354736328
2024-05-15,DO 0.001%,96.97,98.82656142830848
2024-05-15,DO 0.05%,94.65,97.88027618408204
2024-05-16,DO 0.001%,96.84,99.8751214134693
2024-05-16,DO 0.05%,94.73,98.60111801147461
2024-05-17,DO 0.001%,97.96,100.61130202531814
2024-05-17,DO 0.05%,96.15,99.22944076538086
2024-05-20,DO 0.001%,98.57,100.09535303413867
2024-05-20,DO 0.05%,96.87,99.18777236938477
2024-05-21,DO 0.001%,97.51,100.31309319674968
2024-05-21,DO 0.05%,95.87,98.98313186645508
2024-05-22,DO 0.001%,97.51,98.75058100640773
2024-05-22,DO 0.05%,95.87,97.63395538330079
2024-05-23,DO 0.001%,95.97,98.34849104523659
2024-05-23,DO 0.05%,94.23,98.77724761962891
2024-05-24,DO 0.001%,95.17,99.19988198637962
2024-05-24,DO 0.05%,93.59,97.30598785400392
2024-05-27,DO 0.001%,95.92,98.72011041402816
2024-05-27,DO 0.05%,94.47,96.81224533081055
2024-05-28,DO 0.001%,97.93,98.53904837489128
2024-05-28,DO 0.05%,96.5,98.37107894897461
2024-05-29,DO 0.001%,99.3,97.70553801894188
2024-05-29,DO 0.05%,97.87,96.43931854248048
2024-05-30,DO 0.001%,97.24,97.3698487329483
2024-05-30,DO 0.05%,95.97,97.51113418579102
2024-05-31,DO 0.001%,95.92,98.60173900961875
2024-05-31,DO 0.05%,94.65,96.68939437866212
2024-06-03,DO 0.001%,95.41,98.63760273396969
2024-06-03,DO 0.05%,94.18,96.80403900146484
2024-06-04,DO 0.001%,91.71,97.60329171717166
2024-06-04,DO 0.05%,90.88,96.81235839843751
2024-06-05,DO 0.001%,92.36,96.85125746905803
2024-06-05,DO 0.05%,91.77,95.19038543701173
2024-06-06,DO 0.001%,92.68,96.2213287961483
2024-06-06,DO 0.05%,92.15,96.49655456542969
2024-06-07,DO 0.001%,94.26,96.48957376956939
2024-06-07,DO 0.05%,93.62,97.03423873901367
2024-06-10,DO 0.001%,94.38,96.47259203970432
2024-06-10,DO 0.05%,93.97,95.77656967163087
2024-06-11,DO 0.001%,96.65,96.70013515472411
2024-06-11,DO 0.05%,96.22,95.78673980712891
2024-06-12,DO 0.001%,98.31,96.15145938396454
2024-06-12,DO 0.05%,97.88,95.33376708984375
2024-06-13,DO 0.001%,97.71,95.34433555960655
2024-06-13,DO 0.05%,97.36,95.05678115844727
2024-06-14,DO 0.001%,98.48,95.26540520310401
2024-06-14,DO 0.05%,98.33,95.58853225708008
2024-06-17,DO 0.001%,98.48,96.04485755503177
2024-06-17,DO 0.05%,98.33,95.18576751708984
2024-06-18,DO 0.001%,99.14,95.74646774888038
2024-06-18,DO 0.05%,98.97,93.2867788696289
2024-06-19,DO 0.001%,101.06,94.92073942899704
2024-06-19,DO 0.05%,100.81,93.61213989257813
2024-06-20,DO 0.001%,101.81,95.39899078965186
2024-06-20,DO 0.05%,101.39,93.12394958496094
2024-06-21,DO 0.001%,100.93,95.68900736629962
2024-06-21,DO 0.05%,100.51,94.1006217956543
2024-06-24,DO 0.001%,100.54,94.40520668625831
2024-06-24,DO 0.05%,100.0,94.08667877197266
2024-06-25,DO 0.001%,101.15,94.76891130208969
2024-06-25,DO 0.05%,100.82,94.10793548583985
2024-06-26,DO 0.001%,101.21,94.00720681846141
2024-06-26,DO 0.05%,100.96,93.59368011474609
2024-06-27,DO 0.001%,102.61,93.13556448578834
2024-06-27,DO 0.05%,102.36,92.98485260009765
2024-06-28,DO 0.001%,103.22,93.32694224715232
2024-06-28,DO 0.05%,103.02,92.70330825805664
2024-07-01,DO 0.001%,101.78,92.5217488503456
2024-07-01,DO 0.05%,101.58,92.13622650146485
2024-07-02,DO 0.001%,103.9,93.7094202709198
2024-07-02,DO 0.05%,103.58,92.95969802856446
2024-07-03,DO 0.001%,103.17,93.18028404653072
2024-07-03,DO 0.05%,102.75,92.41305770874024
2024-07-04,DO 0.001%,102.49,93.92992939054966
2024-07-04,DO 0.05%,102.05,91.19159408569337
2024-07-05,DO 0.001%,103.55,92.80765723586082
2024-07-05,DO 0.05%,103.22,91.53188003540039
2024-07-08,DO 0.001%,101.58,93.13897892951965
2024-07-08,DO 0.05%,101.29,91.66839431762696
2024-07-09,DO 0.001%,100.78,92.7924008256197
2024-07-09,DO 0.05%,100.42,91.47337051391602
2024-07-10,DO 0.001%,99.47,92.37845080018043
2024-07-10,DO 0.05%,99.09,91.59499557495117
2024-07-11,DO 0.001%,100.41,93.43899753391742
2024-07-11,DO 0.05%,100.1,91.74763092041016
2024-07-12,DO 0.001%,100.72,92.00671077966689
2024-07-12,DO 0.05%,100.45,91.10077102661133
2024-07-15,DO 0.001%,99.66,92.5088270509243
2024-07-15,DO 0.05%,99.36,91.15806655883789
2024-07-16,DO 0.001%,99.13,92.77409795939921
2024-07-16,DO 0.05%,98.77,91.43306488037109
2024-07-17,DO 0.001%,98.14,92.08606341719627
2024-07-17,DO 0.05%,97.86,90.15465682983398
2024-07-18,DO 0.001%,99.76,92.2860195159912
2024-07-18,DO 0.05%,99.55,89.81551940917969
2024-07-19,DO 0.001%,98.79,91.58956951618194
2024-07-19,DO 0.05%,98.55,90.57090042114258
2024-07-22,DO 0.001%,96.71,91.5339068442583
2024-07-22,DO 0.05%,96.49,91.23283401489257
2024-07-23,DO 0.001%,97.01,91.66056702196597
2024-07-23,DO 0.05%,96.83,90.94970077514648
2024-07-24,DO 0.001%,96.31,91.17638562917709
2024-07-24,DO 0.05%,96.13,89.98824508666992
2024-05-30,DO 0.001%,97.24,97.93203093409538
2024-05-30,DO 0.05%,95.97,97.70211168050767
2024-05-31,DO 0.001%,95.92,98.42762489318848
2024-05-31,DO 0.05%,94.65,97.60934725880624
2024-06-03,DO 0.001%,95.41,98.8736079633236
2024-06-03,DO 0.05%,94.18,96.16397349894048
2024-06-04,DO 0.001%,91.71,99.23951046466827
2024-06-04,DO 0.05%,90.88,98.59020472288132
2024-06-05,DO 0.001%,92.36,98.16718844175338
2024-06-05,DO 0.05%,91.77,97.88117699861527
2024-06-06,DO 0.001%,92.68,98.73161736130714
2024-06-06,DO 0.05%,92.15,97.58476486206055
2024-06-07,DO 0.001%,94.26,99.53818198442458
2024-06-07,DO 0.05%,93.62,98.66349689960481
2024-06-10,DO 0.001%,94.38,99.05859822034836
2024-06-10,DO 0.05%,93.97,97.60136702179909
2024-06-11,DO 0.001%,96.65,100.60378031730652
2024-06-11,DO 0.05%,96.22,98.21695363759994
2024-06-12,DO 0.001%,98.31,99.18534806370735
2024-06-12,DO 0.05%,97.88,97.31180925548077
2024-06-13,DO 0.001%,97.71,99.155038189888
2024-06-13,DO 0.05%,97.36,98.74129254341126
2024-06-14,DO 0.001%,98.48,99.76040704250336
2024-06-14,DO 0.05%,98.33,97.66891319453717
2024-06-17,DO 0.001%,98.48,100.0696139216423
2024-06-17,DO 0.05%,98.33,98.4350217807293
2024-06-18,DO 0.001%,99.14,100.9312761068344
2024-06-18,DO 0.05%,98.97,97.76196345806122
2024-06-19,DO 0.001%,101.06,100.04823542833329
2024-06-19,DO 0.05%,100.81,99.06928728461266
2024-06-20,DO 0.001%,101.81,101.16803759336472
2024-06-20,DO 0.05%,101.39,98.81090961098671
2024-06-21,DO 0.001%,100.93,99.91205703020096
2024-06-21,DO 0.05%,100.51,98.32888696193696
2024-06-24,DO 0.001%,100.54,97.97185814380646
2024-06-24,DO 0.05%,100.0,99.42963465332986
2024-06-25,DO 0.001%,101.15,98.98633630871772
2024-06-25,DO 0.05%,100.82,99.0144056546688
2024-06-26,DO 0.001%,101.21,98.80635330677032
2024-06-26,DO 0.05%,100.96,98.16619046330453
2024-06-27,DO 0.001%,102.61,100.81852408647536
2024-06-27,DO 0.05%,102.36,99.01074221253396
2024-06-28,DO 0.001%,103.22,100.31031728982926
2024-06-28,DO 0.05%,103.02,98.65999679565431
2024-07-01,DO 0.001%,101.78,100.52223190069198
2024-07-01,DO 0.05%,101.58,98.62718915462494
2024-07-02,DO 0.001%,103.9,100.62905334234237
2024-07-02,DO 0.05%,103.58,99.97115906953812
2024-07-03,DO 0.001%,103.17,100.85896092653275
2024-07-03,DO 0.05%,102.75,99.050666731596
2024-07-04,DO 0.001%,102.49,100.87255035638809
2024-07-04,DO 0.05%,102.05,100.40901040673256
2024-07-05,DO 0.001%,103.55,100.27020006179809
2024-07-05,DO 0.05%,103.22,100.90649184823036
2024-07-08,DO 0.001%,101.58,102.10344729423522
2024-07-08,DO 0.05%,101.29,99.12801902890206
2024-07-09,DO 0.001%,100.78,101.34029663801194
2024-07-09,DO 0.05%,100.42,99.89013166308403
2024-07-10,DO 0.001%,99.47,99.80968648195267
2024-07-10,DO 0.05%,99.09,99.71145135641099
2024-07-11,DO 0.001%,100.41,100.62704097032547
2024-07-11,DO 0.05%,100.1,99.44987692117691
2024-07-12,DO 0.001%,100.72,100.8926148891449
2024-07-12,DO 0.05%,100.45,99.73100527048112
2024-07-15,DO 0.001%,99.66,99.94117723703384
2024-07-15,DO 0.05%,99.36,99.9278394496441
2024-07-16,DO 0.001%,99.13,100.99899834394455
2024-07-16,DO 0.05%,98.77,99.5702571630478
2024-07-17,DO 0.001%,98.14,100.23497171401978
2024-07-17,DO 0.05%,97.86,99.83149325489998
2024-07-18,DO 0.001%,99.76,100.00243620872497
2024-07-18,DO 0.05%,99.55,98.77356350183487
2024-07-19,DO 0.001%,98.79,100.20979338884354
2024-07-19,DO 0.05%,98.55,99.14708292841912
2024-07-22,DO 0.001%,96.71,99.68997402191162
2024-07-22,DO 0.05%,96.49,99.88589653730394
2024-07-23,DO 0.001%,97.01,100.71042419672013
2024-07-23,DO 0.05%,96.83,98.76236316919328
2024-07-24,DO 0.001%,96.31,99.11226344704627
2024-07-24,DO 0.05%,96.13,97.66033793985844
2024-07-25,DO 0.001%,96.57,99.33387887477875
2024-07-25,DO 0.05%,96.38,99.23697726488113
2024-07-26,DO 0.001%,97.8,98.85067284107208
2024-07-26,DO 0.05%,97.35,97.2961754578352
2024-07-29,DO 0.001%,96.53,98.13741717338561
2024-07-29,DO 0.05%,96.1,96.55560596346855
2024-07-30,DO 0.001%,94.57,99.03373950719833
2024-07-30,DO 0.05%,94.2,96.75497771799564
2024-07-31,DO 0.001%,95.13,97.50015814304352
2024-07-31,DO 0.05%,94.76,96.58120922386647
2024-08-01,DO 0.001%,96.76,98.88829236030578
2024-08-01,DO 0.05%,96.2,95.72243538558483
2024-08-02,DO 0.001%,95.25,97.12267858386039
2024-08-02,DO 0.05%,94.28,96.75735195517541
2024-08-05,DO 0.001%,90.96,96.06639043092727
2024-08-05,DO 0.05%,89.79,96.0420065432787
2024-08-06,DO 0.001%,91.32,97.75324351787567
2024-08-06,DO 0.05%,89.93,95.06862180113792
2024-08-07,DO 0.001%,91.37,97.70338996052742
2024-08-07,DO 0.05%,89.44,95.93615756630898
2024-08-08,DO 0.001%,92.84,98.1274500131607
2024-08-08,DO 0.05%,91.32,97.35128459453583
2024-08-09,DO 0.001%,92.84,97.81817802786827
2024-08-09,DO 0.05%,91.32,96.137326040864
2024-08-12,DO 0.001%,93.65,98.7066402733326
2024-08-12,DO 0.05%,91.88,97.70697099149227
2024-08-13,DO 0.001%,95.84,97.60748267769813
2024-08-13,DO 0.05%,94.14,97.28999777436258
2024-08-14,DO 0.001%,95.36,97.09774884581566
2024-08-14,DO 0.05%,93.48,96.15299483954907
2024-08-15,DO 0.001%,94.48,97.71625730395317
2024-08-15,DO 0.05%,92.65,97.14182670712472
2024-08-16,DO 0.001%,94.49,98.25754986405373
2024-08-16,DO 0.05%,92.64,95.45928590357305
2024-08-19,DO 0.001%,92.19,96.80723335146904
2024-08-19,DO 0.05%,90.53,95.08949992120266
2024-08-20,DO 0.001%,89.37,96.01950216293335
2024-08-20,DO 0.05%,87.73,94.53522929310799
2024-08-21,DO 0.001%,90.43,97.12897612452507
2024-08-21,DO 0.05%,88.9,95.21854292035103
2024-06-27,DO 0.001%,102.61,101.55869554162025
2024-06-27,DO 0.05%,102.36,101.07519052505492
2024-06-28,DO 0.001%,103.22,101.23067970514298
2024-06-28,DO 0.05%,103.02,101.81377710342407
2024-07-01,DO 0.001%,101.78,101.46196905612945
2024-07-01,DO 0.05%,101.58,100.90747764587401
2024-07-02,DO 0.001%,103.9,100.3296888411045
2024-07-02,DO 0.05%,103.58,100.79513950347899
2024-07-03,DO 0.001%,103.17,101.13382653534411
2024-07-03,DO 0.05%,102.75,101.30752130508422
2024-07-04,DO 0.001%,102.49,101.18684693455695
2024-07-04,DO 0.05%,102.05,101.31830499649047
2024-07-05,DO 0.001%,103.55,99.91993146300315
2024-07-05,DO 0.05%,103.22,99.58778730392456
2024-07-08,DO 0.001%,101.58,99.51466232895851
2024-07-08,DO 0.05%,101.29,100.32750520706176
2024-07-09,DO 0.001%,100.78,98.7961270314455
2024-07-09,DO 0.05%,100.42,98.34408828735351
2024-07-10,DO 0.001%,99.47,99.24341312766074
2024-07-10,DO 0.05%,99.09,99.0179967880249
2024-07-11,DO 0.001%,100.41,99.09807003080844
2024-07-11,DO 0.05%,100.1,97.91004470825195
2024-07-12,DO 0.001%,100.72,97.72947532057762
2024-07-12,DO 0.05%,100.45,97.5680416202545
2024-07-15,DO 0.001%,99.66,98.24146693527697
2024-07-15,DO 0.05%,99.36,96.63163568496704
2024-07-16,DO 0.001%,99.13,98.09409085690974
2024-07-16,DO 0.05%,98.77,97.51685519218444
2024-07-17,DO 0.001%,98.14,97.60965609550476
2024-07-17,DO 0.05%,97.86,97.21356387138366
2024-07-18,DO 0.001%,99.76,97.44680643379688
2024-07-18,DO 0.05%,99.55,97.26828268051146
2024-07-19,DO 0.001%,98.79,98.22538406074047
2024-07-19,DO 0.05%,98.55,97.89494031906128
2024-07-22,DO 0.001%,96.71,97.96381716012954
2024-07-22,DO 0.05%,96.49,97.182530670166
2024-07-23,DO 0.001%,97.01,97.59219175875187
2024-07-23,DO 0.05%,96.83,97.92413210868835
2024-07-24,DO 0.001%,96.31,97.64375227212905
2024-07-24,DO 0.05%,96.13,97.40198962211608
2024-07-25,DO 0.001%,96.57,97.69565664291382
2024-07-25,DO 0.05%,96.38,97.23096701622009
2024-07-26,DO 0.001%,97.8,98.34362878084183
2024-07-26,DO 0.05%,97.35,97.16800397872925
2024-07-29,DO 0.001%,96.53,97.31693692028522
2024-07-29,DO 0.05%,96.1,95.50605780601501
2024-07-30,DO 0.001%,94.57,97.19170646548271
2024-07-30,DO 0.05%,94.2,95.90632411956787
2024-07-31,DO 0.001%,95.13,96.26990317940711
2024-07-31,DO 0.05%,94.76,96.17916595458983
2024-08-01,DO 0.001%,96.76,97.36750205695628
2024-08-01,DO 0.05%,96.2,96.2852998638153
2024-08-02,DO 0.001%,95.25,96.09360688328742
2024-08-02,DO 0.05%,94.28,95.92946813583373
2024-08-05,DO 0.001%,90.96,96.48536302447319
2024-08-05,DO 0.05%,89.79,96.36319277763366
2024-08-06,DO 0.001%,91.32,97.02561127245426
2024-08-06,DO 0.05%,89.93,96.15865768432617
2024-08-07,DO 0.001%,91.37,96.91087751746177
2024-08-07,DO 0.05%,89.44,94.82033658981322
2024-08-08,DO 0.001%,92.84,96.39644270539283
2024-08-08,DO 0.05%,91.32,96.71202593803405
2024-08-09,DO 0.001%,92.84,96.17534842491149
2024-08-09,DO 0.05%,91.32,95.37915084838866
2024-08-12,DO 0.001%,93.65,96.10990089833736
2024-08-12,DO 0.05%,91.88,94.77511368751526
2024-08-13,DO 0.001%,95.84,95.72644559562205
2024-08-13,DO 0.05%,94.14,95.27894435882568
2024-08-14,DO 0.001%,95.36,96.11802075922489
2024-08-14,DO 0.05%,93.48,94.15549674034118
2024-08-15,DO 0.001%,94.48,94.53952824831008
2024-08-15,DO 0.05%,92.65,94.55102111816406
2024-08-16,DO 0.001%,94.49,95.00261368751525
2024-08-16,DO 0.05%,92.64,93.87476572036742
2024-08-19,DO 0.001%,92.19,94.6898542612791
2024-08-19,DO 0.05%,90.53,94.7304383945465
2024-08-20,DO 0.001%,89.37,95.31341855585575
2024-08-20,DO 0.05%,87.73,94.63868073463439
2024-08-21,DO 0.001%,90.43,94.1261573511362
2024-08-21,DO 0.05%,88.9,94.39175706863402
2024-08-22,DO 0.001%,88.73,94.33432379961013
2024-08-22,DO 0.05%,87.26,94.17441634178161
2024-08-23,DO 0.001%,90.15,95.55321385324001
2024-08-23,DO 0.05%,88.58,93.81096622467041
2024-08-26,DO 0.001%,92.15,95.14136316776275
2024-08-26,DO 0.05%,90.62,94.05225131988524
2024-08-27,DO 0.001%,92.83,94.72493374943733
2024-08-27,DO 0.05%,91.33,93.74042090415954
2024-08-28,DO 0.001%,89.04,95.15911103606223
2024-08-28,DO 0.05%,87.54,94.22539816856384
2024-08-29,DO 0.001%,88.29,95.26672030687331
2024-08-29,DO 0.05%,86.79,93.92146897315979
2024-08-30,DO 0.001%,90.99,95.56894683778286
2024-08-30,DO 0.05%,89.5,95.52174591064453
2024-09-02,DO 0.001%,88.31,95.45476204812526
2024-09-02,DO 0.05%,86.86,93.89133842468262
2024-09-03,DO 0.001%,89.01,95.8645495891571
2024-09-03,DO 0.05%,87.61,94.47295970916747
2024-09-04,DO 0.001%,85.52,95.47854853510856
2024-09-04,DO 0.05%,84.07,94.96042227745056
2024-09-05,DO 0.001%,85.16,94.98523380696773
2024-09-05,DO 0.05%,83.81,94.61101141929626
2024-09-06,DO 0.001%,84.77,96.14823798298835
2024-09-06,DO 0.05%,83.44,93.560443983078
2024-09-09,DO 0.001%,84.01,96.04252897679805
2024-09-09,DO 0.05%,82.66,94.02032750129699
2024-09-10,DO 0.001%,82.8,95.40350919663905
2024-09-10,DO 0.05%,81.43,95.03712970733642
2024-09-11,DO 0.001%,81.22,95.6084844070673
2024-09-11,DO 0.05%,79.91,94.06157873153686
2024-09-12,DO 0.001%,82.68,96.09055439472198
2024-09-12,DO 0.05%,81.37,94.08112417221069
2024-09-13,DO 0.001%,82.93,95.1901366263628
2024-09-13,DO 0.05%,81.89,94.67564135551451
2024-09-16,DO 0.001%,81.84,94.8177692168951
2024-09-16,DO 0.05%,81.1,95.31909435272216
2024-09-17,DO 0.001%,82.16,95.58489096283913
2024-09-17,DO 0.05%,81.45,94.09212450027465
2024-09-18,DO 0.001%,83.47,94.78939796447753
2024-09-18,DO 0.05%,82.86,94.35321981430053
2024-07-25,DO 0.001%,96.57,95.86570645570755
2024-07-25,DO 0.05%,96.38,94.76037857115269
2024-07-26,DO 0.001%,97.8,95.8608155298233
2024-07-26,DO 0.05%,97.35,96.37706873893737
2024-07-29,DO 0.001%,96.53,95.38775622308255
2024-07-29,DO 0.05%,96.1,96.53142940282821
2024-07-30,DO 0.001%,94.57,95.01738913834095
2024-07-30,DO 0.05%,94.2,94.6117247825861
2024-07-31,DO 0.001%,95.13,95.281935415864
2024-07-31,DO 0.05%,94.76,94.55406586050987
2024-08-01,DO 0.001%,96.76,94.1646745800972
2024-08-01,DO 0.05%,96.2,95.04068584799766
2024-08-02,DO 0.001%,95.25,94.38720022678376
2024-08-02,DO 0.05%,94.28,94.76032700300216
2024-08-05,DO 0.001%,90.96,94.43465713322163
2024-08-05,DO 0.05%,89.79,93.74109969735144
2024-08-06,DO 0.001%,91.32,93.7292271822691
2024-08-06,DO 0.05%,89.93,94.72658997297286
2024-08-07,DO 0.001%,91.37,94.30558720648288
2024-08-07,DO 0.05%,89.44,93.45583614826202
2024-08-08,DO 0.001%,92.84,94.48455950260163
2024-08-08,DO 0.05%,91.32,95.06802842736244
2024-08-09,DO 0.001%,92.84,94.67374418973922
2024-08-09,DO 0.05%,91.32,93.84141120970249
2024-08-12,DO 0.001%,93.65,93.25235042750836
2024-08-12,DO 0.05%,91.88,93.28267029881476
2024-08-13,DO 0.001%,95.84,94.57296356201172
2024-08-13,DO 0.05%,94.14,93.4065484559536
2024-08-14,DO 0.001%,95.36,93.64105848431588
2024-08-14,DO 0.05%,93.48,93.49894139230251
2024-08-15,DO 0.001%,94.48,93.41526647984982
2024-08-15,DO 0.05%,92.65,93.29881685972214
2024-08-16,DO 0.001%,94.49,93.43651789724827
2024-08-16,DO 0.05%,92.64,93.69143383860587
2024-08-19,DO 0.001%,92.19,93.63749935984612
2024-08-19,DO 0.05%,90.53,93.13180480957031
2024-08-20,DO 0.001%,89.37,93.32464657843113
2024-08-20,DO 0.05%,87.73,93.38947366833686
2024-08-21,DO 0.001%,90.43,92.87141503930093
2024-08-21,DO 0.05%,88.9,92.41586125671863
2024-08-22,DO 0.001%,88.73,92.78012349665165
2024-08-22,DO 0.05%,87.26,93.45373331367969
2024-08-23,DO 0.001%,90.15,92.28686902880669
2024-08-23,DO 0.05%,88.58,91.84100816369056
2024-08-26,DO 0.001%,92.15,92.60166784763337
2024-08-26,DO 0.05%,90.62,91.97546925127506
2024-08-27,DO 0.001%,92.83,92.69486524403095
2024-08-27,DO 0.05%,91.33,92.30890318274497
2024-08-28,DO 0.001%,89.04,91.72666283726693
2024-08-28,DO 0.05%,87.54,91.73354586780071
2024-08-29,DO 0.001%,88.29,91.8189589715004
2024-08-29,DO 0.05%,86.79,91.48600155591964
2024-08-30,DO 0.001%,90.99,91.87379819095135
2024-08-30,DO 0.05%,89.5,91.94373764932155
2024-09-02,DO 0.001%,88.31,91.47972274482251
2024-09-02,DO 0.05%,86.86,91.52690082907677
2024-09-03,DO 0.001%,89.01,92.01758681952954
2024-09-03,DO 0.05%,87.61,91.39704076647757
2024-09-04,DO 0.001%,85.52,91.77806922376156
2024-09-04,DO 0.05%,84.07,91.33308480024337
2024-09-05,DO 0.001%,85.16,91.8147511678934
2024-09-05,DO 0.05%,83.81,91.62729255855083
2024-09-06,DO 0.001%,84.77,91.12626150131226
2024-09-06,DO 0.05%,83.44,91.0672681736946
2024-09-09,DO 0.001%,84.01,91.42696159482003
2024-09-09,DO 0.05%,82.66,91.36724583506583
2024-09-10,DO 0.001%,82.8,91.25332798540592
2024-09-10,DO 0.05%,81.43,91.17562431752681
2024-09-11,DO 0.001%,81.22,91.38531983852387
2024-09-11,DO 0.05%,79.91,90.86281764626503
2024-09-12,DO 0.001%,82.68,91.1595106124878
2024-09-12,DO 0.05%,81.37,90.5455990332365
2024-09-13,DO 0.001%,82.93,91.24165176093578
2024-09-13,DO 0.05%,81.89,90.59951639950275
2024-09-16,DO 0.001%,81.84,90.46960303664207
2024-09-16,DO 0.05%,81.1,90.49480440497398
2024-09-17,DO 0.001%,82.16,90.62016548275948
2024-09-17,DO 0.05%,81.45,90.5649084407091
2024-09-18,DO 0.001%,83.47,90.5157798063755
2024-09-18,DO 0.05%,82.86,90.17100225806236
2024-09-19,DO 0.001%,84.96,90.19976973712444
2024-09-19,DO 0.05%,84.46,90.19111956655979
2024-09-20,DO 0.001%,84.32,89.14773846805096
2024-09-20,DO 0.05%,83.81,89.64654843747616
2024-09-23,DO 0.001%,84.39,91.24608918547631
2024-09-23,DO 0.05%,83.88,89.518034876585
2024-09-24,DO 0.001%,84.98,89.53718131184579
2024-09-24,DO 0.05%,84.47,89.40602312386035
2024-09-25,DO 0.001%,86.23,90.13644028365613
2024-09-25,DO 0.05%,85.61,89.73346369028091
2024-09-26,DO 0.001%,83.26,89.31129745900631
2024-09-26,DO 0.05%,82.6,89.39841395676136
2024-09-27,DO 0.001%,84.23,89.30990825235844
2024-09-27,DO 0.05%,83.41,89.6824226808548
2024-09-30,DO 0.001%,84.66,89.62740511715413
2024-09-30,DO 0.05%,83.82,89.01739408195019
2024-10-01,DO 0.001%,83.05,89.16414488375187
2024-10-01,DO 0.05%,82.4,88.56139984607697
2024-10-02,DO 0.001%,87.45,89.37281290709973
2024-10-02,DO 0.05%,86.86,88.42357536911965
2024-10-03,DO 0.001%,86.45,89.62958651602268
2024-10-03,DO 0.05%,85.92,88.8149604421854
2024-10-04,DO 0.001%,90.98,88.56055755734444
2024-10-04,DO 0.05%,90.45,88.86584101736545
2024-10-07,DO 0.001%,91.76,89.21518387675286
2024-10-07,DO 0.05%,91.25,88.70075990796089
2024-10-08,DO 0.001%,92.38,88.67692944645881
2024-10-08,DO 0.05%,91.89,88.35831873953342
2024-10-09,DO 0.001%,90.87,88.63393866717816
2024-10-09,DO 0.05%,90.36,88.27928195416926
2024-10-10,DO 0.001%,90.38,89.12830679655076
2024-10-10,DO 0.05%,89.86,88.0619451189041
2024-10-11,DO 0.001%,91.86,88.56110290706158
2024-10-11,DO 0.05%,91.29,88.41793152153491
2024-10-14,DO 0.001%,90.97,88.47272755026817
2024-10-14,DO 0.05%,90.35,88.51993332326411
2024-10-15,DO 0.001%,86.8,88.82230820000171
2024-10-15,DO 0.05%,86.22,88.65877770364284
2024-10-16,DO 0.001%,86.0,87.87860634684563
2024-10-16,DO 0.05%,85.48,88.0192753392458
2024-08-22,DO 0.001%,88.73,90.64367228388787
2024-08-22,DO 0.05%,87.26,88.37160898447037
2024-08-23,DO 0.001%,90.15,90.26328042447568
2024-08-23,DO 0.05%,88.58,89.57636678218842
2024-08-26,DO 0.001%,92.15,90.0889770513773
2024-08-26,DO 0.05%,90.62,88.04386433362961
2024-08-27,DO 0.001%,92.83,89.47325030505658
2024-08-27,DO 0.05%,91.33,87.9394928276539
2024-08-28,DO 0.001%,89.04,89.02783290624619
2024-08-28,DO 0.05%,87.54,87.40104458928108
2024-08-29,DO 0.001%,88.29,87.98637860655785
2024-08-29,DO 0.05%,86.79,87.34478136897087
2024-08-30,DO 0.001%,90.99,89.45533378541471
2024-08-30,DO 0.05%,89.5,87.61251121163369
2024-09-02,DO 0.001%,88.31,89.44184788525105
2024-09-02,DO 0.05%,86.86,87.9510814189911
2024-09-03,DO 0.001%,89.01,89.18302316904068
2024-09-03,DO 0.05%,87.61,87.34222732186318
2024-09-04,DO 0.001%,85.52,89.1083494436741
2024-09-04,DO 0.05%,84.07,87.39467006921768
2024-09-05,DO 0.001%,85.16,88.97072534739972
2024-09-05,DO 0.05%,83.81,87.00008038878441
2024-09-06,DO 0.001%,84.77,88.84356333434583
2024-09-06,DO 0.05%,83.44,86.64936521053315
2024-09-09,DO 0.001%,84.01,89.2793325471878
2024-09-09,DO 0.05%,82.66,86.22012633085251
2024-09-10,DO 0.001%,82.8,87.72371617615224
2024-09-10,DO 0.05%,81.43,85.88905929923058
2024-09-11,DO 0.001%,81.22,88.0512747848034
2024-09-11,DO 0.05%,79.91,87.16755593419076
2024-09-12,DO 0.001%,82.68,87.64396502554418
2024-09-12,DO 0.05%,81.37,85.86884417533875
2024-09-13,DO 0.001%,82.93,88.27413171052933
2024-09-13,DO 0.05%,81.89,86.11686228513719
2024-09-16,DO 0.001%,81.84,87.45137321949005
2024-09-16,DO 0.05%,81.1,86.30629627704621
2024-09-17,DO 0.001%,82.16,88.00488803148271
2024-09-17,DO 0.05%,81.45,86.16366705298424
2024-09-18,DO 0.001%,83.47,87.30456987142564
2024-09-18,DO 0.05%,82.86,86.47082566022874
2024-09-19,DO 0.001%,84.96,86.90504334151746
2024-09-19,DO 0.05%,84.46,85.91161651611328
2024-09-20,DO 0.001%,84.32,87.21784399867059
2024-09-20,DO 0.05%,83.81,85.7054434478283
2024-09-23,DO 0.001%,84.39,86.70958402991296
2024-09-23,DO 0.05%,83.88,85.25986820459366
2024-09-24,DO 0.001%,84.98,86.66338053822518
2024-09-24,DO 0.05%,84.47,85.31165919303895
2024-09-25,DO 0.001%,86.23,87.25289009094239
2024-09-25,DO 0.05%,85.61,85.02607751488686
2024-09-26,DO 0.001%,83.26,86.37138546645642
2024-09-26,DO 0.05%,82.6,84.49560934901238
2024-09-27,DO 0.001%,84.23,86.12275872111321
2024-09-27,DO 0.05%,83.41,84.26646575331688
2024-09-30,DO 0.001%,84.66,86.20593255221844
2024-09-30,DO 0.05%,83.82,84.58639989495278
2024-10-01,DO 0.001%,83.05,86.03616759955884
2024-10-01,DO 0.05%,82.4,84.60071739554405
2024-10-02,DO 0.001%,87.45,86.24889662504197
2024-10-02,DO 0.05%,86.86,84.00352077484132
2024-10-03,DO 0.001%,86.45,85.81731547951699
2024-10-03,DO 0.05%,85.92,83.76276209354401
2024-10-04,DO 0.001%,90.98,86.29527798831464
2024-10-04,DO 0.05%,90.45,84.39212275147439
2024-10-07,DO 0.001%,91.76,85.38681234359741
2024-10-07,DO 0.05%,91.25,84.48800549507142
2024-10-08,DO 0.001%,92.38,85.57834770023824
2024-10-08,DO 0.05%,91.89,84.13698298335076
2024-10-09,DO 0.001%,90.87,86.06159245610237
2024-10-09,DO 0.05%,90.36,83.64206482172013
2024-10-10,DO 0.001%,90.38,85.26727185845375
2024-10-10,DO 0.05%,89.86,83.62204045653344
2024-10-11,DO 0.001%,91.86,85.14699832677842
2024-10-11,DO 0.05%,91.29,83.84040618538857
2024-10-14,DO 0.001%,90.97,86.01024146854878
2024-10-14,DO 0.05%,90.35,83.90398182272912
2024-10-15,DO 0.001%,86.8,85.78788042724133
2024-10-15,DO 0.05%,86.22,84.24660565257074
2024-10-16,DO 0.001%,86.0,85.9860239827633
2024-10-16,DO 0.05%,85.48,83.97274503707887
2024-10-17,DO 0.001%,86.14,85.44764442563057
2024-10-17,DO 0.05%,85.51,83.59151376485825
2024-10-18,DO 0.001%,86.42,85.28888595104218
2024-10-18,DO 0.05%,85.79,83.3277739584446
2024-10-21,DO 0.001%,85.74,85.35539375364782
2024-10-21,DO 0.05%,85.24,82.72462142705918
2024-10-22,DO 0.001%,85.81,85.2165083861351
2024-10-22,DO 0.05%,85.35,83.82803866267204
2024-10-23,DO 0.001%,88.12,85.33077740430832
2024-10-23,DO 0.05%,87.78,82.98294050693512
2024-10-24,DO 0.001%,88.64,85.08090555787088
2024-10-24,DO 0.05%,88.3,83.13996671438218
2024-10-25,DO 0.001%,87.02,84.88661049664022
2024-10-25,DO 0.05%,86.62,83.54633044600487
2024-10-28,DO 0.001%,85.69,84.97880187809469
2024-10-28,DO 0.05%,85.37,83.06829972863198
2024-10-29,DO 0.001%,85.33,84.67455522716045
2024-10-29,DO 0.05%,85.08,83.06959264874459
2024-10-30,DO 0.001%,86.28,84.87820741176606
2024-10-30,DO 0.05%,86.0,83.2621741592884
2024-10-31,DO 0.001%,86.28,84.18830821454526
2024-10-31,DO 0.05%,86.0,83.39311941266061
2024-11-01,DO 0.001%,90.87,84.35489303886891
2024-11-01,DO 0.05%,90.6,83.36721332073212
2024-11-04,DO 0.001%,91.02,84.88735971331597
2024-11-04,DO 0.05%,90.75,83.30206392407418
2024-11-05,DO 0.001%,91.47,85.11740696310997
2024-11-05,DO 0.05%,91.13,82.80262584090234
2024-11-06,DO 0.001%,90.57,84.38340100288391
2024-11-06,DO 0.05%,90.29,82.56240234375001
2024-11-07,DO 0.001%,90.13,84.08295972585678
2024-11-07,DO 0.05%,89.92,82.5745844066143
2024-11-08,DO 0.001%,90.21,83.9159113574028
2024-11-08,DO 0.05%,89.97,82.12969271540642
2024-11-11,DO 0.001%,89.16,83.91739362061024
2024-11-11,DO 0.05%,89.0,82.6684959769249
2024-11-12,DO 0.001%,87.15,84.18256242334843
2024-11-12,DO 0.05%,87.0,82.94080932736398
2024-11-13,DO 0.001%,87.42,84.32676237821579
2024-11-13,DO 0.05%,87.3,82.2383350968361
2024-09-19,DO 0.001%,84.96,83.04059548914432
2024-09-19,DO 0.05%,84.46,82.22418844342232
2024-09-20,DO 0.001%,84.32,82.141566953063
2024-09-20,DO 0.05%,83.81,82.72570303916932
2024-09-23,DO 0.001%,84.39,83.11683544933796
2024-09-23,DO 0.05%,83.88,82.31739424824714
2024-09-24,DO 0.001%,84.98,83.35465994536877
2024-09-24,DO 0.05%,84.47,83.00483644723892
2024-09-25,DO 0.001%,86.23,83.33891841351986
2024-09-25,DO 0.05%,85.61,83.17686615228654
2024-09-26,DO 0.001%,83.26,83.247852358222
2024-09-26,DO 0.05%,82.6,83.27521822929383
2024-09-27,DO 0.001%,84.23,83.49872680306434
2024-09-27,DO 0.05%,83.41,82.80390464544296
2024-09-30,DO 0.001%,84.66,82.35780405759812
2024-09-30,DO 0.05%,83.82,81.34548469305038
2024-10-01,DO 0.001%,83.05,82.32526127636433
2024-10-01,DO 0.05%,82.4,81.86257639288903
2024-10-02,DO 0.001%,87.45,82.22505080401898
2024-10-02,DO 0.05%,86.86,81.44263169288635
2024-10-03,DO 0.001%,86.45,81.83381602525711
2024-10-03,DO 0.05%,85.92,82.05918177008628
2024-10-04,DO 0.001%,90.98,81.75881986498833
2024-10-04,DO 0.05%,90.45,81.40576818466187
2024-10-07,DO 0.001%,91.76,81.8189949053526
2024-10-07,DO 0.05%,91.25,81.4879060471058
2024-10-08,DO 0.001%,92.38,82.2514143872261
2024-10-08,DO 0.05%,91.89,81.28972517967225
2024-10-09,DO 0.001%,90.87,81.09507847309112
2024-10-09,DO 0.05%,90.36,81.1724326479435
2024-10-10,DO 0.001%,90.38,81.14545734524727
2024-10-10,DO 0.05%,89.86,80.45710081458091
2024-10-11,DO 0.001%,91.86,80.61414084374904
2024-10-11,DO 0.05%,91.29,79.89032437562942
2024-10-14,DO 0.001%,90.97,80.37873429477214
2024-10-14,DO 0.05%,90.35,80.02062087535857
2024-10-15,DO 0.001%,86.8,80.22288118898868
2024-10-15,DO 0.05%,86.22,79.85373744249344
2024-10-16,DO 0.001%,86.0,79.83693504750728
2024-10-16,DO 0.05%,85.48,79.34015725851059
2024-10-17,DO 0.001%,86.14,79.45268544912338
2024-10-17,DO 0.05%,85.51,78.39873022913933
2024-10-18,DO 0.001%,86.42,79.54287586927414
2024-10-18,DO 0.05%,85.79,79.09439559817314
2024-10-21,DO 0.001%,85.74,80.03797291696071
2024-10-21,DO 0.05%,85.24,78.50116672754288
2024-10-22,DO 0.001%,85.81,79.7086992752552
2024-10-22,DO 0.05%,85.35,78.14423175930976
2024-10-23,DO 0.001%,88.12,78.63120535075664
2024-10-23,DO 0.05%,87.78,78.3072431409359
2024-10-24,DO 0.001%,88.64,79.41136641561985
2024-10-24,DO 0.05%,88.3,78.44170802235604
2024-10-25,DO 0.001%,87.02,78.53963182508946
2024-10-25,DO 0.05%,86.62,77.58471047759056
2024-10-28,DO 0.001%,85.69,78.60540894031524
2024-10-28,DO 0.05%,85.37,78.3972485768795
2024-10-29,DO 0.001%,85.33,78.83247705459594
2024-10-29,DO 0.05%,85.08,77.52195756554603
2024-10-30,DO 0.001%,86.28,78.88595050096512
2024-10-30,DO 0.05%,86.0,78.8975235235691
2024-10-31,DO 0.001%,86.28,79.35544019579888
2024-10-31,DO 0.05%,86.0,78.44637028813362
2024-11-01,DO 0.001%,90.87,78.78756095170975
2024-11-01,DO 0.05%,90.6,77.93384207725525
2024-11-04,DO 0.001%,91.02,78.24286613821984
2024-11-04,DO 0.05%,90.75,78.11676686525345
2024-11-05,DO 0.001%,91.47,78.07947062969208
2024-11-05,DO 0.05%,91.13,77.0866135597229
2024-11-06,DO 0.001%,90.57,77.92998577952385
2024-11-06,DO 0.05%,90.29,77.15009248137474
2024-11-07,DO 0.001%,90.13,77.73723659276962
2024-11-07,DO 0.05%,89.92,77.1322879600525
2024-11-08,DO 0.001%,90.21,77.79740665793419
2024-11-08,DO 0.05%,89.97,76.41798340559005
2024-11-11,DO 0.001%,89.16,77.87623372197152
2024-11-11,DO 0.05%,89.0,77.03021693587303
2024-11-12,DO 0.001%,87.15,77.43204789280891
2024-11-12,DO 0.05%,87.0,76.6267975974083
2024-11-13,DO 0.001%,87.42,76.84997937917709
2024-11-13,DO 0.05%,87.3,76.38169280290603
2024-11-14,DO 0.001%,87.85,76.69171330153942
2024-11-14,DO 0.05%,87.75,76.16776197195053
2024-11-15,DO 0.001%,86.5,76.71871868550777
2024-11-15,DO 0.05%,86.46,76.2557622385025
2024-11-18,DO 0.001%,87.24,76.4464110803604
2024-11-18,DO 0.05%,87.2,75.55869917750358
2024-11-19,DO 0.001%,89.91,76.26756757676601
2024-11-19,DO 0.05%,89.88,75.33684644579887
2024-11-20,DO 0.001%,89.75,75.55328810632228
2024-11-20,DO 0.05%,89.72,75.06321984529495
2024-11-21,DO 0.001%,89.94,75.21313370287419
2024-11-21,DO 0.05%,89.91,75.20317671775818
2024-11-22,DO 0.001%,91.23,74.9643189907074
2024-11-22,DO 0.05%,91.2,75.07952789783478
2024-11-25,DO 0.001%,90.01,75.29728423058987
2024-11-25,DO 0.05%,89.94,74.52353788733483
2024-11-26,DO 0.001%,89.31,75.02147906005382
2024-11-26,DO 0.05%,89.28,74.0316984808445
2024-11-27,DO 0.001%,88.4,74.64020463109016
2024-11-27,DO 0.05%,88.33,74.25607002139091
2024-11-28,DO 0.001%,87.58,74.81855558991433
2024-11-28,DO 0.05%,87.45,73.6590184879303
2024-11-29,DO 0.001%,88.1,75.06984297633171
2024-11-29,DO 0.05%,87.97,74.30819948673248
2024-12-02,DO 0.001%,87.71,74.56155667424201
2024-12-02,DO 0.05%,87.58,74.20569878339768
2024-12-03,DO 0.001%,87.2,74.8311876219511
2024-12-03,DO 0.05%,87.08,74.21673215389252
2024-12-04,DO 0.001%,88.1,74.51737192571163
2024-12-04,DO 0.05%,87.92,74.00461881637573
2024-12-05,DO 0.001%,86.86,74.7239869940281
2024-12-05,DO 0.05%,86.68,74.18992412567138
2024-12-06,DO 0.001%,86.46,74.46918711662292
2024-12-06,DO 0.05%,86.35,73.91321568846702
2024-12-09,DO 0.001%,86.98,74.82292879045009
2024-12-09,DO 0.05%,86.86,73.78873220443725
2024-12-10,DO 0.001%,87.18,74.7255840331316
2024-12-10,DO 0.05%,87.06,73.62268343567848
2024-12-11,DO 0.001%,87.54,74.41895252525806
2024-12-11,DO 0.05%,87.42,73.7593214070797
2024-10-17,DO 0.001%,86.14,86.70589113235474
2024-10-17,DO 0.05%,85.51,86.40251180171967
2024-10-18,DO 0.001%,86.42,86.64102673530579
2024-10-18,DO 0.05%,85.79,85.14305203199388
2024-10-21,DO 0.001%,85.74,86.28466725349426
2024-10-21,DO 0.05%,85.24,84.26470373392105
2024-10-22,DO 0.001%,85.81,85.41089451313019
2024-10-22,DO 0.05%,85.35,85.27130349874497
2024-10-23,DO 0.001%,88.12,85.01156377792358
2024-10-23,DO 0.05%,87.78,84.32498273849488
2024-10-24,DO 0.001%,88.64,85.51076948642731
2024-10-24,DO 0.05%,88.3,84.5862953567505
2024-10-25,DO 0.001%,87.02,84.71713662147522
2024-10-25,DO 0.05%,86.62,84.7392015528679
2024-10-28,DO 0.001%,85.69,85.28856766223907
2024-10-28,DO 0.05%,85.37,84.48352401018143
2024-10-29,DO 0.001%,85.33,85.0739676952362
2024-10-29,DO 0.05%,85.08,84.49462602615357
2024-10-30,DO 0.001%,86.28,85.33596777915955
2024-10-30,DO 0.05%,86.0,85.74915892601014
2024-10-31,DO 0.001%,86.28,85.52298474311829
2024-10-31,DO 0.05%,86.0,84.86327511548997
2024-11-01,DO 0.001%,90.87,85.51129233837128
2024-11-01,DO 0.05%,90.6,85.32615122795106
2024-11-04,DO 0.001%,91.02,85.23041832447052
2024-11-04,DO 0.05%,90.75,85.35644612789154
2024-11-05,DO 0.001%,91.47,85.24380230903625
2024-11-05,DO 0.05%,91.13,84.95776198387146
2024-11-06,DO 0.001%,90.57,85.17186915874481
2024-11-06,DO 0.05%,90.29,85.25170810937882
2024-11-07,DO 0.001%,90.13,85.0979368686676
2024-11-07,DO 0.05%,89.92,85.06392150878906
2024-11-08,DO 0.001%,90.21,85.64383018016815
2024-11-08,DO 0.05%,89.97,84.41916900157929
2024-11-11,DO 0.001%,89.16,85.13601279258728
2024-11-11,DO 0.05%,89.0,84.02814774513244
2024-11-12,DO 0.001%,87.15,84.51425468921661
2024-11-12,DO 0.05%,87.0,83.82966163396836
2024-11-13,DO 0.001%,87.42,84.98269414901733
2024-11-13,DO 0.05%,87.3,84.02059694766999
2024-11-14,DO 0.001%,87.85,84.6296306848526
2024-11-14,DO 0.05%,87.75,83.84137505054474
2024-11-15,DO 0.001%,86.5,84.40197992324829
2024-11-15,DO 0.05%,86.46,83.86037941932679
2024-11-18,DO 0.001%,87.24,84.76328599452972
2024-11-18,DO 0.05%,87.2,82.77732400894165
2024-11-19,DO 0.001%,89.91,84.11742031574249
2024-11-19,DO 0.05%,89.88,83.47834575176239
2024-11-20,DO 0.001%,89.75,83.77714622020721
2024-11-20,DO 0.05%,89.72,83.23552290678025
2024-11-21,DO 0.001%,89.94,83.98230922222137
2024-11-21,DO 0.05%,89.91,83.7913115310669
2024-11-22,DO 0.001%,91.23,83.53674709796906
2024-11-22,DO 0.05%,91.2,83.13690398931503
2024-11-25,DO 0.001%,90.01,83.64386510848999
2024-11-25,DO 0.05%,89.94,82.94342626810074
2024-11-26,DO 0.001%,89.31,82.92873179912567
2024-11-26,DO 0.05%,89.28,82.42352176427842
2024-11-27,DO 0.001%,88.4,83.19009113311768
2024-11-27,DO 0.05%,88.33,82.40876153469087
2024-11-28,DO 0.001%,87.58,83.40447068214417
2024-11-28,DO 0.05%,87.45,82.4977712726593
2024-11-29,DO 0.001%,88.1,82.79286205768585
2024-11-29,DO 0.05%,87.97,82.20037582874299
2024-12-02,DO 0.001%,87.71,83.25711870193481
2024-12-02,DO 0.05%,87.58,82.015146920681
2024-12-03,DO 0.001%,87.2,83.47079598903656
2024-12-03,DO 0.05%,87.08,82.2200374531746
2024-12-04,DO 0.001%,88.1,83.01883661746979
2024-12-04,DO 0.05%,87.92,81.98865289449692
2024-12-05,DO 0.001%,86.86,82.67999267578125
2024-12-05,DO 0.05%,86.68,81.78474060297013
2024-12-06,DO 0.001%,86.46,82.53940188884735
2024-12-06,DO 0.05%,86.35,81.40931515693664
2024-12-09,DO 0.001%,86.98,82.1321771144867
2024-12-09,DO 0.05%,86.86,81.1370024228096
2024-12-10,DO 0.001%,87.18,82.46448028087616
2024-12-10,DO 0.05%,87.06,81.4753973722458
2024-12-11,DO 0.001%,87.54,81.91485524177551
2024-12-11,DO 0.05%,87.42,80.61376069068909
2024-12-12,DO 0.001%,89.7,82.3414409160614
2024-12-12,DO 0.05%,89.53,81.37749685049057
2024-12-13,DO 0.001%,90.03,81.65634596347809
2024-12-13,DO 0.05%,89.67,82.0758539056778
2024-12-16,DO 0.001%,90.75,81.74438500404358
2024-12-16,DO 0.05%,90.19,81.12619082212449
2024-12-17,DO 0.001%,89.99,81.85654187202454
2024-12-17,DO 0.05%,89.32,81.03751225948334
2024-12-18,DO 0.001%,89.79,81.94445276260376
2024-12-18,DO 0.05%,89.12,81.7016920208931
2024-12-19,DO 0.001%,89.87,81.8596841096878
2024-12-19,DO 0.05%,89.2,80.96125531911851
2024-12-20,DO 0.001%,89.1,82.66474282741547
2024-12-20,DO 0.05%,88.43,81.06823004484177
2024-12-23,DO 0.001%,89.97,81.66488075256348
2024-12-23,DO 0.05%,89.3,81.41226006984711
2024-12-24,DO 0.001%,89.01,81.08190596103668
2024-12-24,DO 0.05%,88.32,80.93449635267258
2024-12-26,DO 0.001%,89.2,81.80539464950562
2024-12-26,DO 0.05%,88.48,81.07599483251572
2024-12-27,DO 0.001%,89.02,81.62783515453339
2024-12-27,DO 0.05%,88.31,80.33685735702515
2024-12-30,DO 0.001%,90.69,81.32939434051514
2024-12-30,DO 0.05%,89.98,81.01371858596802
2024-12-31,DO 0.001%,91.85,82.12377560138702
2024-12-31,DO 0.05%,91.14,80.75427073955537
2025-01-02,DO 0.001%,92.29,81.57000362873077
2025-01-02,DO 0.05%,91.58,81.13391994476319
2025-01-03,DO 0.001%,93.47,81.6508560180664
2025-01-03,DO 0.05%,92.76,81.05179355859757
2025-01-06,DO 0.001%,92.73,81.97730529308319
2025-01-06,DO 0.05%,92.07,80.14659458398819
2025-01-07,DO 0.001%,92.39,81.38990676403046
2025-01-07,DO 0.05%,91.74,81.2689375782013
2025-01-08,DO 0.001%,93.58,81.73983311653137
2025-01-08,DO 0.05%,92.94,80.40308223247528
2025-01-09,DO 0.001%,92.36,81.29630088806152
2025-01-09,DO 0.05%,91.75,81.01041702270508
2025-01-10,DO 0.001%,94.09,81.6177728176117
2025-01-10,DO 0.05%,93.54,80.90085912942887
2024-11-14,DO 0.001%,87.85,87.7663615322113
2024-11-14,DO 0.05%,87.75,88.32609611749649
2024-11-15,DO 0.001%,86.5,87.5428876876831
2024-11-15,DO 0.05%,86.46,87.93942511081696
2024-11-18,DO 0.001%,87.24,87.86472795724869
2024-11-18,DO 0.05%,87.2,87.85604445934295
2024-11-19,DO 0.001%,89.91,87.50992519140243
2024-11-19,DO 0.05%,89.88,87.00655463933944
2024-11-20,DO 0.001%,89.75,87.29208925724029
2024-11-20,DO 0.05%,89.72,87.23904637098312
2024-11-21,DO 0.001%,89.94,87.31292659878731
2024-11-21,DO 0.05%,89.91,87.27131838798523
2024-11-22,DO 0.001%,91.23,87.25926223754882
2024-11-22,DO 0.05%,91.2,87.5094819188118
2024-11-25,DO 0.001%,90.01,86.82908759236336
2024-11-25,DO 0.05%,89.94,87.59624483585357
2024-11-26,DO 0.001%,89.31,86.28303877830506
2024-11-26,DO 0.05%,89.28,86.6913222849369
2024-11-27,DO 0.001%,88.4,86.4948616361618
2024-11-27,DO 0.05%,88.33,86.50460041165351
2024-11-28,DO 0.001%,87.58,87.05015412211418
2024-11-28,DO 0.05%,87.45,85.71334800124168
2024-11-29,DO 0.001%,88.1,86.87377402424812
2024-11-29,DO 0.05%,87.97,86.17306033372878
2024-12-02,DO 0.001%,87.71,86.84977903604508
2024-12-02,DO 0.05%,87.58,86.76257881522179
2024-12-03,DO 0.001%,87.2,86.44365148544311
2024-12-03,DO 0.05%,87.08,87.15358432531356
2024-12-04,DO 0.001%,88.1,87.32699011087418
2024-12-04,DO 0.05%,87.92,86.33745925426483
2024-12-05,DO 0.001%,86.86,86.96190675616265
2024-12-05,DO 0.05%,86.68,85.67232892513275
2024-12-06,DO 0.001%,86.46,87.02652387857437
2024-12-06,DO 0.05%,86.35,86.55629183650017
2024-12-09,DO 0.001%,86.98,86.30281314969064
2024-12-09,DO 0.05%,86.86,86.00900484323502
2024-12-10,DO 0.001%,87.18,86.07096580982208
2024-12-10,DO 0.05%,87.06,85.63194467425346
2024-12-11,DO 0.001%,87.54,86.25912716031074
2024-12-11,DO 0.05%,87.42,85.64439661502838
2024-12-12,DO 0.001%,89.7,85.9596144747734
2024-12-12,DO 0.05%,89.53,85.33734413981438
2024-12-13,DO 0.001%,90.03,85.85742344141006
2024-12-13,DO 0.05%,89.67,85.39225131869316
2024-12-16,DO 0.001%,90.75,85.78306242585182
2024-12-16,DO 0.05%,90.19,85.36634836792946
2024-12-17,DO 0.001%,89.99,85.57666384220123
2024-12-17,DO 0.05%,89.32,85.53150179386138
2024-12-18,DO 0.001%,89.79,86.1455821466446
2024-12-18,DO 0.05%,89.12,85.58504045605659
2024-12-19,DO 0.001%,89.87,86.51562081813812
2024-12-19,DO 0.05%,89.2,85.6173124730587
2024-12-20,DO 0.001%,89.1,85.98367720127106
2024-12-20,DO 0.05%,88.43,85.95883283615112
2024-12-23,DO 0.001%,89.97,85.67531164169311
2024-12-23,DO 0.05%,89.3,84.63924452662468
2024-12-24,DO 0.001%,89.01,85.68929699420929
2024-12-24,DO 0.05%,88.32,84.54647158384323
2024-12-26,DO 0.001%,89.2,85.0943254995346
2024-12-26,DO 0.05%,88.48,84.77631474137306
2024-12-27,DO 0.001%,89.02,84.822377089262
2024-12-27,DO 0.05%,88.31,85.0194580078125
2024-12-30,DO 0.001%,90.69,85.67126818656922
2024-12-30,DO 0.05%,89.98,84.0332257926464
2024-12-31,DO 0.001%,91.85,84.76528933882713
2024-12-31,DO 0.05%,91.14,84.03232558965682
2025-01-02,DO 0.001%,92.29,84.4036866903305
2025-01-02,DO 0.05%,91.58,84.55178434252738
2025-01-03,DO 0.001%,93.47,84.53665696263313
2025-01-03,DO 0.05%,92.76,84.16435883045196
2025-01-06,DO 0.001%,92.73,84.97853470087051
2025-01-06,DO 0.05%,92.07,83.76291512846946
2025-01-07,DO 0.001%,92.39,84.825190833807
2025-01-07,DO 0.05%,91.74,84.33891495466231
2025-01-08,DO 0.001%,93.58,84.84618970513344
2025-01-08,DO 0.05%,92.94,83.38428871035576
2025-01-09,DO 0.001%,92.36,84.05828391551971
2025-01-09,DO 0.05%,91.75,83.57728598713875
2025-01-10,DO 0.001%,94.09,84.03266841888428
2025-01-10,DO 0.05%,93.54,84.0061572611332
2025-01-13,DO 0.001%,99.13,83.87440049886703
2025-01-13,DO 0.05%,98.56,83.78752761483192
2025-01-14,DO 0.001%,96.7,84.66506792664528
2025-01-14,DO 0.05%,96.18,83.74544182419777
2025-01-15,DO 0.001%,97.61,84.06111850261688
2025-01-15,DO 0.05%,97.09,83.66469413638114
2025-01-16,DO 0.001%,99.56,84.49190800309181
2025-01-16,DO 0.05%,99.01,83.23070263266563
2025-01-17,DO 0.001%,100.19,83.68095035076142
2025-01-17,DO 0.05%,99.55,83.24657326340675
2025-01-20,DO 0.001%,99.77,83.91731010317802
2025-01-20,DO 0.05%,99.02,82.7249498605728
2025-01-21,DO 0.001%,97.7,83.67240490436554
2025-01-21,DO 0.05%,96.95,83.76895117163657
2025-01-22,DO 0.001%,96.85,84.04234457373619
2025-01-22,DO 0.05%,96.1,82.59451408982277
2025-01-23,DO 0.001%,95.61,83.79174935817719
2025-01-23,DO 0.05%,94.86,82.88486337661743
2025-01-24,DO 0.001%,95.03,83.16264818429947
2025-01-24,DO 0.05%,94.25,82.98960953950882
2025-01-27,DO 0.001%,93.29,82.95426434755325
2025-01-27,DO 0.05%,92.63,82.78129840493202
2025-01-28,DO 0.001%,93.0,83.45627284884453
2025-01-28,DO 0.05%,92.41,82.94733642339706
2025-01-29,DO 0.001%,93.0,83.35976141095162
2025-01-29,DO 0.05%,92.41,82.61824198365211
2025-01-30,DO 0.001%,93.0,82.79404243826866
2025-01-30,DO 0.05%,92.41,82.86663556694984
2025-01-31,DO 0.001%,92.89,83.03878089666367
2025-01-31,DO 0.05%,92.3,82.47236226797104
2025-02-03,DO 0.001%,93.44,83.04980139613151
2025-02-03,DO 0.05%,93.07,82.35618925094604
2025-02-04,DO 0.001%,91.37,83.46088426351547
2025-02-04,DO 0.05%,90.89,82.40256271362304
2025-02-05,DO 0.001%,92.1,83.02432137608528
2025-02-05,DO 0.05%,91.55,82.32171615958214
2025-02-06,DO 0.001%,90.63,82.43738989591598
2025-02-06,DO 0.05%,89.93,82.14660326242446
2025-02-07,DO 0.001%,91.48,82.22286271691323
2025-02-07,DO 0.05%,90.71,82.15858688950539
2024-12-12,DO 0.001%,89.7,88.42113873481752
2024-12-12,DO 0.05%,89.53,88.14808245420456
2024-12-13,DO 0.001%,90.03,88.5080462551117
2024-12-13,DO 0.05%,89.67,88.41587798595428
2024-12-16,DO 0.001%,90.75,87.90459833621979
2024-12-16,DO 0.05%,90.19,88.12349866390228
2024-12-17,DO 0.001%,89.99,87.29536388754845
2024-12-17,DO 0.05%,89.32,86.98294731259347
2024-12-18,DO 0.001%,89.79,87.46756663084031
2024-12-18,DO 0.05%,89.12,87.37296357035638
2024-12-19,DO 0.001%,89.87,87.64756997108461
2024-12-19,DO 0.05%,89.2,87.58023754119873
2024-12-20,DO 0.001%,89.1,87.81081376791
2024-12-20,DO 0.05%,88.43,86.81756687164307
2024-12-23,DO 0.001%,89.97,87.46893369197846
2024-12-23,DO 0.05%,89.3,87.13004362463951
2024-12-24,DO 0.001%,89.01,87.42889236688615
2024-12-24,DO 0.05%,88.32,87.18317650079727
2024-12-26,DO 0.001%,89.2,87.10554588317872
2024-12-26,DO 0.05%,88.48,87.32994454264642
2024-12-27,DO 0.001%,89.02,87.34742700219155
2024-12-27,DO 0.05%,88.31,86.95092273116111
2024-12-30,DO 0.001%,90.69,87.67808361053467
2024-12-30,DO 0.05%,89.98,87.30961263298988
2024-12-31,DO 0.001%,91.85,87.5060008764267
2024-12-31,DO 0.05%,91.14,87.22751381993294
2025-01-02,DO 0.001%,92.29,87.77975747823716
2025-01-02,DO 0.05%,91.58,86.6996501326561
2025-01-03,DO 0.001%,93.47,87.75406507730484
2025-01-03,DO 0.05%,92.76,86.55043830156326
2025-01-06,DO 0.001%,92.73,87.37609876155854
2025-01-06,DO 0.05%,92.07,87.09445496678353
2025-01-07,DO 0.001%,92.39,88.02494145870209
2025-01-07,DO 0.05%,91.74,87.81633155107498
2025-01-08,DO 0.001%,93.58,87.35247782349587
2025-01-08,DO 0.05%,92.94,86.87706714749336
2025-01-09,DO 0.001%,92.36,86.59475027203561
2025-01-09,DO 0.05%,91.75,86.76131803393365
2025-01-10,DO 0.001%,94.09,86.81759167313577
2025-01-10,DO 0.05%,93.54,86.37824234604835
2025-01-13,DO 0.001%,99.13,86.42140483260155
2025-01-13,DO 0.05%,98.56,86.07236226081848
2025-01-14,DO 0.001%,96.7,86.33266065001489
2025-01-14,DO 0.05%,96.18,86.07639008402825
2025-01-15,DO 0.001%,97.61,85.81826998114586
2025-01-15,DO 0.05%,97.09,86.51554786920548
2025-01-16,DO 0.001%,99.56,86.39615594387055
2025-01-16,DO 0.05%,99.01,86.18529762983323
2025-01-17,DO 0.001%,100.19,86.47861268877983
2025-01-17,DO 0.05%,99.55,86.22305912375451
2025-01-20,DO 0.001%,99.77,86.53038360714913
2025-01-20,DO 0.05%,99.02,86.2605184006691
2025-01-21,DO 0.001%,97.7,86.56573413848878
2025-01-21,DO 0.05%,96.95,86.32434871673584
2025-01-22,DO 0.001%,96.85,86.70562832236291
2025-01-22,DO 0.05%,96.1,86.76502279758454
2025-01-23,DO 0.001%,95.61,87.0797021663189
2025-01-23,DO 0.05%,94.86,86.69034393310547
2025-01-24,DO 0.001%,95.03,86.02928786873818
2025-01-24,DO 0.05%,94.25,85.69212637066842
2025-01-27,DO 0.001%,93.29,86.52498841166496
2025-01-27,DO 0.05%,92.63,86.16452802658081
2025-01-28,DO 0.001%,93.0,87.16845678448678
2025-01-28,DO 0.05%,92.41,86.07816170096397
2025-01-29,DO 0.001%,93.0,86.34347191214562
2025-01-29,DO 0.05%,92.41,86.41048577427864
2025-01-30,DO 0.001%,93.0,86.39375576019287
2025-01-30,DO 0.05%,92.41,86.72786573767662
2025-01-31,DO 0.001%,92.89,86.87837893366815
2025-01-31,DO 0.05%,92.3,86.25519312858582
2025-02-03,DO 0.001%,93.44,86.26995846033097
2025-02-03,DO 0.05%,93.07,86.24890388846397
2025-02-04,DO 0.001%,91.37,85.76142215251923
2025-02-04,DO 0.05%,90.89,86.55737887144089
2025-02-05,DO 0.001%,92.1,86.24133887887001
2025-02-05,DO 0.05%,91.55,86.80660889983177
2025-02-06,DO 0.001%,90.63,85.66692274689674
2025-02-06,DO 0.05%,89.93,85.54703615427017
2025-02-07,DO 0.001%,91.48,86.30420803785324
2025-02-07,DO 0.05%,90.71,85.6645204102993
2025-02-10,DO 0.001%,91.81,85.68099512815476
2025-02-10,DO 0.05%,90.82,85.51443840265274
2025-02-11,DO 0.001%,93.28,85.09619559288025
2025-02-11,DO 0.05%,92.29,86.10195347428322
2025-02-12,DO 0.001%,93.87,86.17468682169915
2025-02-12,DO 0.05%,92.66,86.54938054203987
2025-02-13,DO 0.001%,91.99,86.05644125103952
2025-02-13,DO 0.05%,90.8,85.38340648770333
2025-02-14,DO 0.001%,92.42,85.79543692946434
2025-02-14,DO 0.05%,91.18,85.94790617108345
2025-02-17,DO 0.001%,91.92,85.59121260523797
2025-02-17,DO 0.05%,90.65,85.85001912474632
2025-02-18,DO 0.001%,92.16,86.27365787386894
2025-02-18,DO 0.05%,90.84,85.51292210698128
2025-02-19,DO 0.001%,92.75,85.46808840036392
2025-02-19,DO 0.05%,91.38,85.82078744530678
2025-02-20,DO 0.001%,93.2,85.76880010843277
2025-02-20,DO 0.05%,91.89,85.90164612650871
2025-02-21,DO 0.001%,93.22,85.6994139289856
2025-02-21,DO 0.05%,91.92,85.82490384936332
2025-02-24,DO 0.001%,90.82,85.11061756610871
2025-02-24,DO 0.05%,89.51,85.44642394423485
2025-02-25,DO 0.001%,91.2,85.98124245285989
2025-02-25,DO 0.05%,89.99,84.68754661917687
2025-02-26,DO 0.001%,89.16,85.99255462288858
2025-02-26,DO 0.05%,87.84,86.17618943452835
2025-02-27,DO 0.001%,88.2,85.48538015842438
2025-02-27,DO 0.05%,86.84,85.12438045978546
2025-02-28,DO 0.001%,89.1,84.8059455549717
2025-02-28,DO 0.05%,87.74,84.89642025589943
2025-03-03,DO 0.001%,88.65,85.48293301463127
2025-03-03,DO 0.05%,87.29,85.16055791974068
2025-03-04,DO 0.001%,86.88,84.86296035289764
2025-03-04,DO 0.05%,85.44,85.47628090023994
2025-03-05,DO 0.001%,86.92,85.42522946834565
2025-03-05,DO 0.05%,85.41,85.40446267604828
2025-03-06,DO 0.001%,86.06,85.67335628271104
2025-03-06,DO 0.05%,84.55,85.61037145972251
2025-03-07,DO 0.001%,86.13,85.75438335299492
2025-03-07,DO 0.05%,84.64,85.34666106820107
2025-01-13,DO 0.001%,99.13,94.60077251672745
2025-01-13,DO 0.05%,98.56,93.10777683377266
2025-01-14,DO 0.001%,96.7,95.14750481843949
2025-01-14,DO 0.05%,96.18,94.66463996171952
2025-01-15,DO 0.001%,97.61,94.99464769124985
2025-01-15,DO 0.05%,97.09,94.4976227259636
2025-01-16,DO 0.001%,99.56,95.05793063163757
2025-01-16,DO 0.05%,99.01,94.73811282634736
2025-01-17,DO 0.001%,100.19,95.12338955402375
2025-01-17,DO 0.05%,99.55,94.41147135972977
2025-01-20,DO 0.001%,99.77,95.55978610873223
2025-01-20,DO 0.05%,99.02,94.76966969490051
2025-01-21,DO 0.001%,97.7,95.3781364774704
2025-01-21,DO 0.05%,96.95,95.0258713245392
2025-01-22,DO 0.001%,96.85,95.39795585989953
2025-01-22,DO 0.05%,96.1,93.86975255012513
2025-01-23,DO 0.001%,95.61,94.9952421605587
2025-01-23,DO 0.05%,94.86,95.07561520814896
2025-01-24,DO 0.001%,95.03,95.00485461711884
2025-01-24,DO 0.05%,94.25,94.62702818870545
2025-01-27,DO 0.001%,93.29,94.0199311363697
2025-01-27,DO 0.05%,92.63,93.79634659051895
2025-01-28,DO 0.001%,93.0,94.35055701971055
2025-01-28,DO 0.05%,92.41,93.87433554410936
2025-01-29,DO 0.001%,93.0,94.0511632078886
2025-01-29,DO 0.05%,92.41,94.0955123949051
2025-01-30,DO 0.001%,93.0,94.29440771102905
2025-01-30,DO 0.05%,92.41,93.50561639428139
2025-01-31,DO 0.001%,92.89,93.70130680322647
2025-01-31,DO 0.05%,92.3,93.56784363985062
2025-02-03,DO 0.001%,93.44,94.10159775972366
2025-02-03,DO 0.05%,93.07,94.14969431161882
2025-02-04,DO 0.001%,91.37,94.04071512937546
2025-02-04,DO 0.05%,90.89,93.07187671422959
2025-02-05,DO 0.001%,92.1,93.9685712313652
2025-02-05,DO 0.05%,91.55,92.95892431139947
2025-02-06,DO 0.001%,90.63,93.70089740455151
2025-02-06,DO 0.05%,89.93,93.38333074092866
2025-02-07,DO 0.001%,91.48,93.61677999734879
2025-02-07,DO 0.05%,90.71,93.25704193711282
2025-02-10,DO 0.001%,91.81,93.57699541926384
2025-02-10,DO 0.05%,90.82,92.64250258684159
2025-02-11,DO 0.001%,93.28,93.12406027972699
2025-02-11,DO 0.05%,92.29,92.24703815460205
2025-02-12,DO 0.001%,93.87,93.48886254012585
2025-02-12,DO 0.05%,92.66,91.59643699765206
2025-02-13,DO 0.001%,91.99,92.71895748674869
2025-02-13,DO 0.05%,90.8,91.46995862960816
2025-02-14,DO 0.001%,92.42,92.68533071339131
2025-02-14,DO 0.05%,91.18,91.99291615605355
2025-02-17,DO 0.001%,91.92,91.65077465355397
2025-02-17,DO 0.05%,90.65,91.46092087626458
2025-02-18,DO 0.001%,92.16,91.29256763756275
2025-02-18,DO 0.05%,90.84,90.75654480814934
2025-02-19,DO 0.001%,92.75,91.53080401718617
2025-02-19,DO 0.05%,91.38,91.42119601964951
2025-02-20,DO 0.001%,93.2,91.39540521979332
2025-02-20,DO 0.05%,91.89,91.22173542380334
2025-02-21,DO 0.001%,93.22,91.71059172570706
2025-02-21,DO 0.05%,91.92,91.5758860051632
2025-02-24,DO 0.001%,90.82,91.34578946530819
2025-02-24,DO 0.05%,89.51,90.73801769256592
2025-02-25,DO 0.001%,91.2,91.98636379480362
2025-02-25,DO 0.05%,89.99,91.31614398479462
2025-02-26,DO 0.001%,89.16,90.59001707851887
2025-02-26,DO 0.05%,87.84,91.00564335465432
2025-02-27,DO 0.001%,88.2,91.48131725132465
2025-02-27,DO 0.05%,86.84,90.18007441520692
2025-02-28,DO 0.001%,89.1,91.15018102169037
2025-02-28,DO 0.05%,87.74,91.43818431973457
2025-03-03,DO 0.001%,88.65,91.76451457858086
2025-03-03,DO 0.05%,87.29,90.79491483807564
2025-03-04,DO 0.001%,86.88,91.3112036895752
2025-03-04,DO 0.05%,85.44,91.35147541165352
2025-03-05,DO 0.001%,86.92,91.05247494339943
2025-03-05,DO 0.05%,85.41,90.30891676068306
2025-03-06,DO 0.001%,86.06,91.73092145442963
2025-03-06,DO 0.05%,84.55,90.43831664800645
2025-03-07,DO 0.001%,86.13,90.71662221670151
2025-03-07,DO 0.05%,84.64,90.8480206990242
2025-03-10,DO 0.001%,86.32,90.76923275053501
2025-03-10,DO 0.05%,84.73,90.23936899065971
2025-03-11,DO 0.001%,85.24,89.77337888598443
2025-03-11,DO 0.05%,83.65,90.46734227657319
2025-03-12,DO 0.001%,85.54,89.91214821219445
2025-03-12,DO 0.05%,83.95,89.28222575068474
2025-03-13,DO 0.001%,85.81,89.857047637105
2025-03-13,DO 0.05%,84.48,89.86673589706422
2025-03-14,DO 0.001%,84.93,89.70664129376412
2025-03-14,DO 0.05%,83.65,89.04825888991357
2025-03-17,DO 0.001%,85.55,89.27655957341194
2025-03-17,DO 0.05%,84.27,88.75031967759134
2025-03-18,DO 0.001%,86.01,89.6534026414156
2025-03-18,DO 0.05%,84.73,89.0113105916977
2025-03-19,DO 0.001%,84.83,89.37981777071953
2025-03-19,DO 0.05%,83.55,88.79997992992402
2025-03-20,DO 0.001%,86.18,89.5918975007534
2025-03-20,DO 0.05%,84.93,88.47471559166908
2025-03-21,DO 0.001%,86.73,88.9455355077982
2025-03-21,DO 0.05%,85.57,87.51040236353874
2025-03-24,DO 0.001%,86.77,88.78278551399708
2025-03-24,DO 0.05%,85.61,88.18137609958649
2025-03-25,DO 0.001%,87.09,88.30517989814282
2025-03-25,DO 0.05%,85.95,87.65931064009666
2025-03-26,DO 0.001%,87.88,88.60828073084355
2025-03-26,DO 0.05%,86.74,87.97960728049279
2025-03-27,DO 0.001%,87.83,88.39438394367696
2025-03-27,DO 0.05%,86.58,87.42863885164262
2025-03-28,DO 0.001%,88.19,88.28921334981919
2025-03-28,DO 0.05%,86.85,87.24722030997277
2025-03-31,DO 0.001%,88.19,87.37802649617196
2025-03-31,DO 0.05%,86.85,87.025747961998
2025-04-01,DO 0.001%,89.19,87.81409216701985
2025-04-01,DO 0.05%,87.87,87.46014554142953
2025-04-02,DO 0.001%,88.8,87.64089409470559
2025-04-02,DO 0.05%,87.49,87.19632231473923
2025-04-03,DO 0.001%,87.2,88.1453461688757
2025-04-03,DO 0.05%,85.92,86.95568725347519
2025-04-04,DO 0.001%,82.67,87.46453299701214
2025-04-04,DO 0.05%,81.53,86.6279028260708
2025-02-10,DO 0.001%,91.81,92.91157786369324
2025-02-10,DO 0.05%,90.82,91.71619381666183
2025-02-11,DO 0.001%,93.28,93.03250635623932
2025-02-11,DO 0.05%,92.29,92.24100418210028
2025-02-12,DO 0.001%,93.87,92.4485729932785
2025-02-12,DO 0.05%,92.66,92.00815763235092
2025-02-13,DO 0.001%,91.99,92.73158645153046
2025-02-13,DO 0.05%,90.8,92.01131516695023
2025-02-14,DO 0.001%,92.42,92.68564256668091
2025-02-14,DO 0.05%,91.18,92.70262060165405
2025-02-17,DO 0.001%,91.92,93.54613347053528
2025-02-17,DO 0.05%,90.65,92.19292747378348
2025-02-18,DO 0.001%,92.16,93.88473106861115
2025-02-18,DO 0.05%,90.84,92.65048884034157
2025-02-19,DO 0.001%,92.75,92.70039739131929
2025-02-19,DO 0.05%,91.38,92.56625187277793
2025-02-20,DO 0.001%,93.2,93.31751547813415
2025-02-20,DO 0.05%,91.89,92.77122128486633
2025-02-21,DO 0.001%,93.22,92.48702496051789
2025-02-21,DO 0.05%,91.92,92.10100212574004
2025-02-24,DO 0.001%,90.82,92.31208268642426
2025-02-24,DO 0.05%,89.51,91.21161546230316
2025-02-25,DO 0.001%,91.2,92.16396736621857
2025-02-25,DO 0.05%,89.99,92.19177043199538
2025-02-26,DO 0.001%,89.16,91.10370835065842
2025-02-26,DO 0.05%,87.84,90.5499119144678
2025-02-27,DO 0.001%,88.2,91.62470197200776
2025-02-27,DO 0.05%,86.84,90.73045909404755
2025-02-28,DO 0.001%,89.1,90.74186617851258
2025-02-28,DO 0.05%,87.74,88.88051147699356
2025-03-03,DO 0.001%,88.65,90.93364073038101
2025-03-03,DO 0.05%,87.29,89.52468097567558
2025-03-04,DO 0.001%,86.88,90.19520156145096
2025-03-04,DO 0.05%,85.44,89.0933909457922
2025-03-05,DO 0.001%,86.92,89.40592204332351
2025-03-05,DO 0.05%,85.41,88.553614731431
2025-03-06,DO 0.001%,86.06,89.69263783931733
2025-03-06,DO 0.05%,84.55,88.91636355221272
2025-03-07,DO 0.001%,86.13,89.15873238325119
2025-03-07,DO 0.05%,84.64,88.45143820941448
2025-03-10,DO 0.001%,86.32,89.77511981725694
2025-03-10,DO 0.05%,84.73,88.69199476659297
2025-03-11,DO 0.001%,85.24,89.51105425834656
2025-03-11,DO 0.05%,83.65,88.95145327746867
2025-03-12,DO 0.001%,85.54,89.12877016544343
2025-03-12,DO 0.05%,83.95,88.32485026836395
2025-03-13,DO 0.001%,85.81,89.5918295621872
2025-03-13,DO 0.05%,84.48,87.85070103168486
2025-03-14,DO 0.001%,84.93,88.78316048145295
2025-03-14,DO 0.05%,83.65,87.500312012434
2025-03-17,DO 0.001%,85.55,88.81759385824203
2025-03-17,DO 0.05%,84.27,87.73714873433113
2025-03-18,DO 0.001%,86.01,89.24514570951462
2025-03-18,DO 0.05%,84.73,87.80805268764495
2025-03-19,DO 0.001%,84.83,88.06381098031999
2025-03-19,DO 0.05%,83.55,87.47588437318801
2025-03-20,DO 0.001%,86.18,88.67098891735077
2025-03-20,DO 0.05%,84.93,87.67684198617934
2025-03-21,DO 0.001%,86.73,88.37699385643006
2025-03-21,DO 0.05%,85.57,86.47168564260005
2025-03-24,DO 0.001%,86.77,88.43810696601868
2025-03-24,DO 0.05%,85.61,86.85027620375156
2025-03-25,DO 0.001%,87.09,87.78710076570512
2025-03-25,DO 0.05%,85.95,86.73873521268366
2025-03-26,DO 0.001%,87.88,87.7814354801178
2025-03-26,DO 0.05%,86.74,86.12407568633556
2025-03-27,DO 0.001%,87.83,86.93176259994507
2025-03-27,DO 0.05%,86.58,85.85856162965297
2025-03-28,DO 0.001%,88.19,87.10836247444153
2025-03-28,DO 0.05%,86.85,85.83158201038837
2025-03-31,DO 0.001%,88.19,85.9044483923912
2025-03-31,DO 0.05%,86.85,84.84358186483382
2025-04-01,DO 0.001%,89.19,86.27881526231766
2025-04-01,DO 0.05%,87.87,85.25070377886294
2025-04-02,DO 0.001%,88.8,85.86068010807038
2025-04-02,DO 0.05%,87.49,84.55363476216793
2025-04-03,DO 0.001%,87.2,85.62333790302277
2025-04-03,DO 0.05%,85.92,84.47880011081695
2025-04-04,DO 0.001%,82.67,85.88095844984055
2025-04-04,DO 0.05%,81.53,84.88460278093814
2025-04-07,DO 0.001%,78.22,85.7738033080101
2025-04-07,DO 0.05%,76.97,84.85942360520362
2025-04-08,DO 0.001%,79.52,85.47650395154953
2025-04-08,DO 0.05%,78.31,85.36899778485298
2025-04-09,DO 0.001%,75.9,86.42450961351395
2025-04-09,DO 0.05%,74.69,84.47912451505661
2025-04-10,DO 0.001%,78.98,85.98747563362122
2025-04-10,DO 0.05%,77.7,84.63248661935329
2025-04-11,DO 0.001%,78.55,85.84127964019775
2025-04-11,DO 0.05%,77.27,84.42697112679481
2025-04-14,DO 0.001%,79.97,85.24252602100373
2025-04-14,DO 0.05%,78.69,84.34888702630997
2025-04-15,DO 0.001%,80.72,84.62262709140778
2025-04-15,DO 0.05%,79.43,83.43508353710175
2025-04-16,DO 0.001%,80.93,85.08192417144775
2025-04-16,DO 0.05%,79.51,84.27204106867313
2025-04-17,DO 0.001%,81.93,84.80521940946579
2025-04-17,DO 0.05%,80.56,83.70245210468768
2025-04-21,DO 0.001%,81.89,84.91369954109192
2025-04-21,DO 0.05%,80.41,83.88077711522578
2025-04-22,DO 0.001%,82.08,84.81791859149934
2025-04-22,DO 0.05%,80.59,82.88225005209445
2025-04-23,DO 0.001%,83.43,84.5465028834343
2025-04-23,DO 0.05%,82.05,83.77922777473925
2025-04-24,DO 0.001%,81.85,84.70467831134796
2025-04-24,DO 0.05%,80.45,83.6315373378992
2025-04-25,DO 0.001%,82.61,84.48294699430465
2025-04-25,DO 0.05%,81.23,82.21559393286705
2025-04-25,DO 0.001%,82.61,84.43448944568634
2025-04-25,DO 0.05%,81.23,82.57496894955635
2025-04-25,DO 0.001%,82.61,84.76575870513916
2025-04-25,DO 0.05%,81.23,83.12962450504303
2025-04-25,DO 0.001%,82.61,84.30024017095566
2025-04-25,DO 0.05%,81.23,83.0306271445751
2025-04-28,DO 0.001%,82.54,84.40990897655487
2025-04-28,DO 0.05%,81.26,82.43130653202533
2025-04-29,DO 0.001%,81.26,83.36160213232041
2025-04-29,DO 0.05%,80.28,82.19983870029449
2025-04-30,DO 0.001%,79.02,83.44948221683502
2025-04-30,DO 0.05%,77.86,82.95866887748241
2025-03-10,DO 0.001%,86.32,87.20763532161712
2025-03-10,DO 0.05%,84.73,85.12694742202758
2025-03-11,DO 0.001%,85.24,86.41116511344909
2025-03-11,DO 0.05%,83.65,85.21732242584228
2025-03-12,DO 0.001%,85.54,87.33482906341553
2025-03-12,DO 0.05%,83.95,86.01038654327392
2025-03-13,DO 0.001%,85.81,87.43450591564178
2025-03-13,DO 0.05%,84.48,85.22598962783813
2025-03-14,DO 0.001%,84.93,86.43722401857376
2025-03-14,DO 0.05%,83.65,85.96734313964843
2025-03-17,DO 0.001%,85.55,86.60887601852417
2025-03-17,DO 0.05%,84.27,85.81630781173706
2025-03-18,DO 0.001%,86.01,87.59684529662132
2025-03-18,DO 0.05%,84.73,86.17120904922486
2025-03-19,DO 0.001%,84.83,87.3164502453804
2025-03-19,DO 0.05%,83.55,86.1981792831421
2025-03-20,DO 0.001%,86.18,87.10133593440055
2025-03-20,DO 0.05%,84.93,86.02718618392944
2025-03-21,DO 0.001%,86.73,87.65741325616835
2025-03-21,DO 0.05%,85.57,85.50627624511719
2025-03-24,DO 0.001%,86.77,86.9932294678688
2025-03-24,DO 0.05%,85.61,85.72949453353881
2025-03-25,DO 0.001%,87.09,87.51785744905472
2025-03-25,DO 0.05%,85.95,85.31322668075562
2025-03-26,DO 0.001%,87.88,87.75795257806777
2025-03-26,DO 0.05%,86.74,84.74944486618043
2025-03-27,DO 0.001%,87.83,86.73605949282646
2025-03-27,DO 0.05%,86.58,84.07550684928894
2025-03-28,DO 0.001%,88.19,85.3401728618145
2025-03-28,DO 0.05%,86.85,83.93652892112732
2025-03-31,DO 0.001%,88.19,85.44905452430248
2025-03-31,DO 0.05%,86.85,83.30724364280701
2025-04-01,DO 0.001%,89.19,85.18283375144004
2025-04-01,DO 0.05%,87.87,82.95955666542054
2025-04-02,DO 0.001%,88.8,85.43109153985976
2025-04-02,DO 0.05%,87.49,83.25793947219849
2025-04-03,DO 0.001%,87.2,84.31189852774143
2025-04-03,DO 0.05%,85.92,83.24028723716737
2025-04-04,DO 0.001%,82.67,85.09087805628776
2025-04-04,DO 0.05%,81.53,83.14894865036011
2025-04-07,DO 0.001%,78.22,84.86164593815803
2025-04-07,DO 0.05%,76.97,83.6440184211731
2025-04-08,DO 0.001%,79.52,85.14513663947582
2025-04-08,DO 0.05%,78.31,83.6300136756897
2025-04-09,DO 0.001%,75.9,85.20031416356564
2025-04-09,DO 0.05%,74.69,82.01215783119201
2025-04-10,DO 0.001%,78.98,84.11551726341247
2025-04-10,DO 0.05%,77.7,83.39256866455078
2025-04-11,DO 0.001%,78.55,84.62016983091831
2025-04-11,DO 0.05%,77.27,82.61660183906555
2025-04-14,DO 0.001%,79.97,84.06446213901043
2025-04-14,DO 0.05%,78.69,83.57287471771241
2025-04-15,DO 0.001%,80.72,84.3492978823185
2025-04-15,DO 0.05%,79.43,83.18668982505798
2025-04-16,DO 0.001%,80.93,84.09567019343376
2025-04-16,DO 0.05%,79.51,82.21329947471618
2025-04-17,DO 0.001%,81.93,83.70805681407451
2025-04-17,DO 0.05%,80.56,82.66324228286743
2025-04-21,DO 0.001%,81.89,84.11401820898055
2025-04-21,DO 0.05%,80.41,81.9596450805664
2025-04-22,DO 0.001%,82.08,82.85454039752483
2025-04-22,DO 0.05%,80.59,81.53795896530151
2025-04-23,DO 0.001%,83.43,83.17415728390216
2025-04-23,DO 0.05%,82.05,81.79856023788452
2025-04-24,DO 0.001%,81.85,82.87041394650936
2025-04-24,DO 0.05%,80.45,81.54648490905761
2025-04-25,DO 0.001%,82.61,82.7003020709753
2025-04-25,DO 0.05%,81.23,81.14454972267151
2025-04-25,DO 0.001%,82.61,82.97886950790881
2025-04-25,DO 0.05%,81.23,81.27838181495666
2025-04-25,DO 0.001%,82.61,83.1094053196907
2025-04-25,DO 0.05%,81.23,80.91438960075378
2025-04-25,DO 0.001%,82.61,82.03528148174286
2025-04-25,DO 0.05%,81.23,80.69596904754638
2025-04-28,DO 0.001%,82.54,82.58335015654563
2025-04-28,DO 0.05%,81.26,80.36959188461304
2025-04-29,DO 0.001%,81.26,82.44799888908862
2025-04-29,DO 0.05%,80.28,80.4105870437622
2025-04-30,DO 0.001%,79.02,81.66486102461815
2025-04-30,DO 0.05%,77.86,80.74750812530517
2025-05-01,DO 0.001%,79.02,81.11542677283286
2025-05-01,DO 0.05%,77.86,79.8821298789978
2025-05-02,DO 0.001%,78.35,81.54554245233535
2025-05-02,DO 0.05%,77.24,79.89729496002197
2025-05-05,DO 0.001%,76.5,81.89339495301246
2025-05-05,DO 0.05%,75.37,79.59661670684814
2025-05-06,DO 0.001%,77.7,81.4513843792677
2025-05-06,DO 0.05%,76.98,80.24147570610046
2025-05-07,DO 0.001%,78.59,81.09834679305553
2025-05-07,DO 0.05%,77.96,79.73980211257934
2025-05-08,DO 0.001%,77.13,81.6672482174635
2025-05-08,DO 0.05%,76.33,79.65852313041687
2025-05-09,DO 0.001%,78.92,81.2156375348568
2025-05-09,DO 0.05%,78.13,80.57006255149841
2025-05-12,DO 0.001%,78.92,80.52849562525749
2025-05-12,DO 0.05%,78.13,79.81086005210877
2025-05-13,DO 0.001%,80.87,81.30085261881351
2025-05-13,DO 0.05%,80.14,80.27687098503112
2025-05-14,DO 0.001%,82.49,81.08156970441341
2025-05-14,DO 0.05%,81.85,79.82437039375306
2025-05-15,DO 0.001%,80.85,80.64729055523873
2025-05-15,DO 0.05%,80.21,79.35257291793823
2025-05-16,DO 0.001%,80.48,80.99573857069015
2025-05-16,DO 0.05%,80.01,79.39707935333251
2025-05-19,DO 0.001%,80.33,81.752915071249
2025-05-19,DO 0.05%,79.99,79.04614343643189
2025-05-20,DO 0.001%,80.35,80.89974261581898
2025-05-20,DO 0.05%,80.01,79.62049439430237
2025-05-21,DO 0.001%,80.86,80.79225219905376
2025-05-21,DO 0.05%,80.52,78.74387602806091
2025-05-22,DO 0.001%,78.91,80.78129678070545
2025-05-22,DO 0.05%,78.62,78.8389983177185
2025-05-23,DO 0.001%,78.34,80.56487849771976
2025-05-23,DO 0.05%,78.09,78.44009513854981
2025-05-26,DO 0.001%,79.19,79.9915877187252
2025-05-26,DO 0.05%,78.96,78.26418322563171
2025-05-27,DO 0.001%,79.08,80.38268691301346
2025-05-27,DO 0.05%,78.83,78.3352512550354
2025-05-28,DO 0.001%,78.91,79.97895356476306
2025-05-28,DO 0.05%,78.75,78.77895347595215
2025-04-07,DO 0.001%,78.22,83.35730963945389
2025-04-07,DO 0.05%,76.97,81.2996225219965
2025-04-08,DO 0.001%,79.52,82.69356338143349
2025-04-08,DO 0.05%,78.31,81.02616012573242
2025-04-09,DO 0.001%,75.9,81.79615431547165
2025-04-09,DO 0.05%,74.69,80.7204933810234
2025-04-10,DO 0.001%,78.98,81.70189586222172
2025-04-10,DO 0.05%,77.7,80.09161685585975
2025-04-11,DO 0.001%,78.55,80.38463286936283
2025-04-11,DO 0.05%,77.27,79.74950336098671
2025-04-14,DO 0.001%,79.97,81.9398653191328
2025-04-14,DO 0.05%,78.69,79.7830392307043
2025-04-15,DO 0.001%,80.72,80.13917358815671
2025-04-15,DO 0.05%,79.43,79.27310060024261
2025-04-16,DO 0.001%,80.93,80.1275298678875
2025-04-16,DO 0.05%,79.51,79.8981477868557
2025-04-17,DO 0.001%,81.93,79.7154072135687
2025-04-17,DO 0.05%,80.56,79.47281907200814
2025-04-21,DO 0.001%,81.89,79.82201402187347
2025-04-21,DO 0.05%,80.41,78.31765633404255
2025-04-22,DO 0.001%,82.08,79.17319320976735
2025-04-22,DO 0.05%,80.59,77.53034821569919
2025-04-23,DO 0.001%,83.43,79.05110414624214
2025-04-23,DO 0.05%,82.05,77.63799733698369
2025-04-24,DO 0.001%,81.85,79.52705291509629
2025-04-24,DO 0.05%,80.45,77.7541118234396
2025-04-25,DO 0.001%,82.61,78.3760886591673
2025-04-25,DO 0.05%,81.23,77.04109190106392
2025-04-25,DO 0.001%,82.61,77.89988858699799
2025-04-25,DO 0.05%,81.23,76.82282446324825
2025-04-25,DO 0.001%,82.61,78.09152461111546
2025-04-25,DO 0.05%,81.23,77.10086457133293
2025-04-25,DO 0.001%,82.61,77.16715710520745
2025-04-25,DO 0.05%,81.23,76.05365224778652
2025-04-28,DO 0.001%,82.54,76.73441772401333
2025-04-28,DO 0.05%,81.26,76.07729403972625
2025-04-29,DO 0.001%,81.26,76.16410209655761
2025-04-29,DO 0.05%,80.28,75.64045301139355
2025-04-30,DO 0.001%,79.02,76.13937089383602
2025-04-30,DO 0.05%,77.86,75.74009842634202
2025-05-01,DO 0.001%,79.02,76.83711208462715
2025-05-01,DO 0.05%,77.86,75.49144897758961
2025-05-02,DO 0.001%,78.35,76.11332404434681
2025-05-02,DO 0.05%,77.24,75.3195418059826
2025-05-05,DO 0.001%,76.5,75.73426994979381
2025-05-05,DO 0.05%,75.37,74.76647452116012
2025-05-06,DO 0.001%,77.7,76.28105668842792
2025-05-06,DO 0.05%,76.98,74.16615280985832
2025-05-07,DO 0.001%,78.59,75.230313180089
2025-05-07,DO 0.05%,77.96,74.40308584332466
2025-05-08,DO 0.001%,77.13,75.06030402362347
2025-05-08,DO 0.05%,76.33,73.74983373165131
2025-05-09,DO 0.001%,78.92,75.23562996983529
2025-05-09,DO 0.05%,78.13,74.16932610690594
2025-05-12,DO 0.001%,78.92,74.41369566619396
2025-05-12,DO 0.05%,78.13,73.71380490422248
2025-05-13,DO 0.001%,80.87,73.51702572762966
2025-05-13,DO 0.05%,80.14,73.10381751477719
2025-05-14,DO 0.001%,82.49,74.15082254350186
2025-05-14,DO 0.05%,81.85,72.1675879752636
2025-05-15,DO 0.001%,80.85,72.7664122903347
2025-05-15,DO 0.05%,80.21,72.37575723350048
2025-05-16,DO 0.001%,80.48,73.10555350542069
2025-05-16,DO 0.05%,80.01,71.88786645710468
2025-05-19,DO 0.001%,80.33,73.08868661820888
2025-05-19,DO 0.05%,79.99,71.84252184033394
2025-05-20,DO 0.001%,80.35,72.6485559630394
2025-05-20,DO 0.05%,80.01,71.56147366046906
2025-05-21,DO 0.001%,80.86,72.4148537349701
2025-05-21,DO 0.05%,80.52,71.29800253331662
2025-05-22,DO 0.001%,78.91,72.2915919226408
2025-05-22,DO 0.05%,78.62,71.03204330801964
2025-05-23,DO 0.001%,78.34,72.57936378359794
2025-05-23,DO 0.05%,78.09,70.9280194234848
2025-05-26,DO 0.001%,79.19,72.19159784078599
2025-05-26,DO 0.05%,78.96,71.01473353147507
2025-05-27,DO 0.001%,79.08,72.91843601346017
2025-05-27,DO 0.05%,78.83,70.7185040652752
2025-05-28,DO 0.001%,78.91,71.74290316283702
2025-05-28,DO 0.05%,78.75,70.2132306188345
2025-05-29,DO 0.001%,80.62,71.59807854056359
2025-05-29,DO 0.05%,80.46,70.49550826907158
2025-05-30,DO 0.001%,78.82,71.2649686050415
2025-05-30,DO 0.05%,78.57,70.54718976080417
2025-06-02,DO 0.001%,80.02,71.50082908511162
2025-06-02,DO 0.05%,79.74,70.1241110253334
2025-06-03,DO 0.001%,80.23,70.70121150135994
2025-06-03,DO 0.05%,79.96,69.70770447492599
2025-06-04,DO 0.001%,81.26,70.56972566485405
2025-06-04,DO 0.05%,81.01,69.02859946846962
2025-06-05,DO 0.001%,80.43,70.04564491987229
2025-06-05,DO 0.05%,80.17,69.1279435902834
2025-06-06,DO 0.001%,81.04,70.46469566166401
2025-06-06,DO 0.05%,80.73,69.50106112062932
2025-06-09,DO 0.001%,82.35,70.59975887477398
2025-06-09,DO 0.05%,82.01,68.64628763794899
2025-06-10,DO 0.001%,82.73,69.62081912934781
2025-06-10,DO 0.05%,82.43,69.09624949634075
2025-06-11,DO 0.001%,82.51,69.75671016514302
2025-06-11,DO 0.05%,82.19,69.16618352055549
2025-06-12,DO 0.001%,84.64,70.08394157409668
2025-06-12,DO 0.05%,84.32,69.08980571091175
2025-06-13,DO 0.001%,88.37,69.79497725427152
2025-06-13,DO 0.05%,88.02,68.31615783452988
2025-06-16,DO 0.001%,90.66,69.10628298282623
2025-06-16,DO 0.05%,90.28,68.43492078483105
2025-06-17,DO 0.001%,91.64,69.1871139550209
2025-06-17,DO 0.05%,91.18,68.14958646714688
2025-06-18,DO 0.001%,94.52,69.35444254279138
2025-06-18,DO 0.05%,93.98,67.74017769277096
2025-06-19,DO 0.001%,98.07,69.38988616526127
2025-06-19,DO 0.05%,97.51,67.65457642555236
2025-06-20,DO 0.001%,97.82,68.96294154286385
2025-06-20,DO 0.05%,97.26,68.24203000426293
2025-06-23,DO 0.001%,94.73,69.22633698225022
2025-06-23,DO 0.05%,94.04,67.75125264525414
2025-06-24,DO 0.001%,86.85,68.71492980837822
2025-06-24,DO 0.05%,86.16,67.93635354042053
2025-06-25,DO 0.001%,87.73,68.291528069973
2025-06-25,DO 0.05%,87.11,67.63721319377423
2025-05-01,DO 0.001%,79.02,78.77534117817878
2025-05-01,DO 0.05%,77.86,77.23657576203347
2025-05-02,DO 0.001%,78.35,78.24591823339462
2025-05-02,DO 0.05%,77.24,77.8112853372097
2025-05-05,DO 0.001%,76.5,78.4022982931137
2025-05-05,DO 0.05%,75.37,77.2860422372818
2025-05-06,DO 0.001%,77.7,78.05386494398117
2025-05-06,DO 0.05%,76.98,77.38252019524575
2025-05-07,DO 0.001%,78.59,78.2457439649105
2025-05-07,DO 0.05%,77.96,77.21341808199882
2025-05-08,DO 0.001%,77.13,78.19448548078536
2025-05-08,DO 0.05%,76.33,77.23884048104286
2025-05-09,DO 0.001%,78.92,77.87224892377853
2025-05-09,DO 0.05%,78.13,76.53291642785072
2025-05-12,DO 0.001%,78.92,77.81182014942169
2025-05-12,DO 0.05%,78.13,76.5734818148613
2025-05-13,DO 0.001%,80.87,76.51379783034324
2025-05-13,DO 0.05%,80.14,76.28254431605339
2025-05-14,DO 0.001%,82.49,77.36400195479392
2025-05-14,DO 0.05%,81.85,75.95241047143936
2025-05-15,DO 0.001%,80.85,76.50273884654045
2025-05-15,DO 0.05%,80.21,74.94174248695373
2025-05-16,DO 0.001%,80.48,76.25724165201187
2025-05-16,DO 0.05%,80.01,75.94980697274208
2025-05-19,DO 0.001%,80.33,76.57962421774864
2025-05-19,DO 0.05%,79.99,75.56598814964295
2025-05-20,DO 0.001%,80.35,76.16370186567306
2025-05-20,DO 0.05%,80.01,75.52114856958389
2025-05-21,DO 0.001%,80.86,75.80447329044341
2025-05-21,DO 0.05%,80.52,74.80714949369431
2025-05-22,DO 0.001%,78.91,76.11976265788078
2025-05-22,DO 0.05%,78.62,74.16708328366279
2025-05-23,DO 0.001%,78.34,75.81142518997191
2025-05-23,DO 0.05%,78.09,73.77374614357949
2025-05-26,DO 0.001%,79.19,75.75807077407836
2025-05-26,DO 0.05%,78.96,74.34316054582595
2025-05-27,DO 0.001%,79.08,75.69990749001502
2025-05-27,DO 0.05%,78.83,73.87504591107368
2025-05-28,DO 0.001%,78.91,74.67326359033584
2025-05-28,DO 0.05%,78.75,74.24604215502738
2025-05-29,DO 0.001%,80.62,75.13605945467948
2025-05-29,DO 0.05%,80.46,73.4238934648037
2025-05-30,DO 0.001%,78.82,74.92691372394562
2025-05-30,DO 0.05%,78.57,73.80684909582138
2025-06-02,DO 0.001%,80.02,75.93306459188462
2025-06-02,DO 0.05%,79.74,73.18722568750381
2025-06-03,DO 0.001%,80.23,75.05128961205482
2025-06-03,DO 0.05%,79.96,73.72279460668564
2025-06-04,DO 0.001%,81.26,75.15245953202248
2025-06-04,DO 0.05%,81.01,73.24423349142074
2025-06-05,DO 0.001%,80.43,74.8421815609932
2025-06-05,DO 0.05%,80.17,74.06680913686752
2025-06-06,DO 0.001%,81.04,74.97658024191855
2025-06-06,DO 0.05%,80.73,73.68858249902725
2025-06-09,DO 0.001%,82.35,74.84586003899574
2025-06-09,DO 0.05%,82.01,73.80954541087151
2025-06-10,DO 0.001%,82.73,74.75251336097718
2025-06-10,DO 0.05%,82.43,73.63821570515633
2025-06-11,DO 0.001%,82.51,74.48859551668167
2025-06-11,DO 0.05%,82.19,73.15043328523636
2025-06-12,DO 0.001%,84.64,75.28166312813758
2025-06-12,DO 0.05%,84.32,73.23983399629593
2025-06-13,DO 0.001%,88.37,74.92997990727424
2025-06-13,DO 0.05%,88.02,73.35520472288131
2025-06-16,DO 0.001%,90.66,74.01446749091149
2025-06-16,DO 0.05%,90.28,73.15973348379136
2025-06-17,DO 0.001%,91.64,73.68813326954842
2025-06-17,DO 0.05%,91.18,72.54343754172325
2025-06-18,DO 0.001%,94.52,74.39793822526931
2025-06-18,DO 0.05%,93.98,73.36130739808083
2025-06-19,DO 0.001%,98.07,74.33424544930458
2025-06-19,DO 0.05%,97.51,72.88994419097901
2025-06-20,DO 0.001%,97.82,74.4173856461048
2025-06-20,DO 0.05%,97.26,73.18158709406853
2025-06-23,DO 0.001%,94.73,73.89074628710746
2025-06-23,DO 0.05%,94.04,72.46972279429436
2025-06-24,DO 0.001%,86.85,74.08322818279267
2025-06-24,DO 0.05%,86.16,72.79664519309998
2025-06-25,DO 0.001%,87.73,74.26544707775116
2025-06-25,DO 0.05%,87.11,72.61720797896385
2025-06-26,DO 0.001%,86.99,74.1840684056282
2025-06-26,DO 0.05%,86.37,71.39464026093484
2025-06-27,DO 0.001%,87.98,73.34787169933318
2025-06-27,DO 0.05%,87.36,72.74074654459953
2025-06-30,DO 0.001%,87.11,73.2854977118969
2025-06-30,DO 0.05%,86.49,72.5976005244255
2025-07-01,DO 0.001%,87.06,73.81271168589592
2025-07-01,DO 0.05%,86.44,72.20332593917847
2025-07-02,DO 0.001%,88.6,74.24753039360046
2025-07-02,DO 0.05%,88.0,71.69804763674736
2025-07-03,DO 0.001%,89.65,73.29187028646469
2025-07-03,DO 0.05%,88.78,71.88851143360138
2025-07-04,DO 0.001%,89.1,73.2310600054264
2025-07-04,DO 0.05%,88.31,72.09918599128723
2025-07-07,DO 0.001%,90.21,73.021518638134
2025-07-07,DO 0.05%,89.4,72.02534594178199
2025-07-08,DO 0.001%,89.76,73.46127809286118
2025-07-08,DO 0.05%,88.96,71.97280724525451
2025-07-09,DO 0.001%,91.84,73.13849518060684
2025-07-09,DO 0.05%,91.04,71.86053194403648
2025-07-10,DO 0.001%,90.43,72.8663537478447
2025-07-10,DO 0.05%,89.46,71.4952439057827
2025-07-11,DO 0.001%,89.68,73.51744906425476
2025-07-11,DO 0.05%,88.33,71.49277499079705
2025-07-14,DO 0.001%,92.57,73.09091046452522
2025-07-14,DO 0.05%,91.08,72.31012507557868
2025-07-15,DO 0.001%,89.76,72.43007966279983
2025-07-15,DO 0.05%,88.35,71.65000125169755
2025-07-16,DO 0.001%,89.99,72.93511443972588
2025-07-16,DO 0.05%,88.68,71.35135071396827
2025-07-17,DO 0.001%,90.44,72.79846439838408
2025-07-17,DO 0.05%,89.22,70.60231346487998
2025-07-18,DO 0.001%,93.88,72.74559981822968
2025-07-18,DO 0.05%,92.7,71.14760953783988
2025-07-21,DO 0.001%,91.89,72.59484344959259
2025-07-21,DO 0.05%,91.0,71.36189465165138
2025-07-22,DO 0.001%,92.47,72.40419372797012
2025-07-22,DO 0.05%,91.75,70.87686423659325
2025-07-23,DO 0.001%,90.89,72.9952606165409
2025-07-23,DO 0.05%,90.09,71.2671941268444
2025-05-29,DO 0.001%,80.62,78.55490722000599
2025-05-29,DO 0.05%,80.46,79.36791926622391
2025-05-30,DO 0.001%,78.82,79.55986912608147
2025-05-30,DO 0.05%,78.57,79.65905159711838
2025-06-02,DO 0.001%,80.02,79.63586670398712
2025-06-02,DO 0.05%,79.74,80.16991317272186
2025-06-03,DO 0.001%,80.23,79.19557178735732
2025-06-03,DO 0.05%,79.96,79.28223744034767
2025-06-04,DO 0.001%,81.26,79.63908383131027
2025-06-04,DO 0.05%,81.01,79.73009794950485
2025-06-05,DO 0.001%,80.43,80.07127948880195
2025-06-05,DO 0.05%,80.17,79.87433105707169
2025-06-06,DO 0.001%,81.04,78.87976652860641
2025-06-06,DO 0.05%,80.73,78.79681661725044
2025-06-09,DO 0.001%,82.35,79.44253804683684
2025-06-09,DO 0.05%,82.01,79.01711851358414
2025-06-10,DO 0.001%,82.73,79.69852543234825
2025-06-10,DO 0.05%,82.43,79.40682202577591
2025-06-11,DO 0.001%,82.51,79.12222692847251
2025-06-11,DO 0.05%,82.19,79.74856361746788
2025-06-12,DO 0.001%,84.64,79.03559025406837
2025-06-12,DO 0.05%,84.32,79.11688193678856
2025-06-13,DO 0.001%,88.37,78.96226420879364
2025-06-13,DO 0.05%,88.02,79.69455599784851
2025-06-16,DO 0.001%,90.66,79.05765861868858
2025-06-16,DO 0.05%,90.28,79.27543133497238
2025-06-17,DO 0.001%,91.64,79.0897358238697
2025-06-17,DO 0.05%,91.18,78.62288542091846
2025-06-18,DO 0.001%,94.52,78.61464513540268
2025-06-18,DO 0.05%,93.98,78.5373068600893
2025-06-19,DO 0.001%,98.07,79.75348939418792
2025-06-19,DO 0.05%,97.51,79.20370906591415
2025-06-20,DO 0.001%,97.82,79.00949577689171
2025-06-20,DO 0.05%,97.26,78.99231612682343
2025-06-23,DO 0.001%,94.73,79.17006993889808
2025-06-23,DO 0.05%,94.04,79.44832518696785
2025-06-24,DO 0.001%,86.85,78.31034439921379
2025-06-24,DO 0.05%,86.16,79.15017083287239
2025-06-25,DO 0.001%,87.73,78.2263134098053
2025-06-25,DO 0.05%,87.11,79.11041378974915
2025-06-26,DO 0.001%,86.99,79.03851577043532
2025-06-26,DO 0.05%,86.37,78.7158802896738
2025-06-27,DO 0.001%,87.98,78.6171473455429
2025-06-27,DO 0.05%,87.36,77.96708196401596
2025-06-30,DO 0.001%,87.11,78.24267654716968
2025-06-30,DO 0.05%,86.49,78.10096979141235
2025-07-01,DO 0.001%,87.06,78.73524978280066
2025-07-01,DO 0.05%,86.44,78.67352284491062
2025-07-02,DO 0.001%,88.6,78.99896015524864
2025-07-02,DO 0.05%,88.0,77.91336067020893
2025-07-03,DO 0.001%,89.65,78.23068287074565
2025-07-03,DO 0.05%,88.78,78.39471191167831
2025-07-04,DO 0.001%,89.1,78.32910156846046
2025-07-04,DO 0.05%,88.31,78.7114305049181
2025-07-07,DO 0.001%,90.21,77.96407990574836
2025-07-07,DO 0.05%,89.4,78.05892683565617
2025-07-08,DO 0.001%,89.76,78.09336233079433
2025-07-08,DO 0.05%,88.96,77.65856824815273
2025-07-09,DO 0.001%,91.84,78.15805763244629
2025-07-09,DO 0.05%,91.04,78.25438410043716
2025-07-10,DO 0.001%,90.43,77.95215678036213
2025-07-10,DO 0.05%,89.46,78.85792136192322
2025-07-11,DO 0.001%,89.68,78.40813754439354
2025-07-11,DO 0.05%,88.33,78.57711553573608
2025-07-14,DO 0.001%,92.57,77.88169981062411
2025-07-14,DO 0.05%,91.08,78.48167516291142
2025-07-15,DO 0.001%,89.76,77.44217154860496
2025-07-15,DO 0.05%,88.35,78.65940369665623
2025-07-16,DO 0.001%,89.99,78.86520479440689
2025-07-16,DO 0.05%,88.68,78.26507672667503
2025-07-17,DO 0.001%,90.44,77.74151019513607
2025-07-17,DO 0.05%,89.22,78.00831288099289
2025-07-18,DO 0.001%,93.88,78.16699880063534
2025-07-18,DO 0.05%,92.7,78.37962582707405
2025-07-21,DO 0.001%,91.89,77.23159081101417
2025-07-21,DO 0.05%,91.0,77.7690102159977
2025-07-22,DO 0.001%,92.47,77.32165156245232
2025-07-22,DO 0.05%,91.75,77.63288341462612
2025-07-23,DO 0.001%,90.89,78.05978474020958
2025-07-23,DO 0.05%,90.09,78.16245004534721
2025-07-24,DO 0.001%,91.63,77.29153097271919
2025-07-24,DO 0.05%,90.71,77.99805209040642
2025-07-25,DO 0.001%,91.61,78.5854417091608
2025-07-25,DO 0.05%,90.56,78.18328611552715
2025-07-28,DO 0.001%,90.89,77.06249878704547
2025-07-28,DO 0.05%,89.58,77.68340818583965
2025-07-29,DO 0.001%,91.75,77.19753347337246
2025-07-29,DO 0.05%,90.35,77.56531991064548
2025-07-30,DO 0.001%,92.84,76.75665063142776
2025-07-30,DO 0.05%,91.3,77.00688131153584
2025-07-31,DO 0.001%,93.5,77.04367106676101
2025-07-31,DO 0.05%,91.74,77.31677502393723
2025-08-01,DO 0.001%,92.68,77.36103315174579
2025-08-01,DO 0.05%,90.88,77.79354505240917
2025-08-04,DO 0.001%,89.41,76.98574866473675
2025-08-04,DO 0.05%,87.68,77.96623706817627
2025-08-05,DO 0.001%,89.41,76.63939480662346
2025-08-05,DO 0.05%,87.77,77.31560625135899
2025-08-06,DO 0.001%,87.91,77.08629800379276
2025-08-06,DO 0.05%,86.27,76.88310407102108
2025-08-07,DO 0.001%,86.27,77.86944274365902
2025-08-07,DO 0.05%,84.83,77.22955830395222
2025-08-08,DO 0.001%,86.64,76.92740765988826
2025-08-08,DO 0.05%,85.2,77.32145950198174
2025-08-11,DO 0.001%,85.45,77.43691314458847
2025-08-11,DO 0.05%,84.21,76.97131119668484
2025-08-12,DO 0.001%,86.89,78.04156846225261
2025-08-12,DO 0.05%,85.61,77.06504300236702
2025-08-13,DO 0.001%,84.95,78.01802793264389
2025-08-13,DO 0.05%,83.73,77.15550787746906
2025-08-14,DO 0.001%,84.66,76.79561832129954
2025-08-14,DO 0.05%,83.62,76.89634077250957
2025-08-15,DO 0.001%,83.61,77.59019703269004
2025-08-15,DO 0.05%,83.03,77.27537982165813
2025-08-18,DO 0.001%,83.09,77.07739916622639
2025-08-18,DO 0.05%,82.78,76.88275672495365
2025-08-19,DO 0.001%,83.85,76.57933235645294
2025-08-19,DO 0.05%,83.43,77.0727737993002
2025-08-20,DO 0.001%,85.35,77.48890925943851
2025-08-20,DO 0.05%,85.02,77.13156916201115
2025-06-26,DO 0.001%,86.99,87.59724844515324
2025-06-26,DO 0.05%,86.37,86.9000965231657
2025-06-27,DO 0.001%,87.98,86.67940272033215
2025-06-27,DO 0.05%,87.36,87.04292766928673
2025-06-30,DO 0.001%,87.11,87.57152119696141
2025-06-30,DO 0.05%,86.49,87.60562288284302
2025-07-01,DO 0.001%,87.06,86.98234629690647
2025-07-01,DO 0.05%,86.44,86.50747572243213
2025-07-02,DO 0.001%,88.6,87.53945626080036
2025-07-02,DO 0.05%,88.0,87.07109514057636
2025-07-03,DO 0.001%,89.65,88.32370331406594
2025-07-03,DO 0.05%,88.78,87.13174476861954
2025-07-04,DO 0.001%,89.1,88.12811347842216
2025-07-04,DO 0.05%,88.31,87.09026459753514
2025-07-07,DO 0.001%,90.21,87.84309530973435
2025-07-07,DO 0.05%,89.4,87.57399224042892
2025-07-08,DO 0.001%,89.76,88.22934915423393
2025-07-08,DO 0.05%,88.96,87.7275140452385
2025-07-09,DO 0.001%,91.84,87.90044824838638
2025-07-09,DO 0.05%,91.04,87.18812124848365
2025-07-10,DO 0.001%,90.43,88.11665125727654
2025-07-10,DO 0.05%,89.46,88.49094857215881
2025-07-11,DO 0.001%,89.68,87.81599803328514
2025-07-11,DO 0.05%,88.33,87.31431151986122
2025-07-14,DO 0.001%,92.57,88.02679413676262
2025-07-14,DO 0.05%,91.08,87.98090186715126
2025-07-15,DO 0.001%,89.76,87.97210804700852
2025-07-15,DO 0.05%,88.35,87.62027516007423
2025-07-16,DO 0.001%,89.99,88.83406498551369
2025-07-16,DO 0.05%,88.68,88.55152031779289
2025-07-17,DO 0.001%,90.44,88.54243721485139
2025-07-17,DO 0.05%,89.22,88.2410187292099
2025-07-18,DO 0.001%,93.88,88.46808965086937
2025-07-18,DO 0.05%,92.7,88.65197824120521
2025-07-21,DO 0.001%,91.89,88.35295498609543
2025-07-21,DO 0.05%,91.0,88.42362701773644
2025-07-22,DO 0.001%,92.47,89.14194484710694
2025-07-22,DO 0.05%,91.75,88.96388171315193
2025-07-23,DO 0.001%,90.89,88.84596645236016
2025-07-23,DO 0.05%,90.09,89.65273604512214
2025-07-24,DO 0.001%,91.63,89.17588180661203
2025-07-24,DO 0.05%,90.71,89.14366546630859
2025-07-25,DO 0.001%,91.61,89.97372978925705
2025-07-25,DO 0.05%,90.56,89.46384524226188
2025-07-28,DO 0.001%,90.89,89.37956631302833
2025-07-28,DO 0.05%,89.58,89.46362717151642
2025-07-29,DO 0.001%,91.75,90.02950353503228
2025-07-29,DO 0.05%,90.35,89.13451687932015
2025-07-30,DO 0.001%,92.84,89.86178488492966
2025-07-30,DO 0.05%,91.3,90.00245921492576
2025-07-31,DO 0.001%,93.5,90.3892143893242
2025-07-31,DO 0.05%,91.74,89.94064135074615
2025-08-01,DO 0.001%,92.68,89.9092861700058
2025-08-01,DO 0.05%,90.88,89.70138659000396
2025-08-04,DO 0.001%,89.41,90.77856387019158
2025-08-04,DO 0.05%,87.68,90.8313772714138
2025-08-05,DO 0.001%,89.41,90.43849357366562
2025-08-05,DO 0.05%,87.77,90.79035920262336
2025-08-06,DO 0.001%,87.91,90.53152999639512
2025-08-06,DO 0.05%,86.27,90.78446090817451
2025-08-07,DO 0.001%,86.27,90.37740704655647
2025-08-07,DO 0.05%,84.83,91.5886123585701
2025-08-08,DO 0.001%,86.64,91.1979075574875
2025-08-08,DO 0.05%,85.2,90.86250946640968
2025-08-11,DO 0.001%,85.45,92.67401365160943
2025-08-11,DO 0.05%,84.21,91.70404447317124
2025-08-12,DO 0.001%,86.89,91.10167091608048
2025-08-12,DO 0.05%,85.61,91.55529945611954
2025-08-13,DO 0.001%,84.95,91.86071886181831
2025-08-13,DO 0.05%,83.73,91.82032810211182
2025-08-14,DO 0.001%,84.66,91.70727569699288
2025-08-14,DO 0.05%,83.62,91.0217634165287
2025-08-15,DO 0.001%,83.61,91.11787071585655
2025-08-15,DO 0.05%,83.03,91.74493793010711
2025-08-18,DO 0.001%,83.09,91.15971409797669
2025-08-18,DO 0.05%,82.78,91.24919043540955
2025-08-19,DO 0.001%,83.85,90.69085068702698
2025-08-19,DO 0.05%,83.43,90.70260130405426
2025-08-20,DO 0.001%,85.35,90.84631229043008
2025-08-20,DO 0.05%,85.02,91.77881158590317
2025-08-21,DO 0.001%,85.66,91.16426342844963
2025-08-21,DO 0.05%,85.36,91.58021144270897
2025-08-22,DO 0.001%,86.78,92.01373323917389
2025-08-22,DO 0.05%,86.49,91.60184198379517
2025-08-25,DO 0.001%,86.89,91.21166013121605
2025-08-25,DO 0.05%,86.6,90.59579856038094
2025-08-26,DO 0.001%,86.72,91.07841181039811
2025-08-26,DO 0.05%,86.31,91.54465552687645
2025-08-27,DO 0.001%,85.53,92.07176596283914
2025-08-27,DO 0.05%,85.08,91.54706468939781
2025-08-28,DO 0.001%,85.75,91.73185253977776
2025-08-28,DO 0.05%,85.25,91.43639897823334
2025-08-29,DO 0.001%,86.33,91.91833325624467
2025-08-29,DO 0.05%,85.83,91.73090871214866
2025-09-01,DO 0.001%,86.22,92.2751680970192
2025-09-01,DO 0.05%,85.62,91.9908594250679
2025-09-02,DO 0.001%,88.12,91.57457120418549
2025-09-02,DO 0.05%,87.42,93.07635329008103
2025-09-03,DO 0.001%,89.85,93.18316216826439
2025-09-03,DO 0.05%,89.15,92.58348225235939
2025-09-04,DO 0.001%,88.45,92.2849047100544
2025-09-04,DO 0.05%,87.73,91.80118979811668
2025-09-05,DO 0.001%,88.49,93.21874107003212
2025-09-05,DO 0.05%,87.51,92.60358629822731
2025-09-08,DO 0.001%,88.18,92.29862590909005
2025-09-08,DO 0.05%,87.13,93.40251443505286
2025-09-09,DO 0.001%,88.86,93.40572378158569
2025-09-09,DO 0.05%,87.97,92.97952987909316
2025-09-10,DO 0.001%,88.82,92.8584654712677
2025-09-10,DO 0.05%,87.88,93.73954796433449
2025-09-11,DO 0.001%,89.18,92.94421250700951
2025-09-11,DO 0.05%,88.2,93.01284278154372
2025-09-12,DO 0.001%,88.0,93.0948842406273
2025-09-12,DO 0.05%,86.87,93.495495647192
2025-09-15,DO 0.001%,88.78,93.53988196849824
2025-09-15,DO 0.05%,87.64,93.0500705730915
2025-09-16,DO 0.001%,88.98,92.6879126405716
2025-09-16,DO 0.05%,87.93,93.8843157863617
2025-09-17,DO 0.001%,90.61,92.57360417604447
2025-09-17,DO 0.05%,89.75,92.52772883176803
2025-07-24,DO 0.001%,91.63,91.91696739077568
2025-07-24,DO 0.05%,90.71,92.11912265181542
2025-07-25,DO 0.001%,91.61,93.02223883748054
2025-07-25,DO 0.05%,90.56,92.05029278039933
2025-07-28,DO 0.001%,90.89,92.28224546432496
2025-07-28,DO 0.05%,89.58,92.72926955223083
2025-07-29,DO 0.001%,91.75,92.00256335616112
2025-07-29,DO 0.05%,90.35,92.10495716571808
2025-07-30,DO 0.001%,92.84,92.06470169305801
2025-07-30,DO 0.05%,91.3,92.19482584476471
2025-07-31,DO 0.001%,93.5,91.2502398300171
2025-07-31,DO 0.05%,91.74,90.22205368995667
2025-08-01,DO 0.001%,92.68,91.01949911117553
2025-08-01,DO 0.05%,90.88,89.85476057052612
2025-08-04,DO 0.001%,89.41,90.74635588467122
2025-08-04,DO 0.05%,87.68,89.66917014956475
2025-08-05,DO 0.001%,89.41,90.76172523617744
2025-08-05,DO 0.05%,87.77,90.06956260800362
2025-08-06,DO 0.001%,87.91,91.17174074530601
2025-08-06,DO 0.05%,86.27,90.05922040700912
2025-08-07,DO 0.001%,86.27,89.80671263098716
2025-08-07,DO 0.05%,84.83,90.00536685883999
2025-08-08,DO 0.001%,86.64,90.23314848005772
2025-08-08,DO 0.05%,85.2,89.92454626321793
2025-08-11,DO 0.001%,85.45,92.12928872466087
2025-08-11,DO 0.05%,84.21,90.2433287680149
2025-08-12,DO 0.001%,86.89,90.22633330762386
2025-08-12,DO 0.05%,85.61,90.46077273845673
2025-08-13,DO 0.001%,84.95,91.79085961341858
2025-08-13,DO 0.05%,83.73,89.05892659306527
2025-08-14,DO 0.001%,84.66,91.21382362246513
2025-08-14,DO 0.05%,83.62,89.1627889251709
2025-08-15,DO 0.001%,83.61,89.67813990652562
2025-08-15,DO 0.05%,83.03,90.68647543430329
2025-08-18,DO 0.001%,83.09,89.7065220117569
2025-08-18,DO 0.05%,82.78,89.85855163693428
2025-08-19,DO 0.001%,83.85,90.9969516170025
2025-08-19,DO 0.05%,83.43,89.20798638403416
2025-08-20,DO 0.001%,85.35,89.22535350203515
2025-08-20,DO 0.05%,85.02,89.7709006780386
2025-08-21,DO 0.001%,85.66,89.6516701668501
2025-08-21,DO 0.05%,85.36,88.74358074903489
2025-08-22,DO 0.001%,86.78,89.48516976177693
2025-08-22,DO 0.05%,86.49,88.34487977206707
2025-08-25,DO 0.001%,86.89,89.57931448876857
2025-08-25,DO 0.05%,86.6,88.98520484983922
2025-08-26,DO 0.001%,86.72,89.4741181308031
2025-08-26,DO 0.05%,86.31,88.34552951574327
2025-08-27,DO 0.001%,85.53,89.65660547852517
2025-08-27,DO 0.05%,85.08,90.4507742035389
2025-08-28,DO 0.001%,85.75,89.87101795434951
2025-08-28,DO 0.05%,85.25,90.79969192743302
2025-08-29,DO 0.001%,86.33,89.30210816264153
2025-08-29,DO 0.05%,85.83,89.70804737448692
2025-09-01,DO 0.001%,86.22,90.44622825920582
2025-09-01,DO 0.05%,85.62,88.21937721669674
2025-09-02,DO 0.001%,88.12,89.19396470308304
2025-09-02,DO 0.05%,87.42,89.27695050001145
2025-09-03,DO 0.001%,89.85,90.045276170969
2025-09-03,DO 0.05%,89.15,89.1441020822525
2025-09-04,DO 0.001%,88.45,90.25971573412419
2025-09-04,DO 0.05%,87.73,89.25715211212635
2025-09-05,DO 0.001%,88.49,89.47430774211884
2025-09-05,DO 0.05%,87.51,89.53418455839157
2025-09-08,DO 0.001%,88.18,88.68347144901753
2025-09-08,DO 0.05%,87.13,89.00951922476293
2025-09-09,DO 0.001%,88.86,89.2557509046793
2025-09-09,DO 0.05%,87.97,88.2140826112032
2025-09-10,DO 0.001%,88.82,88.77301132977009
2025-09-10,DO 0.05%,87.88,88.73416752040387
2025-09-11,DO 0.001%,89.18,88.2944106990099
2025-09-11,DO 0.05%,88.2,87.91343386173249
2025-09-12,DO 0.001%,88.0,89.60757740974427
2025-09-12,DO 0.05%,86.87,89.20834615945816
2025-09-15,DO 0.001%,88.78,90.39159853041173
2025-09-15,DO 0.05%,87.64,88.27147484600545
2025-09-16,DO 0.001%,88.98,89.2591639083624
2025-09-16,DO 0.05%,87.93,88.63514336228371
2025-09-17,DO 0.001%,90.61,88.99164401173591
2025-09-17,DO 0.05%,89.75,87.54183417677879
2025-09-18,DO 0.001%,89.43,89.33929906785488
2025-09-18,DO 0.05%,88.57,88.17064644098282
2025-09-19,DO 0.001%,88.75,89.20801761031151
2025-09-19,DO 0.05%,87.96,88.66731372892858
2025-09-22,DO 0.001%,88.16,88.62504949390889
2025-09-22,DO 0.05%,87.44,88.60876699090004
2025-09-23,DO 0.001%,87.56,89.68955992519855
2025-09-23,DO 0.05%,86.85,87.27239997267723
2025-09-24,DO 0.001%,89.37,89.12444777727127
2025-09-24,DO 0.05%,88.69,88.0978160816431
2025-09-25,DO 0.001%,90.75,89.0167485499382
2025-09-25,DO 0.05%,89.96,87.96990249395371
2025-09-26,DO 0.001%,92.58,88.42184033811093
2025-09-26,DO 0.05%,91.7,88.1650296485424
2025-09-29,DO 0.001%,91.87,88.89347410738468
2025-09-29,DO 0.05%,90.96,86.63936168968678
2025-09-30,DO 0.001%,88.78,88.80280197620392
2025-09-30,DO 0.05%,87.96,87.50011633694172
2025-10-01,DO 0.001%,90.2,86.9758861142397
2025-10-01,DO 0.05%,89.26,86.59889500916005
2025-10-02,DO 0.001%,89.5,87.93520560503006
2025-10-02,DO 0.05%,88.59,87.34291595578193
2025-10-03,DO 0.001%,88.01,86.7282862406969
2025-10-03,DO 0.05%,87.16,87.6991043651104
2025-10-06,DO 0.001%,87.83,87.84789772033692
2025-10-06,DO 0.05%,87.3,88.15710384964943
2025-10-07,DO 0.001%,87.7,87.44950267612934
2025-10-07,DO 0.05%,87.17,86.51820328831673
2025-10-08,DO 0.001%,88.55,87.6754597723484
2025-10-08,DO 0.05%,88.08,87.39283345341683
2025-10-09,DO 0.001%,89.56,86.12335029900073
2025-10-09,DO 0.05%,89.0,85.7713256174326
2025-10-10,DO 0.001%,88.23,86.57740980803966
2025-10-10,DO 0.05%,87.78,86.72674415946007
2025-10-13,DO 0.001%,86.89,84.99761166512967
2025-10-13,DO 0.05%,86.25,85.01850359737874
2025-10-14,DO 0.001%,85.63,85.30675937175751
2025-10-14,DO 0.05%,84.85,85.18903714835645
2025-10-15,DO 0.001%,85.23,85.76113309383392
2025-10-15,DO 0.05%,84.43,84.03347607493401
2025-08-21,DO 0.001%,85.66,86.036871188879
2025-08-21,DO 0.05%,85.36,86.11024064540862
2025-08-22,DO 0.001%,86.78,86.12889965772628
2025-08-22,DO 0.05%,86.49,85.9836928653717
2025-08-25,DO 0.001%,86.89,86.2921700656414
2025-08-25,DO 0.05%,86.6,85.68931674242019
2025-08-26,DO 0.001%,86.72,85.72991631031036
2025-08-26,DO 0.05%,86.31,84.88931706905365
2025-08-27,DO 0.001%,85.53,84.71755228042602
2025-08-27,DO 0.05%,85.08,84.93455541729926
2025-08-28,DO 0.001%,85.75,85.37449005246162
2025-08-28,DO 0.05%,85.25,84.68525547981262
2025-08-29,DO 0.001%,86.33,85.68529089689254
2025-08-29,DO 0.05%,85.83,85.03730074167251
2025-09-01,DO 0.001%,86.22,85.9049993276596
2025-09-01,DO 0.05%,85.62,85.57676563739776
2025-09-02,DO 0.001%,88.12,86.35233196020125
2025-09-02,DO 0.05%,87.42,84.35504138231278
2025-09-03,DO 0.001%,89.85,85.640421295166
2025-09-03,DO 0.05%,89.15,84.7543520271778
2025-09-04,DO 0.001%,88.45,85.67122972011566
2025-09-04,DO 0.05%,87.73,85.19763919115066
2025-09-05,DO 0.001%,88.49,85.08489289283752
2025-09-05,DO 0.05%,87.51,85.60023869991302
2025-09-08,DO 0.001%,88.18,84.96046368777752
2025-09-08,DO 0.05%,87.13,84.68503757357597
2025-09-09,DO 0.001%,88.86,85.09932035207748
2025-09-09,DO 0.05%,87.97,84.63520799160003
2025-09-10,DO 0.001%,88.82,85.76005321741104
2025-09-10,DO 0.05%,87.88,85.51410999298095
2025-09-11,DO 0.001%,89.18,85.52074867486954
2025-09-11,DO 0.05%,88.2,84.83688781499862
2025-09-12,DO 0.001%,88.0,84.6932708054781
2025-09-12,DO 0.05%,86.87,83.97184566378593
2025-09-15,DO 0.001%,88.78,85.10575573146343
2025-09-15,DO 0.05%,87.64,84.92897600412368
2025-09-16,DO 0.001%,88.98,84.5898824930191
2025-09-16,DO 0.05%,87.93,84.90526983261108
2025-09-17,DO 0.001%,90.61,85.07225614786148
2025-09-17,DO 0.05%,89.75,84.62781944990158
2025-09-18,DO 0.001%,89.43,85.45357654094695
2025-09-18,DO 0.05%,88.57,84.63792421817779
2025-09-19,DO 0.001%,88.75,84.30013780295849
2025-09-19,DO 0.05%,87.96,85.13578422546387
2025-09-22,DO 0.001%,88.16,84.96011775434016
2025-09-22,DO 0.05%,87.44,84.73170498132706
2025-09-23,DO 0.001%,87.56,84.75084837377071
2025-09-23,DO 0.05%,86.85,85.72580336809158
2025-09-24,DO 0.001%,89.37,85.3582006573677
2025-09-24,DO 0.05%,88.69,85.2771597647667
2025-09-25,DO 0.001%,90.75,84.63313434720038
2025-09-25,DO 0.05%,89.96,84.92759255290031
2025-09-26,DO 0.001%,92.58,85.84850025773048
2025-09-26,DO 0.05%,91.7,84.9704542028904
2025-09-29,DO 0.001%,91.87,85.01732395291327
2025-09-29,DO 0.05%,90.96,85.05507783651352
2025-09-30,DO 0.001%,88.78,86.11681233644485
2025-09-30,DO 0.05%,87.96,86.2116329240799
2025-10-01,DO 0.001%,90.2,86.00001910328865
2025-10-01,DO 0.05%,89.26,86.3789139676094
2025-10-02,DO 0.001%,89.5,86.17575328946113
2025-10-02,DO 0.05%,88.59,86.39804917573929
2025-10-03,DO 0.001%,88.01,86.04969107508659
2025-10-03,DO 0.05%,87.16,86.03173358917236
2025-10-06,DO 0.001%,87.83,86.01461952924728
2025-10-06,DO 0.05%,87.3,86.089139213562
2025-10-07,DO 0.001%,87.7,86.12242866754531
2025-10-07,DO 0.05%,87.17,85.22768998146057
2025-10-08,DO 0.001%,88.55,86.60222817063331
2025-10-08,DO 0.05%,88.08,86.01370311498641
2025-10-09,DO 0.001%,89.56,85.89460097551346
2025-10-09,DO 0.05%,89.0,85.182649269104
2025-10-10,DO 0.001%,88.23,85.64981237053871
2025-10-10,DO 0.05%,87.78,85.07424345016479
2025-10-13,DO 0.001%,86.89,86.55414342284202
2025-10-13,DO 0.05%,86.25,85.86898296833039
2025-10-14,DO 0.001%,85.63,86.48937247395514
2025-10-14,DO 0.05%,84.85,85.97850365638733
2025-10-15,DO 0.001%,85.23,86.13007990121841
2025-10-15,DO 0.05%,84.43,85.76838123321532
2025-10-16,DO 0.001%,84.7,86.04992508888245
2025-10-16,DO 0.05%,83.7,86.02110179185867
2025-10-17,DO 0.001%,83.37,86.50682176351546
2025-10-17,DO 0.05%,82.32,85.61336374998092
2025-10-20,DO 0.001%,83.37,85.64317858815193
2025-10-20,DO 0.05%,82.32,85.9044459414482
2025-10-21,DO 0.001%,84.44,85.85216308236122
2025-10-21,DO 0.05%,83.05,86.46852917432784
2025-10-22,DO 0.001%,86.13,86.04415614008903
2025-10-22,DO 0.05%,84.86,86.07037900686264
2025-10-23,DO 0.001%,90.52,86.16412382125854
2025-10-23,DO 0.05%,89.1,86.75054038524627
2025-10-24,DO 0.001%,92.91,86.5870681464672
2025-10-24,DO 0.05%,91.45,86.13557857990264
2025-10-27,DO 0.001%,93.42,85.93559408783912
2025-10-27,DO 0.05%,92.01,86.06772359132766
2025-10-28,DO 0.001%,93.7,86.51884803771972
2025-10-28,DO 0.05%,91.89,85.8498578953743
2025-10-29,DO 0.001%,92.15,86.85643837451934
2025-10-29,DO 0.05%,90.26,87.0350853896141
2025-10-30,DO 0.001%,92.83,86.71391379833221
2025-10-30,DO 0.05%,90.86,86.01451392889022
2025-10-31,DO 0.001%,94.09,86.13690699934959
2025-10-31,DO 0.05%,92.02,87.08748423814774
2025-11-03,DO 0.001%,94.24,86.31473713517188
2025-11-03,DO 0.05%,91.95,86.32057590723038
2025-11-04,DO 0.001%,93.03,86.69797033667564
2025-11-04,DO 0.05%,90.87,86.17194358348846
2025-11-05,DO 0.001%,94.43,86.6796155154705
2025-11-05,DO 0.05%,92.43,86.01623690843581
2025-11-06,DO 0.001%,94.8,86.86041660904884
2025-11-06,DO 0.05%,92.85,86.79357433319092
2025-11-07,DO 0.001%,97.15,86.79833173155784
2025-11-07,DO 0.05%,95.19,86.59278640508651
2025-11-10,DO 0.001%,95.83,87.37554202079772
2025-11-10,DO 0.05%,94.06,87.1549642252922
2025-11-11,DO 0.001%,96.48,87.35465374588966
2025-11-11,DO 0.05%,94.51,86.95951753377913
2025-11-12,DO 0.001%,98.45,86.37625223994254
2025-11-12,DO 0.05%,96.48,86.19622745990753
2025-09-18,DO 0.001%,89.43,89.99920454144478
2025-09-18,DO 0.05%,88.57,88.52352161705494
2025-09-19,DO 0.001%,88.75,89.26723725318908
2025-09-19,DO 0.05%,87.96,88.56134805083275
2025-09-22,DO 0.001%,88.16,88.20247409462928
2025-09-22,DO 0.05%,87.44,87.75855140388012
2025-09-23,DO 0.001%,87.56,88.28560825288295
2025-09-23,DO 0.05%,86.85,87.85615333914757
2025-09-24,DO 0.001%,89.37,89.13038156747818
2025-09-24,DO 0.05%,88.69,87.98503924906254
2025-09-25,DO 0.001%,90.75,90.18039520442485
2025-09-25,DO 0.05%,89.96,87.60095463693142
2025-09-26,DO 0.001%,92.58,89.5413158774376
2025-09-26,DO 0.05%,91.7,89.0502243489027
2025-09-29,DO 0.001%,91.87,88.61735097169876
2025-09-29,DO 0.05%,90.96,87.19382965564728
2025-09-30,DO 0.001%,88.78,87.34096917331219
2025-09-30,DO 0.05%,87.96,86.45757029950619
2025-10-01,DO 0.001%,90.2,88.8123946273327
2025-10-01,DO 0.05%,89.26,88.66278558969498
2025-10-02,DO 0.001%,89.5,88.10156597971915
2025-10-02,DO 0.05%,88.59,87.59672316908836
2025-10-03,DO 0.001%,88.01,87.68044040381908
2025-10-03,DO 0.05%,87.16,87.64134348928928
2025-10-06,DO 0.001%,87.83,87.57341860949992
2025-10-06,DO 0.05%,87.3,87.10638645291328
2025-10-07,DO 0.001%,87.7,86.28116932868957
2025-10-07,DO 0.05%,87.17,86.08278849720955
2025-10-08,DO 0.001%,88.55,86.65653412222862
2025-10-08,DO 0.05%,88.08,85.76081177592278
2025-10-09,DO 0.001%,89.56,86.4573912769556
2025-10-09,DO 0.05%,89.0,85.27749362587929
2025-10-10,DO 0.001%,88.23,86.09268761694432
2025-10-10,DO 0.05%,87.78,85.12114864587784
2025-10-13,DO 0.001%,86.89,86.8361585599184
2025-10-13,DO 0.05%,86.25,86.49023979902267
2025-10-14,DO 0.001%,85.63,86.61359794616699
2025-10-14,DO 0.05%,84.85,86.52795389294624
2025-10-15,DO 0.001%,85.23,85.05037548780442
2025-10-15,DO 0.05%,84.43,85.22003446519375
2025-10-16,DO 0.001%,84.7,85.3094561547041
2025-10-16,DO 0.05%,83.7,84.31860342621803
2025-10-17,DO 0.001%,83.37,86.16686728715896
2025-10-17,DO 0.05%,82.32,84.92948080599308
2025-10-20,DO 0.001%,83.37,86.00065297842026
2025-10-20,DO 0.05%,82.32,84.20411306619644
2025-10-21,DO 0.001%,84.44,85.94195193469524
2025-10-21,DO 0.05%,83.05,85.57688468694687
2025-10-22,DO 0.001%,86.13,84.7017877459526
2025-10-22,DO 0.05%,84.86,83.76703079044819
2025-10-23,DO 0.001%,90.52,84.85408425271511
2025-10-23,DO 0.05%,89.1,84.41292075812817
2025-10-24,DO 0.001%,92.91,84.37891310274601
2025-10-24,DO 0.05%,91.45,84.28750668466091
2025-10-27,DO 0.001%,93.42,85.43172974288464
2025-10-27,DO 0.05%,92.01,84.03391283750534
2025-10-28,DO 0.001%,93.7,84.65580013096333
2025-10-28,DO 0.05%,91.89,84.2791293412447
2025-10-29,DO 0.001%,92.15,84.99051327705384
2025-10-29,DO 0.05%,90.26,84.39253909885883
2025-10-30,DO 0.001%,92.83,83.48907030522824
2025-10-30,DO 0.05%,90.86,83.80645138025284
2025-10-31,DO 0.001%,94.09,83.55352857708931
2025-10-31,DO 0.05%,92.02,83.1508306413889
2025-11-03,DO 0.001%,94.24,83.42920269370079
2025-11-03,DO 0.05%,91.95,83.39421226084232
2025-11-04,DO 0.001%,93.03,83.5614191120863
2025-11-04,DO 0.05%,90.87,82.85195848345757
2025-11-05,DO 0.001%,94.43,83.08814903557301
2025-11-05,DO 0.05%,92.43,82.99682874977589
2025-11-06,DO 0.001%,94.8,84.12440149307251
2025-11-06,DO 0.05%,92.85,82.98944106698036
2025-11-07,DO 0.001%,97.15,82.41206358551979
2025-11-07,DO 0.05%,95.19,82.590222671628
2025-11-10,DO 0.001%,95.83,83.03462193608284
2025-11-10,DO 0.05%,94.06,83.18725550174713
2025-11-11,DO 0.001%,96.48,82.86347671806813
2025-11-11,DO 0.05%,94.51,81.14730283617973
2025-11-12,DO 0.001%,98.45,82.32166538238525
2025-11-12,DO 0.05%,96.48,81.7358299344778
2025-11-13,DO 0.001%,94.69,82.18727245092391
2025-11-13,DO 0.05%,92.97,81.53358075022697
2025-11-14,DO 0.001%,95.02,82.50499475300312
2025-11-14,DO 0.05%,93.35,81.62266090512276
2025-11-17,DO 0.001%,95.43,82.61109841525554
2025-11-17,DO 0.05%,93.64,81.26640447974205
2025-11-18,DO 0.001%,96.81,82.03854045689106
2025-11-18,DO 0.05%,94.7,81.537528693676
2025-11-19,DO 0.001%,99.49,82.07600564599038
2025-11-19,DO 0.05%,97.07,81.27305392920971
2025-11-20,DO 0.001%,97.33,81.74718474745751
2025-11-20,DO 0.05%,95.01,81.23158982396126
2025-11-21,DO 0.001%,91.44,80.51498670458794
2025-11-21,DO 0.05%,88.71,80.90043868124485
2025-11-24,DO 0.001%,88.52,81.34179163455963
2025-11-24,DO 0.05%,86.68,80.36511252820492
2025-11-25,DO 0.001%,88.12,81.25217654407024
2025-11-25,DO 0.05%,86.84,80.46127009391785
2025-11-26,DO 0.001%,86.41,79.80928339421749
2025-11-26,DO 0.05%,85.33,79.1575660854578
2025-11-27,DO 0.001%,86.49,80.47370856702328
2025-11-27,DO 0.05%,85.41,80.0089256465435
2025-11-28,DO 0.001%,87.81,80.15720684051513
2025-11-28,DO 0.05%,87.06,79.71231633424759
2025-12-01,DO 0.001%,87.8,80.33757658541202
2025-12-01,DO 0.05%,86.97,79.00369258224964
2025-12-02,DO 0.001%,86.96,79.93138415753842
2025-12-02,DO 0.05%,86.13,78.53091298043728
2025-12-03,DO 0.001%,85.67,78.79815535068512
2025-12-03,DO 0.05%,84.92,78.49570780992508
2025-12-04,DO 0.001%,85.69,79.84645154058933
2025-12-04,DO 0.05%,85.06,79.2709811925888
2025-12-05,DO 0.001%,85.89,79.17921796381474
2025-12-05,DO 0.05%,85.33,79.81941901147366
2025-12-08,DO 0.001%,86.63,78.9962504452467
2025-12-08,DO 0.05%,86.2,78.56925831735134
2025-12-09,DO 0.001%,84.5,79.17595589458942
2025-12-09,DO 0.05%,84.18,79.11558842658997
2025-12-10,DO 0.001%,83.64,78.98422291517258
2025-12-10,DO 0.05%,83.37,78.60404622554779
2025-10-16,DO 0.001%,84.7,86.1442967748642
2025-10-16,DO 0.05%,83.7,84.37065266907216
2025-10-17,DO 0.001%,83.37,85.67723202466965
2025-10-17,DO 0.05%,82.32,85.28278385519982
2025-10-20,DO 0.001%,83.37,86.64633296012879
2025-10-20,DO 0.05%,82.32,85.24649004101754
2025-10-21,DO 0.001%,84.44,84.74441827118397
2025-10-21,DO 0.05%,83.05,84.58296544313431
2025-10-22,DO 0.001%,86.13,85.21203675270081
2025-10-22,DO 0.05%,84.86,84.70634025573732
2025-10-23,DO 0.001%,90.52,85.36484627723694
2025-10-23,DO 0.05%,89.1,85.22194189548493
2025-10-24,DO 0.001%,92.91,86.2397417664528
2025-10-24,DO 0.05%,91.45,85.41624363780022
2025-10-27,DO 0.001%,93.42,85.92073156356813
2025-10-27,DO 0.05%,92.01,84.18909804701806
2025-10-28,DO 0.001%,93.7,85.51447565674782
2025-10-28,DO 0.05%,91.89,83.47084084749223
2025-10-29,DO 0.001%,92.15,85.61645366191864
2025-10-29,DO 0.05%,90.26,85.03625565648079
2025-10-30,DO 0.001%,92.83,85.6356259739399
2025-10-30,DO 0.05%,90.86,85.01884348273278
2025-10-31,DO 0.001%,94.09,85.83316073298455
2025-10-31,DO 0.05%,92.02,84.48123003721238
2025-11-03,DO 0.001%,94.24,85.26129343986511
2025-11-03,DO 0.05%,91.95,84.16230040967466
2025-11-04,DO 0.001%,93.03,85.38857036232949
2025-11-04,DO 0.05%,90.87,83.97176291763783
2025-11-05,DO 0.001%,94.43,85.71647074699402
2025-11-05,DO 0.05%,92.43,84.92018791794777
2025-11-06,DO 0.001%,94.8,85.69819253325463
2025-11-06,DO 0.05%,92.85,83.71647327542306
2025-11-07,DO 0.001%,97.15,84.15845876991749
2025-11-07,DO 0.05%,95.19,85.76172934651376
2025-11-10,DO 0.001%,95.83,85.40112837910652
2025-11-10,DO 0.05%,94.06,83.72373505771161
2025-11-11,DO 0.001%,96.48,85.52504227280617
2025-11-11,DO 0.05%,94.51,84.69671826839448
2025-11-12,DO 0.001%,98.45,85.35706355810166
2025-11-12,DO 0.05%,96.48,85.03394074320794
2025-11-13,DO 0.001%,94.69,86.025452824831
2025-11-13,DO 0.05%,92.97,84.40951301753522
2025-11-14,DO 0.001%,95.02,85.72227222561837
2025-11-14,DO 0.05%,93.35,84.84958306312562
2025-11-17,DO 0.001%,95.43,84.71389700710773
2025-11-17,DO 0.05%,93.64,83.89585892438889
2025-11-18,DO 0.001%,96.81,85.49418572187425
2025-11-18,DO 0.05%,94.7,83.29043361723424
2025-11-19,DO 0.001%,99.49,85.18538144767285
2025-11-19,DO 0.05%,97.07,84.57175321102143
2025-11-20,DO 0.001%,97.33,84.7241080158949
2025-11-20,DO 0.05%,95.01,83.70429481863977
2025-11-21,DO 0.001%,91.44,85.97309727430344
2025-11-21,DO 0.05%,88.71,85.49080397486688
2025-11-24,DO 0.001%,88.52,86.10536285877228
2025-11-24,DO 0.05%,86.68,83.62760576784612
2025-11-25,DO 0.001%,88.12,85.25137707710266
2025-11-25,DO 0.05%,86.84,85.16436094403268
2025-11-26,DO 0.001%,86.41,85.77821432948113
2025-11-26,DO 0.05%,85.33,85.0427374136448
2025-11-27,DO 0.001%,86.49,85.41967075824738
2025-11-27,DO 0.05%,85.41,84.90398352503777
2025-11-28,DO 0.001%,87.81,85.75114753603935
2025-11-28,DO 0.05%,87.06,83.98225551366806
2025-12-01,DO 0.001%,87.8,86.53083171844483
2025-12-01,DO 0.05%,86.97,85.59633382558823
2025-12-02,DO 0.001%,86.96,85.79612677574158
2025-12-02,DO 0.05%,86.13,84.95409636497499
2025-12-03,DO 0.001%,85.67,85.85271913290025
2025-12-03,DO 0.05%,84.92,85.27168233633041
2025-12-04,DO 0.001%,85.69,86.63365302085877
2025-12-04,DO 0.05%,85.06,85.23144310474396
2025-12-05,DO 0.001%,85.89,86.00231803178788
2025-12-05,DO 0.05%,85.33,84.72960010170937
2025-12-08,DO 0.001%,86.63,85.86310286521912
2025-12-08,DO 0.05%,86.2,85.59791400551796
2025-12-09,DO 0.001%,84.5,85.91960378050804
2025-12-09,DO 0.05%,84.18,85.6111995947361
2025-12-10,DO 0.001%,83.64,86.12867037534714
2025-12-10,DO 0.05%,83.37,84.74571391105653
2025-12-11,DO 0.001%,82.58,86.23579960584641
2025-12-11,DO 0.05%,82.31,85.84239904165268
2025-12-12,DO 0.001%,82.8,86.31859513878823
2025-12-12,DO 0.05%,82.54,85.1894022667408
2025-12-15,DO 0.001%,81.6,85.75519129872322
2025-12-15,DO 0.05%,81.34,85.88070582389832
2025-12-16,DO 0.001%,80.08,86.54330845355987
2025-12-16,DO 0.05%,79.85,84.92662941575051
2025-12-17,DO 0.001%,79.39,86.23621617436409
2025-12-17,DO 0.05%,79.1,85.75021516919136
2025-12-18,DO 0.001%,80.23,85.70986661195755
2025-12-18,DO 0.05%,80.07,85.4228361082077
2025-12-19,DO 0.001%,78.92,85.66138210058213
2025-12-19,DO 0.05%,78.76,85.15361169457437
2025-12-22,DO 0.001%,79.3,85.820623036623
2025-12-22,DO 0.05%,79.26,84.0187003004551
2025-12-23,DO 0.001%,79.87,84.9603328460455
2025-12-23,DO 0.05%,79.83,85.4400469851494
2025-12-24,DO 0.001%,81.09,85.73689276456834
2025-12-24,DO 0.05%,81.05,84.29469835162163
2025-12-25,DO 0.001%,81.09,85.70557900428773
2025-12-25,DO 0.05%,81.05,84.85110285401345
2025-12-26,DO 0.001%,80.56,85.52245141983033
2025-12-26,DO 0.05%,80.52,85.20952188253403
2025-12-29,DO 0.001%,79.38,85.4630751657486
2025-12-29,DO 0.05%,79.34,85.09221616864205
2025-12-30,DO 0.001%,79.74,85.87465502142906
2025-12-30,DO 0.05%,79.7,84.92841089248658
2025-12-31,DO 0.001%,80.28,86.46427219748497
2025-12-31,DO 0.05%,80.24,85.61255834817887
2026-01-01,DO 0.001%,80.28,86.23528143525124
2026-01-01,DO 0.05%,80.24,84.95607913851738
2026-01-02,DO 0.001%,79.4,86.84735267043114
2026-01-02,DO 0.05%,79.31,85.88149088144303
2026-01-05,DO 0.001%,78.1,86.37190574884416
2026-01-05,DO 0.05%,77.95,85.91732171297075
2026-01-06,DO 0.001%,79.56,86.67527939200401
2026-01-06,DO 0.05%,79.49,85.61224633812905
2026-01-07,DO 0.001%,77.33,87.48446881771088
2026-01-07,DO 0.05%,77.26,86.68681901454926
2025-11-13,DO 0.001%,94.69,98.33752656280994
2025-11-13,DO 0.05%,92.97,96.55051454544068
2025-11-14,DO 0.001%,95.02,99.22186341285706
2025-11-14,DO 0.05%,93.35,97.01638669967652
2025-11-17,DO 0.001%,95.43,99.70560423135758
2025-11-17,DO 0.05%,93.64,98.14333127975465
2025-11-18,DO 0.001%,96.81,99.05605502128601
2025-11-18,DO 0.05%,94.7,97.70298053741456
2025-11-19,DO 0.001%,99.49,100.15540409088135
2025-11-19,DO 0.05%,97.07,98.16045673370361
2025-11-20,DO 0.001%,97.33,101.17486515641212
2025-11-20,DO 0.05%,95.01,98.32202716827393
2025-11-21,DO 0.001%,91.44,99.61562313437462
2025-11-21,DO 0.05%,88.71,97.93229370117187
2025-11-24,DO 0.001%,88.52,99.42258686423303
2025-11-24,DO 0.05%,86.68,97.75374732971191
2025-11-25,DO 0.001%,88.12,99.95151187777519
2025-11-25,DO 0.05%,86.84,98.52357616424561
2025-11-26,DO 0.001%,86.41,99.46503653526307
2025-11-26,DO 0.05%,85.33,98.01909410476685
2025-11-27,DO 0.001%,86.49,100.8221350312233
2025-11-27,DO 0.05%,85.41,97.9765047454834
2025-11-28,DO 0.001%,87.81,99.83082900047303
2025-11-28,DO 0.05%,87.06,98.6677221107483
2025-12-01,DO 0.001%,87.8,100.05934366583824
2025-12-01,DO 0.05%,86.97,98.97083919525147
2025-12-02,DO 0.001%,86.96,100.30169525742531
2025-12-02,DO 0.05%,86.13,98.16035322189332
2025-12-03,DO 0.001%,85.67,101.1007396042347
2025-12-03,DO 0.05%,84.92,98.52722208023071
2025-12-04,DO 0.001%,85.69,101.04620169401169
2025-12-04,DO 0.05%,85.06,98.91502332687378
2025-12-05,DO 0.001%,85.89,100.01448808312416
2025-12-05,DO 0.05%,85.33,99.22964172363281
2025-12-08,DO 0.001%,86.63,100.61697531342507
2025-12-08,DO 0.05%,86.2,98.95400127410889
2025-12-09,DO 0.001%,84.5,99.73225703835487
2025-12-09,DO 0.05%,84.18,98.9866995048523
2025-12-10,DO 0.001%,83.64,99.50637127161026
2025-12-10,DO 0.05%,83.37,98.48681797027588
2025-12-11,DO 0.001%,82.58,99.80443438887596
2025-12-11,DO 0.05%,82.31,97.29696121215821
2025-12-12,DO 0.001%,82.8,100.75359588861465
2025-12-12,DO 0.05%,82.54,98.21810131072998
2025-12-15,DO 0.001%,81.6,99.65356612205505
2025-12-15,DO 0.05%,81.34,97.86084754943847
2025-12-16,DO 0.001%,80.08,99.73575441241265
2025-12-16,DO 0.05%,79.85,98.05111375808717
2025-12-17,DO 0.001%,79.39,100.17425235509873
2025-12-17,DO 0.05%,79.1,97.66196685791016
2025-12-18,DO 0.001%,80.23,99.70967667698861
2025-12-18,DO 0.05%,80.07,97.19963710784913
2025-12-19,DO 0.001%,78.92,98.45667787194252
2025-12-19,DO 0.05%,78.76,97.88925579071045
2025-12-22,DO 0.001%,79.3,99.56534544825554
2025-12-22,DO 0.05%,79.26,97.13257295608521
2025-12-23,DO 0.001%,79.87,99.74807737469673
2025-12-23,DO 0.05%,79.83,96.8793370628357
2025-12-24,DO 0.001%,81.09,99.34661873579026
2025-12-24,DO 0.05%,81.05,96.52814449310303
2025-12-25,DO 0.001%,81.09,99.02700803875923
2025-12-25,DO 0.05%,81.05,96.83618413925171
2025-12-26,DO 0.001%,80.56,99.32117475271225
2025-12-26,DO 0.05%,80.52,96.40684015274049
2025-12-29,DO 0.001%,79.38,98.16916555762292
2025-12-29,DO 0.05%,79.34,96.67663793563842
2025-12-30,DO 0.001%,79.74,99.00188093185425
2025-12-30,DO 0.05%,79.7,97.16536319732667
2025-12-31,DO 0.001%,80.28,99.42326756119728
2025-12-31,DO 0.05%,80.24,97.02838256835938
2026-01-01,DO 0.001%,80.28,98.5219074189663
2026-01-01,DO 0.05%,80.24,96.9223289680481
2026-01-02,DO 0.001%,79.4,98.75319181680679
2026-01-02,DO 0.05%,79.31,97.15602413177491
2026-01-05,DO 0.001%,78.1,98.53640156984329
2026-01-05,DO 0.05%,77.95,97.21087388992309
2026-01-06,DO 0.001%,79.56,98.52119151353837
2026-01-06,DO 0.05%,79.49,96.06436557769776
2026-01-07,DO 0.001%,77.33,98.59978854060174
2026-01-07,DO 0.05%,77.26,96.83138809204102
2026-01-08,DO 0.001%,77.11,98.44228347837925
2026-01-08,DO 0.05%,77.01,95.2352474784851
2026-01-09,DO 0.001%,79.58,97.57087400257588
2026-01-09,DO 0.05%,79.53,96.44138434410095
2026-01-12,DO 0.001%,79.98,98.52492361068725
2026-01-12,DO 0.05%,79.93,96.2915625
2026-01-13,DO 0.001%,81.31,97.86110323667526
2026-01-13,DO 0.05%,81.26,96.40309072494507
2026-01-14,DO 0.001%,82.47,97.98979017138481
2026-01-14,DO 0.05%,82.42,96.4716615486145
2026-01-15,DO 0.001%,81.77,97.43494586050511
2026-01-15,DO 0.05%,81.72,95.78105375289917
2026-01-16,DO 0.001%,81.69,97.59870042502881
2026-01-16,DO 0.05%,81.64,95.81773143768311
2026-01-19,DO 0.001%,82.11,97.43488717973233
2026-01-19,DO 0.05%,82.06,95.96944524765016
2026-01-20,DO 0.001%,82.53,97.71989382505417
2026-01-20,DO 0.05%,82.48,96.88567428588867
2026-01-21,DO 0.001%,83.93,97.88471051156522
2026-01-21,DO 0.05%,83.88,96.1023026561737
2026-01-22,DO 0.001%,85.38,97.63124478161335
2026-01-22,DO 0.05%,85.33,96.16465702056885
2026-01-23,DO 0.001%,84.16,97.3055488884449
2026-01-23,DO 0.05%,84.12,95.41607110977174
2026-01-26,DO 0.001%,85.79,97.4593453258276
2026-01-26,DO 0.05%,85.75,95.46630884170533
2026-01-27,DO 0.001%,84.04,97.87177140116692
2026-01-27,DO 0.05%,84.0,96.151447763443
2026-01-28,DO 0.001%,86.7,98.01877847313881
2026-01-28,DO 0.05%,86.57,95.6933677482605
2026-01-29,DO 0.001%,88.6,97.29508023858071
2026-01-29,DO 0.05%,88.46,95.4337313747406
2026-01-30,DO 0.001%,88.81,97.58929976522923
2026-01-30,DO 0.05%,88.63,95.36536757469177
2026-02-02,DO 0.001%,87.39,97.32629254162312
2026-02-02,DO 0.05%,86.69,95.0883584690094
2026-02-03,DO 0.001%,86.72,96.75141461491584
2026-02-03,DO 0.05%,85.73,95.55885415077209
2026-02-04,DO 0.001%,88.3,96.8762344866991
2026-02-04,DO 0.05%,87.06,95.6288798904419
2025-12-11,DO 0.001%,82.58,83.81472593307495
2025-12-11,DO 0.05%,82.31,83.63828922629357
2025-12-12,DO 0.001%,82.8,83.95715688228607
2025-12-12,DO 0.05%,82.54,83.73856847405435
2025-12-15,DO 0.001%,81.6,83.38227326631547
2025-12-15,DO 0.05%,81.34,84.21384639143945
2025-12-16,DO 0.001%,80.08,84.06920721530915
2025-12-16,DO 0.05%,79.85,83.44158686041833
2025-12-17,DO 0.001%,79.39,84.33944214820862
2025-12-17,DO 0.05%,79.1,83.35129578351975
2025-12-18,DO 0.001%,80.23,83.44579138755799
2025-12-18,DO 0.05%,80.07,83.36953786075115
2025-12-19,DO 0.001%,78.92,83.9153997373581
2025-12-19,DO 0.05%,78.76,82.82106801867485
2025-12-22,DO 0.001%,79.3,83.2575153207779
2025-12-22,DO 0.05%,79.26,83.14623018801213
2025-12-23,DO 0.001%,79.87,83.61554694414139
2025-12-23,DO 0.05%,79.83,82.82074004888536
2025-12-24,DO 0.001%,81.09,83.4938400220871
2025-12-24,DO 0.05%,81.05,83.11007897257805
2025-12-25,DO 0.001%,81.09,82.886277551651
2025-12-25,DO 0.05%,81.05,82.47675937056542
2025-12-26,DO 0.001%,80.56,82.50975533008575
2025-12-26,DO 0.05%,80.52,82.18492091953755
2025-12-29,DO 0.001%,79.38,82.74219645738602
2025-12-29,DO 0.05%,79.34,82.3255354821682
2025-12-30,DO 0.001%,79.74,83.40609318494796
2025-12-30,DO 0.05%,79.7,83.03140597701073
2025-12-31,DO 0.001%,80.28,82.5564280128479
2025-12-31,DO 0.05%,80.24,82.64512713432312
2026-01-01,DO 0.001%,80.28,82.15759144306183
2026-01-01,DO 0.05%,80.24,82.56919715881348
2026-01-02,DO 0.001%,79.4,82.20071955442428
2026-01-02,DO 0.05%,79.31,82.21250516653062
2026-01-05,DO 0.001%,78.1,83.26254552125931
2026-01-05,DO 0.05%,77.95,82.2763598906994
2026-01-06,DO 0.001%,79.56,82.93760653495788
2026-01-06,DO 0.05%,79.49,82.73209379017354
2026-01-07,DO 0.001%,77.33,82.48732133388519
2026-01-07,DO 0.05%,77.26,82.00993909835816
2026-01-08,DO 0.001%,77.11,82.698185942173
2026-01-08,DO 0.05%,77.01,82.5706382381916
2026-01-09,DO 0.001%,79.58,82.02742939710618
2026-01-09,DO 0.05%,79.53,82.23083172082902
2026-01-12,DO 0.001%,79.98,82.30307840108871
2026-01-12,DO 0.05%,79.93,82.40654898941517
2026-01-13,DO 0.001%,81.31,82.30950449466705
2026-01-13,DO 0.05%,81.26,81.89187991261483
2026-01-14,DO 0.001%,82.47,82.50730753183365
2026-01-14,DO 0.05%,82.42,81.65684483528138
2026-01-15,DO 0.001%,81.77,82.27541479110718
2026-01-15,DO 0.05%,81.72,81.45959088385105
2026-01-16,DO 0.001%,81.69,81.85645741939545
2026-01-16,DO 0.05%,81.64,81.93067476332187
2026-01-19,DO 0.001%,82.11,82.0071789765358
2026-01-19,DO 0.05%,82.06,81.01632480561733
2026-01-20,DO 0.001%,82.53,81.47322992563248
2026-01-20,DO 0.05%,82.48,81.14193226575851
2026-01-21,DO 0.001%,83.93,81.67994673728943
2026-01-21,DO 0.05%,83.88,80.65488222062588
2026-01-22,DO 0.001%,85.38,81.54546739339828
2026-01-22,DO 0.05%,85.33,81.18082650125027
2026-01-23,DO 0.001%,84.16,81.39523938417435
2026-01-23,DO 0.05%,84.12,81.20222404539585
2026-01-26,DO 0.001%,85.79,81.09818834781647
2026-01-26,DO 0.05%,85.75,80.74975493609905
2026-01-27,DO 0.001%,84.04,81.42400973796845
2026-01-27,DO 0.05%,84.0,80.61343379616739
2026-01-28,DO 0.001%,86.7,80.79082764387131
2026-01-28,DO 0.05%,86.57,80.21278888285161
2026-01-29,DO 0.001%,88.6,80.80582352399826
2026-01-29,DO 0.05%,88.46,80.29545217752457
2026-01-30,DO 0.001%,88.81,80.68563712835312
2026-01-30,DO 0.05%,88.63,80.48106320142746
2026-02-02,DO 0.001%,87.39,80.61244247674942
2026-02-02,DO 0.05%,86.69,80.79860255777837
2026-02-03,DO 0.001%,86.72,80.73654235839844
2026-02-03,DO 0.05%,85.73,80.34182014882565
2026-02-04,DO 0.001%,88.3,80.0459142780304
2026-02-04,DO 0.05%,87.06,79.45301208078861
2026-02-05,DO 0.001%,88.56,80.24504839897156
2026-02-05,DO 0.05%,87.32,79.32076074779035
2026-02-06,DO 0.001%,89.53,80.11463708639145
2026-02-06,DO 0.05%,88.0,79.75749227643013
2026-02-09,DO 0.001%,88.18,80.06873214483261
2026-02-09,DO 0.05%,86.64,79.68504076838494
2026-02-10,DO 0.001%,88.82,80.53753785610199
2026-02-10,DO 0.05%,87.4,79.71067210435868
2026-02-11,DO 0.001%,89.72,80.1292740225792
2026-02-11,DO 0.05%,88.3,79.39407690346242
2026-02-12,DO 0.001%,89.69,80.22590472221374
2026-02-12,DO 0.05%,88.37,79.21057780623437
2026-02-13,DO 0.001%,87.47,79.67768764972686
2026-02-13,DO 0.05%,86.18,79.13185014903546
2026-02-16,DO 0.001%,87.04,79.92297099351883
2026-02-16,DO 0.05%,85.76,79.0156941819191
2026-02-17,DO 0.001%,87.04,80.11977197885513
2026-02-17,DO 0.05%,85.76,79.57436587214471
2026-02-18,DO 0.001%,87.04,79.30928154945373
2026-02-18,DO 0.05%,85.76,79.56687722861767
2026-02-19,DO 0.001%,91.87,79.22659482479095
2026-02-19,DO 0.05%,90.71,79.60622863411903
2026-02-20,DO 0.001%,93.14,79.36188179254532
2026-02-20,DO 0.05%,92.09,79.00924410939217
2026-02-23,DO 0.001%,91.86,79.7124304318428
2026-02-23,DO 0.05%,91.02,79.39895669639111
2026-02-24,DO 0.001%,92.6,79.67697474718094
2026-02-24,DO 0.05%,91.88,78.689076025486
2026-02-25,DO 0.001%,92.41,78.96218774557114
2026-02-25,DO 0.05%,91.7,78.3914583492279
2026-02-26,DO 0.001%,92.61,79.09441870450974
2026-02-26,DO 0.05%,91.9,78.70300977230073
2026-02-27,DO 0.001%,92.88,79.25782793283463
2026-02-27,DO 0.05%,92.26,78.23631870031357
2026-03-02,DO 0.001%,115.15,79.10589992523194
2026-03-02,DO 0.05%,114.53,78.42519948363305
2026-03-03,DO 0.001%,125.87,78.6627088522911
2026-03-03,DO 0.05%,125.25,78.49491791009903
2026-03-04,DO 0.001%,145.14,78.77675830364227
2026-03-04,DO 0.05%,140.6,78.45757407724858
2026-01-08,DO 0.001%,77.11,78.05102140784264
2026-01-08,DO 0.05%,77.01,77.70482066869737
2026-01-09,DO 0.001%,79.58,78.08110122442245
2026-01-09,DO 0.05%,79.53,77.93359979391099
2026-01-12,DO 0.001%,79.98,78.90840219259262
2026-01-12,DO 0.05%,79.93,77.8602228498459
2026-01-13,DO 0.001%,81.31,78.69363986134529
2026-01-13,DO 0.05%,81.26,79.07021022319795
2026-01-14,DO 0.001%,82.47,78.66138448953629
2026-01-14,DO 0.05%,82.42,78.39376450538636
2026-01-15,DO 0.001%,81.77,78.41308542132377
2026-01-15,DO 0.05%,81.72,79.33236678600312
2026-01-16,DO 0.001%,81.69,79.53282341718673
2026-01-16,DO 0.05%,81.64,80.35287457227707
2026-01-19,DO 0.001%,82.11,79.19029330849648
2026-01-19,DO 0.05%,82.06,79.84228451013566
2026-01-20,DO 0.001%,82.53,79.4590389084816
2026-01-20,DO 0.05%,82.48,79.04254305362701
2026-01-21,DO 0.001%,83.93,78.86386783957481
2026-01-21,DO 0.05%,83.88,77.84944702148438
2026-01-22,DO 0.001%,85.38,77.78021087408065
2026-01-22,DO 0.05%,85.33,78.27277129411698
2026-01-23,DO 0.001%,84.16,77.69343756318092
2026-01-23,DO 0.05%,84.12,77.90463399887085
2026-01-26,DO 0.001%,85.79,77.61263781070708
2026-01-26,DO 0.05%,85.75,78.68088967561722
2026-01-27,DO 0.001%,84.04,77.4561914217472
2026-01-27,DO 0.05%,84.0,77.84649978637695
2026-01-28,DO 0.001%,86.7,77.17002294301986
2026-01-28,DO 0.05%,86.57,78.40136284589768
2026-01-29,DO 0.001%,88.6,78.20272029280662
2026-01-29,DO 0.05%,88.46,78.13149742126465
2026-01-30,DO 0.001%,88.81,78.56844403266906
2026-01-30,DO 0.05%,88.63,79.07175752162934
2026-02-02,DO 0.001%,87.39,78.87471796035767
2026-02-02,DO 0.05%,86.69,78.71356714487077
2026-02-03,DO 0.001%,86.72,79.16771731376647
2026-02-03,DO 0.05%,85.73,78.4103334927559
2026-02-04,DO 0.001%,88.3,79.16178984761238
2026-02-04,DO 0.05%,87.06,78.25179987430573
2026-02-05,DO 0.001%,88.56,78.70037855148315
2026-02-05,DO 0.05%,87.32,78.29143097639084
2026-02-06,DO 0.001%,89.53,77.7223466360569
2026-02-06,DO 0.05%,88.0,78.48430909395218
2026-02-09,DO 0.001%,88.18,78.80762604951859
2026-02-09,DO 0.05%,86.64,78.57419055461884
2026-02-10,DO 0.001%,88.82,78.96479147791862
2026-02-10,DO 0.05%,87.4,79.03436447620392
2026-02-11,DO 0.001%,89.72,78.2378149485588
2026-02-11,DO 0.05%,88.3,79.45337841749192
2026-02-12,DO 0.001%,89.69,78.66670353770256
2026-02-12,DO 0.05%,88.37,79.3306260752678
2026-02-13,DO 0.001%,87.47,77.73812862992287
2026-02-13,DO 0.05%,86.18,79.52052011728287
2026-02-16,DO 0.001%,87.04,78.5685546541214
2026-02-16,DO 0.05%,85.76,78.78836244583131
2026-02-17,DO 0.001%,87.04,78.0637336564064
2026-02-17,DO 0.05%,85.76,79.80306786298752
2026-02-18,DO 0.001%,87.04,78.87688429713249
2026-02-18,DO 0.05%,85.76,78.90674919605256
2026-02-19,DO 0.001%,91.87,78.03714763402938
2026-02-19,DO 0.05%,90.71,78.6684652376175
2026-02-20,DO 0.001%,93.14,78.09577700376511
2026-02-20,DO 0.05%,92.09,77.75220668315887
2026-02-23,DO 0.001%,91.86,77.94962762832641
2026-02-23,DO 0.05%,91.02,78.35724642038346
2026-02-24,DO 0.001%,92.6,78.49040059804916
2026-02-24,DO 0.05%,91.88,78.19575635671616
2026-02-25,DO 0.001%,92.41,77.88388161182404
2026-02-25,DO 0.05%,91.7,78.59511592388154
2026-02-26,DO 0.001%,92.61,77.92656305551529
2026-02-26,DO 0.05%,91.9,78.31178531885148
2026-02-27,DO 0.001%,92.88,77.59958447933197
2026-02-27,DO 0.05%,92.26,78.64884770393373
2026-03-02,DO 0.001%,115.15,78.15687691926956
2026-03-02,DO 0.05%,114.53,78.9216787838936
2026-03-03,DO 0.001%,125.87,77.84061018705368
2026-03-03,DO 0.05%,125.25,79.11300960302353
2026-03-04,DO 0.001%,145.14,78.25959815621376
2026-03-04,DO 0.05%,140.6,78.6253158736229
2026-03-05,DO 0.001%,153.21,78.47944907426835
2026-03-05,DO 0.05%,152.21,78.66153923511506
2026-03-06,DO 0.001%,155.76,77.7402212190628
2026-03-06,DO 0.05%,154.76,78.92101565599442
2026-03-09,DO 0.001%,185.43,78.53907403707504
2026-03-09,DO 0.05%,184.43,78.77726426362992
2026-03-10,DO 0.001%,161.4,78.88087588787079
2026-03-10,DO 0.05%,160.4,79.21385109424591
2026-03-11,DO 0.001%,164.56,78.94197580337524
2026-03-11,DO 0.05%,163.56,78.83798651695253
2026-03-12,DO 0.001%,194.5,79.43087653040885
2026-03-12,DO 0.05%,193.5,79.43759228944779
2026-03-13,DO 0.001%,192.48,79.57215856194496
2026-03-13,DO 0.05%,191.48,79.1239235830307
2026-03-16,DO 0.001%,190.93,79.36017098546029
2026-03-16,DO 0.05%,189.93,79.34329918622971
2026-03-17,DO 0.001%,198.2,79.14953852176666
2026-03-17,DO 0.05%,197.2,79.66563460588456
2026-03-18,DO 0.001%,198.88,79.64362002015113
2026-03-18,DO 0.05%,197.88,79.62744028091431
2026-03-19,DO 0.001%,224.5,78.97881274700164
2026-03-19,DO 0.05%,223.5,79.53032888412476
2026-03-20,DO 0.001%,223.02,78.70457294821739
2026-03-20,DO 0.05%,222.02,79.75863829374313
2026-03-23,DO 0.001%,242.91,79.78202589392662
2026-03-23,DO 0.05%,241.91,80.357811191082
2026-03-24,DO 0.001%,219.93,79.31912120819092
2026-03-24,DO 0.05%,218.93,79.70205137968064
2026-03-25,DO 0.001%,205.62,80.30611346125603
2026-03-25,DO 0.05%,204.62,79.81713170051576
2026-03-26,DO 0.001%,216.56,79.73464303851128
2026-03-26,DO 0.05%,215.56,80.30685165405274
2026-03-27,DO 0.001%,237.81,79.7699865925312
2026-03-27,DO 0.05%,236.81,79.64992215871811
2026-03-30,DO 0.001%,252.15,78.82020002126694
2026-03-30,DO 0.05%,251.15,79.74390211820602
2026-03-31,DO 0.001%,238.89,78.91021822810173
2026-03-31,DO 0.05%,237.89,79.44222497463227
2026-04-01,DO 0.001%,246.0,78.87389751791954
2026-04-01,DO 0.05%,245.0,79.40730944871903
2026-02-05,DO 0.001%,88.56,88.84039304256439
2026-02-05,DO 0.05%,87.32,87.49762433767319
2026-02-06,DO 0.001%,89.53,89.31461851596832
2026-02-06,DO 0.05%,88.0,87.13116441965103
2026-02-09,DO 0.001%,88.18,88.26407414674759
2026-02-09,DO 0.05%,86.64,87.10234371185302
2026-02-10,DO 0.001%,88.82,87.9531413078308
2026-02-10,DO 0.05%,87.4,87.08265596151352
2026-02-11,DO 0.001%,89.72,87.8799317240715
2026-02-11,DO 0.05%,88.3,87.89235491037368
2026-02-12,DO 0.001%,89.69,87.78965920209885
2026-02-12,DO 0.05%,88.37,86.39972350001335
2026-02-13,DO 0.001%,87.47,86.65065807700157
2026-02-13,DO 0.05%,86.18,86.10679426789284
2026-02-16,DO 0.001%,87.04,86.52799649834633
2026-02-16,DO 0.05%,85.76,85.90875957727432
2026-02-17,DO 0.001%,87.04,86.9683066189289
2026-02-17,DO 0.05%,85.76,85.5911246573925
2026-02-18,DO 0.001%,87.04,87.52088897824287
2026-02-18,DO 0.05%,85.76,87.32843630075455
2026-02-19,DO 0.001%,91.87,87.51093121170997
2026-02-19,DO 0.05%,90.71,85.14194920420647
2026-02-20,DO 0.001%,93.14,86.55564877390862
2026-02-20,DO 0.05%,92.09,85.56698459029198
2026-02-23,DO 0.001%,91.86,87.08807349801063
2026-02-23,DO 0.05%,91.02,85.9273108971119
2026-02-24,DO 0.001%,92.6,86.74981995820998
2026-02-24,DO 0.05%,91.88,84.56715407252312
2026-02-25,DO 0.001%,92.41,86.01888726353646
2026-02-25,DO 0.05%,91.7,85.5840985071659
2026-02-26,DO 0.001%,92.61,86.50517047643662
2026-02-26,DO 0.05%,91.9,84.66413466453552
2026-02-27,DO 0.001%,92.88,86.40309810638428
2026-02-27,DO 0.05%,92.26,84.858604388237
2026-03-02,DO 0.001%,115.15,86.31211506724357
2026-03-02,DO 0.05%,114.53,84.52559911608697
2026-03-03,DO 0.001%,125.87,84.04603371620178
2026-03-03,DO 0.05%,125.25,83.78793118000031
2026-03-04,DO 0.001%,145.14,84.87231781482696
2026-03-04,DO 0.05%,140.6,83.62573815822601
2026-03-05,DO 0.001%,153.21,84.18584770560264
2026-03-05,DO 0.05%,152.21,82.85530054807663
2026-03-06,DO 0.001%,155.76,83.52495095133781
2026-03-06,DO 0.05%,154.76,81.96822054147721
2026-03-09,DO 0.001%,185.43,83.68781201243401
2026-03-09,DO 0.05%,184.43,82.1659386920929
2026-03-10,DO 0.001%,161.4,83.40939980745316
2026-03-10,DO 0.05%,160.4,83.35280283808709
2026-03-11,DO 0.001%,164.56,84.03671278357506
2026-03-11,DO 0.05%,163.56,82.93264009237289
2026-03-12,DO 0.001%,194.5,84.64011554121971
2026-03-12,DO 0.05%,193.5,82.18623357653618
2026-03-13,DO 0.001%,192.48,84.34296147227288
2026-03-13,DO 0.05%,191.48,82.29641025424004
2026-03-16,DO 0.001%,190.93,83.64017578363418
2026-03-16,DO 0.05%,189.93,81.93263833165169
2026-03-17,DO 0.001%,198.2,83.1797132909298
2026-03-17,DO 0.05%,197.2,80.85938091158867
2026-03-18,DO 0.001%,198.88,82.13313202857971
2026-03-18,DO 0.05%,197.88,81.87323259472848
2026-03-19,DO 0.001%,224.5,82.13951615691185
2026-03-19,DO 0.05%,223.5,80.66601129412652
2026-03-20,DO 0.001%,223.02,82.80503390431404
2026-03-20,DO 0.05%,222.02,81.7840928542614
2026-03-23,DO 0.001%,242.91,82.25081998705863
2026-03-23,DO 0.05%,241.91,82.15508811593055
2026-03-24,DO 0.001%,219.93,82.98775260448456
2026-03-24,DO 0.05%,218.93,81.413746240139
2026-03-25,DO 0.001%,205.62,82.49503789544106
2026-03-25,DO 0.05%,204.62,82.39651473283767
2026-03-26,DO 0.001%,216.56,82.75427666306496
2026-03-26,DO 0.05%,215.56,81.70371245026588
2026-03-27,DO 0.001%,237.81,82.88528023958206
2026-03-27,DO 0.05%,236.81,82.06232632756233
2026-03-30,DO 0.001%,252.15,83.12213508486748
2026-03-30,DO 0.05%,251.15,81.54854557871819
2026-03-31,DO 0.001%,238.89,83.08572502732277
2026-03-31,DO 0.05%,237.89,81.37447971224785
2026-04-01,DO 0.001%,246.0,83.24447035193442
2026-04-01,DO 0.05%,245.0,81.63653851032257
2026-04-02,DO 0.001%,292.82,82.10384819507598
2026-04-02,DO 0.05%,291.82,80.52643790960312
2026-04-06,DO 0.001%,272.64,82.29346680641174
2026-04-06,DO 0.05%,264.02,81.27310388445855
2026-04-07,DO 0.001%,255.36,81.91436642408371
2026-04-07,DO 0.05%,234.99,80.59806935548782
2026-04-08,DO 0.001%,198.36,82.17079996466636
2026-04-08,DO 0.05%,183.29,80.78762492537498
2026-04-09,DO 0.001%,211.03,82.05809615254402
2026-04-09,DO 0.05%,181.78,81.73579196333885
2026-04-10,DO 0.001%,210.16,82.6413675904274
2026-04-10,DO 0.05%,182.08,80.2200219976902
2026-04-13,DO 0.001%,203.24,82.53762155771255
2026-04-13,DO 0.05%,176.9,80.63188724398613
2026-04-14,DO 0.001%,191.77,81.95553957819938
2026-04-14,DO 0.05%,168.23,81.3203980743885
2026-04-15,DO 0.001%,173.33,82.12550054788589
2026-04-15,DO 0.05%,155.37,80.40820762395859
2026-04-16,DO 0.001%,172.2,82.00945467352867
2026-04-16,DO 0.05%,158.6,80.13569262742996
2026-04-17,DO 0.001%,170.31,81.9216031730175
2026-04-17,DO 0.05%,156.71,80.24697978973389
2026-04-20,DO 0.001%,155.07,80.96119448542595
2026-04-20,DO 0.05%,141.47,79.43533489823342
2026-04-21,DO 0.001%,152.84,81.66721697449684
2026-04-21,DO 0.05%,139.24,80.07140387177468
2026-04-22,DO 0.001%,167.21,81.99875481128693
2026-04-22,DO 0.05%,153.61,80.44131978392602
2026-04-23,DO 0.001%,171.29,81.95810796618461
2026-04-23,DO 0.05%,157.69,80.8446228826046
2026-04-24,DO 0.001%,172.84,82.70692990422249
2026-04-24,DO 0.05%,159.24,80.18625081181527
2026-04-27,DO 0.001%,174.03,82.08488528132439
2026-04-27,DO 0.05%,160.43,80.40049131274223
2026-04-28,DO 0.001%,167.39,82.14965286850929
2026-04-28,DO 0.05%,153.79,80.43220758318901
2026-04-29,DO 0.001%,169.48,81.28503768444061
2026-04-29,DO 0.05%,156.43,79.5686086177826
2026-04-30,DO 0.001%,178.67,80.04041160345078
2026-04-30,DO 0.05%,165.62,80.2497456228733
