date,product,true,pred
2024-01-10,DO 0.001%,100.67,100.08198079109191
2024-01-10,DO 0.05%,99.35,99.6619022154808
2024-01-11,DO 0.001%,100.14,99.32089300632477
2024-01-11,DO 0.05%,98.77,99.02169694662093
2024-01-12,DO 0.001%,104.42,99.41575144290924
2024-01-12,DO 0.05%,103.01,98.18264956355094
2024-01-15,DO 0.001%,102.12,100.12207595944403
2024-01-15,DO 0.05%,100.69,99.03587252140045
2024-01-16,DO 0.001%,103.0,99.32515643954277
2024-01-16,DO 0.05%,101.74,99.8302633523941
2024-01-17,DO 0.001%,101.48,99.3044652068615
2024-01-17,DO 0.05%,100.01,97.95239539980888
2024-01-18,DO 0.001%,102.51,99.21790924549101
2024-01-18,DO 0.05%,101.01,98.16523851275444
2024-01-19,DO 0.001%,103.82,99.24168290495872
2024-01-19,DO 0.05%,102.11,97.41442186236381
2024-01-22,DO 0.001%,101.78,98.99548439919948
2024-01-22,DO 0.05%,100.1,99.0409817802906
2024-01-23,DO 0.001%,104.47,99.30920104265212
2024-01-23,DO 0.05%,102.79,98.06205243229866
2024-01-24,DO 0.001%,103.91,99.27182218909263
2024-01-24,DO 0.05%,102.23,98.39634227991104
2024-01-25,DO 0.001%,104.56,99.75953060507774
2024-01-25,DO 0.05%,102.85,97.88310034871101
2024-01-26,DO 0.001%,107.18,99.97022215247154
2024-01-26,DO 0.05%,105.69,97.22330764770507
2024-01-29,DO 0.001%,108.85,98.64281816363334
2024-01-29,DO 0.05%,106.99,97.07928241133689
2024-01-30,DO 0.001%,108.16,98.86743377685546
2024-01-30,DO 0.05%,106.38,96.62846305429935
2024-01-31,DO 0.001%,107.46,99.3388679242134
2024-01-31,DO 0.05%,105.68,96.7079242503643
2024-02-01,DO 0.001%,108.05,99.22180656671523
2024-02-01,DO 0.05%,106.25,96.58787994325161
2024-02-02,DO 0.001%,105.54,99.35484694123268
2024-02-02,DO 0.05%,103.77,96.67981168806553
2024-02-05,DO 0.001%,104.12,98.69695549845694
2024-02-05,DO 0.05%,102.41,95.96059330165386
2024-02-06,DO 0.001%,106.12,98.65475223362445
2024-02-06,DO 0.05%,104.41,96.47705325126647
2024-02-07,DO 0.001%,106.84,98.52827825486659
2024-02-07,DO 0.05%,105.08,97.21939132511615
2024-02-08,DO 0.001%,107.9,99.02174407720565
2024-02-08,DO 0.05%,106.32,96.42564642548561
2024-02-09,DO 0.001%,109.26,99.14662369728087
2024-02-09,DO 0.05%,107.62,96.85129191696643
2024-02-12,DO 0.001%,109.26,99.53796198844908
2024-02-12,DO 0.05%,107.62,97.59772088944912
2024-02-13,DO 0.001%,111.57,99.5475399506092
2024-02-13,DO 0.05%,109.85,96.39591612517833
2024-02-14,DO 0.001%,110.49,99.68257622599602
2024-02-14,DO 0.05%,108.84,97.82132370591164
2024-02-15,DO 0.001%,107.27,100.35753321170806
2024-02-15,DO 0.05%,105.61,98.75578271627425
2024-02-16,DO 0.001%,107.23,100.14280262231826
2024-02-16,DO 0.05%,105.57,98.36927135467529
2024-02-19,DO 0.001%,106.49,100.8405530321598
2024-02-19,DO 0.05%,104.97,97.65761793017387
2024-02-20,DO 0.001%,107.11,100.34768361806869
2024-02-20,DO 0.05%,105.66,98.3426077735424
2024-02-21,DO 0.001%,104.78,100.16312774300575
2024-02-21,DO 0.05%,103.36,96.89697264850139
2024-02-22,DO 0.001%,105.43,99.40728362679481
2024-02-22,DO 0.05%,104.09,98.35928560495375
2024-02-23,DO 0.001%,105.83,98.61227143228054
2024-02-23,DO 0.05%,104.61,97.3007554000616
2024-02-26,DO 0.001%,103.58,100.17126487731933
2024-02-26,DO 0.05%,102.4,100.03082795023917
2024-02-27,DO 0.001%,105.84,99.9826109099388
2024-02-27,DO 0.05%,104.49,99.89155118227005
2024-02-28,DO 0.001%,104.3,99.41135809898375
2024-02-28,DO 0.05%,102.97,99.72389998793602
2024-02-29,DO 0.001%,102.71,99.95923879265784
2024-02-29,DO 0.05%,101.38,99.54082790970801
2024-03-01,DO 0.001%,103.64,99.07856229662895
2024-03-01,DO 0.05%,102.24,100.01028616905212
2024-03-04,DO 0.001%,104.74,99.10585535526275
2024-03-04,DO 0.05%,103.56,98.96313250303268
2024-03-05,DO 0.001%,102.3,99.02051583051681
2024-03-05,DO 0.05%,101.08,100.3603344142437
2024-03-06,DO 0.001%,101.74,98.95715483546256
2024-03-06,DO 0.05%,100.57,99.16806150197982
2024-03-07,DO 0.001%,102.89,98.50978959918021
2024-03-07,DO 0.05%,101.79,99.32876456975936
2024-03-08,DO 0.001%,104.89,98.30339101016521
2024-03-08,DO 0.05%,104.01,99.99076856732368
2024-03-11,DO 0.001%,102.43,98.88883361339569
2024-03-11,DO 0.05%,101.74,100.27045102834701
2024-03-12,DO 0.001%,103.48,99.19387576460838
2024-03-12,DO 0.05%,102.89,100.99844477057457
2024-03-13,DO 0.001%,101.83,97.83447831153869
2024-03-13,DO 0.05%,100.94,98.63290445804596
2024-03-14,DO 0.001%,104.44,98.68769640803336
2024-03-14,DO 0.05%,103.47,100.4360538637638
2024-03-15,DO 0.001%,104.43,98.85558828234672
2024-03-15,DO 0.05%,103.34,100.35796018004417
2024-03-18,DO 0.001%,106.52,98.42635149478912
2024-03-18,DO 0.05%,105.54,99.73308268785476
2024-03-19,DO 0.001%,107.55,98.40829390645027
2024-03-19,DO 0.05%,106.65,99.62214543104172
2024-03-20,DO 0.001%,105.52,97.56161268055439
2024-03-20,DO 0.05%,104.45,101.02551569581031
2024-03-21,DO 0.001%,104.41,97.32012639045715
2024-03-21,DO 0.05%,103.5,99.91492109537124
2024-03-22,DO 0.001%,104.19,97.44145708620547
2024-03-22,DO 0.05%,103.24,100.64823358774184
2024-03-25,DO 0.001%,103.42,96.45870620429515
2024-03-25,DO 0.05%,102.4,98.00261510848999
2024-03-26,DO 0.001%,103.98,96.49330378770827
2024-03-26,DO 0.05%,102.94,98.2466375029087
2024-03-27,DO 0.001%,102.06,96.98978708148002
2024-03-27,DO 0.05%,101.24,98.28609168887138
2024-03-28,DO 0.001%,102.72,96.64459661662578
2024-03-28,DO 0.05%,101.9,98.91406499624252
2024-04-01,DO 0.001%,104.13,97.59081896960734
2024-04-01,DO 0.05%,103.21,99.83425532460213
2024-04-02,DO 0.001%,104.86,96.16855654418468
2024-04-02,DO 0.05%,103.96,99.39144900798797
2024-04-03,DO 0.001%,107.56,97.42161617815493
2024-04-03,DO 0.05%,106.51,99.24825009822845
2024-02-07,DO 0.001%,106.84,106.53575834751129
2024-02-07,DO 0.05%,105.08,104.46145441770554
2024-02-08,DO 0.001%,107.9,107.59008811950685
2024-02-08,DO 0.05%,106.32,106.2530240559578
2024-02-09,DO 0.001%,109.26,105.99341919898987
2024-02-09,DO 0.05%,107.62,104.88768967032432
2024-02-12,DO 0.001%,109.26,105.29229110240937
2024-02-12,DO 0.05%,107.62,103.64499204754829
2024-02-13,DO 0.001%,111.57,106.48941960334778
2024-02-13,DO 0.05%,109.85,105.72995392918587
2024-02-14,DO 0.001%,110.49,104.98745857477189
2024-02-14,DO 0.05%,108.84,104.77645403146744
2024-02-15,DO 0.001%,107.27,105.11821403741837
2024-02-15,DO 0.05%,105.61,104.8145158624649
2024-02-16,DO 0.001%,107.23,104.81795466184616
2024-02-16,DO 0.05%,105.57,102.96292229354381
2024-02-19,DO 0.001%,106.49,104.69182927846909
2024-02-19,DO 0.05%,104.97,103.28810948371887
2024-02-20,DO 0.001%,107.11,104.90013856887818
2024-02-20,DO 0.05%,105.66,103.58395371556281
2024-02-21,DO 0.001%,104.78,103.52959715366364
2024-02-21,DO 0.05%,103.36,103.60882832944392
2024-02-22,DO 0.001%,105.43,103.52481526851655
2024-02-22,DO 0.05%,104.09,102.50408928573131
2024-02-23,DO 0.001%,105.83,103.03024436950685
2024-02-23,DO 0.05%,104.61,103.14317456185817
2024-02-26,DO 0.001%,103.58,103.34815117835998
2024-02-26,DO 0.05%,102.4,102.7919178801775
2024-02-27,DO 0.001%,105.84,102.46150997400284
2024-02-27,DO 0.05%,104.49,102.46446540117263
2024-02-28,DO 0.001%,104.3,102.18906902551652
2024-02-28,DO 0.05%,102.97,101.90149134039879
2024-02-29,DO 0.001%,102.71,101.64520549297333
2024-02-29,DO 0.05%,101.38,101.61057597875595
2024-03-01,DO 0.001%,103.64,103.22339837312698
2024-03-01,DO 0.05%,102.24,101.33557987213135
2024-03-04,DO 0.001%,104.74,103.27615724086762
2024-03-04,DO 0.05%,103.56,103.69234529674053
2024-03-05,DO 0.001%,102.3,101.8296875858307
2024-03-05,DO 0.05%,101.08,100.86010570406913
2024-03-06,DO 0.001%,101.74,100.15922835826875
2024-03-06,DO 0.05%,100.57,101.4990478438139
2024-03-07,DO 0.001%,102.89,102.16514694929123
2024-03-07,DO 0.05%,101.79,102.62331566870212
2024-03-08,DO 0.001%,104.89,101.97617393255234
2024-03-08,DO 0.05%,104.01,102.82073185622691
2024-03-11,DO 0.001%,102.43,101.34950661897659
2024-03-11,DO 0.05%,101.74,101.23257768690586
2024-03-12,DO 0.001%,103.48,101.2139249944687
2024-03-12,DO 0.05%,102.89,101.26060130119323
2024-03-13,DO 0.001%,101.83,101.12079841375352
2024-03-13,DO 0.05%,100.94,101.06912216186524
2024-03-14,DO 0.001%,104.44,100.05255310297012
2024-03-14,DO 0.05%,103.47,99.80550173401832
2024-03-15,DO 0.001%,104.43,100.14537607192993
2024-03-15,DO 0.05%,103.34,100.14377656817436
2024-03-18,DO 0.001%,106.52,98.95552792787552
2024-03-18,DO 0.05%,105.54,97.77348786711693
2024-03-19,DO 0.001%,107.55,100.24860406875611
2024-03-19,DO 0.05%,106.65,99.98974937438965
2024-03-20,DO 0.001%,105.52,99.18847404718399
2024-03-20,DO 0.05%,104.45,99.30864423513412
2024-03-21,DO 0.001%,104.41,99.21182685136796
2024-03-21,DO 0.05%,103.5,98.88474895119667
2024-03-22,DO 0.001%,104.19,98.80498709917069
2024-03-22,DO 0.05%,103.24,99.29799613296986
2024-03-25,DO 0.001%,103.42,99.6929692554474
2024-03-25,DO 0.05%,102.4,98.79474106013774
2024-03-26,DO 0.001%,103.98,97.7818154835701
2024-03-26,DO 0.05%,102.94,98.02042301952838
2024-03-27,DO 0.001%,102.06,99.48885360240936
2024-03-27,DO 0.05%,101.24,98.31893083274365
2024-03-28,DO 0.001%,102.72,97.47917149066926
2024-03-28,DO 0.05%,101.9,97.6349069559574
2024-04-01,DO 0.001%,104.13,98.59339500665665
2024-04-01,DO 0.05%,103.21,100.86265726566315
2024-04-02,DO 0.001%,104.86,97.43886703014374
2024-04-02,DO 0.05%,103.96,98.47956719338893
2024-04-03,DO 0.001%,107.56,97.98351489305496
2024-04-03,DO 0.05%,106.51,96.84868370234966
2024-04-04,DO 0.001%,107.66,98.02699462652207
2024-04-04,DO 0.05%,106.71,98.16330424547195
2024-04-05,DO 0.001%,108.93,96.72653692483902
2024-04-05,DO 0.05%,108.05,96.55821641981602
2024-04-08,DO 0.001%,108.66,97.23650979518891
2024-04-08,DO 0.05%,107.73,99.12051324248314
2024-04-09,DO 0.001%,108.38,97.21069647073746
2024-04-09,DO 0.05%,107.38,97.70048831224442
2024-04-10,DO 0.001%,108.38,98.11805285215378
2024-04-10,DO 0.05%,107.38,97.42147816359997
2024-04-11,DO 0.001%,108.14,97.76261836528778
2024-04-11,DO 0.05%,107.04,97.83951730251312
2024-04-12,DO 0.001%,107.67,97.86938217401504
2024-04-12,DO 0.05%,106.57,96.69115277886391
2024-04-15,DO 0.001%,106.25,98.70340999126435
2024-04-15,DO 0.05%,105.13,97.08552462816237
2024-04-16,DO 0.001%,106.3,97.9894226717949
2024-04-16,DO 0.05%,105.18,97.36526912868023
2024-04-17,DO 0.001%,105.88,97.45375033140184
2024-04-17,DO 0.05%,104.48,97.22273018538951
2024-04-18,DO 0.001%,101.86,97.50476343154908
2024-04-18,DO 0.05%,100.25,97.87068991720676
2024-04-19,DO 0.001%,100.68,98.4463899898529
2024-04-19,DO 0.05%,99.17,98.511150547266
2024-04-22,DO 0.001%,100.58,97.24515640497208
2024-04-22,DO 0.05%,99.16,97.53512222766877
2024-04-23,DO 0.001%,102.67,97.71256037712098
2024-04-23,DO 0.05%,101.39,96.38591755568982
2024-04-24,DO 0.001%,102.13,97.45542652130128
2024-04-24,DO 0.05%,100.9,97.30049058079719
2024-04-25,DO 0.001%,102.19,99.25132168054581
2024-04-25,DO 0.05%,100.9,97.23020439386367
2024-04-26,DO 0.001%,101.78,98.0054065656662
2024-04-26,DO 0.05%,100.49,97.30330974519252
2024-04-29,DO 0.001%,101.28,97.36412793636322
2024-04-29,DO 0.05%,99.91,95.78948069810868
2024-04-30,DO 0.001%,101.21,98.0210109448433
2024-04-30,DO 0.05%,99.84,97.05587672710418
2024-05-01,DO 0.001%,101.21,98.3787731218338
2024-05-01,DO 0.05%,99.84,95.15411074459553
2024-03-06,DO 0.001%,101.74,101.21453152298928
2024-03-06,DO 0.05%,100.57,101.436345038414
2024-03-07,DO 0.001%,102.89,102.94460914134979
2024-03-07,DO 0.05%,101.79,101.61799388885498
2024-03-08,DO 0.001%,104.89,102.01185393333435
2024-03-08,DO 0.05%,104.01,100.7274084353447
2024-03-11,DO 0.001%,102.43,101.39156793951987
2024-03-11,DO 0.05%,101.74,101.83427350521087
2024-03-12,DO 0.001%,103.48,103.49409642219543
2024-03-12,DO 0.05%,102.89,100.25271148920059
2024-03-13,DO 0.001%,101.83,102.00171979665755
2024-03-13,DO 0.05%,100.94,101.44614142417907
2024-03-14,DO 0.001%,104.44,101.83640897870063
2024-03-14,DO 0.05%,103.47,101.14693594455719
2024-03-15,DO 0.001%,104.43,101.08298896551132
2024-03-15,DO 0.05%,103.34,101.30242495059967
2024-03-18,DO 0.001%,106.52,100.5041053712368
2024-03-18,DO 0.05%,105.54,100.52528718709945
2024-03-19,DO 0.001%,107.55,101.69748837947846
2024-03-19,DO 0.05%,106.65,100.21239327669143
2024-03-20,DO 0.001%,105.52,102.7760483264923
2024-03-20,DO 0.05%,104.45,102.32786434173583
2024-03-21,DO 0.001%,104.41,101.93378693461418
2024-03-21,DO 0.05%,103.5,101.13868191719055
2024-03-22,DO 0.001%,104.19,101.57092142701148
2024-03-22,DO 0.05%,103.24,100.50515218019486
2024-03-25,DO 0.001%,103.42,99.84852063059806
2024-03-25,DO 0.05%,102.4,101.26832437038422
2024-03-26,DO 0.001%,103.98,101.31107411384582
2024-03-26,DO 0.05%,102.94,100.81987764120102
2024-03-27,DO 0.001%,102.06,101.20701323747635
2024-03-27,DO 0.05%,101.24,100.46782831192016
2024-03-28,DO 0.001%,102.72,101.81882972717285
2024-03-28,DO 0.05%,101.9,100.72051602125168
2024-04-01,DO 0.001%,104.13,101.03184267282485
2024-04-01,DO 0.05%,103.21,100.03017809152603
2024-04-02,DO 0.001%,104.86,100.18520933389664
2024-04-02,DO 0.05%,103.96,101.34412887573242
2024-04-03,DO 0.001%,107.56,100.61126380562781
2024-04-03,DO 0.05%,106.51,101.16767343521119
2024-04-04,DO 0.001%,107.66,100.5424711883068
2024-04-04,DO 0.05%,106.71,100.67502849817276
2024-04-05,DO 0.001%,108.93,100.81744653582572
2024-04-05,DO 0.05%,108.05,100.10358471155166
2024-04-08,DO 0.001%,108.66,99.33364307284354
2024-04-08,DO 0.05%,107.73,101.50385936737061
2024-04-09,DO 0.001%,108.38,99.06238113641739
2024-04-09,DO 0.05%,107.38,101.64335845470428
2024-04-10,DO 0.001%,108.38,99.47356367111206
2024-04-10,DO 0.05%,107.38,100.96985392093659
2024-04-11,DO 0.001%,108.14,100.54268460273742
2024-04-11,DO 0.05%,107.04,101.50226881027221
2024-04-12,DO 0.001%,107.67,99.55053310990333
2024-04-12,DO 0.05%,106.57,102.04078083515166
2024-04-15,DO 0.001%,106.25,99.99993512034416
2024-04-15,DO 0.05%,105.13,100.74494673728942
2024-04-16,DO 0.001%,106.3,98.87041180729865
2024-04-16,DO 0.05%,105.18,100.2229849410057
2024-04-17,DO 0.001%,105.88,99.03081409335137
2024-04-17,DO 0.05%,104.48,102.38336514472961
2024-04-18,DO 0.001%,101.86,99.02071654200553
2024-04-18,DO 0.05%,100.25,101.11945063591003
2024-04-19,DO 0.001%,100.68,97.90132736563682
2024-04-19,DO 0.05%,99.17,101.47416896820069
2024-04-22,DO 0.001%,100.58,98.46307682991028
2024-04-22,DO 0.05%,99.16,101.84487721920013
2024-04-23,DO 0.001%,102.67,98.9726251244545
2024-04-23,DO 0.05%,101.39,100.15128937482834
2024-04-24,DO 0.001%,102.13,99.9021730184555
2024-04-24,DO 0.05%,100.9,101.11808902263641
2024-04-25,DO 0.001%,102.19,99.54952701330184
2024-04-25,DO 0.05%,100.9,100.58283041000367
2024-04-26,DO 0.001%,101.78,98.88524106144905
2024-04-26,DO 0.05%,100.49,100.96742591142655
2024-04-29,DO 0.001%,101.28,99.85300843119622
2024-04-29,DO 0.05%,99.91,100.4452893948555
2024-04-30,DO 0.001%,101.21,99.71319149136544
2024-04-30,DO 0.05%,99.84,102.25533734798431
2024-05-01,DO 0.001%,101.21,99.0013080239296
2024-05-01,DO 0.05%,99.84,102.06233770370483
2024-05-02,DO 0.001%,97.79,99.40097227692604
2024-05-02,DO 0.05%,96.42,100.52540165901183
2024-05-03,DO 0.001%,97.12,97.97651022076606
2024-05-03,DO 0.05%,95.75,101.66172215938568
2024-05-06,DO 0.001%,97.2,99.22586268782615
2024-05-06,DO 0.05%,95.83,101.39958148002624
2024-05-07,DO 0.001%,97.76,99.60235013365745
2024-05-07,DO 0.05%,96.6,102.17303806781769
2024-05-08,DO 0.001%,96.5,99.2351370692253
2024-05-08,DO 0.05%,95.22,102.9368428659439
2024-05-09,DO 0.001%,98.98,98.88544837832451
2024-05-09,DO 0.05%,97.62,101.08869986534118
2024-05-10,DO 0.001%,98.72,97.82009573578834
2024-05-10,DO 0.05%,97.3,102.6103207731247
2024-05-13,DO 0.001%,97.09,98.75198509097099
2024-05-13,DO 0.05%,95.67,102.78952353954315
2024-05-14,DO 0.001%,97.22,97.7248641192913
2024-05-14,DO 0.05%,94.86,102.29055854797363
2024-05-15,DO 0.001%,96.97,98.00165653824806
2024-05-15,DO 0.05%,94.65,102.8317215013504
2024-05-16,DO 0.001%,96.84,99.95555711388587
2024-05-16,DO 0.05%,94.73,102.73056447982788
2024-05-17,DO 0.001%,97.96,98.40153420567512
2024-05-17,DO 0.05%,96.15,102.12079067707062
2024-05-20,DO 0.001%,98.57,99.28146629333496
2024-05-20,DO 0.05%,96.87,102.11094609260559
2024-05-21,DO 0.001%,97.51,97.95068707466125
2024-05-21,DO 0.05%,95.87,102.01780210494995
2024-05-22,DO 0.001%,97.51,96.13547539114951
2024-05-22,DO 0.05%,95.87,101.9313818359375
2024-05-23,DO 0.001%,95.97,99.41349665522576
2024-05-23,DO 0.05%,94.23,103.61328752040863
2024-05-24,DO 0.001%,95.17,96.09795713424683
2024-05-24,DO 0.05%,93.59,103.12267295360564
2024-05-27,DO 0.001%,95.92,98.72661926150322
2024-05-27,DO 0.05%,94.47,102.57036405086517
2024-05-28,DO 0.001%,97.93,96.91393196582794
2024-05-28,DO 0.05%,96.5,102.38698004722595
2024-05-29,DO 0.001%,99.3,96.693389493227
2024-05-29,DO 0.05%,97.87,102.30957293510437
2024-04-04,DO 0.001%,107.66,105.12217568397523
2024-04-04,DO 0.05%,106.71,106.13830856561661
2024-04-05,DO 0.001%,108.93,105.42296411752702
2024-04-05,DO 0.05%,108.05,106.7862990128994
2024-04-08,DO 0.001%,108.66,105.3793175148964
2024-04-08,DO 0.05%,107.73,107.06484539151192
2024-04-09,DO 0.001%,108.38,105.14641596078873
2024-04-09,DO 0.05%,107.38,105.66553646206856
2024-04-10,DO 0.001%,108.38,105.13619670629501
2024-04-10,DO 0.05%,107.38,107.79443933844567
2024-04-11,DO 0.001%,108.14,104.80277589797974
2024-04-11,DO 0.05%,107.04,105.11359233081342
2024-04-12,DO 0.001%,107.67,105.60623753547668
2024-04-12,DO 0.05%,106.57,106.29596698403358
2024-04-15,DO 0.001%,106.25,103.74493560314178
2024-04-15,DO 0.05%,105.13,104.83197963118553
2024-04-16,DO 0.001%,106.3,102.7372299194336
2024-04-16,DO 0.05%,105.18,105.66975185990334
2024-04-17,DO 0.001%,105.88,104.22284923315048
2024-04-17,DO 0.05%,104.48,104.99206317305566
2024-04-18,DO 0.001%,101.86,104.2878447175026
2024-04-18,DO 0.05%,100.25,105.81915724039078
2024-04-19,DO 0.001%,100.68,104.4640082526207
2024-04-19,DO 0.05%,99.17,105.50062806725502
2024-04-22,DO 0.001%,100.58,105.03943434238434
2024-04-22,DO 0.05%,99.16,106.8878621673584
2024-04-23,DO 0.001%,102.67,104.78692130804062
2024-04-23,DO 0.05%,101.39,104.92501041412353
2024-04-24,DO 0.001%,102.13,103.25097505092621
2024-04-24,DO 0.05%,100.9,105.14584901213647
2024-04-25,DO 0.001%,102.19,104.22933724164963
2024-04-25,DO 0.05%,100.9,106.40407543241979
2024-04-26,DO 0.001%,101.78,103.29861575365067
2024-04-26,DO 0.05%,100.49,106.07295085370541
2024-04-29,DO 0.001%,101.28,105.43420914411546
2024-04-29,DO 0.05%,99.91,106.66610938668252
2024-04-30,DO 0.001%,101.21,105.75137146472932
2024-04-30,DO 0.05%,99.84,106.23630386829377
2024-05-01,DO 0.001%,101.21,101.52633801698686
2024-05-01,DO 0.05%,99.84,104.83177013099194
2024-05-02,DO 0.001%,97.79,105.23288213729859
2024-05-02,DO 0.05%,96.42,107.27705004215241
2024-05-03,DO 0.001%,97.12,103.42071468830109
2024-05-03,DO 0.05%,95.75,105.83934544086456
2024-05-06,DO 0.001%,97.2,102.53655684232712
2024-05-06,DO 0.05%,95.83,105.38504109680653
2024-05-07,DO 0.001%,97.76,105.64995465993881
2024-05-07,DO 0.05%,96.6,105.67509094059467
2024-05-08,DO 0.001%,96.5,104.30276329040528
2024-05-08,DO 0.05%,95.22,105.86041608154774
2024-05-09,DO 0.001%,98.98,104.15276335477829
2024-05-09,DO 0.05%,97.62,106.65347589015961
2024-05-10,DO 0.001%,98.72,102.57288199663162
2024-05-10,DO 0.05%,97.3,106.06358682990074
2024-05-13,DO 0.001%,97.09,104.28520976543427
2024-05-13,DO 0.05%,95.67,106.06766890943051
2024-05-14,DO 0.001%,97.22,101.85564932584762
2024-05-14,DO 0.05%,94.86,104.34900550305844
2024-05-15,DO 0.001%,96.97,104.29719847679138
2024-05-15,DO 0.05%,94.65,105.75720866799355
2024-05-16,DO 0.001%,96.84,102.83586431741715
2024-05-16,DO 0.05%,94.73,104.1194123363495
2024-05-17,DO 0.001%,97.96,104.89409525871277
2024-05-17,DO 0.05%,96.15,106.87825055241585
2024-05-20,DO 0.001%,98.57,105.72414362668991
2024-05-20,DO 0.05%,96.87,106.3625943940878
2024-05-21,DO 0.001%,97.51,103.77056067228318
2024-05-21,DO 0.05%,95.87,105.01611125588417
2024-05-22,DO 0.001%,97.51,102.76448981285095
2024-05-22,DO 0.05%,95.87,105.86120964288712
2024-05-23,DO 0.001%,95.97,104.53002309799194
2024-05-23,DO 0.05%,94.23,105.44550412237645
2024-05-24,DO 0.001%,95.17,103.33030570030212
2024-05-24,DO 0.05%,93.59,105.4938542276621
2024-05-27,DO 0.001%,95.92,104.07787558078766
2024-05-27,DO 0.05%,94.47,105.6490367347002
2024-05-28,DO 0.001%,97.93,104.61076418399811
2024-05-28,DO 0.05%,96.5,106.54917018771172
2024-05-29,DO 0.001%,99.3,104.14217225790024
2024-05-29,DO 0.05%,97.87,105.2918706470728
2024-05-30,DO 0.001%,97.24,101.32154261827469
2024-05-30,DO 0.05%,95.97,104.83524275541306
2024-05-31,DO 0.001%,95.92,103.64902591228486
2024-05-31,DO 0.05%,94.65,105.17183338463308
2024-06-03,DO 0.001%,95.41,104.06848335504532
2024-06-03,DO 0.05%,94.18,105.82262351632119
2024-06-04,DO 0.001%,91.71,104.11888082027436
2024-06-04,DO 0.05%,90.88,105.82817844569684
2024-06-05,DO 0.001%,92.36,103.37083652019501
2024-06-05,DO 0.05%,91.77,106.54999549150467
2024-06-06,DO 0.001%,92.68,103.77463811635971
2024-06-06,DO 0.05%,92.15,106.40343423485757
2024-06-07,DO 0.001%,94.26,104.20146829605103
2024-06-07,DO 0.05%,93.62,105.1233055216074
2024-06-10,DO 0.001%,94.38,103.36071343183518
2024-06-10,DO 0.05%,93.97,106.07464590072632
2024-06-11,DO 0.001%,96.65,104.45528277873993
2024-06-11,DO 0.05%,96.22,106.27118882477284
2024-06-12,DO 0.001%,98.31,104.2649699997902
2024-06-12,DO 0.05%,97.88,107.53087539792061
2024-06-13,DO 0.001%,97.71,105.18465802669526
2024-06-13,DO 0.05%,97.36,104.81758760273458
2024-06-14,DO 0.001%,98.48,102.95759782075882
2024-06-14,DO 0.05%,98.33,105.95625289738179
2024-06-17,DO 0.001%,98.48,100.77939642190934
2024-06-17,DO 0.05%,98.33,103.76156061172486
2024-06-18,DO 0.001%,99.14,103.68379317522049
2024-06-18,DO 0.05%,98.97,105.53195786893369
2024-06-19,DO 0.001%,101.06,103.46180968284607
2024-06-19,DO 0.05%,100.81,105.90394133388996
2024-06-20,DO 0.001%,101.81,100.08389729738235
2024-06-20,DO 0.05%,101.39,104.91301176667214
2024-06-21,DO 0.001%,100.93,102.03719175338745
2024-06-21,DO 0.05%,100.51,105.22345931112767
2024-06-24,DO 0.001%,100.54,101.42410059452057
2024-06-24,DO 0.05%,100.0,105.00312224388124
2024-06-25,DO 0.001%,101.15,103.91540610313416
2024-06-25,DO 0.05%,100.82,106.08774918556215
2024-06-26,DO 0.001%,101.21,100.95401488780976
2024-06-26,DO 0.05%,100.96,105.26850185275079
2024-05-02,DO 0.001%,97.79,102.22065121412277
2024-05-02,DO 0.05%,96.42,100.37893981933594
2024-05-03,DO 0.001%,97.12,102.53076233506202
2024-05-03,DO 0.05%,95.75,102.25768341064453
2024-05-06,DO 0.001%,97.2,101.72070667386055
2024-05-06,DO 0.05%,95.83,102.16563446044923
2024-05-07,DO 0.001%,97.76,102.39802131056786
2024-05-07,DO 0.05%,96.6,101.6052474975586
2024-05-08,DO 0.001%,96.5,101.83064452290535
2024-05-08,DO 0.05%,95.22,101.53301513671876
2024-05-09,DO 0.001%,98.98,102.61567701697349
2024-05-09,DO 0.05%,97.62,99.85087829589844
2024-05-10,DO 0.001%,98.72,103.20896979451179
2024-05-10,DO 0.05%,97.3,98.75062316894531
2024-05-13,DO 0.001%,97.09,103.31162027955055
2024-05-13,DO 0.05%,95.67,100.80664489746094
2024-05-14,DO 0.001%,97.22,102.0276567196846
2024-05-14,DO 0.05%,94.86,98.28939056396484
2024-05-15,DO 0.001%,96.97,102.04446350455284
2024-05-15,DO 0.05%,94.65,99.6626742553711
2024-05-16,DO 0.001%,96.84,104.22231154203415
2024-05-16,DO 0.05%,94.73,98.09661026000977
2024-05-17,DO 0.001%,97.96,102.70532124638557
2024-05-17,DO 0.05%,96.15,102.37761840820313
2024-05-20,DO 0.001%,98.57,101.0678300434351
2024-05-20,DO 0.05%,96.87,102.16134979248048
2024-05-21,DO 0.001%,97.51,102.90728016376495
2024-05-21,DO 0.05%,95.87,99.98044189453125
2024-05-22,DO 0.001%,97.51,104.22211849927902
2024-05-22,DO 0.05%,95.87,100.44723266601562
2024-05-23,DO 0.001%,95.97,102.00328507184982
2024-05-23,DO 0.05%,94.23,100.93118591308594
2024-05-24,DO 0.001%,95.17,102.98943192124366
2024-05-24,DO 0.05%,93.59,100.88316192626954
2024-05-27,DO 0.001%,95.92,103.0279198205471
2024-05-27,DO 0.05%,94.47,101.76081665039062
2024-05-28,DO 0.001%,97.93,102.63558455109596
2024-05-28,DO 0.05%,96.5,101.8355484008789
2024-05-29,DO 0.001%,99.3,103.07817126274108
2024-05-29,DO 0.05%,97.87,101.62895599365234
2024-05-30,DO 0.001%,97.24,102.43839137673378
2024-05-30,DO 0.05%,95.97,101.34625122070312
2024-05-31,DO 0.001%,95.92,102.50497906208038
2024-05-31,DO 0.05%,94.65,101.80278259277344
2024-06-03,DO 0.001%,95.41,102.29918341994285
2024-06-03,DO 0.05%,94.18,101.8804183959961
2024-06-04,DO 0.001%,91.71,102.06210278630256
2024-06-04,DO 0.05%,90.88,101.61958923339844
2024-06-05,DO 0.001%,92.36,103.72645709514617
2024-06-05,DO 0.05%,91.77,100.04685424804688
2024-06-06,DO 0.001%,92.68,103.43945077896117
2024-06-06,DO 0.05%,92.15,101.41569854736329
2024-06-07,DO 0.001%,94.26,102.99636939525604
2024-06-07,DO 0.05%,93.62,100.62947387695313
2024-06-10,DO 0.001%,94.38,101.82003923654555
2024-06-10,DO 0.05%,93.97,102.97663879394531
2024-06-11,DO 0.001%,96.65,102.21124037981032
2024-06-11,DO 0.05%,96.22,103.7679931640625
2024-06-12,DO 0.001%,98.31,104.47075756788253
2024-06-12,DO 0.05%,97.88,102.72111785888673
2024-06-13,DO 0.001%,97.71,103.39390475392341
2024-06-13,DO 0.05%,97.36,102.51577514648437
2024-06-14,DO 0.001%,98.48,103.57079224348068
2024-06-14,DO 0.05%,98.33,102.29820922851563
2024-06-17,DO 0.001%,98.48,103.98095983743667
2024-06-17,DO 0.05%,98.33,103.58078887939453
2024-06-18,DO 0.001%,99.14,103.5115401828289
2024-06-18,DO 0.05%,98.97,102.15724365234375
2024-06-19,DO 0.001%,101.06,104.75849985957144
2024-06-19,DO 0.05%,100.81,104.32177459716797
2024-06-20,DO 0.001%,101.81,103.17540448546409
2024-06-20,DO 0.05%,101.39,102.34732818603516
2024-06-21,DO 0.001%,100.93,105.30425585865974
2024-06-21,DO 0.05%,100.51,102.9514306640625
2024-06-24,DO 0.001%,100.54,103.77550202012061
2024-06-24,DO 0.05%,100.0,103.55973449707031
2024-06-25,DO 0.001%,101.15,103.75400188326834
2024-06-25,DO 0.05%,100.82,103.07813781738281
2024-06-26,DO 0.001%,101.21,104.623828407526
2024-06-26,DO 0.05%,100.96,103.18121978759766
2024-06-27,DO 0.001%,102.61,104.35331518173217
2024-06-27,DO 0.05%,102.36,101.50706909179688
2024-06-28,DO 0.001%,103.22,104.93266062021254
2024-06-28,DO 0.05%,103.02,104.19109222412109
2024-07-01,DO 0.001%,101.78,103.5723245203495
2024-07-01,DO 0.05%,101.58,103.58251464843751
2024-07-02,DO 0.001%,103.9,103.25779754638671
2024-07-02,DO 0.05%,103.58,104.60907348632813
2024-07-03,DO 0.001%,103.17,102.53947338938713
2024-07-03,DO 0.05%,102.75,103.72456329345704
2024-07-04,DO 0.001%,102.49,105.04248988270759
2024-07-04,DO 0.05%,102.05,103.77378936767579
2024-07-05,DO 0.001%,103.55,103.62180379152298
2024-07-05,DO 0.05%,103.22,102.86342834472657
2024-07-08,DO 0.001%,101.58,103.33223965883255
2024-07-08,DO 0.05%,101.29,101.47768341064453
2024-07-09,DO 0.001%,100.78,104.71580121517181
2024-07-09,DO 0.05%,100.42,105.57452819824219
2024-07-10,DO 0.001%,99.47,104.58412192583083
2024-07-10,DO 0.05%,99.09,105.46738769531251
2024-07-11,DO 0.001%,100.41,103.45951516032218
2024-07-11,DO 0.05%,100.1,103.68691772460937
2024-07-12,DO 0.001%,100.72,105.15046110868454
2024-07-12,DO 0.05%,100.45,104.59099456787109
2024-07-15,DO 0.001%,99.66,104.32954679250716
2024-07-15,DO 0.05%,99.36,103.57373107910156
2024-07-16,DO 0.001%,99.13,104.28727042913437
2024-07-16,DO 0.05%,98.77,102.06990783691407
2024-07-17,DO 0.001%,98.14,105.0863226532936
2024-07-17,DO 0.05%,97.86,103.01340362548828
2024-07-18,DO 0.001%,99.76,104.5821191072464
2024-07-18,DO 0.05%,99.55,105.05382202148438
2024-07-19,DO 0.001%,98.79,104.47595765709876
2024-07-19,DO 0.05%,98.55,103.30266632080078
2024-07-22,DO 0.001%,96.71,104.8386970591545
2024-07-22,DO 0.05%,96.49,103.56550689697266
2024-07-23,DO 0.001%,97.01,104.41061268448829
2024-07-23,DO 0.05%,96.83,103.80703125000001
2024-07-24,DO 0.001%,96.31,104.72630998015403
2024-07-24,DO 0.05%,96.13,103.59802276611329
2024-05-30,DO 0.001%,97.24,99.82913546562195
2024-05-30,DO 0.05%,95.97,96.74190482974053
2024-05-31,DO 0.001%,95.92,100.29437220096588
2024-05-31,DO 0.05%,94.65,97.28076916694641
2024-06-03,DO 0.001%,95.41,100.59762482643127
2024-06-03,DO 0.05%,94.18,97.50447247743607
2024-06-04,DO 0.001%,91.71,99.35333969593047
2024-06-04,DO 0.05%,90.88,98.75631965637207
2024-06-05,DO 0.001%,92.36,100.73140021562575
2024-06-05,DO 0.05%,91.77,98.1639503967762
2024-06-06,DO 0.001%,92.68,100.64250072240829
2024-06-06,DO 0.05%,92.15,98.18930281639099
2024-06-07,DO 0.001%,94.26,100.75640097856521
2024-06-07,DO 0.05%,93.62,97.55521815121175
2024-06-10,DO 0.001%,94.38,101.13116383552551
2024-06-10,DO 0.05%,93.97,98.512210739851
2024-06-11,DO 0.001%,96.65,101.18768781423569
2024-06-11,DO 0.05%,96.22,96.29917084753514
2024-06-12,DO 0.001%,98.31,100.96962954998016
2024-06-12,DO 0.05%,97.88,98.26917518854141
2024-06-13,DO 0.001%,97.71,101.07307730913162
2024-06-13,DO 0.05%,97.36,97.76450103342533
2024-06-14,DO 0.001%,98.48,99.74511301517487
2024-06-14,DO 0.05%,98.33,96.76769476234914
2024-06-17,DO 0.001%,98.48,99.95463645458221
2024-06-17,DO 0.05%,98.33,98.30272951841354
2024-06-18,DO 0.001%,99.14,100.28692642450332
2024-06-18,DO 0.05%,98.97,96.95171856105328
2024-06-19,DO 0.001%,101.06,101.22025272846221
2024-06-19,DO 0.05%,100.81,97.11427505552768
2024-06-20,DO 0.001%,101.81,100.16949859857559
2024-06-20,DO 0.05%,101.39,95.12241256535054
2024-06-21,DO 0.001%,100.93,98.82271270751953
2024-06-21,DO 0.05%,100.51,96.75554940164089
2024-06-24,DO 0.001%,100.54,100.10180003643036
2024-06-24,DO 0.05%,100.0,96.58583519458772
2024-06-25,DO 0.001%,101.15,99.48274705410003
2024-06-25,DO 0.05%,100.82,95.72646050512792
2024-06-26,DO 0.001%,101.21,98.81099951863288
2024-06-26,DO 0.05%,100.96,95.77188018739224
2024-06-27,DO 0.001%,102.61,99.21414865851402
2024-06-27,DO 0.05%,102.36,97.18034535109997
2024-06-28,DO 0.001%,103.22,99.70081715583801
2024-06-28,DO 0.05%,103.02,94.74094790279865
2024-07-01,DO 0.001%,101.78,100.30607947111129
2024-07-01,DO 0.05%,101.58,96.31776806652546
2024-07-02,DO 0.001%,103.9,98.8403505563736
2024-07-02,DO 0.05%,103.58,96.11078358590603
2024-07-03,DO 0.001%,103.17,98.52934437990189
2024-07-03,DO 0.05%,102.75,96.55988775730134
2024-07-04,DO 0.001%,102.49,98.04639877080918
2024-07-04,DO 0.05%,102.05,95.8490458124876
2024-07-05,DO 0.001%,103.55,96.48465011715889
2024-07-05,DO 0.05%,103.22,96.93018125474454
2024-07-08,DO 0.001%,101.58,98.41204676628112
2024-07-08,DO 0.05%,101.29,95.74116094172001
2024-07-09,DO 0.001%,100.78,99.07045345902442
2024-07-09,DO 0.05%,100.42,96.67074188292027
2024-07-10,DO 0.001%,99.47,99.85613676309585
2024-07-10,DO 0.05%,99.09,95.82324421286583
2024-07-11,DO 0.001%,100.41,98.04387146830558
2024-07-11,DO 0.05%,100.1,96.31904560446739
2024-07-12,DO 0.001%,100.72,99.12964087128638
2024-07-12,DO 0.05%,100.45,96.2530569779873
2024-07-15,DO 0.001%,99.66,98.14998857975006
2024-07-15,DO 0.05%,99.36,95.60651777625084
2024-07-16,DO 0.001%,99.13,99.87772833108902
2024-07-16,DO 0.05%,98.77,95.74273598849774
2024-07-17,DO 0.001%,98.14,98.08323109745979
2024-07-17,DO 0.05%,97.86,95.65009990394115
2024-07-18,DO 0.001%,99.76,98.27322860956191
2024-07-18,DO 0.05%,99.55,96.11307032048703
2024-07-19,DO 0.001%,98.79,97.61398737430572
2024-07-19,DO 0.05%,98.55,96.47156846761703
2024-07-22,DO 0.001%,96.71,96.8699660897255
2024-07-22,DO 0.05%,96.49,96.95072686493397
2024-07-23,DO 0.001%,97.01,98.50736809372901
2024-07-23,DO 0.05%,96.83,97.37243688941003
2024-07-24,DO 0.001%,96.31,99.21128398776054
2024-07-24,DO 0.05%,96.13,95.26668101668358
2024-07-25,DO 0.001%,96.57,98.89635368585586
2024-07-25,DO 0.05%,96.38,97.59172423541547
2024-07-26,DO 0.001%,97.8,97.97351539134979
2024-07-26,DO 0.05%,97.35,95.13133783042431
2024-07-29,DO 0.001%,96.53,97.97696601748466
2024-07-29,DO 0.05%,96.1,96.14315954744816
2024-07-30,DO 0.001%,94.57,97.35173978805541
2024-07-30,DO 0.05%,94.2,96.5144739085436
2024-07-31,DO 0.001%,95.13,97.54656699299812
2024-07-31,DO 0.05%,94.76,95.34559086024761
2024-08-01,DO 0.001%,96.76,97.21132948994637
2024-08-01,DO 0.05%,96.2,96.47506857156753
2024-08-02,DO 0.001%,95.25,97.75270491242408
2024-08-02,DO 0.05%,94.28,95.22719401061535
2024-08-05,DO 0.001%,90.96,97.2158336520195
2024-08-05,DO 0.05%,89.79,95.24509704232216
2024-08-06,DO 0.001%,91.32,98.65910094380378
2024-08-06,DO 0.05%,89.93,95.63035931766034
2024-08-07,DO 0.001%,91.37,97.33138523697853
2024-08-07,DO 0.05%,89.44,96.52329417049886
2024-08-08,DO 0.001%,92.84,97.24454546570777
2024-08-08,DO 0.05%,91.32,96.51291636228562
2024-08-09,DO 0.001%,92.84,97.73654083013534
2024-08-09,DO 0.05%,91.32,95.01305181741715
2024-08-12,DO 0.001%,93.65,96.78846502304077
2024-08-12,DO 0.05%,91.88,95.29831612288952
2024-08-13,DO 0.001%,95.84,97.69624012112617
2024-08-13,DO 0.05%,94.14,98.36178793907166
2024-08-14,DO 0.001%,95.36,97.91859539151191
2024-08-14,DO 0.05%,93.48,96.50387442708016
2024-08-15,DO 0.001%,94.48,97.25025705099105
2024-08-15,DO 0.05%,92.65,96.34361050069333
2024-08-16,DO 0.001%,94.49,97.3771962940693
2024-08-16,DO 0.05%,92.64,95.58478796422482
2024-08-19,DO 0.001%,92.19,97.52375616431236
2024-08-19,DO 0.05%,90.53,97.02636411130429
2024-08-20,DO 0.001%,89.37,97.94965102672576
2024-08-20,DO 0.05%,87.73,95.32299185574055
2024-08-21,DO 0.001%,90.43,97.34255390167236
2024-08-21,DO 0.05%,88.9,96.26837576627732
2024-06-27,DO 0.001%,102.61,101.0638364714384
2024-06-27,DO 0.05%,102.36,101.89231992721557
2024-06-28,DO 0.001%,103.22,101.01725284159183
2024-06-28,DO 0.05%,103.02,100.87594497680664
2024-07-01,DO 0.001%,101.78,100.63543236970901
2024-07-01,DO 0.05%,101.58,100.89821642875671
2024-07-02,DO 0.001%,103.9,100.34344916999339
2024-07-02,DO 0.05%,103.58,101.27744491577148
2024-07-03,DO 0.001%,103.17,100.36543191373347
2024-07-03,DO 0.05%,102.75,102.02170015335082
2024-07-04,DO 0.001%,102.49,100.57782117247581
2024-07-04,DO 0.05%,102.05,100.7531902217865
2024-07-05,DO 0.001%,103.55,99.83962567687034
2024-07-05,DO 0.05%,103.22,100.32382238388061
2024-07-08,DO 0.001%,101.58,100.37731610834598
2024-07-08,DO 0.05%,101.29,100.48708217620849
2024-07-09,DO 0.001%,100.78,100.41262483477591
2024-07-09,DO 0.05%,100.42,99.72620609283446
2024-07-10,DO 0.001%,99.47,99.35167995035648
2024-07-10,DO 0.05%,99.09,99.75485629081726
2024-07-11,DO 0.001%,100.41,100.53123754262924
2024-07-11,DO 0.05%,100.1,99.04018399238586
2024-07-12,DO 0.001%,100.72,99.2562444382906
2024-07-12,DO 0.05%,100.45,99.25661604881286
2024-07-15,DO 0.001%,99.66,100.04685707449913
2024-07-15,DO 0.05%,99.36,98.69327649116515
2024-07-16,DO 0.001%,99.13,99.31806638062
2024-07-16,DO 0.05%,98.77,99.57277318000793
2024-07-17,DO 0.001%,98.14,99.47135439336299
2024-07-17,DO 0.05%,97.86,98.91970392227172
2024-07-18,DO 0.001%,99.76,99.4499266475439
2024-07-18,DO 0.05%,99.55,99.25512968063354
2024-07-19,DO 0.001%,98.79,100.36925657331943
2024-07-19,DO 0.05%,98.55,99.70771374702453
2024-07-22,DO 0.001%,96.71,99.66061471700668
2024-07-22,DO 0.05%,96.49,99.31439184188842
2024-07-23,DO 0.001%,97.01,99.74089637279509
2024-07-23,DO 0.05%,96.83,98.76189615249633
2024-07-24,DO 0.001%,96.31,99.05727768361568
2024-07-24,DO 0.05%,96.13,98.79351908683776
2024-07-25,DO 0.001%,96.57,98.61309233665466
2024-07-25,DO 0.05%,96.38,98.69458232879639
2024-07-26,DO 0.001%,97.8,99.59672963023185
2024-07-26,DO 0.05%,97.35,99.14610728263854
2024-07-29,DO 0.001%,96.53,99.13127941727637
2024-07-29,DO 0.05%,96.1,98.10353734970091
2024-07-30,DO 0.001%,94.57,98.70780393838882
2024-07-30,DO 0.05%,94.2,98.89326221466064
2024-07-31,DO 0.001%,95.13,99.4242700588703
2024-07-31,DO 0.05%,94.76,99.50981014251708
2024-08-01,DO 0.001%,96.76,98.24645588397979
2024-08-01,DO 0.05%,96.2,98.04084510803222
2024-08-02,DO 0.001%,95.25,99.98223601222038
2024-08-02,DO 0.05%,94.28,99.00118939399718
2024-08-05,DO 0.001%,90.96,98.30493577361106
2024-08-05,DO 0.05%,89.79,97.88044371604919
2024-08-06,DO 0.001%,91.32,98.97244745790958
2024-08-06,DO 0.05%,89.93,99.16169910430908
2024-08-07,DO 0.001%,91.37,99.85543708503246
2024-08-07,DO 0.05%,89.44,98.23880888938903
2024-08-08,DO 0.001%,92.84,99.32408690154551
2024-08-08,DO 0.05%,91.32,98.73704913139342
2024-08-09,DO 0.001%,92.84,98.87305456936359
2024-08-09,DO 0.05%,91.32,98.23984393119811
2024-08-12,DO 0.001%,93.65,99.79364530563353
2024-08-12,DO 0.05%,91.88,97.65310761451721
2024-08-13,DO 0.001%,95.84,98.5040774732828
2024-08-13,DO 0.05%,94.14,98.14465619087218
2024-08-14,DO 0.001%,95.36,99.15648959457873
2024-08-14,DO 0.05%,93.48,98.05158667564392
2024-08-15,DO 0.001%,94.48,100.01191633582114
2024-08-15,DO 0.05%,92.65,99.33148206710815
2024-08-16,DO 0.001%,94.49,98.78915939450263
2024-08-16,DO 0.05%,92.64,99.17907817840576
2024-08-19,DO 0.001%,92.19,98.03515249073504
2024-08-19,DO 0.05%,90.53,98.49538492202758
2024-08-20,DO 0.001%,89.37,97.55491037666798
2024-08-20,DO 0.05%,87.73,97.78466022491455
2024-08-21,DO 0.001%,90.43,98.90548575222492
2024-08-21,DO 0.05%,88.9,97.70704412460327
2024-08-22,DO 0.001%,88.73,98.30679984271525
2024-08-22,DO 0.05%,87.26,98.14987954139708
2024-08-23,DO 0.001%,90.15,98.12883855283259
2024-08-23,DO 0.05%,88.58,97.44682137489318
2024-08-26,DO 0.001%,92.15,99.54591715753078
2024-08-26,DO 0.05%,90.62,98.28412807464599
2024-08-27,DO 0.001%,92.83,98.83965214014053
2024-08-27,DO 0.05%,91.33,97.53646682739257
2024-08-28,DO 0.001%,89.04,98.87763330221175
2024-08-28,DO 0.05%,87.54,97.46207018852233
2024-08-29,DO 0.001%,88.29,97.35392270565032
2024-08-29,DO 0.05%,86.79,97.10826642036437
2024-08-30,DO 0.001%,90.99,98.05964479029178
2024-08-30,DO 0.05%,89.5,98.14362114906311
2024-09-02,DO 0.001%,88.31,98.22236776769161
2024-09-02,DO 0.05%,86.86,97.82153659820555
2024-09-03,DO 0.001%,89.01,98.32616444408893
2024-09-03,DO 0.05%,87.61,96.89407294273376
2024-09-04,DO 0.001%,85.52,98.3838480323553
2024-09-04,DO 0.05%,84.07,97.93900782585143
2024-09-05,DO 0.001%,85.16,98.26267147541046
2024-09-05,DO 0.05%,83.81,97.15271304130553
2024-09-06,DO 0.001%,84.77,97.39752020537853
2024-09-06,DO 0.05%,83.44,97.11460906028746
2024-09-09,DO 0.001%,84.01,97.87960829079151
2024-09-09,DO 0.05%,82.66,97.18210943222046
2024-09-10,DO 0.001%,82.8,97.84724346637725
2024-09-10,DO 0.05%,81.43,96.67543841361999
2024-09-11,DO 0.001%,81.22,97.43446979522705
2024-09-11,DO 0.05%,79.91,97.72299700736998
2024-09-12,DO 0.001%,82.68,98.08912603855133
2024-09-12,DO 0.05%,81.37,97.39125407218933
2024-09-13,DO 0.001%,82.93,98.06600313603877
2024-09-13,DO 0.05%,81.89,96.80483067512512
2024-09-16,DO 0.001%,81.84,97.32522569358348
2024-09-16,DO 0.05%,81.1,96.28251367568969
2024-09-17,DO 0.001%,82.16,97.42960753083229
2024-09-17,DO 0.05%,81.45,96.09767446517944
2024-09-18,DO 0.001%,83.47,96.43530462503432
2024-09-18,DO 0.05%,82.86,96.74423258781432
2024-07-25,DO 0.001%,96.57,96.88258275985719
2024-07-25,DO 0.05%,96.38,95.87647951245307
2024-07-26,DO 0.001%,97.8,96.92840361714363
2024-07-26,DO 0.05%,97.35,95.79846263051033
2024-07-29,DO 0.001%,96.53,97.57552133202553
2024-07-29,DO 0.05%,96.1,96.4235602915287
2024-07-30,DO 0.001%,94.57,96.3169804763794
2024-07-30,DO 0.05%,94.2,95.45343732476233
2024-07-31,DO 0.001%,95.13,96.82392609238624
2024-07-31,DO 0.05%,94.76,95.51386946737766
2024-08-01,DO 0.001%,96.76,97.37142276525498
2024-08-01,DO 0.05%,96.2,95.80884501814842
2024-08-02,DO 0.001%,95.25,96.80762300610543
2024-08-02,DO 0.05%,94.28,95.57355100691318
2024-08-05,DO 0.001%,90.96,96.60106749534607
2024-08-05,DO 0.05%,89.79,95.01503928780555
2024-08-06,DO 0.001%,91.32,97.2086100423336
2024-08-06,DO 0.05%,89.93,94.6467682057619
2024-08-07,DO 0.001%,91.37,96.76623383283615
2024-08-07,DO 0.05%,89.44,95.28802388727665
2024-08-08,DO 0.001%,92.84,97.09815089225769
2024-08-08,DO 0.05%,91.32,94.9568188458681
2024-08-09,DO 0.001%,92.84,98.41259296417236
2024-08-09,DO 0.05%,91.32,95.1199518251419
2024-08-12,DO 0.001%,93.65,97.30166392564774
2024-08-12,DO 0.05%,91.88,94.83145667195319
2024-08-13,DO 0.001%,95.84,97.08053896665574
2024-08-13,DO 0.05%,94.14,94.32538976192474
2024-08-14,DO 0.001%,95.36,96.33344429731369
2024-08-14,DO 0.05%,93.48,94.4389542889595
2024-08-15,DO 0.001%,94.48,96.87328311204911
2024-08-15,DO 0.05%,92.65,93.85428032815456
2024-08-16,DO 0.001%,94.49,95.60832435131073
2024-08-16,DO 0.05%,92.64,94.60951308190822
2024-08-19,DO 0.001%,92.19,97.13072262167931
2024-08-19,DO 0.05%,90.53,94.58853630423545
2024-08-20,DO 0.001%,89.37,96.22625724554062
2024-08-20,DO 0.05%,87.73,94.58748202204704
2024-08-21,DO 0.001%,90.43,96.70150369167328
2024-08-21,DO 0.05%,88.9,94.48829354941844
2024-08-22,DO 0.001%,88.73,97.57173258662225
2024-08-22,DO 0.05%,87.26,94.32979597389698
2024-08-23,DO 0.001%,90.15,96.30565442383289
2024-08-23,DO 0.05%,88.58,93.96005806446075
2024-08-26,DO 0.001%,92.15,96.27868544518948
2024-08-26,DO 0.05%,90.62,94.48674077510833
2024-08-27,DO 0.001%,92.83,95.65391558766365
2024-08-27,DO 0.05%,91.33,93.97208490312099
2024-08-28,DO 0.001%,89.04,95.75702112734318
2024-08-28,DO 0.05%,87.54,94.28835810005664
2024-08-29,DO 0.001%,88.29,96.4392880666256
2024-08-29,DO 0.05%,86.79,94.44864910125732
2024-08-30,DO 0.001%,90.99,97.25741597175599
2024-08-30,DO 0.05%,89.5,94.05021638095378
2024-09-02,DO 0.001%,88.31,96.26103907644749
2024-09-02,DO 0.05%,86.86,93.78420494139193
2024-09-03,DO 0.001%,89.01,97.9013304746151
2024-09-03,DO 0.05%,87.61,94.68717471659183
2024-09-04,DO 0.001%,85.52,96.54169900298119
2024-09-04,DO 0.05%,84.07,94.65301368176937
2024-09-05,DO 0.001%,85.16,97.29044694304467
2024-09-05,DO 0.05%,83.81,94.91739212989806
2024-09-06,DO 0.001%,84.77,96.08350765168667
2024-09-06,DO 0.05%,83.44,94.19261323392391
2024-09-09,DO 0.001%,84.01,97.36765698194505
2024-09-09,DO 0.05%,82.66,93.86721820414066
2024-09-10,DO 0.001%,82.8,96.7636505973339
2024-09-10,DO 0.05%,81.43,93.32478428840636
2024-09-11,DO 0.001%,81.22,97.06351257443428
2024-09-11,DO 0.05%,79.91,93.41334399223327
2024-09-12,DO 0.001%,82.68,96.57910425305367
2024-09-12,DO 0.05%,81.37,93.65244831681251
2024-09-13,DO 0.001%,82.93,96.83076879620552
2024-09-13,DO 0.05%,81.89,93.20381686687469
2024-09-16,DO 0.001%,81.84,97.49428144574165
2024-09-16,DO 0.05%,81.1,93.44268626987933
2024-09-17,DO 0.001%,82.16,96.6092075574398
2024-09-17,DO 0.05%,81.45,93.73779933571815
2024-09-18,DO 0.001%,83.47,97.80069910049438
2024-09-18,DO 0.05%,82.86,93.5877188283205
2024-09-19,DO 0.001%,84.96,96.87005693793297
2024-09-19,DO 0.05%,84.46,93.0183548784256
2024-09-20,DO 0.001%,84.32,97.45801281929016
2024-09-20,DO 0.05%,83.81,93.87297664761543
2024-09-23,DO 0.001%,84.39,97.32603818774224
2024-09-23,DO 0.05%,83.88,93.09545499324798
2024-09-24,DO 0.001%,84.98,96.02244570493698
2024-09-24,DO 0.05%,84.47,93.32888109147548
2024-09-25,DO 0.001%,86.23,95.51651616156101
2024-09-25,DO 0.05%,85.61,93.05685909748077
2024-09-26,DO 0.001%,83.26,97.03857574105263
2024-09-26,DO 0.05%,82.6,93.19812718093395
2024-09-27,DO 0.001%,84.23,96.33189435601234
2024-09-27,DO 0.05%,83.41,92.78910007059574
2024-09-30,DO 0.001%,84.66,96.40110210537911
2024-09-30,DO 0.05%,83.82,92.90605663597583
2024-10-01,DO 0.001%,83.05,96.91902360200882
2024-10-01,DO 0.05%,82.4,93.12919202327728
2024-10-02,DO 0.001%,87.45,96.31439724087716
2024-10-02,DO 0.05%,86.86,93.00115403532982
2024-10-03,DO 0.001%,86.45,96.52812840580941
2024-10-03,DO 0.05%,85.92,93.04785186052322
2024-10-04,DO 0.001%,90.98,96.21320903599262
2024-10-04,DO 0.05%,90.45,92.35722253978253
2024-10-07,DO 0.001%,91.76,96.51337526082993
2024-10-07,DO 0.05%,91.25,91.98004162728786
2024-10-08,DO 0.001%,92.38,96.65384586691857
2024-10-08,DO 0.05%,91.89,93.13606204688548
2024-10-09,DO 0.001%,90.87,95.95219892084599
2024-10-09,DO 0.05%,90.36,92.37443484246731
2024-10-10,DO 0.001%,90.38,94.72885895431043
2024-10-10,DO 0.05%,89.86,92.55184073984623
2024-10-11,DO 0.001%,91.86,96.07212993443012
2024-10-11,DO 0.05%,91.29,92.91102436780929
2024-10-14,DO 0.001%,90.97,96.36858778119087
2024-10-14,DO 0.05%,90.35,91.82974911749362
2024-10-15,DO 0.001%,86.8,95.72796259820461
2024-10-15,DO 0.05%,86.22,91.52895209550857
2024-10-16,DO 0.001%,86.0,96.4584958577156
2024-10-16,DO 0.05%,85.48,92.41440015912056
2024-08-22,DO 0.001%,88.73,89.14489396929741
2024-08-22,DO 0.05%,87.26,87.79533223509789
2024-08-23,DO 0.001%,90.15,90.0627814179659
2024-08-23,DO 0.05%,88.58,88.21462516784669
2024-08-26,DO 0.001%,92.15,90.13734734237195
2024-08-26,DO 0.05%,90.62,88.50876449346543
2024-08-27,DO 0.001%,92.83,90.2522416061163
2024-08-27,DO 0.05%,91.33,88.42364901900292
2024-08-28,DO 0.001%,89.04,90.59987275362016
2024-08-28,DO 0.05%,87.54,87.99598389863968
2024-08-29,DO 0.001%,88.29,89.81781451523305
2024-08-29,DO 0.05%,86.79,88.44226388931276
2024-08-30,DO 0.001%,90.99,89.39561205327512
2024-08-30,DO 0.05%,89.5,87.6551987707615
2024-09-02,DO 0.001%,88.31,89.06573572397232
2024-09-02,DO 0.05%,86.86,87.49337710142136
2024-09-03,DO 0.001%,89.01,90.1058209514618
2024-09-03,DO 0.05%,87.61,88.02244637012483
2024-09-04,DO 0.001%,85.52,90.03265104949475
2024-09-04,DO 0.05%,84.07,88.00937409996988
2024-09-05,DO 0.001%,85.16,89.75431974947453
2024-09-05,DO 0.05%,83.81,88.57206988930703
2024-09-06,DO 0.001%,84.77,89.35513279259206
2024-09-06,DO 0.05%,83.44,87.79809293746949
2024-09-09,DO 0.001%,84.01,88.97689695239067
2024-09-09,DO 0.05%,82.66,88.43526940345765
2024-09-10,DO 0.001%,82.8,89.53540833890439
2024-09-10,DO 0.05%,81.43,87.12033785581589
2024-09-11,DO 0.001%,81.22,89.65898057997228
2024-09-11,DO 0.05%,79.91,87.54552841186523
2024-09-12,DO 0.001%,82.68,88.61753167033196
2024-09-12,DO 0.05%,81.37,88.09419283866883
2024-09-13,DO 0.001%,82.93,88.55629533469677
2024-09-13,DO 0.05%,81.89,86.96316328048707
2024-09-16,DO 0.001%,81.84,88.01563578724861
2024-09-16,DO 0.05%,81.1,87.18638805747032
2024-09-17,DO 0.001%,82.16,88.42308568775654
2024-09-17,DO 0.05%,81.45,86.9070166349411
2024-09-18,DO 0.001%,83.47,89.0104715615511
2024-09-18,DO 0.05%,82.86,87.11750826835633
2024-09-19,DO 0.001%,84.96,88.73088977038861
2024-09-19,DO 0.05%,84.46,86.4982260286808
2024-09-20,DO 0.001%,84.32,89.39656070172788
2024-09-20,DO 0.05%,83.81,87.30685747861862
2024-09-23,DO 0.001%,84.39,89.19248270332814
2024-09-23,DO 0.05%,83.88,87.39995832443238
2024-09-24,DO 0.001%,84.98,88.11255963087082
2024-09-24,DO 0.05%,84.47,86.94214802980423
2024-09-25,DO 0.001%,86.23,88.24391510128976
2024-09-25,DO 0.05%,85.61,86.34388104081154
2024-09-26,DO 0.001%,83.26,88.43048083364964
2024-09-26,DO 0.05%,82.6,86.78483038544655
2024-09-27,DO 0.001%,84.23,88.29212908089161
2024-09-27,DO 0.05%,83.41,85.9715465426445
2024-09-30,DO 0.001%,84.66,87.59741118073464
2024-09-30,DO 0.05%,83.82,87.50391122102738
2024-10-01,DO 0.001%,83.05,87.36660932421685
2024-10-01,DO 0.05%,82.4,87.06040253043176
2024-10-02,DO 0.001%,87.45,88.4922076636553
2024-10-02,DO 0.05%,86.86,87.13627680540085
2024-10-03,DO 0.001%,86.45,88.21977307617665
2024-10-03,DO 0.05%,85.92,86.82676550745964
2024-10-04,DO 0.001%,90.98,86.84574203312398
2024-10-04,DO 0.05%,90.45,86.30629627704621
2024-10-07,DO 0.001%,91.76,86.99572550952435
2024-10-07,DO 0.05%,91.25,85.60970907211305
2024-10-08,DO 0.001%,92.38,87.77836587309838
2024-10-08,DO 0.05%,91.89,87.35329132676125
2024-10-09,DO 0.001%,90.87,86.60843438863755
2024-10-09,DO 0.05%,90.36,85.7087711274624
2024-10-10,DO 0.001%,90.38,86.73061599731446
2024-10-10,DO 0.05%,89.86,86.50929003357888
2024-10-11,DO 0.001%,91.86,86.78876383543015
2024-10-11,DO 0.05%,91.29,86.37231468558312
2024-10-14,DO 0.001%,90.97,86.33035103082658
2024-10-14,DO 0.05%,90.35,86.27420642375947
2024-10-15,DO 0.001%,86.8,86.75706496298314
2024-10-15,DO 0.05%,86.22,86.80302664637566
2024-10-16,DO 0.001%,86.0,87.43403343498707
2024-10-16,DO 0.05%,85.48,86.54919569492341
2024-10-17,DO 0.001%,86.14,86.7378602218628
2024-10-17,DO 0.05%,85.51,85.52415909171106
2024-10-18,DO 0.001%,86.42,86.67501765191555
2024-10-18,DO 0.05%,85.79,86.10852189064026
2024-10-21,DO 0.001%,85.74,86.68105450570584
2024-10-21,DO 0.05%,85.24,85.91310549378396
2024-10-22,DO 0.001%,85.81,86.79369033932687
2024-10-22,DO 0.05%,85.35,86.40419788360596
2024-10-23,DO 0.001%,88.12,86.23136818885804
2024-10-23,DO 0.05%,87.78,86.55294198393823
2024-10-24,DO 0.001%,88.64,86.1947805428505
2024-10-24,DO 0.05%,88.3,86.21728084683419
2024-10-25,DO 0.001%,87.02,86.35010555684568
2024-10-25,DO 0.05%,86.62,85.64727793931962
2024-10-28,DO 0.001%,85.69,85.39467642366887
2024-10-28,DO 0.05%,85.37,84.73602360486984
2024-10-29,DO 0.001%,85.33,85.94910754382612
2024-10-29,DO 0.05%,85.08,85.93368093967439
2024-10-30,DO 0.001%,86.28,85.38136300504208
2024-10-30,DO 0.05%,86.0,84.81584022641182
2024-10-31,DO 0.001%,86.28,85.1549486476183
2024-10-31,DO 0.05%,86.0,84.69844413995743
2024-11-01,DO 0.001%,90.87,85.31918880105019
2024-11-01,DO 0.05%,90.6,84.92393682599068
2024-11-04,DO 0.001%,91.02,85.45474311888219
2024-11-04,DO 0.05%,90.75,85.37974945306779
2024-11-05,DO 0.001%,91.47,85.16316847085953
2024-11-05,DO 0.05%,91.13,85.08004103302956
2024-11-06,DO 0.001%,90.57,85.06049883604051
2024-11-06,DO 0.05%,90.29,84.96178653240204
2024-11-07,DO 0.001%,90.13,85.69756478250028
2024-11-07,DO 0.05%,89.92,86.08699265122414
2024-11-08,DO 0.001%,90.21,84.51721972525121
2024-11-08,DO 0.05%,89.97,85.28276454806328
2024-11-11,DO 0.001%,89.16,85.49610634744168
2024-11-11,DO 0.05%,89.0,85.37903410792352
2024-11-12,DO 0.001%,87.15,84.33357539892198
2024-11-12,DO 0.05%,87.0,85.11645475029945
2024-11-13,DO 0.001%,87.42,84.97500189423562
2024-11-13,DO 0.05%,87.3,85.02770956158639
2024-09-19,DO 0.001%,84.96,83.6953566455841
2024-09-19,DO 0.05%,84.46,81.97230262041091
2024-09-20,DO 0.001%,84.32,82.95836041331292
2024-09-20,DO 0.05%,83.81,81.64422529935837
2024-09-23,DO 0.001%,84.39,82.89978241205215
2024-09-23,DO 0.05%,83.88,81.33007550954818
2024-09-24,DO 0.001%,84.98,83.32664459586144
2024-09-24,DO 0.05%,84.47,81.4090969634056
2024-09-25,DO 0.001%,86.23,82.54166753768921
2024-09-25,DO 0.05%,85.61,80.9393341755867
2024-09-26,DO 0.001%,83.26,82.49156230151654
2024-09-26,DO 0.05%,82.6,81.2547483086586
2024-09-27,DO 0.001%,84.23,81.36007253468037
2024-09-27,DO 0.05%,83.41,79.56186182498932
2024-09-30,DO 0.001%,84.66,81.46172581493855
2024-09-30,DO 0.05%,83.82,80.26467369675636
2024-10-01,DO 0.001%,83.05,80.79112859785556
2024-10-01,DO 0.05%,82.4,79.63238353371621
2024-10-02,DO 0.001%,87.45,81.3414802134037
2024-10-02,DO 0.05%,86.86,79.88765740156174
2024-10-03,DO 0.001%,86.45,81.34969426810741
2024-10-03,DO 0.05%,85.92,80.24002394199371
2024-10-04,DO 0.001%,90.98,81.23059793770314
2024-10-04,DO 0.05%,90.45,79.84179038643838
2024-10-07,DO 0.001%,91.76,80.36807244181632
2024-10-07,DO 0.05%,91.25,79.09976411819459
2024-10-08,DO 0.001%,92.38,80.81308415412903
2024-10-08,DO 0.05%,91.89,79.92578525304795
2024-10-09,DO 0.001%,90.87,80.84141294121743
2024-10-09,DO 0.05%,90.36,79.23435247063637
2024-10-10,DO 0.001%,90.38,80.24429444849491
2024-10-10,DO 0.05%,89.86,79.27245562791825
2024-10-11,DO 0.001%,91.86,80.73780938267707
2024-10-11,DO 0.05%,91.29,79.63792491316795
2024-10-14,DO 0.001%,90.97,81.41651617527008
2024-10-14,DO 0.05%,90.35,80.10386503815651
2024-10-15,DO 0.001%,86.8,81.07655082941055
2024-10-15,DO 0.05%,86.22,79.6418809247017
2024-10-16,DO 0.001%,86.0,81.3539679646492
2024-10-16,DO 0.05%,85.48,80.10027943968772
2024-10-17,DO 0.001%,86.14,79.79238213419914
2024-10-17,DO 0.05%,85.51,78.43276872038841
2024-10-18,DO 0.001%,86.42,80.12949171543121
2024-10-18,DO 0.05%,85.79,78.66863788247109
2024-10-21,DO 0.001%,85.74,80.43940187990665
2024-10-21,DO 0.05%,85.24,79.0720177102089
2024-10-22,DO 0.001%,85.81,80.07046097099781
2024-10-22,DO 0.05%,85.35,78.87018703937531
2024-10-23,DO 0.001%,88.12,79.64199179768562
2024-10-23,DO 0.05%,87.78,78.12679765105247
2024-10-24,DO 0.001%,88.64,80.71491351366043
2024-10-24,DO 0.05%,88.3,79.62307381868362
2024-10-25,DO 0.001%,87.02,79.39361490309238
2024-10-25,DO 0.05%,86.62,78.05147045016288
2024-10-28,DO 0.001%,85.69,79.79564089000225
2024-10-28,DO 0.05%,85.37,78.71341835260391
2024-10-29,DO 0.001%,85.33,79.96813603878022
2024-10-29,DO 0.05%,85.08,78.464797103405
2024-10-30,DO 0.001%,86.28,80.48081544220447
2024-10-30,DO 0.05%,86.0,78.94608714580536
2024-10-31,DO 0.001%,86.28,80.95073300421238
2024-10-31,DO 0.05%,86.0,79.42912553787231
2024-11-01,DO 0.001%,90.87,80.5288161689043
2024-11-01,DO 0.05%,90.6,79.16175150990486
2024-11-04,DO 0.001%,91.02,79.51551724612713
2024-11-04,DO 0.05%,90.75,78.16615527391434
2024-11-05,DO 0.001%,91.47,80.701778986454
2024-11-05,DO 0.05%,91.13,79.1119087278843
2024-11-06,DO 0.001%,90.57,79.91771736502648
2024-11-06,DO 0.05%,90.29,78.2889052248001
2024-11-07,DO 0.001%,90.13,79.21823413848877
2024-11-07,DO 0.05%,89.92,77.55808518648148
2024-11-08,DO 0.001%,90.21,79.93962814450263
2024-11-08,DO 0.05%,89.97,78.41772007226943
2024-11-11,DO 0.001%,89.16,80.70247053921223
2024-11-11,DO 0.05%,89.0,79.28578555941581
2024-11-12,DO 0.001%,87.15,79.7660334765911
2024-11-12,DO 0.05%,87.0,78.3191852581501
2024-11-13,DO 0.001%,87.42,80.0779934233427
2024-11-13,DO 0.05%,87.3,78.50513261675835
2024-11-14,DO 0.001%,87.85,79.43312296390533
2024-11-14,DO 0.05%,87.75,77.80701264381409
2024-11-15,DO 0.001%,86.5,80.78889473319053
2024-11-15,DO 0.05%,86.46,79.42058134317398
2024-11-18,DO 0.001%,87.24,79.6795048034191
2024-11-18,DO 0.05%,87.2,77.97104142665863
2024-11-19,DO 0.001%,89.91,80.55402550578117
2024-11-19,DO 0.05%,89.88,78.67008496284485
2024-11-20,DO 0.001%,89.75,80.68804743528366
2024-11-20,DO 0.05%,89.72,78.51410649061204
2024-11-21,DO 0.001%,89.94,81.05413257956505
2024-11-21,DO 0.05%,89.91,78.92833201289177
2024-11-22,DO 0.001%,91.23,80.81087516546249
2024-11-22,DO 0.05%,91.2,79.0597249352932
2024-11-25,DO 0.001%,90.01,80.07380430519581
2024-11-25,DO 0.05%,89.94,78.35723902702331
2024-11-26,DO 0.001%,89.31,80.16749229073524
2024-11-26,DO 0.05%,89.28,78.18752563834191
2024-11-27,DO 0.001%,88.4,79.02314163267613
2024-11-27,DO 0.05%,88.33,77.25418349146842
2024-11-28,DO 0.001%,87.58,79.72422189831734
2024-11-28,DO 0.05%,87.45,77.74660568118095
2024-11-29,DO 0.001%,88.1,79.53210456192494
2024-11-29,DO 0.05%,87.97,77.86582929968834
2024-12-02,DO 0.001%,87.71,79.72804285168648
2024-12-02,DO 0.05%,87.58,77.97075991272926
2024-12-03,DO 0.001%,87.2,81.25564806818961
2024-12-03,DO 0.05%,87.08,79.06141895771026
2024-12-04,DO 0.001%,88.1,79.59733440518379
2024-12-04,DO 0.05%,87.92,77.55467738628387
2024-12-05,DO 0.001%,86.86,79.3469226539135
2024-12-05,DO 0.05%,86.68,77.6877593922615
2024-12-06,DO 0.001%,86.46,79.1921690672636
2024-12-06,DO 0.05%,86.35,77.70644302725792
2024-12-09,DO 0.001%,86.98,80.74294876396655
2024-12-09,DO 0.05%,86.86,78.8902140390873
2024-12-10,DO 0.001%,87.18,78.42671966791153
2024-12-10,DO 0.05%,87.06,76.78933978915215
2024-12-11,DO 0.001%,87.54,78.9160803103447
2024-12-11,DO 0.05%,87.42,77.25688009858132
2024-10-17,DO 0.001%,86.14,84.23574376106262
2024-10-17,DO 0.05%,85.51,83.97287713050842
2024-10-18,DO 0.001%,86.42,84.77800786495209
2024-10-18,DO 0.05%,85.79,84.99217364788056
2024-10-21,DO 0.001%,85.74,84.51781725883484
2024-10-21,DO 0.05%,85.24,84.21575602054597
2024-10-22,DO 0.001%,85.81,82.66129302978516
2024-10-22,DO 0.05%,85.35,83.02900197267533
2024-10-23,DO 0.001%,88.12,83.06225383281708
2024-10-23,DO 0.05%,87.78,82.89088148117065
2024-10-24,DO 0.001%,88.64,82.4482411146164
2024-10-24,DO 0.05%,88.3,82.62013800859452
2024-10-25,DO 0.001%,87.02,82.96689486503601
2024-10-25,DO 0.05%,86.62,83.29041649103165
2024-10-28,DO 0.001%,85.69,83.29406177997589
2024-10-28,DO 0.05%,85.37,83.73370740413667
2024-10-29,DO 0.001%,85.33,82.31636452674866
2024-10-29,DO 0.05%,85.08,82.83943721532822
2024-10-30,DO 0.001%,86.28,82.38699054718018
2024-10-30,DO 0.05%,86.0,82.81805857419968
2024-10-31,DO 0.001%,86.28,83.04465627670288
2024-10-31,DO 0.05%,86.0,83.29104827165604
2024-11-01,DO 0.001%,90.87,82.70304429531097
2024-11-01,DO 0.05%,90.6,83.45545389413834
2024-11-04,DO 0.001%,91.02,83.11809134483337
2024-11-04,DO 0.05%,90.75,83.5671618795395
2024-11-05,DO 0.001%,91.47,82.75849223136902
2024-11-05,DO 0.05%,91.13,83.84920097827911
2024-11-06,DO 0.001%,90.57,83.32321333885193
2024-11-06,DO 0.05%,90.29,84.2378530573845
2024-11-07,DO 0.001%,90.13,83.99991190433502
2024-11-07,DO 0.05%,89.92,85.25668083429336
2024-11-08,DO 0.001%,90.21,82.83841168880463
2024-11-08,DO 0.05%,89.97,84.28835474729539
2024-11-11,DO 0.001%,89.16,82.53756165504456
2024-11-11,DO 0.05%,89.0,83.45351779222489
2024-11-12,DO 0.001%,87.15,81.97659277915955
2024-11-12,DO 0.05%,87.0,83.00090811491013
2024-11-13,DO 0.001%,87.42,81.6163682937622
2024-11-13,DO 0.05%,87.3,82.82605773210526
2024-11-14,DO 0.001%,87.85,80.82391953468323
2024-11-14,DO 0.05%,87.75,82.45067304611206
2024-11-15,DO 0.001%,86.5,80.6249487400055
2024-11-15,DO 0.05%,86.46,82.4681234383583
2024-11-18,DO 0.001%,87.24,80.7018131017685
2024-11-18,DO 0.05%,87.2,82.6583913064003
2024-11-19,DO 0.001%,89.91,80.38398575782776
2024-11-19,DO 0.05%,89.88,82.04687861204148
2024-11-20,DO 0.001%,89.75,80.43777287006378
2024-11-20,DO 0.05%,89.72,82.38120774745941
2024-11-21,DO 0.001%,89.94,79.66619718074799
2024-11-21,DO 0.05%,89.91,81.55102253198623
2024-11-22,DO 0.001%,91.23,80.02794408798218
2024-11-22,DO 0.05%,91.2,81.46031615734101
2024-11-25,DO 0.001%,90.01,80.00818336009979
2024-11-25,DO 0.05%,89.94,81.39908438682556
2024-11-26,DO 0.001%,89.31,79.48097944259644
2024-11-26,DO 0.05%,89.28,81.05146238327026
2024-11-27,DO 0.001%,88.4,79.78079402446747
2024-11-27,DO 0.05%,88.33,80.8905723142624
2024-11-28,DO 0.001%,87.58,80.11261534690857
2024-11-28,DO 0.05%,87.45,81.56832516908646
2024-11-29,DO 0.001%,88.1,79.4454562664032
2024-11-29,DO 0.05%,87.97,81.05820307493211
2024-12-02,DO 0.001%,87.71,79.70299160480499
2024-12-02,DO 0.05%,87.58,81.34199485540391
2024-12-03,DO 0.001%,87.2,79.72909832000732
2024-12-03,DO 0.05%,87.08,81.46464181661607
2024-12-04,DO 0.001%,88.1,79.87498426437378
2024-12-04,DO 0.05%,87.92,81.39199213981628
2024-12-05,DO 0.001%,86.86,80.99472296237946
2024-12-05,DO 0.05%,86.68,82.24321972608567
2024-12-06,DO 0.001%,86.46,80.75674331188202
2024-12-06,DO 0.05%,86.35,81.47119399309159
2024-12-09,DO 0.001%,86.98,80.97353720664978
2024-12-09,DO 0.05%,86.86,81.79480323791505
2024-12-10,DO 0.001%,87.18,81.12002801895142
2024-12-10,DO 0.05%,87.06,82.66807181596756
2024-12-11,DO 0.001%,87.54,81.51276671886444
2024-12-11,DO 0.05%,87.42,82.34569046735764
2024-12-12,DO 0.001%,89.7,80.7775856256485
2024-12-12,DO 0.05%,89.53,81.89470100164414
2024-12-13,DO 0.001%,90.03,80.3880968093872
2024-12-13,DO 0.05%,89.67,81.48429834604264
2024-12-16,DO 0.001%,90.75,80.89410471916199
2024-12-16,DO 0.05%,90.19,81.68431295871736
2024-12-17,DO 0.001%,89.99,80.12521505355835
2024-12-17,DO 0.05%,89.32,81.31995386362077
2024-12-18,DO 0.001%,89.79,80.55916166305542
2024-12-18,DO 0.05%,89.12,80.69850081443786
2024-12-19,DO 0.001%,89.87,80.68142700195312
2024-12-19,DO 0.05%,89.2,81.1807124710083
2024-12-20,DO 0.001%,89.1,80.26947605609894
2024-12-20,DO 0.05%,88.43,80.28800644874573
2024-12-23,DO 0.001%,89.97,80.26604163646698
2024-12-23,DO 0.05%,89.3,80.1858159327507
2024-12-24,DO 0.001%,89.01,80.04593122005463
2024-12-24,DO 0.05%,88.32,80.08438966751099
2024-12-26,DO 0.001%,89.2,80.0138168334961
2024-12-26,DO 0.05%,88.48,80.0739143371582
2024-12-27,DO 0.001%,89.02,79.39831757545471
2024-12-27,DO 0.05%,88.31,79.48441206455232
2024-12-30,DO 0.001%,90.69,79.49611139297485
2024-12-30,DO 0.05%,89.98,79.58184894084931
2024-12-31,DO 0.001%,91.85,80.02729308605194
2024-12-31,DO 0.05%,91.14,79.81904690027237
2025-01-02,DO 0.001%,92.29,79.6876494884491
2025-01-02,DO 0.05%,91.58,79.88855805397034
2025-01-03,DO 0.001%,93.47,80.27774941921234
2025-01-03,DO 0.05%,92.76,79.71562848806381
2025-01-06,DO 0.001%,92.73,80.72812485694885
2025-01-06,DO 0.05%,92.07,80.90800742149354
2025-01-07,DO 0.001%,92.39,80.4641820192337
2025-01-07,DO 0.05%,91.74,80.04474033832551
2025-01-08,DO 0.001%,93.58,80.39695453643799
2025-01-08,DO 0.05%,92.94,80.20109585285188
2025-01-09,DO 0.001%,92.36,79.5485554933548
2025-01-09,DO 0.05%,91.75,79.27882351636887
2025-01-10,DO 0.001%,94.09,80.04648995399475
2025-01-10,DO 0.05%,93.54,79.5100857949257
2024-11-14,DO 0.001%,87.85,86.51403157353401
2024-11-14,DO 0.05%,87.75,87.92617703676224
2024-11-15,DO 0.001%,86.5,88.13236716985703
2024-11-15,DO 0.05%,86.46,88.672960460186
2024-11-18,DO 0.001%,87.24,87.79693755626678
2024-11-18,DO 0.05%,87.2,88.55216674804687
2024-11-19,DO 0.001%,89.91,86.8699650478363
2024-11-19,DO 0.05%,89.88,87.47691850662231
2024-11-20,DO 0.001%,89.75,86.88928088307381
2024-11-20,DO 0.05%,89.72,88.62285089492798
2024-11-21,DO 0.001%,89.94,86.21795790910721
2024-11-21,DO 0.05%,89.91,90.04996923208236
2024-11-22,DO 0.001%,91.23,86.65670405387878
2024-11-22,DO 0.05%,91.2,89.65907299518585
2024-11-25,DO 0.001%,90.01,87.2192653799057
2024-11-25,DO 0.05%,89.94,88.8479640841484
2024-11-26,DO 0.001%,89.31,86.92961643218995
2024-11-26,DO 0.05%,89.28,89.55948868989944
2024-11-27,DO 0.001%,88.4,86.7419188284874
2024-11-27,DO 0.05%,88.33,88.46551830768585
2024-11-28,DO 0.001%,87.58,86.13750565767289
2024-11-28,DO 0.05%,87.45,88.22959227561951
2024-11-29,DO 0.001%,88.1,87.59146125555039
2024-11-29,DO 0.05%,87.97,87.95717940330505
2024-12-02,DO 0.001%,87.71,86.0349498796463
2024-12-02,DO 0.05%,87.58,88.68450179100036
2024-12-03,DO 0.001%,87.2,85.9422005224228
2024-12-03,DO 0.05%,87.08,88.03166209459305
2024-12-04,DO 0.001%,88.1,86.11098872065544
2024-12-04,DO 0.05%,87.92,87.37814594507218
2024-12-05,DO 0.001%,86.86,86.794921438694
2024-12-05,DO 0.05%,86.68,88.29060834646225
2024-12-06,DO 0.001%,86.46,84.72206709623337
2024-12-06,DO 0.05%,86.35,86.20593075156212
2024-12-09,DO 0.001%,86.98,85.40482221007348
2024-12-09,DO 0.05%,86.86,86.70141704678535
2024-12-10,DO 0.001%,87.18,85.61935981035232
2024-12-10,DO 0.05%,87.06,86.61427947878838
2024-12-11,DO 0.001%,87.54,85.54540522456169
2024-12-11,DO 0.05%,87.42,87.59650501012801
2024-12-12,DO 0.001%,89.7,85.01212768435478
2024-12-12,DO 0.05%,89.53,88.37160580158233
2024-12-13,DO 0.001%,90.03,85.07349336862565
2024-12-13,DO 0.05%,89.67,87.93759348392486
2024-12-16,DO 0.001%,90.75,85.76960334777833
2024-12-16,DO 0.05%,90.19,86.86902131438255
2024-12-17,DO 0.001%,89.99,85.1073781478405
2024-12-17,DO 0.05%,89.32,87.23584622740745
2024-12-18,DO 0.001%,89.79,84.94412364721299
2024-12-18,DO 0.05%,89.12,87.735167491436
2024-12-19,DO 0.001%,89.87,85.15770249009132
2024-12-19,DO 0.05%,89.2,87.06436015963554
2024-12-20,DO 0.001%,89.1,84.65667879939079
2024-12-20,DO 0.05%,88.43,86.98339912891387
2024-12-23,DO 0.001%,89.97,85.09312705278397
2024-12-23,DO 0.05%,89.3,86.94125609993934
2024-12-24,DO 0.001%,89.01,84.10254307508468
2024-12-24,DO 0.05%,88.32,87.44609305858611
2024-12-26,DO 0.001%,89.2,86.14267461061478
2024-12-26,DO 0.05%,88.48,86.50004736185073
2024-12-27,DO 0.001%,89.02,85.0729358303547
2024-12-27,DO 0.05%,88.31,85.73238755464554
2024-12-30,DO 0.001%,90.69,84.4947999072075
2024-12-30,DO 0.05%,89.98,86.58701321482658
2024-12-31,DO 0.001%,91.85,84.84567385196686
2024-12-31,DO 0.05%,91.14,86.4874653339386
2025-01-02,DO 0.001%,92.29,86.20686446070671
2025-01-02,DO 0.05%,91.58,86.0511270582676
2025-01-03,DO 0.001%,93.47,85.95242379426956
2025-01-03,DO 0.05%,92.76,88.01225309371948
2025-01-06,DO 0.001%,92.73,85.15064207553864
2025-01-06,DO 0.05%,92.07,86.64810213446617
2025-01-07,DO 0.001%,92.39,87.13288863301277
2025-01-07,DO 0.05%,91.74,87.10534281134605
2025-01-08,DO 0.001%,93.58,84.01166954755783
2025-01-08,DO 0.05%,92.94,87.35519857406616
2025-01-09,DO 0.001%,92.36,86.55743097782135
2025-01-09,DO 0.05%,91.75,85.73936022520066
2025-01-10,DO 0.001%,94.09,85.37635649442673
2025-01-10,DO 0.05%,93.54,86.77476017475128
2025-01-13,DO 0.001%,99.13,84.9369850730896
2025-01-13,DO 0.05%,98.56,87.65683422088622
2025-01-14,DO 0.001%,96.7,85.33683380484581
2025-01-14,DO 0.05%,96.18,87.04415502548217
2025-01-15,DO 0.001%,97.61,86.40631726384163
2025-01-15,DO 0.05%,97.09,87.0966529905796
2025-01-16,DO 0.001%,99.56,85.85567787766456
2025-01-16,DO 0.05%,99.01,86.83459505438805
2025-01-17,DO 0.001%,100.19,84.8866972053051
2025-01-17,DO 0.05%,99.55,87.50026134252548
2025-01-20,DO 0.001%,99.77,85.25662645339966
2025-01-20,DO 0.05%,99.02,86.69396565556526
2025-01-21,DO 0.001%,97.7,85.61393553614617
2025-01-21,DO 0.05%,96.95,86.95033618211745
2025-01-22,DO 0.001%,96.85,85.90837306022644
2025-01-22,DO 0.05%,96.1,87.01750277280807
2025-01-23,DO 0.001%,95.61,86.18344264268875
2025-01-23,DO 0.05%,94.86,88.07551707029343
2025-01-24,DO 0.001%,95.03,85.90393880724908
2025-01-24,DO 0.05%,94.25,88.14262121915817
2025-01-27,DO 0.001%,93.29,85.56998901486396
2025-01-27,DO 0.05%,92.63,87.83549069166183
2025-01-28,DO 0.001%,93.0,86.57086400270462
2025-01-28,DO 0.05%,92.41,87.2658963561058
2025-01-29,DO 0.001%,93.0,85.59630794763565
2025-01-29,DO 0.05%,92.41,86.2536675274372
2025-01-30,DO 0.001%,93.0,85.89952018618584
2025-01-30,DO 0.05%,92.41,87.36726025342941
2025-01-31,DO 0.001%,92.89,86.96436096668243
2025-01-31,DO 0.05%,92.3,86.50327872633933
2025-02-03,DO 0.001%,93.44,85.09487782716751
2025-02-03,DO 0.05%,93.07,88.37555004358292
2025-02-04,DO 0.001%,91.37,85.91058237075806
2025-02-04,DO 0.05%,90.89,86.45118663311004
2025-02-05,DO 0.001%,92.1,86.08389340281487
2025-02-05,DO 0.05%,91.55,86.9382328748703
2025-02-06,DO 0.001%,90.63,86.13783913850784
2025-02-06,DO 0.05%,89.93,88.46209441423416
2025-02-07,DO 0.001%,91.48,85.48338821053505
2025-02-07,DO 0.05%,90.71,87.39840831756591
2024-12-12,DO 0.001%,89.7,87.57008578062059
2024-12-12,DO 0.05%,89.53,86.82474713087082
2024-12-13,DO 0.001%,90.03,87.82477657556534
2024-12-13,DO 0.05%,89.67,87.52748504161835
2024-12-16,DO 0.001%,90.75,88.7624970316887
2024-12-16,DO 0.05%,90.19,88.23792427539826
2024-12-17,DO 0.001%,89.99,88.73169119596481
2024-12-17,DO 0.05%,89.32,88.76307322025299
2024-12-18,DO 0.001%,89.79,88.2029516029358
2024-12-18,DO 0.05%,89.12,88.59822947502137
2024-12-19,DO 0.001%,89.87,87.95033748865129
2024-12-19,DO 0.05%,89.2,87.83445415019989
2024-12-20,DO 0.001%,89.1,88.84046125888825
2024-12-20,DO 0.05%,88.43,88.43898195505142
2024-12-23,DO 0.001%,89.97,89.03194373846054
2024-12-23,DO 0.05%,89.3,88.82788313627243
2024-12-24,DO 0.001%,89.01,89.0513852262497
2024-12-24,DO 0.05%,88.32,89.09557445526123
2024-12-26,DO 0.001%,89.2,89.33386597394944
2024-12-26,DO 0.05%,88.48,89.28094811439514
2024-12-27,DO 0.001%,89.02,89.19350740671159
2024-12-27,DO 0.05%,88.31,88.77995568752289
2024-12-30,DO 0.001%,90.69,89.40950306653977
2024-12-30,DO 0.05%,89.98,89.17328591108323
2024-12-31,DO 0.001%,91.85,87.70165758848191
2024-12-31,DO 0.05%,91.14,88.81416873693466
2025-01-02,DO 0.001%,92.29,88.96555257081987
2025-01-02,DO 0.05%,91.58,88.9042294049263
2025-01-03,DO 0.001%,93.47,88.51275270223618
2025-01-03,DO 0.05%,92.76,89.33160593748093
2025-01-06,DO 0.001%,92.73,88.75163359165192
2025-01-06,DO 0.05%,92.07,89.31121150016784
2025-01-07,DO 0.001%,92.39,88.55094692945481
2025-01-07,DO 0.05%,91.74,88.41133430957794
2025-01-08,DO 0.001%,93.58,88.05671780347825
2025-01-08,DO 0.05%,92.94,88.18964250326157
2025-01-09,DO 0.001%,92.36,88.31396531581879
2025-01-09,DO 0.05%,91.75,88.63952899217605
2025-01-10,DO 0.001%,94.09,87.44307953953744
2025-01-10,DO 0.05%,93.54,87.16006732106209
2025-01-13,DO 0.001%,99.13,87.28662408828735
2025-01-13,DO 0.05%,98.56,88.27977612018586
2025-01-14,DO 0.001%,96.7,88.47311836481094
2025-01-14,DO 0.05%,96.18,88.29355304718018
2025-01-15,DO 0.001%,97.61,88.24869075536729
2025-01-15,DO 0.05%,97.09,89.29832038164139
2025-01-16,DO 0.001%,99.56,89.10385532855989
2025-01-16,DO 0.05%,99.01,89.60815534114838
2025-01-17,DO 0.001%,100.19,88.6962206554413
2025-01-17,DO 0.05%,99.55,89.66330473423004
2025-01-20,DO 0.001%,99.77,88.39938054800034
2025-01-20,DO 0.05%,99.02,88.71952270746232
2025-01-21,DO 0.001%,97.7,88.16143886089326
2025-01-21,DO 0.05%,96.95,88.2887801027298
2025-01-22,DO 0.001%,96.85,89.17266755104066
2025-01-22,DO 0.05%,96.1,88.12985564231873
2025-01-23,DO 0.001%,95.61,88.46250537872315
2025-01-23,DO 0.05%,94.86,87.67610285997391
2025-01-24,DO 0.001%,95.03,88.40773944854737
2025-01-24,DO 0.05%,94.25,88.9848692393303
2025-01-27,DO 0.001%,93.29,89.36469268083573
2025-01-27,DO 0.05%,92.63,89.70060248136521
2025-01-28,DO 0.001%,93.0,88.12884854078294
2025-01-28,DO 0.05%,92.41,88.316396484375
2025-01-29,DO 0.001%,93.0,87.6442618918419
2025-01-29,DO 0.05%,92.41,86.84330221295357
2025-01-30,DO 0.001%,93.0,88.60734081029892
2025-01-30,DO 0.05%,92.41,88.30577720403672
2025-01-31,DO 0.001%,92.89,88.83662096500397
2025-01-31,DO 0.05%,92.3,88.60844232559204
2025-02-03,DO 0.001%,93.44,88.53665018320085
2025-02-03,DO 0.05%,93.07,88.49277658224106
2025-02-04,DO 0.001%,91.37,88.84586688995363
2025-02-04,DO 0.05%,90.89,89.28023946762085
2025-02-05,DO 0.001%,92.1,88.40052846193315
2025-02-05,DO 0.05%,91.55,88.99569694519043
2025-02-06,DO 0.001%,90.63,89.2775973200798
2025-02-06,DO 0.05%,89.93,88.64361413240432
2025-02-07,DO 0.001%,91.48,88.05369148492814
2025-02-07,DO 0.05%,90.71,88.15250107526779
2025-02-10,DO 0.001%,91.81,87.40981090664864
2025-02-10,DO 0.05%,90.82,87.27691587924957
2025-02-11,DO 0.001%,93.28,87.97700039863587
2025-02-11,DO 0.05%,92.29,88.14723833084106
2025-02-12,DO 0.001%,93.87,88.0631043791771
2025-02-12,DO 0.05%,92.66,87.82307411670685
2025-02-13,DO 0.001%,91.99,87.8295769429207
2025-02-13,DO 0.05%,90.8,87.41531563639641
2025-02-14,DO 0.001%,92.42,86.71026693820954
2025-02-14,DO 0.05%,91.18,85.39292111277581
2025-02-17,DO 0.001%,91.92,87.16187193274499
2025-02-17,DO 0.05%,90.65,86.9528923523426
2025-02-18,DO 0.001%,92.16,86.92902280926705
2025-02-18,DO 0.05%,90.84,86.97491771936417
2025-02-19,DO 0.001%,92.75,86.90038235664369
2025-02-19,DO 0.05%,91.38,87.35465859889985
2025-02-20,DO 0.001%,93.2,86.52264040589333
2025-02-20,DO 0.05%,91.89,86.42289751410485
2025-02-21,DO 0.001%,93.22,87.16104752182962
2025-02-21,DO 0.05%,91.92,86.91180647134782
2025-02-24,DO 0.001%,90.82,87.05701521277429
2025-02-24,DO 0.05%,89.51,86.82732118606567
2025-02-25,DO 0.001%,91.2,87.1213140463829
2025-02-25,DO 0.05%,89.99,87.5613125038147
2025-02-26,DO 0.001%,89.16,86.83790974974633
2025-02-26,DO 0.05%,87.84,86.79433784723282
2025-02-27,DO 0.001%,88.2,86.91377642512322
2025-02-27,DO 0.05%,86.84,87.50713228940964
2025-02-28,DO 0.001%,89.1,86.66767411351205
2025-02-28,DO 0.05%,87.74,87.60207011461259
2025-03-03,DO 0.001%,88.65,87.49664016008377
2025-03-03,DO 0.05%,87.29,87.81747789144517
2025-03-04,DO 0.001%,86.88,86.4627714765072
2025-03-04,DO 0.05%,85.44,87.50856000423431
2025-03-05,DO 0.001%,86.92,85.88633084177971
2025-03-05,DO 0.05%,85.41,86.89203731060029
2025-03-06,DO 0.001%,86.06,86.07759939193726
2025-03-06,DO 0.05%,84.55,87.26059095025063
2025-03-07,DO 0.001%,86.13,85.46843799233437
2025-03-07,DO 0.05%,84.64,86.36256353616714
2025-01-13,DO 0.001%,99.13,94.95563704490662
2025-01-13,DO 0.05%,98.56,94.7207621240616
2025-01-14,DO 0.001%,96.7,94.17809362173081
2025-01-14,DO 0.05%,96.18,93.69983609676362
2025-01-15,DO 0.001%,97.61,94.84051189422608
2025-01-15,DO 0.05%,97.09,94.38964917182923
2025-01-16,DO 0.001%,99.56,94.53513413190842
2025-01-16,DO 0.05%,99.01,94.22433801412583
2025-01-17,DO 0.001%,100.19,94.73149968266488
2025-01-17,DO 0.05%,99.55,94.60450349807739
2025-01-20,DO 0.001%,99.77,95.1935930144787
2025-01-20,DO 0.05%,99.02,95.01107416391373
2025-01-21,DO 0.001%,97.7,95.11810662865639
2025-01-21,DO 0.05%,96.95,95.1698732328415
2025-01-22,DO 0.001%,96.85,95.5654279589653
2025-01-22,DO 0.05%,96.1,95.65729861736298
2025-01-23,DO 0.001%,95.61,95.15011824011803
2025-01-23,DO 0.05%,94.86,95.10300166368485
2025-01-24,DO 0.001%,95.03,95.25256885647774
2025-01-24,DO 0.05%,94.25,95.24445003032685
2025-01-27,DO 0.001%,93.29,94.64416877627373
2025-01-27,DO 0.05%,92.63,94.76875532627106
2025-01-28,DO 0.001%,93.0,94.07323708713055
2025-01-28,DO 0.05%,92.41,94.13290115118028
2025-01-29,DO 0.001%,93.0,93.7515058106184
2025-01-29,DO 0.05%,92.41,93.59259849786758
2025-01-30,DO 0.001%,93.0,94.67182842373849
2025-01-30,DO 0.05%,92.41,94.58391905307771
2025-01-31,DO 0.001%,92.89,95.38845556735993
2025-01-31,DO 0.05%,92.3,95.92877689361573
2025-02-03,DO 0.001%,93.44,94.96971362948418
2025-02-03,DO 0.05%,93.07,95.36738800764084
2025-02-04,DO 0.001%,91.37,94.37365159153939
2025-02-04,DO 0.05%,90.89,94.72745262622834
2025-02-05,DO 0.001%,92.1,93.39930517792702
2025-02-05,DO 0.05%,91.55,93.86997556686401
2025-02-06,DO 0.001%,90.63,93.78972009241582
2025-02-06,DO 0.05%,89.93,94.44400950193406
2025-02-07,DO 0.001%,91.48,93.5472943866253
2025-02-07,DO 0.05%,90.71,93.86332966804505
2025-02-10,DO 0.001%,91.81,93.17191505908967
2025-02-10,DO 0.05%,90.82,93.54990194320679
2025-02-11,DO 0.001%,93.28,92.79175754427911
2025-02-11,DO 0.05%,92.29,93.03458274006844
2025-02-12,DO 0.001%,93.87,92.66073875188827
2025-02-12,DO 0.05%,92.66,92.77911706566812
2025-02-13,DO 0.001%,91.99,91.6330527383089
2025-02-13,DO 0.05%,90.8,92.10938107252122
2025-02-14,DO 0.001%,92.42,90.95368087410927
2025-02-14,DO 0.05%,91.18,90.71254360556603
2025-02-17,DO 0.001%,91.92,90.41667319297791
2025-02-17,DO 0.05%,90.65,89.88339524745942
2025-02-18,DO 0.001%,92.16,91.0624687576294
2025-02-18,DO 0.05%,90.84,91.02022307395936
2025-02-19,DO 0.001%,92.75,91.2422788989544
2025-02-19,DO 0.05%,91.38,90.95090947151185
2025-02-20,DO 0.001%,93.2,91.36678096175194
2025-02-20,DO 0.05%,91.89,91.55215144872666
2025-02-21,DO 0.001%,93.22,90.65949147284032
2025-02-21,DO 0.05%,91.92,90.62788087606431
2025-02-24,DO 0.001%,90.82,91.07447591602802
2025-02-24,DO 0.05%,89.51,90.27272671937943
2025-02-25,DO 0.001%,91.2,91.06285011529923
2025-02-25,DO 0.05%,89.99,90.5457103586197
2025-02-26,DO 0.001%,89.16,91.46182875275612
2025-02-26,DO 0.05%,87.84,90.86978713274003
2025-02-27,DO 0.001%,88.2,91.09823786377908
2025-02-27,DO 0.05%,86.84,90.62415649652482
2025-02-28,DO 0.001%,89.1,91.2405908304453
2025-02-28,DO 0.05%,87.74,90.51829602599145
2025-03-03,DO 0.001%,88.65,91.30405884146691
2025-03-03,DO 0.05%,87.29,90.97211278796196
2025-03-04,DO 0.001%,86.88,91.68905062556267
2025-03-04,DO 0.05%,85.44,91.15587858080865
2025-03-05,DO 0.001%,86.92,91.46544043421746
2025-03-05,DO 0.05%,85.41,91.04394647955895
2025-03-06,DO 0.001%,86.06,92.17783338606358
2025-03-06,DO 0.05%,84.55,92.01808359503747
2025-03-07,DO 0.001%,86.13,91.88482170701027
2025-03-07,DO 0.05%,84.64,91.24784510850907
2025-03-10,DO 0.001%,86.32,91.55107766389847
2025-03-10,DO 0.05%,84.73,91.08152480006218
2025-03-11,DO 0.001%,85.24,91.45320894777775
2025-03-11,DO 0.05%,83.65,90.9057485818863
2025-03-12,DO 0.001%,85.54,91.20531524598599
2025-03-12,DO 0.05%,83.95,90.67273511767388
2025-03-13,DO 0.001%,85.81,91.43322131931782
2025-03-13,DO 0.05%,84.48,91.00519174575807
2025-03-14,DO 0.001%,84.93,89.36588139116765
2025-03-14,DO 0.05%,83.65,88.53622918367387
2025-03-17,DO 0.001%,85.55,90.0343789535761
2025-03-17,DO 0.05%,84.27,89.27633253335954
2025-03-18,DO 0.001%,86.01,90.4888675647974
2025-03-18,DO 0.05%,84.73,89.86461723804474
2025-03-19,DO 0.001%,84.83,90.57874459445478
2025-03-19,DO 0.05%,83.55,90.21141384243965
2025-03-20,DO 0.001%,86.18,90.19704482436181
2025-03-20,DO 0.05%,84.93,89.67912864089013
2025-03-21,DO 0.001%,86.73,89.21417955338956
2025-03-21,DO 0.05%,85.57,88.52225160956384
2025-03-24,DO 0.001%,86.77,89.25489509284496
2025-03-24,DO 0.05%,85.61,88.45414229750634
2025-03-25,DO 0.001%,87.09,89.57845464289188
2025-03-25,DO 0.05%,85.95,89.04176352739334
2025-03-26,DO 0.001%,87.88,88.806311917305
2025-03-26,DO 0.05%,86.74,88.08147017598152
2025-03-27,DO 0.001%,87.83,89.18304842948913
2025-03-27,DO 0.05%,86.58,88.47231258630754
2025-03-28,DO 0.001%,88.19,88.10457454741001
2025-03-28,DO 0.05%,86.85,86.80889763593675
2025-03-31,DO 0.001%,88.19,88.73853119969368
2025-03-31,DO 0.05%,86.85,87.41044068574907
2025-04-01,DO 0.001%,89.19,88.85455927073956
2025-04-01,DO 0.05%,87.87,87.87448834061624
2025-04-02,DO 0.001%,88.8,88.58496743917466
2025-04-02,DO 0.05%,87.49,87.5448974776268
2025-04-03,DO 0.001%,87.2,88.0866114795208
2025-04-03,DO 0.05%,85.92,86.90076938152313
2025-04-04,DO 0.001%,82.67,88.61713608026506
2025-04-04,DO 0.05%,81.53,87.4834117627144
2025-02-10,DO 0.001%,91.81,91.89670111179352
2025-02-10,DO 0.05%,90.82,90.85078062653541
2025-02-11,DO 0.001%,93.28,92.44110288619996
2025-02-11,DO 0.05%,92.29,91.27850761651992
2025-02-12,DO 0.001%,93.87,91.69928308486939
2025-02-12,DO 0.05%,92.66,91.00812749624252
2025-02-13,DO 0.001%,91.99,91.86649352550506
2025-02-13,DO 0.05%,90.8,91.30487086772918
2025-02-14,DO 0.001%,92.42,91.15272206783295
2025-02-14,DO 0.05%,91.18,91.64516010165214
2025-02-17,DO 0.001%,91.92,91.73424536705018
2025-02-17,DO 0.05%,90.65,91.06033495187759
2025-02-18,DO 0.001%,92.16,92.39815794944764
2025-02-18,DO 0.05%,90.84,90.77467539191245
2025-02-19,DO 0.001%,92.75,91.11082948923111
2025-02-19,DO 0.05%,91.38,92.05770497322082
2025-02-20,DO 0.001%,93.2,91.57060094833375
2025-02-20,DO 0.05%,91.89,91.20585188031195
2025-02-21,DO 0.001%,93.22,91.90503273487091
2025-02-21,DO 0.05%,91.92,90.80952722072601
2025-02-24,DO 0.001%,90.82,91.83548985481262
2025-02-24,DO 0.05%,89.51,93.38968715429306
2025-02-25,DO 0.001%,91.2,92.50113637447357
2025-02-25,DO 0.05%,89.99,91.76341626048088
2025-02-26,DO 0.001%,89.16,91.32832956314087
2025-02-26,DO 0.05%,87.84,91.6641701900959
2025-02-27,DO 0.001%,88.2,92.61266452789307
2025-02-27,DO 0.05%,86.84,92.73731022834777
2025-02-28,DO 0.001%,89.1,93.21402450561524
2025-02-28,DO 0.05%,87.74,92.90090728640556
2025-03-03,DO 0.001%,88.65,92.56551015853883
2025-03-03,DO 0.05%,87.29,92.05435279607772
2025-03-04,DO 0.001%,86.88,93.48473682403565
2025-03-04,DO 0.05%,85.44,92.53192990422248
2025-03-05,DO 0.001%,86.92,93.47407147407532
2025-03-05,DO 0.05%,85.41,92.47212057590484
2025-03-06,DO 0.001%,86.06,92.98488306045533
2025-03-06,DO 0.05%,84.55,91.48200639605521
2025-03-07,DO 0.001%,86.13,94.26011212825776
2025-03-07,DO 0.05%,84.64,92.22093437314032
2025-03-10,DO 0.001%,86.32,93.66877408981324
2025-03-10,DO 0.05%,84.73,93.22052115678787
2025-03-11,DO 0.001%,85.24,93.15959632396698
2025-03-11,DO 0.05%,83.65,91.73168952584265
2025-03-12,DO 0.001%,85.54,93.98702246189117
2025-03-12,DO 0.05%,83.95,92.1807947552204
2025-03-13,DO 0.001%,85.81,92.76857711315155
2025-03-13,DO 0.05%,84.48,91.88573828577995
2025-03-14,DO 0.001%,84.93,93.24732918739319
2025-03-14,DO 0.05%,83.65,91.69149584054946
2025-03-17,DO 0.001%,85.55,93.37184551239014
2025-03-17,DO 0.05%,84.27,91.43868761658668
2025-03-18,DO 0.001%,86.01,93.17112318992615
2025-03-18,DO 0.05%,84.73,90.93306035518646
2025-03-19,DO 0.001%,84.83,93.0841427898407
2025-03-19,DO 0.05%,83.55,92.35414556741713
2025-03-20,DO 0.001%,86.18,92.51606568336487
2025-03-20,DO 0.05%,84.93,92.46931988596916
2025-03-21,DO 0.001%,86.73,92.81419384002686
2025-03-21,DO 0.05%,85.57,92.55180507063865
2025-03-24,DO 0.001%,86.77,92.88914573192596
2025-03-24,DO 0.05%,85.61,93.62542090177536
2025-03-25,DO 0.001%,87.09,93.12858174800873
2025-03-25,DO 0.05%,85.95,91.62051619291304
2025-03-26,DO 0.001%,87.88,92.34673962116241
2025-03-26,DO 0.05%,86.74,92.56082350850104
2025-03-27,DO 0.001%,87.83,93.55660252571106
2025-03-27,DO 0.05%,86.58,90.75097225546837
2025-03-28,DO 0.001%,88.19,92.10670381546021
2025-03-28,DO 0.05%,86.85,90.78704600691795
2025-03-31,DO 0.001%,88.19,94.03471118927003
2025-03-31,DO 0.05%,86.85,91.79288297891617
2025-04-01,DO 0.001%,89.19,91.80770323753357
2025-04-01,DO 0.05%,87.87,92.63405235886573
2025-04-02,DO 0.001%,88.8,92.62006920337677
2025-04-02,DO 0.05%,87.49,91.40722040534018
2025-04-03,DO 0.001%,87.2,93.32316440582275
2025-04-03,DO 0.05%,85.92,91.97193249225616
2025-04-04,DO 0.001%,82.67,92.692229347229
2025-04-04,DO 0.05%,81.53,91.03415552973746
2025-04-07,DO 0.001%,78.22,92.40782001495361
2025-04-07,DO 0.05%,76.97,92.96653426408767
2025-04-08,DO 0.001%,79.52,92.28425244808197
2025-04-08,DO 0.05%,78.31,91.61095708131789
2025-04-09,DO 0.001%,75.9,92.21805748462677
2025-04-09,DO 0.05%,74.69,91.47154976606369
2025-04-10,DO 0.001%,78.98,92.06502388954164
2025-04-10,DO 0.05%,77.7,90.8160153055191
2025-04-11,DO 0.001%,78.55,92.67009165763855
2025-04-11,DO 0.05%,77.27,90.97926633238792
2025-04-14,DO 0.001%,79.97,92.7281294822693
2025-04-14,DO 0.05%,78.69,90.42070711255073
2025-04-15,DO 0.001%,80.72,93.06190695285798
2025-04-15,DO 0.05%,79.43,90.95439534068107
2025-04-16,DO 0.001%,80.93,91.76523813247681
2025-04-16,DO 0.05%,79.51,92.24293979406356
2025-04-17,DO 0.001%,81.93,91.78805194854736
2025-04-17,DO 0.05%,80.56,91.76381635904312
2025-04-21,DO 0.001%,81.89,92.12066255569458
2025-04-21,DO 0.05%,80.41,89.78416652023792
2025-04-22,DO 0.001%,82.08,91.29253302812576
2025-04-22,DO 0.05%,80.59,91.87477342247962
2025-04-23,DO 0.001%,83.43,91.26837241172791
2025-04-23,DO 0.05%,82.05,90.95615793704987
2025-04-24,DO 0.001%,81.85,91.91836987495422
2025-04-24,DO 0.05%,80.45,89.75844667077064
2025-04-25,DO 0.001%,82.61,91.66643642425538
2025-04-25,DO 0.05%,81.23,91.11574319601058
2025-04-25,DO 0.001%,82.61,91.09772681236268
2025-04-25,DO 0.05%,81.23,91.22853855013847
2025-04-25,DO 0.001%,82.61,92.77835913658143
2025-04-25,DO 0.05%,81.23,91.02340693593024
2025-04-25,DO 0.001%,82.61,92.3874925994873
2025-04-25,DO 0.05%,81.23,89.578429351449
2025-04-28,DO 0.001%,82.54,92.25823248386384
2025-04-28,DO 0.05%,81.26,92.5410132229328
2025-04-29,DO 0.001%,81.26,92.26719661235809
2025-04-29,DO 0.05%,80.28,89.76828693270683
2025-04-30,DO 0.001%,79.02,92.5061527967453
2025-04-30,DO 0.05%,77.86,88.53888137221335
2025-03-10,DO 0.001%,86.32,86.97838266849517
2025-03-10,DO 0.05%,84.73,82.91497960090638
2025-03-11,DO 0.001%,85.24,87.64737164497375
2025-03-11,DO 0.05%,83.65,82.8215170955658
2025-03-12,DO 0.001%,85.54,86.54779468417168
2025-03-12,DO 0.05%,83.95,81.41656768798828
2025-03-13,DO 0.001%,85.81,87.9636926651001
2025-03-13,DO 0.05%,84.48,83.8245010471344
2025-03-14,DO 0.001%,84.93,86.88266906976699
2025-03-14,DO 0.05%,83.65,82.19304909706116
2025-03-17,DO 0.001%,85.55,87.16002494215965
2025-03-17,DO 0.05%,84.27,82.87356066703796
2025-03-18,DO 0.001%,86.01,87.11213734030723
2025-03-18,DO 0.05%,84.73,81.22063241958618
2025-03-19,DO 0.001%,84.83,88.36046978473662
2025-03-19,DO 0.05%,83.55,83.13321853637696
2025-03-20,DO 0.001%,86.18,87.66060644745826
2025-03-20,DO 0.05%,84.93,82.40451268196107
2025-03-21,DO 0.001%,86.73,86.91615137457848
2025-03-21,DO 0.05%,85.57,81.37038128852845
2025-03-24,DO 0.001%,86.77,88.5479131937027
2025-03-24,DO 0.05%,85.61,81.41796009063721
2025-03-25,DO 0.001%,87.09,87.96379534006118
2025-03-25,DO 0.05%,85.95,82.3083511352539
2025-03-26,DO 0.001%,87.88,86.36093652248383
2025-03-26,DO 0.05%,86.74,79.89340026855469
2025-03-27,DO 0.001%,87.83,87.57739865899086
2025-03-27,DO 0.05%,86.58,80.49379823684693
2025-03-28,DO 0.001%,88.19,85.99805240750312
2025-03-28,DO 0.05%,86.85,80.12625943183899
2025-03-31,DO 0.001%,88.19,86.96010652542114
2025-03-31,DO 0.05%,86.85,81.81788234710693
2025-04-01,DO 0.001%,89.19,86.84651721596717
2025-04-01,DO 0.05%,87.87,82.08250443458557
2025-04-02,DO 0.001%,88.8,86.77795087695121
2025-04-02,DO 0.05%,87.49,81.09568446159363
2025-04-03,DO 0.001%,87.2,87.0153353869915
2025-04-03,DO 0.05%,85.92,79.99398118019104
2025-04-04,DO 0.001%,82.67,85.98920695960521
2025-04-04,DO 0.05%,81.53,79.53731851577759
2025-04-07,DO 0.001%,78.22,86.80377362966537
2025-04-07,DO 0.05%,76.97,79.60054671287537
2025-04-08,DO 0.001%,79.52,85.79647065639496
2025-04-08,DO 0.05%,78.31,78.31642859458924
2025-04-09,DO 0.001%,75.9,86.09219507932663
2025-04-09,DO 0.05%,74.69,77.76762519836426
2025-04-10,DO 0.001%,78.98,87.37194606184958
2025-04-10,DO 0.05%,77.7,79.18110054969787
2025-04-11,DO 0.001%,78.55,87.31027948021888
2025-04-11,DO 0.05%,77.27,79.78637697219848
2025-04-14,DO 0.001%,79.97,86.03143717110157
2025-04-14,DO 0.05%,78.69,78.36422432899475
2025-04-15,DO 0.001%,80.72,86.8987377011776
2025-04-15,DO 0.05%,79.43,79.56790092468262
2025-04-16,DO 0.001%,80.93,87.75914360761642
2025-04-16,DO 0.05%,79.51,80.74665553092957
2025-04-17,DO 0.001%,81.93,86.55633724093437
2025-04-17,DO 0.05%,80.56,79.59052746772767
2025-04-21,DO 0.001%,81.89,86.76016757369041
2025-04-21,DO 0.05%,80.41,79.30530185699463
2025-04-22,DO 0.001%,82.08,86.47017241358756
2025-04-22,DO 0.05%,80.59,77.51115068435669
2025-04-23,DO 0.001%,83.43,86.28264686465263
2025-04-23,DO 0.05%,82.05,79.1377746295929
2025-04-24,DO 0.001%,81.85,86.04476438105105
2025-04-24,DO 0.05%,80.45,78.46623295783996
2025-04-25,DO 0.001%,82.61,86.22901973247528
2025-04-25,DO 0.05%,81.23,78.30439641952515
2025-04-25,DO 0.001%,82.61,86.70401463747024
2025-04-25,DO 0.05%,81.23,79.34553018569946
2025-04-25,DO 0.001%,82.61,85.50340038120746
2025-04-25,DO 0.05%,81.23,77.89010618209839
2025-04-25,DO 0.001%,82.61,86.4262172627449
2025-04-25,DO 0.05%,81.23,79.62144284248352
2025-04-28,DO 0.001%,82.54,86.1550732254982
2025-04-28,DO 0.05%,81.26,80.47627212524414
2025-04-29,DO 0.001%,81.26,86.30014267802238
2025-04-29,DO 0.05%,80.28,77.52876255989075
2025-04-30,DO 0.001%,79.02,85.53756034076213
2025-04-30,DO 0.05%,77.86,78.11971136093139
2025-05-01,DO 0.001%,79.02,87.38742944598198
2025-05-01,DO 0.05%,77.86,79.8249606513977
2025-05-02,DO 0.001%,78.35,86.39038370132445
2025-05-02,DO 0.05%,77.24,79.87737754821778
2025-05-05,DO 0.001%,76.5,85.56840903282165
2025-05-05,DO 0.05%,75.37,78.55949871063233
2025-05-06,DO 0.001%,77.7,86.65960771679877
2025-05-06,DO 0.05%,76.98,78.9790911769867
2025-05-07,DO 0.001%,78.59,87.7064610850811
2025-05-07,DO 0.05%,77.96,80.81874768257141
2025-05-08,DO 0.001%,77.13,86.8999903357029
2025-05-08,DO 0.05%,76.33,80.80727549552917
2025-05-09,DO 0.001%,78.92,86.41577521920203
2025-05-09,DO 0.05%,78.13,79.3691102218628
2025-05-12,DO 0.001%,78.92,86.26543854117394
2025-05-12,DO 0.05%,78.13,78.78961847305298
2025-05-13,DO 0.001%,80.87,87.11668584108352
2025-05-13,DO 0.05%,80.14,78.96236216545105
2025-05-14,DO 0.001%,82.49,86.73909867167472
2025-05-14,DO 0.05%,81.85,79.6286217880249
2025-05-15,DO 0.001%,80.85,86.56473605275154
2025-05-15,DO 0.05%,80.21,78.27144289016724
2025-05-16,DO 0.001%,80.48,86.10593298912048
2025-05-16,DO 0.05%,80.01,80.29663200378418
2025-05-19,DO 0.001%,80.33,85.4580796533823
2025-05-19,DO 0.05%,79.99,78.02864520072937
2025-05-20,DO 0.001%,80.35,85.59597212612628
2025-05-20,DO 0.05%,80.01,79.78726992607116
2025-05-21,DO 0.001%,80.86,84.86259568154811
2025-05-21,DO 0.05%,80.52,77.7897573375702
2025-05-22,DO 0.001%,78.91,85.82046066105366
2025-05-22,DO 0.05%,78.62,78.73470433235168
2025-05-23,DO 0.001%,78.34,84.9823557561636
2025-05-23,DO 0.05%,78.09,76.87635633468628
2025-05-26,DO 0.001%,79.19,85.17958408892154
2025-05-26,DO 0.05%,78.96,77.11936591148377
2025-05-27,DO 0.001%,79.08,86.57296031713486
2025-05-27,DO 0.05%,78.83,79.5935342502594
2025-05-28,DO 0.001%,78.91,85.08697640776634
2025-05-28,DO 0.05%,78.75,77.06322585105896
2025-04-07,DO 0.001%,78.22,81.12003506481648
2025-04-07,DO 0.05%,76.97,81.01916720926762
2025-04-08,DO 0.001%,79.52,80.7506389015913
2025-04-08,DO 0.05%,78.31,80.01444207727909
2025-04-09,DO 0.001%,75.9,80.98492750406265
2025-04-09,DO 0.05%,74.69,80.32116820752621
2025-04-10,DO 0.001%,78.98,80.2049017238617
2025-04-10,DO 0.05%,77.7,79.54205817818642
2025-04-11,DO 0.001%,78.55,79.58394601464272
2025-04-11,DO 0.05%,77.27,78.23642381727696
2025-04-14,DO 0.001%,79.97,78.33042536854744
2025-04-14,DO 0.05%,78.69,78.57944605112075
2025-04-15,DO 0.001%,80.72,78.90329344928264
2025-04-15,DO 0.05%,79.43,77.62716536283493
2025-04-16,DO 0.001%,80.93,78.09890110254288
2025-04-16,DO 0.05%,79.51,77.6918753528595
2025-04-17,DO 0.001%,81.93,78.40364825606346
2025-04-17,DO 0.05%,80.56,78.07931402623653
2025-04-21,DO 0.001%,81.89,77.348263027668
2025-04-21,DO 0.05%,80.41,76.92244072079659
2025-04-22,DO 0.001%,82.08,78.42811337292194
2025-04-22,DO 0.05%,80.59,78.15502121567727
2025-04-23,DO 0.001%,83.43,77.45556461572647
2025-04-23,DO 0.05%,82.05,76.89717583358288
2025-04-24,DO 0.001%,81.85,78.30705416023731
2025-04-24,DO 0.05%,80.45,76.56896069943905
2025-04-25,DO 0.001%,82.61,78.02534807145595
2025-04-25,DO 0.05%,81.23,76.43293656826019
2025-04-25,DO 0.001%,82.61,78.85173192203045
2025-04-25,DO 0.05%,81.23,76.79170865774155
2025-04-25,DO 0.001%,82.61,77.75752772271633
2025-04-25,DO 0.05%,81.23,76.00255390405655
2025-04-25,DO 0.001%,82.61,78.41581922054291
2025-04-25,DO 0.05%,81.23,76.44438570737839
2025-04-28,DO 0.001%,82.54,77.91129578649998
2025-04-28,DO 0.05%,81.26,76.80340077519416
2025-04-29,DO 0.001%,81.26,77.87913881719112
2025-04-29,DO 0.05%,80.28,76.30389563441277
2025-04-30,DO 0.001%,79.02,77.62353870809078
2025-04-30,DO 0.05%,77.86,76.40380346596241
2025-05-01,DO 0.001%,79.02,78.36878608047962
2025-05-01,DO 0.05%,77.86,77.11035044550896
2025-05-02,DO 0.001%,78.35,78.05173984706401
2025-05-02,DO 0.05%,77.24,76.572503323555
2025-05-05,DO 0.001%,76.5,77.48545492768288
2025-05-05,DO 0.05%,75.37,76.14114388644695
2025-05-06,DO 0.001%,77.7,77.61439816594124
2025-05-06,DO 0.05%,76.98,76.09907947719097
2025-05-07,DO 0.001%,78.59,77.80917301774025
2025-05-07,DO 0.05%,77.96,75.68898550391198
2025-05-08,DO 0.001%,77.13,77.69704739153386
2025-05-08,DO 0.05%,76.33,76.00272884845734
2025-05-09,DO 0.001%,78.92,77.20128015339375
2025-05-09,DO 0.05%,78.13,75.54140532314777
2025-05-12,DO 0.001%,78.92,76.30658122122288
2025-05-12,DO 0.05%,78.13,74.9768548822403
2025-05-13,DO 0.001%,80.87,77.26957059741021
2025-05-13,DO 0.05%,80.14,75.72375570356846
2025-05-14,DO 0.001%,82.49,76.93735254228115
2025-05-14,DO 0.05%,81.85,75.50770422816277
2025-05-15,DO 0.001%,80.85,77.6778842818737
2025-05-15,DO 0.05%,80.21,75.54163372278214
2025-05-16,DO 0.001%,80.48,77.18113154053688
2025-05-16,DO 0.05%,80.01,75.39599736869336
2025-05-19,DO 0.001%,80.33,76.04644286990165
2025-05-19,DO 0.05%,79.99,74.40793083131314
2025-05-20,DO 0.001%,80.35,76.29441518425942
2025-05-20,DO 0.05%,80.01,74.4821364146471
2025-05-21,DO 0.001%,80.86,75.36192220449448
2025-05-21,DO 0.05%,80.52,73.17802309811115
2025-05-22,DO 0.001%,78.91,74.85480689704418
2025-05-22,DO 0.05%,78.62,72.66211206018924
2025-05-23,DO 0.001%,78.34,76.26480574071408
2025-05-23,DO 0.05%,78.09,74.18012406408786
2025-05-26,DO 0.001%,79.19,75.76804807186127
2025-05-26,DO 0.05%,78.96,73.20539703726769
2025-05-27,DO 0.001%,79.08,75.57608683168888
2025-05-27,DO 0.05%,78.83,73.4319937723875
2025-05-28,DO 0.001%,78.91,76.17831305265427
2025-05-28,DO 0.05%,78.75,73.78239282846451
2025-05-29,DO 0.001%,80.62,75.82070350766182
2025-05-29,DO 0.05%,80.46,73.14662543773652
2025-05-30,DO 0.001%,78.82,75.3861655831337
2025-05-30,DO 0.05%,78.57,72.9313903695345
2025-06-02,DO 0.001%,80.02,75.54379681944847
2025-06-02,DO 0.05%,79.74,73.81403346717357
2025-06-03,DO 0.001%,80.23,74.92454603075981
2025-06-03,DO 0.05%,79.96,72.54287773191929
2025-06-04,DO 0.001%,81.26,74.53585371494293
2025-06-04,DO 0.05%,81.01,72.23802739441395
2025-06-05,DO 0.001%,80.43,74.92138256549835
2025-06-05,DO 0.05%,80.17,72.88978275954723
2025-06-06,DO 0.001%,81.04,74.60279894709588
2025-06-06,DO 0.05%,80.73,72.67173886179924
2025-06-09,DO 0.001%,82.35,73.50886576116085
2025-06-09,DO 0.05%,82.01,71.70468509078026
2025-06-10,DO 0.001%,82.73,74.90853653132916
2025-06-10,DO 0.05%,82.43,72.65303924918175
2025-06-11,DO 0.001%,82.51,74.00105562269688
2025-06-11,DO 0.05%,82.19,72.00288754105569
2025-06-12,DO 0.001%,84.64,74.3430055218935
2025-06-12,DO 0.05%,84.32,72.52166572332382
2025-06-13,DO 0.001%,88.37,73.96138419151306
2025-06-13,DO 0.05%,88.02,72.18030060172082
2025-06-16,DO 0.001%,90.66,73.81178480625152
2025-06-16,DO 0.05%,90.28,72.08225398421288
2025-06-17,DO 0.001%,91.64,74.6202275711298
2025-06-17,DO 0.05%,91.18,72.75716518461704
2025-06-18,DO 0.001%,94.52,74.0090037059784
2025-06-18,DO 0.05%,93.98,72.70017704606056
2025-06-19,DO 0.001%,98.07,73.43907735228538
2025-06-19,DO 0.05%,97.51,72.20419995069504
2025-06-20,DO 0.001%,97.82,73.70321684658528
2025-06-20,DO 0.05%,97.26,72.72882905125618
2025-06-23,DO 0.001%,94.73,74.59261377155781
2025-06-23,DO 0.05%,94.04,72.22968837797642
2025-06-24,DO 0.001%,86.85,74.08349789261818
2025-06-24,DO 0.05%,86.16,71.69641410827637
2025-06-25,DO 0.001%,87.73,73.72120720744134
2025-06-25,DO 0.05%,87.11,71.96443378984928
2025-05-01,DO 0.001%,79.02,78.82826227784156
2025-05-01,DO 0.05%,77.86,76.87618842720985
2025-05-02,DO 0.001%,78.35,78.83038175940513
2025-05-02,DO 0.05%,77.24,76.79449147343635
2025-05-05,DO 0.001%,76.5,78.16870316505431
2025-05-05,DO 0.05%,75.37,76.99210677027702
2025-05-06,DO 0.001%,77.7,77.08471551418305
2025-05-06,DO 0.05%,76.98,76.52479499697685
2025-05-07,DO 0.001%,78.59,77.39073568224906
2025-05-07,DO 0.05%,77.96,76.7834695315361
2025-05-08,DO 0.001%,77.13,76.41955155014992
2025-05-08,DO 0.05%,76.33,75.87692757248878
2025-05-09,DO 0.001%,78.92,77.42045081377029
2025-05-09,DO 0.05%,78.13,76.24625312209129
2025-05-12,DO 0.001%,78.92,77.27490836977958
2025-05-12,DO 0.05%,78.13,75.50116520881653
2025-05-13,DO 0.001%,80.87,77.01820147275924
2025-05-13,DO 0.05%,80.14,76.88882073283196
2025-05-14,DO 0.001%,82.49,76.92437908887862
2025-05-14,DO 0.05%,81.85,76.17245483994483
2025-05-15,DO 0.001%,80.85,76.8613598370552
2025-05-15,DO 0.05%,80.21,77.20152830719948
2025-05-16,DO 0.001%,80.48,76.41714005112648
2025-05-16,DO 0.05%,80.01,76.12713725566864
2025-05-19,DO 0.001%,80.33,77.24696889281273
2025-05-19,DO 0.05%,79.99,76.12160540103912
2025-05-20,DO 0.001%,80.35,77.40310874462128
2025-05-20,DO 0.05%,80.01,75.22690216779709
2025-05-21,DO 0.001%,80.86,77.92559862971305
2025-05-21,DO 0.05%,80.52,77.33604704737664
2025-05-22,DO 0.001%,78.91,77.15270848274231
2025-05-22,DO 0.05%,78.62,76.36562423348427
2025-05-23,DO 0.001%,78.34,76.44652077555656
2025-05-23,DO 0.05%,78.09,75.33176144242286
2025-05-26,DO 0.001%,79.19,76.903349121809
2025-05-26,DO 0.05%,78.96,75.4894425034523
2025-05-27,DO 0.001%,79.08,77.79630083441734
2025-05-27,DO 0.05%,78.83,75.39508075833321
2025-05-28,DO 0.001%,78.91,77.16570796966552
2025-05-28,DO 0.05%,78.75,75.49643157482147
2025-05-29,DO 0.001%,80.62,77.23458641052245
2025-05-29,DO 0.05%,80.46,76.72853617310524
2025-05-30,DO 0.001%,78.82,77.11452013492584
2025-05-30,DO 0.05%,78.57,76.93951702475547
2025-06-02,DO 0.001%,80.02,77.15032524347305
2025-06-02,DO 0.05%,79.74,75.56477689623833
2025-06-03,DO 0.001%,80.23,78.40244901180267
2025-06-03,DO 0.05%,79.96,76.92366863250733
2025-06-04,DO 0.001%,81.26,78.13348209142684
2025-06-04,DO 0.05%,81.01,77.53108204960823
2025-06-05,DO 0.001%,80.43,77.1675165939331
2025-06-05,DO 0.05%,80.17,77.85586503148079
2025-06-06,DO 0.001%,81.04,77.0468757033348
2025-06-06,DO 0.05%,80.73,76.71636794924736
2025-06-09,DO 0.001%,82.35,77.05780751824379
2025-06-09,DO 0.05%,82.01,77.09924004554749
2025-06-10,DO 0.001%,82.73,76.83568585038185
2025-06-10,DO 0.05%,82.43,77.63504100561141
2025-06-11,DO 0.001%,82.51,77.42011169672011
2025-06-11,DO 0.05%,82.19,77.56978182792663
2025-06-12,DO 0.001%,84.64,77.41011245369911
2025-06-12,DO 0.05%,84.32,77.21187268972396
2025-06-13,DO 0.001%,88.37,78.10975331783294
2025-06-13,DO 0.05%,88.02,77.76945764780045
2025-06-16,DO 0.001%,90.66,77.8894261443615
2025-06-16,DO 0.05%,90.28,78.39351767778396
2025-06-17,DO 0.001%,91.64,77.35984777092933
2025-06-17,DO 0.05%,91.18,77.80174381613732
2025-06-18,DO 0.001%,94.52,76.90337738156319
2025-06-18,DO 0.05%,93.98,78.11822437524795
2025-06-19,DO 0.001%,98.07,77.27307619571685
2025-06-19,DO 0.05%,97.51,77.61098764777184
2025-06-20,DO 0.001%,97.82,76.63559266090392
2025-06-20,DO 0.05%,97.26,77.67130435466767
2025-06-23,DO 0.001%,94.73,76.5827280807495
2025-06-23,DO 0.05%,94.04,77.28144782781601
2025-06-24,DO 0.001%,86.85,76.43227785944939
2025-06-24,DO 0.05%,86.16,77.00248827934266
2025-06-25,DO 0.001%,87.73,77.19640748262405
2025-06-25,DO 0.05%,87.11,78.64594103097916
2025-06-26,DO 0.001%,86.99,76.35649932861328
2025-06-26,DO 0.05%,86.37,77.71306243181229
2025-06-27,DO 0.001%,87.98,76.52795596718788
2025-06-27,DO 0.05%,87.36,77.27397611141205
2025-06-30,DO 0.001%,87.11,76.72674920797347
2025-06-30,DO 0.05%,86.49,77.45063811659813
2025-07-01,DO 0.001%,87.06,76.34543092489243
2025-07-01,DO 0.05%,86.44,78.2466172361374
2025-07-02,DO 0.001%,88.6,76.1923713862896
2025-07-02,DO 0.05%,88.0,78.10029225587844
2025-07-03,DO 0.001%,89.65,76.12056806087493
2025-07-03,DO 0.05%,88.78,78.26682335615158
2025-07-04,DO 0.001%,89.1,76.1478528535366
2025-07-04,DO 0.05%,88.31,78.71068043708802
2025-07-07,DO 0.001%,90.21,76.49575868725776
2025-07-07,DO 0.05%,89.4,78.64285952806473
2025-07-08,DO 0.001%,89.76,76.379573417902
2025-07-08,DO 0.05%,88.96,79.4439296245575
2025-07-09,DO 0.001%,91.84,77.29894800066947
2025-07-09,DO 0.05%,91.04,80.32229717969895
2025-07-10,DO 0.001%,90.43,76.54484117031097
2025-07-10,DO 0.05%,89.46,78.89971022129059
2025-07-11,DO 0.001%,89.68,75.13765142083167
2025-07-11,DO 0.05%,88.33,78.46268442392349
2025-07-14,DO 0.001%,92.57,76.04094620347023
2025-07-14,DO 0.05%,91.08,78.38219408273697
2025-07-15,DO 0.001%,89.76,77.31338873505592
2025-07-15,DO 0.05%,88.35,80.04391309261322
2025-07-16,DO 0.001%,89.99,76.70987342476845
2025-07-16,DO 0.05%,88.68,77.75746577501297
2025-07-17,DO 0.001%,90.44,77.36964448571204
2025-07-17,DO 0.05%,89.22,80.28700840234757
2025-07-18,DO 0.001%,93.88,76.38610142111777
2025-07-18,DO 0.05%,92.7,78.3487987589836
2025-07-21,DO 0.001%,91.89,77.42956458449363
2025-07-21,DO 0.05%,91.0,81.10200095176697
2025-07-22,DO 0.001%,92.47,76.22006123542785
2025-07-22,DO 0.05%,91.75,78.18233263015748
2025-07-23,DO 0.001%,90.89,76.6989792895317
2025-07-23,DO 0.05%,90.09,79.17916169643402
2025-05-29,DO 0.001%,80.62,79.77834217309952
2025-05-29,DO 0.05%,80.46,79.35823112726212
2025-05-30,DO 0.001%,78.82,80.01929748415947
2025-05-30,DO 0.05%,78.57,79.08990159630775
2025-06-02,DO 0.001%,80.02,80.5030988740921
2025-06-02,DO 0.05%,79.74,79.64972957968712
2025-06-03,DO 0.001%,80.23,80.70113093376159
2025-06-03,DO 0.05%,79.96,80.25689989328384
2025-06-04,DO 0.001%,81.26,81.02639943838119
2025-06-04,DO 0.05%,81.01,80.76209127902985
2025-06-05,DO 0.001%,80.43,82.2451074719429
2025-06-05,DO 0.05%,80.17,81.26796796917915
2025-06-06,DO 0.001%,81.04,82.11932908177376
2025-06-06,DO 0.05%,80.73,81.43228143453598
2025-06-09,DO 0.001%,82.35,82.60807845115662
2025-06-09,DO 0.05%,82.01,81.91726103425026
2025-06-10,DO 0.001%,82.73,82.58396880984306
2025-06-10,DO 0.05%,82.43,82.06446066498756
2025-06-11,DO 0.001%,82.51,82.62251789689064
2025-06-11,DO 0.05%,82.19,81.87438726425171
2025-06-12,DO 0.001%,84.64,83.47088942289352
2025-06-12,DO 0.05%,84.32,83.30272123217583
2025-06-13,DO 0.001%,88.37,83.5098524093628
2025-06-13,DO 0.05%,88.02,83.26198786497116
2025-06-16,DO 0.001%,90.66,83.23283140778541
2025-06-16,DO 0.05%,90.28,83.29930409789085
2025-06-17,DO 0.001%,91.64,83.55564473628998
2025-06-17,DO 0.05%,91.18,83.9196266233921
2025-06-18,DO 0.001%,94.52,84.95481291770935
2025-06-18,DO 0.05%,93.98,85.55459395051003
2025-06-19,DO 0.001%,98.07,82.988828291893
2025-06-19,DO 0.05%,97.51,83.58050420880318
2025-06-20,DO 0.001%,97.82,83.05131769776344
2025-06-20,DO 0.05%,97.26,83.18211704492569
2025-06-23,DO 0.001%,94.73,83.36263591051102
2025-06-23,DO 0.05%,94.04,83.2520180940628
2025-06-24,DO 0.001%,86.85,81.81376783370972
2025-06-24,DO 0.05%,86.16,81.65681719779968
2025-06-25,DO 0.001%,87.73,82.72428071379662
2025-06-25,DO 0.05%,87.11,82.93718174099922
2025-06-26,DO 0.001%,86.99,81.86231635451317
2025-06-26,DO 0.05%,86.37,81.60258427262306
2025-06-27,DO 0.001%,87.98,81.92598161101341
2025-06-27,DO 0.05%,87.36,82.05937251448631
2025-06-30,DO 0.001%,87.11,81.65322189211845
2025-06-30,DO 0.05%,86.49,81.41516759991646
2025-07-01,DO 0.001%,87.06,82.54528802752495
2025-07-01,DO 0.05%,86.44,82.78305396437645
2025-07-02,DO 0.001%,88.6,81.62558469891547
2025-07-02,DO 0.05%,88.0,81.83597266674042
2025-07-03,DO 0.001%,89.65,82.43026161551475
2025-07-03,DO 0.05%,88.78,83.11307027935982
2025-07-04,DO 0.001%,89.1,82.37996342897415
2025-07-04,DO 0.05%,88.31,83.37589859962463
2025-07-07,DO 0.001%,90.21,83.17253378748893
2025-07-07,DO 0.05%,89.4,84.06601890921593
2025-07-08,DO 0.001%,89.76,82.9417378258705
2025-07-08,DO 0.05%,88.96,83.6811313033104
2025-07-09,DO 0.001%,91.84,84.19578722596168
2025-07-09,DO 0.05%,91.04,85.29313623905182
2025-07-10,DO 0.001%,90.43,82.87544807076453
2025-07-10,DO 0.05%,89.46,83.89910504221916
2025-07-11,DO 0.001%,89.68,81.82377667427063
2025-07-11,DO 0.05%,88.33,82.69911825656891
2025-07-14,DO 0.001%,92.57,82.27142771244048
2025-07-14,DO 0.05%,91.08,83.59252989292145
2025-07-15,DO 0.001%,89.76,82.70107412576675
2025-07-15,DO 0.05%,88.35,83.5138700902462
2025-07-16,DO 0.001%,89.99,81.90051738977432
2025-07-16,DO 0.05%,88.68,82.8011628985405
2025-07-17,DO 0.001%,90.44,81.15546080350876
2025-07-17,DO 0.05%,89.22,81.83196410536766
2025-07-18,DO 0.001%,93.88,81.50907201170921
2025-07-18,DO 0.05%,92.7,82.71306842565536
2025-07-21,DO 0.001%,91.89,81.53272071957588
2025-07-21,DO 0.05%,91.0,82.35674768686295
2025-07-22,DO 0.001%,92.47,80.82138752937317
2025-07-22,DO 0.05%,91.75,82.19266891479492
2025-07-23,DO 0.001%,90.89,80.787833455801
2025-07-23,DO 0.05%,90.09,82.08667203783989
2025-07-24,DO 0.001%,91.63,81.08123170495033
2025-07-24,DO 0.05%,90.71,81.89853250980377
2025-07-25,DO 0.001%,91.61,80.45668569803237
2025-07-25,DO 0.05%,90.56,81.24694883823395
2025-07-28,DO 0.001%,90.89,80.94471074342728
2025-07-28,DO 0.05%,89.58,81.46997317671776
2025-07-29,DO 0.001%,91.75,80.05656724572181
2025-07-29,DO 0.05%,90.35,80.65608501434326
2025-07-30,DO 0.001%,92.84,80.68242079854011
2025-07-30,DO 0.05%,91.3,80.99913150072098
2025-07-31,DO 0.001%,93.5,80.80499146819115
2025-07-31,DO 0.05%,91.74,81.2149366736412
2025-08-01,DO 0.001%,92.68,80.11629105091095
2025-08-01,DO 0.05%,90.88,79.63535696268082
2025-08-04,DO 0.001%,89.41,80.26821095228195
2025-08-04,DO 0.05%,87.68,80.73006972670555
2025-08-05,DO 0.001%,89.41,79.96770115852355
2025-08-05,DO 0.05%,87.77,80.90439051389694
2025-08-06,DO 0.001%,87.91,80.60740152835845
2025-08-06,DO 0.05%,86.27,80.73921337723732
2025-08-07,DO 0.001%,86.27,81.89169380664825
2025-08-07,DO 0.05%,84.83,82.8027494251728
2025-08-08,DO 0.001%,86.64,81.2425866317749
2025-08-08,DO 0.05%,85.2,81.68774038553238
2025-08-11,DO 0.001%,85.45,81.6170997607708
2025-08-11,DO 0.05%,84.21,82.13073804974556
2025-08-12,DO 0.001%,86.89,79.87621057271957
2025-08-12,DO 0.05%,85.61,80.70072367787361
2025-08-13,DO 0.001%,84.95,80.51764179468155
2025-08-13,DO 0.05%,83.73,80.69259390234947
2025-08-14,DO 0.001%,84.66,80.58588816523552
2025-08-14,DO 0.05%,83.62,81.18345960974693
2025-08-15,DO 0.001%,83.61,80.26123110294341
2025-08-15,DO 0.05%,83.03,80.6819012761116
2025-08-18,DO 0.001%,83.09,80.36911774992943
2025-08-18,DO 0.05%,82.78,81.04791015386581
2025-08-19,DO 0.001%,83.85,80.6036952471733
2025-08-19,DO 0.05%,83.43,81.21818482875824
2025-08-20,DO 0.001%,85.35,81.08157975673676
2025-08-20,DO 0.05%,85.02,81.72722518444061
2025-06-26,DO 0.001%,86.99,86.50537252783776
2025-06-26,DO 0.05%,86.37,86.82665341138839
2025-06-27,DO 0.001%,87.98,87.65453863441944
2025-06-27,DO 0.05%,87.36,86.7620837020874
2025-06-30,DO 0.001%,87.11,85.63579153895378
2025-06-30,DO 0.05%,86.49,84.09506290853024
2025-07-01,DO 0.001%,87.06,86.34184239923954
2025-07-01,DO 0.05%,86.44,83.95908541440964
2025-07-02,DO 0.001%,88.6,86.41327734589576
2025-07-02,DO 0.05%,88.0,85.23246280312539
2025-07-03,DO 0.001%,89.65,86.96517911076546
2025-07-03,DO 0.05%,88.78,84.64217644810677
2025-07-04,DO 0.001%,89.1,86.07731713414192
2025-07-04,DO 0.05%,88.31,83.86834721565246
2025-07-07,DO 0.001%,90.21,85.31929932415485
2025-07-07,DO 0.05%,89.4,83.87437012195588
2025-07-08,DO 0.001%,89.76,85.05631141901017
2025-07-08,DO 0.05%,88.96,83.16846473455429
2025-07-09,DO 0.001%,91.84,85.78575734198094
2025-07-09,DO 0.05%,91.04,82.3201435738802
2025-07-10,DO 0.001%,90.43,83.9366166073084
2025-07-10,DO 0.05%,89.46,81.94737759530544
2025-07-11,DO 0.001%,89.68,85.12787186443806
2025-07-11,DO 0.05%,88.33,82.04751360476017
2025-07-14,DO 0.001%,92.57,84.74317106723785
2025-07-14,DO 0.05%,91.08,82.39968747437
2025-07-15,DO 0.001%,89.76,84.93253302633762
2025-07-15,DO 0.05%,88.35,81.65625315010547
2025-07-16,DO 0.001%,89.99,84.68389381408691
2025-07-16,DO 0.05%,88.68,80.87357128381728
2025-07-17,DO 0.001%,90.44,85.48066982805729
2025-07-17,DO 0.05%,89.22,82.01548316597939
2025-07-18,DO 0.001%,93.88,84.33352216005326
2025-07-18,DO 0.05%,92.7,80.42327596306801
2025-07-21,DO 0.001%,91.89,83.71121558427811
2025-07-21,DO 0.05%,91.0,80.7637103575468
2025-07-22,DO 0.001%,92.47,84.2370763540268
2025-07-22,DO 0.05%,91.75,81.13555213153363
2025-07-23,DO 0.001%,90.89,85.29541272461415
2025-07-23,DO 0.05%,90.09,82.02750820994378
2025-07-24,DO 0.001%,91.63,85.0075708335638
2025-07-24,DO 0.05%,90.71,81.85179511070251
2025-07-25,DO 0.001%,91.61,84.59281308054925
2025-07-25,DO 0.05%,90.56,81.33208579480647
2025-07-28,DO 0.001%,90.89,84.63892865002155
2025-07-28,DO 0.05%,89.58,81.11225490689277
2025-07-29,DO 0.001%,91.75,83.74298246085644
2025-07-29,DO 0.05%,90.35,80.45982358157634
2025-07-30,DO 0.001%,92.84,85.90296796560288
2025-07-30,DO 0.05%,91.3,82.00048820614815
2025-07-31,DO 0.001%,93.5,84.74403387129307
2025-07-31,DO 0.05%,91.74,80.70128501057624
2025-08-01,DO 0.001%,92.68,85.07511008918286
2025-08-01,DO 0.05%,90.88,80.39224241912365
2025-08-04,DO 0.001%,89.41,85.41033822476864
2025-08-04,DO 0.05%,87.68,81.42878978610038
2025-08-05,DO 0.001%,89.41,85.63345412433148
2025-08-05,DO 0.05%,87.77,83.34648834526539
2025-08-06,DO 0.001%,87.91,84.40818870007992
2025-08-06,DO 0.05%,86.27,81.55450237870217
2025-08-07,DO 0.001%,86.27,86.489810680151
2025-08-07,DO 0.05%,84.83,82.16380761802196
2025-08-08,DO 0.001%,86.64,86.13146462500096
2025-08-08,DO 0.05%,85.2,82.66553648173809
2025-08-11,DO 0.001%,85.45,85.02745715975762
2025-08-11,DO 0.05%,84.21,82.1066730827093
2025-08-12,DO 0.001%,86.89,85.4717960190773
2025-08-12,DO 0.05%,85.61,81.8668316078186
2025-08-13,DO 0.001%,84.95,86.5275910395384
2025-08-13,DO 0.05%,83.73,83.16087379574776
2025-08-14,DO 0.001%,84.66,85.47419618308544
2025-08-14,DO 0.05%,83.62,82.19691802620888
2025-08-15,DO 0.001%,83.61,86.26150749802589
2025-08-15,DO 0.05%,83.03,82.43510839402676
2025-08-18,DO 0.001%,83.09,85.65209592103959
2025-08-18,DO 0.05%,82.78,82.17093126237393
2025-08-19,DO 0.001%,83.85,86.26613526523114
2025-08-19,DO 0.05%,83.43,81.20142507314682
2025-08-20,DO 0.001%,85.35,86.00300094485283
2025-08-20,DO 0.05%,85.02,82.11548937141895
2025-08-21,DO 0.001%,85.66,85.47487073898316
2025-08-21,DO 0.05%,85.36,81.5799076205492
2025-08-22,DO 0.001%,86.78,84.79779440760613
2025-08-22,DO 0.05%,86.49,81.43642226219177
2025-08-25,DO 0.001%,86.89,84.9391112536192
2025-08-25,DO 0.05%,86.6,81.94159352838993
2025-08-26,DO 0.001%,86.72,85.68926970303059
2025-08-26,DO 0.05%,86.31,81.74010135173798
2025-08-27,DO 0.001%,85.53,84.83357201576233
2025-08-27,DO 0.05%,85.08,81.72459236800671
2025-08-28,DO 0.001%,85.75,85.64749429941178
2025-08-28,DO 0.05%,85.25,82.2254852938652
2025-08-29,DO 0.001%,86.33,85.25591198623181
2025-08-29,DO 0.05%,85.83,83.46714896559715
2025-09-01,DO 0.001%,86.22,84.61993650257588
2025-09-01,DO 0.05%,85.62,80.69143548190594
2025-09-02,DO 0.001%,88.12,85.79087664604188
2025-09-02,DO 0.05%,87.42,82.20280593633652
2025-09-03,DO 0.001%,89.85,84.77495886027813
2025-09-03,DO 0.05%,89.15,80.37800551474095
2025-09-04,DO 0.001%,88.45,84.68074065744877
2025-09-04,DO 0.05%,87.73,81.97365512013435
2025-09-05,DO 0.001%,88.49,86.65995563983918
2025-09-05,DO 0.05%,87.51,82.61637191295624
2025-09-08,DO 0.001%,88.18,85.29150657534599
2025-09-08,DO 0.05%,87.13,81.51587270379066
2025-09-09,DO 0.001%,88.86,84.88709201276303
2025-09-09,DO 0.05%,87.97,81.46996361970902
2025-09-10,DO 0.001%,88.82,85.50024763643742
2025-09-10,DO 0.05%,87.88,81.13948259711266
2025-09-11,DO 0.001%,89.18,85.77791366875172
2025-09-11,DO 0.05%,88.2,81.90053911447525
2025-09-12,DO 0.001%,88.0,85.56794899463654
2025-09-12,DO 0.05%,86.87,79.79637449145316
2025-09-15,DO 0.001%,88.78,86.0513964086771
2025-09-15,DO 0.05%,87.64,79.95632419109344
2025-09-16,DO 0.001%,88.98,85.71374719262124
2025-09-16,DO 0.05%,87.93,80.20745342314244
2025-09-17,DO 0.001%,90.61,84.89733585000039
2025-09-17,DO 0.05%,89.75,79.20090636014939
2025-07-24,DO 0.001%,91.63,91.05725885033607
2025-07-24,DO 0.05%,90.71,89.63045938789845
2025-07-25,DO 0.001%,91.61,90.51406035304069
2025-07-25,DO 0.05%,90.56,89.29529904663563
2025-07-28,DO 0.001%,90.89,91.91588389754295
2025-07-28,DO 0.05%,89.58,90.96663846373558
2025-07-29,DO 0.001%,91.75,92.72835213303566
2025-07-29,DO 0.05%,90.35,91.87867453336716
2025-07-30,DO 0.001%,92.84,92.1772549700737
2025-07-30,DO 0.05%,91.3,90.91507781267167
2025-07-31,DO 0.001%,93.5,92.42000079393387
2025-07-31,DO 0.05%,91.74,90.51800387978554
2025-08-01,DO 0.001%,92.68,91.44844324707985
2025-08-01,DO 0.05%,90.88,89.63890605568886
2025-08-04,DO 0.001%,89.41,91.34392948985099
2025-08-04,DO 0.05%,87.68,90.05433927476406
2025-08-05,DO 0.001%,89.41,91.7183955860138
2025-08-05,DO 0.05%,87.77,89.83468295395375
2025-08-06,DO 0.001%,87.91,91.80783795237541
2025-08-06,DO 0.05%,86.27,89.76577790558339
2025-08-07,DO 0.001%,86.27,92.51322455167771
2025-08-07,DO 0.05%,84.83,90.85421669840812
2025-08-08,DO 0.001%,86.64,92.09250412940979
2025-08-08,DO 0.05%,85.2,89.90999415278435
2025-08-11,DO 0.001%,85.45,92.83364600539207
2025-08-11,DO 0.05%,84.21,90.39937464594841
2025-08-12,DO 0.001%,86.89,92.4502519249916
2025-08-12,DO 0.05%,85.61,90.14124920368195
2025-08-13,DO 0.001%,84.95,92.82127251267433
2025-08-13,DO 0.05%,83.73,90.44550107717514
2025-08-14,DO 0.001%,84.66,94.19779649019242
2025-08-14,DO 0.05%,83.62,92.82229566335678
2025-08-15,DO 0.001%,83.61,93.54670373678208
2025-08-15,DO 0.05%,83.03,91.90715585947036
2025-08-18,DO 0.001%,83.09,93.50680951595307
2025-08-18,DO 0.05%,82.78,91.5585818016529
2025-08-19,DO 0.001%,83.85,94.45753148794174
2025-08-19,DO 0.05%,83.43,92.55934815645219
2025-08-20,DO 0.001%,85.35,95.18870522618293
2025-08-20,DO 0.05%,85.02,93.68062316894532
2025-08-21,DO 0.001%,85.66,93.23801651477814
2025-08-21,DO 0.05%,85.36,90.71233630657197
2025-08-22,DO 0.001%,86.78,94.61593819856644
2025-08-22,DO 0.05%,86.49,92.37577677369119
2025-08-25,DO 0.001%,86.89,93.4880325782299
2025-08-25,DO 0.05%,86.6,90.85730969309807
2025-08-26,DO 0.001%,86.72,93.99689517498017
2025-08-26,DO 0.05%,86.31,91.45229232788087
2025-08-27,DO 0.001%,85.53,96.04909636735916
2025-08-27,DO 0.05%,85.08,93.18238253474236
2025-08-28,DO 0.001%,85.75,95.4735230922699
2025-08-28,DO 0.05%,85.25,93.16296540141106
2025-08-29,DO 0.001%,86.33,96.08394150972366
2025-08-29,DO 0.05%,85.83,93.39331832885742
2025-09-01,DO 0.001%,86.22,97.65801880836487
2025-09-01,DO 0.05%,85.62,94.5779245555401
2025-09-02,DO 0.001%,88.12,97.22074260950089
2025-09-02,DO 0.05%,87.42,94.32846594214439
2025-09-03,DO 0.001%,89.85,97.28104984283448
2025-09-03,DO 0.05%,89.15,94.2311440050602
2025-09-04,DO 0.001%,88.45,97.48386894106865
2025-09-04,DO 0.05%,87.73,94.18768098592759
2025-09-05,DO 0.001%,88.49,96.98873420357704
2025-09-05,DO 0.05%,87.51,94.5336668086052
2025-09-08,DO 0.001%,88.18,96.73513177752496
2025-09-08,DO 0.05%,87.13,93.6654159450531
2025-09-09,DO 0.001%,88.86,96.78707444310189
2025-09-09,DO 0.05%,87.97,94.27049377083779
2025-09-10,DO 0.001%,88.82,95.95948064208031
2025-09-10,DO 0.05%,87.88,92.44051487088204
2025-09-11,DO 0.001%,89.18,96.82063022851943
2025-09-11,DO 0.05%,88.2,93.80657678604126
2025-09-12,DO 0.001%,88.0,96.76477615237236
2025-09-12,DO 0.05%,86.87,93.55645231962204
2025-09-15,DO 0.001%,88.78,96.91563091516495
2025-09-15,DO 0.05%,87.64,94.02390262126923
2025-09-16,DO 0.001%,88.98,96.72713559746742
2025-09-16,DO 0.05%,87.93,93.87565366744995
2025-09-17,DO 0.001%,90.61,95.45472448468209
2025-09-17,DO 0.05%,89.75,92.13162350535393
2025-09-18,DO 0.001%,89.43,96.02632133960724
2025-09-18,DO 0.05%,88.57,92.97531298398972
2025-09-19,DO 0.001%,88.75,97.19913775444032
2025-09-19,DO 0.05%,87.96,94.9219450378418
2025-09-22,DO 0.001%,88.16,95.65641674995422
2025-09-22,DO 0.05%,87.44,93.0503073656559
2025-09-23,DO 0.001%,87.56,95.46869071245193
2025-09-23,DO 0.05%,86.85,92.22422003388405
2025-09-24,DO 0.001%,89.37,95.44426877498627
2025-09-24,DO 0.05%,88.69,92.92968057274818
2025-09-25,DO 0.001%,90.75,95.87452393770218
2025-09-25,DO 0.05%,89.96,93.37493219375611
2025-09-26,DO 0.001%,92.58,96.62267601490021
2025-09-26,DO 0.05%,91.7,94.09551403999329
2025-09-29,DO 0.001%,91.87,97.98873344779015
2025-09-29,DO 0.05%,90.96,95.64410560011864
2025-09-30,DO 0.001%,88.78,97.58462297677994
2025-09-30,DO 0.05%,87.96,95.4653025841713
2025-10-01,DO 0.001%,90.2,98.57843547463418
2025-10-01,DO 0.05%,89.26,96.65534303069116
2025-10-02,DO 0.001%,89.5,97.7673324406147
2025-10-02,DO 0.05%,88.59,95.68144706726075
2025-10-03,DO 0.001%,88.01,96.88087245225907
2025-10-03,DO 0.05%,87.16,94.35969659686089
2025-10-06,DO 0.001%,87.83,97.18306954979897
2025-10-06,DO 0.05%,87.3,94.87266117453575
2025-10-07,DO 0.001%,87.7,96.15641637206078
2025-10-07,DO 0.05%,87.17,94.10815450787544
2025-10-08,DO 0.001%,88.55,97.31198357462883
2025-10-08,DO 0.05%,88.08,94.74483887314797
2025-10-09,DO 0.001%,89.56,96.66680669426918
2025-10-09,DO 0.05%,89.0,94.45873686432839
2025-10-10,DO 0.001%,88.23,97.85885511398315
2025-10-10,DO 0.05%,87.78,95.32221936106683
2025-10-13,DO 0.001%,86.89,98.02621147871018
2025-10-13,DO 0.05%,86.25,95.55121910333634
2025-10-14,DO 0.001%,85.63,96.69272385239601
2025-10-14,DO 0.05%,84.85,94.23909128308297
2025-10-15,DO 0.001%,85.23,95.98324164867401
2025-10-15,DO 0.05%,84.43,92.9696854519844
2025-08-21,DO 0.001%,85.66,85.30448431670665
2025-08-21,DO 0.05%,85.36,84.30677768468857
2025-08-22,DO 0.001%,86.78,84.35205834209918
2025-08-22,DO 0.05%,86.49,83.31732120752334
2025-08-25,DO 0.001%,86.89,85.34908429384231
2025-08-25,DO 0.05%,86.6,84.91007390499115
2025-08-26,DO 0.001%,86.72,84.34070867300034
2025-08-26,DO 0.05%,86.31,83.33610168457031
2025-08-27,DO 0.001%,85.53,85.12479733228683
2025-08-27,DO 0.05%,85.08,84.80886405944824
2025-08-28,DO 0.001%,85.75,85.6700596511364
2025-08-28,DO 0.05%,85.25,84.10268062233925
2025-08-29,DO 0.001%,86.33,85.578560256958
2025-08-29,DO 0.05%,85.83,84.48014490008354
2025-09-01,DO 0.001%,86.22,85.11721223294734
2025-09-01,DO 0.05%,85.62,82.79663678884506
2025-09-02,DO 0.001%,88.12,85.17155939340591
2025-09-02,DO 0.05%,87.42,82.43759825706482
2025-09-03,DO 0.001%,89.85,84.57793761491774
2025-09-03,DO 0.05%,89.15,81.91558106303215
2025-09-04,DO 0.001%,88.45,85.10794833898544
2025-09-04,DO 0.05%,87.73,82.18451789975165
2025-09-05,DO 0.001%,88.49,85.37949591279029
2025-09-05,DO 0.05%,87.51,82.01673516511917
2025-09-08,DO 0.001%,88.18,85.96944469213486
2025-09-08,DO 0.05%,87.13,82.04254945278167
2025-09-09,DO 0.001%,88.86,86.23734979033469
2025-09-09,DO 0.05%,87.97,82.5982204914093
2025-09-10,DO 0.001%,88.82,86.40429319739341
2025-09-10,DO 0.05%,87.88,82.15906847834587
2025-09-11,DO 0.001%,89.18,85.27499349117278
2025-09-11,DO 0.05%,88.2,81.16690084218979
2025-09-12,DO 0.001%,88.0,86.72030339241027
2025-09-12,DO 0.05%,86.87,82.11353621006012
2025-09-15,DO 0.001%,88.78,85.86824898719787
2025-09-15,DO 0.05%,87.64,81.61209848642349
2025-09-16,DO 0.001%,88.98,85.71583478450775
2025-09-16,DO 0.05%,87.93,81.6849298453331
2025-09-17,DO 0.001%,90.61,86.12481967806815
2025-09-17,DO 0.05%,89.75,80.02985596418381
2025-09-18,DO 0.001%,89.43,86.16776629686355
2025-09-18,DO 0.05%,88.57,81.10097660422325
2025-09-19,DO 0.001%,88.75,86.68471294641495
2025-09-19,DO 0.05%,87.96,82.02250714659691
2025-09-22,DO 0.001%,88.16,86.00135196447371
2025-09-22,DO 0.05%,87.44,81.56443276405334
2025-09-23,DO 0.001%,87.56,85.49086613059043
2025-09-23,DO 0.05%,86.85,80.60367909908294
2025-09-24,DO 0.001%,89.37,86.28752031326293
2025-09-24,DO 0.05%,88.69,81.09067420005798
2025-09-25,DO 0.001%,90.75,85.86725188493728
2025-09-25,DO 0.05%,89.96,80.433615950346
2025-09-26,DO 0.001%,92.58,86.89473524093627
2025-09-26,DO 0.05%,91.7,81.82879863739014
2025-09-29,DO 0.001%,91.87,86.59276587367057
2025-09-29,DO 0.05%,90.96,81.53756948590278
2025-09-30,DO 0.001%,88.78,85.7643977344036
2025-09-30,DO 0.05%,87.96,80.45592346787453
2025-10-01,DO 0.001%,90.2,86.46991880536079
2025-10-01,DO 0.05%,89.26,82.05817789077759
2025-10-02,DO 0.001%,89.5,86.64389280080795
2025-10-02,DO 0.05%,88.59,82.34209958195686
2025-10-03,DO 0.001%,88.01,86.07878000736235
2025-10-03,DO 0.05%,87.16,81.04034292697906
2025-10-06,DO 0.001%,87.83,85.25199909210204
2025-10-06,DO 0.05%,87.3,81.18022859573364
2025-10-07,DO 0.001%,87.7,85.05233953893185
2025-10-07,DO 0.05%,87.17,80.96643217206001
2025-10-08,DO 0.001%,88.55,85.3634201824665
2025-10-08,DO 0.05%,88.08,81.2231307864189
2025-10-09,DO 0.001%,89.56,85.99718041419982
2025-10-09,DO 0.05%,89.0,81.16365251898765
2025-10-10,DO 0.001%,88.23,86.10808260440825
2025-10-10,DO 0.05%,87.78,81.97631609201432
2025-10-13,DO 0.001%,86.89,84.94783711731434
2025-10-13,DO 0.05%,86.25,81.5853771007061
2025-10-14,DO 0.001%,85.63,84.74403653740882
2025-10-14,DO 0.05%,84.85,80.61451359987258
2025-10-15,DO 0.001%,85.23,85.97038074731826
2025-10-15,DO 0.05%,84.43,82.68489143013954
2025-10-16,DO 0.001%,84.7,85.5567969739437
2025-10-16,DO 0.05%,83.7,80.82432690024376
2025-10-17,DO 0.001%,83.37,85.83706410527229
2025-10-17,DO 0.05%,82.32,82.21583051919937
2025-10-20,DO 0.001%,83.37,85.9511203944683
2025-10-20,DO 0.05%,82.32,82.29811799526215
2025-10-21,DO 0.001%,84.44,85.88851661682128
2025-10-21,DO 0.05%,83.05,82.30261801242828
2025-10-22,DO 0.001%,86.13,85.34707991480826
2025-10-22,DO 0.05%,84.86,81.3985554420948
2025-10-23,DO 0.001%,90.52,85.49403040409088
2025-10-23,DO 0.05%,89.1,81.39626489281655
2025-10-24,DO 0.001%,92.91,86.43205944299697
2025-10-24,DO 0.05%,91.45,82.74594064950942
2025-10-27,DO 0.001%,93.42,84.97286133170127
2025-10-27,DO 0.05%,92.01,80.2331827533245
2025-10-28,DO 0.001%,93.7,85.83949581384658
2025-10-28,DO 0.05%,91.89,81.6226644051075
2025-10-29,DO 0.001%,92.15,85.52456411719322
2025-10-29,DO 0.05%,90.26,82.46460342764854
2025-10-30,DO 0.001%,92.83,85.89962718486785
2025-10-30,DO 0.05%,90.86,83.30757117033005
2025-10-31,DO 0.001%,94.09,86.72520750761032
2025-10-31,DO 0.05%,92.02,82.57520857930183
2025-11-03,DO 0.001%,94.24,87.36975272297859
2025-11-03,DO 0.05%,91.95,83.75898167610168
2025-11-04,DO 0.001%,93.03,87.80798934102057
2025-11-04,DO 0.05%,90.87,84.10052183032036
2025-11-05,DO 0.001%,94.43,87.5452834188938
2025-11-05,DO 0.05%,92.43,82.90462706565856
2025-11-06,DO 0.001%,94.8,87.84723243713378
2025-11-06,DO 0.05%,92.85,83.62473623156548
2025-11-07,DO 0.001%,97.15,87.57838110923767
2025-11-07,DO 0.05%,95.19,83.7156690108776
2025-11-10,DO 0.001%,95.83,86.81522142291068
2025-11-10,DO 0.05%,94.06,82.58475591301918
2025-11-11,DO 0.001%,96.48,88.34813387989998
2025-11-11,DO 0.05%,94.51,84.56141885876656
2025-11-12,DO 0.001%,98.45,88.10560401678084
2025-11-12,DO 0.05%,96.48,83.93053976297378
2025-09-18,DO 0.001%,89.43,89.44826589286328
2025-09-18,DO 0.05%,88.57,89.025461435318
2025-09-19,DO 0.001%,88.75,89.07077859401703
2025-09-19,DO 0.05%,87.96,88.62138032913208
2025-09-22,DO 0.001%,88.16,90.16026110827923
2025-09-22,DO 0.05%,87.44,89.81084540486336
2025-09-23,DO 0.001%,87.56,91.06592278122902
2025-09-23,DO 0.05%,86.85,90.58823719620705
2025-09-24,DO 0.001%,89.37,91.37536569237709
2025-09-24,DO 0.05%,88.69,91.0131065249443
2025-09-25,DO 0.001%,90.75,92.98286371946335
2025-09-25,DO 0.05%,89.96,92.61125329136848
2025-09-26,DO 0.001%,92.58,92.02450666666032
2025-09-26,DO 0.05%,91.7,91.65173184871674
2025-09-29,DO 0.001%,91.87,90.86757385015487
2025-09-29,DO 0.05%,90.96,90.44008767604828
2025-09-30,DO 0.001%,88.78,90.16030431449413
2025-09-30,DO 0.05%,87.96,89.8709097802639
2025-10-01,DO 0.001%,90.2,91.09521659493446
2025-10-01,DO 0.05%,89.26,90.81466084718704
2025-10-02,DO 0.001%,89.5,89.62881386339664
2025-10-02,DO 0.05%,88.59,89.26766081154346
2025-10-03,DO 0.001%,88.01,88.5878681308031
2025-10-03,DO 0.05%,87.16,88.24150043725967
2025-10-06,DO 0.001%,87.83,88.58473568022251
2025-10-06,DO 0.05%,87.3,88.25163777172565
2025-10-07,DO 0.001%,87.7,86.93446350038052
2025-10-07,DO 0.05%,87.17,86.56994225084782
2025-10-08,DO 0.001%,88.55,88.34949404239654
2025-10-08,DO 0.05%,88.08,88.11801753938198
2025-10-09,DO 0.001%,89.56,88.24807825446129
2025-10-09,DO 0.05%,89.0,87.83060404658318
2025-10-10,DO 0.001%,88.23,87.77250744700432
2025-10-10,DO 0.05%,87.78,87.42980754375458
2025-10-13,DO 0.001%,86.89,88.75509238481521
2025-10-13,DO 0.05%,86.25,88.36588740348816
2025-10-14,DO 0.001%,85.63,88.54272843778134
2025-10-14,DO 0.05%,84.85,88.38949482142925
2025-10-15,DO 0.001%,85.23,88.07586908340454
2025-10-15,DO 0.05%,84.43,87.72981379926205
2025-10-16,DO 0.001%,84.7,87.55258781313896
2025-10-16,DO 0.05%,83.7,87.29955750703812
2025-10-17,DO 0.001%,83.37,86.94789523243904
2025-10-17,DO 0.05%,82.32,86.61487819254398
2025-10-20,DO 0.001%,83.37,86.48166776895523
2025-10-20,DO 0.05%,82.32,86.1630686968565
2025-10-21,DO 0.001%,84.44,87.34826022207737
2025-10-21,DO 0.05%,83.05,86.92840802669525
2025-10-22,DO 0.001%,86.13,87.13712765216827
2025-10-22,DO 0.05%,84.86,86.74530476331711
2025-10-23,DO 0.001%,90.52,85.86395391523838
2025-10-23,DO 0.05%,89.1,85.62728783488274
2025-10-24,DO 0.001%,92.91,85.355103520751
2025-10-24,DO 0.05%,91.45,85.18506467342377
2025-10-27,DO 0.001%,93.42,87.28786333441734
2025-10-27,DO 0.05%,92.01,87.08253295719624
2025-10-28,DO 0.001%,93.7,87.50490975499153
2025-10-28,DO 0.05%,91.89,87.27205029129982
2025-10-29,DO 0.001%,92.15,88.82509185373783
2025-10-29,DO 0.05%,90.26,88.74874697625637
2025-10-30,DO 0.001%,92.83,89.00092494606972
2025-10-30,DO 0.05%,90.86,88.91103526949883
2025-10-31,DO 0.001%,94.09,88.7272729831934
2025-10-31,DO 0.05%,92.02,88.7693158686161
2025-11-03,DO 0.001%,94.24,89.23440593063832
2025-11-03,DO 0.05%,91.95,89.28153745830059
2025-11-04,DO 0.001%,93.03,90.03492527961731
2025-11-04,DO 0.05%,90.87,89.94588860869408
2025-11-05,DO 0.001%,94.43,89.00050908625126
2025-11-05,DO 0.05%,92.43,89.00332513451576
2025-11-06,DO 0.001%,94.8,90.94962245225906
2025-11-06,DO 0.05%,92.85,90.97350940108299
2025-11-07,DO 0.001%,97.15,90.2557468432188
2025-11-07,DO 0.05%,95.19,90.5315965116024
2025-11-10,DO 0.001%,95.83,89.74758234739303
2025-11-10,DO 0.05%,94.06,89.8677428662777
2025-11-11,DO 0.001%,96.48,90.44259752035141
2025-11-11,DO 0.05%,94.51,90.456179022789
2025-11-12,DO 0.001%,98.45,88.17491933107377
2025-11-12,DO 0.05%,96.48,88.31379380822182
2025-11-13,DO 0.001%,94.69,89.27618093967438
2025-11-13,DO 0.05%,92.97,89.51797005534172
2025-11-14,DO 0.001%,95.02,90.58758677601814
2025-11-14,DO 0.05%,93.35,90.75056293606758
2025-11-17,DO 0.001%,95.43,90.55116393685341
2025-11-17,DO 0.05%,93.64,90.6930770277977
2025-11-18,DO 0.001%,96.81,89.78419421374798
2025-11-18,DO 0.05%,94.7,90.09623143076897
2025-11-19,DO 0.001%,99.49,90.68064216136932
2025-11-19,DO 0.05%,97.07,90.92900142073631
2025-11-20,DO 0.001%,97.33,90.33269711196422
2025-11-20,DO 0.05%,95.01,90.33851104974747
2025-11-21,DO 0.001%,91.44,89.44322696805
2025-11-21,DO 0.05%,88.71,89.50803065299988
2025-11-24,DO 0.001%,88.52,91.09414724111556
2025-11-24,DO 0.05%,86.68,91.10231506824493
2025-11-25,DO 0.001%,88.12,91.07654070854187
2025-11-25,DO 0.05%,86.84,91.2671229839325
2025-11-26,DO 0.001%,86.41,90.69391727089882
2025-11-26,DO 0.05%,85.33,90.71844443678856
2025-11-27,DO 0.001%,86.49,90.94078678131103
2025-11-27,DO 0.05%,85.41,91.03396964073181
2025-11-28,DO 0.001%,87.81,91.03964260101318
2025-11-28,DO 0.05%,87.06,91.02723994851112
2025-12-01,DO 0.001%,87.8,90.30122138440609
2025-12-01,DO 0.05%,86.97,90.41831514239311
2025-12-02,DO 0.001%,86.96,91.18402696967125
2025-12-02,DO 0.05%,86.13,91.3717488348484
2025-12-03,DO 0.001%,85.67,90.12152673661708
2025-12-03,DO 0.05%,84.92,90.1083534359932
2025-12-04,DO 0.001%,85.69,89.02117785930633
2025-12-04,DO 0.05%,85.06,88.9336744248867
2025-12-05,DO 0.001%,85.89,89.04654530823231
2025-12-05,DO 0.05%,85.33,88.94150611758232
2025-12-08,DO 0.001%,86.63,88.47354448616504
2025-12-08,DO 0.05%,86.2,88.33042545616627
2025-12-09,DO 0.001%,84.5,89.10175745010376
2025-12-09,DO 0.05%,84.18,88.88128125667572
2025-12-10,DO 0.001%,83.64,89.91881937861443
2025-12-10,DO 0.05%,83.37,89.53156317770481
2025-10-16,DO 0.001%,84.7,84.38202906131745
2025-10-16,DO 0.05%,83.7,85.72459008574486
2025-10-17,DO 0.001%,83.37,84.49214031279088
2025-10-17,DO 0.05%,82.32,85.64380967736246
2025-10-20,DO 0.001%,83.37,84.49468036472798
2025-10-20,DO 0.05%,82.32,85.49611821055413
2025-10-21,DO 0.001%,84.44,84.27407685399056
2025-10-21,DO 0.05%,83.05,84.84151106119157
2025-10-22,DO 0.001%,86.13,83.71156711220742
2025-10-22,DO 0.05%,84.86,84.42617536067964
2025-10-23,DO 0.001%,90.52,83.21531716525556
2025-10-23,DO 0.05%,89.1,84.11727031409741
2025-10-24,DO 0.001%,92.91,83.66034442484379
2025-10-24,DO 0.05%,91.45,85.3277233672142
2025-10-27,DO 0.001%,93.42,84.2935082513094
2025-10-27,DO 0.05%,92.01,84.65131577372551
2025-10-28,DO 0.001%,93.7,84.18490071058274
2025-10-28,DO 0.05%,91.89,86.0005277478695
2025-10-29,DO 0.001%,92.15,83.43339586436748
2025-10-29,DO 0.05%,90.26,84.72832186698915
2025-10-30,DO 0.001%,92.83,83.91938400149346
2025-10-30,DO 0.05%,90.86,84.48523584365846
2025-10-31,DO 0.001%,94.09,84.42192819714546
2025-10-31,DO 0.05%,92.02,85.55398097753526
2025-11-03,DO 0.001%,94.24,84.17870298385621
2025-11-03,DO 0.05%,91.95,84.58032845497132
2025-11-04,DO 0.001%,93.03,84.35809161186219
2025-11-04,DO 0.05%,90.87,84.55560920715332
2025-11-05,DO 0.001%,94.43,84.14152678370476
2025-11-05,DO 0.05%,92.43,84.27963631808758
2025-11-06,DO 0.001%,94.8,83.42954006552696
2025-11-06,DO 0.05%,92.85,84.2578912305832
2025-11-07,DO 0.001%,97.15,83.68464256167412
2025-11-07,DO 0.05%,95.19,84.45930881500244
2025-11-10,DO 0.001%,95.83,83.30546868860722
2025-11-10,DO 0.05%,94.06,84.29399884521962
2025-11-11,DO 0.001%,96.48,84.40305561125278
2025-11-11,DO 0.05%,94.51,84.15756993472577
2025-11-12,DO 0.001%,98.45,83.8821315997839
2025-11-12,DO 0.05%,96.48,84.44263137459755
2025-11-13,DO 0.001%,94.69,84.25659621655942
2025-11-13,DO 0.05%,92.97,84.77551590323449
2025-11-14,DO 0.001%,95.02,83.8585345172882
2025-11-14,DO 0.05%,93.35,84.8667939400673
2025-11-17,DO 0.001%,95.43,84.1331700128317
2025-11-17,DO 0.05%,93.64,85.30648655414582
2025-11-18,DO 0.001%,96.81,82.40893703699112
2025-11-18,DO 0.05%,94.7,84.06942709565163
2025-11-19,DO 0.001%,99.49,82.55394352197648
2025-11-19,DO 0.05%,97.07,83.96059597730637
2025-11-20,DO 0.001%,97.33,82.44562554717065
2025-11-20,DO 0.05%,95.01,84.15729818403722
2025-11-21,DO 0.001%,91.44,83.49832467198372
2025-11-21,DO 0.05%,88.71,84.38241343498231
2025-11-24,DO 0.001%,88.52,83.04501684308052
2025-11-24,DO 0.05%,86.68,84.98517659187317
2025-11-25,DO 0.001%,88.12,83.33227131664754
2025-11-25,DO 0.05%,86.84,84.69047806739808
2025-11-26,DO 0.001%,86.41,83.10008008897304
2025-11-26,DO 0.05%,85.33,84.77221463561058
2025-11-27,DO 0.001%,86.49,82.91214672625065
2025-11-27,DO 0.05%,85.41,84.31749521493913
2025-11-28,DO 0.001%,87.81,82.4071894812584
2025-11-28,DO 0.05%,87.06,83.71396209776402
2025-12-01,DO 0.001%,87.8,82.1716911059618
2025-12-01,DO 0.05%,86.97,83.76929355740548
2025-12-02,DO 0.001%,86.96,82.22189269244672
2025-12-02,DO 0.05%,86.13,83.98028783738614
2025-12-03,DO 0.001%,85.67,84.2682398146391
2025-12-03,DO 0.05%,84.92,85.1099504172802
2025-12-04,DO 0.001%,85.69,83.49352905392647
2025-12-04,DO 0.05%,85.06,84.58327745318414
2025-12-05,DO 0.001%,85.89,83.1711507421732
2025-12-05,DO 0.05%,85.33,84.51956701397897
2025-12-08,DO 0.001%,86.63,82.76840518712997
2025-12-08,DO 0.05%,86.2,84.54250478506088
2025-12-09,DO 0.001%,84.5,82.67973705410958
2025-12-09,DO 0.05%,84.18,85.13526349067689
2025-12-10,DO 0.001%,83.64,82.3047542667389
2025-12-10,DO 0.05%,83.37,84.21733998894692
2025-12-11,DO 0.001%,82.58,82.9269857096672
2025-12-11,DO 0.05%,82.31,84.25455976843834
2025-12-12,DO 0.001%,82.8,81.8124668008089
2025-12-12,DO 0.05%,82.54,83.9434454894066
2025-12-15,DO 0.001%,81.6,81.90305013298989
2025-12-15,DO 0.05%,81.34,85.01461624979973
2025-12-16,DO 0.001%,80.08,82.7399210447073
2025-12-16,DO 0.05%,79.85,84.92133530974388
2025-12-17,DO 0.001%,79.39,82.53084936976433
2025-12-17,DO 0.05%,79.1,84.03291688740254
2025-12-18,DO 0.001%,80.23,82.72585931718349
2025-12-18,DO 0.05%,80.07,84.21974045336248
2025-12-19,DO 0.001%,78.92,82.79299288988113
2025-12-19,DO 0.05%,78.76,85.02339279055596
2025-12-22,DO 0.001%,79.3,83.22000102102757
2025-12-22,DO 0.05%,79.26,84.59392605423928
2025-12-23,DO 0.001%,79.87,83.58694708406925
2025-12-23,DO 0.05%,79.83,85.07776305794717
2025-12-24,DO 0.001%,81.09,83.57022846221925
2025-12-24,DO 0.05%,81.05,85.59497507214547
2025-12-25,DO 0.001%,81.09,83.51879749059678
2025-12-25,DO 0.05%,81.05,85.71241162896158
2025-12-26,DO 0.001%,80.56,83.22244455099106
2025-12-26,DO 0.05%,80.52,86.0088111114502
2025-12-29,DO 0.001%,79.38,82.72744938969612
2025-12-29,DO 0.05%,79.34,85.11207409858704
2025-12-30,DO 0.001%,79.74,82.12969388723374
2025-12-30,DO 0.05%,79.7,84.65080246686937
2025-12-31,DO 0.001%,80.28,82.68825638830663
2025-12-31,DO 0.05%,80.24,84.36073376893998
2026-01-01,DO 0.001%,80.28,83.06055180072785
2026-01-01,DO 0.05%,80.24,84.90102446198465
2026-01-02,DO 0.001%,79.4,82.77511600434781
2026-01-02,DO 0.05%,79.31,84.49399225473405
2026-01-05,DO 0.001%,78.1,83.3485479694605
2026-01-05,DO 0.05%,77.95,85.29875675678254
2026-01-06,DO 0.001%,79.56,82.74978152632714
2026-01-06,DO 0.05%,79.49,84.40883364081384
2026-01-07,DO 0.001%,77.33,83.2193863284588
2026-01-07,DO 0.05%,77.26,85.12347756266594
2025-11-13,DO 0.001%,94.69,97.4150882869959
2025-11-13,DO 0.05%,92.97,96.18806794166565
2025-11-14,DO 0.001%,95.02,96.18887138664722
2025-11-14,DO 0.05%,93.35,95.07399333000184
2025-11-17,DO 0.001%,95.43,94.46688410937786
2025-11-17,DO 0.05%,93.64,94.7973637676239
2025-11-18,DO 0.001%,96.81,96.28924484848976
2025-11-18,DO 0.05%,94.7,95.80888692855835
2025-11-19,DO 0.001%,99.49,96.30463681519032
2025-11-19,DO 0.05%,97.07,95.34291701316833
2025-11-20,DO 0.001%,97.33,97.7443930476904
2025-11-20,DO 0.05%,95.01,95.43374862670899
2025-11-21,DO 0.001%,91.44,96.99823181331158
2025-11-21,DO 0.05%,88.71,97.34078121185303
2025-11-24,DO 0.001%,88.52,95.38070804774762
2025-11-24,DO 0.05%,86.68,94.89577474594117
2025-11-25,DO 0.001%,88.12,94.74698504209519
2025-11-25,DO 0.05%,86.84,95.01418650627137
2025-11-26,DO 0.001%,86.41,95.87660752236843
2025-11-26,DO 0.05%,85.33,95.2455411529541
2025-11-27,DO 0.001%,86.49,94.06411688923836
2025-11-27,DO 0.05%,85.41,93.11502081871033
2025-11-28,DO 0.001%,87.81,94.82515956759453
2025-11-28,DO 0.05%,87.06,94.29285870552063
2025-12-01,DO 0.001%,87.8,95.20395569205284
2025-12-01,DO 0.05%,86.97,94.03957105636597
2025-12-02,DO 0.001%,86.96,94.37189754247666
2025-12-02,DO 0.05%,86.13,93.54040260314942
2025-12-03,DO 0.001%,85.67,95.2185672044754
2025-12-03,DO 0.05%,84.92,93.96081007003785
2025-12-04,DO 0.001%,85.69,96.69397787451744
2025-12-04,DO 0.05%,85.06,94.57351372718811
2025-12-05,DO 0.001%,85.89,97.15849487185478
2025-12-05,DO 0.05%,85.33,95.83814626693726
2025-12-08,DO 0.001%,86.63,95.56818724870682
2025-12-08,DO 0.05%,86.2,93.672587184906
2025-12-09,DO 0.001%,84.5,95.9932120859623
2025-12-09,DO 0.05%,84.18,95.54688703536988
2025-12-10,DO 0.001%,83.64,96.4531226426363
2025-12-10,DO 0.05%,83.37,94.83098210334778
2025-12-11,DO 0.001%,82.58,95.88795051574708
2025-12-11,DO 0.05%,82.31,94.46583269119263
2025-12-12,DO 0.001%,82.8,95.44344366192819
2025-12-12,DO 0.05%,82.54,95.06973209381104
2025-12-15,DO 0.001%,81.6,95.82582518160343
2025-12-15,DO 0.05%,81.34,94.97863019943237
2025-12-16,DO 0.001%,80.08,95.29157782197
2025-12-16,DO 0.05%,79.85,93.49442610740662
2025-12-17,DO 0.001%,79.39,96.41605986654758
2025-12-17,DO 0.05%,79.1,95.83640381813049
2025-12-18,DO 0.001%,80.23,95.16140626370907
2025-12-18,DO 0.05%,80.07,94.82298869132995
2025-12-19,DO 0.001%,78.92,95.10280764400959
2025-12-19,DO 0.05%,78.76,94.76665526390076
2025-12-22,DO 0.001%,79.3,93.6018062889576
2025-12-22,DO 0.05%,79.26,92.18335126876832
2025-12-23,DO 0.001%,79.87,94.48624876439571
2025-12-23,DO 0.05%,79.83,92.88691529273987
2025-12-24,DO 0.001%,81.09,94.58213314712047
2025-12-24,DO 0.05%,81.05,92.95642347335816
2025-12-25,DO 0.001%,81.09,94.87676343917848
2025-12-25,DO 0.05%,81.05,92.49576716423034
2025-12-26,DO 0.001%,80.56,95.1398997604847
2025-12-26,DO 0.05%,80.52,93.37412238121033
2025-12-29,DO 0.001%,79.38,94.88458558619023
2025-12-29,DO 0.05%,79.34,92.79939030647279
2025-12-30,DO 0.001%,79.74,95.73024593889714
2025-12-30,DO 0.05%,79.7,95.42842351913453
2025-12-31,DO 0.001%,80.28,94.40978184938432
2025-12-31,DO 0.05%,80.24,92.59570206642151
2026-01-01,DO 0.001%,80.28,93.81066876351834
2026-01-01,DO 0.05%,80.24,93.80141338348389
2026-01-02,DO 0.001%,79.4,94.14277259707451
2026-01-02,DO 0.05%,79.31,93.29664954185486
2026-01-05,DO 0.001%,78.1,93.66134380102157
2026-01-05,DO 0.05%,77.95,92.79123012542725
2026-01-06,DO 0.001%,79.56,92.91198446452618
2026-01-06,DO 0.05%,79.49,92.0655548286438
2026-01-07,DO 0.001%,77.33,92.97957297861576
2026-01-07,DO 0.05%,77.26,93.38949963569641
2026-01-08,DO 0.001%,77.11,94.09730086624623
2026-01-08,DO 0.05%,77.01,93.81019463539124
2026-01-09,DO 0.001%,79.58,94.28485635221004
2026-01-09,DO 0.05%,79.53,91.93191533088684
2026-01-12,DO 0.001%,79.98,93.95551638305187
2026-01-12,DO 0.05%,79.93,93.91959511756897
2026-01-13,DO 0.001%,81.31,95.55392782092095
2026-01-13,DO 0.05%,81.26,94.21448876380921
2026-01-14,DO 0.001%,82.47,93.25426354408265
2026-01-14,DO 0.05%,82.42,94.1867533493042
2026-01-15,DO 0.001%,81.77,92.98139208257199
2026-01-15,DO 0.05%,81.72,91.61811927795411
2026-01-16,DO 0.001%,81.69,93.86915002167225
2026-01-16,DO 0.05%,81.64,92.53392276763917
2026-01-19,DO 0.001%,82.11,94.14926269054413
2026-01-19,DO 0.05%,82.06,92.46351173400879
2026-01-20,DO 0.001%,82.53,92.5188995718956
2026-01-20,DO 0.05%,82.48,92.25745997428895
2026-01-21,DO 0.001%,83.93,93.89005798101425
2026-01-21,DO 0.05%,83.88,93.19880787849426
2026-01-22,DO 0.001%,85.38,93.92723225057125
2026-01-22,DO 0.05%,85.33,92.74280385017396
2026-01-23,DO 0.001%,84.16,92.1128579646349
2026-01-23,DO 0.05%,84.12,92.62986096382141
2026-01-26,DO 0.001%,85.79,93.13269458711147
2026-01-26,DO 0.05%,85.75,92.94375477790832
2026-01-27,DO 0.001%,84.04,91.87545903027058
2026-01-27,DO 0.05%,84.0,92.23633206367494
2026-01-28,DO 0.001%,86.7,94.12760948538781
2026-01-28,DO 0.05%,86.57,93.06139595031739
2026-01-29,DO 0.001%,88.6,93.41608751118183
2026-01-29,DO 0.05%,88.46,92.20993655204774
2026-01-30,DO 0.001%,88.81,91.55310794115067
2026-01-30,DO 0.05%,88.63,91.21631518363954
2026-02-02,DO 0.001%,87.39,93.71216135025024
2026-02-02,DO 0.05%,86.69,91.77412882804872
2026-02-03,DO 0.001%,86.72,93.22746990323067
2026-02-03,DO 0.05%,85.73,91.65303151130676
2026-02-04,DO 0.001%,88.3,91.50552957057953
2026-02-04,DO 0.05%,87.06,92.00832429885865
2025-12-11,DO 0.001%,82.58,83.47031922340393
2025-12-11,DO 0.05%,82.31,82.7920327538252
2025-12-12,DO 0.001%,82.8,83.47398842811585
2025-12-12,DO 0.05%,82.54,82.8401548665762
2025-12-15,DO 0.001%,81.6,83.98161492347717
2025-12-15,DO 0.05%,81.34,82.93167831480504
2025-12-16,DO 0.001%,80.08,83.81639103412628
2025-12-16,DO 0.05%,79.85,82.58687771201134
2025-12-17,DO 0.001%,79.39,82.85398256778717
2025-12-17,DO 0.05%,79.1,82.4494235855341
2025-12-18,DO 0.001%,80.23,84.47613996505737
2025-12-18,DO 0.05%,80.07,83.91195516943932
2025-12-19,DO 0.001%,78.92,84.60230875968934
2025-12-19,DO 0.05%,78.76,83.69477953791619
2025-12-22,DO 0.001%,79.3,83.84506666660309
2025-12-22,DO 0.05%,79.26,83.47939283251763
2025-12-23,DO 0.001%,79.87,84.44252885341645
2025-12-23,DO 0.05%,79.83,85.03831274986267
2025-12-24,DO 0.001%,81.09,84.26626743793487
2025-12-24,DO 0.05%,81.05,85.07847414135934
2025-12-25,DO 0.001%,81.09,83.783846783638
2025-12-25,DO 0.05%,81.05,83.61966451764107
2025-12-26,DO 0.001%,80.56,83.55418248653412
2025-12-26,DO 0.05%,80.52,83.63695747017861
2025-12-29,DO 0.001%,79.38,83.61211703538895
2025-12-29,DO 0.05%,79.34,84.02859315276146
2025-12-30,DO 0.001%,79.74,83.27491413116455
2025-12-30,DO 0.05%,79.7,83.08728507220745
2025-12-31,DO 0.001%,80.28,82.73447417736054
2025-12-31,DO 0.05%,80.24,83.64535548448563
2026-01-01,DO 0.001%,80.28,81.84214452981949
2026-01-01,DO 0.05%,80.24,81.6744906038046
2026-01-02,DO 0.001%,79.4,81.48384868383408
2026-01-02,DO 0.05%,79.31,81.18937856197357
2026-01-05,DO 0.001%,78.1,81.09267457008362
2026-01-05,DO 0.05%,77.95,81.65976177871228
2026-01-06,DO 0.001%,79.56,81.83291667938232
2026-01-06,DO 0.05%,79.49,81.95043245851994
2026-01-07,DO 0.001%,77.33,81.53523250579833
2026-01-07,DO 0.05%,77.26,82.85962434589864
2026-01-08,DO 0.001%,77.11,81.28549726009369
2026-01-08,DO 0.05%,77.01,82.43486371457577
2026-01-09,DO 0.001%,79.58,80.57881640911103
2026-01-09,DO 0.05%,79.53,80.92096510469914
2026-01-12,DO 0.001%,79.98,80.13960363149643
2026-01-12,DO 0.05%,79.93,80.48840276777744
2026-01-13,DO 0.001%,81.31,79.88399067878723
2026-01-13,DO 0.05%,81.26,79.96383496642113
2026-01-14,DO 0.001%,82.47,80.01285155296326
2026-01-14,DO 0.05%,82.42,80.68669529020787
2026-01-15,DO 0.001%,81.77,79.8993455028534
2026-01-15,DO 0.05%,81.72,80.79178973078729
2026-01-16,DO 0.001%,81.69,81.34469808340073
2026-01-16,DO 0.05%,81.64,82.65615884542466
2026-01-19,DO 0.001%,82.11,81.21074718475342
2026-01-19,DO 0.05%,82.06,82.3785075724125
2026-01-20,DO 0.001%,82.53,79.48108607769012
2026-01-20,DO 0.05%,82.48,81.6276505547762
2026-01-21,DO 0.001%,83.93,79.48194355487824
2026-01-21,DO 0.05%,83.88,81.92341470479965
2026-01-22,DO 0.001%,85.38,80.96479580640793
2026-01-22,DO 0.05%,85.33,82.40532158732415
2026-01-23,DO 0.001%,84.16,80.15478895425797
2026-01-23,DO 0.05%,84.12,81.78287468075753
2026-01-26,DO 0.001%,85.79,79.1820558643341
2026-01-26,DO 0.05%,85.75,81.17202100932599
2026-01-27,DO 0.001%,84.04,79.69806768894196
2026-01-27,DO 0.05%,84.0,81.58200809240341
2026-01-28,DO 0.001%,86.7,79.64029765605926
2026-01-28,DO 0.05%,86.57,82.04139935195447
2026-01-29,DO 0.001%,88.6,78.38636688709259
2026-01-29,DO 0.05%,88.46,78.97740122437477
2026-01-30,DO 0.001%,88.81,79.3440542435646
2026-01-30,DO 0.05%,88.63,81.38845125496388
2026-02-02,DO 0.001%,87.39,78.33463907718658
2026-02-02,DO 0.05%,86.69,81.10007139444352
2026-02-03,DO 0.001%,86.72,78.2823130273819
2026-02-03,DO 0.05%,85.73,80.48858166038991
2026-02-04,DO 0.001%,88.3,79.59311148405075
2026-02-04,DO 0.05%,87.06,81.5731280618906
2026-02-05,DO 0.001%,88.56,79.35675188541413
2026-02-05,DO 0.05%,87.32,80.91385412335396
2026-02-06,DO 0.001%,89.53,80.17864875555038
2026-02-06,DO 0.05%,88.0,81.5556959706545
2026-02-09,DO 0.001%,88.18,79.27646310567856
2026-02-09,DO 0.05%,86.64,81.85840711712838
2026-02-10,DO 0.001%,88.82,79.30953580141068
2026-02-10,DO 0.05%,87.4,80.74541679024696
2026-02-11,DO 0.001%,89.72,78.78758146047592
2026-02-11,DO 0.05%,88.3,80.69944138884544
2026-02-12,DO 0.001%,89.69,78.82689579248428
2026-02-12,DO 0.05%,88.37,81.19423350870609
2026-02-13,DO 0.001%,87.47,78.82372013568879
2026-02-13,DO 0.05%,86.18,81.96337732672691
2026-02-16,DO 0.001%,87.04,79.34927887201309
2026-02-16,DO 0.05%,85.76,80.3631133389473
2026-02-17,DO 0.001%,87.04,79.63017244577408
2026-02-17,DO 0.05%,85.76,81.167981017828
2026-02-18,DO 0.001%,87.04,78.7422598028183
2026-02-18,DO 0.05%,85.76,81.26743537187576
2026-02-19,DO 0.001%,91.87,79.49328518629075
2026-02-19,DO 0.05%,90.71,81.65704360485077
2026-02-20,DO 0.001%,93.14,78.89713912725449
2026-02-20,DO 0.05%,92.09,81.25474890410901
2026-02-23,DO 0.001%,91.86,79.80602007865906
2026-02-23,DO 0.05%,91.02,82.39045362353325
2026-02-24,DO 0.001%,92.6,78.95173350334167
2026-02-24,DO 0.05%,91.88,81.7532182610035
2026-02-25,DO 0.001%,92.41,78.19844477891922
2026-02-25,DO 0.05%,91.7,81.59661268651486
2026-02-26,DO 0.001%,92.61,80.53938242912292
2026-02-26,DO 0.05%,91.9,83.1217666232586
2026-02-27,DO 0.001%,92.88,78.12509558200836
2026-02-27,DO 0.05%,92.26,80.90024834632874
2026-03-02,DO 0.001%,115.15,78.01495463132858
2026-03-02,DO 0.05%,114.53,79.4115487486124
2026-03-03,DO 0.001%,125.87,78.10269149780274
2026-03-03,DO 0.05%,125.25,81.44173640727998
2026-03-04,DO 0.001%,145.14,78.06474813222886
2026-03-04,DO 0.05%,140.6,80.6442132639885
2026-01-08,DO 0.001%,77.11,76.5758152025938
2026-01-08,DO 0.05%,77.01,76.57586844563485
2026-01-09,DO 0.001%,79.58,76.83199604928494
2026-01-09,DO 0.05%,79.53,77.81486305952073
2026-01-12,DO 0.001%,79.98,76.60744371950626
2026-01-12,DO 0.05%,79.93,77.7466253566742
2026-01-13,DO 0.001%,81.31,76.65345302522182
2026-01-13,DO 0.05%,81.26,77.52429330825807
2026-01-14,DO 0.001%,82.47,76.69272364079951
2026-01-14,DO 0.05%,82.42,78.45539855957031
2026-01-15,DO 0.001%,81.77,76.16996353089809
2026-01-15,DO 0.05%,81.72,78.26734653949738
2026-01-16,DO 0.001%,81.69,76.26721822440624
2026-01-16,DO 0.05%,81.64,76.82408090233804
2026-01-19,DO 0.001%,82.11,76.05287533283233
2026-01-19,DO 0.05%,82.06,78.00315454244614
2026-01-20,DO 0.001%,82.53,75.84039456903935
2026-01-20,DO 0.05%,82.48,77.60919209957123
2026-01-21,DO 0.001%,83.93,75.66137218534946
2026-01-21,DO 0.05%,83.88,78.48782735586167
2026-01-22,DO 0.001%,85.38,76.0982946574688
2026-01-22,DO 0.05%,85.33,76.80738297343255
2026-01-23,DO 0.001%,84.16,75.74952826440334
2026-01-23,DO 0.05%,84.12,78.23843600511552
2026-01-26,DO 0.001%,85.79,75.83310277163982
2026-01-26,DO 0.05%,85.75,77.60774611234666
2026-01-27,DO 0.001%,84.04,75.14720828413964
2026-01-27,DO 0.05%,84.0,77.4057223558426
2026-01-28,DO 0.001%,86.7,74.96902017056942
2026-01-28,DO 0.05%,86.57,77.51978035449982
2026-01-29,DO 0.001%,88.6,75.20992603838444
2026-01-29,DO 0.05%,88.46,77.80113078594208
2026-01-30,DO 0.001%,88.81,75.520693962574
2026-01-30,DO 0.05%,88.63,78.36244092226029
2026-02-02,DO 0.001%,87.39,75.92198710858821
2026-02-02,DO 0.05%,86.69,79.0467428636551
2026-02-03,DO 0.001%,86.72,75.39508791267872
2026-02-03,DO 0.05%,85.73,78.30521851062775
2026-02-04,DO 0.001%,88.3,75.1263884049654
2026-02-04,DO 0.05%,87.06,78.59728029966355
2026-02-05,DO 0.001%,88.56,75.9329478508234
2026-02-05,DO 0.05%,87.32,78.25970214843751
2026-02-06,DO 0.001%,89.53,76.35889114379883
2026-02-06,DO 0.05%,88.0,79.33902569532395
2026-02-09,DO 0.001%,88.18,76.25370857954024
2026-02-09,DO 0.05%,86.64,79.02874630928041
2026-02-10,DO 0.001%,88.82,76.13361055612565
2026-02-10,DO 0.05%,87.4,78.79357536792756
2026-02-11,DO 0.001%,89.72,75.99055397212506
2026-02-11,DO 0.05%,88.3,79.49050436973572
2026-02-12,DO 0.001%,89.69,75.43380542099476
2026-02-12,DO 0.05%,88.37,77.9984758067131
2026-02-13,DO 0.001%,87.47,76.51509785294533
2026-02-13,DO 0.05%,86.18,80.14124467134477
2026-02-16,DO 0.001%,87.04,75.95405811131
2026-02-16,DO 0.05%,85.76,80.342817132473
2026-02-17,DO 0.001%,87.04,75.87019322276116
2026-02-17,DO 0.05%,85.76,78.813681037426
2026-02-18,DO 0.001%,87.04,75.1875712865591
2026-02-18,DO 0.05%,85.76,79.387986638546
2026-02-19,DO 0.001%,91.87,75.08177108585835
2026-02-19,DO 0.05%,90.71,78.19875885248184
2026-02-20,DO 0.001%,93.14,76.27268015861512
2026-02-20,DO 0.05%,92.09,79.56520756959915
2026-02-23,DO 0.001%,91.86,76.11733537495137
2026-02-23,DO 0.05%,91.02,79.39075888156891
2026-02-24,DO 0.001%,92.6,75.35661930263042
2026-02-24,DO 0.05%,91.88,78.49849266290666
2026-02-25,DO 0.001%,92.41,75.43904611229897
2026-02-25,DO 0.05%,91.7,78.75451529264451
2026-02-26,DO 0.001%,92.61,76.21258044540882
2026-02-26,DO 0.05%,91.9,79.31967525482179
2026-02-27,DO 0.001%,92.88,76.08902089238167
2026-02-27,DO 0.05%,92.26,78.52345206022262
2026-03-02,DO 0.001%,115.15,76.45668050765991
2026-03-02,DO 0.05%,114.53,79.04375878810883
2026-03-03,DO 0.001%,125.87,77.5073169696331
2026-03-03,DO 0.05%,125.25,79.85378793716431
2026-03-04,DO 0.001%,145.14,76.2827421015501
2026-03-04,DO 0.05%,140.6,78.62699211359025
2026-03-05,DO 0.001%,153.21,75.6656126743555
2026-03-05,DO 0.05%,152.21,78.93848723411561
2026-03-06,DO 0.001%,155.76,75.66460786283017
2026-03-06,DO 0.05%,154.76,79.2423379635811
2026-03-09,DO 0.001%,185.43,76.32469067811965
2026-03-09,DO 0.05%,184.43,77.66847757577897
2026-03-10,DO 0.001%,161.4,77.12622145712375
2026-03-10,DO 0.05%,160.4,78.88863291025162
2026-03-11,DO 0.001%,164.56,75.53901103138924
2026-03-11,DO 0.05%,163.56,78.72537450551987
2026-03-12,DO 0.001%,194.5,76.57037631452083
2026-03-12,DO 0.05%,193.5,78.83826282024384
2026-03-13,DO 0.001%,192.48,76.25622521758079
2026-03-13,DO 0.05%,191.48,78.02036823749543
2026-03-16,DO 0.001%,190.93,76.49495092093944
2026-03-16,DO 0.05%,189.93,77.98470669269562
2026-03-17,DO 0.001%,198.2,76.36342201411723
2026-03-17,DO 0.05%,197.2,77.82060095787048
2026-03-18,DO 0.001%,198.88,76.22968989670277
2026-03-18,DO 0.05%,197.88,78.28413656949998
2026-03-19,DO 0.001%,224.5,76.50615134298802
2026-03-19,DO 0.05%,223.5,77.4414760017395
2026-03-20,DO 0.001%,223.02,76.31308925330639
2026-03-20,DO 0.05%,222.02,78.13545776844025
2026-03-23,DO 0.001%,242.91,76.41244114518166
2026-03-23,DO 0.05%,241.91,78.0728842830658
2026-03-24,DO 0.001%,219.93,77.33953188180924
2026-03-24,DO 0.05%,218.93,77.05906303644181
2026-03-25,DO 0.001%,205.62,77.1084989786148
2026-03-25,DO 0.05%,204.62,78.12960013866424
2026-03-26,DO 0.001%,216.56,75.8902986717224
2026-03-26,DO 0.05%,215.56,76.48647972583771
2026-03-27,DO 0.001%,237.81,76.67866088867187
2026-03-27,DO 0.05%,236.81,77.03252410531044
2026-03-30,DO 0.001%,252.15,76.42493676006794
2026-03-30,DO 0.05%,251.15,76.33110978007318
2026-03-31,DO 0.001%,238.89,77.03073209762573
2026-03-31,DO 0.05%,237.89,76.96686523318292
2026-04-01,DO 0.001%,246.0,76.58087152481079
2026-04-01,DO 0.05%,245.0,76.78306367874146
2026-02-05,DO 0.001%,88.56,89.16514675617218
2026-02-05,DO 0.05%,87.32,87.0982131242752
2026-02-06,DO 0.001%,89.53,89.74425508975982
2026-02-06,DO 0.05%,88.0,88.11742004156113
2026-02-09,DO 0.001%,88.18,89.76780215501785
2026-02-09,DO 0.05%,86.64,88.39956615686417
2026-02-10,DO 0.001%,88.82,89.62347769737244
2026-02-10,DO 0.05%,87.4,88.2594063949585
2026-02-11,DO 0.001%,89.72,89.95953652858734
2026-02-11,DO 0.05%,88.3,88.53260636329651
2026-02-12,DO 0.001%,89.69,90.40544657707214
2026-02-12,DO 0.05%,88.37,89.76610567331315
2026-02-13,DO 0.001%,87.47,89.45327988862991
2026-02-13,DO 0.05%,86.18,88.52137697696686
2026-02-16,DO 0.001%,87.04,89.1686203956604
2026-02-16,DO 0.05%,85.76,88.75522220134735
2026-02-17,DO 0.001%,87.04,88.35385193824767
2026-02-17,DO 0.05%,85.76,87.40137542009354
2026-02-18,DO 0.001%,87.04,88.9167604804039
2026-02-18,DO 0.05%,85.76,87.76147340297699
2026-02-19,DO 0.001%,91.87,89.42379605770111
2026-02-19,DO 0.05%,90.71,88.4503786110878
2026-02-20,DO 0.001%,93.14,88.45906111001968
2026-02-20,DO 0.05%,92.09,87.25077502727508
2026-02-23,DO 0.001%,91.86,88.61091178655624
2026-02-23,DO 0.05%,91.02,87.5710823750496
2026-02-24,DO 0.001%,92.6,88.78007802963256
2026-02-24,DO 0.05%,91.88,87.97107477664947
2026-02-25,DO 0.001%,92.41,89.04880088567734
2026-02-25,DO 0.05%,91.7,88.2040897321701
2026-02-26,DO 0.001%,92.61,88.10273411870003
2026-02-26,DO 0.05%,91.9,87.03903571128845
2026-02-27,DO 0.001%,92.88,88.57147018909454
2026-02-27,DO 0.05%,92.26,87.80348500728607
2026-03-02,DO 0.001%,115.15,88.73328915834426
2026-03-02,DO 0.05%,114.53,87.60550739765168
2026-03-03,DO 0.001%,125.87,88.36076763868331
2026-03-03,DO 0.05%,125.25,87.79780804395676
2026-03-04,DO 0.001%,145.14,87.57371461391449
2026-03-04,DO 0.05%,140.6,85.79698463201522
2026-03-05,DO 0.001%,153.21,88.47178726196289
2026-03-05,DO 0.05%,152.21,86.80538767576218
2026-03-06,DO 0.001%,155.76,88.78100433349609
2026-03-06,DO 0.05%,154.76,87.66698880672455
2026-03-09,DO 0.001%,185.43,87.82782186865806
2026-03-09,DO 0.05%,184.43,86.75676505565643
2026-03-10,DO 0.001%,161.4,87.73733355998992
2026-03-10,DO 0.05%,160.4,86.07551907777787
2026-03-11,DO 0.001%,164.56,88.71602622270584
2026-03-11,DO 0.05%,163.56,87.20086549043656
2026-03-12,DO 0.001%,194.5,89.24624044895172
2026-03-12,DO 0.05%,193.5,87.10792726993562
2026-03-13,DO 0.001%,192.48,88.57160702943801
2026-03-13,DO 0.05%,191.48,87.10384857416153
2026-03-16,DO 0.001%,190.93,88.38785150051116
2026-03-16,DO 0.05%,189.93,86.7935615336895
2026-03-17,DO 0.001%,198.2,87.40265365839004
2026-03-17,DO 0.05%,197.2,85.43024968743325
2026-03-18,DO 0.001%,198.88,87.93605731725692
2026-03-18,DO 0.05%,197.88,86.08979970216751
2026-03-19,DO 0.001%,224.5,88.69955275058746
2026-03-19,DO 0.05%,223.5,87.41897711992264
2026-03-20,DO 0.001%,223.02,88.21440110206603
2026-03-20,DO 0.05%,222.02,86.83939237475396
2026-03-23,DO 0.001%,242.91,87.70574975609779
2026-03-23,DO 0.05%,241.91,85.90316564083099
2026-03-24,DO 0.001%,219.93,87.31541267633438
2026-03-24,DO 0.05%,218.93,85.13424846053124
2026-03-25,DO 0.001%,205.62,87.1869459092617
2026-03-25,DO 0.05%,204.62,84.54930848121643
2026-03-26,DO 0.001%,216.56,87.94680981040001
2026-03-26,DO 0.05%,215.56,85.21745696783066
2026-03-27,DO 0.001%,237.81,87.55063596367836
2026-03-27,DO 0.05%,236.81,84.95763470649719
2026-03-30,DO 0.001%,252.15,87.78906973600387
2026-03-30,DO 0.05%,251.15,85.68861897826196
2026-03-31,DO 0.001%,238.89,88.14384937882423
2026-03-31,DO 0.05%,237.89,85.4938015794754
2026-04-01,DO 0.001%,246.0,87.33642293214798
2026-04-01,DO 0.05%,245.0,85.24993085861206
2026-04-02,DO 0.001%,292.82,88.96218094825744
2026-04-02,DO 0.05%,291.82,87.00033999323846
2026-04-06,DO 0.001%,272.64,87.52104687094688
2026-04-06,DO 0.05%,264.02,84.94770780444145
2026-04-07,DO 0.001%,255.36,86.87728673815727
2026-04-07,DO 0.05%,234.99,84.7862101328373
2026-04-08,DO 0.001%,198.36,87.84913212060928
2026-04-08,DO 0.05%,183.29,84.9819200706482
2026-04-09,DO 0.001%,211.03,88.18279098272323
2026-04-09,DO 0.05%,181.78,85.39791590452194
2026-04-10,DO 0.001%,210.16,89.26892436742783
2026-04-10,DO 0.05%,182.08,86.62664116859436
2026-04-13,DO 0.001%,203.24,89.5346788406372
2026-04-13,DO 0.05%,176.9,86.50633521080017
2026-04-14,DO 0.001%,191.77,90.28032187223434
2026-04-14,DO 0.05%,168.23,87.48587603330613
2026-04-15,DO 0.001%,173.33,90.65061184167861
2026-04-15,DO 0.05%,155.37,87.83767132759094
2026-04-16,DO 0.001%,172.2,89.82026463747025
2026-04-16,DO 0.05%,158.6,87.89920462846756
2026-04-17,DO 0.001%,170.31,89.85122213363647
2026-04-17,DO 0.05%,156.71,87.0912907576561
2026-04-20,DO 0.001%,155.07,90.42575157880783
2026-04-20,DO 0.05%,141.47,87.85336340904236
2026-04-21,DO 0.001%,152.84,90.1643338918686
2026-04-21,DO 0.05%,139.24,87.655095205307
2026-04-22,DO 0.001%,167.21,90.56800237894058
2026-04-22,DO 0.05%,153.61,87.90545240163803
2026-04-23,DO 0.001%,171.29,91.23214119672775
2026-04-23,DO 0.05%,157.69,88.53765024662017
2026-04-24,DO 0.001%,172.84,90.67553783655167
2026-04-24,DO 0.05%,159.24,87.78207444906235
2026-04-27,DO 0.001%,174.03,92.16587654352188
2026-04-27,DO 0.05%,160.43,89.03477372646331
2026-04-28,DO 0.001%,167.39,91.12641624212264
2026-04-28,DO 0.05%,153.79,88.91819360017777
2026-04-29,DO 0.001%,169.48,90.18839673995971
2026-04-29,DO 0.05%,156.43,87.80508327484131
2026-04-30,DO 0.001%,178.67,90.75519996881485
2026-04-30,DO 0.05%,165.62,88.38043883800506
