date,product,true,pred,q10,q90
2024-01-10,MG95,91.68,92.78335877418517,82.10594162940978,99.9703505039215
2024-01-10,MG92,87.36,87.62810244560241,78.9672891497612,95.88190995454788
2024-01-11,MG95,91.48,93.18353405475615,81.60006589889525,101.31878457069396
2024-01-11,MG92,87.16,88.12662366628646,78.82608999609947,97.01181766986846
2024-01-12,MG95,95.45,90.39100632190704,84.39373826742171,93.87380793094634
2024-01-12,MG92,90.36,85.209857070446,79.29182351231574,90.39012162685394
2024-01-15,MG95,94.05,93.36677159309386,81.62465160846709,101.4748596382141
2024-01-15,MG92,88.96,88.23253444433212,78.91495258808135,97.20060058832168
2024-01-16,MG95,94.9,92.71768330574035,82.27075319528579,99.60910348415374
2024-01-16,MG92,89.81,87.50937889814377,79.04010280966759,95.59506826400757
2024-01-17,MG95,93.09,91.82765719413757,82.97271300315856,97.48130561828613
2024-01-17,MG92,88.0,86.63894244432448,79.0761368215084,93.682881629467
2024-01-18,MG95,95.56,93.03025935173034,81.78651374101638,100.81041726112365
2024-01-18,MG92,90.17,87.93752626180648,78.87624037265778,96.5857499718666
2024-01-19,MG95,97.74,94.39830661773681,80.51940737009048,104.76103945732116
2024-01-19,MG92,92.24,89.47935994863509,78.63766721487045,99.95384459495544
2024-01-22,MG95,97.16,93.93793947219848,81.09128865003585,103.11444643020629
2024-01-22,MG92,91.91,88.87240191698073,78.8133228778839,98.60253871679305
2024-01-23,MG95,101.07,93.12376810073852,81.82474989652633,100.84313786983489
2024-01-23,MG92,95.39,87.97907899618149,78.93818397521972,96.6486268877983
2024-01-24,MG95,100.72,93.08635182380675,81.73046918392181,100.97369022369384
2024-01-24,MG92,95.05,88.00067708492278,78.86543118357658,96.72562524080276
2024-01-25,MG95,101.96,95.7560787820816,79.06074222564696,109.42088856697082
2024-01-25,MG92,96.49,91.2269892334938,78.19817299246787,103.77533676624297
2024-01-26,MG95,102.8,93.5126886844635,81.42895085096359,102.00032727241515
2024-01-26,MG92,97.55,88.42448251247406,78.85463213920593,97.63475362062454
2024-01-29,MG95,105.17,94.66134922027587,80.26406310796737,105.57987455368041
2024-01-29,MG92,100.3,89.79393727779387,78.57557144165038,100.63882559537888
2024-01-30,MG95,101.74,93.59296225070953,81.21744347333907,102.48811243534087
2024-01-30,MG92,97.1,88.58339940309524,78.75852622389793,98.01290785074234
2024-01-31,MG95,101.3,96.25561908721923,78.95050050020217,110.27227390766143
2024-01-31,MG92,96.66,91.63495876789092,78.26711644530296,104.59537429809569
2024-02-01,MG95,100.01,94.52923164367675,80.20709219455718,105.5401477098465
2024-02-01,MG92,95.37,89.7361428618431,78.49637168645859,100.5513477563858
2024-02-02,MG95,98.45,95.08895316600798,79.92563426733017,106.77603480815887
2024-02-02,MG92,93.62,90.26948072910308,78.51309016942977,101.65791249275208
2024-02-05,MG95,97.0,94.54808885097503,80.16877618074416,105.63955532550811
2024-02-05,MG92,92.17,89.76958997249602,78.47985102534294,100.62837654352188
2024-02-06,MG95,98.21,94.83545096874236,80.27338523387908,105.76014136314392
2024-02-06,MG92,93.38,89.90298277139664,78.63773315548896,100.84240964651107
2024-02-07,MG95,98.09,95.60280407905577,79.39729705810547,108.50687302112578
2024-02-07,MG92,93.26,90.92307399511337,78.35463486313819,103.08178348541259
2024-02-08,MG95,99.61,95.21660932540892,79.90167145252227,106.97439218521117
2024-02-08,MG92,95.45,90.36765109300613,78.53789905905722,101.85323874950409
2024-02-09,MG95,101.05,96.25347888469695,78.62154285430907,111.00557543754577
2024-02-09,MG92,96.89,91.8366964817047,78.07135396599769,105.08835650682448
2024-02-12,MG95,101.05,94.92373166084289,79.73631152629852,106.97161311626434
2024-02-12,MG92,96.89,90.26347506046295,78.34684372544288,101.71498663425444
2024-02-13,MG95,102.91,95.93682474136352,78.7978859591484,110.2177253627777
2024-02-13,MG92,98.69,91.50822089910507,78.09125788807869,104.40135670900344
2024-02-14,MG95,103.66,96.33534961700438,78.53455586671829,111.30263767719268
2024-02-14,MG92,99.44,91.94698977470398,78.0404531776905,105.3288165807724
2024-02-15,MG95,99.92,96.30723949432372,78.57498546361923,111.17694070816039
2024-02-15,MG92,95.56,91.90265738964081,78.05745571255683,105.23035202026367
2024-02-16,MG95,100.76,96.4325850868225,78.47233560085296,111.56483910560607
2024-02-16,MG92,96.4,92.05327590703963,78.02803097963333,105.55365380048751
2024-02-19,MG95,100.24,95.75831481456756,78.78438990592956,110.01773887634276
2024-02-19,MG92,95.65,91.38763072490691,78.03100337982177,104.17889335155486
2024-02-20,MG95,99.02,96.34629552841186,78.83484438180923,110.64181554317473
2024-02-20,MG92,94.35,91.76855446100234,78.22184567451477,104.88975350856781
2024-02-21,MG95,98.6,96.0333042192459,79.05342188119887,109.77571497917174
2024-02-21,MG92,93.93,91.42163579463958,78.27031710147857,104.15041714906693
2024-02-22,MG95,100.78,96.89272862911224,77.87267427921294,113.51644825935362
2024-02-22,MG92,96.11,92.74979144334793,77.77817690372467,107.09280928373336
2024-02-23,MG95,101.23,95.3030798959732,79.39921365737915,108.13830033302307
2024-02-23,MG92,96.56,90.71577697992325,78.26582806706428,102.6884020447731
2024-02-26,MG95,99.18,95.68964732170105,79.12321803808211,109.2037165737152
2024-02-26,MG92,94.51,91.14412723779678,78.21646897792816,103.59623190164565
2024-02-27,MG95,101.65,96.569238615036,77.86277717351913,113.10267577171325
2024-02-27,MG92,96.98,92.51604716777801,77.68984690904617,106.64936369657515
2024-02-28,MG95,102.04,95.75296963214873,78.81934654712677,109.93613433837889
2024-02-28,MG92,97.37,91.36399354934692,78.05085150599479,104.12137284278869
2024-02-29,MG95,100.8,96.43061524868011,78.14290945291519,112.29642634391784
2024-02-29,MG92,96.13,92.24951518774031,77.8268664419651,106.04170567989348
2024-03-01,MG95,99.03,97.75925510406493,76.86191306114196,117.03735825061797
2024-03-01,MG92,94.59,94.01697738170623,77.34646367430686,109.88501912355422
2024-03-04,MG95,98.26,96.44244492530822,77.93995223760604,112.75864620208739
2024-03-04,MG92,93.82,92.37563422918319,77.70372994542122,106.35529897212982
2024-03-05,MG95,98.94,98.01565349578857,76.66421052217483,117.86610642433166
2024-03-05,MG92,94.5,94.33455754518508,77.2747608602047,110.57205950021743
2024-03-06,MG95,97.08,97.21208730697631,77.7665106511116,114.17953836917876
2024-03-06,MG92,93.64,93.04534744024276,77.78710932135581,107.70153249502181
2024-03-07,MG95,98.14,97.65060522079467,77.14480843782424,116.2216642475128
2024-03-07,MG92,94.2,93.75823653936385,77.50037922263145,109.28880434036255
2024-03-08,MG95,99.79,96.82418890953063,77.99550167322158,113.14651265621184
2024-03-08,MG92,95.41,92.62467672824859,77.83666623234748,106.81097908020018
2024-03-11,MG95,98.19,98.27548047065734,76.10146503210068,119.57562779426574
2024-03-11,MG92,93.78,94.88429940938948,76.96682324409484,111.8356542110443
2024-03-12,MG95,99.19,97.04669543743132,77.05304592370986,115.5704570531845
2024-03-12,MG92,94.68,93.34786270856857,77.30007698535918,108.53072055578231
2024-03-13,MG95,98.51,96.6461581325531,77.82640437841415,113.28873497009276
2024-03-13,MG92,94.13,92.59521648883819,77.68752377033233,106.81284570693968
2024-03-14,MG95,99.8,97.21975370407104,77.77896322250366,114.16041496753692
2024-03-14,MG92,95.93,93.04282140731812,77.79633086323737,107.69288920164108
2024-03-15,MG95,100.94,97.43213419914245,76.80434587240218,116.69697021961211
2024-03-15,MG92,97.07,93.79760816097259,77.23583560585975,109.48009300231932
2024-03-18,MG95,103.56,97.62186687946318,76.87175160408019,116.81923860549927
2024-03-18,MG92,99.21,93.90613627433777,77.32285186052322,109.66549773216246
2024-03-19,MG95,103.3,97.18866220474243,77.22615210533141,115.39076522350311
2024-03-19,MG92,99.29,93.36065518856049,77.4469825387001,108.48976635932921
2024-03-20,MG95,104.4,97.65062651634216,76.93018126249312,116.72452665805815
2024-03-20,MG92,100.2,93.8924104809761,77.36614441275596,109.61935958862304
2024-03-21,MG95,104.78,97.78967579364776,76.19490989446639,118.61321811676025
2024-03-21,MG92,100.55,94.43465540409088,76.92163363099098,110.9296808362007
2024-03-22,MG95,105.55,97.37394411563872,76.60536027669906,117.05274428367613
2024-03-22,MG92,100.94,93.86230098009109,77.09143579602241,109.67985249757766
2024-03-25,MG95,105.67,96.79340619564056,77.46392754077911,114.29634444713592
2024-03-25,MG92,101.06,92.91642845869063,77.49764015078544,107.55680805444716
2024-03-26,MG95,105.19,97.03390746116638,76.93256636381149,115.81453597068786
2024-03-26,MG92,100.58,93.40335427522659,77.21787946820258,108.68355062007903
2024-03-27,MG95,103.9,97.60361659526824,76.29101670026779,118.10557485580443
2024-03-27,MG92,99.29,94.2257048010826,76.94045206904411,110.49392493963241
2024-03-28,MG95,104.58,97.52710169315337,76.3042199397087,117.95475978851317
2024-03-28,MG92,99.97,94.153768658638,76.92997765541077,110.3525178194046
2024-04-01,MG95,106.58,97.50648760318755,76.30764319896697,117.91430889606475
2024-04-01,MG92,103.25,94.13437197208404,76.92698496580124,110.31455631256102
2024-04-02,MG95,106.91,97.87296267986297,76.09649252176284,118.96535064220427
2024-04-02,MG92,102.56,94.55903970003128,76.87573896050452,111.20586043596266
2024-04-03,MG95,107.09,96.94505178928374,77.04151438474655,115.4430351448059
2024-04-03,MG92,102.74,93.27149332761763,77.26530091762542,108.3919510602951
2024-02-07,MG95,98.09,96.45020388960837,93.9003007352352,99.5323905467987
2024-02-07,MG92,93.26,92.41224344611167,88.73501566648483,94.70621603488922
2024-02-08,MG95,99.61,96.10558646857739,92.90892929673194,99.72557673573493
2024-02-08,MG92,95.45,91.9922921037674,87.76915151238441,94.78552984952927
2024-02-09,MG95,101.05,95.85157958686351,91.84471351742744,100.03524128317832
2024-02-09,MG92,96.89,91.61969528317451,86.71711081147194,94.98540066242218
2024-02-12,MG95,101.05,95.6776406008005,91.04574386239051,100.28028018593787
2024-02-12,MG92,96.89,91.35145317912101,85.93235488295555,95.16172779560088
2024-02-13,MG95,102.91,95.55727533757685,90.23893600642681,100.58053186774254
2024-02-13,MG92,98.69,91.11551545262336,85.13608871102333,95.40953198194504
2024-02-14,MG95,103.66,95.68765640497207,90.27647039353847,100.70059273481368
2024-02-14,MG92,99.44,91.20394061565399,85.14682529687882,95.54658625364303
2024-02-15,MG95,99.92,95.41405109405517,88.91508201658725,101.13167622447013
2024-02-15,MG92,95.56,90.76254393100739,83.83323824763298,95.90728878498076
2024-02-16,MG95,100.76,95.43484369277954,88.84515870809554,101.19271936058998
2024-02-16,MG92,96.4,90.76125821232796,83.7591340982914,95.9710069990158
2024-02-19,MG95,100.24,95.27175760030745,87.73919382572174,101.6046024775505
2024-02-19,MG92,95.65,90.44080257177353,82.69242729902267,96.35211405277252
2024-02-20,MG95,99.02,95.21111837446689,87.78395762145519,101.51198409438133
2024-02-20,MG92,94.35,90.41308448076248,82.74827535629272,96.24720831394195
2024-02-21,MG95,98.6,95.15596998691558,86.68952467024326,102.03909286260604
2024-02-21,MG92,93.93,90.1615455877781,81.68104536414145,96.77690214633941
2024-02-22,MG95,100.78,95.02321228802204,86.02687180757522,102.24357683181762
2024-02-22,MG92,96.11,89.95021462440491,81.05762208342551,96.96678776741027
2024-02-23,MG95,101.23,95.17475474178791,86.22554298102855,102.31528554081916
2024-02-23,MG92,96.56,90.08046738862991,81.22262264728546,97.06757475376129
2024-02-26,MG95,99.18,95.16556431949138,85.51754094541073,102.69555828809737
2024-02-26,MG92,94.51,89.93420158267021,80.5328095293045,97.46604735851287
2024-02-27,MG95,101.65,95.50556311428547,85.21067450106143,103.32013236284256
2024-02-27,MG92,96.98,90.0777512383461,80.15479153990745,98.17252472639083
2024-02-28,MG95,102.04,95.16120911300182,85.01631170392037,102.97014703273773
2024-02-28,MG92,97.37,89.83212887763976,80.04551101803779,97.75664204359055
2024-02-29,MG95,100.8,94.79821670114994,83.82156851291656,103.18426631093024
2024-02-29,MG92,96.13,89.3804965364933,78.95978003501892,97.92990794181823
2024-03-01,MG95,99.03,94.938982360363,83.62745157420635,103.46806889295577
2024-03-01,MG92,94.59,89.4254243338108,78.74559377431869,98.25787195682526
2024-03-04,MG95,98.26,94.73853749394416,83.2119742411375,103.45094075560569
2024-03-04,MG92,93.82,89.22546446681022,78.38347750902176,98.20833560943603
2024-03-05,MG95,98.94,94.6220766967535,81.77409462332724,104.11975764036178
2024-03-05,MG92,94.5,88.87560983896255,77.02514633655548,98.91756252288818
2024-03-06,MG95,97.08,94.75871544659137,82.68466644465923,103.77314408302307
2024-03-06,MG92,93.64,89.13385005354881,77.87281342625617,98.5610566663742
2024-03-07,MG95,98.14,94.8789402192831,81.90003853142261,104.38276762366294
2024-03-07,MG92,94.2,89.05086275696755,77.09475881934165,99.24069535255431
2024-03-08,MG95,99.79,94.466893196702,80.45431485891342,104.68660181403159
2024-03-08,MG92,95.41,88.5281652379036,75.79275993585586,99.51394675016402
2024-03-11,MG95,98.19,94.9131262487173,82.09728723824024,104.31344725370407
2024-03-11,MG92,93.78,89.109599506855,77.27699135303497,99.16979715108872
2024-03-12,MG95,99.19,94.77064543426036,81.1383866739273,104.68504471063613
2024-03-12,MG92,94.68,88.83851323723792,76.38692337632179,99.55550162315369
2024-03-13,MG95,98.51,94.62226401746273,80.63087048113346,104.78625643134116
2024-03-13,MG92,94.13,88.65293004274368,75.93160085558891,99.64579135656356
2024-03-14,MG95,99.8,94.59172488808632,80.17532993137836,105.01662578105926
2024-03-14,MG92,95.93,88.54659387230873,75.50246580839156,99.89333951234816
2024-03-15,MG95,100.94,94.71806099891661,80.04963188171386,105.26617208838462
2024-03-15,MG92,97.07,88.5958519256115,75.35574360013008,100.18225330114365
2024-03-18,MG95,103.56,94.63240275084972,80.7820500010252,104.7103447139263
2024-03-18,MG92,99.21,88.68826225996017,76.074098559618,99.56425118923187
2024-03-19,MG95,103.3,94.81183257520198,79.40339884996413,105.7999541568756
2024-03-19,MG92,99.29,88.52517635941506,74.71564493775368,100.7739176607132
2024-03-20,MG95,104.4,94.82304840266704,80.21077452182769,105.3161750102043
2024-03-20,MG92,100.2,88.68854611992836,75.48657521605492,100.2493778347969
2024-03-21,MG95,104.78,94.4774768167734,79.03780150949954,105.55048980236053
2024-03-21,MG92,100.55,88.2597505915165,74.44029520273209,100.4613600063324
2024-03-22,MG95,105.55,94.69334637284278,78.94052937746048,105.91717009067534
2024-03-22,MG92,100.94,88.36635392427443,74.30039119958877,100.8879291820526
2024-03-25,MG95,105.67,94.58874531805515,78.49632758438587,106.04526233315467
2024-03-25,MG92,101.06,88.21959832072258,73.89970893979073,101.01494260311127
2024-03-26,MG95,105.19,94.63162419915199,78.32698380947113,106.21564222574233
2024-03-26,MG92,100.58,88.21176155924796,73.72807384490966,101.20506199121475
2024-03-27,MG95,103.9,94.8085193401575,78.69117039084433,106.24686624646186
2024-03-27,MG92,99.29,88.38517773628234,74.03404149532318,101.25810484409332
2024-03-28,MG95,104.58,94.25335344195365,77.54746038556098,106.16784032225608
2024-03-28,MG92,99.97,87.84261558532714,73.06691945195197,101.10547723531722
2024-04-01,MG95,106.58,94.54155220687389,78.14836765944958,106.19751894712448
2024-04-01,MG92,103.25,88.12500059485436,73.57809002995491,101.1748615169525
2024-04-02,MG95,106.91,94.21125311255454,77.21300511300564,106.32111549258231
2024-04-02,MG92,102.56,87.753995616436,72.75743416428566,101.26707704544067
2024-04-03,MG95,107.09,93.83145452082157,76.19347703039645,106.44943017840384
2024-04-03,MG92,102.74,87.34060644865036,71.86166672468185,101.35106620073319
2024-04-04,MG95,106.36,93.76610300838946,76.0330895268917,106.46432217478751
2024-04-04,MG92,102.01,87.27259693980217,71.72112264513969,101.35684358596801
2024-04-05,MG95,107.02,93.76746693730354,75.72034589529036,106.66594950318336
2024-04-05,MG92,102.67,87.21335926055907,71.4254017829895,101.57848812818527
2024-04-08,MG95,106.27,94.31981131732464,76.7709340929985,106.76258357405662
2024-04-08,MG92,101.92,87.7313703072071,72.31392244458198,101.76180600881575
2024-04-09,MG95,106.43,93.76078192949295,75.7268318748474,106.65279022336006
2024-04-09,MG92,101.97,87.21079895496368,71.43267082452773,101.56298158168792
2024-04-10,MG95,106.43,93.97046990215777,76.2558314114809,106.59859600067138
2024-04-10,MG92,101.97,87.43192587018012,71.89573548674583,101.53592026472091
2024-04-11,MG95,107.79,93.71495860099792,75.68592571496963,106.61772612810134
2024-04-11,MG92,103.38,87.1769027352333,71.40175235152245,101.5170185303688
2024-04-12,MG95,108.62,93.81416247785091,75.39684888422488,106.93958993673324
2024-04-12,MG92,104.21,87.17786006689072,71.1111799299717,101.88533518791198
2024-04-15,MG95,107.89,94.09404303252697,76.03496273398399,106.91678364038466
2024-04-15,MG92,103.48,87.4601838517189,71.66187940001487,101.9003408050537
2024-04-16,MG95,108.46,93.44204988896846,74.68378918945788,106.9026760494709
2024-04-16,MG92,104.05,86.83011490821838,70.50011290669441,101.78389142751693
2024-04-17,MG95,108.41,93.97175187826156,75.69603517949581,106.96460895895957
2024-04-17,MG92,104.0,87.3251555609703,71.36473923802376,101.9356173634529
2024-04-18,MG95,105.32,94.26647759914398,76.39477069377898,106.93135953307151
2024-04-18,MG92,100.91,87.62830687522887,71.96736838459968,101.93833351373672
2024-04-19,MG95,105.41,93.52523199141025,74.9931142181158,106.81187233567238
2024-04-19,MG92,101.0,86.9364455127716,70.778729814291,101.69848853826522
2024-04-22,MG95,104.36,94.1335325795412,76.09364094614982,106.93530497550964
2024-04-22,MG92,99.95,87.49409676909447,71.70943429350852,101.9256989622116
2024-04-23,MG95,104.94,93.69030836641788,75.07368553817271,106.980531219244
2024-04-23,MG92,100.53,87.04545330643653,70.82765391469002,101.91097163915633
2024-04-24,MG95,105.05,93.64645775914191,74.77233334720134,107.1183173084259
2024-04-24,MG92,100.64,86.96276100158691,70.55054536104203,102.05481628656386
2024-04-25,MG95,105.56,93.59434747934341,74.786651673913,107.03798013925552
2024-04-25,MG92,101.15,86.93598911046982,70.57293133735656,101.9584708738327
2024-04-26,MG95,106.1,93.95152709543704,75.46894394218921,107.08565325975417
2024-04-26,MG92,101.69,87.26999767303467,71.15330252289772,102.06457884311675
2024-04-29,MG95,106.05,93.90892919540404,75.56732243716716,106.96030058264732
2024-04-29,MG92,101.64,87.26457093834877,71.25489656209945,101.92195868968963
2024-04-30,MG95,105.3,93.6469084995985,74.70971554636955,107.16023031711578
2024-04-30,MG92,100.89,86.95101699113846,70.49130211591721,102.10074594259261
2024-05-01,MG95,105.3,93.7284573996067,74.87295383691787,107.16524114608764
2024-05-01,MG92,100.89,87.0286109483242,70.63110593318939,102.11881279468535
2024-03-06,MG95,97.08,97.59119099736213,96.29893694400788,99.84466688632965
2024-03-06,MG92,93.64,93.91365918517113,90.2290008366108,95.77299892902374
2024-03-07,MG95,98.14,97.36921724438668,95.44810046195984,100.27727981328964
2024-03-07,MG92,94.2,93.70514452457428,89.58121356368065,96.08058607578278
2024-03-08,MG95,99.79,97.28278075933456,95.08384884595871,100.47736284971236
2024-03-08,MG92,95.41,93.63511955738068,89.30688714981079,96.23311793804169
2024-03-11,MG95,98.19,97.09054700732231,94.05215447187423,101.11364436149597
2024-03-11,MG92,93.78,93.50318625569344,88.53598165512085,96.75263875722885
2024-03-12,MG95,99.19,97.19811345934868,94.25937911868095,101.0655225276947
2024-03-12,MG92,94.68,93.56987670063972,88.69693431258202,96.72532045841217
2024-03-13,MG95,98.51,97.0276878619194,93.45544373273849,101.53780058383941
2024-03-13,MG92,94.13,93.47239825129509,88.09023714065552,97.12247782945633
2024-03-14,MG95,99.8,97.00344412922858,93.53823569655418,101.4427481675148
2024-03-14,MG92,95.93,93.45676204562187,88.1511822938919,97.03309911489487
2024-03-15,MG95,100.94,96.94640560269356,93.48622755289078,101.42400660037994
2024-03-15,MG92,97.07,93.42414343357086,88.11070615053177,97.00690734386444
2024-03-18,MG95,103.56,96.78484951972962,92.71644333600997,101.89111863613128
2024-03-18,MG92,99.21,93.35455217957497,87.53514057397842,97.40543907880783
2024-03-19,MG95,103.3,96.69079374432563,91.97556170582772,102.40761452436448
2024-03-19,MG92,99.29,93.3361503481865,86.97935682535172,97.87010926008224
2024-03-20,MG95,104.4,96.68529157876968,92.411424036026,102.04303266048431
2024-03-20,MG92,100.2,93.31193000078201,87.30802693963051,97.52672106027603
2024-03-21,MG95,104.78,96.47054789543152,90.98102021813392,103.01731108188629
2024-03-21,MG92,100.55,93.27946346998215,86.23598930239677,98.4025964140892
2024-03-22,MG95,105.55,96.45435985207557,90.94052357196807,103.03578137397766
2024-03-22,MG92,100.94,93.27382519841194,86.20625460147858,98.41645270586014
2024-03-25,MG95,105.67,96.28638752460479,90.14160677433014,103.54463438272477
2024-03-25,MG92,101.06,93.24712085723877,85.60894703865051,98.86469811201096
2024-03-26,MG95,105.19,96.35540343403817,90.15219829559327,103.59750942707062
2024-03-26,MG92,100.58,93.28153064846992,85.61100858449936,98.93430626392365
2024-03-27,MG95,103.9,95.96631835699081,87.43786738872528,105.5330922460556
2024-03-27,MG92,99.29,93.34026780724525,83.5492599606514,100.71534669399261
2024-03-28,MG95,104.58,96.35584573030472,89.97631181359291,103.74366770267487
2024-03-28,MG92,99.97,93.29575869441032,85.4757576584816,99.07636141777039
2024-04-01,MG95,106.58,95.77301719665527,87.44359365105629,105.37029183626174
2024-04-01,MG92,103.25,93.24431017041206,83.57630789279938,100.48902726173401
2024-04-02,MG95,106.91,96.097692142725,88.86216162085533,104.44529111623764
2024-04-02,MG92,102.56,93.26381036639214,84.64221721887589,99.68883204460144
2024-04-03,MG95,107.09,96.04116667985916,89.25267384052276,104.0714859008789
2024-04-03,MG92,102.74,93.1985337138176,84.94904959201813,99.30557602643967
2024-04-04,MG95,106.36,96.0173003733158,88.75698356866836,104.46530649662017
2024-04-04,MG92,102.01,93.23335468769073,84.5693308711052,99.68339091539383
2024-04-05,MG95,107.02,95.9905385005474,88.86707405805588,104.35085201740264
2024-04-05,MG92,102.67,93.20911744236946,84.65704795718193,99.56267219781876
2024-04-08,MG95,106.27,95.42674050092697,85.79033738493919,106.51312641620636
2024-04-08,MG92,101.92,93.25628516077995,82.31865227222443,101.47860306501389
2024-04-09,MG95,106.43,96.05281381487846,88.60577721834183,104.62176142930984
2024-04-09,MG92,101.97,93.26579305529594,84.44856145977974,99.84794282913208
2024-04-10,MG95,106.43,95.83147696852684,88.0593644106388,104.89749481916428
2024-04-10,MG92,101.97,93.208909034729,84.0487229526043,100.04524290561676
2024-04-11,MG95,107.79,95.79763245820999,87.93652399420738,104.97359336614609
2024-04-11,MG92,103.38,93.20447614789009,83.95699542760849,100.10805809497833
2024-04-12,MG95,108.62,95.90749295353889,87.45143703818322,105.47299892663955
2024-04-12,MG92,104.21,93.31021204590797,83.56697461009026,100.63670378923416
2024-04-15,MG95,107.89,95.90492763519286,87.17398164153099,105.70633084774018
2024-04-15,MG92,103.48,93.3381499350071,83.35022503137589,100.86521995067596
2024-04-16,MG95,108.46,95.56271416783332,86.5922617971897,105.92857587575912
2024-04-16,MG92,104.05,93.23229011893272,82.93413636088371,100.95903718471527
2024-04-17,MG95,108.41,95.62077292442322,86.5691857266426,105.9937880373001
2024-04-17,MG92,104.0,93.2641652226448,82.90964564681053,101.04539680480957
2024-04-18,MG95,105.32,95.94817241549492,86.87441143155098,105.99699615955353
2024-04-18,MG92,100.91,93.39066302776337,83.10976767539978,101.1654959321022
2024-04-19,MG95,105.41,96.02379328250885,87.27911251544953,105.7156485557556
2024-04-19,MG92,101.0,93.38426998257637,83.41771531105042,100.91344660520554
2024-04-22,MG95,104.36,95.41491644740104,84.67243062257766,107.47868865251542
2024-04-22,MG92,99.95,93.38312092423439,81.43409138917923,102.41844266653061
2024-04-23,MG95,104.94,95.3095437848568,84.16571243047714,107.84564122438431
2024-04-23,MG92,100.53,93.3925950229168,81.04165980219841,102.73213559389114
2024-04-24,MG95,105.05,95.3756405389309,85.47303404331207,106.74901775836945
2024-04-24,MG92,100.64,93.26804047822952,82.07368317246437,101.68881314992905
2024-04-25,MG95,105.56,95.44900864362717,84.11212381482125,107.99993775129317
2024-04-25,MG92,101.15,93.4667092859745,80.98272550106049,102.94062209129333
2024-04-26,MG95,106.1,95.31658514142036,83.93472762823104,108.05618604183196
2024-04-26,MG92,101.69,93.42414343357086,80.85599112510681,102.93999123573303
2024-04-29,MG95,106.05,95.3059464418888,83.66262696504593,108.2908507490158
2024-04-29,MG92,101.64,93.45215454697609,80.63893175125122,103.16350561380386
2024-04-30,MG95,105.3,95.2518978381157,84.02490299105644,107.92698835372924
2024-04-30,MG92,100.89,93.38138043880463,80.9353437423706,102.78665953874588
2024-05-01,MG95,105.3,95.34568233847618,84.76676946759224,107.3428624176979
2024-05-01,MG92,100.89,93.33765989542007,81.51698130369186,102.25710135698318
2024-05-02,MG95,100.51,95.3297301864624,85.47773417830467,106.71003671407699
2024-05-02,MG92,96.1,93.24418061971664,82.08228984475136,101.63155174255371
2024-05-03,MG95,98.84,95.08721619486809,83.85049672722816,107.95912854909896
2024-05-03,MG92,95.37,93.3206267952919,80.81282258033752,102.74557507038116
2024-05-06,MG95,98.2,95.49366877198219,84.57696539640426,107.62349055290223
2024-05-06,MG92,94.3,93.43272757530212,81.34876254200935,102.59187161922455
2024-05-07,MG95,98.51,95.12719388008118,83.58051318883896,108.22988463163375
2024-05-07,MG92,93.98,93.37440159916878,80.59221464395523,103.02637338638306
2024-05-08,MG95,95.84,95.20911304593086,84.52959841489792,107.44834123134613
2024-05-08,MG92,90.88,93.29807934165001,81.34283137321472,102.30185830593109
2024-05-09,MG95,96.86,95.2049613583088,83.37231549024581,108.47479881763458
2024-05-09,MG92,91.9,93.43864184617996,80.41664528846741,103.29824960231781
2024-05-10,MG95,97.03,94.94940257549285,82.70900083065033,108.88473079204559
2024-05-10,MG92,92.07,93.39516350626945,79.90713930130005,103.57952105998993
2024-05-13,MG95,96.4,94.93474782586098,83.53384798407555,108.12994926452636
2024-05-13,MG92,91.44,93.2827867269516,80.57347485423088,102.8421522974968
2024-05-14,MG95,95.49,95.50242034077644,85.3303079867363,106.97059049606322
2024-05-14,MG92,90.53,93.348074644804,81.9465714097023,101.95721966028214
2024-05-15,MG95,94.93,94.68487402439118,82.50628760576248,108.87803147792816
2024-05-15,MG92,89.97,93.28603112697601,79.766092389822,103.44767224788666
2024-05-16,MG95,96.38,95.4392191529274,84.14704752802848,107.96139310598373
2024-05-16,MG92,91.42,93.45782661437988,81.01184061169624,102.89906448125839
2024-05-17,MG95,97.35,94.98387809514999,83.0416960823536,108.6084784412384
2024-05-17,MG92,92.39,93.37028414011002,80.1727125942707,103.32846307754517
2024-05-20,MG95,97.43,95.37826483011246,82.69912288069725,109.21529712438583
2024-05-20,MG92,93.46,93.60408371686935,79.85362359881401,104.089624106884
2024-05-21,MG95,95.4,94.9409458708763,82.42429767251015,109.13810168266296
2024-05-21,MG92,91.42,93.42713436484337,79.67722061276436,103.81994462013245
2024-05-22,MG95,95.4,94.91732725024224,82.6676667702198,108.89886068344116
2024-05-22,MG92,91.42,93.38430377840996,79.87669488787651,103.57824808359146
2024-05-23,MG95,93.75,94.81678446292877,82.13015886068344,109.31719038963318
2024-05-23,MG92,90.22,93.40245214104652,79.44954371452332,103.93394923210144
2024-05-24,MG95,92.47,95.48990630507468,82.96283760666847,109.06196775197982
2024-05-24,MG92,88.81,93.62400636076927,80.05348652601242,103.98839432001114
2024-05-27,MG95,92.46,95.15691618919372,82.35236850500107,109.3640855884552
2024-05-27,MG92,88.8,93.54187685251236,79.59718081355095,104.13622856140137
2024-05-28,MG95,92.45,94.78414299845696,81.41489503026008,109.955677485466
2024-05-28,MG92,88.92,93.47810411453247,78.86846378445625,104.53082871437073
2024-05-29,MG95,93.52,95.20721412062645,82.40884089231491,109.3501915884018
2024-05-29,MG92,89.23,93.55896064639091,79.6376400589943,104.145274579525
2024-04-04,MG95,106.36,106.47368350565434,100.40350061774254,114.41200974225998
2024-04-04,MG92,102.01,102.13038370490074,95.59534772634505,109.82514136791228
2024-04-05,MG95,107.02,106.69836088418961,100.34910416841507,114.50308326244354
2024-04-05,MG92,102.67,102.3140114080906,95.49164149165154,110.03256608486176
2024-04-08,MG95,106.27,106.61197891414166,99.74739211857319,115.18199844002724
2024-04-08,MG92,101.92,102.2486400437355,94.84270439743995,110.61792608261108
2024-04-09,MG95,106.43,106.672100969553,99.8694362527132,115.04805627942086
2024-04-09,MG92,101.97,102.29538898944854,94.96603122711181,110.52615509748458
2024-04-10,MG95,106.43,106.65053898811341,99.59413481414319,115.3627412068844
2024-04-10,MG92,101.97,102.28081439018248,94.66680490612983,110.80744486331939
2024-04-11,MG95,107.79,106.31434952676297,98.32886523246765,116.81284509778023
2024-04-11,MG92,103.38,102.04728399395943,93.37031469225883,111.95725826978683
2024-04-12,MG95,108.62,106.48124105036258,97.49818000376224,117.81051759600639
2024-04-12,MG92,104.21,102.19457930326462,92.42577655553818,112.98644543409347
2024-04-15,MG95,107.89,106.36901406466961,97.31301377534867,118.02475866913795
2024-04-15,MG92,103.48,102.11823412299155,92.25897700309753,113.1162573480606
2024-04-16,MG95,108.46,106.15685386955738,97.89507876217365,117.31503883719445
2024-04-16,MG92,104.05,101.94310622811317,92.95433235883712,112.32333791017531
2024-04-17,MG95,108.41,105.99240705847741,97.39827232658864,117.89532294988632
2024-04-17,MG92,104.0,101.84011035203933,92.48337071776389,112.7533498263359
2024-04-18,MG95,105.32,106.27571923911572,96.72060184597969,118.72955077767372
2024-04-18,MG92,100.91,102.07105038881302,91.65531914710998,113.71151337623596
2024-04-19,MG95,105.41,106.37692906081676,97.03423356831074,118.35879703879357
2024-04-19,MG92,101.0,102.13299243569374,91.95799928069114,113.43144836664199
2024-04-22,MG95,104.36,106.28197463929654,96.63536244392395,118.83247125983239
2024-04-22,MG92,99.95,102.07862550616264,91.56245812892914,113.81106156349182
2024-04-23,MG95,104.94,106.35617772817612,97.03203779518604,118.360239610672
2024-04-23,MG92,100.53,102.11808102846145,91.96198586225509,113.41975194454193
2024-04-24,MG95,105.05,105.94907245457173,96.00460746467114,119.57420852780342
2024-04-24,MG92,100.64,101.86766124367713,91.01831730246543,114.27926137924194
2024-04-25,MG95,105.56,106.19433520615101,96.22092941582203,119.32752873659135
2024-04-25,MG92,101.15,102.03206027388572,91.1523791205883,114.2136634349823
2024-04-26,MG95,106.1,106.25841475963593,96.18580342888832,119.3734740126133
2024-04-26,MG92,101.69,102.07875410556792,91.09286821484565,114.29793891191483
2024-04-29,MG95,106.05,106.1060702329874,96.20101426422596,119.34640983223916
2024-04-29,MG92,101.64,101.97035093069076,91.16363463044166,114.17319748878478
2024-04-30,MG95,105.3,106.5001221460104,95.85887578964234,119.77928352475166
2024-04-30,MG92,100.89,102.26072838783264,90.6713071167469,114.8290054655075
2024-05-01,MG95,105.3,105.80503229081631,95.847852242589,119.75419809341432
2024-05-01,MG92,100.89,101.77303045272826,90.91555413007735,114.34745580673217
2024-05-02,MG95,100.51,106.05783982098103,94.97160472154617,120.83894831538201
2024-05-02,MG92,96.1,101.99006950616835,89.88815510988235,115.52432407855987
2024-05-03,MG95,98.84,106.28910451889038,94.68259885013104,121.20237429976464
2024-05-03,MG92,95.37,102.16138840913771,89.50118725180626,116.0153043603897
2024-05-06,MG95,98.2,106.12837264955044,94.59862967729569,121.29864363193512
2024-05-06,MG92,94.3,102.05540412783623,89.47143792271613,115.99781484127044
2024-05-07,MG95,98.51,106.09714671313763,95.0361885368824,120.76204519152641
2024-05-07,MG92,93.98,102.01425844192504,89.94051343917846,115.47944900989532
2024-05-08,MG95,95.84,105.81881332039833,94.97775160968304,120.81728420495988
2024-05-08,MG92,90.88,101.82456207156181,89.9950763297081,115.34089233636855
2024-05-09,MG95,96.86,106.45252365708352,94.51776905536651,121.40905782818794
2024-05-09,MG92,91.9,102.27941816806792,89.27599744558334,116.3138264465332
2024-05-10,MG95,97.03,106.19989485263825,94.47171526730061,121.45712228059769
2024-05-10,MG92,92.07,102.10986291408538,89.31269114255905,116.19258782625198
2024-05-13,MG95,96.4,105.9174763005972,94.36497771441937,121.57480040073395
2024-05-13,MG92,91.44,101.92235273361206,89.3127585041523,116.11024746417999
2024-05-14,MG95,95.49,105.6016743373871,94.2872384095192,121.65022265434266
2024-05-14,MG92,90.53,101.70979016423225,89.37725416779517,115.95853690862656
2024-05-15,MG95,94.93,105.89170788168907,93.57949732661247,122.54137462377548
2024-05-15,MG92,89.97,101.94379209160805,88.50960622787476,116.98709944725036
2024-05-16,MG95,96.38,105.69272232532502,93.6466407495737,122.44726276636123
2024-05-16,MG92,91.42,101.80576206326484,88.66866532087326,116.76020110607146
2024-05-17,MG95,97.35,105.90959960281849,93.36689670026303,122.80516101956368
2024-05-17,MG92,92.39,101.96653581500053,88.28258541107178,117.24369812726974
2024-05-20,MG95,97.43,105.77455317258836,93.39245447814464,122.76664562702179
2024-05-20,MG92,93.46,101.87437903165817,88.36826935768127,117.1134453010559
2024-05-21,MG95,95.4,105.7495443379879,93.3145938950777,122.86174047589303
2024-05-21,MG92,91.42,101.86156808137893,88.29937681913376,117.18369731903076
2024-05-22,MG95,95.4,105.887539742589,93.1985817539692,123.01259774923325
2024-05-22,MG92,91.42,101.9602711868286,88.11859667420387,117.42028348207474
2024-05-23,MG95,93.75,105.44337441444398,93.37786279976368,122.76341579794884
2024-05-23,MG92,90.22,101.65068955183028,88.51516662120818,116.87265822410583
2024-05-24,MG95,92.47,105.5998360157013,92.8280833375454,123.45752266168594
2024-05-24,MG92,88.81,101.78672322750091,87.86945063591003,117.6272917819023
2024-05-27,MG95,92.46,105.94947458744049,93.27980621039868,122.91477095007897
2024-05-27,MG92,88.8,101.99763237595558,88.17604998946189,117.37287316799163
2024-05-28,MG95,92.45,105.75180394172669,92.64511926531792,123.69369593381882
2024-05-28,MG92,88.92,101.89827402591705,87.61009013056754,117.95448541164397
2024-05-29,MG95,93.52,105.46832580149174,92.53791574895382,123.81123362660408
2024-05-29,MG92,89.23,101.7142115342617,87.63719398617744,117.85823181867599
2024-05-30,MG95,90.86,106.20070550143718,92.04054122090339,124.46364633321762
2024-05-30,MG92,86.57,102.22525332331657,86.80786866903304,118.98099035978316
2024-05-31,MG95,90.78,105.84753071367741,92.3647113776207,124.04767498731614
2024-05-31,MG92,85.96,101.9766461777687,87.28039187431335,118.34971425056457
2024-06-03,MG95,91.38,105.67154971063137,92.16241301238537,124.29223560214044
2024-06-03,MG92,86.43,101.87065577268599,87.15310908198356,118.45014426231384
2024-06-04,MG95,88.04,105.9287615531683,92.38425631165505,124.02655982017518
2024-06-04,MG92,83.24,102.02938418149948,87.26570092320442,118.38742449522017
2024-06-05,MG95,89.43,106.1667986792326,91.6761450111866,124.91850328922273
2024-06-05,MG92,84.63,102.22129736065864,86.44957847833633,119.37919535636901
2024-06-06,MG95,89.87,106.82828809916974,92.25094607412815,124.20762174010277
2024-06-06,MG92,85.14,102.62258874297142,86.8269442474842,119.16100503206252
2024-06-07,MG95,91.12,106.00325187981129,91.78957201242447,124.77213969111443
2024-06-07,MG92,85.88,102.10891985177993,86.62852761268616,119.12973700523376
2024-06-10,MG95,91.67,105.88383756697178,92.20092840492725,124.25357978224754
2024-06-10,MG92,86.43,102.00919407486916,87.09740104436874,118.56583473682403
2024-06-11,MG95,92.62,105.97029613375665,91.86173252165318,124.68077255010606
2024-06-11,MG92,87.38,102.08363475918769,86.71539344906806,119.02200744628905
2024-06-12,MG95,92.14,105.9764430218935,91.45675280749798,125.18872381091118
2024-06-12,MG92,86.9,102.10863203406333,86.3012053835392,119.49644127130507
2024-06-13,MG95,91.15,105.65954317212105,92.20879871964455,124.23362633228302
2024-06-13,MG92,85.91,101.86015961170196,87.20615327477455,118.3873142671585
2024-06-14,MG95,91.78,106.44112350940705,91.52181535243989,125.11607180595398
2024-06-14,MG92,86.54,102.40626004815101,86.19669693350791,119.75017402172088
2024-06-17,MG95,91.78,106.13530465424061,91.80936588585377,124.75101175785065
2024-06-17,MG92,86.54,102.19410777211189,86.59692277789115,119.20218133687972
2024-06-18,MG95,93.26,105.82151973843575,91.43374187111854,125.21254539608955
2024-06-18,MG92,88.02,102.00860619187354,86.34317165613174,119.40833230733871
2024-06-19,MG95,94.52,106.6332855731249,91.18908551037312,125.53408573150635
2024-06-19,MG92,89.28,102.5451351583004,85.7994105041027,120.26790297985076
2024-06-20,MG95,94.85,105.85867553889751,91.24159895658494,125.4555740761757
2024-06-20,MG92,89.61,102.04310145139694,86.13219514608383,119.65961554527283
2024-06-21,MG95,95.95,105.98696869015694,91.25163951218128,125.44682928204537
2024-06-21,MG92,90.71,102.12613380074501,86.08893063187598,119.74273975133896
2024-06-24,MG95,95.52,105.4062186139822,91.10368653178216,125.60987820267678
2024-06-24,MG92,90.28,101.75298731684684,86.20439452648162,119.47141950130462
2024-06-25,MG95,95.57,106.3006131786108,90.88996886968613,125.90828632354737
2024-06-25,MG92,90.33,102.34699409365653,85.6045456624031,120.38938655138016
2024-06-26,MG95,95.65,105.85406696856022,91.11778671443463,125.6113846051693
2024-06-26,MG92,90.41,102.0466593682766,86.00872134566306,119.8003767800331
2024-05-02,MG95,100.51,102.66702550649643,98.14910674095154,106.86872824430465
2024-05-02,MG92,96.1,97.59084265708924,93.29931742250919,101.7520731139183
2024-05-03,MG95,98.84,102.54450450539589,97.80410728454589,106.91179668903351
2024-05-03,MG92,95.37,97.47908152520657,92.9709555798769,101.81345905065537
2024-05-06,MG95,98.2,102.43966403603554,97.41993073225021,106.98915921449661
2024-05-06,MG92,94.3,97.3815784317255,92.58038394927979,101.91483484625816
2024-05-07,MG95,98.51,102.23138900399208,96.83659871220588,107.07641329765319
2024-05-07,MG92,93.98,97.18527332603931,92.02886065363884,102.01606631755828
2024-05-08,MG95,95.84,102.22122128605842,96.71977665424346,107.13644049167632
2024-05-08,MG92,90.88,97.17192934155464,91.90036992967129,102.0773199570179
2024-05-09,MG95,96.86,101.93240788578987,95.66840323805809,107.43834639787674
2024-05-09,MG92,91.9,96.88328073620796,90.86280447721481,102.37978761434555
2024-05-10,MG95,97.03,101.71317431330681,95.01706048250198,107.56846808195114
2024-05-10,MG92,92.07,96.66937407910824,90.23791031420231,102.5083324599266
2024-05-13,MG95,96.4,101.64516357779503,94.68919551372528,107.70854408740998
2024-05-13,MG92,91.44,96.59490875244141,89.90571786403656,102.63670892715454
2024-05-14,MG95,95.49,101.59833558797835,94.46271273493767,107.8075475335121
2024-05-14,MG92,90.53,96.54359544932842,89.67664512813091,102.72689958930016
2024-05-15,MG95,94.93,101.322570759058,93.27824263572693,108.28900780677795
2024-05-15,MG92,89.97,96.24931819617748,88.49320388674737,103.1587780380249
2024-05-16,MG95,96.38,101.34775155186652,93.10797101855277,108.48198105096817
2024-05-16,MG92,91.42,96.26160981595517,88.30119242906571,103.33254449844361
2024-05-17,MG95,97.35,101.2331324994564,92.71328782439231,108.60780969858169
2024-05-17,MG92,92.39,96.14408773899079,87.91575633823872,103.44116056323051
2024-05-20,MG95,97.43,100.98389160633087,91.80870612859725,108.92875810861587
2024-05-20,MG92,93.46,95.8862162911892,87.02792734980584,103.71739727854728
2024-05-21,MG95,95.4,101.06579822301865,91.57375025153159,109.29974173307419
2024-05-21,MG92,91.42,95.94734364688397,86.7525565803051,104.05515222787857
2024-05-22,MG95,95.4,100.96202473640442,90.8810964345932,109.73062702417373
2024-05-22,MG92,91.42,95.82891954302788,86.04987763166427,104.4377559542656
2024-05-23,MG95,93.75,100.7705138862133,90.46683096885681,109.73597449064255
2024-05-23,MG92,90.22,95.64023957133293,85.6666064053774,104.42173595666885
2024-05-24,MG95,92.47,100.85256485939026,90.33370918035507,110.02370835542679
2024-05-24,MG92,88.81,95.71119902014732,85.50395291626454,104.69260861873627
2024-05-27,MG95,92.46,100.67663823366165,89.45999466776847,110.49984626770019
2024-05-27,MG92,88.8,95.52370371043682,84.63516270875931,105.10517166495323
2024-05-28,MG95,92.45,100.33569958806038,88.54958222508431,110.68750970363617
2024-05-28,MG92,88.92,95.18130031585693,83.76979418992997,105.23064961910248
2024-05-29,MG95,93.52,100.34124162197112,88.08057426810264,111.15985668897629
2024-05-29,MG92,89.23,95.17609261393547,83.28220656037331,105.65949725747109
2024-05-30,MG95,90.86,100.3375134587288,88.00602355599403,111.22594685554505
2024-05-30,MG92,86.57,95.17132389843464,83.20606947720051,105.71956022143364
2024-05-31,MG95,90.78,100.14189786314964,87.5049308001995,111.32055684328078
2024-05-31,MG92,85.96,94.97518115758896,82.731338737607,105.77665251016617
2024-06-03,MG95,91.38,100.20648797750472,87.45839779973029,111.50109032392501
2024-06-03,MG92,86.43,95.03658513486386,82.66995280086994,105.95093613266945
2024-06-04,MG95,88.04,100.2501338481903,86.72485343813896,112.3314288496971
2024-06-04,MG92,83.24,95.07911870956421,81.91364534676075,106.73828533887863
2024-06-05,MG95,89.43,99.93393037319183,85.96014062762261,112.45807342529297
2024-06-05,MG92,84.63,94.75764233887196,81.19274545490742,106.78706695318222
2024-06-06,MG95,89.87,99.98206384778022,86.30394129753113,112.20480937957764
2024-06-06,MG92,85.14,94.8062916558981,81.53312229573727,106.56081455469132
2024-06-07,MG95,91.12,99.76226540207863,85.54143149256706,112.53144418001175
2024-06-07,MG92,85.88,94.58500040531159,80.79708037912846,106.8226910018921
2024-06-10,MG95,91.67,99.60214895009995,84.81547526121139,112.95447145700454
2024-06-10,MG92,86.43,94.42484252393245,80.08960866093635,107.18429554224015
2024-06-11,MG95,92.62,99.7313354551792,85.13799903988838,112.88838129043579
2024-06-11,MG92,87.38,94.55457203149795,80.39512516915798,107.14782960176468
2024-06-12,MG95,92.14,99.61490253210067,84.12690736055374,113.71406275033951
2024-06-12,MG92,86.9,94.44649718284607,79.40133207499981,107.90168354272842
2024-06-13,MG95,91.15,99.57817322015762,84.55685119628906,113.17778466939926
2024-06-13,MG92,85.91,94.40191300034523,79.83364349663258,107.38701105237007
2024-06-14,MG95,91.78,99.60966176390647,84.15372000932693,113.67432078123092
2024-06-14,MG92,86.54,94.44035738646984,79.42845903038979,107.8623912513256
2024-06-17,MG95,91.78,99.16835142374039,82.9635195851326,114.01974703073502
2024-06-17,MG92,86.54,93.99823191225529,78.29619879484177,108.0907002711296
2024-06-18,MG95,93.26,99.31167231202126,83.22160388231278,114.04601991176605
2024-06-18,MG92,88.02,94.14335601210594,78.53740078568458,108.14525485754014
2024-06-19,MG95,94.52,99.21039682030677,82.88941449522972,114.19173209667206
2024-06-19,MG92,89.28,94.04331521630287,78.21931002259255,108.26042565107346
2024-06-20,MG95,94.85,98.89208448529243,82.28602319955826,114.16729191541671
2024-06-20,MG92,89.61,93.72434648036956,77.65257855355739,108.17868998765945
2024-06-21,MG95,95.95,98.9933788061142,82.17389586567879,114.51335835456848
2024-06-21,MG92,90.71,93.8301241672039,77.53406424701214,108.5170583152771
2024-06-24,MG95,95.52,98.66386315226555,81.4453977048397,114.6093365907669
2024-06-24,MG92,90.28,93.50310333788396,76.84347245872021,108.54808804035187
2024-06-25,MG95,95.57,98.23083134293556,80.05976369976997,115.2359441757202
2024-06-25,MG92,90.33,93.08549495458603,75.51431779325009,109.06011458516122
2024-06-26,MG95,95.65,98.76983964443207,81.43470277190208,114.8548555970192
2024-06-26,MG92,90.41,93.61209825396539,76.82614151537419,108.79242908477784
2024-06-27,MG95,96.51,98.63520525097847,81.09278501272202,114.9467165350914
2024-06-27,MG92,91.27,93.47942813873291,76.50038352370262,108.85358650803566
2024-06-28,MG95,97.45,98.72098438739776,81.32723250389098,114.86925358772278
2024-06-28,MG92,92.37,93.5635331261158,76.72416436851024,108.7968430030346
2024-07-01,MG95,97.87,98.62633046507835,80.89303328990935,115.1550543308258
2024-07-01,MG92,93.14,93.47450307190418,76.3064357149601,109.04546566843986
2024-07-02,MG95,99.67,98.7929617881775,81.05237774848938,115.33843728303908
2024-07-02,MG92,95.23,93.64701872169971,76.45381488204002,109.25325658321381
2024-07-03,MG95,99.3,98.6971718430519,81.19026330113411,114.97233667373656
2024-07-03,MG92,94.88,93.54166198074817,76.5919813477993,108.8883446109295
2024-07-04,MG95,99.01,98.47771232128143,80.35407519936561,115.44578830003738
2024-07-04,MG92,94.59,93.33234964728355,75.79002531945706,109.2892654967308
2024-07-05,MG95,99.01,98.46852999329566,80.3750571012497,115.40125118494034
2024-07-05,MG92,94.59,93.32224093258381,75.81065166771413,109.24617266535759
2024-07-08,MG95,98.17,98.61373379230498,80.66119676828384,115.39261490106583
2024-07-08,MG92,93.75,93.46731091082096,76.08225797832013,109.26553617596626
2024-07-09,MG95,97.03,98.68977200388908,80.38702613711357,115.87307095527649
2024-07-09,MG92,92.61,93.5592575186491,75.81659903168678,109.74130123972893
2024-07-10,MG95,95.6,98.09546261429786,79.2665624499321,115.86270239353179
2024-07-10,MG92,91.18,92.9626689594984,74.75026493489743,109.61346598863602
2024-07-11,MG95,96.48,98.10378507971764,79.2516937315464,115.89906767606735
2024-07-11,MG92,92.06,92.97157497167588,74.73577236950398,109.64805571317673
2024-07-12,MG95,98.5,97.62900286316871,78.56351496577263,115.63562335968017
2024-07-12,MG92,94.08,92.51118044614792,74.08213962972164,109.37079670071601
2024-07-15,MG95,97.85,98.21152523159981,79.67772111296654,115.6394896030426
2024-07-15,MG92,93.43,93.07255988895893,75.14434845685959,109.42509871959686
2024-07-16,MG95,96.55,97.65885955095291,78.52401777505874,115.75272785425186
2024-07-16,MG92,92.13,92.53988294184208,74.0427811896801,109.47430127978325
2024-07-17,MG95,96.37,98.015005838871,79.1786995589733,115.7849758386612
2024-07-17,MG92,91.95,92.88260505259036,74.66723636627198,109.53212721705437
2024-07-18,MG95,97.64,97.93680855631828,78.93592960238456,115.89626841545105
2024-07-18,MG92,93.22,92.80824796915054,74.43453146874904,109.62410990595818
2024-07-19,MG95,96.84,97.72106464505195,78.70831080079078,115.67437366247177
2024-07-19,MG92,92.42,92.59852070331574,74.21981298744679,109.4084292626381
2024-07-22,MG95,95.04,97.61129094958305,78.25606074929237,115.96716628074645
2024-07-22,MG92,90.62,92.49613463759422,73.78429035007953,109.66079233288765
2024-07-23,MG95,94.99,97.64988434314728,78.34000090956688,115.95470141172409
2024-07-23,MG92,90.57,92.53278098344803,73.8646850001812,109.65191638827324
2024-07-24,MG95,93.51,97.80208001732827,78.43108357787132,116.19439594745636
2024-07-24,MG92,89.09,92.68230697453022,73.95022721707821,109.87963608384132
2024-05-30,MG95,90.86,93.18886308193207,90.463534617424,94.47024951934814
2024-05-30,MG92,86.57,88.97314727663995,86.34903084635735,90.96861435294151
2024-05-31,MG95,90.78,93.37417823791503,90.82278235912322,94.52549010276795
2024-05-31,MG92,85.96,89.16080070436001,86.68968220949174,91.0338619863987
2024-06-03,MG95,91.38,92.70306925296784,89.26110152244567,94.46527730941771
2024-06-03,MG92,86.43,88.46543048620224,85.19816109120846,90.92253467440605
2024-06-04,MG95,88.04,92.37372166156769,88.27915137767792,94.5896160030365
2024-06-04,MG92,83.24,88.1289328891039,84.23579572737218,91.01549180984497
2024-06-05,MG95,89.43,92.34539901733397,88.42364647388457,94.45805311203003
2024-06-05,MG92,84.63,88.10500485658646,84.38460798561573,90.88776217460632
2024-06-06,MG95,89.87,91.66978048324584,86.77434437274933,94.52503301620483
2024-06-06,MG92,85.14,87.43985980153084,82.75940580546856,90.90278168201446
2024-06-07,MG95,91.12,91.16712461948394,85.64729711532593,94.5308859539032
2024-06-07,MG92,85.88,86.9542680644989,81.64335641682149,90.87318942308427
2024-06-10,MG95,91.67,90.96453493595124,84.87422995567321,94.78354333877563
2024-06-10,MG92,86.43,86.77250224113465,80.85283251345157,91.1092786347866
2024-06-11,MG95,92.62,90.76884057044983,84.08822501659392,95.07829728126525
2024-06-11,MG92,87.38,86.60509110987186,80.04430009305477,91.39041573166848
2024-06-12,MG95,92.14,90.56602234363555,83.60546914100647,95.12096240997315
2024-06-12,MG92,86.9,86.41607614040375,79.55997948288918,91.41945486426354
2024-06-13,MG95,91.15,90.33607435703277,83.40420054912566,94.88127067565918
2024-06-13,MG92,85.91,86.18168353736401,79.38137818038464,91.16386794924736
2024-06-14,MG95,91.78,90.09574158668518,82.70658054351806,95.04003579139709
2024-06-14,MG92,86.54,85.96561324417591,78.67259996712208,91.30603205442429
2024-06-17,MG95,91.78,90.31377187728881,82.892012758255,95.2743874168396
2024-06-17,MG92,86.54,86.18893268346787,78.83630940675735,91.55614089131356
2024-06-18,MG95,93.26,90.26650243759156,82.61931602954864,95.42454592704773
2024-06-18,MG92,88.02,86.15575574040413,78.55202374458314,91.70374052643777
2024-06-19,MG95,94.52,90.01021065711974,81.9779455423355,95.5183936023712
2024-06-19,MG92,89.28,85.92143759667874,77.9062221556902,91.78010387182236
2024-06-20,MG95,94.85,89.81831233978271,81.3490668964386,95.72552070617675
2024-06-20,MG92,89.61,85.7570739787817,77.2643562734127,91.97458096385003
2024-06-21,MG95,95.95,89.80914831161499,81.55218613147736,95.52591880798339
2024-06-21,MG92,90.71,85.73255559027196,77.4824316495657,91.77329616308212
2024-06-24,MG95,95.52,89.68031679153442,81.05295841693878,95.73613403320311
2024-06-24,MG92,90.28,85.62795089066029,76.96952398121357,91.97516600131989
2024-06-25,MG95,95.57,87.94028300762176,78.36720138549805,94.9258979320526
2024-06-25,MG92,90.33,83.92369419276714,74.37404779434205,91.03321312665939
2024-06-26,MG95,95.65,89.54372594833373,80.8537132692337,95.66169581413268
2024-06-26,MG92,90.41,85.49333376884461,76.77770615041257,91.89034620523454
2024-06-27,MG95,96.51,89.10467200756072,79.91579393863678,95.69650128364563
2024-06-27,MG92,91.27,85.0825523686409,75.84483199357987,91.89239915490151
2024-06-28,MG95,97.45,88.6295639705658,79.07806017875672,95.5748270702362
2024-06-28,MG92,92.37,84.62518603026868,75.02471583127976,91.73406674146652
2024-07-01,MG95,97.87,88.7328488111496,79.50666801929474,95.37140125274658
2024-07-01,MG92,93.14,84.70619244575501,75.4653820091486,91.53864295244217
2024-07-02,MG95,99.67,88.25378307342528,78.38226294517517,95.51205013275145
2024-07-02,MG92,95.23,84.26603684604169,74.34137611091137,91.64187547326088
2024-07-03,MG95,99.3,87.68614845275879,77.06906439781189,95.67653440475463
2024-07-03,MG92,94.88,83.74401854872704,73.03288662433624,91.75982966423035
2024-07-04,MG95,99.01,88.26036066055298,78.14961703300476,95.74665817260741
2024-07-04,MG92,94.59,84.2909807163477,74.0938201647997,91.87657123208047
2024-07-05,MG95,99.01,87.37879118442535,76.60661542892456,95.52798127174377
2024-07-05,MG92,94.59,83.44242641448974,72.58798690259457,91.58654156565666
2024-07-08,MG95,98.17,87.33102006435394,76.27546736240387,95.76034847259521
2024-07-08,MG92,93.75,83.41559446871281,72.2455804270506,91.81339782238007
2024-07-09,MG95,97.03,86.58331006050109,75.11864258766174,95.43627409934997
2024-07-09,MG92,92.61,82.68477097988129,71.13097235798836,91.42787940382958
2024-07-10,MG95,95.6,85.94000531673431,74.38317915916443,94.89772579193115
2024-07-10,MG92,91.18,82.03585805535317,70.44749435603619,90.83999120593072
2024-07-11,MG95,96.48,85.67572009563446,73.73771718978881,95.02461748123169
2024-07-11,MG92,92.06,81.79639690041543,69.80491579174996,90.9417451775074
2024-07-12,MG95,98.5,86.04647861480713,74.4738383769989,95.01825171470642
2024-07-12,MG92,94.08,82.14572277367115,70.52761789679528,90.96813568592071
2024-07-15,MG95,97.85,84.22431975364685,71.55063045024872,94.35695894241333
2024-07-15,MG92,93.43,80.37531429350376,67.71195488035679,90.1550825214386
2024-07-16,MG95,96.55,84.16474242210388,71.53498917102813,94.25206315040587
2024-07-16,MG92,92.13,80.31099208295346,67.70442917108537,90.04709524154663
2024-07-17,MG95,96.37,84.13680997371674,71.21627162933349,94.53100858688354
2024-07-17,MG92,91.95,80.30610436081886,67.37282461464406,90.31702089309692
2024-07-18,MG95,97.64,83.33966773033141,70.02431250572204,94.16603054046631
2024-07-18,MG92,93.22,79.52595157623291,66.23562346220017,89.88566744804383
2024-07-19,MG95,96.84,83.58556357860564,70.27485725879669,94.40367095947265
2024-07-19,MG92,92.42,79.7760923242569,66.4632509046793,90.1406055033207
2024-07-22,MG95,95.04,83.4319992160797,69.94515291690826,94.44214426994323
2024-07-22,MG92,90.62,79.63402927100658,66.13937947988511,90.16337941646576
2024-07-23,MG95,94.99,82.97031949043273,69.35049444675445,94.13101325035095
2024-07-23,MG92,90.57,79.1747323089838,65.58161539316178,89.81603735208512
2024-07-24,MG95,93.51,82.39220532417298,68.41781488895415,93.94913739204407
2024-07-24,MG92,89.09,78.61534607291222,64.68682717561722,89.58293715000153
2024-07-25,MG95,94.15,81.42881177902221,67.0876762676239,93.40625233650208
2024-07-25,MG92,89.73,77.6649899327755,63.432762129306795,88.96193051278591
2024-07-26,MG95,95.36,81.84776505947113,67.55050428390503,93.77073985099793
2024-07-26,MG92,90.94,78.08806775689125,63.85649413168431,89.35602770805359
2024-07-29,MG95,95.11,80.36987599372864,65.38843467235564,93.09021042346954
2024-07-29,MG92,90.69,76.64196150183678,61.80743230462075,88.54913871109486
2024-07-30,MG95,93.01,81.25834636211395,66.44781639575957,93.7696918964386
2024-07-30,MG92,88.91,77.53167053043843,62.78714668869973,89.29517317414285
2024-07-31,MG95,93.39,81.78742405891418,67.40451529502869,93.80719529151916
2024-07-31,MG92,89.28,78.03386137604714,63.712282395362855,89.38519448518754
2024-08-01,MG95,93.51,82.10242916584015,67.7859484577179,94.04338641166687
2024-08-01,MG92,89.4,78.34889341652394,64.06666086494923,89.64541915178299
2024-08-02,MG95,92.86,79.55295639514922,64.10153532505035,92.83358418941498
2024-08-02,MG92,87.7,75.85180457651616,60.58023111522198,88.21684806525708
2024-08-05,MG95,87.55,81.34253390312195,66.70228540420531,93.65887627601623
2024-08-05,MG92,82.85,77.60283236086369,63.041164639592175,89.19683901250363
2024-08-06,MG95,87.23,80.1640421104431,64.94030589103699,93.16842239379882
2024-08-06,MG92,83.27,76.45382940709591,61.36813830554485,88.60261113584042
2024-08-07,MG95,87.3,79.05649349689483,63.2549775648117,92.76130877017974
2024-08-07,MG92,82.76,75.37812101125718,59.7673109138012,88.09415507078171
2024-08-08,MG95,89.62,78.28248986721039,62.0981193447113,92.46440317630767
2024-08-08,MG92,85.03,74.62537989139557,58.67160487353802,87.72573570191861
2024-08-09,MG95,89.62,79.00787509441375,63.11627966403961,92.82156058311462
2024-08-09,MG92,85.03,75.3369184178114,59.62927930057049,88.14642019093037
2024-08-12,MG95,91.37,77.6529311656952,61.351217603683466,91.99112348556518
2024-08-12,MG92,86.89,73.99440102458,57.985318691730505,87.20528636872768
2024-08-13,MG95,91.98,78.12570360183716,61.684132699966426,92.62606688976287
2024-08-13,MG92,87.5,74.49010327279568,58.26155742943287,87.86225153625011
2024-08-14,MG95,90.6,78.27295794010162,62.13643657684326,92.3967376422882
2024-08-14,MG92,86.12,74.61108370304107,58.71332336366177,87.66025405347348
2024-08-15,MG95,88.66,77.55980256557464,61.07945734500885,92.12066293239593
2024-08-15,MG92,83.84,73.91715480446815,57.71387726128101,87.31761356294156
2024-08-16,MG95,90.15,77.22479713439941,60.345944895744324,92.29137361526489
2024-08-16,MG92,85.99,73.61500422537327,56.995765041112904,87.44135430634022
2024-08-19,MG95,88.79,76.97061241149902,60.077256035804744,92.06215027809142
2024-08-19,MG92,84.63,73.35740690886975,56.752926624417306,87.19443658292293
2024-08-20,MG95,87.02,76.51466856479644,59.66627947330475,91.56084895133972
2024-08-20,MG92,82.86,72.88695700526237,56.393585973381995,86.66698807418346
2024-08-21,MG95,87.66,76.62441950798035,59.67163073062896,91.80025082588196
2024-08-21,MG92,83.5,73.01017653346062,56.381103401184085,86.90606097698212
2024-06-27,MG95,96.51,93.28363224864006,85.5282314658165,99.4535906970501
2024-06-27,MG92,91.27,87.15825116336346,81.06320182561875,95.15509242653846
2024-06-28,MG95,97.45,93.26013196706772,84.79999069273472,100.13672940135002
2024-06-28,MG92,92.37,87.21028595626353,80.39441785991191,95.95059533953666
2024-07-01,MG95,97.87,92.74609608948231,82.5783361017704,101.3896216571331
2024-07-01,MG92,93.14,86.94340825498104,78.09591991603374,97.40328001141548
2024-07-02,MG95,99.67,92.31291440725327,80.59885641634465,102.57666523456574
2024-07-02,MG92,95.23,86.71146650671959,76.03623451173306,98.74002883672713
2024-07-03,MG95,99.3,92.64708932340146,80.86192046105862,102.93287522792816
2024-07-03,MG92,94.88,87.01384060204029,76.39151100575924,99.12301482796668
2024-07-04,MG95,99.01,92.48765570521356,80.32643672823906,103.17906376719475
2024-07-04,MG92,94.59,86.90804658234119,75.81636380076408,99.3991290283203
2024-07-05,MG95,99.01,92.09845295846463,78.43601524233819,104.39439662098886
2024-07-05,MG92,94.59,86.6931120634079,73.83676757335662,100.72729879498482
2024-07-08,MG95,98.17,91.74644473791123,75.81498699188234,106.50217005610466
2024-07-08,MG92,93.75,86.55336825132369,71.13521553874016,102.96853475570678
2024-07-09,MG95,97.03,91.93887681066991,76.78266040086747,105.82901982665062
2024-07-09,MG92,92.61,86.67093692123889,72.14345431745052,102.2623359632492
2024-07-10,MG95,95.6,91.23935860395432,74.1413302332163,107.37617300748826
2024-07-10,MG92,91.18,86.16250914156437,69.3805771023035,103.84657338619232
2024-07-11,MG95,96.48,91.81553739011288,75.85007207989693,106.5935828447342
2024-07-11,MG92,92.06,86.61996912181377,71.18176986515522,103.06784059286117
2024-07-12,MG95,98.5,91.22198139429094,73.31905982792378,108.258100605011
2024-07-12,MG92,94.08,86.19928269445896,68.55337693870068,104.75782892465591
2024-07-15,MG95,97.85,90.81951199173928,71.40480169057847,109.68697701692582
2024-07-15,MG92,93.43,85.90548226892948,66.6003262156248,106.15614004015922
2024-07-16,MG95,96.55,90.87814297080041,71.52184700369835,109.66149272322656
2024-07-16,MG92,92.13,85.95870261013508,66.72175869524479,106.14086802244186
2024-07-17,MG95,96.37,90.9854107528925,71.87648917138577,109.45331968069077
2024-07-17,MG92,91.95,86.0476456773281,67.08505919575691,105.9479254245758
2024-07-18,MG95,97.64,90.57815235555172,70.1634828388691,110.6953796863556
2024-07-18,MG92,93.22,85.72523581564425,65.34875364720821,107.11768438220024
2024-07-19,MG95,96.84,90.45406607985497,69.69540990889072,111.02290132045746
2024-07-19,MG92,92.42,85.62148417234421,64.87787002682686,107.41297213196754
2024-07-22,MG95,95.04,90.39838831424714,69.51893545091153,111.1309159576893
2024-07-22,MG92,90.62,85.57296830236912,64.70045272290706,107.50555267691612
2024-07-23,MG95,94.99,90.17275254428387,67.89572847187519,112.71060009598733
2024-07-23,MG92,90.57,85.41457904875278,63.09047273516655,108.98250875592231
2024-07-24,MG95,93.51,90.28250034153461,68.74200656414033,111.86226387619973
2024-07-24,MG92,89.09,85.49035175204277,63.92775544822216,108.19202825665474
2024-07-25,MG95,94.15,90.00097016096116,67.2319053798914,113.22702476978303
2024-07-25,MG92,89.73,85.2651137405634,62.43493996620178,109.42068740963936
2024-07-26,MG95,95.36,90.06611189246178,67.38063787519933,113.16136993169785
2024-07-26,MG92,90.94,85.32614792287349,62.5819317895174,109.38061587691307
2024-07-29,MG95,95.11,90.04884300529957,67.42390986382962,113.07281913757325
2024-07-29,MG92,90.69,85.30663487553596,62.62409958720207,109.28979209899902
2024-07-30,MG95,93.01,89.89397603571416,66.34596414864063,114.17323892116548
2024-07-30,MG92,88.91,85.1890554279089,61.56653661012649,110.27945549130439
2024-07-31,MG95,93.39,89.85299592316152,66.03256434798242,114.50840014219284
2024-07-31,MG92,89.28,85.15833894908428,61.26032026052475,110.57856932878494
2024-08-01,MG95,93.51,89.78853833377362,65.6816279500723,114.85182808041573
2024-08-01,MG92,89.4,85.1045366114378,60.91809557557106,110.87350141406058
2024-08-02,MG95,92.86,89.76433110535146,65.67098383903503,114.81909188032151
2024-08-02,MG92,87.7,85.08002809464931,60.90782441616058,110.8327508854866
2024-08-05,MG95,87.55,89.75237572193146,65.36818824112416,115.20384200215341
2024-08-05,MG92,82.85,85.07823360562324,60.61300549685955,111.18585028171539
2024-08-06,MG95,87.23,89.79252916276455,65.39716736078263,115.24273548126222
2024-08-06,MG92,83.27,85.1185206925869,60.641032936573026,111.23937239885329
2024-08-07,MG95,87.3,89.74017518758774,65.08491349816323,115.56506903767587
2024-08-07,MG92,82.76,85.0752912902832,60.33754334807396,111.51531415581702
2024-08-08,MG95,89.62,89.7030034661293,65.17101278305054,115.37531082034111
2024-08-08,MG92,85.03,85.03419048607348,60.42157177865505,111.32316910862922
2024-08-09,MG95,89.62,89.69697161316873,64.83034991919995,115.8294785618782
2024-08-09,MG92,85.03,85.03935839891433,60.09059363603592,111.7398570048809
2024-08-12,MG95,91.37,89.70978217422963,64.81538431048394,115.87508803606033
2024-08-12,MG92,86.89,85.05301914870739,60.07592517018318,111.78772082328796
2024-08-13,MG95,91.98,89.65118540227414,64.29734620153904,116.47855839133263
2024-08-13,MG92,87.5,85.009601136446,59.57412029445171,112.31365160703659
2024-08-14,MG95,90.6,89.69006177783012,64.73055068850518,115.95338810086251
2024-08-14,MG92,86.12,85.03554308891296,59.99376667261124,111.8507165491581
2024-08-15,MG95,88.66,89.60813575983047,64.17078561186791,116.57116842865945
2024-08-15,MG92,83.84,84.96938410460949,59.45221359550953,112.37727244019509
2024-08-16,MG95,90.15,89.61685287058354,63.97943106293679,116.85743629336358
2024-08-16,MG92,85.99,84.98438129067421,59.26681000709534,112.64199459910392
2024-08-19,MG95,88.79,89.57205866575242,63.736343967914586,117.11333965063096
2024-08-19,MG92,84.63,84.9459318035841,59.0325510507822,112.85152409553527
2024-08-20,MG95,87.02,89.53588465154172,63.67324326038361,117.13172026872635
2024-08-20,MG92,82.86,84.91076412975788,58.972368307709694,112.84969188451767
2024-08-21,MG95,87.66,89.59909938275814,63.949465638399126,116.8647794187069
2024-08-21,MG92,83.5,84.96707228541374,59.23813051581382,112.63984983444213
2024-08-22,MG95,85.72,89.6026683241129,63.970235052704815,116.84246498346329
2024-08-22,MG92,81.82,84.97008465588092,59.25816628217697,112.62137683629989
2024-08-23,MG95,87.27,89.56797661781312,63.71143549382687,117.14069393277168
2024-08-23,MG92,83.04,84.94250988006591,59.00855447530746,112.87420040130615
2024-08-26,MG95,89.06,89.54850137233734,63.61313567459584,117.24223202466965
2024-08-26,MG92,85.58,84.92554576158523,58.91398005366325,112.9559816789627
2024-08-27,MG95,89.58,89.5093627423048,63.368805721402175,117.51457759737968
2024-08-27,MG92,86.1,84.8928515726328,58.67897204637527,113.18097719192504
2024-08-28,MG95,86.67,89.58630592525006,63.49930012822151,117.47956092357636
2024-08-28,MG92,83.14,84.96786444723605,58.80320134222507,113.1895562505722
2024-08-29,MG95,86.07,89.5831588715315,63.533615556359294,117.42424803376198
2024-08-29,MG92,81.88,84.96359108448029,58.83640747249126,113.13806034326552
2024-08-30,MG95,89.03,89.54580471217633,63.220329779386525,117.80059460997582
2024-08-30,MG92,84.84,84.93474992752076,58.53479320585728,113.45708061456679
2024-09-02,MG95,86.59,89.54152312278748,63.26117306351662,117.733149600029
2024-09-02,MG92,82.4,84.92911318421363,58.574298908710475,113.39430044293402
2024-09-03,MG95,87.9,89.51813116371632,63.09600975513459,117.9255987763405
2024-09-03,MG92,83.71,84.91008513391017,58.41555937945842,113.55437101960182
2024-09-04,MG95,81.98,89.51993273794652,62.99780685603619,118.07176573872567
2024-09-04,MG92,77.79,84.91489738225937,58.320844847559925,113.68609621405601
2024-09-05,MG95,80.92,89.52959624528886,63.10226395428181,117.93928161859513
2024-09-05,MG92,77.08,84.92167117416858,58.42131467759609,113.57276857376098
2024-09-06,MG95,80.78,89.54045700132848,62.91028797626496,118.2399848818779
2024-09-06,MG92,76.35,84.93858679294586,58.23599731087685,113.84749244928359
2024-09-09,MG95,81.59,89.49039490222931,62.920578613877304,118.1255165040493
2024-09-09,MG92,77.16,84.88689688682555,58.24720074236393,113.71806290745735
2024-09-10,MG95,80.21,89.49021246433259,62.580782330036165,118.6230816602707
2024-09-10,MG92,76.35,84.89680699288844,57.92001635432243,114.16086519956588
2024-09-11,MG95,79.47,89.45019585192205,62.48624529242516,118.68273885250092
2024-09-11,MG92,75.61,84.85855150461197,57.83025418102741,114.19126912474631
2024-09-12,MG95,80.35,89.45322318077088,62.464848747849466,118.7204236805439
2024-09-12,MG92,76.49,84.86228598177432,57.8095771408081,114.22637213230132
2024-09-13,MG95,80.31,89.44058935642244,62.4238743364811,118.7558052301407
2024-09-13,MG92,75.89,84.85054366469383,57.77057799041271,114.25052498459816
2024-09-16,MG95,80.46,89.4510225236416,62.375488385558135,118.84833545088769
2024-09-16,MG92,76.04,84.86265781283379,57.7237164992094,114.33834178090095
2024-09-17,MG95,82.54,89.51585639119149,63.04239011704922,117.99888179898262
2024-09-17,MG92,77.43,84.90937380492687,58.363934139609334,113.61871395945549
2024-09-18,MG95,83.86,89.46125614941121,62.49195787906647,118.69639889001847
2024-09-18,MG92,79.24,84.86972799181937,57.83540592730045,114.20961279034614
2024-07-25,MG95,94.15,91.88675819635392,89.31172983527183,94.76666413664819
2024-07-25,MG92,89.73,87.6778697270155,85.36357210636139,90.26127653837204
2024-07-26,MG95,95.36,91.75988007545472,88.85872745633125,94.87098020195961
2024-07-26,MG92,90.94,87.53538703620434,84.89894747912884,90.40966414690018
2024-07-29,MG95,95.11,91.698246871233,88.52102119445802,94.95528693437576
2024-07-29,MG92,90.69,87.44804523169995,84.54310184419155,90.57608511924744
2024-07-30,MG95,93.01,91.7110717946291,88.3649929869175,95.00898328900338
2024-07-30,MG92,88.91,87.43552383244038,84.36934220612049,90.71516929626465
2024-07-31,MG95,93.39,91.49120322525502,87.34626155555249,95.30076283693315
2024-07-31,MG92,89.28,87.17778373241426,83.3071792012453,91.14828863859177
2024-08-01,MG95,93.51,91.48373456060887,87.0678419995308,95.40888011813165
2024-08-01,MG92,89.4,87.14883795320988,83.00568323612214,91.34170655488968
2024-08-02,MG95,92.86,91.41136097073556,86.72390999257566,95.51704198837281
2024-08-02,MG92,87.7,87.06752851068974,82.64655060112477,91.49153853178025
2024-08-05,MG95,87.55,91.2770810687542,86.01589730501175,95.75491338372231
2024-08-05,MG92,82.85,86.91470159351826,81.90426208674909,91.82306355237961
2024-08-06,MG95,87.23,91.24254685521126,85.68713114619256,95.88355277180672
2024-08-06,MG92,83.27,86.86756845533849,81.55381159245968,92.01618409872056
2024-08-07,MG95,87.3,91.16791037142278,84.80329828977585,96.25311790466309
2024-08-07,MG92,82.76,86.76206053256989,80.60832381427288,92.56287752389908
2024-08-08,MG95,89.62,91.17947565436364,85.15210722327232,96.09507204294205
2024-08-08,MG92,85.03,86.78794764935971,80.98504375815392,92.32240081191063
2024-08-09,MG95,89.62,91.12715041279793,84.40447717130185,96.42179825305939
2024-08-09,MG92,85.03,86.71112530708314,80.18320690989495,92.80204793214799
2024-08-12,MG95,91.37,90.87093062639237,82.99717452764511,96.97520400881768
2024-08-12,MG92,86.89,86.44417204856873,78.70656328678132,93.50900252342224
2024-08-13,MG95,91.98,90.85117768049241,82.78031571865083,97.07513920068742
2024-08-13,MG92,87.5,86.42082850694656,78.47507139563561,93.64628123998642
2024-08-14,MG95,90.6,90.79963832080365,82.22328152954579,97.33531626462937
2024-08-14,MG92,86.12,86.36146602928639,77.88072443485261,94.00038513660431
2024-08-15,MG95,88.66,90.9059051567316,81.75523034870625,97.64957983732224
2024-08-15,MG92,83.84,86.44338614225389,77.35069965779782,94.50103932023049
2024-08-16,MG95,90.15,90.54433818340301,80.6938104826212,98.00800885677339
2024-08-16,MG92,85.99,86.10587655127048,76.27429475605489,94.84057208895683
2024-08-19,MG95,88.79,90.73701858401299,81.28182290911676,97.8024199283123
2024-08-19,MG92,84.63,86.2863694947958,76.87151452302933,94.640654515028
2024-08-20,MG95,87.02,90.66902029395104,79.89740001797676,98.53198584437371
2024-08-20,MG92,82.86,86.20505474209786,75.38328940212728,95.6374917125702
2024-08-21,MG95,87.66,90.3734395301342,79.65344779193401,98.48860070586205
2024-08-21,MG92,83.5,85.9385262978077,75.18270805597305,95.43304986715317
2024-08-22,MG95,85.72,90.13701727867127,78.69666726171971,98.89724813461304
2024-08-22,MG92,81.82,85.71516959905625,74.19845066964626,95.88332108378411
2024-08-23,MG95,87.27,90.270667360425,78.67613958120347,98.9910969221592
2024-08-23,MG92,83.04,85.83603986620903,74.14544978499413,96.08133761405945
2024-08-26,MG95,89.06,90.4061065775156,78.0860593378544,99.42479224562645
2024-08-26,MG92,85.58,85.95394705414772,73.47533720731735,96.74940046310425
2024-08-27,MG95,89.58,90.05561440765858,77.40644429683685,99.61629103660584
2024-08-27,MG92,86.1,85.63268660724164,72.81813898205758,96.83347119808198
2024-08-28,MG95,86.67,89.97415022671223,77.17777496516705,99.70522388219834
2024-08-28,MG92,83.14,85.55722898066044,72.58944555461407,96.91275215268135
2024-08-29,MG95,86.07,90.03739421010017,76.78573138117791,99.98496438860894
2024-08-29,MG92,81.88,85.61387795746327,72.14961945772171,97.3293356013298
2024-08-30,MG95,89.03,90.09178169488908,76.31062955796719,100.3141652905941
2024-08-30,MG92,84.84,85.6626625609398,71.62220728814602,97.80820743560791
2024-09-02,MG95,86.59,89.82211831212044,75.75550155043602,100.49559810519219
2024-09-02,MG92,82.4,85.41471442878246,71.08468985021115,97.91052394151689
2024-09-03,MG95,87.9,89.83664876639844,75.63563505649567,100.58068514585496
2024-09-03,MG92,83.71,85.42811731755734,70.95135128557682,98.03417674183846
2024-09-04,MG95,81.98,90.15719382047654,75.85564854025841,100.64173869252205
2024-09-04,MG92,77.79,85.72205158948898,71.11434188306332,98.29011669158936
2024-09-05,MG95,80.92,89.69805487453938,74.77084172129632,101.05011858701707
2024-09-05,MG92,77.08,85.30082704544068,70.04864760994911,98.59466600894929
2024-09-06,MG95,80.78,89.58416331231595,74.64847266733646,101.05899180650712
2024-09-06,MG92,76.35,85.19523415982724,69.94445661127567,98.54270060896874
2024-09-09,MG95,81.59,89.67660197138787,74.79214413642883,101.02295271277428
2024-09-09,MG92,77.16,85.28087670743466,70.07700926959515,98.54587609529496
2024-09-10,MG95,80.21,89.81506766974927,74.7976007205248,101.1057657122612
2024-09-10,MG92,76.35,85.40906439960003,70.04909366488457,98.73519455432893
2024-09-11,MG95,79.47,89.76124312162399,74.51727498292924,101.25484917640686
2024-09-11,MG92,75.61,85.3599133938551,69.75867473065854,98.90718059301376
2024-09-12,MG95,80.35,89.55939967274666,73.99950701951981,101.46962344765663
2024-09-12,MG92,76.49,85.17392441630363,69.2481436163187,99.08339353322984
2024-09-13,MG95,80.31,89.47797450721265,73.50060022115707,101.75124784111978
2024-09-13,MG92,75.89,85.09977309346199,68.72877105593682,99.41621423721314
2024-09-16,MG95,80.46,89.27372882366181,73.06291975200176,101.91913673400879
2024-09-16,MG92,76.04,84.91008823215962,68.30783326148988,99.52257709860802
2024-09-17,MG95,82.54,89.35194357812405,72.89893797397615,102.07896615743638
2024-09-17,MG92,77.43,84.98444665193558,68.11004506886006,99.78333868980408
2024-09-18,MG95,83.86,89.15579080581665,72.64004284501077,102.13375494360925
2024-09-18,MG92,79.24,84.80099062919616,67.88142067372799,99.74037935137748
2024-09-19,MG95,86.33,89.32118271231651,72.99124286592007,101.99714526414871
2024-09-19,MG92,81.71,84.95508667886257,68.21788946986199,99.6553209233284
2024-09-20,MG95,85.86,89.54029326796532,73.10259842634201,102.05836601972581
2024-09-20,MG92,81.24,85.15968251943589,68.2823815792799,99.8658269917965
2024-09-23,MG95,85.82,89.36559897243977,72.6922566139698,102.22841748118401
2024-09-23,MG92,81.16,84.99831683635712,67.88291814386845,99.99209239959717
2024-09-24,MG95,85.14,89.46100837647916,72.66038102209568,102.3099039566517
2024-09-24,MG92,80.48,85.08783581376076,67.82401234149933,100.157769947052
2024-09-25,MG95,84.78,89.24174175918102,72.46032670855523,102.31024952173233
2024-09-25,MG92,80.12,84.88312314927579,67.66425033211708,100.02828657150269
2024-09-26,MG95,81.86,89.21116482317449,72.17564239203931,102.48758014440537
2024-09-26,MG92,77.2,84.85593503892422,67.36433679997921,100.24754381299019
2024-09-27,MG95,81.67,89.35450187444687,72.57789129316807,102.29981568574905
2024-09-27,MG92,77.01,84.9885142481327,67.76204787671567,100.08135648846627
2024-09-30,MG95,81.6,89.23226101398468,71.85945034325123,102.72051330327989
2024-09-30,MG92,76.94,84.8777439391613,67.01677504241466,100.57211250066757
2024-10-01,MG95,79.71,89.2348861938715,72.19862804353238,102.48645427107812
2024-10-01,MG92,73.6,84.87815813302994,67.38294897317887,100.26028823971748
2024-10-02,MG95,84.21,88.81518068253995,71.19300021708013,102.92985885858536
2024-10-02,MG92,78.2,84.48647941827774,66.40892960965634,100.59555162549019
2024-10-03,MG95,84.86,89.12708103597164,71.76202885866165,102.72295455336571
2024-10-03,MG92,78.85,84.77909145593644,66.93924644649029,100.51166143655777
2024-10-04,MG95,88.97,89.12494633555413,71.62374709010125,102.81848657727242
2024-10-04,MG92,82.55,84.77797100842,66.7902534776926,100.63805428862572
2024-10-07,MG95,88.88,88.75867521822452,71.02009505689145,103.01761009454728
2024-10-07,MG92,82.46,84.43369625091553,66.23775602817535,100.6769885122776
2024-10-08,MG95,90.15,88.88930996596814,71.34205581307411,102.87034363389016
2024-10-08,MG92,83.73,84.55618081212045,66.54957497894765,100.5623736345768
2024-10-09,MG95,88.5,88.71527893245221,70.83032966494561,103.12600605726243
2024-10-09,MG92,82.08,84.39355661690236,66.0447682362795,100.79382304430008
2024-10-10,MG95,88.37,89.13568114757538,71.71621919095517,102.76036476016046
2024-10-10,MG92,81.95,84.78752932846547,66.88741911113263,100.56690852642059
2024-10-11,MG95,89.88,88.81456200957298,70.89949284374714,103.1380116569996
2024-10-11,MG92,83.46,84.48808309197426,66.09164648592473,100.8722756111622
2024-10-14,MG95,89.17,88.69823477089406,70.63108910143376,103.2580899488926
2024-10-14,MG92,82.75,84.37878901243211,65.8340922421217,100.95861910223961
2024-10-15,MG95,84.88,89.2051118606329,71.71024425923825,102.8078743851185
2024-10-15,MG92,78.39,84.8530994039774,66.86254092812538,100.6726023054123
2024-10-16,MG95,84.95,88.95882985711098,71.06018060624599,103.11311982393265
2024-10-16,MG92,78.46,84.62437942564488,66.2256010311842,100.92912637472153
2024-08-22,MG95,85.72,87.35762208938598,83.85569798469542,90.3485990023613
2024-08-22,MG92,81.82,82.25639009475708,79.4573669731617,85.69598639011383
2024-08-23,MG95,87.27,87.93856261968612,81.75028623819351,93.29737927436828
2024-08-23,MG92,83.04,82.84444609284401,77.34287875890732,89.00416034460068
2024-08-26,MG95,89.06,87.6205464541912,82.84788482308387,91.75189333677291
2024-08-26,MG92,85.58,82.49895852804184,78.45324474573135,87.24189853668213
2024-08-27,MG95,89.58,87.59151144504547,83.21302475094795,91.26339250087737
2024-08-27,MG92,86.1,82.45605191588402,78.81506678462029,86.78754931688309
2024-08-28,MG95,86.67,87.59758282899857,83.05675192594528,91.47019575119018
2024-08-28,MG92,83.14,82.46900203824043,78.66075527667999,86.97156846523285
2024-08-29,MG95,86.07,87.9624197101593,82.05996339440345,92.87469182252883
2024-08-29,MG92,81.88,82.84505826234818,77.64991909265518,88.6848766207695
2024-08-30,MG95,89.03,87.75085131168365,82.45496909737587,92.30641655445099
2024-08-30,MG92,84.84,82.6307342350483,78.05639964342117,87.89517796039581
2024-09-02,MG95,86.59,87.67456714153289,82.72445076584816,91.92935330629348
2024-09-02,MG92,82.4,82.55015680193901,78.32802870869637,87.46798318624496
2024-09-03,MG95,87.9,88.55889922142029,80.30508785963058,95.38260184049606
2024-09-03,MG92,83.71,83.57372909784317,75.84431767463684,91.72618448734283
2024-09-04,MG95,81.98,88.93574302196502,78.88716368436813,97.50859986305237
2024-09-04,MG92,77.79,84.11191070079803,74.37146770954132,94.13048768043518
2024-09-05,MG95,80.92,88.82880933523178,79.45935243487358,96.6344877719879
2024-09-05,MG92,77.08,83.94002544879913,74.9639880657196,93.22167974710464
2024-09-06,MG95,80.78,88.73220013618469,79.52129413604736,96.54685502529144
2024-09-06,MG92,76.35,83.8280730843544,75.03561687469482,92.98447650671005
2024-09-09,MG95,81.59,88.53324475049972,80.12670307517051,95.64710936307907
2024-09-09,MG92,77.16,83.56139612197876,75.6663256585598,91.9045000076294
2024-09-10,MG95,80.21,88.59474233150482,79.9099567580223,95.96762827634811
2024-09-10,MG92,76.35,83.64533799886703,75.4417739212513,92.27277719974518
2024-09-11,MG95,79.47,88.92512593746184,79.27555983424186,96.90754330158234
2024-09-11,MG92,75.61,84.0641216635704,74.76814857125282,93.61364740133286
2024-09-12,MG95,80.35,88.82181836128234,79.32097504019737,96.8467876625061
2024-09-12,MG92,76.49,83.94472372531891,74.82396548986435,93.38599997758865
2024-09-13,MG95,80.31,89.2142324924469,78.33012726902962,98.36005660057067
2024-09-13,MG92,75.89,84.483731508255,73.77515488862991,95.3262488245964
2024-09-16,MG95,80.46,89.38330120325088,77.73003732204437,99.3107454586029
2024-09-16,MG92,76.04,84.74170869588852,73.14204221963882,96.41690593957901
2024-09-17,MG95,82.54,90.16758607149124,76.22989344120025,101.7222657251358
2024-09-17,MG92,77.43,85.85192537307739,71.50621581077576,99.87478768825531
2024-09-18,MG95,83.86,89.19971760034561,78.32624513626098,98.36805076360702
2024-09-18,MG92,79.24,84.46726763248444,73.77262160181999,95.30698788166046
2024-09-19,MG95,86.33,89.31268087148666,77.84302149295807,99.1348843216896
2024-09-19,MG92,81.71,84.64715588092804,73.26536700129509,96.14330101013184
2024-09-20,MG95,85.86,91.27514862298965,73.47364187479019,106.60611414670944
2024-09-20,MG92,81.24,87.57127559185028,68.49944823980331,106.10737001895905
2024-09-23,MG95,85.82,89.27234431028366,77.97686886191367,98.9221559858322
2024-09-23,MG92,81.16,84.5864565372467,73.40696230530739,95.89494931697845
2024-09-24,MG95,85.14,89.82279207229614,76.56209532737732,101.20929125547408
2024-09-24,MG92,80.48,85.39349502325058,71.88924977183342,98.79895204305649
2024-09-25,MG95,84.78,89.61177751779556,77.28321585774421,100.01795196533203
2024-09-25,MG92,80.12,85.06013637781143,72.65789079666138,97.42061507701874
2024-09-26,MG95,81.86,90.76738864660263,74.3874269592762,104.96002715349196
2024-09-26,MG92,77.2,86.82165163755417,69.51470398902893,103.73143565654755
2024-09-27,MG95,81.67,89.67931513309479,76.8657376742363,100.71194981575012
2024-09-27,MG92,77.01,85.18627315759659,72.21917429566383,98.11897605657578
2024-09-30,MG95,81.6,90.10912940740585,75.89049680829048,102.33466041326523
2024-09-30,MG92,76.94,85.82063007354736,71.15995681285858,100.27352404594421
2024-10-01,MG95,79.71,90.40280256271362,75.04641769051551,103.80477132081985
2024-10-01,MG92,73.6,86.28536128997803,70.24570405483246,102.05760496854782
2024-10-02,MG95,84.21,89.55246396303177,77.16207032561302,100.22979206085205
2024-10-02,MG92,78.2,85.00198525190353,72.53893581032753,97.48527610301971
2024-10-03,MG95,84.86,90.37678234577179,75.06376450181007,103.7777897143364
2024-10-03,MG92,78.85,86.25095039606094,70.26663726568222,101.98430389165878
2024-10-04,MG95,88.97,90.15522385597228,75.86389662265778,102.37329364299774
2024-10-04,MG92,82.55,85.88043355941772,71.12721320986748,100.39393728971481
2024-10-07,MG95,88.88,90.36132696390152,75.19521884679794,103.53997120141983
2024-10-07,MG92,82.46,86.2155938744545,70.40613228082657,101.75781112909317
2024-10-08,MG95,90.15,91.17736903667449,73.15555778503418,107.26408078908919
2024-10-08,MG92,83.73,87.49740713834763,68.17092722654343,106.46465802192688
2024-10-09,MG95,88.5,90.55703243494034,74.70361961960792,104.40964209079742
2024-10-09,MG92,82.08,86.51990681886673,69.86937907338142,102.86064195632935
2024-10-10,MG95,88.37,91.54030403852462,72.73672634124756,108.01632630586624
2024-10-10,MG92,81.95,88.00244200229645,67.6937784254551,107.8193941116333
2024-10-11,MG95,89.88,91.30295577049255,72.91857003808022,107.70993563890457
2024-10-11,MG92,83.46,87.68616437911987,67.90750521421432,107.08880215883255
2024-10-14,MG95,89.17,91.50794074058533,72.59502588272095,108.31587229728699
2024-10-14,MG92,82.75,87.98470401763916,67.54533478617668,108.00727540254593
2024-10-15,MG95,84.88,90.62442375183105,74.67144441962242,104.45586193799973
2024-10-15,MG92,78.39,86.60758143663406,69.82846823334694,103.0314422249794
2024-10-16,MG95,84.95,90.36143146276474,75.10745025157928,103.70052325487137
2024-10-16,MG92,78.46,86.2265133857727,70.31409284472466,101.89046776294708
2024-10-17,MG95,85.98,90.86914963960648,74.24633259415626,105.20526508569716
2024-10-17,MG92,79.49,86.96604400873184,69.35555484890938,104.13564670085907
2024-10-18,MG95,87.47,91.20497763633728,73.150035020113,107.26874143838882
2024-10-18,MG92,80.98,87.53232568502426,68.16256588697433,106.52402353286743
2024-10-21,MG95,85.8,91.18473620653153,72.83871723175048,107.89650790929794
2024-10-21,MG92,79.31,87.55061113834381,67.83270606398582,107.00401419401169
2024-10-22,MG95,84.73,91.60865674495696,72.31064790129662,108.87546370983124
2024-10-22,MG92,79.06,88.14998978376389,67.23361110687256,108.6791787147522
2024-10-23,MG95,85.75,91.22953486919403,73.00830843687058,107.54665616512298
2024-10-23,MG92,79.75,87.58270275592804,68.00952848792076,106.80484509468079
2024-10-24,MG95,85.97,91.1159655046463,72.95363985657691,107.67967276811599
2024-10-24,MG92,79.98,87.44880187511444,67.96142590045929,106.68431240320206
2024-10-25,MG95,84.63,91.28321593523025,72.73605232357978,108.08308017969131
2024-10-25,MG92,78.9,87.6876574754715,67.7145623266697,107.3594109416008
2024-10-28,MG95,82.69,91.27407228469848,72.98274801492691,107.58757791996001
2024-10-28,MG92,76.96,87.64139139652252,67.97839245200157,106.92868250608444
2024-10-29,MG95,82.16,91.63946300983429,72.04522078871727,109.42027898311615
2024-10-29,MG92,76.43,88.22736203670502,66.94700628519058,109.19822877645493
2024-10-30,MG95,82.79,91.62641110181808,72.11405418992042,109.27983251094818
2024-10-30,MG92,77.26,88.20113331079483,67.02176561951637,109.05418479442596
2024-10-31,MG95,82.79,90.57069043636322,74.18225389122962,105.38669601202011
2024-10-31,MG92,77.26,86.60297274589539,69.31813785433769,103.69127136468887
2024-11-01,MG95,84.91,90.89325752735138,73.69339775919914,106.2661897945404
2024-11-01,MG92,79.38,87.07044130563736,68.76873314380646,105.06521862745285
2024-11-04,MG95,85.84,91.44645360946654,72.3409630215168,108.85305915355681
2024-11-04,MG92,80.31,87.94637125730515,67.2786777317524,108.33196413516998
2024-11-05,MG95,86.73,91.73350153684616,71.718593916893,110.08353326797484
2024-11-05,MG92,81.2,88.39128410816193,66.58962371945381,109.94480681419373
2024-11-06,MG95,84.52,91.41481135368346,72.29898582816124,108.94620944023131
2024-11-06,MG92,78.99,87.91308516263962,67.23627877235413,108.34461563825607
2024-11-07,MG95,85.19,91.21091317176818,72.82108827352523,107.92670808076858
2024-11-07,MG92,79.66,87.585728764534,67.81158870458603,107.08244156837463
2024-11-08,MG95,85.81,91.52132704496384,71.5701376068592,110.43897570133208
2024-11-08,MG92,79.85,88.14929300546646,66.4457141160965,109.80064338445663
2024-11-11,MG95,84.45,90.93169220924378,73.4808104968071,106.67301431894302
2024-11-11,MG92,78.49,87.14684802293777,68.53946819901466,105.47864705324173
2024-11-12,MG95,82.87,91.39639865398406,71.91304540157317,109.74514504909514
2024-11-12,MG92,76.91,87.9443107843399,66.82410454750061,108.96690833568573
2024-11-13,MG95,82.32,91.43320315361022,72.36665406703949,108.80320274591446
2024-11-13,MG92,76.36,87.92626422643661,67.30723568797112,108.26344096660614
2024-09-19,MG95,86.33,82.65009627342224,79.59100263476371,86.74421302556992
2024-09-19,MG92,81.71,78.00190333843231,73.79726873636245,81.63574995994567
2024-09-20,MG95,85.86,82.98389246463776,77.13105766415596,90.09283162355423
2024-09-20,MG92,81.24,78.46538784503936,71.16451029777527,84.93016828536987
2024-09-23,MG95,85.82,82.68644996762275,78.6753873860836,87.90684145450592
2024-09-23,MG92,81.16,78.11013725757599,72.8134669971466,82.79030492305755
2024-09-24,MG95,85.14,82.91570866942406,77.52989862680435,89.54715132713318
2024-09-24,MG92,80.48,78.38435882091521,71.59294960975646,84.36931292533873
2024-09-25,MG95,84.78,82.65461486816406,78.99710733294486,87.48457277774811
2024-09-25,MG92,80.12,78.05774421930313,73.15973902463912,82.37521301269531
2024-09-26,MG95,81.86,83.01288844704628,76.81362638354301,90.47356321811677
2024-09-26,MG92,77.2,78.50401312828063,70.83461788415909,85.35175914287566
2024-09-27,MG95,81.67,83.03907030463219,76.69247406125069,90.64447006702423
2024-09-27,MG92,77.01,78.53182257652283,70.71061835050583,85.52398124217987
2024-09-30,MG95,81.6,82.7608668243885,78.27334741830826,88.47557458162308
2024-09-30,MG92,76.94,78.20235051631927,72.38717195987701,83.32849898338317
2024-10-01,MG95,79.71,82.79323175907135,78.06758141040802,88.75827666282653
2024-10-01,MG92,73.6,78.24449448823928,72.16472471237182,83.60872829437255
2024-10-02,MG95,84.21,82.81985347986222,77.82112305760384,89.07560797452926
2024-10-02,MG92,78.2,78.2838140630722,71.89509397506714,83.94184656620025
2024-10-03,MG95,84.86,82.82515683054923,77.83716806769371,89.06613092184067
2024-10-03,MG92,78.85,78.28726662874222,71.91418463230133,83.92329433917999
2024-10-04,MG95,88.97,83.32005292057991,75.70343164801598,92.15902904748917
2024-10-04,MG92,82.55,78.81259031772613,69.71017250537872,87.00642131328583
2024-10-07,MG95,88.88,82.955246373415,77.0856167960167,90.09025242567063
2024-10-07,MG92,82.46,78.44157883882522,71.11604685544967,84.96620532512664
2024-10-08,MG95,90.15,83.1970661687851,76.12522547245025,91.5085813331604
2024-10-08,MG92,83.73,78.6916277194023,70.13200423955917,86.36828704833984
2024-10-09,MG95,88.5,83.44745829820633,75.39143867611885,92.70664874076843
2024-10-09,MG92,82.08,78.9354563140869,69.39187995672225,87.52509963989257
2024-10-10,MG95,88.37,83.01199872374535,76.94725982427597,90.33519624948501
2024-10-10,MG92,81.95,78.49841156482697,70.97076988220215,85.18491189956664
2024-10-11,MG95,89.88,82.98283779263497,77.16812613606453,90.05117457866669
2024-10-11,MG92,83.46,78.4627570939064,71.20463751792907,84.88173790454864
2024-10-14,MG95,89.17,83.35520698785781,75.56276039600372,92.36461511135101
2024-10-14,MG92,82.75,78.8467570209503,69.57366155385971,87.21267786979675
2024-10-15,MG95,84.88,83.2515392279625,76.01858863592147,91.71677658557891
2024-10-15,MG92,78.39,78.74461114168166,70.01848047971725,86.55518845558166
2024-10-16,MG95,84.95,83.05188132047653,76.8404880297184,90.51629992723466
2024-10-16,MG92,78.46,78.53876076936722,70.85939984321594,85.35178748130798
2024-10-17,MG95,85.98,83.36102517843247,75.79464828014373,92.14048481464386
2024-10-17,MG92,79.49,78.85124866247176,69.78508515119552,86.94495525360107
2024-10-18,MG95,87.47,83.15665373682975,76.2988814663887,91.25960876226425
2024-10-18,MG92,80.98,78.6506645154953,70.30569521427154,86.11730299949646
2024-10-21,MG95,85.8,83.25369855642319,75.92307833909989,91.81611569166184
2024-10-21,MG92,79.31,78.74772836923599,69.92943640232086,86.67110208988188
2024-10-22,MG95,84.73,83.33166930794715,75.80956364154815,92.0736555981636
2024-10-22,MG92,79.06,78.82300941467285,69.80430333137512,86.8943050289154
2024-10-23,MG95,85.75,83.33336378097535,75.79843210339546,92.08803112745285
2024-10-23,MG92,79.75,78.82471444368362,69.79347805023193,86.90953221321105
2024-10-24,MG95,85.97,83.1502307343483,76.50295300126076,91.0393872499466
2024-10-24,MG92,79.98,78.64008483409881,70.50869757413864,85.86085907936095
2024-10-25,MG95,84.63,83.30697698712349,75.76243329882622,92.07588490486145
2024-10-25,MG92,78.9,78.79975773096083,69.76731223106384,86.92183109283447
2024-10-28,MG95,82.69,83.22258823156356,76.1721708726883,91.50848136425019
2024-10-28,MG92,76.96,78.71500220298766,70.17116795301438,86.33904178619385
2024-10-29,MG95,82.16,83.2470356285572,76.16408338785172,91.55976541519165
2024-10-29,MG92,76.43,78.73825860977172,70.16035211801528,86.37394528865813
2024-10-30,MG95,82.79,83.45786506175995,75.48846850037575,92.62534402608871
2024-10-30,MG92,77.26,78.9455731344223,69.4782129907608,87.42291125297545
2024-10-31,MG95,82.79,83.76254030942917,74.80217193484306,93.8563811802864
2024-10-31,MG92,77.26,79.23777070999145,68.78998582363128,88.61067885875701
2024-11-01,MG95,84.91,83.31078580260277,76.06537408590317,91.77084976911544
2024-11-01,MG92,79.38,78.8003717303276,70.05807399272918,86.56004377365112
2024-11-04,MG95,85.84,83.48252239346505,75.43193108320236,92.72648257255554
2024-11-04,MG92,80.31,78.9694057559967,69.42078043460846,87.51937527656554
2024-11-05,MG95,86.73,83.44398437857627,75.48953816771507,92.60021184206009
2024-11-05,MG92,81.2,78.93216433286666,69.48193477153778,87.4053225326538
2024-11-06,MG95,84.52,83.60137543082237,75.10732703328132,93.26786420583726
2024-11-06,MG92,78.99,79.08340654611587,69.0975664448738,88.04834990024565
2024-11-07,MG95,85.19,83.52533407926559,75.3094291806221,92.92736010074616
2024-11-07,MG92,79.66,79.01060511350632,69.298670129776,87.71618568897247
2024-11-08,MG95,85.81,83.7616305923462,74.66168562531472,94.0067344212532
2024-11-08,MG92,79.85,79.23486602067946,68.66150881767273,88.7753251504898
2024-11-11,MG95,84.45,83.72352244377136,74.84404891133309,93.74902456760407
2024-11-11,MG92,78.49,79.20006170272826,68.83404263973236,88.51206111431121
2024-11-12,MG95,82.87,83.60326484322547,75.22176644325256,93.14871126174927
2024-11-12,MG92,76.91,79.08603257417678,69.20538473367691,87.91387459278106
2024-11-13,MG95,82.32,83.80393243670464,74.65004924416542,94.08755928516388
2024-11-13,MG92,76.36,79.27614094734191,68.64321163654327,88.84358298778534
2024-11-14,MG95,82.48,83.78508829712868,74.57257833719254,94.14052281379699
2024-11-14,MG92,76.52,79.25644573688507,68.57737673521041,88.90990436553955
2024-11-15,MG95,82.19,83.58638509273528,75.20350212335586,93.14103364944458
2024-11-15,MG92,76.23,79.06946403741836,69.18969941139221,87.91573548316956
2024-11-18,MG95,83.44,84.01673125743866,74.08884377598763,95.0373639011383
2024-11-18,MG92,77.28,79.47421714305877,68.10269854784012,89.78263361930847
2024-11-19,MG95,84.69,84.06201717376709,74.16606476068496,95.01875968694686
2024-11-19,MG92,78.56,79.52070161819458,68.16722988128662,89.75209423542022
2024-11-20,MG95,85.43,83.94710291147231,74.38331219792366,94.60307896137238
2024-11-20,MG92,79.3,79.41213708400726,68.37922024726868,89.34398302555084
2024-11-21,MG95,85.13,83.95585019111633,74.33213311433792,94.67349706172944
2024-11-21,MG92,79.38,79.41967510700225,68.33089849710464,89.41600042819977
2024-11-22,MG95,86.07,84.08986851215363,74.21747377276421,94.99902582406997
2024-11-22,MG92,80.32,79.5495595884323,68.21614201545715,89.72659909248351
2024-11-25,MG95,86.12,83.96743658781051,74.21004608273506,94.82667942285538
2024-11-25,MG92,81.55,79.42847891330719,68.21891918182372,89.57478066444396
2024-11-26,MG95,84.78,84.09663640737533,74.07104431152344,95.17765027284622
2024-11-26,MG92,80.31,79.55255401611328,68.07614543676375,89.91062887191772
2024-11-27,MG95,84.71,83.63257072925568,75.1468397450447,93.27641154766083
2024-11-27,MG92,80.24,79.11415846824646,69.13065628767013,88.03896043300628
2024-11-28,MG95,83.13,84.270852227211,73.69195720553398,95.86510647773743
2024-11-28,MG92,79.73,79.71426255702971,67.71351741075516,90.59372678279877
2024-11-29,MG95,83.87,83.72967553019524,74.80960962176323,93.79604994297027
2024-11-29,MG92,80.27,79.20564437389373,68.80133536577225,88.56055761814117
2024-12-02,MG95,83.6,83.76682397723198,74.92623335242271,93.72538192033768
2024-12-02,MG92,80.44,79.24365565776824,68.91003214597701,88.46637011528014
2024-12-03,MG95,83.69,84.26199498176575,73.754762673378,95.779333152771
2024-12-03,MG92,80.83,79.7073763179779,67.7721496272087,90.50728511810303
2024-12-04,MG95,85.39,83.83711711645127,74.64821481466294,94.14120260238647
2024-12-04,MG92,82.53,79.30874903678894,68.6376289653778,88.88797041893005
2024-12-05,MG95,84.16,84.03263631105423,74.2877669119835,94.83700621128082
2024-12-05,MG92,80.81,79.49454524517058,68.28407868385314,89.5685084247589
2024-12-06,MG95,83.27,84.48643518209457,73.4049214720726,96.49965913534164
2024-12-06,MG92,79.85,79.91849763870239,67.44096781492233,91.22923501968383
2024-12-09,MG95,83.41,84.0587981748581,74.18864773750305,94.98825917243957
2024-12-09,MG92,80.06,79.51805669784545,68.18867735147475,89.72097863674163
2024-12-10,MG95,84.31,84.02430890083313,74.26326953053474,94.85301123380661
2024-12-10,MG92,80.96,79.48573199272155,68.26094507694243,89.58706065177917
2024-12-11,MG95,85.42,84.35655557394027,73.72128308534622,95.94680107116699
2024-12-11,MG92,82.07,79.80020357608795,67.74179444313049,90.6738017463684
2024-10-17,MG95,85.98,83.80455941855908,79.5674738496542,86.01862351894378
2024-10-17,MG92,79.49,76.5434765446186,73.7012754356861,79.95385879278183
2024-10-18,MG95,87.47,84.0109340697527,79.42552102208138,86.62332686781883
2024-10-18,MG92,80.98,76.60360801577568,73.50246464848517,80.33828305721282
2024-10-21,MG95,85.8,83.91649126112462,79.44491389989854,86.39847075343133
2024-10-21,MG92,79.31,76.57978083848953,73.55331778407097,80.20901302099227
2024-10-22,MG95,84.73,84.2221392184496,79.17912514209748,87.3206400692463
2024-10-22,MG92,79.06,76.68852536320686,73.21651981472968,80.80617492914199
2024-10-23,MG95,85.75,84.30405007600784,79.12739223539829,87.54029099345207
2024-10-23,MG92,79.75,76.71809538125991,73.14490733861922,80.94214182853698
2024-10-24,MG95,85.97,84.41381984055043,79.12980748414994,87.75858492255212
2024-10-24,MG92,79.98,76.74850250720978,73.11085715651511,81.05381856918335
2024-10-25,MG95,84.63,84.589743116498,78.71394418179989,88.52135794758797
2024-10-25,MG92,78.9,76.86531413316726,72.70564081549644,81.62501610279082
2024-10-28,MG95,82.69,84.65830681324006,78.72907366454602,88.63901144862176
2024-10-28,MG92,76.96,76.88424960732459,72.6978168964386,81.67826364755629
2024-10-29,MG95,82.16,84.48154301047326,78.8513247460127,88.17296464443207
2024-10-29,MG92,76.43,76.8105092871189,72.85403806567192,81.38636085033416
2024-10-30,MG95,82.79,84.72384765148163,78.61920769512653,88.87345767021179
2024-10-30,MG92,77.26,76.9232195520401,72.58707547187805,81.84660183668136
2024-10-31,MG95,82.79,84.79828490912915,78.44770984351635,89.18370320796967
2024-10-31,MG92,77.26,76.97649515628814,72.42358689665794,82.0818431854248
2024-11-01,MG95,84.91,84.88970992267132,78.35376831293107,89.44798306822777
2024-11-01,MG92,79.38,77.0231954884529,72.32073953986168,82.2588891673088
2024-11-04,MG95,85.84,85.1254169344902,77.9729843467474,90.2544331073761
2024-11-04,MG92,80.31,77.17339322209358,71.94704802751541,82.84526688098907
2024-11-05,MG95,86.73,85.26828624010086,78.04616587758065,90.44526307582855
2024-11-05,MG92,81.2,77.21009502530097,71.97132883310317,82.90606242656708
2024-11-06,MG95,84.52,85.29792746901512,77.4809622257948,91.04011301994323
2024-11-06,MG92,78.99,77.32951618313788,71.50577057480811,83.4803558564186
2024-11-07,MG95,85.19,85.49225119352342,78.15309000313282,90.74867300391197
2024-11-07,MG92,79.66,77.26894511342049,72.00376091837883,83.00441091299056
2024-11-08,MG95,85.81,85.4852535545826,77.90261807441712,90.9747949719429
2024-11-08,MG92,79.85,77.31553788423538,71.80348168492317,83.24059693098067
2024-11-11,MG95,84.45,85.80282078981399,78.00510664880277,91.44372792243958
2024-11-11,MG92,78.49,77.41045376062392,71.81367663025856,83.42050498008727
2024-11-12,MG95,82.87,86.32098025679589,77.06675466001035,93.22524983286858
2024-11-12,MG92,76.91,77.80570898532866,70.96518593668937,84.78868535041808
2024-11-13,MG95,82.32,86.85597051382065,77.03185760676861,94.16571832895279
2024-11-13,MG92,76.36,78.02411932110786,70.8433750462532,85.27159839868546
2024-11-14,MG95,82.48,85.86154627203942,77.2618328332901,92.24777790307999
2024-11-14,MG92,76.52,77.58604064941406,71.20845697402953,84.1992491531372
2024-11-15,MG95,82.19,86.28807818889618,77.21168983876706,93.03361984491349
2024-11-15,MG92,76.23,77.76112246751785,71.08550499796867,84.61658719062804
2024-11-18,MG95,83.44,86.0745236158371,77.10790503025055,92.76269678473473
2024-11-18,MG92,77.28,77.70076184391975,71.04407517194747,84.53654284000396
2024-11-19,MG95,84.69,86.12189692258835,76.89516060352325,93.04397959113122
2024-11-19,MG92,78.56,77.76517706274986,70.86650073647499,84.78875082254409
2024-11-20,MG95,85.43,86.22194999456406,76.15818567574024,93.9072816491127
2024-11-20,MG92,79.3,77.96685459375381,70.26469498395919,85.61379314184188
2024-11-21,MG95,85.13,86.55455557107926,76.884248945117,93.79323329925538
2024-11-21,MG92,79.38,77.9383040702343,70.77991384983062,85.16873233556747
2024-11-22,MG95,86.07,86.86180356740952,76.60536619722843,94.56976868510246
2024-11-22,MG92,80.32,78.12489027619361,70.51032301783562,85.70704415559769
2024-11-25,MG95,86.12,86.9712847173214,76.75292422473431,94.61654450893403
2024-11-25,MG92,81.55,78.13461288690566,70.6074322104454,85.64829695224762
2024-11-26,MG95,84.78,87.41832346320153,75.799321231246,96.23863974809647
2024-11-26,MG92,80.31,78.54568430662154,69.8009652686119,86.99473122358322
2024-11-27,MG95,84.71,87.40669786334038,76.16002369523049,95.88565899133683
2024-11-27,MG92,80.24,78.4529383635521,70.08167700886726,86.61211211919783
2024-11-28,MG95,83.13,87.02023780941964,76.20993883609772,95.20074102878571
2024-11-28,MG92,79.73,78.28196258306502,70.17745337605476,86.24155859231948
2024-11-29,MG95,83.87,86.80073878765107,75.92037734687328,95.1052652835846
2024-11-29,MG92,80.27,78.25948693752288,69.98456313967704,86.35328209877014
2024-12-02,MG95,83.6,86.90907560586929,75.72798278331757,95.46546646952629
2024-12-02,MG92,80.44,78.34985250115393,69.81771677970886,86.642566010952
2024-12-03,MG95,83.69,87.48343897461892,75.68498933017254,96.45144493579865
2024-12-03,MG92,80.83,78.60102695941924,69.70352403879166,87.16731574773787
2024-12-04,MG95,85.39,87.34083296656608,75.33181110024452,96.547761207819
2024-12-04,MG92,82.53,78.62749640464781,69.44832772135734,87.41688613891601
2024-12-05,MG95,84.16,87.99187668561936,75.53836803436279,97.41377725601197
2024-12-05,MG92,80.81,78.85191614627837,69.5242520046234,87.73721319198607
2024-12-06,MG95,83.27,87.78398301005363,75.29556211531163,97.30298974514008
2024-12-06,MG92,79.85,78.82522222518921,69.36322798728942,87.8229255580902
2024-12-09,MG95,83.41,87.60390773415565,75.69201734960079,96.64162678718567
2024-12-09,MG92,80.06,78.64987851858139,69.69278661012649,87.2592199063301
2024-12-10,MG95,84.31,87.7797398686409,75.26184990108014,97.32756755948067
2024-12-10,MG92,80.96,78.8319284415245,69.33770788788794,87.85496013402938
2024-12-11,MG95,85.42,88.20891488790512,75.26920704245568,98.01293110251427
2024-12-11,MG92,82.07,79.01307110786438,69.29110108733177,88.19817437171935
2024-12-12,MG95,86.79,87.80952287316323,75.16442474126816,97.46674057245255
2024-12-12,MG92,83.44,78.8692756128311,69.25871576786041,87.98233147859573
2024-12-13,MG95,86.87,88.70955494046211,74.51436332464219,99.51661332845688
2024-12-13,MG92,83.52,79.42806150197983,68.65647041678429,89.41593720912932
2024-12-16,MG95,86.48,87.77888921499253,75.19014182388783,97.39314890503884
2024-12-16,MG92,83.13,78.84967138767242,69.2823745882511,87.92989765882491
2024-12-17,MG95,85.54,88.59915224909783,74.35093149244786,99.49547863602639
2024-12-17,MG92,82.19,79.4236187505722,68.5424273264408,89.50339861631393
2024-12-18,MG95,85.4,88.20776042938233,74.35363029241562,98.86975198984146
2024-12-18,MG92,82.05,79.25097810745238,68.58570907831191,89.17771220207213
2024-12-19,MG95,84.0,87.81945729255676,74.759928804636,97.86244642138482
2024-12-19,MG92,80.65,78.9762757730484,68.9441736447811,88.41945145130157
2024-12-20,MG95,83.06,88.45451074838638,74.0096067160368,99.59000245928765
2024-12-20,MG92,79.71,79.45100480556488,68.29374548554419,89.75589654684066
2024-12-23,MG95,83.86,88.3041273355484,74.72753307819367,98.6710028409958
2024-12-23,MG92,80.51,79.19508361816406,68.863867405653,88.85450437545775
2024-12-24,MG95,83.77,88.77987564206124,74.22209290862084,99.90366073846818
2024-12-24,MG92,80.42,79.53772731304169,68.42497500896454,89.79189686298369
2024-12-26,MG95,84.46,88.09051200151444,74.40755059421063,98.63111326098442
2024-12-26,MG92,81.11,79.18538439035414,68.64015850424767,89.02218784332274
2024-12-27,MG95,84.02,88.39498524665832,74.60002110898495,98.93588018417358
2024-12-27,MG92,80.67,79.26813180446624,68.75573083639145,89.06625993728638
2024-12-30,MG95,84.54,88.1536325275898,74.46303042769432,98.67963089942933
2024-12-30,MG92,81.29,79.19862846612929,68.67625235199928,89.01490173101425
2024-12-31,MG95,85.4,88.95261909365654,73.76398553848267,100.6123261153698
2024-12-31,MG92,82.15,79.73924116373061,68.05582445621489,90.43752685070037
2025-01-02,MG95,85.92,88.22494565844536,74.06681823730469,99.1700428545475
2025-01-02,MG92,82.95,79.33384711265563,68.36149510622025,89.50249135971069
2025-01-03,MG95,86.22,88.71290692090989,73.52201508283615,100.46708713173867
2025-01-03,MG92,83.74,79.69792825222015,67.89105917453766,90.50655317783355
2025-01-06,MG95,86.09,88.955262196064,74.04929882287979,100.34444110393524
2025-01-06,MG92,83.61,79.66212435245514,68.27500175118446,90.12490680217742
2025-01-07,MG95,85.84,88.45625256299972,73.39772850871087,100.18137890100479
2025-01-07,MG92,83.15,79.61528372287749,67.81814193248748,90.42872552633285
2025-01-08,MG95,85.89,88.58524811267853,73.67908220291137,100.11396459937096
2025-01-08,MG92,83.35,79.59799908161163,68.02484678745269,90.22684690237044
2025-01-09,MG95,84.21,89.07294607758523,73.57635564804077,100.98157055974006
2025-01-09,MG92,82.78,79.84481964349746,67.90018785953521,90.74480624437331
2025-01-10,MG95,85.86,88.70993975996971,72.82082330584527,101.14583785533905
2025-01-10,MG92,84.01,79.88731105327605,67.34499358415603,91.2845771574974
2024-11-14,MG95,82.48,80.26719320297241,73.77066998004912,83.6834120464325
2024-11-14,MG92,76.52,74.66790384769439,69.41811561584473,77.38642503261566
2024-11-15,MG95,82.19,80.21744954109191,73.4589502286911,83.91498650550841
2024-11-15,MG92,76.23,74.62371875286102,69.14477609634399,77.63757187366485
2024-11-18,MG95,83.44,80.08270299911499,73.04454892158508,84.0734616279602
2024-11-18,MG92,77.28,74.52543559074402,68.82530347824097,77.76223501205445
2024-11-19,MG95,84.69,80.09294318675994,73.04672747611998,84.09129240989684
2024-11-19,MG92,78.56,74.5331183719635,68.82238147258758,77.78468256950379
2024-11-20,MG95,85.43,80.04121232986449,72.51932101249695,84.50931973457335
2024-11-20,MG92,79.3,74.51008823394776,68.37002131700515,78.1770323753357
2024-11-21,MG95,85.13,79.9427504968643,72.39876942157744,84.43965505599975
2024-11-21,MG92,79.38,74.43579100608825,68.30468126535416,78.06549550533295
2024-11-22,MG95,86.07,79.98746483802795,72.32199990749359,84.59629508972168
2024-11-22,MG92,80.32,74.47642144918441,68.21823177099228,78.23235932350158
2024-11-25,MG95,86.12,80.01921089172363,72.07353183746338,84.8874167060852
2024-11-25,MG92,81.55,74.51837635278702,67.98942325353623,78.50809288501739
2024-11-26,MG95,84.78,79.82542748451232,71.6954397726059,84.8818329334259
2024-11-26,MG92,80.31,74.3768820977211,67.73681085824967,78.39990585327148
2024-11-27,MG95,84.71,80.11426750659942,71.67637251377106,85.42287989616393
2024-11-27,MG92,80.24,74.63126954317093,67.61734543085099,79.00575323104859
2024-11-28,MG95,83.13,80.04136934280395,71.66864453315735,85.29797610282897
2024-11-28,MG92,79.73,74.56775005578994,67.6357467842102,78.86423166751861
2024-11-29,MG95,83.87,79.96873123168945,71.44089726448058,85.37248855590819
2024-11-29,MG92,80.27,74.52145310640336,67.46865994691849,78.88267398357391
2024-12-02,MG95,83.6,79.73820188999176,71.10052265167236,85.26595527648925
2024-12-02,MG92,80.44,74.33931930541992,67.26159806966781,78.66382395267486
2024-12-03,MG95,83.69,79.8346618080139,71.01552467823028,85.51453619956969
2024-12-03,MG92,80.83,74.43283258914947,67.15744358778,78.91473412036896
2024-12-04,MG95,85.39,79.98431967258453,70.79770357131957,85.97503552436828
2024-12-04,MG92,82.53,74.58673398971557,66.92968644618988,79.35148748874664
2024-12-05,MG95,84.16,79.98067893505096,70.68864827156067,86.06545535087585
2024-12-05,MG92,80.81,74.59186798095703,66.84167581796646,79.41543480873108
2024-12-06,MG95,83.27,79.70371792316436,70.10351011276245,86.09809441566466
2024-12-06,MG92,79.85,74.3725946688652,66.45020443439483,79.26498337745666
2024-12-09,MG95,83.41,79.72453685760497,70.07061099529265,86.1641183567047
2024-12-09,MG92,80.06,74.39419566392898,66.41746158599854,79.32540790557861
2024-12-10,MG95,84.31,79.47898824691772,69.91634578227996,85.87171119689941
2024-12-10,MG92,80.96,74.17079422235489,66.3675417137146,78.95806354999542
2024-12-11,MG95,85.42,79.83799342632292,70.09134651660919,86.34512483596801
2024-12-11,MG92,82.07,74.5001570558548,66.40093541383743,79.52617973327636
2024-12-12,MG95,86.79,79.75858903884887,69.79148614883422,86.47402264595031
2024-12-12,MG92,83.44,74.44243151426315,66.18463417291642,79.56551302433014
2024-12-13,MG95,86.87,79.56387336730957,69.56978878498077,86.33262268066406
2024-12-13,MG92,83.52,74.26788491487503,66.06433128595351,79.33998152256012
2024-12-16,MG95,86.48,79.7652768087387,69.59160377025604,86.66554899215697
2024-12-16,MG92,83.13,74.45926718235016,66.02512088298798,79.7024740743637
2024-12-17,MG95,85.54,80.01684588432312,69.56567700862884,87.13061150550841
2024-12-17,MG92,82.19,74.70196660518646,65.93873510837555,80.18358549118042
2024-12-18,MG95,85.4,79.74008113861083,69.67080698490142,86.55004634857177
2024-12-18,MG92,82.05,74.43117587566375,66.09436604499817,79.60630276679993
2024-12-19,MG95,84.0,79.52209320545195,68.95747266769409,86.81768471717834
2024-12-19,MG92,80.65,74.25058500289917,65.59762963533402,79.64498975753784
2024-12-20,MG95,83.06,79.50984128952025,68.97309054851532,86.78194464683531
2024-12-20,MG92,79.71,74.23831895112991,65.61289506673813,79.6125473022461
2024-12-23,MG95,83.86,80.09152025699615,69.15327270984649,87.6359576511383
2024-12-23,MG92,80.51,74.79423280239105,65.60523049116135,80.57162055969238
2024-12-24,MG95,83.77,79.70149520874023,68.83697995662689,87.2422575187683
2024-12-24,MG92,80.42,74.4273754477501,65.45989939689636,80.0508117389679
2024-12-26,MG95,84.46,79.94196543216705,69.04894742488861,87.46851316452026
2024-12-26,MG92,81.11,74.65343036174774,65.56180093050003,80.36187335014343
2024-12-27,MG95,84.02,79.387209277153,68.39686287403106,87.10485157012938
2024-12-27,MG92,80.67,74.13131073474884,65.20598984956742,79.74467475414276
2024-12-30,MG95,84.54,79.62737038135528,68.66330892562866,87.27390543937682
2024-12-30,MG92,81.29,74.35981430768966,65.34701986074448,80.02175553321838
2024-12-31,MG95,85.4,79.84994603633879,68.65925602912903,87.66741911888121
2024-12-31,MG92,82.15,74.57604272603989,65.29109667778015,80.43258406639099
2025-01-02,MG95,85.92,79.78885818958281,68.33390559196472,87.86629563331603
2025-01-02,MG92,82.95,74.52249993085861,65.06463668823243,80.5217279958725
2025-01-03,MG95,86.22,80.32732915878296,68.39789817810058,88.75467484474181
2025-01-03,MG92,83.74,75.0481059384346,64.99845917701721,81.46278676986694
2025-01-06,MG95,86.09,80.30252602100371,67.99788808822632,89.09483356475829
2025-01-06,MG92,83.61,75.02853487253189,64.71901166439056,81.66668086528777
2025-01-07,MG95,85.84,79.92819736003875,68.18921816825866,88.24897541999816
2025-01-07,MG92,83.15,74.66010272979736,64.92923677206039,80.86595118522644
2025-01-08,MG95,85.89,80.11068564891815,68.17154930591583,88.58757382392882
2025-01-08,MG92,83.35,74.83890489816666,64.87917125463485,81.20941884040832
2025-01-09,MG95,84.21,80.26406766414641,68.28633557796478,88.74886536598204
2025-01-09,MG92,82.78,74.98792263507843,64.93093899965287,81.41702688694001
2025-01-10,MG95,85.86,80.30605390548705,67.70021118164063,89.39335441589354
2025-01-10,MG92,84.01,75.03197118759155,64.51058891534805,81.86055275440216
2025-01-13,MG95,89.09,80.37158227443695,67.86102187156676,89.35112774848938
2025-01-13,MG92,87.14,75.09689250946045,64.61066078186035,81.87823043346405
2025-01-14,MG95,88.44,80.18997227668761,67.61165588378906,89.27532975196837
2025-01-14,MG92,86.3,74.9170435166359,64.46986289262772,81.70512207984925
2025-01-15,MG95,88.1,80.09346819877624,67.43241089344023,89.28394583702087
2025-01-15,MG92,86.34,74.81996647834778,64.36313231229782,81.64284967899323
2025-01-16,MG95,88.92,80.3072609424591,68.02289239883422,89.07892619132996
2025-01-16,MG92,86.78,75.03305442333222,64.73573809862137,81.65962617874145
2025-01-17,MG95,87.72,80.47604494571685,67.45380390644073,89.94281138420104
2025-01-17,MG92,85.58,75.19753330230712,64.3125706911087,82.32718158245086
2025-01-20,MG95,86.93,80.78617494106292,67.63150820732116,90.31897513389586
2025-01-20,MG92,84.54,75.50601881504059,64.38374109983444,82.77830830574035
2025-01-21,MG95,85.82,80.37081683635711,67.15439495086669,90.0609538078308
2025-01-21,MG92,83.43,75.08836771726608,64.12677300453186,82.32755479812622
2025-01-22,MG95,85.75,79.84477932929993,67.03876964092254,89.24608609199524
2025-01-22,MG92,83.26,74.56683977365493,64.13674969673157,81.43935610771179
2025-01-23,MG95,86.31,80.41781767845153,67.32759494304656,89.96706007003783
2025-01-23,MG92,83.9,75.13816470146179,64.23632090806962,82.30190304756165
2025-01-24,MG95,86.31,80.19131179332733,67.0506535577774,89.84846623420715
2025-01-24,MG92,83.9,74.90856878995895,64.08576934576034,82.06610356330872
2025-01-27,MG95,87.49,80.26223748207092,66.8492206764221,90.18590666770935
2025-01-27,MG92,85.08,74.97286656856537,63.93897724866867,82.32625309467316
2025-01-28,MG95,87.02,81.3382226228714,67.65635059833527,91.2894524860382
2025-01-28,MG92,84.91,76.05496900796891,64.3192111992836,83.76770306110382
2025-01-29,MG95,87.02,80.92935602188109,67.73650570392608,90.47123843193053
2025-01-29,MG92,84.91,75.64833232402802,64.4327461385727,82.97146107196808
2025-01-30,MG95,87.02,81.21686143398284,67.15075421333313,91.5870705127716
2025-01-30,MG92,84.91,75.9286309504509,64.00131792068481,83.8780110502243
2025-01-31,MG95,87.06,80.70542122364043,67.01191061496733,90.80859054565428
2025-01-31,MG92,84.88,75.41652897834778,63.98059534788132,83.03224061012268
2025-02-03,MG95,87.84,81.26054537773132,67.20759289741515,91.60715835571288
2025-02-03,MG92,86.41,75.97322112083435,64.03286374807358,83.92048481464386
2025-02-04,MG95,84.87,81.02444207668304,66.81185650348662,91.59587305068969
2025-02-04,MG92,83.3,75.72869658231735,63.80486538171768,83.74917881965636
2025-02-05,MG95,85.97,81.14421841621399,67.22453557491302,91.37875359535217
2025-02-05,MG92,84.06,75.85745599031448,64.05960328578949,83.69629142761231
2025-02-06,MG95,84.77,81.52777649402617,67.46960824012756,91.8230315208435
2025-02-06,MG92,83.21,76.24340651273728,64.1701616024971,84.23644374370575
2025-02-07,MG95,85.49,80.82208674430846,66.74686295986174,91.29954056739807
2025-02-07,MG92,83.86,75.52511198282242,63.78948161363601,83.4203029870987
2024-12-12,MG95,86.79,83.71065462350846,78.96793273091316,89.34924904584885
2024-12-12,MG92,83.44,80.56262092769146,75.43279588639736,84.81025252223014
2024-12-13,MG95,86.87,83.59613311648368,78.99292146325112,89.18495882272721
2024-12-13,MG92,83.52,80.34379324018954,75.63519706666469,84.60880034208297
2024-12-16,MG95,86.48,84.09211974024772,78.56386167049408,90.1783067560196
2024-12-16,MG92,83.13,81.11015975475311,74.655691973567,85.78417123317718
2024-12-17,MG95,85.54,83.78210773468018,78.68219156622887,89.69021184682846
2024-12-17,MG92,82.19,80.60080106139182,75.1182316970825,85.15515047311783
2024-12-18,MG95,85.4,83.79559492945671,78.82788280010223,89.57849571704865
2024-12-18,MG92,82.05,80.67450021505356,75.20874869823456,85.0634301006794
2024-12-19,MG95,84.0,84.14901136517526,78.05584909200668,90.68454751729965
2024-12-19,MG92,80.65,81.03994842112064,74.2188975471258,86.24572771430014
2024-12-20,MG95,83.06,84.04163822412491,78.32725279331207,90.31744532108307
2024-12-20,MG92,79.71,80.9450973266363,74.53608860790729,85.86215556263923
2024-12-23,MG95,83.86,84.38026915073395,78.01614613056184,90.99598003149033
2024-12-23,MG92,80.51,81.40731908619404,73.963269200325,86.67964578986167
2024-12-24,MG95,83.77,84.12241374135017,77.915605686903,90.78072460651399
2024-12-24,MG92,80.42,80.95273335337639,74.14018923819064,86.30833237171173
2024-12-26,MG95,84.46,84.8380395102501,77.59779361248016,91.90374104738235
2024-12-26,MG92,81.11,81.99740149080753,73.26214888989925,87.7887138581276
2024-12-27,MG95,84.02,84.84709207057954,77.52025115251541,91.97890071868896
2024-12-27,MG92,80.67,81.98577868521213,73.19961271703242,87.85261972188948
2024-12-30,MG95,84.54,84.96925072073937,77.60987557291985,92.05541471004486
2024-12-30,MG92,81.29,82.20611792445182,73.16416218161582,88.02944681644439
2024-12-31,MG95,85.4,85.03001692295075,77.39868310809136,92.30156492471696
2024-12-31,MG92,82.15,82.22886457681655,72.96756751239299,88.26707840323448
2025-01-02,MG95,85.92,84.92447669625282,77.31629869937898,92.24279965400696
2025-01-02,MG92,82.95,82.03906944453716,72.99221705675124,88.1204432094097
2025-01-03,MG95,86.22,85.46681059598923,76.99874119639396,93.15949103593826
2025-01-03,MG92,83.74,82.7604807472229,72.35970358490944,89.32096749544142
2025-01-06,MG95,86.09,85.38993002176285,76.82280687570572,93.21197348356247
2025-01-06,MG92,83.61,82.58675502419472,72.29322955071926,89.27450562357902
2025-01-07,MG95,85.84,85.35497736334801,76.74531023859979,93.23623923301697
2025-01-07,MG92,83.15,82.50958272576331,72.26399643361567,89.25509514689445
2025-01-08,MG95,85.89,85.43808475494384,76.8233262014389,93.26889565706253
2025-01-08,MG92,83.35,82.65915297150612,72.25891390204428,89.36410297513008
2025-01-09,MG95,84.21,85.67762629508972,76.5900929415226,93.74882391452789
2025-01-09,MG92,82.78,82.94036029577255,71.92785472095012,89.94443122386932
2025-01-10,MG95,85.86,85.83030806064606,76.42658170700074,94.0668040060997
2025-01-10,MG92,84.01,83.11291199803351,71.71009343564509,90.32179084897041
2025-01-13,MG95,89.09,86.10203761339187,76.60496500492096,94.25324194431305
2025-01-13,MG92,87.14,83.57423367500304,71.64554186046124,90.75572849154472
2025-01-14,MG95,88.44,85.85679367303848,76.0633082652092,94.406768887043
2025-01-14,MG92,86.3,83.03661043167114,71.44091982424258,90.57308999419212
2025-01-15,MG95,88.1,86.3622401714325,76.18554328680038,94.9052299451828
2025-01-15,MG92,86.34,83.81302949905395,71.19029084920882,91.46860368490218
2025-01-16,MG95,88.92,86.46561654090881,75.86446251511573,95.29123152494431
2025-01-16,MG92,86.78,83.85645848393439,70.9074252206087,91.82630824565886
2025-01-17,MG95,87.72,86.55600976705551,75.81183241605758,95.44305793046952
2025-01-17,MG92,85.58,83.96976127147674,70.81391935825347,92.02700709581374
2025-01-20,MG95,86.93,86.31854552984238,75.79290757536889,95.17655218362809
2025-01-20,MG92,84.54,83.6210868871212,70.95366696357726,91.58183798789977
2025-01-21,MG95,85.82,86.72201071023942,75.76145272850991,95.68461567640304
2025-01-21,MG92,83.43,84.19235560894012,70.67405924260616,92.37464442849158
2025-01-22,MG95,85.75,86.6567793250084,75.37229446291924,95.93199801683426
2025-01-22,MG92,83.26,83.97360618948936,70.45370532810688,92.44043850898741
2025-01-23,MG95,86.31,87.04583576202393,75.37330765724182,96.39304725646973
2025-01-23,MG92,83.9,84.52798857927321,70.2121847975254,93.19042254209518
2025-01-24,MG95,86.31,87.11796094179154,75.28315881967545,96.55419097661972
2025-01-24,MG92,83.9,84.60111050605774,70.10763335645198,93.37354043126105
2025-01-27,MG95,87.49,86.55126455545425,75.49702428460121,95.70163123130799
2025-01-27,MG92,85.08,83.86202529907226,70.60442024409771,92.17626426935195
2025-01-28,MG95,87.02,86.98153101682664,75.35713218808175,96.32905817985535
2025-01-28,MG92,84.91,84.43117100000381,70.24141302287578,93.07214973330497
2025-01-29,MG95,87.02,87.33349130392075,75.09543274998666,96.96889803171157
2025-01-29,MG92,84.91,84.8453166091442,69.85079185485839,93.88322198033332
2025-01-30,MG95,87.02,86.51218274831773,75.55795850396156,95.60376378774643
2025-01-30,MG92,84.91,83.82522953152656,70.67044912874698,92.07070023536681
2025-01-31,MG95,87.06,86.89787884235382,75.14986012339592,96.40514449119568
2025-01-31,MG92,84.88,84.24658558487891,70.15411968708038,93.01171701431274
2025-02-03,MG95,87.84,86.6172800207138,75.50825597643852,95.7695101594925
2025-02-03,MG92,86.41,83.95992884755134,70.57053506970405,92.29582850098609
2025-02-04,MG95,84.87,87.21855739116668,74.99025401473045,96.91922605276108
2025-02-04,MG92,83.3,84.64934319257736,69.8510657930374,93.70668839097023
2025-02-05,MG95,85.97,87.32040633201599,74.92158591508866,97.09835269927979
2025-02-05,MG92,84.06,84.77100109457969,69.74344722270965,93.93719758510589
2025-02-06,MG95,84.77,87.43721389055253,74.95515879631043,97.21001791477204
2025-02-06,MG92,83.21,84.94612585902213,69.69487211346626,94.15094763278961
2025-02-07,MG95,85.49,87.5258454823494,74.79116387605667,97.45340857505799
2025-02-07,MG92,83.86,85.01798571348189,69.53277408778666,94.39951717972755
2025-02-10,MG95,86.48,87.41375258684158,74.63175633311272,97.45688092947006
2025-02-10,MG92,85.04,84.81116238832473,69.49381616532801,94.25573876976966
2025-02-11,MG95,87.44,87.481173286438,74.6936630153656,97.48288794755936
2025-02-11,MG92,86.0,84.92461192846298,69.49485810875892,94.35693935990332
2025-02-12,MG95,87.69,87.29556015968323,74.66186704277992,97.29273326635361
2025-02-12,MG92,86.17,84.65535026550292,69.5845777541399,94.01423291444777
2025-02-13,MG95,86.03,86.93360030651093,74.90723826885224,96.65842270612717
2025-02-13,MG92,84.59,84.22266491174697,69.96791510164738,93.20379659533499
2025-02-14,MG95,86.95,87.27624327898026,74.69550102114678,97.24081087589263
2025-02-14,MG92,85.55,84.63861068606376,69.61875643372535,93.96064864993095
2025-02-17,MG95,87.68,87.92835347414017,74.35331118583679,98.3051944231987
2025-02-17,MG92,86.29,85.44053535461425,69.0034179073572,95.38955910921096
2025-02-18,MG95,87.99,87.83071005344391,74.53401108384132,98.03524687051774
2025-02-18,MG92,86.6,85.36202271580696,69.18052383184433,95.1164427447319
2025-02-19,MG95,88.43,87.74924719333649,74.32928982496261,98.1136345076561
2025-02-19,MG92,87.04,85.18476514697075,69.0929761248827,95.04916157126426
2025-02-20,MG95,88.11,87.58086346149445,74.56419816493988,97.71182913303376
2025-02-20,MG92,86.72,85.02337642550468,69.34912299752234,94.61159424781799
2025-02-21,MG95,86.91,88.0239297747612,74.34312323689461,98.42839681625367
2025-02-21,MG92,85.52,85.56986352562903,68.94039745092391,95.58369322657585
2025-02-24,MG95,85.82,87.73426820993424,74.3387955224514,98.08775986671448
2025-02-24,MG92,84.43,85.16692981481552,69.10812099277973,95.01560414433479
2025-02-25,MG95,86.01,88.1521624994278,74.39210787296295,98.54266884326935
2025-02-25,MG92,84.62,85.7634301996231,68.89704673409462,95.8198768544197
2025-02-26,MG95,83.78,87.83066932201386,74.32784385919571,98.21091134548188
2025-02-26,MG92,82.55,85.29716785192488,69.0440879434347,95.20878926157951
2025-02-27,MG95,83.41,88.0546310901642,73.9742594063282,98.78353415489197
2025-02-27,MG92,81.94,85.49788626909255,68.67806740224361,95.80966287374495
2025-02-28,MG95,84.34,87.71343408346176,74.28730590343476,98.10845143318177
2025-02-28,MG92,82.75,85.12232680916786,69.08598091781138,94.99959832787513
2025-03-03,MG95,83.79,88.0441020154953,73.7876279938221,98.93841541767121
2025-03-03,MG92,82.2,85.42774831175804,68.55929563462733,95.87807893395423
2025-03-04,MG95,80.03,87.72800575256348,74.11648337721824,98.27723229646683
2025-03-04,MG92,78.44,85.0911272072792,68.96287016510963,95.11062155842781
2025-03-05,MG95,79.94,88.18200845479966,73.88078077435493,99.01556074619293
2025-03-05,MG92,78.3,85.6443942773342,68.54217449843883,96.10182772517203
2025-03-06,MG95,78.59,87.64943482398986,73.82680653810502,98.45483151435852
2025-03-06,MG92,77.03,84.89972268819808,68.81137256860733,95.11258804321288
2025-03-07,MG95,78.69,88.17788439750672,73.70719869375229,99.16580880880356
2025-03-07,MG92,76.98,85.58675964117049,68.428710283041,96.17498878598212
2025-01-13,MG95,89.09,87.45365817546845,83.74634715557099,90.13626117467881
2025-01-13,MG92,87.14,85.6607249224186,82.67780492901802,89.11291712164879
2025-01-14,MG95,88.44,87.56873376131058,83.29080934882164,90.52011599063873
2025-01-14,MG92,86.3,85.73719772458077,82.15185912609101,89.59842327356338
2025-01-15,MG95,88.1,87.63488456726074,83.25265723228455,90.52629811763764
2025-01-15,MG92,86.34,85.77739702105522,82.0967578482628,89.68378919363022
2025-01-16,MG95,88.92,87.79379798412323,82.89541422128677,90.8217710351944
2025-01-16,MG92,86.78,85.87562190890313,81.68320282876492,90.14084337711334
2025-01-17,MG95,87.72,87.83066556930542,82.8118275654316,90.8933670258522
2025-01-17,MG92,85.58,85.89820522069931,81.58757677435875,90.24963384985924
2025-01-20,MG95,86.93,88.07409193754197,82.47929259181022,91.15765295505524
2025-01-20,MG92,84.54,86.04391014456749,81.19525807976723,90.77792310953141
2025-01-21,MG95,85.82,88.12081612586975,82.25660807847977,91.37209292650223
2025-01-21,MG92,83.43,86.07347375273704,80.95244992256166,91.02967445850373
2025-01-22,MG95,85.75,88.27449929952621,81.9623019862175,91.6355600309372
2025-01-22,MG92,83.26,86.16601024985314,80.61925343692303,91.45298887372017
2025-01-23,MG95,86.31,88.34223657846451,81.35875648498535,92.25295390605926
2025-01-23,MG92,83.9,86.21507261991502,79.97094213724137,92.09518615484238
2025-01-24,MG95,86.31,88.53975758314132,81.41711310267448,92.13956714630127
2025-01-24,MG92,83.9,86.32681745052338,80.00776645541191,92.23109663128854
2025-01-27,MG95,87.49,88.58835483312606,81.26627022743224,92.2866894865036
2025-01-27,MG92,85.08,86.35729240298272,79.84236247420311,92.42414138436318
2025-01-28,MG95,87.02,88.728179397583,80.73182841897011,92.8231425333023
2025-01-28,MG92,84.91,86.44815643310547,79.26061936676503,93.08168129682541
2025-01-29,MG95,87.02,88.72464821577073,80.77291295170784,92.77960152626038
2025-01-29,MG92,84.91,86.44519206047059,79.30444901823998,93.03798684477806
2025-01-30,MG95,87.02,89.00200463533402,80.56596522688865,92.93684658765793
2025-01-30,MG92,84.91,86.60915391445161,79.04931267619133,93.51936691045762
2025-01-31,MG95,87.06,89.05807366132736,79.96657014369964,93.57558108329773
2025-01-31,MG92,84.88,86.65626340389252,78.41148684322835,94.16676185846329
2025-02-03,MG95,87.84,89.18056984663009,80.03945578336716,93.4641902089119
2025-02-03,MG92,86.41,86.72450406312943,78.47205618679524,94.21867843866349
2025-02-04,MG95,84.87,89.22593273878097,79.86188339710236,93.64785260438919
2025-02-04,MG92,83.3,86.7553996360302,78.2793519359827,94.4408962237835
2025-02-05,MG95,85.97,89.45096625566482,79.665119805336,93.81119791030883
2025-02-05,MG92,84.06,86.89117992043495,78.04086515307426,94.86802626729012
2025-02-06,MG95,84.77,89.5197168302536,79.27813810229301,94.22281088590621
2025-02-06,MG92,83.21,86.94238545179367,77.62577787339688,95.32500033259393
2025-02-07,MG95,85.49,89.63871253967285,79.49566401958465,93.95619130611419
2025-02-07,MG92,83.86,87.00564876914025,77.83496643960477,95.23252392411233
2025-02-10,MG95,86.48,89.79936595916747,79.13773524284363,94.31420196533203
2025-02-10,MG92,85.04,87.11006278634072,77.43685419917107,95.75776869297029
2025-02-11,MG95,87.44,90.01068416118622,78.90894536733627,94.52284875154496
2025-02-11,MG92,86.0,87.24185719132424,77.16445238947868,96.21103729248047
2025-02-12,MG95,87.69,90.06440930128097,78.7809681737423,94.65301118373871
2025-02-12,MG92,86.17,87.2775698697567,77.02278842628003,96.39635064125062
2025-02-13,MG95,86.03,89.90224105596542,78.90719512939454,94.5468607878685
2025-02-13,MG92,84.59,87.17758238196373,77.18057116568089,96.09696903467179
2025-02-14,MG95,86.95,90.5024907875061,78.20381953597068,95.20844049453736
2025-02-14,MG92,85.55,87.55821383714677,76.3501963108778,97.44993474364281
2025-02-17,MG95,87.68,90.38792696714401,78.11941405534745,95.32454984664916
2025-02-17,MG92,86.29,87.49197613239289,76.28316243171692,97.40932484149934
2025-02-18,MG95,87.99,90.36172457456588,78.55651295185089,94.84507676839829
2025-02-18,MG92,86.6,87.46256274580956,76.73871439933777,96.94318725943566
2025-02-19,MG95,88.43,90.70289814949035,77.70935684680938,95.72456621646882
2025-02-19,MG92,87.04,87.6960271203518,75.80539769887925,98.1678136599064
2025-02-20,MG95,88.11,91.09346732854843,77.52195344567299,95.86970290660858
2025-02-20,MG92,86.72,87.94156931042671,75.54098267018796,98.79484857559204
2025-02-21,MG95,86.91,91.36428338527679,77.12645084738732,96.27278986930847
2025-02-21,MG92,85.52,88.12287675023079,75.08558092415333,99.50212184786797
2025-02-24,MG95,85.82,91.10878958702088,77.2284764134884,96.19615810632706
2025-02-24,MG92,84.43,87.96105805754662,75.23829118132592,99.10710917949677
2025-02-25,MG95,86.01,91.22298493623734,77.24223778724671,96.16291382074355
2025-02-25,MG92,84.62,88.03110137581825,75.2308201611042,99.22333061337471
2025-02-26,MG95,83.78,90.76862930774689,77.40802421450614,96.0548903632164
2025-02-26,MG92,82.55,87.7469522380829,75.48340273618699,98.54535055041313
2025-02-27,MG95,83.41,90.95228146791457,76.95168805360794,96.54523334026337
2025-02-27,MG92,81.94,87.87648330450058,74.9815174239874,99.21315560460091
2025-02-28,MG95,84.34,91.17120450496674,77.29631604552269,96.10993585824967
2025-02-28,MG92,82.75,87.99717132687569,75.2958811300993,99.10979313850403
2025-03-03,MG95,83.79,91.19637313127518,77.16268384337425,96.25644407987595
2025-03-03,MG92,82.2,88.01741118192673,75.15468786120415,99.27295381069185
2025-03-04,MG95,80.03,90.77361390352249,77.18227934360505,96.31573722839356
2025-03-04,MG92,78.44,87.7591101717949,75.2493124383688,98.78096810102464
2025-03-05,MG95,79.94,91.10785817384719,76.96084865570069,96.50238833427429
2025-03-05,MG92,78.3,87.97065220952034,74.96419186770916,99.37704735517502
2025-03-06,MG95,78.59,91.91375574588776,75.66106157183647,97.88191359758378
2025-03-06,MG92,77.03,88.52431890249252,73.49102385282517,101.62696612596513
2025-03-07,MG95,78.69,91.31725213766099,76.78212991476059,96.67050329446792
2025-03-07,MG92,76.98,88.10632233142853,74.74337615072727,99.79548457622529
2025-03-10,MG95,78.55,91.74928455591201,76.3776663029194,97.06867730855942
2025-03-10,MG92,77.31,88.3910022521019,74.25027379393578,100.70455551266672
2025-03-11,MG95,77.98,91.33672993183136,76.95277811408043,96.47234770059586
2025-03-11,MG92,76.64,88.11189054489137,74.914012850523,99.64511276841164
2025-03-12,MG95,79.15,91.52905139923095,76.63604645848274,96.80418667316437
2025-03-12,MG92,77.74,88.24331440329553,74.55492317080498,100.18671166062356
2025-03-13,MG95,80.46,91.45273693084717,76.35453450322152,97.14355883359909
2025-03-13,MG92,79.08,88.20749156236649,74.2815298986435,100.38532462716103
2025-03-14,MG95,80.05,91.8513305926323,76.35572179913521,97.08050932645797
2025-03-14,MG92,78.62,88.45605821371079,74.20823678672315,100.84679532527925
2025-03-17,MG95,81.04,91.56459862947465,76.11507943511009,97.4051631116867
2025-03-17,MG92,79.61,88.28700885534288,74.01668924212456,100.75817460417748
2025-03-18,MG95,81.95,91.65344111680984,76.00213791131974,97.52244952440262
2025-03-18,MG92,80.52,88.34699734210969,73.885520760417,100.97578559398652
2025-03-19,MG95,80.27,91.77480118274688,76.41134047150612,97.02672277450561
2025-03-19,MG92,78.84,88.4057339823246,74.27950190722943,100.70045947074891
2025-03-20,MG95,80.97,91.8883721780777,75.82308140516281,97.6936555480957
2025-03-20,MG92,79.54,88.50116474866867,73.66058396458627,101.43135759115219
2025-03-21,MG95,81.9,91.7218846321106,76.00288508892059,97.50920503377914
2025-03-21,MG92,80.56,88.3894099032879,73.87404383122922,101.05391083359719
2025-03-24,MG95,82.07,91.80228298902512,75.34177108883857,98.29208339452744
2025-03-24,MG92,80.73,88.47090010643007,73.18381069421768,101.82838322877885
2025-03-25,MG95,83.15,91.74579431533813,75.96267055749892,97.55257204055786
2025-03-25,MG92,81.91,88.4060544550419,73.8287219786644,101.12272233486176
2025-03-26,MG95,83.45,91.5973516201973,75.92317761540413,97.62782203674317
2025-03-26,MG92,82.34,88.31601163625717,73.81446094274521,100.99279067754746
2025-03-27,MG95,83.88,91.88728723526,76.06629283189774,97.408847823143
2025-03-27,MG92,82.36,88.49011845469475,73.9079187989235,101.18221008300782
2025-03-28,MG95,84.1,91.59071913957595,75.67419859170914,97.93157531976699
2025-03-28,MG92,82.41,88.32414363145828,73.55995052397252,101.24284952998163
2025-03-31,MG95,84.1,92.03459381103515,75.65749456644058,97.86644804477692
2025-03-31,MG92,82.41,88.60018080353737,73.46532594680787,101.77224041461945
2025-04-01,MG95,85.57,92.34695498943329,75.60689631342888,97.8849125432968
2025-04-01,MG92,83.69,88.80028597116471,73.35448745310308,102.19649621844292
2025-04-02,MG95,85.91,92.25894156217575,75.41997908949853,98.11511489152909
2025-04-02,MG92,84.03,88.7523152112961,73.18260391414167,102.28111103057861
2025-04-03,MG95,83.12,91.80221134185791,75.48736836791038,98.11311900615692
2025-04-03,MG92,81.61,88.46340905666352,73.33309089183808,101.677090061903
2025-04-04,MG95,77.52,91.87393015623093,74.99446144580841,98.70914155483246
2025-04-04,MG92,76.34,88.53362262606622,72.81542730569839,102.27281879901886
2025-02-10,MG95,86.48,84.51360639870167,82.04404881238936,86.66024555325508
2025-02-10,MG92,85.04,82.94075587987899,81.29202362656594,84.59127257823944
2025-02-11,MG95,87.44,84.4227569270134,81.88508134543895,86.63513443112373
2025-02-11,MG92,86.0,82.86683886766434,81.13374784946441,84.56527066469192
2025-02-12,MG95,87.69,83.90831013739108,80.89276908636093,86.59115939378738
2025-02-12,MG92,86.17,82.40386285066604,80.12488659977913,84.57294827699661
2025-02-13,MG95,86.03,83.90793306291103,80.8895180928707,86.59517472743987
2025-02-13,MG92,84.59,82.40118868231774,80.1199481356144,84.58111573696137
2025-02-14,MG95,86.95,83.58793950617313,80.25721514582634,86.58288413763046
2025-02-14,MG92,85.55,82.10628539562225,79.47153978705406,84.59776056051254
2025-02-17,MG95,87.68,83.2983564966917,79.6752618330717,86.5905377304554
2025-02-17,MG92,86.29,81.82803692936898,78.86403371810913,84.64312645196915
2025-02-18,MG95,87.99,82.92674450099467,78.92033834159373,86.59263711810111
2025-02-18,MG92,86.6,81.47865058660507,78.08578574895859,84.66548949718475
2025-02-19,MG95,88.43,82.80520422399043,78.65822571754455,86.59605117082596
2025-02-19,MG92,87.04,81.36816994547844,77.82422709226609,84.66171067237853
2025-02-20,MG95,88.11,82.57849074065685,78.18099210262298,86.61366156816482
2025-02-20,MG92,86.72,81.14827333211899,77.32928601622581,84.6924711060524
2025-02-21,MG95,86.91,82.37979796767235,77.76715286076069,86.63095603823662
2025-02-21,MG92,85.52,80.95190440177917,76.89451122879981,84.72619061946868
2025-02-24,MG95,85.82,82.39110510647296,77.78583333432674,86.63138406872748
2025-02-24,MG92,84.43,80.96398564457893,76.91670932531356,84.7227017045021
2025-02-25,MG95,86.01,81.89900252759456,76.67688786208629,86.7212704718113
2025-02-25,MG92,84.62,80.4758224606514,75.7753592789173,84.8219408416748
2025-02-26,MG95,83.78,81.53494221270084,76.01864320993423,86.71671500444411
2025-02-26,MG92,82.55,80.10342327475547,75.03734379768372,84.88020272254944
2025-02-27,MG95,83.41,81.50665143549442,75.90435906887053,86.7449344432354
2025-02-27,MG92,81.94,80.07611176848411,74.9359803211689,84.89236893892289
2025-02-28,MG95,84.34,81.52006815314293,75.92052231550217,86.74916379213333
2025-02-28,MG92,82.75,80.08988248586654,74.95729869127274,84.89211901664734
2025-03-03,MG95,83.79,81.19087703645229,75.20759676814079,86.80645873069763
2025-03-03,MG92,82.2,79.75296226620674,74.20330817818642,84.96734562158585
2025-03-04,MG95,80.03,81.21061229944229,75.21594336271285,86.82209203481673
2025-03-04,MG92,78.44,79.7723612332344,74.22218730688095,84.9741335105896
2025-03-05,MG95,79.94,81.0977039706707,74.96058241009712,86.84934330940246
2025-03-05,MG92,78.3,79.65550257563591,73.95404069900512,85.00587363958358
2025-03-06,MG95,78.59,80.86115597724914,74.4935807621479,86.86817665100097
2025-03-06,MG92,77.03,79.41263310670853,73.44495402216911,85.04700084924698
2025-03-07,MG95,78.69,80.89371686816214,74.6059540528059,86.83863235592841
2025-03-07,MG92,76.98,79.44796211957932,73.55261554002762,85.02412796258926
2025-03-10,MG95,78.55,80.34959329783916,73.43736456990241,86.94154311537743
2025-03-10,MG92,77.31,78.8833926975727,72.30536342859268,85.1551772069931
2025-03-11,MG95,77.98,80.358673658967,73.47186178922652,86.93110732436179
2025-03-11,MG92,76.64,78.89376947045326,72.33830818295479,85.14662986516953
2025-03-12,MG95,79.15,80.18584106147289,73.0902878934145,86.9719230890274
2025-03-12,MG92,77.74,78.71272577404976,71.93263934373856,85.19450497627258
2025-03-13,MG95,80.46,79.46417146265506,71.65390419125556,87.06067826867103
2025-03-13,MG92,79.08,77.96389865517617,70.36369227766991,85.33012279987335
2025-03-14,MG95,80.05,79.42631624221801,71.54627490520477,87.0846887409687
2025-03-14,MG92,78.62,77.92187172532081,70.25450623393058,85.35297569274903
2025-03-17,MG95,81.04,78.80028088450432,70.33548874974251,87.15370356202125
2025-03-17,MG92,79.61,77.27152897834777,68.92063606023788,85.45953255414963
2025-03-18,MG95,81.95,79.14033582270145,70.8730695682764,87.18822116374969
2025-03-18,MG92,80.52,77.61446732640266,69.54393221855163,85.4646209716797
2025-03-19,MG95,80.27,78.38671680510043,69.43634446084499,87.2646857535839
2025-03-19,MG92,78.84,76.83118092417718,67.95480142951011,85.58620316028595
2025-03-20,MG95,80.97,78.25645285904407,69.33076870203018,87.1965269935131
2025-03-20,MG92,79.54,76.70859404802323,67.80063437461853,85.53385943889617
2025-03-21,MG95,81.9,77.79611116170882,68.29290686488152,87.34763194799423
2025-03-21,MG92,80.56,76.21301317095757,66.69373361468315,85.69891810655594
2025-03-24,MG95,82.07,77.74268378436565,68.28275642752646,87.30020209312438
2025-03-24,MG92,80.73,76.16593281269074,66.65920935153962,85.6578608751297
2025-03-25,MG95,83.15,77.54901017844676,67.77264089882374,87.41142887353897
2025-03-25,MG92,81.91,75.94953011274337,66.12988396883011,85.77331496953964
2025-03-26,MG95,83.45,77.07912442028523,66.91610093057155,87.45557716131209
2025-03-26,MG92,82.34,75.4605221915245,65.17200686335563,85.84003422021866
2025-03-27,MG95,83.88,77.14334937632083,67.15453939199448,87.37747178792954
2025-03-27,MG92,82.36,75.53920272231102,65.40685382723808,85.76191851377487
2025-03-28,MG95,84.1,76.60440803229808,66.0506538516283,87.50782745480537
2025-03-28,MG92,82.41,74.96498130202293,64.20417785286904,85.9131114935875
2025-03-31,MG95,84.1,77.06499941408634,66.79660398960114,87.51582754850386
2025-03-31,MG92,82.41,75.4364096903801,65.061986079216,85.90005555391312
2025-04-01,MG95,85.57,76.3626166653633,65.66487608492373,87.50538156628608
2025-04-01,MG92,83.69,74.71729833006859,63.75853144645691,85.92095905303955
2025-04-02,MG95,85.91,75.90429792165756,64.59519731462001,87.70853299021721
2025-04-02,MG92,84.03,74.21383490443229,62.621764974594115,86.14475945234298
2025-04-03,MG95,83.12,75.819282913208,64.47490545988083,87.69830102324485
2025-04-03,MG92,81.61,74.12804158568382,62.478829426765444,86.13710183382034
2025-04-04,MG95,77.52,75.88367602407932,64.58093472719192,87.69645641565323
2025-04-04,MG92,76.34,74.19451591253281,62.60012670397759,86.13293313026428
2025-04-07,MG95,72.28,75.35840108215808,63.69519696474075,87.72991413235664
2025-04-07,MG92,71.39,73.64926548242569,61.59257504701614,86.18505692005158
2025-04-08,MG95,73.41,74.94810328304767,63.018552097082136,87.7556673002243
2025-04-08,MG92,72.72,73.2233279466629,60.81895563840866,86.22362492561341
2025-04-09,MG95,70.34,74.91719336688519,63.046047960519786,87.71449484348297
2025-04-09,MG92,68.86,73.19839570045471,60.82819776415825,86.18153801441193
2025-04-10,MG95,72.44,74.5185644942522,62.236239749789235,87.83260068535805
2025-04-10,MG92,70.96,72.76930414557457,59.945627238750454,86.31528641939163
2025-04-11,MG95,71.93,74.63457094848155,62.50495117723941,87.77907649159431
2025-04-11,MG92,70.37,72.89728434443474,60.23096849918365,86.25599485874176
2025-04-14,MG95,74.29,74.0571425294876,61.47976719558238,87.87599482417106
2025-04-14,MG92,72.8,72.28793884754181,59.08076620578766,86.37053923606872
2025-04-15,MG95,74.65,74.1815057694912,61.65840368270874,87.87714643001556
2025-04-15,MG92,73.16,72.41556915521622,59.29198551774025,86.3696095252037
2025-04-16,MG95,75.04,74.03346327126026,61.33335019409656,87.93837517261504
2025-04-16,MG92,73.79,72.25354954242707,58.94335394024849,86.43833815097808
2025-04-17,MG95,76.74,73.41417958498,60.37553515434265,87.9786711859703
2025-04-17,MG92,74.96,71.61047453522683,57.834098912477494,86.49004207134247
2025-04-21,MG95,76.84,73.14091269016265,59.95256459534168,88.0050867819786
2025-04-21,MG92,75.54,71.32564811468124,57.34486606121063,86.52099244594574
2025-04-22,MG95,77.15,73.9721988594532,61.08839445888996,88.03161448121071
2025-04-22,MG92,75.85,72.17619859814644,58.70272377490997,86.5415360569954
2025-04-23,MG95,78.76,73.83248257339,60.84419287264347,88.05439181804657
2025-04-23,MG92,77.55,72.0289044058323,58.428024204969404,86.56875759124756
2025-04-24,MG95,77.62,73.40535400390624,60.290571101903915,88.0166232228279
2025-04-24,MG92,76.19,71.5951942873001,57.756732972860334,86.53170911312104
2025-04-25,MG95,78.45,72.73567482292651,59.15498582720756,88.13159017443657
2025-04-25,MG92,76.62,70.88868400812149,56.4736420071125,86.66227850675583
2025-04-25,MG95,78.45,72.51263526797294,58.83748401939869,88.14473682522774
2025-04-25,MG92,76.62,70.65776582241058,56.099533352851864,86.67658405780791
2025-04-25,MG95,78.45,72.91622216045856,59.41341433167457,88.12406906723976
2025-04-25,MG92,76.62,71.07534595727921,56.7778923869133,86.65368118047714
2025-04-25,MG95,78.45,72.49215095162391,58.79326948881149,88.15317514061927
2025-04-25,MG92,76.62,70.63534279584884,56.05219307541847,86.68600112915038
2025-04-28,MG95,78.17,72.48335594415664,58.754604067802426,88.16615873217582
2025-04-28,MG92,76.29,70.62413628101349,56.01485468745231,86.70056659936905
2025-04-29,MG95,76.83,72.46219900846481,58.70421366870403,88.17737924575805
2025-04-29,MG92,75.3,70.60058360576629,55.961856169700624,86.71313269138336
2025-04-30,MG95,74.78,72.29576139032841,58.39740752756595,88.22274028658866
2025-04-30,MG92,73.34,70.42247399687767,55.62257168531418,86.763577003479
2025-03-10,MG95,78.55,77.7113804769516,72.0569597607851,79.92717642188072
2025-03-10,MG92,77.31,75.90586821198464,72.29526041507721,78.5492393732071
2025-03-11,MG95,77.98,77.88047010362148,71.86830693662166,80.22986894488335
2025-03-11,MG92,76.64,76.0342827987671,72.09576745748521,78.94008552789688
2025-03-12,MG95,79.15,78.10200654745101,71.25395405709743,80.94456587791443
2025-03-12,MG92,77.74,76.15938458561898,71.38668144464494,79.79404459476471
2025-03-13,MG95,80.46,78.19971465826035,71.172511870265,81.09470204472541
2025-03-13,MG92,79.08,76.22811830163002,71.30793132662774,79.99436345815658
2025-03-14,MG95,80.05,78.62947181403636,70.30860744774341,82.20820491313934
2025-03-14,MG92,78.62,76.46562127947807,70.35067897439004,81.35731909275056
2025-03-17,MG95,81.04,78.68171225845813,70.41591658115387,82.15274693012238
2025-03-17,MG92,79.61,76.51383123636246,70.49239064455033,81.32226397991181
2025-03-18,MG95,81.95,78.7150086236,70.22796730041503,82.34933572411536
2025-03-18,MG92,80.52,76.5189747941494,70.27214450955391,81.54351496696472
2025-03-19,MG95,80.27,78.82118739724159,69.7079877358675,82.91177647948265
2025-03-19,MG92,78.84,76.54374737977982,69.66637013554573,82.1803892827034
2025-03-20,MG95,80.97,78.86377522587776,69.80890400469303,82.85173139333725
2025-03-20,MG92,79.54,76.58280354738235,69.79857471227646,82.13638685703278
2025-03-21,MG95,81.9,79.1873395371437,69.27431418836116,83.60896925210953
2025-03-21,MG92,80.56,76.7520362341404,69.22750214695931,83.07227577924729
2025-03-24,MG95,82.07,79.09230489134788,69.13614295005799,83.66559042692184
2025-03-24,MG92,80.73,76.67579136371613,69.03780076146126,83.08749997615814
2025-03-25,MG95,83.15,79.11188215970992,68.93711989581584,83.87257290244102
2025-03-25,MG92,81.91,76.67138653278352,68.80120169162751,83.31153151273728
2025-03-26,MG95,83.45,79.66376976370812,68.5776326572895,84.65916259288788
2025-03-26,MG92,82.34,76.99810569047928,68.49933312177659,84.38079504489899
2025-03-27,MG95,83.88,79.52255452752114,68.17618139863013,84.946667958498
2025-03-27,MG92,82.36,76.87360497951508,67.97958601355553,84.60712076425553
2025-03-28,MG95,84.1,79.71858986735344,67.94237515747547,85.33795066952705
2025-03-28,MG92,82.41,76.97794900059701,67.74493241071701,85.09941568136216
2025-03-31,MG95,84.1,79.70018517136573,67.86027633011341,85.40738571524619
2025-03-31,MG92,82.41,76.96018743753433,67.64062050819398,85.16164309501649
2025-04-01,MG95,85.57,79.79521981716155,67.84901025474072,85.49382775068283
2025-04-01,MG92,83.69,77.01817520141601,67.6508433866501,85.29489840745926
2025-04-02,MG95,85.91,79.77803459644318,67.35414719045163,85.99554801821708
2025-04-02,MG92,84.03,76.97267238020898,67.04369250297546,85.79876518249512
2025-04-03,MG95,83.12,79.88911003232002,67.25825422167777,86.18416332006454
2025-04-03,MG92,81.61,77.0334269285202,66.9557197701931,86.04197608709336
2025-04-04,MG95,77.52,79.79642053127289,67.32764236450195,86.03798575758934
2025-04-04,MG92,76.34,76.9821014714241,67.01613477945328,85.85046688556672
2025-04-07,MG95,72.28,80.06584014058113,66.80390587806701,86.81245573997498
2025-04-07,MG92,71.39,77.11144749641419,66.44614506840706,86.7622026515007
2025-04-08,MG95,73.41,80.11854023337364,66.71220133781434,86.95424319148063
2025-04-08,MG92,72.72,77.13732587814332,66.34770627379417,86.93030201196672
2025-04-09,MG95,70.34,80.0145940375328,66.99333729028702,86.56640315294266
2025-04-09,MG92,68.86,77.09197447299958,66.66473939180375,86.48876359462739
2025-04-10,MG95,72.44,80.22161403536796,66.41387078404426,87.36610689282418
2025-04-10,MG92,70.96,77.18225515365602,66.0085297036171,87.39477308034897
2025-04-11,MG95,71.93,80.32822431564331,66.27072314858437,87.61048973679543
2025-04-11,MG92,70.37,77.2367190527916,65.86121563911438,87.69089701652527
2025-04-14,MG95,74.29,80.57205370545387,66.290117495656,87.77973414301871
2025-04-14,MG92,72.8,77.37659078836441,65.95078971147538,87.97873436450959
2025-04-15,MG95,74.65,80.51932547092437,65.7291588717699,88.38344944596291
2025-04-15,MG92,73.16,77.32407235622406,65.24363081216812,88.5574557352066
2025-04-16,MG95,75.04,80.5419795691967,65.66496756970882,88.4765704536438
2025-04-16,MG92,73.79,77.33475407123566,65.17018025636673,88.66147398233414
2025-04-17,MG95,76.74,80.72293093800545,65.39879833102226,88.93341403126716
2025-04-17,MG92,74.96,77.42681503772737,64.89004218578339,89.20324983358384
2025-04-21,MG95,76.84,80.34749202489853,65.67130884110928,88.3192956662178
2025-04-21,MG92,75.54,77.22856093883514,65.12186935544014,88.416345140934
2025-04-22,MG95,77.15,81.43654910445213,64.57674536168575,90.50049603581428
2025-04-22,MG92,75.85,77.79163598299027,64.06587078809739,91.10313600540161
2025-04-23,MG95,78.76,80.74763938307763,65.24939853966237,89.13290142416953
2025-04-23,MG92,77.55,77.43728568792343,64.71038014411927,89.41425958871842
2025-04-24,MG95,77.62,80.78951428771019,64.64422455668449,89.91805588603019
2025-04-24,MG92,76.19,77.45808933734894,63.95880127787591,90.2214265036583
2025-04-25,MG95,78.45,80.97192902684212,65.3749528992176,89.1558463203907
2025-04-25,MG92,76.62,77.56122661828995,64.93051156997682,89.54521154165269
2025-04-25,MG95,78.45,80.81281564593314,65.1026112395525,89.36230348348617
2025-04-25,MG92,76.62,77.46996402740479,64.54532287001611,89.67370413064957
2025-04-25,MG95,78.45,81.27726687312126,64.65776073217391,90.27432089567183
2025-04-25,MG92,76.62,77.70940329551698,64.12178919911385,90.80061588764191
2025-04-25,MG95,78.45,81.17939929246903,64.38446694374085,90.54753963947296
2025-04-25,MG92,76.62,77.65899551153183,63.747805287837984,91.02350950956345
2025-04-28,MG95,78.17,81.1733488190174,64.54597237229348,90.33567926287651
2025-04-28,MG92,76.29,77.65510457754135,63.95055598497391,90.81060017108918
2025-04-29,MG95,76.83,81.38704778909683,64.19980086565018,90.94627053022384
2025-04-29,MG92,75.3,77.76567501068115,63.57589758396149,91.51576771974564
2025-04-30,MG95,74.78,81.20597447276116,64.38054117143155,90.57292348623275
2025-04-30,MG92,73.34,77.6725128364563,63.75084737420082,91.06103316307069
2025-05-01,MG95,74.78,81.60817617774009,63.65870561778545,91.83642181277274
2025-05-01,MG92,73.34,77.88577089071275,62.95239376544953,92.49746688365937
2025-05-02,MG95,75.24,81.09673763036727,64.05020408213139,90.92380404353142
2025-05-02,MG92,73.73,77.62483054161072,63.29486478209496,91.36256219387055
2025-05-05,MG95,73.1,81.45291821479798,63.61957453250885,91.7730466210842
2025-05-05,MG92,71.59,77.81260481357575,62.853000590801244,92.36404639005661
2025-05-06,MG95,74.97,81.5590313243866,63.626159698963164,91.84370114207267
2025-05-06,MG92,73.46,77.86314107179642,62.89514931678772,92.48180220365525
2025-05-07,MG95,76.52,81.15884644389152,63.975492460727686,91.07014107584953
2025-05-07,MG92,74.79,77.65758229494095,63.218463907241826,91.53553439855575
2025-05-08,MG95,74.88,81.23087990999221,63.45822857379913,91.83300728201866
2025-05-08,MG92,73.38,77.71722187042236,62.57022879838944,92.33202877521515
2025-05-09,MG95,76.72,81.76487874984741,63.159649434685704,92.64826402187347
2025-05-09,MG92,75.22,77.9813190150261,62.35653943777085,93.3696509385109
2025-05-12,MG95,76.72,81.36499404788017,63.54763018190861,91.80686360836029
2025-05-12,MG92,75.22,77.77433784484863,62.73133548974991,92.35989850759506
2025-05-13,MG95,77.69,81.71870754003524,62.9149992442131,92.96622812747955
2025-05-13,MG92,76.19,77.97648287773133,62.02077202320099,93.66478378772736
2025-05-14,MG95,78.68,81.36089473485947,63.2138082075119,92.27421343445778
2025-05-14,MG92,77.18,77.7935722732544,62.293197051286704,92.82757225513458
2025-05-15,MG95,76.57,81.63714340567589,62.88392138600349,92.95234487056732
2025-05-15,MG92,75.07,77.94285015821457,61.95206583738327,93.61758785963059
2025-05-16,MG95,76.6,81.26661053538322,63.05320331454277,92.43877693176269
2025-05-16,MG92,75.1,77.76546394586563,62.047944324016576,92.95962541580201
2025-05-19,MG95,76.59,81.6394322669506,62.87359336853027,92.96915486812591
2025-05-19,MG92,75.09,77.94473138809205,61.939195472002034,93.6353356575966
2025-05-20,MG95,76.33,81.62732193946839,62.717594339847565,93.19129635930061
2025-05-20,MG92,74.8,77.95377964496613,61.72783241271973,93.85366844415665
2025-05-21,MG95,77.54,81.48274845600127,62.785462828874586,92.98720310211182
2025-05-21,MG92,76.05,77.88509181261063,61.767489656209946,93.5939394235611
2025-05-22,MG95,77.12,81.7143268096447,62.821399827003475,93.10009837031365
2025-05-22,MG92,75.87,77.98206233024598,61.89572070837021,93.7964790558815
2025-05-23,MG95,76.75,81.69277023911476,62.718091510534286,93.2374206662178
2025-05-23,MG92,75.5,77.9818879723549,61.751297314167026,93.9252653002739
2025-05-26,MG95,77.26,81.2528867483139,63.025704147219656,92.46926381349563
2025-05-26,MG92,76.01,77.76214196920395,62.00648385286331,92.98592592716217
2025-05-27,MG95,76.86,81.86107658743857,62.87942339837551,93.12242414832114
2025-05-27,MG92,75.61,78.04279393672944,62.02156581044198,93.88069391727448
2025-05-28,MG95,76.5,81.34344685792922,62.6973322892189,93.02158292412757
2025-05-28,MG92,75.17,77.83628077983856,61.5992021727562,93.58118376731873
2025-04-07,MG95,72.28,76.05520644664765,71.83252088069915,79.55500202178955
2025-04-07,MG92,71.39,75.78235251188279,71.00820857286453,78.00612623691559
2025-04-08,MG95,73.41,76.11596208572388,70.60297349452972,80.92253757476806
2025-04-08,MG92,72.72,76.02625332832336,69.56564822554589,79.4609130215645
2025-04-09,MG95,70.34,76.23897966384887,69.65216553211212,82.01787640571594
2025-04-09,MG92,68.86,76.31742636561394,68.41319616436958,80.72287064313889
2025-04-10,MG95,72.44,76.52354098320006,67.46266611099243,84.89532520294189
2025-04-10,MG92,70.96,76.7432494711876,65.98452609658241,83.78437601089477
2025-04-11,MG95,71.93,76.37192680835723,68.47758885383605,83.53417525291442
2025-04-11,MG92,70.37,76.53758869171143,67.10513117790222,82.31802257061005
2025-04-14,MG95,74.29,76.12275429725646,70.53393782615662,81.00079124450683
2025-04-14,MG92,72.8,76.04441780090332,69.48273414254189,79.54852293014527
2025-04-15,MG95,74.65,76.15687245368957,70.05129806041717,81.58768452644348
2025-04-15,MG92,73.16,76.1281008708477,68.9350743842125,80.15490325927735
2025-04-16,MG95,75.04,76.22075158596039,69.57050189495087,82.15595698356628
2025-04-16,MG92,73.79,76.26723290443421,68.36025892138481,80.80133461236954
2025-04-17,MG95,76.74,76.64292680740355,66.78273801326752,85.8315507030487
2025-04-17,MG92,74.96,76.88996671915055,65.23784432768822,84.81216118335725
2025-04-21,MG95,76.84,76.37042512893676,68.43928909778595,83.59327211380004
2025-04-21,MG92,75.54,76.52776932001115,67.07184632897378,82.36411628484726
2025-04-22,MG95,77.15,76.5248717021942,67.37359110832215,85.03560516357422
2025-04-22,MG92,75.85,76.7247664833069,65.9044968521595,83.9008616065979
2025-04-23,MG95,78.76,76.99253163814544,64.97677213668823,88.46980276107787
2025-04-23,MG92,77.55,77.21369657039642,63.30799197196961,87.68283948421478
2025-04-24,MG95,77.62,76.71447143554687,66.26565665245056,86.6014270877838
2025-04-24,MG92,76.19,76.92236427545548,64.70882681488992,85.58482470035554
2025-04-25,MG95,78.45,76.86189476966858,65.45033713817597,87.82027327537536
2025-04-25,MG92,76.62,77.02913060426712,63.852521179914476,86.87050716161728
2025-04-25,MG95,78.45,76.73812866210938,66.02280505657195,86.99257530212402
2025-04-25,MG92,76.62,76.89854843139649,64.47765751004219,85.941043112278
2025-04-25,MG95,78.45,76.68764913082123,66.33963631153107,86.51663995742797
2025-04-25,MG92,76.62,76.87016416788101,64.80567366719247,85.45416972398759
2025-04-25,MG95,78.45,76.9896899986267,64.85384234905243,88.72198325157166
2025-04-25,MG92,76.62,77.13452276706695,63.21727426409721,87.85560218334199
2025-04-28,MG95,78.17,76.6836939382553,66.163944439888,86.83706600189208
2025-04-28,MG92,76.29,76.7910540676117,64.66620491743087,85.68734112501144
2025-04-29,MG95,76.83,76.94130357742308,65.04744348049164,88.4399632358551
2025-04-29,MG92,75.3,77.08045706987382,63.43116183876992,87.52627556324005
2025-04-30,MG95,74.78,76.95855671882629,64.84096487045288,88.82443937301635
2025-04-30,MG92,73.34,77.0189654159546,63.250631916522984,87.84151470661163
2025-05-01,MG95,74.78,76.85965842247009,65.4013315629959,87.91899599075317
2025-05-01,MG92,73.34,76.9976976943016,63.816897518634796,86.93662183761597
2025-05-02,MG95,75.24,77.00034499168396,64.7351727104187,88.94279943466186
2025-05-02,MG92,73.73,77.09990470409393,63.113033306598666,88.03846636772157
2025-05-05,MG95,73.1,76.74645489692688,65.92816228866577,87.14993282318115
2025-05-05,MG92,71.59,76.88445185422897,64.38961078047753,86.07988848209382
2025-05-06,MG95,74.97,76.91012871265411,64.90412781715392,88.81783198356628
2025-05-06,MG92,73.46,76.88901117324829,63.36691275238991,87.7007582449913
2025-05-07,MG95,76.52,76.99604325771331,64.58409451961516,89.28466484069824
2025-05-07,MG92,74.79,76.98561231374741,63.00810071587563,88.25601231813431
2025-05-08,MG95,74.88,76.98521268367767,64.54892749786377,89.39936542510986
2025-05-08,MG92,73.38,76.92086270332337,62.999150435924534,88.29831115007401
2025-05-09,MG95,76.72,76.99145042896271,64.66385448932647,89.11964644432068
2025-05-09,MG92,75.22,77.02272389650345,63.072741121053696,88.13364784002304
2025-05-12,MG95,76.72,77.03918535232543,64.36420244693755,89.66272765159607
2025-05-12,MG92,75.22,76.98764171123506,62.787879236936575,88.62610889673233
2025-05-13,MG95,77.69,77.18127656936645,63.91824062347412,90.27211378097533
2025-05-13,MG92,76.19,77.1897624206543,62.26580535769463,89.43594769954682
2025-05-14,MG95,78.68,76.97851288318634,64.68765033245086,89.10309562683105
2025-05-14,MG92,77.18,76.99197351932526,63.108797053098684,88.0857795405388
2025-05-15,MG95,76.57,77.1482996892929,63.957062501907345,90.29073460578918
2025-05-15,MG92,75.07,77.08845635414124,62.34241738796234,89.34687262058259
2025-05-16,MG95,76.6,77.36795611381531,63.01113846302032,92.0907538318634
2025-05-16,MG92,75.1,77.0562135052681,61.40630546927452,91.0530953836441
2025-05-19,MG95,76.59,77.42782460689544,62.80755693912506,92.46391885757446
2025-05-19,MG92,75.09,77.08085748910904,61.1924497461319,91.4412017273903
2025-05-20,MG95,76.33,77.42901208877564,62.77786065101623,92.59650097846985
2025-05-20,MG92,74.8,77.02906690120697,61.18080573678017,91.49968113660813
2025-05-21,MG95,77.54,77.60849281311035,62.21437508583069,93.71753931999206
2025-05-21,MG92,76.05,77.07690789937973,60.5935954785347,92.61861628770829
2025-05-22,MG95,77.12,77.30962626457215,63.184178137779234,91.84203875541687
2025-05-22,MG92,75.87,76.98455666303634,61.60661974191666,90.72495182037353
2025-05-23,MG95,76.75,77.43539769172668,62.74149228572845,92.72150539398193
2025-05-23,MG92,75.5,76.99587760686875,61.15596154332161,91.57253923654557
2025-05-26,MG95,77.26,77.48207450866698,62.60728373050689,92.91669599533081
2025-05-26,MG92,76.01,77.05108085870744,61.000667133331305,91.8319016957283
2025-05-27,MG95,76.86,77.39997653961181,62.91732739448547,92.22409372329712
2025-05-27,MG92,75.61,77.09709266901017,61.2973413848877,91.2319280743599
2025-05-28,MG95,76.5,77.33064977645874,63.117882456779476,91.94695301055907
2025-05-28,MG92,75.17,77.00432281255722,61.532583135366444,90.85015563488007
2025-05-29,MG95,77.4,77.5010372543335,62.577799987792964,92.85649020195007
2025-05-29,MG92,76.07,77.13455006837845,60.94210582017899,91.88503914833069
2025-05-30,MG95,76.02,77.60338248252869,62.232926602363584,93.65004229545593
2025-05-30,MG92,74.69,77.09211472988129,60.607296186685566,92.57770982265473
2025-06-02,MG95,77.31,77.59134132385253,62.26712330818176,93.59583397865295
2025-06-02,MG92,75.47,77.08019315719605,60.64603674769402,92.51001167058945
2025-06-03,MG95,77.7,77.553231010437,62.37365937709808,93.44366995811463
2025-06-03,MG92,75.86,77.03390833377838,60.77004840493203,92.30134774684906
2025-06-04,MG95,78.1,77.71994052886963,61.895640163421625,94.39687136650085
2025-06-04,MG92,76.26,77.09988650321961,60.26155692815781,93.27993595600128
2025-06-05,MG95,77.06,77.56717583656311,62.328146939277644,93.56811066627502
2025-06-05,MG92,75.22,77.02053069114686,60.72854586124421,92.39682953357696
2025-06-06,MG95,77.44,77.48034180164336,62.579934682846066,93.13830691337586
2025-06-06,MG92,75.6,76.95268693208695,61.008197745084765,91.89863520145417
2025-06-09,MG95,78.69,77.55510695457458,62.363558850288385,93.5006875705719
2025-06-09,MG92,76.85,77.01456080436706,60.76658113837242,92.32562771320343
2025-06-10,MG95,80.06,77.80886767387389,61.67591905117035,95.13042097091675
2025-06-10,MG92,78.18,77.02429827213288,60.0630718433857,93.80188242912293
2025-06-11,MG95,80.07,77.65709177970886,62.06720588207244,94.24645391464233
2025-06-11,MG92,77.89,76.98452936172485,60.47608153343201,92.9555690741539
2025-06-12,MG95,81.75,77.69919425010681,61.95280563354492,94.28736428260802
2025-06-12,MG92,79.62,77.08845635414124,60.323608258962636,93.16190328598023
2025-06-13,MG95,85.44,77.84026894569396,61.58203405380249,95.15547360420227
2025-06-13,MG92,83.31,77.10163378715515,59.94051625609398,93.96611801862717
2025-06-16,MG95,85.14,77.63915479660034,62.11622069835663,94.12521062850952
2025-06-16,MG92,83.01,76.98608553647995,60.52537860155106,92.84983109474183
2025-06-17,MG95,85.82,77.5896224784851,62.25680561542511,93.78804894447326
2025-06-17,MG92,83.91,76.99024443626404,60.66680849552155,92.55188278198243
2025-06-18,MG95,87.49,77.54866590499877,62.37833075523376,93.5113240814209
2025-06-18,MG92,85.59,76.99130918741227,60.78981910467148,92.30038310050965
2025-06-19,MG95,88.68,77.42995930194854,62.70962895870208,93.05449934005736
2025-06-19,MG92,86.69,76.84819571256638,61.17930871486664,91.65913899660111
2025-06-20,MG95,89.81,77.6509556865692,62.08676929950714,94.04700316429138
2025-06-20,MG92,88.0,77.05457542657852,60.47144486069679,92.88916318416595
2025-06-23,MG95,89.27,77.50665122509002,62.52492238998413,93.09663877487182
2025-06-23,MG92,87.46,77.04677635192871,60.918836002349856,91.99540014982225
2025-06-24,MG95,82.55,77.7188962841034,61.9229337644577,94.84667286872863
2025-06-24,MG92,80.74,76.9088956284523,60.358981658220294,93.32601146936418
2025-06-25,MG95,81.1,77.62127326011657,62.1662104511261,93.99907879829406
2025-06-25,MG92,79.29,76.98968930959703,60.57492593169213,92.74229122877121
2025-05-01,MG95,74.78,76.42019128799438,65.93559260964393,82.28313167572021
2025-05-01,MG92,73.34,74.66912558317185,65.8698814535141,82.50858410835266
2025-05-02,MG95,75.24,76.62782713890076,65.42439228892326,82.71148090600967
2025-05-02,MG92,73.73,74.695152926445,65.32032594680787,83.24868040084839
2025-05-05,MG95,73.1,76.52281467437744,65.6937296485901,82.44590991020203
2025-05-05,MG92,71.59,74.69219785690308,65.62489045143128,82.78038056373596
2025-05-06,MG95,74.97,76.82703881502151,64.97243308305741,83.00793162822724
2025-05-06,MG92,73.46,74.74555522203445,64.86335679054261,83.74059456586838
2025-05-07,MG95,76.52,76.83879700183869,64.95127458691597,83.0000334072113
2025-05-07,MG92,74.79,74.75375597715379,64.84944698095322,83.71976919412613
2025-05-08,MG95,74.88,76.55609239339829,65.58494636297226,82.616934030056
2025-05-08,MG92,73.38,74.67493080854416,65.47786262750625,83.09303216695785
2025-05-09,MG95,76.72,76.49987774133682,65.74994875788688,82.39942986011505
2025-05-09,MG92,75.22,74.68939141511918,65.68515026450157,82.69979809045792
2025-05-12,MG95,76.72,76.39095182418824,66.01220357060433,82.20695752382278
2025-05-12,MG92,75.22,74.66977255105972,65.95685929179191,82.37281702280045
2025-05-13,MG95,77.69,77.03678739547729,64.48048356175423,83.42445135593414
2025-05-13,MG92,76.19,74.78035160303116,64.33161912918091,84.45625470638275
2025-05-14,MG95,78.68,76.94051111221313,64.70856475114823,83.21817050457001
2025-05-14,MG92,77.18,74.76673904895783,64.5826382982731,84.09918088912964
2025-05-15,MG95,76.57,76.22985842466355,66.38747158527374,81.98964055776597
2025-05-15,MG92,75.07,74.62509679555893,66.32121149778366,82.0200446677208
2025-05-16,MG95,76.6,76.61237836122513,65.469517339468,82.65131714344025
2025-05-16,MG92,75.1,74.69875496387482,65.37712360739708,83.14036573648453
2025-05-19,MG95,76.59,76.8504393005371,64.92924247264862,82.99464906692505
2025-05-19,MG92,75.09,74.76162450551988,64.83388478040696,83.702939286232
2025-05-20,MG95,76.33,76.9169947385788,64.78163666725159,83.07339058637619
2025-05-20,MG92,74.8,74.78352524280548,64.68968962669373,83.82273325920106
2025-05-21,MG95,77.54,77.03571765899659,64.4934585738182,83.37466403722763
2025-05-21,MG92,76.05,74.7887009859085,64.35858195304871,84.36118539810181
2025-05-22,MG95,77.12,76.63496762990951,65.43351624965668,82.61487478733063
2025-05-22,MG92,75.87,74.71986884832383,65.36267174363137,83.05906635284424
2025-05-23,MG95,76.75,76.91821602106094,64.74686131715775,83.23280806541443
2025-05-23,MG92,75.5,74.75236587047577,64.6078831601143,84.13481657981873
2025-05-26,MG95,77.26,76.93691858053208,64.71941811919213,83.19980669498443
2025-05-26,MG92,76.01,74.76828652620316,64.59748795986175,84.06520633220673
2025-05-27,MG95,76.86,77.12331124782563,64.27717568635941,83.6084014582634
2025-05-27,MG92,75.61,74.79380678653717,64.10796495318414,84.77315531492233
2025-05-28,MG95,76.5,76.77461281299591,65.10496451854706,82.8642660188675
2025-05-28,MG92,75.17,74.74593990564347,65.01764114618301,83.48306637525559
2025-05-29,MG95,77.4,77.16816886425019,64.1982915353775,83.58270995378494
2025-05-29,MG92,76.07,74.82159143447876,64.05266231298447,84.70517122983932
2025-05-30,MG95,76.02,76.86862482070923,64.8661324775219,83.12456856250763
2025-05-30,MG92,74.69,74.74575630664826,64.73922201275826,83.94761554718018
2025-06-02,MG95,77.31,77.46989695310593,63.49706144332886,84.26341001987457
2025-06-02,MG92,75.47,74.86522679567338,63.26670124292374,85.88545048475265
2025-06-03,MG95,77.7,76.60310731172562,65.49117950320245,82.63593076705932
2025-06-03,MG92,75.86,74.69676160335541,65.39940465688706,83.11444330692292
2025-06-04,MG95,78.1,77.25496906518936,63.993931752443316,83.78718116760254
2025-06-04,MG92,76.26,74.83124349594117,63.82137566447258,85.06400235176086
2025-06-05,MG95,77.06,77.28029507637024,63.94393048644066,83.7969246840477
2025-06-05,MG92,75.22,74.8428452038765,63.77749113321305,85.07082174301148
2025-06-06,MG95,77.44,76.96039038181306,64.68704967617988,83.10434162855148
2025-06-06,MG92,75.6,74.80309165000916,64.60337624192238,83.85571987867355
2025-06-09,MG95,78.69,76.89596550226211,64.79168773293495,83.21724339962006
2025-06-09,MG92,76.85,74.74368426084519,64.64850662350655,84.11206779003143
2025-06-10,MG95,80.06,77.18559665441514,64.13184752821923,83.73988990068436
2025-06-10,MG92,78.18,74.80413204431534,63.948176999092105,84.99888590812684
2025-06-11,MG95,80.07,76.72552082300186,65.20993686795235,82.82405284166336
2025-06-11,MG92,77.89,74.7263560128212,65.11393881917,83.42756702184677
2025-06-12,MG95,81.75,77.45567837238312,63.54853359699249,84.14426811933518
2025-06-12,MG92,79.62,74.87556953907013,63.34535592675209,85.66519289016723
2025-06-13,MG95,85.44,77.69605707406998,62.97070206522942,84.79816237211227
2025-06-13,MG92,83.31,74.9033979010582,62.67173121333123,86.79880302906037
2025-06-16,MG95,85.14,77.19803234100343,64.09930079579354,83.78002284765243
2025-06-16,MG92,83.01,74.80423695802689,63.90891741394997,85.06926552295685
2025-06-17,MG95,85.82,77.22031851768494,64.0511448252201,83.81307770490646
2025-06-17,MG92,83.91,74.81007715463639,63.85941999912262,85.12431025028229
2025-06-18,MG95,87.49,77.57129905700684,63.279829164743425,84.42584059000015
2025-06-18,MG92,85.59,74.890913169384,63.038352178335195,86.15559454917909
2025-06-19,MG95,88.68,76.93229197025299,64.71386886119842,83.26049641132354
2025-06-19,MG92,86.69,74.75481385707856,64.57234364032746,84.18222009181977
2025-06-20,MG95,89.81,77.00055007219315,64.5645693063736,83.35359914302826
2025-06-20,MG92,88.0,74.77389066696168,64.42238697528839,84.33493948459626
2025-06-23,MG95,89.27,76.84963699817658,64.88035105824471,83.19757807731628
2025-06-23,MG92,87.46,74.72403042554856,64.7245646929741,84.0853672504425
2025-06-24,MG95,82.55,77.18302928686143,64.13620670437813,83.74072786092758
2025-06-24,MG92,80.74,74.80277690887452,63.9514118385315,85.00108909606934
2025-06-25,MG95,81.1,77.3765089583397,63.68152412772179,84.1743633723259
2025-06-25,MG92,79.29,74.83432970762253,63.44494963884354,85.74345851898194
2025-06-26,MG95,79.86,77.0795501112938,64.35766889929772,83.59896103382111
2025-06-26,MG92,78.05,74.77414420843125,64.17528458476067,84.76581135511398
2025-06-27,MG95,79.59,77.03918538808823,64.48692872405053,83.37401328086852
2025-06-27,MG92,77.78,74.79070308923721,64.35355920910835,84.35831775665284
2025-06-30,MG95,79.2,76.98215951919556,64.60771088719368,83.31610487937927
2025-06-30,MG92,77.39,74.77090936899185,64.46934897542,84.27042629480363
2025-07-01,MG95,79.36,77.07771373033523,64.39979868769646,83.43986447572708
2025-07-01,MG92,77.65,74.79920109987259,64.26186899662018,84.469036693573
2025-07-02,MG95,80.1,77.25713528156281,63.927728435993195,84.01967947721481
2025-07-02,MG92,78.26,74.80057372093201,63.692935053110126,85.4835959982872
2025-07-03,MG95,80.19,77.48608563184739,63.45940226197243,84.30119846105576
2025-07-03,MG92,78.83,74.86776221036911,63.22419807553292,85.95042704343795
2025-07-04,MG95,80.68,77.27105077028274,63.92589205503464,83.94831022500992
2025-07-04,MG92,79.32,74.81519169807434,63.714739619493486,85.35821537017823
2025-07-07,MG95,80.11,77.702101085186,62.92854107618332,84.90140085697175
2025-07-07,MG92,78.42,74.89691947937013,62.606195114851,86.97314338922502
2025-07-08,MG95,79.99,76.97647208690644,64.58548711180687,83.43646806240082
2025-07-08,MG92,78.3,74.74894743204118,64.41055358290673,84.49182045459747
2025-07-09,MG95,81.39,77.50812220335007,63.40472089886666,84.36599774837494
2025-07-09,MG92,79.7,74.86964191436768,63.159475058317184,86.0630081987381
2025-07-10,MG95,80.3,77.07529790878296,64.4042470085621,83.44080940961838
2025-07-10,MG92,78.61,74.79772356510162,64.26513443589211,84.47201799154281
2025-07-11,MG95,79.29,77.46912139415741,63.4797183406353,84.33409285783767
2025-07-11,MG92,77.6,74.85622170209885,63.230724582672124,86.0129206442833
2025-07-14,MG95,80.84,77.43817035198212,63.50721056818962,84.40746786594391
2025-07-14,MG92,79.15,74.83594712734222,63.22999018669129,86.13916681051255
2025-07-15,MG95,78.87,77.39780562877655,63.65942961215973,84.11921845674514
2025-07-15,MG92,77.18,74.85099350214004,63.44426332831383,85.63989994287492
2025-07-16,MG95,79.2,77.48145010709763,63.39908249616623,84.52433657646179
2025-07-16,MG92,77.51,74.84274029016495,63.105658695697784,86.33496202468872
2025-07-17,MG95,79.08,77.24345156908035,63.98047090172768,83.92310901641846
2025-07-17,MG92,77.39,74.80596803426742,63.766803048849106,85.31750010728837
2025-07-18,MG95,79.42,77.41744420766831,63.60440504193306,84.20067888975143
2025-07-18,MG92,77.73,74.84931488275528,63.373962398767475,85.78378909826279
2025-07-21,MG95,78.69,77.27571303844452,63.92115847110748,83.93603499889375
2025-07-21,MG92,77.0,74.81895984888077,63.71487513303757,85.3353092098236
2025-07-22,MG95,78.08,77.90418322086335,62.52923073410988,85.16245221614838
2025-07-22,MG92,76.39,74.9542897939682,62.19851791739464,87.41039751052857
2025-07-23,MG95,77.26,77.6134555888176,63.053798303604125,84.92033519268035
2025-07-23,MG92,75.57,74.86359189033509,62.70240535974503,86.98714062690735
2025-05-29,MG95,77.4,77.84381461143494,74.00076162815094,81.4213165640831
2025-05-29,MG92,76.07,76.58686255335807,72.46917044460774,80.5655029296875
2025-05-30,MG95,76.02,77.84830141067505,73.97286504507065,81.42517411708832
2025-05-30,MG92,74.69,76.60010685563087,72.41471915721894,80.56975042581558
2025-06-02,MG95,77.31,78.27199387550354,73.43671989440918,82.29642480611801
2025-06-02,MG92,75.47,77.09459067702294,71.75412149727345,81.35002621769905
2025-06-03,MG95,77.7,78.4654369354248,73.16235941648483,82.69171911478043
2025-06-03,MG92,75.86,77.32761154055595,71.41136020898819,81.71732710123062
2025-06-04,MG95,78.1,78.71027755737305,72.78498038649559,83.1913771033287
2025-06-04,MG92,76.26,77.63168387413025,70.93642920732498,82.19536755681038
2025-06-05,MG95,77.06,78.95257383584976,72.27077677845955,83.68141400814056
2025-06-05,MG92,75.22,77.9817617881298,70.24094652116298,82.70139309763908
2025-06-06,MG95,77.44,78.95650434494019,72.35240095853806,83.69353383779526
2025-06-06,MG92,75.6,77.95565850496293,70.38161570727826,82.69598067641259
2025-06-09,MG95,78.69,79.42482769489288,71.44272521138191,84.65348088741302
2025-06-09,MG92,76.85,78.60522970080376,69.2198359066248,83.70257453203202
2025-06-10,MG95,80.06,79.36860591173172,71.7107704281807,84.54047191143036
2025-06-10,MG92,78.18,78.46924709796906,69.61659147322177,83.54734378218652
2025-06-11,MG95,80.07,79.52020865678787,71.20704969763756,84.84893935918808
2025-06-11,MG92,77.89,78.75660723686218,68.90704455673695,83.92432250499725
2025-06-12,MG95,81.75,79.67844128608704,70.87984621524811,85.17720526456833
2025-06-12,MG92,79.62,78.98465476632119,68.49648014724255,84.28462487697601
2025-06-13,MG95,85.44,79.92013567686081,70.41899174451828,85.68447804450989
2025-06-13,MG92,83.31,79.3189703476429,67.94066301941872,84.8380270254612
2025-06-16,MG95,85.14,79.98878735303879,70.44926396012306,85.8312656879425
2025-06-16,MG92,83.01,79.35322810649872,68.03981158673763,84.95862365603448
2025-06-17,MG95,85.82,80.02234715223312,70.36678710579872,85.90215164422989
2025-06-17,MG92,83.91,79.40658167600633,67.93410359501839,85.04125268936157
2025-06-18,MG95,87.49,80.20538485050201,69.89475667476654,86.29105317592621
2025-06-18,MG92,85.59,79.70638859152794,67.32722242355347,85.50340535879135
2025-06-19,MG95,88.68,80.32273471355438,69.60494774580002,86.54279726743698
2025-06-19,MG92,86.69,79.89404010295868,66.96217522203922,85.80165306687356
2025-06-20,MG95,89.81,80.44183552265167,69.26075461506844,86.79986715316772
2025-06-20,MG92,88.0,80.10370869874954,66.51652864515782,86.1214698112011
2025-06-23,MG95,89.27,80.36597943305969,69.75726637244225,86.6343115568161
2025-06-23,MG92,87.46,79.86461230278016,67.23211076974869,85.84314232230187
2025-06-24,MG95,82.55,80.77786213159561,68.92019560933113,87.53417015075684
2025-06-24,MG92,80.74,80.45467374801636,66.2470097821951,86.87090197086334
2025-06-25,MG95,81.1,80.70071107149124,68.90700423717499,87.36838656663895
2025-06-25,MG92,79.29,80.40903556704521,66.16834149420262,86.7247845196724
2025-06-26,MG95,79.86,80.59354770183563,69.08125984668732,87.13257426023483
2025-06-26,MG92,78.05,80.27204037547112,66.35506554603577,86.46620699167252
2025-06-27,MG95,79.59,80.63918173313141,68.88563722372055,87.2333904504776
2025-06-27,MG92,77.78,80.3767492198944,66.08775107979774,86.60952862262727
2025-06-30,MG95,79.2,80.80271279811859,68.58870595693588,87.59692150354385
2025-06-30,MG92,77.39,80.59769966721535,65.75755306065082,87.01723448514939
2025-07-01,MG95,79.36,81.06034809350967,67.92076563835144,88.18200194835663
2025-07-01,MG92,77.65,81.0222073340416,64.9379610466957,87.73189811110497
2025-07-02,MG95,80.1,80.98255866765976,67.41460087895393,87.97890132665634
2025-07-02,MG92,78.26,81.16291236400605,64.09280788779259,87.69417245984077
2025-07-03,MG95,80.19,81.01163166761398,67.75027638673782,88.06775271892548
2025-07-03,MG92,78.83,81.05495069026948,64.63656804084778,87.67673442721367
2025-07-04,MG95,80.68,81.13265669345856,67.34705722332001,88.34339904785156
2025-07-04,MG92,79.32,81.28788194417953,64.11808228194714,88.04139182686806
2025-07-07,MG95,80.11,81.26733362674713,66.7843925356865,88.64592057466507
2025-07-07,MG92,78.42,81.58929287195205,63.36859635651112,88.47881224036217
2025-07-08,MG95,79.99,81.21273511648178,66.55179941654205,88.4811674952507
2025-07-08,MG92,78.3,81.63964451909065,62.9589683675766,88.39969590425491
2025-07-09,MG95,81.39,81.45276063680649,66.539506316185,89.09880459308624
2025-07-09,MG92,79.7,81.80494739055634,63.155916877388954,88.96194252252579
2025-07-10,MG95,80.3,81.42818355560303,66.85086464881897,89.0449812412262
2025-07-10,MG92,78.61,81.67160827159881,63.61001364171505,88.82280566096306
2025-07-11,MG95,79.29,81.48713207244873,66.2995355129242,89.17418646812439
2025-07-11,MG92,77.6,81.917550842762,62.81863521754742,89.10088224291802
2025-07-14,MG95,80.84,81.38458317518234,66.93395707011223,88.94072699546814
2025-07-14,MG92,79.15,81.61123826861382,63.69962326467037,88.70350836992264
2025-07-15,MG95,78.87,81.31899565458298,66.00011005997658,88.68750554323196
2025-07-15,MG92,77.18,81.91486255407334,62.19887266278267,88.75165562033654
2025-07-16,MG95,79.2,81.33253812789917,65.5558530986309,88.62879413366318
2025-07-16,MG92,77.51,82.0858197927475,61.514918254613875,88.83767189741135
2025-07-17,MG95,79.08,81.47653520107269,65.82403966784477,89.0989596247673
2025-07-17,MG92,77.39,82.08594524621964,62.07494703471661,89.17457719683648
2025-07-18,MG95,79.42,81.46990531682968,65.56128376722336,89.03636330366135
2025-07-18,MG92,77.73,82.17722160816193,61.65944513499737,89.19869114637375
2025-07-21,MG95,78.69,81.44982415437698,65.42423576116562,88.94834178686142
2025-07-21,MG92,77.0,82.21312818408012,61.42516525626183,89.16264119505882
2025-07-22,MG95,78.08,81.51266670227051,64.99352583289146,89.02791863679886
2025-07-22,MG92,76.39,82.41043065190316,60.81139310479164,89.36952293157577
2025-07-23,MG95,77.26,81.31263023614883,64.85128882527351,88.31490969657898
2025-07-23,MG92,75.57,82.32380502939225,60.37545573055744,88.79213228702545
2025-07-24,MG95,78.14,81.64474457502365,65.19241780042648,89.47437340021133
2025-07-24,MG92,76.45,82.43011788606644,61.25539982557297,89.70612355828285
2025-07-25,MG95,78.22,81.62126183509827,64.5137346982956,89.22446233034134
2025-07-25,MG92,76.53,82.65467064023018,60.16671011388302,89.69828271627426
2025-07-28,MG95,77.92,81.59103065729141,64.58302018046379,89.14883422851562
2025-07-28,MG92,76.23,82.60944466352463,60.24453159093857,89.60894192218781
2025-07-29,MG95,79.49,81.63696563243866,64.86596667766571,89.38002294301987
2025-07-29,MG92,77.8,82.54142199873924,60.73752341210842,89.72333756685258
2025-07-30,MG95,81.72,81.74515950679779,64.5479191839695,89.63407427072525
2025-07-30,MG92,80.03,82.72893013477325,60.349016411304476,90.05131774783135
2025-07-31,MG95,82.4,81.6088045835495,64.55708429217339,89.19840788841248
2025-07-31,MG92,80.71,82.63085240244865,60.222178470492366,89.66114848852158
2025-08-01,MG95,81.46,81.58347970247269,63.81075266003609,88.77241730690002
2025-08-01,MG92,79.77,82.87093450427055,59.007811262607575,89.54166301727295
2025-08-04,MG95,79.18,81.60108035802841,63.900447607040405,88.88766968250275
2025-08-04,MG92,77.49,82.8525914144516,59.170519935488706,89.60987386226654
2025-08-05,MG95,79.02,81.72417551279068,64.12037828564644,89.4265324473381
2025-08-05,MG92,77.33,82.86317431092263,59.65342619359493,90.00576021552087
2025-08-06,MG95,78.93,81.8127533197403,64.47105538845062,89.82593965530396
2025-08-06,MG92,77.24,82.80316274642945,60.2977193826437,90.24768827557564
2025-08-07,MG95,77.92,81.81004482507706,64.14647832512856,89.72429358959198
2025-08-07,MG92,76.23,82.91447582006455,59.78541668772698,90.26086985111237
2025-08-08,MG95,78.6,81.77851867675781,64.06066372990608,89.58911508321762
2025-08-08,MG92,76.45,82.92194030165672,59.6167848187685,90.16903790950775
2025-08-11,MG95,79.23,81.79937499761581,64.2606728374958,89.72535145282745
2025-08-11,MG92,77.08,82.86735011935234,59.953936544656756,90.22484678268432
2025-08-12,MG95,80.53,81.7741048336029,63.879532009363174,89.50299954414368
2025-08-12,MG92,78.38,82.98103784799576,59.325490817427635,90.15324869394303
2025-08-13,MG95,79.43,81.86178892850876,64.68328008055687,90.02009403705597
2025-08-13,MG92,77.01,82.76244413375855,60.67785684466362,90.3566894209385
2025-08-14,MG95,79.84,81.7409098148346,63.89576929807663,89.39294528961182
2025-08-14,MG92,77.42,82.95211186170579,59.31546350061894,90.05117437243462
2025-08-15,MG95,80.6,81.71186417341232,63.30575519800186,88.97230786085129
2025-08-15,MG92,78.18,83.13136695146561,58.34400109767914,89.89121223449708
2025-08-18,MG95,79.42,81.81032752990723,63.77921739220619,89.58844023942947
2025-08-18,MG92,76.71,83.04088811516762,59.20558418095112,90.2620078933239
2025-08-19,MG95,79.65,81.85651785135269,64.10694524645805,89.8645790219307
2025-08-19,MG92,76.94,82.96092048764228,59.771858751773834,90.39868945121765
2025-08-20,MG95,80.77,81.83893543481827,64.069815158844,89.79486036300659
2025-08-20,MG92,78.16,82.96135957479477,59.695040902495386,90.34858871102334
2025-06-26,MG95,79.86,82.85554078817367,78.15195603370665,87.88941876888275
2025-06-26,MG92,78.05,81.33516131758691,74.73877384185792,86.29867882490159
2025-06-27,MG95,79.59,82.96939933300018,77.93778363466262,88.2318645119667
2025-06-27,MG92,77.78,81.4680768120289,74.44714333355428,86.65609125494957
2025-06-30,MG95,79.2,83.07438277006149,77.37899505496024,88.82516256570815
2025-06-30,MG92,77.39,81.68134464740754,73.65027893185616,87.36702184796334
2025-07-01,MG95,79.36,83.10296100378036,77.38492146134377,88.86979913711548
2025-07-01,MG92,77.65,81.70337750315667,73.66119138658047,87.39914009928704
2025-07-02,MG95,80.1,83.19201178550719,76.78582268357276,89.51598045825958
2025-07-02,MG92,78.26,81.95244991064072,72.78858254492283,88.1940148329735
2025-07-03,MG95,80.19,83.30656641721725,76.69614349007605,89.7907220840454
2025-07-03,MG92,78.83,82.07506261110306,72.66289318442345,88.45227468609811
2025-07-04,MG95,80.68,83.4130193710327,75.77243619561195,90.83145898580551
2025-07-04,MG92,79.32,82.4981955242157,71.30418150901795,89.75665566444398
2025-07-07,MG95,80.11,83.3433623433113,76.09318239688872,90.40295950174331
2025-07-07,MG92,78.42,82.3184732079506,71.77393692791462,89.24751805186273
2025-07-08,MG95,79.99,83.51834118366241,75.74442353248595,91.04114549160003
2025-07-08,MG92,78.3,82.59466370344163,71.26621240496635,89.93198275208474
2025-07-09,MG95,81.39,83.57746022939682,75.02640507817267,91.87303699254988
2025-07-09,MG92,79.7,82.93677317619324,70.22005347132684,90.98954092383386
2025-07-10,MG95,80.3,83.6891144990921,75.23464623689651,91.85119726657867
2025-07-10,MG92,78.61,82.93990182280541,70.52445377290249,90.84610523700715
2025-07-11,MG95,79.29,83.87647788524627,74.92723203301429,92.49967954158782
2025-07-11,MG92,77.6,83.22061042428017,70.08287980377675,91.52124071002007
2025-07-14,MG95,80.84,83.74935501813889,74.60487613081932,92.62363134622574
2025-07-14,MG92,79.15,83.25722787737847,69.61714152932167,91.81401019692422
2025-07-15,MG95,78.87,83.70692272186278,74.41159600615501,92.759368288517
2025-07-15,MG92,77.18,83.30674745321275,69.34196713507176,92.03814795255661
2025-07-16,MG95,79.2,83.67882788181305,74.51912692785262,92.5924234509468
2025-07-16,MG92,77.51,83.23696256518365,69.49423108756542,91.84529666304589
2025-07-17,MG95,79.08,83.6236726641655,73.44160860180854,93.69851517677307
2025-07-17,MG92,77.39,83.6645001590252,67.99662546157838,93.37187771558763
2025-07-18,MG95,79.42,83.81704946756362,73.29808902144431,94.21433489322662
2025-07-18,MG92,77.73,83.88889312148095,67.80169943511487,93.84444513559342
2025-07-21,MG95,78.69,83.87997765541076,73.25893896818161,94.37374845743179
2025-07-21,MG92,77.0,83.95826211690904,67.74892833530903,93.98696396827698
2025-07-22,MG95,78.08,83.848344373703,73.24018812775611,94.3383543729782
2025-07-22,MG92,76.39,83.94048270821573,67.72361087322236,93.97399568080903
2025-07-23,MG95,77.26,83.91793372631072,72.71982451081276,95.07758897542953
2025-07-23,MG92,75.57,84.22873408913613,67.03084249913692,94.86648229837418
2025-07-24,MG95,78.14,84.04000029563903,73.14349972605704,94.79823577404022
2025-07-24,MG92,76.45,84.14099020242692,67.59423991799355,94.37417888402939
2025-07-25,MG95,78.22,83.77805893421173,72.49832869768142,95.08392143249512
2025-07-25,MG92,76.53,84.20960302948953,66.7412772756815,95.02581642508507
2025-07-28,MG95,77.92,83.55425733327866,72.39660816788673,94.78962169885635
2025-07-28,MG92,76.23,84.06456993699075,66.61101309657097,94.88823159098627
2025-07-29,MG95,79.49,84.26054382324219,72.73219455480574,95.68715806007384
2025-07-29,MG92,77.8,84.50404553890229,67.04896218359471,95.29917128920556
2025-07-30,MG95,81.72,83.79561579227448,72.63620223999023,94.95241901874542
2025-07-30,MG92,80.03,84.16373196601869,66.92128315508366,94.83473267912865
2025-07-31,MG95,82.4,83.99792571067809,72.2873611986637,95.74272899627685
2025-07-31,MG92,80.71,84.48572736024857,66.46751124501229,95.6457421553135
2025-08-01,MG95,81.46,84.381991648674,72.73727502226829,95.90109843015671
2025-08-01,MG92,79.77,84.59978590607643,67.05713352799417,95.4514730501175
2025-08-04,MG95,79.18,83.9246045589447,72.02810750603675,95.92031816244125
2025-08-04,MG92,77.49,84.53809201955796,66.13503819286824,95.95534584045411
2025-08-05,MG95,79.02,83.93348933458327,72.4784322142601,95.39421182870865
2025-08-05,MG92,77.33,84.34817088246346,66.71501460313797,95.26217575192452
2025-08-06,MG95,78.93,84.0448439002037,71.90485662221909,96.29376877546309
2025-08-06,MG92,77.24,84.69203844666481,65.9784168201685,96.30865605711938
2025-08-07,MG95,77.92,83.66130002737044,71.63684383630752,95.9003250002861
2025-08-07,MG92,76.23,84.48443242192269,65.64169504702092,96.22236779451372
2025-08-08,MG95,78.6,83.87372254133224,71.728640294075,96.188891685009
2025-08-08,MG92,76.45,84.62527823209763,65.75586229205132,96.35968796968461
2025-08-11,MG95,79.23,83.79028879404068,70.5985529065132,97.41668260097504
2025-08-11,MG92,77.08,85.03329723000527,64.367225253582,98.04483752846718
2025-08-12,MG95,80.53,84.29617960453032,71.86971873641014,96.80302400588988
2025-08-12,MG92,78.38,84.91460715293886,65.93529631912709,96.69710919857026
2025-08-13,MG95,79.43,83.89760218858719,71.2875580728054,96.7730632662773
2025-08-13,MG92,77.01,84.83465180039407,65.20608535587787,97.0900426375866
2025-08-14,MG95,79.84,83.66851226091384,70.89729986190795,96.81483814716339
2025-08-14,MG92,77.42,84.80401752948762,64.72880133569241,97.40511909127237
2025-08-15,MG95,80.6,83.7734763622284,71.35322710275649,96.45745553970336
2025-08-15,MG92,78.18,84.70135822176934,65.28764284014703,96.82048751950265
2025-08-18,MG95,79.42,83.64547371864319,70.99555445909499,96.65036828517913
2025-08-18,MG92,76.71,84.74294748187066,64.84865874767304,97.21791070818902
2025-08-19,MG95,79.65,83.98242810964584,71.05468800663948,97.2206954717636
2025-08-19,MG92,76.94,85.0051866710186,64.91997487664223,97.57356504678727
2025-08-20,MG95,80.77,83.85686177015305,70.74794571995734,97.36011587381363
2025-08-20,MG92,78.16,85.02791898250581,64.54712715983392,97.89523906946184
2025-08-21,MG95,81.77,83.66291456222534,70.84353681802749,96.86997402906417
2025-08-21,MG92,79.01,84.82169296503068,64.66352510154248,97.4832879960537
2025-08-22,MG95,82.69,83.64558973312377,70.90572541356086,96.76045635938644
2025-08-22,MG92,79.93,84.78072754383088,64.73919865071774,97.36104392766953
2025-08-25,MG95,81.54,83.43395031690596,70.37230533361435,97.00304263830185
2025-08-25,MG92,79.6,84.81716540694238,64.09859644174577,97.92799061179161
2025-08-26,MG95,81.12,83.4710362792015,70.28989154696464,97.1765519618988
2025-08-26,MG92,79.18,84.88349082469941,64.00009133398534,98.10963170528413
2025-08-27,MG95,79.35,83.16232174634933,70.2256340265274,96.6476129412651
2025-08-27,MG92,77.41,84.63547705292703,63.9277969121933,97.79597306728364
2025-08-28,MG95,80.24,83.6785765171051,70.66880450844764,97.11468724012374
2025-08-28,MG92,78.3,84.90804739236832,64.45214768707753,97.78296697139741
2025-08-29,MG95,81.37,83.45846804380416,70.19532524347305,97.26792303323745
2025-08-29,MG92,79.43,84.91100590109826,63.88795156538487,98.24394611120225
2025-09-01,MG95,81.25,83.24199469089507,70.29821558594703,96.71664155721663
2025-09-01,MG92,79.31,84.67731206774712,64.01279968857766,97.78766466736795
2025-09-02,MG95,82.72,84.04374176263809,70.33285074234009,98.2350294113159
2025-09-02,MG92,80.78,85.3591490828991,64.05004098057748,98.81019333958626
2025-09-03,MG95,82.95,83.78497146368026,70.29901801943778,97.77696557044982
2025-09-03,MG92,80.73,85.15252607703209,64.00936384856702,98.51714028954507
2025-09-04,MG95,81.45,83.69534060955047,70.25576395392417,97.65632984638214
2025-09-04,MG92,79.28,85.09298727035524,63.958199606537825,98.46600440382959
2025-09-05,MG95,81.6,83.79906722307204,70.64358102679252,97.3779821038246
2025-09-05,MG92,79.24,85.02208703398705,64.42135273039341,97.98461817026138
2025-09-08,MG95,81.23,83.03140907287597,69.3665274620056,97.43126175403594
2025-09-08,MG92,78.87,84.85964316487313,62.92407792806626,98.9928174519539
2025-09-09,MG95,81.58,83.81746518611908,70.79249528050423,97.22958024740218
2025-09-09,MG92,79.22,84.97567720055581,64.6010514163971,97.7714259517193
2025-09-10,MG95,81.84,83.32896687984466,69.92167608737945,97.34817605018615
2025-09-10,MG92,79.48,84.90716834664346,63.56644295454026,98.50717777132989
2025-09-11,MG95,82.05,84.08675413131714,70.18690452575683,98.50051888227462
2025-09-11,MG92,79.69,85.45567397475243,63.87725650906563,99.10232953548432
2025-09-12,MG95,81.4,83.38546593189238,69.90697125196456,97.47804459333419
2025-09-12,MG92,79.14,84.9632665872574,63.548587929010395,98.60714322924615
2025-09-15,MG95,83.32,83.80848373174666,69.94391703009605,98.26370432376861
2025-09-15,MG92,81.06,85.3178244817257,63.59012520253659,99.1186816763878
2025-09-16,MG95,83.4,83.97125204801559,70.5871303141117,97.77885080575942
2025-09-16,MG92,81.14,85.19224382042886,64.35353860616685,98.30546040773393
2025-09-17,MG95,83.21,84.32198315858841,70.36492391228676,98.72863235473632
2025-09-17,MG92,81.74,85.57883489727975,64.09034475445748,99.1316027033329
2025-07-24,MG95,78.14,76.04235902547836,72.13963490128518,78.53854743003846
2025-07-24,MG92,76.45,74.20053265929221,70.81676810503005,76.77492442131042
2025-07-25,MG95,78.22,75.93482638955116,71.50671616196632,78.9890415263176
2025-07-25,MG92,76.53,74.05391244113444,70.22989535629749,77.18466466784477
2025-07-28,MG95,77.92,75.88172550201416,71.37115716218949,79.05483855009079
2025-07-28,MG92,76.23,73.99550488471984,70.14611494839191,77.19156529068947
2025-07-29,MG95,79.49,75.80520791053773,70.89531684398652,79.40665553092957
2025-07-29,MG92,77.8,73.88877044677734,69.72630303561687,77.50866963028908
2025-07-30,MG95,81.72,75.75931393384934,70.52683416962624,79.69752000570298
2025-07-30,MG92,80.03,73.81609769940376,69.38625367462635,77.79260413527489
2025-07-31,MG95,82.4,75.7339585018158,70.41490831136704,79.77459020376206
2025-07-31,MG92,80.71,73.78510345280169,69.3047299325466,77.84621458768844
2025-08-01,MG95,81.46,75.69678189396859,70.07935177922249,80.04898700237274
2025-08-01,MG92,79.77,73.72154745519161,68.9915128237009,78.11935673475264
2025-08-04,MG95,79.18,75.58794602751732,69.31218187570572,80.66343947172166
2025-08-04,MG92,77.49,73.55734686434268,68.33862021267413,78.67745136380195
2025-08-05,MG95,79.02,75.56656936287881,69.13836868524552,80.8087013220787
2025-08-05,MG92,77.33,73.52224467515944,68.18656327664851,78.8143017053604
2025-08-06,MG95,78.93,75.51379082918167,68.70337520360947,81.17716097116471
2025-08-06,MG92,77.24,73.434595053792,67.8085109424591,79.16026073813438
2025-08-07,MG95,77.92,75.42607374429703,68.05718009114265,81.72486777544022
2025-08-07,MG92,76.23,73.29926266908645,67.2866716092825,79.64821404933929
2025-08-08,MG95,78.6,75.44403345823288,68.42728374481202,81.37562041521073
2025-08-08,MG92,76.45,73.36139530062675,67.67979090392589,79.26406736612319
2025-08-11,MG95,79.23,75.3955099952221,68.09785193562509,81.65317628145219
2025-08-11,MG92,77.08,73.29385748147963,67.43646287083625,79.49747237563132
2025-08-12,MG95,80.53,75.33567191243172,67.36196877479554,82.33354550600052
2025-08-12,MG92,78.38,73.15794403910637,66.73709015071391,80.18875082731246
2025-08-13,MG95,79.43,75.26993014931679,67.00197782158853,82.63641075372696
2025-08-13,MG92,77.01,73.08302363455294,66.53755314588547,80.40309354186057
2025-08-14,MG95,79.84,75.30803237318993,67.1555287706852,82.51655959606171
2025-08-14,MG92,77.42,73.11642769396305,66.58179460644722,80.34713183283804
2025-08-15,MG95,80.6,75.23854209542274,66.31484837651253,83.32516117811204
2025-08-15,MG92,78.18,72.96090242922305,65.80345209538936,81.14400062441825
2025-08-18,MG95,79.42,75.20523833870888,66.5496140730381,83.04401336908342
2025-08-18,MG92,76.71,72.99889188945292,66.23947506666183,80.73197218179702
2025-08-19,MG95,79.65,75.14697057962418,65.70143664956093,83.88348723888397
2025-08-19,MG92,76.94,72.83957848906516,65.41340024471282,81.59065830230712
2025-08-20,MG95,80.77,75.22011266589165,66.42285072803497,83.18894365549087
2025-08-20,MG92,78.16,72.97463611006737,66.01061942338943,80.9466031730175
2025-08-21,MG95,81.77,75.12065729618072,65.41693636059762,84.16527975559235
2025-08-21,MG92,79.01,72.78688691854477,65.17101361513137,81.85591788411139
2025-08-22,MG95,82.69,75.12668991804124,65.30533285617828,84.29551070690155
2025-08-22,MG92,79.93,72.76750481665134,65.00363297224044,82.01874015212059
2025-08-25,MG95,81.54,75.07996703147889,65.01231782078743,84.56764181852341
2025-08-25,MG92,79.6,72.71253405869007,64.8456033039093,82.22351568460464
2025-08-26,MG95,81.12,75.13431128382683,65.11882352948189,84.51539286613465
2025-08-26,MG92,79.18,72.73846094191073,64.74129669606685,82.27953144550322
2025-08-27,MG95,79.35,74.9956484770775,64.31105085730553,85.26586023569108
2025-08-27,MG92,77.41,72.59018763720988,64.369239615798,82.81350092053412
2025-08-28,MG95,80.24,74.98590878605843,63.9196073794365,85.70263126850129
2025-08-28,MG92,78.3,72.51401503086089,63.914357044100754,83.28881510138511
2025-08-29,MG95,81.37,75.03495722532273,64.78585503816605,84.77399432659149
2025-08-29,MG92,79.43,72.6765310049057,64.78049331486224,82.3454567170143
2025-09-01,MG95,81.25,74.95639498949052,63.73464074611664,85.88393227815628
2025-09-01,MG92,79.31,72.48384507536888,63.83134237110614,83.42001702189445
2025-09-02,MG95,82.72,74.94779735207558,63.726342437267306,85.88470592737198
2025-09-02,MG92,80.78,72.48511529445648,63.86793098688125,83.39762152791023
2025-09-03,MG95,82.95,74.92471681714058,63.49830012083054,86.1255410861969
2025-09-03,MG92,80.73,72.44654928088187,63.700041355490676,83.60984721064567
2025-09-04,MG95,81.45,74.83516231536866,62.25026578426362,87.51818335533143
2025-09-04,MG92,79.28,72.22376096069812,62.593883224725715,84.93554154038428
2025-09-05,MG95,81.6,74.89631744384766,62.69114913105965,87.05523719072343
2025-09-05,MG92,79.24,72.29374462723732,62.818991271257396,84.57570018410682
2025-09-08,MG95,81.23,74.90912410140038,62.65749078512192,87.1151673746109
2025-09-08,MG92,78.87,72.28707822918891,62.71189198315143,84.66744423508644
2025-09-09,MG95,81.58,74.91072205543519,63.00339487552643,86.69460613489152
2025-09-09,MG92,79.22,72.35053963601588,63.13820363402366,84.21412916779518
2025-09-10,MG95,81.84,74.8496267926693,62.38695762753487,87.36780068397522
2025-09-10,MG92,79.48,72.24590871691703,62.68653714895248,84.806762945652
2025-09-11,MG95,82.05,74.85897505402565,62.33014967083931,87.44948514699936
2025-09-11,MG92,79.69,72.23184171617031,62.56191604435443,84.91922688245772
2025-09-12,MG95,81.4,74.88669748425484,61.920824764966966,88.01140315055848
2025-09-12,MG92,79.14,72.16051125705242,61.915266425013535,85.56979526281356
2025-09-15,MG95,83.32,74.72429101467134,60.50419016003609,89.5998984026909
2025-09-15,MG92,81.06,71.91772824704647,61.01561348676681,86.91171416401862
2025-09-16,MG95,83.4,74.82256288528443,61.619189066886904,88.29356407165528
2025-09-16,MG92,81.14,72.10488737225532,61.86439910531043,85.74490532398224
2025-09-17,MG95,83.21,74.82135636091233,61.212162083387376,88.8218099141121
2025-09-17,MG92,81.74,72.03370105147361,61.367910102009766,86.29600023508071
2025-09-18,MG95,82.22,74.72166152834893,60.52774962067605,89.56487235546112
2025-09-18,MG92,80.53,71.92336315512657,61.060886437296865,86.86831050753592
2025-09-19,MG95,80.89,74.8181926882267,61.1972785460949,88.83586454153061
2025-09-19,MG92,79.2,72.03093539714813,61.36563992321491,86.30484672546386
2025-09-22,MG95,79.8,74.80185395359993,61.12688567757607,88.90046425104141
2025-09-22,MG92,77.81,72.01836383163928,61.36296435534953,86.34141281962394
2025-09-23,MG95,79.23,74.800228369236,61.16529183506966,88.84721139669419
2025-09-23,MG92,77.24,72.02517436802387,61.41897110760211,86.2825773525238
2025-09-24,MG95,80.23,74.83826612234117,61.89499501228333,87.96539865255356
2025-09-24,MG92,78.24,72.15354757368564,62.12536156296729,85.42899012565611
2025-09-25,MG95,81.05,74.74250861167909,60.916605057716374,89.08471249580384
2025-09-25,MG92,79.25,71.99217569768429,61.430596765279766,86.40602282881736
2025-09-26,MG95,81.84,74.76799759030342,60.52800289869309,89.6405610370636
2025-09-26,MG92,80.15,71.91480043709278,60.803252674341195,87.04476285696029
2025-09-29,MG95,81.78,74.78107594609261,60.40717086434365,89.82984721183777
2025-09-29,MG92,79.91,71.89581921994686,60.58877032577991,87.26142980217932
2025-09-30,MG95,79.2,74.6940772497654,59.229345194101334,91.30281084775925
2025-09-30,MG92,77.33,71.69324179708957,59.6069225013256,88.6090601849556
2025-10-01,MG95,79.57,74.67936870455742,59.396545525789264,91.0371360230446
2025-10-01,MG92,76.94,71.72283970355987,59.892717291712756,88.3117388319969
2025-10-02,MG95,78.13,74.70568198800088,59.72099466562271,90.63269247531892
2025-10-02,MG92,76.23,71.77712580442427,60.14619806885719,87.94788862824439
2025-10-03,MG95,77.05,74.74975236296655,59.46236096978188,91.0896796989441
2025-10-03,MG92,75.25,71.74055520594119,59.60378749251365,88.48144370555877
2025-10-06,MG95,78.05,74.73843774318695,59.917216053009035,90.42251777172089
2025-10-06,MG92,75.75,71.81038122117519,60.21088915586471,87.79269668340682
2025-10-07,MG95,78.93,74.67335450291634,59.16441852569581,91.35372433423997
2025-10-07,MG92,76.47,71.68262510776519,59.640565289855,88.623672208786
2025-10-08,MG95,79.45,74.74797481179237,59.95766224980355,90.38517998695374
2025-10-08,MG92,76.99,71.81797100543976,60.21069546997547,87.77093179464339
2025-10-09,MG95,80.3,74.74681894302368,60.361608451604845,89.82790387868882
2025-10-09,MG92,77.55,71.88651328861712,60.71124286830425,87.19814406394957
2025-10-10,MG95,79.46,74.6139262700081,58.88730934977532,91.63931141614914
2025-10-10,MG92,76.59,71.64786074280738,59.64410568773746,88.79317889213561
2025-10-13,MG95,78.69,74.64437028765678,58.54055332422257,92.19476392269135
2025-10-13,MG92,75.95,71.57713386297225,59.0370805978775,89.42272109270095
2025-10-14,MG95,78.36,74.69062806367874,59.12477360844613,91.44540176630021
2025-10-14,MG92,75.62,71.67569295465945,59.49794491052627,88.7471357023716
2025-10-15,MG95,78.5,74.70898381233216,59.41416446566582,91.0703016281128
2025-10-15,MG92,75.76,71.72479007542132,59.752736445665356,88.39941097497939
2025-08-21,MG95,81.77,79.96384615004062,72.91538833141327,84.24954047441481
2025-08-21,MG92,79.01,76.46217440605163,69.88880131244659,81.8701879119873
2025-08-22,MG95,82.69,80.24076279699803,71.8275131958723,85.39020404934882
2025-08-22,MG92,79.93,76.47216731548309,68.68956366539001,82.96125522613525
2025-08-25,MG95,81.54,80.45571982562542,71.53848866701125,85.75941019773482
2025-08-25,MG92,79.6,76.46168990135193,68.23383574962615,83.34686506271362
2025-08-26,MG95,81.12,80.74001192986965,70.94336340367794,86.51803278803825
2025-08-26,MG92,79.18,76.48132631778716,67.44252310752869,84.0885113143921
2025-08-27,MG95,79.35,80.21066881299018,72.49810209691525,84.70192753076553
2025-08-27,MG92,77.41,76.43118008136749,69.29999300003051,82.34867357254028
2025-08-28,MG95,80.24,80.23003660976886,72.01684869468212,85.19227989792823
2025-08-28,MG92,78.3,76.45910898208618,68.86385025501251,82.78512845039367
2025-08-29,MG95,81.37,80.96007689595223,69.55890533983707,88.24042352080345
2025-08-29,MG92,79.43,76.65988493442535,66.02567762851714,85.63297253608704
2025-09-01,MG95,81.25,80.62932229936122,69.67537209093571,87.93319624781608
2025-09-01,MG92,79.31,76.68680755615235,66.45286169528961,85.26593227386475
2025-09-02,MG95,82.72,80.5871493190527,70.1462218618393,87.35973037242888
2025-09-02,MG92,80.78,76.61748145580292,66.89955173492432,84.76405062675475
2025-09-03,MG95,82.95,80.88846948623657,70.68840462923049,86.87240136504172
2025-09-03,MG92,80.73,76.49060178756713,67.0770528268814,84.4393858909607
2025-09-04,MG95,81.45,81.18281378030777,69.76852816045285,88.10704906344414
2025-09-04,MG92,79.28,76.58824811935425,65.99057433128357,85.59260956764221
2025-09-05,MG95,81.6,80.8570804643631,69.88835045576096,87.79017399907111
2025-09-05,MG92,79.24,76.61876725673675,66.41149710655212,85.21588852882385
2025-09-08,MG95,81.23,81.0450487112999,69.50163000345229,88.35652438759803
2025-09-08,MG92,78.87,76.65730867385864,65.89295595169067,85.75979164123535
2025-09-09,MG95,81.58,80.96701906919479,70.70062805354596,86.89558687567711
2025-09-09,MG92,79.22,76.47540045261383,67.01236213207244,84.48386714935302
2025-09-10,MG95,81.84,81.02327859520912,67.94179781556129,90.33474527716636
2025-09-10,MG92,79.48,76.97853994846344,64.58069360733032,87.42645053863525
2025-09-11,MG95,82.05,80.98814407348632,69.55454842805862,88.26081675648689
2025-09-11,MG92,79.69,76.65643283843994,65.99439912319183,85.65950848579406
2025-09-12,MG95,81.4,81.14478106975555,68.55801438331603,89.60237969994544
2025-09-12,MG92,79.14,76.82725335597992,64.98326576709746,86.85157639503478
2025-09-15,MG95,83.32,81.70406411409378,66.74092701554298,92.46391269922256
2025-09-15,MG92,81.06,77.17761081695556,62.89387651920318,89.48171947479247
2025-09-16,MG95,83.4,81.71892094254493,65.83320657134055,93.8088648867607
2025-09-16,MG92,81.14,77.42703290462494,62.12468338012695,90.61655992507934
2025-09-17,MG95,83.21,81.31118139982223,67.70838288664818,90.83398478150367
2025-09-17,MG92,81.74,76.99315894603728,64.09552737236022,87.95207291603089
2025-09-18,MG95,82.22,81.29504397630691,67.69741117179393,90.83809616565703
2025-09-18,MG92,80.53,76.99805989742279,64.10225453376769,87.94944540977478
2025-09-19,MG95,80.89,81.04953560829162,68.92113048374652,89.08165893554687
2025-09-19,MG92,79.2,76.76676014900207,65.38845145702362,86.3775724029541
2025-09-22,MG95,79.8,81.23235258936882,66.05799914777279,93.10605890989304
2025-09-22,MG92,77.81,77.43278173923493,62.798578171730036,89.82169269561767
2025-09-23,MG95,79.23,81.39523850440979,66.8869244813919,92.03037831306457
2025-09-23,MG92,77.24,77.18502280712127,63.320799698829646,88.99029194831847
2025-09-24,MG95,80.23,81.29801919341087,66.52474716305733,92.47697862029075
2025-09-24,MG92,78.24,77.29468858242035,63.11680458545685,89.32478653907775
2025-09-25,MG95,81.05,81.36109572172164,66.40086644053459,92.7012464416027
2025-09-25,MG92,79.25,77.31970579624176,62.95047971248626,89.5376238632202
2025-09-26,MG95,81.84,81.2309853374958,65.63010708272456,93.73795073151588
2025-09-26,MG92,80.15,77.5571130990982,62.45027985572815,90.34477142333984
2025-09-29,MG95,81.78,81.60514055252075,65.43638097226619,94.31927349090576
2025-09-29,MG92,79.91,77.56226562023163,61.9118460559845,90.9907186794281
2025-09-30,MG95,79.2,81.44429588675499,67.19129689395427,91.6371971142292
2025-09-30,MG92,77.33,77.10009006500243,63.527338461875914,88.67967784881591
2025-10-01,MG95,79.57,81.26121893525124,65.81202379584312,93.48987154483795
2025-10-01,MG92,76.94,77.49975519657134,62.56747408866882,90.15210626602172
2025-10-02,MG95,78.13,81.32256232738494,66.15627278327942,93.02862623691558
2025-10-02,MG92,76.23,77.39298247337341,62.78736934185028,89.79457906723022
2025-10-03,MG95,77.05,81.55202955722808,65.87142703831195,93.6221964919567
2025-10-03,MG92,75.25,77.44143760204315,62.32174634933472,90.38673698425292
2025-10-06,MG95,78.05,81.66346058487892,65.98344059228897,93.54128791809082
2025-10-06,MG92,75.75,77.3922883272171,62.30341902732849,90.3681487751007
2025-10-07,MG95,78.93,81.17665151834487,66.43721897184848,92.51588752746582
2025-10-07,MG92,76.47,77.33449716567993,63.16784063339233,89.30856494903564
2025-10-08,MG95,79.45,81.56583687543869,66.21569046854972,93.12339027166367
2025-10-08,MG92,76.99,77.34135011196136,62.59230495452881,89.97621242523194
2025-10-09,MG95,80.3,81.27259986281395,65.78811614513397,93.53385468959807
2025-10-09,MG92,77.55,77.50521985054016,62.5362468290329,90.19334506988525
2025-10-10,MG95,79.46,81.44770438790322,66.1192847687006,93.17599095463753
2025-10-10,MG92,76.59,77.38580341815948,62.63052958011627,89.96980205535888
2025-10-13,MG95,78.69,81.28918019890784,65.8514526438713,93.45234914660453
2025-10-13,MG92,75.95,77.48458647251128,62.57105662822723,90.13272607803344
2025-10-14,MG95,78.36,81.4357650053501,65.67954479217529,93.8196681022644
2025-10-14,MG92,75.62,77.51463973999023,62.281141128540035,90.50033470153808
2025-10-15,MG95,78.5,81.35078356146812,65.44314501762389,94.11018023967742
2025-10-15,MG92,75.76,77.59727108478546,62.174834275245665,90.70415278434753
2025-10-16,MG95,78.98,81.22231965661048,68.61090873658657,89.58158206582068
2025-10-16,MG92,76.24,76.80490557670593,64.95210372924804,86.86126648902892
2025-10-17,MG95,77.59,81.79101940751076,65.42740717828273,94.48119655251503
2025-10-17,MG92,74.81,77.53583682060241,61.72006605148315,91.21098196983337
2025-10-20,MG95,77.59,81.50050727009773,66.99407562553883,91.95419734954834
2025-10-20,MG92,74.81,77.14204164981842,63.306078209877015,88.96872217178344
2025-10-21,MG95,77.65,81.31292416453361,64.95272525072097,94.83004797935486
2025-10-21,MG92,74.87,77.75431582927703,61.81733036994934,91.28150535583495
2025-10-22,MG95,78.59,81.40753414273262,66.38317882299422,92.76090484023094
2025-10-22,MG92,75.58,77.3180007123947,62.88914328098297,89.60658192634583
2025-10-23,MG95,81.1,81.60904973745346,66.08235933959483,93.35271307349204
2025-10-23,MG92,78.09,77.37240034103394,62.43905704975128,90.18663654327392
2025-10-24,MG95,82.82,81.66186224818229,65.3745946675539,94.45865615367889
2025-10-24,MG92,79.91,77.57225852966309,61.804742565155024,91.13249220848083
2025-10-27,MG95,82.51,81.21472274303436,65.49284269750117,93.93132058620452
2025-10-27,MG92,79.91,77.60013152599335,62.35562440872192,90.49770719528198
2025-10-28,MG95,82.08,81.4892322564125,65.03743228137493,94.83928174376487
2025-10-28,MG92,79.26,77.70286515712738,61.7043755531311,91.36893981933594
2025-10-29,MG95,82.28,81.50612070560454,65.74962607920169,93.76881981253624
2025-10-29,MG92,79.46,77.48377585887908,62.26762624263763,90.48877181053162
2025-10-30,MG95,82.62,81.37785899996757,65.83004841208458,93.5508394241333
2025-10-30,MG92,79.8,77.4786932182312,62.46311923027038,90.25207262992859
2025-10-31,MG95,81.78,81.34424578666686,64.44409311115741,95.65000433325767
2025-10-31,MG92,78.96,77.91538103103638,61.37771689414978,91.96916660308837
2025-11-03,MG95,82.63,81.34885785460472,65.33126626312732,94.2782751917839
2025-11-03,MG92,79.81,77.63157308578491,62.085950956344604,90.84232048034667
2025-11-04,MG95,81.13,81.59976783037185,64.45491076946259,95.84321050286293
2025-11-04,MG92,78.41,77.87462673187255,61.122955937385555,92.24921031951904
2025-11-05,MG95,80.8,81.65145380258559,65.09296485304831,94.88380408644676
2025-11-05,MG92,78.08,77.66074585914612,61.58569053649902,91.48080450057984
2025-11-06,MG95,81.25,81.51721277713776,64.90537693321704,95.06660181045532
2025-11-06,MG92,78.53,77.7405493736267,61.5691940832138,91.56962725639343
2025-11-07,MG95,81.88,81.26339498400688,64.43565370082855,95.59777916312217
2025-11-07,MG92,79.16,77.9285185623169,61.456080870628355,91.88899039268493
2025-11-10,MG95,82.8,81.488943400383,64.80452285051345,95.20099689245224
2025-11-10,MG92,80.08,77.77705493927002,61.51671383857727,91.6674133491516
2025-11-11,MG95,83.15,81.71059226036071,64.43756496489047,95.96345163941383
2025-11-11,MG92,80.06,77.86270977973938,60.997040619850154,92.40238834381103
2025-11-12,MG95,83.79,81.65392833590506,64.36529318630696,96.03145797729492
2025-11-12,MG92,81.48,77.89597754955291,60.9962486410141,92.43062005996704
2025-09-18,MG95,82.22,82.35233352720736,80.32618594586849,85.14176444292067
2025-09-18,MG92,80.53,81.08456832885742,79.42226697564125,83.73377356529235
2025-09-19,MG95,80.89,82.5372262763977,79.75962425112724,85.67821578383445
2025-09-19,MG92,79.2,81.30857699155807,78.64824391603469,84.4582524061203
2025-09-22,MG95,79.8,82.59921759784221,79.50662982702255,85.85438441634177
2025-09-22,MG92,77.81,81.37640126824378,78.20616078853607,84.876355137825
2025-09-23,MG95,79.23,82.45528207182883,78.69559943675995,86.2249733865261
2025-09-23,MG92,77.24,81.23163217425346,77.24776833891868,85.32259902477264
2025-09-24,MG95,80.23,82.30065838694571,78.00998504340649,86.4933131301403
2025-09-24,MG92,78.24,81.06456842541694,76.40954583287238,85.7095788860321
2025-09-25,MG95,81.05,82.3359466701746,78.15328076779842,86.4399864089489
2025-09-25,MG92,79.25,81.10310173511505,76.58395668387412,85.63197633743286
2025-09-26,MG95,81.84,82.17307004034518,77.60966265678405,86.62251338005065
2025-09-26,MG92,80.15,80.93356783986091,75.96263447046279,85.8555270242691
2025-09-29,MG95,81.78,82.2355374932289,77.57710220992564,86.68466837167739
2025-09-29,MG92,79.91,80.97347994923591,75.81328561782837,86.06565999269485
2025-09-30,MG95,79.2,82.31044883966446,77.65396271944046,86.70282088279724
2025-09-30,MG92,77.33,81.0367147231102,75.83605286478996,86.16345245599746
2025-10-01,MG95,79.57,82.19348913550377,77.30877238571644,86.80671673059463
2025-10-01,MG92,76.94,80.91306123971938,75.44910710811615,86.28249694824218
2025-10-02,MG95,78.13,82.28124611139297,77.2155002206564,86.94643154978752
2025-10-02,MG92,76.23,80.96747267007827,75.2071399450302,86.60607151269912
2025-10-03,MG95,77.05,82.20073526084423,76.85696332752704,87.09624432325363
2025-10-03,MG92,75.25,80.86492992520331,74.75582421898841,86.83737855672835
2025-10-06,MG95,78.05,82.43222441494464,76.98714559853076,87.25325858473776
2025-10-06,MG92,75.75,81.05621767401695,74.72299124717712,87.22778836488723
2025-10-07,MG95,78.93,82.2158524340391,76.50483437001705,87.34582647204398
2025-10-07,MG92,76.47,80.8320190000534,74.21996322512626,87.2916613817215
2025-10-08,MG95,79.45,82.15411901712417,76.45199369966983,87.3154135763645
2025-10-08,MG92,76.99,80.7790009856224,74.20104005217551,87.21013193368911
2025-10-09,MG95,80.3,82.59742714524269,77.15144070327281,87.32310111522673
2025-10-09,MG92,77.55,81.20383206486702,74.81215037822723,87.42155113220214
2025-10-10,MG95,79.46,82.434719145298,76.71851819217204,87.43980291485786
2025-10-10,MG92,76.59,81.02555277943611,74.3315485572815,87.54926793336868
2025-10-13,MG95,78.69,82.22301424443721,76.20404825270175,87.56093868851661
2025-10-13,MG92,75.95,80.79788030982017,73.77399704694747,87.66923812150955
2025-10-14,MG95,78.36,82.60132051169872,76.6292137891054,87.6930651628971
2025-10-14,MG92,75.62,81.14341822743415,74.06084584474563,88.04424240112304
2025-10-15,MG95,78.5,82.62999751150608,76.69898688375949,87.67670806407928
2025-10-15,MG92,75.76,81.1746093070507,74.1365677690506,88.02837889671325
2025-10-16,MG95,78.98,82.62343086540699,76.40630988001823,87.87991699457167
2025-10-16,MG92,76.24,81.13189087748528,73.72533467531204,88.363032579422
2025-10-17,MG95,77.59,82.84742590904236,76.83101416409015,87.83845388174056
2025-10-17,MG92,74.81,81.36216016769409,74.14740815520287,88.38098133563994
2025-10-20,MG95,77.59,82.81108120918273,76.5877457165718,87.97222697734833
2025-10-20,MG92,74.81,81.30250150322914,73.83254000425339,88.58602784872055
2025-10-21,MG95,77.65,82.80540730953216,76.63294844508171,87.9322716140747
2025-10-21,MG92,74.87,81.30386081457138,73.90085636138916,88.51848128080367
2025-10-22,MG95,78.59,82.92381524682044,76.56501540005206,88.12626541733741
2025-10-22,MG92,75.58,81.38860096573829,73.71279880404472,88.87941498279571
2025-10-23,MG95,81.1,82.96064103782176,76.53391806542872,88.19479858636855
2025-10-23,MG92,78.09,81.41370681285858,73.64094531416893,89.0041793012619
2025-10-24,MG95,82.82,83.07804711520672,76.4987289762497,88.36730695843696
2025-10-24,MG92,79.91,81.50233001470565,73.50325048565864,89.32563938140869
2025-10-27,MG95,82.51,82.86833105504512,76.44467813849448,88.14779052615165
2025-10-27,MG92,79.91,81.32894717335701,73.5864169538021,88.89373890876769
2025-10-28,MG95,82.08,83.50687787175178,77.0948703366518,88.45691886305808
2025-10-28,MG92,79.26,81.92509045839309,74.01686554551124,89.62804961442947
2025-10-29,MG95,82.28,83.22573217630385,76.45879841148853,88.58443281412124
2025-10-29,MG92,79.46,81.61488976359367,73.33905152201652,89.72699188947676
2025-10-30,MG95,82.62,83.26151147007941,76.32547664880752,88.73328340530395
2025-10-30,MG92,79.8,81.62546218514441,73.12862622857094,89.976783618927
2025-10-31,MG95,81.78,83.51006200075149,76.84167256474494,88.6539777624607
2025-10-31,MG92,78.96,81.89486405134201,73.66424849033355,89.94157794237137
2025-11-03,MG95,82.63,83.70204216480255,76.93544070005416,88.82967026352881
2025-11-03,MG92,79.81,82.06340891361236,73.65774913072586,90.28984422683715
2025-11-04,MG95,81.13,83.82280100107192,76.95592923104762,88.97133920550345
2025-11-04,MG92,78.41,82.16488467216492,73.60197351694107,90.55696108579635
2025-11-05,MG95,80.8,83.80118661761283,76.71791310846805,89.12960331201553
2025-11-05,MG92,78.08,82.11532583713532,73.29113457918167,90.79662862539291
2025-11-06,MG95,81.25,83.50046993613242,76.25185978472233,89.10204720497131
2025-11-06,MG92,78.53,81.8073516845703,72.85964823365211,90.64465859174727
2025-11-07,MG95,81.88,83.69680471897125,76.54762668311595,89.12634974718094
2025-11-07,MG92,79.16,82.0070876264572,73.12967859864234,90.75347170829772
2025-11-10,MG95,82.8,84.10490887880324,76.60986102998257,89.62190338134765
2025-11-10,MG92,80.08,82.34974127054214,72.94199619174003,91.67261952400207
2025-11-11,MG95,83.15,83.78039554476737,76.43538365602492,89.32647374272346
2025-11-11,MG92,80.06,82.05972561836242,72.91999386191368,91.09624228239059
2025-11-12,MG95,83.79,83.59338500261306,75.95792301654815,89.46129829525947
2025-11-12,MG92,81.48,81.8410762476921,72.39590869426726,91.23919896125793
2025-11-13,MG95,81.53,84.11219964146613,76.37038179516792,89.8265307867527
2025-11-13,MG92,79.22,82.32240888118743,72.61462140202522,91.99051323890686
2025-11-14,MG95,83.15,84.07362307548523,76.43625656366348,89.7202840399742
2025-11-14,MG92,80.31,82.29989985466003,72.72809223055839,91.81290630102157
2025-11-17,MG95,83.32,83.7434259223938,75.57818835496901,89.97709743499755
2025-11-17,MG92,80.48,81.90791149139403,71.78595305204391,92.08930935144424
2025-11-18,MG95,82.73,84.79026040792465,77.03296828985214,90.21652211308479
2025-11-18,MG92,79.89,82.97902934074402,73.07515511035919,92.83959074735641
2025-11-19,MG95,81.03,84.41707255363464,76.62549897193908,90.03515571236609
2025-11-19,MG92,78.17,82.610310049057,72.7635025346279,92.4226085948944
2025-11-20,MG95,79.42,84.4486361002922,76.27064713776112,90.37293129086494
2025-11-20,MG92,76.56,82.58665121078491,72.27122720122337,92.94861823558807
2025-11-21,MG95,79.01,84.3562368428707,76.3032175040245,90.2174148595333
2025-11-21,MG92,76.15,82.51455411672592,72.37124133467674,92.67809091806411
2025-11-24,MG95,78.93,83.9616230738163,75.83765023112296,90.0602518069744
2025-11-24,MG92,76.07,82.12317963600158,71.9957157421112,92.29452151536941
2025-11-25,MG95,79.26,84.2918301463127,75.96633963167668,90.40976204156875
2025-11-25,MG92,76.4,82.41321477651596,71.96301431655883,92.94669863462448
2025-11-26,MG95,81.16,84.33067453622817,75.35094966590404,90.99039441227912
2025-11-26,MG92,78.3,82.3558411192894,71.12947875499725,93.83538618326186
2025-11-27,MG95,81.44,84.19949040532111,75.46774074018,90.7041303038597
2025-11-27,MG92,78.52,82.26465520143509,71.35956290602684,93.35786351919174
2025-11-28,MG95,81.86,84.91656419157981,76.36414248943328,90.95276018977165
2025-11-28,MG92,79.04,82.9919208741188,72.11620237112045,93.9984743118286
2025-12-01,MG95,82.51,84.06996281504631,74.93686906456946,90.98049484610557
2025-12-01,MG92,79.78,82.07968167304992,70.73854276180266,93.72570583581924
2025-12-02,MG95,82.55,84.504740254879,75.47170850217341,91.13346199035644
2025-12-02,MG92,80.7,82.51803278446197,71.1871642255783,94.11333855628966
2025-12-03,MG95,80.8,83.88385493874549,74.3609285724163,91.22261760234832
2025-12-03,MG92,79.51,81.8407254576683,70.09353247761726,94.01982378244399
2025-12-04,MG95,80.04,84.03016616225241,74.54713564276695,91.26666967988014
2025-12-04,MG92,78.67,81.98859319686889,70.25299090385437,94.137776927948
2025-12-05,MG95,79.94,84.4562839615345,75.23873639702796,91.26744339346885
2025-12-05,MG92,78.57,82.44350939273833,70.91140429019927,94.29477495193481
2025-12-08,MG95,80.6,84.44196034073829,74.96856156349182,91.48483707308769
2025-12-08,MG92,79.38,82.3916314458847,70.56913066864013,94.61169425010681
2025-12-09,MG95,79.45,83.90030131220817,74.3825925529003,91.22688294649123
2025-12-09,MG92,77.63,81.85744644880295,70.11240692973136,94.03205271244049
2025-12-10,MG95,79.42,84.74269686102866,75.14888146698475,91.76017991662025
2025-12-10,MG92,77.59,82.66954484224318,70.63685750365256,95.13058090448379
2025-10-16,MG95,78.98,78.73025184869766,75.52072075009346,81.58573973178864
2025-10-16,MG92,76.24,75.88150705337524,71.36042684078217,77.78909734725953
2025-10-17,MG95,77.59,78.44255167245865,74.84111985564232,81.70597976446152
2025-10-17,MG92,74.81,75.62856755256654,70.7537495470047,77.91598705291749
2025-10-20,MG95,77.59,78.14320555329323,74.10974153876305,81.88507181406021
2025-10-20,MG92,74.81,75.38685395240785,70.08304939746857,78.097696723938
2025-10-21,MG95,77.65,78.05184409022331,73.8798078596592,81.95042759180069
2025-10-21,MG92,74.87,75.31612084388733,69.86980244159699,78.16404062271118
2025-10-22,MG95,78.59,77.93519750237465,73.60444611310959,81.99456894397736
2025-10-22,MG92,75.58,75.20911805152893,69.62270618915558,78.22045009613038
2025-10-23,MG95,81.1,77.75445845723152,73.12341579794884,82.16821467876434
2025-10-23,MG92,78.09,75.08303213119507,69.16730309963226,78.39339941024781
2025-10-24,MG95,82.82,77.51848891377449,72.45765528082848,82.44707161188126
2025-10-24,MG92,79.91,74.9296671819687,68.53052449703218,78.6721051979065
2025-10-27,MG95,82.51,77.24113860726357,71.79551160335541,82.57026875019073
2025-10-27,MG92,79.91,74.67794690608979,67.92432586193085,78.83942801475526
2025-10-28,MG95,82.08,77.37554186582565,72.099569439888,82.53731948137283
2025-10-28,MG92,79.26,74.80847170829773,68.19882306575775,78.78028205871583
2025-10-29,MG95,82.28,77.34640127420425,71.94848099350929,82.68130993843079
2025-10-29,MG92,79.46,74.82267342090607,68.04011158943177,78.90900511741638
2025-10-30,MG95,82.62,77.05419057607651,71.28811532258987,82.75440472364426
2025-10-30,MG92,79.8,74.53901396751404,67.44163019657135,79.04234316825867
2025-10-31,MG95,81.78,76.8541367650032,70.74298319220543,82.95458954572678
2025-10-31,MG92,78.96,74.38896350383759,66.9215043258667,79.26735790252685
2025-11-03,MG95,82.63,77.1290540099144,71.19342243671417,83.1414954662323
2025-11-03,MG92,79.81,74.72786739349365,67.29489873409271,79.36066021919251
2025-11-04,MG95,81.13,76.9791961312294,70.8113569021225,83.24634170532227
2025-11-04,MG92,78.41,74.59996166706085,66.93691171646118,79.4924719810486
2025-11-05,MG95,80.8,76.80726757645607,70.32192784547806,83.44482338428497
2025-11-05,MG92,78.08,74.47323000907899,66.46753721237184,79.71577076911927
2025-11-06,MG95,81.25,76.71534463763237,69.87532067298889,83.82308024168015
2025-11-06,MG92,78.53,74.47246686458588,66.01056267738343,80.08295616149903
2025-11-07,MG95,81.88,76.38391953706741,69.38039383292198,83.55143827199936
2025-11-07,MG92,79.16,74.0608474969864,65.60145401000977,79.9299931049347
2025-11-10,MG95,82.8,76.49367868900299,69.35592752695084,83.91866213083267
2025-11-10,MG92,80.08,74.26518959522248,65.52651231765748,80.23469999313355
2025-11-11,MG95,83.15,76.46270862221718,69.055505245924,84.2636421918869
2025-11-11,MG92,80.06,74.31361540317536,65.20676380634308,80.56165999412538
2025-11-12,MG95,83.79,76.62104478478432,69.2932294011116,84.38550114631653
2025-11-12,MG92,81.48,74.50582395553589,65.4073443698883,80.62584541320801
2025-11-13,MG95,81.53,76.20107027888298,68.38169690966606,84.47210878133774
2025-11-13,MG92,79.22,74.08880387306213,64.56480123996735,80.83600366592408
2025-11-14,MG95,83.15,76.3008351624012,68.58596178889275,84.4680380821228
2025-11-14,MG92,80.31,74.19144906520845,64.75186646938324,80.80123317718507
2025-11-17,MG95,83.32,76.343006670475,68.48409605026245,84.73747158050537
2025-11-17,MG92,80.48,74.29398588180543,64.62440779209138,81.03984904289246
2025-11-18,MG95,82.73,75.55205577611923,66.9174242913723,84.71461015939713
2025-11-18,MG92,79.89,73.46913957595825,63.19192235946656,81.26975873947144
2025-11-19,MG95,81.03,75.82914873957634,67.50066658854485,84.66801702976227
2025-11-19,MG92,78.17,73.74596685409547,63.73300535202027,81.13733284950257
2025-11-20,MG95,79.42,75.58188885450363,66.78702154755592,84.99257808923721
2025-11-20,MG92,76.56,73.55807074546814,63.036254429817205,81.52638300895691
2025-11-21,MG95,79.01,75.27452766895294,66.24772408604622,84.8934121131897
2025-11-21,MG92,76.15,73.21970421791077,62.55313880920411,81.53069996833801
2025-11-24,MG95,78.93,75.47748711705208,66.5610322356224,85.0213069319725
2025-11-24,MG92,76.07,73.45588163375855,62.82484534263611,81.58798547744752
2025-11-25,MG95,79.26,74.44724929332733,64.53038966655731,85.04891282320023
2025-11-25,MG92,76.4,72.39774341106416,60.950684390068055,81.95219054222108
2025-11-26,MG95,81.16,74.72410362958908,65.13075697422028,84.95296597480774
2025-11-26,MG92,78.3,72.66376925945282,61.51691954135895,81.76734701156617
2025-11-27,MG95,81.44,75.2223993241787,65.93840709328651,85.19903272390366
2025-11-27,MG92,78.52,73.22784141540528,62.22939394950867,81.84342664718629
2025-11-28,MG95,81.86,74.5728046298027,64.6423245370388,85.24614053964615
2025-11-28,MG92,79.04,72.56618159294129,61.028380627632146,82.10490072250367
2025-12-01,MG95,82.51,74.07495811581612,63.785886853933334,85.09156626462936
2025-12-01,MG92,79.78,72.02284529209138,60.257938847541816,82.11701169013978
2025-12-02,MG95,82.55,74.440474152565,64.3532113134861,85.2969166636467
2025-12-02,MG92,80.7,72.43957637310028,60.7550439453125,82.19907004356385
2025-12-03,MG95,80.8,73.45468181371689,62.64743861556053,85.02406752109528
2025-12-03,MG92,79.51,71.37177917957307,59.21567764282227,82.25402547836305
2025-12-04,MG95,80.04,73.90259909629822,63.16687387228012,85.53536605834961
2025-12-04,MG92,78.67,71.93050480842591,59.62884136199951,82.61714678764343
2025-12-05,MG95,79.94,73.65551233291626,62.765170723199844,85.4318299293518
2025-12-05,MG92,78.57,71.65665334224701,59.27051567077637,82.59712440490723
2025-12-08,MG95,80.6,73.96725770831108,63.20059984922409,85.67195439338684
2025-12-08,MG92,79.38,72.02247952461244,59.64315596580506,82.73160039901734
2025-12-09,MG95,79.45,73.46301504969597,62.279115200042725,85.62152451276779
2025-12-09,MG92,77.63,71.49368812561036,58.79706353664399,82.8534416103363
2025-12-10,MG95,79.42,73.5153586268425,62.48884978890419,85.44917017221451
2025-12-10,MG92,77.59,71.51565675258637,59.012794098854066,82.66196007728577
2025-12-11,MG95,79.63,73.00525790452957,61.43396785855293,85.60061889886856
2025-12-11,MG92,77.61,71.01883162498474,58.01784333705903,82.98887492179871
2025-12-12,MG95,79.25,73.6026868224144,62.59205371141434,85.54492050409317
2025-12-12,MG92,77.61,71.62337753295898,59.09610780239105,82.72866522789002
2025-12-15,MG95,78.52,73.42873695492744,62.09799247980118,85.80277824401855
2025-12-15,MG92,77.43,71.49124967575074,58.60719860553742,83.04810215950013
2025-12-16,MG95,75.72,72.13640224933624,60.06975021958351,85.20398306846619
2025-12-16,MG92,74.64,70.05314677715302,56.80881925582886,82.87644432067871
2025-12-17,MG95,74.53,72.635437220335,60.84258884191513,85.44637215137482
2025-12-17,MG92,74.27,70.61049964904785,57.49066854000092,82.9575814819336
2025-12-18,MG95,74.63,72.43951961398125,60.4685617685318,85.46374982595444
2025-12-18,MG92,74.15,70.41243881702424,57.1424985408783,83.04209634780884
2025-12-19,MG95,73.56,71.49217900633812,58.97748336195946,85.05695128440857
2025-12-19,MG92,73.15,69.36461433410645,55.82075937271119,82.9383628845215
2025-12-22,MG95,74.61,72.20283418893814,60.00970974564552,85.4992350935936
2025-12-22,MG92,73.33,70.17580532073976,56.71353005409241,83.15943094253541
2025-12-23,MG95,74.56,71.69229364395142,59.223559468984604,85.25394505262375
2025-12-23,MG92,73.28,69.60682013988496,56.019998788833625,83.07797768592835
2025-12-24,MG95,74.49,72.29664275050163,60.20866400003433,85.45719927549362
2025-12-24,MG92,73.21,70.26450167655945,56.90301567077637,83.08402865409852
2025-12-25,MG95,74.49,71.81099897623062,59.34519851207733,85.4104283452034
2025-12-25,MG92,73.21,69.75735829353333,56.1109981250763,83.20105618476869
2025-12-26,MG95,74.54,71.45929992198944,58.75500327348709,85.32581394910812
2025-12-26,MG92,72.58,69.38096097946168,55.57719435691834,83.23222318649293
2025-12-29,MG95,73.6,70.56478482484818,57.246467649936676,85.14597326517105
2025-12-29,MG92,71.54,68.42987522125244,54.210655446052556,83.34388612747193
2025-12-30,MG95,73.8,71.7838329076767,59.34187176823616,85.33453553915024
2025-12-30,MG92,71.74,69.71561112880707,56.118209614753724,83.13118104934694
2025-12-31,MG95,73.81,71.71045738458633,59.08478605747223,85.53619891405106
2025-12-31,MG92,71.75,69.67682622909547,55.85355200767518,83.36655467987062
2026-01-01,MG95,73.81,71.02329528331757,57.971220552921295,85.31527692079544
2026-01-01,MG92,71.75,68.93155918598175,54.85492099285126,83.36932728767395
2026-01-02,MG95,72.58,70.34523376822472,56.892634987831116,85.07890498638153
2026-01-02,MG92,71.57,68.19202250003815,53.894560093879704,83.3453491973877
2026-01-05,MG95,71.36,71.49740540981293,58.79130735993385,85.38042682409286
2026-01-05,MG92,70.2,69.43001446247101,55.60324512958527,83.27656684875488
2026-01-06,MG95,72.57,71.29962089657784,58.4250473678112,85.3921148777008
2026-01-06,MG92,71.21,69.2291223192215,55.263316187858585,83.35633125305176
2026-01-07,MG95,70.58,70.60898700356483,57.34194192290306,85.11848902702332
2026-01-07,MG92,69.56,68.4701367378235,54.302734022140505,83.29947021484375
2025-11-13,MG95,81.53,83.2878458082676,79.95311965942383,85.87866497755051
2025-11-13,MG92,79.22,80.9911214375496,78.52982770442964,83.24595196723938
2025-11-14,MG95,83.15,82.43758578121663,78.1416518265009,85.94675689816475
2025-11-14,MG92,80.31,80.1042019057274,76.5581653046608,83.43633986949921
2025-11-17,MG95,83.32,81.88776624619962,76.7741948568821,86.25130767703057
2025-11-17,MG92,80.48,79.53209602117539,75.00135737657547,83.88724478244782
2025-11-18,MG95,82.73,81.48010370314122,75.90601537764073,86.30299840450287
2025-11-18,MG92,79.89,79.10594512939454,74.03754836797715,83.98610545635223
2025-11-19,MG95,81.03,81.29677891731262,75.35273481130601,86.52692163705827
2025-11-19,MG92,78.17,78.9143916463852,73.3827882385254,84.28375592708588
2025-11-20,MG95,79.42,81.22083100497723,74.93475409984589,86.84848291039468
2025-11-20,MG92,76.56,78.83488446950913,72.85657223939896,84.69193259239198
2025-11-21,MG95,79.01,81.05849215507509,74.2503938394785,87.28296470046044
2025-11-21,MG92,76.15,78.66499136209488,72.01452756643296,85.24052288532258
2025-11-24,MG95,78.93,80.51760737478733,73.38773802638055,87.02196398377419
2025-11-24,MG92,76.07,78.10095226764679,71.11946353912354,84.95335292816162
2025-11-25,MG95,79.26,80.16009232878686,72.8095460253954,86.86420488238335
2025-11-25,MG92,76.4,77.73098236799241,70.51807729482651,84.78348896026611
2025-11-26,MG95,81.16,79.92700460493565,72.4593825495243,86.73081783413888
2025-11-26,MG92,78.3,77.4911835551262,70.16273057699203,84.6358972978592
2025-11-27,MG95,81.44,80.43472241699696,72.5844041901827,87.80208943247796
2025-11-27,MG92,78.52,78.01361141681672,70.07760432958604,85.91331552028656
2025-11-28,MG95,81.86,80.01324072003365,71.82867077171802,87.71061432480813
2025-11-28,MG92,79.04,77.57610582590104,69.26808907270431,85.82805328845978
2025-12-01,MG95,82.51,79.47469325959683,70.93816689133645,87.5096247947216
2025-12-01,MG92,79.78,77.02100285053254,68.33652779817581,85.61916179180146
2025-12-02,MG95,82.55,80.63109224438668,72.3362637269497,88.58644003629685
2025-12-02,MG92,80.7,78.22020089149476,69.64801983118058,86.85368664264679
2025-12-03,MG95,80.8,79.66665813803674,71.16117117762566,87.6967302453518
2025-12-03,MG92,79.51,77.21815112113953,68.54138832807541,85.83357037067414
2025-12-04,MG95,80.04,79.73439546525479,70.9899475157261,88.07271910786629
2025-12-04,MG92,78.67,77.28788684606552,68.27800593137741,86.28499008178711
2025-12-05,MG95,79.94,79.85339900672436,70.88301513254643,88.4956041955948
2025-12-05,MG92,78.57,77.41160838603973,68.07625361680985,86.78886092662812
2025-12-08,MG95,80.6,79.54233070135118,70.69782748281956,87.97049632430077
2025-12-08,MG92,79.38,77.08991295576097,67.98020004987717,86.17357998847962
2025-12-09,MG95,79.45,79.18625900030136,70.23416914880276,87.6871012866497
2025-12-09,MG92,77.63,76.7245519566536,67.53322411537171,85.85414287090302
2025-12-10,MG95,79.42,79.44591625750066,70.34542657256127,88.17609057426453
2025-12-10,MG92,77.59,76.99089201450349,67.5547970724106,86.42857020378113
2025-12-11,MG95,79.63,78.62703025460243,69.26941540896892,87.54407529115677
2025-12-11,MG92,77.61,76.15393704414367,66.51524474143983,85.7202759218216
2025-12-12,MG95,79.25,78.9425534516573,69.36064080297947,88.1903841841221
2025-12-12,MG92,77.61,76.47517595529557,66.48251620531083,86.47934095859527
2025-12-15,MG95,78.52,78.65076803505421,68.9982913005352,87.94055066227914
2025-12-15,MG92,77.43,76.17748177528382,66.14067565441133,86.19790177345276
2025-12-16,MG95,75.72,78.25110132336617,68.28741644382477,87.8726984667778
2025-12-16,MG92,74.64,75.77165569782258,65.38639921188354,86.14451817512513
2025-12-17,MG95,74.53,78.42022239625454,68.49052854001522,88.02394503593446
2025-12-17,MG92,74.27,75.94318547487259,65.57500960350038,86.31486780166627
2025-12-18,MG95,74.63,78.28401358366013,68.14950458407402,88.1265074300766
2025-12-18,MG92,74.15,75.80517585754394,65.18649240016937,86.44826851844788
2025-12-19,MG95,73.56,77.70570172011853,67.23013879895211,87.9001370036602
2025-12-19,MG92,73.15,75.22078766584397,64.24300820589066,86.21762922763826
2025-12-22,MG95,74.61,78.64720711827279,68.60187086641788,88.4328161931038
2025-12-22,MG92,73.33,76.17470866441727,65.61310952425004,86.79194000244141
2025-12-23,MG95,74.56,77.60476246476173,66.96920800209045,87.98985412716866
2025-12-23,MG92,73.28,75.11928986549378,63.94505662679673,86.33318684577942
2025-12-24,MG95,74.49,77.71461649775506,66.95129354417324,88.27810359835625
2025-12-24,MG92,73.21,75.23055426120759,63.86841969251633,86.67202116966249
2025-12-25,MG95,74.49,77.31556408166885,66.52656556963922,87.86009292125702
2025-12-25,MG92,73.21,74.82870572805405,63.496817979812626,86.19865940093995
2025-12-26,MG95,74.54,76.48939642846585,65.30205468714237,87.45279995441437
2025-12-26,MG92,72.58,74.00337742567062,62.27062217473984,85.77272705554962
2025-12-29,MG95,73.6,76.65848254144193,65.29162165045739,87.87066080331803
2025-12-29,MG92,71.54,74.17187183618546,62.176613230705264,86.26147449016571
2025-12-30,MG95,73.8,75.88104401171208,64.28414689779282,87.31667604446412
2025-12-30,MG92,71.74,73.39946089982986,61.21529565095902,85.65780079364777
2025-12-31,MG95,73.81,76.3608987736702,64.86629935741425,87.70777757763864
2025-12-31,MG92,71.75,73.87547436475754,61.75636794805527,86.08896853923798
2026-01-01,MG95,73.81,76.26772561311722,64.74617709875108,87.64044478654863
2026-01-01,MG92,71.75,73.78282040834428,61.64198562383652,86.01543982028961
2026-01-02,MG95,72.58,75.61385039627552,63.760122783780105,87.36106514453888
2026-01-02,MG92,71.57,73.1349420619011,60.651106002330785,85.73240767478943
2026-01-05,MG95,71.36,75.89260575413705,64.1067153543234,87.57440051794053
2026-01-05,MG92,70.2,73.41070875406265,60.97649243831635,85.96574722766877
2026-01-06,MG95,72.57,75.16134926855565,63.20578343153,87.00896888494492
2026-01-06,MG92,71.21,72.68914142131806,60.13348130464554,85.34806713581085
2026-01-07,MG95,70.58,74.6960628014803,62.50378339827061,86.82510971188546
2026-01-07,MG92,69.56,72.23193751573562,59.42774158716202,85.16728556156158
2026-01-08,MG95,71.16,75.27258172094822,63.15889719486237,87.33389629840852
2026-01-08,MG92,69.91,72.79799209356308,60.02062880516053,85.72732768535614
2026-01-09,MG95,73.03,74.96469476759434,62.666426898837095,87.24784497141839
2026-01-09,MG92,71.94,72.49475169181824,59.51755444049836,85.64937947273255
2026-01-12,MG95,72.9,75.29379739344121,63.02944063961506,87.5543934595585
2026-01-12,MG92,71.81,72.81895797729493,59.841459617614746,85.9891268348694
2026-01-13,MG95,73.45,74.89258745133877,62.46013345062733,87.34799013733864
2026-01-13,MG92,72.36,72.42371440172195,59.28097554445267,85.77467940330506
2026-01-14,MG95,73.42,75.01645541489125,62.6914482074976,87.33800159096718
2026-01-14,MG92,71.84,72.54561957836151,59.52661683082581,85.7528150510788
2026-01-15,MG95,72.55,74.08421439349652,61.440232946276666,86.77874287962914
2026-01-15,MG92,71.4,71.63158086776734,58.31638462543488,85.16346828460694
2026-01-16,MG95,71.76,74.72228772997856,62.1708501648903,87.32486665248871
2026-01-16,MG92,70.44,72.25627387046815,58.98090163707734,85.76077985286713
2026-01-19,MG95,71.95,75.17777043879033,62.709302734136585,87.69964690089226
2026-01-19,MG92,70.6,72.70491561412811,59.47631716489792,86.17175391197205
2026-01-20,MG95,72.36,74.21555378973484,61.481230934858324,87.03507894515992
2026-01-20,MG92,70.99,71.759309091568,58.31090639591217,85.4570489358902
2026-01-21,MG95,73.22,74.4689582169056,61.635484056472784,87.43255317091942
2026-01-21,MG92,71.85,72.00757779121399,58.39808697938919,85.90922627449036
2026-01-22,MG95,73.64,73.94173776805401,61.09789050221443,86.89582862019539
2026-01-22,MG92,72.27,71.49147806167603,57.93465692996979,85.31432357311249
2026-01-23,MG95,73.5,73.75458237469196,60.72238608419896,86.95341259002686
2026-01-23,MG92,70.76,71.30812735319138,57.53012756109238,85.39805112361908
2026-01-26,MG95,73.88,73.75428271830083,60.78579837083817,86.86800053000451
2026-01-26,MG92,71.64,71.30813220977784,57.61250012397766,85.29688842773437
2026-01-27,MG95,72.35,73.5617984354496,60.47673776328564,86.82555919647217
2026-01-27,MG92,70.21,71.12006575584412,57.2965160393715,85.2626689195633
2026-01-28,MG95,74.54,74.83491857886315,62.08039888322354,87.7143000984192
2026-01-28,MG92,72.46,72.3676208281517,58.81224210262299,86.21599741458893
2026-01-29,MG95,75.75,74.63814421534539,61.7866357344389,87.63521078824998
2026-01-29,MG92,73.67,72.17406643152238,58.51872458696366,86.13713616371155
2026-01-30,MG95,75.44,74.62982375621796,61.72201483368874,87.70185436964036
2026-01-30,MG92,73.43,72.16612105607987,58.438484065532684,86.2171241426468
2026-02-02,MG95,72.54,73.68193068265916,60.54673250198365,87.01645030617715
2026-02-02,MG92,70.93,71.23691522598267,57.33448483228684,85.47867045879364
2026-02-03,MG95,72.82,74.05815427601338,60.979716010093696,87.33035036444664
2026-02-03,MG92,71.15,71.6048259329796,57.72973812103272,85.82044787406922
2026-02-04,MG95,74.68,73.9669438648224,60.835801033973695,87.30624800205231
2026-02-04,MG92,72.95,71.51552787780761,57.5835354423523,85.79910803318025
2025-12-11,MG95,79.63,79.3705933201313,77.5886107814312,81.63124360322952
2025-12-11,MG92,77.61,77.70504464387894,75.86011259317398,79.58523559331894
2025-12-12,MG95,79.25,79.42551961183548,77.6464199578762,81.75543960332871
2025-12-12,MG92,77.61,77.76387113809587,75.88822166800499,79.67279087543488
2025-12-15,MG95,78.52,79.50926054954529,77.73291123390197,81.92778782606125
2025-12-15,MG92,77.43,77.85408101201058,75.93755360305309,79.8038833129406
2025-12-16,MG95,75.72,79.1623060810566,76.91531281352043,81.97139559984207
2025-12-16,MG92,74.64,77.47378067612648,75.05523018538952,79.86295954227448
2025-12-17,MG95,74.53,79.34965098500253,77.15824200749397,82.2209142446518
2025-12-17,MG92,74.27,77.67446596622467,75.26004072964191,80.07521589279175
2025-12-18,MG95,74.63,79.01421385407448,76.32490843296051,82.30650136470796
2025-12-18,MG92,74.15,77.31465778410436,74.35992599725724,80.19102824091911
2025-12-19,MG95,73.56,78.98029143691063,76.23418040513992,82.32348624229431
2025-12-19,MG92,73.15,77.27860343277455,74.26043430149555,80.2111272931099
2025-12-22,MG95,74.61,79.00557940125465,76.08412365078927,82.5724652338028
2025-12-22,MG92,73.33,77.30301735281945,74.05189160466195,80.45766210079194
2025-12-23,MG95,74.56,78.75468795418739,75.41020555496216,82.69051676034927
2025-12-23,MG92,73.28,77.03691533625127,73.31492327451706,80.60860385537148
2025-12-24,MG95,74.49,78.55180198192596,74.90629245042801,82.74060037374497
2025-12-24,MG92,73.21,76.82361379802228,72.77098169088364,80.68448633313179
2025-12-25,MG95,74.49,78.66293742537499,75.1107027065754,82.79310769319534
2025-12-25,MG92,73.21,76.93900529623032,72.97754038095475,80.72692280411721
2025-12-26,MG95,74.54,78.30786448836326,74.36121421337128,82.73624527692795
2025-12-26,MG92,72.58,76.56948981761933,72.19361259937287,80.70700874090195
2025-12-29,MG95,73.6,78.2304147720337,74.00390218853951,82.93700577259064
2025-12-29,MG92,71.54,76.48519496619701,71.77604623436928,80.93063266396523
2025-12-30,MG95,73.8,78.42087451696396,74.33838782548905,83.0387256860733
2025-12-30,MG92,71.74,76.68115378797054,72.1116763573885,81.01819719552994
2025-12-31,MG95,73.81,78.54863980293274,74.6958229291439,82.96463223457337
2025-12-31,MG92,71.75,76.81611249506474,72.50474093258381,80.9230111181736
2026-01-01,MG95,73.81,78.39411907434463,74.4078374183178,82.8980465912819
2026-01-01,MG92,71.75,76.65624039769173,72.21199587881566,80.86998402833939
2026-01-02,MG95,72.58,77.84336501002312,73.37027820587159,82.68700428009033
2026-01-02,MG92,71.57,76.08955441951753,71.15110722780229,80.70271699666978
2026-01-05,MG95,71.36,78.19783202052116,74.00919931173324,82.85191096782684
2026-01-05,MG92,70.2,76.45309012949467,71.79783793568612,80.84267040610314
2026-01-06,MG95,72.57,78.18942952394485,73.90947706222535,82.93967563629151
2026-01-06,MG92,71.21,76.44258275568485,71.67535673499108,80.93814321637154
2026-01-07,MG95,70.58,78.03374901413918,73.44479296565056,83.06435448408126
2026-01-07,MG92,69.56,76.27850215911866,71.15903863012791,81.09109210133553
2026-01-08,MG95,71.16,77.65591596245766,72.56163613677025,83.10959068536759
2026-01-08,MG92,69.91,75.88750483572484,70.21400394976139,81.18209742784501
2026-01-09,MG95,73.03,77.98634946584701,73.23329620957375,83.17646035671234
2026-01-09,MG92,71.94,76.22679774045945,70.91415484905244,81.21921546578407
2026-01-12,MG95,72.9,77.3283369410038,72.1769580090046,82.74946204900742
2026-01-12,MG92,71.81,75.5590430355072,69.87187608897686,80.82030523896218
2026-01-13,MG95,73.45,77.63305170416832,72.57008597135544,83.04702877283097
2026-01-13,MG92,72.36,75.86545414984226,70.23429261565208,81.11567713618278
2026-01-14,MG95,73.42,77.71619144916535,72.51609223842621,83.29810010433197
2026-01-14,MG92,71.84,75.9449115395546,70.13212320446968,81.38389265179634
2026-01-15,MG95,72.55,77.21336238503456,71.76425577998161,82.92155464649201
2026-01-15,MG92,71.4,75.43768564283849,69.4021659564972,81.01986209630967
2026-01-16,MG95,71.76,77.82988314509392,72.87406226158143,83.18744277477265
2026-01-16,MG92,70.44,76.06489076435567,70.53125541806222,81.24892469525338
2026-01-19,MG95,71.95,77.35982618451119,72.06524977564811,82.94321651935577
2026-01-19,MG92,70.6,75.58722148120404,69.71758603394032,81.02940752744675
2026-01-20,MG95,72.36,77.47569542884827,71.92908672690392,83.3554643034935
2026-01-20,MG92,70.99,75.69615223944187,69.50038585305214,81.47392678618431
2026-01-21,MG95,73.22,77.24142909049988,71.63591297030449,83.12264650821686
2026-01-21,MG92,71.85,75.46177583217622,69.2302187037468,81.23932376742363
2026-01-22,MG95,73.64,77.14944187164306,71.20182816267014,83.36638044834137
2026-01-22,MG92,72.27,75.36164592444896,68.72876908779145,81.5202665245533
2026-01-23,MG95,73.5,77.52645597577096,71.93846438646317,83.46227778673172
2026-01-23,MG92,70.76,75.74547030031681,69.49211684584618,81.58769500613212
2026-01-26,MG95,73.88,77.25948380708695,71.44232418298722,83.36702424526214
2026-01-26,MG92,71.64,75.47420709133148,68.98315667748452,81.50966665625573
2026-01-27,MG95,72.35,77.12723087787629,71.24396845817566,83.27158135175705
2026-01-27,MG92,70.21,75.34132488548757,68.78934835255146,81.41652470707893
2026-01-28,MG95,74.54,77.06194229602814,70.88825645804405,83.49363448381425
2026-01-28,MG92,72.46,75.26897107243538,68.37623097240925,81.67201298117638
2026-01-29,MG95,75.75,76.83481452941895,70.75041764378548,83.12051629781723
2026-01-29,MG92,73.67,75.04648483157158,68.29246796429157,81.27643255591393
2026-01-30,MG95,75.44,76.81154316425324,70.5722941839695,83.25455860376358
2026-01-30,MG92,73.43,75.0195735603571,68.08136779487133,81.4284102487564
2026-02-02,MG95,72.54,76.9853920018673,70.77936483621598,83.43327852249146
2026-02-02,MG92,70.93,75.19239026129246,68.27093987226486,81.61187306523324
2026-02-03,MG95,72.82,77.37546192884446,70.9322476696968,84.15396183729172
2026-02-03,MG92,71.15,75.57136792600156,68.3206834077835,82.3865791463852
2026-02-04,MG95,74.68,75.92558865904809,68.67052754759789,83.25209702730179
2026-02-04,MG92,72.95,74.12058263599873,66.07208228886128,81.50505118131638
2026-02-05,MG95,75.06,76.15053414344787,69.09358259916306,83.3118091917038
2026-02-05,MG92,73.33,74.34682877779008,66.5094147258997,81.55313906550408
2026-02-06,MG95,75.24,75.49472283601762,68.03910004854202,82.95329004764557
2026-02-06,MG92,73.51,73.69209729671479,65.45173563361168,81.20332491278648
2026-02-09,MG95,76.56,76.36157172083855,69.19101842284202,83.68259834766388
2026-02-09,MG92,74.83,74.55171794235707,66.55626780867577,81.95386218428612
2026-02-10,MG95,78.41,76.42889583706857,68.97762814640998,84.05386088371277
2026-02-10,MG92,76.68,74.6106554299593,66.27930693924428,82.37078108787537
2026-02-11,MG95,77.63,76.64408495783806,69.04441734313966,84.46108137130737
2026-02-11,MG92,75.55,74.81836105167866,66.29562296688557,82.8169837462902
2026-02-12,MG95,77.16,76.36412323951721,68.92206279158593,83.96774357795715
2026-02-12,MG92,74.83,74.54720883607865,66.23273596465587,82.278490087986
2026-02-13,MG95,73.85,76.15678749442101,68.25285956144333,84.20350579738617
2026-02-13,MG92,71.58,74.3315903109312,65.49883845150471,82.56788684129715
2026-02-16,MG95,73.8,75.47365268826485,67.4218124127388,83.56141304492951
2026-02-16,MG92,71.79,73.65738874018193,64.71158086836338,81.89292681574821
2026-02-17,MG95,73.8,76.17230489373208,68.19667407870293,84.29618415117264
2026-02-17,MG92,71.79,74.34501588582992,65.42816341340541,82.67293283104897
2026-02-18,MG95,73.8,76.00062413692474,67.8876799595356,84.2390187716484
2026-02-18,MG92,71.79,74.17301776111127,65.11155940651894,82.62293031096459
2026-02-19,MG95,78.09,74.45456476688385,65.44822454929351,83.40718581199646
2026-02-19,MG92,76.08,72.63648083150387,62.658679586648944,81.7936062347889
2026-02-20,MG95,79.95,74.70518165349961,65.90554758548737,83.47088383674621
2026-02-20,MG92,77.63,72.88659980058671,63.130544840693474,81.8484647154808
2026-02-23,MG95,79.75,75.68142867684365,66.96604679703712,84.50081689596176
2026-02-23,MG92,77.43,73.84515717506409,64.11575450181961,82.95261766314506
2026-02-24,MG95,81.35,74.79821030855179,66.08777051687241,83.48181891679764
2026-02-24,MG92,78.89,72.97977412283421,63.320449898242956,81.85417162537576
2026-02-25,MG95,81.46,75.56868847489358,66.64456964492798,84.59145024776458
2026-02-25,MG92,79.0,73.72966393291951,63.769700250029565,83.06693160057068
2026-02-26,MG95,81.74,74.51251122355461,65.1430742764473,83.86491595506668
2026-02-26,MG92,79.28,72.68497106671333,62.28279586255551,82.31277779459954
2026-02-27,MG95,82.09,75.09687054038048,65.66402433037759,84.59458402395249
2026-02-27,MG92,79.63,73.25558806061746,62.745962010025984,83.10912758588792
2026-03-02,MG95,92.78,75.3211296236515,66.40786066532135,84.29674273967743
2026-03-02,MG92,90.32,73.48733299970627,63.55571887731553,82.74750188708306
2026-03-03,MG95,98.65,74.70308931350708,65.38711591362953,84.02312904834747
2026-03-03,MG92,95.56,72.87271637797356,62.519780614376074,82.48056279540063
2026-03-04,MG95,104.35,74.41494285345078,64.57960995674134,84.2592036986351
2026-03-04,MG92,99.68,72.57894001066686,61.649980950355534,82.77296561956406
2026-01-08,MG95,71.16,71.87105426073074,65.51441362977027,75.95632031679153
2026-01-08,MG92,69.91,70.71362719535828,65.42850761651994,76.08419373035431
2026-01-09,MG95,73.03,71.8760520529747,65.42298936963081,76.02766085624695
2026-01-09,MG92,71.94,70.71570024490357,65.3460748744011,76.1531433582306
2026-01-12,MG95,72.9,71.9469719028473,65.07078384399414,76.3122489452362
2026-01-12,MG92,71.81,70.73259974479676,65.06252315759659,76.53379671573639
2026-01-13,MG95,73.45,71.99630196332932,64.8335738158226,76.51246353149413
2026-01-13,MG92,72.36,70.74109924793244,64.86588196992875,76.80529986858369
2026-01-14,MG95,73.42,71.94434679985046,64.86609732747078,76.47517360687256
2026-01-14,MG92,71.84,70.73242560863495,64.8680586719513,76.66267405986787
2026-01-15,MG95,72.55,71.97812817335128,64.7359948670864,76.58683303594589
2026-01-15,MG92,71.4,70.7379896736145,64.76524785280228,76.82682641506196
2026-01-16,MG95,71.76,72.02990664720535,64.21458799123764,77.02895254611968
2026-01-16,MG92,70.44,70.74257525920868,64.29684645414352,77.30487993240357
2026-01-19,MG95,71.95,72.03413037061691,63.983827134370806,77.223058719635
2026-01-19,MG92,70.6,70.74097486495972,64.07847141504288,77.4740739440918
2026-01-20,MG95,72.36,72.1037544965744,63.89273101210594,77.32871070146561
2026-01-20,MG92,70.99,70.74783251285554,64.01353935718537,77.7206673336029
2026-01-21,MG95,73.22,72.05695698738099,63.95906113862991,77.2527089214325
2026-01-21,MG92,71.85,70.7433132648468,64.06409274339676,77.5499226808548
2026-01-22,MG95,73.64,72.10234097957611,63.543222106695175,77.62714789152145
2026-01-22,MG92,72.27,70.74263330459596,63.678982329368594,77.9619454240799
2026-01-23,MG95,73.5,72.18254124164581,62.844174847602844,78.28663770914078
2026-01-23,MG92,70.76,70.73808917999268,63.010199961662295,78.69185787677765
2026-01-26,MG95,73.88,72.20169944524766,62.50596145749092,78.60524275779724
2026-01-26,MG92,71.64,70.73278217315674,62.67772427558899,78.997740483284
2026-01-27,MG95,72.35,72.19446358442306,62.384394788742064,78.71166880846023
2026-01-27,MG92,70.21,70.72916677474976,62.55799322605133,79.06692229270935
2026-01-28,MG95,74.54,72.15591159105301,62.80478147506714,78.30562763690948
2026-01-28,MG92,72.46,70.73447378158569,62.970700075626375,78.64349777698517
2026-01-29,MG95,75.75,72.18436703443527,62.645706123113634,78.46678540229797
2026-01-29,MG92,73.67,70.73400112628937,62.815814251899724,78.84310757160188
2026-01-30,MG95,75.44,72.1722932434082,62.395193890333175,78.68683129549026
2026-01-30,MG92,73.43,70.72709372520447,62.56828799009323,78.9936441373825
2026-02-02,MG95,72.54,72.26243860721588,61.60802057743072,79.48926301956176
2026-02-02,MG92,70.93,70.71832057952881,61.77377102136612,79.86277430534363
2026-02-03,MG95,72.82,72.30753653049469,61.60096140623092,79.53148342609406
2026-02-03,MG92,71.15,70.72522798061371,61.753579518795014,80.00736536502838
2026-02-04,MG95,74.68,72.28032632827758,61.90955404281616,79.215856859684
2026-02-04,MG92,72.95,70.72871899604797,62.07193773746491,79.68540418624879
2026-02-05,MG95,75.06,72.26553488254547,61.1701416182518,79.91521122217178
2026-02-05,MG92,73.33,70.70696026802064,61.32840534925461,80.21497713088989
2026-02-06,MG95,75.24,72.28716674089432,61.1438401055336,79.9590891456604
2026-02-06,MG92,73.51,70.70967181682587,61.296351857185364,80.30261737346649
2026-02-09,MG95,76.56,72.27702812194823,61.14129493355751,79.953073284626
2026-02-09,MG92,74.83,70.70795533180237,61.29635600328446,80.27324640750885
2026-02-10,MG95,78.41,72.3235648036003,61.074321151971816,80.05809423208237
2026-02-10,MG92,76.68,70.71423252582551,61.213384268283846,80.47093241214752
2026-02-11,MG95,77.63,72.29593391180039,60.34231286406517,80.76718335151672
2026-02-11,MG92,75.55,70.68851841926575,60.465635297298434,80.97607654094696
2026-02-12,MG95,77.16,72.3078057718277,61.11343266248703,80.00629051685333
2026-02-12,MG92,74.83,70.71239995002747,61.258978919982916,80.39079660892487
2026-02-13,MG95,73.85,72.33908824920654,60.33702058911324,80.81260099887848
2026-02-13,MG92,71.58,70.69707596778869,60.44611546278,81.11536888599396
2026-02-16,MG95,73.8,72.3206283903122,60.11904869556427,81.01903337717056
2026-02-16,MG92,71.79,70.68693460941314,60.224502320289616,81.23755442619324
2026-02-17,MG95,73.8,72.29418384313583,60.75487051725388,80.34992659568786
2026-02-17,MG92,71.79,70.70004457473755,60.89480216026306,80.63504330635071
2026-02-18,MG95,73.8,72.3247848033905,60.20441923260689,80.93514787435531
2026-02-18,MG92,71.79,70.69026807308197,60.31268984794617,81.17984072685242
2026-02-19,MG95,78.09,72.34353914499283,59.836963709592816,81.33395318508148
2026-02-19,MG92,76.08,70.68390795707703,59.919187729358676,81.54512864112854
2026-02-20,MG95,79.95,72.32958907842637,60.529990900754925,80.60763262033463
2026-02-20,MG92,77.63,70.70048406124116,60.650497417449955,80.92773302555085
2026-02-23,MG95,79.75,72.31395625352859,59.88457735657692,81.2552758193016
2026-02-23,MG92,77.43,70.67870045661927,59.97939738035202,81.4123207950592
2026-02-24,MG95,81.35,72.37530962228774,59.589758096933366,81.62559203147887
2026-02-24,MG92,78.89,70.68480351448059,59.64403600931168,81.85421203613282
2026-02-25,MG95,81.46,72.33902935266495,59.3454846906662,81.84915488958359
2026-02-25,MG92,79.0,70.66863372802734,59.39744676589966,81.9492903804779
2026-02-26,MG95,81.74,72.25269543647767,59.97577023744583,81.09973005294799
2026-02-26,MG92,79.28,70.67014290809631,60.08749862194062,81.1448310661316
2026-02-27,MG95,82.09,72.31846604585647,59.27135497927666,81.90683143138885
2026-02-27,MG92,79.63,70.66154389858247,59.32409812688828,81.94861042022706
2026-03-02,MG95,92.78,72.34108231782913,59.494093285799025,81.69291919231415
2026-03-02,MG92,90.32,70.67344320297241,59.5557282447815,81.82823257923127
2026-03-03,MG95,98.65,72.31680011510849,59.865431773662564,81.27802671194077
2026-03-03,MG92,95.56,70.67875020980836,59.95830202817917,81.43732177257539
2026-03-04,MG95,104.35,72.31414135694503,59.13014631390571,82.05369416475295
2026-03-04,MG92,99.68,70.65632810592652,59.17307646751404,82.05745381355285
2026-03-05,MG95,110.97,72.33059873342513,58.356203688383104,82.92099622249603
2026-03-05,MG92,106.3,70.6375048160553,58.325219933986666,82.79567504882813
2026-03-06,MG95,121.36,72.28998536109924,59.11882135033607,82.03923085689544
2026-03-06,MG92,113.16,70.65068111896515,59.16586640119553,81.99134011745453
2026-03-09,MG95,147.5,72.36908341646195,59.27019387602806,81.96088162899017
2026-03-09,MG92,139.3,70.67422266960145,59.30543653488159,82.10874935150147
2026-03-10,MG95,127.42,72.4118507194519,58.24748487949371,83.13580032348632
2026-03-10,MG92,119.22,70.659371342659,58.17608889579773,83.14970215797425
2026-03-11,MG95,129.17,72.31135639190674,58.98749889016151,82.20460393190383
2026-03-11,MG92,116.76,70.65140254020692,59.01943861961365,82.17321290016174
2026-03-12,MG95,143.44,72.32554204463959,59.05578101634979,82.1463215970993
2026-03-12,MG92,130.12,70.65680905342103,59.089710853099824,82.15811280727387
2026-03-13,MG95,149.76,72.37147293329238,58.79918140530586,82.47589823007583
2026-03-13,MG92,136.44,70.66164340496063,58.796104846000674,82.52816044330598
2026-03-16,MG95,153.48,72.3445487999916,58.09471566438675,83.2317680311203
2026-03-16,MG92,140.16,70.63387283325196,58.032841172218326,83.07769270896912
2026-03-17,MG95,152.16,72.30488618612289,58.46338277339935,82.77111293792724
2026-03-17,MG92,138.84,70.63412159919739,58.44871978759766,82.61787373542786
2026-03-18,MG95,153.12,72.28760425806045,58.52163145303726,82.68581391811371
2026-03-18,MG92,139.8,70.63194075107575,58.51529370069504,82.51100388526916
2026-03-19,MG95,165.25,72.36642465829848,58.647375569343566,82.6379310297966
2026-03-19,MG92,151.93,70.65591349601746,58.632843902111055,82.64709544181824
2026-03-20,MG95,163.93,72.26241336584091,58.7637719631195,82.39027107238769
2026-03-20,MG92,150.61,70.634378657341,58.78256368637085,82.21600064277649
2026-03-23,MG95,170.52,72.30857142686844,58.55188324093819,82.6776357126236
2026-03-23,MG92,157.2,70.63766236782074,58.54516634464264,82.55010989189148
2026-03-24,MG95,146.36,72.35572231531143,57.8841184592247,83.48511571168899
2026-03-24,MG92,141.81,70.63131054401399,57.79591233968735,83.30691394329071
2026-03-25,MG95,135.6,72.35014397144317,58.03766595005989,83.30319270849228
2026-03-25,MG92,131.05,70.63390600204468,57.968037643432616,83.14767056941986
2026-03-26,MG95,132.03,72.34053542137146,57.933162450790405,83.41053586244583
2026-03-26,MG92,127.48,70.62810146331788,57.854753777980804,83.21362671375275
2026-03-27,MG95,135.07,72.28374232769012,57.70165697336197,83.6010325193405
2026-03-27,MG92,130.52,70.60636761188508,57.605622975826265,83.24842077732086
2026-03-30,MG95,147.0,72.29337611913681,57.91854769468307,83.36717959403991
2026-03-30,MG92,139.66,70.6150661277771,57.84730738401413,83.07777563095092
2026-03-31,MG95,145.8,72.28410412073136,58.282709218263626,82.94607773542404
2026-03-31,MG92,138.46,70.62390561103821,58.252397849559785,82.7152158498764
2026-04-01,MG95,143.29,72.29050701618195,57.1982261633873,84.1932456588745
2026-04-01,MG92,136.05,70.5933322763443,57.03781885147095,83.74601900577545
2026-02-05,MG95,75.06,75.67166391849518,73.89254721879959,78.78844658374787
2026-02-05,MG92,73.33,73.24281371235848,71.35029062330723,76.09259701371194
2026-02-06,MG95,75.24,75.6669366645813,73.86348484516145,78.78246407032013
2026-02-06,MG92,73.51,73.22988228797912,71.30742212533951,76.08117005228996
2026-02-09,MG95,76.56,75.68774192333223,74.11425186634064,78.74899938583374
2026-02-09,MG92,74.83,73.28933901190759,71.60931914150716,76.0722302377224
2026-02-10,MG95,78.41,75.62823728084565,73.72949702024461,78.66654397010804
2026-02-10,MG92,76.68,73.119239038229,71.03100531995297,75.91557477116585
2026-02-11,MG95,77.63,75.6043873500824,73.15177050590516,78.76838023662567
2026-02-11,MG92,75.55,73.02072715163231,70.33246055841447,75.95776060819627
2026-02-12,MG95,77.16,75.60817093372346,73.65712374210358,78.58761396408082
2026-02-12,MG92,74.83,73.05324268341064,70.85839211046697,75.80332270264626
2026-02-13,MG95,73.85,75.59666883945465,73.144274559021,78.71421712398529
2026-02-13,MG92,71.58,72.99038569927215,70.26783387362957,75.886155128479
2026-02-16,MG95,73.8,75.58910167217255,73.11710842847825,78.6601519393921
2026-02-16,MG92,71.79,72.95582653284073,70.1727657288313,75.81085371375084
2026-02-17,MG95,73.8,75.58345745563508,73.10938101530076,78.6061490726471
2026-02-17,MG92,71.79,72.92646341621877,70.10242991149426,75.7382568538189
2026-02-18,MG95,73.8,75.57822275638581,72.70938945531846,78.61383197307588
2026-02-18,MG92,71.79,72.84353967905045,69.52284642755986,75.67673040628434
2026-02-19,MG95,78.09,75.58585224151612,72.41872565746309,78.84568107604981
2026-02-19,MG92,76.08,72.88969103693962,69.37272624373436,75.9348197221756
2026-02-20,MG95,79.95,75.5888880109787,71.89705849885941,78.90639646530153
2026-02-20,MG92,77.63,72.81404176950456,68.6750598102808,75.91956638097763
2026-02-23,MG95,79.75,75.58527357578278,72.54703810691834,78.80254822254182
2026-02-23,MG92,77.43,72.89702203273774,69.50985847711563,75.90039100050926
2026-02-24,MG95,81.35,75.60086194038392,71.55746183633805,78.91292203426362
2026-02-24,MG92,78.89,72.75847664773464,68.1631293296814,75.8607097029686
2026-02-25,MG95,81.46,75.59915265083313,71.65525634527206,78.87062602043153
2026-02-25,MG92,79.0,72.75856361091137,68.25535812675953,75.82203717827797
2026-02-26,MG95,81.74,75.58859422683716,71.89686709403992,78.95215557098389
2026-02-26,MG92,79.28,72.83255188167095,68.73225114345551,75.98142328858376
2026-02-27,MG95,82.09,75.64966571807862,70.27841025829316,79.29697803020478
2026-02-27,MG92,79.63,72.70015479326248,66.70277409553528,76.12501688599586
2026-03-02,MG95,92.78,75.60298964977265,71.34367155551911,79.0265363740921
2026-03-02,MG92,90.32,72.76559023559093,67.99103789925576,75.97437927126884
2026-03-03,MG95,98.65,75.6044051551819,71.28728725671769,79.0454809999466
2026-03-03,MG92,95.56,72.76340311169625,67.93012019395829,75.9890325665474
2026-03-04,MG95,104.35,75.59723860263826,71.36291886806488,79.11951460361482
2026-03-04,MG92,99.68,72.80267568230629,68.14397134184837,76.10539799332619
2026-03-05,MG95,110.97,75.62091048240663,70.64161648273469,79.27949342250825
2026-03-05,MG92,106.3,72.74443644285202,67.25570336580277,76.17956019043923
2026-03-06,MG95,121.36,75.61417125225069,71.09397284030915,79.06402501106263
2026-03-06,MG92,113.16,72.74011002480984,67.65435126423836,75.97451841235161
2026-03-09,MG95,147.5,75.61366380691528,70.69528995513916,79.3200890493393
2026-03-09,MG92,139.3,72.765455442667,67.39438354372979,76.24647835493089
2026-03-10,MG95,127.42,75.64594445228578,69.43280157089234,79.81048600196839
2026-03-10,MG92,119.22,72.73314862251281,66.11975991427899,76.66041437983513
2026-03-11,MG95,129.17,75.62397295951844,70.32045700073243,79.44984371185303
2026-03-11,MG92,116.76,72.75136740803718,66.99492688775062,76.34819048643112
2026-03-12,MG95,143.44,75.64062072753907,70.30108060121538,79.33583765983582
2026-03-12,MG92,130.12,72.71447328031063,66.80038591325284,76.18541281223297
2026-03-13,MG95,149.76,75.67502017974854,69.6399861598015,79.52895176887513
2026-03-13,MG92,136.44,72.68476231098175,66.03039655387401,76.3109528541565
2026-03-16,MG95,153.48,75.68183953285218,69.31800319194794,79.67721483230592
2026-03-16,MG92,140.16,72.68443619906903,65.74127877652646,76.44911125302315
2026-03-17,MG95,152.16,75.65503395557404,69.50335872888566,79.70880998134614
2026-03-17,MG92,138.84,72.71519507467747,66.08734004199505,76.53497869372369
2026-03-18,MG95,153.12,75.64330929756166,69.54530754327774,79.76222527980805
2026-03-18,MG92,139.8,72.7349270194769,66.22733771204949,76.61748065948487
2026-03-19,MG95,165.25,75.65024438381195,69.4801586842537,79.75249479293824
2026-03-19,MG92,151.93,72.72382182180881,66.11319419443608,76.59059164524079
2026-03-20,MG95,163.93,75.64482273101807,69.88576775312424,79.5497481250763
2026-03-20,MG92,150.61,72.7211303114891,66.45901631116867,76.39542888402939
2026-03-23,MG95,170.52,75.68006792545319,68.49024411678315,80.15603847026826
2026-03-23,MG92,157.2,72.70181578993798,65.13618029654026,76.93815737366677
2026-03-24,MG95,146.36,75.63094365596771,70.22574722528458,79.44748453617096
2026-03-24,MG92,141.81,72.7373315513134,66.84515890479088,76.32537134885789
2026-03-25,MG95,135.6,75.65828338623048,68.54537315607071,80.25698448181153
2026-03-25,MG92,131.05,72.73255292475224,65.3547839820385,77.08658612370492
2026-03-26,MG95,132.03,75.66899315357209,68.68268608331681,80.10535625457764
2026-03-26,MG92,127.48,72.71306447684765,65.36488040685654,76.90894644260406
2026-03-27,MG95,135.07,75.69908377170563,66.96199681758881,80.95199763774873
2026-03-27,MG92,130.52,72.69448044598103,63.84785561859608,77.70339854359626
2026-03-30,MG95,147.0,75.67122769355774,68.47856842279435,80.21229368209839
2026-03-30,MG92,139.66,72.71358625590801,65.19525438249111,77.01275438666345
2026-03-31,MG95,145.8,75.65539005756379,68.25492747068405,80.45771027088166
2026-03-31,MG92,138.46,72.74375813007354,65.16854364275933,77.29767184257507
2026-04-01,MG95,143.29,75.65915583610536,68.0140289258957,80.5763100385666
2026-04-01,MG92,136.05,72.74090138971806,64.95454900562764,77.40854989290237
2026-04-02,MG95,151.74,75.69021683216096,67.8877596116066,80.45357948780061
2026-04-02,MG92,144.5,72.6977285206318,64.61083139777183,77.21945716142655
2026-04-06,MG95,150.88,75.673337597847,67.77673591375351,80.61807189941408
2026-04-06,MG92,141.87,72.7208172440529,64.65397817790509,77.41841151714326
2026-04-07,MG95,147.22,75.6738094329834,67.78291873455048,80.61121693611146
2026-04-07,MG92,138.21,72.72004327178001,64.65479563176632,77.41049786806107
2026-04-08,MG95,125.82,75.64974584102632,68.58252349615098,80.30159515857697
2026-04-08,MG92,119.46,72.748236733675,65.46506633460523,77.15334775447846
2026-04-09,MG95,135.04,75.68970048427582,66.83138305902482,81.08396013259889
2026-04-09,MG92,130.98,72.70608568191528,63.81298338472843,77.85246212482453
2026-04-10,MG95,133.88,75.66424809455873,67.55008589982987,80.82286615371704
2026-04-10,MG92,128.17,72.73836641311645,64.56189287006855,77.645159304142
2026-04-13,MG95,135.93,75.6851067686081,67.02140798330308,80.99789028167726
2026-04-13,MG92,128.49,72.71108171641826,63.99154052734375,77.77545623183251
2026-04-14,MG95,128.99,75.6721179485321,66.54289593458176,81.38438557624818
2026-04-14,MG92,123.87,72.73288773298263,63.72867693305016,78.18856610655784
2026-04-15,MG95,125.23,75.67420114517212,66.81288801193237,81.20074378013612
2026-04-15,MG92,119.01,72.72811780273915,63.91786967217922,78.00089087486268
2026-04-16,MG95,122.29,75.68204429149628,66.80826758861542,81.14712372303009
2026-04-16,MG92,120.88,72.71636038124562,63.851868969202044,77.93063332438469
2026-04-17,MG95,128.19,75.69733887195588,66.94732986688615,80.9702656698227
2026-04-17,MG92,122.19,72.69650233983994,63.84844262003899,77.72478278875352
2026-04-20,MG95,124.43,75.66768447875977,65.81148915529252,81.88162858963014
2026-04-20,MG92,118.67,72.74241889715195,63.201445281505585,78.69163938760758
2026-04-21,MG95,123.98,75.6762754392624,67.17810621261597,80.96144324302674
2026-04-21,MG92,118.22,72.72243041098118,64.17877224683762,77.75712439417839
2026-04-22,MG95,128.89,75.68585458278656,66.80076273918152,81.12652322292328
2026-04-22,MG92,124.24,72.71118172407151,63.8174750328064,77.90239638090134
2026-04-23,MG95,130.57,75.67899071693421,66.02636109590532,81.64916521072388
2026-04-23,MG92,125.92,72.72269130051136,63.27266377508641,78.435498046875
2026-04-24,MG95,131.72,75.66810289859772,66.57339161872865,81.39973357200623
2026-04-24,MG92,124.69,72.7399013131857,63.787498825788504,78.2134549677372
2026-04-27,MG95,133.04,75.66921571731568,67.73946984052658,80.66882533550263
2026-04-27,MG92,128.03,72.72756993472576,64.66006994843484,77.47848567962647
2026-04-28,MG95,131.54,75.66917120456696,65.53650719881058,82.03913249969483
2026-04-28,MG92,126.52,72.7390534222126,62.971653783321386,78.84251180291176
2026-04-29,MG95,134.06,75.68233807563783,65.69724273443222,81.82615680217744
2026-04-29,MG92,129.82,72.71713870167733,62.98944210112095,78.60276302099228
2026-04-30,MG95,137.61,75.6813320875168,65.9070135140419,81.70472602367401
2026-04-30,MG92,134.27,72.71903015077115,63.16133351624012,78.48529316186905
