date,product,true,pred,q10,q90
2024-01-10,MG95,91.68,94.41847350120543,79.73546502828597,108.98441502571104
2024-01-10,MG92,87.36,89.49390543460846,74.85043170213699,105.5599009132385
2024-01-11,MG95,91.48,92.66595003223418,82.63786607360838,100.21589242553708
2024-01-11,MG92,87.16,87.27549056768416,77.94429958224295,97.8810245847702
2024-01-12,MG95,95.45,91.34199732685089,85.54851701402664,93.43592462444305
2024-01-12,MG92,90.36,85.94372543096542,81.08167001008987,92.08917803764342
2024-01-15,MG95,94.05,94.65783332538604,78.74442668151855,111.13505023670196
2024-01-15,MG92,88.96,90.01607600450515,74.05150734186172,107.49971362352372
2024-01-16,MG95,94.9,92.60793031311033,82.67171002244947,100.03815978622436
2024-01-16,MG92,89.81,87.3384202361107,78.08962458968163,97.85028814077378
2024-01-17,MG95,93.09,92.51015819549559,82.95124709129331,99.43274440765379
2024-01-17,MG92,88.0,87.1924398803711,78.33572715163231,97.29977730751038
2024-01-18,MG95,95.56,92.65855408859252,80.88196193647384,102.59255431842804
2024-01-18,MG92,90.17,87.80698412656784,76.70731647610664,100.27984486818312
2024-01-19,MG95,97.74,93.14439283847808,80.45771949291229,104.3678278207779
2024-01-19,MG92,92.24,87.99119989633559,75.93905044555662,101.46049439668653
2024-01-22,MG95,97.16,93.20167999076841,79.53021534729002,105.91043681907654
2024-01-22,MG92,91.91,88.58699671745299,75.41530744552612,103.19926532030107
2024-01-23,MG95,101.07,92.40360379409789,80.89713501405716,101.93506493759155
2024-01-23,MG92,95.39,87.45005263090133,76.68379596471786,99.60455206632614
2024-01-24,MG95,100.72,92.12927455139159,81.13519261550901,100.93023452949521
2024-01-24,MG92,95.05,87.14527509212493,76.97096228599547,98.722956430912
2024-01-25,MG95,101.96,92.44882275962829,78.56424824857712,105.20047946834562
2024-01-25,MG92,96.49,87.81749201774596,74.83775081396102,102.4247592782974
2024-01-26,MG95,102.8,92.47197740840912,80.41008348274231,102.7392848997116
2024-01-26,MG92,97.55,87.47473268270492,76.20566865563393,100.19449538946152
2024-01-29,MG95,105.17,92.59916719532012,79.06365332698822,104.92826700305939
2024-01-29,MG92,100.3,87.91751277685165,75.16313631772995,102.21526491880418
2024-01-30,MG95,101.74,92.51503487586974,79.81160725831985,103.63088475227354
2024-01-30,MG92,97.1,87.47116174459457,75.63449609041213,100.83751786708831
2024-01-31,MG95,101.3,93.33177449035644,77.4920451169014,109.07706343460082
2024-01-31,MG92,96.66,88.54187710285186,73.35650843977928,105.40154401063917
2024-02-01,MG95,100.01,92.3850404653549,78.84930831766128,104.63676290130614
2024-02-01,MG92,95.37,87.66197563409804,75.04412668943405,101.89005390405654
2024-02-02,MG95,98.45,91.96880408287049,78.77007929801941,103.72282827854157
2024-02-02,MG92,93.62,87.44335712194442,75.21137745976448,101.28959863185881
2024-02-05,MG95,97.0,93.0451321620941,77.05506687116623,109.03001731109619
2024-02-05,MG92,92.17,88.592474861145,73.23323600411413,105.63047563552854
2024-02-06,MG95,98.21,92.23231944656371,79.0195236287117,103.9637597141266
2024-02-06,MG92,93.38,87.2880659508705,75.12989413022994,101.11068042993546
2024-02-07,MG95,98.09,92.932255112648,76.47945354652404,109.55335539054869
2024-02-07,MG95,98.09,96.52407305526732,80.07127148914337,113.14517333316802
2024-02-07,MG92,93.26,88.59445307970047,72.8471080315113,106.0912686777115
2024-02-07,MG92,93.26,91.6928893752098,75.94554432702063,109.18970497322083
2024-02-08,MG95,99.61,93.05694906139374,77.79080461168289,107.98027246379851
2024-02-08,MG95,99.61,96.63621258449554,81.37006813478469,111.55953598690031
2024-02-08,MG92,95.45,88.41138772010802,73.76985669970512,104.66696754932401
2024-02-08,MG92,95.45,91.62561802291869,76.98408700251578,107.88119785213468
2024-02-09,MG95,101.05,93.27159114360808,75.9583057141304,111.20215463638306
2024-02-09,MG95,101.05,96.58920799064634,79.27592256116867,114.51977148342132
2024-02-09,MG92,96.89,88.6080510497093,71.98652614951133,107.05718106031418
2024-02-09,MG92,96.89,91.74657656526563,75.12505166506766,110.1957065758705
2024-02-12,MG95,101.05,92.16292577552794,77.32606229591369,106.2302427034378
2024-02-12,MG95,101.05,95.82371174693105,80.9868482673168,109.89102867484091
2024-02-12,MG92,96.89,87.70033887147903,73.85327056765556,103.28754459142685
2024-02-12,MG92,96.89,90.91673866176606,77.06967035794258,106.50394438171388
2024-02-13,MG95,102.91,92.85457321453094,75.11954543876648,111.34045005130766
2024-02-13,MG95,102.91,96.41150879168511,78.67648101592064,114.89738562846182
2024-02-13,MG92,98.69,88.48283488750458,71.5867281794548,107.31622624397278
2024-02-13,MG92,98.69,91.66894757318497,74.77284086513518,110.50233892965316
2024-02-14,MG95,103.66,92.74823602771758,75.90243045663833,109.87199640846251
2024-02-14,MG95,103.66,96.37895961880683,79.53315404772758,113.50271999955176
2024-02-14,MG92,99.44,88.29485340118407,72.29068993330002,106.1444918870926
2024-02-14,MG92,99.44,91.45453677988053,75.45037331199647,109.30417526578906
2024-02-15,MG95,99.92,93.11425325012206,74.89068964338303,112.41240615463256
2024-02-15,MG95,99.92,96.58924639940261,78.36568279266358,115.88739930391311
2024-02-15,MG92,95.56,88.82763533830644,71.35497936844826,108.2523111486435
2024-02-15,MG92,95.56,91.86761584854126,74.39495987868308,111.29229165887833
2024-02-16,MG95,100.76,92.45363981246948,76.64744027853011,107.93741943359376
2024-02-16,MG95,100.76,95.81912180042266,80.0129222664833,111.30290142154695
2024-02-16,MG92,96.4,87.81853692293167,73.00135531187057,104.45484773874283
2024-02-16,MG92,96.4,90.90037427854537,76.08319266748427,107.53668509435653
2024-02-19,MG95,100.24,91.7240266714096,75.34384292221068,107.88019190883637
2024-02-19,MG95,100.24,95.08706955814363,78.7068858089447,111.24323479557039
2024-02-19,MG92,95.65,87.16620768785475,72.22115200042724,104.24045551300046
2024-02-19,MG92,95.65,90.17893147754668,75.23387579011917,107.25317930269239
2024-02-20,MG95,99.02,92.81254645156861,75.41215690898896,110.82692921924591
2024-02-20,MG95,99.02,96.22145964884757,78.82107010626792,114.23584241652487
2024-02-20,MG92,94.35,88.58723004579544,71.95374453186987,107.08915313005446
2024-02-20,MG92,94.35,91.51587531900405,74.88238980507849,110.01779840326307
2024-02-21,MG95,98.6,91.59914319229125,75.73277308893203,107.05885884475707
2024-02-21,MG95,98.6,95.29101436448097,79.42464426112176,110.75073001694679
2024-02-21,MG92,93.93,87.39546394348143,72.75262932777405,103.9899988412857
2024-02-21,MG92,93.93,90.4492063512802,75.80637173557281,107.04374124908446
2024-02-22,MG95,100.78,92.66385667991638,76.09809820604323,109.36673186016081
2024-02-22,MG95,100.78,95.80281271886825,79.23705424499511,112.50568789911269
2024-02-22,MG92,96.11,88.2294950890541,72.50322567701339,105.77306765794752
2024-02-22,MG92,96.11,91.19744984340667,75.47118043136597,108.7410224123001
2024-02-23,MG95,101.23,91.99834952545166,76.50847405385971,106.98741228294372
2024-02-23,MG95,101.23,95.38502379417417,79.89514832258223,110.37408655166624
2024-02-23,MG92,96.56,87.69955367088318,73.25323224306105,103.96596805095669
2024-02-23,MG92,96.56,90.5789658522606,76.13264442443847,106.84538023233411
2024-02-26,MG95,99.18,91.98171983242034,76.22722588777542,107.31255483150483
2024-02-26,MG95,99.18,95.4608303539753,79.70633640933038,110.79166535305978
2024-02-26,MG92,94.51,87.40673471689223,72.79248789548872,103.91560767889021
2024-02-26,MG92,94.51,90.61781127595901,76.0035644545555,107.126684237957
2024-02-27,MG95,101.65,92.69518455982207,75.04587136268616,110.99943167209625
2024-02-27,MG95,101.65,95.88267202329634,78.23335882616043,114.18691913557052
2024-02-27,MG92,96.98,88.13168790578843,71.40964414119722,106.82455473184586
2024-02-27,MG92,96.98,91.26862702989578,74.54658326530458,109.96149385595322
2024-02-28,MG95,102.04,92.0920627117157,74.83598777055741,109.63610136985777
2024-02-28,MG95,102.04,95.1650597076416,77.90898476648331,112.70909836578367
2024-02-28,MG92,97.37,87.49353083133697,71.51594650506972,105.59345961570739
2024-02-28,MG92,97.37,90.46839251041412,74.49080818414687,108.56832129478454
2024-02-29,MG95,100.8,92.66980878543853,74.87204432678223,111.23040105056764
2024-02-29,MG95,100.8,95.87156683421134,78.07380237555503,114.43215909934044
2024-02-29,MG92,96.13,88.30392683029174,71.38511118769645,107.18634757280351
2024-02-29,MG92,96.13,91.25014587879178,74.3313302361965,110.13256662130355
2024-03-01,MG95,99.03,92.73086099052429,72.52666239881515,115.18143638038634
2024-03-01,MG95,99.03,95.89328049874305,75.68908190703391,118.3438558886051
2024-03-01,MG92,94.59,88.63404585599898,69.30215356826783,110.25841954231262
2024-03-01,MG92,94.59,91.43125493240355,72.0993626446724,113.0556286187172
2024-03-04,MG95,98.26,92.19598285388946,74.14833644104003,111.03808096122742
2024-03-04,MG95,98.26,95.26388863182066,77.21624221897123,114.10598673915862
2024-03-04,MG92,93.82,88.00447323560715,71.06926881313323,107.05746714115142
2024-03-04,MG92,93.82,90.75111415433884,73.81590973186492,109.8041080598831
2024-03-05,MG95,98.94,93.3555445804596,73.44409055614472,115.38210432434082
2024-03-05,MG95,98.94,96.09311406612396,76.18166004180908,118.11967381000518
2024-03-05,MG92,94.5,88.92576309442519,69.7283998131752,110.2801860332489
2024-03-05,MG92,94.5,91.59327827596664,72.39591499471665,112.94770121479034
2024-03-06,MG95,97.08,92.34845045566558,73.74101330995558,112.11951358318326
2024-03-06,MG95,97.08,95.39410657048225,76.78666942477224,115.16516969799993
2024-03-06,MG95,97.08,96.88389482259751,78.2764576768875,116.65495795011519
2024-03-06,MG92,93.64,88.17527161121367,70.58429280996323,107.9016308236122
2024-03-06,MG92,93.64,90.78627891254425,73.1953001112938,110.51263812494277
2024-03-06,MG92,93.64,92.58934983015061,74.99837102890017,112.31570904254913
2024-03-07,MG95,98.14,92.33912939453126,73.82346541070939,111.95429846668243
2024-03-07,MG95,98.14,95.46271017837525,76.94704619455338,115.07787925052642
2024-03-07,MG95,98.14,97.20171934604645,78.68605536222458,116.81688841819762
2024-03-07,MG92,94.2,88.22503547430037,70.74804264068602,107.83777392864225
2024-03-07,MG92,94.2,90.97230215167998,73.49530931806564,110.58504060602186
2024-03-07,MG92,94.2,92.87715363979339,75.40016080617904,112.48989209413527
2024-03-08,MG95,99.79,92.24089303398131,74.1375587644577,111.20715483093261
2024-03-08,MG95,99.79,95.5425731577873,77.43923888826369,114.5088349547386
2024-03-08,MG95,99.79,96.93128202724455,78.82794775772093,115.89754382419585
2024-03-08,MG92,95.41,88.15289035081864,71.07412812948226,107.30687484979627
2024-03-08,MG92,95.41,90.93050735902787,73.8517451376915,110.0844918580055
2024-03-08,MG92,95.41,92.5747601723671,75.49599795103073,111.72874467134474
2024-03-11,MG95,98.19,93.08297860908507,72.91348643589018,115.49852282333374
2024-03-11,MG95,98.19,96.12632909035682,75.95683691716192,118.54187330460549
2024-03-11,MG95,98.19,97.22155114889145,77.05205897569655,119.63709536314012
2024-03-11,MG92,93.78,88.63307196378707,69.27017236828803,110.24415607929227
2024-03-11,MG92,93.78,91.59587096786498,72.23297137236594,113.20695508337018
2024-03-11,MG92,93.78,93.05604071617127,73.69314112067222,114.66712483167646
2024-03-12,MG95,99.19,92.0463347826004,73.20750554180145,112.13834310626984
2024-03-12,MG95,99.19,95.56066190958023,76.72183266878129,115.65267023324968
2024-03-12,MG95,99.19,96.60744396400452,77.76861472320557,116.69945228767396
2024-03-12,MG92,94.68,87.90113921403884,70.23679386615753,107.82738980293271
2024-03-12,MG92,94.68,90.84950344657896,73.18515809869766,110.77575403547284
2024-03-12,MG92,94.68,92.3020589017868,74.63771355390548,112.22830949068067
2024-03-13,MG95,98.51,91.61736366271973,74.73353489160537,108.58125836849212
2024-03-13,MG95,98.51,94.60069590449334,77.71686713337898,111.56459061026572
2024-03-13,MG95,98.51,96.47232159805299,79.58849282693863,113.43621630382538
2024-03-13,MG92,94.13,87.36093946456909,71.77574746966361,105.04025840520856
2024-03-13,MG92,94.13,89.99998567104339,74.41479367613792,107.67930461168287
2024-03-13,MG92,94.13,91.98570019483566,76.40050819993019,109.66501913547513
2024-03-14,MG95,99.8,92.04746344661713,75.83637166833877,108.08663094615936
2024-03-14,MG95,99.8,95.30648421788216,79.0953924396038,111.34565171742439
2024-03-14,MG95,99.8,96.69011925888061,80.47902748060226,112.72928675842284
2024-03-14,MG92,95.93,87.61242683887481,72.47885199546813,104.64731318712234
2024-03-14,MG92,95.93,90.59635475254058,75.4627799091339,107.6312411007881
2024-03-14,MG92,95.93,92.24606617212294,77.11249132871626,109.28095252037046
2024-03-15,MG95,100.94,92.42971639442445,72.51553121614457,114.36276738929749
2024-03-15,MG95,100.94,95.72838710188866,75.81420192360878,117.6614380967617
2024-03-15,MG95,100.94,97.36004963779449,77.44586445951461,119.29310063266753
2024-03-15,MG92,97.07,88.40829358339309,69.45887717247008,109.65761732101441
2024-03-15,MG92,97.07,91.17915882062911,72.2297424097061,112.42848255825044
2024-03-15,MG92,97.07,92.95185172319412,74.00243531227112,114.20117546081545
2024-03-18,MG95,103.56,92.4061443529129,73.53731500959395,112.613116689682
2024-03-18,MG95,103.56,95.58914271330832,76.72031336998937,115.79611505007742
2024-03-18,MG95,103.56,96.87092219638825,78.0020928530693,117.07789453315735
2024-03-18,MG92,99.21,88.27039450407028,70.38016703128814,108.31022527217864
2024-03-18,MG92,99.21,90.99918998861313,73.10896251583098,111.03902075672148
2024-03-18,MG92,99.21,92.64391014575958,74.75368267297743,112.68374091386794
2024-03-19,MG95,103.3,92.41014578628537,72.11120862770079,114.96875348854066
2024-03-19,MG95,103.3,95.45188149929045,75.15294434070587,118.01048920154574
2024-03-19,MG95,103.3,96.9533860044479,76.65444884586333,119.5119937067032
2024-03-19,MG92,99.29,88.14672845363617,68.96573366284369,109.79620015382764
2024-03-19,MG92,99.29,90.92755970096589,71.7465649101734,112.57703140115736
2024-03-19,MG92,99.29,92.62413838148117,73.44314359068869,114.27361008167264
2024-03-20,MG95,104.4,93.27668290901184,73.35838236618041,115.3489854888916
2024-03-20,MG95,104.4,95.97035750818253,76.0520569653511,118.04266008806229
2024-03-20,MG95,104.4,97.77153668117523,77.8532361383438,119.843839261055
2024-03-20,MG92,100.2,88.92455384492874,69.6522110080719,110.32025561094284
2024-03-20,MG92,100.2,91.60233321428298,72.32999037742614,112.99803498029708
2024-03-20,MG92,100.2,93.45251965284348,74.18017681598664,114.84822141885758
2024-03-21,MG95,104.78,92.47555718994138,72.20645509338378,115.00786489105222
2024-03-21,MG95,104.78,95.59267054772377,75.32356845116617,118.12497824883461
2024-03-21,MG95,104.78,96.72283926057816,76.45373716402055,119.255146961689
2024-03-21,MG92,100.55,88.47757789850235,69.18163339257242,110.1398522233963
2024-03-21,MG92,100.55,91.15198955297468,71.85604504704476,112.81426387786864
2024-03-21,MG92,100.55,92.5119034552574,73.21595894932747,114.17417778015135
2024-03-22,MG95,105.55,91.7453286075592,72.28672440052033,112.84182661056518
2024-03-22,MG95,105.55,94.64914632081985,75.19054211378098,115.74564432382583
2024-03-22,MG95,105.55,95.81489975023268,76.35629554319381,116.91139775323866
2024-03-22,MG92,100.94,87.40236640453338,69.34424904465675,107.97589010477066
2024-03-22,MG92,100.94,90.1208680129051,72.06275065302847,110.69439171314238
2024-03-22,MG92,100.94,91.64509175062179,73.58697439074516,112.21861545085906
2024-03-25,MG95,105.67,91.51873120498655,72.9858071799278,111.06693642807005
2024-03-25,MG95,105.67,94.55244932293891,76.01952529788016,114.10065454602241
2024-03-25,MG95,105.67,95.89777539825438,77.36485137319563,115.44598062133788
2024-03-25,MG92,101.06,87.41781274080276,70.28021627068519,106.9174275279045
2024-03-25,MG92,101.06,89.95327863407135,72.81568216395378,109.45289342117309
2024-03-25,MG92,101.06,91.60725560188294,74.46965913176537,111.10687038898467
2024-03-26,MG95,105.19,91.7908073787689,72.3000735144615,112.94405801582334
2024-03-26,MG95,105.19,94.50915625596045,75.01842239165305,115.66240689301489
2024-03-26,MG95,105.19,95.68036759757995,76.18963373327254,116.83361823463439
2024-03-26,MG92,100.58,87.36080352544784,69.31558516502379,107.96057159185406
2024-03-26,MG92,100.58,90.00261604642867,71.95739768600463,110.6023841128349
2024-03-26,MG92,100.58,91.48682309389113,73.44160473346709,112.08659116029736
2024-03-27,MG95,103.9,91.71045075988769,71.59781237459183,113.94094731426239
2024-03-27,MG95,103.9,94.47919188523292,74.36655349993705,116.70968843960762
2024-03-27,MG95,103.9,95.87781780195236,75.7651794166565,118.10831435632706
2024-03-27,MG92,99.29,87.61341290473936,68.8623864531517,108.97426759004593
2024-03-27,MG92,99.29,90.12105071640013,71.37002426481247,111.4819054017067
2024-03-27,MG92,99.29,91.72631594181061,72.97528949022295,113.08717062711717
2024-03-28,MG95,104.58,92.07661492156983,72.1869728617668,113.92225834178923
2024-03-28,MG95,104.58,95.08328586506843,75.19364380526541,116.92892928528784
2024-03-28,MG95,104.58,95.93310233974456,76.04346027994154,117.77874575996397
2024-03-28,MG92,99.97,87.89389386177064,69.1892287373543,109.03772275447848
2024-03-28,MG92,99.97,90.57528867435454,71.8706235499382,111.71911756706238
2024-03-28,MG92,99.97,91.74637441635132,73.04170929193498,112.89020330905916
2024-04-01,MG95,106.58,91.9774841480255,72.0123706679344,113.94755745220182
2024-04-01,MG95,106.58,94.31072203469276,74.34560855460167,116.28079533886908
2024-04-01,MG95,106.58,96.00137328529357,76.03625980520248,117.97144658946989
2024-04-01,MG92,103.25,87.5362116575241,68.91017818450928,108.72603666782379
2024-04-01,MG92,103.25,90.05876306009293,71.4327295870781,111.24858807039261
2024-04-01,MG92,103.25,91.8238051700592,73.19777169704437,113.01363018035889
2024-04-02,MG95,106.91,91.470126247406,71.35349494695663,113.7180425596237
2024-04-02,MG95,106.91,94.2736069562435,74.15697565579413,116.5215232684612
2024-04-02,MG95,106.91,95.34750876188278,75.23087746143341,117.59542507410048
2024-04-02,MG92,102.56,87.40160960912704,68.72333087682723,108.75018919467924
2024-04-02,MG92,102.56,89.86282830715179,71.18454957485199,111.21140789270399
2024-04-02,MG92,102.56,91.19398253917694,72.51570380687714,112.54256212472914
2024-04-03,MG95,107.09,91.73432945728302,73.15605656385422,111.37687395572662
2024-04-03,MG95,107.09,94.60202577638626,76.02375288295745,114.24457027482985
2024-04-03,MG95,107.09,96.2817120194435,77.7034391260147,115.9242565178871
2024-04-03,MG92,102.74,87.64095376491548,70.33936804890632,107.23195210456848
2024-04-03,MG92,102.74,90.09666882038117,72.79508310437201,109.68766716003417
2024-04-03,MG92,102.74,91.88959488630294,74.58800917029379,111.48059322595594
2024-02-07,MG95,98.09,94.71295931172371,92.77071868431568,98.68268319678305
2024-02-07,MG95,98.09,98.30477725434304,96.36253662693501,102.27450113940237
2024-02-07,MG92,93.26,90.49707019233705,87.5911289074421,95.29596228742601
2024-02-07,MG92,93.26,93.59550648784636,90.68956520295141,98.39439858293532
2024-02-08,MG95,99.61,95.1439764881134,90.73161962091922,100.92469357490538
2024-02-08,MG95,99.61,98.72324001121521,94.31088314402103,104.50395709800719
2024-02-08,MG92,95.45,90.73810708904267,85.44719661498068,96.88229506158827
2024-02-08,MG92,95.45,93.95233739185333,88.66142691779135,100.09652536439893
2024-02-09,MG95,101.05,95.19300011014938,93.04961801743507,99.67003530597687
2024-02-09,MG95,101.05,98.51061695718766,96.36723486447335,102.98765215301515
2024-02-09,MG92,96.89,90.90767045307157,87.70895265746115,95.20765917348862
2024-02-09,MG92,96.89,94.04619596862791,90.84747817301749,98.34618468904496
2024-02-12,MG95,101.05,94.91046669936179,90.89295847213268,100.44294872379301
2024-02-12,MG95,101.05,98.57125267076492,94.5537444435358,104.10373469519614
2024-02-12,MG92,96.89,90.74475395822523,85.82642917299269,96.62618778610226
2024-02-12,MG92,96.89,93.96115374851226,89.04282896327972,99.84258757638929
2024-02-13,MG95,102.91,94.80260488653181,90.7660075082779,100.23550253891946
2024-02-13,MG95,102.91,98.35954046368599,94.32294308543207,103.79243811607364
2024-02-13,MG92,98.69,90.57473611116409,85.67006999969482,96.62058608531953
2024-02-13,MG92,98.69,93.76084879684447,88.8561826853752,99.80669877099992
2024-02-14,MG95,103.66,95.11269320201873,90.73576921772955,101.1599676580429
2024-02-14,MG95,103.66,98.74341679310797,94.36649280881879,104.79069124913214
2024-02-14,MG92,99.44,91.08567096996308,85.72282704043387,96.76922657060624
2024-02-14,MG92,99.44,94.24535434865952,88.88251041913031,99.92890994930268
2024-02-15,MG95,99.92,94.97490145850182,89.93389629113673,101.16523039865494
2024-02-15,MG95,99.92,98.44989460778237,93.40888944041728,104.64022354793549
2024-02-15,MG92,95.56,90.8657726778984,84.97630728268624,97.39936086797712
2024-02-15,MG92,95.56,93.90575318813325,88.01628779292108,100.43934137821196
2024-02-16,MG95,100.76,95.13859045195579,89.75673769283296,101.6172527937889
2024-02-16,MG95,100.76,98.50407243990898,93.12221968078615,104.98273478174208
2024-02-16,MG92,96.4,90.80312837743759,84.56625734233856,97.4559711494446
2024-02-16,MG92,96.4,93.8849657330513,87.64809469795227,100.53780850505831
2024-02-19,MG95,100.24,94.89754541230201,88.04695780229567,101.73773672294615
2024-02-19,MG95,100.24,98.26058829903604,91.4100006890297,105.10077960968019
2024-02-19,MG92,95.65,90.32909426164628,82.87080161285401,98.53811303806306
2024-02-19,MG92,95.65,93.3418180513382,85.88352540254593,101.55083682775498
2024-02-20,MG95,99.02,94.77148778915405,88.4967064779997,101.5214490556717
2024-02-20,MG95,99.02,98.18040098643303,91.90561967527867,104.93036225295067
2024-02-20,MG92,94.35,90.59185539245604,83.60159217238426,98.15844896793364
2024-02-20,MG92,94.35,93.52050066566466,86.53023744559287,101.08709424114225
2024-02-21,MG95,98.6,95.03556950592994,86.28656260693073,103.83872965121269
2024-02-21,MG95,98.6,98.72744067811965,89.97843377912044,107.5306008234024
2024-02-21,MG92,93.93,91.21670293569565,81.68813605070115,99.6490694141388
2024-02-21,MG92,93.93,94.2704453434944,84.7418784584999,102.70281182193754
2024-02-22,MG95,100.78,94.67013549613952,86.78053844976424,101.6811281709671
2024-02-22,MG95,100.78,97.8090915350914,89.91949448871611,104.82008420991897
2024-02-22,MG92,96.11,89.87866902589798,81.56463319301605,99.16817015886308
2024-02-22,MG92,96.11,92.84662378025055,84.53258794736863,102.13612491321565
2024-02-23,MG95,101.23,95.04658626008033,85.20110344338417,104.0560450439453
2024-02-23,MG95,101.23,98.43326052880286,88.5877777121067,107.44271931266783
2024-02-23,MG92,96.56,90.82061265993119,80.43685917901992,100.44893127727507
2024-02-23,MG92,96.56,93.70002484130859,83.31627136039732,103.32834345865247
2024-02-26,MG95,99.18,94.71019288158416,84.98724707758427,102.63022954320908
2024-02-26,MG95,99.18,98.1893034031391,88.46635759913922,106.10934006476403
2024-02-26,MG92,94.51,89.68478523731231,79.72101092815399,100.23912186145782
2024-02-26,MG92,94.51,92.89586179637908,82.93208748722076,103.45019842052459
2024-02-27,MG95,101.65,95.11816083216667,86.29735741758347,103.51097154879568
2024-02-27,MG95,101.65,98.30564829564094,89.48484488105774,106.69845901226995
2024-02-27,MG92,96.98,90.59790364694595,81.18012563776969,99.61417564582823
2024-02-27,MG92,96.98,93.73484277105331,84.31706476187705,102.75111476993558
2024-02-28,MG95,102.04,94.86526387572289,85.85315918684005,102.62789260387419
2024-02-28,MG95,102.04,97.9382608716488,88.92615618276595,105.70088959980009
2024-02-28,MG92,97.37,89.95875237989426,80.58564613747598,99.84726483631134
2024-02-28,MG92,97.37,92.93361405897141,83.56050781655313,102.82212651538849
2024-02-29,MG95,100.8,94.86898071146011,85.68543659722803,103.14821654057502
2024-02-29,MG95,100.8,98.07073876023293,88.88719464600085,106.34997458934784
2024-02-29,MG92,96.13,90.34460662078855,80.69481483173371,99.93062453699112
2024-02-29,MG92,96.13,93.29082566928861,83.64103388023376,102.87684358549117
2024-03-01,MG95,99.03,95.08657129740715,84.10093171513081,104.97664815044402
2024-03-01,MG95,99.03,98.24899080562591,87.26335122334957,108.13906765866278
2024-03-01,MG92,94.59,90.99901869106293,79.46243195700646,101.08362829256058
2024-03-01,MG92,94.59,93.79622776746749,82.25964103341101,103.88083736896513
2024-03-04,MG95,98.26,95.31547358751297,83.87581543624401,105.69532384991645
2024-03-04,MG95,98.26,98.38337936544417,86.94372121417521,108.76322962784765
2024-03-04,MG92,93.82,91.32999151754379,79.27015624213217,101.43244533586503
2024-03-04,MG92,93.82,94.07663243627547,82.01679716086386,104.17908625459671
2024-03-05,MG95,98.94,95.47658669257163,81.75135832273959,106.4478318490982
2024-03-05,MG95,98.94,98.21415617823601,84.48892780840397,109.18540133476257
2024-03-05,MG92,94.5,90.65613805818558,76.75241522002219,102.90912612724301
2024-03-05,MG92,94.5,93.32365323972704,79.41993040156365,105.57664130878447
2024-03-06,MG95,97.08,94.94207615613938,83.93762255012989,104.52899785637855
2024-03-06,MG95,97.08,97.98773227095604,86.98327866494655,107.57465397119522
2024-03-06,MG95,97.08,99.47752052307129,88.4730669170618,109.06444222331046
2024-03-06,MG92,93.64,90.66851740169525,79.23541710662842,101.10475714731217
2024-03-06,MG92,93.64,93.27952470302581,81.84642440795898,103.71576444864273
2024-03-06,MG92,93.64,95.08259562063218,83.64949532556534,105.51883536624909
2024-03-07,MG95,98.14,95.18141657233238,80.8518681794405,106.44047999858857
2024-03-07,MG95,98.14,98.30499735617639,83.9754489632845,109.56406078243258
2024-03-07,MG95,98.14,100.04400652384757,85.71445813095569,111.30306995010376
2024-03-07,MG92,94.2,90.69695914506912,76.25277805924415,103.36689854621886
2024-03-07,MG92,94.2,93.44422582244871,79.00004473662375,106.11416522359846
2024-03-07,MG92,94.2,95.34907731056212,80.90489622473716,108.01901671171187
2024-03-08,MG95,99.79,95.22149200391769,81.3206212003231,106.60821449351309
2024-03-08,MG95,99.79,98.52317212772368,84.6223013241291,109.90989461731908
2024-03-08,MG95,99.79,99.91188099718093,86.01101019358634,111.29860348677633
2024-03-08,MG92,95.41,90.98664478731155,76.79646271419524,103.02582507562636
2024-03-08,MG92,95.41,93.7642617955208,79.57407972240449,105.8034420838356
2024-03-08,MG92,95.41,95.40851460886003,81.21833253574373,107.44769489717484
2024-03-11,MG95,98.19,95.35929716062546,81.51718652200698,106.4034100730419
2024-03-11,MG95,98.19,98.4026476418972,84.56053700327872,109.44676055431364
2024-03-11,MG95,98.19,99.49786970043183,85.65575906181336,110.54198261284827
2024-03-11,MG92,93.78,90.51966887855528,76.50494566106795,102.83643082046508
2024-03-11,MG92,93.78,93.4824678826332,79.46774466514587,105.799229824543
2024-03-11,MG92,93.78,94.94263763093949,80.92791441345216,107.25939957284929
2024-03-12,MG95,99.19,95.22919737553596,81.45212799942493,106.6094690082073
2024-03-12,MG95,99.19,98.74352450251578,84.96645512640475,110.12379613518712
2024-03-12,MG95,99.19,99.79030655694007,86.01323718082904,111.1705781896114
2024-03-12,MG92,94.68,90.97799162340165,76.87699167323112,102.87583191108702
2024-03-12,MG92,94.68,93.92635585594178,79.82535590577125,105.82419614362715
2024-03-12,MG92,94.68,95.37891131114961,81.27791136097908,107.27675159883498
2024-03-13,MG95,98.51,95.23351198863983,81.92861372900009,106.38847193074228
2024-03-13,MG95,98.51,98.21684423041343,84.91194597077369,109.37180417251588
2024-03-13,MG95,98.51,100.08846992397308,86.78357166433334,111.24342986607553
2024-03-13,MG92,94.13,90.98001064014434,77.3014833767414,102.54664756965634
2024-03-13,MG92,94.13,93.61905684661865,79.9405295832157,105.18569377613065
2024-03-13,MG92,94.13,95.60477137041093,81.92624410700799,107.17140829992293
2024-03-14,MG95,99.8,95.36816118025779,81.62379097545147,106.64310003662109
2024-03-14,MG95,99.8,98.62718195152281,84.8828117467165,109.90212080788612
2024-03-14,MG95,99.8,100.01081699252127,86.26644678771495,111.28575584888458
2024-03-14,MG92,95.93,90.83072514867783,76.79561410641669,102.79924100255967
2024-03-14,MG92,95.93,93.81465306234361,79.77954202008247,105.78316891622545
2024-03-14,MG92,95.93,95.46436448192597,81.42925343966483,107.43288033580781
2024-03-15,MG95,100.94,95.37146856570243,79.30062198245524,108.05723675870895
2024-03-15,MG95,100.94,98.67013927316665,82.59929268991947,111.35590746617318
2024-03-15,MG95,100.94,100.30180180907249,84.2309552258253,112.98757000207901
2024-03-15,MG92,97.07,91.0691103606224,74.830411082983,104.34275868940352
2024-03-15,MG92,97.07,93.83997559785843,77.60127632021903,107.11362392663955
2024-03-15,MG92,97.07,95.61266850042344,79.37396922278404,108.88631682920456
2024-03-18,MG95,103.56,95.29916692256927,80.96094323933124,107.01631143569946
2024-03-18,MG95,103.56,98.48216528296469,84.14394159972666,110.19930979609488
2024-03-18,MG95,103.56,99.7639447660446,85.42572108280658,111.4810892791748
2024-03-18,MG92,99.21,91.01258385801316,76.38101066613197,103.22997254753112
2024-03-18,MG92,99.21,93.741379342556,79.10980615067481,105.95876803207396
2024-03-18,MG92,99.21,95.38609949970245,80.75452630782127,107.60348818922041
2024-03-19,MG95,103.3,95.36848671007155,80.48868958759307,107.07221437740327
2024-03-19,MG95,103.3,98.41022242307662,83.53042530059814,110.11395009040834
2024-03-19,MG95,103.3,99.91172692823409,85.03192980575561,111.61545459556581
2024-03-19,MG92,99.29,90.73425938129427,75.7284641313553,103.60352413892747
2024-03-19,MG92,99.29,93.51509062862397,78.509295378685,106.38435538625717
2024-03-19,MG92,99.29,95.21166930913927,80.2058740592003,108.08093406677247
2024-03-20,MG95,104.4,95.81965850830076,77.2704184514284,109.66966003179549
2024-03-20,MG95,104.4,98.51333310747145,79.96409305059909,112.36333463096618
2024-03-20,MG95,104.4,100.31451228046416,81.7652722235918,114.16451380395888
2024-03-20,MG92,100.2,90.88617747449874,72.44946140909195,105.88719719791412
2024-03-20,MG92,100.2,93.56395684385298,75.1272407784462,108.56497656726836
2024-03-20,MG92,100.2,95.41414328241348,76.97742721700669,110.41516300582886
2024-03-21,MG95,104.78,95.74099053955078,77.41155377364157,109.94903218364713
2024-03-21,MG95,104.78,98.85810389733317,80.52866713142396,113.06614554142952
2024-03-21,MG95,104.78,99.98827261018754,81.65883584427833,114.19631425428389
2024-03-21,MG92,100.55,91.4524918255806,73.00670337295533,105.83189161396028
2024-03-21,MG92,100.55,94.12690348005293,75.68111502742767,108.50630326843262
2024-03-21,MG92,100.55,95.48681738233566,77.0410289297104,109.86621717071534
2024-03-22,MG95,105.55,95.8431628563404,78.76523916387558,109.60330897712707
2024-03-22,MG95,105.55,98.74698056960105,81.66905687713623,112.50712669038772
2024-03-22,MG95,105.55,99.9127339990139,82.83481030654907,113.67288011980057
2024-03-22,MG92,100.94,91.499277135849,74.09384103250503,104.84493684244156
2024-03-22,MG92,100.94,94.21777874422074,76.81234264087676,107.5634384508133
2024-03-22,MG92,100.94,95.7420024819374,78.33656637859343,109.08766218852996
2024-03-25,MG95,105.67,95.40136410474776,78.00274150431154,108.63469414591788
2024-03-25,MG95,105.67,98.43508222270012,81.0364596222639,111.66841226387024
2024-03-25,MG95,105.67,99.78040829801559,82.38178569757937,113.0137383391857
2024-03-25,MG92,101.06,90.93471920156479,73.54938706302643,105.21096093797684
2024-03-25,MG92,101.06,93.47018509483337,76.08485295629501,107.74642683124542
2024-03-25,MG92,101.06,95.12416206264496,77.7388299241066,109.400403799057
2024-03-26,MG95,105.19,95.83411084342,76.2806561719179,110.03977585601807
2024-03-26,MG95,105.19,98.55245972061155,78.99900504910944,112.75812473320961
2024-03-26,MG95,105.19,99.72367106223105,80.17021639072894,113.92933607482911
2024-03-26,MG92,100.58,90.76942988634109,71.49367941379548,106.58207761526108
2024-03-26,MG92,100.58,93.41124240732192,74.13549193477631,109.22389013624192
2024-03-26,MG92,100.58,94.89544945478438,75.61969898223877,110.70809718370438
2024-03-27,MG95,103.9,95.66654012560844,76.12666620552538,110.1338921689987
2024-03-27,MG95,103.9,98.43528125095366,78.89540733087061,112.90263329434393
2024-03-27,MG95,103.9,99.83390716767312,80.29403324759006,114.30125921106338
2024-03-27,MG92,99.29,91.04185441875458,71.66449320936204,106.58338804864884
2024-03-27,MG92,99.29,93.54949223041534,74.17213102102279,109.0910258603096
2024-03-27,MG92,99.29,95.1547574558258,75.77739624643326,110.69629108572006
2024-03-28,MG95,104.58,95.67636770200728,75.95967473995685,110.1281370038986
2024-03-28,MG95,104.58,98.68303864550589,78.96634568345546,113.1348079473972
2024-03-28,MG95,104.58,99.53285512018202,79.81616215813159,113.98462442207334
2024-03-28,MG92,99.97,90.88163141584397,71.39054254508018,106.64364075279235
2024-03-28,MG92,99.97,93.56302622842789,74.0719373576641,109.32503556537627
2024-03-28,MG92,99.97,94.73411197042466,75.24302309966087,110.49612130737304
2024-04-01,MG95,106.58,95.69991497325896,78.31411798763274,109.02486825633048
2024-04-01,MG95,106.58,98.03315285992622,80.6473558743,111.35810614299774
2024-04-01,MG95,106.58,99.72380411052703,82.33800712490081,113.04875739359855
2024-04-01,MG92,103.25,90.89631403636932,73.48112094235421,105.06603592824936
2024-04-01,MG92,103.25,93.41886543893813,76.00367234492302,107.58858733081817
2024-04-01,MG92,103.25,95.18390754890441,77.7687144548893,109.35362944078446
2024-04-02,MG95,106.91,95.67334593391418,77.05318742728232,110.08499348139762
2024-04-02,MG95,106.91,98.47682664275169,79.85666813611984,112.88847419023513
2024-04-02,MG95,106.91,99.55072844839096,80.9305699417591,113.9623759958744
2024-04-02,MG92,102.56,91.38070050573349,72.64705578184127,105.89459426021574
2024-04-02,MG92,102.56,93.84191920375824,75.10827447986603,108.35581295824049
2024-04-02,MG92,102.56,95.17307343578338,76.43942871189117,109.68696719026563
2024-04-03,MG95,107.09,95.62593767428397,76.65435380959511,109.92534499430656
2024-04-03,MG95,107.09,98.49363399338722,79.52205012869835,112.7930413134098
2024-04-03,MG95,107.09,100.17332023644445,81.20173637175559,114.47272755646704
2024-04-03,MG92,102.74,91.15054471588135,72.23192347860335,106.19596904373167
2024-04-03,MG92,102.74,93.60625977134706,74.68763853406905,108.65168409919737
2024-04-03,MG92,102.74,95.39918583726883,76.48056459999083,110.44461016511914
2024-04-04,MG95,106.36,98.4831253015995,78.94898807823658,113.0046949827671
2024-04-04,MG95,106.36,99.58570488023757,80.05156765687465,114.10727456140518
2024-04-04,MG95,106.36,103.74641821479797,84.21228099143505,118.26798789596558
2024-04-04,MG92,102.01,93.6261611380577,74.22914680027962,109.10719363355636
2024-04-04,MG92,102.01,94.97424242305755,75.57722808527947,110.45527491855621
2024-04-04,MG92,102.01,98.19090081739424,78.79388647961616,113.6719333128929
2024-04-05,MG95,107.02,98.45251475620269,77.5300091199875,113.66040410089494
2024-04-05,MG95,107.02,99.96556922149658,79.04306358528139,115.17345856618883
2024-04-05,MG95,107.02,103.98008444023131,83.05757880401612,119.18797378492356
2024-04-05,MG92,102.67,93.46949047279358,72.8339394350052,109.88978777360919
2024-04-05,MG92,102.67,95.16147168159483,74.52592064380646,111.58176898241044
2024-04-05,MG92,102.67,98.37784444618225,77.74229340839388,114.79814174699786
2024-04-08,MG95,106.27,98.92535203194618,77.42300684785842,114.99447175240515
2024-04-08,MG95,106.27,99.4210892622471,77.91874407815934,115.49020898270606
2024-04-08,MG95,106.27,103.98492065882684,82.48257547473908,120.05404037928581
2024-04-08,MG92,101.92,94.14674250888824,72.73379363822936,110.38275346565246
2024-04-08,MG92,101.92,95.02814041900635,73.61519154834747,111.26415137577057
2024-04-08,MG92,101.92,98.65097306489945,77.23802419424057,114.88698402166366
2024-04-09,MG95,106.43,98.79226535105705,77.42624866688251,114.40829139852522
2024-04-09,MG95,106.43,99.70219521832466,78.33617853415012,115.31822126579283
2024-04-09,MG95,106.43,103.6719111096859,82.30589442551135,119.28793715715406
2024-04-09,MG92,101.97,93.77527333593369,72.6613125,110.31007195568084
2024-04-09,MG92,101.97,95.01928107404709,73.90532023811339,111.55407969379424
2024-04-09,MG92,101.97,98.52136424684525,77.40740341091156,115.0561628665924
2024-04-10,MG95,106.43,98.17864017176628,78.00320464658736,113.22216730165482
2024-04-10,MG95,106.43,99.84566136360168,79.67022583842277,114.88918849349022
2024-04-10,MG95,106.43,103.78706069231032,83.61162516713141,118.83058782219886
2024-04-10,MG92,101.97,93.48098958444594,73.42048874926566,109.1902677578926
2024-04-10,MG92,101.97,95.17494876909255,75.11444793391227,110.88422694253921
2024-04-10,MG92,101.97,98.65852117824554,78.59802034306526,114.3677993516922
2024-04-11,MG95,107.79,98.80560492706299,76.24949880075454,115.37124160242081
2024-04-11,MG95,107.79,100.05439263153076,77.49828650522231,116.62002930688858
2024-04-11,MG95,107.79,104.04881559038162,81.49270946407317,120.61445226573944
2024-04-11,MG92,103.38,93.99766593265534,71.66100889611243,110.98342342185974
2024-04-11,MG92,103.38,95.41042102432252,73.07376398777961,112.39617851352692
2024-04-11,MG92,103.38,98.99187390375138,76.65521686720848,115.97763139295579
2024-04-12,MG95,108.62,98.65192233419418,75.6447947702408,115.45532752728462
2024-04-12,MG95,108.62,99.82054084539413,76.81341328144075,116.62394603848458
2024-04-12,MG95,108.62,104.06866935181617,81.06154178786278,120.87207454490661
2024-04-12,MG92,104.21,93.8355607404709,71.09243849301338,111.11776822233202
2024-04-12,MG92,104.21,95.11371293163299,72.37059068417547,112.39592041349411
2024-04-12,MG92,104.21,98.9693826699257,76.22626042246817,116.25159015178681
2024-04-15,MG95,107.89,98.9905747613907,75.61631616866589,116.0745278391838
2024-04-15,MG95,107.89,100.53522527360917,77.16096668088436,117.61917835140227
2024-04-15,MG95,107.89,104.69857048368456,81.32431189095975,121.78252356147766
2024-04-15,MG92,103.48,94.0370300745964,70.92237408995629,111.47244401693344
2024-04-15,MG92,103.48,95.75514110040663,72.64048511576652,113.19055504274367
2024-04-15,MG92,103.48,99.2086223745346,76.09396638989449,116.64403631687163
2024-04-16,MG95,108.46,98.73054317736626,76.5874616535902,114.86161922240258
2024-04-16,MG95,108.46,100.50180374836921,78.35872222459315,116.63287979340554
2024-04-16,MG95,108.46,103.9922592265606,81.84917770278454,120.12333527159693
2024-04-16,MG92,104.05,93.72600637722014,71.86229344296454,110.6610364203453
2024-04-16,MG92,104.05,95.61747779273986,73.75376485848426,112.55250783586501
2024-04-16,MG92,104.05,98.6116008682251,76.7478879339695,115.54663091135025
2024-04-17,MG95,108.41,98.24676403069496,77.10381704235077,113.92701766633986
2024-04-17,MG95,108.41,100.01195112848282,78.86900414013863,115.69220476412772
2024-04-17,MG95,108.41,104.0458350338936,82.9028880455494,119.7260886695385
2024-04-17,MG92,104.0,93.59759035396574,72.60286183643342,109.80443609046937
2024-04-17,MG92,104.0,95.31503498268125,74.32030646514893,111.52188071918488
2024-04-17,MG92,104.0,98.77450898599623,77.77978046846391,114.98135472249986
2024-04-18,MG95,105.32,98.83015564751624,73.28637786936758,116.7002703268528
2024-04-18,MG95,105.32,100.40336467552184,74.85958689737319,118.27347935485841
2024-04-18,MG95,105.32,104.08776191687585,78.5439841387272,121.95787659621242
2024-04-18,MG92,100.91,93.69446563863752,68.80031934285164,112.93664271259308
2024-04-18,MG92,100.91,95.20099006605147,70.30684377026559,114.44316714000703
2024-04-18,MG92,100.91,98.78940427303313,73.89525797724724,118.03158134698869
2024-04-19,MG95,105.41,98.65846685147284,74.0978184006214,116.39256328082084
2024-04-19,MG95,105.41,100.83856883454321,76.27792038369178,118.57266526389121
2024-04-19,MG95,105.41,104.37486703658104,79.8142185857296,122.10896346592904
2024-04-19,MG92,101.0,93.86337679100035,69.67148335886,112.06204009485243
2024-04-19,MG92,101.0,95.78695707893371,71.59506364679336,113.9856203827858
2024-04-19,MG92,101.0,99.15898349905012,74.96709006690978,117.35764680290221
2024-04-22,MG95,104.36,98.91188601446152,76.28997178149221,115.51159164381025
2024-04-22,MG95,104.36,100.244805082798,77.62289084982869,116.84451071214673
2024-04-22,MG95,104.36,104.48070128536224,81.85878705239294,121.08040691471098
2024-04-22,MG92,99.95,93.9510104856491,71.55529944396021,110.98059372758867
2024-04-22,MG92,99.95,95.4868434576988,73.0911324160099,112.51642669963836
2024-04-22,MG92,99.95,99.72670205831525,77.33099101662636,116.75628530025482
2024-04-23,MG95,104.94,98.65420998835563,75.0493478950262,115.7190329387188
2024-04-23,MG95,104.94,100.50133076906204,76.8964686757326,117.5661537194252
2024-04-23,MG95,104.94,104.25261351013182,80.6477514168024,121.31743646049499
2024-04-23,MG92,100.53,93.78397392225266,70.52806142520903,111.51514768791198
2024-04-23,MG92,100.53,95.57489063644408,72.31897813940046,113.3060644021034
2024-04-23,MG92,100.53,99.32650085735321,76.07058836030959,117.05767462301253
2024-04-24,MG95,105.05,99.04272718834876,74.16661310184001,117.02037566232681
2024-04-24,MG95,105.05,100.25716883540153,75.38105474889278,118.23481730937958
2024-04-24,MG95,105.05,104.4490293548107,79.57291526830195,122.42667782878875
2024-04-24,MG92,100.64,94.05512141656877,69.54371854376794,112.38599667501448
2024-04-24,MG92,100.64,95.50408762407304,70.99268475127221,113.83496288251875
2024-04-24,MG92,100.64,99.33727647161484,74.82587359881401,117.66815173006056
2024-04-25,MG95,105.56,98.61981088161468,75.54589177727699,115.04049645066262
2024-04-25,MG95,105.56,99.90616326856613,76.83224416422844,116.32684883761407
2024-04-25,MG95,105.56,103.90005265116692,80.82613354682923,120.32073822021485
2024-04-25,MG92,101.15,93.4867090845108,70.8745075070858,111.23084022283552
2024-04-25,MG92,101.15,94.9314241232872,72.31922254586219,112.67555526161192
2024-04-25,MG92,101.15,98.75466615009307,76.14246457266806,116.49879728841779
2024-04-26,MG95,106.1,98.59629744958877,74.59973604571819,116.20273481559752
2024-04-26,MG95,106.1,100.10809822297097,76.11153681910038,117.71453558897971
2024-04-26,MG95,106.1,104.50423953032492,80.50767812645434,122.11067689633367
2024-04-26,MG92,101.69,93.9464241991043,70.17915744996071,111.59402068471908
2024-04-26,MG92,101.69,95.52199661207197,71.75472986292839,113.16959309768676
2024-04-26,MG92,101.69,99.61201917362212,75.84475242447853,117.2596156592369
2024-04-29,MG95,106.05,98.52075569057462,76.05226297223567,115.29251539134978
2024-04-29,MG95,106.05,100.2921401438713,77.82364742553234,117.06389984464646
2024-04-29,MG95,106.05,104.15749727296827,81.68900455462932,120.92925697374343
2024-04-29,MG92,101.64,93.92390241527558,71.54573503279686,110.5911244931221
2024-04-29,MG92,101.64,95.69950780105592,73.3213404185772,112.36672987890243
2024-04-29,MG92,101.64,99.27971951580048,76.90155213332176,115.946941593647
2024-04-30,MG95,105.3,98.64628398084639,75.89426380777358,115.22795999193191
2024-04-30,MG95,105.3,100.269073212862,77.51705303978919,116.85074922394752
2024-04-30,MG95,105.3,103.81970580649374,81.06768563342094,120.40138181757926
2024-04-30,MG92,100.89,93.69192537021637,71.21936063361169,110.89501940917968
2024-04-30,MG92,100.89,95.41713744306566,72.94457270646097,112.62023148202897
2024-04-30,MG92,100.89,98.89660703706741,76.42404230046273,116.09970107603073
2024-05-01,MG95,105.3,98.87175723552704,74.05933804392815,116.88859086036685
2024-05-01,MG95,105.3,100.52723298811912,75.71481379652023,118.54406661295893
2024-05-01,MG95,105.3,104.40193225574494,79.58951306414605,122.41876588058474
2024-05-01,MG92,100.89,94.14247681713104,69.65313709950448,112.35574499464036
2024-05-01,MG92,100.89,95.77853370523451,71.28919398760794,113.99180188274383
2024-05-01,MG92,100.89,99.35564549875258,74.86630578112602,117.5689136762619
2024-03-06,MG95,97.08,93.85812749242783,87.81450284695624,99.83475309944154
2024-03-06,MG95,97.08,96.90378360724449,90.86015896177291,102.88040921425821
2024-03-06,MG95,97.08,98.39357185935974,92.34994721388816,104.37019746637345
2024-03-06,MG92,93.64,89.67826404452325,83.21640490770339,96.03573911666868
2024-03-06,MG92,93.64,92.28927134585382,85.82741220903397,98.64674641799925
2024-03-06,MG92,93.64,94.09234226346018,87.63048312664033,100.44981733560562
2024-03-07,MG95,98.14,93.23150015711784,90.28577163815497,98.45882281303405
2024-03-07,MG95,98.14,96.35508094096184,93.40935242199897,101.58240359687805
2024-03-07,MG95,98.14,98.09409010863303,95.14836158967016,103.32141276454924
2024-03-07,MG92,94.2,89.70018390297889,84.85375997900961,93.77196789264677
2024-03-07,MG92,94.2,92.4474505803585,87.60102665638922,96.51923457002638
2024-03-07,MG92,94.2,94.35230206847191,89.50587814450263,98.42408605813979
2024-03-08,MG95,99.79,93.6363772585392,88.84850248122216,99.02911871814727
2024-03-08,MG95,99.79,96.93805738234519,92.15018260502815,102.33079884195327
2024-03-08,MG95,99.79,98.32676625180244,93.5388914744854,103.71950771141051
2024-03-08,MG92,95.41,89.6762830722332,84.14704249382018,95.11109809160232
2024-03-08,MG92,95.41,92.45390008044245,86.92465950202943,97.88871509981156
2024-03-08,MG92,95.41,94.09815289378167,88.56891231536865,99.53296791315078
2024-03-11,MG95,98.19,93.70788945293427,89.99689993357659,98.75176530933378
2024-03-11,MG95,98.19,96.75123993420601,93.04025041484833,101.79511579060552
2024-03-11,MG95,98.19,97.84646199274064,94.13547247338296,102.89033784914015
2024-03-11,MG92,93.78,89.47039265513419,84.59300048232078,94.09335289478301
2024-03-11,MG92,93.78,92.43319165921211,87.5557994863987,97.05615189886093
2024-03-11,MG92,93.78,93.8933614075184,89.01596923470498,98.51632164716722
2024-03-12,MG95,99.19,93.36162709736824,89.34676824831962,98.8889917459488
2024-03-12,MG95,99.19,96.87595422434808,92.86109537529946,102.40331887292864
2024-03-12,MG95,99.19,97.92273627877236,93.90787742972374,103.45010092735292
2024-03-12,MG92,94.68,89.60739148855208,84.15296362042427,94.55329908132552
2024-03-12,MG92,94.68,92.55575572109221,87.1013278529644,97.50166331386565
2024-03-12,MG92,94.68,94.00831117630004,88.55388330817223,98.95421876907348
2024-03-13,MG95,98.51,93.51412604379654,88.41127735185623,99.65479049015045
2024-03-13,MG95,98.51,96.49745828557013,91.39460959362982,102.63812273192404
2024-03-13,MG95,98.51,98.36908397912978,93.26623528718947,104.50974842548369
2024-03-13,MG92,94.13,89.63125588178634,83.25594224214554,95.47199829101562
2024-03-13,MG92,94.13,92.27030208826065,85.89498844861984,98.11104449748993
2024-03-13,MG92,94.13,94.25601661205292,87.88070297241211,100.0967590212822
2024-03-14,MG95,99.8,94.00460539102555,86.35418917655944,101.48841155052185
2024-03-14,MG95,99.8,97.26362616229058,89.61320994782447,104.74743232178687
2024-03-14,MG95,99.8,98.64726120328903,90.99684498882293,106.13106736278533
2024-03-14,MG92,95.93,89.72987731933594,81.32519146442414,97.47811290264131
2024-03-14,MG92,95.93,92.71380523300172,84.30911937808992,100.4620408163071
2024-03-14,MG92,95.93,94.36351665258408,85.95883079767228,102.11175223588945
2024-03-15,MG95,100.94,93.89533258199691,86.97978276848791,100.19025817155837
2024-03-15,MG95,100.94,97.19400328946114,90.27845347595213,103.4889288790226
2024-03-15,MG95,100.94,98.82566582536697,91.91011601185797,105.12059141492843
2024-03-15,MG92,97.07,89.71782187104225,82.70621154189111,96.64058858633042
2024-03-15,MG92,97.07,92.48868710827826,85.47707677912712,99.41145382356643
2024-03-15,MG92,97.07,94.26138001084327,87.24976968169213,101.18414672613144
2024-03-18,MG95,103.56,93.75266928362848,86.25927414107322,101.35264603185654
2024-03-18,MG95,103.56,96.9356676440239,89.44227250146864,104.53564439225195
2024-03-18,MG95,103.56,98.21744712710381,90.72405198454855,105.81742387533187
2024-03-18,MG92,99.21,89.78136243224145,81.30571659207344,97.48849664926529
2024-03-18,MG92,99.21,92.5101579167843,84.03451207661628,100.21729213380813
2024-03-18,MG92,99.21,94.15487807393075,85.67923223376273,101.86201229095458
2024-03-19,MG95,103.3,93.97881693744658,86.40960042023659,101.41947857046128
2024-03-19,MG95,103.3,97.02055265045166,89.45133613324167,104.46121428346636
2024-03-19,MG95,103.3,98.52205715560912,90.95284063839912,105.96271878862382
2024-03-19,MG92,99.29,89.78346539855002,81.44303668856621,97.4742874932289
2024-03-19,MG92,99.29,92.56429664587974,84.22386793589592,100.25511874055861
2024-03-19,MG92,99.29,94.26087532639502,85.92044661641121,101.9516974210739
2024-03-20,MG95,104.4,94.19878248953819,86.24983988428116,101.46680114650725
2024-03-20,MG95,104.4,96.89245708870887,88.94351448345184,104.16047574567793
2024-03-20,MG95,104.4,98.69363626170158,90.74469365644455,105.96165491867065
2024-03-20,MG92,100.2,89.72051771283151,81.45262612700463,97.52839730978013
2024-03-20,MG92,100.2,92.39829708218574,84.13040549635886,100.20617667913436
2024-03-20,MG92,100.2,94.24848352074623,85.98059193491936,102.05636311769486
2024-03-21,MG95,104.78,93.9932234351635,85.44828955936431,101.68976230430602
2024-03-21,MG95,104.78,97.11033679294587,88.56540291714668,104.80687566208839
2024-03-21,MG95,104.78,98.24050550580026,89.69557163000107,105.93704437494277
2024-03-21,MG92,100.55,89.89477043867112,81.04550039291382,98.1501463007927
2024-03-21,MG92,100.55,92.56918209314347,83.71991204738617,100.82455795526505
2024-03-21,MG92,100.55,93.92909599542618,85.07982594966889,102.18447185754776
2024-03-22,MG95,105.55,94.10087227559089,85.4060117599964,101.9527337989807
2024-03-22,MG95,105.55,97.00468998885154,88.30982947325705,104.85655151224135
2024-03-22,MG95,105.55,98.17044341826438,89.4755829026699,106.0223049416542
2024-03-22,MG92,100.94,89.75041375398635,80.70827088594436,98.1380552434921
2024-03-22,MG92,100.94,92.46891536235809,83.4267724943161,100.85655685186384
2024-03-22,MG92,100.94,93.99313910007476,84.95099623203276,102.38078058958051
2024-03-25,MG95,105.67,93.71806178617479,84.90544431257247,102.38374254274366
2024-03-25,MG95,105.67,96.75177990412713,87.93916243052482,105.41746066069601
2024-03-25,MG95,105.67,98.0971059794426,89.28448850584029,106.76278673601148
2024-03-25,MG92,101.06,89.86701385974885,80.0054065167904,98.63609765768054
2024-03-25,MG92,101.06,92.40247975301742,82.54087241005897,101.1715635509491
2024-03-25,MG92,101.06,94.05645672082902,84.19484937787057,102.8255405187607
2024-03-26,MG95,105.19,94.46734233140944,83.70175094962119,103.62189610004424
2024-03-26,MG95,105.19,97.18569120860099,86.42009982681273,106.34024497723578
2024-03-26,MG95,105.19,98.35690255022048,87.59131116843223,107.51145631885528
2024-03-26,MG92,100.58,89.96616385459899,79.12245522022246,99.75913749217986
2024-03-26,MG92,100.58,92.60797637557982,81.7642677412033,102.4009500131607
2024-03-26,MG92,100.58,94.09218342304229,83.24847478866576,103.88515706062316
2024-03-27,MG95,103.9,94.16048313045502,83.74657625341415,103.0836156978607
2024-03-27,MG95,103.9,96.92922425580025,86.51531737875938,105.85235682320592
2024-03-27,MG95,103.9,98.3278501725197,87.91394329547883,107.25098273992538
2024-03-27,MG92,99.29,89.97040222048759,79.43965427041053,99.5271035528183
2024-03-27,MG92,99.29,92.47804003214836,81.9472920820713,102.03474136447907
2024-03-27,MG92,99.29,94.08330525755883,83.55255730748178,103.64000658988955
2024-03-28,MG95,104.58,93.94965130853652,83.90403568673133,103.31260328340532
2024-03-28,MG95,104.58,96.95632225203514,86.91070663022995,106.31927422690394
2024-03-28,MG95,104.58,97.80613872671125,87.76052310490607,107.16909070158006
2024-03-28,MG92,99.97,89.87632893919945,79.01960890889168,99.49277004003525
2024-03-28,MG92,99.97,92.55772375178337,81.7010037214756,102.17416485261917
2024-03-28,MG92,99.97,93.72880949378015,82.87208946347238,103.34525059461595
2024-04-01,MG95,106.58,94.17355086565018,84.40743110060691,103.149806163311
2024-04-01,MG95,106.58,96.50678875231743,86.74066898727416,105.48304404997825
2024-04-01,MG95,106.58,98.19744000291826,88.43132023787498,107.17369530057907
2024-04-01,MG92,103.25,89.80376303911208,79.38806173920631,99.13579530239105
2024-04-01,MG92,103.25,92.3263144416809,81.91061314177513,101.65834670495987
2024-04-01,MG92,103.25,94.09135655164718,83.6756552517414,103.42338881492614
2024-04-02,MG95,106.91,93.91638607025146,83.61222174286843,103.24779937267303
2024-04-02,MG95,106.91,96.71986677908896,86.41570245170593,106.05128008151053
2024-04-02,MG95,106.91,97.79376858472824,87.4896042573452,107.12518188714981
2024-04-02,MG92,102.56,89.91183094382288,79.01569933891297,99.62168372869492
2024-04-02,MG92,102.56,92.37304964184762,81.4769180369377,102.08290242671966
2024-04-02,MG92,102.56,93.70420387387276,82.80807226896285,103.4140566587448
2024-04-03,MG95,107.09,94.0284660756588,83.86228638887407,103.00075250148774
2024-04-03,MG95,107.09,96.89616239476203,86.7299827079773,105.86844882059097
2024-04-03,MG95,107.09,98.57584863781928,88.40966895103455,107.54813506364822
2024-04-03,MG92,102.74,89.94515285491943,79.42886388897895,99.43593541383743
2024-04-03,MG92,102.74,92.40086791038513,81.88457894444466,101.89165046930313
2024-04-03,MG92,102.74,94.19379397630692,83.67750501036645,103.68457653522492
2024-04-04,MG95,106.36,96.73752396297454,86.54502469968794,106.15479581665991
2024-04-04,MG95,106.36,97.84010354161262,87.64760427832603,107.257375395298
2024-04-04,MG95,106.36,102.00081687617302,91.80831761288643,111.4180887298584
2024-04-04,MG92,102.01,92.48552458262444,81.5381078002453,102.18754799938203
2024-04-04,MG92,102.01,93.83360586762429,82.88618908524515,103.53562928438188
2024-04-04,MG92,102.01,97.05026426196096,86.10284747958183,106.75228767871856
2024-04-05,MG95,107.02,96.94910280179977,84.18579482150076,107.84766023588179
2024-04-05,MG95,107.02,98.46215726709366,85.69884928679465,109.36071470117568
2024-04-05,MG95,107.02,102.4766724858284,89.7133645055294,113.37522991991042
2024-04-05,MG92,102.67,92.57168677997589,79.5687567050457,103.8961073513031
2024-04-05,MG92,102.67,94.26366798877716,81.26073791384697,105.58808856010437
2024-04-05,MG92,102.67,97.48004075336456,84.47711067843437,108.80446132469177
2024-04-08,MG95,106.27,96.85200918412208,85.87374406552314,106.88574767684936
2024-04-08,MG95,106.27,97.347746414423,86.36948129582406,107.38148490715028
2024-04-08,MG95,106.27,101.91157781100273,90.93331269240379,111.94531630373001
2024-04-08,MG92,101.92,92.58463883876799,80.85015088796615,102.87764436483383
2024-04-08,MG92,101.92,93.4660367488861,81.73154879808426,103.75904227495194
2024-04-08,MG92,101.92,97.0888693947792,85.35438144397736,107.38187492084504
2024-04-09,MG95,106.43,97.08445486831664,83.99674321699143,108.64604389238359
2024-04-09,MG95,106.43,97.99438473558425,84.90667308425904,109.5559737596512
2024-04-09,MG95,106.43,101.96410062694548,88.87638897562027,113.52568965101243
2024-04-09,MG92,101.97,92.73979469966889,79.0455933792591,104.5097795410156
2024-04-09,MG92,101.97,93.98380243778229,80.2896011173725,105.753787279129
2024-04-09,MG92,101.97,97.48588561058045,83.79168429017066,109.25587045192717
2024-04-10,MG95,106.43,96.39785495352746,84.10035570931436,107.66269266915322
2024-04-10,MG95,106.43,98.06487614536286,85.76737690114976,109.32971386098862
2024-04-10,MG95,106.43,102.0062754740715,89.7087762298584,113.27111318969726
2024-04-10,MG92,101.97,92.33698618793487,79.12228578710555,103.69469565534592
2024-04-10,MG92,101.97,94.03094537258148,80.81624497175217,105.38865483999254
2024-04-10,MG92,101.97,97.51451778173447,84.29981738090515,108.87222724914552
2024-04-11,MG95,107.79,96.84645355391501,84.76027756857872,107.40324571418762
2024-04-11,MG95,107.79,98.0952412583828,86.0090652730465,108.6520334186554
2024-04-11,MG95,107.79,102.08966421723366,90.00348823189736,112.64645637750627
2024-04-11,MG92,103.38,92.57656057310103,80.0641319615841,103.51683516931534
2024-04-11,MG92,103.38,93.98931566476821,81.47688705325128,104.92959026098252
2024-04-11,MG92,103.38,97.57076854419708,85.05833993268014,108.51104314041139
2024-04-12,MG95,108.62,96.63515186643602,83.597573022604,108.24192587709427
2024-04-12,MG95,108.62,97.80377037763597,84.76619153380395,109.41054438829423
2024-04-12,MG95,108.62,102.051898884058,89.01432004022598,113.65867289471626
2024-04-12,MG92,104.21,92.49055553722381,78.76900212216377,104.26775015640257
2024-04-12,MG92,104.21,93.76870772838592,80.04715431332588,105.54590234756468
2024-04-12,MG92,104.21,97.62437746667862,83.90282405161858,109.40157208585738
2024-04-15,MG95,107.89,96.99848117589951,83.28822868347167,109.01089393854141
2024-04-15,MG95,107.89,98.543131688118,84.83287919569015,110.5555444507599
2024-04-15,MG95,107.89,102.70647689819337,88.99622440576553,114.71888966083527
2024-04-15,MG92,103.48,92.6732173447609,78.41012512493134,104.86363362121583
2024-04-15,MG92,103.48,94.39132837057113,80.12823615074157,106.58174464702606
2024-04-15,MG92,103.48,97.8448096446991,83.58171742486954,110.03522592115402
2024-04-16,MG95,108.46,97.22773585367202,82.73251363921165,109.22772893714904
2024-04-16,MG95,108.46,98.99899642467498,84.50377421021462,110.99898950815201
2024-04-16,MG95,108.46,102.48945190286636,87.994229688406,114.48944498634339
2024-04-16,MG92,104.05,92.7335799279213,78.28519641780852,105.10662888908385
2024-04-16,MG92,104.05,94.62505134344102,80.17666783332824,106.99810030460357
2024-04-16,MG92,104.05,97.61917441892625,83.17079090881347,109.9922233800888
2024-04-17,MG95,108.41,96.67677315258979,81.56226539754866,109.79443120980261
2024-04-17,MG95,108.41,98.44196025037765,83.32745249533652,111.55961830759047
2024-04-17,MG95,108.41,102.47584415578842,87.36133640074729,115.59350221300124
2024-04-17,MG92,104.0,92.58808738565445,76.97958303070068,105.75105763053894
2024-04-17,MG92,104.0,94.30553201436996,78.6970276594162,107.46850225925445
2024-04-17,MG92,104.0,97.76500601768494,82.15650166273117,110.92797626256943
2024-04-18,MG95,105.32,96.92593364262581,81.69433532261847,110.03287043833731
2024-04-18,MG95,105.32,98.49914267063141,83.26754435062408,111.60607946634292
2024-04-18,MG95,105.32,102.1835399119854,86.95194159197807,115.29047670769691
2024-04-18,MG92,100.91,92.77394684982299,77.1447988731861,105.95771279764175
2024-04-18,MG92,100.91,94.28047127723694,78.65132330060005,107.4642372250557
2024-04-18,MG92,100.91,97.8688854842186,82.23973750758171,111.05265143203735
2024-04-19,MG95,105.41,96.61690304422379,81.84393646621704,109.53464318895341
2024-04-19,MG95,105.41,98.79700502729415,84.0240384492874,111.71474517202377
2024-04-19,MG95,105.41,102.33330322933196,87.56033665132522,115.25104337406158
2024-04-19,MG92,101.0,92.56772517061233,77.22362815237047,105.53510766124725
2024-04-19,MG92,101.0,94.49130545854568,79.14720844030381,107.4586879491806
2024-04-19,MG92,101.0,97.86333187866211,82.51923486042024,110.83071436929703
2024-04-22,MG95,104.36,97.10697713279723,82.5184304060936,109.79230533266066
2024-04-22,MG95,104.36,98.4398962011337,83.85134947443008,111.12522440099714
2024-04-22,MG95,104.36,102.67579240369795,88.08724567699433,115.36112060356139
2024-04-22,MG92,99.95,92.75307825136186,77.66190361905097,105.54510542678833
2024-04-22,MG92,99.95,94.28891122341156,79.19773659110068,107.08093839883803
2024-04-22,MG92,99.95,98.52876982402802,83.43759519171714,111.32079699945449
2024-04-23,MG95,104.94,96.83289157652855,81.95522462630272,109.6446339466572
2024-04-23,MG95,104.94,98.68001235723494,83.80234540700911,111.49175472736358
2024-04-23,MG95,104.94,102.43129509830474,87.55362814807891,115.24303746843339
2024-04-23,MG92,100.53,92.6561590104103,77.3784989683628,105.58965554523468
2024-04-23,MG92,100.53,94.44707572460175,79.16941568255424,107.38057225942612
2024-04-23,MG92,100.53,98.19868594551086,82.92102590346336,111.13218248033523
2024-04-24,MG95,105.05,96.97988930797577,81.76951531147958,110.24755066967009
2024-04-24,MG95,105.05,98.19433095502853,82.98395695853235,111.46199231672286
2024-04-24,MG95,105.05,102.38619147443771,87.17581747794152,115.65385283613203
2024-04-24,MG92,100.64,92.7306605553627,76.96604197978974,106.00105648994446
2024-04-24,MG92,100.64,94.17962676286697,78.415008187294,107.45002269744873
2024-04-24,MG92,100.64,98.01281561040878,82.24819703483581,111.28321154499054
2024-04-25,MG95,105.56,96.92241983604431,81.33079825234411,110.73511993837354
2024-04-25,MG95,105.56,98.20877222299576,82.61715063929556,112.02147232532499
2024-04-25,MG95,105.56,102.20266160559655,86.61104002189634,116.01536170792578
2024-04-25,MG92,101.15,92.74163033580781,76.40579458093643,106.40860911226272
2024-04-25,MG92,101.15,94.18634537458422,77.85050961971284,107.85332415103913
2024-04-25,MG92,101.15,98.00958740139009,81.67375164651871,111.676566177845
2024-04-26,MG95,106.1,96.67330683016776,81.17358261609077,109.94680650258063
2024-04-26,MG95,106.1,98.18510760354995,82.68538338947296,111.45860727596282
2024-04-26,MG95,106.1,102.58124891090392,87.08152469682693,115.85474858331679
2024-04-26,MG92,101.69,92.5761885585785,76.73209344768524,105.91505485200884
2024-04-26,MG92,101.69,94.15176097154617,78.30766586065292,107.49062726497651
2024-04-26,MG92,101.69,98.24178353309631,82.39768842220306,111.58064982652665
2024-04-29,MG95,106.05,96.74223486900328,80.5063822352886,110.86323316097256
2024-04-29,MG95,106.05,98.51361932229997,82.27776668858529,112.63461761426925
2024-04-29,MG95,106.05,102.37897645139695,86.14312381768227,116.49997474336622
2024-04-29,MG92,101.64,92.65117481422425,75.88168218803406,106.6402729458809
2024-04-29,MG92,101.64,94.42678020000457,77.65728757381439,108.41587833166122
2024-04-29,MG92,101.64,98.00699191474914,81.23749928855895,111.99609004640578
2024-04-30,MG95,105.3,97.03353255772592,80.03126305603982,111.82743449234964
2024-04-30,MG95,105.3,98.65632178974153,81.65405228805542,113.45022372436524
2024-04-30,MG95,105.3,102.20695438337326,85.20468488168716,117.00085631799698
2024-04-30,MG92,100.89,92.80184261846541,75.2605263774395,107.3398639445305
2024-04-30,MG92,100.89,94.5270546913147,76.98573845028879,109.0650760173798
2024-04-30,MG92,100.89,98.00652428531646,80.46520804429055,112.54454561138155
2024-05-01,MG95,105.3,96.92561557030677,80.57648791408539,110.99011788582801
2024-05-01,MG95,105.3,98.58109132289886,82.23196366667747,112.6455936384201
2024-05-01,MG95,105.3,102.45579059052469,86.1066629343033,116.52029290604592
2024-05-01,MG92,100.89,92.86793327331543,76.1180084347725,106.84630686044696
2024-05-01,MG92,100.89,94.5039901614189,77.75406532287597,108.48236374855043
2024-05-01,MG92,100.89,98.08110195493697,81.33117711639404,112.0594755420685
2024-05-02,MG95,100.51,98.17046818685532,82.72699816060066,111.4626386590004
2024-05-02,MG95,100.51,102.51620693254472,87.07273690629006,115.80837740468981
2024-05-02,MG95,100.51,100.96156546926498,85.51809544301032,114.25373594141007
2024-05-02,MG92,96.1,94.11312332153321,78.26689907312394,107.45087435245514
2024-05-02,MG92,96.1,98.34350957345963,82.49728532505036,111.68126060438156
2024-05-02,MG92,96.1,96.86467495608329,81.01845070767402,110.20242598700523
2024-05-03,MG95,98.84,98.46095186233522,81.12858191370964,113.6284467101097
2024-05-03,MG95,98.84,102.3542559118271,85.02188596320151,117.52175075960157
2024-05-03,MG95,98.84,100.90613990306855,83.57376995444297,116.07363475084303
2024-05-03,MG92,95.37,94.49863014221191,76.55713743567468,109.32115606069566
2024-05-03,MG92,95.37,98.22762594795226,80.28613324141503,113.05015186643601
2024-05-03,MG92,95.37,96.59113108205796,78.64963837552072,111.4136570005417
2024-05-06,MG95,98.2,98.55368074893951,82.39841449499129,112.23728931426999
2024-05-06,MG95,98.2,102.67339633369447,86.51813007974624,116.35700489902494
2024-05-06,MG95,98.2,100.68687751293183,84.5316112589836,114.3704860782623
2024-05-06,MG92,94.3,94.460102891922,78.09102893471719,108.1721202492714
2024-05-06,MG92,94.3,98.50084896612168,82.13177500891686,112.21286632347108
2024-05-06,MG92,94.3,96.54661536669732,80.1775414094925,110.25863272404672
2024-05-07,MG95,98.51,98.84312414360046,81.1842805774212,113.99627679777147
2024-05-07,MG95,98.51,102.8537308692932,85.19488730311394,118.00688352346421
2024-05-07,MG95,98.51,100.8708719229698,83.21202835679054,116.0240245771408
2024-05-07,MG92,93.98,94.61301777362823,76.60004687905311,109.48174259662628
2024-05-07,MG92,93.98,98.503123316288,80.49015242171288,113.37184813928604
2024-05-07,MG92,93.98,96.73172314023972,78.7187522456646,111.60044796323777
2024-05-08,MG95,95.84,98.62004170131681,80.56863955807685,114.31723055791855
2024-05-08,MG95,95.84,102.9772012734413,84.92579913020134,118.67439013004304
2024-05-08,MG95,95.84,101.20702300786971,83.15562086462975,116.90421186447145
2024-05-08,MG92,90.88,94.52951502799988,75.95983099937439,109.79661387205124
2024-05-08,MG92,90.88,98.48657748985289,79.9168934612274,113.75367633390425
2024-05-08,MG92,90.88,97.05981896138191,78.49013493275642,112.32691780543327
2024-05-09,MG95,96.86,98.21414582777024,80.3862625257969,113.7198852710724
2024-05-09,MG95,96.86,102.26396410417556,84.43608080220221,117.76970354747772
2024-05-09,MG95,96.86,100.81689713573456,82.98901383376122,116.32263657903673
2024-05-09,MG92,91.9,94.28852820396423,75.93589228391649,109.40207004547119
2024-05-09,MG92,91.9,98.42581926012038,80.07318334007263,113.53936110162734
2024-05-09,MG92,91.9,96.85030000448226,78.49766408443452,111.96384184598922
2024-05-10,MG95,97.03,98.39444229841233,81.31612142801283,113.40780574321745
2024-05-10,MG95,97.03,102.8561962132454,85.7778753428459,117.86955965805052
2024-05-10,MG95,97.03,101.13877372312547,84.06045285272597,116.15213716793059
2024-05-10,MG92,92.07,94.39489270448684,76.64903281331061,109.07745881080628
2024-05-10,MG92,92.07,98.45123780155183,80.7053779103756,113.13380390787127
2024-05-10,MG92,92.07,96.87106869649887,79.12520880532264,111.55363480281831
2024-05-13,MG95,96.4,97.85690254354476,80.26420290970802,113.22844340229034
2024-05-13,MG95,96.4,102.64174181795121,85.04904218411447,118.01328267669679
2024-05-13,MG95,96.4,100.83626197242737,83.24356233859062,116.20780283117294
2024-05-13,MG92,91.44,94.01388523578643,75.83407557606698,109.0058747291565
2024-05-13,MG92,91.44,98.59651013088225,80.4167004711628,113.58849962425232
2024-05-13,MG92,91.44,96.90703202319145,78.727222363472,111.89902151656152
2024-05-14,MG95,95.49,98.47876637649534,80.39459302854536,114.51629926156996
2024-05-14,MG95,95.49,102.50782990980147,84.42365656185149,118.54536279487608
2024-05-14,MG95,95.49,100.80691882896423,82.72274548101424,116.84445171403884
2024-05-14,MG92,90.53,94.48158802986144,75.62295525670052,109.96037271022797
2024-05-14,MG92,90.53,98.57894659614563,79.7203138229847,114.05773127651216
2024-05-14,MG92,90.53,96.7266436393261,77.86801086616518,112.20542831969263
2024-05-15,MG95,94.93,98.37011718320846,80.2741787545681,114.05202028083801
2024-05-15,MG95,94.93,102.7062460026741,84.61030757403374,118.38814910030365
2024-05-15,MG95,94.93,100.91425796699525,82.81831953835488,116.5961610646248
2024-05-15,MG92,89.97,94.48334766626357,75.9150154709816,109.7478442311287
2024-05-15,MG92,89.97,98.79486433172224,80.22653213644027,114.05936089658736
2024-05-15,MG92,89.97,96.97374332499503,78.40541112971306,112.23823988986015
2024-05-16,MG95,96.38,98.1972843146324,80.1410463988781,113.92044480800628
2024-05-16,MG95,96.38,103.0433198261261,84.9870819103718,118.76648031949998
2024-05-16,MG95,96.38,101.0342337169647,82.97799580121041,116.75739421033859
2024-05-16,MG92,91.42,94.27743415832518,75.68492667675018,109.56128447055816
2024-05-16,MG92,91.42,98.54332247304916,79.95081499147416,113.82717278528214
2024-05-16,MG92,91.42,96.80713729619978,78.21462981462479,112.09098760843277
2024-05-17,MG95,97.35,98.39752303934097,81.10345594739915,113.54933111286165
2024-05-17,MG95,97.35,102.72635121917723,85.43228412723542,117.87815929269792
2024-05-17,MG95,97.35,100.20888916397094,82.91482207202912,115.36069723749162
2024-05-17,MG92,92.39,94.39105800390243,76.47270417809486,109.19709155559539
2024-05-17,MG92,92.39,98.61938960170744,80.70103577589987,113.4254231534004
2024-05-17,MG92,92.39,96.47056079363824,78.55220696783067,111.2765943453312
2024-05-20,MG95,97.43,98.41660900783539,80.0101844973564,114.64891737413407
2024-05-20,MG95,97.43,102.97285509443284,84.56643058395386,119.20516346073153
2024-05-20,MG95,97.43,100.65831565189362,82.25189114141463,116.8906240181923
2024-05-20,MG92,93.46,94.48249601125717,75.37962638139724,110.13428156375885
2024-05-20,MG92,93.46,98.90267377614975,79.79980414628983,114.55445932865143
2024-05-20,MG92,93.46,96.87699512314796,77.77412549328804,112.52878067564964
2024-05-21,MG95,95.4,98.36446050882341,79.1078777039051,115.27829434633254
2024-05-21,MG95,95.4,102.7921895403862,83.5356067354679,119.70602337789533
2024-05-21,MG95,95.4,100.60493779563905,81.34835499072074,117.51877163314818
2024-05-21,MG92,91.42,94.40855973958968,74.53004193305969,110.60916709899902
2024-05-21,MG92,91.42,98.86156048631668,78.98304267978669,115.06216784572602
2024-05-21,MG92,91.42,96.91293764662743,77.03441984009744,113.11354500603677
2024-05-22,MG95,95.4,98.29170454216003,79.7531985719204,114.32283297729492
2024-05-22,MG95,95.4,102.8508671450615,84.31236117482186,118.88199558019639
2024-05-22,MG95,95.4,100.48273200988768,81.94422603964804,116.51386044502257
2024-05-22,MG92,91.42,94.36216481924058,75.39077224731446,109.90923961400985
2024-05-22,MG92,91.42,98.86714833164214,79.89575575971602,114.41422312641141
2024-05-22,MG92,91.42,96.60531943130493,77.63392685937882,112.15239422607421
2024-05-23,MG95,93.75,98.40075475072861,78.17950019931793,116.38482760763168
2024-05-23,MG95,93.75,102.55545776844025,82.33420321702957,120.53953062534332
2024-05-23,MG95,93.75,100.40190704870224,80.18065249729156,118.38597990560531
2024-05-23,MG92,90.22,94.60770281553269,73.62361627221108,111.60728874206545
2024-05-23,MG92,90.22,98.75600003767013,77.77191349434852,115.7555859642029
2024-05-23,MG92,90.22,96.8183580236435,75.83427148032189,113.81794395017626
2024-05-24,MG95,92.47,98.19049536180496,79.71348626446724,114.1522599477768
2024-05-24,MG95,92.47,102.6898840751648,84.21287497782707,118.65164866113663
2024-05-24,MG95,92.47,100.15530370473861,81.67829460740089,116.11706829071045
2024-05-24,MG92,88.81,94.29965153932571,75.40146074295045,109.79448924064637
2024-05-24,MG92,88.81,98.69547405910491,79.79728326272965,114.19031176042557
2024-05-24,MG92,88.81,96.47680443120002,77.57861363482476,111.97164213252069
2024-05-27,MG95,92.46,98.45579527759551,78.68778824830055,115.93312635326383
2024-05-27,MG95,92.46,102.45216975927352,82.68416272997855,119.92950083494183
2024-05-27,MG95,92.46,100.42633321380615,80.65832618451118,117.90366428947446
2024-05-27,MG92,88.8,94.45222170352936,73.98826993703842,111.0748489022255
2024-05-27,MG92,88.8,98.71079377126694,78.246842004776,115.33342096996307
2024-05-27,MG92,88.8,96.50502841973307,76.04107665324213,113.1276556184292
2024-05-28,MG95,92.45,98.16386558818816,78.19160614299773,115.53030414390562
2024-05-28,MG95,92.45,102.7717604598999,82.79950101470946,120.13819901561736
2024-05-28,MG95,92.45,100.47413494634628,80.50187550115585,117.84057350206375
2024-05-28,MG92,88.92,94.2955059170723,73.86811560988426,110.87102172374725
2024-05-28,MG92,88.92,98.81478412294388,78.38739381575583,115.39029992961882
2024-05-28,MG92,88.92,96.87111498713494,76.4437246799469,113.44663079380989
2024-05-29,MG95,93.52,98.51777100992201,78.43994429183006,116.13194265317918
2024-05-29,MG95,93.52,103.17045880174638,83.09263208365442,120.78463044500354
2024-05-29,MG95,93.52,100.86298311710357,80.78515639901161,118.47715476036073
2024-05-29,MG92,89.23,94.55026566982269,73.89681503176689,111.29745304584503
2024-05-29,MG92,89.23,99.02547531890869,78.37202468085289,115.77266269493103
2024-05-29,MG92,89.23,96.86233767271042,76.20888703465462,113.60952504873276
2024-04-04,MG95,106.36,100.82233237409591,98.37881348693371,103.61074721837045
2024-04-04,MG95,106.36,101.92491195273399,99.4813930655718,104.71332679700853
2024-04-04,MG95,106.36,106.08562528729439,103.64210640013219,108.87404013156893
2024-04-04,MG92,102.01,96.96975234889985,92.49441955947876,98.37901811742782
2024-04-04,MG92,102.01,98.31783363389971,93.84250084447862,99.72709940242768
2024-04-04,MG92,102.01,101.53449202823639,97.0591592388153,102.94375779676436
2024-04-05,MG95,107.02,100.71380868470669,97.28424723720553,104.31393829917909
2024-04-05,MG95,107.02,102.22686315000058,98.79730170249942,105.82699276447298
2024-04-05,MG95,107.02,106.2413783687353,102.81181692123414,109.84150798320769
2024-04-05,MG92,102.67,96.79201904010772,91.64583214354516,99.19293319416047
2024-04-05,MG92,102.67,98.48400024890898,93.33781335234643,100.88491440296174
2024-04-05,MG92,102.67,101.70037301349639,96.55418611693383,104.10128716754915
2024-04-08,MG95,106.27,101.109730935812,95.82484332692624,105.7651784760952
2024-04-08,MG95,106.27,101.60546816611291,96.32058055722716,106.26091570639612
2024-04-08,MG95,106.27,106.16929956269266,100.8844119538069,110.82474710297586
2024-04-08,MG92,101.92,97.00198674964903,90.51478362607956,100.9834733276367
2024-04-08,MG92,101.92,97.88338465976715,91.39618153619767,101.86487123775481
2024-04-08,MG92,101.92,101.50621730566024,95.01901418209077,105.48770388364791
2024-04-09,MG95,106.43,101.17241100871564,96.13446489655972,105.4525026228428
2024-04-09,MG95,106.43,102.08234087598325,97.04439476382733,106.36243249011041
2024-04-09,MG95,106.43,106.05205676734448,101.01411065518856,110.33214838147164
2024-04-09,MG92,101.97,97.0206785879135,90.69336739158628,100.6655164179802
2024-04-09,MG92,101.97,98.2646863260269,91.93737512969969,101.90952415609361
2024-04-09,MG92,101.97,101.76676949882506,95.43945830249784,105.41160732889176
2024-04-10,MG95,106.43,100.40781195294858,95.21743833434583,105.77833471369742
2024-04-10,MG95,106.43,102.07483314478398,96.88445952618123,107.44535590553282
2024-04-10,MG95,106.43,106.01623247349264,100.82585885488989,111.38675523424148
2024-04-10,MG92,101.97,96.48238894581793,90.11861063241957,100.81691763401031
2024-04-10,MG92,101.97,98.17634813046455,91.81256981706619,102.51087681865693
2024-04-10,MG92,101.97,101.65992053961753,95.29614222621917,105.99444922780991
2024-04-11,MG95,107.79,100.90727291095257,95.9914666788578,105.22977358508109
2024-04-11,MG95,107.79,102.15606061542034,97.24025438332558,106.47856128954886
2024-04-11,MG95,107.79,106.1504835742712,101.23467734217644,110.47298424839973
2024-04-11,MG92,103.38,96.91599640536307,90.68680043148993,100.51760646390913
2024-04-11,MG92,103.38,98.32875149703025,92.09955552315711,101.93036155557631
2024-04-11,MG92,103.38,101.91020437645912,95.68100840258597,105.51181443500518
2024-04-12,MG95,108.62,100.77082214343548,95.90551869320868,104.80535738515854
2024-04-12,MG95,108.62,101.93944065463543,97.07413720440863,105.9739758963585
2024-04-12,MG95,108.62,106.18756916105748,101.32226571083068,110.22210440278054
2024-04-12,MG92,104.21,96.80403866767884,90.58816191792488,100.22330089330674
2024-04-12,MG92,104.21,98.08219085884093,91.86631410908697,101.50145308446884
2024-04-12,MG92,104.21,101.93786059713364,95.72198384737968,105.35712282276154
2024-04-15,MG95,107.89,101.04720632374287,94.89941817522049,106.35185589075088
2024-04-15,MG95,107.89,102.59185683596135,96.44406868743897,107.89650640296937
2024-04-15,MG95,107.89,106.75520204603673,100.60741389751435,112.05985161304474
2024-04-15,MG92,103.48,96.84749168157578,89.73986991286277,101.64477614402772
2024-04-15,MG92,103.48,98.565602707386,91.457980938673,103.36288716983795
2024-04-15,MG92,103.48,102.01908398151397,94.91146221280097,106.81636844396591
2024-04-16,MG95,108.46,101.03820137572288,94.5973796440363,106.57563480925559
2024-04-16,MG95,108.46,102.80946194672585,96.36864021503926,108.34689538025856
2024-04-16,MG95,108.46,106.29991742491723,99.85909569323064,111.83735085844994
2024-04-16,MG92,104.05,96.81538232731818,89.49590222406385,101.89597127962112
2024-04-16,MG92,104.05,98.7068537428379,91.38737363958357,103.78744269514084
2024-04-16,MG92,104.05,101.70097681832313,94.3814967150688,106.78156577062607
2024-04-17,MG95,108.41,100.61931348824501,93.50064893329143,106.84762395644186
2024-04-17,MG95,108.41,102.38450058603287,95.26583603107929,108.61281105422972
2024-04-17,MG95,108.41,106.41838449144365,99.29971993649006,112.6466949596405
2024-04-17,MG92,104.0,96.59183252239228,88.78485044503212,102.41167821788787
2024-04-17,MG92,104.0,98.30927715110778,90.50229507374762,104.12912284660337
2024-04-17,MG92,104.0,101.76875115442277,93.96176907706261,107.58859684991836
2024-04-18,MG95,105.32,100.89037259161472,93.54089015305041,107.11086380958555
2024-04-18,MG95,105.32,102.46358161962033,95.11409918105602,108.68407283759116
2024-04-18,MG95,105.32,106.14797886097432,98.79849642241001,112.36847007894515
2024-04-18,MG92,100.91,96.79959253644941,88.81532699322698,102.7366963944435
2024-04-18,MG92,100.91,98.30611696386336,90.32185142064093,104.24322082185745
2024-04-18,MG92,100.91,101.89453117084503,93.91026562762259,107.83163502883912
2024-04-19,MG95,105.41,100.55361515033246,93.39610328364374,107.04543754267694
2024-04-19,MG95,105.41,102.73371713340282,95.5762052667141,109.2255395257473
2024-04-19,MG95,105.41,106.27001533544063,99.11250346875191,112.7618377277851
2024-04-19,MG92,101.0,96.56019277143477,88.73311244416234,102.5481240134239
2024-04-19,MG92,101.0,98.48377305936813,90.6566927320957,104.47170430135726
2024-04-19,MG92,101.0,101.85579947948455,94.02871915221212,107.84373072147368
2024-04-22,MG95,104.36,101.26476949262621,92.37296069192887,108.67971660900118
2024-04-22,MG95,104.36,102.5976885609627,93.70587976026535,110.01263567733766
2024-04-22,MG95,104.36,106.83358476352694,97.9417759628296,114.2485318799019
2024-04-22,MG92,99.95,96.84888127541541,87.7194870183468,104.25967920398712
2024-04-22,MG92,99.95,98.38471424746511,89.2553199903965,105.79551217603682
2024-04-22,MG92,99.95,102.62457284808157,93.49517859101296,110.03537077665328
2024-04-23,MG95,104.94,100.76563303160668,90.66649369764329,110.124439371109
2024-04-23,MG95,104.94,102.61275381231309,92.5136144783497,111.97156015181541
2024-04-23,MG95,104.94,106.36403655338287,96.26489721941948,115.7228428928852
2024-04-23,MG92,100.53,96.56297217249869,86.50129958868025,105.70976409196854
2024-04-23,MG92,100.53,98.35388888669013,88.2922163028717,107.50068080615998
2024-04-23,MG92,100.53,102.10549910759926,92.04382652378082,111.2522910270691
2024-04-24,MG95,105.05,101.04566871750356,91.0744012527466,109.86183185744288
2024-04-24,MG95,105.05,102.26011036455631,92.28884289979935,111.07627350449563
2024-04-24,MG95,105.05,106.4519708839655,96.48070341920854,115.26813402390482
2024-04-24,MG92,100.64,96.68463550925256,86.73424427747726,105.44937696695327
2024-04-24,MG92,100.64,98.13360171675683,88.18321048498153,106.89834317445754
2024-04-24,MG92,100.64,101.96679056429863,92.01639933252333,110.73153202199934
2024-04-25,MG95,105.56,100.79191908800601,89.73852483952045,111.6625471391678
2024-04-25,MG95,105.56,102.07827147495746,91.0248772264719,112.94889952611925
2024-04-25,MG95,105.56,106.07216085755825,95.01876660907269,116.94278890872003
2024-04-25,MG92,101.15,96.48884781646728,85.63326986598967,107.02737311887739
2024-04-25,MG92,101.15,97.9335628552437,87.07798490476608,108.4720881576538
2024-04-25,MG92,101.15,101.75680488204956,90.90122693157195,112.29533018445967
2024-04-26,MG95,106.1,100.54268070065976,90.62670969688892,109.69480989480019
2024-04-26,MG95,106.1,102.05448147404195,92.13851047027111,111.20661066818238
2024-04-26,MG95,106.1,106.45062278139591,96.53465177762507,115.60275197553634
2024-04-26,MG92,101.69,96.42894991326332,86.51140052008628,105.36121352958679
2024-04-26,MG92,101.69,98.00452232623101,88.08697293305397,106.93678594255448
2024-04-26,MG92,101.69,102.09454488778115,92.17699549460411,111.02680850410462
2024-04-29,MG95,106.05,100.52632045269013,91.60296656250952,108.97344689726829
2024-04-29,MG95,106.05,102.29770490598679,93.37435101580618,110.74483135056495
2024-04-29,MG95,106.05,106.16306203508378,97.23970814490318,114.61018847966194
2024-04-29,MG92,101.64,96.40831672286987,87.25423137998578,104.42575478887557
2024-04-29,MG92,101.64,98.18392210865021,89.02983676576612,106.2013601746559
2024-04-29,MG92,101.64,101.76413382339477,92.61004848051068,109.78157188940047
2024-04-30,MG95,105.3,100.92533469557763,91.11140331149102,109.69651640176774
2024-04-30,MG95,105.3,102.54812392759324,92.73419254350662,111.31930563378334
2024-04-30,MG95,105.3,106.09875652122497,96.28482513713836,114.86993822741508
2024-04-30,MG92,100.89,96.56526362490652,86.73406567049024,105.22312060546872
2024-04-30,MG92,100.89,98.29047569775581,88.45927774333953,106.94833267831801
2024-04-30,MG92,100.89,101.76994529175757,91.93874733734128,110.42780227231977
2024-05-01,MG95,105.3,100.88880564916134,90.21999723362924,110.32458532619476
2024-05-01,MG95,105.3,102.54428140175342,91.87547298622133,111.98006107878685
2024-05-01,MG95,105.3,106.41898066937924,95.75017225384714,115.85476034641266
2024-05-01,MG92,100.89,96.70895134830477,86.21874880337717,106.1911366405487
2024-05-01,MG92,100.89,98.34500823640823,87.85480569148064,107.82719352865217
2024-05-01,MG92,100.89,101.9221200299263,91.4319174849987,111.40430532217025
2024-05-02,MG95,100.51,102.0003192769289,90.66776822078229,112.93203322577477
2024-05-02,MG95,100.51,106.34605802261831,95.0135069664717,117.27777197146418
2024-05-02,MG95,100.51,104.79141655933857,93.45886550319196,115.72313050818444
2024-05-02,MG92,96.1,97.89912175226212,86.8338777809143,108.61103579568864
2024-05-02,MG92,96.1,102.12950800418854,91.06426403284073,112.84142204761505
2024-05-02,MG92,96.1,100.6506733868122,89.58542941546439,111.36258743023872
2024-05-03,MG95,98.84,102.43044517350198,90.69562082123757,113.00318213176729
2024-05-03,MG95,98.84,106.32374922299385,94.58892487072944,116.89648618125916
2024-05-03,MG95,98.84,104.87563321423531,93.1408088619709,115.44837017250062
2024-05-03,MG92,95.37,98.22924228572847,86.89300262475015,108.92522225046157
2024-05-03,MG92,95.37,101.95823809146881,90.62199843049049,112.65421805620191
2024-05-03,MG92,95.37,100.32174322557451,88.98550356459619,111.0177231903076
2024-05-06,MG95,98.2,102.23808982408048,90.55987684345243,113.65370365834235
2024-05-06,MG95,98.2,106.35780540883543,94.67959242820739,117.77341924309731
2024-05-06,MG95,98.2,104.37128658807279,92.69307360744475,115.78690042233467
2024-05-06,MG92,94.3,98.14820302462579,86.78931149697304,109.33036835050582
2024-05-06,MG92,94.3,102.18894909882545,90.8300575711727,113.37111442470548
2024-05-06,MG92,94.3,100.23471549940109,88.87582397174835,111.41688082528113
2024-05-07,MG95,98.51,102.57838933753968,91.19505464482307,113.21869738388064
2024-05-07,MG95,98.51,106.58899606323241,95.20566137051581,117.22930410957338
2024-05-07,MG95,98.51,104.60613711690903,93.22280242419242,115.24644516324999
2024-05-07,MG92,93.98,98.23361793780327,87.15212757492066,108.79208839559556
2024-05-07,MG92,93.98,102.12372348046301,91.0422331175804,112.6821939382553
2024-05-07,MG92,93.98,100.35232330441475,89.27083294153213,110.91079376220704
2024-05-08,MG95,95.84,102.27413193261624,89.52358378446101,114.83879894948004
2024-05-08,MG95,95.84,106.63129150474073,93.8807433565855,119.19595852160452
2024-05-08,MG95,95.84,104.86111323916913,92.1105650910139,117.42578025603292
2024-05-08,MG92,90.88,98.0360554625988,85.78083220386506,110.46585547590256
2024-05-08,MG92,90.88,101.99311792445181,89.73789466571807,114.42291793775557
2024-05-08,MG92,90.88,100.56635939598081,88.31113613724708,112.99615940928457
2024-05-09,MG95,96.86,102.06445163726806,88.31160965442659,115.11330577731133
2024-05-09,MG95,96.86,106.1142699136734,92.36142793083192,119.16312405371666
2024-05-09,MG95,96.86,104.66720294523239,90.91436096239092,117.71605708527565
2024-05-09,MG92,91.9,97.9084791390896,84.8783648543358,111.13700393486023
2024-05-09,MG92,91.9,102.04577019524574,89.01565591049194,115.27429499101638
2024-05-09,MG92,91.9,100.47025093960762,87.44013665485383,113.69877573537826
2024-05-10,MG95,97.03,102.41301946735382,89.07622542715075,114.7570687327385
2024-05-10,MG95,97.03,106.87477338218687,93.5379793419838,119.21882264757156
2024-05-10,MG95,97.03,105.15735089206694,91.82055685186387,117.50140015745163
2024-05-10,MG92,92.07,98.13223902440069,85.48081324553489,110.71295350170132
2024-05-10,MG92,92.07,102.18858412146568,89.53715834259988,114.76929859876631
2024-05-10,MG92,92.07,100.60841501641272,87.95698923754692,113.18912949371335
2024-05-13,MG95,96.4,101.856417465806,90.38525823116302,111.91506904125212
2024-05-13,MG95,96.4,106.64125674021246,95.17009750556947,116.69990831565858
2024-05-13,MG95,96.4,104.83577689468862,93.36461766004564,114.89442847013474
2024-05-13,MG92,91.44,97.75976533985137,86.64668238973617,108.01842159366606
2024-05-13,MG92,91.44,102.3423902349472,91.229307284832,112.6010464887619
2024-05-13,MG92,91.44,100.65291212725639,89.53982917714119,110.91156838107108
2024-05-14,MG95,95.49,102.40407859611511,88.54841187703609,115.54652118253706
2024-05-14,MG95,95.49,106.43314212942124,92.57747541034222,119.57558471584319
2024-05-14,MG95,95.49,104.732231048584,90.87656432950497,117.87467363500595
2024-05-14,MG92,90.53,98.08933698105811,84.97431646990775,111.42820006656648
2024-05-14,MG92,90.53,102.1866955473423,89.07167503619193,115.52555863285066
2024-05-14,MG92,90.53,100.33439259052277,87.2193720793724,113.67325567603113
2024-05-15,MG95,94.93,102.21534377896785,87.86133230650425,115.83140313887596
2024-05-15,MG95,94.93,106.55147259843349,92.1974611259699,120.1675319583416
2024-05-15,MG95,94.93,104.75948456275464,90.40547309029104,118.37554392266274
2024-05-15,MG92,89.97,98.08952837061881,84.55899705719948,111.97727821302414
2024-05-15,MG92,89.97,102.40104503607748,88.87051372265815,116.2887948784828
2024-05-15,MG92,89.97,100.57992402935027,87.04939271593094,114.4676738717556
2024-05-16,MG95,96.38,102.05982337975502,87.35549673104288,116.11505651378634
2024-05-16,MG95,96.38,106.9058588912487,92.20153224253656,120.96109202528002
2024-05-16,MG95,96.38,104.89677278208731,90.19244613337517,118.95200591611864
2024-05-16,MG92,91.42,97.8860559990406,84.0464819433689,112.22923144960403
2024-05-16,MG92,91.42,102.15194431376457,88.31237025809288,116.49511976432801
2024-05-16,MG92,91.42,100.4157591369152,86.57618508124351,114.75893458747863
2024-05-17,MG95,97.35,102.40214887154103,88.60190627467632,115.21076372933389
2024-05-17,MG95,97.35,106.7309770513773,92.93073445451259,119.53959190917016
2024-05-17,MG95,97.35,104.213514996171,90.4132723993063,117.02212985396386
2024-05-17,MG92,92.39,98.11093060970306,85.07578870058059,111.2133238840103
2024-05-17,MG92,92.39,102.33926220750809,89.30412029838561,115.44165548181532
2024-05-17,MG92,92.39,100.19043339943886,87.15529149031639,113.29282667374609
2024-05-20,MG95,97.43,102.38537837433815,86.54033482122422,117.50095290350914
2024-05-20,MG95,97.43,106.9416244609356,91.09658090782168,122.0571989901066
2024-05-20,MG95,97.43,104.62708501839637,88.78204146528245,119.74265954756737
2024-05-20,MG92,93.46,98.1048370978832,83.30376815533637,113.70520033454895
2024-05-20,MG92,93.46,102.52501486277579,87.72394592022896,118.12537809944153
2024-05-20,MG92,93.46,100.49933620977401,85.69826726722718,116.09969944643976
2024-05-21,MG95,95.4,102.24034167301656,86.33350370240213,117.4282554371357
2024-05-21,MG95,95.4,106.66807070457935,90.76123273396492,121.8559844686985
2024-05-21,MG95,95.4,104.48081895983219,88.57398098921776,119.66873272395134
2024-05-21,MG92,91.42,97.94033812308311,83.08433886313438,113.61895103597641
2024-05-21,MG92,91.42,102.3933388698101,87.53733960986136,118.0719517827034
2024-05-21,MG92,91.42,100.44471603012084,85.58871677017211,116.12332894301414
2024-05-22,MG95,95.4,102.15467209875582,86.887372199893,116.59244848608971
2024-05-22,MG95,95.4,106.71383470165729,91.44653480279446,121.15161108899117
2024-05-22,MG95,95.4,104.34569956648349,89.07839966762066,118.78347595381737
2024-05-22,MG92,91.42,97.95498454642296,83.6642654056549,112.82618915510177
2024-05-22,MG92,91.42,102.45996805882453,88.16924891805647,117.33117266750334
2024-05-22,MG92,91.42,100.19813915848732,85.90742001771926,115.06934376716613
2024-05-23,MG95,93.75,102.20834416115284,85.99756395542623,117.9211498310566
2024-05-23,MG95,93.75,106.36304717886448,90.15226697313787,122.07585284876824
2024-05-23,MG95,93.75,104.20949645912648,87.99871625339988,119.92230212903024
2024-05-23,MG92,90.22,98.02793278312683,82.86932687497139,114.20408454751968
2024-05-23,MG92,90.22,102.17623000526427,87.01762409710884,118.35238176965713
2024-05-23,MG92,90.22,100.23858799123764,85.0799820830822,116.41473975563049
2024-05-24,MG95,92.47,101.90814840352536,85.55556848859788,118.18930186128618
2024-05-24,MG95,92.47,106.40753711688518,90.0549572019577,122.688690574646
2024-05-24,MG95,92.47,103.87295674645901,87.52037683153154,120.15411020421983
2024-05-24,MG92,88.81,97.83904758954048,82.47154113316536,114.46816932582854
2024-05-24,MG92,88.81,102.23487010931969,86.86736365294456,118.86399184560774
2024-05-24,MG92,88.81,100.0162004814148,84.64869402503967,116.64532221770286
2024-05-27,MG95,92.46,102.34043703818321,86.76619486534597,117.04540199303626
2024-05-27,MG95,92.46,106.33681151986121,90.76256934702397,121.04177647471427
2024-05-27,MG95,92.46,104.31097497439384,88.7367328015566,119.0159399292469
2024-05-27,MG92,88.8,97.94333617687226,83.39731047391892,113.14139760732651
2024-05-27,MG92,88.8,102.20190824460984,87.6558825416565,117.39996967506409
2024-05-27,MG92,88.8,99.99614289307596,85.45011719012261,115.1942043235302
2024-05-28,MG95,92.45,101.85982302474974,86.61212550747395,116.50237440514564
2024-05-28,MG95,92.45,106.4677178964615,91.2200203791857,121.1102692768574
2024-05-28,MG95,92.45,104.17009238290787,88.92239486563207,118.81264376330377
2024-05-28,MG92,88.92,97.70860099482536,83.3990022366047,112.70198728609084
2024-05-28,MG92,88.92,102.22787920069692,87.91828044247626,117.2212654919624
2024-05-28,MG92,88.92,100.28421006488799,85.97461130666733,115.27759635615347
2024-05-29,MG95,93.52,102.48807158911228,85.8703584524393,117.86240904474259
2024-05-29,MG95,93.52,107.14075938093663,90.52304624426365,122.51509683656694
2024-05-29,MG95,93.52,104.83328369629383,88.21557055962086,120.20762115192414
2024-05-29,MG92,89.23,98.08205671977998,82.70589736056328,114.24602215957643
2024-05-29,MG92,89.23,102.55726636886597,87.18110700964927,118.72123180866241
2024-05-29,MG92,89.23,100.39412872266769,85.01796936345099,116.55809416246413
2024-05-30,MG95,90.86,107.14365984404088,90.40493024611474,123.0816343882084
2024-05-30,MG95,90.86,104.02249702084063,87.2837674229145,119.96047156500815
2024-05-30,MG95,90.86,101.40212920296193,84.66339960503579,117.34010374712945
2024-05-30,MG92,86.57,102.42761244845391,86.86834590744974,119.01860752296449
2024-05-30,MG92,86.57,100.04927570414543,84.49000916314125,116.640270778656
2024-05-30,MG92,86.57,96.56184190392494,81.00257536292077,113.15283697843552
2024-05-31,MG95,90.78,106.96585328543186,90.73656858468055,122.13182208442687
2024-05-31,MG95,90.78,104.37620909893513,88.14692439818383,119.54217789793015
2024-05-31,MG95,90.78,101.03823413717747,84.80894943642616,116.20420293617248
2024-05-31,MG92,85.96,102.37738397026061,87.30333523297308,118.20641532087325
2024-05-31,MG92,85.96,100.11294473934174,85.03889600205422,115.94197608995438
2024-05-31,MG92,85.96,96.41532121062279,81.34127247333527,112.24435256123543
2024-06-03,MG95,91.38,106.59747659862043,88.9684886598587,123.49494016766549
2024-06-03,MG95,91.38,104.33273711407186,86.70374917531014,121.23020068311692
2024-06-03,MG95,91.38,101.01158682024482,83.38259888148309,117.90905038928987
2024-06-03,MG92,86.43,102.42272567105294,86.07432418894768,120.10436617803575
2024-06-03,MG92,86.43,100.2792962293625,83.93089474725724,117.9609367363453
2024-06-03,MG92,86.43,96.37727066159249,80.02886917948723,114.05891116857529
2024-06-04,MG95,88.04,106.93219923245908,88.89819328117372,124.61544319319727
2024-06-04,MG95,88.04,104.28888976371289,86.25488381242752,121.97213372445107
2024-06-04,MG95,88.04,100.67396488797664,82.63995893669127,118.35720884871482
2024-06-04,MG92,83.24,102.5209792909622,85.73104706025123,120.94163158988951
2024-06-04,MG92,83.24,100.28116956996917,83.49123733925819,118.70182186889647
2024-06-04,MG92,83.24,95.75954619550706,78.96961396479608,114.18019849443436
2024-06-05,MG95,89.43,107.01184707272051,88.38268447566031,125.14142021942138
2024-06-05,MG95,89.43,104.17737547409534,85.54821287703514,122.3069486207962
2024-06-05,MG95,89.43,100.66582838499545,82.03666578793525,118.79540153169631
2024-06-05,MG92,84.63,102.57939036560057,85.29667133760454,121.60873426866532
2024-06-05,MG92,84.63,99.90520989775655,82.62249086976051,118.93455380082129
2024-06-05,MG92,84.63,95.72493702268599,78.44221799468995,114.75428092575073
2024-06-06,MG95,89.87,106.82479273474218,90.35098571753504,122.56670516467095
2024-06-06,MG95,89.87,104.63922908127307,88.16542206406594,120.38114151120185
2024-06-06,MG95,89.87,100.34218528044224,83.8683782632351,116.08409771037101
2024-06-06,MG92,85.14,102.44809159755707,87.10530684590339,118.77563548088074
2024-06-06,MG92,85.14,100.68115645480157,85.33837170314789,117.00870033812524
2024-06-06,MG92,85.14,95.7130886566639,80.37030390501022,112.04063253998757
2024-06-07,MG95,91.12,106.86167917001248,88.1072426097393,125.01845692443848
2024-06-07,MG95,91.12,104.52876485717297,85.7743282968998,122.68554261159898
2024-06-07,MG95,91.12,100.30020308005808,81.5457665197849,118.45698083448409
2024-06-07,MG92,85.88,102.2327537305355,84.86240339350701,121.34488503170012
2024-06-07,MG92,85.88,100.43938503026962,83.06903469324112,119.55151633143423
2024-06-07,MG92,85.88,95.45312954807281,78.08277921104431,114.56526084923742
2024-06-10,MG95,91.67,106.8774389486313,89.09470859277249,124.26451524305345
2024-06-10,MG95,91.67,104.12145180702208,86.33872145116328,121.50852810144424
2024-06-10,MG95,91.67,100.10462102127073,82.32189066541193,117.49169731569289
2024-06-10,MG92,86.43,102.58147367596627,86.02435535907745,120.67247670888901
2024-06-10,MG92,86.43,100.30595676898957,83.74883845210076,118.39695980191232
2024-06-10,MG92,86.43,95.76199437260628,79.20487605571746,113.85299740552902
2024-06-11,MG95,92.62,106.65530968821051,88.37115794336798,124.49676420903207
2024-06-11,MG95,92.62,104.02408090889455,85.73992916405201,121.8655354297161
2024-06-11,MG95,92.62,100.29024372923374,82.0060919843912,118.1316982500553
2024-06-11,MG92,87.38,102.66302162075041,85.67290910625456,121.3186678996086
2024-06-11,MG92,87.38,99.97584804797171,82.98573553347586,118.6314943268299
2024-06-11,MG92,87.38,95.43161365842818,78.44150114393233,114.08725993728636
2024-06-12,MG95,92.14,106.86874138915539,88.72534253144264,124.34685928845407
2024-06-12,MG95,92.14,104.47669464004039,86.33329578232764,121.95481253933907
2024-06-12,MG95,92.14,99.83990776574612,81.69650890803337,117.3180256650448
2024-06-12,MG92,86.9,102.63817009186744,85.82360801315306,120.97402639245986
2024-06-12,MG92,86.9,100.5009054336548,83.68634335494042,118.83676173424722
2024-06-12,MG92,86.9,95.27247469925882,78.45791262054445,113.60833099985125
2024-06-13,MG95,91.15,106.65357094228268,88.9079006409645,124.15008482456209
2024-06-13,MG95,91.15,104.06129795300961,86.31562765169143,121.55781183528902
2024-06-13,MG95,91.15,99.55757879054548,81.81190848922729,117.05409267282488
2024-06-13,MG92,85.91,102.34316917991637,85.78516291475296,120.49103152132034
2024-06-13,MG92,85.91,100.23741119742392,83.67940493226051,118.38527353882789
2024-06-13,MG92,85.91,95.21153846454621,78.6535321993828,113.35940080595017
2024-06-14,MG95,91.78,106.56794600331784,88.75635144376756,124.03680846357346
2024-06-14,MG95,91.78,104.05859858500958,86.24700402545929,121.5274610452652
2024-06-14,MG95,91.78,99.73643602740765,81.92484146785736,117.20529848766327
2024-06-14,MG92,86.54,102.53754044485092,85.94278536868094,120.69918129396437
2024-06-14,MG92,86.54,100.18962716245652,83.59487208628654,118.35126801156997
2024-06-14,MG92,86.54,95.16144154810905,78.56668647193908,113.3230823972225
2024-06-17,MG95,91.78,106.7858560601473,87.59744153773785,125.54372670745849
2024-06-17,MG95,91.78,104.33321847689153,85.14480395448209,123.09108912420272
2024-06-17,MG95,91.78,99.68759227001668,80.49917774760723,118.44546291732787
2024-06-17,MG92,86.54,102.58902184867858,84.79108461284638,122.33993089103699
2024-06-17,MG92,86.54,100.1778228535652,82.379885617733,119.9287318959236
2024-06-17,MG92,86.54,94.95952246809006,77.16158523225785,114.71043151044846
2024-06-18,MG95,93.26,106.87255335342886,86.4919553024769,126.82759270024302
2024-06-18,MG95,93.26,104.71426937878132,84.33367132782936,124.66930872559549
2024-06-18,MG95,93.26,99.87488944494724,79.49429139399528,119.8299287917614
2024-06-18,MG92,88.02,102.56909016561508,83.70048939538,123.77815724563597
2024-06-18,MG92,88.02,100.52161701822281,81.65301624798774,121.7306840982437
2024-06-18,MG92,88.02,95.01985547804833,76.15125470781325,116.22892255806921
2024-06-19,MG95,94.52,106.54219928681852,87.91656652271747,124.9014605152607
2024-06-19,MG95,94.52,104.08294351422788,85.45731075012684,122.44220474267006
2024-06-19,MG95,94.52,99.21781378924848,80.59218102514744,117.57707501769066
2024-06-19,MG92,89.28,102.29623529601098,84.95938204216958,121.48348089742662
2024-06-19,MG92,89.28,100.25480745720864,82.91795420336724,119.44205305862428
2024-06-19,MG92,89.28,94.86300313162803,77.52614987778664,114.05024873304367
2024-06-20,MG95,94.85,106.4533381357193,87.98364356184007,124.71280019903185
2024-06-20,MG95,94.85,103.83659034347534,85.3668957695961,122.09605240678788
2024-06-20,MG95,94.85,99.25509169864654,80.7853971247673,117.51455376195908
2024-06-20,MG92,89.61,102.55893203735351,85.34727336645126,121.59826995134354
2024-06-20,MG92,89.61,99.95631906723978,82.74466039633752,118.9956569812298
2024-06-20,MG92,89.61,94.63095520853997,77.41929653763772,113.67029312253
2024-06-21,MG95,95.95,106.68778542804718,86.0700502626896,126.93988606977466
2024-06-21,MG95,95.95,104.20219987893103,83.58446471357345,124.4543005206585
2024-06-21,MG95,95.95,99.35942844367025,78.74169327831268,119.61152908539773
2024-06-21,MG92,90.71,102.52407547473908,83.42476124763489,124.06856654644012
2024-06-21,MG92,90.71,100.41546432638168,81.3161500992775,121.95995539808273
2024-06-21,MG92,90.71,94.8518238530159,75.75250962591171,116.39631492471695
2024-06-24,MG95,95.52,106.57396650683881,85.81053158175946,127.09497914266585
2024-06-24,MG95,95.52,104.3619644047022,83.59852947962285,124.88297704052924
2024-06-24,MG95,95.52,99.2999619127512,78.53652698767185,119.82097454857823
2024-06-24,MG92,90.28,102.63726009798049,83.37050332140922,124.45119754266739
2024-06-24,MG92,90.28,100.58129675889015,81.31453998231888,122.39523420357705
2024-06-24,MG92,90.28,94.65232502150536,75.38556824493409,116.46626246619226
2024-06-25,MG95,95.57,106.68977438998223,86.5629604775906,126.60165785861018
2024-06-25,MG95,95.57,104.38758034157752,84.26076642918588,124.29946381020547
2024-06-25,MG95,95.57,99.08733744072913,78.96052352833749,118.99922090935708
2024-06-25,MG92,90.33,102.83722727417944,84.13837159514425,123.885171546936
2024-06-25,MG92,90.33,100.31921187186241,81.62035619282722,121.36715614461896
2024-06-25,MG92,90.33,94.64903323483466,75.95017755579947,115.69697750759121
2024-06-26,MG95,95.65,106.98569184029103,86.39911239767076,127.13192940855026
2024-06-26,MG95,95.65,104.55254835140704,83.96596890878678,124.69878591966628
2024-06-26,MG95,95.65,99.19253950512407,78.60596006250381,119.33877707338331
2024-06-26,MG92,90.41,102.5661311545372,83.51611948990822,124.01854505205156
2024-06-26,MG92,90.41,100.39450454449653,81.34449287986754,121.84691844201089
2024-06-26,MG92,90.41,94.75015686511993,75.70014520049095,116.2025707626343
2024-05-02,MG95,100.51,101.17408219671249,95.17431268787384,106.17564541196823
2024-05-02,MG95,100.51,105.51982094240189,99.52005143356324,110.52138415765764
2024-05-02,MG95,100.51,103.96517947912216,97.9654099702835,108.9667426943779
2024-05-02,MG92,96.1,96.86720743453503,91.36831920540332,102.10274590587618
2024-05-02,MG92,96.1,101.09759368646145,95.59870545732974,106.3331321578026
2024-05-02,MG92,96.1,99.61875906908512,94.1198708399534,104.85429754042626
2024-05-03,MG95,98.84,101.45669551134111,94.56317731976509,107.02182646036147
2024-05-03,MG95,98.84,105.34999956083298,98.45648136925696,110.91513050985334
2024-05-03,MG95,98.84,103.90188355207442,97.0083653604984,109.46701450109478
2024-05-03,MG92,95.37,97.32612842953205,90.6324334201813,102.76121930336953
2024-05-03,MG92,95.37,101.0551242352724,94.36142922592165,106.49021510910988
2024-05-03,MG92,95.37,99.4186293693781,92.72493436002735,104.85372024321558
2024-05-06,MG95,98.2,101.61452786564826,92.16396041750907,109.68376062154769
2024-05-06,MG95,98.2,105.73424345040321,96.28367600226403,113.80347620630265
2024-05-06,MG95,98.2,103.74772462964057,94.29715718150139,111.81695738554001
2024-05-06,MG92,94.3,96.66989685881137,87.87643959689142,106.18617833662033
2024-05-06,MG92,94.3,100.71064293301104,91.91718567109109,110.22692441082
2024-05-06,MG92,94.3,98.75640933358669,89.96295207166673,108.27269081139565
2024-05-07,MG95,98.51,101.72134635400774,94.18275549960137,108.13683744621278
2024-05-07,MG95,98.51,105.73195307970047,98.19336222529411,112.14744417190552
2024-05-07,MG95,98.51,103.74909413337707,96.2105032789707,110.16458522558212
2024-05-07,MG92,93.98,96.87297302627564,89.93513541841509,104.13496301794052
2024-05-07,MG92,93.98,100.76307856893538,93.82524096107483,108.02506856060026
2024-05-07,MG92,93.98,98.99167839288712,92.05384078502657,106.253668384552
2024-05-08,MG95,95.84,101.4492767972946,94.02214798164368,108.27319633197784
2024-05-08,MG95,95.84,105.80643636941909,98.37930755376817,112.63035590410233
2024-05-08,MG95,95.84,104.0362581038475,96.60912928819658,110.86017763853074
2024-05-08,MG92,90.88,95.8413849173784,89.90352229464052,105.12977832126617
2024-05-08,MG92,90.88,99.79844737923143,93.86058475649355,109.0868407831192
2024-05-08,MG92,90.88,98.37168885076045,92.43382622802257,107.66008225464822
2024-05-09,MG95,96.86,101.15895707201959,92.71831389856338,108.60549869728091
2024-05-09,MG95,96.86,105.20877534842492,96.76813217496871,112.65531697368624
2024-05-09,MG95,96.86,103.7617083799839,95.32106520652769,111.20825000524522
2024-05-09,MG92,91.9,95.99355529296399,88.59083707916737,105.37198300766946
2024-05-09,MG92,91.9,100.13084634912013,92.72812813532352,109.5092740638256
2024-05-09,MG92,91.9,98.55532709348202,91.1526088796854,107.93375480818749
2024-05-10,MG95,97.03,101.49968328309058,93.10696018767355,108.41258290243147
2024-05-10,MG95,97.03,105.96143719792366,97.56871410250663,112.87433681726455
2024-05-10,MG95,97.03,104.24401470780373,95.8512916123867,111.15691432714462
2024-05-10,MG92,92.07,97.04217665970324,88.92046483755111,104.34233441591262
2024-05-10,MG92,92.07,101.09852175676824,92.9768099346161,108.39867951297761
2024-05-10,MG92,92.07,99.51835265171528,91.39664082956314,106.81851040792465
2024-05-13,MG95,96.4,101.0104849255085,90.74752309083938,109.5281265950203
2024-05-13,MG95,96.4,105.79532419991494,95.53236236524582,114.31296586942673
2024-05-13,MG95,96.4,103.98984435439111,93.72688251972198,112.5074860239029
2024-05-13,MG92,91.44,96.45730378139018,86.51429743516445,105.89420689272882
2024-05-13,MG92,91.44,101.03992867648601,91.09692233026028,110.47683178782465
2024-05-13,MG92,91.44,99.3504505687952,89.40744422256947,108.78735368013383
2024-05-14,MG95,95.49,101.74492785358427,90.2914329471588,111.29603018188475
2024-05-14,MG95,95.49,105.7739913868904,94.32049648046493,115.32509371519087
2024-05-14,MG95,95.49,104.07308030605316,92.61958539962768,113.62418263435363
2024-05-14,MG92,90.53,96.77662419784069,85.70814085829258,107.64443060803414
2024-05-14,MG92,90.53,100.87398276412488,89.80549942457677,111.74178917431833
2024-05-14,MG92,90.53,99.02167980730535,87.95319646775724,109.8894862174988
2024-05-15,MG95,94.93,101.32978782033919,92.83285816884039,108.37656866884231
2024-05-15,MG95,94.93,105.66591663980483,97.16898698830603,112.71269748830795
2024-05-15,MG95,94.93,103.87392860412598,95.37699895262718,110.9207094526291
2024-05-15,MG92,89.97,96.93988068187237,88.77529852831363,104.52912001633644
2024-05-15,MG92,89.97,101.25139734733105,93.08681519377231,108.84063668179512
2024-05-15,MG92,89.97,99.43027634060383,91.26569418704509,107.0195156750679
2024-05-16,MG95,96.38,101.53141775107383,88.3582479236126,112.06037210798263
2024-05-16,MG95,96.38,106.37745326256753,93.20428343510629,116.90640761947633
2024-05-16,MG95,96.38,104.36836715340614,91.1951973259449,114.89732151031494
2024-05-16,MG92,91.42,97.27783091640472,83.97373406088352,108.14009888148307
2024-05-16,MG92,91.42,101.5437192311287,88.2396223756075,112.40598719620705
2024-05-16,MG92,91.42,99.80753405427933,86.50343719875812,110.66980201935768
2024-05-17,MG95,97.35,101.82280392479896,88.54918708634376,112.76557184886933
2024-05-17,MG95,97.35,106.15163210463523,92.87801526618003,117.09440002870559
2024-05-17,MG95,97.35,103.63417004942893,90.36055321097373,114.5769379734993
2024-05-17,MG92,92.39,96.94745808434486,83.91359645855427,109.21127137970923
2024-05-17,MG92,92.39,101.17578968214988,88.14192805635929,113.43960297751426
2024-05-17,MG92,92.39,99.02696087408066,85.99309924829006,111.29077416944503
2024-05-20,MG95,97.43,101.76301019454002,88.79674087429046,112.18084771299361
2024-05-20,MG95,97.43,106.31925628113747,93.35298696088792,116.73709379959107
2024-05-20,MG95,97.43,104.00471683859824,91.03844751834869,114.42255435705184
2024-05-20,MG92,93.46,97.3610120447874,84.32197879815104,108.2433591284752
2024-05-20,MG92,93.46,101.78118980967997,88.74215656304361,112.66353689336778
2024-05-20,MG92,93.46,99.75551115667818,86.71647791004182,110.63785824036599
2024-05-21,MG95,95.4,101.66398083186151,88.10849853372575,112.61251046276092
2024-05-21,MG95,95.4,106.09170986342431,92.53622756528856,117.04023949432373
2024-05-21,MG95,95.4,103.90445811867716,90.3489758205414,114.85298774957657
2024-05-21,MG92,91.42,97.13532622647286,83.5582339389324,108.77705366921425
2024-05-21,MG92,91.42,101.58832697319986,88.0112346856594,113.23005441594125
2024-05-21,MG92,91.42,99.6397041335106,86.06261184597015,111.281431576252
2024-05-22,MG95,95.4,101.7106125612259,86.61832363200188,113.91457292032241
2024-05-22,MG95,95.4,106.26977516412737,91.17748623490334,118.47373552322388
2024-05-22,MG95,95.4,103.90164002895355,88.80935109972953,116.10560038805006
2024-05-22,MG92,91.42,97.22082626402378,82.10435893714427,110.32243612289427
2024-05-22,MG92,91.42,101.72580977642536,86.60934244954585,114.82741963529585
2024-05-22,MG92,91.42,99.46398087608814,84.34751354920863,112.56559073495863
2024-05-23,MG95,93.75,101.65130458045006,88.35276428031922,112.50963023471832
2024-05-23,MG95,93.75,105.8060075981617,92.50746729803086,116.66433325242996
2024-05-23,MG95,93.75,103.65245687842369,90.35391657829285,114.51078253269195
2024-05-23,MG92,90.22,97.042328348279,83.8563428939581,108.90730744671822
2024-05-23,MG92,90.22,101.19062557041644,88.00464011609554,113.05560466885566
2024-05-23,MG92,90.22,99.25298355638981,86.06699810206891,111.11796265482903
2024-05-24,MG95,92.47,101.53885339808464,87.18528683495522,113.63209232997893
2024-05-24,MG95,92.47,106.03824211144448,91.68467554831506,118.13148104333877
2024-05-24,MG95,92.47,103.50366174101829,89.15009517788887,115.59690067291258
2024-05-24,MG92,88.81,96.30728330683706,82.53909962904453,110.73576870989798
2024-05-24,MG92,88.81,100.70310582661628,86.93492214882374,115.1315912296772
2024-05-24,MG92,88.81,98.48443619871139,84.71625252091886,112.91292160177231
2024-05-27,MG95,92.46,101.91118089723585,86.35809977817534,114.9917617278099
2024-05-27,MG95,92.46,105.90755537891387,90.35447425985336,118.98813620948792
2024-05-27,MG95,92.46,103.8817188334465,88.32863771438599,116.96229966402055
2024-05-27,MG92,88.8,96.39987813591958,81.41322450578214,111.97753377199176
2024-05-27,MG92,88.8,100.65845020365715,85.67179657351971,116.23610583972933
2024-05-27,MG92,88.8,98.45268485212327,83.46603122198583,114.03034048819545
2024-05-28,MG95,92.45,101.46422900676725,86.51802884459494,113.72535453557967
2024-05-28,MG95,92.45,106.072123878479,91.12592371630669,118.33324940729142
2024-05-28,MG95,92.45,103.77449836492539,88.82829820275307,116.0356238937378
2024-05-28,MG92,88.92,96.71606422376632,81.93735785973071,110.38131460618972
2024-05-28,MG92,88.92,101.23534242963791,86.4566360656023,114.9005928120613
2024-05-28,MG92,88.92,99.29167329382896,84.51296692979335,112.95692367625236
2024-05-29,MG95,93.52,101.93691145849226,86.04269085001944,114.89039581489563
2024-05-29,MG95,93.52,106.58959925031662,90.6953786418438,119.54308360671999
2024-05-29,MG95,93.52,104.28212356567383,88.387902957201,117.2356079220772
2024-05-29,MG92,89.23,97.15759525072575,81.33216485452654,111.3734608883858
2024-05-29,MG92,89.23,101.63280489981173,85.80737450361252,115.84867053747178
2024-05-29,MG92,89.23,99.46966725361347,83.64423685741426,113.68553289127351
2024-05-30,MG95,90.86,106.69304995155335,90.88199750995636,119.51397739267351
2024-05-30,MG95,90.86,103.5718871283531,87.76083468675611,116.39281456947326
2024-05-30,MG95,90.86,100.9515193104744,85.14046686887741,113.77244675159456
2024-05-30,MG92,86.57,101.64838424408435,85.84037499392034,115.53329020166396
2024-05-30,MG92,86.57,99.27004749977588,83.46203824961187,113.15495345735549
2024-05-30,MG92,86.57,95.7826136995554,79.97460444939138,109.667519657135
2024-05-31,MG95,90.78,106.48557271957398,90.58574731349945,119.69282323122026
2024-05-31,MG95,90.78,103.89592853307724,87.99610312700271,117.10317904472352
2024-05-31,MG95,90.78,100.55795357131959,84.65812816524506,113.76520408296587
2024-05-31,MG92,85.96,101.08317862272263,85.53702777922153,116.31583904027939
2024-05-31,MG92,85.96,98.81873939180375,83.27258854830265,114.0513998093605
2024-05-31,MG92,85.96,95.12111586308481,79.57496501958371,110.35377628064157
2024-06-03,MG95,91.38,106.02870359158516,91.16710260844232,118.16106313204763
2024-06-03,MG95,91.38,103.7639641070366,88.90236312389376,115.89632364749907
2024-06-03,MG95,91.38,100.44281381320954,85.5812128300667,112.57517335367201
2024-06-03,MG92,86.43,101.42007857561114,86.65911808729173,114.76626400589946
2024-06-03,MG92,86.43,99.27664913392069,84.51568864560127,112.622834564209
2024-06-03,MG92,86.43,95.37462356615069,80.61366307783128,108.720808996439
2024-06-04,MG95,88.04,106.59784422588348,90.00203852725029,120.34684581232072
2024-06-04,MG95,88.04,103.95453475713728,87.3587290585041,117.70353634357453
2024-06-04,MG95,88.04,100.33960988140105,83.74380418276786,114.08861146783829
2024-06-04,MG92,83.24,101.33908789503573,85.0499675683975,117.08863978910446
2024-06-04,MG92,83.24,99.0992781740427,82.81015784740447,114.84883006811143
2024-06-04,MG92,83.24,94.57765479958059,78.28853447294236,110.32720669364932
2024-06-05,MG95,89.43,106.79896820878982,88.03210367655753,122.12931354141236
2024-06-05,MG95,89.43,103.96449661016464,85.19763207793235,119.29484194278719
2024-06-05,MG95,89.43,100.45294952106475,81.68608498883246,115.7832948536873
2024-06-05,MG92,84.63,101.89164701604842,83.18591847085952,118.75092651391029
2024-06-05,MG92,84.63,99.21746654820441,80.51173800301551,116.07674604606628
2024-06-05,MG92,84.63,95.03719367313386,76.33146512794495,111.89647317099572
2024-06-06,MG95,89.87,106.60681674814225,88.70659326052666,121.32742537593842
2024-06-06,MG95,89.87,104.42125309467315,86.52102960705756,119.14186172246932
2024-06-06,MG95,89.87,100.12420929384231,82.22398580622672,114.84481792163848
2024-06-06,MG92,85.14,101.57301873779298,83.84724018073082,118.08447666621208
2024-06-06,MG92,85.14,99.80608359503746,82.08030503797531,116.31754152345657
2024-06-06,MG92,85.14,94.83801579689981,77.11223723983765,111.34947372531892
2024-06-07,MG95,91.12,106.47466562843323,89.17822257137298,120.58979292964936
2024-06-07,MG95,91.12,104.14175131559372,86.84530825853348,118.25687861680986
2024-06-07,MG95,91.12,99.91318953847883,82.61674648141859,114.02831683969497
2024-06-07,MG92,85.88,101.38392439520359,84.15795292532445,116.92419402337073
2024-06-07,MG92,85.88,99.5905556949377,82.36458422505856,115.13082532310484
2024-06-07,MG92,85.88,94.6043002127409,77.37832874286175,110.14456984090803
2024-06-10,MG95,91.67,106.7943490843773,87.66197392153741,122.61009625005723
2024-06-10,MG95,91.67,104.03836194276809,84.9059867799282,119.85410910844801
2024-06-10,MG95,91.67,100.02153115701674,80.88915599417685,115.83727832269666
2024-06-10,MG92,86.43,101.70751792299747,82.809513325572,119.60744179177283
2024-06-10,MG92,86.43,99.43200101602078,80.53399641859531,117.33192488479614
2024-06-10,MG92,86.43,94.88803861963748,75.99003402221201,112.78796248841284
2024-06-11,MG95,92.62,106.53000427341462,87.30168853259087,122.3131645307541
2024-06-11,MG95,92.62,103.89877549409866,84.67045975327491,119.68193575143813
2024-06-11,MG95,92.62,100.16493831443786,80.93662257361412,115.94809857177734
2024-06-11,MG92,87.38,101.9446287771463,82.83879117035865,119.48387418651579
2024-06-11,MG92,87.38,99.25745520436763,80.15161759757997,116.79670061373712
2024-06-11,MG92,87.38,94.7132208148241,75.60738320803644,112.25246622419358
2024-06-12,MG95,92.14,106.7647860212326,86.76119434070588,123.12238468360901
2024-06-12,MG95,92.14,104.3727392721176,84.36914759159089,120.73033793449402
2024-06-12,MG95,92.14,99.73595239782333,79.73236071729661,116.09355106019974
2024-06-12,MG92,86.9,102.10460179662704,82.15280127620697,120.04363153791428
2024-06-12,MG92,86.9,99.9673371384144,80.01553661799433,117.90636687970164
2024-06-12,MG92,86.9,94.73890640401841,74.78710588359834,112.67793614530565
2024-06-13,MG95,91.15,106.59456840467453,87.53229400825501,122.17466301631927
2024-06-13,MG95,91.15,104.00229541540145,84.94002101898192,119.58239002704619
2024-06-13,MG95,91.15,99.49857625293731,80.43630185651779,115.07867086458205
2024-06-13,MG92,85.91,101.75247627711295,82.75363108670712,118.89097519254685
2024-06-13,MG92,85.91,99.6467182946205,80.64787310421467,116.7852172100544
2024-06-13,MG92,85.91,94.62084556174278,75.62200037133695,111.75934447717668
2024-06-14,MG95,91.78,106.43865368223192,87.80327280616761,121.6637819633484
2024-06-14,MG95,91.78,103.92930626392365,85.29392538785935,119.15443454504013
2024-06-14,MG95,91.78,99.60714370632172,80.97176283025742,114.8322719874382
2024-06-14,MG92,86.54,101.88771733629704,83.31785208153725,118.64508583593368
2024-06-14,MG92,86.54,99.53980405390263,80.96993879914284,116.29717255353927
2024-06-14,MG92,86.54,94.51161843955518,75.94175318479539,111.26898693919182
2024-06-17,MG95,91.78,106.45188519382478,88.67910965704918,120.86433665180208
2024-06-17,MG95,91.78,103.999247610569,86.2264720737934,118.4116990685463
2024-06-17,MG95,91.78,99.35362140369415,81.58084586691855,113.76607286167145
2024-06-17,MG92,86.54,101.92289348566533,84.1282301416397,117.52154229426384
2024-06-17,MG92,86.54,99.51169449055195,81.71703114652632,115.11034329915046
2024-06-17,MG92,86.54,94.2933941050768,76.49873076105118,109.89204291367531
2024-06-18,MG95,93.26,106.87766209077836,84.97278247308732,125.05455420446395
2024-06-18,MG95,93.26,104.71937811613083,82.81449849843979,122.89627022981642
2024-06-18,MG95,93.26,99.87999818229676,77.97511856460572,118.05689029598236
2024-06-18,MG92,88.02,101.87051845610141,80.19124623537064,122.29762099981309
2024-06-18,MG92,88.02,99.82304530870914,78.14377308797837,120.25014785242082
2024-06-18,MG92,88.02,94.32128376853466,72.64201154780389,114.74838631224634
2024-06-19,MG95,94.52,106.66203096961976,85.40008377289773,124.3916062579155
2024-06-19,MG95,94.52,104.20277519702911,82.94082800030708,121.93235048532485
2024-06-19,MG95,94.52,99.33764547204972,78.07569827532768,117.06722076034545
2024-06-19,MG92,89.28,101.47389670610428,80.53903721153739,121.73192934274677
2024-06-19,MG92,89.28,99.43246886730194,78.49760937273504,119.69050150394442
2024-06-19,MG92,89.28,94.04066454172133,73.10580504715443,114.29869717836381
2024-06-20,MG95,94.85,106.4350953822136,86.69187887358666,122.76251726198196
2024-06-20,MG95,94.85,103.81834758996965,84.0751310813427,120.145769469738
2024-06-20,MG95,94.85,99.23684894514085,79.4936324365139,115.5642708249092
2024-06-20,MG92,89.61,101.74003124654291,82.22469147145746,120.18488760113715
2024-06-20,MG92,89.61,99.13741827642917,79.62207850134372,117.58227463102341
2024-06-20,MG92,89.61,93.81205441772937,74.29671464264392,112.25691077232361
2024-06-21,MG95,95.95,106.67644066596031,84.94543530130387,124.76339241051676
2024-06-21,MG95,95.95,104.19085511684416,82.45984975218772,122.2778068614006
2024-06-21,MG95,95.95,99.3480836815834,77.61707831692696,117.43503542613985
2024-06-21,MG92,90.71,101.70305036973951,80.25280879032611,122.20603742909432
2024-06-21,MG92,90.71,99.59443922138213,78.14419764196873,120.09742628073694
2024-06-21,MG92,90.71,94.03079874801635,72.58055716860295,114.53378580737116
2024-06-24,MG95,95.52,106.57334599852561,84.82436511278152,124.55309735894203
2024-06-24,MG95,95.52,104.361343896389,82.61236301064491,122.34109525680542
2024-06-24,MG95,95.52,99.29934140443802,77.55036051869394,117.27909276485444
2024-06-24,MG92,90.28,102.0031876832247,80.4246598392725,122.04554569005965
2024-06-24,MG92,90.28,99.94722434413436,78.36869650018215,119.98958235096931
2024-06-24,MG92,90.28,94.01825260674954,72.43972476279734,114.0606106135845
2024-06-25,MG95,95.57,106.8934338130951,83.87102784895896,126.10249992990494
2024-06-25,MG95,95.57,104.5912397646904,81.56883380055426,123.80030588150024
2024-06-25,MG95,95.57,99.29099686384201,76.26859089970587,118.50006298065185
2024-06-25,MG92,90.33,102.23296301102637,79.49007480120659,123.91556070423125
2024-06-25,MG92,90.33,99.71494760870934,76.97205939888956,121.39754530191422
2024-06-25,MG92,90.33,94.04476897168159,71.30188076186181,115.72736666488647
2024-06-26,MG95,95.65,106.95271716070175,85.22836474728584,124.98670890283584
2024-06-26,MG95,95.65,104.5195736718178,82.79522125840188,122.55356541395189
2024-06-26,MG95,95.65,99.15956482553483,77.43521241211891,117.19355656766892
2024-06-26,MG92,90.41,101.81071616256236,80.3236478319168,122.12326129102706
2024-06-26,MG92,90.41,99.6390895525217,78.15202122187614,119.9516346809864
2024-06-26,MG92,90.41,93.9947418731451,72.50767354249955,114.30728700160981
2024-06-27,MG95,96.51,103.76989402055739,82.52375072121619,121.29349142789839
2024-06-27,MG95,96.51,99.05637182283401,77.81022852349281,116.57996923017501
2024-06-27,MG95,96.51,101.93165540575981,80.68551210641861,119.45525281310081
2024-06-27,MG92,91.27,99.2599207445383,78.16240776085854,118.75071937465667
2024-06-27,MG92,91.27,93.83170085275174,72.73418786907197,113.3224994828701
2024-06-27,MG92,91.27,96.82847296464442,75.73095998096466,116.31927159476278
2024-06-28,MG95,97.45,104.30550178527832,80.68781359434128,123.8728481554985
2024-06-28,MG95,97.45,99.1416286559105,75.52394046497345,118.70897502613067
2024-06-28,MG95,97.45,102.16878752470016,78.55109933376312,121.73613389492034
2024-06-28,MG92,92.37,99.92891800904275,76.45897808396819,121.53053774142268
2024-06-28,MG92,92.37,94.11894645881652,70.64900653374197,115.72056619119645
2024-06-28,MG92,92.37,97.17331285381317,73.70337292873862,118.7749325861931
2024-07-01,MG95,97.87,104.57031686067582,83.53697385549546,121.99900301456454
2024-07-01,MG95,97.87,98.85748930454255,77.8241462993622,116.28617545843127
2024-07-01,MG95,97.87,102.16756273031237,81.13421972513201,119.59624888420109
2024-07-01,MG92,93.14,99.71603725719453,78.91017963516713,119.35293417620659
2024-07-01,MG92,93.14,93.44530588889123,72.63944826686382,113.08220280790329
2024-07-01,MG92,93.14,96.98985533118247,76.18399770915507,116.62675225019453
2024-07-02,MG95,99.67,104.38050439596176,82.31955658435821,122.72816395998001
2024-07-02,MG95,99.67,99.05328916740417,76.99234135580062,117.40094873142242
2024-07-02,MG95,99.67,102.17122025251389,80.11027244091034,120.51887981653213
2024-07-02,MG92,95.23,99.55455399763584,77.75133726847173,120.2632332558632
2024-07-02,MG92,95.23,93.47245572197437,71.66923899281026,114.18113498020173
2024-07-02,MG92,95.23,96.88486585032939,75.08164912116528,117.59354510855675
2024-07-03,MG95,99.3,104.60223847389221,81.07066206693649,124.22427712440492
2024-07-03,MG95,99.3,98.78370940351485,75.25213299655913,118.40574805402755
2024-07-03,MG95,99.3,102.26616010785102,78.7345837008953,121.88819875836373
2024-07-03,MG92,94.88,99.89375579810141,76.6137165877819,121.91290573811531
2024-07-03,MG92,94.88,93.63518183255195,70.35514262223244,115.65433177256585
2024-07-03,MG92,94.88,97.03227048277856,73.75223127245904,119.05142042279246
2024-07-04,MG95,99.01,104.83195860385895,81.7601011276245,123.87008153200146
2024-07-04,MG95,99.01,98.78548077487946,75.713623298645,117.82360370302197
2024-07-04,MG95,99.01,102.36229811668397,79.29044064044952,121.40042104482649
2024-07-04,MG92,94.59,100.42802271795271,77.46110109579563,121.33736687850951
2024-07-04,MG92,94.59,93.87784639835357,70.91092477619648,114.78719055891037
2024-07-04,MG92,94.59,97.41649146461486,74.44956984245778,118.32583562517166
2024-07-05,MG95,99.01,104.33648194313051,81.72660289049149,123.00101027727126
2024-07-05,MG95,99.01,98.71982979011536,76.10995073747634,117.38435812425611
2024-07-05,MG95,99.01,102.20545430183412,79.59557524919511,120.86998263597488
2024-07-05,MG92,94.59,100.07720401382446,77.59138144111633,120.67414619421959
2024-07-05,MG92,94.59,93.82115212106706,71.33532954835893,114.41809430146219
2024-07-05,MG92,94.59,97.19895051956178,74.71312794685365,117.79589269995691
2024-07-08,MG95,98.17,104.40920246601104,81.47363634467123,123.36831845998763
2024-07-08,MG95,98.17,98.7390476770401,75.8034815557003,117.6981636710167
2024-07-08,MG95,98.17,102.28811625480654,79.35255013346674,121.24723224878313
2024-07-08,MG92,93.75,100.12222838544845,77.32139998161792,121.05868146085737
2024-07-08,MG92,93.75,93.87783310317994,71.0770046993494,114.81428617858886
2024-07-08,MG92,93.75,97.18753543901444,74.3867070351839,118.12398851442336
2024-07-09,MG95,97.03,104.6349132514,79.90385994672775,125.33828242778777
2024-07-09,MG95,97.03,98.88715916252136,74.15610585784911,119.59052833890914
2024-07-09,MG95,97.03,102.41722079038621,77.68616748571397,123.12058996677399
2024-07-09,MG92,92.61,99.8774182870388,75.41775040233136,123.06972034835816
2024-07-09,MG92,92.61,93.54116758036614,69.0814996956587,116.7334696416855
2024-07-09,MG92,92.61,97.1012898774147,72.64162199270727,120.29359193873407
2024-07-10,MG95,95.6,104.4586175751686,80.93778003573416,123.99508420944211
2024-07-10,MG95,95.6,98.92103556108475,75.40019802165031,118.45750219535826
2024-07-10,MG95,95.6,102.30486461997032,78.78402708053588,121.84133125424383
2024-07-10,MG92,91.18,99.88552931284904,76.55415875887871,121.60449673032761
2024-07-10,MG92,91.18,93.82505560016632,70.49368504619599,115.54402301764489
2024-07-10,MG92,91.18,97.07706090426444,73.74569035029411,118.79602832174301
2024-07-11,MG95,96.48,104.40654379606248,81.11823317885398,123.65975789308547
2024-07-11,MG95,96.48,98.89751309823991,75.60920248103142,118.1507271952629
2024-07-11,MG95,96.48,102.34930205345155,79.06099143624306,121.60251615047454
2024-07-11,MG92,92.06,99.87579704403876,76.7136828160286,121.08088575482368
2024-07-11,MG92,92.06,93.97424017429353,70.81212594628336,115.17932888507845
2024-07-11,MG92,92.06,97.23941551208495,74.07730128407478,118.44450422286987
2024-07-12,MG95,98.5,104.60273807287216,80.25078373789788,124.92279683589933
2024-07-12,MG95,98.5,99.09862116241455,74.74666682744027,119.41867992544172
2024-07-12,MG95,98.5,102.4090583705902,78.05710403561592,122.72911713361738
2024-07-12,MG92,94.08,99.93742592668534,75.81856785571576,122.60692522859574
2024-07-12,MG92,94.08,93.79821599531175,69.67935792434217,116.46771529722216
2024-07-12,MG92,94.08,97.10181459069253,72.98295651972295,119.77131389260293
2024-07-15,MG95,97.85,104.76705090522766,80.56050748944283,124.93355202198029
2024-07-15,MG95,97.85,98.78879945707321,74.58225604128837,118.95530057382584
2024-07-15,MG95,97.85,102.34231048107148,78.13576706528664,122.5088115978241
2024-07-15,MG92,93.43,100.21196202063562,76.21837744438649,122.65459554576874
2024-07-15,MG92,93.43,93.60526745414735,69.61168287789822,116.04790097928047
2024-07-15,MG92,93.43,97.06241048955918,73.06882591331005,119.5050440146923
2024-07-16,MG95,96.55,104.54409419059753,79.63728999853133,125.26911684036253
2024-07-16,MG95,96.55,98.9016051402092,73.994800948143,119.6266277899742
2024-07-16,MG95,96.55,102.5473967885971,77.6405925965309,123.27241943836209
2024-07-16,MG92,92.13,100.07828885149956,75.34162654888631,122.92280542445185
2024-07-16,MG92,92.13,93.78891281461716,69.05225051200391,116.63342938756945
2024-07-16,MG92,92.13,97.51595910406112,72.77929680144787,120.36047567701341
2024-07-17,MG95,96.37,104.83666085958478,81.317122528553,124.3916804409027
2024-07-17,MG95,96.37,98.73334608221052,75.21380775117873,118.28836566352844
2024-07-17,MG95,96.37,102.36042064428328,78.8408823132515,121.9154402256012
2024-07-17,MG92,91.95,100.01928667116165,76.70492233085632,121.81191961812974
2024-07-17,MG92,91.95,93.3815844130516,70.06722007274627,115.17421736001968
2024-07-17,MG92,91.95,97.01916791009903,73.7048035697937,118.81180085706711
2024-07-18,MG95,97.64,104.56352331876755,81.91795683145523,123.34323557853699
2024-07-18,MG95,97.64,98.35367747402191,75.70811098670958,117.13338973379135
2024-07-18,MG95,97.64,102.24648574352264,79.60091925621032,121.02619800329208
2024-07-18,MG92,93.22,99.99942283630371,77.54663248836994,120.95080145001413
2024-07-18,MG92,93.22,93.24384000325205,70.79104965531828,114.19521861696246
2024-07-18,MG92,93.22,96.857237814188,74.40444746625423,117.80861642789841
2024-07-19,MG95,96.84,104.44868835926056,79.6652650308609,125.21281278848647
2024-07-19,MG95,96.84,98.97154541301728,74.18812208461762,119.7356698422432
2024-07-19,MG95,96.84,102.40841097831728,77.62498764991761,123.1725354075432
2024-07-19,MG92,92.42,99.75774457526207,75.2570885885954,123.05129013490676
2024-07-19,MG92,92.42,93.68084422850609,69.18018824183942,116.97438978815079
2024-07-19,MG92,92.42,97.02810461807249,72.52744863140582,120.32165017771719
2024-07-22,MG95,95.04,104.59592444658279,82.2223757958412,123.03993882894515
2024-07-22,MG95,95.04,98.28967883253097,75.91613018178938,116.73369321489334
2024-07-22,MG95,95.04,102.1703867971897,79.79683814644812,120.61440117955208
2024-07-22,MG92,90.62,100.31771805882454,78.05466004729271,120.64033582091332
2024-07-22,MG92,90.62,93.47125990271567,71.20820189118385,113.79387766480446
2024-07-22,MG92,90.62,96.85824148011207,74.59518346858025,117.18085924220085
2024-07-23,MG95,94.99,104.45308181762697,79.13245778203012,125.63607856750488
2024-07-23,MG95,94.99,98.67920437192917,73.35858033633232,119.86220112180709
2024-07-23,MG95,94.99,102.53531711339951,77.21469307780266,123.71831386327743
2024-07-23,MG92,90.57,99.86436896467208,74.78164705181122,123.419165566206
2024-07-23,MG92,90.57,93.73829853129386,68.655576618433,117.29309513282779
2024-07-23,MG92,90.57,97.08583840203283,72.00311648917197,120.64063500356676
2024-07-24,MG95,93.51,104.85513095855714,80.48697731494903,125.23787809610366
2024-07-24,MG95,93.51,98.70951723337174,74.34136358976363,119.09226437091826
2024-07-24,MG95,93.51,102.43121808767319,78.06306444406508,122.8139652252197
2024-07-24,MG92,89.09,99.99680575561524,75.90042018127441,122.86441421699524
2024-07-24,MG92,89.09,93.39151185297966,69.29512627863883,116.25912031435966
2024-07-24,MG92,89.09,97.00387053132056,72.90748495697973,119.87147899270056
2024-05-30,MG95,90.86,99.56770059919357,96.29186711168289,103.27374730443954
2024-05-30,MG95,90.86,96.44653777599333,93.17070428848265,100.1525844812393
2024-05-30,MG95,90.86,93.82616995811462,90.55033647060394,97.53221666336059
2024-05-30,MG92,86.57,95.1516256673336,91.2050639475584,96.97146449518203
2024-05-30,MG92,86.57,92.77328892302513,88.82672720324993,94.59312775087356
2024-05-30,MG92,86.57,89.28585512280465,85.33929340302944,91.10569395065308
2024-05-31,MG95,90.78,99.45592697525024,95.53309303188324,103.61189178848268
2024-05-31,MG95,90.78,96.8662827887535,92.9434488453865,101.02224760198594
2024-05-31,MG95,90.78,93.52830782699584,89.60547388362885,97.68427264022829
2024-05-31,MG92,85.96,95.16983346319199,90.65583858287334,97.58388953065872
2024-05-31,MG92,85.96,92.90539423227311,88.39139935195446,95.31945029973984
2024-05-31,MG92,85.96,89.20777070355416,84.69377582323551,91.62182677102089
2024-06-03,MG95,91.38,99.06188014626503,95.39080613732337,103.01784171700477
2024-06-03,MG95,91.38,96.79714066171647,93.12606665277481,100.75310223245621
2024-06-03,MG95,91.38,93.47599036788941,89.80491635894775,97.43195193862915
2024-06-03,MG92,86.43,95.17629860424996,90.89816423916817,97.34868101143837
2024-06-03,MG92,86.43,93.0328691625595,88.75473479747771,95.20525156974792
2024-06-03,MG92,86.43,89.13084359478951,84.85270922970771,91.30322600197792
2024-06-04,MG95,88.04,99.4986579055786,94.82597902965546,104.48859387588502
2024-06-04,MG95,88.04,96.85534843683241,92.18266956090928,101.84528440713883
2024-06-04,MG95,88.04,93.24042356109618,88.56774468517304,98.2303595314026
2024-06-04,MG92,83.24,95.32846650719642,89.98397902727126,98.5765200805664
2024-06-04,MG92,83.24,93.08865678620339,87.74416930627822,96.33671035957336
2024-06-04,MG92,83.24,88.56703341174126,83.2225459318161,91.81508698511124
2024-06-05,MG95,89.43,99.52140663480759,94.13747319555281,105.2443645224571
2024-06-05,MG95,89.43,96.6869350361824,91.30300159692763,102.40989292383192
2024-06-05,MG95,89.43,93.17538794708253,87.79145450782775,98.89834583473204
2024-06-05,MG92,84.63,95.36073646378517,89.28109089922906,99.37431688499451
2024-06-05,MG92,84.63,92.68655599594115,86.60691043138503,96.70013641715049
2024-06-05,MG92,84.63,88.50628312087059,82.42663755631447,92.51986354207993
2024-06-06,MG95,89.87,99.7325384159088,93.38457039546967,105.736983587265
2024-06-06,MG95,89.87,97.5469747624397,91.19900674200056,103.5514199337959
2024-06-06,MG95,89.87,93.24993096160887,86.90196294116973,99.25437613296506
2024-06-06,MG92,85.14,95.55686591005326,88.84757642781734,100.21009438967705
2024-06-06,MG92,85.14,93.78993076729775,87.08064128506183,98.44315924692154
2024-06-06,MG92,85.14,88.8218629691601,82.11257348692418,93.47509144878389
2024-06-07,MG95,91.12,99.90937296533585,91.09209512376786,108.09621695184708
2024-06-07,MG95,91.12,97.57645865249634,88.75918081092836,105.76330263900758
2024-06-07,MG95,91.12,93.34789687538145,84.53061903381347,101.53474086189269
2024-06-07,MG92,85.88,95.46534574127196,86.46415069675446,102.50960108613968
2024-06-07,MG92,85.88,93.67197704100607,84.67078199648857,100.7162323858738
2024-06-07,MG92,85.88,88.68572155880928,79.68452651429178,95.729976903677
2024-06-10,MG95,91.67,99.73687134456634,93.17531011772155,106.12661819171905
2024-06-10,MG95,91.67,96.98088420295716,90.41932297611237,103.37063105010986
2024-06-10,MG95,91.67,92.9640534172058,86.40249219036102,99.35380026435851
2024-06-10,MG92,86.43,95.62945643854141,88.62396780383587,100.59930719685555
2024-06-10,MG92,86.43,93.35393953156472,86.34845089685918,98.32379028987886
2024-06-10,MG92,86.43,88.80997713518144,81.8044885004759,93.77982789349558
2024-06-11,MG95,92.62,99.46796443653108,92.70269868087769,106.09025685977937
2024-06-11,MG95,92.62,96.83673565721512,90.07146990156173,103.45902808046341
2024-06-11,MG95,92.62,93.1028984775543,86.33763272190092,99.7251909008026
2024-06-11,MG92,87.38,95.68066163063048,88.4599057996273,100.87954923987388
2024-06-11,MG92,87.38,92.99348805785179,85.7727322268486,98.19237566709519
2024-06-11,MG92,87.38,88.44925366830826,81.22849783730507,93.64814127755166
2024-06-12,MG95,92.14,99.85920594358443,91.5620758881569,107.6540034403801
2024-06-12,MG95,92.14,97.46715919446945,89.17002913904192,105.26195669126511
2024-06-12,MG95,92.14,92.83037232017517,84.53324226474764,100.62516981697084
2024-06-12,MG92,86.9,95.82651365613935,87.27104802286624,102.40937654113768
2024-06-12,MG92,86.9,93.68924899792671,85.1337833646536,100.27211188292503
2024-06-12,MG92,86.9,88.46081826353074,79.90535263025762,95.04368114852906
2024-06-13,MG95,91.15,99.73947403955458,90.81640295553207,108.35125245141982
2024-06-13,MG95,91.15,97.14720105028151,88.224129966259,105.75897946214675
2024-06-13,MG95,91.15,92.64348188781737,83.72041080379486,101.25526029968262
2024-06-13,MG92,85.91,95.55659362792969,86.33490327954291,102.91183361768724
2024-06-13,MG92,85.91,93.45083564543724,84.22914529705047,100.80607563519479
2024-06-13,MG92,85.91,88.42496291255952,79.20327256417275,95.78020290231707
2024-06-14,MG95,91.78,99.46739530801773,92.4632237839699,106.28665859460833
2024-06-14,MG95,91.78,96.95804788970946,89.95387636566163,103.77731117630006
2024-06-14,MG95,91.78,92.63588533210753,85.6317138080597,99.45514861869813
2024-06-14,MG92,86.54,95.61337540674211,88.1765971492529,101.03781091618539
2024-06-14,MG92,86.54,93.26546212434769,85.82868386685848,98.68989763379098
2024-06-14,MG92,86.54,88.23727651000024,80.80049825251103,93.66171201944353
2024-06-17,MG95,91.78,99.55885308074951,91.76860415267944,107.28948008346558
2024-06-17,MG95,91.78,97.10621549749375,89.31596656942368,104.83684250020981
2024-06-17,MG95,91.78,92.4605892906189,84.67034036254883,100.19121629333496
2024-06-17,MG92,86.54,95.57321259784698,87.32158351528643,101.89654222416877
2024-06-17,MG92,86.54,93.16201360273362,84.91038452017308,99.48534322905542
2024-06-17,MG92,86.54,87.94371321725846,79.69208413469792,94.26704284358026
2024-06-18,MG95,93.26,99.70204979372026,91.45473659944534,107.59062807512284
2024-06-18,MG95,93.26,97.54376581907275,89.29645262479782,105.43234410047532
2024-06-18,MG95,93.26,92.70438588523865,84.45707269096373,100.59296416664122
2024-06-18,MG92,88.02,95.60514532709121,87.03951599740981,102.22374868297577
2024-06-18,MG92,88.02,93.55767217969894,84.99204285001754,100.1762755355835
2024-06-18,MG92,88.02,88.05591063952446,79.49028130984306,94.67451399540901
2024-06-19,MG95,94.52,99.51593140745163,91.33721464300156,107.3980212893486
2024-06-19,MG95,94.52,97.05667563486098,88.87795887041091,104.93876551675795
2024-06-19,MG95,94.52,92.19154590988158,84.01282914543151,100.07363579177856
2024-06-19,MG92,89.28,95.42640764045716,86.90119376289846,102.01150430488588
2024-06-19,MG92,89.28,93.38497980165482,84.85976592409612,99.97007646608354
2024-06-19,MG92,89.28,87.99317547607421,79.46796159851552,94.57827214050293
2024-06-20,MG95,94.85,99.59537650489807,89.26872079277038,109.59336468124388
2024-06-20,MG95,94.85,96.97862871265411,86.65197300052643,106.97661688899993
2024-06-20,MG95,94.85,92.39713006782532,82.07047435569763,102.39511824417113
2024-06-20,MG92,89.61,95.80321726059913,85.30131069099903,104.62261457061767
2024-06-20,MG92,89.61,93.20060429048539,82.69869772088529,102.02000160050393
2024-06-20,MG92,89.61,87.87524043178558,77.37333386218549,96.69463774180413
2024-06-21,MG95,95.95,99.4360531513691,90.52408592629432,108.27727786946296
2024-06-21,MG95,95.95,96.95046760225296,88.03850037717818,105.79169232034683
2024-06-21,MG95,95.95,92.10769616699218,83.19572894191741,100.94892088508605
2024-06-21,MG92,90.71,95.47476232266426,86.17432061231136,102.9737407002449
2024-06-21,MG92,90.71,93.36615117430688,84.06570946395398,100.86512955188752
2024-06-21,MG92,90.71,87.8025107009411,78.5020689905882,95.30148907852174
2024-06-24,MG95,95.52,99.68325303006172,89.19051324295997,109.49696843075752
2024-06-24,MG95,95.52,97.47125092792511,86.97851114082336,107.28496632862091
2024-06-24,MG95,95.52,92.40924843597412,81.91650864887237,102.22296383666992
2024-06-24,MG92,90.28,95.8767054760456,85.33690975248814,104.6336420583725
2024-06-24,MG92,90.28,93.82074213695526,83.2809464133978,102.57767871928216
2024-06-24,MG92,90.28,87.89177039957048,77.35197467601301,96.64870698189738
2024-06-25,MG95,95.57,99.67271444940567,90.08838403844834,108.8997425236702
2024-06-25,MG95,95.57,97.37052040100096,87.78618999004362,106.59754847526548
2024-06-25,MG95,95.57,92.07027750015257,82.48594708919524,101.2973055744171
2024-06-25,MG92,90.33,95.96427168369291,86.14673662781715,103.98344410538672
2024-06-25,MG92,90.33,93.44625628137588,83.62872122550012,101.46542870306969
2024-06-25,MG92,90.33,87.77607764434813,77.95854258847237,95.79525006604194
2024-06-26,MG95,95.65,99.99033490276335,88.2905577096939,111.38893664455414
2024-06-26,MG95,95.65,97.5571914138794,85.85741422080994,108.95579315567018
2024-06-26,MG95,95.65,92.19718256759643,80.49740537452698,103.59578430938721
2024-06-26,MG92,90.41,95.70781489348413,83.98424903488159,105.9985176179409
2024-06-26,MG92,90.41,93.53618828344347,81.81262242484092,103.82689100790024
2024-06-26,MG92,90.41,87.89184060406686,76.16827474546432,98.18254332852364
2024-06-27,MG95,96.51,96.9489283504486,85.31362265968322,108.06068040275574
2024-06-27,MG95,96.51,92.2354061527252,80.60010046195983,103.34715820503234
2024-06-27,MG95,96.51,95.11068973565101,83.47538404488563,106.22244178795815
2024-06-27,MG92,91.27,93.15151226449012,81.54524110007286,103.21501834678651
2024-06-27,MG92,91.27,87.72329237270355,76.11702120828629,97.78679845499994
2024-06-27,MG92,91.27,90.72006448459625,79.11379332017898,100.78357056689264
2024-06-28,MG95,97.45,97.07936774110794,85.88016722536086,108.0908840546608
2024-06-28,MG95,97.45,91.91549461174012,80.71629409599304,102.92701092529298
2024-06-28,MG95,97.45,94.94265348052978,83.7434529647827,105.95416979408265
2024-06-28,MG92,92.37,93.33942505359653,82.02072107970716,103.18048925280573
2024-06-28,MG92,92.37,87.5294535033703,76.21074952948094,97.3705177025795
2024-06-28,MG92,92.37,90.58381989836695,79.26511592447758,100.42488409757615
2024-07-01,MG95,97.87,97.84001790761948,85.240711081028,109.89684659719468
2024-07-01,MG95,97.87,92.1271903514862,79.52788352489472,104.1840190410614
2024-07-01,MG95,97.87,95.43726377725602,82.83795695066453,107.49409246683122
2024-07-01,MG92,93.14,93.81312802791595,81.37527396678925,104.88133491277695
2024-07-01,MG92,93.14,87.54239665961265,75.10454259848595,98.61060354447365
2024-07-01,MG92,93.14,91.0869461019039,78.6490920407772,102.1551529867649
2024-07-02,MG95,99.67,97.73008451986313,83.94075282621384,110.71983803319931
2024-07-02,MG95,99.67,92.40286929130554,78.61353759765625,105.39262280464172
2024-07-02,MG95,99.67,95.52080037641525,81.73146868276596,108.51055388975144
2024-07-02,MG92,95.23,93.72861033082009,80.33709732711316,105.86556366562844
2024-07-02,MG92,95.23,87.64651205515862,74.25499905145169,99.78346538996698
2024-07-02,MG92,95.23,91.05892218351366,77.66740917980673,103.19587551832201
2024-07-03,MG95,99.3,97.86403247880935,83.73231507825851,111.09327705430982
2024-07-03,MG95,99.3,92.04550340843201,77.91378600788117,105.27474798393249
2024-07-03,MG95,99.3,95.52795411276817,81.39623671221733,108.75719868826864
2024-07-03,MG92,94.88,93.91134485793113,80.25304944944381,106.33336035919189
2024-07-03,MG92,94.88,87.65277089238167,73.99447548389435,100.07478639364243
2024-07-03,MG92,94.88,91.04985954260826,77.39156413412094,103.47187504386902
2024-07-04,MG95,99.01,97.80624862289427,85.22603909587859,110.10014916038512
2024-07-04,MG95,99.01,91.75977079391478,79.1795612668991,104.05367133140562
2024-07-04,MG95,99.01,95.3365881357193,82.75637860870361,107.63048867321014
2024-07-04,MG92,94.59,93.93511067605019,81.45092164731027,105.17196790790558
2024-07-04,MG92,94.59,87.38493435645103,74.9007453277111,98.62179158830642
2024-07-04,MG92,94.59,90.92357942271232,78.4393903939724,102.16043665456772
2024-07-05,MG95,99.01,97.22118074226378,85.05839715766906,109.35718574333191
2024-07-05,MG95,99.01,91.60452858924864,79.44174500465392,103.74053359031677
2024-07-05,MG95,99.01,95.0901531009674,82.92736951637268,107.22615810203553
2024-07-05,MG92,94.59,93.56763744235039,81.3746587920189,104.55267327308657
2024-07-05,MG92,94.59,87.31158554959296,75.11860689926148,98.29662138032914
2024-07-05,MG92,94.59,90.68938394808768,78.4964052977562,101.67441977882386
2024-07-08,MG95,98.17,97.6938362159729,81.52966668987274,113.5480062904358
2024-07-08,MG95,98.17,92.02368142700195,75.8595119009018,107.87785150146485
2024-07-08,MG95,98.17,95.57275000476838,79.40858047866823,111.42692007923128
2024-07-08,MG92,93.75,93.87236484074593,78.44811787390708,108.92041144037245
2024-07-08,MG92,93.75,87.62796955847742,72.20372259163857,102.67601615810393
2024-07-08,MG92,93.75,90.93767189431192,75.51342492747307,105.98571849393844
2024-07-09,MG95,97.03,97.51226966428756,84.38775365400315,110.1908587126732
2024-07-09,MG95,97.03,91.76451557540892,78.63999956512451,104.44310462379457
2024-07-09,MG95,97.03,95.29457720327378,82.17006119298937,107.97316625165942
2024-07-09,MG92,92.61,93.51986196899415,80.61153673017024,105.2163352742195
2024-07-09,MG92,92.61,87.18361126232148,74.27528602349757,98.88008456754683
2024-07-09,MG92,92.61,90.74373355937006,77.83540832054615,102.44020686459541
2024-07-10,MG95,95.6,97.58894504928588,83.00907099628449,111.7285945739746
2024-07-10,MG95,95.6,92.05136303520202,77.47148898220063,106.19101255989074
2024-07-10,MG95,95.6,95.43519209408758,80.85531804108619,109.5748416187763
2024-07-10,MG92,91.18,93.62904813981056,79.5069190696478,106.87927459454536
2024-07-10,MG92,91.18,87.56857442712784,73.44644535696507,100.81880088186264
2024-07-10,MG92,91.18,90.82057973122596,76.69845066106319,104.07080618596076
2024-07-11,MG95,96.48,97.2805854063034,83.83978221702574,110.79165171909332
2024-07-11,MG95,96.48,91.77155470848083,78.33075151920318,105.28262102127076
2024-07-11,MG95,96.48,95.22334366369248,81.78254047441482,108.7344099764824
2024-07-11,MG92,92.06,93.27883680868149,79.99346555757522,105.70693669962881
2024-07-11,MG92,92.06,87.37727993893624,74.09190868782997,99.80537982988356
2024-07-11,MG92,92.06,90.64245527672767,77.3570840256214,103.070555167675
2024-07-12,MG95,98.5,97.48749891042709,83.6095704627037,111.16989464521407
2024-07-12,MG95,98.5,91.98338199996948,78.10545355224609,105.66577773475646
2024-07-12,MG95,98.5,95.29381920814515,81.41589076042176,108.97621494293213
2024-07-12,MG92,94.08,93.50096616697311,79.90938098561764,106.19114157032966
2024-07-12,MG92,94.08,87.36175623559953,73.77017105424406,100.05193163895608
2024-07-12,MG92,94.08,90.6653548309803,77.07376964962484,103.35553023433685
2024-07-15,MG95,97.85,97.8421777768135,83.57333440732955,111.55367097330094
2024-07-15,MG95,97.85,91.86392632865905,77.5950829591751,105.57541952514649
2024-07-15,MG95,97.85,95.41743735265732,81.14859398317337,109.12893054914475
2024-07-15,MG92,93.43,93.92647702288627,80.08355974447727,106.75504038047791
2024-07-15,MG92,93.43,87.319782456398,73.476865177989,100.14834581398964
2024-07-15,MG92,93.43,90.77692549180983,76.93400821340083,103.60548884940147
2024-07-16,MG95,96.55,97.48647525644301,82.33474131917953,112.44817824220655
2024-07-16,MG95,96.55,91.8439862060547,76.69225226879121,106.80568919181823
2024-07-16,MG95,96.55,95.4897778544426,80.3380439171791,110.45148084020613
2024-07-16,MG92,92.13,93.48536456465723,78.8537689101696,107.54398515820505
2024-07-16,MG92,92.13,87.19598852777483,72.5643928732872,101.25460912132264
2024-07-16,MG92,92.13,90.92303481721879,76.29143916273117,104.9816554107666
2024-07-17,MG95,96.37,97.85752472305298,82.85380879306793,112.78957282447816
2024-07-17,MG95,96.37,91.75420994567871,76.75049401569366,106.68625804710389
2024-07-17,MG95,96.37,95.38128450775147,80.37756857776643,110.31333260917665
2024-07-17,MG92,91.95,93.65673503422738,79.12463297927381,107.65093768382074
2024-07-17,MG92,91.95,87.01903277611733,72.48693072116376,101.01323542571069
2024-07-17,MG92,91.95,90.65661627316476,76.12451421821119,104.65081892275812
2024-07-18,MG95,97.64,97.70613633584975,81.69273291063308,113.80097920846939
2024-07-18,MG95,97.64,91.49629049110412,75.48288706588745,107.59113336372376
2024-07-18,MG95,97.64,95.38909876060485,79.37569533538819,111.48394163322449
2024-07-18,MG92,93.22,93.72133677864073,78.36135351860523,108.92543946409225
2024-07-18,MG92,93.22,86.96575394558907,71.60577068555357,102.16985663104059
2024-07-18,MG92,93.22,90.57915175652502,75.21916849648952,105.78325444197654
2024-07-19,MG95,96.84,97.14192000389099,83.07354811191557,111.40518357276915
2024-07-19,MG95,96.84,91.66477705764771,77.5964051656723,105.92804062652587
2024-07-19,MG95,96.84,95.10164262294771,81.03327073097229,109.36490619182587
2024-07-19,MG92,92.42,93.18694367909433,79.36344432616235,106.38789934182168
2024-07-19,MG92,92.42,87.11004333233834,73.28654397940636,100.31099899506569
2024-07-19,MG92,92.42,90.45730372190475,76.63380436897278,103.6582593846321
2024-07-22,MG95,95.04,97.58455263805388,84.36679096889496,110.77919241619108
2024-07-22,MG95,95.04,91.27830702400206,78.06054535484314,104.47294680213926
2024-07-22,MG95,95.04,95.1590149886608,81.94125331950188,108.353654766798
2024-07-22,MG92,90.62,93.85635583806038,80.77557750868797,105.97300305414198
2024-07-22,MG92,90.62,87.00989768195153,73.92911935257912,99.12654489803313
2024-07-22,MG92,90.62,90.39687925934791,77.3161009299755,102.51352647542952
2024-07-23,MG95,94.99,97.05208413362502,84.44192986249924,109.68343718767166
2024-07-23,MG95,94.99,91.27820668792722,78.66805241680144,103.90955974197387
2024-07-23,MG95,94.99,95.13431942939758,82.5241651582718,107.76567248344422
2024-07-23,MG92,90.57,93.13890819454193,80.55603930020331,104.6386280801296
2024-07-23,MG92,90.57,87.01283776116372,74.4299688668251,98.5125576467514
2024-07-23,MG92,90.57,90.3603776319027,77.77750873756408,101.86009751749037
2024-07-24,MG95,93.51,97.75682915639877,81.79881124448777,113.90975546789169
2024-07-24,MG95,93.51,91.61121543121337,75.65319751930237,107.76414174270629
2024-07-24,MG95,93.51,95.33291628551481,79.37489837360381,111.48584259700773
2024-07-24,MG92,89.09,93.55208625197412,78.21996141254904,108.78967435479164
2024-07-24,MG92,89.09,86.94679234933852,71.61466750991345,102.18438045215605
2024-07-24,MG92,89.09,90.55915102767943,75.22702618825436,105.79673913049696
2024-07-25,MG95,94.15,91.41918333244324,76.26418289852141,106.70225161743163
2024-07-25,MG95,94.15,95.41291166448593,80.2579112305641,110.69597994947432
2024-07-25,MG95,94.15,93.68217485690118,78.52717442297936,108.96524314188957
2024-07-25,MG92,89.73,87.01819244956971,72.33207662141324,101.33575062727928
2024-07-25,MG92,89.73,90.58312681651117,75.8970109883547,104.90068499422074
2024-07-25,MG92,89.73,89.58684812808038,74.9007322999239,103.90440630578995
2024-07-26,MG95,95.36,91.53474373435975,76.45814479446412,106.98287601089478
2024-07-26,MG95,95.36,95.14759113430978,80.07099219441415,110.59572341084481
2024-07-26,MG95,95.36,93.7383127362728,78.66171379637717,109.18644501280784
2024-07-26,MG92,90.94,86.69699624156952,72.03455315685272,101.12821124410631
2024-07-26,MG92,90.94,90.28096138429642,75.61851829957962,104.7121763868332
2024-07-26,MG92,90.94,89.60983061289788,74.94738752818108,104.04104561543467
2024-07-29,MG95,95.11,91.61688330459594,76.29646212863922,107.18918704795836
2024-07-29,MG95,95.11,95.25265829944611,79.93223712348939,110.82496204280852
2024-07-29,MG95,95.11,93.50494318056107,78.18452200460435,109.07724692392348
2024-07-29,MG92,90.69,86.89169671154023,72.0546146235466,101.48827521419526
2024-07-29,MG92,90.69,90.49767864966392,75.66059656167029,105.09425715231895
2024-07-29,MG92,90.69,89.37893755483628,74.54185546684265,103.9755160574913
2024-07-30,MG95,93.01,91.53845393943786,73.64458524513243,109.98768280792235
2024-07-30,MG95,93.01,95.3597991964817,77.46593050217628,113.8090280649662
2024-07-30,MG95,93.01,93.73238742542267,75.83851873111725,112.18161629390717
2024-07-30,MG92,88.91,86.97901195836067,70.11157328677177,104.6109669585228
2024-07-30,MG92,88.91,90.45744188714028,73.59000321555138,108.0893968873024
2024-07-30,MG92,88.91,89.61873645734788,72.75129778575898,107.25069145751
2024-07-31,MG95,93.39,91.5400883026123,76.82115402412416,105.96949726295472
2024-07-31,MG95,93.39,95.42052828502655,80.7015940065384,109.84993724536896
2024-07-31,MG95,93.39,93.73040681004525,79.0114725315571,108.15981577038767
2024-07-31,MG92,89.28,87.19915411233902,72.93564275979995,100.71556197881698
2024-07-31,MG92,89.28,90.685643532753,76.42213218021394,104.20205139923097
2024-07-31,MG92,89.28,89.70411171436311,75.44060036182404,103.22051958084107
2024-08-01,MG95,93.51,91.37578909492493,76.04751940822601,107.01869598960876
2024-08-01,MG95,93.51,95.24043304824829,79.91216336154937,110.88333994293212
2024-08-01,MG95,93.51,93.24762842345237,77.91935873675345,108.8905353181362
2024-08-01,MG92,89.4,86.89987021684648,72.04697616159916,101.55629273414611
2024-08-01,MG92,89.4,90.34069404792785,75.48779999268054,104.99711656522749
2024-08-01,MG92,89.4,89.22310757541658,74.37021352016926,103.87953009271621
2024-08-02,MG95,92.86,91.63245769309998,75.86207381534577,107.40614708709717
2024-08-02,MG95,92.86,95.39206601810456,79.62168214035034,111.16575541210175
2024-08-02,MG95,92.86,93.45055461788178,77.68017074012756,109.22424401187897
2024-08-02,MG92,87.7,87.10566512465476,71.94905152618887,101.9843806064129
2024-08-02,MG92,87.7,90.58122694611549,75.4246133476496,105.45994242787363
2024-08-02,MG92,87.7,89.18599054956435,74.02937695109846,104.06470603132249
2024-08-05,MG95,87.55,91.61990676498414,75.57033775901795,107.50320774650574
2024-08-05,MG95,87.55,95.52772134685517,79.47815234088898,111.41102232837677
2024-08-05,MG95,87.55,93.44017721915245,77.39060821318625,109.32347820067405
2024-08-05,MG92,82.85,87.16981288766861,71.81615866935255,102.21099859333042
2024-08-05,MG92,82.85,90.68849727463723,75.33484305632116,105.72968298029903
2024-08-05,MG92,82.85,89.17117087030411,73.81751665198804,104.21235657596591
2024-08-06,MG95,87.23,91.50669868659972,76.20478951644898,106.98401761245728
2024-08-06,MG95,87.23,95.3094769425392,80.00756777238847,110.78679586839677
2024-08-06,MG95,87.23,93.19599539780616,77.89408622765542,108.67331432366372
2024-08-06,MG92,83.27,86.74022519207003,71.92963998293878,101.25448360419274
2024-08-06,MG92,83.27,90.47072078609466,75.66013557696341,104.98497919821737
2024-08-06,MG92,83.27,89.05301956272126,74.24243435359001,103.56727797484398
2024-08-07,MG95,87.3,91.5984303855896,74.88698888778687,108.56221711158753
2024-08-07,MG95,87.3,95.39024667215347,78.67880517435074,112.3540333981514
2024-08-07,MG95,87.3,93.11171027326583,76.4002687754631,110.07549699926376
2024-08-07,MG92,82.76,86.93917835259438,71.01088437581063,103.03727147722245
2024-08-07,MG92,82.76,90.41955983638763,74.49126585960389,106.5176529610157
2024-08-07,MG92,82.76,88.95439883303644,73.02610485625269,105.0524919576645
2024-08-08,MG95,89.62,91.54109835243226,74.65118127441406,108.73083077049253
2024-08-08,MG95,89.62,95.42802628040315,78.53810920238494,112.61775869846342
2024-08-08,MG95,89.62,93.00521588802339,76.11529881000519,110.19494830608366
2024-08-08,MG92,85.03,86.80792360067369,70.73569976925849,103.13837233424186
2024-08-08,MG92,85.03,90.47259324240686,74.40036941099166,106.80304197597503
2024-08-08,MG92,85.03,88.77743834066393,72.70521450924873,105.10788707423211
2024-08-09,MG95,89.62,91.55705847740174,74.60027855396271,108.72204133033752
2024-08-09,MG95,89.62,95.49537035131455,78.53859042787552,112.66035320425033
2024-08-09,MG95,89.62,93.26183248257638,76.30505255913735,110.42681533551216
2024-08-09,MG92,85.03,87.0007774796486,70.88725000286102,103.3267799284458
2024-08-09,MG92,85.03,90.66464754748344,74.55112007069586,106.99064999628064
2024-08-09,MG92,85.03,88.90430281853676,72.79077534174918,105.23030526733396
2024-08-12,MG95,91.37,91.53758213043213,75.20510441303253,108.3489695072174
2024-08-12,MG95,91.37,95.32513159656524,78.99265387916564,112.13651897335052
2024-08-12,MG95,91.37,92.88341909837723,76.55094138097763,109.69480647516251
2024-08-12,MG92,86.89,86.86581465387346,71.20404779279234,102.74396560096744
2024-08-12,MG92,86.89,90.42964342355728,74.76787656247616,106.30779437065127
2024-08-12,MG92,86.89,88.63243916916848,72.97067230808736,104.51059011626246
2024-08-13,MG95,91.98,91.50250240898131,75.75615459537505,107.46310676193235
2024-08-13,MG95,91.98,95.39717186689377,79.65082405328751,111.35777621984481
2024-08-13,MG95,91.98,92.92998421168328,77.18363639807701,108.89058856463431
2024-08-13,MG92,87.5,86.78982998728752,71.62163796544075,101.81504948854446
2024-08-13,MG92,87.5,90.55285913872719,75.38466711688042,105.57807863998413
2024-08-13,MG92,87.5,88.8068632724285,73.63867125058174,103.83208277368544
2024-08-14,MG95,90.6,91.49294818496703,74.85876546478272,108.32314300155637
2024-08-14,MG95,90.6,95.45063445281983,78.81645173263551,112.28082926940917
2024-08-14,MG95,90.6,93.09850230717659,76.46431958699227,109.92869712376593
2024-08-14,MG92,86.12,86.76609661269188,70.90468837428094,102.73391784834863
2024-08-14,MG92,86.12,90.34113457465172,74.47972633624077,106.30895581030846
2024-08-14,MG92,86.12,88.76054000329972,72.89913176488878,104.72836123895647
2024-08-15,MG95,88.66,91.5295507850647,73.58710828208923,109.79786256217956
2024-08-15,MG95,88.66,95.5075873117447,77.56514480876923,113.77589908885956
2024-08-15,MG95,88.66,93.10523453450205,75.16279203152658,111.3735463116169
2024-08-15,MG92,83.84,86.9797352774143,70.09573472690583,104.46870711994171
2024-08-15,MG92,83.84,90.3959626765251,73.51196212601663,107.8849345190525
2024-08-15,MG92,83.84,88.76594975376128,71.8819492032528,106.25492159628868
2024-08-16,MG95,90.15,91.20653997421265,73.52754655838012,109.37285455703734
2024-08-16,MG95,90.15,95.42920946025848,77.75021604442595,113.59552404308317
2024-08-16,MG95,90.15,93.17547075605393,75.4964773402214,111.34178533887862
2024-08-16,MG92,85.99,86.48147694730758,69.78370446050168,103.82299807333946
2024-08-16,MG92,85.99,90.3834361679554,73.68566368114949,107.72495729398727
2024-08-16,MG92,85.99,88.76995988488197,72.07218739807607,106.11148101091385
2024-08-19,MG95,88.79,91.21289905166626,76.06780401802062,106.33115975952146
2024-08-19,MG95,88.79,95.37588186120988,80.23078682756424,110.49414256906508
2024-08-19,MG95,88.79,92.95771403360368,77.81261899995805,108.07597474145888
2024-08-19,MG92,84.63,86.73980609250069,72.08665446650984,100.92179513287545
2024-08-19,MG92,84.63,90.62653867173194,75.97338704574109,104.8085277121067
2024-08-19,MG92,84.63,88.65735130143165,74.0041996754408,102.8393403418064
2024-08-20,MG95,87.02,91.36685695457459,75.13456480789185,107.76916300582887
2024-08-20,MG95,87.02,95.34015135002136,79.10785920333862,111.74245740127564
2024-08-20,MG95,87.02,92.88199508428573,76.649702937603,109.28430113554002
2024-08-20,MG92,82.86,86.62679174518587,71.08270251190663,102.13962402200698
2024-08-20,MG92,82.86,90.45068237614632,74.90659314286708,105.96351465296743
2024-08-20,MG92,82.86,88.73185290670395,73.18776367342471,104.24468518352506
2024-08-21,MG95,87.66,91.24365986251831,74.77253441238403,108.0286142578125
2024-08-21,MG95,87.66,95.4015873761177,78.93046192598342,112.1865417714119
2024-08-21,MG95,87.66,92.86688252162934,76.39575707149505,109.65183691692353
2024-08-21,MG92,83.5,86.60158407616616,70.8526147209406,102.49151023197174
2024-08-21,MG92,83.5,90.33174571943285,74.58277636420728,106.22167187523843
2024-08-21,MG92,83.5,88.53707976818086,72.78811041295529,104.42700592398644
2024-06-27,MG95,96.51,97.14215392470359,94.53829194009303,100.32405328154563
2024-06-27,MG95,96.51,92.42863172698021,89.82476974236965,95.61053108382225
2024-06-27,MG95,96.51,95.30391530990602,92.70005332529546,98.48581466674806
2024-06-27,MG92,91.27,93.41028894567489,90.40582393014432,96.84319495224953
2024-06-27,MG92,91.27,87.98206905388831,84.97760403835774,91.41497506046295
2024-06-27,MG92,91.27,90.978841165781,87.97437615025044,94.41174717235565
2024-06-28,MG95,97.45,97.76760617136955,94.04205898582936,101.81655303478242
2024-06-28,MG95,97.45,92.60373304200172,88.87818585646153,96.65267990541459
2024-06-28,MG95,97.45,95.63089191079139,91.9053447252512,99.67983877420426
2024-06-28,MG92,92.37,93.99930427908899,89.81085372626782,98.4219060111046
2024-06-28,MG92,92.37,88.18933272886278,84.00088217604161,92.61193446087839
2024-06-28,MG92,92.37,91.24369912385941,87.05524857103825,95.66630085587502
2024-07-01,MG95,97.87,98.9981108236313,93.37014115929605,104.44055254936221
2024-07-01,MG95,97.87,93.28528326749802,87.65731360316278,98.72772499322893
2024-07-01,MG95,97.87,96.59535669326783,90.96738702893259,102.03779841899875
2024-07-01,MG92,93.14,94.81111810541154,88.76533368861676,100.81810814833642
2024-07-01,MG92,93.14,88.54038673710824,82.49460232031346,94.54737678003312
2024-07-01,MG92,93.14,92.08493617939948,86.0391517626047,98.09192622232436
2024-07-02,MG95,99.67,98.41036745667458,93.98652211785316,102.8368695473671
2024-07-02,MG95,99.67,93.083152228117,88.65930688929558,97.50965431880952
2024-07-02,MG95,99.67,96.20108331322672,91.7772379744053,100.62758540391924
2024-07-02,MG92,95.23,94.34481907725335,89.53689259052277,99.32252685904503
2024-07-02,MG92,95.23,88.26272080159188,83.4547943148613,93.24042858338356
2024-07-02,MG92,95.23,91.6751309299469,86.86720444321632,96.65283871173858
2024-07-03,MG95,99.3,97.8708574318886,92.0928611034155,104.120164963007
2024-07-03,MG95,99.3,92.05232836151123,86.27433203303814,98.30163589262963
2024-07-03,MG95,99.3,95.5347790658474,89.75678273737431,101.7840865969658
2024-07-03,MG92,94.88,94.0701935198307,87.4885358800888,100.30910914444922
2024-07-03,MG92,94.88,87.81161955428124,81.22996191453935,94.05053517889976
2024-07-03,MG92,94.88,91.20870820450783,84.62705056476594,97.44762382912636
2024-07-04,MG95,99.01,98.10869482934476,93.382253434062,103.30594572305678
2024-07-04,MG95,99.01,92.06221700036528,87.33577560508252,97.2594678940773
2024-07-04,MG95,99.01,95.63903434216978,90.91259294688702,100.8362852358818
2024-07-04,MG92,94.59,94.3438037688732,88.94126552951336,99.64359269213676
2024-07-04,MG92,94.59,87.79362744927406,82.39108920991421,93.09341637253762
2024-07-04,MG92,94.59,91.33227251553535,85.92973427617551,96.63206143879891
2024-07-05,MG95,99.01,98.13711676955224,92.15393481910229,104.35497656822206
2024-07-05,MG95,99.01,92.52046461653708,86.53728266608714,98.7383244152069
2024-07-05,MG95,99.01,96.00608912825585,90.0229071778059,102.22394892692567
2024-07-05,MG92,94.59,94.46533267378805,87.78075866341591,100.90778538703917
2024-07-05,MG92,94.59,88.20928078103066,81.52470677065851,94.65173349428177
2024-07-05,MG92,94.59,91.58707917952538,84.90250516915323,98.02953189277649
2024-07-08,MG95,98.17,97.85293469309806,92.32726137816904,103.78783331394196
2024-07-08,MG95,98.17,92.18277990412713,86.65710658919811,98.11767852497103
2024-07-08,MG95,98.17,95.73184848189355,90.20617516696453,101.66674710273745
2024-07-08,MG92,93.75,94.24264878845213,87.97142697250841,100.26965304231642
2024-07-08,MG92,93.75,87.99825350618363,81.72703169023991,94.02525776004792
2024-07-08,MG92,93.75,91.30795584201812,85.0367340260744,97.33496009588241
2024-07-09,MG95,97.03,97.75742585599423,92.10686809957028,103.88126742482184
2024-07-09,MG95,97.03,92.0096717671156,86.35911401069166,98.13351333594322
2024-07-09,MG95,97.03,95.53973339498043,89.88917563855648,101.66357496380805
2024-07-09,MG92,92.61,93.89135074138642,87.4504122966528,100.01454607367516
2024-07-09,MG92,92.61,87.55510003471375,81.11416158998013,93.67829536700249
2024-07-09,MG92,92.61,91.11522233176231,84.6742838870287,97.23841766405106
2024-07-10,MG95,95.6,97.18465793430804,92.37098841965198,102.64789187908173
2024-07-10,MG95,95.6,91.64707592022418,86.83340640556813,97.11030986499787
2024-07-10,MG95,95.6,95.03090497910975,90.2172354644537,100.49413892388344
2024-07-10,MG92,91.18,93.5288686659336,87.97704295063018,98.74529198789595
2024-07-10,MG92,91.18,87.46839495325088,81.91656923794746,92.68481827521323
2024-07-10,MG92,91.18,90.72040025734901,85.16857454204559,95.93682357931137
2024-07-11,MG95,96.48,98.24285204172133,90.75344001114368,106.04591472506523
2024-07-11,MG95,96.48,92.73382134389877,85.24440931332111,100.53688402724266
2024-07-11,MG95,96.48,96.18561029911041,88.69619826853275,103.9886729824543
2024-07-11,MG92,92.06,94.2728592760563,85.91506166470052,102.09138868522645
2024-07-11,MG92,92.06,88.37130240631103,80.01350479495525,96.18983181548118
2024-07-11,MG92,92.06,91.63647774410248,83.2786801327467,99.45500715327263
2024-07-12,MG95,98.5,97.8622473192215,91.69808127403259,104.48226865649222
2024-07-12,MG95,98.5,92.35813040876388,86.19396436357498,98.97815174603461
2024-07-12,MG95,98.5,95.66856761693955,89.50440157175065,102.28858895421028
2024-07-12,MG92,94.08,94.01723083949089,87.01612620925903,100.61143373584747
2024-07-12,MG92,94.08,87.87802090811729,80.87691627788543,94.47222380447387
2024-07-12,MG92,94.08,91.18161950349807,84.1805148732662,97.77582239985465
2024-07-15,MG95,97.85,98.24426855921746,90.79365878880024,106.1589604306221
2024-07-15,MG95,97.85,92.26601711106301,84.81540734064579,100.18070898246765
2024-07-15,MG95,97.85,95.81952813506128,88.36891836464406,103.73422000646592
2024-07-15,MG92,93.43,94.44600108790397,86.0459063463211,102.22301475095749
2024-07-15,MG92,93.43,87.8393065214157,79.43921177983283,95.61632018446922
2024-07-15,MG92,93.43,91.29644955682753,82.89635481524466,99.07346321988105
2024-07-16,MG95,96.55,98.00678648114206,88.84905970156194,107.84259501457215
2024-07-16,MG95,96.55,92.36429743075371,83.20657065117359,102.2001059641838
2024-07-16,MG95,96.55,96.01008907914162,86.8523622995615,105.84589761257172
2024-07-16,MG92,92.13,94.1812656877041,83.87899641191959,103.52924941039085
2024-07-16,MG92,92.13,87.8918896508217,77.58962037503719,97.23987337350844
2024-07-16,MG92,92.13,91.61893594026566,81.31666666448115,100.9669196629524
2024-07-17,MG95,96.37,98.5622781908512,90.72090354919435,106.8114471411705
2024-07-17,MG95,96.37,92.45896341347694,84.61758877182008,100.70813236379624
2024-07-17,MG95,96.37,96.0860379755497,88.24466333389285,104.335206925869
2024-07-17,MG92,91.95,94.479644998312,85.69599843561649,102.62382297158241
2024-07-17,MG92,91.95,87.84194274020194,79.05829617750643,95.98612071347236
2024-07-17,MG92,91.95,91.47952623724937,82.69587967455386,99.62370421051979
2024-07-18,MG95,97.64,98.46292658329011,88.12384030699731,109.59032701134683
2024-07-18,MG95,97.64,92.25308073854447,81.91399446225167,103.38048116660119
2024-07-18,MG95,97.64,96.1458890080452,85.8068027317524,107.27328943610192
2024-07-18,MG92,93.22,94.66490832853316,83.11000487971305,105.1401221578121
2024-07-18,MG92,93.22,87.9093254954815,76.35442204666138,98.38453932476044
2024-07-18,MG92,93.22,91.52272330641745,79.96781985759733,101.99793713569639
2024-07-19,MG95,96.84,98.00875921726227,88.05724514901638,108.72622169137001
2024-07-19,MG95,96.84,92.53161627101898,82.58010220277309,103.24907874512672
2024-07-19,MG95,96.84,95.96848183631897,86.01696776807309,106.68594431042672
2024-07-19,MG92,92.42,94.18172614002228,83.02587825083732,104.28188637399676
2024-07-19,MG92,92.42,88.1048257932663,76.94897790408135,98.20498602724078
2024-07-19,MG92,92.42,91.45208618283272,80.29623829364776,101.5522464168072
2024-07-22,MG95,95.04,98.77966355323791,89.40546280682088,108.59104821324348
2024-07-22,MG95,95.04,92.47341793918609,83.09921719276906,102.28480259919166
2024-07-22,MG95,95.04,96.35412590384483,86.9799251574278,106.1655105638504
2024-07-22,MG92,90.62,95.0378603003025,84.65265653169155,104.60518123722076
2024-07-22,MG92,90.62,88.19140214419365,77.8061983755827,97.75872308111191
2024-07-22,MG92,90.62,91.57838372159003,81.19317995297908,101.1457046585083
2024-07-23,MG95,94.99,97.75908960700036,88.68592849373817,107.5456741154194
2024-07-23,MG95,94.99,91.98521216130257,82.91205104804038,101.77179666972161
2024-07-23,MG95,94.99,95.84132490277291,86.76816378951072,105.62790941119195
2024-07-23,MG92,90.57,93.95174129533767,83.71722610521316,103.20490270900726
2024-07-23,MG92,90.57,87.82567086195945,77.59115567183494,97.07883227562904
2024-07-23,MG92,90.57,91.17321073269844,80.93869554257392,100.42637214636802
2024-07-24,MG95,93.51,98.60855624914171,88.17823392093182,109.8198210978508
2024-07-24,MG95,93.51,92.46294252395631,82.03262019574642,103.6742073726654
2024-07-24,MG95,93.51,96.18464337825776,85.75432105004786,107.39590822696685
2024-07-24,MG92,89.09,94.58271529841423,82.94173026490212,105.14805235433579
2024-07-24,MG92,89.09,87.97742139577865,76.33643636226654,98.54275845170021
2024-07-24,MG92,89.09,91.58978007411955,79.94879504060744,102.1551171300411
2024-07-25,MG95,94.15,92.40787703442575,81.74364081668854,103.84884259748459
2024-07-25,MG95,94.15,96.40160536646843,85.73736914873122,107.84257092952727
2024-07-25,MG95,94.15,94.67086855888368,84.00663234114647,106.11183412194252
2024-07-25,MG92,89.73,88.12687399435043,76.25798885452747,98.9196638815403
2024-07-25,MG92,89.73,91.69180836129189,79.82292322146893,102.48459824848176
2024-07-25,MG92,89.73,90.6955296728611,78.82664453303813,101.48831956005097
2024-07-26,MG95,95.36,92.35128329253197,83.65149843847753,101.61604980683327
2024-07-26,MG95,95.36,95.964130692482,87.26434583842756,105.2288972067833
2024-07-26,MG95,95.36,94.55485229444503,85.85506744039058,103.81961880874633
2024-07-26,MG92,90.94,87.6816968023777,77.91343620538711,96.61496495008468
2024-07-26,MG92,90.94,91.2656619451046,81.49740134811401,100.19893009281158
2024-07-26,MG92,90.94,90.59453117370606,80.82627057671547,99.52779932141304
2024-07-29,MG95,95.11,92.62065313482286,81.85609317743778,104.1959728064537
2024-07-29,MG95,95.11,96.25642812967303,85.49186817228795,107.83174780130386
2024-07-29,MG95,95.11,94.50871301078797,83.7441530534029,106.08403268241881
2024-07-29,MG92,90.69,88.03417100572587,76.0473076429367,98.92143831515313
2024-07-29,MG92,90.69,91.64015294384956,79.65328958106039,102.52742025327682
2024-07-29,MG92,90.69,90.52141184902192,78.53454848623275,101.40867915844917
2024-07-30,MG95,93.01,92.23633958888055,82.12636680495739,103.12190718245506
2024-07-30,MG95,93.01,96.0576848459244,85.94771206200123,106.9432524394989
2024-07-30,MG95,93.01,94.43027307486535,84.32030029094219,105.31584066843986
2024-07-30,MG92,88.91,87.98927315855028,76.66947471642494,98.24264934444429
2024-07-30,MG92,88.91,91.46770308732985,80.14790464520452,101.72107927322386
2024-07-30,MG92,88.91,90.62899765753747,79.30919921541214,100.88237384343148
2024-07-31,MG95,93.39,92.67283512949943,80.67101556360721,105.60691804885863
2024-07-31,MG95,93.39,96.55327511191368,84.55145554602146,109.48735803127288
2024-07-31,MG95,93.39,94.86315363693238,82.86133407104016,107.79723655629158
2024-07-31,MG92,89.28,88.3667475092411,75.1191181898117,100.45133238554001
2024-07-31,MG92,89.28,91.85323692965508,78.60560761022569,103.937821805954
2024-07-31,MG92,89.28,90.87170511126519,77.62407579183579,102.9562899875641
2024-08-01,MG95,93.51,92.39395974826814,80.04888898086547,105.9466097588539
2024-08-01,MG95,93.51,96.25860370159151,83.91353293418884,109.81125371217726
2024-08-01,MG95,93.51,94.26579907679559,81.92072830939291,107.81844908738134
2024-08-01,MG92,89.4,88.08191456413269,74.35074320173264,100.48211395478249
2024-08-01,MG92,89.4,91.52273839521406,77.79156703281402,103.92293778586387
2024-08-01,MG92,89.4,90.40515192270277,76.67398056030272,102.80535131335257
2024-08-02,MG95,92.86,92.45135400032996,81.3904293808937,104.41987294888496
2024-08-02,MG95,92.86,96.21096232533455,85.1500377058983,108.17948127388955
2024-08-02,MG95,92.86,94.26945092511177,83.20852630567552,106.23796987366677
2024-08-02,MG92,87.7,88.08910833954812,75.75735819697381,99.2545699477196
2024-08-02,MG92,87.7,91.56467016100883,79.23292001843453,102.73013176918032
2024-08-02,MG92,87.7,90.1694337644577,77.83768362188339,101.33489537262918
2024-08-05,MG95,87.55,92.25777543854713,80.61850558292866,104.99198623967173
2024-08-05,MG95,87.55,96.16559002041816,84.5263201647997,108.89980082154277
2024-08-05,MG95,87.55,94.07804589271545,82.43877603709699,106.81225669384006
2024-08-05,MG92,82.85,88.00716445589066,75.00990138316153,99.71159787917135
2024-08-05,MG92,82.85,91.52584884285929,78.52858577013016,103.23028226613998
2024-08-05,MG92,82.85,90.00852243852617,77.01125936579705,101.71295586180686
2024-08-06,MG95,87.23,92.41944732904435,80.19567495822906,105.8470247590542
2024-08-06,MG95,87.23,96.22222558498385,83.99845321416856,109.6498030149937
2024-08-06,MG95,87.23,94.1087440402508,81.88497166943552,107.53632147026065
2024-08-06,MG92,83.27,87.82186642003057,74.2068841804266,100.09773412656783
2024-08-06,MG92,83.27,91.55236201405523,77.93737977445126,103.82822972059249
2024-08-06,MG92,83.27,90.13466079068183,76.51967855107786,102.41052849721909
2024-08-07,MG95,87.3,92.75790584731104,80.10574078905583,106.52818146395684
2024-08-07,MG95,87.3,96.5497221338749,83.89755707561969,110.3199977505207
2024-08-07,MG95,87.3,94.27118573498727,81.61902067673206,108.04146135163307
2024-08-07,MG92,82.76,88.25027837324143,74.28470794427396,100.9703494744301
2024-08-07,MG92,82.76,91.73065985703467,77.7650894280672,104.45073095822333
2024-08-07,MG92,82.76,90.26549885368347,76.299928424716,102.98556995487213
2024-08-08,MG95,89.62,92.23969107723235,81.19718128299712,104.25710338211059
2024-08-08,MG95,89.62,96.12661900520325,85.08410921096802,108.14403131008149
2024-08-08,MG95,89.62,93.70380861282348,82.66129881858825,105.72122091770171
2024-08-08,MG92,85.03,87.76876678848267,75.41643660509587,98.90035404825211
2024-08-08,MG92,85.03,91.43343643021583,79.08110624682904,102.56502368998528
2024-08-08,MG92,85.03,89.7382815284729,77.3859513450861,100.86986878824234
2024-08-09,MG95,89.62,92.35591054654122,80.17913873887063,105.71141360497477
2024-08-09,MG95,89.62,96.29422242045403,84.11745061278344,109.64972547888758
2024-08-09,MG95,89.62,94.06068455171587,81.88391274404528,107.41618761014941
2024-08-09,MG92,85.03,88.03752399039269,74.48129644703866,100.27162806344035
2024-08-09,MG92,85.03,91.70139405822752,78.1451665148735,103.93549813127518
2024-08-09,MG92,85.03,89.94104932928084,76.38482178592682,102.1751534023285
2024-08-12,MG95,91.37,92.23833873486518,80.81278347289563,104.78384033656121
2024-08-12,MG95,91.37,96.02588820099831,84.60033293902876,108.57138980269434
2024-08-12,MG95,91.37,93.58417570281028,82.15862044084074,106.12967730450632
2024-08-12,MG92,86.89,87.84667700076105,75.04087997937204,99.31740651988984
2024-08-12,MG92,86.89,91.41050577044487,78.60470874905586,102.88123528957367
2024-08-12,MG92,86.89,89.61330151605607,76.80750449466706,101.08403103518486
2024-08-13,MG95,91.98,92.4083510301113,80.76649853801727,105.09561827993394
2024-08-13,MG95,91.98,96.30302048802376,84.66116799592973,108.9902877378464
2024-08-13,MG95,91.98,93.83583283281327,82.19398034071924,106.5231000826359
2024-08-13,MG92,87.5,87.87496825003623,74.90368485176562,99.59504013323783
2024-08-13,MG92,87.5,91.6379974014759,78.66671400320529,103.3580692846775
2024-08-13,MG92,87.5,89.89200153517723,76.92071813690661,101.61207341837883
2024-08-14,MG95,90.6,92.38979433560371,79.5785320290327,106.51412489795685
2024-08-14,MG95,90.6,96.3474806034565,83.5362182968855,110.47181116580964
2024-08-14,MG95,90.6,93.99534845781326,81.18408615124225,108.1196790201664
2024-08-14,MG92,86.12,87.8739291510582,73.64723093008995,100.73092030382156
2024-08-14,MG92,86.12,91.44896711301803,77.22226889204977,104.30595826578138
2024-08-14,MG92,86.12,89.86837254166603,75.64167432069777,102.72536369442939
2024-08-15,MG95,88.66,92.63363239502908,79.10227630770208,107.52404249048234
2024-08-15,MG95,88.66,96.61166892170908,83.08031283438208,111.50207901716234
2024-08-15,MG95,88.66,94.20931614446641,80.67796005713942,109.09972623991968
2024-08-15,MG92,83.84,88.2962008805275,73.38353363227844,101.88301557016374
2024-08-15,MG92,83.84,91.71242827963829,76.79976103138924,105.29924296927453
2024-08-15,MG92,83.84,90.08241535687446,75.16974810862541,103.6692300465107
2024-08-16,MG95,90.15,92.26221649980545,78.26976573204993,107.8416603240967
2024-08-16,MG95,90.15,96.48488598585129,82.49243521809578,112.06432981014254
2024-08-16,MG95,90.15,94.23114728164674,80.23869651389123,109.81059110593799
2024-08-16,MG92,85.99,87.7863765618801,72.32569499826431,101.81882808184625
2024-08-16,MG92,85.99,91.68833578252793,76.22765421891214,105.72078730249407
2024-08-16,MG92,85.99,90.0748594994545,74.61417793583871,104.10731101942065
2024-08-19,MG95,88.79,92.36832677960396,78.49540704131127,107.75320058703424
2024-08-19,MG95,88.79,96.53130958914758,82.65838985085489,111.91618339657786
2024-08-19,MG95,88.79,94.11314176154139,80.24022202324869,109.49801556897167
2024-08-19,MG92,84.63,87.98723635697365,72.67741042637826,101.9076751174927
2024-08-19,MG92,84.63,91.8739689362049,76.56414300560951,105.79440769672395
2024-08-19,MG92,84.63,89.90478156590461,74.59495563530922,103.82522032642366
2024-08-20,MG95,87.02,92.52658342456817,78.50312961673738,108.09566249585153
2024-08-20,MG95,87.02,96.49987782001494,82.47642401218415,112.0689568912983
2024-08-20,MG95,87.02,94.04172155427932,80.01826774644853,109.61080062556267
2024-08-20,MG92,82.86,87.92899933457375,72.46479884803294,102.00066017031669
2024-08-20,MG92,82.86,91.75288996553422,76.28868947899342,105.82455080127717
2024-08-20,MG92,82.86,90.03406049609185,74.56986000955105,104.1057213318348
2024-08-21,MG95,87.66,92.35046103429795,78.82741727364065,107.31236398053171
2024-08-21,MG95,87.66,96.50838854789734,82.98534478724004,111.4702914941311
2024-08-21,MG95,87.66,93.97368369340896,80.45063993275166,108.93558663964272
2024-08-21,MG92,83.5,87.88687957525252,72.93514312148095,101.45647148132325
2024-08-21,MG92,83.5,91.6170412185192,76.66530476474763,105.18663312458993
2024-08-21,MG92,83.5,89.8223752672672,74.87063881349563,103.39196717333793
2024-08-22,MG95,85.72,96.32204191923141,82.75981391906737,111.39981573462485
2024-08-22,MG95,85.72,93.6619711625576,80.09974316239357,108.73974497795105
2024-08-22,MG95,85.72,93.3381319642067,79.77590396404266,108.41590577960014
2024-08-22,MG92,81.82,91.4695008096695,76.43751890218257,105.06363356566428
2024-08-22,MG92,81.82,89.67038929367067,74.63840738618374,103.26452204966544
2024-08-22,MG92,81.82,88.84479151058198,73.81280960309506,102.43892426657676
2024-08-23,MG95,87.27,96.28460566282274,82.28188706219197,111.9441967356205
2024-08-23,MG95,87.27,93.75526881909371,79.75255021846294,109.41485989189147
2024-08-23,MG95,87.27,93.14080836224556,79.1380897616148,108.80039943504332
2024-08-23,MG92,83.04,91.4907760128975,75.98008586621285,105.5159956882
2024-08-23,MG92,83.04,89.55725606775285,74.0465659210682,103.58247574305534
2024-08-23,MG92,83.04,88.81862739610673,73.30793724942208,102.84384707140923
2024-08-26,MG95,89.06,96.27592389941216,83.42505546569825,110.45065293073654
2024-08-26,MG95,89.06,93.48760610747337,80.63673767375946,107.66233513879774
2024-08-26,MG95,89.06,93.11399523782731,80.2631268041134,107.28872426915169
2024-08-26,MG92,85.58,91.39639774560928,77.12679884254932,104.29196232914924
2024-08-26,MG92,85.58,89.54986949467659,75.28027059161663,102.44543407821655
2024-08-26,MG92,85.58,88.69615739488601,74.42655849182606,101.59172197842598
2024-08-27,MG95,89.58,96.56050877451896,81.52506055116653,113.50237600684166
2024-08-27,MG95,89.58,93.87654542326928,78.84109719991685,110.81841265559197
2024-08-27,MG95,89.58,93.18200526881219,78.14655704545976,110.12387250113488
2024-08-27,MG92,86.1,91.71994896697998,75.1545896588564,106.79686854410171
2024-08-27,MG92,86.1,89.70140331315994,73.13604400503635,104.77832289028167
2024-08-27,MG92,86.1,88.7662303071022,72.20087099897862,103.84314988422393
2024-08-28,MG95,86.67,96.57593617916109,81.63283003747463,113.35912805080415
2024-08-28,MG95,86.67,94.0349260632992,79.09181992161274,110.81811793494225
2024-08-28,MG95,86.67,93.35138795042039,78.40828180873393,110.13457982206344
2024-08-28,MG92,83.14,91.72238904094696,75.2759456167221,106.71394914007185
2024-08-28,MG92,83.14,90.01407076191904,73.56762733769418,105.00563086104393
2024-08-28,MG92,83.14,88.72041117668152,72.27396775245666,103.7119712758064
2024-08-29,MG95,86.07,96.68812180280686,81.82998611152173,113.34554554939271
2024-08-29,MG95,86.07,93.58962312126161,78.73148742997648,110.24704686784746
2024-08-29,MG95,86.07,93.3188422679901,78.46070657670498,109.97626601457596
2024-08-29,MG92,81.88,91.69453512239457,75.34586710023882,106.60276195335389
2024-08-29,MG92,81.88,89.52739671778679,73.17872869563104,104.43562354874611
2024-08-29,MG92,81.88,88.89258568668365,72.5439176645279,103.80081251764297
2024-08-30,MG95,89.03,96.44596058011055,81.352320368886,113.49205686330797
2024-08-30,MG95,89.03,93.5663182053566,78.47267799413204,110.61241448855401
2024-08-30,MG95,89.03,93.07699248719216,77.9833522759676,110.12308877038957
2024-08-30,MG92,84.84,91.62412217521668,74.98143817329405,106.75244066023824
2024-08-30,MG92,84.84,89.57728740715982,72.93460340523718,104.70560589218137
2024-08-30,MG92,84.84,88.69855727481843,72.0558732728958,103.82687575983998
2024-09-02,MG95,86.59,96.30683344006539,81.21598680913449,113.44931394457817
2024-09-02,MG95,86.59,93.37878387093545,78.28793724000455,110.52126437544823
2024-09-02,MG95,86.59,92.98978539776802,77.89893876683712,110.13226590228079
2024-09-02,MG92,82.4,91.5651551580429,74.86658333122729,106.6496622443199
2024-09-02,MG92,82.4,89.43495951604844,72.73638768923283,104.51946660232544
2024-09-02,MG92,82.4,88.59013100194932,71.89155917513371,103.67463808822632
2024-09-03,MG95,87.9,96.62726736187935,81.81921087324619,113.20814700841905
2024-09-03,MG95,87.9,93.787724619627,78.97966813099384,110.3686042661667
2024-09-03,MG95,87.9,93.32101101994515,78.51295453131199,109.90189066648485
2024-09-03,MG92,83.71,91.89078432226182,75.60124282741548,106.75017734074595
2024-09-03,MG92,83.71,89.76336635780333,73.47382486295699,104.62275937628746
2024-09-03,MG92,83.71,88.74404853391647,72.45450703907012,103.6034415524006
2024-09-04,MG95,81.98,96.76663395166398,78.91644263863564,117.45915068387988
2024-09-04,MG95,81.98,94.1365758869648,76.28638457393647,114.82909261918071
2024-09-04,MG95,81.98,93.32966003036499,75.47946871733666,114.0221767625809
2024-09-04,MG92,77.79,91.74641687178611,72.29692031228542,109.73909550690651
2024-09-04,MG92,77.79,89.86662048506736,70.41712392556667,107.85929912018776
2024-09-04,MG92,77.79,88.81643398833273,69.36693742883205,106.80911262345313
2024-09-05,MG95,80.92,96.79019808650018,78.98090136826039,117.45033209204674
2024-09-05,MG95,80.92,93.82793882703783,76.01864210879803,114.48807283258438
2024-09-05,MG95,80.92,93.34743712162972,75.53814040338993,114.00757112717628
2024-09-05,MG92,77.08,91.92874557900429,72.5068561284542,109.87257962393758
2024-09-05,MG92,77.08,89.82375601220132,70.40186656165123,107.76759005713461
2024-09-05,MG92,77.08,88.85638289856911,69.43449344801903,106.8002169435024
2024-09-06,MG95,80.78,96.48021785616876,81.6018030524254,113.27868890166285
2024-09-06,MG95,80.78,93.52421779561044,78.64580299186707,110.32268884110452
2024-09-06,MG95,80.78,92.92837625956537,78.049961455822,109.72684730505945
2024-09-06,MG92,76.35,91.58116652679442,75.14415360045432,106.48113763046265
2024-09-06,MG92,76.35,89.32297434687615,72.88596142053605,104.22294545054439
2024-09-06,MG92,76.35,88.55203412485122,72.11502119851112,103.45200522851945
2024-09-09,MG95,81.59,96.74049060106279,80.96278239250184,114.6473744904995
2024-09-09,MG95,81.59,93.80199159407616,78.0242833855152,111.70887548351287
2024-09-09,MG95,81.59,93.11648988533021,77.33878167676926,111.02337377476692
2024-09-09,MG92,77.16,91.90452806043625,74.57287343847752,107.73957344579696
2024-09-09,MG92,77.16,89.6778995780945,72.34624495613576,105.51294496345521
2024-09-09,MG92,77.16,88.69068182182312,71.35902719986439,104.52572720718383
2024-09-10,MG95,80.21,96.84145857453348,79.2722729331255,117.14939622044564
2024-09-10,MG95,80.21,93.8268615167141,76.25767587530613,114.13479916262627
2024-09-10,MG95,80.21,93.32700537085533,75.75781972944736,113.6349430167675
2024-09-10,MG92,76.35,91.87641116571425,72.7116509760618,109.57273505759237
2024-09-10,MG92,76.35,89.73264641165733,70.56788622200489,107.42897030353545
2024-09-10,MG92,76.35,88.69351593637467,69.52875574672223,106.38983982825279
2024-09-11,MG95,79.47,96.87738971829415,80.42237511694432,115.58999917626382
2024-09-11,MG95,79.47,93.82940240621568,77.37438780486585,112.54201186418534
2024-09-11,MG95,79.47,93.1975943119526,76.74257971060277,111.91020376992226
2024-09-11,MG92,75.61,91.92646285963059,73.95143272769451,108.47469099473953
2024-09-11,MG92,75.61,89.67478237581253,71.69975224387645,106.22301051092147
2024-09-11,MG92,75.61,88.72117127037049,70.74614113843441,105.26939940547943
2024-09-12,MG95,80.35,96.51891749501227,80.02290567755699,115.4204870045185
2024-09-12,MG95,80.35,93.46144660305977,76.96543478560449,112.363016112566
2024-09-12,MG95,80.35,93.03925923728943,76.54324741983415,111.94082874679566
2024-09-12,MG92,76.49,91.51432746887207,73.41908273875713,108.0787006163597
2024-09-12,MG92,76.49,89.41784916734696,71.32260443723202,105.98222231483459
2024-09-12,MG92,76.49,88.57293414258957,70.47768941247463,105.1373072900772
2024-09-13,MG95,80.31,97.00929915904999,78.88934490978717,118.05459377169609
2024-09-13,MG95,80.31,93.93241133379937,75.81245708453655,114.97770594644547
2024-09-13,MG95,80.31,93.20829384040833,75.08833959114551,114.25358845305443
2024-09-13,MG92,75.89,92.19005551433563,72.47856355702876,110.4722127125263
2024-09-13,MG92,75.89,89.68029444169998,69.96880248439312,107.96245163989066
2024-09-13,MG92,75.89,88.73813111257553,69.02663915526867,107.0202883107662
2024-09-16,MG95,80.46,96.70762669444085,78.633612588048,117.81861035227777
2024-09-16,MG95,80.46,93.65352092456817,75.57950681817532,114.7645045824051
2024-09-16,MG95,80.46,93.07219191384314,74.99817780745029,114.18317557168007
2024-09-16,MG92,76.04,91.92691767907141,72.18652528738974,110.12193707680701
2024-09-16,MG92,76.04,89.52929930305481,69.78890691137315,107.72431870079042
2024-09-16,MG92,76.04,88.49346140837669,68.75306901669502,106.6884808061123
2024-09-17,MG95,82.54,96.5294646859169,78.58950822651387,117.46595789790155
2024-09-17,MG95,82.54,93.66827264785766,75.72831618845463,114.6047658598423
2024-09-17,MG95,82.54,93.0346705441475,75.09471408474447,113.97116375613214
2024-09-17,MG92,77.43,91.56446322894095,71.9535596565008,109.61289496755597
2024-09-17,MG92,77.43,89.4498088722229,69.83890529978275,107.49824061083793
2024-09-17,MG92,77.43,88.60191946411133,68.99101589167118,106.65035120272636
2024-09-18,MG95,83.86,96.82055119156837,79.03005697906016,117.48531455874442
2024-09-18,MG95,83.86,93.78196886658668,75.99147465407847,114.44673223376273
2024-09-18,MG95,83.86,93.0330135319233,75.2425193194151,113.69777689909935
2024-09-18,MG92,79.24,91.90134647989272,72.4807449659109,109.81672736549376
2024-09-18,MG92,79.24,89.74881998586656,70.32821847188474,107.6642008714676
2024-09-18,MG92,79.24,88.56923058271408,69.14862906873226,106.48461146831512
2024-07-25,MG95,94.15,90.8170541727543,85.99727406322958,93.93283614873889
2024-07-25,MG95,94.15,94.81078250479698,89.99100239527226,97.92656448078156
2024-07-25,MG95,94.15,93.08004569721223,88.26026558768751,96.19582767319682
2024-07-25,MG92,89.73,86.5813493306637,82.53463275265695,90.01917968106271
2024-07-25,MG92,89.73,90.14628369760513,86.09956711959838,93.58411404800414
2024-07-25,MG92,89.73,89.15000500917435,85.1032884311676,92.58783535957336
2024-07-26,MG95,95.36,91.04271579360963,85.50813431477548,94.60062042212488
2024-07-26,MG95,95.36,94.65556319355966,89.1209817147255,98.2134678220749
2024-07-26,MG95,95.36,93.24628479552268,87.71170331668853,96.80418942403793
2024-07-26,MG92,90.94,86.37480619835854,81.54598539280892,90.13710965323448
2024-07-26,MG92,90.94,89.95877134108544,85.12995053553581,93.72107479596137
2024-07-26,MG92,90.94,89.2876405696869,84.45881976413727,93.04994402456283
2024-07-29,MG95,95.11,91.02854245591163,84.174398422122,95.32393870282172
2024-07-29,MG95,95.11,94.66431745076181,87.81017341697218,98.9597136976719
2024-07-29,MG95,95.11,92.91660233187676,86.06245829808712,97.21199857878685
2024-07-29,MG92,90.69,86.52163663244248,80.12434860920906,90.62866620993616
2024-07-29,MG92,90.69,90.12761857056617,83.73033054733276,94.23464814805985
2024-07-29,MG92,90.69,89.00887747573853,82.61158945250511,93.1159070532322
2024-07-30,MG95,93.01,90.8273148701191,84.12350836730003,95.03682147359848
2024-07-30,MG95,93.01,94.64866012716294,87.94485362434388,98.85816673064232
2024-07-30,MG95,93.01,93.02124835610391,86.31744185328485,97.2307549595833
2024-07-30,MG92,88.91,86.61374189043045,80.40818845713139,90.69096012973785
2024-07-30,MG92,88.91,90.09217181921005,83.88661838591099,94.16939005851745
2024-07-30,MG92,88.91,89.25346638941765,83.0479129561186,93.33068462872505
2024-07-31,MG95,93.39,90.5929603574276,82.87356037712097,95.51779782509801
2024-07-31,MG95,93.39,94.47340033984185,86.75400035953521,99.39823780751226
2024-07-31,MG95,93.39,92.78327886486055,85.06387888455392,97.70811633253096
2024-07-31,MG92,89.28,86.43529750800133,79.1008852366209,91.00816774344442
2024-07-31,MG92,89.28,89.92178692841532,82.58737465703489,94.4946571638584
2024-07-31,MG92,89.28,88.94025511002542,81.60584283864499,93.51312534546851
2024-08-01,MG95,93.51,90.51109458732606,82.32564993309975,95.76827648448945
2024-08-01,MG95,93.51,94.37573854064942,86.19029388642312,99.63292043781281
2024-08-01,MG95,93.51,92.3829339158535,84.1974892616272,97.64011581301689
2024-08-01,MG92,89.4,86.2823937110901,78.40514851379395,91.06216971445085
2024-08-01,MG92,89.4,89.72321754217148,81.84597234487534,94.50299354553223
2024-08-01,MG92,89.4,88.60563106966019,80.72838587236404,93.38540707302094
2024-08-02,MG95,92.86,90.52030034053325,81.78795993077753,96.16279287624359
2024-08-02,MG95,92.86,94.27990866553785,85.54756825578212,99.92240120124818
2024-08-02,MG95,92.86,92.33839726531507,83.60605685555934,97.9808898010254
2024-08-02,MG92,87.7,86.2788560447693,77.71531284785272,91.25597949600221
2024-08-02,MG92,87.7,89.75441786623001,81.19087466931343,94.73154131746293
2024-08-02,MG92,87.7,88.35918146967887,79.79563827276229,93.33630492091179
2024-08-05,MG95,87.55,90.23573102724554,81.31250492584705,96.08078043651581
2024-08-05,MG95,87.55,94.14354560911659,85.2203195077181,99.98859501838686
2024-08-05,MG95,87.55,92.05600148141386,83.13277538001537,97.90105089068413
2024-08-05,MG92,82.85,86.05627973031997,77.38455759119988,91.2787121553421
2024-08-05,MG92,82.85,89.5749641172886,80.90324197816851,94.79739654231074
2024-08-05,MG92,82.85,88.05763771295548,79.38591557383539,93.28007013797762
2024-08-06,MG95,87.23,89.87106523394584,79.60829511284828,96.79472915887833
2024-08-06,MG95,87.23,93.67384348988534,83.41107336878778,100.59750741481783
2024-08-06,MG95,87.23,91.5603619451523,81.29759182405473,98.48402587008478
2024-08-06,MG92,83.27,85.41900446009637,75.17853366386892,91.34309191894532
2024-08-06,MG92,83.27,89.149500054121,78.90902925789355,95.07358751296995
2024-08-06,MG92,83.27,87.7317988307476,77.49132803452015,93.65588628959655
2024-08-07,MG95,87.3,89.87513556170464,79.58441925811768,96.81510792899131
2024-08-07,MG95,87.3,93.66695184826851,83.37623554468155,100.60692421555518
2024-08-07,MG95,87.3,91.38841544938089,81.09769914579392,98.32838781666756
2024-08-07,MG92,82.76,85.60198789942265,75.31287056434155,91.52194935011865
2024-08-07,MG92,82.76,89.0823693832159,78.7932520481348,95.0023308339119
2024-08-07,MG92,82.76,87.6172083798647,77.3280910447836,93.5371698305607
2024-08-08,MG95,89.62,89.49761198782923,78.63426647746563,96.96391341471673
2024-08-08,MG95,89.62,93.3845399158001,82.5211944054365,100.8508413426876
2024-08-08,MG95,89.62,90.96172952342036,80.09838401305676,98.42803095030786
2024-08-08,MG92,85.03,85.17628260540963,74.28232539820671,91.50910507011413
2024-08-08,MG92,85.03,88.8409522471428,77.94699503993988,95.1737747118473
2024-08-08,MG92,85.03,87.14579734539987,76.25184013819695,93.47861981010438
2024-08-09,MG95,89.62,89.28949771630764,78.16537318992614,97.01147828745842
2024-08-09,MG95,89.62,93.22780959022046,82.10368506383897,100.94979016137124
2024-08-09,MG95,89.62,90.99427172148228,79.87014719510078,98.71625229263306
2024-08-09,MG92,85.03,85.14721026551723,73.9941216917038,91.6957268424034
2024-08-09,MG92,85.03,88.8110803333521,77.65799175953866,95.35959691023827
2024-08-09,MG92,85.03,87.05073560440542,75.89764703059198,93.59925218129159
2024-08-12,MG95,91.37,89.24871962475777,77.6885811446905,97.36142840313909
2024-08-12,MG95,91.37,93.0362690908909,81.47613061082363,101.14897786927222
2024-08-12,MG95,91.37,90.59455659270287,79.0344181126356,98.70726537108419
2024-08-12,MG92,86.89,85.0041489570141,73.32938320565225,91.80543530750276
2024-08-12,MG92,86.89,88.56797772669793,76.89321197533609,95.3692640771866
2024-08-12,MG92,86.89,86.77077347230912,75.09600772094727,93.57205982279778
2024-08-13,MG95,91.98,88.54518026471138,76.29533847272396,97.40242573022843
2024-08-13,MG95,91.98,92.43984972262383,80.19000793063641,101.29709518814089
2024-08-13,MG95,91.98,89.97266206741334,77.72282027542592,98.82990753293039
2024-08-13,MG92,87.5,84.22821525478363,71.90580428802969,91.69159581446648
2024-08-13,MG92,87.5,87.9912444062233,75.66883343946935,95.45462496590615
2024-08-13,MG92,87.5,86.24524853992462,73.92283757317067,93.70862909960746
2024-08-14,MG95,90.6,88.12071112489701,75.57549479341507,97.32477016425133
2024-08-14,MG95,90.6,92.07839739274979,79.53318106126785,101.28245643210411
2024-08-14,MG95,90.6,89.72626524710657,77.18104891562463,98.93032428646089
2024-08-14,MG92,86.12,83.82999904727936,71.24840892231465,91.61924397802355
2024-08-14,MG92,86.12,87.40503700923918,74.82344688427447,95.19428193998337
2024-08-14,MG92,86.12,85.82444243788719,73.24285231292248,93.61368736863137
2024-08-15,MG95,88.66,87.98961170947553,75.37571153140068,97.28030168509484
2024-08-15,MG95,88.66,91.96764823615553,79.35374805808068,101.25833821177484
2024-08-15,MG95,88.66,89.56529545891286,76.95139528083801,98.85598543453217
2024-08-15,MG92,83.84,83.94254386770726,71.30677399861813,91.81864737677576
2024-08-15,MG92,83.84,87.35877126681805,74.72300139772892,95.23487477588655
2024-08-15,MG92,83.84,85.72875834405423,73.0929884749651,93.60486185312273
2024-08-16,MG95,90.15,88.16219739902019,75.55925497817992,97.30412718105316
2024-08-16,MG95,90.15,92.38486688506603,79.78192446422577,101.526796667099
2024-08-16,MG95,90.15,90.13112818086148,77.52818576002122,99.27305796289446
2024-08-16,MG92,85.99,83.98114144253731,71.14300069737435,91.53765190052987
2024-08-16,MG92,85.99,87.88310066318512,75.04495991802216,95.43961112117768
2024-08-16,MG92,85.99,86.2696243801117,73.43148363494873,93.82613483810425
2024-08-19,MG95,88.79,87.91458007788658,74.9426075927019,97.45373692011835
2024-08-19,MG95,88.79,92.07756288743019,79.10559040224551,101.61671972966195
2024-08-19,MG95,88.79,89.65939505982399,76.68742257463931,99.19855190205575
2024-08-19,MG92,84.63,83.8611107518673,70.63678201580048,91.7342777326107
2024-08-19,MG92,84.63,87.74784333109855,74.52351459503173,95.62101031184196
2024-08-19,MG92,84.63,85.77865596079826,72.55432722473144,93.65182294154167
2024-08-20,MG95,87.02,87.64212299978733,74.40643419539929,97.53504373288155
2024-08-20,MG95,87.02,91.61541739523412,78.37972859084607,101.50833812832833
2024-08-20,MG95,87.02,89.15726112949848,75.92157232511043,99.0501818625927
2024-08-20,MG92,82.86,83.37014256465436,69.9666802905798,91.6174062614441
2024-08-20,MG92,82.86,87.19403319561482,73.79057092154027,95.44129689240457
2024-08-20,MG92,82.86,85.47520372617245,72.0717414520979,93.7224674229622
2024-08-21,MG95,87.66,87.53549318790436,74.09369153380393,97.6069094324112
2024-08-21,MG95,87.66,91.69342070150375,78.25161904740332,101.76483694601059
2024-08-21,MG95,87.66,89.15871584701539,75.71691419291496,99.23013209152222
2024-08-21,MG92,83.5,83.40573331022263,69.70534182393551,91.71852991127967
2024-08-21,MG92,83.5,87.13589495348931,73.4355034672022,95.44869155454636
2024-08-21,MG92,83.5,85.34122900223733,71.64083751595021,93.65402560329437
2024-08-22,MG95,85.72,91.2367647150755,77.71032191073894,101.51066537594795
2024-08-22,MG95,85.72,88.57669395840169,75.05025115406514,98.85059461927415
2024-08-22,MG95,85.72,88.25285476005078,74.72641195571423,98.52675542092324
2024-08-22,MG92,81.82,86.6630797919035,73.02488641822339,95.28494467163087
2024-08-22,MG92,81.82,84.86396827590467,71.22577490222456,93.48583315563204
2024-08-22,MG92,81.82,84.03837049281597,70.40017711913586,92.66023537254334
2024-08-23,MG95,87.27,90.96486969614028,77.16183548653126,101.55650630140305
2024-08-23,MG95,87.27,88.43553285241127,74.63249864280225,99.02716945767403
2024-08-23,MG95,87.27,87.82107239556314,74.01803818595411,98.4127090008259
2024-08-23,MG92,83.04,86.4601623622179,72.5265637973547,95.33238088464736
2024-08-23,MG92,83.04,84.52664241707325,70.59304385221004,93.39886093950271
2024-08-23,MG92,83.04,83.78801374542714,69.85441518056393,92.6602322678566
2024-08-26,MG95,89.06,91.04427496337891,77.19557600045204,101.6525432815552
2024-08-26,MG95,89.06,88.25595717144013,74.40725820851326,98.86422548961642
2024-08-26,MG95,89.06,87.88234630179406,74.03364733886718,98.49061461997034
2024-08-26,MG92,85.58,86.4696534125805,72.43931402850151,95.30618222999574
2024-08-26,MG92,85.58,84.6231251616478,70.59278577756882,93.45965397906305
2024-08-26,MG92,85.58,83.76941306185722,69.73907367777824,92.60594187927246
2024-08-27,MG95,89.58,90.51628448724747,76.17632574677468,101.76233217716218
2024-08-27,MG95,89.58,87.83232113599777,73.49236239552498,99.07836882591248
2024-08-27,MG95,89.58,87.13778098154069,72.79782224106789,98.38382867145539
2024-08-27,MG92,86.1,86.03110657167434,71.54621596765519,95.44272764515875
2024-08-27,MG92,86.1,84.0125609178543,69.52767031383515,93.42418199133871
2024-08-27,MG92,86.1,83.07738791179656,68.5924973077774,92.48900898528098
2024-08-28,MG95,86.67,90.55240196192264,76.11222377443313,101.85908517622948
2024-08-28,MG95,86.67,88.01139184606075,73.57121365857124,99.31807506036759
2024-08-28,MG95,86.67,87.32785373318195,72.88767554569245,98.6345369474888
2024-08-28,MG92,83.14,86.09096141850948,71.42270506477355,95.4704824671745
2024-08-28,MG92,83.14,84.38264313948156,69.71438678574563,93.76216418814658
2024-08-28,MG92,83.14,83.08898355424404,68.42072720050811,92.46850460290906
2024-08-29,MG95,86.07,90.74009799063207,76.54838109612466,101.79549965500833
2024-08-29,MG95,86.07,87.64159930908681,73.4498824145794,98.69700097346308
2024-08-29,MG95,86.07,87.37081845581531,73.1791015613079,98.42622012019157
2024-08-29,MG92,81.88,86.11641368544102,71.77480229890345,95.36173592066764
2024-08-29,MG92,81.88,83.94927528083325,69.60766389429568,93.19459751605987
2024-08-29,MG92,81.88,83.31446424973012,68.97285286319256,92.55978648495675
2024-08-30,MG95,89.03,89.19794925546648,74.13356348609926,101.53357479190828
2024-08-30,MG95,89.03,86.31830688071253,71.2539211113453,98.65393241715432
2024-08-30,MG95,89.03,85.82898116254808,70.76459539318085,98.16460669898987
2024-08-30,MG92,84.84,84.73148164677619,69.67564603555202,95.23365393567086
2024-08-30,MG92,84.84,82.68464687871933,67.62881126749517,93.186819167614
2024-08-30,MG92,84.84,81.80591674637795,66.75008113515378,92.30808903527262
2024-09-02,MG95,86.59,89.64204964697362,74.70118667304517,101.73134859085086
2024-09-02,MG95,86.59,86.71400007784366,71.77313710391522,98.8032990217209
2024-09-02,MG95,86.59,86.32500160467623,71.38413863074778,98.41430054855347
2024-09-02,MG92,82.4,85.21381210958957,70.19723995304108,95.41374500846864
2024-09-02,MG92,82.4,83.0836164675951,68.06704431104662,93.28354936647418
2024-09-02,MG92,82.4,82.23878795349597,67.22221579694748,92.43872085237504
2024-09-03,MG95,87.9,88.90642650282383,73.59197980856896,101.5891498682499
2024-09-03,MG95,87.9,86.06688376057147,70.7524370663166,98.74960712599754
2024-09-03,MG95,87.9,85.60017016088963,70.28572346663476,98.2828935263157
2024-09-03,MG92,83.71,84.57818230998517,69.27564114820959,95.38160629582406
2024-09-03,MG92,83.71,82.4507643455267,67.14822318375111,93.25418833136558
2024-09-03,MG92,83.71,81.43144652163983,66.12890535986425,92.23487050747872
2024-09-04,MG95,81.98,88.41455495917796,72.93172889256476,101.41283497953414
2024-09-04,MG95,81.98,85.78449689447879,70.30167082786559,98.78277691483497
2024-09-04,MG95,81.98,84.97758103787899,69.49475497126579,97.97586105823517
2024-09-04,MG92,77.79,83.83847611355782,68.445730961442,95.00263640809061
2024-09-04,MG92,77.79,81.95867972683907,66.56593457472324,93.12284002137186
2024-09-04,MG92,77.79,80.90849323010444,65.51574807798862,92.07265352463723
2024-09-05,MG95,80.92,87.83033539569378,72.0416173491478,101.35289337968827
2024-09-05,MG95,80.92,84.86807613623142,69.07935808968544,98.39063412022591
2024-09-05,MG95,80.92,84.38757443082332,68.59885638427734,97.91013241481781
2024-09-05,MG92,77.08,83.40736742639541,67.78871138000487,95.11948496842385
2024-09-05,MG92,77.08,81.30237785959244,65.6837218132019,93.01449540162088
2024-09-05,MG92,77.08,80.33500474596025,64.7163486995697,92.04712228798869
2024-09-06,MG95,80.78,88.22341120398045,72.49831057405471,101.56335476374626
2024-09-06,MG95,80.78,85.26741114342214,69.5423105134964,98.60735470318795
2024-09-06,MG95,80.78,84.67156960737705,68.94646897745132,98.01151316714287
2024-09-06,MG92,76.35,83.69026051199435,68.0507673279047,95.14361839985847
2024-09-06,MG92,76.35,81.43206833207608,65.79257514798643,92.8854262199402
2024-09-06,MG92,76.35,80.66112811005115,65.0216349259615,92.11448599791527
2024-09-09,MG95,81.59,87.73635520410537,71.73184848558903,101.53817993593216
2024-09-09,MG95,81.59,84.79785619711876,68.79334947860242,98.59968092894556
2024-09-09,MG95,81.59,84.1123544883728,68.10784776985646,97.9141792201996
2024-09-09,MG92,77.16,83.32480239248275,67.45549002325534,95.23617904639242
2024-09-09,MG92,77.16,81.098173910141,65.22886154091358,93.00955056405067
2024-09-09,MG92,77.16,80.11095615386964,64.24164378464222,92.0223328077793
2024-09-10,MG95,80.21,87.62188414549829,71.70685648834706,101.3522214946747
2024-09-10,MG95,80.21,84.60728708767891,68.69225943052768,98.33762443685532
2024-09-10,MG95,80.21,84.10743094182014,68.19240328466891,97.83776829099655
2024-09-10,MG92,76.35,83.10504759061337,67.3807986586094,95.02251501846315
2024-09-10,MG92,76.35,80.96128283655645,65.23703390455248,92.87875026440624
2024-09-10,MG92,76.35,79.92215236127376,64.19790342926979,91.83961978912355
2024-09-11,MG95,79.47,87.50507286536694,71.50577749121189,101.35552752184869
2024-09-11,MG95,79.47,84.45708555328847,68.45779017913341,98.30754020977021
2024-09-11,MG95,79.47,83.82527745902539,67.82598208487033,97.67573211550713
2024-09-11,MG92,75.61,83.02225040864944,67.20965604853629,95.03884292554855
2024-09-11,MG92,75.61,80.77056992483139,64.95797556471825,92.7871624417305
2024-09-11,MG92,75.61,79.81695881938936,64.00436445927622,91.83355133628847
2024-09-12,MG95,80.35,87.43522584998607,71.53768824481963,101.16662776255608
2024-09-12,MG95,80.35,84.37775495803356,68.48021735286713,98.10915687060357
2024-09-12,MG95,80.35,83.95556759226322,68.05802998709679,97.68696950483323
2024-09-12,MG92,76.49,82.82775291061401,67.14522604560852,94.77599281883238
2024-09-12,MG92,76.49,80.7312746090889,65.04874774408341,92.67951451730727
2024-09-12,MG92,76.49,79.88635958433152,64.20383271932602,91.83459949254988
2024-09-13,MG95,80.31,86.80306979119779,70.6525116634369,101.08918168902397
2024-09-13,MG95,80.31,83.72618196594715,67.57562383818626,98.01229386377334
2024-09-13,MG95,80.31,83.00206447255613,66.85150634479524,97.28817637038232
2024-09-13,MG92,75.89,82.43612317848206,66.65605896759034,95.06583944487572
2024-09-13,MG92,75.89,79.92636210584641,64.14629789495469,92.55607837224007
2024-09-13,MG92,75.89,78.98419877672195,63.20413456583023,91.61391504311561
2024-09-16,MG95,80.46,86.36181065261366,69.9775167632103,101.01654016613959
2024-09-16,MG95,80.46,83.30770488274098,66.92341099333763,97.96243439626691
2024-09-16,MG95,80.46,82.72637587201595,66.3420819826126,97.38110538554189
2024-09-16,MG92,76.04,81.98823280787468,65.98504023587704,94.95486923551559
2024-09-16,MG92,76.04,79.59061443185806,63.58742185986041,92.55725085949896
2024-09-16,MG92,76.04,78.55477653717995,62.5515839651823,91.52141296482085
2024-09-17,MG95,82.54,85.0096743338108,68.28350510704519,100.44709760773182
2024-09-17,MG95,82.54,82.14848229575158,65.42231306898594,97.58590556967259
2024-09-17,MG95,82.54,81.5148801920414,64.78871096527578,96.95230346596242
2024-09-17,MG92,77.43,80.42605226600169,64.28809800171851,94.36728686654567
2024-09-17,MG92,77.43,78.31139790928364,62.17344364500047,92.25263250982762
2024-09-17,MG92,77.43,77.46350850117207,61.3255542368889,91.40474310171605
2024-09-18,MG95,83.86,84.63488283419608,67.51393337094783,100.67668271327018
2024-09-18,MG95,83.86,81.59630050921439,64.47535104596614,97.63810038828849
2024-09-18,MG95,83.86,80.84734517455101,63.72639571130276,96.88914505362511
2024-09-18,MG92,79.24,80.16570056974886,63.60554468870162,94.60131272375583
2024-09-18,MG92,79.24,78.0131740757227,61.45301819467546,92.44878622972966
2024-09-18,MG92,79.24,76.83358467257023,60.27342879152298,91.26919682657719
2024-09-19,MG95,86.33,81.06799392557144,63.92062545454502,97.27789449548722
2024-09-19,MG95,86.33,80.569260140419,63.42189166939258,96.77916071033478
2024-09-19,MG95,86.33,79.36860976076127,62.22124128973485,95.57851033067705
2024-09-19,MG92,81.71,77.32176025080682,60.83838954079152,92.05741338121892
2024-09-19,MG92,81.71,76.3827078113556,59.8993371013403,91.1183609417677
2024-09-19,MG92,81.71,75.26909569978714,58.78572498977184,90.00474883019925
2024-09-20,MG95,85.86,82.1728279130459,65.26904938209057,97.7872195236683
2024-09-20,MG95,85.86,81.39597148275375,64.49219295179844,97.01036309337616
2024-09-20,MG95,85.86,80.25626047945022,63.352481948494905,95.87065209007262
2024-09-20,MG92,81.24,78.29612371385097,61.891906514167786,92.26769536018372
2024-09-20,MG92,81.24,77.37810201084613,60.97388481116295,91.34967365717888
2024-09-20,MG92,81.24,76.16420868837832,59.759991488695135,90.13578033471107
2024-09-23,MG95,85.82,81.46787180435658,64.39438180339337,97.46750159633159
2024-09-23,MG95,85.82,80.90212341320515,63.82863341224194,96.90175320518016
2024-09-23,MG95,85.82,79.70341132938862,62.62992132842541,95.70304112136363
2024-09-23,MG92,81.16,77.70332944905758,61.22031452095508,92.1448199698925
2024-09-23,MG92,81.16,76.78548239934446,60.30246747124196,91.22697292017938
2024-09-23,MG92,81.16,75.6446557072401,59.161640779137606,90.08614622807502
2024-09-24,MG95,85.14,80.81409276938439,63.37128844892979,97.50673103606702
2024-09-24,MG95,85.14,79.94482827329635,62.50202395284175,96.63746653997899
2024-09-24,MG95,85.14,78.8384204583168,61.395616137862206,95.53105872499944
2024-09-24,MG92,80.48,77.15300173819065,60.365485284328464,92.30289121866227
2024-09-24,MG92,80.48,75.81410954821109,59.026593094348904,90.96399902868271
2024-09-24,MG92,80.48,74.76558411753177,57.978067663669584,89.91547359800339
2024-09-25,MG95,84.78,80.9768438898325,63.745976862788204,97.33506991016864
2024-09-25,MG95,84.78,80.14209527385235,62.91122824680806,96.5003212941885
2024-09-25,MG95,84.78,79.1067770270109,61.875909999966616,95.46500304734705
2024-09-25,MG92,80.12,77.3058212211132,60.74750797176361,92.18567753994465
2024-09-25,MG92,80.12,76.06659050035478,59.50827725100518,90.94644681918622
2024-09-25,MG92,80.12,75.0419250779152,58.4836118285656,89.92178139674664
2024-09-26,MG95,81.86,79.98176917505265,62.401117829203606,97.00874723088741
2024-09-26,MG95,81.86,79.4589078769684,61.878256531119355,96.48588593280316
2024-09-26,MG95,81.86,78.27075185394287,60.69010050809383,95.29772990977763
2024-09-26,MG92,77.2,76.18056055951118,59.33837582516669,91.75341632235049
2024-09-26,MG92,77.2,75.38682992100715,58.54464518666266,90.95968568384646
2024-09-26,MG92,77.2,74.17603990197182,57.333855167627334,89.74889566481113
2024-09-27,MG95,81.67,79.44675862884522,61.71383012866975,96.80287627673151
2024-09-27,MG95,81.67,78.96865989303589,61.23573139286042,96.32477754092218
2024-09-27,MG95,81.67,77.82316095495224,60.090232454776775,95.17927860283854
2024-09-27,MG92,77.01,75.81878133189679,58.88024342131616,91.77102274787427
2024-09-27,MG92,77.01,74.94329266130924,58.004754750728615,90.89553407728673
2024-09-27,MG92,77.01,73.71775322258472,56.77921531200409,89.6699946385622
2024-09-30,MG95,81.6,80.12621983766556,62.56245101809502,97.12456615447998
2024-09-30,MG95,81.6,79.37807521677017,61.81430639719963,96.37642153358459
2024-09-30,MG95,81.6,78.25820325565338,60.694434436082844,95.2565495724678
2024-09-30,MG92,76.94,76.29349742102623,59.468390218496324,91.84127321410179
2024-09-30,MG92,76.94,75.4207058866024,58.5955986840725,90.96848167967796
2024-09-30,MG92,76.94,74.15520654177665,57.33009933924674,89.70298233485221
2024-10-01,MG95,79.71,79.31917600107194,61.653287126541144,96.58852894556524
2024-10-01,MG95,79.71,79.0395716650486,61.373682790517805,96.3089246095419
2024-10-01,MG95,79.71,77.82831850552559,60.162429630994794,95.0976714500189
2024-10-01,MG92,73.6,75.70564905583859,58.85863205969334,91.61944478452206
2024-10-01,MG92,73.6,75.00295964205266,58.15594264590741,90.91675537073613
2024-10-01,MG92,73.6,73.68740222513676,56.840385228991515,89.60119795382023
2024-10-02,MG95,84.21,80.1617249776125,62.63434081685543,97.08957601797582
2024-10-02,MG95,84.21,79.50933001720905,61.981945856451986,96.43718105757237
2024-10-02,MG95,84.21,78.32891024649143,60.801526085734366,95.25676128685475
2024-10-02,MG92,78.2,76.46123744153977,59.66552738332748,91.93572747075558
2024-10-02,MG92,78.2,75.3940997736454,58.59838971543311,90.86858980286121
2024-10-02,MG92,78.2,74.24473018670082,57.449020128488534,89.71922021591664
2024-10-03,MG95,84.86,78.22031583058835,60.069019490361214,96.50727990674973
2024-10-03,MG95,84.86,77.62411755859853,59.472821218371394,95.91108163475991
2024-10-03,MG95,84.86,76.47528985702992,58.32399351680279,94.7622539331913
2024-10-03,MG92,78.85,74.36490350306033,57.171912492513655,91.41081851899624
2024-10-03,MG92,78.85,73.61197217810154,56.41898116755486,90.65788719403744
2024-10-03,MG92,78.85,72.38089748919009,55.18790647864341,89.426812505126
2024-10-04,MG95,88.97,78.12801874172689,60.027425716638575,96.31345914137364
2024-10-04,MG95,88.97,77.71536569559575,59.614772670507435,95.9008060952425
2024-10-04,MG95,88.97,76.59075419008732,58.49016116499901,94.77619458973408
2024-10-04,MG92,82.55,74.50307114338875,57.35162165379524,91.44331893122197
2024-10-04,MG92,82.55,73.77139474534988,56.61994525575637,90.7116425331831
2024-10-04,MG92,82.55,72.47890751123428,55.32745802164077,89.4191552990675
2024-10-07,MG95,88.88,78.66875340628624,60.73121136295796,96.48652928102017
2024-10-07,MG95,88.88,78.21599916815758,60.278457124829295,96.0337750428915
2024-10-07,MG95,88.88,77.13431414723397,59.19677210390568,94.95209002196789
2024-10-07,MG92,82.46,75.02418119394778,57.968835302233686,91.52723673307895
2024-10-07,MG92,82.46,74.21260173738003,57.15725584566593,90.7156572765112
2024-10-07,MG92,82.46,73.00755059850215,55.95220470678805,89.51060613763332
2024-10-08,MG95,90.15,78.36096639204025,60.28185971188547,96.51934124279023
2024-10-08,MG95,90.15,77.77430468201638,59.69519800186159,95.93267953276636
2024-10-08,MG95,90.15,76.57524903702736,58.496142356872575,94.73362388777734
2024-10-08,MG92,83.73,74.62767021739484,57.50750298523904,91.56005363190175
2024-10-08,MG92,83.73,73.77975673925877,56.65958950710298,90.71214015376569
2024-10-08,MG92,83.73,72.43597807896137,55.315810846805576,89.36836149346829
2024-10-09,MG95,88.5,78.52667711019517,60.570084398388865,96.44399244904517
2024-10-09,MG95,88.5,78.01344332456588,60.05685061275958,95.93075866341589
2024-10-09,MG95,88.5,76.780358979702,58.8237662678957,94.697674318552
2024-10-09,MG92,82.08,74.83255493164063,57.81455021023751,91.51640078425409
2024-10-09,MG92,82.08,73.97191249275207,56.95390777134895,90.65575834536553
2024-10-09,MG92,82.08,72.63393901348113,55.61593429207801,89.31778486609458
2024-10-10,MG95,88.37,78.41308875346184,60.333959778785704,96.55692200267315
2024-10-10,MG95,88.37,77.78515430760385,59.706025332927716,95.92898755681516
2024-10-10,MG95,88.37,76.63748077178002,58.55835179710389,94.78131402099133
2024-10-10,MG92,81.95,74.73277775275707,57.59998822796344,91.63131409394741
2024-10-10,MG92,81.95,73.7137015529871,56.580912028193474,90.61223789417744
2024-10-10,MG92,81.95,72.47821576273441,55.34542623794078,89.37675210392474
2024-10-11,MG95,89.88,78.17069937336444,60.05627259778976,96.44053568351268
2024-10-11,MG95,89.88,77.46591368258,59.35148690700531,95.73574999272823
2024-10-11,MG95,89.88,76.33561125719547,58.22118448162078,94.6054475673437
2024-10-11,MG92,83.46,74.27163660216331,57.15804868030548,91.37337220716476
2024-10-11,MG92,83.46,73.57868375492096,56.465095833063124,90.68041935992241
2024-10-11,MG92,83.46,72.14625512170792,55.03266719985009,89.24799072670938
2024-10-14,MG95,89.17,78.06112403047085,59.910925695419316,96.38134595882893
2024-10-14,MG95,89.17,77.40110485231875,59.25090651726722,95.72132678067683
2024-10-14,MG95,89.17,76.34443470537661,58.19423637032508,94.6646566337347
2024-10-14,MG92,82.75,74.17031203746797,57.009049339294435,91.29704795956611
2024-10-14,MG92,82.75,73.46037498998642,56.29911229181289,90.58711091208457
2024-10-14,MG92,82.75,72.15192649459838,54.990663796424855,89.27866241669653
2024-10-15,MG95,84.88,78.07753279817105,59.93824763131142,96.36271888625623
2024-10-15,MG95,84.88,77.57345385539531,59.434168688535685,95.8586399434805
2024-10-15,MG95,84.88,76.30937359178067,58.17008842492104,94.59455967986585
2024-10-15,MG92,78.39,74.40200677740575,57.23822174477578,91.47503025102615
2024-10-15,MG92,78.39,73.53686228215695,56.37307724952698,90.60988575577736
2024-10-15,MG92,78.39,72.23228086221218,55.06849582958221,89.30530433583259
2024-10-16,MG95,84.95,76.9637174627781,58.41552848017216,96.20923448359967
2024-10-16,MG95,84.95,76.0834571478367,57.535268165230754,95.32897416865826
2024-10-16,MG95,84.95,75.00446129727365,56.45627231466771,94.24997831809522
2024-10-16,MG92,78.46,73.06844695723058,55.686073765516284,91.32599586284161
2024-10-16,MG92,78.46,72.19961908853054,54.817245896816246,90.45716799414157
2024-10-16,MG92,78.46,70.87919184291363,53.496818651199334,89.13674074852466
2024-08-22,MG95,85.72,91.75562738132476,88.72544249486921,96.4177814645767
2024-08-22,MG95,85.72,89.09555662465095,86.06537173819541,93.7577107079029
2024-08-22,MG95,85.72,88.77171742630004,85.7415325398445,93.43387150955199
2024-08-22,MG92,81.82,87.49792992162705,84.63332005429268,91.90463458585738
2024-08-22,MG92,81.82,85.6988184056282,82.83420853829384,90.10552306985853
2024-08-22,MG92,81.82,84.87322062253952,82.00861075520515,89.27992528676985
2024-08-23,MG95,87.27,91.65992722725869,87.67871908640862,96.92555179572106
2024-08-23,MG95,87.27,89.13059038352966,85.1493822426796,94.39621495199204
2024-08-23,MG95,87.27,88.51612992668151,84.53492178583144,93.78175449514389
2024-08-23,MG92,83.04,87.35361784267425,83.48017751741409,92.3375336484909
2024-08-23,MG92,83.04,85.42009789752962,81.54665757226945,90.40401370334627
2024-08-23,MG92,83.04,84.68146922588349,80.80802890062333,89.66538503170014
2024-08-26,MG95,89.06,91.81200314116478,87.51944063735009,97.20262924981118
2024-08-26,MG95,89.06,89.02368534922599,84.73112284541129,94.41431145787239
2024-08-26,MG95,89.06,88.65007447957993,84.35751197576523,94.04070058822633
2024-08-26,MG92,85.58,87.43577160930633,83.38895791268348,92.69571116065978
2024-08-26,MG92,85.58,85.58924335837364,81.54242966175079,90.84918290972709
2024-08-26,MG92,85.58,84.73553125858308,80.68871756196023,89.99547080993653
2024-08-27,MG95,89.58,91.9409765882492,87.55604231429099,97.36897149038316
2024-08-27,MG95,89.58,89.25701323699951,84.8720789630413,94.68500813913347
2024-08-27,MG95,89.58,88.56247308254243,84.17753880858422,93.99046798467639
2024-08-27,MG92,86.1,87.63792323827744,83.54992994427681,92.98234218120577
2024-08-27,MG92,86.1,85.6193775844574,81.53138429045677,90.96379652738572
2024-08-27,MG92,86.1,84.68420457839966,80.59621128439903,90.02862352132799
2024-08-28,MG95,86.67,91.87972434282304,86.82214133620263,97.74035498857499
2024-08-28,MG95,86.67,89.33871422696114,84.28113122034074,95.1993448727131
2024-08-28,MG95,86.67,88.65517611408234,83.59759310746193,94.51580675983429
2024-08-28,MG92,83.14,87.52048259115219,82.74472930169105,93.32166956996917
2024-08-28,MG92,83.14,85.81216431212425,81.03641102266312,91.61335129094124
2024-08-28,MG92,83.14,84.51850472688675,79.74275143742561,90.31969170570373
2024-08-29,MG95,86.07,91.86430696105957,88.07779587721825,96.98207608795165
2024-08-29,MG95,86.07,88.76580827951432,84.979297195673,93.8835774064064
2024-08-29,MG95,86.07,88.49502742624281,84.7085163424015,93.6127965531349
2024-08-29,MG92,81.88,87.45189442062377,83.82075874829292,92.33577277088165
2024-08-29,MG92,81.88,85.284756016016,81.65362034368515,90.16863436627388
2024-08-29,MG92,81.88,84.64994498491288,81.01880931258202,89.53382333517075
2024-08-30,MG95,89.03,91.85459480142595,86.64635578370095,97.81413362121584
2024-08-30,MG95,89.03,88.97495242667199,83.766713408947,94.93449124646189
2024-08-30,MG95,89.03,88.48562670850754,83.27738769078255,94.44516552829744
2024-08-30,MG92,84.84,87.4856712732315,82.55772169566154,93.39181297159196
2024-08-30,MG92,84.84,85.43883650517463,80.51088692760467,91.34497820353509
2024-08-30,MG92,84.84,84.56010637283325,79.63215679526328,90.4662480711937
2024-09-02,MG95,86.59,92.00298026180268,86.17131670093536,98.33115972137452
2024-09-02,MG95,86.59,89.07493069267272,83.24326713180541,95.40311015224457
2024-09-02,MG95,86.59,88.6859322195053,82.85426865863799,95.01411167907715
2024-09-02,MG92,82.4,87.62750740480422,82.16960318517684,94.02628131341935
2024-09-02,MG92,82.4,85.49731176280976,80.03940754318238,91.89608567142488
2024-09-02,MG92,82.4,84.65248324871064,79.19457902908326,91.05125715732576
2024-09-03,MG95,87.9,91.96447128295898,86.06815427541731,98.34018727540969
2024-09-03,MG95,87.9,89.12492854070663,83.22861153316497,95.50064453315734
2024-09-03,MG95,87.9,88.65821494102478,82.76189793348311,95.03393093347549
2024-09-03,MG92,83.71,87.67501531934738,82.1434417257309,94.11695962047577
2024-09-03,MG92,83.71,85.54759735488892,80.01602376127244,91.98954165601731
2024-09-03,MG92,83.71,84.52827953100204,78.99670593738556,90.97022383213043
2024-09-04,MG95,81.98,91.924738676548,85.26739302277564,98.81144366025924
2024-09-04,MG95,81.98,89.29468061184883,82.63733495807647,96.18138559556007
2024-09-04,MG95,81.98,88.48776475524903,81.83041910147666,95.37446973896027
2024-09-04,MG92,77.79,87.3285561389923,81.05889027190207,94.35081722211837
2024-09-04,MG92,77.79,85.44875975227356,79.17909388518333,92.47102083539963
2024-09-04,MG92,77.79,84.39857325553893,78.12890738844871,91.420834338665
2024-09-05,MG95,80.92,91.93444442749023,84.4161901140213,99.46237533569337
2024-09-05,MG95,80.92,88.97218516802788,81.45393085455895,96.50011607623101
2024-09-05,MG95,80.92,88.49168346261979,80.97342914915086,96.01961437082292
2024-09-05,MG92,77.08,87.39676289081572,80.23382226943968,95.065743727684
2024-09-05,MG92,77.08,85.29177332401275,78.12883270263671,92.96075416088102
2024-09-05,MG92,77.08,84.32440021038056,77.16145958900452,91.99338104724883
2024-09-06,MG95,80.78,92.02339230823517,85.03346857237817,99.15691315698623
2024-09-06,MG95,80.78,89.06739224767685,82.07746851181984,96.20091309642791
2024-09-06,MG95,80.78,88.47155071163178,81.48162697577477,95.60507156038284
2024-09-06,MG92,76.35,87.41793682575226,80.79643275737763,94.68434902429581
2024-09-06,MG92,76.35,85.15974464583397,78.53824057745933,92.42615684437752
2024-09-06,MG92,76.35,84.38880442380905,77.76730035543441,91.6552166223526
2024-09-09,MG95,81.59,92.0929765753746,84.79711674261092,99.43262143182754
2024-09-09,MG95,81.59,89.15447756838799,81.8586177356243,96.49412242484092
2024-09-09,MG95,81.59,88.46897585964203,81.17311602687835,95.80862071609496
2024-09-09,MG92,77.16,87.57567339754104,80.67253651833533,95.09368228530884
2024-09-09,MG92,77.16,85.34904491519929,78.44590803599358,92.86705380296709
2024-09-09,MG92,77.16,84.36182715892792,77.45869027972222,91.87983604669573
2024-09-10,MG95,80.21,92.01663044214249,83.67495121121406,100.11697477340698
2024-09-10,MG95,80.21,89.00203338432311,80.66035415339469,97.10237771558761
2024-09-10,MG95,80.21,88.50217723846436,80.16049800753594,96.60252156972885
2024-09-10,MG92,76.35,87.3201985220909,79.40278636026382,95.69607089567184
2024-09-10,MG92,76.35,85.17643376803399,77.2590216062069,93.55230614161492
2024-09-10,MG92,76.35,84.13730329275131,76.21989113092422,92.51317566633224
2024-09-11,MG95,79.47,91.96944285678863,83.63634820747376,100.08736389684677
2024-09-11,MG95,79.47,88.92145554471017,80.5883608953953,97.0393765847683
2024-09-11,MG95,79.47,88.28964745044709,79.95655280113222,96.40756849050523
2024-09-11,MG92,75.61,87.29093573904038,79.349952562809,95.63754342412948
2024-09-11,MG92,75.61,85.03925525522232,77.09827207899093,93.38586294031141
2024-09-11,MG92,75.61,84.08564414978028,76.1446609735489,92.43225183486938
2024-09-12,MG95,80.35,91.90165351843834,83.58688274478912,99.96779537177085
2024-09-12,MG95,80.35,88.84418262648583,80.52941185283662,96.91032447981834
2024-09-12,MG95,80.35,88.42199526071548,80.10722448706626,96.48813711404799
2024-09-12,MG92,76.49,87.12831718778611,79.257325391531,95.49449438905718
2024-09-12,MG92,76.49,85.03183888626099,77.16084709000587,93.39801608753206
2024-09-12,MG92,76.49,84.1869238615036,76.31593206524849,92.55310106277467
2024-09-13,MG95,80.31,92.10323025226594,82.27067096471788,101.34307198762896
2024-09-13,MG95,80.31,89.02634242701531,79.19378313946724,98.26618416237832
2024-09-13,MG95,80.31,88.30222493362427,78.46966564607621,97.54206666898729
2024-09-13,MG92,75.89,87.4448890748024,78.09868324422837,97.12999791526795
2024-09-13,MG92,75.89,84.93512800216675,75.58892217159271,94.6202368426323
2024-09-13,MG92,75.89,83.9929646730423,74.64675884246826,93.67807351350784
2024-09-16,MG95,80.46,92.08998352718353,82.64732517313956,100.99757112693786
2024-09-16,MG95,80.46,89.03587775731087,79.5932194032669,97.9434653570652
2024-09-16,MG95,80.46,88.45454874658586,79.01189039254189,97.36213634634018
2024-09-16,MG92,76.04,87.45279101610183,78.51464344143866,96.81030456304549
2024-09-16,MG92,76.04,85.05517264008522,76.11702506542206,94.41268618702888
2024-09-16,MG92,76.04,84.0193347454071,75.08118717074393,93.37684829235076
2024-09-17,MG95,82.54,91.87935372972488,82.97835478329658,100.41293989801406
2024-09-17,MG95,82.54,89.01816169166565,80.11716274523735,97.55174785995483
2024-09-17,MG95,82.54,88.38455958795548,79.48356064152718,96.91814575624466
2024-09-17,MG92,77.43,87.08124307703972,78.60874746155739,95.92411617350578
2024-09-17,MG92,77.43,84.96658872032165,76.49409310483932,93.80946181678772
2024-09-17,MG92,77.43,84.11869931221008,75.64620369672775,92.96157240867615
2024-09-18,MG95,83.86,92.07794377183913,81.80926892852783,101.66525467729569
2024-09-18,MG95,83.86,89.03936144685744,78.77068660354614,98.626672352314
2024-09-18,MG95,83.86,88.29040611219406,78.02173126888276,97.87771701765062
2024-09-18,MG92,79.24,87.23960379028318,77.47647071146963,97.3257184948921
2024-09-18,MG92,79.24,85.08707729625702,75.32394421744347,95.17319200086594
2024-09-18,MG92,79.24,83.90748789310456,74.144354814291,93.99360259771348
2024-09-19,MG95,86.33,88.88682752466202,78.9829947874546,98.19048671579363
2024-09-19,MG95,86.33,88.38809373950959,78.48426100230216,97.69175293064119
2024-09-19,MG95,86.33,87.18744335985184,77.28361062264442,96.49110255098344
2024-09-19,MG92,81.71,84.82270255160331,75.3996321208477,94.56616159749032
2024-09-19,MG92,81.71,83.8836501121521,74.46057968139648,93.6271091580391
2024-09-19,MG92,81.71,82.77003800058364,73.34696756982802,92.51349704647065
2024-09-20,MG95,85.86,89.16653228259086,78.70235051608086,98.84094299054145
2024-09-20,MG95,85.86,88.38967585229872,77.92549408578871,98.06408656024931
2024-09-20,MG95,85.86,87.2499648489952,76.7857830824852,96.92437555694579
2024-09-20,MG92,81.24,84.93086048388481,75.06855096840859,95.25944408202172
2024-09-20,MG92,81.24,84.01283878087997,74.15052926540375,94.34142237901688
2024-09-20,MG92,81.24,82.79894545841216,72.93663594293594,93.12752905654906
2024-09-23,MG95,85.82,88.99528637981415,79.15343191838265,98.20117643451691
2024-09-23,MG95,85.82,88.42953798866272,78.58768352723122,97.63542804336548
2024-09-23,MG95,85.82,87.2308259048462,77.3889714434147,96.43671595954896
2024-09-23,MG92,81.16,84.92441482591629,75.62153865146637,94.65396816778183
2024-09-23,MG92,81.16,84.00656777620316,74.70369160175323,93.7361211180687
2024-09-23,MG92,81.16,82.86574108409881,73.5628649096489,92.59529442596435
2024-09-24,MG95,85.14,89.10898656964302,78.96240819811821,98.59871643662453
2024-09-24,MG95,85.14,88.23972207355499,78.09314370203018,97.72945194053649
2024-09-24,MG95,85.14,87.13331425857544,76.98673588705063,96.62304412555694
2024-09-24,MG92,80.48,85.08275065851211,75.43590987753868,95.05549953413009
2024-09-24,MG92,80.48,83.74385846853257,74.09701768755913,93.71660734415055
2024-09-24,MG92,80.48,82.69533303785323,73.0484922568798,92.66808191347121
2024-09-25,MG95,84.78,88.9854982674122,79.44878571152688,97.98564051032068
2024-09-25,MG95,84.78,88.15074965143205,78.61403709554673,97.15089189434053
2024-09-25,MG95,84.78,87.11543140459061,77.5787188487053,96.11557364749909
2024-09-25,MG92,80.12,85.02923980212212,75.97559624767304,94.4538232371807
2024-09-25,MG92,80.12,83.79000908136368,74.7363655269146,93.21459251642226
2024-09-25,MG92,80.12,82.7653436589241,73.71170010447501,92.18992709398267
2024-09-26,MG95,81.86,88.83836176729201,77.36255263066292,99.38552608108522
2024-09-26,MG95,81.86,88.31550046920776,76.83969133257867,98.86266478300097
2024-09-26,MG95,81.86,87.12734444618225,75.65153530955315,97.67450875997545
2024-09-26,MG92,77.2,84.57237227964401,73.69640462803841,95.8422436337471
2024-09-26,MG92,77.2,83.77864164113998,72.90267398953438,95.04851299524307
2024-09-26,MG92,77.2,82.56785162210464,71.69188397049903,93.83772297620773
2024-09-27,MG95,81.67,88.70066836595535,76.78595877885819,99.65609928846361
2024-09-27,MG95,81.67,88.22256963014601,76.30786004304885,99.17800055265427
2024-09-27,MG95,81.67,87.07707069206236,75.1623611049652,98.03250161457062
2024-09-27,MG92,77.01,84.5574991066456,73.22742610764504,96.23486631703379
2024-09-27,MG92,77.01,83.68201043605805,72.3519374370575,95.35937764644625
2024-09-27,MG92,77.01,82.45647099733353,71.12639799833298,94.13383820772172
2024-09-30,MG95,81.6,88.9331030201912,77.38893072724343,99.5527372956276
2024-09-30,MG95,81.6,88.1849583992958,76.64078610634803,98.80459267473219
2024-09-30,MG95,81.6,87.06508643817901,75.52091414523125,97.6847207136154
2024-09-30,MG92,76.94,84.6264367518425,73.66913018798829,95.95149294710161
2024-09-30,MG92,76.94,83.75364521741866,72.79633865356445,95.07870141267777
2024-09-30,MG92,76.94,82.48814587259292,71.5308393087387,93.81320206785203
2024-10-01,MG95,79.71,88.50645423960687,76.80204338979722,99.30516821694373
2024-10-01,MG95,79.71,88.22684990358353,76.52243905377388,99.02556388092039
2024-10-01,MG95,79.71,87.01559674406052,75.31118589425087,97.81431072139738
2024-10-01,MG92,73.6,84.4012393758297,73.24816299533845,95.84860007023812
2024-10-01,MG92,73.6,83.69854996204376,72.5454735815525,95.14591065645217
2024-10-01,MG92,73.6,82.38299254512786,71.2299161646366,93.83035323953628
2024-10-02,MG95,84.21,88.88124288225174,77.20064209842683,99.61770688676833
2024-10-02,MG95,84.21,88.22884792184828,76.54824713802337,98.96531192636488
2024-10-02,MG95,84.21,87.04842815113068,75.36782736730576,97.78489215564727
2024-10-02,MG92,78.2,84.69571516251565,73.60745409464838,96.15497085785867
2024-10-02,MG92,78.2,83.62857749462128,72.540316426754,95.0878331899643
2024-10-02,MG92,78.2,82.4792079076767,71.39094683980942,93.93846360301971
2024-10-03,MG95,84.86,88.77908968377113,77.226176060915,99.40463859486579
2024-10-03,MG95,84.86,88.1828914117813,76.62997778892516,98.80844032287595
2024-10-03,MG95,84.86,87.0340637102127,75.48115008735657,97.65961262130736
2024-10-03,MG92,78.85,84.45388218593598,73.4898616654873,95.7887928171158
2024-10-03,MG92,78.85,83.70095086097717,72.73693034052849,95.035861492157
2024-10-03,MG92,78.85,82.46987617206574,71.50585565161705,93.80478680324556
2024-10-04,MG95,88.97,88.61778599596025,77.07533270931245,99.1996648321152
2024-10-04,MG95,88.97,88.2051329498291,76.66267966318131,98.78701178598406
2024-10-04,MG95,88.97,87.08052144432068,75.53806815767288,97.66240028047564
2024-10-04,MG92,82.55,84.53656070065497,73.6218422217369,95.88960747551917
2024-10-04,MG92,82.55,83.80488430261612,72.89016582369804,95.15793107748031
2024-10-04,MG92,82.55,82.51239706850052,71.59767858958244,93.86544384336472
2024-10-07,MG95,88.88,88.54607967424394,75.36822440314293,100.62788294363023
2024-10-07,MG95,88.88,88.09332543611526,74.91547016501426,100.17512870550155
2024-10-07,MG95,88.88,87.01164041519166,73.83378514409065,99.09344368457795
2024-10-07,MG92,82.46,84.27138729357719,71.73289667034149,97.2435676600933
2024-10-07,MG92,82.46,83.45980783700944,70.92131721377373,96.43198820352555
2024-10-07,MG92,82.46,82.25475669813156,69.71626607489586,95.22693706464767
2024-10-08,MG95,90.15,88.79875219416618,75.6025625975132,100.85315586161613
2024-10-08,MG95,90.15,88.21209048414231,75.01590088748932,100.26649415159225
2024-10-08,MG95,90.15,87.0130348391533,73.81684524250032,99.06743850660325
2024-10-08,MG92,83.73,84.45509589743614,71.94012651872634,97.48165483307838
2024-10-08,MG92,83.73,83.60718241930007,71.09221304059028,96.63374135494232
2024-10-08,MG92,83.73,82.26340375900268,69.74843438029289,95.28996269464493
2024-10-09,MG95,88.5,88.72351852941513,75.94666197109223,100.374619284153
2024-10-09,MG95,88.5,88.21028474378585,75.43342818546294,99.86138549852372
2024-10-09,MG95,88.5,86.97720039892197,74.20034384059906,98.62830115365983
2024-10-09,MG92,82.08,84.4709583697319,72.38168071484566,97.07712109661102
2024-10-09,MG92,82.08,83.61031593084334,71.5210382759571,96.21647865772246
2024-10-09,MG92,82.08,82.27234245157241,70.18306479668617,94.87850517845153
2024-10-10,MG95,88.37,88.83710523176194,75.74877936172486,100.77474186944961
2024-10-10,MG95,88.37,88.20917078590394,75.12084491586685,100.14680742359161
2024-10-10,MG95,88.37,87.06149725008012,73.97317138004304,98.9991338877678
2024-10-10,MG92,81.95,84.55814356350899,72.16484162950516,97.48531205201151
2024-10-10,MG92,81.95,83.53906736373901,71.14576542973518,96.46623585224152
2024-10-10,MG92,81.95,82.30358157348633,69.9102796394825,95.23075006198884
2024-10-11,MG95,89.88,88.77189445209504,75.62568143677711,100.80748832416536
2024-10-11,MG95,89.88,88.06710876131058,74.92089574599265,100.1027026333809
2024-10-11,MG95,89.88,86.93680633592606,73.79059332060814,98.97240020799639
2024-10-11,MG92,83.46,84.26833231425286,71.775679749012,97.22112233614924
2024-10-11,MG92,83.46,83.57537946701049,71.08272690176963,96.52816948890687
2024-10-11,MG92,83.46,82.14295083379746,69.6502982685566,95.09574085569383
2024-10-14,MG95,89.17,88.68298970961571,75.09259382629395,101.12348532700538
2024-10-14,MG95,89.17,88.02297053146361,74.43257464814185,100.46346614885329
2024-10-14,MG95,89.17,86.96630038452147,73.37590450119971,99.40679600191115
2024-10-14,MG92,82.75,84.13963808965683,71.22679337215423,97.56813856315613
2024-10-14,MG92,82.75,83.42970104217528,70.51685632467269,96.85820151567458
2024-10-14,MG92,82.75,82.12125254678726,69.20840782928467,95.54975302028656
2024-10-15,MG95,84.88,88.61081158304214,73.43676677727699,102.56029168510437
2024-10-15,MG95,84.88,88.10673264026642,72.93268783450127,102.05621274232865
2024-10-15,MG95,84.88,86.84265237665176,71.6686075708866,100.792132478714
2024-10-15,MG92,78.39,84.12926513361931,69.7184068005085,99.32555187153817
2024-10-15,MG92,78.39,83.26412063837051,68.8532623052597,98.46040737628937
2024-10-15,MG92,78.39,81.95953921842575,67.54868088531494,97.1558259563446
2024-10-16,MG95,84.95,88.88684333467484,74.94737944865227,101.62735518836976
2024-10-16,MG95,84.95,88.00658301973343,74.06711913371086,100.74709487342835
2024-10-16,MG95,84.95,86.92758716917038,72.98812328314781,99.6680990228653
2024-10-16,MG92,78.46,84.3301745903492,71.10837837576867,98.15673455119135
2024-10-16,MG92,78.46,83.46134672164916,70.23955050706863,97.28790668249131
2024-10-16,MG92,78.46,82.14091947603225,68.91912326145172,95.9674794368744
2024-10-17,MG95,85.98,87.98027647590638,74.58258694624901,100.2524244246483
2024-10-17,MG95,85.98,86.87683838415145,73.47914885449408,99.14898633289337
2024-10-17,MG95,85.98,87.36985487675668,73.9721653470993,99.6420028254986
2024-10-17,MG92,79.49,83.24617959260941,70.50818143486977,96.46064968109131
2024-10-17,MG92,79.49,82.11418035554885,69.37618219780921,95.32865044403076
2024-10-17,MG92,79.49,81.94768154382706,69.20968338608742,95.16215163230896
2024-10-18,MG95,87.47,88.00354628276824,73.96173098516464,100.830405547142
2024-10-18,MG95,87.47,86.9454532904625,72.90363799285889,99.77231255483626
2024-10-18,MG95,87.47,87.40118862676621,73.35937332916261,100.22804789113998
2024-10-18,MG92,80.98,83.4417871594429,70.13175392746925,97.38781473636627
2024-10-18,MG92,80.98,82.12092490386962,68.81089167189597,96.06695248079299
2024-10-18,MG92,80.98,81.96776105546951,68.65772782349586,95.91378863239288
2024-10-21,MG95,85.8,88.00200178956985,74.12015335178374,100.6955518541336
2024-10-21,MG95,85.8,86.83827433300019,72.95642589521408,99.53182439756394
2024-10-21,MG95,85.8,87.39319149208069,73.51134305429458,100.08674155664444
2024-10-21,MG92,79.31,83.44866933822632,70.27523949146271,97.2070246577263
2024-10-21,MG92,79.31,82.06167621183396,68.88824636507034,95.82003153133392
2024-10-21,MG92,79.31,81.96261838197708,68.78918853521347,95.72097370147705
2024-10-22,MG95,84.73,87.9545216860771,73.48190982484816,101.207140668869
2024-10-22,MG95,84.73,86.8644133644104,72.39180150318145,100.1170323472023
2024-10-22,MG95,84.73,87.34919605565071,72.87658419442177,100.60181503844261
2024-10-22,MG92,79.06,83.35081379413604,69.61683576107025,97.76191102266311
2024-10-22,MG92,79.06,82.03104345321654,68.29706542015074,96.44214068174361
2024-10-22,MG92,79.06,81.85618500518798,68.12220697212219,96.26728223371505
2024-10-23,MG95,85.75,88.01306403923034,74.20323099303245,100.64873218345642
2024-10-23,MG95,85.75,86.90120991706848,73.09137687087059,99.53687806129456
2024-10-23,MG95,85.75,87.39486834383011,73.58503529763222,100.03053648805619
2024-10-23,MG92,79.75,83.27234063148498,70.15882874131202,96.94508180618286
2024-10-23,MG92,79.75,82.03278431463241,68.91927242445945,95.70552548933028
2024-10-23,MG92,79.75,81.93660692691802,68.82309503674506,95.6093481016159
2024-10-24,MG95,85.97,87.80313000297545,72.67475642538069,101.72432226276396
2024-10-24,MG95,85.97,86.81496762418746,71.6865940465927,100.73615988397597
2024-10-24,MG95,85.97,87.32208163666725,72.19370805907249,101.24327389645576
2024-10-24,MG92,79.98,83.12506957054137,68.74421749711036,98.25643647909165
2024-10-24,MG92,79.98,81.79296883010863,67.41211675667762,96.92433573865891
2024-10-24,MG92,79.98,81.80998176050186,67.42912968707084,96.94134866905213
2024-10-25,MG95,84.63,87.92132030725479,74.02597061634063,100.62673099279404
2024-10-25,MG95,84.63,86.855125893116,72.95977620220184,99.56053657865525
2024-10-25,MG95,84.63,87.42337805080413,73.52802835988997,100.12878873634338
2024-10-25,MG92,78.9,83.38751609325409,70.20196728110314,97.16121048927307
2024-10-25,MG92,78.9,81.9637928905487,68.77824407839775,95.73748728656768
2024-10-25,MG92,78.9,81.98033201169967,68.79478319954872,95.75402640771865
2024-10-28,MG95,82.69,87.942498046875,72.24861319613457,102.42696007919312
2024-10-28,MG95,82.69,86.82216299724578,71.12827814650535,101.3066250295639
2024-10-28,MG95,82.69,87.32040485429764,71.6265200035572,101.80486688661576
2024-10-28,MG92,76.96,83.11663656234741,68.20161433815956,98.90607075691223
2024-10-28,MG92,76.96,81.75866999578476,66.8436477715969,97.54810419034958
2024-10-28,MG92,76.96,81.69456890058517,66.77954667639732,97.48400309514999
2024-10-29,MG95,82.16,87.93150894641875,71.2061785161495,103.40955662012098
2024-10-29,MG95,82.16,86.82172224426269,70.09639181399345,102.29976991796492
2024-10-29,MG95,82.16,87.42880993366241,70.70347950339317,102.90685760736464
2024-10-29,MG92,76.43,83.00288451910019,67.16517851948738,100.07733715772629
2024-10-29,MG92,76.43,81.70841196107864,65.87070596146583,98.78286459970474
2024-10-29,MG92,76.43,81.68604595565796,65.84833995604515,98.76049859428406
2024-10-30,MG95,82.79,87.99765254688263,71.99192218852043,102.72631797266007
2024-10-30,MG95,82.79,86.7804248828888,70.7746945245266,101.50909030866623
2024-10-30,MG95,82.79,87.43697508335114,71.43124472498894,102.16564050912858
2024-10-30,MG92,77.26,83.15833575725556,68.00497056245804,99.36687214374544
2024-10-30,MG92,77.26,81.740766269207,66.58740107440948,97.94930265569688
2024-10-30,MG92,77.26,81.75960640573501,66.6062412109375,97.9681427922249
2024-10-31,MG95,82.79,87.76021649980544,72.36055864834785,101.93793256902691
2024-10-31,MG95,82.79,86.81199087524413,71.41233302378654,100.98970694446561
2024-10-31,MG95,82.79,87.36787130975722,71.96821345829963,101.5455873789787
2024-10-31,MG92,77.26,83.07953411340714,68.45166417956352,98.53351932764053
2024-10-31,MG92,77.26,81.83817829465866,67.21030836081505,97.29216350889206
2024-10-31,MG92,77.26,81.85046501159667,67.22259507775306,97.30445022583007
2024-11-01,MG95,84.91,87.87372943496703,71.58729945516586,102.91320582962034
2024-11-01,MG95,84.91,86.83437854909897,70.5479485692978,101.87385494375228
2024-11-01,MG95,84.91,87.38757114291191,71.10114116311074,102.42704753756522
2024-11-01,MG92,79.38,83.14444797039033,67.70731981396676,99.67380099296571
2024-11-01,MG92,79.38,81.72311611461639,66.28598795819282,98.25246913719177
2024-11-01,MG92,79.38,81.74116538286209,66.30403722643852,98.27051840543747
2024-11-04,MG95,85.84,87.92287316036224,72.05624646377564,102.5355343980789
2024-11-04,MG95,85.84,86.77788921689988,70.91126252031327,101.39055045461653
2024-11-04,MG95,85.84,87.46836448574066,71.60173778915406,102.08102572345732
2024-11-04,MG92,80.31,83.1971642255783,68.1548356294632,99.22337363958358
2024-11-04,MG92,80.31,81.76948022174835,66.72715162563324,97.79568963575363
2024-11-04,MG92,80.31,81.90903827285766,66.86670967674254,97.93524768686294
2024-11-05,MG95,86.73,87.7778454580307,71.07207199001313,103.25324931049349
2024-11-05,MG95,86.73,86.82639806461334,70.12062459659577,102.30180191707613
2024-11-05,MG95,86.73,87.45609936714172,70.75032589912415,102.93150321960451
2024-11-05,MG92,81.2,83.01844059228897,67.18562697172165,100.05735753774643
2024-11-05,MG92,81.2,81.66275356483459,65.82993994426727,98.70167051029205
2024-11-05,MG92,81.2,81.69867291784286,65.86585929727553,98.73758986330031
2024-11-06,MG95,84.52,87.90476559734344,71.67214730715752,102.89261955356599
2024-11-06,MG95,84.52,86.77354607057572,70.5409277803898,101.76140002679827
2024-11-06,MG95,84.52,87.48455039763451,71.25193210744858,102.47240435385706
2024-11-06,MG92,78.99,82.9911069750786,67.60184251070024,99.45313130617141
2024-11-06,MG92,78.99,81.76890187644958,66.37963741207122,98.2309262075424
2024-11-06,MG92,78.99,81.8734621219635,66.48419765758514,98.33548645305632
2024-11-07,MG95,85.19,87.81890933132172,70.4125650343895,104.04905622339247
2024-11-07,MG95,85.19,86.76455210542679,69.35820780849457,102.99469899749754
2024-11-07,MG95,85.19,87.38844709038734,69.98210279345513,103.6185939824581
2024-11-07,MG92,79.66,82.95565887689591,66.45599856376649,100.85883971452714
2024-11-07,MG92,79.66,81.53653647375107,65.03687616062165,99.4397173113823
2024-11-07,MG92,79.66,81.5732389678955,65.07357865476608,99.47641980552673
2024-11-08,MG95,85.81,87.90427445268631,71.43508118605614,103.1194447860718
2024-11-08,MG95,85.81,86.76768762636185,70.29849435973168,101.98285795974734
2024-11-08,MG95,85.81,87.49688352370262,71.02769025707245,102.71205385708811
2024-11-08,MG92,79.85,83.0484398841858,67.44913160204888,99.80764015913009
2024-11-08,MG92,79.85,81.63325178718567,66.03394350504875,98.39245206212996
2024-11-08,MG92,79.85,81.82122461891174,66.22191633677483,98.58042489385603
2024-11-11,MG95,84.45,87.81857284498214,70.99167996954918,103.46676556777955
2024-11-11,MG95,84.45,86.75132920122147,69.9244363257885,102.39952192401887
2024-11-11,MG95,84.45,87.33889539408683,70.51200251865387,102.98708811688424
2024-11-11,MG92,78.49,82.9175908923149,66.93788147568702,100.0748705625534
2024-11-11,MG92,78.49,81.57399128389358,65.59428186726569,98.73127095413207
2024-11-11,MG92,78.49,81.61442844772338,65.6347190310955,98.77170811796188
2024-11-12,MG95,82.87,87.83801799345017,71.78680972981452,102.64562186050415
2024-11-12,MG95,82.87,86.74130245542527,70.69009419178963,101.54890632247925
2024-11-12,MG95,82.87,87.37107087874413,71.31986261510849,102.17867474579812
2024-11-12,MG92,76.91,83.13684711456298,67.91447598338127,99.37765429019927
2024-11-12,MG92,76.91,81.6941655921936,66.47179446101188,97.93497276782989
2024-11-12,MG92,76.91,81.71844582128524,66.49607469010353,97.95925299692153
2024-11-13,MG95,82.32,87.66811329174041,70.36374943542481,103.80159873533249
2024-11-13,MG95,82.32,86.68244599580765,69.37808213949205,102.81593143939973
2024-11-13,MG95,82.32,87.38677955675125,70.08241570043565,103.52026500034333
2024-11-13,MG92,76.36,82.91269751787186,66.49977614879609,100.67913063764574
2024-11-13,MG92,76.36,81.52175424575805,65.10883287668227,99.28818736553193
2024-11-13,MG92,76.36,81.62831056213379,65.21538919305802,99.39474368190767
2024-09-19,MG95,86.33,85.22446632242202,82.82896131134032,87.53141887283324
2024-09-19,MG95,86.33,84.72573253726958,82.33022752618788,87.0326850876808
2024-09-19,MG95,86.33,83.52508215761185,81.12957714653015,85.83203470802307
2024-09-19,MG92,81.71,81.114822940588,78.73213227486612,83.27007879471779
2024-09-19,MG92,81.71,80.17577050113678,77.7930798354149,82.33102635526657
2024-09-19,MG92,81.71,79.06215838956832,76.67946772384644,81.21741424369812
2024-09-20,MG95,85.86,85.46177833127976,82.40930763292313,88.48328365969658
2024-09-20,MG95,85.86,84.68492190098762,81.63245120263099,87.70642722940444
2024-09-20,MG95,85.86,83.54521089768409,80.49274019932746,86.56671622610091
2024-09-20,MG92,81.24,81.24505897784233,78.05032108807563,84.03380631709099
2024-09-20,MG92,81.24,80.3270372748375,77.1322993850708,83.11578461408615
2024-09-20,MG92,81.24,79.11314395236968,75.91840606260298,81.90189129161834
2024-09-23,MG95,85.82,85.3443835773468,82.091010358572,88.57305947685242
2024-09-23,MG95,85.82,84.77863518619537,81.52526196742058,88.00731108570099
2024-09-23,MG95,85.82,83.57992310237884,80.32654988360405,86.80859900188446
2024-09-23,MG92,81.16,81.25566733694076,77.82728851890563,84.22380639886856
2024-09-23,MG92,81.16,80.33782028722763,76.9094414691925,83.30595934915543
2024-09-23,MG92,81.16,79.19699359512329,75.76861477708816,82.16513265705109
2024-09-24,MG95,85.14,85.57148647141457,81.81454985809327,89.31004380059242
2024-09-24,MG95,85.14,84.70222197532654,80.94528536200524,88.44077930450439
2024-09-24,MG95,85.14,83.59581416034699,79.83887754702569,87.33437148952484
2024-09-24,MG92,80.48,81.59089410448074,77.58148296260833,85.01223554515839
2024-09-24,MG92,80.48,80.2520019145012,76.24259077262879,83.67334335517884
2024-09-24,MG92,80.48,79.20347648382186,75.19406534194945,82.62481792449951
2024-09-25,MG95,84.78,85.44643207168579,81.42220358467101,89.44932219481468
2024-09-25,MG95,84.78,84.61168345570564,80.58745496869086,88.61457357883454
2024-09-25,MG95,84.78,83.57636520886422,79.55213672184944,87.57925533199311
2024-09-25,MG92,80.12,81.49019734501839,77.1834168636799,85.14151933312417
2024-09-25,MG92,80.12,80.25096662425995,75.94418614292145,83.90228861236572
2024-09-25,MG92,80.12,79.22630120182036,74.91952072048187,82.87762318992614
2024-09-26,MG95,81.86,85.28014777994156,80.97822565412521,89.55434852695466
2024-09-26,MG95,81.86,84.7572864818573,80.45536435604096,89.0314872288704
2024-09-26,MG95,81.86,83.56913045883178,79.26720833301543,87.84333120584488
2024-09-26,MG92,77.2,81.18903400707245,76.57506019639969,85.08059977817535
2024-09-26,MG92,77.2,80.39530336856842,75.78132955789566,84.28686913967132
2024-09-26,MG92,77.2,79.18451334953308,74.57053953886032,83.07607912063598
2024-09-27,MG95,81.67,85.25058214044572,80.481965154171,89.97183385705948
2024-09-27,MG95,81.67,84.77248340463638,80.00386641836165,89.49373512125014
2024-09-27,MG95,81.67,83.62698446655273,78.858367480278,88.34823618316649
2024-09-27,MG92,77.01,81.34706419539452,76.22082126688959,85.64676006865503
2024-09-27,MG92,77.01,80.47157552480698,75.34533259630204,84.77127139806748
2024-09-27,MG92,77.01,79.24603608608246,74.11979315757752,83.54573195934296
2024-09-30,MG95,81.6,85.51988830876351,80.47511220645906,90.49611572933198
2024-09-30,MG95,81.6,84.77174368786811,79.72696758556366,89.74797110843657
2024-09-30,MG95,81.6,83.65187172675132,78.60709562444687,88.62809914731979
2024-09-30,MG92,76.94,81.41706541156769,75.9894243631363,85.96319229221344
2024-09-30,MG92,76.94,80.54427387714387,75.11663282871247,85.09040075778961
2024-09-30,MG92,76.94,79.27877453231811,73.85113348388671,83.82490141296385
2024-10-01,MG95,79.71,85.14968505907059,79.94488372373583,90.2787249557972
2024-10-01,MG95,79.71,84.87008072304725,79.66527938771249,89.99912061977386
2024-10-01,MG95,79.71,83.65882756352424,78.45402622818948,88.78786746025085
2024-10-01,MG92,73.6,81.28338868784904,75.6881352584362,85.96060915637017
2024-10-01,MG92,73.6,80.58069927406311,74.98544584465027,85.25791974258424
2024-10-01,MG92,73.6,79.2651418571472,73.66988842773436,83.94236232566833
2024-10-02,MG95,84.21,85.50592385315895,79.85319682025909,91.04943485164641
2024-10-02,MG95,84.21,84.85352889275552,79.20080185985566,90.39703989124298
2024-10-02,MG95,84.21,83.67310912203789,78.02038208913802,89.21662012052535
2024-10-02,MG92,78.2,81.55367218232155,75.48811885333062,86.60933352208137
2024-10-02,MG92,78.2,80.48653451442718,74.42098118543625,85.542195854187
2024-10-02,MG92,78.2,79.3371649274826,73.27161159849167,84.39282626724243
2024-10-03,MG95,84.86,85.44533363699914,79.37004801750183,91.37340004086495
2024-10-03,MG95,84.86,84.84913536500932,78.77384974551201,90.77720176887513
2024-10-03,MG95,84.86,83.70030766344071,77.6250220439434,89.62837406730652
2024-10-03,MG92,78.85,81.34912397098542,74.8464692158699,86.76061211299896
2024-10-03,MG92,78.85,80.59619264602662,74.09353789091111,86.00768078804016
2024-10-03,MG92,78.85,79.36511795711517,72.86246320199966,84.77660609912871
2024-10-04,MG95,88.97,85.23301963090897,79.22304869890213,91.10071480989457
2024-10-04,MG95,88.97,84.82036658477783,78.81039565277099,90.68806176376343
2024-10-04,MG95,88.97,83.69575507926942,77.68578414726258,89.56345025825502
2024-10-04,MG92,82.55,81.36746666407585,74.93161504006385,86.72528181529044
2024-10-04,MG92,82.55,80.63579026603699,74.19993864202499,85.99360541725159
2024-10-04,MG92,82.55,79.34330303192138,72.90745140790938,84.70111818313597
2024-10-07,MG95,88.88,85.3250748310089,78.61559144353866,91.82375377750397
2024-10-07,MG95,88.88,84.87232059288024,78.16283720541,91.3709995393753
2024-10-07,MG95,88.88,83.79063557195663,77.08115218448638,90.28931451845169
2024-10-07,MG92,82.46,81.44975323319434,74.30321151137352,87.38978147625923
2024-10-07,MG92,82.46,80.63817377662659,73.49163205480576,86.57820201969147
2024-10-07,MG92,82.46,79.43312263774871,72.28658091592789,85.3731508808136
2024-10-08,MG95,90.15,85.50353557276726,79.14132918405532,91.68748239922523
2024-10-08,MG95,90.15,84.91687386274339,78.55466747403145,91.10082068920136
2024-10-08,MG95,90.15,83.71781821775437,77.35561182904243,89.90176504421234
2024-10-08,MG92,83.73,81.53966534399987,74.74361807608605,87.1933998515606
2024-10-08,MG92,83.73,80.69175186586381,73.89570459794999,86.34548637342454
2024-10-08,MG92,83.73,79.3479732055664,72.55192593765258,85.00170771312713
2024-10-09,MG95,88.5,85.44188526821137,78.75615449380875,91.9101336784363
2024-10-09,MG95,88.5,84.9286514825821,78.24292070817948,91.39689989280703
2024-10-09,MG95,88.5,83.6955671377182,77.00983636331559,90.16381554794313
2024-10-09,MG92,82.08,81.52489321994781,74.40180155086516,87.45100729274749
2024-10-09,MG92,82.08,80.66425078105927,73.54115911197661,86.59036485385894
2024-10-09,MG92,82.08,79.32627730178834,72.20318563270568,85.25239137458802
2024-10-10,MG95,88.37,85.76645129013062,78.23455366897583,92.94690820741654
2024-10-10,MG95,88.37,85.1385168442726,77.60661922311782,92.31897376155852
2024-10-10,MG95,88.37,83.99084330844879,76.458945687294,91.17130022573471
2024-10-10,MG92,81.95,81.84737358307838,73.88970091319084,88.48089994168281
2024-10-10,MG92,81.95,80.82829738330841,72.87062471342087,87.46182374191284
2024-10-10,MG92,81.95,79.59281159305573,71.63513892316818,86.22633795166016
2024-10-11,MG95,89.88,85.65296121740342,78.13179026031494,92.85739067935944
2024-10-11,MG95,89.88,84.94817552661897,77.4270045695305,92.15260498857499
2024-10-11,MG95,89.88,83.81787310123444,76.29670214414597,91.02230256319046
2024-10-11,MG92,83.46,81.54383047795295,73.59228363251685,88.16234691357612
2024-10-11,MG92,83.46,80.8508776307106,72.8993307852745,87.46939406633376
2024-10-11,MG92,83.46,79.41844899749756,71.46690215206146,86.03696543312073
2024-10-14,MG95,89.17,85.5452551009655,77.75607749247551,92.99419852042199
2024-10-14,MG95,89.17,84.88523592281342,77.09605831432343,92.3341793422699
2024-10-14,MG95,89.17,83.82856577587128,76.03938816738129,91.27750919532777
2024-10-14,MG92,82.75,81.44773916912078,73.23319750261307,88.28238338184356
2024-10-14,MG92,82.75,80.73780212163925,72.52326045513153,87.57244633436203
2024-10-14,MG92,82.75,79.42935362625121,71.2148119597435,86.26399783897399
2024-10-15,MG95,84.88,85.63883388662339,77.37844282293321,93.47303749227525
2024-10-15,MG95,84.88,85.13475494384765,76.87436388015747,92.96895854949952
2024-10-15,MG95,84.88,83.87067468023301,75.61028361654283,91.70487828588487
2024-10-15,MG92,78.39,81.74231898140908,73.07626107287408,88.97356900048257
2024-10-15,MG92,78.39,80.87717448616027,72.21111657762526,88.10842450523376
2024-10-15,MG92,78.39,79.57259306621552,70.90653515768051,86.803843085289
2024-10-16,MG95,84.95,85.9436774711609,77.36565019059182,94.03590083408356
2024-10-16,MG95,84.95,85.06341715621949,76.48538987565041,93.15564051914215
2024-10-16,MG95,84.95,83.98442130565644,75.40639402508737,92.0766446685791
2024-10-16,MG92,78.46,81.84088973593711,72.87488369059561,89.33518652987479
2024-10-16,MG92,78.46,80.97206186723709,72.00605582189559,88.46635866117477
2024-10-16,MG92,78.46,79.65163462162018,70.68562857627867,87.14593141555785
2024-10-17,MG95,85.98,84.96625321626664,76.58683416962624,92.9129018521309
2024-10-17,MG95,85.98,83.86281512451171,75.48339607787132,91.80946376037598
2024-10-17,MG95,85.98,84.35583161711693,75.97641257047654,92.3024802529812
2024-10-17,MG92,79.49,80.6580662651062,71.87597192239761,87.98502461624146
2024-10-17,MG92,79.49,79.52606702804565,70.74397268533706,86.8530253791809
2024-10-17,MG92,79.49,79.35956821632385,70.57747387361526,86.68652656745911
2024-10-18,MG95,87.47,85.09191493463516,75.84629527163506,93.76090892505647
2024-10-18,MG95,87.47,84.03382194232941,74.78820227932931,92.70281593275072
2024-10-18,MG95,87.47,84.48955727863313,75.24393761563303,93.15855126905444
2024-10-18,MG92,80.98,80.99695294427872,71.40003893423079,89.0397873263359
2024-10-18,MG92,80.98,79.67609068870544,70.07917667865752,87.71892507076262
2024-10-18,MG92,80.98,79.52292684030533,69.9260128302574,87.56576122236251
2024-10-21,MG95,85.8,85.07316408205033,75.82006174612046,93.75855297374724
2024-10-21,MG95,85.8,83.90943662548065,74.65633428955078,92.59482551717757
2024-10-21,MG95,85.8,84.46435378456115,75.21125144863129,93.14974267625807
2024-10-21,MG92,79.31,80.98250442743301,71.37576642751694,89.03019412755965
2024-10-21,MG92,79.31,79.59551130104066,69.98877330112458,87.6432010011673
2024-10-21,MG92,79.31,79.49645347118377,69.88971547126769,87.54414317131041
2024-10-22,MG95,84.73,85.22418508529663,75.28222697973251,94.45631394386291
2024-10-22,MG95,84.73,84.1340767636299,74.1921186580658,93.36620562219619
2024-10-22,MG95,84.73,84.61885945487023,74.67690134930612,93.85098831343652
2024-10-22,MG92,79.06,81.11826605415344,70.88362868642807,89.73399018383026
2024-10-22,MG92,79.06,79.79849571323393,69.56385834550856,88.41421984291075
2024-10-22,MG92,79.06,79.62363726520537,69.38899989748,88.2393613948822
2024-10-23,MG95,85.75,85.22448355579375,75.43936667346954,94.33816924953459
2024-10-23,MG95,85.75,84.1126294336319,74.32751255130768,93.22631512737273
2024-10-23,MG95,85.75,84.60628786039352,74.8211709780693,93.71997355413436
2024-10-23,MG92,79.75,80.92895284414291,70.83449625492096,89.41607716798782
2024-10-23,MG92,79.75,79.68939652729034,69.59493993806839,88.17652085113525
2024-10-23,MG92,79.75,79.59321913957595,69.498762550354,88.08034346342086
2024-10-24,MG95,85.97,85.16370824575424,75.04667458772659,94.53674328327178
2024-10-24,MG95,85.97,84.17554586696625,74.0585122089386,93.54858090448379
2024-10-24,MG95,85.97,84.68265987944602,74.56562622141837,94.05569491696356
2024-10-24,MG92,79.98,81.05144721221923,70.65832716178893,89.81078107070923
2024-10-24,MG92,79.98,79.7193464717865,69.3262264213562,88.47868033027649
2024-10-24,MG92,79.98,79.73635940217972,69.34323935174942,88.49569326066971
2024-10-25,MG95,84.63,85.22541535806656,74.8904344804287,94.7852922887802
2024-10-25,MG95,84.63,84.15922094392776,73.8242400662899,93.7190978746414
2024-10-25,MG95,84.63,84.72747310161591,74.39249222397805,94.28735003232956
2024-10-25,MG92,78.9,81.13179475688935,70.5386100974083,90.07094541454316
2024-10-25,MG92,78.9,79.70807155418396,69.1148868947029,88.64722221183777
2024-10-25,MG92,78.9,79.72461067533493,69.13142601585388,88.66376133298874
2024-10-28,MG95,82.69,85.29821219158173,74.9038997657299,94.91799049329758
2024-10-28,MG95,82.69,84.17787714195251,73.78356471610068,93.79765544366836
2024-10-28,MG95,82.69,84.67611899900436,74.28180657315254,94.29589730072021
2024-10-28,MG92,76.96,81.10065823888777,70.45012603855132,90.08925946092604
2024-10-28,MG92,76.96,79.74269167232512,69.09215947198867,88.73129289436339
2024-10-28,MG92,76.96,79.67859057712553,69.02805837678908,88.6671917991638
2024-10-29,MG95,82.16,85.63633940792083,73.6928887555599,96.4575840601921
2024-10-29,MG95,82.16,84.52655270576477,72.58310205340385,95.34779735803605
2024-10-29,MG95,82.16,85.13364039516449,73.19018974280357,95.95488504743577
2024-10-29,MG92,76.43,81.36396681022644,69.3604633898735,91.61743506622315
2024-10-29,MG92,76.43,80.06949425220489,68.06599083185195,90.3229625082016
2024-10-29,MG92,76.43,80.04712824678421,68.04362482643127,90.30059650278092
2024-10-30,MG95,82.79,85.42749873161316,74.18502008080482,95.73133429527283
2024-10-30,MG95,82.79,84.21027106761932,72.96779241681098,94.51410663127899
2024-10-30,MG95,82.79,84.86682126808167,73.62434261727333,95.17065683174134
2024-10-30,MG92,77.26,81.21163873815536,69.80553780937194,90.89819665575027
2024-10-30,MG92,77.26,79.79406925010682,68.3879683213234,89.48062716770173
2024-10-30,MG92,77.26,79.81290938663483,68.40680845785141,89.49946730422974
2024-10-31,MG95,82.79,85.44145869255067,73.43203355789184,96.3402092409134
2024-10-31,MG95,82.79,84.49323306798937,72.48380793333054,95.39198361635209
2024-10-31,MG95,82.79,85.04911350250245,73.03968836784362,95.94786405086518
2024-10-31,MG92,77.26,81.31044199752807,69.24109422969818,91.62454505252838
2024-10-31,MG92,77.26,80.0690861787796,67.9997384109497,90.3831892337799
2024-10-31,MG92,77.26,80.0813728957176,68.01202512788771,90.39547595071791
2024-11-01,MG95,84.91,85.38702522182464,73.98181717896462,95.8157219543457
2024-11-01,MG95,84.91,84.34767433595657,72.94246629309654,94.77637106847763
2024-11-01,MG95,84.91,84.9008669297695,73.49565888690948,95.32956366229057
2024-11-01,MG92,79.38,81.30725918960572,69.76001869869232,91.12685660076141
2024-11-01,MG92,79.38,79.88592733383179,68.33868684291839,89.70552474498749
2024-11-01,MG92,79.38,79.90397660207748,68.35673611116408,89.72357401323318
2024-11-04,MG95,85.84,85.36047938632964,73.71193701910971,96.01683531808852
2024-11-04,MG95,85.84,84.21549544286728,72.56695307564735,94.87185137462616
2024-11-04,MG95,85.84,84.90597071170808,73.25742834448815,95.56232664346696
2024-11-04,MG92,80.31,81.25926389217375,69.4863455724716,91.28343644618987
2024-11-04,MG92,80.31,79.83157988834381,68.05866156864167,89.85575244235993
2024-11-04,MG92,80.31,79.97113793945311,68.19821961975097,89.99531049346923
2024-11-05,MG95,86.73,85.37958070707322,73.19504503083229,96.45093757581711
2024-11-05,MG95,86.73,84.42813331365585,72.24359763741492,95.49949018239974
2024-11-05,MG95,86.73,85.05783461618424,72.87329893994331,96.12919148492813
2024-11-05,MG92,81.2,81.30467681932448,69.07156125116347,91.77009765672683
2024-11-05,MG92,81.2,79.9489897918701,67.7158742237091,90.41441062927245
2024-11-05,MG92,81.2,79.98490914487837,67.75179357671736,90.45032998228072
2024-11-06,MG95,84.52,85.40470093631744,73.42620618247986,96.327304066658
2024-11-06,MG95,84.52,84.2734814095497,72.29498665571212,95.19608453989026
2024-11-06,MG95,84.52,84.9844857366085,73.00599098277092,95.90708886694907
2024-11-06,MG92,78.99,81.14574131059646,69.0844983344078,91.4429452137947
2024-11-06,MG92,78.99,79.92353621196746,67.8622932357788,90.2207401151657
2024-11-06,MG92,78.99,80.02809645748138,67.96685348129272,90.32530036067962
2024-11-07,MG95,85.19,85.39128890275956,73.15999276876451,96.51983798503876
2024-11-07,MG95,85.19,84.33693167686462,72.10563554286958,95.46548075914383
2024-11-07,MG95,85.19,84.96082666182518,72.72953052783014,96.08937574410439
2024-11-07,MG92,79.66,81.29834675312043,69.01660715818406,91.80523616313936
2024-11-07,MG92,79.66,79.87922434997557,67.5974847550392,90.3861137599945
2024-11-07,MG92,79.66,79.91592684412001,67.63418724918364,90.42281625413894
2024-11-08,MG95,85.81,85.83964463996887,72.42268224167823,97.8405224328041
2024-11-08,MG95,85.81,84.70305781364442,71.28609541535378,96.70393560647965
2024-11-08,MG95,85.81,85.43225371098518,72.01529131269454,97.4331315038204
2024-11-08,MG92,79.85,81.57900776576994,68.31550207567214,93.05039571952818
2024-11-08,MG92,79.85,80.16381966876983,66.90031397867203,91.63520762252807
2024-11-08,MG92,79.85,80.3517925004959,67.0882868103981,91.82318045425414
2024-11-11,MG95,84.45,85.58840202713013,72.97970826172829,96.98640731000901
2024-11-11,MG95,84.45,84.52115838336945,71.91246461796761,95.91916366624834
2024-11-11,MG95,84.45,85.10872457623482,72.50003081083298,96.5067298591137
2024-11-11,MG92,78.49,81.37684333801269,68.78370215654373,92.19055295467376
2024-11-11,MG92,78.49,80.03324372959136,67.4401025481224,90.84695334625243
2024-11-11,MG92,78.49,80.07368089342117,67.4805397119522,90.88739051008224
2024-11-12,MG95,82.87,85.68160610103607,72.01516628885268,97.93076667928695
2024-11-12,MG95,82.87,84.58489056301119,70.9184507508278,96.83405114126207
2024-11-12,MG95,82.87,85.21465898633005,71.54821917414667,97.46381956458093
2024-11-12,MG92,76.91,81.56236691665649,68.06988669347761,93.25682556343077
2024-11-12,MG92,76.91,80.1196853942871,66.62720517110823,91.81414404106138
2024-11-12,MG92,76.91,80.14396562337875,66.65148540019987,91.83842427015303
2024-11-13,MG95,82.32,85.72958240318297,71.8601607172489,98.09578658151625
2024-11-13,MG95,82.32,84.74391510725022,70.87449342131615,97.1101192855835
2024-11-13,MG95,82.32,85.44824866819383,71.57882698225976,97.8144528465271
2024-11-13,MG92,76.36,81.65158213949204,68.00704261159898,93.50107090330124
2024-11-13,MG92,76.36,80.26063886737822,66.61609933948516,92.11012763118742
2024-11-13,MG92,76.36,80.36719518375396,66.7226556558609,92.21668394756317
2024-11-14,MG95,82.48,84.64517181587219,71.66220944595337,96.34274393510819
2024-11-14,MG95,82.48,85.15414146876336,72.17117909884453,96.85171358799936
2024-11-14,MG95,82.48,84.50272278785705,71.51976041793823,96.20029490709305
2024-11-14,MG92,76.52,80.13421356391906,67.22147626590728,91.25824790668489
2024-11-14,MG92,76.52,80.16259504938125,67.24985775136948,91.28662939214708
2024-11-14,MG92,76.52,79.46599612808228,66.5532588300705,90.5900304708481
2024-11-15,MG95,82.19,84.55704722213746,71.22990688967704,96.54465914058684
2024-11-15,MG95,82.19,85.1807545235157,71.85361419105529,97.16836644196509
2024-11-15,MG95,82.19,84.50513532972336,71.17799499726294,96.49274724817275
2024-11-15,MG92,76.23,80.07754803466796,66.86682739782333,91.49154121685025
2024-11-15,MG92,76.23,80.07254571723938,66.86182508039475,91.48653889942167
2024-11-15,MG92,76.23,79.48207968139648,66.27135904455186,90.89607286357878
2024-11-18,MG95,83.44,84.39957619476318,71.19523267316818,96.30726296949386
2024-11-18,MG95,83.44,85.11100838112831,71.90666485953331,97.01869515585899
2024-11-18,MG95,83.44,84.44963810491562,71.24529458332061,96.3573248796463
2024-11-18,MG92,77.28,80.0136014175415,66.89874497413635,91.32912799358367
2024-11-18,MG92,77.28,80.1069206380844,66.99206419467926,91.42244721412658
2024-11-18,MG92,77.28,79.41896034145356,66.30410389804841,90.73448691749573
2024-11-19,MG95,84.69,84.66329417991639,70.96082057404519,96.9267303185463
2024-11-19,MG95,84.69,85.37554399061204,71.67307038474084,97.63898012924196
2024-11-19,MG95,84.69,84.57776734256744,70.87529373669624,96.84120348119735
2024-11-19,MG92,78.56,80.1781589155197,66.66143044042586,91.89843387413022
2024-11-19,MG92,78.56,80.27680192184448,66.76007344675064,91.997076880455
2024-11-19,MG92,78.56,79.58710211086273,66.07037363576889,91.30737706947325
2024-11-20,MG95,85.43,84.58335304117203,70.63644045448304,97.05263516283034
2024-11-20,MG95,85.43,85.35150445747377,71.40459187078477,97.82078657913208
2024-11-20,MG95,85.43,84.53792703151703,70.59101444482803,97.00720915317534
2024-11-20,MG92,79.3,80.1468052740097,66.4211469836235,92.07457423400878
2024-11-20,MG92,79.3,80.26777315473555,66.54211486434936,92.19554211473464
2024-11-20,MG92,79.3,79.57719959926604,65.85154130887985,91.50496855926512
2024-11-21,MG95,85.13,84.78732560682298,70.77781748700143,97.28859777975082
2024-11-21,MG95,85.13,85.40180464911461,71.39229652929306,97.90307682204245
2024-11-21,MG95,85.13,84.62791331005096,70.61840519022941,97.1291854829788
2024-11-21,MG92,79.38,80.23457128810882,66.46410993623734,92.20902309226989
2024-11-21,MG92,79.38,80.30106868982315,66.53060733795166,92.27552049398422
2024-11-21,MG92,79.38,79.63481756973266,65.86435621786117,91.60926937389372
2024-11-22,MG95,86.07,85.06643680477143,70.31139554166795,98.06886312150958
2024-11-22,MG95,86.07,85.84648085665702,71.09143959355355,98.84890717339518
2024-11-22,MG95,86.07,84.98455410289765,70.22951283979417,97.9869804196358
2024-11-22,MG92,80.32,80.5159001302719,66.16398137807845,93.07860111236572
2024-11-22,MG92,80.32,80.62905194282531,66.27713319063186,93.19175292491913
2024-11-22,MG92,80.32,79.92862366104126,65.5767049088478,92.49132464313507
2024-11-25,MG95,86.12,84.67853943872453,70.50153840827943,97.33622296857834
2024-11-25,MG95,86.12,85.38323227834701,71.20623124790191,98.04091580820082
2024-11-25,MG95,86.12,84.62701258850097,70.45001155805588,97.28469611835479
2024-11-25,MG92,81.55,80.20407724571228,66.28469743204117,92.3260211439133
2024-11-25,MG92,81.55,80.22853982973098,66.30916001605986,92.35048372793199
2024-11-25,MG92,81.55,79.61427769470214,65.69489788103103,91.73622159290315
2024-11-26,MG95,84.78,84.67634412145614,70.49643899416924,97.34907297229768
2024-11-26,MG95,84.78,85.3170124976635,71.1371073703766,97.98974134850504
2024-11-26,MG95,84.78,84.67486164093017,70.49495651364327,97.34759049177171
2024-11-26,MG92,80.31,80.11347927761078,66.18600411844253,92.24157261562347
2024-11-26,MG92,80.31,80.16702471637726,66.239549557209,92.29511805438995
2024-11-26,MG92,80.31,79.59586021709443,65.66838505792617,91.72395355510712
2024-11-27,MG95,84.71,84.63470906972884,70.4915025293827,97.26367153167725
2024-11-27,MG95,84.71,85.30851044011115,71.16530389976501,97.93747290205955
2024-11-27,MG95,84.71,84.60924381065368,70.46603727030754,97.23820627260208
2024-11-27,MG92,80.24,80.17971752929687,66.2892145781517,92.27281290340424
2024-11-27,MG92,80.24,80.21381777715682,66.32331482601165,92.3069131512642
2024-11-27,MG92,80.24,79.62820210456847,65.7376991534233,91.72129747867585
2024-11-28,MG95,83.13,84.68354988050461,70.2312794573307,97.55706628751754
2024-11-28,MG95,83.13,85.39210527181626,70.93983484864235,98.26562167882919
2024-11-28,MG95,83.13,84.65078219461441,70.1985117714405,97.52429860162734
2024-11-28,MG92,79.73,80.24506028652192,66.09912887573243,92.5969705629349
2024-11-28,MG92,79.73,80.25722171831131,66.11129030752183,92.6091319947243
2024-11-28,MG92,79.73,79.66098805332183,65.51505664253234,92.01289832973481
2024-11-29,MG95,83.87,84.7565631737709,69.93600728535651,97.91003251695633
2024-11-29,MG95,83.87,85.49557771754266,70.67502182912827,98.6490470607281
2024-11-29,MG95,83.87,84.9028072886467,70.08225140023231,98.05627663183213
2024-11-29,MG92,80.27,80.25941275787352,65.8159986538887,92.91665075016022
2024-11-29,MG92,80.27,80.40559237480163,65.9621782708168,93.06283036708832
2024-11-29,MG92,80.27,79.79307392787933,65.34965982389451,92.45031192016603
2024-12-02,MG95,83.6,84.5824673166275,70.180531239748,97.4374194970131
2024-12-02,MG95,83.6,85.33274615430832,70.93081007742883,98.18769833469392
2024-12-02,MG95,83.6,84.52070314264297,70.11876706576348,97.37565532302857
2024-12-02,MG92,80.44,80.13245658111572,66.01832561445235,92.44853763294219
2024-12-02,MG92,80.44,80.29274113130569,66.17861016464232,92.60882218313216
2024-12-02,MG92,80.44,79.56066242599488,65.44653145933151,91.87674347782135
2024-12-03,MG95,83.69,84.76441673135757,69.71603169655799,98.12365208244323
2024-12-03,MG95,83.69,85.503331533432,70.45494649863242,98.86256688451766
2024-12-03,MG95,83.69,84.67584809875487,69.62746306395529,98.03508344984053
2024-12-03,MG92,80.83,80.1883135204315,65.5474041585922,93.04644265937803
2024-12-03,MG92,80.83,80.43275422668457,65.79184486484526,93.29088336563109
2024-12-03,MG92,80.83,79.67729418182373,65.03638481998442,92.53542332077025
2024-12-04,MG95,85.39,84.97860611963273,69.69383959817887,98.48493572521211
2024-12-04,MG95,85.39,85.67953120827676,70.3947646868229,99.18586081385614
2024-12-04,MG95,85.39,84.97604908847808,69.69128256702422,98.48237869405746
2024-12-04,MG92,82.53,80.36876321125031,65.55326549100876,93.41164003658294
2024-12-04,MG92,82.53,80.48991934728622,65.67442162704467,93.53279617261884
2024-12-04,MG92,82.53,79.87493560409547,65.05943788385392,92.9178124294281
2024-12-05,MG95,84.16,84.79261196279526,69.08717626714707,98.67593432569505
2024-12-05,MG95,84.16,85.56197753763199,69.8565418419838,99.44529990053178
2024-12-05,MG95,84.16,84.75331172418593,69.04787602853774,98.63663408708572
2024-12-05,MG92,80.81,80.30488271713257,65.1294160604477,93.72130731105804
2024-12-05,MG92,80.81,80.39196772623062,65.21650106954574,93.80839232015609
2024-12-05,MG92,80.81,79.75803846263885,64.58257180595398,93.17446305656432
2024-12-06,MG95,83.27,84.90021849775314,69.27671232247353,98.68886030578614
2024-12-06,MG95,83.27,85.61900300288201,69.9954968276024,99.407644810915
2024-12-06,MG95,83.27,84.8752876367569,69.25178146147728,98.66392944478989
2024-12-06,MG92,79.85,80.36422150516509,65.26874951982498,93.69945649051665
2024-12-06,MG92,79.85,80.42947758436202,65.3340055990219,93.76471256971358
2024-12-06,MG92,79.85,79.85160090351104,64.75612891817093,93.1868358888626
2024-12-09,MG95,83.41,84.8407569899559,68.56364408278466,99.17213001155854
2024-12-09,MG95,83.41,85.58285970902443,69.30574680185319,99.91423273062706
2024-12-09,MG95,83.41,84.98815623807906,68.71104333090781,99.31952925968169
2024-12-09,MG92,80.06,80.36433863735198,64.73289243555068,94.26694682216642
2024-12-09,MG92,80.06,80.51559887981415,64.88415267801285,94.41820706462859
2024-12-09,MG92,80.06,79.87077775669097,64.23933155488967,93.77338594150541
2024-12-10,MG95,84.31,84.84983016824722,70.00090310311317,98.03926832532883
2024-12-10,MG95,84.31,85.50041817378998,70.65149110865593,98.68985633087159
2024-12-10,MG95,84.31,84.76072253465652,69.91179546952247,97.95016069173813
2024-12-10,MG92,80.96,80.27396359825133,65.80143647813796,92.95985174560546
2024-12-10,MG92,80.96,80.33430653572081,65.86177941560744,93.02019468307495
2024-12-10,MG92,80.96,79.76283420562744,65.29030708551407,92.44872235298158
2024-12-11,MG95,85.42,84.94886336946487,68.83555452013016,99.13409184122085
2024-12-11,MG95,85.42,85.69172858977318,69.57841974043846,99.87695706152915
2024-12-11,MG95,85.42,85.03202384090423,68.91871499156952,99.21725231266021
2024-12-11,MG92,82.07,80.40127117156982,64.90861244201659,94.15693513870237
2024-12-11,MG92,82.07,80.56619528007508,65.07353655052185,94.32185924720763
2024-12-11,MG92,82.07,79.90864584064484,64.41598711109161,93.66430980777739
2024-10-17,MG95,85.98,85.61251400828361,80.70865269124508,90.35375363945961
2024-10-17,MG95,85.98,84.5090759165287,79.60521459949017,89.2503155477047
2024-10-17,MG95,85.98,85.00209240913391,80.09823109209538,89.74333204030991
2024-10-17,MG92,79.49,79.76783998584747,75.08939360117913,83.10048343753814
2024-10-17,MG92,79.49,78.63584074878693,73.95739436411858,81.9684842004776
2024-10-17,MG92,79.49,78.46934193706511,73.79089555239676,81.80198538875578
2024-10-18,MG95,87.47,85.57360374355316,80.60195343220234,90.35375065231322
2024-10-18,MG95,87.47,84.5155107512474,79.54386043989658,89.29565766000746
2024-10-18,MG95,87.47,84.97124608755112,79.9995957762003,89.75139299631118
2024-10-18,MG92,80.98,79.92695324373246,75.17185770583153,83.35942298126221
2024-10-18,MG92,80.98,78.60609098815918,73.85099545025825,82.03856072568894
2024-10-18,MG92,80.98,78.45292713975905,73.69783160185813,81.88539687728881
2024-10-21,MG95,85.8,85.63484253072738,80.56872915709019,90.50985757493972
2024-10-21,MG95,85.8,84.47111507415772,79.40500170052053,89.34613011837006
2024-10-21,MG95,85.8,85.02603223323823,79.95991885960103,89.90104727745056
2024-10-21,MG92,79.31,80.01544205665587,75.21994554042816,83.48155511379241
2024-10-21,MG92,79.31,78.62844893026352,73.8329524140358,82.09456198740006
2024-10-21,MG92,79.31,78.52939110040663,73.73389458417891,81.99550415754317
2024-10-22,MG95,84.73,85.739538728714,79.7525877172947,91.3729013736248
2024-10-22,MG95,84.73,84.64943040704728,78.66247939562798,90.28279305195808
2024-10-22,MG95,84.73,85.13421309828759,79.1472620868683,90.76757574319839
2024-10-22,MG92,79.06,80.15369398212432,74.65024269080162,84.41065420246123
2024-10-22,MG92,79.06,78.83392364120482,73.33047234988211,83.09088386154173
2024-10-22,MG92,79.06,78.65906519317626,73.15561390185356,82.91602541351317
2024-10-23,MG95,85.75,85.80447487306594,79.1550368256569,91.91090221476553
2024-10-23,MG95,85.75,84.69262075090408,78.04318270349503,90.79904809260367
2024-10-23,MG95,85.75,85.18627917766571,78.53684113025666,91.2927065193653
2024-10-23,MG92,79.75,79.93495924520491,73.8167854862213,84.96695043373107
2024-10-23,MG92,79.75,78.69540292835235,72.57722916936875,83.72739411687851
2024-10-23,MG92,79.75,78.59922554063796,72.48105178165436,83.63121672916412
2024-10-24,MG95,85.97,85.82175358700752,77.98569927084445,92.93359278011322
2024-10-24,MG95,85.97,84.83359120821953,76.99753689205646,91.94543040132523
2024-10-24,MG95,85.97,85.3407052206993,77.50465090453623,92.452544413805
2024-10-24,MG92,79.98,80.2011598291397,73.10690423274039,86.29182594203948
2024-10-24,MG92,79.98,78.86905908870696,71.77480349230765,84.95972520160674
2024-10-24,MG92,79.98,78.88607201910018,71.79181642270088,84.97673813199997
2024-10-25,MG95,84.63,85.78654089045524,78.10277383100987,92.70361077857018
2024-10-25,MG95,84.63,84.72034647631645,77.03657941687108,91.63741636443139
2024-10-25,MG95,84.63,85.28859863400459,77.60483157455921,92.20566852211952
2024-10-25,MG92,78.9,80.08904666900635,73.06631001710892,86.19933571338653
2024-10-25,MG92,78.9,78.66532346630096,71.64258681440353,84.77561251068114
2024-10-25,MG92,78.9,78.68186258745193,71.6591259355545,84.79215163183211
2024-10-28,MG95,82.69,86.15382889294625,77.05412351870538,94.36977601432802
2024-10-28,MG95,82.69,85.03349384331703,75.93378846907616,93.2494409646988
2024-10-28,MG95,82.69,85.53173570036887,76.432030326128,93.74768282175064
2024-10-28,MG92,76.96,80.51999251556396,72.33671098780631,87.74899442386626
2024-10-28,MG92,76.96,79.1620259490013,70.97874442124366,86.39102785730361
2024-10-28,MG92,76.96,79.09792485380171,70.91464332604407,86.32692676210402
2024-10-29,MG95,82.16,86.05025079488755,76.98822735190392,94.18997327327729
2024-10-29,MG95,82.16,84.94046409273147,75.87844064974784,93.08018657112122
2024-10-29,MG95,82.16,85.5475517821312,76.48552833914756,93.68727426052094
2024-10-29,MG92,76.43,80.34344930696487,72.16917954969406,87.6362397723198
2024-10-29,MG92,76.43,79.04897674894332,70.87470699167251,86.34176721429824
2024-10-29,MG92,76.43,79.02661074352264,70.85234098625183,86.31940120887757
2024-10-30,MG95,82.79,86.0039775903225,77.25307059240343,93.82485685300828
2024-10-30,MG95,82.79,84.78674992632867,76.0358429284096,92.60762918901445
2024-10-30,MG95,82.79,85.443300126791,76.69239312887193,93.26417938947678
2024-10-30,MG92,77.26,80.23490225744249,72.30044286799432,87.35188135814667
2024-10-30,MG92,77.26,78.81733276939391,70.88287337994575,85.9343118700981
2024-10-30,MG92,77.26,78.83617290592193,70.90171351647376,85.95315200662611
2024-10-31,MG95,82.79,85.86451285600663,77.21120317399502,93.6606826555729
2024-10-31,MG95,82.79,84.91628723144532,76.26297754943371,92.7124570310116
2024-10-31,MG95,82.79,85.47216766595841,76.8188579839468,93.26833746552468
2024-10-31,MG92,77.26,80.28078372907638,72.47142286610602,87.16590732526778
2024-10-31,MG92,77.26,79.0394279103279,71.23006704735755,85.92455150651931
2024-10-31,MG92,77.26,79.05171462726592,71.24235376429557,85.93683822345733
2024-11-01,MG95,84.91,86.03765548682213,76.60825599944592,94.48315757131579
2024-11-01,MG95,84.91,84.99830460095406,75.56890511357784,93.44380668544771
2024-11-01,MG95,84.91,85.551497194767,76.12209770739078,93.99699927926065
2024-11-01,MG92,79.38,80.49203760242463,71.98395821070672,88.16587584114075
2024-11-01,MG92,79.38,79.07070574665069,70.56262635493277,86.7445439853668
2024-11-01,MG92,79.38,79.08875501489639,70.58067562317848,86.76259325361251
2024-11-04,MG95,85.84,86.0217044799328,76.69358341085912,94.32681833195687
2024-11-04,MG95,85.84,84.87672053647043,75.54859946739676,93.18183438849451
2024-11-04,MG95,85.84,85.5671958053112,76.23907473623753,93.87230965733528
2024-11-04,MG92,80.31,80.3679935941696,71.91904956197737,88.06711342668532
2024-11-04,MG92,80.31,78.94030959033967,70.49136555814744,86.63942942285539
2024-11-04,MG92,80.31,79.07986764144897,70.63092360925674,86.77898747396469
2024-11-05,MG95,86.73,86.01494598054886,76.08469377720355,94.89401812815666
2024-11-05,MG95,86.73,85.0634985871315,75.1332463837862,93.9425707347393
2024-11-05,MG95,86.73,85.6931998896599,75.76294768631459,94.5722720372677
2024-11-05,MG92,81.2,80.50132101011275,71.54108643960951,88.6678931159973
2024-11-05,MG92,81.2,79.14563398265838,70.18539941215515,87.31220608854294
2024-11-05,MG92,81.2,79.18155333566665,70.22131876516342,87.3481254415512
2024-11-06,MG95,84.52,86.11434675765037,76.19748728585242,94.95991935443877
2024-11-06,MG95,84.52,84.98312723088264,75.0662677590847,93.82869982767104
2024-11-06,MG95,84.52,85.69413155794143,75.77727208614348,94.53970415472983
2024-11-06,MG92,78.99,80.37302455806733,71.41408540034296,88.576382645607
2024-11-06,MG92,78.99,79.15081945943831,70.19188030171394,87.35417754697798
2024-11-06,MG92,78.99,79.25537970495223,70.29644054722786,87.4587377924919
2024-11-07,MG95,85.19,85.9855423078537,76.02370452439786,94.75772577381134
2024-11-07,MG95,85.19,84.93118508195877,74.96934729850292,93.70336854791641
2024-11-07,MG95,85.19,85.55508006691933,75.59324228346348,94.32726353287697
2024-11-07,MG92,79.66,80.27413749599457,71.2110134794712,88.78759027862549
2024-11-07,MG92,79.66,78.85501509284973,69.79189107632637,87.36846787548065
2024-11-07,MG92,79.66,78.89171758699416,69.8285935704708,87.40517036962508
2024-11-08,MG95,85.81,86.08695200514794,75.49998505842686,95.39414598178863
2024-11-08,MG95,85.81,84.95036517882347,74.3633982321024,94.25755915546416
2024-11-08,MG95,85.81,85.67956107616425,75.09259412944317,94.98675505280494
2024-11-08,MG92,79.85,80.30095097446441,70.67016491913795,89.45994956636429
2024-11-08,MG92,79.85,78.88576287746429,69.25497682213782,88.04476146936416
2024-11-08,MG92,79.85,79.07373570919037,69.4429496538639,88.23273430109025
2024-11-11,MG95,84.45,86.3871691467762,74.06007370376588,97.36514815711975
2024-11-11,MG95,84.45,85.31992550301553,72.9928300600052,96.29790451335907
2024-11-11,MG95,84.45,85.90749169588089,73.58039625287057,96.88547070622444
2024-11-11,MG92,78.49,80.84322056531906,69.6383255970478,91.50308346748353
2024-11-11,MG92,78.49,79.49962095689773,68.29472598862647,90.1594838590622
2024-11-11,MG92,78.49,79.54005812072754,68.33516315245627,90.19992102289201
2024-11-12,MG95,82.87,86.12827787303925,74.93652656280995,95.98511562848093
2024-11-12,MG95,82.87,85.03156233501434,73.83981102478504,94.88840009045602
2024-11-12,MG95,82.87,85.66133075833321,74.4695794481039,95.51816851377488
2024-11-12,MG92,76.91,80.51281684112548,70.33761602830886,90.24148840141295
2024-11-12,MG92,76.91,79.07013531875609,68.89493450593946,88.79880687904355
2024-11-12,MG92,76.91,79.09441554784775,68.91921473503112,88.82308710813521
2024-11-13,MG95,82.32,86.023989007473,74.61928060710432,96.04903339505195
2024-11-13,MG95,82.32,85.03832171154023,73.63361331117154,95.06336609911918
2024-11-13,MG95,82.32,85.74265527248383,74.33794687211514,95.76769966006277
2024-11-13,MG92,76.36,80.46849183368681,70.08750745224951,90.46226003217696
2024-11-13,MG92,76.36,79.07754856157301,68.69656418013571,89.07131676006316
2024-11-13,MG92,76.36,79.18410487794876,68.80312049651145,89.1778730764389
2024-11-14,MG95,82.48,85.17041319108009,74.064350045681,94.96109237170218
2024-11-14,MG95,82.48,85.67938284397125,74.57331969857216,95.47006202459335
2024-11-14,MG95,82.48,85.02796416306495,73.92190101766586,94.81864334368704
2024-11-14,MG92,76.52,79.15762208414077,69.06571116876601,88.77682424974441
2024-11-14,MG92,76.52,79.18600356960296,69.0940926542282,88.8052057352066
2024-11-14,MG92,76.52,78.48940464830399,68.39749373292923,88.10860681390763
2024-11-15,MG95,82.19,85.02573050880432,73.93752602660655,94.73306588554382
2024-11-15,MG95,82.19,85.64943781018258,74.56123332798481,95.35677318692208
2024-11-15,MG95,82.19,84.97381861639022,73.88561413419245,94.68115399312973
2024-11-15,MG92,76.23,78.95807663965225,68.84992863702773,88.71949361610412
2024-11-15,MG92,76.23,78.95307432222366,68.84492631959914,88.71449129867553
2024-11-15,MG92,76.23,78.36260828638076,68.25446028375625,88.12402526283263
2024-11-18,MG95,83.44,85.28061043143272,71.57401300489903,97.3257243168354
2024-11-18,MG95,83.44,85.99204261779785,72.28544519126416,98.03715650320053
2024-11-18,MG95,83.44,85.33067234158516,71.62407491505147,97.37578622698784
2024-11-18,MG92,77.28,79.41767114686965,66.83984440255163,91.9638701777458
2024-11-18,MG92,77.28,79.51099036741256,66.93316362309454,92.05718939828871
2024-11-18,MG92,77.28,78.8230300707817,66.24520332646368,91.36922910165785
2024-11-19,MG95,84.69,85.39180971503258,71.70124305903911,97.53366519927978
2024-11-19,MG95,84.69,86.10405952572823,72.41349286973477,98.24591500997543
2024-11-19,MG95,84.69,85.30628287768363,71.61571622169016,97.44813836193083
2024-11-19,MG92,78.56,79.59650922775268,67.05817620515822,91.87803251266477
2024-11-19,MG92,78.56,79.69515223407745,67.156819211483,91.97667551898955
2024-11-19,MG92,78.56,79.0054524230957,66.46711940050125,91.2869757080078
2024-11-20,MG95,85.43,85.09247128891946,72.41349891352655,96.17087806391717
2024-11-20,MG95,85.43,85.86062270522118,73.18165032982827,96.93902948021889
2024-11-20,MG95,85.43,85.04704527926444,72.36807290387154,96.12545205426215
2024-11-20,MG92,79.3,79.12122947931289,67.51525226712226,90.64250914335248
2024-11-20,MG92,79.3,79.24219736003874,67.63622014784812,90.76347702407834
2024-11-20,MG92,79.3,78.55162380456923,66.94564659237861,90.07290346860883
2024-11-21,MG95,85.13,85.21499758720398,73.12438385844231,95.84999102115631
2024-11-21,MG95,85.13,85.82947662949562,73.73886290073395,96.46447006344795
2024-11-21,MG95,85.13,85.05558529043196,72.9649715616703,95.6905787243843
2024-11-21,MG92,79.38,79.20989324378968,68.18873644399643,89.91498803186416
2024-11-21,MG92,79.38,79.276390645504,68.25523384571075,89.98148543357847
2024-11-21,MG92,79.38,78.61013952541352,67.58898272562027,89.31523431348799
2024-11-22,MG95,86.07,85.2405460972786,72.05828550350667,96.80012915921212
2024-11-22,MG95,86.07,86.0205901491642,72.83832955539228,97.58017321109773
2024-11-22,MG95,86.07,85.15866339540482,71.97640280163289,96.71824645733834
2024-11-22,MG92,80.32,79.29840323114394,67.22271963381766,91.29549689435956
2024-11-22,MG92,80.32,79.41155504369735,67.33587144637107,91.40864870691297
2024-11-22,MG92,80.32,78.7111267619133,66.63544316458703,90.70822042512893
2024-11-25,MG95,86.12,85.17556983804704,72.54293783283235,96.22452779388428
2024-11-25,MG95,86.12,85.88026267766952,73.24763067245483,96.92922063350676
2024-11-25,MG95,86.12,85.12404298782349,72.4914109826088,96.17300094366072
2024-11-25,MG92,81.55,79.18080288505553,67.62297106838226,90.62418942546843
2024-11-25,MG92,81.55,79.20526546907423,67.64743365240096,90.64865200948714
2024-11-25,MG92,81.55,78.5910033340454,67.03317151737212,90.0343898744583
2024-11-26,MG95,84.78,85.39193826842308,71.35050736296176,97.70933220911024
2024-11-26,MG95,84.78,86.03260664463043,71.99117573916912,98.3500005853176
2024-11-26,MG95,84.78,85.39045578789711,71.3490248824358,97.70784972858428
2024-11-26,MG92,80.31,79.36572970390318,66.45553838849067,92.35647511720657
2024-11-26,MG92,80.31,79.41927514266968,66.50908382725716,92.41002055597306
2024-11-26,MG92,80.31,78.84811064338683,65.93791932797431,91.83885605669022
2024-11-27,MG95,84.71,85.26900055336952,71.94441750276088,97.02189465689659
2024-11-27,MG95,84.71,85.94280192375183,72.61821887314319,97.6956960272789
2024-11-27,MG95,84.71,85.24353529429436,71.91895224368572,96.99642939782143
2024-11-27,MG92,80.24,79.42343493461608,67.22813376307487,91.42876873254774
2024-11-27,MG92,80.24,79.45753518247604,67.26223401093482,91.46286898040769
2024-11-27,MG92,80.24,78.87191950988769,66.67661833834647,90.87725330781934
2024-11-28,MG95,83.13,85.236873431921,71.83804553341865,96.98971690130232
2024-11-28,MG95,83.13,85.94542882323265,72.5466009247303,97.69827229261396
2024-11-28,MG95,83.13,85.2041057460308,71.80527784752846,96.95694921541212
2024-11-28,MG92,79.73,79.34310816049575,67.05885842919349,91.5817097902298
2024-11-28,MG92,79.73,79.35526959228514,67.07101986098289,91.59387122201919
2024-11-28,MG92,79.73,78.75903592729568,66.47478619599343,90.99763755702973
2024-11-29,MG95,83.87,85.21048931550979,71.5243885911703,97.16017808985708
2024-11-29,MG95,83.87,85.94950385928155,72.26340313494205,97.89919263362884
2024-11-29,MG95,83.87,85.35673343038559,71.67063270604609,97.30642220473288
2024-11-29,MG92,80.27,79.21774164915084,66.63961092710494,91.91808077096938
2024-11-29,MG92,80.27,79.36392126607893,66.78579054403303,92.06426038789748
2024-11-29,MG92,80.27,78.75140281915664,66.17327209711074,91.45174194097518
2024-12-02,MG95,83.6,85.44244917869568,70.51900689840316,98.6438646697998
2024-12-02,MG95,83.6,86.19272801637649,71.26928573608397,99.3941435074806
2024-12-02,MG95,83.6,85.38068500471115,70.45724272441863,98.58210049581527
2024-12-02,MG92,80.44,79.65909823703765,65.89670769977569,93.4772803788185
2024-12-02,MG92,80.44,79.81938278722762,66.05699224996566,93.63756492900848
2024-12-02,MG92,80.44,79.08730408191681,65.32491354465485,92.90548622369766
2024-12-03,MG95,83.69,85.34793721556663,71.15425956070423,97.76879696965219
2024-12-03,MG95,83.69,86.08685201764106,71.89317436277867,98.50771177172662
2024-12-03,MG95,83.69,85.25936858296393,71.06569092810153,97.68022833704948
2024-12-03,MG92,80.83,79.3009374923706,66.2346606285572,92.5425440330505
2024-12-03,MG92,80.83,79.54537819862365,66.47910133481025,92.78698473930356
2024-12-03,MG92,80.83,78.78991815376281,65.72364128994941,92.03152469444272
2024-12-04,MG95,85.39,85.26914230990411,72.1834866027832,96.71470740246774
2024-12-04,MG95,85.39,85.97006739854814,72.88441169142723,97.41563249111177
2024-12-04,MG95,85.39,85.26658527874946,72.18092957162855,96.71215037131309
2024-12-04,MG92,82.53,79.20201527881622,67.21046803998946,91.15673912334444
2024-12-04,MG92,82.53,79.32317141485213,67.33162417602537,91.27789525938034
2024-12-04,MG92,82.53,78.70818767166136,66.71664043283461,90.66291151618958
2024-12-05,MG95,84.16,85.34493420052529,71.024007874012,97.91482037234307
2024-12-05,MG95,84.16,86.11429977536201,71.79337344884873,98.6841859471798
2024-12-05,MG95,84.16,85.30563396191596,70.98470763540267,97.87552013373374
2024-12-05,MG92,80.81,79.44502292490006,66.26206537938118,92.75430893754961
2024-12-05,MG92,80.81,79.5321079339981,66.34915038847923,92.84139394664766
2024-12-05,MG92,80.81,78.89817867040634,65.71522112488746,92.20746468305589
2024-12-06,MG95,83.27,85.32871465444565,70.85997206628322,97.97413684487344
2024-12-06,MG95,83.27,86.04749915957451,71.57875657141209,98.69292135000231
2024-12-06,MG95,83.27,85.30378379344941,70.83504120528698,97.9492059838772
2024-12-06,MG92,79.85,79.34206385326385,66.00209479641914,92.954167801857
2024-12-06,MG92,79.85,79.40731993246078,66.06735087561607,93.01942388105392
2024-12-06,MG92,79.85,78.8294432516098,65.4894741947651,92.44154720020295
2024-12-09,MG95,83.41,85.32057048130036,71.03643998849392,97.8845830922127
2024-12-09,MG95,83.41,86.06267320036889,71.77854270756245,98.62668581128122
2024-12-09,MG95,83.41,85.46796972942352,71.18383923661708,98.03198234033584
2024-12-09,MG92,80.06,79.48118653059005,66.33983184456825,92.68650280714033
2024-12-09,MG92,80.06,79.63244677305221,66.49109208703041,92.83776304960249
2024-12-09,MG92,80.06,78.98762564992904,65.84627096390724,92.19294192647932
2024-12-10,MG95,84.31,85.50687434101104,70.56275813901424,98.61028237962722
2024-12-10,MG95,84.31,86.15746234655381,71.21334614455701,99.26087038517
2024-12-10,MG95,84.31,85.41776670742036,70.47365050542355,98.52117474603654
2024-12-10,MG92,80.96,79.49666311073302,65.69570481467247,93.59862015295028
2024-12-10,MG92,80.96,79.55700604820251,65.75604775214195,93.65896309041976
2024-12-10,MG92,80.96,78.98553371810914,65.18457542204858,93.08749076032639
2024-12-11,MG95,85.42,85.36471439123154,70.77118395090103,98.12602801442146
2024-12-11,MG95,85.42,86.10757961153985,71.51404917120934,98.86889323472977
2024-12-11,MG95,85.42,85.4478748626709,70.85434442234039,98.20918848586082
2024-12-11,MG92,82.07,79.38230414533615,65.92100120925903,93.13152543210983
2024-12-11,MG92,82.07,79.54722825384138,66.08592531776426,93.29644954061506
2024-12-11,MG92,82.07,78.88967881441116,65.42837587833404,92.63890010118483
2024-12-12,MG95,86.79,86.25528751611711,70.97626694738865,99.69720507264138
2024-12-12,MG95,86.79,85.56887370586395,70.2898531371355,99.01079126238822
2024-12-12,MG95,86.79,86.73074143028259,71.45172086155414,100.17265898680687
2024-12-12,MG92,83.44,79.7555624294281,65.62871662616729,94.17584494829178
2024-12-12,MG92,83.44,79.08717495918273,64.96032915592193,93.50745747804642
2024-12-12,MG92,83.44,81.69880013751984,67.57195433425903,96.11908265638353
2024-12-13,MG95,86.87,86.36779658794403,70.22565118074418,100.56193501353263
2024-12-13,MG95,86.87,85.48614421033858,69.34399880313873,99.68028263592718
2024-12-13,MG95,86.87,86.44761384630203,70.30546843910219,100.64175227189064
2024-12-13,MG92,83.52,79.82944304704665,64.83723344802856,95.36944857120514
2024-12-13,MG92,83.52,79.10477516508102,64.11256556606293,94.64478068923951
2024-12-13,MG92,83.52,81.43199226903914,66.43978267002105,96.97199779319763
2024-12-16,MG95,86.48,86.22232468724252,70.53489922583104,99.95852789878846
2024-12-16,MG95,86.48,85.46695421075822,69.77952874934674,99.20315742230416
2024-12-16,MG95,86.48,86.63849360990525,70.95106814849377,100.3746968214512
2024-12-16,MG92,83.13,79.63951402139662,65.09588201713561,94.72343136262893
2024-12-16,MG92,83.13,78.98154557085037,64.43791356658936,94.06546291208268
2024-12-16,MG92,83.13,81.48464513635635,66.94101313209534,96.56856247758866
2024-12-17,MG95,85.54,86.33954070925714,70.11380339086057,100.55535054922106
2024-12-17,MG95,85.54,85.52732718873024,69.30158987033367,99.74313702869416
2024-12-17,MG95,85.54,86.2774776775837,70.05174035918714,100.49328751754763
2024-12-17,MG92,82.19,79.85465355682372,64.77282664704323,95.62065015363694
2024-12-17,MG92,82.19,79.05035486125945,63.96852795147896,94.81635145807267
2024-12-17,MG92,82.19,81.1902315506935,66.10840464091301,96.95622814750672
2024-12-18,MG95,85.4,86.29616547465325,69.8709296220541,100.70465849280357
2024-12-18,MG95,85.4,85.6014891421795,69.17625328958036,100.00998216032983
2024-12-18,MG95,85.4,86.37190208363533,69.94666623103619,100.78039510178566
2024-12-18,MG92,82.05,79.72741128587722,64.44684841418267,95.71651818180084
2024-12-18,MG92,82.05,79.11333018159866,63.8327673099041,95.10243707752227
2024-12-18,MG92,82.05,81.2574059205055,65.97684304881095,97.24651281642912
2024-12-19,MG95,84.0,86.16484480500222,70.58278393745422,99.78445783257484
2024-12-19,MG95,84.0,85.50957277393341,69.92751190638542,99.12918580150604
2024-12-19,MG95,84.0,86.61846403121949,71.0364031636715,100.23807705879211
2024-12-19,MG92,80.65,79.6089665980339,65.16674156379699,94.61341013145447
2024-12-19,MG92,80.65,78.98055356168747,64.53832852745056,93.98499709510804
2024-12-19,MG92,80.65,81.43005826950073,66.98783323526382,96.4345018029213
2024-12-20,MG95,83.06,86.17523695707322,69.9154734927416,100.35604847550393
2024-12-20,MG95,83.06,85.4603551197052,69.20059165537357,99.6411666381359
2024-12-20,MG95,83.06,86.6359843711853,70.37622090685367,100.816795889616
2024-12-20,MG92,79.71,79.56598882389068,64.44181080174445,95.52609156799315
2024-12-20,MG92,79.71,78.95360143136978,63.82942340922355,94.91370417547225
2024-12-20,MG92,79.71,81.38373152923583,66.2595535070896,97.3438342733383
2024-12-23,MG95,83.86,86.34531705260278,69.88455628335477,100.84570091843608
2024-12-23,MG95,83.86,85.64199708080292,69.18123631155491,100.14238094663622
2024-12-23,MG95,83.86,86.7108222618103,70.2500614925623,101.2112061276436
2024-12-23,MG92,80.51,79.90756625843048,64.59660093736647,95.8080051894188
2024-12-23,MG92,80.51,79.22437307739257,63.91340775632857,95.12481200838089
2024-12-23,MG92,80.51,81.59521311807632,66.28424779701231,97.49565204906463
2024-12-24,MG95,83.77,86.43477543592454,69.4124009758234,101.41265954971314
2024-12-24,MG95,83.77,85.61618959879875,68.59381513869762,100.59407371258736
2024-12-24,MG95,83.77,86.96917539858819,69.94680093848706,101.9470595123768
2024-12-24,MG92,80.42,79.87562895536422,63.99525723099708,96.56396880388257
2024-12-24,MG92,80.42,79.26138458395005,63.38101285958291,95.9497244324684
2024-12-24,MG92,80.42,81.8156191549301,65.93524743056297,98.50395900344846
2024-12-26,MG95,84.46,86.32819663524629,69.78059830605986,100.81602323293686
2024-12-26,MG95,84.46,85.55339200472832,69.0057936755419,100.0412186024189
2024-12-26,MG95,84.46,86.81484297060967,70.26724464142325,101.30266956830025
2024-12-26,MG92,81.11,79.77190614271163,64.36527669239042,95.98725664663313
2024-12-26,MG92,81.11,79.08726335859299,63.68063390827179,95.30261386251449
2024-12-26,MG92,81.11,81.55707175064086,66.15044230031965,97.77242225456236
2024-12-27,MG95,84.02,86.45767827272415,69.40275618374348,101.35332240700723
2024-12-27,MG95,84.02,85.54987669229507,68.4949546033144,100.44552082657815
2024-12-27,MG95,84.02,86.60993352079392,69.55501143181324,101.50557765507699
2024-12-27,MG92,80.67,79.85093099880218,63.92914815473556,96.83557898330689
2024-12-27,MG92,80.67,79.06277343845368,63.14099059438705,96.04742142295838
2024-12-27,MG92,80.67,81.32249013137817,65.40070728731155,98.30713811588288
2024-12-30,MG95,84.54,86.51261024475097,69.3774583518505,101.56061252355576
2024-12-30,MG95,84.54,85.68941777086258,68.55426587796211,100.73742004966736
2024-12-30,MG95,84.54,87.14684563684463,70.01169374394416,102.19484791564942
2024-12-30,MG92,81.29,79.90872230911253,63.912249799013125,96.81528075361253
2024-12-30,MG92,81.29,79.19535217189788,63.19887966179847,96.10191061639787
2024-12-30,MG92,81.29,81.90046790695189,65.90399539685248,98.80702635145188
2024-12-31,MG95,85.4,86.33197394251823,69.53640501141548,100.99977454781532
2024-12-31,MG95,85.4,85.61510704994201,68.81953811883926,100.2829076552391
2024-12-31,MG95,85.4,86.83475918579101,70.03919025468826,101.5025597910881
2024-12-31,MG92,82.15,79.7144029097557,64.05411573696136,96.3484008936882
2024-12-31,MG92,82.15,79.07919501638412,63.41890784358978,95.71319300031661
2024-12-31,MG92,82.15,81.54359103393554,65.8833038611412,98.17758901786803
2025-01-02,MG95,85.92,86.41400733470917,69.60766345739366,101.0449564087391
2025-01-02,MG95,85.92,85.5729358048439,68.76659192752838,100.20388487887382
2025-01-02,MG95,85.92,86.57138255834579,69.76503868103028,101.20233163237572
2025-01-02,MG92,82.95,79.74249606370925,64.06609339475632,96.49943199396134
2025-01-02,MG92,82.95,79.005908847332,63.32950617837906,95.76284477758408
2025-01-02,MG92,82.95,81.20216150760649,65.52575883865356,97.95909743785857
2025-01-03,MG95,86.22,86.3883581018448,69.78574070990086,100.91393751859667
2025-01-03,MG95,86.22,85.6644910941124,69.06187370216847,100.19007051086427
2025-01-03,MG95,86.22,86.69443582391739,70.09181843197345,101.22001524066926
2025-01-03,MG92,83.74,79.7671996321678,64.30406306052207,96.08003813171386
2025-01-03,MG92,83.74,79.10678099203109,63.64364442038536,95.41961949157715
2025-01-03,MG92,83.74,81.40310606813429,65.93996949648856,97.71594456768035
2025-01-06,MG95,86.09,86.4471787762642,69.53888304650783,101.30509034514428
2025-01-06,MG95,86.09,85.63312466883659,68.72482893908023,100.49103623771667
2025-01-06,MG95,86.09,86.44471364283562,69.53641791307926,101.30262521171571
2025-01-06,MG92,83.61,79.97771122360228,64.21161174201964,96.55585213088987
2025-01-06,MG92,83.61,79.22167646408082,63.45557698249817,95.7998173713684
2025-01-06,MG92,83.61,81.1869848139286,65.42088533234596,97.7651257212162
2025-01-07,MG95,85.84,86.41893504977227,69.40013029694558,101.32862509608269
2025-01-07,MG95,85.84,85.59387697649001,68.57507222366331,100.50356702280042
2025-01-07,MG95,85.84,86.69511829423905,69.67631354141236,101.60480834054947
2025-01-07,MG92,83.15,79.96211015129089,64.08078908109665,96.79230939054489
2025-01-07,MG92,83.15,79.13265912437438,63.25133805418015,95.96285836362838
2025-01-07,MG92,83.15,81.37028233289718,65.48896126270294,98.20048157215118
2025-01-08,MG95,85.89,86.39301239252092,69.69882821142674,100.97483621835711
2025-01-08,MG95,85.89,85.56379033327103,68.86960615217686,100.14561415910723
2025-01-08,MG95,85.89,86.76965222597123,70.07546804487706,101.35147605180742
2025-01-08,MG92,83.35,79.82801575469969,64.27013634014128,96.31887296485898
2025-01-08,MG92,83.35,79.05889845657347,63.50101904201506,95.54975566673276
2025-01-08,MG92,83.35,81.39806211233139,65.84018269777297,97.88891932249068
2025-01-09,MG95,84.21,86.63392155647279,68.2880616682768,102.75940832972529
2025-01-09,MG95,84.21,85.81797347545623,67.47211358726024,101.94346024870873
2025-01-09,MG95,84.21,87.29646221160888,68.9506023234129,103.42194898486139
2025-01-09,MG92,82.78,80.03309503030778,62.80481123518944,98.60215911102294
2025-01-09,MG92,82.78,79.3754228053093,62.14713901019096,97.94448688602446
2025-01-09,MG92,82.78,81.92376797389984,64.6954841787815,100.49283205461501
2025-01-10,MG95,85.86,86.5627927339077,68.36458201467991,102.59126448392868
2025-01-10,MG95,85.86,85.7803013856411,67.58209066641331,101.80877313566208
2025-01-10,MG95,85.86,86.88261362814903,68.68440290892124,102.91108537817001
2025-01-10,MG92,84.01,80.10672498321533,63.02971921181679,98.39112561321258
2025-01-10,MG92,84.01,79.34193849277496,62.26493272137642,97.62633912277221
2025-01-10,MG92,84.01,81.6040065793991,64.52700080800057,99.88840720939635
2024-11-14,MG95,82.48,81.15204651260376,76.87166279697419,83.40561888599396
2024-11-14,MG95,82.48,81.66101616549491,77.38063244986535,83.91458853888511
2024-11-14,MG95,82.48,81.00959748458862,76.72921376895906,83.26316985797882
2024-11-14,MG92,76.52,75.70860964345933,71.49043960380554,78.02795390653611
2024-11-14,MG92,76.52,75.73699112892152,71.51882108926773,78.0563353919983
2024-11-14,MG92,76.52,75.04039220762253,70.82222216796875,77.35973647069932
2024-11-15,MG95,82.19,81.13473432397842,76.66591545438766,83.56950453615188
2024-11-15,MG95,82.19,81.75844162535668,77.28962275576592,84.19321183753014
2024-11-15,MG95,82.19,81.08282243156432,76.61400356197356,83.51759264373779
2024-11-15,MG92,76.23,75.7150323495865,71.35435764169694,78.21611444091798
2024-11-15,MG92,76.23,75.7100300321579,71.34935532426834,78.21111212348939
2024-11-15,MG92,76.23,75.11956399631501,70.75888928842545,77.62064608764649
2024-11-18,MG95,83.44,80.93187970781327,75.73206256532669,84.0075865521431
2024-11-18,MG95,83.44,81.6433118941784,76.44349475169182,84.71901873850823
2024-11-18,MG95,83.44,80.9819416179657,75.78212447547912,84.05764846229553
2024-11-18,MG92,77.28,75.56512907743453,70.4627064204216,78.5984394788742
2024-11-18,MG92,77.28,75.65844829797744,70.5560256409645,78.69175869941711
2024-11-18,MG92,77.28,74.97048800134658,69.86806534433364,78.00379840278624
2024-11-19,MG95,84.69,80.9574887418747,75.56714621067049,84.20302470684052
2024-11-19,MG95,84.69,81.66973855257035,76.27939602136614,84.91527451753618
2024-11-19,MG95,84.69,80.87196190452575,75.48161937332154,84.11749786949157
2024-11-19,MG92,78.56,75.52745291948318,70.23824036836623,78.7051340675354
2024-11-19,MG92,78.56,75.62609592580795,70.336883374691,78.80377707386016
2024-11-19,MG92,78.56,74.9363961148262,69.64718356370925,78.11407726287841
2024-11-20,MG95,85.43,80.89882898473739,74.85070037031173,84.74429176473618
2024-11-20,MG95,85.43,81.66698040103913,75.61885178661346,85.51244318103791
2024-11-20,MG95,85.43,80.85340297508239,74.80527436065672,84.69886575508117
2024-11-20,MG92,79.3,75.4988214840889,69.60227779531479,79.20954564476013
2024-11-20,MG92,79.3,75.61978936481475,69.72324567604065,79.33051352548598
2024-11-20,MG92,79.3,74.92921580934524,69.03267212057114,78.63993997001647
2024-11-21,MG95,85.13,80.98578058767319,74.54174875307083,85.18692183542251
2024-11-21,MG95,85.13,81.60025962996482,75.15622779536247,85.80140087771414
2024-11-21,MG95,85.13,80.82636829090117,74.38233645629882,85.02750953865049
2024-11-21,MG92,79.38,75.47120029258728,69.18378600645066,79.47948202896119
2024-11-21,MG92,79.38,75.5376976943016,69.25028340816498,79.5459794306755
2024-11-21,MG92,79.38,74.87144657421112,68.5840322880745,78.87972831058502
2024-11-22,MG95,86.07,81.02999882602691,74.12340687179565,85.65906902694702
2024-11-22,MG95,86.07,81.81004287791251,74.90345092368125,86.43911307883262
2024-11-22,MG95,86.07,80.94811612415313,74.04152416992187,85.57718632507324
2024-11-22,MG92,80.32,75.58123427486419,68.89706896877289,79.99105056381225
2024-11-22,MG92,80.32,75.6943860874176,69.0102207813263,80.10420237636566
2024-11-22,MG92,80.32,74.99395780563354,68.30979249954224,79.4037740945816
2024-11-25,MG95,86.12,80.93841185331345,73.46961544275285,86.07823533296586
2024-11-25,MG95,86.12,81.64310469293594,74.17430828237534,86.78292817258834
2024-11-25,MG95,86.12,80.8868850030899,73.4180885925293,86.02670848274231
2024-11-25,MG92,81.55,75.46814606380462,68.21973782491685,80.29394308280945
2024-11-25,MG92,81.55,75.49260864782333,68.24420040893555,80.31840566682816
2024-11-25,MG92,81.55,74.8783465127945,67.62993827390672,79.70414353179932
2024-11-26,MG95,84.78,81.17920942068099,72.08319959878921,87.81246638059615
2024-11-26,MG95,84.78,81.81987779688835,72.72386797499657,88.45313475680351
2024-11-26,MG95,84.78,81.17772694015503,72.08171711826324,87.81098390007018
2024-11-26,MG92,80.31,75.59220965766906,66.8439978160858,81.73950876617431
2024-11-26,MG92,80.31,75.64575509643555,66.8975432548523,81.7930542049408
2024-11-26,MG92,80.31,75.0745905971527,66.32637875556945,81.22188970565796
2024-11-27,MG95,84.71,81.0392471385002,72.79142612218857,86.89332738637924
2024-11-27,MG95,84.71,81.71304850888251,73.46522749257088,87.56712875676155
2024-11-27,MG95,84.71,81.01378187942504,72.7659608631134,86.86786212730408
2024-11-27,MG92,80.24,75.5808176651001,67.632329641819,81.05400733852387
2024-11-27,MG92,80.24,75.61491791296005,67.66642988967895,81.08810758638383
2024-11-27,MG92,80.24,75.0293022403717,67.0808142170906,80.50249191379548
2024-11-28,MG95,83.13,81.01906739425658,72.05586598587035,87.53462843608855
2024-11-28,MG95,83.13,81.72762278556823,72.764421377182,88.2431838274002
2024-11-28,MG95,83.13,80.98629970836639,72.02309829998016,87.50186075019836
2024-11-28,MG92,79.73,75.5735596432686,66.93792694473268,81.60595838928224
2024-11-28,MG92,79.73,75.58572107505799,66.95008837652207,81.61811982107163
2024-11-28,MG92,79.73,74.9894874100685,66.35385471153259,81.02188615608215
2024-11-29,MG95,83.87,81.34681878089904,70.92866678237914,89.17568511486053
2024-11-29,MG95,83.87,82.0858333246708,71.6676813261509,89.91469965863229
2024-11-29,MG95,83.87,81.49306289577484,71.07491089725494,89.32192922973633
2024-11-29,MG92,80.27,75.86290441083908,65.88070045280456,83.06704562950134
2024-11-29,MG92,80.27,76.00908402776719,66.02688006973267,83.21322524642945
2024-11-29,MG92,80.27,75.39656558084488,65.41436162281036,82.60070679950714
2024-12-02,MG95,83.6,81.20720434713363,71.21351720380783,88.66103546190261
2024-12-02,MG95,83.6,81.95748318481444,71.96379604148864,89.41131429958342
2024-12-02,MG95,83.6,81.1454401731491,71.1517530298233,88.59927128791809
2024-12-02,MG92,80.44,75.72967738819122,66.14038761091233,82.59442446422577
2024-12-02,MG92,80.44,75.88996193838119,66.3006721611023,82.75470901441574
2024-12-02,MG92,80.44,75.15788323307038,65.56859345579149,82.02263030910493
2024-12-03,MG95,83.69,81.19230126237869,71.02836302614213,88.81540704584123
2024-12-03,MG95,83.69,81.93121606445312,71.76727782821656,89.55432184791566
2024-12-03,MG95,83.69,81.10373262977599,70.93979439353943,88.72683841323853
2024-12-03,MG92,80.83,75.60676671314239,65.84327169227599,82.59988177585602
2024-12-03,MG92,80.83,75.85120741939545,66.08771239852905,82.84432248210908
2024-12-03,MG92,80.83,75.0957473745346,65.3322523536682,82.08886243724822
2024-12-04,MG95,85.39,81.36232673597335,70.07924442720413,90.02331748914717
2024-12-04,MG95,85.39,82.06325182461738,70.78016951584816,90.7242425777912
2024-12-04,MG95,85.39,81.35976970481872,70.0766873960495,90.02076045799254
2024-12-04,MG92,82.53,75.77661065196992,64.95054329490662,83.65976317501068
2024-12-04,MG92,82.53,75.89776678800582,65.07169943094252,83.78091931104659
2024-12-04,MG92,82.53,75.28278304481506,64.45671568775177,83.16593556785583
2024-12-05,MG95,84.16,81.42893380451201,70.2886449508667,89.92813253688811
2024-12-05,MG95,84.16,82.19829937934875,71.05801052570344,90.69749811172485
2024-12-05,MG95,84.16,81.3896335659027,70.24934471225738,89.8888322982788
2024-12-05,MG92,80.81,75.95339016866683,65.2773464102745,83.72498306465148
2024-12-05,MG92,80.81,76.04047517776489,65.36443141937256,83.81206807374954
2024-12-05,MG92,80.81,75.40654591417312,64.7305021557808,83.17813881015778
2024-12-06,MG95,83.27,81.34134929323196,70.33951150560378,89.72584026002883
2024-12-06,MG95,83.27,82.06013379836082,71.05829601073265,90.4446247651577
2024-12-06,MG95,83.27,81.31641843223571,70.31458064460753,89.70090939903258
2024-12-06,MG92,79.85,75.83555528116226,65.2862182445526,83.49760482501983
2024-12-06,MG92,79.85,75.9008113603592,65.35147432374954,83.56286090421678
2024-12-06,MG92,79.85,75.32293467950821,64.77359764289855,82.98498422336579
2024-12-09,MG95,83.41,81.41479448223114,69.08865068340302,91.0421949710846
2024-12-09,MG95,83.41,82.15689720129967,69.83075340247154,91.78429769015312
2024-12-09,MG95,83.41,81.5621937303543,69.23604993152617,91.18959421920775
2024-12-09,MG92,80.06,75.96405684566497,64.1409529147148,84.67333592033386
2024-12-09,MG92,80.06,76.11531708812714,64.29221315717697,84.82459616279603
2024-12-09,MG92,80.06,75.47049596500396,63.6473920340538,84.17977503967285
2024-12-10,MG95,84.31,81.66126285362243,69.72523732948304,90.89220076370239
2024-12-10,MG95,84.31,82.31185085916519,70.3758253350258,91.54278876924515
2024-12-10,MG95,84.31,81.57215522003173,69.63612969589234,90.80309313011169
2024-12-10,MG92,80.96,76.08902317476272,64.64857909631729,84.48503320407866
2024-12-10,MG92,80.96,76.1493661122322,64.70892203378678,84.54537614154815
2024-12-10,MG92,80.96,75.57789378213883,64.1374497036934,83.97390381145478
2024-12-11,MG95,85.42,81.83836325883865,68.5767609000206,92.28614654302598
2024-12-11,MG95,85.42,82.58122847914694,69.31962612032889,93.02901176333427
2024-12-11,MG95,85.42,81.92152373027801,68.65992137145996,92.36930701446533
2024-12-11,MG92,82.07,76.34621353244782,63.61981388187409,85.77457908248901
2024-12-11,MG92,82.07,76.51113764095305,63.78473799037932,85.93950319099424
2024-12-11,MG92,82.07,75.85358820152283,63.12718855094909,85.28195375156402
2024-12-12,MG95,86.79,82.31829282712937,70.24211853456498,91.6904638762474
2024-12-12,MG95,86.79,81.63187901687621,69.55570472431182,91.00405006599425
2024-12-12,MG95,86.79,82.79374674129485,70.71757244873046,92.16591779041289
2024-12-12,MG92,83.44,76.20363999605179,64.62596633434296,84.71186960697175
2024-12-12,MG92,83.44,75.53525252580643,63.95757886409759,84.04348213672638
2024-12-12,MG92,83.44,78.14687770414352,66.56920404243468,86.65510731506347
2024-12-13,MG95,86.87,82.42276221418379,69.201674100399,92.88695825719832
2024-12-13,MG95,86.87,81.54110983657836,68.32002172279357,92.00530587959288
2024-12-13,MG95,86.87,82.50257947254181,69.28149135875702,92.96677551555634
2024-12-13,MG92,83.52,76.28013322257995,63.592998591899864,85.6959732904434
2024-12-13,MG92,83.52,75.55546534061432,62.868330709934234,84.97130540847778
2024-12-13,MG92,83.52,77.88268244457244,65.19554781389235,87.2985225124359
2024-12-16,MG95,86.48,82.7631316010952,67.91305386710167,94.72850382494926
2024-12-16,MG95,86.48,82.0077611246109,67.15768339061736,93.97313334846496
2024-12-16,MG95,86.48,83.17930052375793,68.3292227897644,95.14467274761199
2024-12-16,MG92,83.13,76.66319600152968,62.38213004398345,87.34525217342376
2024-12-16,MG92,83.13,76.00522755098342,61.72416159343719,86.6872837228775
2024-12-16,MG92,83.13,78.5083271164894,64.22726115894316,89.19038328838347
2024-12-17,MG95,85.54,82.59814970827102,68.19779628610611,94.1785409245491
2024-12-17,MG95,85.54,81.78593618774414,67.38558276557923,93.36632740402221
2024-12-17,MG95,85.54,82.53608667659759,68.13573325443268,94.11647789287566
2024-12-17,MG92,82.19,76.57707204914092,62.74211716032027,86.92486806964874
2024-12-17,MG92,82.19,75.77277335357667,61.93781846475601,86.12056937408448
2024-12-17,MG92,82.19,77.9126500430107,64.07769515419005,88.26044606351851
2024-12-18,MG95,85.4,82.99745005035399,67.50016497993468,95.53898616218565
2024-12-18,MG95,85.4,82.30277371788024,66.80548864746093,94.8443098297119
2024-12-18,MG95,85.4,83.07318665933607,67.57590158891676,95.61472277116773
2024-12-18,MG92,82.05,76.90738837337494,61.97883873319626,88.07534859752656
2024-12-18,MG92,82.05,76.29330726909637,61.364757628917694,87.46126749324799
2024-12-18,MG92,82.05,78.43738300800322,63.50883336782454,89.60534323215484
2024-12-19,MG95,84.0,82.48843967366219,68.24446623253822,93.9175587360859
2024-12-19,MG95,84.0,81.83316764259338,67.58919420146941,93.26228670501709
2024-12-19,MG95,84.0,82.94205889987946,68.69808545875549,94.37117796230316
2024-12-19,MG92,80.65,76.42620913553237,62.74387670087813,86.64928284931183
2024-12-19,MG92,80.65,75.79779609918594,62.1154636645317,86.0208698129654
2024-12-19,MG92,80.65,78.2473008069992,64.56496837234496,88.47037452077866
2024-12-20,MG95,83.06,83.05507958936691,67.35587587881088,95.76427608060837
2024-12-20,MG95,83.06,82.34019775199889,66.64099404144285,95.04939424324034
2024-12-20,MG95,83.06,83.51582700347899,67.81662329292296,96.22502349472045
2024-12-20,MG92,79.71,77.02269959640503,61.88735206079483,88.33407021951676
2024-12-20,MG92,79.71,76.41031220388413,61.27496466827393,87.72168282699586
2024-12-20,MG92,79.71,78.84044230175019,63.705094766139986,90.15181292486191
2024-12-23,MG95,83.86,82.92273061347008,67.39984752726555,95.51724387240408
2024-12-23,MG95,83.86,82.21941064167022,66.69652755546569,94.81392390060422
2024-12-23,MG95,83.86,83.28823582267762,67.76535273647309,95.88274908161162
2024-12-23,MG92,80.51,76.89217555427551,61.94478307390213,88.09629218482971
2024-12-23,MG92,80.51,76.2089823732376,61.26158989286422,87.4130990037918
2024-12-23,MG92,80.51,78.57982241392135,63.63242993354797,89.78393904447555
2024-12-24,MG95,83.77,83.02205083346367,67.35475018954277,95.74612430071831
2024-12-24,MG95,83.77,82.20346499633789,66.53616435241699,94.92753846359253
2024-12-24,MG95,83.77,83.55645079612731,67.88915015220641,96.28052426338195
2024-12-24,MG92,80.42,76.90008732700348,61.80779158496857,88.21281882190704
2024-12-24,MG92,80.42,76.28584295558929,61.19354721355438,87.59857445049285
2024-12-24,MG92,80.42,78.84007752656936,63.74778178453445,90.15280902147292
2024-12-26,MG95,84.46,83.09061042237282,66.67454941678047,96.54984791207313
2024-12-26,MG95,84.46,82.31580579185486,65.8997447862625,95.77504328155517
2024-12-26,MG95,84.46,83.57725675773621,67.16119575214385,97.03649424743652
2024-12-26,MG92,81.11,77.05247485160828,61.22071141719819,88.96349838256836
2024-12-26,MG92,81.11,76.36783206748962,60.53606863307952,88.2788555984497
2024-12-26,MG92,81.11,78.83764045953751,63.00587702512742,90.74866399049759
2024-12-27,MG95,84.02,83.047840218544,66.82500816822052,96.35606560707092
2024-12-27,MG95,84.02,82.14003863811493,65.91720658779145,95.44826402664185
2024-12-27,MG95,84.02,83.20009546661376,66.97726341629028,96.50832085514068
2024-12-27,MG92,80.67,76.99881303215028,61.36732532167436,88.77811873817444
2024-12-27,MG92,80.67,76.21065547180177,60.57916776132585,87.98996117782593
2024-12-27,MG92,80.67,78.47037216472626,62.83888445425033,90.24967787075042
2024-12-30,MG95,84.54,83.0952269835472,66.64601171445847,96.62105758619307
2024-12-30,MG95,84.54,82.27203450965881,65.82281924057007,95.79786511230468
2024-12-30,MG95,84.54,83.72946237564088,67.28024710655214,97.25529297828675
2024-12-30,MG92,81.29,76.9640871257782,61.10780979347229,88.92182633590699
2024-12-30,MG92,81.29,76.25071698856354,60.394439656257624,88.20845619869232
2024-12-30,MG92,81.29,78.95583272361756,63.09955539131165,90.91357193374634
2024-12-31,MG95,85.4,82.9912232310772,66.44435082030297,96.61818979334832
2024-12-31,MG95,85.4,82.27435633850098,65.72748392772675,95.9013229007721
2024-12-31,MG95,85.4,83.49400847434998,66.94713606357575,97.1209750366211
2024-12-31,MG92,82.15,76.9312487397194,60.97955108261108,88.97019877052307
2024-12-31,MG92,82.15,76.29604084634781,60.344343189239495,88.33499087715148
2024-12-31,MG92,82.15,78.76043686389923,62.80873920679092,90.7993868947029
2025-01-02,MG95,85.92,83.33511448526383,67.17241839075089,96.49085577630999
2025-01-02,MG95,85.92,82.49404295539856,66.33134686088562,95.64978424644471
2025-01-02,MG95,85.92,83.49248970890045,67.32979361438751,96.6482309999466
2025-01-02,MG92,82.95,77.287434237957,61.691684204101556,88.96319079971313
2025-01-02,MG92,82.95,76.55084702157974,60.955096987724296,88.22660358333587
2025-01-02,MG92,82.95,78.74709968185425,63.151349647998806,90.42285624361038
2025-01-03,MG95,86.22,83.31122471570968,65.69967700242997,97.95776461362838
2025-01-03,MG95,86.22,82.58735770797729,64.97580999469757,97.23389760589599
2025-01-03,MG95,86.22,83.61730243778229,66.00575472450257,98.26384233570099
2025-01-03,MG92,83.74,77.23717320156098,60.21992658567429,90.10986429405212
2025-01-03,MG92,83.74,76.57675456142425,59.55950794553756,89.44944565391539
2025-01-03,MG92,83.74,78.87307963752747,61.85583302164078,91.7457707300186
2025-01-06,MG95,86.09,83.35223732542991,66.21438783717154,97.48771973204612
2025-01-06,MG95,86.09,82.5381832180023,65.40033372974393,96.67366562461851
2025-01-06,MG95,86.09,83.34977219200134,66.21192270374297,97.48525459861754
2025-01-06,MG92,83.61,77.36468924808501,60.80683471727371,89.83092116165162
2025-01-06,MG92,83.61,76.60865448856353,60.050799957752226,89.07488640213013
2025-01-06,MG92,83.61,78.57396283841132,62.016108307600014,91.04019475197792
2025-01-07,MG95,85.84,83.35199327683449,65.33407644963265,98.40551071381569
2025-01-07,MG95,85.84,82.52693520355224,64.5090183763504,97.58045264053344
2025-01-07,MG95,85.84,83.62817652130127,65.61025969409943,98.68169395828247
2025-01-07,MG92,83.15,77.43478298568725,60.01303884887695,90.63596759223938
2025-01-07,MG92,83.15,76.60533195877075,59.18358782196045,89.80651656532288
2025-01-07,MG92,83.15,78.84295516729355,61.421211030483256,92.04413977384569
2025-01-08,MG95,85.89,83.44621988487243,65.6929189271927,98.19767386627198
2025-01-08,MG95,85.89,82.61699782562255,64.8636968679428,97.3684518070221
2025-01-08,MG95,85.89,83.82285971832275,66.069558760643,98.5743136997223
2025-01-08,MG92,83.35,77.46570868206024,60.29640398693084,90.42882720184325
2025-01-08,MG92,83.35,76.69659138393402,59.52728668880462,89.65970990371703
2025-01-08,MG92,83.35,79.03575503969192,61.86645034456252,91.99887355947493
2025-01-09,MG95,84.21,83.45397975254059,65.75765977191926,98.15605316448212
2025-01-09,MG95,84.21,82.63803167152403,64.94171169090271,97.34010508346556
2025-01-09,MG95,84.21,84.11652040767669,66.42020042705536,98.81859381961821
2025-01-09,MG92,82.78,77.37273505401612,60.2624985666275,90.29486356925965
2025-01-09,MG92,82.78,76.71506282901764,59.60482634162902,89.63719134426117
2025-01-09,MG92,82.78,79.26340799760818,62.153171510219565,92.18553651285171
2025-01-10,MG95,85.86,83.56322226715088,64.88515434932708,99.2384815044403
2025-01-10,MG95,85.86,82.78073091888427,64.10266300106048,98.4559901561737
2025-01-10,MG95,85.86,83.88304316139221,65.20497524356841,99.55830239868163
2025-01-10,MG92,84.01,77.60573041534424,59.51131053781509,91.31285893535615
2025-01-10,MG92,84.01,76.84094392490387,58.74652404737472,90.54807244491577
2025-01-10,MG92,84.01,79.10301201152801,61.00859213399886,92.81014053153991
2025-01-13,MG95,89.09,83.10225024032592,63.51835014152527,99.66794948387147
2025-01-13,MG95,89.09,84.09255218029021,64.50865208148957,100.65825142383576
2025-01-13,MG95,89.09,84.13475773143767,64.55085763263702,100.70045697498323
2025-01-13,MG92,87.14,77.12700372695923,58.11409096956253,91.55042415618897
2025-01-13,MG92,87.14,79.34686899900436,60.33395624160766,93.7702894282341
2025-01-13,MG92,87.14,79.8025938243866,60.78968106698991,94.22601425361634
2025-01-14,MG95,88.44,83.34340248870849,63.288041599273676,100.32863049316406
2025-01-14,MG95,88.44,84.35943726921082,64.304076379776,101.34466527366638
2025-01-14,MG95,88.44,84.43162875795365,64.37626786851882,101.41685676240921
2025-01-14,MG92,86.3,77.40074012947083,57.89052658748627,92.16391426277161
2025-01-14,MG92,86.3,79.60790103912353,60.09768749713897,94.37107517242431
2025-01-14,MG92,86.3,80.08868166327477,60.57846812129021,94.85185579657555
2025-01-15,MG95,88.1,82.5576802997589,64.9388903646469,97.18115892219542
2025-01-15,MG95,88.1,84.0004985628128,66.38170862770079,98.62397718524932
2025-01-15,MG95,88.1,83.85557517814635,66.23678524303435,98.47905380058288
2025-01-15,MG92,86.34,76.66569822883605,59.632303207874294,89.52460764980316
2025-01-15,MG92,86.34,79.1590025062561,62.125607485294346,92.01791192722321
2025-01-15,MG92,86.34,79.23023260855675,62.19683758759499,92.08914202952386
2025-01-16,MG95,88.92,82.80036342430114,63.79248982715607,98.8305798511505
2025-01-16,MG95,88.92,84.02070865631103,65.01283505916595,100.0509250831604
2025-01-16,MG95,88.92,83.970378616333,64.96250501918792,100.00059504318236
2025-01-16,MG92,86.78,76.89745606040954,58.47971307134628,90.88706333255766
2025-01-16,MG92,86.78,79.20434915685652,60.786606167793266,93.19395642900464
2025-01-16,MG92,86.78,79.5362632379532,61.118520248889936,93.52587051010131
2025-01-17,MG95,87.72,83.15599380683898,62.94700556945799,100.35517156791686
2025-01-17,MG95,87.72,84.71545784282685,64.50646960544586,101.91463560390473
2025-01-17,MG95,87.72,84.2928724207878,64.08388418340681,101.49205018186568
2025-01-17,MG92,85.58,77.27378854179383,57.62909446859361,92.20338955783843
2025-01-17,MG92,85.58,79.88848817777634,60.24379410457611,94.81808919382094
2025-01-17,MG92,85.58,79.98588261318207,60.34118853998184,94.91548362922667
2025-01-20,MG95,86.93,83.1665882549286,62.93769862747193,100.38071168518066
2025-01-20,MG95,86.93,84.94389343261719,64.71500380516052,102.15801686286925
2025-01-20,MG95,86.93,84.3527010154724,64.12381138801574,101.56682444572446
2025-01-20,MG92,84.54,77.28575693130495,57.619024927616124,92.22767406463623
2025-01-20,MG92,84.54,80.0809150967598,60.414183093070974,95.02283223009108
2025-01-20,MG92,84.54,79.93271547961236,60.265983475923534,94.87463261294364
2025-01-21,MG95,85.82,83.01413654136657,63.09483227062225,99.93356631088257
2025-01-21,MG95,85.82,84.4085421590805,64.48923788833618,101.3279719285965
2025-01-21,MG95,85.82,84.29525666427611,64.37595239353179,101.21468643379211
2025-01-21,MG92,83.43,77.1449198999405,57.7983022632599,91.84999982738496
2025-01-21,MG92,83.43,79.53623504304886,60.18961740636826,94.24131497049332
2025-01-21,MG92,83.43,79.84803886389733,60.501421227216724,94.55311879134179
2025-01-22,MG95,85.75,83.33804442214965,62.96365286636352,100.63808337020873
2025-01-22,MG95,85.75,84.36648124217987,63.99208968639374,101.66652019023896
2025-01-22,MG95,85.75,84.50957048606872,64.13517893028259,101.80960943412781
2025-01-22,MG92,83.26,77.49015168190003,57.65320147037506,92.50480946063996
2025-01-22,MG92,83.26,79.56549338245392,59.72854317092895,94.58015116119385
2025-01-22,MG92,83.26,80.20007419610025,60.363123984575275,95.21473197484018
2025-01-23,MG95,86.31,83.10848561668395,62.56242494487762,100.67443579101563
2025-01-23,MG95,86.31,84.57503550338745,64.02897483158112,102.14098567771913
2025-01-23,MG95,86.31,84.30300875902176,63.756948087215434,101.86895893335344
2025-01-23,MG92,83.9,77.28040083122254,57.30252529096603,92.50091891479494
2025-01-23,MG92,83.9,79.68552578735353,59.70765024709702,94.90604387092593
2025-01-23,MG92,83.9,79.96562260508537,59.987747064828866,95.18614068865777
2025-01-24,MG95,86.31,83.49249608802795,62.47869386959076,101.49912270355225
2025-01-24,MG95,86.31,84.93241043663025,63.91860821819306,102.93903705215455
2025-01-24,MG95,86.31,84.58385685253143,63.570054634094234,102.59048346805572
2025-01-24,MG92,83.9,77.5350777463913,57.06865378427505,93.10876709270477
2025-01-24,MG92,83.9,80.04758953380585,59.5811655716896,95.62127888011932
2025-01-24,MG92,83.9,79.95462358951569,59.488199627399446,95.52831293582916
2025-01-27,MG95,87.49,83.05364099693298,62.571322671890265,100.57488173675537
2025-01-27,MG95,87.49,84.52219775295256,64.03987942790985,102.04343849277495
2025-01-27,MG95,87.49,84.331538772583,63.84922044754028,101.85277951240539
2025-01-27,MG92,85.08,77.2084921836853,57.30240149259567,92.39197999000548
2025-01-27,MG92,85.08,79.60640150642394,59.70031081533431,94.78988931274412
2025-01-27,MG92,85.08,79.91222635364532,60.0061356625557,95.09571415996551
2025-01-28,MG95,87.02,83.44541968345641,62.340942492485034,101.55311356544493
2025-01-28,MG95,87.02,84.85216702270507,63.7476898317337,102.9598609046936
2025-01-28,MG95,87.02,84.60410242366791,63.49962523269654,102.71179630565643
2025-01-28,MG92,84.91,77.49825137233734,56.94254693841934,93.15185438728331
2025-01-28,MG92,84.91,79.96998429775238,59.41427986383438,95.62358731269835
2025-01-28,MG92,84.91,80.04947656178474,59.49377212786675,95.70307957673072
2025-01-29,MG95,87.02,83.53125865745542,62.02387645053862,102.04067014503477
2025-01-29,MG95,87.02,84.9241182231903,63.416736016273504,103.43352971076965
2025-01-29,MG95,87.02,84.6621687040329,63.15478649711609,103.17158019161224
2025-01-29,MG92,84.91,77.62700895977021,56.656356966018684,93.60033036899567
2025-01-29,MG92,84.91,80.07629231977464,59.105640326023114,96.0496137290001
2025-01-29,MG92,84.91,80.33810638046265,59.367454386711124,96.31142778968811
2025-01-30,MG95,87.02,83.39534433174131,62.83175709056853,100.95190316963193
2025-01-30,MG95,87.02,84.5078963727951,63.94430913162232,102.06445521068572
2025-01-30,MG95,87.02,84.41880839538572,63.85522115421294,101.97536723327634
2025-01-30,MG92,84.91,77.44849899196625,57.44310107135773,92.66332781219484
2025-01-30,MG92,84.91,79.64077387905121,59.635375958442694,94.8556026992798
2025-01-30,MG92,84.91,80.08381513977051,60.07841721916199,95.2986439599991
2025-01-31,MG95,87.06,83.47047109794616,62.01202786159515,101.96031484794618
2025-01-31,MG95,87.06,84.95978389453887,63.501340658187864,103.4496276445389
2025-01-31,MG95,87.06,84.71947821521758,63.26103497886657,103.2093219652176
2025-01-31,MG92,84.88,77.5658598470688,56.656465289592745,93.52224090576173
2025-01-31,MG92,84.88,80.06487358379363,59.15547902631758,96.02125464248657
2025-01-31,MG92,84.88,80.110335593462,59.20094103598595,96.06671665215494
2025-02-03,MG95,87.84,83.73808198928833,61.72585411548615,102.7671866798401
2025-02-03,MG95,87.84,85.24195042514802,63.22972255134584,104.27105511569978
2025-02-03,MG95,87.84,84.86737232780456,62.85514445400238,103.89647701835632
2025-02-03,MG92,86.41,77.80437015151978,56.317651906967164,94.18984000301361
2025-02-03,MG92,86.41,80.35147108602524,58.86475284147263,96.73694093751908
2025-02-03,MG92,86.41,80.4985299897194,59.01181174516679,96.88399984121324
2025-02-04,MG95,84.87,83.46053610420226,61.91421468830108,102.04744329071042
2025-02-04,MG95,84.87,85.05237661361693,63.506055197715746,103.63928380012509
2025-02-04,MG95,84.87,84.63280556201934,63.08648414611816,103.2197127485275
2025-02-04,MG92,83.3,77.55655676364898,56.55995717763901,93.58971101760865
2025-02-04,MG92,83.3,80.1164948105812,59.11989522457123,96.14964906454087
2025-02-04,MG92,83.3,80.17283575248719,59.17623616647722,96.20599000644685
2025-02-05,MG95,85.97,83.73855499076842,61.49547393608091,102.98968579101563
2025-02-05,MG95,85.97,85.57291290473938,63.329831850051875,104.8240437049866
2025-02-05,MG95,85.97,84.97844201946259,62.73536096477508,104.2295728197098
2025-02-05,MG92,84.06,77.85595584011078,56.126597341060645,94.41782016372682
2025-02-05,MG92,84.06,80.66249920845031,58.93314070940018,97.22436353206635
2025-02-05,MG92,84.06,80.62197679710388,58.89261829805375,97.18384112071992
2025-02-06,MG95,84.77,83.51108838272094,61.47946450424194,102.6126937980652
2025-02-06,MG95,84.77,84.85887359046936,62.827249711990355,103.96047900581361
2025-02-06,MG95,84.77,84.66988506317139,62.63826118469239,103.77149047851564
2025-02-06,MG92,83.21,77.68253981113433,56.19538918256759,94.12360969543457
2025-02-06,MG92,83.21,79.95641539573668,58.46926476716994,96.39748528003692
2025-02-06,MG92,83.21,80.37830875253678,58.89115812397004,96.81937863683702
2025-02-07,MG95,85.49,83.8369785518646,60.78493739318846,103.93683298301694
2025-02-07,MG95,85.49,85.46952502822876,62.41748386955261,105.5693794593811
2025-02-07,MG95,85.49,85.15049376296997,62.098452604293826,105.25034819412231
2025-02-07,MG92,83.86,78.06544452953338,55.50853033590316,95.29806844997405
2025-02-07,MG92,83.86,80.60148823976516,58.04457404613494,97.83411216020583
2025-02-07,MG92,83.86,80.71156120729447,58.154647013664245,97.94418512773514
2024-12-12,MG95,86.79,85.11689400410653,81.33923715806007,88.60448706245423
2024-12-12,MG95,86.79,84.43048019385338,80.65282334780693,87.91807325220108
2024-12-12,MG95,86.79,85.59234791827203,81.81469107222557,89.07994097661972
2024-12-12,MG92,83.44,80.96025637888907,76.57219233357905,84.84769351029395
2024-12-12,MG92,83.44,80.29186890864372,75.9038048633337,84.1793060400486
2024-12-12,MG92,83.44,82.90349408698081,78.5154300416708,86.7909312183857
2024-12-13,MG95,86.87,85.12461470294,80.10332546877862,89.89611335086823
2024-12-13,MG95,86.87,84.24296232533455,79.22167309117317,89.01446097326279
2024-12-13,MG95,86.87,85.20443196129798,80.18314272713661,89.97593060922622
2024-12-13,MG92,83.52,80.92089477562904,75.47160400831699,86.07097167515754
2024-12-13,MG92,83.52,80.19622689366341,74.74693612635136,85.34630379319191
2024-12-13,MG92,83.52,82.52344399762153,77.07415323030948,87.67352089715003
2024-12-16,MG95,86.48,85.06457793211936,80.16236194229126,89.71335787272453
2024-12-16,MG95,86.48,84.30920745563506,79.40699146580695,88.95798739624023
2024-12-16,MG95,86.48,85.4807468547821,80.57853086495399,90.12952679538726
2024-12-16,MG92,83.13,80.90768719005584,75.29261001515387,85.84340746450424
2024-12-16,MG92,83.13,80.24971873950958,74.6346415646076,85.18543901395797
2024-12-16,MG92,83.13,82.75281830501555,77.13774113011358,87.68853857946395
2024-12-17,MG95,85.54,85.13861357688904,80.92587377786637,89.08461342334748
2024-12-17,MG95,85.54,84.32640005636215,80.11366025733948,88.27239990282058
2024-12-17,MG95,85.54,85.07655054521561,80.86381074619294,89.02255039167405
2024-12-17,MG92,82.19,81.09364301037789,76.02827660095693,85.31465857577324
2024-12-17,MG92,82.19,80.2893443148136,75.22397790539264,84.51035988020895
2024-12-17,MG92,82.19,82.42922100424767,77.3638545948267,86.65023656964301
2024-12-18,MG95,85.4,85.04427233552933,79.01086307024956,90.85763514137268
2024-12-18,MG95,85.4,84.34959600305558,78.31618673777581,90.16295880889894
2024-12-18,MG95,85.4,85.12000894451141,79.08659967923164,90.93337175035477
2024-12-18,MG92,82.05,80.85764255404473,74.22601993083954,86.94006804585457
2024-12-18,MG92,82.05,80.24356144976616,73.61193882656097,86.325986941576
2024-12-18,MG92,82.05,82.38763718867301,75.75601456546782,88.47006268048285
2024-12-19,MG95,84.0,85.01856995511055,79.56401031661034,90.24080769944192
2024-12-19,MG95,84.0,84.36329792404175,78.90873828554153,89.58553566837311
2024-12-19,MG95,84.0,85.47218918132782,80.0176295428276,90.69442692565919
2024-12-19,MG92,80.65,80.88139831995964,75.02603822803498,86.46488455271721
2024-12-19,MG92,80.65,80.25298528361321,74.39762519168855,85.83647151637078
2024-12-19,MG92,80.65,82.70248999142646,76.8471298995018,88.28597622418403
2024-12-20,MG95,83.06,85.00141674399376,78.7835042834282,90.98343312740326
2024-12-20,MG95,83.06,84.28653490662575,78.06862244606019,90.26855129003525
2024-12-20,MG95,83.06,85.46216415810585,79.24425169754029,91.44418054151535
2024-12-20,MG92,79.71,80.88269470643996,73.77102477502822,87.02666823697089
2024-12-20,MG92,79.71,80.27030731391906,73.15863738250732,86.41428084444999
2024-12-20,MG92,79.71,82.70043741178512,75.58876748037338,88.84441094231605
2024-12-23,MG95,83.86,85.06887298560144,78.76364252185823,91.1421837780476
2024-12-23,MG95,83.86,84.36555301380159,78.06032255005837,90.43886380624774
2024-12-23,MG95,83.86,85.43437819480897,79.12914773106576,91.50768898725512
2024-12-23,MG92,80.51,80.96109059095383,73.79787136435509,87.20596142292023
2024-12-23,MG92,80.51,80.27789740991592,73.11467818331718,86.52276824188232
2024-12-23,MG92,80.51,82.64873745059967,75.48551822400093,88.89360828256606
2024-12-24,MG95,83.77,85.12046560931206,78.53418827819824,91.47273578333855
2024-12-24,MG95,83.77,84.30187977218628,77.71560244107246,90.65414994621277
2024-12-24,MG95,83.77,85.6548655719757,79.06858824086189,92.00713574600219
2024-12-24,MG92,80.42,80.91463527297972,73.40824977612495,87.40807565188408
2024-12-24,MG92,80.42,80.30039090156555,72.79400540471077,86.7938312804699
2024-12-24,MG92,80.42,82.85462547254562,75.34823997569084,89.34806585144997
2024-12-26,MG95,84.46,85.12045145201682,76.35891209888457,93.71612733054162
2024-12-26,MG95,84.46,84.34564682149886,75.58410746836661,92.94132270002366
2024-12-26,MG95,84.46,85.60709778738021,76.84555843424796,94.20277366590501
2024-12-26,MG92,81.11,80.90933321547507,71.48578158926964,89.69941258621215
2024-12-26,MG92,81.11,80.22469043135642,70.80113880515098,89.0147698020935
2024-12-26,MG92,81.11,82.6944988234043,73.27094719719886,91.48457819414138
2024-12-27,MG95,84.02,85.20631157255173,78.14962186431885,92.03720659828186
2024-12-27,MG95,84.02,84.29850999212265,77.24182028388977,91.12940501785278
2024-12-27,MG95,84.02,85.35856682062149,78.30187711238861,92.18946184635162
2024-12-27,MG92,80.67,81.06115767240524,73.11486659407616,88.03207229733466
2024-12-27,MG92,80.67,80.27300011205674,72.32670903372765,87.24391473698616
2024-12-27,MG92,80.67,82.53271680498122,74.58642572665214,89.50363142991064
2024-12-30,MG95,84.54,85.21067284965514,78.18190453672409,92.00629445695877
2024-12-30,MG95,84.54,84.38748037576676,77.3587120628357,91.18310198307039
2024-12-30,MG95,84.54,85.84490824174881,78.81613992881776,92.64052984905244
2024-12-30,MG92,81.29,80.9832150466442,73.00570479941366,87.8991854996681
2024-12-30,MG92,81.29,80.26984490942955,72.29233466219901,87.18581536245345
2024-12-30,MG92,81.29,82.97496064448356,74.99745039725302,89.89093109750746
2024-12-31,MG95,85.4,85.11726513886452,77.35865578794481,92.65540035033227
2024-12-31,MG95,85.4,84.40039824628829,76.64178889536858,91.93853345775604
2024-12-31,MG95,85.4,85.6200503821373,77.86144103121758,93.15818559360504
2024-12-31,MG92,82.15,80.93544082975386,72.27663654780386,88.59899835681914
2024-12-31,MG92,82.15,80.30023293638229,71.64142865443229,87.96379046344757
2024-12-31,MG92,82.15,82.76462895393371,74.10582467198371,90.42818648099899
2025-01-02,MG95,85.92,85.21837516903878,77.60177594900132,92.62368009567263
2025-01-02,MG95,85.92,84.3773036391735,76.76070441913605,91.78260856580735
2025-01-02,MG95,85.92,85.3757503926754,77.75915117263794,92.78105531930925
2025-01-02,MG92,82.95,81.03678781628608,72.591440076828,88.59230608224868
2025-01-02,MG92,82.95,80.30020059990882,71.85485286045073,87.85571886587142
2025-01-02,MG92,82.95,82.49645326018333,74.05110552072524,90.05197152614593
2025-01-03,MG95,86.22,85.17857629513742,77.59882883644106,92.5239347395897
2025-01-03,MG95,86.22,84.45470928740502,76.87496182870866,91.80006773185731
2025-01-03,MG95,86.22,85.48465401721,77.90490655851364,92.83001246166229
2025-01-03,MG92,83.74,80.96924940705298,72.40567777633666,88.4139107620716
2025-01-03,MG92,83.74,80.30883076691627,71.74525913619995,87.75349212193488
2025-01-03,MG92,83.74,82.60515584301947,74.04158421230315,90.04981719803808
2025-01-06,MG95,86.09,85.22616204285622,75.27522420072556,94.98938399815559
2025-01-06,MG95,86.09,84.41210793542862,74.46117009329797,94.175329890728
2025-01-06,MG95,86.09,85.22369690942764,75.27275906729699,94.98691886472702
2025-01-06,MG92,83.61,80.99896148490905,70.2249924712181,90.92991510319708
2025-01-06,MG92,83.61,80.24292672538758,69.46895771169663,90.1738803436756
2025-01-06,MG92,83.61,82.20823507523536,71.43426606154442,92.1391886935234
2025-01-07,MG95,85.84,85.27614298892021,73.9153172440529,96.44642201256754
2025-01-07,MG95,85.84,84.45108491563796,73.09025917077065,95.62136393928529
2025-01-07,MG95,85.84,85.55232623338699,74.19150048851968,96.72260525703432
2025-01-07,MG92,83.15,81.03345430874825,68.82247409248352,92.422081895113
2025-01-07,MG92,83.15,80.20400328183175,67.99302306556702,91.5926308681965
2025-01-07,MG92,83.15,82.44162649035454,70.2306462740898,93.83025407671929
2025-01-08,MG95,85.89,85.31717109537124,73.97602881407737,96.43037520265578
2025-01-08,MG95,85.89,84.48794903612136,73.1468067548275,95.60115314340591
2025-01-08,MG95,85.89,85.69381092882156,74.3526686475277,96.80701503610611
2025-01-08,MG92,83.35,81.00765109634398,68.70313566720485,92.30407891845702
2025-01-08,MG92,83.35,80.23853379821776,67.93401836907863,91.5349616203308
2025-01-08,MG92,83.35,82.57769745397567,70.27318202483654,93.87412527608872
2025-01-09,MG95,84.21,85.3403994255066,73.85200284171106,96.66419520902635
2025-01-09,MG95,84.21,84.52445134449005,73.0360547606945,95.84824712800979
2025-01-09,MG95,84.21,86.0029400806427,74.51454349684715,97.32673586416244
2025-01-09,MG92,82.78,80.926518876791,68.66610260272026,92.49792192959785
2025-01-09,MG92,82.78,80.26884665179253,68.0084303777218,91.84024970459939
2025-01-09,MG92,82.78,82.81719182038307,70.55677554631234,94.38859487318993
2025-01-10,MG95,85.86,85.29879166841508,73.35910102248192,97.04121490716933
2025-01-10,MG95,85.86,84.51630032014847,72.57660967421532,96.25872355890273
2025-01-10,MG95,85.86,85.61861256265641,73.67892191672325,97.36103580141067
2025-01-10,MG92,84.01,80.95851141142845,68.15075687217711,92.94928446578977
2025-01-10,MG92,84.01,80.19372492098809,67.38597038173675,92.18449797534942
2025-01-10,MG92,84.01,82.45579300761221,69.64803846836088,94.44656606197354
2025-01-13,MG95,89.09,84.58049396038055,73.10818629145622,95.88399530887604
2025-01-13,MG95,89.09,85.57079590034485,74.09848823142052,96.87429724884034
2025-01-13,MG95,89.09,85.61300145149232,74.140693782568,96.91650279998781
2025-01-13,MG92,87.14,80.2323919763565,67.97550754809379,91.7791210260391
2025-01-13,MG92,87.14,82.45225724840164,70.19537282013893,93.99898629808425
2025-01-13,MG92,87.14,82.90798207378387,70.65109764552116,94.45471112346648
2025-01-14,MG95,88.44,84.59150901603698,73.11101432967186,95.88369720983506
2025-01-14,MG95,88.44,85.6075437965393,74.12704911017418,96.89973199033739
2025-01-14,MG95,88.44,85.67973528528213,74.19924059891702,96.97192347908022
2025-01-14,MG92,86.3,80.25492093586921,67.93088741147518,91.77411919856071
2025-01-14,MG92,86.3,82.46208184552191,70.13804832112788,93.98128010821341
2025-01-14,MG92,86.3,82.94286246967314,70.61882894527912,94.46206073236465
2025-01-15,MG95,88.1,84.47096886348724,72.68018214297294,96.08577034902572
2025-01-15,MG95,88.1,85.91378712654114,74.12300040602683,97.52858861207962
2025-01-15,MG95,88.1,85.7688637418747,73.97807702136039,97.38366522741318
2025-01-15,MG92,86.34,80.22739868950843,67.62875681591034,92.09819660496711
2025-01-15,MG92,86.34,82.72070296692849,70.12206109333039,94.59150088238717
2025-01-15,MG92,86.34,82.79193306922912,70.19329119563102,94.6627309846878
2025-01-16,MG95,88.92,84.51598930978776,73.4411898496151,95.33829972648621
2025-01-16,MG95,88.92,85.73633454179765,74.66153508162499,96.5586449584961
2025-01-16,MG95,88.92,85.68600450181961,74.61120504164695,96.50831491851807
2025-01-16,MG92,86.78,80.28036088657379,68.16237289857864,91.24647796583173
2025-01-16,MG92,86.78,82.58725398302079,70.46926599502564,93.55337106227873
2025-01-16,MG92,86.78,82.91916806411743,70.80118007612228,93.88528514337537
2025-01-17,MG95,87.72,84.53337234735488,72.58024542093277,96.32103802204134
2025-01-17,MG95,87.72,86.09283638334276,74.13970945692064,97.88050205802921
2025-01-17,MG95,87.72,85.67025096130371,73.71712403488159,97.45791663599016
2025-01-17,MG92,85.58,80.23351959657668,67.50202259790898,92.29602531981469
2025-01-17,MG92,85.58,82.84821923255919,70.11672223389148,94.91072495579719
2025-01-17,MG92,85.58,82.94561366796492,70.21411666929721,95.00811939120292
2025-01-20,MG95,86.93,84.58677605438233,71.681587590456,97.30475777435304
2025-01-20,MG95,86.93,86.36408123207093,73.45889276814461,99.08206295204164
2025-01-20,MG95,86.93,85.77288881492615,72.86770035099983,98.49087053489686
2025-01-20,MG92,84.54,80.21781140136719,66.48090747642517,93.26831430125235
2025-01-20,MG92,84.54,83.01296956682204,69.27606564188002,96.0634724667072
2025-01-20,MG92,84.54,82.8647699496746,69.12786602473258,95.91527284955976
2025-01-21,MG95,85.82,84.56057931375503,71.39397144031524,97.5431218547821
2025-01-21,MG95,85.82,85.95498493146897,72.78837705802918,98.93752747249604
2025-01-21,MG95,85.82,85.84169943666458,72.6750915632248,98.82424197769166
2025-01-21,MG92,83.43,80.19387256336212,66.20675057065488,93.53533694338799
2025-01-21,MG92,83.43,82.58518770647049,68.59806571376325,95.92665208649636
2025-01-21,MG92,83.43,82.89699152731896,68.90986953461172,96.23845590734483
2025-01-22,MG95,85.75,84.53313137483596,72.33975010824203,96.54996225786209
2025-01-22,MG95,85.75,85.56156819486618,73.36818692827225,97.57839907789231
2025-01-22,MG95,85.75,85.70465743875504,73.5112761721611,97.72148832178117
2025-01-22,MG92,83.26,80.23623850941658,67.23344487845897,92.53590621113776
2025-01-22,MG92,83.26,82.31158020997047,69.30878657901286,94.61124791169165
2025-01-22,MG92,83.26,82.9461610236168,69.94336739265918,95.24582872533797
2025-01-23,MG95,86.31,84.52938642454147,71.35797224235534,97.58041886520385
2025-01-23,MG95,86.31,85.99593631124498,72.82452212905885,99.04696875190736
2025-01-23,MG95,86.31,85.72390956687929,72.55249538469316,98.77494200754167
2025-01-23,MG92,83.9,80.19637185549736,66.36022404170036,93.6498671672344
2025-01-23,MG92,83.9,82.60149681162835,68.76534899783135,96.0549921233654
2025-01-23,MG92,83.9,82.8815936293602,69.0454458155632,96.33508894109724
2025-01-24,MG95,86.31,84.8026629910469,70.46713944649696,99.00059067344665
2025-01-24,MG95,86.31,86.2425773396492,71.90705379509926,100.44050502204895
2025-01-24,MG95,86.31,85.89402375555039,71.55850021100045,100.09195143795014
2025-01-24,MG92,83.9,80.2274627304077,65.19327564120292,94.9404475212097
2025-01-24,MG92,83.9,82.73997451782225,67.70578742861747,97.45295930862426
2025-01-24,MG92,83.9,82.6470085735321,67.61282148432733,97.35999336433412
2025-01-27,MG95,87.49,84.60748809528351,70.19572040510178,98.93751798820495
2025-01-27,MG95,87.49,86.0760448513031,71.66427716112136,100.40607474422453
2025-01-27,MG95,87.49,85.88538587093353,71.4736181807518,100.21541576385496
2025-01-27,MG92,85.08,80.16629276251793,65.1774424419403,95.05311089491845
2025-01-27,MG92,85.08,82.56420208525657,67.57535176467894,97.45102021765709
2025-01-27,MG92,85.08,82.87002693247796,67.88117661190033,97.75684506487848
2025-01-28,MG95,87.02,84.74993963384628,70.45213848495483,98.91972189807892
2025-01-28,MG95,87.02,86.15668697309493,71.85888582420348,100.32646923732757
2025-01-28,MG95,87.02,85.90862237405777,71.61082122516632,100.07840463829041
2025-01-28,MG92,84.91,80.18832012867927,65.21213944888115,94.87446876144408
2025-01-28,MG92,84.91,82.6600530540943,67.68387237429619,97.34620168685912
2025-01-28,MG92,84.91,82.73954531812669,67.76336463832857,97.4256939508915
2025-01-29,MG95,87.02,84.75513532018661,69.7791762266159,99.63944869613648
2025-01-29,MG95,87.02,86.14799488592148,71.17203579235077,101.03230826187135
2025-01-29,MG95,87.02,85.88604536676407,70.91008627319336,100.77035874271394
2025-01-29,MG92,84.91,80.16913696098328,64.59851043272019,95.67642506885531
2025-01-29,MG92,84.91,82.6184203209877,67.0477937927246,98.12570842885972
2025-01-29,MG92,84.91,82.88023438167572,67.30960785341263,98.38752248954775
2025-01-30,MG95,87.02,84.83619283533096,70.0948976931572,99.50140166616441
2025-01-30,MG95,87.02,85.94874487638475,71.20744973421098,100.6139537072182
2025-01-30,MG95,87.02,85.85965689897537,71.1183617568016,100.52486572980882
2025-01-30,MG92,84.91,80.25578719377518,64.95041598260403,95.52176511645317
2025-01-30,MG92,84.91,82.44806208086013,67.14269086968898,97.71404000353812
2025-01-30,MG92,84.91,82.89110334157944,67.58573213040829,98.15708126425743
2025-01-31,MG95,87.06,84.76576501893997,70.0549929921627,99.36006043004988
2025-01-31,MG95,87.06,86.25507781553269,71.54430578875541,100.8493732266426
2025-01-31,MG95,87.06,86.0147721362114,71.30400010943413,100.60906754732132
2025-01-31,MG92,84.88,80.20602583646775,64.8462485462427,95.37449155092239
2025-01-31,MG92,84.88,82.7050395731926,67.34526228296755,97.87350528764723
2025-01-31,MG92,84.88,82.75050158286095,67.39072429263591,97.91896729731559
2025-02-03,MG95,87.84,84.81026995325088,70.30292087101937,99.23029594087602
2025-02-03,MG95,87.84,86.31413838911057,71.80678930687905,100.7341643767357
2025-02-03,MG95,87.84,85.93956029176712,71.43221120953561,100.35958627939226
2025-02-03,MG92,86.41,80.2233902964592,65.12716599321365,95.20871855473519
2025-02-03,MG92,86.41,82.77049123096465,67.6742669277191,97.75581948924064
2025-02-03,MG92,86.41,82.91755013465881,67.82132583141326,97.9028783929348
2025-02-04,MG95,84.87,84.79743107557297,69.14626197457314,100.41442141532897
2025-02-04,MG95,84.87,86.38927158498764,70.7381024839878,102.00626192474364
2025-02-04,MG95,84.87,85.96970053339004,70.3185314323902,101.58669087314604
2025-02-04,MG92,83.3,80.1605398993492,64.03496353793143,96.52620350766182
2025-02-04,MG92,83.3,82.72047794628142,66.59490158486365,99.08614155459404
2025-02-04,MG92,83.3,82.77681888818742,66.65124252676965,99.14248249650004
2025-02-05,MG95,85.97,84.8119962015152,68.85176719212532,100.7345842781067
2025-02-05,MG95,85.97,86.64635411548615,70.68612510609627,102.56894219207764
2025-02-05,MG95,85.97,86.05188323020936,70.09165422081948,101.97447130680085
2025-02-05,MG92,84.06,80.13965963745117,63.701030638456345,96.85640437269211
2025-02-05,MG92,84.06,82.94620300579071,66.50757400679588,99.66294774103164
2025-02-05,MG92,84.06,82.90568059444428,66.46705159544945,99.62242532968521
2025-02-06,MG95,84.77,84.79062353610992,68.81711608052252,100.73666273355485
2025-02-06,MG95,84.77,86.13840874385834,70.16490128827094,102.08444794130327
2025-02-06,MG95,84.77,85.94942021656037,69.97591276097297,101.8954594140053
2025-02-06,MG92,83.21,80.18804972481728,63.75552563381194,96.93538748455047
2025-02-06,MG92,83.21,82.46192530941963,66.02940121841429,99.20926306915283
2025-02-06,MG92,83.21,82.88381866621972,66.45129457521439,99.63115642595292
2025-02-07,MG95,85.49,84.74341000413895,68.56175984954834,100.91095690107345
2025-02-07,MG95,85.49,86.37595648050308,70.19430632591246,102.54350337743757
2025-02-07,MG95,85.49,86.05692521524429,69.87527506065368,102.22447211217879
2025-02-07,MG92,83.86,80.14196403479576,63.52823962187766,97.15045293068886
2025-02-07,MG92,83.86,82.67800774502754,66.06428333210944,99.68649664092064
2025-02-07,MG92,83.86,82.78808071255683,66.17435629963873,99.79656960844993
2025-02-10,MG95,86.48,86.54794290733338,69.17730666947365,103.99202300500872
2025-02-10,MG95,86.48,86.09720322704317,68.72656698918344,103.5412833247185
2025-02-10,MG95,86.48,86.03612425231934,68.66548801445961,103.48020434999468
2025-02-10,MG92,85.04,82.72959813094138,65.09382504737377,101.26359982824324
2025-02-10,MG92,85.04,82.88681013226508,65.25103704869747,101.42081182956694
2025-02-10,MG92,85.04,83.39030702757834,65.75453394401073,101.9243087248802
2025-02-11,MG95,87.44,86.93340886878968,70.2682562737465,103.62936460781098
2025-02-11,MG95,87.44,86.13848082733155,69.47332823228837,102.83443656635285
2025-02-11,MG95,87.44,85.78436190152169,69.11920930647851,102.48031764054299
2025-02-11,MG92,86.0,83.11754938006399,66.10655101478099,100.75641894340515
2025-02-11,MG92,86.0,82.81553830051422,65.80453993523122,100.45440786385538
2025-02-11,MG92,86.0,83.06618440890311,66.05518604362011,100.70505397224427
2025-02-12,MG95,87.69,86.51401158952714,70.98776069307328,101.97613084936143
2025-02-12,MG95,87.69,86.07827108716965,70.5520201907158,101.54039034700394
2025-02-12,MG95,87.69,85.93221162843705,70.40596073198319,101.39433088827133
2025-02-12,MG92,86.17,82.81549731707572,66.7552552113533,98.9924664375782
2025-02-12,MG92,86.17,82.82606928777695,66.76582718205452,99.00303840827942
2025-02-12,MG92,86.17,83.31847421574592,67.2582321100235,99.4954433362484
2025-02-13,MG95,86.03,86.7641575574875,68.44383747935295,105.24292798995971
2025-02-13,MG95,86.03,86.13395187091828,67.81363179278374,104.6127223033905
2025-02-13,MG95,86.03,85.9906315793991,67.67031150126456,104.46940201187132
2025-02-13,MG92,84.59,82.83889750766753,64.40283849287033,102.63434538531303
2025-02-13,MG92,84.59,82.74594130373,64.30988228893281,102.54138918137551
2025-02-13,MG92,84.59,83.08563885545729,64.6495798406601,102.88108673310279
2025-02-14,MG95,86.95,86.74677134656906,70.4818152346611,102.99983388090133
2025-02-14,MG95,86.95,86.09668075418472,69.83172464227675,102.34974328851699
2025-02-14,MG95,86.95,85.65016729235649,69.38521118044852,101.90322982668876
2025-02-14,MG92,85.55,82.97746130871772,66.28531720030307,100.08608439254762
2025-02-14,MG92,85.55,82.96428028082846,66.27213617241381,100.07290336465836
2025-02-14,MG92,85.55,82.99499220442772,66.30284809601307,100.10361528825761
2025-02-17,MG95,87.68,86.70503181362152,68.07652246141434,105.55002871656419
2025-02-17,MG95,87.68,86.18767753601074,67.55916818380356,105.0326744389534
2025-02-17,MG95,87.68,85.69554966044426,67.06704030823708,104.54054656338693
2025-02-17,MG92,86.29,82.7453045721054,64.09594065916536,102.99663449716566
2025-02-17,MG92,86.29,82.76505075812341,64.11568684518338,103.01638068318367
2025-02-17,MG92,86.29,82.74401959991455,64.09465568697452,102.99534952497481
2025-02-18,MG95,87.99,86.76084609222411,69.39021494579315,104.18455029201506
2025-02-18,MG95,87.99,86.13150557899475,68.76087443256378,103.5552097787857
2025-02-18,MG95,87.99,85.5293665254116,68.15873537898064,102.95307072520255
2025-02-18,MG92,86.6,82.86292384266852,65.19231169283388,101.36743805170056
2025-02-18,MG92,86.6,82.85162342214585,65.18101127231121,101.35613763117789
2025-02-18,MG92,86.6,82.77627747845649,65.10566532862185,101.28079168748853
2025-02-19,MG95,88.43,86.43020667219162,68.42005643391609,104.58935757303237
2025-02-19,MG95,88.43,86.15374352788925,68.14359328961372,104.31289442873
2025-02-19,MG95,88.43,85.50690706014632,67.49675682187079,103.66605796098708
2025-02-19,MG92,87.04,82.54866000699995,64.40504467356205,101.95580051589009
2025-02-19,MG92,87.04,82.72074224090575,64.57712690746784,102.12788274979589
2025-02-19,MG92,87.04,82.66156642675398,64.51795109331607,102.06870693564412
2025-02-20,MG95,88.11,86.41605657339096,68.89860898733139,104.01285916805266
2025-02-20,MG95,88.11,86.1510381617546,68.63359057569502,103.7478407564163
2025-02-20,MG95,88.11,85.6115373032093,68.09408971714973,103.208339897871
2025-02-20,MG92,86.72,82.53879236245155,64.76761555039882,101.25614675307271
2025-02-20,MG92,86.72,82.80766810417174,65.03649129211901,101.5250224947929
2025-02-20,MG92,86.72,82.8026051928997,65.03142838084698,101.51995958352087
2025-02-21,MG95,86.91,86.96584941625596,66.85871787309647,107.4470380473137
2025-02-21,MG95,86.91,86.32144617891312,66.21431463575362,106.80263480997085
2025-02-21,MG95,86.91,85.51104097080231,65.40390942764282,105.99222960186005
2025-02-21,MG92,85.52,82.76259300625324,62.881221483707435,105.06093086576462
2025-02-21,MG92,85.52,82.77967307174205,62.89830154919625,105.07801093125343
2025-02-21,MG92,85.52,82.41385500872134,62.532483486175536,104.71219286823272
2025-02-24,MG95,85.82,86.76183790254592,69.05485169816016,104.56823425340652
2025-02-24,MG95,85.82,86.09266985464096,68.3856836502552,103.89906620550155
2025-02-24,MG95,85.82,85.37688351345062,67.66989730906486,103.18327986431122
2025-02-24,MG92,84.43,82.83810504364966,64.91300921726226,101.81076981711387
2025-02-24,MG92,84.43,82.78700579547882,64.86190996909141,101.75967056894302
2025-02-24,MG92,84.43,82.54310794472694,64.61801211833954,101.51577271819114
2025-02-25,MG95,86.01,87.06874719142914,66.4629254758358,108.08805911064147
2025-02-25,MG95,86.01,86.46572161960601,65.85989990401268,107.48503353881834
2025-02-25,MG95,86.01,85.56309516072272,64.95727344512939,106.58240707993505
2025-02-25,MG92,84.62,82.77410427987576,62.453590289354324,105.75507651448251
2025-02-25,MG92,84.62,82.71957076275349,62.39905677223206,105.70054299736024
2025-02-25,MG92,84.62,82.37511178004742,62.054597789525985,105.35608401465417
2025-02-26,MG95,83.78,87.04169337558746,68.31784701991081,105.95375457811357
2025-02-26,MG95,83.78,86.21121930885315,67.4873729531765,105.12328051137926
2025-02-26,MG95,83.78,85.22837201571464,66.504525660038,104.14043321824076
2025-02-26,MG92,82.55,82.99077666091918,64.20224726128578,103.31919083285331
2025-02-26,MG92,82.55,82.7698080163002,63.9812786166668,103.09822218823433
2025-02-26,MG92,82.55,82.22633542490004,63.43780602526664,102.55474959683417
2025-02-27,MG95,83.41,86.56616818571092,67.01182833695412,106.39889208459857
2025-02-27,MG95,83.41,86.31750429868698,66.76316444993019,106.15022819757463
2025-02-27,MG95,83.41,85.32743521451951,65.77309536576271,105.16015911340716
2025-02-27,MG92,81.94,82.4679049885273,62.994525249600414,103.94480497598649
2025-02-27,MG92,81.94,82.7902803325653,63.31690059363842,104.2671803200245
2025-02-27,MG92,81.94,82.25847908854485,62.785099349617965,103.73537907600404
2025-02-28,MG95,84.34,86.87201845741272,67.02352640366554,107.04401480293274
2025-02-28,MG95,84.34,86.2514158859253,66.40292383217812,106.42341223144531
2025-02-28,MG95,84.34,85.26447072100639,65.41597866725921,105.4364670665264
2025-02-28,MG92,82.75,82.67165433597565,62.973405594348904,104.57706211996079
2025-02-28,MG92,82.75,82.80285491251945,63.10460617089271,104.70826269650459
2025-02-28,MG92,82.75,82.15033020210265,62.45208146047591,104.05573798608779
2025-03-03,MG95,83.79,86.78495909881592,67.70441233587265,106.08151481819154
2025-03-03,MG95,83.79,86.32954179096222,67.24899502801895,105.62609751033784
2025-03-03,MG95,83.79,85.29745816540718,66.21691140246391,104.5940138847828
2025-03-03,MG92,82.2,82.68089779281615,63.58237799310684,103.48551435494423
2025-03-03,MG92,82.2,82.81772560286521,63.719205803155894,103.62234216499328
2025-03-03,MG92,82.2,82.19562371730804,63.09710391759872,103.00024027943611
2025-03-04,MG95,80.03,87.13167317771912,66.99299005055427,107.62532562637331
2025-03-04,MG95,80.03,86.30218297576906,66.1634998486042,106.79583542442325
2025-03-04,MG95,80.03,85.21655382609367,65.07787069892882,105.71020627474786
2025-03-04,MG92,78.44,82.91494568121433,62.97456983160973,105.22688261461258
2025-03-04,MG92,78.44,82.71445791137218,62.77408206176757,105.02639484477042
2025-03-04,MG92,78.44,82.03706635630131,62.0966905066967,104.34900328969955
2025-03-05,MG95,79.94,86.53427343940734,67.72878093218803,105.5319215593338
2025-03-05,MG95,79.94,86.29293993473053,67.48744742751121,105.29058805465698
2025-03-05,MG95,79.94,85.02667033791542,66.2211778306961,104.02431845784187
2025-03-05,MG92,78.3,82.4696386258602,63.60641704666613,102.90340159463881
2025-03-05,MG92,78.3,82.97591486239433,64.11269328320026,103.40967783117294
2025-03-05,MG92,78.3,81.97426204133033,63.111040462136266,102.40802501010894
2025-03-06,MG95,78.59,87.07046198463439,65.74876502013205,108.89392434453964
2025-03-06,MG95,78.59,86.27723730754852,64.95554034304618,108.10069966745377
2025-03-06,MG95,78.59,85.23068885588646,63.90899189138412,107.0541512157917
2025-03-06,MG92,77.03,82.69708166909217,61.78782561433315,106.7104535241127
2025-03-06,MG92,77.03,82.69342196345329,61.78416590869427,106.70679381847381
2025-03-06,MG92,77.03,81.82364236426352,60.9143863095045,105.83701421928404
2025-03-07,MG95,78.69,86.87598162555695,67.90328659796715,106.07025054121016
2025-03-07,MG95,78.69,86.2914245109558,67.31872948336601,105.48569342660902
2025-03-07,MG95,78.69,84.98729854059219,66.0146035130024,104.1815674562454
2025-03-07,MG92,76.98,82.79802788805961,63.81485073697567,103.47787539315223
2025-03-07,MG92,76.98,82.71960737204552,63.73643022096158,103.39945487713814
2025-03-07,MG92,76.98,81.94413078093528,62.960953629851346,102.6239782860279
2025-01-13,MG95,89.09,84.67521976089478,80.62192968821526,88.93469502782823
2025-01-13,MG95,89.09,85.66552170085907,81.61223162817956,89.92499696779252
2025-01-13,MG95,89.09,85.70772725200653,81.65443717932702,89.96720251893998
2025-01-13,MG92,87.14,81.25674534249305,77.48303388226032,83.9182211856842
2025-01-13,MG92,87.14,83.47661061453819,79.70289915430546,86.13808645772934
2025-01-13,MG92,87.14,83.93233543992042,80.15862397968769,86.59381128311158
2025-01-14,MG95,88.44,84.63684266781806,80.65597252821922,88.8246861205101
2025-01-14,MG95,88.44,85.6528774483204,81.67200730872156,89.84072090101243
2025-01-14,MG95,88.44,85.72506893706321,81.74419879746438,89.91291238975525
2025-01-14,MG92,86.3,81.22840432047845,77.6156002086401,83.84433297872543
2025-01-14,MG92,86.3,83.43556523013115,79.8227611182928,86.05149388837813
2025-01-14,MG92,86.3,83.91634585428238,80.30354174244404,86.53227451252937
2025-01-15,MG95,88.1,84.8429906759262,81.20595017409323,88.75232623672484
2025-01-15,MG95,88.1,86.2858089389801,82.64876843714713,90.19514449977873
2025-01-15,MG95,88.1,86.14088555431366,82.50384505248068,90.0502211151123
2025-01-15,MG92,86.34,81.55875673174859,77.63261042058468,83.51759614229204
2025-01-15,MG92,86.34,84.05206100916863,80.12591469800472,86.01090041971207
2025-01-15,MG92,86.34,84.12329111146927,80.19714480030537,86.08213052201272
2025-01-16,MG95,88.92,84.81427217245101,80.55304154992103,89.28194387197493
2025-01-16,MG95,88.92,86.0346174044609,81.77338678193092,90.50228910398482
2025-01-16,MG95,88.92,85.98428736448287,81.72305674195289,90.45195906400679
2025-01-16,MG92,86.78,81.4989472682476,77.10335850012302,84.21137827348709
2025-01-16,MG92,86.78,83.8058403646946,79.41025159657002,86.51827136993408
2025-01-16,MG92,86.78,84.13775444579124,79.74216567766666,86.85018545103073
2025-01-17,MG95,87.72,84.78704294157028,80.23707935285567,89.50703549337386
2025-01-17,MG95,87.72,86.34650697755814,81.79654338884353,91.06649952936172
2025-01-17,MG95,87.72,85.9239215555191,81.3739579668045,90.64391410732269
2025-01-17,MG92,85.58,81.45850482201575,76.83700782513618,84.51561424946784
2025-01-17,MG92,85.58,84.07320445799827,79.4517074611187,87.13031388545036
2025-01-17,MG92,85.58,84.170598893404,79.54910189652443,87.2277083208561
2025-01-20,MG95,86.93,84.88303760290145,80.8798596060276,89.12196036815644
2025-01-20,MG95,86.93,86.66034278059006,82.6571647837162,90.89926554584504
2025-01-20,MG95,86.93,86.06915036344529,82.06597236657143,90.30807312870027
2025-01-20,MG92,84.54,81.55501061820985,77.28463154220582,83.92368456029892
2025-01-20,MG92,84.54,84.3501687836647,80.07978970766067,86.71884272575377
2025-01-20,MG92,84.54,84.20196916651726,79.93159009051323,86.57064310860633
2025-01-21,MG95,85.82,84.53173706459998,79.3963547079563,89.71865932273862
2025-01-21,MG95,85.82,85.92614268231392,80.79076032567025,91.11306494045256
2025-01-21,MG95,85.82,85.81285718750954,80.67747483086586,90.99977944564817
2025-01-21,MG92,83.43,81.21044078063966,76.4328635556698,85.10087942075731
2025-01-21,MG92,83.43,83.60175592374802,78.82417869877816,87.49219456386567
2025-01-21,MG92,83.43,83.91355974459648,79.13598251962662,87.80399838471413
2025-01-22,MG95,85.75,84.49666014003753,79.7230908601284,89.35408219385145
2025-01-22,MG95,85.75,85.52509696006776,80.75152768015862,90.38251901388168
2025-01-22,MG95,85.75,85.66818620395661,80.89461692404747,90.52560825777053
2025-01-22,MG92,83.26,81.16786846923829,76.88279772210122,84.71107492017745
2025-01-22,MG92,83.26,83.24321016979218,78.95813942265511,86.78641662073134
2025-01-22,MG92,83.26,83.8777909834385,79.59272023630143,87.42099743437767
2025-01-23,MG95,86.31,84.53035337090492,78.06791706562042,90.85200299263
2025-01-23,MG95,86.31,85.99690325760841,79.53446695232391,92.3185528793335
2025-01-23,MG95,86.31,85.72487651324272,79.26244020795822,92.0465261349678
2025-01-23,MG92,83.9,81.23484757280349,75.15843949115276,86.6088044950962
2025-01-23,MG92,83.9,83.63997252893448,77.56356444728375,89.01392945122718
2025-01-23,MG92,83.9,83.92006934666634,77.84366126501561,89.29402626895904
2025-01-24,MG95,86.31,84.80813831877708,78.6542198331356,90.89513323259352
2025-01-24,MG95,86.31,86.24805266737938,80.0941341817379,92.33504758119582
2025-01-24,MG95,86.31,85.89949908328057,79.74558059763909,91.98649399709701
2025-01-24,MG92,83.9,81.37621013355255,75.42148654413224,86.3213645453453
2025-01-24,MG92,83.9,83.8887219209671,77.93399833154679,88.83387633275986
2025-01-24,MG92,83.9,83.79575597667694,77.84103238725663,88.7409103884697
2025-01-27,MG95,87.49,84.59101410841942,77.48551377153397,91.4776118788719
2025-01-27,MG95,87.49,86.059570864439,78.95407052755355,92.94616863489148
2025-01-27,MG95,87.49,85.86891188406943,78.76341154718399,92.75550965452192
2025-01-27,MG92,85.08,81.28753219676018,74.4927995414734,87.34162235808375
2025-01-27,MG92,85.08,83.68544151949882,76.89070886421204,89.7395316808224
2025-01-27,MG92,85.08,83.9912663667202,77.19653371143342,90.04535652804377
2025-01-28,MG95,87.02,84.77542908954621,78.29124275135995,91.14938626098633
2025-01-28,MG95,87.02,86.18217642879486,79.6979900906086,92.55613360023499
2025-01-28,MG95,87.02,85.93411182975768,79.44992549157142,92.30806900119781
2025-01-28,MG92,84.91,81.35380797791481,75.05393527197839,86.6570706217289
2025-01-28,MG92,84.91,83.82554090332985,77.52566819739343,89.12880354714395
2025-01-28,MG92,84.91,83.90503316736222,77.6051604614258,89.20829581117631
2025-01-29,MG95,87.02,84.67081726527212,77.29465440130232,91.77676795578002
2025-01-29,MG95,87.02,86.063676831007,78.6875139670372,93.1696275215149
2025-01-29,MG95,87.02,85.80172731184959,78.4255644478798,92.90767800235749
2025-01-29,MG92,84.91,81.26896441864969,74.27031096744538,87.65756800818446
2025-01-29,MG92,84.91,83.7182477786541,76.7195943274498,90.10685136818887
2025-01-29,MG92,84.91,83.98006183934213,76.98140838813782,90.3686654288769
2025-01-30,MG95,87.02,84.86094714975357,77.45256864881516,92.02814081525803
2025-01-30,MG95,87.02,85.97349919080735,78.56512068986893,93.1406928563118
2025-01-30,MG95,87.02,85.88441121339798,78.47603271245957,93.05160487890244
2025-01-30,MG92,84.91,81.45291324543953,74.24522645699979,87.79024120020867
2025-01-30,MG92,84.91,83.64518813252448,76.43750134408474,89.98251608729362
2025-01-30,MG92,84.91,84.0882293932438,76.88054260480405,90.42555734801293
2025-01-31,MG95,87.06,84.80068182849884,75.8013677444458,93.32611131334305
2025-01-31,MG95,87.06,86.28999462509155,77.29068054103851,94.81542410993576
2025-01-31,MG95,87.06,86.04968894577027,77.05037486171723,94.57511843061448
2025-01-31,MG92,84.88,81.41137037324906,72.67381693589687,89.56802194404602
2025-01-31,MG92,84.88,83.9103841099739,75.17283067262171,92.06703568077087
2025-01-31,MG92,84.88,83.95584611964226,75.21829268229007,92.11249769043923
2025-02-03,MG95,87.84,84.98865788698197,76.32181736469269,93.28070184230805
2025-02-03,MG95,87.84,86.49252632284166,77.82568580055238,94.78457027816773
2025-02-03,MG95,87.84,86.1179482254982,77.45110770320892,94.40999218082428
2025-02-03,MG92,86.41,81.56838468074798,72.90486044108867,89.2098463141918
2025-02-03,MG92,86.41,84.11548561525345,75.45196137559414,91.75694724869726
2025-02-03,MG92,86.41,84.2625445189476,75.5990202792883,91.90400615239142
2025-02-04,MG95,84.87,84.90110194730758,77.0467658894062,92.49552767086028
2025-02-04,MG95,84.87,86.49294245672226,78.63860639882088,94.08736818027496
2025-02-04,MG95,84.87,86.07337140512466,78.21903534722328,93.66779712867736
2025-02-04,MG92,83.3,81.52945122170448,73.64001881587505,88.24140176820752
2025-02-04,MG92,83.3,84.0893892686367,76.19995686280727,90.80133981513974
2025-02-04,MG92,83.3,84.1457302105427,76.25629780471327,90.85768075704574
2025-02-05,MG95,85.97,85.02518763113021,75.8647493033409,93.78704253244398
2025-02-05,MG95,85.97,86.85954554510116,77.69910721731185,95.62140044641492
2025-02-05,MG95,85.97,86.26507465982436,77.10463633203506,95.02692956113813
2025-02-05,MG92,84.06,81.66113036727906,72.2978539494276,89.74202018475533
2025-02-05,MG92,84.06,84.46767373561859,75.10439731776714,92.54856355309487
2025-02-05,MG92,84.06,84.42715132427216,75.06387490642071,92.50804114174844
2025-02-06,MG95,84.77,85.01038336372375,76.34253978109359,93.34937668418884
2025-02-06,MG95,84.77,86.35816857147216,77.69032498884201,94.69716189193726
2025-02-06,MG95,84.77,86.1691800441742,77.50133646154404,94.50817336463929
2025-02-06,MG92,83.21,81.71727958035468,72.80534391832352,89.22168905329704
2025-02-06,MG92,83.21,83.99115516495704,75.07921950292587,91.49556463789939
2025-02-06,MG92,83.21,84.41304852175713,75.50111285972596,91.91745799469949
2025-02-07,MG95,85.49,84.82139292240143,76.16361576676368,93.10716263294222
2025-02-07,MG95,85.49,86.45393939876556,77.79616224312781,94.73970910930635
2025-02-07,MG95,85.49,86.13490813350677,77.47713097786902,94.42067784404756
2025-02-07,MG92,83.86,81.53394617557525,72.87134830236435,89.16074618220331
2025-02-07,MG92,83.86,84.06998988580703,75.40739201259613,91.69678989243509
2025-02-07,MG92,83.86,84.18006285333632,75.51746498012542,91.80686285996438
2025-02-10,MG95,86.48,86.67046577739715,76.5315779106617,96.2715239481926
2025-02-10,MG95,86.48,86.21972609710693,76.08083823037147,95.82078426790237
2025-02-10,MG95,86.48,86.15864712238312,76.01975925564766,95.75970529317856
2025-02-10,MG92,85.04,84.28833645987511,74.02485718655586,93.52448034930228
2025-02-10,MG92,85.04,84.44554846119881,74.18206918787956,93.68169235062598
2025-02-10,MG92,85.04,84.94904535651207,74.68556608319282,94.18518924593924
2025-02-11,MG95,87.44,86.96990741205215,76.13029489707947,97.10933263254165
2025-02-11,MG95,87.44,86.17497937059403,75.33536685562134,96.31440459108353
2025-02-11,MG95,87.44,85.82086044478416,74.98124792981147,95.96028566527366
2025-02-11,MG92,86.0,84.49724831604958,73.84522591733932,94.72347263598442
2025-02-11,MG92,86.0,84.19523723649979,73.54321483778953,94.42146155643464
2025-02-11,MG92,86.0,84.4458833448887,73.79386094617844,94.67210766482354
2025-02-12,MG95,87.69,86.81217942476272,75.99157899737358,97.02493040323257
2025-02-12,MG95,87.69,86.37643892240524,75.5558384950161,96.5891899008751
2025-02-12,MG95,87.69,86.23037946367263,75.4097790362835,96.44313044214249
2025-02-12,MG92,86.17,84.38416754412651,73.37856359052658,94.36640196371079
2025-02-12,MG92,86.17,84.39473951482773,73.3891355612278,94.376973934412
2025-02-12,MG92,86.17,84.88714444279671,73.88154048919678,94.86937886238098
2025-02-13,MG95,86.03,86.83115408468245,75.60016380119323,97.37226403045655
2025-02-13,MG95,86.03,86.20094839811324,74.96995811462402,96.74205834388734
2025-02-13,MG95,86.03,86.05762810659408,74.82663782310486,96.59873805236818
2025-02-13,MG92,84.59,84.43249629616737,73.15196180284023,94.97223306655884
2025-02-13,MG92,84.59,84.33954009222984,73.0590055989027,94.87927686262131
2025-02-13,MG92,84.59,84.67923764395714,73.39870315063,95.21897441434861
2025-02-14,MG95,86.95,87.0284394235611,75.74966559720039,97.64701019239425
2025-02-14,MG95,86.95,86.37834883117677,75.09957500481606,96.99691960000992
2025-02-14,MG95,86.95,85.93183536934852,74.65306154298781,96.55040613818167
2025-02-14,MG92,85.55,84.59579166436195,73.12206720376015,95.1018287255764
2025-02-14,MG92,85.55,84.58261063647271,73.10888617587091,95.08864769768715
2025-02-14,MG92,85.55,84.61332256007195,73.13959809947015,95.11935962128639
2025-02-17,MG95,87.68,86.82319822263717,75.12765794229507,97.79361799430848
2025-02-17,MG95,87.68,86.3058439450264,74.6103036646843,97.2762637166977
2025-02-17,MG95,87.68,85.81371606945991,74.11817578911781,96.78413584113122
2025-02-17,MG92,86.29,84.42421393227578,72.59877066445351,95.45629694414137
2025-02-17,MG92,86.29,84.44396011829377,72.61851685047151,95.47604313015937
2025-02-17,MG92,86.29,84.42292896008493,72.59748569226267,95.45501197195053
2025-02-18,MG95,87.99,87.0983250579834,76.50517879819871,97.17632818555833
2025-02-18,MG95,87.99,86.46898454475402,75.87583828496933,96.54698767232895
2025-02-18,MG95,87.99,85.86684549117088,75.27369923138619,95.94484861874581
2025-02-18,MG92,86.6,84.66394836640359,73.58613790369034,94.20016488170624
2025-02-18,MG92,86.6,84.6526479458809,73.57483748316766,94.18886446118356
2025-02-18,MG92,86.6,84.57730200219154,73.4994915394783,94.1135185174942
2025-02-19,MG95,88.43,86.77500112199783,75.3835518898964,97.56205532217027
2025-02-19,MG95,88.43,86.49853797769546,75.10708874559403,97.2855921778679
2025-02-19,MG95,88.43,85.85170150995253,74.4602522778511,96.63875571012497
2025-02-19,MG92,87.04,84.41715417599677,72.53644939398765,94.8682201514244
2025-02-19,MG92,87.04,84.58923640990257,72.70853162789345,95.0403023853302
2025-02-19,MG92,87.04,84.5300605957508,72.64935581374168,94.98112657117842
2025-02-20,MG95,88.11,86.72405218839646,75.02136254429817,97.75519805192948
2025-02-20,MG95,88.11,86.4590337767601,74.75634413266181,97.49017964029312
2025-02-20,MG95,88.11,85.9195329182148,74.21684327411651,96.95067878174783
2025-02-20,MG92,86.72,84.31493065857887,72.26109049105644,95.21573001885413
2025-02-20,MG92,86.72,84.58380640029908,72.52996623277664,95.48460576057434
2025-02-20,MG92,86.72,84.57874348902703,72.5249033215046,95.47954284930229
2025-02-21,MG95,86.91,87.13589522790909,75.37855926585196,98.23020318698883
2025-02-21,MG95,86.91,86.49149199056626,74.73415602850913,97.585799949646
2025-02-21,MG95,86.91,85.68108678245545,73.92375082039833,96.7753947415352
2025-02-21,MG92,85.52,84.67855929541588,72.5090284769535,95.6038848333359
2025-02-21,MG92,85.52,84.69563936090469,72.52610854244232,95.62096489882471
2025-02-21,MG92,85.52,84.329821297884,72.16029047942162,95.25514683580401
2025-02-24,MG95,85.82,87.04876763391495,75.44297054815293,97.99197171735766
2025-02-24,MG95,85.82,86.37959958600999,74.77380250024797,97.3228036694527
2025-02-24,MG95,85.82,85.66381324481964,74.05801615905762,96.60701732826234
2025-02-24,MG92,84.43,84.61097635126114,72.6622963014841,95.40422707056999
2025-02-24,MG92,84.43,84.55987710309029,72.61119705331325,95.35312782239913
2025-02-24,MG92,84.43,84.31597925233842,72.36729920256138,95.10922997164727
2025-02-25,MG95,86.01,87.00319813013077,74.82781630039214,98.37075814962385
2025-02-25,MG95,86.01,86.40017255830764,74.22479072856902,97.76773257780073
2025-02-25,MG95,86.01,85.49754609942437,73.32216426968574,96.86510611891745
2025-02-25,MG92,84.62,84.48609334421158,72.28555679035186,96.14784515690803
2025-02-25,MG92,84.62,84.43155982708932,72.2310232732296,96.09331163978577
2025-02-25,MG92,84.62,84.08710084438324,71.88656429052352,95.7488526570797
2025-02-26,MG95,83.78,87.41691902446746,73.97230251002311,100.02978869247436
2025-02-26,MG95,83.78,86.58644495773316,73.14182844328882,99.19931462574006
2025-02-26,MG95,83.78,85.60359766459464,72.1589811501503,98.21646733260154
2025-02-26,MG92,82.55,84.96426630449295,71.0704420454502,97.85851612877846
2025-02-26,MG92,82.55,84.74329765987397,70.84947340083123,97.63754748415948
2025-02-26,MG92,82.55,84.19982506847381,70.30600080943107,97.09407489275932
2025-02-27,MG95,83.41,86.7038061990738,74.521223829031,98.13752725982667
2025-02-27,MG95,83.41,86.45514231204987,74.27255994200708,97.88886337280275
2025-02-27,MG95,83.41,85.46507322788239,73.28249085783959,96.89879428863526
2025-02-27,MG92,81.94,84.2814005124569,71.84260250806808,95.8049284362793
2025-02-27,MG92,81.94,84.6037758564949,72.16497785210609,96.1273037803173
2025-02-27,MG92,81.94,84.07197461247445,71.63317660808563,95.59550253629685
2025-02-28,MG95,84.34,86.96875519227981,75.11788385343552,98.10582627487182
2025-02-28,MG95,84.34,86.34815262079239,74.49728128194809,97.48522370338439
2025-02-28,MG95,84.34,85.36120745587348,73.51033611702918,96.49827853846548
2025-02-28,MG92,82.75,84.47539343690872,72.37744320428371,95.61547575449943
2025-02-28,MG92,82.75,84.60659401345254,72.50864378082753,95.74667633104325
2025-02-28,MG92,82.75,83.95406930303574,71.85611907041073,95.09415162062645
2025-03-03,MG95,83.79,87.03191354465484,73.39931021642685,99.75999185752869
2025-03-03,MG95,83.79,86.57649623680115,72.94389290857316,99.304574549675
2025-03-03,MG95,83.79,85.5444126112461,71.91180928301812,98.27249092411995
2025-03-03,MG92,82.2,84.54941969728469,70.66483406579493,97.80351030921936
2025-03-03,MG92,82.2,84.68624750733375,70.80166187584399,97.94033811926842
2025-03-03,MG92,82.2,84.06414562177659,70.17955999028683,97.31823623371126
2025-03-04,MG95,80.03,87.41213990688324,74.3461121416092,99.69696790218352
2025-03-04,MG95,80.03,86.58264970493317,73.51662193965913,98.86747770023345
2025-03-04,MG95,80.03,85.49702055525779,72.43099278998375,97.78184855055807
2025-03-04,MG92,78.44,84.95377816963196,71.3914679144621,97.36404408740997
2025-03-04,MG92,78.44,84.7532903997898,71.19098014461994,97.16355631756781
2025-03-04,MG92,78.44,84.07589884471894,70.51358858954907,96.48616476249694
2025-03-05,MG95,79.94,86.80786054992676,73.4814209201336,99.27264575862885
2025-03-05,MG95,79.94,86.56652704524993,73.24008741545677,99.03131225395202
2025-03-05,MG95,79.94,85.30025744843482,71.97381781864166,97.76504265713692
2025-03-05,MG92,78.3,84.33873545789719,70.71797899091243,97.19594063901901
2025-03-05,MG92,78.3,84.84501169443132,71.22425522744656,97.70221687555315
2025-03-05,MG92,78.3,83.84335887336732,70.22260240638256,96.70056405448915
2025-03-06,MG95,78.59,87.23107341003418,73.30414351892472,100.25437899303435
2025-03-06,MG95,78.59,86.43784873294831,72.51091884183884,99.46115431594848
2025-03-06,MG95,78.59,85.39130028128623,71.46437039017677,98.4146058642864
2025-03-06,MG92,77.03,84.74551924419404,70.45849999797345,98.2819363052845
2025-03-06,MG92,77.03,84.74185953855516,70.45484029233457,98.27827659964562
2025-03-06,MG92,77.03,83.87207993936539,69.5850606931448,97.40849700045585
2025-03-07,MG95,78.69,87.06635831403733,73.96568402576447,99.2990271716118
2025-03-07,MG95,78.69,86.48180119943619,73.38112691116334,98.71447005701066
2025-03-07,MG95,78.69,85.17767522907258,72.07700094079972,97.41034408664704
2025-03-07,MG92,76.98,84.59180303668975,71.30707222855091,97.25171720123292
2025-03-07,MG92,76.98,84.51338252067566,71.22865171253682,97.17329668521883
2025-03-07,MG92,76.98,83.73790592956543,70.45317512142658,96.3978200941086
2025-03-10,MG95,78.55,86.66716879749299,72.90460262560845,99.59767082834244
2025-03-10,MG95,78.55,85.2578703637123,71.49530419182776,98.18837239456175
2025-03-10,MG95,78.55,83.82934130716325,70.0667751352787,96.7598433380127
2025-03-10,MG92,77.31,84.91321630048753,70.58804077136519,98.11125423121455
2025-03-10,MG92,77.31,83.80518134427071,69.48000581514836,97.00321927499772
2025-03-10,MG92,77.31,81.97006696486474,67.6448914357424,95.16810489559175
2025-03-11,MG95,77.98,86.72013447761535,73.71018085598945,98.96894441843033
2025-03-11,MG95,77.98,85.12085173940659,72.11089811778069,97.36966168022157
2025-03-11,MG95,77.98,83.91086399459839,70.90091037297249,96.15967393541337
2025-03-11,MG92,76.64,84.92665812802315,71.36484861147403,97.23263020586965
2025-03-11,MG92,76.64,83.6793976213932,70.11758810484409,95.98536969923971
2025-03-11,MG92,76.64,82.01150008749963,68.44969057095051,94.31747216534613
2025-03-12,MG95,79.15,86.57863951063156,72.12342946743965,100.09176606988908
2025-03-12,MG95,79.15,85.04668136191367,70.59147131872176,98.55980792117118
2025-03-12,MG95,79.15,83.87542267513274,69.42021263194083,97.38854923439025
2025-03-12,MG92,77.74,84.83138960099222,69.97512568330767,98.9822029349804
2025-03-12,MG92,77.74,83.62185640001297,68.76559248232842,97.77266973400116
2025-03-12,MG92,77.74,81.97170744466783,67.11544352698327,96.12252077865601
2025-03-13,MG95,80.46,86.61170570182801,72.43083266186714,99.8716311721802
2025-03-13,MG95,80.46,84.9935621161461,70.81268907618522,98.25348758649828
2025-03-13,MG95,80.46,83.75604214525222,69.57516910529135,97.01596761560441
2025-03-13,MG92,79.08,84.70980826091767,70.14373739612104,98.53715446066857
2025-03-13,MG92,79.08,83.45338352966309,68.88731266486646,97.28072972941399
2025-03-13,MG92,79.08,81.82083363103867,67.25476276624204,95.64817983078957
2025-03-14,MG95,80.05,86.69829846811294,72.33175691199303,100.15460882377626
2025-03-14,MG95,80.05,84.96341882681847,70.59687727069856,98.41972918248179
2025-03-14,MG95,80.05,83.74717983484268,69.38063827872277,97.203490190506
2025-03-14,MG92,78.62,84.68720491957666,69.83625884604454,98.67122221899034
2025-03-14,MG92,78.62,83.408867436409,68.55792136287688,97.39288473582268
2025-03-14,MG92,78.62,81.84870585393907,66.99775978040695,95.83272315335275
2025-03-17,MG95,81.04,86.73646184349059,72.28433262848853,100.29665035629272
2025-03-17,MG95,81.04,84.83783242416382,70.38570320916176,98.39802093696595
2025-03-17,MG95,81.04,83.50168701410294,69.04955779910088,97.06187552690507
2025-03-17,MG92,79.61,84.91337653684617,69.88467826771736,98.93649150776864
2025-03-17,MG92,79.61,83.35387498974801,68.3251767206192,97.37698996067047
2025-03-17,MG92,79.61,81.6465402224064,66.61784195327759,95.66965519332886
2025-03-18,MG95,81.95,86.8452816081047,71.30552280664443,101.39095643520355
2025-03-18,MG95,81.95,84.96850182127952,69.42874301981925,99.51417664837837
2025-03-18,MG95,81.95,83.6747272503376,68.13496844887733,98.22040207743645
2025-03-18,MG92,80.52,84.85612608885765,68.77270704066754,100.24266219115259
2025-03-18,MG92,80.52,83.47832888388635,67.39490983569624,98.86486498618129
2025-03-18,MG92,80.52,81.82046220803261,65.7370431598425,97.20699831032755
2025-03-19,MG95,80.27,86.71592162418365,71.25556323695183,101.19425834941863
2025-03-19,MG95,80.27,85.05196387004852,69.5916054828167,99.5303005952835
2025-03-19,MG95,80.27,83.50010118699073,68.03974279975891,97.97843791222571
2025-03-19,MG92,78.84,84.94567417788505,68.92268426644802,100.21951404619219
2025-03-19,MG92,78.84,83.45857285094262,67.43558293950558,98.73241271924975
2025-03-19,MG92,78.84,81.67406924843789,65.65107933700085,96.94790911674502
2025-03-20,MG95,80.97,86.68989937305452,71.80863945007324,100.6579035615921
2025-03-20,MG95,80.97,84.79136897778511,69.91010905480384,98.75937316632269
2025-03-20,MG95,80.97,83.44756435704231,68.56630443406104,97.41556854557989
2025-03-20,MG92,79.54,84.99598639154435,69.48138638699056,99.50313534283637
2025-03-20,MG92,79.54,83.27070553898811,67.75610553443433,97.77785449028013
2025-03-20,MG92,79.54,81.62840445828438,66.1138044537306,96.1355534095764
2025-03-21,MG95,81.9,86.60066384983062,71.60247063231468,100.61358057689667
2025-03-21,MG95,81.9,84.60148026394845,69.6032870464325,98.61439699101449
2025-03-21,MG95,81.9,83.40596463131905,68.4077714138031,97.4188813583851
2025-03-21,MG92,80.56,84.88353652095796,69.4653387156725,99.68809416866303
2025-03-21,MG92,80.56,83.10707692050934,67.68887911522388,97.91163456821441
2025-03-21,MG92,80.56,81.56531243991853,66.14711463463307,96.3698700876236
2025-03-24,MG95,82.07,86.7684062447548,70.5316279771328,101.91913116359711
2025-03-24,MG95,82.07,84.57957941794396,68.34280115032196,99.73030433678628
2025-03-24,MG95,82.07,83.469508518219,67.232730250597,98.62023343706132
2025-03-24,MG92,80.73,84.78047449803353,68.1245459625721,101.13432745313645
2025-03-24,MG92,80.73,83.04588751506806,66.38995897960663,99.39974047017098
2025-03-24,MG92,80.73,81.64609834671022,64.99016981124879,97.99995130181314
2025-03-25,MG95,83.15,86.8834490776062,70.92415005326271,101.81349048614501
2025-03-25,MG95,83.15,84.79123454356193,68.83193551921843,99.72127595210074
2025-03-25,MG95,83.15,83.52382795143127,67.56452892708778,98.45386935997008
2025-03-25,MG92,81.91,85.0099449813366,68.51451318860055,100.92674325346948
2025-03-25,MG92,81.91,83.21612725615502,66.72069546341896,99.1329255282879
2025-03-25,MG92,81.91,81.70510558390619,65.20967379117013,97.62190385603907
2025-03-26,MG95,83.45,86.70983161497116,71.64629618096352,100.84062840270997
2025-03-26,MG95,83.45,84.63693276715279,69.57339733314514,98.76772955489159
2025-03-26,MG95,83.45,83.39105660676955,68.3275211727619,97.52185339450835
2025-03-26,MG92,82.34,84.81862276911735,69.13601494252681,99.56024758696556
2025-03-26,MG92,82.34,83.02172404026985,67.3391162136793,97.76334885811805
2025-03-26,MG92,82.34,81.5746092760563,65.89200144946575,96.3162340939045
2025-03-27,MG95,83.88,87.15657626724243,70.14060435032843,103.1623794207573
2025-03-27,MG95,83.88,84.90366757202149,67.88769565510749,100.90947072553637
2025-03-27,MG95,83.88,83.49761415052414,66.48164223361015,99.50341730403902
2025-03-27,MG92,82.36,85.41328393149377,67.56333914744854,102.440309858799
2025-03-27,MG92,82.36,83.3610115597248,65.51106677567958,100.38803748703003
2025-03-27,MG92,82.36,81.6913814470768,63.84143666303157,98.71840737438202
2025-03-28,MG95,84.1,86.64849549865724,70.68554758644105,101.53897743558886
2025-03-28,MG95,84.1,84.56455057835579,68.6016026661396,99.45503251528741
2025-03-28,MG95,84.1,83.21524430394173,67.25229639172554,98.10572624087335
2025-03-28,MG92,82.41,84.88911875510215,68.53111467683314,100.91505801701545
2025-03-28,MG92,82.41,82.93408215355873,66.57607807528973,98.96002141547204
2025-03-28,MG92,82.41,81.43125081181526,65.07324673354626,97.45719007372857
2025-03-31,MG95,84.1,86.90065872716903,70.57140955495834,102.16938653039931
2025-03-31,MG95,84.1,84.54050440073013,68.21125522851943,99.8092322039604
2025-03-31,MG95,84.1,83.05638886499405,66.72713969278335,98.32511666822433
2025-03-31,MG92,82.41,84.87804041385651,68.02455547034741,101.27019987344742
2025-03-31,MG92,82.41,82.99189960169792,66.13841465818882,99.38405906128884
2025-03-31,MG92,82.41,81.31014898180962,64.45666403830052,97.70230844140053
2025-04-01,MG95,85.57,86.98648998641968,70.75323266530037,102.196548995018
2025-04-01,MG95,85.57,84.62316047787667,68.38990315675736,99.83321948647499
2025-04-01,MG95,85.57,83.27326536655426,67.04000804543494,98.48332437515258
2025-04-01,MG92,83.69,85.13428639268875,68.2781375197172,101.33080727314949
2025-04-01,MG92,83.69,83.08443918514251,66.22829031217097,99.28096006560325
2025-04-01,MG92,83.69,81.44486751937868,64.58871864640713,97.64138839983941
2025-04-02,MG95,85.91,86.87040519905091,69.83812331628799,102.80106070947647
2025-04-02,MG95,85.91,84.59654832267762,67.5642664399147,100.52720383310319
2025-04-02,MG95,85.91,83.0264181854725,65.99413630270958,98.95707369589806
2025-04-02,MG92,84.03,85.11720920276642,67.53700730633736,102.38755404067041
2025-04-02,MG92,84.03,82.97396164274215,65.3937597463131,100.24430648064615
2025-04-02,MG92,84.03,81.22844102525711,63.64823912882805,98.4987858631611
2025-04-03,MG95,83.12,86.90478150987624,69.98371138358117,102.75987996482847
2025-04-03,MG95,83.12,84.57237591028213,67.65130578398706,100.42747436523436
2025-04-03,MG95,83.12,83.21482822322845,66.29375809693337,99.06992667818068
2025-04-03,MG92,81.61,85.13356532907487,67.57451463198662,102.19186739063265
2025-04-03,MG92,81.61,82.98077616667747,65.42172546958922,100.03907822823525
2025-04-03,MG92,81.61,81.44964626669884,63.89059556961058,98.50794832825662
2025-04-04,MG95,77.52,86.83777093791961,69.2098963894844,103.27032508993149
2025-04-04,MG95,77.52,84.54996405315399,66.92208950471877,100.98251820516586
2025-04-04,MG95,77.52,83.12274630403519,65.49487175559997,99.55530045604706
2025-04-04,MG92,76.34,85.02198073482515,67.02375723040105,103.20118619894983
2025-04-04,MG92,76.34,82.86096287703515,64.86273937261105,101.04016834115983
2025-04-04,MG92,76.34,81.30071580863,63.3024923042059,99.47992127275468
2025-02-10,MG95,86.48,84.91701308333873,80.62343922936917,89.34377066278458
2025-02-10,MG95,86.48,84.46627340304852,80.17269954907896,88.89303098249437
2025-02-10,MG95,86.48,84.40519442832469,80.11162057435513,88.83195200777054
2025-02-10,MG92,85.04,82.3699830136299,78.34521469449997,86.94318077421188
2025-02-10,MG92,85.04,82.5271950149536,78.50242669582367,87.10039277553558
2025-02-10,MG92,85.04,83.03069191026687,79.00592359113693,87.60388967084884
2025-02-11,MG95,87.44,85.37792850255966,80.52415445685386,90.3068117082119
2025-02-11,MG95,87.44,84.58300046110153,79.72922641539574,89.51188366675377
2025-02-11,MG95,87.44,84.22888153529166,79.37510748958587,89.1577647409439
2025-02-11,MG92,86.0,82.75039402675628,78.12845142555236,87.79688459587096
2025-02-11,MG92,86.0,82.4483829472065,77.82644034600257,87.49487351632118
2025-02-11,MG92,86.0,82.69902905559539,78.07708645439146,87.74551962471007
2025-02-12,MG95,87.69,84.99194425630569,80.59511823761461,89.49997157740592
2025-02-12,MG95,87.69,84.55620375394821,80.15937773525714,89.06423107504844
2025-02-12,MG95,87.69,84.4101442952156,80.01331827652453,88.91817161631583
2025-02-12,MG92,86.17,82.38924507498741,78.24489394545554,87.04389250516891
2025-02-12,MG92,86.17,82.39981704568864,78.25546591615677,87.05446447587013
2025-02-12,MG92,86.17,82.89222197365761,78.74787084412574,87.54686940383911
2025-02-13,MG95,86.03,85.1203869843483,80.18898655176163,90.14227510094643
2025-02-13,MG95,86.03,84.49018129777909,79.55878086519242,89.51206941437722
2025-02-13,MG95,86.03,84.34686100625991,79.41546057367324,89.36874912285805
2025-02-13,MG92,84.59,82.55207967305184,77.86738158845901,87.67616111183166
2025-02-13,MG92,84.59,82.4591234691143,77.77442538452148,87.58320490789413
2025-02-13,MG92,84.59,82.7988210208416,78.11412293624878,87.92290245962143
2025-02-14,MG95,86.95,85.29392139816284,79.4001759364605,91.20226066136361
2025-02-14,MG95,86.95,84.64383080577849,78.75008534407615,90.55217006897927
2025-02-14,MG95,86.95,84.19731734395026,78.30357188224792,90.10565660715103
2025-02-14,MG92,85.55,82.66523421788216,76.95661956572533,88.61472895765306
2025-02-14,MG92,85.55,82.6520531899929,76.94343853783607,88.6015479297638
2025-02-14,MG92,85.55,82.68276511359215,76.97415046143533,88.63225985336305
2025-02-17,MG95,87.68,85.15051450669765,78.73692091822623,91.55904306769371
2025-02-17,MG95,87.68,84.63316022908687,78.21956664061545,91.04168879008293
2025-02-17,MG95,87.68,84.14103235352039,77.72743876504897,90.54956091451645
2025-02-17,MG92,86.29,82.55709656763077,76.30474601435661,88.96348421621322
2025-02-17,MG92,86.29,82.57684275364876,76.3244922003746,88.98323040223121
2025-02-17,MG92,86.29,82.5558115954399,76.30346104216575,88.96219924402236
2025-02-18,MG95,87.99,85.2967576572895,78.59417724466324,91.97601040816308
2025-02-18,MG95,87.99,84.66741714406012,77.96483673143386,91.3466698949337
2025-02-18,MG95,87.99,84.06527809047698,77.36269767785072,90.74453084135055
2025-02-18,MG92,86.6,82.64081147170066,76.07731268382071,89.2974762854576
2025-02-18,MG92,86.6,82.62951105117799,76.06601226329803,89.28617586493493
2025-02-18,MG92,86.6,82.55416510748863,75.99066631960868,89.21082992124558
2025-02-19,MG95,88.43,84.96164439344406,77.88985201323032,91.9943280353546
2025-02-19,MG95,88.43,84.68518124914169,77.61338886892796,91.71786489105223
2025-02-19,MG95,88.43,84.03834478139876,76.96655240118503,91.0710284233093
2025-02-19,MG92,87.04,82.37867814993858,75.42112191176415,89.35905229187011
2025-02-19,MG92,87.04,82.55076038384438,75.59320414566994,89.53113452577591
2025-02-19,MG92,87.04,82.4915845696926,75.53402833151817,89.47195871162414
2025-02-20,MG95,88.11,85.0208676650524,77.57220462882518,92.43387678050995
2025-02-20,MG95,88.11,84.75584925341606,77.30718621718883,92.1688583688736
2025-02-20,MG95,88.11,84.21634839487075,76.76768535864352,91.62935751032829
2025-02-20,MG92,86.72,82.39653525471687,75.04988002419472,89.71724355459213
2025-02-20,MG92,86.72,82.66541099643706,75.31875576591491,89.98611929631232
2025-02-20,MG92,86.72,82.66034808516503,75.31369285464288,89.98105638504029
2025-02-21,MG95,86.91,85.38209460127354,77.82293345558642,92.88059261608124
2025-02-21,MG95,86.91,84.73769136393071,77.1785302182436,92.23618937873842
2025-02-21,MG95,86.91,83.9272861558199,76.36812501013279,91.42578417062761
2025-02-21,MG92,85.52,82.70299927401543,75.22007142353057,90.11047059106826
2025-02-21,MG92,85.52,82.72007933950425,75.2371514890194,90.12755065655709
2025-02-21,MG92,85.52,82.35426127648353,74.87133342599867,89.76173259353637
2025-02-24,MG95,85.82,85.39049674808979,77.27574692964554,93.4345094323158
2025-02-24,MG95,85.82,84.72132870018481,76.60657888174056,92.76534138441083
2025-02-24,MG95,85.82,84.00554235899448,75.89079254055022,92.0495550432205
2025-02-24,MG92,84.43,82.7362833111286,74.65943516659736,90.6384107928276
2025-02-24,MG92,84.43,82.68518406295777,74.60833591842653,90.58731154465677
2025-02-24,MG92,84.43,82.44128621220588,74.36443806767464,90.34341369390488
2025-02-25,MG95,86.01,85.50735230648516,77.0731439694166,93.85514434480667
2025-02-25,MG95,86.01,84.90432673466205,76.4701183975935,93.25211877298356
2025-02-25,MG95,86.01,84.00170027577876,75.5674919387102,92.34949231410027
2025-02-25,MG92,84.62,82.79894656610489,74.36980798196792,90.98057212543488
2025-02-25,MG92,84.62,82.74441304898264,74.31527446484567,90.92603860831262
2025-02-25,MG92,84.62,82.39995406627656,73.9708154821396,90.58157962560655
2025-02-26,MG95,83.78,85.66782093071937,76.8422653349638,94.42109542512894
2025-02-26,MG95,83.78,84.83734686398506,76.01179126822949,93.59062135839463
2025-02-26,MG95,83.78,83.85449957084656,75.02894397509098,92.60777406525612
2025-02-26,MG92,82.55,82.99518492579459,74.1571984910965,91.53635366916656
2025-02-26,MG92,82.55,82.77421628117561,73.93622984647752,91.31538502454758
2025-02-26,MG92,82.55,82.23074368977547,73.39275725507737,90.77191243314743
2025-02-27,MG95,83.41,85.15327706694603,76.01155980646611,94.2143258666992
2025-02-27,MG95,83.41,84.90461317992211,75.76289591944219,93.96566197967528
2025-02-27,MG95,83.41,83.91454409575462,74.7728268352747,92.97559289550779
2025-02-27,MG92,81.94,82.52532510685921,73.33898200917245,91.34720655012131
2025-02-27,MG92,81.94,82.84770045089722,73.66135735321046,91.66958189415932
2025-02-27,MG92,81.94,82.31589920687676,73.12955610919,91.13778065013886
2025-02-28,MG95,84.34,85.43671401691437,76.1808400053978,94.59887992453575
2025-02-28,MG95,84.34,84.81611144542694,75.56023743391037,93.97827735304833
2025-02-28,MG95,84.34,83.82916628050803,74.57329226899147,92.99133218812942
2025-02-28,MG92,82.75,82.73854602885245,73.41842953395843,91.6567475171089
2025-02-28,MG92,82.75,82.86974660539627,73.54963011050225,91.78794809365272
2025-02-28,MG92,82.75,82.21722189497947,72.89710540008545,91.13542338323592
2025-03-03,MG95,83.79,85.49163079178334,75.47008666610719,95.44626967525483
2025-03-03,MG95,83.79,85.03621348392963,75.01466935825349,94.99085236740112
2025-03-03,MG95,83.79,84.0041298583746,73.98258573269845,93.95876874184609
2025-03-03,MG92,82.2,82.81449613904954,72.67599415755272,92.43672367906571
2025-03-03,MG92,82.2,82.9513239490986,72.81282196760178,92.57355148911476
2025-03-03,MG92,82.2,82.32922206354141,72.19072008204459,91.95144960355758
2025-03-04,MG95,80.03,85.74365989232064,75.70243655526639,95.69652041101457
2025-03-04,MG95,80.03,84.91416969037056,74.87294635331631,94.8670302090645
2025-03-04,MG95,80.03,83.82854054069519,73.78731720364094,93.78140105938913
2025-03-04,MG92,78.44,83.07000002622604,72.89367980599404,92.69955528736115
2025-03-04,MG92,78.44,82.8695122563839,72.6931920361519,92.49906751751901
2025-03-04,MG92,78.44,82.19212070131303,72.01580048108103,91.82167596244814
2025-03-05,MG95,79.94,85.21055643880368,75.5464636334181,94.78692847156526
2025-03-05,MG95,79.94,84.96922293412685,75.30513012874127,94.54559496688843
2025-03-05,MG95,79.94,83.70295333731173,74.03886053192615,93.27932537007331
2025-03-05,MG92,78.3,82.5388905017376,72.7777561609745,91.82832653808593
2025-03-05,MG92,78.3,83.04516673827172,73.28403239750862,92.33460277462005
2025-03-05,MG92,78.3,82.04351391720772,72.28237957644463,91.33294995355605
2025-03-06,MG95,78.59,85.60512108218668,75.50360149753092,95.62796968173981
2025-03-06,MG95,78.59,84.81189640510081,74.71037682044505,94.83474500465394
2025-03-06,MG95,78.59,83.76534795343875,73.66382836878299,93.78819655299188
2025-03-06,MG92,77.03,82.91781195497512,72.68202522850036,92.60662878608701
2025-03-06,MG92,77.03,82.91415224933624,72.67836552286148,92.60296908044813
2025-03-06,MG92,77.03,82.04437265014647,71.80858592367171,91.73318948125836
2025-03-07,MG95,78.69,85.67434923815728,74.62027836966516,96.6706156079769
2025-03-07,MG95,78.69,85.08979212355614,74.03572125506402,96.08605849337576
2025-03-07,MG95,78.69,83.78566615319252,72.7315952847004,94.78193252301214
2025-03-07,MG92,76.98,83.02244913816452,71.73939310669898,93.58294488191603
2025-03-07,MG92,76.98,82.94402862215043,71.66097259068489,93.50452436590194
2025-03-07,MG92,76.98,82.16855203104019,70.88549599957466,92.72904777479171
2025-03-10,MG95,78.55,85.02613305544853,74.28445820248126,95.73006479120255
2025-03-10,MG95,78.55,83.61683462166786,72.8751597687006,94.32076635742189
2025-03-10,MG95,78.55,82.18830556511878,71.44663071215152,92.89223730087281
2025-03-10,MG92,77.31,83.06085507869722,72.14399516224863,93.34753097891809
2025-03-10,MG92,77.31,81.95282012248039,71.0359602060318,92.23949602270126
2025-03-10,MG92,77.31,80.11770574307442,69.20084582662584,90.4043816432953
2025-03-11,MG95,77.98,85.1710110991001,73.64544426250457,96.65677110004422
2025-03-11,MG95,77.98,83.57172836089134,72.04616152429581,95.05748836183547
2025-03-11,MG95,77.98,82.36174061608314,70.83617377948761,93.84750061702726
2025-03-11,MG92,76.64,83.17866328978539,71.3755939795971,94.17515844011308
2025-03-11,MG92,76.64,81.93140278315545,70.12833347296716,92.92789793348314
2025-03-11,MG92,76.64,80.26350524926185,68.46043593907356,91.26000039958954
2025-03-12,MG95,79.15,85.03234096062184,73.62734623682499,96.40482065391541
2025-03-12,MG95,79.15,83.50038281190396,72.09538808810711,94.87286250519753
2025-03-12,MG95,79.15,82.32912412512303,70.92412940132618,93.7016038184166
2025-03-12,MG92,77.74,83.09936691188813,71.4383584215641,93.98976505780219
2025-03-12,MG92,77.74,81.88983371090889,70.22882522058487,92.78023185682295
2025-03-12,MG92,77.74,80.23968475556374,68.57867626523972,91.1300829014778
2025-03-13,MG95,80.46,85.12362199866772,73.37373661124707,96.8537925055027
2025-03-13,MG95,80.46,83.5054784129858,71.75559302556515,95.23564891982078
2025-03-13,MG95,80.46,82.26795844209192,70.51807305467128,93.9981289489269
2025-03-13,MG92,79.08,83.04224379014968,70.99842935037613,94.25165772390365
2025-03-13,MG92,79.08,81.78581905889511,69.74200461912156,92.99523299264908
2025-03-13,MG92,79.08,80.1532691602707,68.10945472049714,91.36268309402466
2025-03-14,MG95,80.05,85.13295603203773,73.143190128088,97.0853711800575
2025-03-14,MG95,80.05,83.39807639074326,71.40831048679352,95.35049153876304
2025-03-14,MG95,80.05,82.18183739876747,70.19207149481774,94.13425254678725
2025-03-14,MG92,78.62,82.94052699017524,70.61080646562576,94.35975567269324
2025-03-14,MG92,78.62,81.6621895070076,69.33246898245811,93.08141818952559
2025-03-14,MG92,78.62,80.10202792453767,67.77230739998818,91.52125660705566
2025-03-17,MG95,81.04,85.17484552931785,72.76480463933943,97.58833104562758
2025-03-17,MG95,81.04,83.27621610999107,70.86617522001265,95.6897016263008
2025-03-17,MG95,81.04,81.94007069993019,69.53002980995177,94.35355621623992
2025-03-17,MG92,79.61,83.17078788471223,70.38645374250412,94.9913767464161
2025-03-17,MG92,79.61,81.61128633761406,68.82695219540595,93.43187519931793
2025-03-17,MG92,79.61,79.90395157027245,67.11961742806434,91.72454043197632
2025-03-18,MG95,81.95,85.2031957204342,73.11012669575216,97.28613978576661
2025-03-18,MG95,81.95,83.32641593360901,71.23334690892698,95.40935999894143
2025-03-18,MG95,81.95,82.03264136266708,69.93957233798504,94.11558542799949
2025-03-18,MG92,80.52,83.03384662151336,70.60438711524009,94.55968214988708
2025-03-18,MG92,80.52,81.65604941654206,69.22658991026879,93.18188494491578
2025-03-18,MG92,80.52,79.99818274068834,67.56872323441506,91.52401826906205
2025-03-19,MG95,80.27,85.10734728705883,72.63827895414829,97.58773294997215
2025-03-19,MG95,80.27,83.4433895329237,70.97432120001316,95.92377519583702
2025-03-19,MG95,80.27,81.89152684986591,69.42245851695537,94.37191251277923
2025-03-19,MG92,78.84,83.16241075372696,70.31546608304978,95.04031679010392
2025-03-19,MG92,78.84,81.67530942678451,68.82836475610733,93.55321546316146
2025-03-19,MG92,78.84,79.89080582427978,67.0438611536026,91.76871186065674
2025-03-20,MG95,80.97,85.1011487005949,72.20612378644942,98.01513944196701
2025-03-20,MG95,80.97,83.2026183053255,70.30759339118002,96.1166090466976
2025-03-20,MG95,80.97,81.85881368458271,68.96378877043723,94.77280442595482
2025-03-20,MG92,79.54,83.2345209259987,69.90021782112122,95.50451002669334
2025-03-20,MG92,79.54,81.50924007344246,68.17493696856498,93.7792291741371
2025-03-20,MG92,79.54,79.86693899273872,66.53263588786125,92.13692809343337
2025-03-21,MG95,81.9,85.17480539667606,71.90892263579369,98.49166455078127
2025-03-21,MG95,81.9,83.17562181079387,69.9097390499115,96.49248096489907
2025-03-21,MG95,81.9,81.98010617816448,68.7142234172821,95.29696533226968
2025-03-21,MG92,80.56,83.31170658588411,69.56692113876343,95.93499081373216
2025-03-21,MG92,80.56,81.53524698543549,67.79046153831482,94.15853121328354
2025-03-21,MG92,80.56,79.99348250484468,66.248697057724,92.61676673269272
2025-03-24,MG95,82.07,85.29714695763587,71.88886762452124,98.78709858489037
2025-03-24,MG95,82.07,83.10832013082504,69.7000407977104,96.59827175807953
2025-03-24,MG95,82.07,81.99824923110009,68.58996989798545,95.48820085835459
2025-03-24,MG92,80.73,83.17242826104165,69.28150826096535,95.93927784085272
2025-03-24,MG92,80.73,81.43784127807618,67.54692127799989,94.20469085788726
2025-03-24,MG92,80.73,80.03805210971832,66.14713210964203,92.8049016895294
2025-03-25,MG95,83.15,85.31823795425892,72.1164272813797,98.56676509785652
2025-03-25,MG95,83.15,83.22602342021464,70.02421274733543,96.47455056381224
2025-03-25,MG95,83.15,81.95861682808399,68.75680615520477,95.20714397168159
2025-03-25,MG92,81.91,83.29227915072441,69.61940633916855,95.85505719566346
2025-03-25,MG92,81.91,81.49846142554283,67.82558861398697,94.06123947048188
2025-03-25,MG92,81.91,79.987439753294,66.31456694173814,92.55021779823305
2025-03-26,MG95,83.45,85.21311642229557,71.64208359062673,98.87278723478319
2025-03-26,MG95,83.45,83.14021757447719,69.56918474280835,96.79988838696481
2025-03-26,MG95,83.45,81.89434141409396,68.32330858242511,95.55401222658158
2025-03-26,MG92,82.34,83.16596639513969,69.08877932310105,96.08505362987519
2025-03-26,MG92,82.34,81.36906766629218,67.29188059425354,94.28815490102768
2025-03-26,MG92,82.34,79.92195290207863,65.84476583003999,92.84104013681413
2025-03-27,MG95,83.88,85.43785647511481,71.67039841294287,99.32993255734442
2025-03-27,MG95,83.88,83.18494777989388,69.41748971772193,97.07702386212348
2025-03-27,MG95,83.88,81.77889435839653,68.01143629622459,95.67097044062614
2025-03-27,MG92,82.36,83.53406498122214,69.25023217487335,96.64819155979157
2025-03-27,MG92,82.36,81.4817926094532,67.1979598031044,94.59591918802262
2025-03-27,MG92,82.36,79.81216249680519,65.52832969045639,92.92628907537461
2025-03-28,MG95,84.1,85.2445622241497,71.41285372793674,99.18166303753851
2025-03-28,MG95,84.1,83.16061730384826,69.32890880763529,97.09771811723706
2025-03-28,MG95,84.1,81.8113110294342,67.97960253322123,95.748411842823
2025-03-28,MG92,82.41,83.36031100773812,68.98765082621576,96.52583160305024
2025-03-28,MG92,82.41,81.40527440619468,67.03261422467232,94.5707950015068
2025-03-28,MG92,82.41,79.90244306445122,65.52978288292886,93.06796365976334
2025-03-31,MG95,84.1,85.51221102046966,70.87983072626591,100.34527137207984
2025-03-31,MG95,84.1,83.15205669403076,68.519676399827,97.98511704564093
2025-03-31,MG95,84.1,81.66794115829467,67.03556086409091,96.50100150990484
2025-03-31,MG92,82.41,83.37564002490043,68.11585073566437,97.31751417851447
2025-03-31,MG92,82.41,81.48949921274186,66.2297099235058,95.4313733663559
2025-03-31,MG92,82.41,79.80774859285356,64.54795930361749,93.7496227464676
2025-04-01,MG95,85.57,85.45694373464585,71.39711536920072,99.64348441219329
2025-04-01,MG95,85.57,83.09361422610283,69.0337858606577,97.28015490365027
2025-04-01,MG95,85.57,81.74371911478042,67.68389074933529,95.93025979232786
2025-04-01,MG92,83.69,83.467440782547,68.83947499966621,96.85161837673186
2025-04-01,MG92,83.69,81.41759357500077,66.78962779211997,94.80177116918563
2025-04-01,MG92,83.69,79.77802190923691,65.15005612635612,93.16219950342177
2025-04-02,MG95,85.91,85.35603759276867,71.00054207015037,99.86217946577071
2025-04-02,MG95,85.91,83.08218071639538,68.72668519377709,97.58832258939742
2025-04-02,MG95,85.91,81.51205057919026,67.15655505657196,96.0181924521923
2025-04-02,MG92,84.03,83.48612637090682,68.5234346859455,97.1525661830902
2025-04-02,MG92,84.03,81.34287881088257,66.38018712592125,95.00931862306595
2025-04-02,MG92,84.03,79.59735819339753,64.63466650843621,93.26379800558091
2025-04-03,MG95,83.12,85.35100238656997,70.90637460982799,99.95102051830293
2025-04-03,MG95,83.12,83.01859678697585,68.57396901023387,97.6186149187088
2025-04-03,MG95,83.12,81.66104909992217,67.21642132318019,96.26106723165512
2025-04-03,MG92,81.61,83.4569890022278,68.39156426668168,97.20761763215066
2025-04-03,MG92,81.61,81.3041998398304,66.23877510428429,95.05482846975326
2025-04-03,MG92,81.61,79.77306993985177,64.70764520430565,93.52369856977462
2025-04-04,MG95,77.52,85.4556599421501,70.54336808931826,100.58153391432762
2025-04-04,MG95,77.52,83.16785305738449,68.25556120455265,98.293727029562
2025-04-04,MG95,77.52,81.7406353082657,66.82834345543385,96.86650928044321
2025-04-04,MG92,76.34,83.5600422077179,67.97383943128587,97.7663091366291
2025-04-04,MG92,76.34,81.3990243499279,65.81282157349587,95.6052912788391
2025-04-04,MG92,76.34,79.83877728152275,64.25257450509072,94.04504421043396
2025-04-07,MG95,72.28,83.12363852679728,67.60217266023157,98.92387963294982
2025-04-07,MG95,72.28,81.7607751098871,66.2393092433214,97.56101621603965
2025-04-07,MG95,72.28,81.71902660024165,66.19756073367594,97.51926770639419
2025-04-07,MG92,71.39,81.39929326629638,65.12211038088797,96.19651141262054
2025-04-07,MG92,71.39,79.917889441967,63.6407065565586,94.71510758829116
2025-04-07,MG92,71.39,80.50930275154114,64.23211986613273,95.3065208978653
2025-04-08,MG95,73.41,82.94931189906598,68.12756378185749,97.96637950134277
2025-04-08,MG95,73.41,81.41509956872463,66.59335145151614,96.43216717100142
2025-04-08,MG95,73.41,81.39657056701182,66.57482244980334,96.41363816928862
2025-04-08,MG92,72.72,81.25284781002998,65.7634299340248,95.36808304929733
2025-04-08,MG92,72.72,79.53275267672538,64.0433348007202,93.64798791599273
2025-04-08,MG92,72.72,79.99818653559684,64.50876865959167,94.1134217748642
2025-04-09,MG95,70.34,83.17888095724581,67.38965144503115,99.27356627631185
2025-04-09,MG95,70.34,81.57206644427775,65.78283693206309,97.6667517633438
2025-04-09,MG95,70.34,81.2204037169218,65.43117420470713,97.31508903598784
2025-04-09,MG92,68.86,81.42085656023025,64.8367741189003,96.47777394151686
2025-04-09,MG92,68.86,79.70190887260438,63.11782643127442,94.75882625389099
2025-04-09,MG92,68.86,79.83217190408708,63.24808946275712,94.88908928537369
2025-04-10,MG95,72.44,82.8957479596138,67.29126456022263,98.77172498464584
2025-04-10,MG95,72.44,81.37117170453071,65.76668830513954,97.24714872956275
2025-04-10,MG95,72.44,81.55664401888848,65.9521606194973,97.43262104392052
2025-04-10,MG92,70.96,81.24812827777862,64.86685276460648,96.1199332280159
2025-04-10,MG92,70.96,79.59722834014892,63.215952826976775,94.4690332903862
2025-04-10,MG92,70.96,80.1343394370079,63.753063923835754,95.00614438724517
2025-04-11,MG95,71.93,83.02388907825946,67.39597100949287,98.94567046141624
2025-04-11,MG95,71.93,81.48201459825039,65.8540965294838,97.40379598140717
2025-04-11,MG95,71.93,81.3417892717123,65.71387120294571,97.26357065486908
2025-04-11,MG92,70.37,81.26376041626929,64.86738459920882,96.16581096029283
2025-04-11,MG92,70.37,79.64734560370445,63.25096978664398,94.54939614772799
2025-04-11,MG92,70.37,79.91082696700096,63.514451149940484,94.8128775110245
2025-04-14,MG95,74.29,82.88210601639747,67.51424704444409,98.51538975310325
2025-04-14,MG95,74.29,81.38705540156364,66.01919642961026,97.02033913826942
2025-04-14,MG95,74.29,81.31626396131514,65.94840498936176,96.94954769802092
2025-04-14,MG92,72.8,81.2043219013214,65.10386405539512,95.8534561009407
2025-04-14,MG92,72.8,79.54850796175003,63.44805011582375,94.19764216136933
2025-04-14,MG92,72.8,79.9047959575653,63.80433811163901,94.5539301571846
2025-04-15,MG95,74.65,82.88139568960665,66.74772392666338,99.36526263689993
2025-04-15,MG95,74.65,81.34367701685427,65.210005253911,97.82754396414755
2025-04-15,MG95,74.65,81.34484732186793,65.21117555892467,97.82871426916121
2025-04-15,MG92,73.16,81.28631240272523,64.31184636855126,96.68179449224475
2025-04-15,MG92,73.16,79.60383498287202,62.629368948698044,94.99931707239153
2025-04-15,MG92,73.16,79.94675562620164,62.972289592027664,95.34223771572115
2025-04-16,MG95,75.04,82.96843263256548,67.16061436760424,99.07972961115834
2025-04-16,MG95,75.04,81.37513078916072,65.56731252419948,97.48642776775358
2025-04-16,MG95,75.04,81.11419224894045,65.30637398397921,97.22548922753332
2025-04-16,MG92,73.79,81.30489662313461,64.69725650811195,96.3784488310814
2025-04-16,MG92,73.79,79.59627525186539,62.98863513684273,94.66982745981218
2025-04-16,MG92,73.79,79.79867150640487,63.19103139138221,94.87222371435166
2025-04-17,MG95,76.74,82.99549740815162,66.60511435830593,99.7677804722786
2025-04-17,MG95,76.74,81.226350025177,64.8359669753313,97.99863308930398
2025-04-17,MG95,76.74,81.4240718472004,65.0336887973547,98.19635491132738
2025-04-17,MG92,74.96,81.31539335870742,64.04769851708413,96.96308701181411
2025-04-17,MG92,74.96,79.50456058788299,62.236865746259696,95.15225424098968
2025-04-17,MG92,74.96,80.05174864053726,62.78405379891396,95.69944229364394
2025-04-21,MG95,76.84,82.73142705416679,66.57056516385079,99.25154920315742
2025-04-21,MG95,76.84,81.2474042301178,65.0865423398018,97.76752637910843
2025-04-21,MG95,76.84,81.21367502117157,65.05281313085557,97.7337971701622
2025-04-21,MG92,75.54,81.07435532021523,64.07218290257454,96.49855347919464
2025-04-21,MG92,75.54,79.49843793654442,62.496265518903726,94.92263609552383
2025-04-21,MG92,75.54,79.8500055897236,62.8478331720829,95.274203748703
2025-04-22,MG95,77.15,82.98920434081555,66.2425470545292,100.18205284023287
2025-04-22,MG95,77.15,81.22831188619136,64.48165459990501,98.42116038560869
2025-04-22,MG95,77.15,81.18077619373798,64.43411890745163,98.3736246931553
2025-04-22,MG92,75.85,81.21190854191781,63.54712219357491,97.2172159790993
2025-04-22,MG92,75.85,79.48109676718713,61.816310418844225,95.48640420436861
2025-04-22,MG92,75.85,79.8945381166935,62.229751768350596,95.89984555387498
2025-04-23,MG95,78.76,82.7883867021799,66.52337072575092,99.42493824028968
2025-04-23,MG95,78.76,81.07532364284992,64.81030766642094,97.7118751809597
2025-04-23,MG95,78.76,81.13170979750156,64.86669382107257,97.76826133561133
2025-04-23,MG92,77.55,81.15092750668525,64.02950717449188,96.67721391677856
2025-04-23,MG92,77.55,79.38314006352425,62.261719731330885,94.90942647361756
2025-04-23,MG92,77.55,79.7331773340702,62.61175700187684,95.25946374416351
2025-04-24,MG95,77.62,82.85758904135227,66.24406962013244,99.8852585361004
2025-04-24,MG95,77.62,81.02423711836339,64.41071769714355,98.05190661311151
2025-04-24,MG95,77.62,81.2750398632288,64.66152044200896,98.30270935797692
2025-04-24,MG92,76.19,81.19442897796631,63.67368283390999,97.0633238387108
2025-04-24,MG92,76.19,79.33565399408342,61.8149078500271,95.2045488548279
2025-04-24,MG92,76.19,79.86317564582825,62.34242950177193,95.73207050657274
2025-04-25,MG95,78.45,83.05435261976719,66.45089191508293,100.08103356790541
2025-04-25,MG95,78.45,82.9223072515726,66.31884654688835,99.94898819971083
2025-04-25,MG95,78.45,82.90975169050694,66.30629098582268,99.93643263864516
2025-04-25,MG95,78.45,83.0100025461912,66.40654184150695,100.03668349432942
2025-04-25,MG95,78.45,81.15550597321987,64.55204526853562,98.1821869213581
2025-04-25,MG95,78.45,81.04940787255764,64.44594716787338,98.07608882069586
2025-04-25,MG95,78.45,80.98036305892467,64.37690235424041,98.00704400706289
2025-04-25,MG95,78.45,80.76536394059657,64.16190323591232,97.7920448887348
2025-04-25,MG95,78.45,80.88412963807582,64.28066893339157,97.91081058621404
2025-04-25,MG95,78.45,80.97830388200282,64.37484317731857,98.00498483014104
2025-04-25,MG95,78.45,80.57714015901088,63.97367945432663,97.6038211071491
2025-04-25,MG95,78.45,80.64129375207423,64.03783304738998,97.66797470021245
2025-04-25,MG92,76.62,81.29893547701836,63.79564890313149,97.16143732595444
2025-04-25,MG92,76.62,81.22558228945732,63.72229571557045,97.0880841383934
2025-04-25,MG92,76.62,81.28185278964042,63.77856621575356,97.1443546385765
2025-04-25,MG92,76.62,81.24304285931588,63.73975628542901,97.10554470825195
2025-04-25,MG92,76.62,79.39385445570946,61.89056788182259,95.25635630464554
2025-04-25,MG92,76.62,79.29260207533837,61.7893155014515,95.15510392427444
2025-04-25,MG92,76.62,79.2986238462925,61.79533727240563,95.16112569522858
2025-04-25,MG92,76.62,79.09974940037728,61.59646282649041,94.96225124931335
2025-04-25,MG92,76.62,79.51263570952416,62.009349135637294,95.37513755846024
2025-04-25,MG92,76.62,79.60987206053734,62.106585486650474,95.47237390947342
2025-04-25,MG92,76.62,79.2781247241497,61.77483815026284,95.14062657308578
2025-04-25,MG92,76.62,79.16980586075783,61.666519286870965,95.03230770969391
2025-04-25,MG95,78.45,83.08617974412441,66.30196278226374,100.32577528786659
2025-04-25,MG95,78.45,82.95413437592983,66.16991741406916,100.19372991967201
2025-04-25,MG95,78.45,82.94157881486416,66.1573618530035,100.18117435860634
2025-04-25,MG95,78.45,83.04182967054844,66.25761270868777,100.28142521429062
2025-04-25,MG95,78.45,81.1873330975771,64.40311613571643,98.42692864131928
2025-04-25,MG95,78.45,81.08123499691486,64.2970180350542,98.32083054065704
2025-04-25,MG95,78.45,81.0121901832819,64.22797322142124,98.25178572702409
2025-04-25,MG95,78.45,80.79719106495381,64.01297410309314,98.03678660869599
2025-04-25,MG95,78.45,80.91595676243305,64.13173980057239,98.15555230617524
2025-04-25,MG95,78.45,81.01013100636006,64.22591404449939,98.24972655010224
2025-04-25,MG95,78.45,80.60896728336812,63.82475032150745,97.8485628271103
2025-04-25,MG95,78.45,80.67312087643147,63.888903914570804,97.91271642017365
2025-04-25,MG92,76.62,81.33641482114793,63.63106108903885,97.38023528099059
2025-04-25,MG92,76.62,81.26306163358689,63.55770790147781,97.30688209342955
2025-04-25,MG92,76.62,81.31933213376999,63.613978401660916,97.36315259361265
2025-04-25,MG92,76.62,81.28052220344544,63.57516847133637,97.3243426632881
2025-04-25,MG92,76.62,79.43133379983902,61.72598006772995,95.47515425968169
2025-04-25,MG92,76.62,79.33008141946793,61.624727687358856,95.3739018793106
2025-04-25,MG92,76.62,79.33610319042207,61.63074945831299,95.37992365026473
2025-04-25,MG92,76.62,79.13722874450684,61.43187501239777,95.1810492043495
2025-04-25,MG92,76.62,79.55011505365373,61.84476132154465,95.59393551349639
2025-04-25,MG92,76.62,79.6473514046669,61.94199767255783,95.69117186450957
2025-04-25,MG92,76.62,79.31560406827927,61.610250336170196,95.35942452812193
2025-04-25,MG92,76.62,79.2072852048874,61.501931472778324,95.25110566473006
2025-04-25,MG95,78.45,83.14563012194633,65.89027897965907,100.92337719154357
2025-04-25,MG95,78.45,83.01358475375174,65.75823361146449,100.79133182334898
2025-04-25,MG95,78.45,83.00102919268608,65.74567805039882,100.77877626228332
2025-04-25,MG95,78.45,83.10128004837036,65.8459289060831,100.8790271179676
2025-04-25,MG95,78.45,81.24678347539901,63.99143233311176,99.02453054499625
2025-04-25,MG95,78.45,81.14068537473678,63.88533423244952,98.91843244433402
2025-04-25,MG95,78.45,81.07164056110382,63.81628941881657,98.84938763070106
2025-04-25,MG95,78.45,80.85664144277573,63.60129030048847,98.63438851237296
2025-04-25,MG95,78.45,80.97540714025497,63.72005599796772,98.75315420985221
2025-04-25,MG95,78.45,81.06958138418197,63.81423024189472,98.84732845377921
2025-04-25,MG95,78.45,80.66841766119003,63.41306651890278,98.44616473078727
2025-04-25,MG95,78.45,80.73257125425339,63.47722011196613,98.51031832385063
2025-04-25,MG92,76.62,81.4133768863678,63.16888082456589,97.92525178384781
2025-04-25,MG92,76.62,81.34002369880676,63.09552763700485,97.85189859628677
2025-04-25,MG92,76.62,81.39629419898986,63.15179813718795,97.90816909646988
2025-04-25,MG92,76.62,81.35748426866532,63.112988206863406,97.86935916614533
2025-04-25,MG92,76.62,79.5082958650589,61.26379980325699,96.02017076253891
2025-04-25,MG92,76.62,79.4070434846878,61.16254742288589,95.91891838216782
2025-04-25,MG92,76.62,79.41306525564194,61.16856919384003,95.92494015312195
2025-04-25,MG92,76.62,79.21419080972672,60.969694747924805,95.72606570720673
2025-04-25,MG92,76.62,79.6270771188736,61.38258105707169,96.13895201635361
2025-04-25,MG92,76.62,79.72431346988678,61.47981740808487,96.2361883673668
2025-04-25,MG92,76.62,79.39256613349914,61.148070071697234,95.90444103097916
2025-04-25,MG92,76.62,79.28424727010727,61.03975120830536,95.79612216758728
2025-04-25,MG95,78.45,83.17378229880333,65.7758460470438,101.12316959524154
2025-04-25,MG95,78.45,83.04173693060875,65.64380067884922,100.99112422704695
2025-04-25,MG95,78.45,83.02918136954307,65.63124511778354,100.97856866598127
2025-04-25,MG95,78.45,83.12943222522736,65.73149597346783,101.07881952166557
2025-04-25,MG95,78.45,81.27493565225602,63.87699940049649,99.22432294869422
2025-04-25,MG95,78.45,81.16883755159378,63.77090129983425,99.11822484803199
2025-04-25,MG95,78.45,81.09979273796083,63.701856486201294,99.04918003439903
2025-04-25,MG95,78.45,80.88479361963272,63.486857367873185,98.83418091607092
2025-04-25,MG95,78.45,81.00355931711198,63.60562306535245,98.95294661355018
2025-04-25,MG95,78.45,81.09773356103898,63.69979730927945,99.04712085747718
2025-04-25,MG95,78.45,80.69656983804703,63.298633586287494,98.64595713448523
2025-04-25,MG95,78.45,80.76072343111039,63.36278717935086,98.7101107275486
2025-04-25,MG92,76.62,81.4459947423935,63.0426430838108,98.10253464984893
2025-04-25,MG92,76.62,81.37264155483246,62.96928989624976,98.0291814622879
2025-04-25,MG92,76.62,81.42891205501556,63.025560396432866,98.085451962471
2025-04-25,MG92,76.62,81.39010212469101,62.98675046610832,98.04664203214645
2025-04-25,MG92,76.62,79.54091372108459,61.1375620625019,96.19745362854003
2025-04-25,MG92,76.62,79.43966134071351,61.03630968213082,96.09620124816895
2025-04-25,MG92,76.62,79.44568311166763,61.04233145308494,96.10222301912307
2025-04-25,MG92,76.62,79.24680866575241,60.84345700716972,95.90334857320785
2025-04-25,MG92,76.62,79.6596949748993,61.2563433163166,96.31623488235473
2025-04-25,MG92,76.62,79.75693132591248,61.35357966732978,96.41347123336791
2025-04-25,MG92,76.62,79.42518398952484,61.021832330942146,96.08172389698028
2025-04-25,MG92,76.62,79.31686512613297,60.913513467550274,95.9734050335884
2025-04-28,MG95,78.17,82.99902865970134,65.7037280049324,100.806498370409
2025-04-28,MG95,78.17,80.93429122817516,63.63899057340622,98.74176093888282
2025-04-28,MG95,78.17,80.72556773436068,63.430267079591744,98.53303744506835
2025-04-28,MG92,76.29,81.29757689952851,62.99838784694671,97.84412101507186
2025-04-28,MG92,76.29,79.26443766260147,60.96524861001967,95.81098177814482
2025-04-28,MG92,76.29,79.33968124628068,61.04049219369888,95.88622536182403
2025-04-29,MG95,76.83,83.01461304605007,65.83112516582013,100.70165332078933
2025-04-29,MG95,76.83,81.03289503228665,63.8494071520567,98.7199353070259
2025-04-29,MG95,76.83,80.87725876200199,63.69377088177204,98.56429903674125
2025-04-29,MG92,75.3,81.45071327495575,63.28378309059143,97.8883412628174
2025-04-29,MG92,75.3,79.35629261398314,61.189362429618825,95.7939206018448
2025-04-29,MG92,75.3,79.50084387254714,61.33391368818282,95.9384718604088
2025-04-30,MG95,74.78,83.23539830708503,65.587594160676,101.4807075407505
2025-04-30,MG95,74.78,80.94342177557945,63.29561762917042,99.18873100924492
2025-04-30,MG95,74.78,80.93823757767677,63.29043343126774,99.18354681134224
2025-04-30,MG92,73.34,81.53854795885086,62.85332396101951,98.4473494143486
2025-04-30,MG92,73.34,79.25548184251785,60.57025784468651,96.16428329801559
2025-04-30,MG92,73.34,79.59082616043091,60.905602162599564,96.49962761592865
2025-03-10,MG95,78.55,81.71861533427239,79.99317039513588,83.44068326497079
2025-03-10,MG95,78.55,80.30931690049171,78.5838719613552,82.03138483119011
2025-03-10,MG95,78.55,78.88078784394264,77.15534290480613,80.60285577464104
2025-03-10,MG92,77.31,79.42334509944916,79.00232585287095,82.38690158581734
2025-03-10,MG92,77.31,78.31531014323235,77.89429089665414,81.27886662960053
2025-03-10,MG92,77.31,76.48019576382637,76.05917651724816,79.44375225019455
2025-03-11,MG95,77.98,81.8866396164894,79.04580631256103,84.42108444929123
2025-03-11,MG95,77.98,80.28735687828063,77.44652357435226,82.82180171108246
2025-03-11,MG95,77.98,79.07736913347244,76.23653582954407,81.61181396627427
2025-03-11,MG92,76.64,79.58778710269928,77.87018751764298,83.20205182695389
2025-03-11,MG92,76.64,78.34052659606934,76.62292701101303,81.95479132032395
2025-03-11,MG92,76.64,76.67262906217576,74.95502947711945,80.28689378643037
2025-03-12,MG95,79.15,81.78453706884385,78.33026549184322,84.74435363674164
2025-03-12,MG95,79.15,80.25257892012596,76.79830734312533,83.21239548802374
2025-03-12,MG95,79.15,79.08132023334502,75.6270486563444,82.04113680124281
2025-03-12,MG92,77.74,79.5684895632267,77.12368909811974,83.5218987390995
2025-03-12,MG92,77.74,78.35895636224747,75.9141558971405,82.31236553812026
2025-03-12,MG92,77.74,76.70880740690232,74.26400694179536,80.66221658277512
2025-03-13,MG95,80.46,81.82853491616248,77.92141119790077,85.27677947115897
2025-03-13,MG95,80.46,80.21039133048058,76.30326761221886,83.65863588547707
2025-03-13,MG95,80.46,78.97287135958672,75.065747641325,82.42111591458321
2025-03-13,MG92,79.08,79.39725577926637,76.76592907762529,83.92875313138963
2025-03-13,MG92,79.08,78.14083104801179,75.5095043463707,82.67232840013504
2025-03-13,MG92,79.08,76.50828114938737,73.87695444774629,81.03977850151063
2025-03-14,MG95,80.05,81.92653963422775,77.43540451920033,85.5977136490345
2025-03-14,MG95,80.05,80.19165999293327,75.70052487790585,83.86283400774002
2025-03-14,MG95,80.05,78.97542100095748,74.48428588593006,82.64659501576423
2025-03-14,MG92,78.62,79.4675267252922,75.81126469111442,84.00631499028205
2025-03-14,MG92,78.62,78.18918924212456,74.53292720794677,82.7279775071144
2025-03-14,MG92,78.62,76.62902765965462,72.97276562547684,81.16781592464447
2025-03-17,MG95,81.04,81.99251011419295,75.91832255887984,86.7904605166912
2025-03-17,MG95,81.04,80.09388069486619,74.01969313955307,84.89183109736443
2025-03-17,MG95,81.04,78.7577352848053,72.68354772949219,83.55568568730355
2025-03-17,MG92,79.61,79.72599442219735,74.34083165860177,85.27281448101998
2025-03-17,MG92,79.61,78.16649287509918,72.7813301115036,83.71331293392181
2025-03-17,MG92,79.61,76.45915810775757,71.073995344162,82.0059781665802
2025-03-18,MG95,81.95,81.98646986961364,75.91411621749401,87.06029371976852
2025-03-18,MG95,81.95,80.10969008278846,74.03733643066883,85.18351393294334
2025-03-18,MG95,81.95,78.81591551184654,72.74356185972691,83.88973936200142
2025-03-18,MG92,80.52,79.45864272618294,74.60057304406168,85.4923571958542
2025-03-18,MG92,80.52,78.08084552121163,73.22277583909036,84.11455999088288
2025-03-18,MG92,80.52,76.4229788453579,71.56490916323663,82.45669331502916
2025-03-19,MG95,80.27,81.85267570495606,75.84219635188579,86.86016948103905
2025-03-19,MG95,80.27,80.18871795082092,74.17823859775065,85.19621172690391
2025-03-19,MG95,80.27,78.63685526776314,72.62637591469287,83.64434904384613
2025-03-19,MG92,78.84,79.5499355506897,74.71448192238807,85.50399140596389
2025-03-19,MG92,78.84,78.06283422374726,73.22738059544564,84.01689007902145
2025-03-19,MG92,78.84,76.27833062124253,71.44287699294091,82.23238647651672
2025-03-20,MG95,80.97,81.90803368806839,74.50237613081931,87.89342468261718
2025-03-20,MG95,80.97,80.009503292799,72.60384573554992,85.99489428734779
2025-03-20,MG95,80.97,78.6656986720562,71.26004111480712,84.65108966660499
2025-03-20,MG92,79.54,79.68987276721002,73.30575858521462,86.51584655213357
2025-03-20,MG92,79.54,77.96459191465378,71.58047773265838,84.79056569957733
2025-03-20,MG92,79.54,76.32229083395005,69.93817665195465,83.1482646188736
2025-03-21,MG95,81.9,81.85073777031899,75.59792992007732,87.09882463645936
2025-03-21,MG95,81.9,79.8515541844368,73.59874633419513,85.09964105057716
2025-03-21,MG95,81.9,78.6560385518074,72.40323070156573,83.90412541794777
2025-03-21,MG92,80.56,79.5864116613865,74.62500739860536,85.81816916513445
2025-03-21,MG92,80.56,77.80995206093789,72.84854779815674,84.04170956468583
2025-03-21,MG92,80.56,76.26818758034707,71.30678331756593,82.49994508409502
2025-03-24,MG95,82.07,81.97861848807335,74.81742820000647,87.91828854060172
2025-03-24,MG95,82.07,79.78979166126251,72.62860137319564,85.72946171379088
2025-03-24,MG95,82.07,78.67972076153755,71.51853047347068,84.61939081406592
2025-03-24,MG92,80.73,79.4422301518917,73.58172189354897,86.33688259243965
2025-03-24,MG92,80.73,77.70764316892624,71.8471349105835,84.60229560947418
2025-03-24,MG92,80.73,76.30785400056838,70.44734574222565,83.20250644111633
2025-03-25,MG95,83.15,82.10881633186341,73.80963048362733,88.8868005874157
2025-03-25,MG95,83.15,80.01660179781913,71.71741594958306,86.79458605337143
2025-03-25,MG95,83.15,78.74919520568847,70.45000935745239,85.52717946124076
2025-03-25,MG92,81.91,79.67434175992013,72.62744276189805,87.35395801448823
2025-03-25,MG92,81.91,77.88052403473854,70.83362503671647,85.56014028930664
2025-03-25,MG92,81.91,76.36950236248971,69.32260336446764,84.04911861705781
2025-03-26,MG95,83.45,81.96227360200882,73.567007173419,88.76287443351745
2025-03-26,MG95,83.45,79.88937475419044,71.49410832560062,86.68997558569907
2025-03-26,MG95,83.45,78.64349859380722,70.2482321652174,85.44409942531586
2025-03-26,MG92,82.34,79.51572952651978,72.27089761519433,87.17789622688294
2025-03-26,MG92,82.34,77.71883079767227,70.47399888634682,85.38099749803543
2025-03-26,MG92,82.34,76.27171603345872,69.02688412213327,83.93388273382187
2025-03-27,MG95,83.88,82.18143810868264,73.24527811467648,89.33018036842347
2025-03-27,MG95,83.88,79.92852941346169,70.99236941945553,87.07727167320252
2025-03-27,MG95,83.88,78.52247599196434,69.58631599795818,85.67121825170517
2025-03-27,MG92,82.36,79.89101165199281,71.9814723994732,87.84275010252001
2025-03-27,MG92,82.36,77.83873928022385,69.92920002770424,85.79047773075105
2025-03-27,MG92,82.36,76.16910916757584,68.25956991505623,84.12084761810304
2025-03-28,MG95,84.1,82.01756396341324,72.8301123290062,89.3971528916359
2025-03-28,MG95,84.1,79.9336190431118,70.74616740870476,87.31320797133446
2025-03-28,MG95,84.1,78.58431276869774,69.3968611342907,85.9639016969204
2025-03-28,MG92,82.41,79.72706037569046,71.64278239774704,87.9311772851944
2025-03-28,MG92,82.41,77.77202377414703,69.68774579620361,85.97614068365097
2025-03-28,MG92,82.41,76.26919243240357,68.18491445446016,84.47330934190751
2025-03-31,MG95,84.1,82.24407789874077,71.77573165404797,90.58350643086433
2025-03-31,MG95,84.1,79.88392357230185,69.41557732760906,88.22335210442542
2025-03-31,MG95,84.1,78.39980803656579,67.93146179187299,86.73923656868935
2025-03-31,MG92,82.41,79.67425745368004,70.26416666030885,88.79479026198388
2025-03-31,MG92,82.41,77.78811664152146,68.37802584815026,86.90864944982529
2025-03-31,MG92,82.41,76.10636602163315,66.69627522826195,85.22689882993699
2025-04-01,MG95,85.57,82.23254123282433,72.41274476838112,90.12604518127442
2025-04-01,MG95,85.57,79.86921172428131,70.0494152598381,87.7627156727314
2025-04-01,MG95,85.57,78.5193166129589,68.69952014851569,86.41282056140899
2025-04-01,MG92,83.69,79.81420993566513,71.15715252041817,88.5383905506134
2025-04-01,MG92,83.69,77.7643627281189,69.10730531287193,86.48854334306716
2025-04-01,MG92,83.69,76.12479106235506,67.46773364710809,84.84897167730333
2025-04-02,MG95,85.91,82.13949614453315,71.67042290496826,90.53094936776161
2025-04-02,MG95,85.91,79.86563926815987,69.39656602859498,88.25709249138832
2025-04-02,MG95,85.91,78.29550913095474,67.82643589138985,86.6869623541832
2025-04-02,MG92,84.03,79.82596850252152,70.51570219016075,89.03233127689361
2025-04-02,MG92,84.03,77.68272094249726,68.37245463013649,86.88908371686935
2025-04-02,MG92,84.03,75.93720032501221,66.62693401265145,85.14356309938431
2025-04-03,MG95,83.12,82.16918105721473,71.03819540262221,91.06390234351157
2025-04-03,MG95,83.12,79.83677545762063,68.70578980302811,88.73149674391748
2025-04-03,MG95,83.12,78.47922777056695,67.34824211597443,87.3739490568638
2025-04-03,MG92,81.61,79.82429588484766,69.83214339065553,89.51357495713235
2025-04-03,MG92,81.61,77.67150672245026,67.67935422825813,87.36078579473495
2025-04-03,MG92,81.61,76.14037682247164,66.14822432827951,85.82965589475633
2025-04-04,MG95,77.52,82.1765024728775,71.69235933315754,90.52177510571481
2025-04-04,MG95,77.52,79.88869558811187,69.40455244839191,88.23396822094918
2025-04-04,MG95,77.52,78.46147783899306,67.9773346992731,86.80675047183037
2025-04-04,MG92,76.34,79.83952582669258,70.40142306160926,88.9614810283184
2025-04-04,MG92,76.34,77.6785079689026,68.24040520381928,86.80046317052842
2025-04-04,MG92,76.34,76.11826090049743,66.68015813541412,85.24021610212326
2025-04-07,MG95,72.28,79.84758820676802,68.17920325243472,89.09459713721273
2025-04-07,MG95,72.28,78.48472478985786,66.81633983552456,87.73173372030257
2025-04-07,MG95,72.28,78.4429762802124,66.7745913258791,87.68998521065711
2025-04-07,MG92,71.39,77.6533834733963,66.99422027850152,87.64331061029435
2025-04-07,MG92,71.39,76.17197964906693,65.51281645417214,86.16190678596497
2025-04-07,MG92,71.39,76.76339295864105,66.10422976374626,86.7533200955391
2025-04-08,MG95,73.41,79.78932305979728,67.94843394804,89.07675290513039
2025-04-08,MG95,73.41,78.25511072945594,66.41422161769866,87.54254057478904
2025-04-08,MG95,73.41,78.23658172774314,66.39569261598587,87.52401157307625
2025-04-08,MG92,72.72,77.66689064836503,66.66166374659538,87.63956553077698
2025-04-08,MG92,72.72,75.94679551506043,64.94156861329078,85.91947039747238
2025-04-08,MG92,72.72,76.4122293739319,65.40700247216225,86.38490425634384
2025-04-09,MG95,70.34,79.91675285053253,67.6270405561924,89.63668367099763
2025-04-09,MG95,70.34,78.30993833756446,66.02022604322433,88.02986915802956
2025-04-09,MG95,70.34,77.9582756102085,65.66856331586837,87.6782064306736
2025-04-09,MG92,68.86,77.67545034885407,66.3649044263363,88.11875388622285
2025-04-09,MG92,68.86,75.95650266122819,64.64595673871041,86.39980619859696
2025-04-09,MG92,68.86,76.08676569271088,64.77621977019311,86.53006923007966
2025-04-10,MG95,72.44,79.6805624063015,67.21842099916935,89.53635215234756
2025-04-10,MG95,72.44,78.15598615121841,65.69384474408626,88.01177589726447
2025-04-10,MG95,72.44,78.34145846557618,65.87931705844403,88.19724821162224
2025-04-10,MG92,70.96,77.5523110113144,66.06819180822373,88.12845690822601
2025-04-10,MG92,70.96,75.9014110736847,64.41729187059403,86.47755697059631
2025-04-10,MG92,70.96,76.43852217054368,64.954402967453,87.01466806745529
2025-04-11,MG95,71.93,79.7889892039299,67.16536581969261,89.79935213065147
2025-04-11,MG95,71.93,78.24711472392082,65.62349133968353,88.25747765064239
2025-04-11,MG95,71.93,78.10688939738273,65.48326601314544,88.1172523241043
2025-04-11,MG92,70.37,77.54021160411835,65.94357650089265,88.28319964933397
2025-04-11,MG92,70.37,75.9237967915535,64.32716168832779,86.66678483676911
2025-04-11,MG92,70.37,76.18727815485,64.5906430516243,86.93026620006562
2025-04-14,MG95,74.29,79.74843906998635,66.05449162244797,90.58894571542739
2025-04-14,MG95,74.29,78.25338845515252,64.55944100761414,89.09389510059356
2025-04-14,MG95,74.29,78.18259701490402,64.48864956736564,89.02310366034506
2025-04-14,MG92,72.8,77.58163511800767,64.86335570144654,89.12359525728226
2025-04-14,MG92,72.8,75.9258211784363,63.20754176187516,87.46778131771089
2025-04-14,MG92,72.8,76.28210917425156,63.56382975769043,87.82406931352615
2025-04-15,MG95,74.65,79.65392929291724,66.12833040630817,90.35052847599982
2025-04-15,MG95,74.65,78.11621062016486,64.59061173355579,88.81280980324745
2025-04-15,MG95,74.65,78.11738092517852,64.59178203856945,88.8139801082611
2025-04-15,MG92,73.16,77.54833049583435,64.98396780180931,88.94468344259262
2025-04-15,MG92,73.16,75.86585307598114,63.3014903819561,87.2622060227394
2025-04-15,MG92,73.16,76.20877371931076,63.64441102528572,87.60512666606903
2025-04-16,MG95,75.04,79.80746071720122,66.03989448571205,90.67262890481949
2025-04-16,MG95,75.04,78.21415887379646,64.4465926423073,89.07932706141473
2025-04-16,MG95,75.04,77.9532203335762,64.18565410208703,88.81838852119446
2025-04-16,MG92,73.79,77.64617408275605,64.79176244854928,89.19420921802522
2025-04-16,MG92,73.79,75.93755271148682,63.08314107728005,87.48558784675599
2025-04-16,MG92,73.79,76.13994896602631,63.28553733181954,87.68798410129548
2025-04-17,MG95,76.74,79.73217877650261,66.32504253172874,90.32144537472723
2025-04-17,MG95,76.74,77.96303139352798,64.55589514875412,88.55229799175261
2025-04-17,MG95,76.74,78.16075321555138,64.75361697077751,88.750019813776
2025-04-17,MG92,74.96,77.53714814424515,65.06973302602768,88.82165509223938
2025-04-17,MG92,74.96,75.72631537342072,63.258900255203244,87.01082232141495
2025-04-17,MG92,74.96,76.27350342607498,63.80608830785751,87.55801037406921
2025-04-21,MG95,76.84,79.53148693299293,65.52302743291855,90.57249407386779
2025-04-21,MG95,76.84,78.04746410894394,64.03900460886956,89.0884712498188
2025-04-21,MG95,76.84,78.0137348999977,64.00527539992332,89.05474204087255
2025-04-21,MG92,75.54,77.36631937646865,64.2367388715744,89.07762691164017
2025-04-21,MG92,75.54,75.79040199279785,62.660821487903604,87.50170952796937
2025-04-21,MG92,75.54,76.14196964597703,63.01238914108278,87.85327718114854
2025-04-22,MG95,77.15,79.68764164471625,65.86056502008437,90.62432736659049
2025-04-22,MG95,77.15,77.92674919009208,64.0996725654602,88.86343491196632
2025-04-22,MG95,77.15,77.8792134976387,64.05213687300682,88.81589921951294
2025-04-22,MG92,75.85,77.37595529079437,64.50364444255828,89.00636994123458
2025-04-22,MG92,75.85,75.6451435160637,62.772832667827615,87.27555816650391
2025-04-22,MG92,75.85,76.05858486557007,63.186274017333986,87.68899951601028
2025-04-23,MG95,78.76,79.59997855877876,65.29038840210437,90.86136364197729
2025-04-23,MG95,78.76,77.88691549944878,63.57732534277439,89.14830058264731
2025-04-23,MG95,78.76,77.94330165410041,63.63371149742602,89.20468673729894
2025-04-23,MG92,77.55,77.45088224840164,63.97709173631668,89.3672621936798
2025-04-23,MG92,77.55,75.68309480524064,62.20930429315568,87.59947475051881
2025-04-23,MG92,77.55,76.0331320757866,62.559341563701636,87.94951202106476
2025-04-24,MG95,77.62,79.71138776636124,64.15573777949811,92.02321946597101
2025-04-24,MG95,77.62,77.87803584337234,62.322385856509214,90.18986754298211
2025-04-24,MG95,77.62,78.12883858823776,62.573188601374625,90.44067028784752
2025-04-24,MG92,76.19,77.49736080789566,62.81372841978073,90.459686211586
2025-04-24,MG92,76.19,75.63858582401276,60.954953435897835,88.60091122770311
2025-04-24,MG92,76.19,76.1661074757576,61.48247508764267,89.12843287944794
2025-04-25,MG95,78.45,79.77602322888374,65.93847787809372,90.71812154483796
2025-04-25,MG95,78.45,79.64397786068916,65.80643250989914,90.58607617664337
2025-04-25,MG95,78.45,79.6314222996235,65.79387694883347,90.5735206155777
2025-04-25,MG95,78.45,79.73167315530776,65.89412780451774,90.67377147126197
2025-04-25,MG95,78.45,77.87717658233643,64.03963123154641,88.81927489829064
2025-04-25,MG95,78.45,77.7710784816742,63.93353313088417,88.7131767976284
2025-04-25,MG95,78.45,77.70203366804122,63.8644883172512,88.64413198399544
2025-04-25,MG95,78.45,77.48703454971313,63.649489198923106,88.42913286566734
2025-04-25,MG95,78.45,77.60580024719238,63.768254896402354,88.54789856314659
2025-04-25,MG95,78.45,77.69997449111938,63.862429140329354,88.64207280707359
2025-04-25,MG95,78.45,77.29881076812744,63.461265417337415,88.24090908408165
2025-04-25,MG95,78.45,77.36296436119079,63.52541901040077,88.305062677145
2025-04-25,MG92,76.62,77.49151364707947,64.60323069834709,89.1256724038124
2025-04-25,MG92,76.62,77.41816045951845,64.52987751078606,89.05231921625138
2025-04-25,MG92,76.62,77.47443095970155,64.58614801096917,89.10858971643448
2025-04-25,MG92,76.62,77.43562102937699,64.54733808064461,89.06977978610992
2025-04-25,MG92,76.62,75.58643262577058,62.6981496770382,87.22059138250351
2025-04-25,MG92,76.62,75.48518024539949,62.59689729666711,87.11933900213242
2025-04-25,MG92,76.62,75.49120201635361,62.60291906762123,87.12536077308654
2025-04-25,MG92,76.62,75.2923275704384,62.40404462170602,86.92648632717133
2025-04-25,MG92,76.62,75.70521387958527,62.81693093085289,87.3393726363182
2025-04-25,MG92,76.62,75.80245023059845,62.91416728186607,87.43660898733138
2025-04-25,MG92,76.62,75.47070289421083,62.58241994547845,87.10486165094376
2025-04-25,MG92,76.62,75.36238403081894,62.47410108208656,86.99654278755187
2025-04-25,MG95,78.45,79.88944005727767,64.4369717490673,92.1171467244625
2025-04-25,MG95,78.45,79.75739468908309,64.30492638087271,91.98510135626792
2025-04-25,MG95,78.45,79.74483912801742,64.29237081980705,91.97254579520225
2025-04-25,MG95,78.45,79.8450899837017,64.39262167549133,92.07279665088653
2025-04-25,MG95,78.45,77.99059341073036,62.538125102519984,90.21830007791519
2025-04-25,MG95,78.45,77.88449531006812,62.43202700185775,90.11220197725295
2025-04-25,MG95,78.45,77.81545049643516,62.36298218822479,90.04315716362
2025-04-25,MG95,78.45,77.60045137810707,62.147983069896696,89.8281580452919
2025-04-25,MG95,78.45,77.71921707558631,62.266748767375944,89.94692374277115
2025-04-25,MG95,78.45,77.81339131951331,62.360923011302944,90.04109798669815
2025-04-25,MG95,78.45,77.41222759652138,61.959759288311005,89.63993426370621
2025-04-25,MG95,78.45,77.47638118958473,62.02391288137436,89.70408785676956
2025-04-25,MG92,76.62,77.58617346382141,63.009211398124684,90.466394654274
2025-04-25,MG92,76.62,77.51282027626038,62.93585821056366,90.39304146671297
2025-04-25,MG92,76.62,77.56909077644349,62.99212871074676,90.44931196689608
2025-04-25,MG92,76.62,77.53028084611893,62.9533187804222,90.41050203657151
2025-04-25,MG92,76.62,75.68109244251252,61.104130376815796,88.56131363296511
2025-04-25,MG92,76.62,75.57984006214143,61.0028779964447,88.46006125259402
2025-04-25,MG92,76.62,75.58586183309555,61.00889976739882,88.46608302354814
2025-04-25,MG92,76.62,75.38698738718034,60.810025321483614,88.26720857763293
2025-04-25,MG92,76.62,75.79987369632721,61.222911630630485,88.6800948867798
2025-04-25,MG92,76.62,75.89711004734039,61.320147981643665,88.77733123779298
2025-04-25,MG92,76.62,75.56536271095277,60.98840064525604,88.44558390140536
2025-04-25,MG92,76.62,75.45704384756088,60.880081781864156,88.33726503801347
2025-04-25,MG95,78.45,79.85368316626548,64.86449351286888,91.73038732862472
2025-04-25,MG95,78.45,79.7216377980709,64.7324481446743,91.59834196043013
2025-04-25,MG95,78.45,79.70908223700523,64.71989258360863,91.58578639936447
2025-04-25,MG95,78.45,79.80933309268951,64.8201434392929,91.68603725504875
2025-04-25,MG95,78.45,77.95483651971817,62.96564686632156,89.8315406820774
2025-04-25,MG95,78.45,77.84873841905593,62.859548765659326,89.72544258141517
2025-04-25,MG95,78.45,77.77969360542298,62.79050395202637,89.65639776778221
2025-04-25,MG95,78.45,77.56469448709488,62.575504833698275,89.44139864945411
2025-04-25,MG95,78.45,77.68346018457413,62.69427053117752,89.56016434693336
2025-04-25,MG95,78.45,77.77763442850113,62.78844477510452,89.65433859086036
2025-04-25,MG95,78.45,77.37647070550919,62.387281052112584,89.25317486786842
2025-04-25,MG95,78.45,77.44062429857254,62.45143464517594,89.31732846093178
2025-04-25,MG92,76.62,77.55194792747497,63.496898678541186,90.10152231931687
2025-04-25,MG92,76.62,77.47859473991394,63.42354549098016,90.02816913175585
2025-04-25,MG92,76.62,77.53486524009705,63.479815991163264,90.08443963193895
2025-04-25,MG92,76.62,77.49605530977249,63.4410060608387,90.04562970161439
2025-04-25,MG92,76.62,75.64686690616608,61.5918176572323,88.19644129800798
2025-04-25,MG92,76.62,75.54561452579499,61.490565276861204,88.09518891763689
2025-04-25,MG92,76.62,75.55163629674911,61.496587047815325,88.10121068859101
2025-04-25,MG92,76.62,75.3527618508339,61.297712601900116,87.9023362426758
2025-04-25,MG92,76.62,75.76564815998077,61.710598911046986,88.31522255182267
2025-04-25,MG92,76.62,75.86288451099395,61.807835262060166,88.41245890283585
2025-04-25,MG92,76.62,75.53113717460633,61.476087925672545,88.08071156644823
2025-04-25,MG92,76.62,75.42281831121444,61.36776906228066,87.97239270305634
2025-04-25,MG95,78.45,79.97874504542351,63.354886315822604,93.13199591970442
2025-04-25,MG95,78.45,79.84669967722893,63.22284094762802,92.99995055150984
2025-04-25,MG95,78.45,79.83414411616326,63.210285386562354,92.98739499044417
2025-04-25,MG95,78.45,79.93439497184752,63.31053624224662,93.08764584612844
2025-04-25,MG95,78.45,78.0798983988762,61.45603966927529,91.23314927315711
2025-04-25,MG95,78.45,77.97380029821396,61.349941568613055,91.12705117249487
2025-04-25,MG95,78.45,77.90475548458099,61.280896754980084,91.0580063588619
2025-04-25,MG95,78.45,77.6897563662529,61.06589763665199,90.84300724053381
2025-04-25,MG95,78.45,77.80852206373214,61.18466333413124,90.96177293801306
2025-04-25,MG95,78.45,77.90269630765914,61.27883757805824,91.05594718194006
2025-04-25,MG95,78.45,77.5015325846672,60.8776738550663,90.65478345894812
2025-04-25,MG95,78.45,77.56568617773056,60.94182744812965,90.71893705201147
2025-04-25,MG92,76.62,77.66348925876618,61.81137452173233,91.43295404720305
2025-04-25,MG92,76.62,77.59013607120514,61.73802133417129,91.35960085964201
2025-04-25,MG92,76.62,77.64640657138824,61.7942918343544,91.41587135982512
2025-04-25,MG92,76.62,77.6075966410637,61.75548190402985,91.37706142950057
2025-04-25,MG92,76.62,75.75840823745727,59.90629350042343,89.52787302589415
2025-04-25,MG92,76.62,75.65715585708618,59.80504112005234,89.42662064552306
2025-04-25,MG92,76.62,75.66317762804032,59.81106289100647,89.4326424164772
2025-04-25,MG92,76.62,75.4643031821251,59.61218844509125,89.23376797056197
2025-04-25,MG92,76.62,75.87718949127198,60.02507475423813,89.64665427970886
2025-04-25,MG92,76.62,75.97442584228516,60.12231110525131,89.74389063072203
2025-04-25,MG92,76.62,75.64267850589752,59.79056376886368,89.4121432943344
2025-04-25,MG92,76.62,75.53435964250565,59.682244905471805,89.30382443094253
2025-04-28,MG95,78.17,79.78743839120865,63.86937911546231,92.4239975938797
2025-04-28,MG95,78.17,77.72270095968247,61.804641683936126,90.35926016235352
2025-04-28,MG95,78.17,77.513977465868,61.59591819012165,90.15053666853905
2025-04-28,MG92,76.29,77.49961546897887,62.4883783686161,90.79085326910018
2025-04-28,MG92,76.29,75.46647623205186,60.45523913168908,88.75771403217317
2025-04-28,MG92,76.29,75.54171981573106,60.53048271536828,88.83295761585237
2025-04-29,MG95,76.83,79.83222185778618,63.62198568809033,92.6834649913311
2025-04-29,MG95,76.83,77.85050384402275,61.6402676743269,90.70174697756768
2025-04-29,MG95,76.83,77.6948675737381,61.48463140404224,90.54611070728302
2025-04-29,MG92,75.3,77.68719991397857,62.32977980923652,91.17715064954758
2025-04-29,MG92,75.3,75.59277925300599,60.23535914826393,89.082729988575
2025-04-29,MG92,75.3,75.73733051156998,60.379910406827925,89.22728124713899
2025-04-30,MG95,74.78,80.01305840325355,63.19333787453176,93.32163290452955
2025-04-30,MG95,74.78,77.72108187174797,60.901361343026174,91.02965637302397
2025-04-30,MG95,74.78,77.71589767384529,60.896177145123495,91.02447217512129
2025-04-30,MG92,73.34,77.71788629674911,61.65063686394691,91.63671156072617
2025-04-30,MG92,73.34,75.43482018041611,59.367570747613904,89.35364544439317
2025-04-30,MG92,73.34,75.77016449832917,59.70291506552696,89.68898976230622
2025-05-01,MG95,74.78,77.58201478815079,61.68872962152959,90.13503993487359
2025-05-01,MG95,74.78,77.45819717001915,61.56491200339795,90.01122231674195
2025-05-01,MG95,74.78,77.88402936863899,61.990744202017794,90.4370545153618
2025-05-01,MG92,73.34,75.36777681827544,60.276454385519024,88.55079342842103
2025-05-01,MG92,73.34,75.5710714468956,60.47974901413918,88.75408805704119
2025-05-01,MG92,73.34,75.84378490447997,60.752462471723554,89.02680151462556
2025-05-02,MG95,75.24,77.75599263453483,61.1109384866953,90.94042455339432
2025-05-02,MG95,75.24,77.49861676168442,60.85356261384488,90.6830486805439
2025-05-02,MG95,75.24,78.0037751712799,61.35872102344036,91.18820709013939
2025-05-02,MG92,73.73,75.53253584861756,59.680338521003726,89.33769812107086
2025-05-02,MG92,73.73,75.4851805305481,59.63298320293428,89.29034280300141
2025-05-02,MG92,73.73,75.96054044628144,60.10834311866761,89.76570271873474
2025-05-05,MG95,73.1,77.42478502750396,61.62824646234512,89.92906868577003
2025-05-05,MG95,73.1,77.39080366802216,61.59426510286332,89.89508732628823
2025-05-05,MG95,73.1,77.76425378036498,61.96771521520614,90.26853743863106
2025-05-05,MG92,71.59,75.25206374502181,60.31162512516975,88.40030054426194
2025-05-05,MG92,71.59,75.3983449292183,60.45790630936623,88.54658172845842
2025-05-05,MG92,71.59,75.71610413694381,60.775665517091745,88.86434093618394
2025-05-06,MG95,74.97,77.49964767622947,61.28018570709229,90.37800068306923
2025-05-06,MG95,74.97,76.95413931441307,60.73467734527589,89.83249232125283
2025-05-06,MG95,74.97,78.05671890711784,61.83725693798066,90.9350719139576
2025-05-06,MG92,73.46,75.2833545627594,59.948880874156956,88.80775474691393
2025-05-06,MG92,73.46,74.97997577238083,59.64550208377838,88.50437595653536
2025-05-06,MG92,73.46,76.02240009880066,60.687926410198216,89.54680028295519
2025-05-07,MG95,76.52,77.59698994445802,59.862939690828334,91.70132834243775
2025-05-07,MG95,76.52,77.12303787732125,59.38898762369157,91.22737627530098
2025-05-07,MG95,76.52,77.9199969432354,60.18594668960572,92.02433534121514
2025-05-07,MG92,74.79,75.39185289001466,58.41811678147317,90.10028080558779
2025-05-07,MG92,74.79,74.9657189731598,57.9919828646183,89.67414688873292
2025-05-07,MG92,74.79,75.84294500350953,58.86920889496803,90.55137291908265
2025-05-08,MG95,74.88,77.53704804468155,59.65651535975933,91.82452348637581
2025-05-08,MG95,74.88,77.13877549767494,59.25824281275272,91.4262509393692
2025-05-08,MG95,74.88,78.11304598879815,60.232513303875926,92.4005214304924
2025-05-08,MG92,73.38,75.31166661357881,58.277928448677066,90.21872487401963
2025-05-08,MG92,73.38,75.01623232889176,57.98249416399002,89.92329058933258
2025-05-08,MG92,73.38,76.04408634519578,59.01034818029404,90.9511446056366
2025-05-09,MG95,76.72,77.41710608553888,59.88865936231614,91.31729494285585
2025-05-09,MG95,76.72,77.0844840438366,59.55603732061386,90.98467290115357
2025-05-09,MG95,76.72,78.00504135346414,60.4765946302414,91.90523021078111
2025-05-09,MG92,75.22,75.18274638891221,58.37576066136361,89.68090786457061
2025-05-09,MG92,75.22,75.04679453754426,58.23980880999566,89.54495601320266
2025-05-09,MG92,75.22,75.93961936521531,59.13263363766671,90.43778084087371
2025-05-12,MG95,76.72,77.8035859401226,59.17768182885648,92.68855736088751
2025-05-12,MG95,76.72,77.18166600179671,58.55576189053059,92.06663742256163
2025-05-12,MG95,76.72,77.98504570960999,59.35914159834387,92.8700171303749
2025-05-12,MG92,75.22,75.5522034187317,57.67715631079673,91.03178875637055
2025-05-12,MG92,75.22,75.10410316085816,57.2290560529232,90.58368849849701
2025-05-12,MG92,75.22,75.88949199295045,58.01444488501549,91.3690773305893
2025-05-13,MG95,77.69,77.69052182149888,59.01479745519162,92.61686159563065
2025-05-13,MG95,77.69,77.17539113974571,58.499666773438456,92.10173091387749
2025-05-13,MG95,77.69,78.04933515572549,59.37361078941823,92.97567492985726
2025-05-13,MG92,76.19,75.40952543878556,57.480060315370565,90.92924062156676
2025-05-13,MG92,76.19,74.99007452726364,57.060609403848645,90.50978971004484
2025-05-13,MG92,76.19,75.96145107507706,58.031985951662065,91.48116625785826
2025-05-14,MG95,78.68,77.5964702603817,59.447915672421445,92.05581667041777
2025-05-14,MG95,78.68,77.31961406850814,59.171059480547896,91.77896047854422
2025-05-14,MG95,78.68,78.12920671367645,59.980652125716205,92.58855312371253
2025-05-14,MG92,77.18,75.39547402811051,57.99377188754083,90.45277373027803
2025-05-14,MG92,77.18,75.12923498153687,57.727532840967186,90.18653468370438
2025-05-14,MG92,77.18,76.05984408807755,58.65814194750787,91.11714379024507
2025-05-15,MG95,76.57,77.7013470096588,59.264119174003596,92.42251476001738
2025-05-15,MG95,76.57,76.96961501669882,58.53238718104362,91.6907827670574
2025-05-15,MG95,76.57,78.16709969878195,59.729871863126746,92.88826744914053
2025-05-15,MG92,75.07,75.46987712860108,57.78952813625337,90.78837412834169
2025-05-15,MG92,75.07,74.8329441318512,57.15259513950349,90.15144113159181
2025-05-15,MG92,75.07,76.09183559894562,58.411486606597904,91.41033259868622
2025-05-16,MG95,76.6,77.54466695094108,58.7483646222353,92.58109720015526
2025-05-16,MG95,76.6,77.18863463330268,58.392332304596906,92.22506488251686
2025-05-16,MG95,76.6,77.90828913474083,59.11198680603505,92.944719383955
2025-05-16,MG92,75.1,75.31095816993714,57.264595257282245,90.94039034986496
2025-05-16,MG92,75.1,75.0169770321846,56.970614119529706,90.64640921211242
2025-05-16,MG92,75.1,75.80785944604874,57.761496533393846,91.43729162597656
2025-05-19,MG95,76.59,77.57596243858337,58.06849496483803,93.20465430378914
2025-05-19,MG95,76.59,77.07103251457214,57.563565040826795,92.6997243797779
2025-05-19,MG95,76.59,78.03019405221939,58.52272657847404,93.65888591742515
2025-05-19,MG92,75.09,75.38686441898346,56.55749233603478,91.59119127273559
2025-05-19,MG92,75.09,74.94537608671189,56.1160040037632,91.14970294046401
2025-05-19,MG92,75.09,75.92424393558503,57.09487185263634,92.12857078933715
2025-05-20,MG95,76.33,77.38097209525108,58.64564822030068,92.37602461051941
2025-05-20,MG95,76.33,76.89922476267814,58.16390088772774,91.89427727794647
2025-05-20,MG95,76.33,78.0941521475315,59.3588282725811,93.08920466279983
2025-05-20,MG92,74.8,75.20933321428299,57.24383565616608,90.8013518614769
2025-05-20,MG92,74.8,74.71471126747132,56.7492137093544,90.30672991466523
2025-05-20,MG92,74.8,76.00196465873718,58.036467100620264,91.59398330593109
2025-05-21,MG95,77.54,77.3623629026413,58.38227627027035,92.61632877874376
2025-05-21,MG95,77.54,76.91199348449707,57.93190685212613,92.16595936059954
2025-05-21,MG95,77.54,78.06894984245301,59.08886321008207,93.32291571855548
2025-05-21,MG92,76.05,75.11171481943131,56.961939323902136,90.97049186325074
2025-05-21,MG92,76.05,74.64324269580841,56.493467200279234,90.50201973962784
2025-05-21,MG92,76.05,75.96641949224473,57.81664399671555,91.82519653606415
2025-05-22,MG95,77.12,77.30638523554802,57.99068962848186,92.83000523543357
2025-05-22,MG95,77.12,76.96985657787323,57.65416097080707,92.49347657775878
2025-05-22,MG95,77.12,78.11778825283051,58.80209264576435,93.64140825271606
2025-05-22,MG92,75.87,75.08034141111375,56.54427600789071,91.19712225008011
2025-05-22,MG92,75.87,74.71031324148178,56.174247838258744,90.82709408044815
2025-05-22,MG92,75.87,76.0188134522438,57.48274804902076,92.13559429121017
2025-05-23,MG95,76.75,77.58971249127389,57.1197882320881,94.12314243936541
2025-05-23,MG95,76.75,76.75247346997261,56.282549210786826,93.28590341806414
2025-05-23,MG95,76.75,78.23778904414178,57.76786478495599,94.7712189922333
2025-05-23,MG92,75.5,75.37525952482224,55.61302684092522,92.48115432643893
2025-05-23,MG92,75.5,74.42480736064911,54.662574676752094,91.5307021622658
2025-05-23,MG92,75.5,76.10318343400955,56.34095075011253,93.20907823562624
2025-05-26,MG95,77.26,77.46814393973351,58.35539246892929,92.82949868416786
2025-05-26,MG95,77.26,76.90116359853744,57.78841212773322,92.26251834297179
2025-05-26,MG95,77.26,78.04953331184387,58.936781841039654,93.41088805627822
2025-05-26,MG92,76.01,75.22883193254472,56.92782849669457,91.19055354595184
2025-05-26,MG92,76.01,74.61599969768525,56.314996261835105,90.57772131109238
2025-05-26,MG92,76.01,75.94452000713349,57.64351657128334,91.90624162054061
2025-05-27,MG95,76.86,77.53797484588623,57.204406682968134,93.98466258001328
2025-05-27,MG95,76.86,76.676628428936,56.34306026601791,93.12331616306305
2025-05-27,MG95,76.86,78.16436377716064,57.830795614242554,94.6110515112877
2025-05-27,MG92,75.61,75.3140103507042,55.745461753606804,92.34184787750245
2025-05-27,MG92,75.61,74.32880889368057,54.76026029658318,91.35664642047882
2025-05-27,MG92,75.61,76.02546293878555,56.45691434168816,93.0533004655838
2025-05-28,MG95,76.5,77.46098655796052,56.8533366379738,94.1477514503002
2025-05-28,MG95,76.5,76.78900772595406,56.18135780596734,93.47577261829375
2025-05-28,MG95,76.5,78.16274391102792,57.55509399104119,94.8495088033676
2025-05-28,MG92,75.17,75.22650471353532,55.36231395864487,92.48904631519319
2025-05-28,MG92,75.17,74.61364489221575,54.749454137325294,91.87618649387362
2025-05-28,MG92,75.17,76.03229683732988,56.16810608243943,93.29483843898775
2025-04-07,MG95,72.28,78.54138241434097,76.52093513154983,81.27192999982833
2025-04-07,MG95,72.28,77.1785189974308,75.15807171463966,79.90906658291816
2025-04-07,MG95,72.28,77.13677048778534,75.1163232049942,79.8673180732727
2025-04-07,MG92,71.39,76.95076089119911,73.6265714046955,78.17403710460663
2025-04-07,MG92,71.39,75.46935706686975,72.14516758036613,76.69263328027726
2025-04-07,MG92,71.39,76.06077037644388,72.73658088994027,77.2840465898514
2025-04-08,MG95,73.41,78.50835937976836,75.88243033409118,81.7197077512741
2025-04-08,MG95,73.41,76.97414704942703,74.34821800374985,80.18549542093277
2025-04-08,MG95,73.41,76.95561804771422,74.32968900203704,80.16696641921996
2025-04-08,MG92,72.72,76.99563227844239,73.0122389752865,78.67775708389283
2025-04-08,MG92,72.72,75.27553714513779,71.2921438419819,76.95766195058823
2025-04-08,MG92,72.72,75.74097100400925,71.75757770085336,77.4230958094597
2025-04-09,MG95,70.34,78.63895065379143,75.79033410143852,82.02631433558463
2025-04-09,MG95,70.34,77.03213614082337,74.18351958847046,80.41949982261657
2025-04-09,MG95,70.34,76.68047341346741,73.8318568611145,80.06783709526061
2025-04-09,MG92,68.86,77.04431964325906,72.82115712213518,78.89579903411867
2025-04-09,MG92,68.86,75.32537195563317,71.10220943450929,77.17685134649278
2025-04-09,MG92,68.86,75.45563498711587,71.23247246599199,77.30711437797548
2025-04-10,MG95,72.44,78.40476875281334,75.2493752667904,82.02528549170493
2025-04-10,MG95,72.44,76.88019249773025,73.7247990117073,80.50070923662184
2025-04-10,MG95,72.44,77.06566481208802,73.91027132606507,80.68618155097961
2025-04-10,MG92,70.96,76.94786823749543,72.40675919294358,79.02889250516891
2025-04-10,MG92,70.96,75.29696829986572,70.75585925531388,77.37799256753921
2025-04-10,MG92,70.96,75.8340793967247,71.29297035217286,77.91510366439819
2025-04-11,MG95,71.93,78.54979798960684,75.10985242533683,82.40968704867362
2025-04-11,MG95,71.93,77.00792350959779,73.56797794532777,80.86781256866456
2025-04-11,MG95,71.93,76.8676981830597,73.42775261878968,80.72758724212648
2025-04-11,MG92,70.37,76.97664168024063,72.11516539597511,79.2827015581131
2025-04-11,MG92,70.37,75.36022686767579,70.49875058341027,77.66628674554826
2025-04-11,MG92,70.37,75.6237082309723,70.76223194670678,77.92976810884477
2025-04-14,MG95,74.29,78.46934766840934,74.34912746500969,82.84802307200431
2025-04-14,MG95,74.29,76.97429705357551,72.85407685017586,81.35297245717048
2025-04-14,MG95,74.29,76.90350561332703,72.78328540992737,81.282181016922
2025-04-14,MG92,72.8,77.02621108150483,71.46869241094589,79.84893007850647
2025-04-14,MG92,72.8,75.37039714193345,69.81287847137452,78.1931161389351
2025-04-14,MG92,72.8,75.72668513774872,70.16916646718978,78.54940413475036
2025-04-15,MG95,74.65,78.46570543789863,72.75095119976997,84.0616375591755
2025-04-15,MG95,74.65,76.92798676514624,71.21323252701758,82.5239188864231
2025-04-15,MG95,74.65,76.9291570701599,71.21440283203124,82.52508919143676
2025-04-15,MG92,73.16,77.1416117348671,69.98947351241111,81.1993510594368
2025-04-15,MG92,73.16,75.45913431501388,68.3069960925579,79.51687363958358
2025-04-15,MG92,73.16,75.8020549583435,68.64991673588752,79.8597942829132
2025-04-16,MG95,75.04,78.59463126802444,73.50497303628921,83.73514329576491
2025-04-16,MG95,75.04,77.00132942461968,71.91167119288446,82.14184145236015
2025-04-16,MG95,75.04,76.74039088439942,71.65073265266419,81.88090291213989
2025-04-16,MG92,73.79,77.17527536582946,70.61394662451744,80.75299393129349
2025-04-16,MG92,73.79,75.46665399456025,68.90532525324822,79.04437256002427
2025-04-16,MG92,73.79,75.66905024909974,69.10772150778772,79.24676881456377
2025-04-17,MG95,76.74,78.59931828403472,72.58337798023223,84.45436172389984
2025-04-17,MG95,76.74,76.83017090106011,70.81423059725762,82.68521434092523
2025-04-17,MG95,76.74,77.0278927230835,71.011952419281,82.88293616294861
2025-04-17,MG92,74.96,77.17093349170685,69.68495483231546,81.47506715250016
2025-04-17,MG92,74.96,75.36010072088241,67.87412206149102,79.66423438167573
2025-04-17,MG92,74.96,75.90728877353668,68.42131011414529,80.21142243432999
2025-04-21,MG95,76.84,78.34882587218284,72.22782807612418,84.2744990708828
2025-04-21,MG95,76.84,76.86480304813385,70.74380525207519,82.7904762468338
2025-04-21,MG95,76.84,76.83107383918762,70.71007604312896,82.75674703788758
2025-04-21,MG92,75.54,76.96154769325257,69.38574316883087,81.34547398710251
2025-04-21,MG92,75.54,75.38563030958176,67.80982578516006,79.7695566034317
2025-04-21,MG92,75.54,75.73719796276093,68.16139343833923,80.12112425661087
2025-04-22,MG95,77.15,78.55139545130729,72.18910318541526,84.67576162981986
2025-04-22,MG95,77.15,76.79050299668312,70.4282107307911,82.91486917519569
2025-04-22,MG95,77.15,76.74296730422974,70.38067503833771,82.86733348274231
2025-04-22,MG92,75.85,77.0217886133194,69.19163142037391,81.60081917953491
2025-04-22,MG92,75.85,75.29097683858872,67.46081964564323,79.87000740480423
2025-04-22,MG92,75.85,75.7044181880951,67.87426099514961,80.28344875431061
2025-04-23,MG95,78.76,78.4151895942688,71.47362333679199,84.95081262969971
2025-04-23,MG95,78.76,76.70212653493881,69.760560277462,83.23774957036973
2025-04-23,MG95,78.76,76.75851268959045,69.81694643211364,83.29413572502136
2025-04-23,MG92,77.55,77.07303328037261,68.7258984529972,82.10353653430938
2025-04-23,MG92,77.55,75.30524583721161,66.9581110098362,80.33574909114839
2025-04-23,MG92,77.55,75.65528310775758,67.30814828038217,80.68578636169435
2025-04-24,MG95,77.62,78.48205893802643,71.95138913440704,84.75224049854279
2025-04-24,MG95,77.62,76.64870701503753,70.11803721141814,82.9188885755539
2025-04-24,MG95,77.62,76.89950975990295,70.36883995628357,83.16969132041932
2025-04-24,MG92,76.19,77.06352067804337,69.04642685508729,81.78080508565904
2025-04-24,MG92,76.19,75.20474569416047,67.18765187120438,79.92203010177613
2025-04-24,MG92,76.19,75.73226734590531,67.71517352294923,80.44955175352098
2025-04-25,MG95,78.45,78.66572645497322,71.71121341061593,85.24151132893562
2025-04-25,MG95,78.45,78.53368108677864,71.57916804242134,85.10946596074103
2025-04-25,MG95,78.45,78.52112552571296,71.56661248135566,85.09691039967535
2025-04-25,MG95,78.45,78.62137638139725,71.66686333703996,85.19716125535965
2025-04-25,MG95,78.45,76.76687980842591,69.81236676406861,83.3426646823883
2025-04-25,MG95,78.45,76.66078170776368,69.70626866340638,83.23656658172607
2025-04-25,MG95,78.45,76.59173689413072,69.63722384977342,83.16752176809311
2025-04-25,MG95,78.45,76.37673777580261,69.42222473144531,82.952522649765
2025-04-25,MG95,78.45,76.49550347328187,69.54099042892457,83.07128834724426
2025-04-25,MG95,78.45,76.58967771720887,69.63516467285157,83.16546259117126
2025-04-25,MG95,78.45,76.18851399421692,69.23400094985962,82.76429886817931
2025-04-25,MG95,78.45,76.25266758728029,69.29815454292299,82.82845246124268
2025-04-25,MG92,76.62,77.17807789707184,68.77751440310479,82.22789227867128
2025-04-25,MG92,76.62,77.1047247095108,68.70416121554375,82.15453909111024
2025-04-25,MG92,76.62,77.16099520969391,68.76043171572685,82.21080959129334
2025-04-25,MG92,76.62,77.12218527936936,68.7216217854023,82.1719996609688
2025-04-25,MG92,76.62,75.27299687576294,66.87243338179589,80.32281125736237
2025-04-25,MG92,76.62,75.17174449539185,66.7711810014248,80.22155887699128
2025-04-25,MG92,76.62,75.17776626634598,66.77720277237893,80.22758064794542
2025-04-25,MG92,76.62,74.97889182043076,66.5783283264637,80.0287062020302
2025-04-25,MG92,76.62,75.39177812957765,66.99121463561059,80.44159251117708
2025-04-25,MG92,76.62,75.48901448059082,67.08845098662377,80.53882886219026
2025-04-25,MG92,76.62,75.15726714420319,66.75670365023613,80.20708152580262
2025-04-25,MG92,76.62,75.04894828081132,66.64838478684426,80.09876266241075
2025-04-25,MG95,78.45,78.67444820904731,71.14182555222511,85.67604467892647
2025-04-25,MG95,78.45,78.54240284085273,71.00978018403053,85.54399931073189
2025-04-25,MG95,78.45,78.52984727978705,70.99722462296485,85.53144374966621
2025-04-25,MG95,78.45,78.63009813547134,71.09747547864914,85.6316946053505
2025-04-25,MG95,78.45,76.7756015625,69.2429789056778,83.77719803237916
2025-04-25,MG95,78.45,76.66950346183776,69.13688080501556,83.67109993171692
2025-04-25,MG95,78.45,76.6004586482048,69.06783599138261,83.60205511808397
2025-04-25,MG95,78.45,76.3854595298767,68.8528368730545,83.38705599975586
2025-04-25,MG95,78.45,76.50422522735596,68.97160257053376,83.50582169723512
2025-04-25,MG95,78.45,76.59839947128296,69.06577681446076,83.59999594116212
2025-04-25,MG95,78.45,76.197235748291,68.66461309146881,83.19883221817017
2025-04-25,MG95,78.45,76.26138934135437,68.72876668453218,83.26298581123353
2025-04-25,MG92,76.62,77.20647126102448,68.27670369529724,82.71610343122482
2025-04-25,MG92,76.62,77.13311807346344,68.2033505077362,82.64275024366378
2025-04-25,MG92,76.62,77.18938857364654,68.2596210079193,82.69902074384689
2025-04-25,MG92,76.62,77.15057864332199,68.22081107759476,82.66021081352234
2025-04-25,MG92,76.62,75.30139023971557,66.37162267398834,80.81102240991592
2025-04-25,MG92,76.62,75.20013785934448,66.27037029361725,80.70977002954483
2025-04-25,MG92,76.62,75.20615963029861,66.27639206457138,80.71579180049896
2025-04-25,MG92,76.62,75.00728518438339,66.07751761865616,80.51691735458374
2025-04-25,MG92,76.62,75.42017149353028,66.49040392780304,80.92980366373062
2025-04-25,MG92,76.62,75.51740784454346,66.58764027881622,81.0270400147438
2025-04-25,MG92,76.62,75.18566050815582,66.25589294242859,80.69529267835617
2025-04-25,MG92,76.62,75.07734164476395,66.14757407903672,80.5869738149643
2025-04-25,MG95,78.45,78.74030770993232,70.90399464821814,86.01990431523322
2025-04-25,MG95,78.45,78.60826234173774,70.77194928002356,85.88785894703864
2025-04-25,MG95,78.45,78.59570678067206,70.75939371895788,85.87530338597296
2025-04-25,MG95,78.45,78.69595763635635,70.85964457464218,85.97555424165725
2025-04-25,MG95,78.45,76.84146106338501,69.00514800167083,84.1210576686859
2025-04-25,MG95,78.45,76.73536296272277,68.8990499010086,84.01495956802367
2025-04-25,MG95,78.45,76.66631814908982,68.83000508737564,83.94591475439071
2025-04-25,MG95,78.45,76.45131903076171,68.61500596904753,83.7309156360626
2025-04-25,MG95,78.45,76.57008472824097,68.73377166652679,83.84968133354187
2025-04-25,MG95,78.45,76.66425897216797,68.82794591045379,83.94385557746887
2025-04-25,MG95,78.45,76.26309524917602,68.42678218746184,83.54269185447691
2025-04-25,MG95,78.45,76.32724884223938,68.4909357805252,83.60684544754028
2025-04-25,MG92,76.62,77.25426493692397,67.97358906435966,83.02115736532211
2025-04-25,MG92,76.62,77.18091174936293,67.90023587679862,82.94780417776107
2025-04-25,MG92,76.62,77.23718224954604,67.95650637698172,83.00407467794417
2025-04-25,MG92,76.62,77.19837231922149,67.91769644665717,82.96526474761963
2025-04-25,MG92,76.62,75.34918391561507,66.06850804305076,81.11607634401321
2025-04-25,MG92,76.62,75.24793153524399,65.96725566267968,81.01482396364213
2025-04-25,MG92,76.62,75.25395330619811,65.9732774336338,81.02084573459625
2025-04-25,MG92,76.62,75.05507886028289,65.77440298771857,80.82197128868103
2025-04-25,MG92,76.62,75.46796516942977,66.18728929686546,81.23485759782791
2025-04-25,MG92,76.62,75.56520152044295,66.28452564787864,81.33209394884109
2025-04-25,MG92,76.62,75.23345418405532,65.952778311491,81.00034661245346
2025-04-25,MG92,76.62,75.12513532066345,65.84445944809913,80.89202774906158
2025-04-25,MG95,78.45,78.75251151204108,70.13260364651678,86.61337356686592
2025-04-25,MG95,78.45,78.6204661438465,70.0005582783222,86.48132819867133
2025-04-25,MG95,78.45,78.60791058278083,69.98800271725653,86.46877263760567
2025-04-25,MG95,78.45,78.70816143846511,70.08825357294081,86.56902349328995
2025-04-25,MG95,78.45,76.85366486549377,68.23375699996947,84.7145269203186
2025-04-25,MG95,78.45,76.74756676483153,68.12765889930724,84.60842881965637
2025-04-25,MG95,78.45,76.67852195119858,68.05861408567428,84.53938400602341
2025-04-25,MG95,78.45,76.46352283287048,67.84361496734618,84.32438488769532
2025-04-25,MG95,78.45,76.58228853034973,67.96238066482543,84.44315058517456
2025-04-25,MG95,78.45,76.67646277427673,68.05655490875243,84.53732482910156
2025-04-25,MG95,78.45,76.27529905128479,67.6553911857605,84.13616110610963
2025-04-25,MG95,78.45,76.33945264434814,67.71954477882385,84.20031469917298
2025-04-25,MG92,76.62,77.28674257707596,67.30011849236487,83.68850880336761
2025-04-25,MG92,76.62,77.21338938951493,67.22676530480385,83.61515561580659
2025-04-25,MG92,76.62,77.26965988969803,67.28303580498695,83.67142611598969
2025-04-25,MG92,76.62,77.23084995937347,67.24422587466239,83.63261618566513
2025-04-25,MG92,76.62,75.38166155576707,65.39503747105599,81.78342778205872
2025-04-25,MG92,76.62,75.28040917539597,65.29378509068489,81.68217540168763
2025-04-25,MG92,76.62,75.2864309463501,65.29980686163901,81.68819717264175
2025-04-25,MG92,76.62,75.08755650043489,65.1009324157238,81.48932272672654
2025-04-25,MG92,76.62,75.50044280958176,65.51381872487067,81.90220903587341
2025-04-25,MG92,76.62,75.59767916059494,65.61105507588385,81.99944538688659
2025-04-25,MG92,76.62,75.26593182420731,65.27930773949623,81.66769805049897
2025-04-25,MG92,76.62,75.15761296081543,65.17098887610435,81.55937918710708
2025-04-28,MG95,78.17,78.67063165783881,70.03747666954993,86.5850921165943
2025-04-28,MG95,78.17,76.60589422631264,67.97273923802376,84.52035468506813
2025-04-28,MG95,78.17,76.39717073249817,67.76401574420929,84.31163119125365
2025-04-28,MG92,76.29,77.2125429353714,67.1509676501751,83.63434832429887
2025-04-28,MG92,76.29,75.17940369844436,65.11782841324806,81.60120908737183
2025-04-28,MG92,76.29,75.25464728212357,65.19307199692727,81.67645267105104
2025-04-29,MG95,76.83,78.6976730134487,69.56971234583854,86.98007727408408
2025-04-29,MG95,76.83,76.71595499968528,67.58799433207511,84.99835926032065
2025-04-29,MG95,76.83,76.56031872940063,67.43235806179047,84.84272299003601
2025-04-29,MG92,75.3,77.39337805700302,66.89200594496727,84.22084453296661
2025-04-29,MG92,75.3,75.29895739603043,64.79758528399468,82.12642387199402
2025-04-29,MG92,75.3,75.44350865459444,64.94213654255869,82.27097513055803
2025-04-30,MG95,74.78,78.8237734556198,69.86427349567413,86.97889998912811
2025-04-30,MG95,74.78,76.53179692411422,67.57229696416854,84.68692345762253
2025-04-30,MG95,74.78,76.52661272621154,67.56711276626586,84.68173925971985
2025-04-30,MG92,73.34,77.36910729026795,67.01981258368492,84.05770109510422
2025-04-30,MG92,73.34,75.08604117393494,64.73674646735192,81.77463497877122
2025-04-30,MG92,73.34,75.421385491848,65.07209078526498,82.10997929668427
2025-05-01,MG95,74.78,76.46692789149284,67.30492299628258,84.77502242159844
2025-05-01,MG95,74.78,76.3431102733612,67.18110537815095,84.6512048034668
2025-05-01,MG95,74.78,76.76894247198105,67.60693757677079,85.07703700208664
2025-05-01,MG92,73.34,75.08246158790588,64.55053020787238,81.93803931427001
2025-05-01,MG92,73.34,75.28575621652604,64.75382483649254,82.14133394289017
2025-05-01,MG92,73.34,75.55846967411041,65.02653829407691,82.41404740047454
2025-05-02,MG95,75.24,76.6609007885456,66.70103744530677,85.620160479784
2025-05-02,MG95,75.24,76.40352491569519,66.44366157245635,85.36278460693359
2025-05-02,MG95,75.24,76.90868332529068,66.94881998205184,85.86794301652908
2025-05-02,MG92,73.73,75.27214042568207,63.95758054995537,82.79949422264099
2025-05-02,MG92,73.73,75.22478510761262,63.91022523188592,82.75213890457154
2025-05-02,MG92,73.73,75.70014502334595,64.38558514761925,83.22749882030487
2025-05-05,MG95,73.1,76.37664621162415,65.93216088581086,85.67888948249818
2025-05-05,MG95,73.1,76.34266485214233,65.89817952632905,85.64490812301636
2025-05-05,MG95,73.1,76.71611496448517,66.27162963867188,86.0183582353592
2025-05-05,MG92,71.59,75.04187102365495,63.33704345035554,82.97283830928804
2025-05-05,MG92,71.59,75.18815220785142,63.483324634552005,83.1191194934845
2025-05-05,MG92,71.59,75.50591141557695,63.801083842277535,83.43687870121003
2025-05-06,MG95,74.97,76.491617105484,65.46035401153564,86.2897657470703
2025-05-06,MG95,74.97,75.9461087436676,64.91484564971924,85.7442573852539
2025-05-06,MG95,74.97,77.04868833637236,66.01742524242401,86.84683697795867
2025-05-06,MG92,73.46,75.11026818323136,62.81943615961076,83.54714697170259
2025-05-06,MG92,73.46,74.80688939285278,62.516057369232186,83.24376818132401
2025-05-06,MG92,73.46,75.84931371927262,63.55848169565202,84.28619250774385
2025-05-07,MG95,76.52,76.5009149272442,65.15182715964318,86.56241655421258
2025-05-07,MG95,76.52,76.02696286010743,64.67787509250641,86.08846448707581
2025-05-07,MG95,76.52,76.82392192602158,65.47483415842056,86.88542355298996
2025-05-07,MG92,74.79,75.14425036525726,62.5466380546093,83.8558986530304
2025-05-07,MG92,74.79,74.71811644840241,62.12050413775445,83.42976473617554
2025-05-07,MG92,74.79,75.59534247875214,62.997730168104184,84.30699076652527
2025-05-08,MG95,74.88,76.4577807276249,64.84465151238442,86.73642057824135
2025-05-08,MG95,74.88,76.05950818061828,64.4463789653778,86.33814803123474
2025-05-08,MG95,74.88,77.03377867174149,65.42064945650101,87.31241852235794
2025-05-08,MG92,73.38,75.08718783044816,62.23884937548638,84.02784861946107
2025-05-08,MG92,73.38,74.79175354576111,61.943415090799334,83.73241433477402
2025-05-08,MG92,73.38,75.81960756206513,62.97126910710335,84.76026835107804
2025-05-09,MG95,76.72,76.33334940719604,64.70733809280395,86.60195341873168
2025-05-09,MG95,76.72,76.00072736549377,64.37471605110169,86.26933137702942
2025-05-09,MG95,76.72,76.92128467512131,65.29527336072923,87.18988868665696
2025-05-09,MG92,75.22,74.9415981245041,62.112843810319916,83.89109543800355
2025-05-09,MG92,75.22,74.80564627313615,61.97689195895197,83.7551435866356
2025-05-09,MG92,75.22,75.6984711008072,62.869716786623016,84.64796841430665
2025-05-12,MG95,76.72,76.63445189023018,65.02670561814308,86.88482320332527
2025-05-12,MG95,76.72,76.0125319519043,64.4047856798172,86.26290326499938
2025-05-12,MG95,76.72,76.81591165971756,65.20816538763046,87.06628297281264
2025-05-12,MG92,75.22,75.2545291686058,62.44797082066536,84.18772759914398
2025-05-12,MG92,75.22,74.80642891073227,61.99987056279183,83.73962734127045
2025-05-12,MG92,75.22,75.59181774282456,62.78525939488412,84.52501617336274
2025-05-13,MG95,77.69,76.53808844733238,64.47978290247917,87.14506472754479
2025-05-13,MG95,77.69,76.02295776557922,63.96465222072601,86.62993404579163
2025-05-13,MG95,77.69,76.896901781559,64.83859623670578,87.5038780617714
2025-05-13,MG92,76.19,75.12561120557785,61.91647681879998,84.45051065254212
2025-05-13,MG92,76.19,74.70616029405595,61.49702590727807,84.03105974102021
2025-05-13,MG92,76.19,75.67753684186937,62.46840245509149,85.00243628883364
2025-05-14,MG95,78.68,76.47502159523964,64.78963618683814,86.79398962426185
2025-05-14,MG95,78.68,76.19816540336609,64.51277999496459,86.5171334323883
2025-05-14,MG95,78.68,77.0077580485344,65.3223726401329,87.32672607755661
2025-05-14,MG92,77.18,75.13126749229431,62.24406562042236,84.13262819719314
2025-05-14,MG92,77.18,74.86502844572067,61.977826573848716,83.8663891506195
2025-05-14,MG92,77.18,75.79563755226135,62.9084356803894,84.79699825716018
2025-05-15,MG95,76.57,76.58491773819924,64.2932142469883,87.38297232842446
2025-05-15,MG95,76.57,75.85318574523926,63.56148225402832,86.65124033546448
2025-05-15,MG95,76.57,77.05067042732239,64.75896693611145,87.84872501754761
2025-05-15,MG92,75.07,75.21318455028535,61.787619016647355,84.74290753650666
2025-05-15,MG92,75.07,74.57625155353546,61.15068601989746,84.10597453975677
2025-05-15,MG92,75.07,75.83514302062989,62.40957748699189,85.3648660068512
2025-05-16,MG95,76.6,76.45747662878037,63.24385286664963,88.00507717466354
2025-05-16,MG95,76.6,76.10144431114196,62.887820549011224,87.64904485702513
2025-05-16,MG95,76.6,76.8210988125801,63.60747505044937,88.36869935846327
2025-05-16,MG92,75.1,75.07602815723419,60.815802378416066,85.42192385053636
2025-05-16,MG92,75.1,74.78204701948167,60.52182124066354,85.12794271278383
2025-05-16,MG92,75.1,75.57292943334579,61.31270365452767,85.91882512664796
2025-05-19,MG95,76.59,76.39190299415588,63.89646550083161,87.3612876548767
2025-05-19,MG95,76.59,75.88697307014465,63.391535576820374,86.85635773086547
2025-05-19,MG95,76.59,76.8461346077919,64.35069711446762,87.81551926851272
2025-05-19,MG92,75.09,75.0781085457802,61.45755704545976,84.78771987342836
2025-05-19,MG92,75.09,74.63662021350862,61.01606871318818,84.34623154115678
2025-05-19,MG92,75.09,75.61548806238176,61.99493656206132,85.32509939002992
2025-05-20,MG95,76.33,76.34723113918304,62.39168995285034,88.50483696842194
2025-05-20,MG95,76.33,75.8654838066101,61.909942620277405,88.023089635849
2025-05-20,MG95,76.33,77.06041119146346,63.10487000513076,89.21801702070236
2025-05-20,MG92,74.8,75.01262524223328,60.08459573364258,86.02517346000671
2025-05-20,MG92,74.8,74.51800329542161,59.5899737868309,85.53055151319504
2025-05-20,MG92,74.8,75.80525668668747,60.87722717809677,86.8178049044609
2025-05-21,MG95,77.54,76.26639298725128,62.58378319072723,88.17284408855437
2025-05-21,MG95,77.54,75.81602356910706,62.13341377258301,87.72247467041015
2025-05-21,MG95,77.54,76.972979927063,63.290370130538946,88.87943102836608
2025-05-21,MG92,76.05,74.87514795112611,60.23304962801934,85.63912682819367
2025-05-21,MG92,76.05,74.40667582750321,59.764577504396435,85.17065470457077
2025-05-21,MG92,76.05,75.72985262393952,61.08775430083275,86.49383150100708
2025-05-22,MG95,77.12,76.1488594815731,62.8803897664547,87.70972101187706
2025-05-22,MG95,77.12,75.81233082389831,62.54386110877991,87.37319235420227
2025-05-22,MG95,77.12,76.96026249885558,63.691792783737185,88.52112402915955
2025-05-22,MG92,75.87,74.79646286630631,60.535763864755644,85.18812465810777
2025-05-22,MG92,75.87,74.42643469667435,60.16573569512368,84.8180964884758
2025-05-22,MG92,75.87,75.73493490743637,61.4742359058857,86.12659669923782
2025-05-23,MG95,76.75,76.35296367073059,63.13015425109863,87.89405847930908
2025-05-23,MG95,76.75,75.51572464942932,62.29291522979736,87.05681945800781
2025-05-23,MG95,76.75,77.00104022359848,63.77823080396652,88.54213503217697
2025-05-23,MG92,75.5,75.03340724086763,60.78669106101991,85.3861555633545
2025-05-23,MG92,75.5,74.0829550766945,59.83623889684678,84.43570339918138
2025-05-23,MG92,75.5,75.76133115005494,61.51461497020722,86.11407947254182
2025-05-26,MG95,77.26,76.35388519120217,62.76286859822274,88.18400477242469
2025-05-26,MG95,77.26,75.7869048500061,62.19588825702667,87.61702443122861
2025-05-26,MG95,77.26,76.93527456331253,63.3442579703331,88.76539414453505
2025-05-26,MG92,76.01,74.97788994312286,60.41964304804802,85.65932785511018
2025-05-26,MG92,76.01,74.3650577082634,59.806810813188555,85.04649562025071
2025-05-26,MG92,76.01,75.69357801771164,61.135331122636806,86.37501592969896
2025-05-27,MG95,76.86,76.35406626176834,61.96724736642838,88.8224689049721
2025-05-27,MG95,76.86,75.49271984481811,61.105900949478155,87.96112248802187
2025-05-27,MG95,76.86,76.98045519304276,62.5936362977028,89.44885783624652
2025-05-27,MG92,75.61,75.00610429286958,59.76472398161889,86.40664964914323
2025-05-27,MG92,75.61,74.02090283584596,58.77952252459527,85.42144819211961
2025-05-27,MG92,75.61,75.71755688095094,60.47617656970025,87.11810223722459
2025-05-28,MG95,76.5,76.35340202307701,61.09513776755333,89.58770737624168
2025-05-28,MG95,76.5,75.68142319107055,60.42315893554687,88.91572854423522
2025-05-28,MG95,76.5,77.0551593761444,61.796895120620725,90.28946472930907
2025-05-28,MG92,75.17,74.97008569335938,58.89308959102631,87.17449086523057
2025-05-28,MG92,75.17,74.3572258720398,58.280229769706736,86.56163104391099
2025-05-28,MG92,75.17,75.77587781715394,59.69888171482087,87.98028298902513
2025-05-29,MG95,77.4,75.71406461906432,60.763408996582015,88.6765798587799
2025-05-29,MG95,77.4,76.92111537742615,61.970459754943846,89.88363061714173
2025-05-29,MG95,77.4,77.57121478271483,62.62055916023253,90.53373002243042
2025-05-29,MG92,76.07,74.3934492521286,58.611862440586094,86.31294703769684
2025-05-29,MG92,76.07,75.64250830554963,59.860921494007115,87.56200609111787
2025-05-29,MG92,76.07,76.57294946289063,60.79136265134812,88.49244724845887
2025-05-30,MG95,76.02,75.83076313018799,61.60783059597016,88.20674549102783
2025-05-30,MG95,76.02,76.96228225517272,62.73934972095489,89.33826461601257
2025-05-30,MG95,76.02,77.53516506528854,63.312232531070705,89.91114742612838
2025-05-30,MG92,74.69,74.33896311473848,59.17584201288225,85.5937558693886
2025-05-30,MG92,74.69,75.69654401874543,60.5334229168892,86.95133677339555
2025-05-30,MG92,74.69,76.4056365196705,61.24251541781427,87.66042927432062
2025-06-02,MG95,77.31,75.93804310798645,60.85117823123931,89.00882712364195
2025-06-02,MG95,77.31,76.93868129873276,61.851816421985625,90.00946531438827
2025-06-02,MG95,77.31,77.64743317222596,62.560568295478824,90.71821718788146
2025-06-02,MG92,75.47,74.53408922815323,58.64061709189416,86.57890003347397
2025-06-02,MG92,75.47,75.65514390659332,59.761671770334246,87.69995471191406
2025-06-02,MG92,75.47,76.73637832164765,60.84290618538857,88.78118912696839
2025-06-03,MG95,77.7,75.80268495941161,60.143975938796984,89.33408256912229
2025-06-03,MG95,77.7,77.13735941553115,61.47865039491653,90.66875702524183
2025-06-03,MG95,77.7,77.53283404541015,61.87412502479553,91.06423165512084
2025-06-03,MG92,75.86,74.35127964639665,57.983661083221435,86.92600890779498
2025-06-03,MG92,75.86,75.8572058391571,59.48958727598189,88.43193510055544
2025-06-03,MG92,75.86,76.50912720322609,60.14150864005087,89.08385646462442
2025-06-04,MG95,78.1,75.80491021728515,60.20301550483703,89.31656882858275
2025-06-04,MG95,78.1,77.1704879374504,61.56859322500228,90.682146548748
2025-06-04,MG95,78.1,77.5943988404274,61.99250412797928,91.106057451725
2025-06-04,MG92,76.26,74.26728079128266,57.905004184722905,86.79045607614518
2025-06-04,MG92,76.26,75.89496495151519,59.53268834495544,88.41814023637771
2025-06-04,MG92,76.26,76.60691356682777,60.24463696026802,89.13008885169029
2025-06-05,MG95,77.06,75.59618509483337,59.81788232517243,89.24265293312072
2025-06-05,MG95,77.06,76.96526780366898,61.18696503400803,90.61173564195633
2025-06-05,MG95,77.06,77.64201056528091,61.863707795619966,91.28847840356826
2025-06-05,MG92,75.22,74.09340965890885,57.597934503793724,86.78069312715532
2025-06-05,MG92,75.22,75.67357019662859,59.17809504151346,88.36085366487505
2025-06-05,MG92,75.22,76.56382300829888,60.06834785318375,89.25110647654535
2025-06-06,MG95,77.44,75.74232761192322,59.84677371311188,89.49479091453553
2025-06-06,MG95,77.44,77.10914640426635,61.21359250545502,90.86160970687867
2025-06-06,MG95,77.44,77.63562420845031,61.74007030963897,91.38808751106262
2025-06-06,MG92,75.6,74.35992688179016,57.75018663764,87.15731653928756
2025-06-06,MG92,75.6,75.81724083900451,59.20750059485435,88.61463049650192
2025-06-06,MG92,75.6,76.59544863462449,59.98570839047433,89.3928382921219
2025-06-09,MG95,78.69,75.73190919113159,60.05289284420014,89.31364309501649
2025-06-09,MG95,78.69,76.88473915958404,61.20572281265259,90.46647306346894
2025-06-09,MG95,78.69,77.56319384479522,61.88417749786377,91.14492774868012
2025-06-09,MG92,76.85,74.27430814886094,57.835847232580186,86.86962259912491
2025-06-09,MG92,76.85,75.57815013837815,59.139689222097395,88.17346458864212
2025-06-09,MG92,76.85,76.49627093744277,60.05781002116202,89.09158538770674
2025-06-10,MG95,80.06,75.68725063133239,60.07265402126311,89.22874876785276
2025-06-10,MG95,80.06,77.05219689035415,61.437600280284876,90.59369502687453
2025-06-10,MG95,80.06,77.57338238096237,61.958785770893094,91.11488051748275
2025-06-10,MG92,78.18,74.10636322116852,57.70210629796981,86.6420880088806
2025-06-10,MG92,78.18,75.75346203947068,59.34920511627197,88.28918682718276
2025-06-10,MG92,78.18,76.66498363852502,60.26072671532631,89.2007084262371
2025-06-11,MG95,80.07,75.65050800132752,59.446185710906995,89.63560685920714
2025-06-11,MG95,80.07,76.95034175586702,60.74601946544649,90.93544061374664
2025-06-11,MG95,80.07,77.58523927688599,61.38091698646546,91.5703381347656
2025-06-11,MG92,77.89,74.21354088973999,57.37883783888817,87.29994223070143
2025-06-11,MG92,77.89,75.63626892852784,58.80156587767602,88.72267026948929
2025-06-11,MG92,77.89,76.40735855031014,59.572655499458314,89.49375989127158
2025-06-12,MG95,81.75,75.62686001586914,58.02202991294861,90.84012933540343
2025-06-12,MG95,81.75,77.0957825293541,59.490952426433566,92.30905184888839
2025-06-12,MG95,81.75,77.74736221647262,60.14253211355209,92.96063153600691
2025-06-12,MG92,79.62,74.10808138370514,56.007462021112445,88.53301142454148
2025-06-12,MG92,79.62,75.74291151380538,57.642292151212686,90.16784155464173
2025-06-12,MG92,79.62,76.47277535486221,58.37215599226951,90.89770539569855
2025-06-13,MG95,85.44,75.84047922706604,58.28504282569885,91.0364399585724
2025-06-13,MG95,85.44,77.15700450944901,59.60156810808182,92.35296524095537
2025-06-13,MG95,85.44,77.87474580287933,60.31930940151214,93.07070653438569
2025-06-13,MG92,83.31,74.32640087127686,56.22680530786514,88.7033170056343
2025-06-13,MG92,83.31,75.79968065738679,57.70008509397507,90.17659679174423
2025-06-13,MG92,83.31,76.7892751259804,58.68967956256868,91.16619126033784
2025-06-16,MG95,85.14,75.71488707733154,58.02598140907287,90.97734679412841
2025-06-16,MG95,85.14,77.06163911628724,59.37273344802857,92.32409883308411
2025-06-16,MG95,85.14,77.75758876276016,60.068683094501495,93.02004847955703
2025-06-16,MG92,83.01,74.14902607059479,56.01404345726967,88.6553231201172
2025-06-16,MG92,83.01,75.70872262763977,57.57374001431466,90.21501967716219
2025-06-16,MG92,83.01,76.70558387804031,58.5706012647152,91.21188092756273
2025-06-17,MG95,85.82,75.75871763420105,59.17254368019103,90.1105312271118
2025-06-17,MG95,85.82,76.97609594345093,60.389921989440914,91.32790953636169
2025-06-17,MG95,85.82,77.75262949991226,61.166455545902245,92.10444309282302
2025-06-17,MG92,83.91,74.29560499191285,57.05950440883637,87.74467695474625
2025-06-17,MG92,83.91,75.64780301618576,58.41170243310928,89.09687497901916
2025-06-17,MG92,83.91,76.74835597515107,59.512255392074586,90.19742793798447
2025-06-18,MG95,87.49,75.64790755462647,58.054938408851626,90.88397467803955
2025-06-18,MG95,87.49,77.21153209543229,59.618562949657445,92.44759921884537
2025-06-18,MG95,87.49,77.79772650146485,60.204757355690006,93.03379362487793
2025-06-18,MG92,85.59,74.04572882843017,55.9008949918747,88.45874639701842
2025-06-18,MG92,85.59,75.8489483346939,57.70411449813843,90.26196590328215
2025-06-18,MG92,85.59,76.73783186388016,58.59299802732469,91.1508494324684
2025-06-19,MG95,88.68,75.61357500457763,57.81602167510985,90.97333430671691
2025-06-19,MG95,88.68,77.18807925844192,59.39052592897414,92.5478385605812
2025-06-19,MG95,88.68,77.83962664031982,60.04207331085205,93.1993859424591
2025-06-19,MG92,86.69,74.0669546880722,55.832895615339275,88.6786803021431
2025-06-19,MG92,86.69,75.83535151576996,57.60129244303703,90.44707712984086
2025-06-19,MG92,86.69,76.74794343090058,58.51388435816765,91.35966904497148
2025-06-20,MG95,89.81,75.42753864097595,57.3710772972107,91.0329726963043
2025-06-20,MG95,89.81,77.22413703489303,59.167675691127776,92.82957109022138
2025-06-20,MG95,89.81,77.79259674024581,59.736135396480556,93.39803079557416
2025-06-20,MG92,88.0,73.91681749582291,55.42517509937287,88.78046141147615
2025-06-20,MG92,88.0,75.85545684719087,57.363814450740826,90.7191007628441
2025-06-20,MG92,88.0,76.63193410229684,58.1402917058468,91.49557801795008
2025-06-23,MG95,89.27,75.97829920578002,57.83559063720703,91.67638457107543
2025-06-23,MG95,89.27,77.22848414230347,59.08577557373048,92.92656950759888
2025-06-23,MG95,89.27,77.85985933256148,59.71715076398849,93.5579446978569
2025-06-23,MG92,87.46,74.24741635704041,55.65232019090653,89.19483889722824
2025-06-23,MG92,87.46,75.85680871391295,57.26171254777908,90.80423125410078
2025-06-23,MG92,87.46,76.78322959852218,58.188133432388305,91.73065213871001
2025-06-24,MG95,82.55,75.81587201499939,57.95242499256133,91.25578865432739
2025-06-24,MG95,82.55,77.12539747095107,59.26195044851302,92.56531411027908
2025-06-24,MG95,82.55,77.78334109354019,59.919894071102135,93.22325773286819
2025-06-24,MG92,80.74,74.23269184970857,55.90404738330842,88.90835713529589
2025-06-24,MG92,80.74,75.75405375862123,57.425409292221076,90.42971904420854
2025-06-24,MG92,80.74,76.63904999732972,58.31040553092957,91.31471528291704
2025-06-25,MG95,81.1,75.998557554245,56.56219143962861,92.82145163154603
2025-06-25,MG95,81.1,77.31068344688416,57.87431733226777,94.13357752418518
2025-06-25,MG95,81.1,77.87977313375472,58.44340701913834,94.70266721105575
2025-06-25,MG92,79.29,74.21105829048156,54.52768634605407,90.4381024007797
2025-06-25,MG92,79.29,75.8826693367958,56.19929739236831,92.10971344709394
2025-06-25,MG92,79.29,76.69200579261779,57.0086338481903,92.91904990291593
2025-05-01,MG95,74.78,74.32872776269912,73.79271847009659,78.61476514697074
2025-05-01,MG95,74.78,74.20491014456748,73.66890085196495,78.4909475288391
2025-05-01,MG95,74.78,74.63074234318734,74.09473305058481,78.91677972745896
2025-05-01,MG92,73.34,73.1501370677948,72.78408438539505,74.89542037343979
2025-05-01,MG92,73.34,73.35343169641494,72.98737901401519,75.09871500205993
2025-05-01,MG92,73.34,73.62614515399933,73.26009247159958,75.37142845964432
2025-05-02,MG95,75.24,74.54772151064873,73.5068812866211,78.91999302697181
2025-05-02,MG95,75.24,74.29034563779831,73.24950541377068,78.66261715412139
2025-05-02,MG95,75.24,74.7955040473938,73.75466382336617,79.16777556371689
2025-05-02,MG92,73.73,73.32818809604646,72.54735905504228,75.38737322664262
2025-05-02,MG92,73.73,73.280832777977,72.50000373697281,75.34001790857316
2025-05-02,MG92,73.73,73.75619269371033,72.97536365270615,75.8153778243065
2025-05-05,MG95,73.1,74.42983744812011,72.54980232667923,78.97715351057052
2025-05-05,MG95,73.1,74.39585608863831,72.51582096719743,78.94317215108872
2025-05-05,MG95,73.1,74.76930620098113,72.88927107954025,79.31662226343154
2025-05-05,MG92,71.59,73.1770252404213,71.69900961494446,75.75832219934463
2025-05-05,MG92,71.59,73.32330642461777,71.84529079914093,75.9046033835411
2025-05-05,MG92,71.59,73.6410656323433,72.16305000686646,76.22236259126663
2025-05-06,MG95,74.97,74.39086669921875,72.90229272842407,78.85988696575164
2025-05-06,MG95,74.97,73.84535833740235,72.35678436660767,78.31437860393524
2025-05-06,MG95,74.97,74.94793793010712,73.45936395931244,79.41695819664001
2025-05-06,MG92,73.46,73.13450013828277,71.99677650761605,75.44841576051712
2025-05-06,MG92,73.46,72.8311213479042,71.69339771723747,75.14503697013855
2025-05-06,MG92,73.46,73.87354567432403,72.73582204365731,76.18746129655838
2025-05-07,MG95,76.52,74.5789804008007,71.90066780233383,79.32684530997277
2025-05-07,MG95,76.52,74.10502833366394,71.42671573519706,78.852893242836
2025-05-07,MG95,76.52,74.9019873995781,72.22367480111123,79.64985230875017
2025-05-07,MG92,74.79,73.25610237979889,71.10787610793113,76.3307385816574
2025-05-07,MG92,74.79,72.82996846294404,70.68174219107628,75.90460466480255
2025-05-07,MG92,74.79,73.70719449329377,71.55896822142601,76.78183069515228
2025-05-08,MG95,74.88,74.45238416934014,72.11153331542015,79.11463450217246
2025-05-08,MG95,74.88,74.05411162233352,71.71326076841353,78.71636195516585
2025-05-08,MG95,74.88,75.02838211345673,72.68753125953674,79.69063244628906
2025-05-08,MG92,73.38,73.14514938354492,71.29002142190933,75.99563744068146
2025-05-08,MG92,73.38,72.84971509885789,70.9945871372223,75.70020315599443
2025-05-08,MG92,73.38,73.87756911516189,72.0224411535263,76.72805717229843
2025-05-09,MG95,76.72,74.50102958822251,71.31954414987564,79.38904780530929
2025-05-09,MG95,76.72,74.16840754652023,70.98692210817336,79.05642576360701
2025-05-09,MG95,76.72,75.08896485614777,71.9074794178009,79.97698307323455
2025-05-09,MG92,75.22,73.10562003850937,70.51404153585435,76.52160174369813
2025-05-09,MG92,75.22,72.96966818714142,70.3780896844864,76.38564989233018
2025-05-09,MG92,75.22,73.86249301481247,71.27091451215745,77.27847472000123
2025-05-12,MG95,76.72,74.864995541811,71.16681846880914,79.91089794898033
2025-05-12,MG95,76.72,74.24307560348511,70.54489853048325,79.28897801065445
2025-05-12,MG95,76.72,75.04645531129837,71.34827823829652,80.09235771846771
2025-05-12,MG92,75.22,73.43642645788192,70.40838942956924,77.16165881347656
2025-05-12,MG92,75.22,72.98832620000839,69.9602891716957,76.71355855560303
2025-05-12,MG92,75.22,73.77371503210068,70.745678003788,77.49894738769532
2025-05-13,MG95,77.69,74.70837703585624,71.21434579849243,79.69054989218712
2025-05-13,MG95,77.69,74.19324635410308,70.69921511673927,79.17541921043396
2025-05-13,MG95,77.69,75.06719037008286,71.57315913271904,80.04936322641373
2025-05-13,MG92,76.19,73.26264978933335,70.42198427844049,76.838371363163
2025-05-13,MG92,76.19,72.84319887781143,70.00253336691857,76.41892045164109
2025-05-13,MG92,76.19,73.81457542562485,70.97390991473199,77.3902969994545
2025-05-14,MG95,78.68,74.80128007006645,70.4604186911583,80.06574746918679
2025-05-14,MG95,78.68,74.5244238781929,70.18356249928475,79.78889127731324
2025-05-14,MG95,78.68,75.33401652336121,70.99315514445306,80.59848392248155
2025-05-14,MG92,77.18,73.37373626804352,69.75899116492272,77.55814971065521
2025-05-14,MG92,77.18,73.10749722146988,69.49275211834909,77.29191066408158
2025-05-14,MG92,77.18,74.03810632801056,70.42336122488976,78.22251977062226
2025-05-15,MG95,76.57,74.78884124922752,70.90330874609946,79.89331172871589
2025-05-15,MG95,76.57,74.05710925626755,70.17157675313949,79.16157973575592
2025-05-15,MG95,76.57,75.25459393835068,71.36906143522262,80.35906441783905
2025-05-15,MG92,75.07,73.35798894166948,70.17791008830072,77.18146424531938
2025-05-15,MG92,75.07,72.72105594491958,69.54097709155083,76.54453124856948
2025-05-15,MG92,75.07,73.97994741201401,70.79986855864526,77.80342271566391
2025-05-16,MG95,76.6,74.72723075723648,69.97955305194854,80.1309867606163
2025-05-16,MG95,76.6,74.37119843959809,69.62352073431015,79.7749544429779
2025-05-16,MG95,76.6,75.09085294103623,70.34317523574829,80.49460894441604
2025-05-16,MG92,75.1,73.24680668592454,69.29024833917619,77.65953859329225
2025-05-16,MG92,75.1,72.952825548172,68.99626720142365,77.36555745553972
2025-05-16,MG92,75.1,73.74370796203614,69.78714961528779,78.15643986940385
2025-05-19,MG95,76.59,74.65673950481415,70.014756221056,80.01316858339311
2025-05-19,MG95,76.59,74.15180958080292,69.50982629704477,79.50823865938187
2025-05-19,MG95,76.59,75.11097111845017,70.46898783469202,80.46740019702912
2025-05-19,MG92,75.09,73.23003369855881,69.39534137058259,77.51856525707245
2025-05-19,MG92,75.09,72.78854536628724,68.95385303831101,77.07707692480088
2025-05-19,MG92,75.09,73.76741321516037,69.93272088718415,78.05594477367401
2025-05-20,MG95,76.33,74.53023870563507,69.92899901008606,79.87459759092332
2025-05-20,MG95,76.33,74.04849137306213,69.44725167751312,79.39285025835038
2025-05-20,MG95,76.33,75.24341875791549,70.64217906236648,80.58777764320374
2025-05-20,MG92,74.8,73.11410892820359,69.30832469916344,77.39060163831711
2025-05-20,MG92,74.8,72.61948698139192,68.81370275235176,76.89597969150543
2025-05-20,MG92,74.8,73.90674037265778,70.10095614361762,78.1832330827713
2025-05-21,MG95,77.54,74.59884622478485,69.14016371035576,80.26502641582489
2025-05-21,MG95,77.54,74.14847680664063,68.68979429221154,79.81465699768067
2025-05-21,MG95,77.54,75.30543316459656,69.84675065016748,80.9716133556366
2025-05-21,MG92,76.05,73.05970314359665,68.47855412936211,77.91378080701828
2025-05-21,MG92,76.05,72.59123101997376,68.01008200573922,77.4453086833954
2025-05-21,MG92,76.05,73.91440781641006,69.33325880217552,78.7684854798317
2025-05-22,MG95,77.12,74.50690620875359,69.10661347723007,80.14984637475014
2025-05-22,MG95,77.12,74.1703775510788,68.77008481955528,79.81331771707535
2025-05-22,MG95,77.12,75.31830922603608,69.91801649451256,80.96124939203263
2025-05-22,MG92,75.87,73.00000123214723,68.47249372434617,77.81361717414856
2025-05-22,MG92,75.87,72.62997306251526,68.1024655547142,77.4435890045166
2025-05-22,MG92,75.87,73.93847327327728,69.41096576547622,78.75208921527862
2025-05-23,MG95,76.75,74.77916215610504,68.79034498524666,80.6770116109848
2025-05-23,MG95,76.75,73.94192313480377,67.95310596394539,79.83977258968353
2025-05-23,MG95,76.75,75.42723870897294,69.43842153811455,81.3250881638527
2025-05-23,MG92,75.5,73.28284015703203,68.19275472807885,78.54564415502549
2025-05-23,MG92,75.5,72.3323879928589,67.24230256390572,77.59519199085236
2025-05-23,MG92,75.5,74.01076406621934,68.92067863726616,79.2735680642128
2025-05-26,MG95,77.26,74.78463544964791,68.56021773338318,80.77658605694772
2025-05-26,MG95,77.26,74.21765510845184,67.99323739218711,80.20960571575165
2025-05-26,MG95,77.26,75.36602482175827,69.14160710549355,81.35797542905809
2025-05-26,MG92,76.01,73.2189645910263,67.92141229748727,78.6233671283722
2025-05-26,MG92,76.01,72.60613235616684,67.3085800626278,78.01053489351273
2025-05-26,MG92,76.01,73.93465266561509,68.63710037207605,79.33905520296098
2025-05-27,MG95,76.86,74.82587447977066,67.9837285182476,81.10994337654114
2025-05-27,MG95,76.86,73.96452806282043,67.12238210129738,80.24859695959091
2025-05-27,MG95,76.86,75.45226341104507,68.61011744952201,81.73633230781554
2025-05-27,MG92,75.61,73.2762199702263,67.38547243738175,79.14681532764436
2025-05-27,MG92,75.61,72.29101851320267,66.40027098035813,78.16161387062074
2025-05-27,MG92,75.61,73.98767255830765,68.09692502546311,79.85826791572572
2025-05-28,MG95,76.5,74.70024983811379,68.04416225123406,80.88935287880898
2025-05-28,MG95,76.5,74.02827100610733,67.3721834192276,80.21737404680252
2025-05-28,MG95,76.5,75.40200719118118,68.74591960430145,81.59111023187637
2025-05-28,MG92,75.17,73.15140474987031,67.44567691874505,78.86939437103273
2025-05-28,MG92,75.17,72.53854492855072,66.83281709742546,78.25653454971314
2025-05-28,MG92,75.17,73.95719687366486,68.2514690425396,79.67518649482727
2025-05-29,MG95,77.4,74.10564591693878,67.29394732999802,80.36134005355835
2025-05-29,MG95,77.4,75.3126966753006,68.50099808835984,81.56839081192017
2025-05-29,MG95,77.4,75.9627960805893,69.15109749364854,82.21849021720887
2025-05-29,MG92,76.07,72.59801514291763,66.75227996373177,78.41334720277787
2025-05-29,MG92,76.07,73.84707419633865,68.00133901715279,79.66240625619889
2025-05-29,MG92,76.07,74.77751535367966,68.9317801744938,80.5928474135399
2025-05-30,MG95,76.02,74.21072010612488,67.60210653281212,80.35583914852143
2025-05-30,MG95,76.02,75.34223923110963,68.73362565779686,81.48735827350617
2025-05-30,MG95,76.02,75.91512204122543,69.30650846791266,82.06024108362197
2025-05-30,MG92,74.69,72.51984133195879,66.88621982049943,78.1473253912926
2025-05-30,MG92,74.69,73.87742223596574,68.24380072450639,79.50490629529955
2025-05-30,MG92,74.69,74.5865147368908,68.95289322543145,80.21399879622462
2025-06-02,MG95,77.31,74.43741020536423,66.5626565334797,81.25075796937942
2025-06-02,MG95,77.31,75.43804839611053,67.563294724226,82.25139616012572
2025-06-02,MG95,77.31,76.14680026960373,68.2720465977192,82.96014803361892
2025-06-02,MG92,75.47,72.8132937374115,65.92203222298622,79.46412362480163
2025-06-02,MG92,75.47,73.9343484158516,67.04308690142632,80.58517830324173
2025-06-02,MG92,75.47,75.01558283090591,68.12432131648063,81.66641271829604
2025-06-03,MG95,77.7,74.19362225818634,67.11789487886429,80.56664865779877
2025-06-03,MG95,77.7,75.52829671430588,68.45256933498383,81.90132311391831
2025-06-03,MG95,77.7,75.92377134418489,68.84804396486284,82.29679774379731
2025-06-03,MG92,75.86,72.5541752948761,66.46695498013496,78.54145218515396
2025-06-03,MG92,75.86,74.06010148763657,67.97288117289543,80.04737837791443
2025-06-03,MG92,75.86,74.71202285170556,68.62480253696441,80.69929974198341
2025-06-04,MG95,78.1,74.2072111172676,66.79476635169982,80.75759982538223
2025-06-04,MG95,78.1,75.57278883743287,68.16034407186508,82.12317754554749
2025-06-04,MG95,78.1,75.99669974040985,68.58425497484207,82.54708844852448
2025-06-04,MG92,76.26,72.47511545944215,66.05338651823999,78.73465217399598
2025-06-04,MG92,76.26,74.10279961967468,67.68107067847252,80.36233633422852
2025-06-04,MG92,76.26,74.81474823498726,68.3930192937851,81.0742849495411
2025-06-05,MG95,77.06,74.02768990516662,66.31703380942345,80.7309172129631
2025-06-05,MG95,77.06,75.39677261400223,67.68611651825906,82.09999992179871
2025-06-05,MG95,77.06,76.07351537561416,68.36285927987099,82.77674268341065
2025-06-05,MG92,75.22,72.32091624307633,65.61108987855911,78.8026951699257
2025-06-05,MG92,75.22,73.90107678079605,67.19125041627883,80.38285570764542
2025-06-05,MG92,75.22,74.79132959246635,68.08150322794914,81.27310851931573
2025-06-06,MG95,77.44,74.28878547763824,64.52139162278175,82.1810248837471
2025-06-06,MG95,77.44,75.65560426998138,65.88821041512489,83.54784367609024
2025-06-06,MG95,77.44,76.18208207416535,66.41468821930886,84.07432148027421
2025-06-06,MG92,75.6,72.64518840694427,63.89350515985488,80.72762708806992
2025-06-06,MG92,75.6,74.10250236415862,65.35081911706924,82.18494104528428
2025-06-06,MG92,75.6,74.8807101597786,66.12902691268921,82.96314884090425
2025-06-09,MG95,78.69,74.1053671989441,66.92281771755219,80.54366535282136
2025-06-09,MG95,78.69,75.25819716739655,68.07564768600464,81.69649532127382
2025-06-09,MG95,78.69,75.93665185260772,68.75410237121582,82.374950006485
2025-06-09,MG92,76.85,72.46738134193421,66.26377237844467,78.56254449892045
2025-06-09,MG92,76.85,73.77122333145142,67.56761436796188,79.86638648843766
2025-06-09,MG92,76.85,74.68934413051605,68.4857351670265,80.78450728750228
2025-06-10,MG95,80.06,74.10348800182342,66.15374134540556,80.92254994153976
2025-06-10,MG95,80.06,75.46843426084519,67.51868760442733,82.28749620056152
2025-06-10,MG95,80.06,75.9896197514534,68.03987309503555,82.80868169116974
2025-06-10,MG92,78.18,72.30724265384674,65.3743784813881,78.9493996744156
2025-06-10,MG92,78.18,73.9543414721489,67.02147729969026,80.59649849271776
2025-06-10,MG92,78.18,74.86586307120324,67.9329988987446,81.5080200917721
2025-06-11,MG95,80.07,74.21954314041139,64.71363299655916,81.99946021604539
2025-06-11,MG95,80.07,75.51937689495088,66.01346675109865,83.29929397058488
2025-06-11,MG95,80.07,76.15427441596985,66.64836427211762,83.93419149160385
2025-06-11,MG92,77.89,72.54691859531403,64.02226424860955,80.4979003958702
2025-06-11,MG92,77.89,73.96964663410188,65.4449922873974,81.92062843465806
2025-06-11,MG92,77.89,74.74073625588417,66.21608190917969,82.69171805644035
2025-06-12,MG95,81.75,74.04452090978623,64.55631936192513,81.75065291166307
2025-06-12,MG95,81.75,75.51344342327118,66.02524187541009,83.21957542514802
2025-06-12,MG95,81.75,76.16502311038971,66.67682156252862,83.87115511226655
2025-06-12,MG92,79.62,72.32387050676346,63.862820097684846,80.16541856336593
2025-06-12,MG92,79.62,73.95870063686371,65.4976502277851,81.80024869346619
2025-06-12,MG92,79.62,74.68856447792054,66.22751406884193,82.53011253452301
2025-06-13,MG95,85.44,74.31049741172791,63.28881524705888,83.1041770067215
2025-06-13,MG95,85.44,75.62702269411088,64.60534052944185,84.42070228910447
2025-06-13,MG95,85.44,76.3447639875412,65.32308182287217,85.13844358253479
2025-06-13,MG92,83.31,72.59018068885803,62.51015434002876,81.78522928094864
2025-06-13,MG92,83.31,74.06346047496795,63.98343412613869,83.25850906705857
2025-06-13,MG92,83.31,75.05305494356156,64.9730285947323,84.24810353565218
2025-06-16,MG95,85.14,74.14763046312332,64.69264423298836,81.82199129152298
2025-06-16,MG95,85.14,75.49438250207902,66.03939627194406,83.16874333047868
2025-06-16,MG95,85.14,76.19033214855195,66.73534591841698,83.8646929769516
2025-06-16,MG92,83.01,72.37687428092957,63.95767132854462,80.17443726396561
2025-06-16,MG92,83.01,73.93657083797456,65.51736788558961,81.7341338210106
2025-06-16,MG92,83.01,74.9334320883751,66.51422913599015,82.73099507141114
2025-06-17,MG95,85.82,74.26694332122803,63.57234645724296,82.73141151428221
2025-06-17,MG95,85.82,75.48432163047791,64.78972476649284,83.9487898235321
2025-06-17,MG95,85.82,76.26085518693924,65.56625832295417,84.72532337999343
2025-06-17,MG92,83.91,72.5397372751236,62.864100827455516,81.32612947511673
2025-06-17,MG92,83.91,73.89193529939652,64.21629885172844,82.67832749938965
2025-06-17,MG92,83.91,74.99248825836182,65.31685181069373,83.77888045835495
2025-06-18,MG95,87.49,74.07719418811797,63.36121596622466,82.58590489912032
2025-06-18,MG95,87.49,75.64081872892379,64.92484050703048,84.14952943992614
2025-06-18,MG95,87.49,76.22701313495637,65.51103491306306,84.73572384595872
2025-06-18,MG92,85.59,72.25590103816987,62.53882804584504,81.10052909088135
2025-06-18,MG92,85.59,74.0591205444336,64.34204755210877,82.90374859714508
2025-06-18,MG92,85.59,74.94800407361984,65.23093108129501,83.79263212633133
2025-06-19,MG95,88.68,74.060065431118,64.28817422580718,81.95374898147583
2025-06-19,MG95,88.68,75.6345696849823,65.86267847967147,83.52825323534012
2025-06-19,MG95,88.68,76.2861170668602,66.51422586154938,84.17980061721802
2025-06-19,MG92,86.69,72.31210862827302,63.556871429204946,80.39605107259752
2025-06-19,MG92,86.69,74.08050545597078,65.3252682569027,82.16444790029527
2025-06-19,MG92,86.69,74.99309737110138,66.23786017203331,83.07703981542588
2025-06-20,MG95,89.81,73.85641711378098,63.33872346305847,82.2232451095581
2025-06-20,MG95,89.81,75.65301550769806,65.13532185697555,84.01984350347519
2025-06-20,MG95,89.81,76.22147521305084,65.70378156232833,84.58830320882797
2025-06-20,MG92,88.0,72.13938664388658,62.631647105932245,80.8101202197075
2025-06-20,MG92,88.0,74.07802599525452,64.57028645730018,82.74875957107544
2025-06-20,MG92,88.0,74.8545032503605,65.34676371240616,83.52523682618141
2025-06-23,MG95,89.27,74.40972145700454,62.94507924461364,83.4630795826912
2025-06-23,MG95,89.27,75.65990639352799,64.19526418113709,84.71326451921465
2025-06-23,MG95,89.27,76.291281583786,64.8266393713951,85.34463970947266
2025-06-23,MG92,87.46,72.47425351619721,61.96731578946114,81.96853349924088
2025-06-23,MG92,87.46,74.08364587306977,63.5767081463337,83.57792585611344
2025-06-23,MG92,87.46,75.010066757679,64.50312903094293,84.50434674072267
2025-06-24,MG95,82.55,74.27122935247421,63.0538076980114,83.1162652130127
2025-06-24,MG95,82.55,75.5807548084259,64.36333315396308,84.42579066896438
2025-06-24,MG95,82.55,76.23869843101501,65.0212767765522,85.0837342915535
2025-06-24,MG92,80.74,72.4648820743561,62.23551979994775,81.71061273193361
2025-06-24,MG92,80.74,73.98624398326875,63.756881708860405,83.23197464084626
2025-06-24,MG92,80.74,74.87124022197725,64.6418779475689,84.11697087955476
2025-06-25,MG95,81.1,74.35089699983597,62.834541943073276,83.40663528919221
2025-06-25,MG95,81.1,75.66302289247513,64.14666783571244,84.71876118183137
2025-06-25,MG95,81.1,76.2321125793457,64.715757522583,85.28785086870194
2025-06-25,MG92,79.29,72.39923885107041,61.85952870368958,81.89258335351944
2025-06-25,MG92,79.29,74.07084989738465,63.53113975000382,83.56419439983368
2025-06-25,MG92,79.29,74.88018635320664,64.34047620582581,84.37353085565567
2025-06-26,MG95,79.86,75.73941812324524,64.38635388302802,84.72092561531066
2025-06-26,MG95,79.86,76.3053980240822,64.95233378386497,85.28690551614761
2025-06-26,MG95,79.86,78.54613922452927,67.19307498431205,87.52764671659469
2025-06-26,MG92,78.05,74.15381041479111,63.75830853533745,83.56492005300522
2025-06-26,MG92,78.05,75.06156702804566,64.666065148592,84.47267666625977
2025-06-26,MG92,78.05,76.99939465570449,66.60389277625083,86.4105042939186
2025-06-27,MG95,79.59,75.67837361097337,64.06752516508102,84.85305768251419
2025-06-27,MG95,79.59,76.32877783012391,64.71792938423157,85.50346190166474
2025-06-27,MG95,79.59,78.62505716276169,67.01420871686935,87.79974123430252
2025-06-27,MG92,77.78,74.11083076429367,63.441595897197715,83.74768848133087
2025-06-27,MG92,77.78,75.09554580783845,64.4263109407425,84.73240352487565
2025-06-27,MG92,77.78,77.25672790861131,66.58749304151536,86.89358562564851
2025-06-30,MG95,79.2,75.81575986719132,64.28951866245269,84.89425680017472
2025-06-30,MG95,79.2,76.3281738266945,64.80193262195587,85.4066707596779
2025-06-30,MG95,79.2,78.32473478889466,66.79849358415603,87.40323172187806
2025-06-30,MG92,77.39,74.22539129161835,63.665808738708506,83.74699255371095
2025-06-30,MG92,77.39,75.03326663112641,64.47368407821656,84.55486789321901
2025-06-30,MG92,77.39,76.84307705783843,66.28349450492858,86.36467831993103
2025-07-01,MG95,79.36,75.57039619350434,63.90569097304345,84.76026160860063
2025-07-01,MG95,79.36,76.33908898973465,64.67438376927376,85.52895440483094
2025-07-01,MG95,79.36,78.27047405862808,66.6057688381672,87.46033947372437
2025-07-01,MG92,77.65,73.99018524169922,63.27900674700737,83.64235161781312
2025-07-01,MG92,77.65,75.07536822080613,64.36418972611428,84.72753459692002
2025-07-01,MG92,77.65,76.81836951112749,66.10719101643564,86.47053588724138
2025-07-02,MG95,80.1,75.45910437583923,61.257273943424224,86.80694919347764
2025-07-02,MG95,80.1,76.29879794454575,62.096967512130746,87.64664276218416
2025-07-02,MG95,80.1,78.07637503242492,63.87454460000991,89.42421985006332
2025-07-02,MG92,78.26,73.8960216884613,60.39271776008606,85.92236787128448
2025-07-02,MG92,78.26,75.16016466236115,61.65686073398591,87.18651084518433
2025-07-02,MG92,78.26,76.62560336780548,63.122299439430236,88.65194955062866
2025-07-03,MG95,80.19,75.61661594104767,63.557971347093584,85.07886300754548
2025-07-03,MG95,80.19,76.37580957555771,64.31716498160363,85.83805664205552
2025-07-03,MG95,80.19,78.49586411857605,66.43721952462197,87.95811118507386
2025-07-03,MG92,78.83,74.02468261861802,62.91022455954552,83.98841648960114
2025-07-03,MG92,78.83,75.27342046165467,64.15896240258218,85.23715433263779
2025-07-03,MG92,78.83,77.11533050107957,66.00087244200708,87.07906437206269
2025-07-04,MG95,80.68,75.62827428579331,63.54141539216042,85.1351115345955
2025-07-04,MG95,80.68,76.36697303295136,64.28011413931847,85.87381028175355
2025-07-04,MG95,80.68,78.45211662769317,66.36525773406028,87.95895387649536
2025-07-04,MG92,79.32,74.03994756364823,62.88195031428338,84.05645303153993
2025-07-04,MG92,79.32,75.19747765254975,64.03948040318491,85.21398312044145
2025-07-04,MG92,79.32,76.9839094605446,65.82591221117974,87.0004149284363
2025-07-07,MG95,80.11,75.59732146072389,63.76190412688257,84.88241125154497
2025-07-07,MG95,80.11,76.34971165180207,64.51429431796075,85.63480144262314
2025-07-07,MG95,80.11,78.70893423080445,66.87351689696312,87.99402402162552
2025-07-07,MG92,78.42,74.00015029573441,63.12766696953774,83.75953848505021
2025-07-07,MG92,78.42,75.27798137140275,64.40549804520607,85.03736956071855
2025-07-07,MG92,78.42,77.19592128610611,66.32343795990944,86.95530947542191
2025-07-08,MG95,79.99,75.61863774299621,63.12126747488975,85.43535982131958
2025-07-08,MG95,79.99,76.35312467479706,63.85575440669059,86.16984675312042
2025-07-08,MG95,79.99,78.67275463485717,66.1753843667507,88.48947671318054
2025-07-08,MG92,78.3,74.02429268932342,62.432831326484674,84.39047555780411
2025-07-08,MG92,78.3,75.28669775629044,63.695236393451694,85.65288062477113
2025-07-08,MG92,78.3,77.1403327960968,65.54887143325806,87.50651566457749
2025-07-09,MG95,81.39,75.513666285038,62.59646010613442,85.69643435811997
2025-07-09,MG95,81.39,76.34149896526337,63.42429278635979,86.52426703834534
2025-07-09,MG95,81.39,78.24350671195984,65.32630053305627,88.42627478504181
2025-07-09,MG92,79.7,73.91510374403,61.85475240445138,84.68965449190141
2025-07-09,MG92,79.7,75.17671323776246,63.11636189818383,85.95126398563386
2025-07-09,MG92,79.7,76.7197547979355,64.65940345835688,87.4943055458069
2025-07-10,MG95,80.3,75.62372968864442,62.78931219887733,85.75005133342744
2025-07-10,MG95,80.3,76.32573859262467,63.49132110285759,86.4520602374077
2025-07-10,MG95,80.3,78.11650790023803,65.28209041047094,88.24282954502105
2025-07-10,MG92,78.61,74.03597657966614,62.05910158324242,84.74881183671953
2025-07-10,MG92,78.61,75.20710467243195,63.230229676008236,85.91993992948534
2025-07-10,MG92,78.61,76.61921765470505,64.64234265828134,87.33205291175844
2025-07-11,MG95,79.29,75.49678762626648,62.161546259641646,85.99363033008575
2025-07-11,MG95,79.29,76.36852006816864,63.0332787015438,86.8653627719879
2025-07-11,MG95,79.29,78.10140758419037,64.76616621756554,88.59825028800964
2025-07-11,MG92,77.6,73.89462983322144,61.397452769994736,85.01131293725967
2025-07-11,MG92,77.6,75.35465114021302,62.857474076986314,86.47133424425125
2025-07-11,MG92,77.6,76.68376044988634,64.18658338665963,87.80044355392457
2025-07-14,MG95,80.84,75.67820245313644,61.331872908353795,87.17024774837493
2025-07-14,MG95,80.84,76.42329213666916,62.07696259188652,87.91533743190766
2025-07-14,MG95,80.84,78.7763448600769,64.43001531529427,90.2683901553154
2025-07-14,MG92,79.15,74.1456044139862,60.47453908944131,86.32266788625718
2025-07-14,MG92,79.15,75.33671437644958,61.66564905190468,87.51377784872055
2025-07-14,MG92,79.15,77.21187971305847,63.54081438851357,89.38894318532944
2025-07-15,MG95,78.87,75.45832346820832,62.36959841632844,85.78399942064286
2025-07-15,MG95,78.87,76.3219943819046,63.23326933002472,86.64767033433914
2025-07-15,MG95,78.87,78.04565500116348,64.95692994928359,88.37133095359802
2025-07-15,MG92,77.18,73.8649217672348,61.61746556591987,84.79637097072602
2025-07-15,MG92,77.18,75.3588462562561,63.11139005494117,86.29029545974731
2025-07-15,MG92,77.18,76.50516558909416,64.25770938777923,87.43661479258537
2025-07-16,MG95,79.2,75.35398137187958,61.16534881329536,86.62522414302826
2025-07-16,MG95,79.2,76.32454748010636,62.13591492152214,87.59579025125504
2025-07-16,MG95,79.2,77.88491053915024,63.696277980566016,89.15615331029892
2025-07-16,MG92,77.51,73.78442672204972,60.329356872558606,85.72956094932557
2025-07-16,MG92,77.51,75.23466407489776,61.779594225406655,87.17979830217362
2025-07-16,MG92,77.51,76.47101020288468,63.015940353393574,88.41614443016054
2025-07-17,MG95,79.08,75.63677690792085,61.93406768846513,86.40227501440049
2025-07-17,MG95,79.08,76.41647918987275,62.713769970417026,87.18197729635239
2025-07-17,MG95,79.08,78.50278433609009,64.80007511663436,89.26828244256973
2025-07-17,MG92,77.39,74.0515265402794,61.17535306549073,85.45694966411591
2025-07-17,MG92,77.39,75.23879568910598,62.36262221431732,86.6442188129425
2025-07-17,MG92,77.39,77.03260348892212,64.15643001413346,88.43802661275863
2025-07-18,MG95,79.42,75.57033379220962,60.65374555850028,87.5048131814003
2025-07-18,MG95,79.42,76.37773214149476,61.46114390778542,88.31221153068543
2025-07-18,MG95,79.42,78.35897149848938,63.44238326478004,90.29345088768005
2025-07-18,MG92,77.73,74.02222938632966,59.75548586463929,86.65648932790756
2025-07-18,MG92,77.73,75.38885828590394,61.12211476421357,88.02311822748185
2025-07-18,MG92,77.73,76.89965319585801,62.63290967416764,89.53391313743592
2025-07-21,MG95,78.69,75.30967466974259,59.98119777584077,87.59907479429246
2025-07-21,MG95,78.69,76.43004415512085,61.10156726121903,88.71944427967072
2025-07-21,MG95,78.69,77.98693926572798,62.65846237182616,90.27633939027785
2025-07-21,MG92,77.0,73.73673819446564,59.02315406107904,86.73336135292054
2025-07-21,MG92,77.0,75.41011315965653,60.69652902626993,88.40673631811143
2025-07-21,MG92,77.0,76.43524817347527,61.72166404008867,89.43187133193017
2025-07-22,MG95,78.08,75.48684085988998,60.37874750995635,87.59147966527938
2025-07-22,MG95,78.08,76.3978547000885,61.28976135015487,88.5024935054779
2025-07-22,MG95,78.08,78.39337378025056,63.285280430316924,90.49801258563996
2025-07-22,MG92,76.39,73.9359483499527,59.45870858025551,86.74442625236512
2025-07-22,MG92,76.39,75.50699047231674,61.02975070261956,88.31546837472916
2025-07-22,MG92,76.39,76.72894129943847,62.25170152974129,89.5374192018509
2025-07-23,MG95,77.26,75.57998281526567,59.49233176994324,88.54819313812256
2025-07-23,MG95,77.26,76.22164801454545,60.13399696922303,89.18985833740234
2025-07-23,MG95,77.26,78.3995325074196,62.31188146209717,91.36774283027648
2025-07-23,MG92,75.57,74.06190425491334,58.51589539146425,87.74101733541491
2025-07-23,MG92,75.57,75.14249088859559,59.59648202514649,88.82160396909715
2025-07-23,MG92,75.57,76.88124081373215,61.33523195028305,90.56035389423371
2025-05-29,MG95,77.4,74.7062541460991,73.14590587377549,76.8835464334488
2025-05-29,MG95,77.4,75.91330490446092,74.3529566321373,78.09059719181062
2025-05-29,MG95,77.4,76.56340430974961,75.003056037426,78.74069659709932
2025-05-29,MG92,76.07,72.68169517147541,71.45085771489144,74.77637835431099
2025-05-29,MG92,76.07,73.93075422489643,72.69991676831246,76.02543740773201
2025-05-29,MG92,76.07,74.86119538223744,73.63035792565347,76.95587856507302
2025-05-30,MG95,76.02,74.93498248958588,72.61287693285942,77.41771454715729
2025-05-30,MG95,76.02,76.06650161457063,73.74439605784417,78.54923367214204
2025-05-30,MG95,76.02,76.63938442468643,74.31727886795997,79.12211648225784
2025-05-30,MG92,74.69,72.9029057123661,70.98042086148261,75.09325164818763
2025-05-30,MG92,74.69,74.26048661637307,72.33800176548958,76.4508325521946
2025-05-30,MG92,74.69,74.96957911729814,73.04709426641465,77.15992505311966
2025-06-02,MG95,77.31,75.06242424631118,72.08921298766136,78.00030196094512
2025-06-02,MG95,77.31,76.0630624370575,73.08985117840767,79.00094015169144
2025-06-02,MG95,77.31,76.7718143105507,73.79860305190087,79.70969202518464
2025-06-02,MG92,75.47,73.17033797812462,70.37749726188183,75.84465652656554
2025-06-02,MG92,75.47,74.29139265656471,71.49855194032192,76.96571120500563
2025-06-02,MG92,75.47,75.37262707161904,72.57978635537624,78.04694562005996
2025-06-03,MG95,77.7,74.95376043748855,71.65670623612404,77.99069427680969
2025-06-03,MG95,77.7,76.2884348936081,72.99138069224358,79.32536873292923
2025-06-03,MG95,77.7,76.68390952348709,73.38685532212257,79.72084336280822
2025-06-03,MG92,75.86,73.12004242920875,70.10492952370643,75.77165389919281
2025-06-03,MG92,75.86,74.62596862196922,71.6108557164669,77.27758009195328
2025-06-03,MG92,75.86,75.2778899860382,72.26277708053588,77.92950145602227
2025-06-04,MG95,78.1,74.91655395269393,71.7407436454296,77.88748077392577
2025-06-04,MG95,78.1,76.2821316728592,73.10632136559487,79.25305849409104
2025-06-04,MG95,78.1,76.70604257583618,73.53023226857185,79.67696939706802
2025-06-04,MG92,76.26,72.98211215996743,70.09521270298958,75.58296873950958
2025-06-04,MG92,76.26,74.60979632019996,71.72289686322212,77.21065289974212
2025-06-04,MG92,76.26,75.32174493551254,72.4348454785347,77.9226015150547
2025-06-05,MG95,77.06,74.7344736328125,71.15274934673309,78.0151355137825
2025-06-05,MG95,77.06,76.1035563416481,72.5218320555687,79.3842182226181
2025-06-05,MG95,77.06,76.78029910326003,73.19857481718063,80.06096098423004
2025-06-05,MG92,75.22,72.84631165504456,69.38804780066013,75.7998089838028
2025-06-05,MG92,75.22,74.4264721927643,70.96820833837987,77.37996952152254
2025-06-05,MG92,75.22,75.31672500443459,71.85846115005016,78.27022233319283
2025-06-06,MG95,77.44,74.97484892892838,70.04097023892403,79.04042709159852
2025-06-06,MG95,77.44,76.34166772127152,71.40778903126717,80.40724588394166
2025-06-06,MG95,77.44,76.86814552545547,71.93426683545113,80.93372368812561
2025-06-06,MG92,75.6,73.39187623000146,68.49914153134824,76.99972990846635
2025-06-06,MG92,75.6,74.84919018721581,69.9564554885626,78.4570438656807
2025-06-06,MG92,75.6,75.62739798283577,70.73466328418256,79.23525166130067
2025-06-09,MG95,78.69,74.92000346231461,70.77923949408532,78.4347449426651
2025-06-09,MG95,78.69,76.07283343076706,71.93206946253777,79.58757491111756
2025-06-09,MG95,78.69,76.75128811597824,72.61052414774895,80.26602959632874
2025-06-09,MG92,76.85,73.20445156311989,69.29492260849476,76.24135752892495
2025-06-09,MG92,76.85,74.5082935526371,70.59876459801197,77.54519951844216
2025-06-09,MG92,76.85,75.42641435170174,71.5168853970766,78.4633203175068
2025-06-10,MG95,80.06,74.94710793685913,69.65833437037467,79.19388165664672
2025-06-10,MG95,80.06,76.31205419588089,71.02328062939644,80.55882791566849
2025-06-10,MG95,80.06,76.83323968648911,71.54446612000466,81.0800134062767
2025-06-10,MG92,78.18,73.2284690823555,68.03647408688069,76.9444188489914
2025-06-10,MG92,78.18,74.87556790065766,69.68357290518284,78.59151766729356
2025-06-10,MG92,78.18,75.787089499712,70.59509450423718,79.5030392663479
2025-06-11,MG95,80.07,74.94361533451081,69.7222075932026,79.11220748949052
2025-06-11,MG95,80.07,76.2434490890503,71.02204134774209,80.41204124403001
2025-06-11,MG95,80.07,76.87834661006927,71.65693886876106,81.04693876504898
2025-06-11,MG92,77.89,73.39368970251084,68.35158920383454,76.9863545498848
2025-06-11,MG92,77.89,74.81641774129868,69.77431724262237,78.40908258867263
2025-06-11,MG92,77.89,75.58750736308099,70.54540686440468,79.18017221045494
2025-06-12,MG95,81.75,74.86080915641784,68.53248433184623,79.79749209594726
2025-06-12,MG95,81.75,76.3297316699028,70.00140684533119,81.26641460943222
2025-06-12,MG95,81.75,76.98131135702133,70.65298653244972,81.91799429655075
2025-06-12,MG92,79.62,73.36931616449357,67.05928430581093,77.72670057320596
2025-06-12,MG92,79.62,75.00414629459381,68.69411443591117,79.3615307033062
2025-06-12,MG92,79.62,75.73401013565064,69.423978276968,80.09139454436303
2025-06-13,MG95,85.44,75.06901823616028,68.66385697460174,80.0366071972847
2025-06-13,MG95,85.44,76.38554351854324,69.98038225698471,81.35313247966766
2025-06-13,MG95,85.44,77.10328481197357,70.69812355041503,82.07087377309799
2025-06-13,MG92,83.31,73.61133881449699,67.2902984136343,77.95271894454956
2025-06-13,MG92,83.31,75.08461860060692,68.76357819974423,79.42599873065949
2025-06-13,MG92,83.31,76.07421306920051,69.75317266833783,80.41559319925308
2025-06-16,MG95,85.14,74.83934379816056,69.87882245779038,79.01680011749268
2025-06-16,MG95,85.14,76.18609583711624,71.22557449674606,80.36355215644836
2025-06-16,MG95,85.14,76.88204548358917,71.92152414321899,81.05950180292129
2025-06-16,MG92,83.01,73.07960041213036,67.98983207452298,76.89601152706148
2025-06-16,MG92,83.01,74.63929696917535,69.54952863156797,78.45570808410646
2025-06-16,MG92,83.01,75.63615821957589,70.54638988196851,79.452569334507
2025-06-17,MG95,85.82,75.06492445135116,68.3765978243351,80.25554928445816
2025-06-17,MG95,85.82,76.28230276060104,69.59397613358497,81.47292759370804
2025-06-17,MG95,85.82,77.05883631706237,70.3705096900463,82.24946115016937
2025-06-17,MG92,83.91,73.62663076901435,66.91920711541177,78.23284317874908
2025-06-17,MG92,83.91,74.97882879328728,68.27140513968469,79.585041203022
2025-06-17,MG92,83.91,76.07938175225257,69.37195809864998,80.6855941619873
2025-06-18,MG95,87.49,74.84015412139892,68.18767173099518,80.04594470071793
2025-06-18,MG95,87.49,76.40377866220474,69.751296271801,81.60956924152374
2025-06-18,MG95,87.49,76.9899730682373,70.33749067783356,82.1957636475563
2025-06-18,MG92,85.59,73.26689714932442,66.48447024130822,77.95518301272392
2025-06-18,MG92,85.59,75.07011665558815,68.28768974757195,79.75840251898765
2025-06-18,MG92,85.59,75.95900018477441,69.1765732767582,80.64728604817391
2025-06-19,MG95,88.68,74.85378144264222,68.41772327899933,79.88579974651337
2025-06-19,MG95,88.68,76.4282856965065,69.99222753286362,81.46030400037766
2025-06-19,MG95,88.68,77.07983307838441,70.64377491474153,82.11185138225557
2025-06-19,MG92,86.69,73.33246362543106,66.8477736506462,77.81647539234162
2025-06-19,MG92,86.69,75.10086045312882,68.61617047834396,79.58487222003937
2025-06-19,MG92,86.69,76.01345236825944,69.52876239347458,80.49746413516999
2025-06-20,MG95,89.81,74.6323163638115,67.78197251057625,79.99017478322983
2025-06-20,MG95,89.81,76.42891475772858,69.57857090449333,81.78677317714691
2025-06-20,MG95,89.81,76.99737446308136,70.14703060984611,82.35523288249969
2025-06-20,MG92,88.0,73.17070119142532,66.1365966963768,78.02722016096115
2025-06-20,MG92,88.0,75.10934054279328,68.07523604774475,79.9658595123291
2025-06-20,MG92,88.0,75.88581779789925,68.85171330285073,80.74233676743508
2025-06-23,MG95,89.27,75.24479522323608,67.25508706784248,81.39782025432586
2025-06-23,MG95,89.27,76.49498015975952,68.50527200436592,82.6480051908493
2025-06-23,MG95,89.27,77.12635535001755,69.13664719462395,83.27938038110733
2025-06-23,MG92,87.46,73.6903849170208,65.54796172237397,79.26033986067772
2025-06-23,MG92,87.46,75.29977727389335,67.15735407924653,80.86973221755028
2025-06-23,MG92,87.46,76.22619815850258,68.08377496385576,81.79615310215951
2025-06-24,MG95,82.55,75.100231402874,67.3025664625168,81.11432068920136
2025-06-24,MG95,82.55,76.40975685882569,68.61209191846848,82.42384614515305
2025-06-24,MG95,82.55,77.0677004814148,69.2700355410576,83.08178976774217
2025-06-24,MG92,80.74,73.65900328302385,65.68902036631108,79.11039573454859
2025-06-24,MG92,80.74,75.1803651919365,67.21038227522374,80.63175764346124
2025-06-24,MG92,80.74,76.065361430645,68.09537851393223,81.51675388216974
2025-06-25,MG95,81.1,75.19113220453264,67.267426507473,81.29380841732026
2025-06-25,MG95,81.1,76.5032580971718,68.57955240011216,82.60593430995942
2025-06-25,MG95,81.1,77.07234778404236,69.14864208698273,83.17502399682999
2025-06-25,MG92,79.29,73.6252006444931,65.5546040431261,79.14450822925568
2025-06-25,MG92,79.29,75.29681169080735,67.22621508944034,80.81611927556992
2025-06-25,MG92,79.29,76.10614814662934,68.03555154526234,81.62545573139191
2025-06-26,MG95,79.86,76.56894961309433,68.2428728671074,82.993945810318
2025-06-26,MG95,79.86,77.13492951393127,68.80885276794433,83.55992571115493
2025-06-26,MG95,79.86,79.37567071437836,71.04959396839142,85.80066691160202
2025-06-26,MG92,78.05,75.3666819896698,66.77258149051667,81.25907027864457
2025-06-26,MG92,78.05,76.27443860292433,67.6803381037712,82.1668268918991
2025-06-26,MG92,78.05,78.2122662305832,69.61816573143007,84.10465451955797
2025-06-27,MG95,79.59,76.52892819213866,67.5113919095993,83.49689093399047
2025-06-27,MG95,79.59,77.17933241128921,68.16179612874984,84.14729515314102
2025-06-27,MG95,79.59,79.475611743927,70.45807546138764,86.44357448577881
2025-06-27,MG92,77.78,75.38765074753762,66.02636194193363,81.84194513821602
2025-06-27,MG92,77.78,76.37236579108239,67.0110769854784,82.82666018176079
2025-06-27,MG92,77.78,78.53354789185525,69.17225908625126,84.98784228253365
2025-06-30,MG95,79.2,76.64425099611282,68.22477222204208,83.14987278699874
2025-06-30,MG95,79.2,77.156664955616,68.73718618154525,83.66228674650192
2025-06-30,MG95,79.2,79.15322591781616,70.73374714374542,85.65884770870208
2025-06-30,MG92,77.39,75.44299593257905,66.70249571192265,81.44115045952798
2025-06-30,MG92,77.39,76.25087127208711,67.51037105143071,82.24902579903603
2025-06-30,MG92,77.39,78.06068169879913,69.32018147814273,84.05883622574805
2025-07-01,MG95,79.36,76.4075043272972,67.44954580783843,83.3387063217163
2025-07-01,MG95,79.36,77.17619712352753,68.21823860406876,84.10739911794663
2025-07-01,MG95,79.36,79.10758219242095,70.14962367296218,86.03878418684005
2025-07-01,MG92,77.65,75.24309129309654,65.87596890103818,81.69661504101754
2025-07-01,MG92,77.65,76.32827427220344,66.96115188014508,82.78179802012444
2025-07-01,MG92,77.65,78.0712755625248,68.70415317046644,84.5247993104458
2025-07-02,MG95,80.1,76.3435985341072,67.62274729156493,83.06792442941665
2025-07-02,MG95,80.1,77.18329210281372,68.46244086027146,83.90761799812317
2025-07-02,MG95,80.1,78.9608691906929,70.24001794815064,85.68519508600235
2025-07-02,MG92,78.26,75.17081872320175,66.23051592624188,81.3213723359108
2025-07-02,MG92,78.26,76.4349616971016,67.49465890014173,82.58551530981065
2025-07-02,MG92,78.26,77.90040040254593,68.96009760558606,84.05095401525497
2025-07-03,MG95,80.19,76.5305359249115,67.21446334171296,83.74296538877488
2025-07-03,MG95,80.19,77.28972955942154,67.973656976223,84.50215902328492
2025-07-03,MG95,80.19,79.40978410243989,70.09371151924134,86.62221356630326
2025-07-03,MG92,78.83,75.42194913601875,65.88890556609631,82.0418152270317
2025-07-03,MG92,78.83,76.6706869790554,67.13764340913296,83.29055307006836
2025-07-03,MG92,78.83,78.5125970184803,68.97955344855787,85.13246310949326
2025-07-04,MG95,80.68,76.51667761564255,66.84151974081993,84.01865154266358
2025-07-04,MG95,80.68,77.2553763628006,67.58021848797799,84.75735028982163
2025-07-04,MG95,80.68,79.34051995754241,69.6653620827198,86.84249388456344
2025-07-04,MG92,79.32,75.40706984972954,65.36961371219158,82.39188905215262
2025-07-04,MG92,79.32,76.56459993863106,66.5271438010931,83.54941914105414
2025-07-04,MG92,79.32,78.35103174662592,68.31357560908796,85.335850949049
2025-07-07,MG95,80.11,76.49698188591005,66.7663819460869,84.04515525388719
2025-07-07,MG95,80.11,77.24937207698822,67.51877213716507,84.79754544496537
2025-07-07,MG95,80.11,79.6085946559906,69.87799471616745,87.15676802396774
2025-07-07,MG92,78.42,75.38908692264557,65.2914937671423,82.42183831238748
2025-07-07,MG92,78.42,76.6669179983139,66.56932484281063,83.69966938805581
2025-07-07,MG92,78.42,78.58485791301727,68.487264757514,85.61760930275918
2025-07-08,MG95,79.99,76.52353591299057,67.42751256203651,83.55496132946014
2025-07-08,MG95,79.99,77.25802284479141,68.16199949383736,84.28944826126099
2025-07-08,MG95,79.99,79.57765280485152,70.48162945389747,86.6090782213211
2025-07-08,MG92,78.3,75.39850550222397,66.11862255859374,81.82364092159271
2025-07-08,MG92,78.3,76.66091056919099,67.38102762556076,83.08604598855973
2025-07-08,MG92,78.3,78.51454560899735,69.23466266536713,84.9396810283661
2025-07-09,MG95,81.39,76.37164473009109,66.60593923401832,83.95187317800521
2025-07-09,MG95,81.39,77.19947741031646,67.43377191424369,84.77970585823059
2025-07-09,MG95,81.39,79.10148515701295,69.33577966094018,86.68171360492707
2025-07-09,MG92,79.7,75.22882593655586,64.96959942364694,82.3599955751896
2025-07-09,MG92,79.7,76.49043543028831,66.23120891737939,83.62160506892205
2025-07-09,MG92,79.7,78.03347699046135,67.77425047755243,85.16464662909509
2025-07-10,MG95,80.3,76.48293383026123,67.03278620147705,83.80101282501221
2025-07-10,MG95,80.3,77.18494273424149,67.73479510545731,84.50302172899247
2025-07-10,MG95,80.3,78.97571204185485,69.52556441307067,86.29379103660582
2025-07-10,MG92,78.61,75.3406290512085,65.48498635816574,82.16856868672372
2025-07-10,MG92,78.61,76.51175714397431,66.65611445093155,83.33969677948953
2025-07-10,MG92,78.61,77.92387012624741,68.06822743320465,84.75180976176263
2025-07-11,MG95,79.29,76.42389196920395,65.83961463737488,84.69998467731476
2025-07-11,MG95,79.29,77.2956244111061,66.71134707927703,85.57171711921691
2025-07-11,MG95,79.29,79.02851192712784,68.44423459529877,87.30460463523865
2025-07-11,MG92,77.6,75.33973041200638,64.30784940564632,83.13733577752113
2025-07-11,MG92,77.6,76.79975171899795,65.7678707126379,84.59735708451271
2025-07-11,MG92,77.6,78.12886102867127,67.09698002231121,85.92646639418602
2025-07-14,MG95,80.84,76.59654448270797,65.85657886505126,84.99683580636977
2025-07-14,MG95,80.84,77.3416341662407,66.60166854858399,85.7419254899025
2025-07-14,MG95,80.84,79.69468688964844,68.95472127199173,88.09497821331024
2025-07-14,MG92,79.15,75.5339306294918,64.24658154904843,83.50900785326958
2025-07-14,MG92,79.15,76.72504059195519,65.43769151151182,84.70011781573297
2025-07-14,MG92,79.15,78.60020592856408,67.3128568481207,86.57528315234185
2025-07-15,MG95,78.87,76.36869145202637,65.84262851643562,84.59138030576706
2025-07-15,MG95,78.87,77.23236236572265,66.7062994301319,85.45505121946334
2025-07-15,MG95,78.87,78.95602298498153,68.42996004939079,87.17871183872222
2025-07-15,MG92,77.18,75.28317391729355,64.2968325213194,83.03438838100435
2025-07-15,MG92,77.18,76.77709840631485,65.7907570103407,84.52831287002564
2025-07-15,MG92,77.18,77.92341773915291,66.93707634317876,85.6746322028637
2025-07-16,MG95,79.2,76.28764277458191,65.39250868320465,84.82579374074936
2025-07-16,MG95,79.2,77.25820888280869,66.36307479143143,85.79635984897614
2025-07-16,MG95,79.2,78.81857194185255,67.9234378504753,87.35672290802
2025-07-16,MG92,77.51,75.21969152879714,63.78762290728092,83.32774943304062
2025-07-16,MG92,77.51,76.6699288816452,65.23786026012898,84.77798678588869
2025-07-16,MG92,77.51,77.90627500963211,66.47420638811589,86.01433291387559
2025-07-17,MG95,79.08,76.56562711000443,65.8285569369793,84.96654767990113
2025-07-17,MG95,79.08,77.34532939195634,66.60825921893121,85.74624996185304
2025-07-17,MG95,79.08,79.43163453817368,68.69456436514855,87.83255510807038
2025-07-17,MG92,77.39,75.50319108963014,64.24915886700154,83.46293610692025
2025-07-17,MG92,77.39,76.69046023845672,65.43642801582813,84.65020525574684
2025-07-17,MG92,77.39,78.48426803827286,67.23023581564426,86.44401305556298
2025-07-18,MG95,79.42,76.5144410071373,66.07668685293197,84.65519105768203
2025-07-18,MG95,79.42,77.32183935642243,66.88408520221711,85.46258940696717
2025-07-18,MG95,79.42,79.30307871341705,68.86532455921173,87.44382876396179
2025-07-18,MG92,77.73,75.42528914618492,64.46877431321144,83.12573079752922
2025-07-18,MG92,77.73,76.7919180457592,65.83540321278572,84.4923596971035
2025-07-18,MG92,77.73,78.30271295571328,67.34619812273979,86.00315460705757
2025-07-21,MG95,78.69,76.26727808380127,65.99756003284455,84.26526219511032
2025-07-21,MG95,78.69,77.38764756917953,67.11792951822281,85.38563168048859
2025-07-21,MG95,78.69,78.94454267978668,68.67482462882995,86.94252679109573
2025-07-21,MG92,77.0,75.13674100279809,64.34220004379749,82.69796514391899
2025-07-21,MG92,77.0,76.81011596798896,66.01557500898836,84.37134010910987
2025-07-21,MG92,77.0,77.83525098180772,67.04071002280712,85.39647512292862
2025-07-22,MG95,78.08,76.4318569316864,65.88383421444892,84.66548919820785
2025-07-22,MG95,78.08,77.34287077188492,66.79484805464745,85.57650303840637
2025-07-22,MG95,78.08,79.33838985204696,68.79036713480949,87.57202211856841
2025-07-22,MG92,76.39,75.33551889061928,64.21224951028825,83.15778482437135
2025-07-22,MG92,76.39,76.90656101298332,65.78329163265228,84.72882694673538
2025-07-22,MG92,76.39,78.12851184010506,67.00524245977402,85.95077777385713
2025-07-23,MG95,77.26,76.6379745335579,65.89525938344002,85.05740771007538
2025-07-23,MG95,77.26,77.27963973283768,66.5369245827198,85.69907290935517
2025-07-23,MG95,77.26,79.45752422571182,68.71480907559395,87.87695740222931
2025-07-23,MG92,75.57,75.58779200148584,64.40470371735097,83.5245611114502
2025-07-23,MG92,75.57,76.66837863516808,65.48529035103321,84.60514774513244
2025-07-23,MG92,75.57,78.40712856030464,67.22404027616977,86.343897670269
2025-07-24,MG95,78.14,77.3524407863617,66.14765827059746,86.16797078847885
2025-07-24,MG95,78.14,79.19504000902175,67.99025749325752,88.01057001113891
2025-07-24,MG95,78.14,77.21041466712953,66.00563215136529,86.02594466924668
2025-07-24,MG92,76.45,76.82986413669587,65.08027277719975,85.22144688796998
2025-07-24,MG92,76.45,78.0940738041401,66.34448244464397,86.4856565554142
2025-07-24,MG92,76.45,76.38928766155243,64.63969630205631,84.78087041282653
2025-07-25,MG95,78.22,77.28850572109222,66.78381435871124,85.48560522794723
2025-07-25,MG95,78.22,79.52223098278046,69.01753962039948,87.71933048963547
2025-07-25,MG95,78.22,77.02729820394516,66.52260684156418,85.22439771080018
2025-07-25,MG92,76.53,76.76369997549057,65.71283069002628,84.53457479047775
2025-07-25,MG92,76.53,78.33434580945968,67.28347652399539,86.10522062444686
2025-07-25,MG92,76.53,76.17541916298866,65.12454987752437,83.94629397797584
2025-07-28,MG95,77.92,77.34965751171111,65.56149078011512,86.69749335050582
2025-07-28,MG95,77.92,79.99496301174163,68.20679628014564,89.34279885053634
2025-07-28,MG95,77.92,77.56559482097626,65.77742808938027,86.91343065977097
2025-07-28,MG92,76.23,77.00117981386185,64.62860891413689,85.95336036634446
2025-07-28,MG92,76.23,78.9297011704445,66.55713027071954,87.8818817229271
2025-07-28,MG92,76.23,76.66582806873322,64.29325716900826,85.61800862121582
2025-07-29,MG95,79.49,77.3610076546669,65.35058476924897,86.89501830339432
2025-07-29,MG95,79.49,79.14950629234315,67.13908340692521,88.68351694107056
2025-07-29,MG95,79.49,77.85905559968948,65.84863271427155,87.3930662484169
2025-07-29,MG92,77.8,76.88982910418511,64.21295736634731,86.07602518701553
2025-07-29,MG92,77.8,78.14456159234048,65.46768985450268,87.3307576751709
2025-07-29,MG92,77.8,77.02897462391854,64.35210288608074,86.21517070674896
2025-07-30,MG95,81.72,77.41276452541351,65.73283270597457,86.66441688537597
2025-07-30,MG95,81.72,79.63812606096268,67.95819424152374,88.88977842092514
2025-07-30,MG95,81.72,77.65793290996552,65.97800109052659,86.90958526992799
2025-07-30,MG92,80.03,76.99561147189141,64.75102103567124,85.83926581001282
2025-07-30,MG92,80.03,78.44314832282066,66.1985578866005,87.28680266094207
2025-07-30,MG92,80.03,76.78247779870033,64.53788736248016,85.62613213682174
2025-07-31,MG95,82.4,77.40508407354355,66.36269724369049,86.06830912828445
2025-07-31,MG95,82.4,78.89184617757797,67.84945934772492,87.55507123231888
2025-07-31,MG95,82.4,78.28325038146973,67.24086355161667,86.94647543621063
2025-07-31,MG92,80.71,76.8396799747944,65.21579299438,85.09699166703224
2025-07-31,MG92,80.71,77.85215779209138,66.22827081167698,86.10946948432922
2025-07-31,MG92,80.71,77.33003008818626,65.70614310777187,85.58734178042411
2025-08-01,MG95,81.46,77.38413473367692,65.38573592305184,86.90613498687745
2025-08-01,MG95,81.46,79.23119338035582,67.23279456973074,88.75319363355635
2025-08-01,MG95,81.46,77.96539930820465,65.96700049757958,87.48739956140518
2025-08-01,MG92,79.77,76.80338628530502,64.13608933568001,85.97861415028572
2025-08-01,MG92,79.77,78.17896858263015,65.51167163300514,87.35419644761085
2025-08-01,MG92,79.77,77.09875394153595,64.43145699191093,86.27398180651664
2025-08-04,MG95,79.18,77.36746244430542,64.32376252412796,87.87482582330703
2025-08-04,MG95,79.18,79.16136098146438,66.11766106128692,89.668724360466
2025-08-04,MG95,79.18,78.66566026639939,65.62196034622193,89.173023645401
2025-08-04,MG92,77.49,76.81709118103981,63.01256298696996,87.05485618925096
2025-08-04,MG92,77.49,78.22291317057609,64.41838497650625,88.46067817878723
2025-08-04,MG92,77.49,77.71520684409141,63.91067865002156,87.95297185230255
2025-08-05,MG95,79.02,77.39082298278808,64.2551938354969,88.02377114295959
2025-08-05,MG95,79.02,79.9800578188896,66.84442867159842,90.61300597906111
2025-08-05,MG95,79.02,78.25287752389909,65.1172483766079,88.8858256840706
2025-08-05,MG92,77.33,76.91141606235504,63.08054263913632,87.24176573300362
2025-08-05,MG92,77.33,78.84005699443819,65.00918357121947,89.17040666508676
2025-08-05,MG92,77.33,77.35114754104615,63.52027411782742,87.68149721169472
2025-08-06,MG95,78.93,77.39409506320953,64.9889387190342,87.31977957487106
2025-08-06,MG95,78.93,79.23707578659057,66.83191944241523,89.1627602982521
2025-08-06,MG95,78.93,78.5628273563385,66.15767101216316,88.48851186800003
2025-08-06,MG92,77.24,76.92448831415176,63.88351923680305,86.49457202172279
2025-08-06,MG92,77.24,78.18885225105285,65.14788317370414,87.75893595862388
2025-08-06,MG92,77.24,77.54459681940078,64.50362774205207,87.11468052697181
2025-08-07,MG95,77.92,77.40809898376465,65.2297448694706,87.09764288663864
2025-08-07,MG95,77.92,79.44526791095734,67.26691379666329,89.13481181383133
2025-08-07,MG95,77.92,78.15830891132354,65.97995479702949,87.84785281419754
2025-08-07,MG92,76.23,77.00840772604943,64.1497763094902,86.36106264448166
2025-08-07,MG92,76.23,78.36613597798348,65.50750456142426,87.71879089641571
2025-08-07,MG92,76.23,77.2803878967762,64.42175648021698,86.63304281520844
2025-08-08,MG95,78.6,77.28158948421478,66.77077893018722,85.48634938001632
2025-08-08,MG95,78.6,79.4278771662712,68.91706661224364,87.63263706207275
2025-08-08,MG95,78.6,78.47182987070084,67.96101931667329,86.67658976650239
2025-08-08,MG92,76.45,76.7921814980507,65.64072093033792,84.6179780509472
2025-08-08,MG92,76.45,78.24684928178787,67.0953887140751,86.07264583468438
2025-08-08,MG92,76.45,77.43465804576874,66.28319747805597,85.26045459866525
2025-08-11,MG95,79.23,77.34143353700638,64.77309722900391,87.41599406003952
2025-08-11,MG95,79.23,79.11800872564316,66.54967241764069,89.1925692486763
2025-08-11,MG95,79.23,78.10746698427201,65.53913067626954,88.18202750730515
2025-08-11,MG92,77.08,76.94003379154205,63.706932721614834,86.67887034106255
2025-08-11,MG92,77.08,78.03464354395867,64.80154247403145,87.77348009347917
2025-08-11,MG92,77.08,77.22236875820158,63.98926768827437,86.96120530772208
2025-08-12,MG95,80.53,77.38670278787613,66.09450976252556,86.26149137020111
2025-08-12,MG95,80.53,78.66247008800507,67.3702770626545,87.53725867033005
2025-08-12,MG95,80.53,79.12813909387589,67.83594606852532,88.00292767620087
2025-08-12,MG92,78.38,76.87310436415673,64.8842373894453,85.40280242729187
2025-08-12,MG92,78.38,77.55937283349039,65.57050585877896,86.08907089662553
2025-08-12,MG92,78.38,78.05829033064842,66.06942335593699,86.58798839378356
2025-08-13,MG95,79.43,77.39609770774841,65.40570582747459,86.9203778386116
2025-08-13,MG95,79.43,78.85295098781586,66.86255910754204,88.37723111867905
2025-08-13,MG95,79.43,78.97802218675614,66.98763030648232,88.50230231761932
2025-08-13,MG92,77.01,77.0324248971939,64.40770595991611,86.19147822523118
2025-08-13,MG92,77.01,77.85815449619294,65.23343555891515,87.01720782423021
2025-08-13,MG92,77.01,77.97841107559204,65.35369213831424,87.13746440362931
2025-08-14,MG95,79.84,77.35695312023162,64.4168371617794,87.76548836231231
2025-08-14,MG95,79.84,79.36812074422836,66.42800478577614,89.77665598630905
2025-08-14,MG95,79.84,77.67280124807358,64.73268528962136,88.08133649015427
2025-08-14,MG92,77.42,76.97037919425965,63.28073501729966,87.09978824639322
2025-08-14,MG92,77.42,78.35035550308228,64.6607113261223,88.47976455521585
2025-08-14,MG92,77.42,76.7822054643631,63.092561287403115,86.91161451649667
2025-08-15,MG95,80.6,77.37324421405793,64.72686769366265,87.47926704883577
2025-08-15,MG95,80.6,78.4211691379547,65.77479261755943,88.52719197273254
2025-08-15,MG95,80.6,77.99484573507308,65.3484692146778,88.10086856985092
2025-08-15,MG92,78.18,76.94325436139107,63.50276974105836,86.78395016932488
2025-08-15,MG92,78.18,77.43667949008942,63.99619486975671,87.27737529802323
2025-08-15,MG92,78.18,77.04634128069877,63.60585666036606,86.88703708863258
2025-08-18,MG95,79.42,77.50800869464874,64.93846405148506,87.57124278545379
2025-08-18,MG95,79.42,79.18183554649353,66.61229090332985,89.24506963729858
2025-08-18,MG95,79.42,77.69159668874741,65.12205204558373,87.75483077955246
2025-08-18,MG92,76.71,77.09121418642998,63.82630618083478,86.83533770370484
2025-08-18,MG92,76.71,78.01496109223366,64.75005308663846,87.75908460950852
2025-08-18,MG92,76.71,76.78646396899224,63.521555963397034,86.5305874862671
2025-08-19,MG95,79.65,77.3033431649208,65.17851145863533,86.92416243553161
2025-08-19,MG95,79.65,78.50608162641524,66.38124992012976,88.12690089702605
2025-08-19,MG95,79.65,78.620929084301,66.49609737801552,88.2417483549118
2025-08-19,MG92,76.94,76.90179557323457,64.0177598285675,86.22488827705384
2025-08-19,MG92,76.94,77.56052641940119,64.67649067473413,86.88361912322046
2025-08-19,MG92,76.94,77.64732470798492,64.76328896331786,86.97041741180419
2025-08-20,MG95,80.77,77.47188996076585,64.61676784157754,87.79475651979448
2025-08-20,MG95,80.77,78.81818359375,65.9630614745617,89.14105015277863
2025-08-20,MG95,80.77,78.47321627855302,65.61809415936472,88.79608283758165
2025-08-20,MG92,78.16,77.03986428809166,63.43215466988088,87.08254018616677
2025-08-20,MG92,78.16,77.6673379175663,64.05962829935552,87.7100138156414
2025-08-20,MG92,78.16,77.52255053830146,63.914840920090676,87.56522643637656
2025-06-26,MG95,79.86,79.24236242723464,74.40472294044494,83.72826534461974
2025-06-26,MG95,79.86,79.80834232807159,74.97070284128189,84.2942452454567
2025-06-26,MG95,79.86,82.04908352851868,77.21144404172898,86.53498644590378
2025-06-26,MG92,78.05,77.76336810183525,72.52023371112347,81.97872317624092
2025-06-26,MG92,78.05,78.6711247150898,73.42799032437802,82.88647978949547
2025-06-26,MG92,78.05,80.60895234274865,75.36581795203686,84.82430741715432
2025-06-27,MG95,79.59,79.30424583721161,73.41412298250198,84.89730394649506
2025-06-27,MG95,79.59,79.95465005636215,74.06452720165252,85.5477081656456
2025-06-27,MG95,79.59,82.25092938899994,76.3608065342903,87.84398749828338
2025-06-27,MG92,77.78,77.86224025940896,71.44810826396943,82.94698100781441
2025-06-27,MG92,77.78,78.84695530295373,72.4328233075142,83.93169605135918
2025-06-27,MG92,77.78,81.00813740372658,74.59400540828705,86.09287815213203
2025-06-30,MG95,79.2,79.68178162336349,72.42023225784301,86.77167789697647
2025-06-30,MG95,79.2,80.19419558286666,72.93264621734617,87.28409185647963
2025-06-30,MG95,79.2,82.19075654506682,74.92920717954634,89.2806528186798
2025-06-30,MG92,77.39,78.2493922097683,70.2911502338648,84.51952139210702
2025-06-30,MG92,77.39,79.05726754927636,71.09902557337286,85.32739673161508
2025-06-30,MG92,77.39,80.8670779759884,72.90883600008489,87.13720715832712
2025-07-01,MG95,79.36,79.35937735795974,70.72737310290337,87.57334760189056
2025-07-01,MG95,79.36,80.12807015419006,71.49606589913368,88.34204039812087
2025-07-01,MG95,79.36,82.05945522308349,73.42745096802712,90.2734254670143
2025-07-01,MG92,77.65,77.9149142317772,68.65086400973797,85.36732210564614
2025-07-01,MG92,77.65,79.0000972108841,69.73604698884488,86.45250508475304
2025-07-01,MG92,77.65,80.74309850120545,71.47904827916622,88.19550637507439
2025-07-02,MG95,80.1,79.32380725765228,70.6241907300949,87.67135850811003
2025-07-02,MG95,80.1,80.16350082635878,71.4638842988014,88.51105207681654
2025-07-02,MG95,80.1,81.94107791423797,73.24146138668058,90.28862916469572
2025-07-02,MG92,78.26,77.86203739404678,68.48904221475124,85.38387097597122
2025-07-02,MG92,78.26,79.12618036794663,69.75318518865109,86.64801394987107
2025-07-02,MG92,78.26,80.59161907339097,71.21862389409543,88.11345265531541
2025-07-03,MG95,80.19,79.49737516689301,70.72120358395576,87.94831465530395
2025-07-03,MG95,80.19,80.25656880140305,71.4803972184658,88.70750828981399
2025-07-03,MG95,80.19,82.37662334442139,73.60045176148414,90.82756283283233
2025-07-03,MG92,78.83,78.05889678645134,68.59015651392936,85.65378568458557
2025-07-03,MG92,78.83,79.30763462948799,69.83889435696601,86.90252352762222
2025-07-03,MG92,78.83,81.1495446689129,71.68080439639091,88.74443356704712
2025-07-04,MG95,80.68,79.54118922233582,70.62142554998398,88.16543500900268
2025-07-04,MG95,80.68,80.27988796949386,71.36012429714202,88.90413375616072
2025-07-04,MG95,80.68,82.36503156423566,73.44526789188383,90.98927735090253
2025-07-04,MG92,79.32,78.10418248462678,68.46796037125587,85.8339340107441
2025-07-04,MG92,79.32,79.2617125735283,69.6254904601574,86.99146409964563
2025-07-04,MG92,79.32,81.04814438152314,71.41192226815224,88.77789590764047
2025-07-07,MG95,80.11,79.63988816547393,70.8704260866642,88.25210711765288
2025-07-07,MG95,80.11,80.39227835655211,71.62281627774237,89.00449730873106
2025-07-07,MG95,80.11,82.7515009355545,73.98203885674477,91.36371988773345
2025-07-07,MG92,78.42,78.21528316521645,68.64850566411019,85.82316870713234
2025-07-07,MG92,78.42,79.49311424088478,69.92633673977852,87.10099978280067
2025-07-07,MG92,78.42,81.41105415558815,71.84427665448189,89.01893969750404
2025-07-08,MG95,79.99,79.49053409194946,69.5059170076847,89.08086146211626
2025-07-08,MG95,79.99,80.2250210237503,70.24040393948555,89.8153483939171
2025-07-08,MG95,79.99,82.54465098381041,72.56003389954566,92.13497835397722
2025-07-08,MG92,78.3,78.03766348814965,67.36967327034473,86.7585721514225
2025-07-08,MG92,78.3,79.30006855511667,68.63207833731175,88.02097721838952
2025-07-08,MG92,78.3,81.15370359492303,70.48571337711812,89.87461225819588
2025-07-09,MG95,81.39,79.5216400308609,69.97850638461112,88.82360374164581
2025-07-09,MG95,81.39,80.34947271108626,70.8063390648365,89.65143642187118
2025-07-09,MG95,81.39,82.25148045778275,72.70834681153298,91.55344416856767
2025-07-09,MG92,79.7,78.07257848238946,67.75675005054475,86.38544924354554
2025-07-09,MG92,79.7,79.33418797612191,69.0183595442772,87.64705873727799
2025-07-09,MG92,79.7,80.87722953629495,70.56140110445024,89.19010029745102
2025-07-10,MG95,80.3,79.58227902555466,69.62501235508918,89.23463547134399
2025-07-10,MG95,80.3,80.28428792953491,70.32702125906944,89.93664437532425
2025-07-10,MG95,80.3,82.07505723714829,72.11779056668281,91.72741368293762
2025-07-10,MG92,78.61,78.13505510377885,67.4372671263218,86.83501790332795
2025-07-10,MG92,78.61,79.30618319654465,68.6083952190876,88.00614599609375
2025-07-10,MG92,78.61,80.71829617881775,70.0205082013607,89.41825897836685
2025-07-11,MG95,79.29,79.41282448816298,68.41224926161765,90.04531960535049
2025-07-11,MG95,79.29,80.28455693006515,69.28398170351981,90.91705204725265
2025-07-11,MG95,79.29,82.01744444608687,71.01686921954153,92.64993956327437
2025-07-11,MG92,77.6,77.94533433222772,66.24150687897206,87.66189933443071
2025-07-11,MG92,77.6,79.4053556392193,67.70152818596364,89.12192064142229
2025-07-11,MG92,77.6,80.73446494889261,69.03063749563695,90.4510299510956
2025-07-14,MG95,80.84,79.65980700016021,69.06419481992722,89.93306327819825
2025-07-14,MG95,80.84,80.40489668369293,69.80928450345993,90.67815296173096
2025-07-14,MG95,80.84,82.75794940710067,72.16233722686768,93.0312056851387
2025-07-14,MG92,79.15,78.22491860890389,66.89389633798599,87.54139492893219
2025-07-14,MG92,79.15,79.41602857136726,68.08500630044936,88.73250489139556
2025-07-14,MG92,79.15,81.29119390797615,69.96017163705825,90.60767022800445
2025-07-15,MG95,78.87,79.59466398525238,67.45777526068687,91.5681511478424
2025-07-15,MG95,78.87,80.45833489894866,68.32144617438315,92.43182206153868
2025-07-15,MG95,78.87,82.18199551820754,70.04510679364203,94.15548268079756
2025-07-15,MG92,77.18,78.14933256793023,65.18534580755235,89.01656842398644
2025-07-15,MG92,77.18,79.64325705695153,66.67927029657365,90.51049291300774
2025-07-15,MG92,77.18,80.78957638978959,67.82558962941171,91.6568122458458
2025-07-16,MG95,79.2,79.41689305543899,68.30056921482085,90.27390519618987
2025-07-16,MG95,79.2,80.38745916366577,69.27113532304763,91.24447130441665
2025-07-16,MG95,79.2,81.94782222270965,70.83149838209151,92.80483436346053
2025-07-16,MG92,77.51,77.97211150741578,66.07822586154938,87.80405835008621
2025-07-16,MG92,77.51,79.42234886026382,67.52846321439743,89.25429570293426
2025-07-16,MG92,77.51,80.65869498825074,68.76480934238435,90.49064183092118
2025-07-17,MG95,79.08,79.65488765716552,68.17100093841552,90.85176421880722
2025-07-17,MG95,79.08,80.43458993911743,68.95070322036743,91.63146650075913
2025-07-17,MG95,79.08,82.52089508533477,71.03700836658477,93.71777164697647
2025-07-17,MG92,77.39,78.21673583745957,65.98032010018825,88.4194698381424
2025-07-17,MG92,77.39,79.40400498628617,67.16758924901485,89.606738986969
2025-07-17,MG92,77.39,81.1978127861023,68.96139704883099,91.40054678678514
2025-07-18,MG95,79.42,79.87114991521835,68.61061040735244,91.02792413806915
2025-07-18,MG95,79.42,80.67854826450348,69.41800875663756,91.83532248735428
2025-07-18,MG95,79.42,82.65978762149811,71.3992481136322,93.81656184434891
2025-07-18,MG92,77.73,78.44604336428642,66.29254148828983,88.41879820871354
2025-07-18,MG92,77.73,79.8126722638607,67.65917038786411,89.78542710828782
2025-07-18,MG92,77.73,81.32346717381478,69.16996529781818,91.29622201824189
2025-07-21,MG95,78.69,79.47991542482376,67.07312867903708,91.70588876867293
2025-07-21,MG95,78.69,80.60028491020202,68.19349816441535,92.8262582540512
2025-07-21,MG95,78.69,82.15718002080916,69.75039327502249,94.38315336465834
2025-07-21,MG92,77.0,78.00983313369751,64.80043193030357,89.16167185831071
2025-07-21,MG92,77.0,79.6832080988884,66.47380689549446,90.8350468235016
2025-07-21,MG92,77.0,80.70834311270714,67.4989419093132,91.86018183732034
2025-07-22,MG95,78.08,79.7152309551239,66.90068231368065,92.41963834905624
2025-07-22,MG95,78.08,80.62624479532242,67.81169615387917,93.33065218925476
2025-07-22,MG95,78.08,82.62176387548446,69.80721523404121,95.3261712694168
2025-07-22,MG92,76.39,78.27384013319016,64.62074296319486,89.85141109967235
2025-07-22,MG92,76.39,79.8448822555542,66.19178508555889,91.42245322203638
2025-07-22,MG92,76.39,81.06683308267594,67.41373591268064,92.64440404915813
2025-07-23,MG95,77.26,79.8191851682663,66.57403428030014,92.95529211235046
2025-07-23,MG95,77.26,80.46085036754607,67.21569947957991,93.59695731163023
2025-07-23,MG95,77.26,82.63873486042021,69.39358397245405,95.77484180450438
2025-07-23,MG92,75.57,78.39070157933236,64.33385776269436,90.43653925824167
2025-07-23,MG92,75.57,79.4712882130146,65.41444439637661,91.51712589192391
2025-07-23,MG92,75.57,81.21003813815116,67.15319432151317,93.25587581706047
2025-07-24,MG95,78.14,80.5803757739067,67.79452138066291,93.24579263448715
2025-07-24,MG95,78.14,82.42297499656675,69.63712060332297,95.0883918571472
2025-07-24,MG95,78.14,80.43834965467452,67.65249526143074,93.10376651525497
2025-07-24,MG92,76.45,79.6706153228283,66.05302970969677,91.21882805252075
2025-07-24,MG92,76.45,80.93482499027252,67.317239377141,92.48303771996497
2025-07-24,MG92,76.45,79.23003884768487,65.61245323455334,90.77825157737732
2025-07-25,MG95,78.22,80.70922470331192,67.16793235182762,94.27757259845734
2025-07-25,MG95,78.22,82.94294996500014,69.40165761351584,96.51129786014556
2025-07-25,MG95,78.22,80.44801718616486,66.90672483468056,94.01636508131028
2025-07-25,MG92,76.53,79.84735750889779,65.39927217996122,92.19305375313759
2025-07-25,MG92,76.53,81.41800334286691,66.96991801393034,93.76369958710671
2025-07-25,MG92,76.53,79.25907669639588,64.81099136745931,91.60477294063568
2025-07-28,MG95,77.92,80.55636255741119,67.96615208387374,93.01147416830062
2025-07-28,MG95,77.92,83.20166805744171,70.61145758390425,95.65677966833114
2025-07-28,MG95,77.92,80.77229986667633,68.18208939313888,93.22741147756577
2025-07-28,MG92,76.23,79.79671319317818,66.37628902924061,91.13778305125237
2025-07-28,MG92,76.23,81.72523454976083,68.30481038582326,93.06630440783502
2025-07-28,MG92,76.23,79.46136144804954,66.04093728411198,90.80243130612374
2025-07-29,MG95,79.49,80.46273432254792,67.53894354581833,93.19746983528137
2025-07-29,MG95,79.49,82.25123296022414,69.32744218349455,94.9859684729576
2025-07-29,MG95,79.49,80.9607822675705,68.0369914908409,93.69551778030394
2025-07-29,MG92,77.8,79.56679579591751,65.8742644456625,91.27366210079194
2025-07-29,MG92,77.8,80.82152828407288,67.12899693381787,92.52839458894731
2025-07-29,MG92,77.8,79.70594131565093,66.01340996539592,91.41280762052536
2025-07-30,MG95,81.72,80.74648376941681,66.51422367334366,95.05967363357546
2025-07-30,MG95,81.72,82.97184530496597,68.73958520889282,97.28503516912461
2025-07-30,MG95,81.72,80.99165215396881,66.75939205789567,95.30484201812746
2025-07-30,MG92,80.03,79.92952186536789,64.80721319150925,93.04390106153488
2025-07-30,MG92,80.03,81.37705871629714,66.2547500424385,94.49143791246414
2025-07-30,MG92,80.03,79.71638819217682,64.59407951831818,92.83076738834382
2025-07-31,MG95,82.4,80.56572064876556,66.40133869171143,94.69381907701492
2025-07-31,MG95,82.4,82.05248275279997,67.88810079574584,96.18058118104933
2025-07-31,MG95,82.4,81.44388695669174,67.27950499963761,95.5719853849411
2025-07-31,MG92,80.71,79.61833724331856,64.66206423830985,92.68762044858933
2025-07-31,MG92,80.71,80.63081506061556,65.67454205560685,93.70009826588633
2025-07-31,MG92,80.71,80.10868735671045,65.15241435170174,93.17797056198121
2025-08-01,MG95,81.46,80.54602328538894,67.21484282612799,93.76023697853087
2025-08-01,MG95,81.46,82.39308193206787,69.06190147280692,95.6072956252098
2025-08-01,MG95,81.46,81.12728785991669,67.79610740065574,94.34150155305862
2025-08-01,MG92,79.77,79.54612884306908,65.41609738075735,91.68845360541346
2025-08-01,MG92,79.77,80.92171114039421,66.79167967808247,93.06403590273858
2025-08-01,MG92,79.77,79.8414964993,65.71146503698827,91.98382126164438
2025-08-04,MG95,79.18,80.56203555822373,66.35630894064903,94.77375142335892
2025-08-04,MG95,79.18,82.35593409538268,68.15020747780798,96.56764996051787
2025-08-04,MG95,79.18,81.86023338031768,67.65450676274298,96.07194924545287
2025-08-04,MG92,77.49,79.56180936527252,64.53159254622459,92.66747372102738
2025-08-04,MG92,77.49,80.96763135480882,65.93741453576088,94.07329571056367
2025-08-04,MG92,77.49,80.45992502832412,65.42970820927619,93.56558938407898
2025-08-05,MG95,79.02,80.63228329896927,66.57550477266311,94.71574515581129
2025-08-05,MG95,79.02,83.2215181350708,69.16473960876463,97.30497999191282
2025-08-05,MG95,79.02,81.49433784008026,67.4375593137741,95.57779969692228
2025-08-05,MG92,77.33,79.7023939435482,64.78690204370022,92.63017914342879
2025-08-05,MG92,77.33,81.63103487563134,66.71554297578336,94.55882007551193
2025-08-05,MG92,77.33,80.1421254222393,65.22663352239132,93.06991062211989
2025-08-06,MG95,78.93,80.80448616027832,66.59342287659645,95.1373308110237
2025-08-06,MG95,78.93,82.64746688365935,68.43640359997748,96.98031153440473
2025-08-06,MG95,78.93,81.97321845340728,67.76215516972542,96.30606310415267
2025-08-06,MG92,77.24,79.9160985660553,64.7736238270998,92.99333099126817
2025-08-06,MG92,77.24,81.18046250295639,66.03798776400089,94.25769492816926
2025-08-06,MG92,77.24,80.53620707130432,65.39373233234882,93.61343949651719
2025-08-07,MG95,77.92,80.65158557653427,66.1596657371521,95.20594054222107
2025-08-07,MG95,77.92,82.68875450372695,68.19683466434478,97.24310946941375
2025-08-07,MG95,77.92,81.40179550409317,66.909875664711,95.95615046977997
2025-08-07,MG92,76.23,79.83302381205559,64.49823182749749,93.25689326810839
2025-08-07,MG92,76.23,81.19075206398965,65.85596007943155,94.61462152004245
2025-08-07,MG92,76.23,80.10500398278236,64.77021199822427,93.52887343883516
2025-08-08,MG95,78.6,80.64710994958878,66.16486281752586,95.21863505840302
2025-08-08,MG95,78.6,82.7933976316452,68.31115049958228,97.36492274045945
2025-08-08,MG95,78.6,81.83735033607483,67.35510320401191,96.40887544488908
2025-08-08,MG92,76.45,79.8285390958786,64.47729572331905,93.23220940446853
2025-08-08,MG92,76.45,81.28320687961579,65.93196350705624,94.68687718820573
2025-08-08,MG92,76.45,80.47101564359664,65.11977227103709,93.87468595218658
2025-08-11,MG95,79.23,80.55383185386657,65.1887193584442,96.1114123725891
2025-08-11,MG95,79.23,82.33040704250334,66.96529454708097,97.88798756122587
2025-08-11,MG95,79.23,81.3198653011322,65.95475280570983,96.87744581985473
2025-08-11,MG92,77.08,79.71806380009652,63.5087016621828,94.1537905023098
2025-08-11,MG92,77.08,80.81267355251313,64.60331141459942,95.24840025472642
2025-08-11,MG92,77.08,80.00039876675606,63.79103662884235,94.43612546896935
2025-08-12,MG95,80.53,80.79233293533325,65.76224609017372,96.01690355539321
2025-08-12,MG95,80.53,82.06810023546218,67.03801339030265,97.29267085552215
2025-08-12,MG95,80.53,82.533769241333,67.50368239617347,97.75833986139297
2025-08-12,MG92,78.38,79.91421289730073,63.98620210397243,93.93491659212113
2025-08-12,MG92,78.38,80.60048136663438,64.67247057330609,94.62118506145478
2025-08-12,MG92,78.38,81.09939886379243,65.17138807046413,95.12010255861283
2025-08-13,MG95,79.43,80.50732118368148,65.00197135090828,96.17742608070373
2025-08-13,MG95,79.43,81.96417446374892,66.45882463097571,97.63427936077116
2025-08-13,MG95,79.43,82.08924566268921,66.583895829916,97.75935055971145
2025-08-13,MG92,77.01,79.7213152396679,63.421444474458696,94.34665115952492
2025-08-13,MG92,77.01,80.54704483866692,64.24717407345771,95.17238075852394
2025-08-13,MG92,77.01,80.66730141806603,64.36743065285683,95.29263733792305
2025-08-14,MG95,79.84,80.54726974725723,65.3440892970562,95.90005570411684
2025-08-14,MG95,79.84,82.55843737125397,67.35525692105294,97.91122332811358
2025-08-14,MG95,79.84,80.86311787509918,65.65993742489815,96.21590383195878
2025-08-14,MG92,77.42,79.71500703167916,63.68378398251534,93.96732509684564
2025-08-14,MG92,77.42,81.0949833405018,65.06376029133797,95.34730140566828
2025-08-14,MG92,77.42,79.52683330178262,63.49561025261879,93.7791513669491
2025-08-15,MG95,80.6,80.55760817527772,65.38458182215692,95.86049823760987
2025-08-15,MG95,80.6,81.6055330991745,66.43250674605369,96.90842316150665
2025-08-15,MG95,80.6,81.17920969629287,66.00618334317207,96.48209975862503
2025-08-15,MG92,78.18,79.69344537496568,63.70659995675088,93.91652808070185
2025-08-15,MG92,78.18,80.18687050366403,64.20002508544923,94.4099532094002
2025-08-15,MG92,78.18,79.79653229427338,63.80968687605858,94.01961500000955
2025-08-18,MG95,79.42,80.92283535718917,66.010242177248,96.04180379629135
2025-08-18,MG95,79.42,82.59666220903395,67.68406902909278,97.71563064813613
2025-08-18,MG95,79.42,81.10642335128784,66.19383017134668,96.22539179039002
2025-08-18,MG92,76.71,80.08527332448959,64.24571059966088,93.9585809006691
2025-08-18,MG92,76.71,81.00902023029327,65.16945750546456,94.88232780647279
2025-08-18,MG92,76.71,79.78052310705185,63.94096038222314,93.65383068323136
2025-08-19,MG95,79.65,80.69789680480957,64.93305158257485,96.78130328893663
2025-08-19,MG95,79.65,81.90063526630401,66.13579004406928,97.98404175043106
2025-08-19,MG95,79.65,82.01548272418975,66.25063750195503,98.0988892083168
2025-08-19,MG92,76.94,79.89791354990007,63.228923923134815,94.7789099941254
2025-08-19,MG92,76.94,80.55664439606667,63.88765476930142,95.437640840292
2025-08-19,MG92,76.94,80.64344268465042,63.97445305788517,95.52443912887576
2025-08-20,MG95,80.77,80.54694377660752,64.79384018659592,96.49636320352556
2025-08-20,MG95,80.77,81.89323740959168,66.14013381958007,97.84265683650972
2025-08-20,MG95,80.77,81.5482700943947,65.79516650438309,97.49768952131274
2025-08-20,MG92,78.16,79.66441731762887,63.129019010782244,94.59319415044784
2025-08-20,MG92,78.16,80.2918909471035,63.756492640256866,95.22066777992247
2025-08-20,MG92,78.16,80.14710356783867,63.61170526099204,95.07588040065764
2025-08-21,MG95,81.77,82.90610956668854,67.3163640332222,98.78902369260788
2025-08-21,MG95,81.77,83.17048906707764,67.5807435336113,99.05340319299698
2025-08-21,MG95,81.77,82.49879063224793,66.90904509878159,98.38170475816727
2025-08-21,MG92,79.01,81.23312395834924,64.73438563907148,95.903763815403
2025-08-21,MG92,79.01,81.68006983923912,65.18133151996136,96.35070969629288
2025-08-21,MG92,79.01,80.53232431674004,64.03358599746228,95.2029641737938
2025-08-22,MG95,82.69,82.08996316432953,66.70418558955193,97.54789691209794
2025-08-22,MG95,82.69,81.77233533096313,66.38655775618552,97.23026907873154
2025-08-22,MG95,82.69,81.54876633548736,66.16298876070975,97.00670008325577
2025-08-22,MG92,79.93,80.57962435269357,64.46554888093473,95.09292447710038
2025-08-22,MG92,79.93,80.31633834028244,64.2022628685236,94.82963846468925
2025-08-22,MG92,79.93,79.48001802206039,63.365942550301554,93.9933181464672
2025-08-25,MG95,81.54,82.05769373655319,65.07092116355895,99.54823985576628
2025-08-25,MG95,81.54,82.2264522190094,65.23967964601516,99.7169983382225
2025-08-25,MG95,81.54,83.1280554881096,66.14128291511535,100.61860160732269
2025-08-25,MG92,79.6,80.64792526030541,62.82460681521893,97.06938789868354
2025-08-25,MG92,79.6,80.7638427336216,62.940524288535116,97.18530537199973
2025-08-25,MG92,79.6,81.28286327290536,63.459544827818874,97.70432591128349
2025-08-26,MG95,81.12,82.67427783012388,66.08714613914489,99.73149052858352
2025-08-26,MG95,81.12,81.79733481121063,65.21020312023164,98.85454750967027
2025-08-26,MG95,81.12,82.5086389389038,65.92150724792481,99.56585163736344
2025-08-26,MG92,79.18,81.0713133802414,63.586375552654275,96.9534105756283
2025-08-26,MG92,79.18,80.39970331478119,62.91476548719406,96.28180051016808
2025-08-26,MG92,79.18,80.54424718713761,63.05930935955048,96.4263443825245
2025-08-27,MG95,79.35,82.51396515369414,66.32308575510979,99.07044968605042
2025-08-27,MG95,79.35,81.68326821517944,65.49238881659508,98.23975274753572
2025-08-27,MG95,79.35,83.08512004375457,66.89424064517021,99.64160457611085
2025-08-27,MG92,77.41,80.8937726097107,63.8326009862423,96.3062703459263
2025-08-27,MG92,77.41,80.27541635799408,63.21424473452568,95.68791409420967
2025-08-27,MG92,77.41,81.150722053051,64.0895504295826,96.5632197892666
2025-08-28,MG95,80.24,82.41138514995575,65.5186858189106,99.75935914039613
2025-08-28,MG95,80.24,81.76096992111206,64.86827059006691,99.10894391155244
2025-08-28,MG95,80.24,82.18854728388786,65.2958479528427,99.53652127432824
2025-08-28,MG92,78.3,80.75944119000437,63.0600918223858,97.082148239851
2025-08-28,MG92,78.3,80.40806841588021,62.70871904826164,96.73077546572684
2025-08-28,MG92,78.3,80.24179574942589,62.54244638180732,96.56450279927252
2025-08-29,MG95,81.37,82.25502276659012,66.57927183151244,98.22150599002838
2025-08-29,MG95,81.37,81.70498081254959,66.02922987747192,97.67146403598785
2025-08-29,MG95,81.37,82.45110410094262,66.77535316586494,98.41758732438088
2025-08-29,MG92,79.43,80.6884634463787,64.12167942631244,95.46992922949792
2025-08-29,MG92,79.43,80.41583423495292,63.84905021488666,95.19730001807214
2025-08-29,MG92,79.43,80.48683001732826,63.920045997261994,95.26829580044748
2025-09-01,MG95,81.25,83.05021308660507,66.8432511806488,99.64978733062745
2025-09-01,MG95,81.25,82.31156437444687,66.10460246849061,98.91113861846925
2025-09-01,MG95,81.25,82.49341894388198,66.28645703792571,99.09299318790436
2025-09-01,MG92,79.31,81.36913407182693,64.26582496619224,96.78645238137244
2025-09-01,MG92,79.31,80.812162961483,63.708853855848304,96.2294812710285
2025-09-01,MG92,79.31,80.61933279657364,63.51602369093895,96.03665110611915
2025-09-02,MG95,82.72,82.49454046249389,66.1299632167816,99.30516438245772
2025-09-02,MG95,82.72,81.83018507385253,65.46560782814025,98.64080899381636
2025-09-02,MG95,82.72,81.91024437093733,65.54566712522505,98.72086829090117
2025-09-02,MG92,80.78,80.83549093294144,63.54904730129242,96.43000784683228
2025-09-02,MG92,80.78,80.5115639026165,63.22512027096748,96.10608081650734
2025-09-02,MG92,80.78,79.8552274787426,62.568783847093584,95.44974439263345
2025-09-03,MG95,82.95,82.93986204624176,66.58846694588661,99.72568787097929
2025-09-03,MG95,82.95,82.19381109142303,65.84241599106788,98.97963691616056
2025-09-03,MG95,82.95,83.24171605491637,66.89032095456122,100.0275418796539
2025-09-03,MG92,80.73,81.189254850626,63.926252438306804,96.77369582104681
2025-09-03,MG92,80.73,80.77725295615197,63.51425054383277,96.36169392657278
2025-09-03,MG92,80.73,81.39127681326866,64.12827440094946,96.97571778368948
2025-09-04,MG95,81.45,83.27758406639097,66.04549404025076,101.08141762256622
2025-09-04,MG95,81.45,82.66949407196044,65.43740404582023,100.47332762813569
2025-09-04,MG95,81.45,82.71097503519057,65.47888500905036,100.51480859136582
2025-09-04,MG92,79.28,81.58104836583138,63.500429456233974,98.30589520454409
2025-09-04,MG92,79.28,81.1040985209942,63.023479611396795,97.8289453597069
2025-09-04,MG92,79.28,80.79406901574136,62.71345010614395,97.51891585445406
2025-09-05,MG95,81.6,83.07088686704634,66.04103425025939,100.63118669271468
2025-09-05,MG95,81.6,82.1863187661171,65.15646614933014,99.74661859178543
2025-09-05,MG95,81.6,83.19939278936386,66.1695401725769,100.7596926150322
2025-09-05,MG92,79.24,81.36450065016746,63.478940096497524,97.82729734182355
2025-09-05,MG92,79.24,80.75862879109383,62.873068237423894,97.22142548274992
2025-09-05,MG92,79.24,81.40975782227517,63.524197268605235,97.87255451393126
2025-09-08,MG95,81.23,82.40917507410049,65.16991148591042,100.20808768272398
2025-09-08,MG95,81.23,82.83527399730683,65.59601040911676,100.63418660593032
2025-09-08,MG95,81.23,82.67499313497544,65.43572954678537,100.47390574359893
2025-09-08,MG92,78.87,80.805229074955,62.733547130227095,97.55087999582292
2025-09-08,MG92,78.87,81.32101919960976,63.249337254881866,98.0666701204777
2025-09-08,MG92,78.87,80.81891287684441,62.74723093211651,97.56456379771234
2025-09-09,MG95,81.58,82.52520115613936,65.50312150955199,100.13200345277784
2025-09-09,MG95,81.58,82.71698967552186,65.69491002893449,100.32379197216034
2025-09-09,MG95,81.58,82.61756920671462,65.59548956012725,100.2243715033531
2025-09-09,MG92,79.22,80.93139009547234,62.98699964296817,97.3387596459389
2025-09-09,MG92,79.22,81.24672020673752,63.302329754233355,97.65408975720408
2025-09-09,MG92,79.22,80.71571717357637,62.7713267210722,97.12308672404292
2025-09-10,MG95,81.84,82.91148490428924,65.60341989517211,100.78796286106109
2025-09-10,MG95,81.84,81.73948352622986,64.43141851711273,99.61596148300171
2025-09-10,MG95,81.84,83.12572070360184,65.81765569448471,101.0021986603737
2025-09-10,MG92,79.48,81.38368842244148,63.25240623235703,98.22427628159522
2025-09-10,MG92,79.48,80.30978206658364,62.17849987649919,97.15036992573738
2025-09-10,MG92,79.48,81.34119812130928,63.20991593122483,98.18178598046302
2025-09-11,MG95,82.05,82.42402492761612,65.92632589936255,99.33814343214034
2025-09-11,MG95,82.05,82.85120755577088,66.35350852751732,99.76532606029511
2025-09-11,MG95,82.05,83.00238879013061,66.50468976187705,99.91650729465483
2025-09-11,MG92,79.69,80.79227591085434,63.43612300801277,96.58812265205383
2025-09-11,MG92,79.69,81.40584355473518,64.04969065189361,97.20169029593467
2025-09-11,MG92,79.69,81.1884567592144,63.83230385637283,96.98430350041389
2025-09-12,MG95,81.4,82.10034259319305,64.13619636058806,100.8568870639801
2025-09-12,MG95,81.4,82.15450244474411,64.19035621213912,100.91104691553116
2025-09-12,MG95,81.4,82.64998071098327,64.68583447837828,101.40652518177032
2025-09-12,MG92,79.14,80.61006580066682,61.75340074968338,98.24817498278618
2025-09-12,MG92,79.14,80.78506836533548,61.92840331435204,98.42317754745484
2025-09-12,MG92,79.14,80.82955652785301,61.97289147686958,98.46766570997238
2025-09-15,MG95,83.32,82.48348814964294,64.99350760102271,100.6284526181221
2025-09-15,MG95,83.32,82.46956745195388,64.97958690333365,100.61453192043304
2025-09-15,MG95,83.32,82.07085759830474,64.58087704968452,100.2158220667839
2025-09-15,MG92,81.06,80.84416229367257,62.48114758193494,97.8815524220467
2025-09-15,MG92,81.06,81.0517961769104,62.688781465172774,98.08918630528453
2025-09-15,MG92,81.06,80.13547645235062,61.77246174061299,97.17286658072474
2025-09-16,MG95,83.4,83.17220811367034,64.84027180790899,102.3950631213188
2025-09-16,MG95,83.4,81.89634886932373,63.564412563562385,101.1192038769722
2025-09-16,MG95,83.4,82.7258993358612,64.39396303009985,101.94875434350966
2025-09-16,MG92,81.14,81.43662776970865,62.21616066598893,99.56493254685404
2025-09-16,MG92,81.14,80.43351279044151,61.21304568672179,98.5618175675869
2025-09-16,MG92,81.14,80.90962451767922,61.6891574139595,99.03792929482461
2025-09-17,MG95,83.21,82.88979986429214,66.17417246818542,100.0230407190323
2025-09-17,MG95,83.21,81.23538325834275,64.51975586223602,98.3686241130829
2025-09-17,MG95,83.21,82.79030224180221,66.07467484569548,99.92354309654236
2025-09-17,MG92,81.74,81.28147147321701,63.756830080389975,97.37958706641199
2025-09-17,MG92,81.74,79.83547191953659,62.31083052670955,95.93358751273156
2025-09-17,MG92,81.74,81.00633792877197,63.481696535944934,97.10445352196695
2025-07-24,MG95,78.14,76.85664763069154,73.83688290929796,79.95957964277268
2025-07-24,MG95,78.14,78.6992468533516,75.67948213195801,81.80217886543274
2025-07-24,MG95,78.14,76.71462151145937,73.69485679006578,79.81755352354051
2025-07-24,MG92,76.45,75.83664834833145,72.91428412115573,78.86111206507682
2025-07-24,MG92,76.45,77.10085801577569,74.17849378859997,80.12532173252106
2025-07-24,MG92,76.45,75.39607187318802,72.4737076460123,78.4205355899334
2025-07-25,MG95,78.22,76.90125845432281,73.23663408637046,80.83429765462876
2025-07-25,MG95,78.22,79.13498371601105,75.4703593480587,83.06802291631699
2025-07-25,MG95,78.22,76.64005093717576,72.9754265692234,80.5730901374817
2025-07-25,MG92,76.53,76.07592557239532,72.2089372460842,79.61418840575217
2025-07-25,MG92,76.53,77.64657140636444,73.77958308005333,81.1848342397213
2025-07-25,MG92,76.53,75.48764475989341,71.6206564335823,79.02590759325027
2025-07-28,MG95,77.92,76.99810055923463,72.29995912504197,81.89196603488924
2025-07-28,MG95,77.92,79.64340605926515,74.94526462507248,84.53727153491975
2025-07-28,MG95,77.92,77.21403786849976,72.5158964343071,82.10790334415437
2025-07-28,MG92,76.23,76.33444616675376,71.23769658207894,80.67414517521858
2025-07-28,MG92,76.23,78.26296752333641,73.16621793866159,82.60266653180123
2025-07-28,MG92,76.23,75.99909442162513,70.9023448369503,80.33879343008995
2025-07-29,MG95,79.49,77.05145527553559,71.93044086408615,82.29044198226929
2025-07-29,MG95,79.49,78.83995391321183,73.71893950176239,84.07894061994553
2025-07-29,MG95,79.49,77.54950322055818,72.42848880910874,82.78848992729188
2025-07-29,MG92,77.8,76.25709686303139,70.70826639556886,80.9310256471634
2025-07-29,MG92,77.8,77.51182935118675,71.96299888372421,82.18575813531875
2025-07-29,MG92,77.8,76.39624238276481,70.84741191530227,81.07017116689681
2025-07-30,MG95,81.72,77.11316243076325,71.7946280064583,82.60714023494722
2025-07-30,MG95,81.72,79.33852396631241,74.01998954200745,84.83250177049638
2025-07-30,MG95,81.72,77.35833081531526,72.0397963910103,82.85230861949923
2025-07-30,MG92,80.03,76.41901435708999,70.59563188946247,81.25480148410797
2025-07-30,MG92,80.03,77.86655120801925,72.04316874039172,82.70233833503723
2025-07-30,MG92,80.03,76.20588068389893,70.3824982162714,81.0416678109169
2025-07-31,MG95,82.4,77.22003104066849,71.35151952004432,83.41768885707856
2025-07-31,MG95,82.4,78.70679314470291,72.83828162407875,84.90445096111299
2025-07-31,MG95,82.4,78.09819734859467,72.2296858279705,84.29585516500474
2025-07-31,MG92,80.71,76.51484070515633,69.936164347291,81.80031241512299
2025-07-31,MG92,80.71,77.5273185224533,70.94864216458797,82.81279023241996
2025-07-31,MG92,80.71,77.00519081854819,70.42651446068285,82.29066252851484
2025-08-01,MG95,81.46,77.16522999858856,71.04585350966454,83.41973261213303
2025-08-01,MG95,81.46,79.01228864526749,72.89291215634347,85.26679125881196
2025-08-01,MG95,81.46,77.74649457311631,71.62711808419229,84.00099718666078
2025-08-01,MG92,79.77,76.33478241848945,69.61017950820923,81.82475039291381
2025-08-01,MG92,79.77,77.71036471581459,70.98576180553437,83.20033269023895
2025-08-01,MG92,79.77,76.63015007472038,69.90554716444015,82.12011804914474
2025-08-04,MG95,79.18,77.21094541168213,70.11242373919487,84.42400861358642
2025-08-04,MG95,79.18,79.0048439488411,71.90632227635383,86.21790715074539
2025-08-04,MG95,79.18,78.5091432337761,71.41062156128883,85.72220643568039
2025-08-04,MG92,77.49,76.41863557434081,68.60751788592339,82.7301650390625
2025-08-04,MG92,77.49,77.8244575638771,70.01333987545968,84.13598702859879
2025-08-04,MG92,77.49,77.31675123739241,69.50563354897498,83.6282807021141
2025-08-05,MG95,79.02,77.23822245025636,69.57687097334862,84.95030781650544
2025-08-05,MG95,79.02,79.82745728635788,72.16610580945014,87.53954265260697
2025-08-05,MG95,79.02,78.10027699136735,70.43892551445961,85.81236235761644
2025-08-05,MG92,77.33,76.50898053455353,68.12975961136817,83.3045535581112
2025-08-05,MG92,77.33,78.43762146663667,70.05840054345131,85.23319449019434
2025-08-05,MG92,77.33,76.94871201324463,68.56949109005927,83.7442850368023
2025-08-06,MG95,78.93,77.28156570768357,69.36349163269998,85.27723956203461
2025-08-06,MG95,78.93,79.1245464310646,71.20647235608101,87.12022028541564
2025-08-06,MG95,78.93,78.45029800081254,70.53222392582894,86.44597185516358
2025-08-06,MG92,77.24,76.6048320171833,67.92718618190288,83.62237807846068
2025-08-06,MG92,77.24,77.86919595408439,69.19155011880397,84.88674201536178
2025-08-06,MG92,77.24,77.22494052243232,68.5472946871519,84.2424865837097
2025-08-07,MG95,77.92,77.30785713100434,68.60759606862068,85.80104269170762
2025-08-07,MG95,77.92,79.34502605819702,70.64476499581336,87.8382116189003
2025-08-07,MG95,77.92,78.05806705856324,69.35780599617958,86.55125261926652
2025-08-07,MG92,76.23,76.62687799549101,67.33945042467116,84.34509852623938
2025-08-07,MG92,76.23,77.98460624742508,68.69717867660522,85.70282677817345
2025-08-07,MG92,76.23,76.89885816621779,67.61143059539793,84.61707869696616
2025-08-08,MG95,78.6,77.26865064668655,69.39187009859084,85.27530295181275
2025-08-08,MG95,78.6,79.41493832874298,71.53815778064727,87.42159063386917
2025-08-08,MG95,78.6,78.45889103317262,70.58211048507691,86.46554333829882
2025-08-08,MG92,76.45,76.6897695608139,68.01612356436253,83.66964146447182
2025-08-08,MG92,76.45,78.14443734455108,69.47079134809971,85.124309248209
2025-08-08,MG92,76.45,77.33224610853195,68.65860011208058,84.31211801218987
2025-08-11,MG95,79.23,77.28817089128495,67.9160046951771,86.5383169488907
2025-08-11,MG95,79.23,79.06474607992172,69.69257988381386,88.31489213752747
2025-08-11,MG95,79.23,78.05420433855056,68.6820381424427,87.30435039615631
2025-08-11,MG92,77.08,76.64177623605728,66.589829921484,84.96251302933693
2025-08-11,MG92,77.08,77.7363859884739,67.68443967390061,86.05712278175355
2025-08-11,MG92,77.08,76.92411120271682,66.87216488814353,85.24484799599647
2025-08-12,MG95,80.53,77.3832240858078,68.276433385849,86.37465816164017
2025-08-12,MG95,80.53,78.65899138593673,69.55220068597794,87.6504254617691
2025-08-12,MG95,80.53,79.12466039180757,70.01786969184877,88.11609446763994
2025-08-12,MG92,78.38,76.68220614624023,66.89914539349078,84.76202471923828
2025-08-12,MG92,78.38,77.36847461557389,67.58541386282444,85.44829318857194
2025-08-12,MG92,78.38,77.86739211273192,68.08433135998247,85.94721068572997
2025-08-13,MG95,79.43,77.39976001167298,68.01251226091385,86.80514246845246
2025-08-13,MG95,79.43,78.85661329174042,69.46936554098129,88.2619957485199
2025-08-13,MG95,79.43,78.98168449068069,69.59443673992156,88.38706694746017
2025-08-13,MG92,77.01,76.86639734005928,66.68791558361053,85.19226005291938
2025-08-13,MG92,77.01,77.6921269390583,67.51364518260955,86.0179896519184
2025-08-13,MG92,77.01,77.81238351845741,67.63390176200866,86.13824623131751
2025-08-14,MG95,79.84,77.3257009291649,67.86008435487749,86.68092512845993
2025-08-14,MG95,79.84,79.33686855316162,69.87125197887421,88.69209275245666
2025-08-14,MG95,79.84,77.64154905700684,68.17593248271943,86.99677325630188
2025-08-14,MG92,77.42,76.69255950284004,66.53535616827011,85.09772532653808
2025-08-14,MG92,77.42,78.07253581166268,67.91533247709275,86.47770163536072
2025-08-14,MG92,77.42,76.5043857729435,66.34718243837357,84.90955159664153
2025-08-15,MG95,80.6,77.4251886792183,67.39269906234742,87.40934364032746
2025-08-15,MG95,80.6,78.47311360311508,68.4406239862442,88.45726856422425
2025-08-15,MG95,80.6,78.04679020023346,68.01430058336258,88.03094516134263
2025-08-15,MG92,78.18,76.79781080436706,66.01386245381832,85.7191630358696
2025-08-15,MG92,78.18,77.29123593306541,66.50728758251667,86.21258816456795
2025-08-15,MG92,78.18,76.90089772367476,66.11694937312602,85.8222499551773
2025-08-18,MG95,79.42,77.54962007474899,67.42491883945465,87.6643007106781
2025-08-18,MG95,79.42,79.22344692659378,69.09874569129944,89.3381275625229
2025-08-18,MG95,79.42,77.73320806884766,67.60850683355332,87.84788870477678
2025-08-18,MG92,76.71,76.94748537063599,66.03981227576732,85.95118563532829
2025-08-18,MG92,76.71,77.87123227643967,66.963559181571,86.87493254113197
2025-08-18,MG92,76.71,76.64273515319825,65.73506205832958,85.64643541789054
2025-08-19,MG95,79.65,77.3866587524414,66.68107129263878,87.96009495306015
2025-08-19,MG95,79.65,78.58939721393585,67.88380975413322,89.1628334145546
2025-08-19,MG95,79.65,78.7042446718216,67.99865721201897,89.27768087244034
2025-08-19,MG92,76.94,76.78588011980057,65.39510036528111,86.3425400853157
2025-08-19,MG92,76.94,77.44461096596717,66.05383121144772,87.00127093148231
2025-08-19,MG92,76.94,77.53140925455094,66.14062950003148,87.08806922006607
2025-08-20,MG95,80.77,77.50280477428437,67.19108765625954,87.70175791406632
2025-08-20,MG95,80.77,78.84909840726853,68.5373812892437,89.04805154705048
2025-08-20,MG95,80.77,78.50413109207155,68.19241397404672,88.7030842318535
2025-08-20,MG92,78.16,76.84281598591804,65.82923274421691,86.02841883087157
2025-08-20,MG92,78.16,77.47028961539269,66.45670637369156,86.65589246034622
2025-08-20,MG92,78.16,77.32550223612785,66.31191899442672,86.51110508108138
2025-08-21,MG95,81.77,79.60221785736084,68.47066742849351,90.58025417757035
2025-08-21,MG95,81.77,79.86659735774995,68.73504692888262,90.84463367795946
2025-08-21,MG95,81.77,79.19489892292023,68.0633484940529,90.17293524312974
2025-08-21,MG92,79.01,78.12423769283293,66.33064083623886,88.08706147241591
2025-08-21,MG92,79.01,78.57118357372283,66.77758671712876,88.53400735330581
2025-08-21,MG92,79.01,77.42343805122374,65.62984119462966,87.38626183080672
2025-08-22,MG95,82.69,79.21797784519197,68.31137053084375,90.07567487192155
2025-08-22,MG95,82.69,78.90035001182557,67.99374269747734,89.75804703855515
2025-08-22,MG95,82.69,78.67678101634979,67.77017370200157,89.53447804307937
2025-08-22,MG92,79.93,77.97233855938912,66.3159253642559,87.71151369309425
2025-08-22,MG92,79.93,77.709052546978,66.05263935184479,87.44822768068313
2025-08-22,MG92,79.93,76.87273222875595,65.21631903362274,86.61190736246108
2025-08-25,MG95,81.54,78.98743548297882,67.83088881635666,90.05092320108413
2025-08-25,MG95,81.54,79.15619396543504,67.99964729881287,90.21968168354034
2025-08-25,MG95,81.54,80.05779723453523,68.90125056791307,91.12128495264054
2025-08-25,MG92,79.6,77.80347254419327,65.9368110641241,87.78442171955109
2025-08-25,MG92,79.6,77.91939001750946,66.05272853744029,87.90033919286728
2025-08-25,MG92,79.6,78.4384105567932,66.57174907672403,88.41935973215102
2025-08-26,MG95,81.12,79.41858320379256,67.90883343482017,90.7079120221138
2025-08-26,MG95,81.12,78.54164018487931,67.03189041590691,89.83096900320055
2025-08-26,MG95,81.12,79.25294431257248,67.74319454360008,90.54227313089372
2025-08-26,MG92,79.18,77.98765142154693,65.87893663179874,88.32016300749778
2025-08-26,MG92,79.18,77.31604135608671,65.20732656633852,87.64855294203757
2025-08-26,MG92,79.18,77.46058522844314,65.35187043869495,87.79309681439399
2025-08-27,MG95,79.35,79.3656174273491,67.63989058566094,90.98839826774598
2025-08-27,MG95,79.35,78.53492048883439,66.80919364714623,90.15770132923127
2025-08-27,MG95,79.35,79.93677231740952,68.21104547572136,91.5595531578064
2025-08-27,MG92,77.41,77.96576391148567,65.55356135058403,88.49524053382873
2025-08-27,MG92,77.41,77.34740765976905,64.93520509886741,87.87688428211212
2025-08-27,MG92,77.41,78.22271335482597,65.81051079392434,88.75218997716904
2025-08-28,MG95,80.24,79.41593660259247,68.25972610497475,90.48837654733657
2025-08-28,MG95,80.24,78.76552137374878,67.60931087613106,89.83796131849289
2025-08-28,MG95,80.24,79.19309873652458,68.03688823890685,90.26553868126868
2025-08-28,MG92,78.3,77.99935390806198,66.1255350587368,87.97905989027022
2025-08-28,MG92,78.3,77.64798113393783,65.77416228461266,87.62768711614608
2025-08-28,MG92,78.3,77.48170846748351,65.60788961815834,87.46141444969176
2025-08-29,MG95,81.37,79.03461629915238,67.59010173726081,90.39228413152695
2025-08-29,MG95,81.37,78.48457434511185,67.04005978322029,89.84224217748643
2025-08-29,MG95,81.37,79.23069763350487,67.78618307161331,90.58836546587945
2025-08-29,MG92,79.43,77.69138174414636,65.53861467540266,87.94758108973504
2025-08-29,MG92,79.43,77.41875253272056,65.26598546397686,87.67495187830924
2025-08-29,MG92,79.43,77.48974831509591,65.33698124635221,87.74594766068459
2025-09-01,MG95,81.25,79.82757387828826,67.70022178244591,91.74009556007387
2025-09-01,MG95,81.25,79.08892516613007,66.96157307028771,91.00144684791567
2025-09-01,MG95,81.25,79.27077973556518,67.14342763972283,91.18330141735079
2025-09-01,MG92,79.31,78.32275470471382,65.61508206760882,89.25649431681632
2025-09-01,MG92,79.31,77.76578359436988,65.05811095726489,88.69952320647238
2025-09-01,MG92,79.31,77.57295342946051,64.86528079235552,88.50669304156301
2025-09-02,MG95,82.72,79.21701454877854,66.91926160812378,91.28172408342363
2025-09-02,MG95,82.72,78.55265916013718,66.25490621948242,90.61736869478227
2025-09-02,MG95,82.72,78.63271845722198,66.33496551656722,90.69742799186707
2025-09-02,MG92,80.78,77.7231578271389,64.86777943003177,88.82685455489158
2025-09-02,MG92,80.78,77.39923079681395,64.54385239970682,88.50292752456663
2025-09-02,MG92,80.78,76.74289437294006,63.887515975832926,87.84659110069273
2025-09-03,MG95,82.95,79.68076020193101,66.92873702001573,92.10246279907227
2025-09-03,MG95,82.95,78.93470924711227,66.18268606519699,91.35641184425353
2025-09-03,MG95,82.95,79.98261421060562,67.23059102869034,92.40431680774688
2025-09-03,MG92,80.73,78.06078299617766,64.85413496947288,89.62788447475432
2025-09-03,MG92,80.73,77.64878110170363,64.44213307499885,89.2158825802803
2025-09-03,MG92,80.73,78.26280495882034,65.05615693211556,89.829906437397
2025-09-04,MG95,81.45,80.21819132280349,68.00156102848052,92.2342622680664
2025-09-04,MG95,81.45,79.61010132837296,67.39347103405,91.62617227363587
2025-09-04,MG95,81.45,79.65158229160309,67.43495199728012,91.667653236866
2025-09-04,MG92,79.28,78.70806784200668,65.9037459461689,89.72804722237586
2025-09-04,MG92,79.28,78.23111799716949,65.4267961013317,89.25109737753867
2025-09-04,MG92,79.28,77.92108849191666,65.11676659607888,88.94106787228584
2025-09-05,MG95,81.6,80.00267089462281,67.74920016145707,92.1059799990654
2025-09-05,MG95,81.6,79.11810279369355,66.86463206052781,91.22141189813614
2025-09-05,MG95,81.6,80.13117681694031,67.87770608377457,92.2344859213829
2025-09-05,MG92,79.24,78.49962146830558,65.61962244164943,89.55012214136123
2025-09-05,MG92,79.24,77.89374960923195,65.0137505825758,88.9442502822876
2025-09-05,MG92,79.24,78.54487864041329,65.66487961375714,89.59537931346894
2025-09-08,MG95,81.23,79.38013721752168,66.36893694329262,92.02007336425781
2025-09-08,MG95,81.23,79.806236140728,66.79503586649895,92.44617228746414
2025-09-08,MG95,81.23,79.64595527839661,66.63475500416756,92.28589142513275
2025-09-08,MG92,78.87,77.90186990547181,64.4852393488884,89.73484355378152
2025-09-08,MG92,78.87,78.41766003012657,65.00102947354316,90.25063367843627
2025-09-08,MG92,78.87,77.91555370736123,64.49892315077781,89.74852735567093
2025-09-09,MG95,81.58,79.2909683060646,66.49085453629493,91.85910243749618
2025-09-09,MG95,81.58,79.4827568254471,66.68264305567743,92.05089095687867
2025-09-09,MG95,81.58,79.38333635663986,66.58322258687019,91.95147048807144
2025-09-09,MG92,79.22,77.8578496799469,64.52700845932961,89.46121095871925
2025-09-09,MG92,79.22,78.17317979121208,64.84233857059479,89.77654106998443
2025-09-09,MG92,79.22,77.64217675805092,64.31133553743362,89.24553803682328
2025-09-10,MG95,81.84,79.9499821882248,66.6540053217411,92.95167302417755
2025-09-10,MG95,81.84,78.77798081016542,65.48200394368172,91.77967164611817
2025-09-10,MG95,81.84,80.1642179875374,66.8682411210537,93.16590882349016
2025-09-10,MG92,79.48,78.57337275338173,64.8299445540905,90.685335160017
2025-09-10,MG92,79.48,77.49946639752388,63.756038198232645,89.61142880415915
2025-09-10,MG92,79.48,78.53088245224953,64.7874542529583,90.6428448588848
2025-09-11,MG95,82.05,79.33815141534805,65.54249846673011,92.75955616092682
2025-09-11,MG95,82.05,79.76533404350282,65.96968109488488,93.18673878908159
2025-09-11,MG95,82.05,79.91651527786254,66.1208623292446,93.33792002344131
2025-09-11,MG92,79.69,77.81919628214837,63.6792029811144,90.45435382318497
2025-09-11,MG92,79.69,78.4327639260292,64.29277062499523,91.0679214670658
2025-09-11,MG92,79.69,78.21537713050841,64.07538382947445,90.85053467154502
2025-09-12,MG95,81.4,78.98914027309418,65.91435800647736,91.80698810911178
2025-09-12,MG95,81.4,79.04330012464524,65.96851785802842,91.86114796066285
2025-09-12,MG95,81.4,79.5387783908844,66.46399612426758,92.35662622690201
2025-09-12,MG92,79.14,77.64974081611632,64.08198571836948,89.53258632874487
2025-09-12,MG92,79.14,77.82474338078498,64.25698828303814,89.70758889341353
2025-09-12,MG92,79.14,77.86923154330253,64.30147644555569,89.75207705593108
2025-09-15,MG95,83.32,79.37898521518707,65.7267060444355,92.61988102054596
2025-09-15,MG95,83.32,79.36506451749801,65.71278534674644,92.6059603228569
2025-09-15,MG95,83.32,78.96635466384888,65.3140754930973,92.20725046920776
2025-09-15,MG92,81.06,77.83623760485649,63.85758915388585,90.32850901150704
2025-09-15,MG92,81.06,78.04387148809433,64.06522303712367,90.53614289474487
2025-09-15,MG92,81.06,77.12755176353454,63.148903312563895,89.61982317018509
2025-09-16,MG95,83.4,80.11372234582902,66.75235830545427,93.23579852581025
2025-09-16,MG95,83.4,78.8378631014824,65.47649906110765,91.95993928146363
2025-09-16,MG95,83.4,79.66741356801987,66.30604952764511,92.7894897480011
2025-09-16,MG92,81.14,78.53114418983459,64.68293192446232,90.70238348722458
2025-09-16,MG92,81.14,77.52802921056747,63.6798169451952,89.69926850795746
2025-09-16,MG92,81.14,78.00414093780516,64.15592867243289,90.17538023519515
2025-09-17,MG95,83.21,79.92802417802811,65.84555459785462,93.57482793855667
2025-09-17,MG95,83.21,78.2736075720787,64.19113799190521,91.92041133260726
2025-09-17,MG95,83.21,79.82852655553819,65.7460569753647,93.47533031606675
2025-09-17,MG92,81.74,78.41597197151184,64.06306382632255,91.35763067579268
2025-09-17,MG92,81.74,76.96997241783141,62.617064272642125,89.91163112211225
2025-09-17,MG92,81.74,78.1408384270668,63.78793028187751,91.08249713134764
2025-09-18,MG95,82.22,79.37357281684876,65.51590819954872,92.86043381214144
2025-09-18,MG95,82.22,79.44867677783967,65.59101216053962,92.93553777313234
2025-09-18,MG95,82.22,80.68019086790085,66.8225262506008,94.16705186319352
2025-09-18,MG92,80.53,78.02743791604041,63.82791097784041,90.72627757573126
2025-09-18,MG92,80.53,77.67541635107993,63.47588941287993,90.37425601077078
2025-09-18,MG92,80.53,79.34343310332298,65.14390616512298,92.04227276301383
2025-09-19,MG95,80.89,79.21361347341538,65.52841276550294,92.57183686637879
2025-09-19,MG95,80.89,79.92967345094681,66.24447274303436,93.28789684391022
2025-09-19,MG95,80.89,79.87957121324538,66.19437050533294,93.2377946062088
2025-09-19,MG92,79.2,77.97147080183029,63.89497944653034,90.48616472840308
2025-09-19,MG92,79.2,78.36225896215439,64.28576760685444,90.87695288872717
2025-09-19,MG92,79.2,78.77517973613739,64.69868838083744,91.28987366271018
2025-09-22,MG95,79.8,78.68534000062942,63.89928250932694,93.07714953565599
2025-09-22,MG95,79.8,80.18082242441177,65.39476493310929,94.57263195943834
2025-09-22,MG95,79.8,79.30305902338029,64.5170015320778,93.69486855840685
2025-09-22,MG92,77.81,77.42344423556327,62.402175634145735,91.10052375698088
2025-09-22,MG92,77.81,78.59628672146796,63.57501812005043,92.27336624288557
2025-09-22,MG92,77.81,78.15217096161841,63.13090236020088,91.82925048303602
2025-09-23,MG95,79.23,79.09009669208527,64.75492472672462,93.14869366788864
2025-09-23,MG95,79.23,79.13360205602646,64.79843009066582,93.19219903182983
2025-09-23,MG95,79.23,79.56617592477798,65.23100395941734,93.62477290058135
2025-09-23,MG92,77.24,77.8691235744953,63.159707272052756,91.05184463739394
2025-09-23,MG92,77.24,77.38608818221091,62.676671879768364,90.56880924510955
2025-09-23,MG92,77.24,78.2646355102062,63.555219207763656,91.44735657310484
2025-09-24,MG95,80.23,80.70708802366256,65.49282490158082,95.52276522779465
2025-09-24,MG95,80.23,79.72488825130462,64.51062512922287,94.5405654554367
2025-09-24,MG95,80.23,79.79436833453178,64.58010521245004,94.61004553866387
2025-09-24,MG92,78.24,79.19206846547127,63.792603391528125,93.32868802857398
2025-09-24,MG92,78.24,77.99828432774544,62.5988192538023,92.13490389084815
2025-09-24,MG92,78.24,78.34995033049583,62.95048525655269,92.48656989359854
2025-09-25,MG95,81.05,80.78299037981034,66.3454204146862,94.824355240345
2025-09-25,MG95,81.05,79.55944552326204,65.1218755581379,93.6008103837967
2025-09-25,MG95,81.05,80.02024948883057,65.58267952370643,94.06161434936523
2025-09-25,MG92,79.25,79.32198214960098,64.61562428247929,92.63022968602182
2025-09-25,MG92,79.25,77.8536310405731,63.14727317345141,91.16187857699394
2025-09-25,MG92,79.25,78.652428940773,63.94607107365131,91.96067647719384
2025-09-26,MG95,81.84,79.16213080215454,63.96363538789749,93.90399818706513
2025-09-26,MG95,81.84,79.57618402767181,64.37768861341476,94.3180514125824
2025-09-26,MG95,81.84,79.40469489049912,64.20619947624206,94.1465622754097
2025-09-26,MG92,80.15,77.87175409913063,62.53234065949916,92.00084243416785
2025-09-26,MG92,80.15,77.89383199429511,62.55441855466365,92.02292032933234
2025-09-26,MG92,80.15,77.91765933489799,62.57824589526653,92.04674766993521
2025-09-29,MG95,81.78,79.20949839639664,64.456076928854,93.5248363904953
2025-09-29,MG95,81.78,79.13474199795724,64.3813205304146,93.45007999205589
2025-09-29,MG95,81.78,79.53206800150872,64.77864653396608,93.84740599560737
2025-09-29,MG92,79.91,77.80612791466712,62.84899636852741,91.45526261615753
2025-09-29,MG92,79.91,77.39760587239265,62.44047432625294,91.04674057388306
2025-09-29,MG92,79.91,78.13658368802069,63.17945214188099,91.7857183895111
2025-09-30,MG95,79.2,78.95196899271012,63.810060492515575,93.6351771888733
2025-09-30,MG95,79.2,79.03654521870612,63.89463671851158,93.7197534148693
2025-09-30,MG95,79.2,79.23998696398735,64.0980784637928,93.92319516015053
2025-09-30,MG92,77.33,77.59699940443038,62.30948927879333,91.66539649128913
2025-09-30,MG92,77.33,77.16174363565445,61.8742335100174,91.2301407225132
2025-09-30,MG92,77.33,77.7470984506607,62.45958832502365,91.81549553751945
2025-10-01,MG95,79.57,78.96762617921829,64.09494300103187,93.4395728788376
2025-10-01,MG95,79.57,79.80662211370468,64.93393893551826,94.27856881332399
2025-10-01,MG95,79.57,79.96050799512864,65.08782481694222,94.43245469474795
2025-10-01,MG92,76.94,77.69025690793991,62.59664887905121,91.46070203661918
2025-10-01,MG92,76.94,78.21159931468964,63.11799128580093,91.9820444433689
2025-10-01,MG92,76.94,78.74665657711029,63.653048548221584,92.51710170578956
2025-10-02,MG95,78.13,80.7312277212143,65.56010935807228,95.5428708972931
2025-10-02,MG95,78.13,79.75927963352203,64.58816127038001,94.57092280960083
2025-10-02,MG95,78.13,79.69970433998108,64.52858597683907,94.51134751605989
2025-10-02,MG92,76.23,79.20338692831993,63.8111512928009,93.28714375662803
2025-10-02,MG92,76.23,78.13055824160575,62.738322606086726,92.21431506991385
2025-10-02,MG92,76.23,78.2486347887516,62.85639915323257,92.3323916170597
2025-10-03,MG95,77.05,79.4760297613144,63.53490017580986,94.98447299766542
2025-10-03,MG95,77.05,79.79966431427002,63.858534728765484,95.30810755062105
2025-10-03,MG95,77.05,79.45787597680092,63.51674639129639,94.96631921315195
2025-10-03,MG92,75.25,77.97867051172256,61.96664453494548,92.91399663019179
2025-10-03,MG92,75.25,78.10766147136687,62.09563549458979,93.0429875898361
2025-10-03,MG92,75.25,78.03853294134139,62.02650696456431,92.97385905981062
2025-10-06,MG95,78.05,79.5793377199173,63.788641461372386,94.87685102367402
2025-10-06,MG95,78.05,80.58514346408845,64.79444720554352,95.88265676784516
2025-10-06,MG95,78.05,80.19068417310714,64.39998791456222,95.48819747686386
2025-10-06,MG92,75.75,78.16766830158232,62.33490086746215,92.94785652709005
2025-10-06,MG92,75.75,79.11831601190566,63.28554857778549,93.89850423741339
2025-10-06,MG92,75.75,78.76972853517532,62.93696110105515,93.54991676068305
2025-10-07,MG95,78.93,78.99926659011841,63.16053960943223,94.36106645965577
2025-10-07,MG95,78.93,80.06987337207794,64.23114639139175,95.4316732416153
2025-10-07,MG95,78.93,78.98887394976616,63.15014696907998,94.35067381930352
2025-10-07,MG92,76.47,77.55634879016876,61.66870969319343,92.38656202697753
2025-10-07,MG92,76.47,78.52158218812943,62.6339430911541,93.3517954249382
2025-10-07,MG92,76.47,77.62921306324004,61.74157396626472,92.45942630004882
2025-10-08,MG95,79.45,80.06553756952286,63.66004346251488,96.00139436721803
2025-10-08,MG95,79.45,79.97551307249068,63.5700189654827,95.91136987018585
2025-10-08,MG95,79.45,79.48810254287719,63.082608435869204,95.42395934057235
2025-10-08,MG92,76.99,78.46686885809899,62.08050210928917,93.92507480835914
2025-10-08,MG92,76.99,78.376586612463,61.99021986365318,93.83479256272315
2025-10-08,MG92,76.99,78.01876016211509,61.632393413305266,93.47696611237524
2025-10-09,MG95,80.3,79.73770003032685,63.980086485862735,95.06078059864045
2025-10-09,MG95,80.3,79.77629393529892,64.01868039083482,95.09937450361252
2025-10-09,MG95,80.3,78.81067169904709,63.05305815458298,94.13375226736069
2025-10-09,MG92,77.55,78.27853770804404,62.42850520384311,93.01227735471724
2025-10-09,MG92,77.55,78.18810574746132,62.33807324326039,92.92184539413452
2025-10-09,MG92,77.55,77.37290367817877,61.52287117397784,92.10664332485197
2025-10-10,MG95,79.46,79.09478095388414,62.43740416145326,95.0800776205063
2025-10-10,MG95,79.46,79.85393456697466,63.19655777454378,95.83923123359682
2025-10-10,MG95,79.46,78.58821884465218,61.930842052221294,94.57351551127434
2025-10-10,MG92,76.59,77.5632998614311,61.11768775212764,93.34260999011994
2025-10-10,MG92,76.59,78.15287570714949,61.70726359784602,93.93218583583833
2025-10-10,MG92,76.59,77.00096768236159,60.55535557305812,92.78027781105042
2025-10-13,MG95,78.69,80.5145193657875,63.66519007182121,96.87636215782163
2025-10-13,MG95,78.69,79.65822474908829,62.80889545512199,96.02006754112242
2025-10-13,MG95,78.69,79.22272746229172,62.373398168325416,95.58457025432584
2025-10-13,MG92,75.95,78.86361503362656,62.10927662551403,94.82584571957587
2025-10-13,MG92,75.95,77.9422310295105,61.187892621397964,93.9044617154598
2025-10-13,MG92,75.95,77.81725283527373,61.0629144271612,93.77948352122304
2025-10-14,MG95,78.36,79.53127015733719,62.979662264823915,95.62320147418976
2025-10-14,MG95,78.36,79.04742403078079,62.495816138267514,95.13935534763336
2025-10-14,MG95,78.36,78.99485460948944,62.44324671697616,95.086785926342
2025-10-14,MG92,75.62,78.01904005622862,61.498737262845026,93.63939262604713
2025-10-14,MG92,75.62,77.3114917116165,60.791188918232905,92.931844281435
2025-10-14,MG92,75.62,77.62464333629607,61.10434054291248,93.24499590611458
2025-10-15,MG95,78.5,81.08482225322723,65.19407196784019,96.60699776315688
2025-10-15,MG95,78.5,79.94675178003311,64.05600149464607,95.46892728996276
2025-10-15,MG95,78.5,80.24143185138702,64.35068156599999,95.76360736131667
2025-10-15,MG92,75.76,79.45553712844848,63.43687177956104,94.32404611945152
2025-10-15,MG92,75.76,78.39916764831543,62.38050229942798,93.26767663931847
2025-10-15,MG92,75.76,78.97308688592909,62.95442153704165,93.84159587693213
2025-08-21,MG95,81.77,81.92742027187347,79.37217094922066,82.27912174487115
2025-08-21,MG95,81.77,82.19179977226257,79.63655044960976,82.54350124526025
2025-08-21,MG95,81.77,81.52010133743286,78.96485201478005,81.87180281043054
2025-08-21,MG92,79.01,79.73326216220856,77.5851919412613,81.13403047084809
2025-08-21,MG92,79.01,80.18020804309845,78.03213782215118,81.58097635173797
2025-08-21,MG92,79.01,79.03246252059935,76.88439229965209,80.43323082923888
2025-08-22,MG95,82.69,81.87917443966865,78.65508379495142,82.30793307280538
2025-08-22,MG95,82.69,81.56154660630227,78.33745596158505,81.99030523943901
2025-08-22,MG95,82.69,81.3379776108265,78.11388696610928,81.76673624396324
2025-08-22,MG92,79.93,79.88166377806664,77.02072408938407,81.15413151526451
2025-08-22,MG92,79.93,79.61837776565551,76.75743807697295,80.89084550285338
2025-08-22,MG92,79.93,78.78205744743347,75.92111775875091,80.05452518463134
2025-08-25,MG95,81.54,81.67268668937683,78.37655053663255,82.12043279218675
2025-08-25,MG95,81.54,81.84144517183304,78.54530901908876,82.28919127464296
2025-08-25,MG95,81.54,82.74304844093322,79.44691228818894,83.19079454374314
2025-08-25,MG92,79.6,79.75047965669631,76.81635180616378,81.02384186410903
2025-08-25,MG92,79.6,79.8663971300125,76.93226927947997,81.13975933742522
2025-08-25,MG92,79.6,80.38541766929626,77.45128981876373,81.65877987670898
2025-08-26,MG95,81.12,82.2279730644226,78.43402724468707,82.8905606534481
2025-08-26,MG95,81.12,81.35103004550933,77.5570842257738,82.01361763453484
2025-08-26,MG95,81.12,82.06233417320252,78.26838835346699,82.72492176222802
2025-08-26,MG92,79.18,80.09074898386001,76.6812195315361,81.47499754571913
2025-08-26,MG92,79.18,79.41913891839981,76.0096094660759,80.80338748025893
2025-08-26,MG92,79.18,79.56368279075622,76.15415333843231,80.94793135261534
2025-08-27,MG95,79.35,82.69828744769096,77.7666051274538,83.51704986333847
2025-08-27,MG95,79.35,81.86759050917625,76.9359081889391,82.68635292482377
2025-08-27,MG95,79.35,83.26944233775139,78.33776001751423,84.0882047533989
2025-08-27,MG92,77.41,80.54645602083207,75.90270675039291,81.79081316804886
2025-08-27,MG92,77.41,79.92809976911545,75.28435049867629,81.17245691633224
2025-08-27,MG92,77.41,80.80340546417236,76.1596561937332,82.04776261138915
2025-08-28,MG95,80.24,82.75232349014281,78.06250513768195,83.46709773516653
2025-08-28,MG95,80.24,82.10190826129913,77.41208990883827,82.81668250632285
2025-08-28,MG95,80.24,82.52948562407494,77.83966727161408,83.24425986909866
2025-08-28,MG92,78.3,80.5823247256279,76.18038522863388,81.76323970937729
2025-08-28,MG92,78.3,80.23095195150376,75.82901245450974,81.41186693525314
2025-08-28,MG92,78.3,80.06467928504944,75.66273978805542,81.24559426879883
2025-08-29,MG95,81.37,82.27220725131033,77.51443551790713,83.08049382162093
2025-08-29,MG95,81.37,81.72216529726981,76.96439356386661,82.53045186758041
2025-08-29,MG95,81.37,82.46828858566283,77.71051685225963,83.27657515597343
2025-08-29,MG92,79.43,80.1720280995369,75.72276553773881,81.45071054124833
2025-08-29,MG92,79.43,79.89939888811111,75.45013632631301,81.17808132982253
2025-08-29,MG92,79.43,79.97039467048646,75.52113210868836,81.24907711219788
2025-09-01,MG95,81.25,83.35672603869438,77.82027066373824,84.36984041953086
2025-09-01,MG95,81.25,82.61807732653618,77.08162195158005,83.63119170737266
2025-09-01,MG95,81.25,82.7999318959713,77.26347652101516,83.81304627680778
2025-09-01,MG92,79.31,81.13008319473266,75.85847173786163,82.44845775222778
2025-09-01,MG92,79.31,80.57311208438873,75.3015006275177,81.89148664188384
2025-09-01,MG92,79.31,80.38028191947936,75.10867046260833,81.69865647697448
2025-09-02,MG95,82.72,82.47878565454482,77.7502220799923,83.24528438591958
2025-09-02,MG95,82.72,81.81443026590347,77.08586669135094,82.58092899727822
2025-09-02,MG95,82.72,81.89448956298827,77.16592598843575,82.66098829436302
2025-09-02,MG92,80.78,80.2821739461422,75.85156015658379,81.5187697007656
2025-09-02,MG92,80.78,79.95824691581726,75.52763312625885,81.19484267044066
2025-09-02,MG92,80.78,79.30191049194336,74.87129670238495,80.53850624656677
2025-09-03,MG95,82.95,83.34737045955657,77.55538341236114,84.41115981650351
2025-09-03,MG95,82.95,82.60131950473786,76.80933245754242,83.6651088616848
2025-09-03,MG95,82.95,83.6492244682312,77.85723742103576,84.71301382517814
2025-09-03,MG92,80.73,81.04438105630874,75.49586584615707,82.3643675236702
2025-09-03,MG92,80.73,80.6323791618347,75.08386395168304,81.95236562919617
2025-09-03,MG92,80.73,81.24640301895141,75.69788780879975,82.56638948631287
2025-09-04,MG95,81.45,84.02735301446914,77.75302935492992,85.32909233999251
2025-09-04,MG95,81.45,83.41926302003861,77.1449393604994,84.72100234556198
2025-09-04,MG95,81.45,83.46074398326874,77.18642032372952,84.76248330879211
2025-09-04,MG92,79.28,81.76495744800567,75.74230314350127,83.25392424678802
2025-09-04,MG92,79.28,81.2880076031685,75.2653532986641,82.77697440195084
2025-09-04,MG92,79.28,80.97797809791565,74.95532379341125,82.466944896698
2025-09-05,MG95,81.6,83.94548711442947,76.9078325113058,85.5168254008293
2025-09-05,MG95,81.6,83.06091901350021,76.02326441037654,84.63225729990005
2025-09-05,MG95,81.6,84.07399303674697,77.0363384336233,85.6453313231468
2025-09-05,MG92,79.24,81.66444973897933,74.81771816205978,83.3170673174858
2025-09-05,MG92,79.24,81.0585778799057,74.21184630298615,82.71119545841216
2025-09-05,MG92,79.24,81.70970691108704,74.86297533416749,83.3623244895935
2025-09-08,MG95,81.23,83.3580044081211,75.98551752412318,85.19535984063148
2025-09-08,MG95,81.23,83.78410333132744,76.41161644732952,85.62145876383782
2025-09-08,MG95,81.23,83.62382246899605,76.25133558499813,85.46117790150643
2025-09-08,MG92,78.87,81.16314806914329,74.00369200205802,83.0676801393032
2025-09-08,MG92,78.87,81.67893819379806,74.51948212671279,83.58347026395798
2025-09-08,MG92,78.87,81.1768318710327,74.01737580394743,83.08136394119262
2025-09-09,MG95,81.58,83.20831310391426,76.2391510796547,84.78604473710061
2025-09-09,MG95,81.58,83.40010162329673,76.43093959903717,84.97783325648308
2025-09-09,MG95,81.58,83.30068115448951,76.33151913022995,84.87841278767586
2025-09-09,MG92,79.22,81.02543471503257,74.26544345545769,82.70066561865806
2025-09-09,MG92,79.22,81.34076482629776,74.58077356672287,83.01599572992325
2025-09-09,MG92,79.22,80.8097617931366,74.04977053356171,82.48499269676209
2025-09-10,MG95,81.84,83.9056198720932,76.76170476424693,85.503927683115
2025-09-10,MG95,81.84,82.73361849403382,75.58970338618755,84.33192630505562
2025-09-10,MG95,81.84,84.11985567140579,76.97594056355952,85.71816348242758
2025-09-10,MG92,79.48,81.8091116065979,74.84218559455871,83.4697980518341
2025-09-10,MG92,79.48,80.73520525074005,73.76827923870087,82.39589169597626
2025-09-10,MG92,79.48,81.76662130546569,74.79969529342651,83.4273077507019
2025-09-11,MG95,82.05,83.28339509510994,76.03109157645702,85.01792740964889
2025-09-11,MG95,82.05,83.71057772326469,76.45827420461177,85.44511003780364
2025-09-11,MG95,82.05,83.86175895762443,76.60945543897151,85.59629127216338
2025-09-11,MG92,79.69,81.06534784770011,74.01658246970176,82.8713670680523
2025-09-11,MG92,79.69,81.67891549158095,74.6301501135826,83.48493471193314
2025-09-11,MG92,79.69,81.46152869606017,74.41276331806182,83.26754791641235
2025-09-12,MG95,81.4,82.93568173646926,75.8376562231779,84.5134711408615
2025-09-12,MG95,81.4,82.98984158802033,75.89181607472896,84.56763099241256
2025-09-12,MG95,81.4,83.4853198542595,76.38729434096814,85.06310925865174
2025-09-12,MG92,79.14,80.86226827740668,73.94379273533819,82.50780463337897
2025-09-12,MG92,79.14,81.03727084207534,74.11879530000685,82.68280719804763
2025-09-12,MG92,79.14,81.0817590045929,74.1632834625244,82.72729536056518
2025-09-15,MG95,83.32,83.25723306941985,76.61210011053085,84.64794005203247
2025-09-15,MG95,83.32,83.24331237173081,76.5981794128418,84.63401935434342
2025-09-15,MG95,83.32,82.84460251808166,76.19946955919265,84.23530950069427
2025-09-15,MG92,81.06,81.04905761790276,74.61038614821435,82.56715992045403
2025-09-15,MG92,81.06,81.2566915011406,74.81802003145218,82.77479380369186
2025-09-15,MG92,81.06,80.34037177658081,73.9017003068924,81.85847407913208
2025-09-16,MG95,83.4,84.07461621809006,76.17492856609822,86.17854725170135
2025-09-16,MG95,83.4,82.79875697374344,74.8990693217516,84.90268800735473
2025-09-16,MG95,83.4,83.6283074402809,75.72861978828907,85.7322384738922
2025-09-16,MG92,81.14,81.72193696403504,74.0014477481842,83.84770133399964
2025-09-16,MG92,81.14,80.71882198476791,72.99833276891708,82.84458635473251
2025-09-16,MG92,81.14,81.19493371200561,73.47444449615477,83.3206980819702
2025-09-17,MG95,83.21,83.86354813957215,76.58181982004642,85.65952013158798
2025-09-17,MG95,83.21,82.20913153362274,74.92740321409701,84.00510352563857
2025-09-17,MG95,83.21,83.76405051708221,76.48232219755648,85.56002250909805
2025-09-17,MG92,81.74,81.67193800306319,74.60947604990004,83.54412938451766
2025-09-17,MG92,81.74,80.22593844938277,73.16347649621962,82.09812983083724
2025-09-17,MG92,81.74,81.39680445861816,74.33434250545501,83.26899584007263
2025-09-18,MG95,82.22,83.37994763278961,75.79695210301875,85.21910360121726
2025-09-18,MG95,82.22,83.45505159378052,75.87205606400967,85.29420756220817
2025-09-18,MG95,82.22,84.6865656838417,77.10357015407085,86.52572165226935
2025-09-18,MG92,80.53,81.33314894342422,73.91407755517959,83.19866906785964
2025-09-18,MG92,80.53,80.98112737846374,73.56205599021911,82.84664750289916
2025-09-18,MG92,80.53,82.64914413070679,75.23007274246216,84.51466425514221
2025-09-19,MG95,80.89,83.22071103954315,75.17096749448775,85.3634354379177
2025-09-19,MG95,80.89,83.93677101707458,75.88702747201918,86.07949541544913
2025-09-19,MG95,80.89,83.88666877937317,75.83692523431777,86.02939317774772
2025-09-19,MG92,79.2,81.2431478061676,73.34859561824797,83.38789171600341
2025-09-19,MG92,79.2,81.63393596649169,73.73938377857206,83.7786798763275
2025-09-19,MG92,79.2,82.04685674047471,74.15230455255508,84.19160065031052
2025-09-22,MG95,79.8,82.66814263892174,74.89426141631603,84.62275436234474
2025-09-22,MG95,79.8,84.16362506270409,76.38974384009838,86.11823678612708
2025-09-22,MG95,79.8,83.28586166167258,75.51198043906687,85.24047338509558
2025-09-22,MG92,77.81,80.72477398252487,73.10975771284103,82.69344702100754
2025-09-22,MG92,77.81,81.89761646842956,74.28260019874573,83.86628950691224
2025-09-22,MG92,77.81,81.45350070858001,73.83848443889617,83.42217374706269
2025-09-23,MG95,79.23,83.02725409388542,75.3331452780962,84.97519324302672
2025-09-23,MG95,79.23,83.0707594578266,75.37665064203738,85.0186986069679
2025-09-23,MG95,79.23,83.50333332657813,75.80922451078891,85.45127247571943
2025-09-23,MG92,77.24,81.0741532588005,73.55577238321304,83.05096970319747
2025-09-23,MG92,77.24,80.59111786651611,73.07273699092866,82.56793431091309
2025-09-23,MG92,77.24,81.4696651945114,73.95128431892395,83.44648163890838
2025-09-24,MG95,80.23,84.69014674568176,76.82142446005345,86.67883385205269
2025-09-24,MG95,80.23,83.70794697332381,75.8392246876955,85.69663407969475
2025-09-24,MG95,80.23,83.77742705655098,75.90870477092267,85.76611416292191
2025-09-24,MG92,78.24,82.50500829505921,74.78398332881928,84.49576356697082
2025-09-24,MG92,78.24,81.31122415733338,73.59019919109345,83.301979429245
2025-09-24,MG92,78.24,81.66289016008378,73.94186519384384,83.65364543199539
2025-09-25,MG95,81.05,84.82228884506226,76.5729939262867,87.01964554715157
2025-09-25,MG95,81.05,83.59874398851395,75.34944906973838,85.79610069060325
2025-09-25,MG95,81.05,84.05954795408249,75.81025303530693,86.2569046561718
2025-09-25,MG92,79.25,82.66258042573929,74.5367843937874,84.83412117242814
2025-09-25,MG92,79.25,81.19422931671141,73.06843328475952,83.36577006340026
2025-09-25,MG92,79.25,81.99302721691132,73.86723118495942,84.16456796360016
2025-09-26,MG95,81.84,83.05522163915634,74.72989981341361,85.50511553931236
2025-09-26,MG95,81.84,83.46927486467362,75.14395303893089,85.91916876482964
2025-09-26,MG95,81.84,83.29778572750091,74.97246390175818,85.74767962765692
2025-09-26,MG92,80.15,81.08372185993194,72.9434931783676,83.54648720073699
2025-09-26,MG92,80.15,81.10579975509643,72.96557107353209,83.56856509590148
2025-09-26,MG92,80.15,81.1296270956993,72.98939841413497,83.59239243650435
2025-09-29,MG95,81.78,83.03273105669021,73.93983210372923,86.0138119380474
2025-09-29,MG95,81.78,82.9579746582508,73.86507570528983,85.93905553960799
2025-09-29,MG95,81.78,83.35530066180229,74.26240170884131,86.33638154315948
2025-09-29,MG92,79.91,80.90963384342193,71.95710042190551,83.88151113224029
2025-09-29,MG92,79.91,80.50111180114746,71.54857837963104,83.47298908996582
2025-09-29,MG92,79.91,81.2400896167755,72.28755619525909,84.21196690559387
2025-09-30,MG95,79.2,82.837164331913,73.78381458365918,85.70478256487847
2025-09-30,MG95,79.2,82.921740557909,73.86839080965518,85.78935879087447
2025-09-30,MG95,79.2,83.12518230319023,74.0718325549364,85.9928005361557
2025-09-30,MG92,77.33,80.78584686756133,71.8508254957199,83.62944221973419
2025-09-30,MG92,77.33,80.3505910987854,71.41556972694397,83.19418645095826
2025-09-30,MG92,77.33,80.93594591379166,72.00092454195023,83.77954126596451
2025-10-01,MG95,79.57,82.91787747311592,75.02654257464408,85.00653765130043
2025-10-01,MG95,79.57,83.75687340760231,75.86553850913047,85.84553358578682
2025-10-01,MG95,79.57,83.91075928902626,76.01942439055442,85.99941946721077
2025-10-01,MG92,76.94,80.95326605272292,73.23805048418045,83.06234296274184
2025-10-01,MG92,76.94,81.47460845947265,73.75939289093017,83.58368536949156
2025-10-01,MG92,76.94,82.00966572189331,74.29445015335084,84.11874263191223
2025-10-02,MG95,78.13,84.55587376189231,75.51092972409724,87.45132808756827
2025-10-02,MG95,78.13,83.58392567420006,74.53898163640498,86.47937999987602
2025-10-02,MG95,78.13,83.5243503806591,74.47940634286402,86.41980470633506
2025-10-02,MG92,76.23,82.29753707599639,73.38132753086089,85.17550430965423
2025-10-02,MG92,76.23,81.22470838928223,72.30849884414673,84.10267562294007
2025-10-02,MG92,76.23,81.34278493642806,72.42657539129256,84.2207521700859
2025-10-03,MG95,77.05,83.3505355219841,74.2538910691738,86.20367243933677
2025-10-03,MG95,77.05,83.67417007493972,74.57752562212943,86.5273069922924
2025-10-03,MG95,77.05,83.33238173747063,74.23573728466033,86.1855186548233
2025-10-03,MG92,75.25,81.1736257853508,72.17919668340681,83.9927629675865
2025-10-03,MG92,75.25,81.30261674499512,72.30818764305114,84.12175392723083
2025-10-03,MG92,75.25,81.23348821496964,72.23905911302566,84.05262539720535
2025-10-06,MG95,78.05,83.6150822646618,74.89528901648522,86.07363221716881
2025-10-06,MG95,78.05,84.62088800883294,75.90109476065636,87.07943796133995
2025-10-06,MG95,78.05,84.22642871785163,75.50663546967506,86.68497867035865
2025-10-06,MG92,75.75,81.56060327768324,72.92635683298109,83.96217194795607
2025-10-06,MG92,75.75,82.5112509880066,73.87700454330444,84.91281965827942
2025-10-06,MG92,75.75,82.16266351127624,73.52841706657408,84.56423218154906
2025-10-07,MG95,78.93,82.901564504385,74.11840105760098,85.57033424663544
2025-10-07,MG95,78.93,83.97217128634452,75.1890078395605,86.64094102859497
2025-10-07,MG95,78.93,82.89117186403274,74.10800841724873,85.55994160628319
2025-10-07,MG92,76.47,80.79640868997573,72.14582418775558,83.44575492715836
2025-10-07,MG92,76.47,81.7616420879364,73.11105758571624,84.41098832511902
2025-10-07,MG92,76.47,80.86927296304702,72.21868846082687,83.51861920022965
2025-10-08,MG95,79.45,83.88585688018799,74.650267862916,86.87944522762298
2025-10-08,MG95,79.45,83.79583238315581,74.56024336588382,86.7894207305908
2025-10-08,MG95,79.45,83.30842185354231,74.07283283627032,86.3020102009773
2025-10-08,MG92,76.99,81.62859375572205,72.49718958473206,84.59412589645386
2025-10-08,MG92,76.99,81.53831151008606,72.40690733909607,84.50384365081787
2025-10-08,MG92,76.99,81.18048505973816,72.04908088874816,84.14601720046997
2025-10-09,MG95,80.3,83.4248210337162,74.2004300018549,86.59492930078507
2025-10-09,MG95,80.3,83.46341493868826,74.23902390682696,86.63352320575713
2025-10-09,MG95,80.3,82.49779270243644,73.27340167057514,85.66790096950531
2025-10-09,MG92,77.55,81.2617553858757,72.19498134660721,84.4358574824333
2025-10-09,MG92,77.55,81.17132342529297,72.10454938602447,84.34542552185057
2025-10-09,MG92,77.55,80.35612135601045,71.28934731674195,83.53022345256805
2025-10-10,MG95,79.46,82.89287083292007,73.6871784147024,85.97957673573492
2025-10-10,MG95,79.46,83.65202444601059,74.44633202779292,86.73873034882544
2025-10-10,MG95,79.46,82.38630872368813,73.18061630547047,85.47301462650299
2025-10-10,MG92,76.59,80.7697354030609,71.70318032264709,83.84956406593322
2025-10-10,MG92,76.59,81.35931124877928,72.29275616836546,84.4391399116516
2025-10-10,MG92,76.59,80.20740322399138,71.14084814357756,83.2872318868637
2025-10-13,MG95,78.69,84.3558011534214,75.64844315731526,87.0243783249855
2025-10-13,MG95,78.69,83.49950653672218,74.79214854061604,86.16808370828629
2025-10-13,MG95,78.69,83.06400924992562,74.35665125381948,85.73258642148973
2025-10-13,MG92,75.95,82.07977115392684,73.52516982793807,84.74089458227157
2025-10-13,MG92,75.95,81.15838714981078,72.60378582382201,83.8195105781555
2025-10-13,MG92,75.95,81.03340895557403,72.47880762958526,83.69453238391876
2025-10-14,MG95,78.36,82.98214492797852,72.90720287442208,86.83402082443237
2025-10-14,MG95,78.36,82.49829880142212,72.42335674786568,86.35017469787597
2025-10-14,MG95,78.36,82.44572938013077,72.37078732657433,86.29760527658462
2025-10-14,MG92,75.62,80.77904051113129,70.79481489467621,84.64092498111725
2025-10-14,MG92,75.62,80.07149216651916,70.08726655006409,83.93337663650513
2025-10-14,MG92,75.62,80.38464379119873,70.40041817474365,84.2465282611847
2025-10-15,MG95,78.5,84.73289179682732,75.44370072901249,87.94944811344146
2025-10-15,MG95,78.5,83.5948213236332,74.30563025581837,86.81137764024734
2025-10-15,MG95,78.5,83.8895013949871,74.60031032717227,87.10605771160124
2025-10-15,MG92,75.76,82.38092124366761,73.24403378391267,85.60065063858033
2025-10-15,MG92,75.76,81.32455176353454,72.1876643037796,84.54428115844726
2025-10-15,MG92,75.76,81.89847100114822,72.76158354139328,85.11820039606094
2025-10-16,MG95,78.98,82.4844183063507,72.14407051861285,86.9061686348915
2025-10-16,MG95,78.98,82.22658137512207,71.88623358738421,86.64833170366286
2025-10-16,MG95,78.98,81.64242267465592,71.30207488691806,86.06417300319671
2025-10-16,MG92,76.24,80.03879928016663,69.85024312400817,84.5243158378601
2025-10-16,MG92,76.24,79.83613591098785,69.6475797548294,84.32165246868132
2025-10-16,MG92,76.24,78.92623996162416,68.73768380546571,83.41175651931763
2025-10-17,MG95,77.59,82.1269570441246,72.33324522089957,85.74818140101432
2025-10-17,MG95,77.59,81.94243493914604,72.14872311592102,85.56365929603577
2025-10-17,MG95,77.59,81.97918992805481,72.18547810482978,85.60041428494453
2025-10-17,MG92,74.81,79.64482987403869,69.96669941902161,83.27197181701659
2025-10-17,MG92,74.81,79.58288567447661,69.90475521945953,83.21002761745451
2025-10-17,MG92,74.81,79.27472222709656,69.59659177207948,82.90186417007446
2025-10-20,MG95,77.59,82.20881691718101,72.67783890986442,85.75963743114471
2025-10-20,MG95,77.59,82.00703634095191,72.47605833363532,85.55785685491561
2025-10-20,MG95,77.59,82.26412766647339,72.7331496591568,85.81494818043709
2025-10-20,MG92,74.81,79.73868775177002,70.38249669361115,83.31335410881043
2025-10-20,MG92,74.81,79.7835583729744,70.42736731481553,83.35822473001481
2025-10-20,MG92,74.81,79.5128500328064,70.15665897464753,83.08751638984681
2025-10-21,MG95,77.65,82.98986051249503,73.3299901305437,86.46869810390471
2025-10-21,MG95,77.65,81.84030760788917,72.18043722593785,85.31914519929886
2025-10-21,MG95,77.65,81.98163240265845,72.32176202070713,85.46046999406813
2025-10-21,MG92,74.87,80.59009481620788,71.04737410736084,84.06815839004516
2025-10-21,MG92,74.87,79.60040929841995,70.0576885895729,83.07847287225722
2025-10-21,MG92,74.87,79.26782983207703,69.72510912322998,82.7458934059143
2025-10-22,MG95,78.59,82.37103846335411,71.80668282473087,87.1538973429203
2025-10-22,MG95,78.59,81.48595179128647,70.92159615266323,86.26881067085266
2025-10-22,MG95,78.59,81.33613213038444,70.7717764917612,86.11899100995063
2025-10-22,MG92,75.58,80.04834029579162,69.65148438835143,84.9213394870758
2025-10-22,MG92,75.58,79.35543855428695,68.95858264684676,84.22843774557113
2025-10-22,MG92,75.58,78.62966053390502,68.23280462646484,83.5026597251892
2025-10-23,MG95,81.1,82.80684325790405,72.17199230527878,87.45749273276328
2025-10-23,MG95,81.1,81.14184642052649,70.50699546790122,85.79249589538573
2025-10-23,MG95,81.1,81.17067209911346,70.53582114648819,85.8213215739727
2025-10-23,MG92,78.09,80.53779812431335,70.0150175819397,85.25882123565674
2025-10-23,MG92,78.09,78.85809275627136,68.33531221389771,83.57911586761475
2025-10-23,MG92,78.09,78.42301518630981,67.90023464393616,83.1440382976532
2025-10-24,MG95,82.82,82.34380704259871,71.57763732469081,87.1447675666809
2025-10-24,MG95,82.82,82.26171815514564,71.49554843723774,87.06267867922783
2025-10-24,MG95,82.82,80.88288129711151,70.11671157920361,85.6838418211937
2025-10-24,MG92,79.91,80.00805000305176,69.34653806209565,84.88864287376404
2025-10-24,MG92,79.91,79.9743154411316,69.31280350017548,84.85490831184387
2025-10-24,MG92,79.91,78.12747800254823,67.46596606159211,83.00807087326051
2025-10-27,MG95,82.51,82.06729286837577,72.14766388761997,86.04699718642235
2025-10-27,MG95,82.51,81.46968844389914,71.55005946314334,85.44939276194572
2025-10-27,MG95,82.51,81.12265824770927,71.20302926695346,85.10236256575584
2025-10-27,MG92,79.91,79.64435095977782,69.89650307369232,83.6669698638916
2025-10-27,MG92,79.91,79.04656932067871,69.2987214345932,83.06918822479248
2025-10-27,MG92,79.91,78.37699427223205,68.62914638614654,82.39961317634582
2025-10-28,MG95,82.08,83.33671112990379,73.33216810500622,87.44819156861305
2025-10-28,MG95,82.08,82.24814596796035,72.24360294306278,86.35962640666962
2025-10-28,MG95,82.08,81.43436108994484,71.42981806504727,85.54584152865411
2025-10-28,MG92,79.26,81.0927144012451,71.26780231571196,85.25606328582762
2025-10-28,MG92,79.26,79.82444118070602,69.99952909517287,83.98779006528854
2025-10-28,MG92,79.26,78.67093084907532,68.84601876354218,82.83427973365784
2025-10-29,MG95,82.28,82.3747435233593,71.6551470259428,87.40571047520638
2025-10-29,MG95,82.28,80.97576267695428,70.25616617953777,86.00672962880135
2025-10-29,MG95,82.28,81.02467350363732,70.30507700622081,86.0556404554844
2025-10-29,MG92,79.46,80.13063155555724,69.58644894981384,85.26954928779602
2025-10-29,MG92,79.46,78.74830404186248,68.20412143611908,83.88722177410126
2025-10-29,MG92,79.46,78.32513090705872,67.78094830131532,83.4640486392975
2025-10-30,MG95,82.62,82.2995542988777,71.60098652040956,86.97098215079306
2025-10-30,MG95,82.62,81.45506394863128,70.75649617016315,86.12649180054665
2025-10-30,MG95,82.62,80.95650495934485,70.25793718087672,85.62793281126022
2025-10-30,MG92,79.8,79.91779982185363,69.31527166938781,84.65742045974731
2025-10-30,MG92,79.8,79.2882994070053,68.68577125453947,84.02792004489898
2025-10-30,MG92,79.8,78.19769466018677,67.59516650772095,82.93731529808045
2025-10-31,MG95,81.78,82.48484196186064,72.21903347253799,86.83819118261336
2025-10-31,MG95,81.78,81.89540587043761,71.62959738111496,86.24875509119033
2025-10-31,MG95,81.78,81.0331888051033,70.76738031578064,85.38653802585601
2025-10-31,MG92,78.96,80.1814915046692,70.07428089237214,84.59586972808839
2025-10-31,MG92,78.96,79.53902419567109,69.43181358337404,83.95340241909028
2025-10-31,MG92,78.96,78.34911874580384,68.24190813350678,82.76349696922303
2025-11-03,MG95,82.63,82.57286987400055,71.87785983896255,87.37872169351577
2025-11-03,MG95,82.63,80.90855168032645,70.21354164528846,85.71440349984168
2025-11-03,MG95,82.63,81.03741579341889,70.34240575838089,85.84326761293411
2025-11-03,MG92,79.81,80.24228007316589,69.67687243461609,85.13315935134888
2025-11-03,MG92,79.81,78.44090736246109,67.87549972391129,83.33178664064408
2025-11-03,MG92,79.81,78.38001681137085,67.81460917282105,83.27089608955384
2025-11-04,MG95,81.13,82.5696366121769,72.59248676741123,86.39316610360144
2025-11-04,MG95,81.13,82.09464765977859,72.11749781501292,85.91817715120314
2025-11-04,MG95,81.13,81.48329593992233,71.50614609515667,85.30682543134688
2025-11-04,MG92,78.41,80.20949773979187,70.34571346950531,84.04947700691223
2025-11-04,MG92,78.41,79.69356517219543,69.82978090190888,83.53354443931579
2025-11-04,MG92,78.41,78.76837781333924,68.90459354305268,82.6083570804596
2025-11-05,MG95,80.8,82.08105011820791,71.12810127735136,87.41901325821875
2025-11-05,MG95,80.8,80.37495617604255,69.422007335186,85.71291931605339
2025-11-05,MG95,80.8,80.2138248374462,69.26087599658965,85.55178797745704
2025-11-05,MG92,78.08,79.79790727043151,69.0132379617691,85.26443403625487
2025-11-05,MG92,78.08,78.0940214972496,67.30935218858718,83.56054826307296
2025-11-05,MG92,78.08,77.53210223388672,66.7474329252243,82.99862899971008
2025-11-06,MG95,81.25,81.7094195048809,70.76326840925216,87.08988299536705
2025-11-06,MG95,81.25,81.00416285967826,70.05801176404952,86.38462635016441
2025-11-06,MG95,81.25,80.84950825619697,69.90335716056823,86.22997174668312
2025-11-06,MG92,78.53,79.36063991546631,68.59509456634521,84.87391206741333
2025-11-06,MG92,78.53,78.65341772651672,67.88787237739562,84.16668987846374
2025-11-06,MG92,78.53,78.07540159225464,67.30985624313354,83.58867374420166
2025-11-07,MG95,81.88,82.06279634284972,71.34280988979339,86.8868942348957
2025-11-07,MG95,81.88,81.12767831492422,70.40769186186789,85.95177620697021
2025-11-07,MG95,81.88,80.91265754413604,70.1926710910797,85.73675543618202
2025-11-07,MG92,79.16,79.71500106239318,69.12068153762817,84.62468284988404
2025-11-07,MG92,79.16,78.68831408834457,68.09399456357956,83.59799587583542
2025-11-07,MG92,79.16,78.14460518455505,67.55028565979003,83.0542869720459
2025-11-10,MG95,82.8,81.90960443615913,71.26556304752826,86.76437883853912
2025-11-10,MG95,82.8,80.86085540604591,70.21681401741505,85.7156298084259
2025-11-10,MG95,82.8,80.91969664263725,70.27565525400638,85.77447104501724
2025-11-10,MG92,80.08,79.51821947860718,69.03260137844086,84.4664939289093
2025-11-10,MG92,80.08,78.4202446231842,67.93462652301788,83.36851907348633
2025-11-10,MG92,80.08,78.24014592552186,67.75452782535554,83.18842037582398
2025-11-11,MG95,83.15,82.1729044098854,71.81646734130383,86.72668120098115
2025-11-11,MG95,83.15,81.69302317118644,71.33658610260487,86.24679996228218
2025-11-11,MG95,83.15,81.00065304541587,70.6442159768343,85.55442983651162
2025-11-11,MG92,80.06,79.8414418811798,69.66446725082398,84.47271049690247
2025-11-11,MG92,80.06,79.37393165540695,69.19695702505112,84.00520027112961
2025-11-11,MG92,80.06,78.24812518119812,68.07115055084229,82.87939379692078
2025-11-12,MG95,83.79,82.50337689042091,71.86779898345469,86.9415823841095
2025-11-12,MG95,83.79,80.81727240753173,70.18169450056551,85.25547790122032
2025-11-12,MG95,83.79,81.07360753750801,70.43802963054179,85.5118130311966
2025-11-12,MG92,81.48,80.20655716896057,69.63114730358123,84.68583106994629
2025-11-12,MG92,81.48,78.25502299165726,67.67961312627791,82.73429689264297
2025-11-12,MG92,81.48,78.39759152603149,67.82218166065215,82.87686542701721
2025-09-18,MG95,82.22,81.82955280959605,78.29378090322017,84.52785415172576
2025-09-18,MG95,82.22,81.90465677058697,78.36888486421108,84.60295811271668
2025-09-18,MG95,82.22,83.13617086064815,79.60039895427226,85.83447220277786
2025-09-18,MG92,80.53,79.9237529039383,77.56084104776382,83.03802775859833
2025-09-18,MG92,80.53,79.57173133897781,77.20881948280334,82.68600619363785
2025-09-18,MG92,80.53,81.23974809122085,78.87683623504637,84.35402294588089
2025-09-19,MG95,80.89,81.63647522866725,77.12758985459804,85.20943002462387
2025-09-19,MG95,80.89,82.35253520619868,77.84364983212947,85.9254900021553
2025-09-19,MG95,80.89,82.30243296849727,77.79354759442806,85.87538776445389
2025-09-19,MG92,79.2,79.85715571546554,76.32045659089088,83.72087396764755
2025-09-19,MG92,79.2,80.24794387578964,76.71124475121499,84.11166212797166
2025-09-19,MG92,79.2,80.66086464977263,77.12416552519798,84.52458290195464
2025-09-22,MG95,79.8,81.13363247442246,75.77620152044297,85.44561765956878
2025-09-22,MG95,79.8,82.62911489820479,77.2716839442253,86.94110008335112
2025-09-22,MG95,79.8,81.7513514971733,76.39392054319381,86.06333668231963
2025-09-22,MG92,77.81,79.37962512230872,74.97668413853644,83.95415602064132
2025-09-22,MG92,77.81,80.55246760821342,76.14952662444114,85.12699850654602
2025-09-22,MG92,77.81,80.10835184836387,75.70541086459158,84.68288274669646
2025-09-23,MG95,79.23,81.52425528120995,75.9661746032238,86.01322249007225
2025-09-23,MG95,79.23,81.56776064515113,76.00967996716498,86.05672785401343
2025-09-23,MG95,79.23,82.00033451390266,76.44225383591652,86.48930172276496
2025-09-23,MG92,77.24,79.7651787586212,75.14789532613753,84.50372835350035
2025-09-23,MG92,77.24,79.28214336633683,74.66485993385315,84.02069296121597
2025-09-23,MG92,77.24,80.16069069433212,75.54340726184844,84.89924028921126
2025-09-24,MG95,80.23,83.06502742290496,76.74216062068939,88.28523332834243
2025-09-24,MG95,80.23,82.08282765054702,75.75996084833145,87.30303355598448
2025-09-24,MG95,80.23,82.15230773377418,75.82944093155861,87.37251363921165
2025-09-24,MG92,78.24,81.11524872493743,75.53848149609564,86.46402679872511
2025-09-24,MG92,78.24,79.9214645872116,74.34469735836981,85.27024266099929
2025-09-24,MG92,78.24,80.273130589962,74.6963633611202,85.62190866374968
2025-09-25,MG95,81.05,83.1578339972496,76.9565096642971,88.27253711128235
2025-09-25,MG95,81.05,81.93428914070128,75.73296480774879,87.04899225473403
2025-09-25,MG95,81.05,82.39509310626983,76.19376877331733,87.50979622030258
2025-09-25,MG92,79.25,81.24446066093445,75.77836768460274,86.48850842428207
2025-09-25,MG92,79.25,79.77610955190659,74.31001657557488,85.02015731525421
2025-09-25,MG92,79.25,80.57490745210649,75.10881447577478,85.81895521545411
2025-09-26,MG95,81.84,81.56895355975628,74.7369187400341,87.24288792824746
2025-09-26,MG95,81.84,81.98300678527355,75.15097196555136,87.65694115376472
2025-09-26,MG95,81.84,81.81151764810085,74.97948282837866,87.48545201659202
2025-09-26,MG92,80.15,79.86562125349045,73.77603798651695,85.64591977739333
2025-09-26,MG92,80.15,79.88769914865493,73.79811588168144,85.66799767255782
2025-09-26,MG92,80.15,79.9115264892578,73.8219432222843,85.69182501316068
2025-09-29,MG95,81.78,81.60374432492256,74.75370578515529,87.3056266169548
2025-09-29,MG95,81.78,81.52898792648315,74.67894938671589,87.23087021851539
2025-09-29,MG95,81.78,81.92631393003464,75.07627539026737,87.62819622206688
2025-09-29,MG92,79.91,79.77667707967757,73.63559101629255,85.57084155368803
2025-09-29,MG92,79.91,79.36815503740311,73.2270689740181,85.16231951141357
2025-09-29,MG92,79.91,80.10713285303115,73.96604678964613,85.9012973270416
2025-09-30,MG95,79.2,81.2773853520155,73.66735176062583,87.7061170039177
2025-09-30,MG95,79.2,81.36196157801152,73.75192798662185,87.79069322991371
2025-09-30,MG95,79.2,81.56540332329273,73.95536973190306,87.99413497519492
2025-09-30,MG92,77.33,79.53858028507233,72.51823902702331,85.98858568525314
2025-09-30,MG92,77.33,79.1033245162964,72.08298325824738,85.55332991647721
2025-09-30,MG92,77.33,79.68867933130264,72.66833807325362,86.13868473148345
2025-10-01,MG95,79.57,81.3249768192768,73.71457620990276,87.73816972327232
2025-10-01,MG95,79.57,82.16397275376319,74.55357214438915,88.57716565775871
2025-10-01,MG95,79.57,82.31785863518715,74.70745802581311,88.73105153918267
2025-10-01,MG92,76.94,79.63139493584632,72.65697306632994,86.07783884286879
2025-10-01,MG92,76.94,80.15273734259605,73.17831547307968,86.59918124961852
2025-10-01,MG92,76.94,80.6877946050167,73.71337273550033,87.13423851203918
2025-10-02,MG95,78.13,82.98647165763379,74.92006112205982,89.85395843076705
2025-10-02,MG95,78.13,82.01452356994153,73.94811303436757,88.8820103430748
2025-10-02,MG95,78.13,81.95494827640056,73.88853774082659,88.82243504953382
2025-10-02,MG92,76.23,81.05356932020186,73.5186190972328,87.90974084711073
2025-10-02,MG92,76.23,79.9807406334877,72.44579041051864,86.83691216039657
2025-10-02,MG92,76.23,80.09881718063355,72.56386695766449,86.95498870754241
2025-10-03,MG95,77.05,81.80905990099907,73.9233561257124,88.47579279637337
2025-10-03,MG95,77.05,82.13269445395468,74.24699067866801,88.79942734932898
2025-10-03,MG95,77.05,81.79090611648559,73.90520234119892,88.45763901185988
2025-10-03,MG92,75.25,79.9392339169979,72.68188527703285,86.62399092435837
2025-10-03,MG92,75.25,80.06822487664223,72.81087623667717,86.7529818840027
2025-10-03,MG92,75.25,79.99909634661674,72.74174770665168,86.6838533539772
2025-10-06,MG95,78.05,81.85445018792151,72.569782969594,89.88072681093216
2025-10-06,MG95,78.05,82.86025593209266,73.57558871376514,90.8865325551033
2025-10-06,MG95,78.05,82.46579664111137,73.18112942278385,90.49207326412201
2025-10-06,MG92,75.75,80.11479537606237,71.31774162411689,88.06492995262144
2025-10-06,MG92,75.75,81.06544308638573,72.26838933444024,89.01557766294479
2025-10-06,MG92,75.75,80.71685560965537,71.91980185770988,88.66699018621443
2025-10-07,MG95,78.93,81.364206127882,72.75405844843388,88.70514114117623
2025-10-07,MG95,78.93,82.43481290984153,73.8246652303934,89.77574792313575
2025-10-07,MG95,78.93,81.35381348752975,72.74366580808163,88.69474850082398
2025-10-07,MG92,76.47,79.56922039890289,71.56552700662613,86.88723622465133
2025-10-07,MG92,76.47,80.53445379686354,72.53076040458679,87.85246962261199
2025-10-07,MG92,76.47,79.64208467197417,71.63839127969742,86.96010049772262
2025-10-08,MG95,79.45,82.28503698813915,73.06034745204448,90.26258453416824
2025-10-08,MG95,79.45,82.19501249110698,72.9703229550123,90.17256003713607
2025-10-08,MG95,79.45,81.70760196149348,72.48291242539881,89.68514950752257
2025-10-08,MG92,76.99,80.37212720775604,71.61394293928146,88.2763521399498
2025-10-08,MG92,76.99,80.28184496212005,71.52366069364547,88.1860698943138
2025-10-08,MG92,76.99,79.92401851177215,71.16583424329757,87.8282434439659
2025-10-09,MG95,80.3,82.08880511415003,72.62602010023593,90.2424915344715
2025-10-09,MG95,80.3,82.12739901912212,72.66461400520802,90.28108543944359
2025-10-09,MG95,80.3,81.16177678287028,71.69899176895618,89.31546320319174
2025-10-09,MG92,77.55,80.27395047426222,71.38293371677398,88.35441816091536
2025-10-09,MG92,77.55,80.1835185136795,71.29250175619126,88.26398620033264
2025-10-09,MG92,77.55,79.36831644439697,70.47729968690872,87.4487841310501
2025-10-10,MG95,79.46,81.35684080934524,71.2417656431198,90.20353157973288
2025-10-10,MG95,79.46,82.11599442243576,72.00091925621032,90.9626851928234
2025-10-10,MG95,79.46,80.8502787001133,70.73520353388786,89.69696947050093
2025-10-10,MG92,76.59,79.59552234864235,69.91320125079154,88.32866897916794
2025-10-10,MG92,76.59,80.18509819436073,70.50277709650993,88.91824482488633
2025-10-10,MG92,76.59,79.03319016957283,69.35086907172203,87.76633680009843
2025-10-13,MG95,78.69,82.68032330846785,72.8809084073305,91.22694215869902
2025-10-13,MG95,78.69,81.82402869176863,72.02461379063128,90.3706475419998
2025-10-13,MG95,78.69,81.38853140497207,71.58911650383472,89.93515025520324
2025-10-13,MG92,75.95,80.74511115217209,71.36344633722305,89.19541870975495
2025-10-13,MG92,75.95,79.82372714805602,70.44206233310699,88.27403470563888
2025-10-13,MG92,75.95,79.69874895381926,70.31708413887023,88.14905651140212
2025-10-14,MG95,78.36,81.7444475080967,71.18548392856121,91.01786116147042
2025-10-14,MG95,78.36,81.26060138154028,70.7016378020048,90.534015034914
2025-10-14,MG95,78.36,81.20803196024895,70.64906838071346,90.48144561362267
2025-10-14,MG92,75.62,79.93400880503654,69.82077626752854,89.07211328554153
2025-10-14,MG92,75.62,79.22646046042442,69.11322792291642,88.36456494092941
2025-10-14,MG92,75.62,79.53961208510398,69.42637954759599,88.67771656560897
2025-10-15,MG95,78.5,83.1807912567854,72.33914943373203,92.76781185841561
2025-10-15,MG95,78.5,82.04272078359126,71.2010789605379,91.62974138522148
2025-10-15,MG95,78.5,82.33740085494517,71.49575903189181,91.92442145657539
2025-10-15,MG92,75.76,81.20313920760154,70.7291727235317,90.664447974205
2025-10-15,MG92,75.76,80.14676972746848,69.67280324339865,89.60807849407195
2025-10-15,MG92,75.76,80.72068896508216,70.24672248101233,90.18199773168563
2025-10-16,MG95,78.98,81.57467682862281,70.70346525931357,91.18058893704415
2025-10-16,MG95,78.98,81.31683989739417,70.44562832808494,90.92275200581551
2025-10-16,MG95,78.98,80.73268119692803,69.86146962761879,90.33859330534936
2025-10-16,MG92,76.24,79.5490817463398,69.0714222228527,89.01767915010451
2025-10-16,MG92,76.24,79.34641837716103,68.86875885367394,88.81501578092575
2025-10-16,MG92,76.24,78.43652242779731,67.95886290431022,87.90511983156203
2025-10-17,MG95,77.59,80.6991459953785,69.2808792412281,90.86315358638764
2025-10-17,MG95,77.59,80.51462389039993,69.09635713624954,90.67863148140907
2025-10-17,MG95,77.59,80.5513788793087,69.1331121251583,90.71538647031784
2025-10-17,MG92,74.81,78.60931162333488,67.55935766434669,88.62667129850388
2025-10-17,MG92,74.81,78.54736742377281,67.49741346478463,88.56472709894182
2025-10-17,MG92,74.81,78.23920397639274,67.18925001740456,88.25656365156175
2025-10-20,MG95,77.59,80.88145543003081,69.54210250222683,90.95043512129784
2025-10-20,MG95,77.59,80.67967485380171,69.34032192599773,90.74865454506875
2025-10-20,MG95,77.59,80.93676617932319,69.5974132515192,91.00574587059022
2025-10-20,MG92,74.81,78.80630240035057,67.86843072605133,88.71712909412383
2025-10-20,MG92,74.81,78.85117302155494,67.9133013472557,88.7619997153282
2025-10-20,MG92,74.81,78.58046468138696,67.64259300708771,88.49129137516022
2025-10-21,MG95,77.65,81.5581095894575,70.33124271416663,91.51190019035339
2025-10-21,MG95,77.65,80.40855668485165,69.18168980956078,90.36234728574753
2025-10-21,MG95,77.65,80.54988147962092,69.32301460433006,90.50367208051681
2025-10-21,MG92,74.87,79.54522342586517,68.72500769996644,89.34346113824844
2025-10-21,MG92,74.87,78.55553790807724,67.7353221821785,88.35377562046051
2025-10-21,MG92,74.87,78.22295844173432,67.40274271583559,88.02119615411759
2025-10-22,MG95,78.59,81.62809692668914,69.56940362858772,92.44892783808707
2025-10-22,MG95,78.59,80.7430102546215,68.68431695652008,91.56384116601943
2025-10-22,MG95,78.59,80.59319059371947,68.53449729561805,91.4140215051174
2025-10-22,MG92,75.58,79.74307112264633,68.04022872018814,90.40677603292464
2025-10-22,MG92,75.58,79.05016938114166,67.34732697868347,89.71387429141997
2025-10-22,MG92,75.58,78.32439136075973,66.62154895830155,88.98809627103805
2025-10-23,MG95,81.1,81.9901313263178,70.53304002106191,92.1793689239025
2025-10-23,MG95,81.1,80.32513448894024,68.86804318368435,90.51437208652494
2025-10-23,MG95,81.1,80.35396016752719,68.8968688622713,90.5431977651119
2025-10-23,MG92,78.09,80.1503540391922,69.09078745913504,90.17849563550948
2025-10-23,MG92,78.09,78.4706486711502,67.41108209109305,88.49879026746748
2025-10-23,MG92,78.09,78.03557110118865,66.9760045211315,88.06371269750593
2025-10-24,MG95,82.82,81.57102649354934,69.88221788787841,92.00638932728766
2025-10-24,MG95,82.82,81.48893760609627,69.80012900042534,91.9243004398346
2025-10-24,MG95,82.82,80.11010074806212,68.4212921423912,90.54546358180045
2025-10-24,MG92,79.91,79.66892133784293,68.35322931957245,89.94642104816435
2025-10-24,MG92,79.91,79.63518677592276,68.31949475765228,89.91268648624418
2025-10-24,MG92,79.91,77.7883493373394,66.47265731906892,88.06584904766082
2025-10-27,MG95,82.51,80.79953097605704,68.67216067755221,91.70433957004543
2025-10-27,MG95,82.51,80.20192655158043,68.0745562530756,91.10673514556882
2025-10-27,MG95,82.51,79.85489635539055,67.72752605688572,90.75970494937894
2025-10-27,MG92,79.91,78.78367358517646,66.97957954001426,89.55848636341092
2025-10-27,MG92,79.91,78.18589194607733,66.38179790091513,88.9607047243118
2025-10-27,MG92,79.91,77.51631689763069,65.71222285246849,88.29112967586515
2025-10-28,MG95,82.08,82.26207461702823,70.20907505738735,93.06329982447623
2025-10-28,MG95,82.08,81.1735094550848,69.12050989544392,91.9747346625328
2025-10-28,MG95,82.08,80.35972457706927,68.30672501742839,91.16094978451727
2025-10-28,MG92,79.26,80.43806882071495,68.7684589009285,91.06510155725478
2025-10-28,MG92,79.26,79.16979560017586,67.50018568038941,89.79682833671569
2025-10-28,MG92,79.26,78.01628526854515,66.3466753487587,88.64331800508498
2025-10-29,MG95,82.28,81.74142172122001,69.18106939518451,93.09064941668508
2025-10-29,MG95,82.28,80.34244087481498,67.78208854877948,91.69166857028006
2025-10-29,MG95,82.28,80.39135170149802,67.83099937546253,91.7405793969631
2025-10-29,MG92,79.46,79.94039013552666,67.71394490170478,91.14369292783736
2025-10-29,MG92,79.46,78.5580626218319,66.33161738801002,89.7613654141426
2025-10-29,MG92,79.46,78.13488948702813,65.90844425320626,89.33819227933884
2025-10-30,MG95,82.62,81.34833680713176,68.71449160957336,92.77152854585646
2025-10-30,MG95,82.62,80.50384645688533,67.87000125932693,91.92703819561002
2025-10-30,MG95,82.62,80.00528746759892,67.37144227004052,91.42847920632362
2025-10-30,MG92,79.8,79.39549090003968,67.10163064455986,90.66573124980928
2025-10-30,MG92,79.8,78.76599048519134,66.47213022971152,90.03623083496095
2025-10-30,MG92,79.8,77.67538573837281,65.381525482893,88.94562608814242
2025-10-31,MG95,81.78,81.46431392395495,68.77596159601211,92.93354162120818
2025-10-31,MG95,81.78,80.87487783253192,68.18652550458908,92.34410552978515
2025-10-31,MG95,81.78,80.0126607671976,67.32430843925476,91.48188846445083
2025-10-31,MG92,78.96,79.5882123465538,67.26186503720284,90.88346597385409
2025-10-31,MG92,78.96,78.9457450375557,66.61939772820473,90.24099866485598
2025-10-31,MG92,78.96,77.75583958768844,65.42949227833748,89.05109321498873
2025-11-03,MG95,82.63,81.68486148154734,68.66050914859771,93.52629501199723
2025-11-03,MG95,82.63,80.02054328787325,66.99619095492362,91.86197681832314
2025-11-03,MG95,82.63,80.14940740096569,67.12505506801605,91.99084093141558
2025-11-03,MG92,79.81,79.78401009607315,67.07988141942023,91.49687924671173
2025-11-03,MG92,79.81,77.98263738536835,65.27850870871544,89.69550653600693
2025-11-03,MG92,79.81,77.92174683427811,65.2176181576252,89.63461598491669
2025-11-04,MG95,81.13,81.1434856287241,68.09229138588906,93.00356764054298
2025-11-04,MG95,81.13,80.66849667632579,67.61730243349075,92.52857868814468
2025-11-04,MG95,81.13,80.05714495646953,67.00595071363449,91.91722696828842
2025-11-04,MG92,78.41,79.18574714684486,66.47696075820923,90.88843851470948
2025-11-04,MG92,78.41,78.66981457924842,65.9610281906128,90.37250594711304
2025-11-04,MG92,78.41,77.74462722039223,65.0358408317566,89.44731858825685
2025-11-05,MG95,80.8,81.5485521684885,67.78719300496577,94.17393611359594
2025-11-05,MG95,80.8,79.84245822632312,66.08109906280039,92.46784217143056
2025-11-05,MG95,80.8,79.68132688772678,65.91996772420406,92.30671083283423
2025-11-05,MG92,78.08,79.70943656802177,66.27390581965446,92.21455037117005
2025-11-05,MG92,78.08,78.00555079483985,64.57002004647254,90.51066459798813
2025-11-05,MG92,78.08,77.44363153147697,64.00810078310965,89.94874533462524
2025-11-06,MG95,81.25,81.4750770676136,69.09955797433854,92.58703259587288
2025-11-06,MG95,81.25,80.76982042241096,68.3943013291359,91.88177595067025
2025-11-06,MG95,81.25,80.61516581892965,68.2396467256546,91.72712134718894
2025-11-06,MG92,78.53,79.58744159889221,67.6299548716545,90.4996617527008
2025-11-06,MG92,78.53,78.88021940994263,66.92273268270492,89.79243956375122
2025-11-06,MG92,78.53,78.30220327568054,66.34471654844283,89.21442342948913
2025-11-07,MG95,81.88,81.20319907522202,67.31047227180005,93.956786370039
2025-11-07,MG95,81.88,80.26808104729652,66.37535424387455,93.0216683421135
2025-11-07,MG95,81.88,80.05306027650832,66.16033347308635,92.8066475713253
2025-11-07,MG92,79.16,79.29213225102424,65.7531379339695,91.88242956495286
2025-11-07,MG92,79.16,78.26544527697563,64.72645095992088,90.85574259090424
2025-11-07,MG92,79.16,77.7217363731861,64.18274205613136,90.31203368711472
2025-11-10,MG95,82.8,81.07456944143772,67.2814880207777,93.72914619541167
2025-11-10,MG95,82.8,80.0258204113245,66.23273899066449,92.68039716529846
2025-11-10,MG95,82.8,80.08466164791584,66.29158022725582,92.73923840188979
2025-11-10,MG92,80.08,79.11779208564758,65.6617742254734,91.6329375090599
2025-11-10,MG92,80.08,78.0198172302246,64.56379937005042,90.53496265363692
2025-11-10,MG92,80.08,77.83971853256226,64.38370067238807,90.35486395597458
2025-11-11,MG95,83.15,81.22967735826968,67.75289600431918,93.53864220380784
2025-11-11,MG95,83.15,80.74979611957073,67.27301476562023,93.05876096510889
2025-11-11,MG95,83.15,80.05742599380017,66.58064463984967,92.36639083933832
2025-11-11,MG92,80.06,79.33068611264228,66.20266179680823,91.47657144308089
2025-11-11,MG92,80.06,78.86317588686943,65.73515157103537,91.00906121730803
2025-11-11,MG92,80.06,77.7373694126606,64.60934509682654,89.8832547430992
2025-11-12,MG95,83.79,81.28947330701351,66.93895604419708,94.53983928251265
2025-11-12,MG95,83.79,79.60336882412433,65.2528515613079,92.85373479962347
2025-11-12,MG95,83.79,79.85970395410061,65.50918669128419,93.11006992959975
2025-11-12,MG92,81.48,79.41060965681075,65.41766381645202,92.50590331459047
2025-11-12,MG92,81.48,77.45907547950743,63.466129639148704,90.55436913728715
2025-11-12,MG92,81.48,77.60164401388168,63.60869817352295,90.6969376716614
2025-11-13,MG95,81.53,80.67503654003141,66.91114296853542,93.29104168772696
2025-11-13,MG95,81.53,79.41321676898002,65.64932319748402,92.02922191667557
2025-11-13,MG95,81.53,82.64967486548423,68.88578129398823,95.26568001317978
2025-11-13,MG92,79.22,78.55534399914741,65.14235150980949,91.0095055513382
2025-11-13,MG92,79.22,77.18524671244622,63.77225422310829,89.639408264637
2025-11-13,MG92,79.22,80.66396207499506,67.25096958565713,93.11812362718584
2025-11-14,MG95,83.15,80.41149481260776,66.46850142443179,93.23028731608389
2025-11-14,MG95,83.15,79.77294618046282,65.82995279228686,92.59173868393896
2025-11-14,MG95,83.15,82.84193560802936,68.8989422198534,95.66072811150549
2025-11-14,MG92,80.31,78.4445645096302,64.83414057397842,91.13760432386398
2025-11-14,MG92,80.31,77.45016064429284,63.839736708641055,90.14320045852662
2025-11-14,MG92,80.31,80.8699121339321,67.25948819828032,93.56295194816589
2025-11-17,MG95,83.32,80.21764186489581,65.68945813941954,93.67614671516418
2025-11-17,MG95,83.32,79.8292693105936,65.30108558511733,93.28777416086197
2025-11-17,MG95,83.32,82.16225472557545,67.63407100009918,95.62075957584382
2025-11-17,MG92,80.48,78.31244334483146,64.1161854531765,91.68478804016111
2025-11-17,MG92,80.48,77.52337739777565,63.32711950612068,90.89572209310529
2025-11-17,MG92,80.48,80.14643843865395,65.95018054699898,93.51878313398359
2025-11-18,MG95,82.73,80.48022537779808,66.40446571362018,93.4262590487003
2025-11-18,MG95,82.73,79.47918002605438,65.40342036187648,92.4252136969566
2025-11-18,MG95,82.73,82.60594726753234,68.53018760335445,95.55198093843457
2025-11-18,MG92,79.89,78.32077265906334,64.60936991739273,91.09207762527464
2025-11-18,MG92,79.89,77.21542529606819,63.50402255439758,89.9867302622795
2025-11-18,MG92,79.89,80.62067031025887,66.90926756858826,93.39197527647018
2025-11-19,MG95,81.03,81.25472160756587,67.53785097539424,93.81094746112821
2025-11-19,MG95,81.03,80.22049535953998,66.50362472736835,92.77672121310232
2025-11-19,MG95,81.03,82.15606603467464,68.439195402503,94.71229188823698
2025-11-19,MG92,78.17,79.23270589327812,65.88259251570702,91.60567904329298
2025-11-19,MG92,78.17,77.92226764082909,64.57215426325799,90.29524079084395
2025-11-19,MG92,78.17,80.09492733550073,66.74481395792962,92.46790048551559
2025-11-20,MG95,79.42,80.85718458986281,66.18957370793818,94.45744269704818
2025-11-20,MG95,79.42,79.31080119585991,64.64319031393528,92.91105930304528
2025-11-20,MG95,79.42,82.21737994766235,67.54976906573772,95.81763805484772
2025-11-20,MG92,76.56,78.92113614296913,64.6108666214943,92.38347796773908
2025-11-20,MG92,76.56,77.0774940931797,62.76722457170486,90.53983591794965
2025-11-20,MG92,76.56,80.15804577183724,65.8477762503624,93.62038759660719
2025-11-21,MG95,79.01,80.16936213696003,65.42003023707866,93.86075477743148
2025-11-21,MG95,79.01,79.6386171489954,64.88928524911402,93.33000978946684
2025-11-21,MG95,79.01,82.34252813565732,67.59319623577595,96.03392077612877
2025-11-21,MG92,76.15,78.08871726298331,63.69592926049232,91.64959210777282
2025-11-21,MG92,76.15,77.29166047930717,62.89887247681618,90.85253532409668
2025-11-21,MG92,76.15,80.37524830698968,65.98246030449869,93.93612315177919
2025-11-24,MG95,78.93,79.76810335850715,64.61031020021437,93.91553568339346
2025-11-24,MG95,78.93,79.73706490397453,64.57927174568175,93.88449722886084
2025-11-24,MG95,78.93,82.18980933165551,67.03201617336273,96.33724165654182
2025-11-24,MG92,76.07,77.87807954668997,63.07781482696532,91.93061584234236
2025-11-24,MG92,76.07,77.427555467844,62.62729074811935,91.48009176349639
2025-11-24,MG92,76.07,80.15948333001137,65.35921861028672,94.21201962566376
2025-11-25,MG95,79.26,80.28514440774916,65.65851554751394,93.83529960036276
2025-11-25,MG95,79.26,79.52563757801056,64.89900871777535,93.07579277062416
2025-11-25,MG95,79.26,81.93771448874473,67.31108562850952,95.48786968135833
2025-11-25,MG92,76.4,78.3622350654602,64.10085690355301,91.75599256849289
2025-11-25,MG92,76.4,77.28633076238631,63.024952600479125,90.680088265419
2025-11-25,MG92,76.4,79.85265075731277,65.59127259540558,93.24640826034546
2025-11-26,MG95,81.16,79.42096386170387,64.12570758914947,93.72115502333641
2025-11-26,MG95,81.16,79.44639317345619,64.15113690090179,93.74658433508873
2025-11-26,MG95,81.16,82.2149387512207,66.9196824786663,96.51512991285324
2025-11-26,MG92,78.3,77.49773741221428,62.5640799138546,91.70733019685746
2025-11-26,MG92,78.3,77.11439916110038,62.1807416627407,91.32399194574356
2025-11-26,MG92,78.3,80.17162643980978,65.2379689414501,94.38121922445296
2025-11-27,MG95,81.44,79.89418395555019,65.64102069294452,93.01088594889639
2025-11-27,MG95,81.44,79.70105198013783,65.44788871753217,92.81775397348403
2025-11-27,MG95,81.44,82.55844448435306,68.30528122174739,95.67514647769926
2025-11-27,MG92,78.52,77.93883540439606,64.08409108924866,90.84061964321137
2025-11-27,MG92,78.52,77.40744597864152,63.55270166349412,90.30923021745683
2025-11-27,MG92,78.52,80.54537727212906,66.69063295698166,93.44716151094437
2025-11-28,MG95,81.86,79.62289914059639,64.89717046487333,93.27841825294495
2025-11-28,MG95,81.86,79.68820318770408,64.96247451198101,93.34372230005263
2025-11-28,MG95,81.86,82.33243323397636,67.6067045582533,95.98795234632492
2025-11-28,MG92,79.04,77.51829273319244,63.16503194546699,91.00875135278702
2025-11-28,MG92,79.04,77.40563221597671,63.05237142825126,90.89609083557129
2025-11-28,MG92,79.04,80.35543956899642,66.00217878127097,93.845898188591
2025-12-01,MG95,82.51,79.54256783127784,64.17101149559021,93.92252092838287
2025-12-01,MG95,82.51,79.74974179124831,64.37818545556068,94.12969488835334
2025-12-01,MG95,82.51,82.01508316969871,66.64352683401108,96.39503626680374
2025-12-01,MG92,79.78,77.57082646250724,62.57232153058051,91.8343727016449
2025-12-01,MG92,79.78,77.49638265872002,62.49787772679329,91.75992889785768
2025-12-01,MG92,79.78,80.07431239771843,65.0758074657917,94.33785863685608
2025-12-02,MG95,82.55,80.16874415802954,65.33740357744693,93.94598428893089
2025-12-02,MG95,82.55,79.08051330041884,64.24917271983624,92.85775343132019
2025-12-02,MG95,82.55,82.05356439614295,67.22222381556034,95.8308045270443
2025-12-02,MG92,80.7,77.99027388930321,63.52471157312394,91.62205703973768
2025-12-02,MG92,80.7,76.774081666708,62.30851935052873,90.40586481714247
2025-12-02,MG92,80.7,80.02914638113975,65.56358406496048,93.66092953157423
2025-12-03,MG95,80.8,79.99419040465354,64.61567064666747,94.38434065008163
2025-12-03,MG95,80.8,79.21276285028458,63.83424309229851,93.60291309571267
2025-12-03,MG95,80.8,81.62107868742942,66.24255892944335,96.0112289328575
2025-12-03,MG92,79.51,77.97585447049141,62.966543256998065,92.26191948032381
2025-12-03,MG92,79.51,76.93514671587944,61.92583550238609,91.22121172571184
2025-12-03,MG92,79.51,79.57440262770653,64.56509141421319,93.86046763753893
2025-12-04,MG95,80.04,79.20540824782849,62.93349728000163,94.60570605945588
2025-12-04,MG95,80.04,79.19564366042614,62.92373269259929,94.59594147205354
2025-12-04,MG95,80.04,81.44540837466717,65.17349740684031,96.84570618629456
2025-12-04,MG92,78.67,76.91500989675521,61.040348415374744,92.2579321670532
2025-12-04,MG92,78.67,76.87960165977478,61.004940178394314,92.22252393007277
2025-12-04,MG92,78.67,79.3271229171753,63.45246143579484,94.67004518747329
2025-12-05,MG95,79.94,80.45767063474653,64.16003369009493,95.8870571014881
2025-12-05,MG95,79.94,79.23933311820029,62.94169617354869,94.66871958494185
2025-12-05,MG95,79.94,82.08420179772376,65.78656485307216,97.51358826446533
2025-12-05,MG92,78.57,78.49261494755744,62.59369048953056,93.86371247768402
2025-12-05,MG92,78.57,76.9035743906498,61.00464993262291,92.27467192077637
2025-12-05,MG92,78.57,80.13191177773476,64.23298731970787,95.50300930786133
2025-12-08,MG95,80.6,80.3216031807661,64.83668292522431,94.82245894551276
2025-12-08,MG95,80.6,79.34927742612362,63.864357170581826,93.85013319087028
2025-12-08,MG95,80.6,81.95718138563632,66.47226113009452,96.45803715038298
2025-12-08,MG92,79.38,78.29302809143066,63.19327151679991,92.65609638357161
2025-12-08,MG92,79.38,77.007650431633,61.90789385700225,91.37071872377395
2025-12-08,MG92,79.38,79.96514289093017,64.86538631629942,94.32821118307112
2025-12-09,MG95,79.45,79.55898643040656,64.25621620857714,93.85441627764699
2025-12-09,MG95,79.45,79.54990568304062,64.2471354612112,93.84533553028105
2025-12-09,MG95,79.45,81.50478137111664,66.20201114928722,95.80021121835706
2025-12-09,MG92,77.63,77.25565819120408,62.33602254962922,91.40159720277786
2025-12-09,MG92,77.63,77.2397900838852,62.32015444231034,91.38572909545898
2025-12-09,MG92,77.63,79.50343309020997,64.58379744863511,93.64937210178375
2025-12-10,MG95,79.42,80.16849319708346,63.19897527527809,96.37416733813285
2025-12-10,MG95,79.42,79.08642333805561,62.11690541625023,95.292097479105
2025-12-10,MG95,79.42,81.28553004562855,64.31601212382317,97.49120418667793
2025-12-10,MG92,77.59,78.10278686618804,61.55843799686431,94.30509597396849
2025-12-10,MG92,77.59,76.77461128425597,60.23026241493224,92.97692039203642
2025-12-10,MG92,77.59,79.17031395721435,62.62596508789062,95.3726230649948
2025-10-16,MG95,78.98,79.64458427333832,78.54550952219964,80.2405159225464
2025-10-16,MG95,78.98,79.38674734210969,78.287672590971,79.98267899131775
2025-10-16,MG95,78.98,78.80258864164352,77.70351389050484,79.3985202908516
2025-10-16,MG92,76.24,77.02186289405823,76.23811349964141,77.83687411880493
2025-10-16,MG92,76.24,76.81919952487945,76.03545013046264,77.63421074962615
2025-10-16,MG92,76.24,75.90930357551576,75.12555418109895,76.72431480026246
2025-10-17,MG95,77.59,78.81533768320084,76.97997170233727,80.04809513235092
2025-10-17,MG95,77.59,78.63081557822227,76.7954495973587,79.86357302737235
2025-10-17,MG95,77.59,78.66757056713104,76.83220458626747,79.90032801628112
2025-10-17,MG92,74.81,76.13900527954102,74.70091592788697,77.49265201568603
2025-10-17,MG92,74.81,76.07706107997896,74.6389717283249,77.43070781612397
2025-10-17,MG92,74.81,75.7688976325989,74.33080828094484,77.1225443687439
2025-10-20,MG95,77.59,78.91954988312722,76.68203157258034,80.54590183568001
2025-10-20,MG95,77.59,78.71776930689812,76.48025099635124,80.34412125945092
2025-10-20,MG95,77.59,78.97486063241959,76.73734232187272,80.60121258497239
2025-10-20,MG92,74.81,76.2732153568268,74.4127458486557,77.94144921875001
2025-10-20,MG92,74.81,76.31808597803116,74.45761646986007,77.98631983995438
2025-10-20,MG92,74.81,76.04737763786318,74.18690812969209,77.71561149978639
2025-10-21,MG95,77.65,79.56316102600097,76.45025522565841,81.96433080291747
2025-10-21,MG95,77.65,78.41360812139511,75.30070232105255,80.81477789831162
2025-10-21,MG95,77.65,78.5549329161644,75.44202711582184,80.95610269308091
2025-10-21,MG92,74.87,76.99372396659851,74.32733774852753,79.35550715637207
2025-10-21,MG92,74.87,76.00403844881058,73.3376522307396,78.36582163858414
2025-10-21,MG92,74.87,75.67145898246766,73.00507276439667,78.03324217224122
2025-10-22,MG95,78.59,79.6833156042099,76.167869120121,82.48705413866043
2025-10-22,MG95,78.59,78.79822893214225,75.28278244805335,81.60196746659278
2025-10-22,MG95,78.59,78.64840927124024,75.13296278715134,81.45214780569077
2025-10-22,MG92,75.58,77.25405856895446,74.15682535457611,79.9545514755249
2025-10-22,MG92,75.58,76.56115682744979,73.46392361307144,79.26164973402022
2025-10-22,MG92,75.58,75.83537880706788,72.73814559268953,78.53587171363831
2025-10-23,MG95,81.1,79.9412623372078,76.28762263321877,82.90270069503785
2025-10-23,MG95,81.1,78.27626549983025,74.62262579584122,81.23770385766029
2025-10-23,MG95,81.1,78.3050911784172,74.65145147442817,81.26652953624725
2025-10-23,MG92,78.09,77.56707585334777,74.29790031433105,80.3893196582794
2025-10-23,MG92,78.09,75.88737048530578,72.61819494628905,78.70961429023741
2025-10-23,MG92,78.09,75.45229291534424,72.18311737632752,78.27453672027588
2025-10-24,MG95,82.82,79.54831031513214,76.0436114127636,82.41503707122803
2025-10-24,MG95,82.82,79.46622142767907,75.96152252531053,82.33294818377496
2025-10-24,MG95,82.82,78.08738456964493,74.58268566727638,80.95411132574081
2025-10-24,MG92,79.91,77.11786588859559,73.93843885135651,79.82461748313905
2025-10-24,MG92,79.91,77.08413132667542,73.90470428943634,79.79088292121888
2025-10-24,MG92,79.91,75.23729388809205,72.05786685085297,77.94404548263552
2025-10-27,MG95,82.51,78.77957781982421,73.78220966291427,83.00905302000045
2025-10-27,MG95,82.51,78.1819733953476,73.18460523843765,82.41144859552384
2025-10-27,MG95,82.51,77.83494319915772,72.83757504224778,82.06441839933396
2025-10-27,MG92,79.91,76.25770785522461,71.66091377449035,80.24093376350403
2025-10-27,MG92,79.91,75.65992621612548,71.06313213539123,79.6431521244049
2025-10-27,MG92,79.91,74.99035116767884,70.39355708694458,78.97357707595826
2025-10-28,MG95,82.08,80.1433730916977,76.03862037229538,83.63663192558289
2025-10-28,MG95,82.08,79.05480792975425,74.95005521035193,82.54806676363944
2025-10-28,MG95,82.08,78.24102305173874,74.13627033233642,81.73428188562393
2025-10-28,MG92,79.26,77.81330849075317,73.9678324213028,81.04112069511413
2025-10-28,MG92,79.26,76.54503527021407,72.6995592007637,79.77284747457503
2025-10-28,MG92,79.26,75.39152493858337,71.546048869133,78.61933714294433
2025-10-29,MG95,82.28,79.56921610450745,73.57125604367256,84.82971051549912
2025-10-29,MG95,82.28,78.17023525810242,72.17227519726754,83.43072966909409
2025-10-29,MG95,82.28,78.21914608478546,72.22118602395058,83.47964049577713
2025-10-29,MG92,79.46,77.28699083995821,71.61561254692079,82.18777382087708
2025-10-29,MG92,79.46,75.90466332626343,70.23328503322601,80.80544630718231
2025-10-29,MG92,79.46,75.48149019145967,69.81011189842225,80.38227317237855
2025-10-30,MG95,82.62,79.1750447909832,73.31381343412399,84.31287546563148
2025-10-30,MG95,82.62,78.33055444073676,72.46932308387755,83.46838511538505
2025-10-30,MG95,82.62,77.83199545145035,71.97076409459115,82.96982612609864
2025-10-30,MG92,79.8,76.7399010629654,71.1941706724167,81.51753329467775
2025-10-30,MG92,79.8,76.11040064811706,70.56467025756837,80.88803287982941
2025-10-30,MG92,79.8,75.01979590129852,69.47406551074982,79.79742813301087
2025-10-31,MG95,81.78,79.32740160632133,74.22990828561782,83.73221164751052
2025-10-31,MG95,81.78,78.73796551489829,73.64047219419479,83.14277555608749
2025-10-31,MG95,81.78,77.87574844956399,72.77825512886048,82.28055849075318
2025-10-31,MG92,78.96,76.95478675842286,72.16652920722962,81.04384139060974
2025-10-31,MG92,78.96,76.31231944942475,71.52406189823151,80.40137408161164
2025-10-31,MG92,78.96,75.12241399955751,70.33415644836427,79.2114686317444
2025-11-03,MG95,82.63,79.44154187250138,72.51700177001953,85.63626643228531
2025-11-03,MG95,82.63,77.77722367882728,70.85268357634544,83.97194823861122
2025-11-03,MG95,82.63,77.9060877919197,70.98154768943786,84.10081235170364
2025-11-03,MG92,79.81,77.07889715766906,70.45134848690033,82.84849530792236
2025-11-03,MG92,79.81,75.27752444696426,68.64997577619553,81.04712259721757
2025-11-03,MG92,79.81,75.21663389587403,68.5890852251053,80.98623204612733
2025-11-04,MG95,81.13,78.86059489297867,71.86986147809029,85.09429054903984
2025-11-04,MG95,81.13,78.38560594058036,71.39487252569198,84.61930159664153
2025-11-04,MG95,81.13,77.7742542207241,70.78352080583572,84.00794987678528
2025-11-04,MG92,78.41,76.43039907932281,69.76358685016632,82.25708856582642
2025-11-04,MG92,78.41,75.91446651172637,69.24765428256988,81.74115599822998
2025-11-04,MG92,78.41,74.98927915287018,68.32246692371369,80.81596863937379
2025-11-05,MG95,80.8,79.29780019259452,71.93946860170364,85.91587279176711
2025-11-05,MG95,80.8,77.59170625042916,70.23337465953827,84.20977884960175
2025-11-05,MG95,80.8,77.4305749118328,70.07224332094192,84.0486475110054
2025-11-05,MG92,78.08,77.00206792259216,69.94596620464324,83.18287000083923
2025-11-05,MG92,78.08,75.29818214941025,68.24208043146133,81.47898422765732
2025-11-05,MG92,78.08,74.73626288604737,67.68016116809845,80.91706496429444
2025-11-06,MG95,81.25,78.97053249239922,71.6207493698597,85.57993029117584
2025-11-06,MG95,81.25,78.26527584719658,70.91549272465706,84.8746736459732
2025-11-06,MG95,81.25,78.11062124371529,70.76083812117577,84.72001904249191
2025-11-06,MG92,78.53,76.61088718414308,69.56352776050569,82.78347078323365
2025-11-06,MG92,78.53,75.90366499519348,68.85630557155609,82.07624859428405
2025-11-06,MG92,78.53,75.32564886093141,68.27828943729402,81.49823246002198
2025-11-07,MG95,81.88,78.8188776884079,70.88404150938987,86.00933270788192
2025-11-07,MG95,81.88,77.88375966048241,69.94892348146439,85.07421467995644
2025-11-07,MG95,81.88,77.66873888969421,69.73390271067619,84.85919390916824
2025-11-07,MG92,79.16,76.4449920244217,68.81372320365907,83.18137684059144
2025-11-07,MG92,79.16,75.41830505037308,67.78703622961045,82.15468986654282
2025-11-07,MG92,79.16,74.87459614658356,67.24332732582093,81.6109809627533
2025-11-10,MG95,82.8,78.72333711218833,70.8717022819519,85.84857204389571
2025-11-10,MG95,82.8,77.6745880820751,69.82295325183867,84.79982301378249
2025-11-10,MG95,82.8,77.73342931866645,69.88179448843002,84.85866425037383
2025-11-10,MG92,80.08,76.31181829071045,68.74627020931244,82.97112551307679
2025-11-10,MG92,80.08,75.21384343528747,67.64829535388947,81.87315065765381
2025-11-10,MG92,80.08,75.03374473762513,67.46819665622712,81.69305195999146
2025-11-11,MG95,83.15,78.7888787536621,70.66636930394172,86.18901221442222
2025-11-11,MG95,83.15,78.30899751496315,70.18648806524277,85.70913097572327
2025-11-11,MG95,83.15,77.61662738919259,69.4941179394722,85.0167608499527
2025-11-11,MG92,80.06,76.4316819972992,68.59184894752502,83.35548877906798
2025-11-11,MG92,80.06,75.96417177152634,68.12433872175217,82.88797855329513
2025-11-11,MG92,80.06,74.83836529731752,66.99853224754335,81.76217207908631
2025-11-12,MG95,83.79,78.80308871054649,69.76319806361198,87.09544457578659
2025-11-12,MG95,83.79,77.11698422765731,68.0770935807228,85.40934009289741
2025-11-12,MG95,83.79,77.37331935763359,68.33342871069908,85.66567522287369
2025-11-12,MG92,81.48,76.46467478942871,67.74084044647216,84.2889830417633
2025-11-12,MG92,81.48,74.5131406121254,65.78930626916885,82.33744886445999
2025-11-12,MG92,81.48,74.65570914649965,65.9318748035431,82.48001739883424
2025-11-13,MG95,81.53,78.20575803232192,69.54467168164253,86.11250170779228
2025-11-13,MG95,81.53,76.94393826127052,68.28285191059112,84.85068193674087
2025-11-13,MG95,81.53,80.18039635777473,71.51931000709533,88.08714003324508
2025-11-13,MG92,79.22,75.62353897237777,67.27939836645126,83.07003651285171
2025-11-13,MG92,79.22,74.25344168567658,65.90930107975007,81.69993922615052
2025-11-13,MG92,79.22,77.73215704822542,69.3880164422989,85.17865458869936
2025-11-14,MG95,83.15,77.77583481240273,67.88237936663629,87.03425650167466
2025-11-14,MG95,83.15,77.1372861802578,67.24383073449135,86.39570786952973
2025-11-14,MG95,83.15,80.20627560782432,70.31282016205787,89.46469729709625
2025-11-14,MG92,80.31,75.37092946863174,65.71642912721633,84.07886421537398
2025-11-14,MG92,80.31,74.37652560329438,64.72202526187897,83.08446035003662
2025-11-14,MG92,80.31,77.79627709293365,68.14177675151824,86.50421183967589
2025-11-17,MG95,83.32,77.6279072124958,67.71641903710365,86.93505563926696
2025-11-17,MG95,83.32,77.23953465819359,67.32804648280144,86.54668308496476
2025-11-17,MG95,83.32,79.57252007317544,69.66103189778329,88.8796684999466
2025-11-17,MG92,80.48,75.30001064729692,65.60141951990128,84.03241568994522
2025-11-17,MG92,80.48,74.5109447002411,64.81235357284547,83.24334974288941
2025-11-17,MG92,80.48,77.1340057411194,67.43541461372376,85.8664107837677
2025-11-18,MG95,82.73,77.76484441113472,67.52275931191444,87.32963066649437
2025-11-18,MG95,82.73,76.76379905939102,66.52171396017074,86.32858531475067
2025-11-18,MG95,82.73,79.89056630086898,69.6484812016487,89.45535255622863
2025-11-18,MG92,79.89,75.1461128706932,65.19273534250259,84.20176153612137
2025-11-18,MG92,79.89,74.04076550769805,64.08738797950744,83.09641417312622
2025-11-18,MG92,79.89,77.44601052188874,67.49263299369812,86.5016591873169
2025-11-19,MG95,81.03,78.54677194094657,68.46289667224883,87.92403465247153
2025-11-19,MG95,81.03,77.51254569292068,67.42867042422294,86.88980840444565
2025-11-19,MG95,81.03,79.44811636805534,69.3642410993576,88.8253790795803
2025-11-19,MG92,78.17,76.05991302108765,66.28377918815613,84.94736283397675
2025-11-19,MG92,78.17,74.74947476863862,64.9733409357071,83.63692458152772
2025-11-19,MG92,78.17,76.92213446331024,67.14600063037872,85.80958427619935
2025-11-20,MG95,79.42,78.22373764634132,68.27196826457977,87.53442804932594
2025-11-20,MG95,79.42,76.6773542523384,66.72558487057685,85.98804465532302
2025-11-20,MG95,79.42,79.58393300414086,69.63216362237931,88.89462340712548
2025-11-20,MG92,76.56,75.84627742671967,66.14088573360442,84.6124188747406
2025-11-20,MG92,76.56,74.00263537693024,64.297243683815,82.76877682495117
2025-11-20,MG92,76.56,77.08318705558777,67.37779536247253,85.8493285036087
2025-11-21,MG95,79.01,77.54829365634919,67.49050361537934,86.94988698387147
2025-11-21,MG95,79.01,77.01754866838455,66.9597586274147,86.41914199590683
2025-11-21,MG95,79.01,79.72145965504646,69.66366961407661,89.12305298256874
2025-11-21,MG92,76.15,75.02444679355622,65.23009232139587,83.89573961830139
2025-11-21,MG92,76.15,74.22739000988008,64.43303553771973,83.09868283462525
2025-11-21,MG92,76.15,77.31097783756258,67.51662336540222,86.18227066230774
2025-11-24,MG95,78.93,77.14357197618483,66.38755876159667,87.22768587207793
2025-11-24,MG95,78.93,77.11253352165221,66.35652030706405,87.19664741754531
2025-11-24,MG95,78.93,79.5652779493332,68.80926473474503,89.64939184522629
2025-11-24,MG92,76.07,74.80854004144669,64.35924051523209,84.39563079118729
2025-11-24,MG92,76.07,74.35801596260072,63.908716436386115,83.94510671234131
2025-11-24,MG92,76.07,77.08994382476808,66.64064429855348,86.67703457450868
2025-11-25,MG95,79.26,77.48237524247169,66.5585556409359,87.81749219512939
2025-11-25,MG95,79.26,76.72286841273308,65.79904881119728,87.05798536539078
2025-11-25,MG95,79.26,79.13494532346726,68.21112572193147,89.47006227612496
2025-11-25,MG92,76.4,75.11115078592302,64.43406843328476,84.890012070179
2025-11-25,MG92,76.4,74.03524648284913,63.35816413021088,83.81410776710511
2025-11-25,MG92,76.4,76.60156647777558,65.92448412513733,86.38042776203156
2025-11-26,MG95,81.16,76.6063405957222,65.3396277513504,87.39678163194657
2025-11-26,MG95,81.16,76.63176990747452,65.36505706310273,87.42221094369889
2025-11-26,MG95,81.16,79.40031548523903,68.13360264086724,90.1907565214634
2025-11-26,MG92,78.3,74.26409538841249,63.17261202907564,84.4238696346283
2025-11-26,MG92,78.3,73.88075713729859,62.78927377796174,84.0405313835144
2025-11-26,MG92,78.3,76.93798441600799,65.84650105667114,87.09775866222381
2025-11-27,MG95,81.44,76.91536030578612,65.34980667042731,87.89010107922553
2025-11-27,MG95,81.44,76.72222833037377,65.15667469501496,87.69696910381317
2025-11-27,MG95,81.44,79.57962083458901,68.0140671992302,90.55436160802842
2025-11-27,MG92,78.52,74.48774302434921,63.20863449525833,84.93981064271927
2025-11-27,MG92,78.52,73.95635359859467,62.67724506950379,84.40842121696473
2025-11-27,MG92,78.52,77.09428489208221,65.81517636299134,87.54635251045227
2025-11-28,MG95,81.86,76.71140053248405,65.05622600889205,87.81774186468124
2025-11-28,MG95,81.86,76.77670457959175,65.12153005599976,87.88304591178894
2025-11-28,MG95,81.86,79.42093462586404,67.76576010227204,90.52727595806122
2025-11-28,MG92,79.04,74.15043395662308,62.75437466287613,84.70603183412553
2025-11-28,MG92,79.04,74.03777343940736,62.641714145660416,84.59337131690981
2025-11-28,MG92,79.04,76.98758079242707,65.59152149868012,87.54317866992952
2025-12-01,MG95,82.51,76.681316699028,64.59117158794402,88.22122960829734
2025-12-01,MG95,82.51,76.88849065899848,64.7983455479145,88.42840356826781
2025-12-01,MG95,82.51,79.1538320374489,67.06368692636491,90.69374494671823
2025-12-01,MG92,79.78,74.25567395782471,62.45629054164886,85.27401736831665
2025-12-01,MG92,79.78,74.18123015403748,62.38184673786163,85.19957356452942
2025-12-01,MG92,79.78,76.7591598930359,64.95977647686004,87.77750330352784
2025-12-02,MG95,82.55,77.36929365134239,65.37549777960777,88.68064381814003
2025-12-02,MG95,82.55,76.28106279373169,64.28726692199707,87.59241296052933
2025-12-02,MG95,82.55,79.2541138894558,67.26031801772118,90.56546405625343
2025-12-02,MG92,80.7,74.71067361450196,63.102049227714545,85.59666338539124
2025-12-02,MG92,80.7,73.49448139190675,61.885857005119334,84.38047116279603
2025-12-02,MG92,80.7,76.7495461063385,65.14092171955109,87.63553587722778
2025-12-03,MG95,80.8,77.16656549382209,64.78849093723296,88.94590570139884
2025-12-03,MG95,80.8,76.38513793945313,64.007063382864,88.16447814702988
2025-12-03,MG95,80.8,78.79345377659797,66.41537922000884,90.57279398417472
2025-12-03,MG92,79.51,74.68295107984542,62.65375279569625,85.99934982919693
2025-12-03,MG92,79.51,73.64224332523347,61.61304504108429,84.95864207458497
2025-12-03,MG92,79.51,76.28149923706056,64.25230095291138,87.59789798641206
2025-12-04,MG95,80.04,76.28091265511513,63.739425259351734,88.4175339217186
2025-12-04,MG95,80.04,76.27114806771279,63.72966067194939,88.40776933431626
2025-12-04,MG95,80.04,78.52091278195381,65.97942538619041,90.65753404855728
2025-12-04,MG92,78.67,73.56393038892746,61.23824821138382,85.09719312810898
2025-12-04,MG92,78.67,73.52852215194703,61.20283997440339,85.06178489112855
2025-12-04,MG92,78.67,75.97604340934754,63.6503612318039,87.50930614852906
2025-12-05,MG95,79.94,77.58942171788215,64.3532905564308,90.29427048420905
2025-12-05,MG95,79.94,76.3710842013359,63.134953039884564,89.07593296766281
2025-12-05,MG95,79.94,79.21595288085938,65.97982171940804,91.92080164718628
2025-12-05,MG92,78.57,75.15887275886536,62.292676560401915,87.42131780338288
2025-12-05,MG92,78.57,73.56983220195771,60.70363600349427,85.83227724647523
2025-12-05,MG92,78.57,76.79816958904267,63.93197339057923,89.06061463356019
2025-12-08,MG95,80.6,77.41774934577941,64.34534451413154,89.88033068227767
2025-12-08,MG95,80.6,76.44542359113693,63.37301875948906,88.90800492763519
2025-12-08,MG95,80.6,79.05332755064964,65.98092271900177,91.5159088871479
2025-12-08,MG92,79.38,74.89684052276611,62.2361153345108,86.96160856533051
2025-12-08,MG92,79.38,73.61146286296845,60.95073767471314,85.67623090553285
2025-12-08,MG92,79.38,76.56895532226562,63.90823013401031,88.63372336483002
2025-12-09,MG95,79.45,76.63754543423653,64.28874248027802,88.42867663264275
2025-12-09,MG95,79.45,76.62846468687057,64.27966173291206,88.41959588527679
2025-12-09,MG95,79.45,78.5833403749466,66.23453742098809,90.37447157335282
2025-12-09,MG92,77.63,73.86542573022842,61.83241172361374,85.15947653818131
2025-12-09,MG92,77.63,73.84955762290956,61.81654361629487,85.14360843086244
2025-12-09,MG92,77.63,76.11320062923431,64.08018662261964,87.4072514371872
2025-12-10,MG95,79.42,77.3732897491455,64.63021384191512,89.6112527103424
2025-12-10,MG95,79.42,76.29121989011765,63.54814398288727,88.52918285131454
2025-12-10,MG95,79.42,78.49032659769058,65.7472506904602,90.72828955888748
2025-12-10,MG92,77.59,74.8736910200119,62.438802413940444,86.60485654354096
2025-12-10,MG92,77.59,73.54551543807983,61.11062683200837,85.27668096160889
2025-12-10,MG92,77.59,75.94121811103821,63.50632950496675,87.67238363456727
2025-12-11,MG95,79.63,76.38293976187705,63.12191182971,89.17796621322631
2025-12-11,MG95,79.63,78.6780036149025,65.41697568273544,91.47303006625175
2025-12-11,MG95,79.63,77.69315107607841,64.43212314391135,90.48817752742767
2025-12-11,MG92,77.61,73.64499064540864,60.709542470932014,85.94957571601869
2025-12-11,MG92,77.61,76.20221158790588,63.26676341342925,88.50679665851592
2025-12-11,MG92,77.61,75.1864194126129,62.25097123813628,87.49100448322295
2025-12-12,MG95,79.25,76.1668998003006,62.65353062748909,89.16085243225098
2025-12-12,MG95,79.25,78.78276979207993,65.26940061926842,91.77672242403031
2025-12-12,MG95,79.25,77.73843880271912,64.22506962990761,90.7323914346695
2025-12-12,MG92,77.61,73.39481652736664,60.268279681205755,85.96428047180176
2025-12-12,MG92,77.61,76.29789765357972,63.171360807418836,88.86736159801484
2025-12-12,MG92,77.61,75.31969958782196,62.19316274166107,87.88916353225707
2025-12-15,MG95,78.52,75.70789898633957,61.8440940797329,89.20870513916016
2025-12-15,MG95,78.52,78.13514427280427,64.2713393661976,91.63595042562486
2025-12-15,MG95,78.52,77.49997561693192,63.636170710325246,91.0007817697525
2025-12-15,MG92,77.43,72.93354490184784,59.38220751190186,85.92635986709595
2025-12-15,MG92,77.43,75.60384519481659,62.05250780487061,88.5966601600647
2025-12-15,MG92,77.43,75.06574462461472,61.514407234668745,88.05855958986284
2025-12-16,MG95,75.72,76.07573766112327,61.97258967757225,89.82248423099517
2025-12-16,MG95,75.72,78.17040490794182,64.06725692439079,91.91715147781372
2025-12-16,MG95,75.72,77.63837011790275,63.535222134351734,91.38511668777466
2025-12-16,MG92,74.64,73.22962058067323,59.459969677925116,86.49069664001466
2025-12-16,MG92,74.64,75.64148718452455,61.87183628177644,88.90256324386598
2025-12-16,MG92,74.64,75.188993391037,61.41934248828889,88.45006945037844
2025-12-17,MG95,74.53,76.13165409564972,61.87072206735611,89.99983383417128
2025-12-17,MG95,74.53,78.17809744691849,63.917165418624876,92.04627718544005
2025-12-17,MG95,74.53,77.40927077007294,63.14833874177933,91.2774505085945
2025-12-17,MG92,74.27,73.37137218666078,59.485723320961014,86.80055678558351
2025-12-17,MG92,74.27,75.6829199180603,61.79727105236054,89.11210451698304
2025-12-17,MG92,74.27,74.91751577806474,61.031866912364976,88.34670037698747
2025-12-18,MG95,74.63,76.34952072501183,61.80771512985229,90.59865708351137
2025-12-18,MG95,74.63,78.02504955339433,63.48324395823479,92.27418591189387
2025-12-18,MG95,74.63,77.4234159629345,62.88161036777496,91.67255232143404
2025-12-18,MG92,74.15,73.62028372955324,59.41811504077912,87.3881148262024
2025-12-18,MG92,74.15,75.57786409664155,61.37569540786743,89.34569519329071
2025-12-18,MG92,74.15,74.91040805959702,60.7082393708229,88.67823915624618
2025-12-19,MG95,73.56,76.09729365110397,62.240249848365785,89.54038945436477
2025-12-19,MG95,73.56,78.00111285567284,64.14406905293467,91.44420865893365
2025-12-19,MG95,73.56,77.55125691699982,63.694213114261636,90.99435272026062
2025-12-19,MG92,73.15,73.30642271995545,59.796543493270875,86.28040291786195
2025-12-19,MG92,73.15,75.47948672103882,61.96960749435425,88.45346691894532
2025-12-19,MG92,73.15,75.0944060921669,61.58452686548233,88.0683862900734
2025-12-22,MG95,74.61,76.04604963064193,61.7996177136898,89.90268168449401
2025-12-22,MG95,74.61,78.00770881819726,63.761276901245125,91.86434087204934
2025-12-22,MG95,74.61,77.64469116353989,63.398259246587756,91.50132321739197
2025-12-22,MG92,73.33,73.29417718601228,59.41947876644135,86.70783247184754
2025-12-22,MG92,73.33,75.52622453784943,61.651526118278504,88.93987982368469
2025-12-22,MG92,73.33,75.22335377192498,61.34865535235405,88.63700905776024
2025-12-23,MG95,74.56,76.0414165198803,60.77266826629639,91.05370136499407
2025-12-23,MG95,74.56,77.6370833272934,62.36833507370949,92.64936817240716
2025-12-23,MG95,74.56,77.58223420786858,62.31348595428467,92.59451905298235
2025-12-23,MG92,73.28,73.22292116546632,58.358225649833685,87.82500917816162
2025-12-23,MG92,73.28,75.10161870288849,60.236923187255854,89.70370671558379
2025-12-23,MG92,73.28,75.1400500831604,60.27535456752777,89.74213809585571
2025-12-24,MG95,74.49,76.39039054512978,61.965353190898895,90.51020032167435
2025-12-24,MG95,74.49,77.63232735300065,63.20728999876977,91.75213712954522
2025-12-24,MG95,74.49,77.450053971529,63.02501661729812,91.56986374807357
2025-12-24,MG92,73.21,73.60479505729676,59.514343497276315,87.23823144149782
2025-12-24,MG92,73.21,75.13512259197236,61.04467103195192,88.76855897617342
2025-12-24,MG92,73.21,74.91293261647225,60.82248105645181,88.54636900067331
2025-12-25,MG95,74.49,75.62289997935295,61.18221616744996,89.8365136384964
2025-12-25,MG95,74.49,77.61658139920235,63.17589758729935,91.8301950583458
2025-12-25,MG95,74.49,77.24092548823356,62.800241676330565,91.454539147377
2025-12-25,MG92,73.21,72.90222707748414,58.74487619400024,86.5700546360016
2025-12-25,MG92,73.21,75.16647811317445,61.00912722969055,88.83430567169191
2025-12-25,MG92,73.21,74.72880465865137,60.57145377516747,88.39663221716883
2025-12-26,MG95,74.54,76.63047009110451,62.10019814372063,90.76166846752167
2025-12-26,MG95,74.54,78.07739249753952,63.54712055015564,92.20859087395668
2025-12-26,MG95,74.54,77.45869792628288,62.928425978899,91.58989630270004
2025-12-26,MG92,72.58,73.8097648305893,59.688435270309455,87.53951546859741
2025-12-26,MG92,72.58,75.63578199005127,61.514452429771424,89.36553262805938
2025-12-26,MG92,72.58,74.9786595594883,60.85732999920846,88.70841019749642
2025-12-29,MG95,73.6,76.08936467766762,61.52200725674629,90.39401227235795
2025-12-29,MG95,73.6,78.27969393610954,63.71233651518821,92.58434153079988
2025-12-29,MG95,73.6,77.23378888773918,62.666431466817855,91.53843648242952
2025-12-29,MG92,71.54,73.30650038909913,59.061676890373235,87.10981544685364
2025-12-29,MG92,71.54,75.84358021831513,61.59875671958923,89.64689527606964
2025-12-29,MG92,71.54,74.82570110678674,60.580877608060845,88.62901616454126
2025-12-30,MG95,73.8,76.01514694094658,62.181465208530426,89.53191304206848
2025-12-30,MG95,73.8,78.04797161650657,64.21428988409042,91.56473771762847
2025-12-30,MG95,73.8,77.51357835173607,63.67989661931992,91.03034445285797
2025-12-30,MG92,71.74,73.23948004627229,59.682746457099924,86.20851560974121
2025-12-30,MG92,71.74,75.63939230632784,62.08265871715547,88.60842786979676
2025-12-30,MG92,71.74,75.07226984906197,61.5155362598896,88.04130541253089
2025-12-31,MG95,73.81,76.28476759791374,61.136170476675034,91.16451609134674
2025-12-31,MG95,73.81,77.83028909683227,62.681691975593566,92.71003759026527
2025-12-31,MG95,73.81,77.37504210639,62.22644498515129,92.254790599823
2025-12-31,MG92,71.75,73.51483161067964,58.763203402519245,87.97668617820742
2025-12-31,MG92,71.75,75.4137793636322,60.66215115547181,89.87563393115998
2025-12-31,MG92,71.75,74.91890974545478,60.16728153729439,89.38076431298256
2026-01-01,MG95,73.81,76.01954984664917,61.290847688913345,90.4687072634697
2026-01-01,MG95,73.81,77.42046624755861,62.69176408982278,91.86962366437913
2026-01-01,MG95,73.81,77.40027109193802,62.6715689342022,91.84942850875855
2026-01-01,MG92,71.75,73.22673237228395,58.85095960044861,87.20879483604432
2026-01-01,MG92,71.75,74.9371128473282,60.56134007549286,88.91917531108857
2026-01-01,MG92,71.75,74.98981047201158,60.61403770017625,88.97187293577196
2026-01-02,MG95,72.58,75.79099459052085,60.89879537224769,90.43671063184738
2026-01-02,MG95,72.58,77.25439819693565,62.36219897866249,91.90011423826218
2026-01-02,MG95,72.58,77.242378772974,62.350179554700844,91.88809481430053
2026-01-02,MG92,71.57,72.94121608448029,58.39992223930359,87.11630894851685
2026-01-02,MG92,71.57,74.74541433620453,60.20412049102784,88.92050720024109
2026-01-02,MG92,71.57,74.73362699604034,60.19233315086365,88.9087198600769
2026-01-05,MG95,71.36,76.07981397509575,60.52901773452758,91.40512155294418
2026-01-05,MG95,71.36,77.5975203959942,62.04672415542603,92.92282797384263
2026-01-05,MG95,71.36,77.16767118048668,61.61687493991851,92.49297875833511
2026-01-05,MG92,70.2,73.26023035144807,58.129974099159256,88.19335599517824
2026-01-05,MG92,70.2,75.14936449527741,60.019108242988594,90.08249013900758
2026-01-05,MG92,70.2,74.65521302747727,59.52495677518846,89.58833867120744
2026-01-06,MG95,72.57,75.25383915901185,60.09616952538491,90.10826041698456
2026-01-06,MG95,72.57,77.87000152659417,62.71233189296723,92.72442278456688
2026-01-06,MG95,72.57,77.35021222782134,62.19254259419441,92.20463348579406
2026-01-06,MG92,71.21,72.50136578941346,57.763681901931776,86.96505822563172
2026-01-06,MG92,71.21,75.3586182346344,60.620934347152726,89.82231067085267
2026-01-06,MG92,71.21,74.88310291934013,60.14541903185845,89.3467953555584
2026-01-07,MG95,70.58,75.32615349292755,60.170172965526575,90.29169080257415
2026-01-07,MG95,70.58,77.38368318271637,62.2277026553154,92.34922049236297
2026-01-07,MG95,70.58,77.27202524089813,62.11604471349716,92.23756255054474
2026-01-07,MG92,69.56,72.57773262023926,57.76910338878631,87.06629724502564
2026-01-07,MG92,69.56,74.89978225708008,60.09115302562713,89.38834688186645
2026-01-07,MG92,69.56,74.79530235028267,59.98667311882972,89.28386697506905
2025-11-13,MG95,81.53,82.43206851148605,79.19806686425208,85.39385230445862
2025-11-13,MG95,81.53,81.17024874043466,77.93624709320069,84.13203253340723
2025-11-13,MG95,81.53,84.40670683693887,81.1727051897049,87.36849062991143
2025-11-13,MG92,79.22,80.02490556669235,76.96330375146866,82.4203002781868
2025-11-13,MG92,79.22,78.65480827999116,75.59320646476746,81.0502029914856
2025-11-13,MG92,79.22,82.13352364253998,79.07192182731629,84.52891835403443
2025-11-14,MG95,83.15,82.33835484290123,78.67853646957875,85.67865460062028
2025-11-14,MG95,83.15,81.69980621075631,78.03998783743383,85.04010596847536
2025-11-14,MG95,83.15,84.76879563832284,81.10897726500036,88.1090953960419
2025-11-14,MG92,80.31,80.18914708662034,76.35077797698975,82.88006508398057
2025-11-14,MG92,80.31,79.19474322128296,75.35637411165237,81.8856612186432
2025-11-14,MG92,80.31,82.61449471092224,78.77612560129165,85.30541270828247
2025-11-17,MG95,83.32,82.19360984063148,78.29710287249088,85.78624025678634
2025-11-17,MG95,83.32,81.80523728632927,77.90873031818867,85.39786770248413
2025-11-17,MG95,83.32,84.13822270131112,80.24171573317052,87.73085311746598
2025-11-17,MG92,80.48,80.11617881155013,76.11522090053558,83.10114369249342
2025-11-17,MG92,80.48,79.32711286449432,75.32615495347977,82.31207774543762
2025-11-17,MG92,80.48,81.95017390537262,77.94921599435807,84.93513878631592
2025-11-18,MG95,82.73,82.32812689065933,77.98594596624375,86.36408894896508
2025-11-18,MG95,82.73,81.32708153891564,76.98490061450005,85.36304359722138
2025-11-18,MG95,82.73,84.4538487803936,80.11166785597801,88.48981083869934
2025-11-18,MG92,79.89,80.10582989168168,75.13432688665391,83.412184237957
2025-11-18,MG92,79.89,79.00048252868653,74.02897952365876,82.30683687496186
2025-11-18,MG92,79.89,82.4057275428772,77.43422453784943,85.71208188915253
2025-11-19,MG95,81.03,82.93769334244729,78.04462910282612,87.59204630661011
2025-11-19,MG95,81.03,81.90346709442139,77.01040285480022,86.55782005858421
2025-11-19,MG95,81.03,83.83903776955606,78.94597352993489,88.49339073371888
2025-11-19,MG92,78.17,80.92679926872253,75.15998652219771,84.83426303386688
2025-11-19,MG92,78.17,79.61636101627352,73.8495482697487,83.52382478141786
2025-11-19,MG92,78.17,81.78902071094514,76.02220796442032,85.69648447608948
2025-11-20,MG95,79.42,82.68564128041268,77.95051094174386,87.16609365224839
2025-11-20,MG95,79.42,81.13925788640977,76.40412754774094,85.61971025824548
2025-11-20,MG95,79.42,84.04583663821222,79.3107062995434,88.52628901004793
2025-11-20,MG92,76.56,80.75998075294494,75.17291998434067,84.48412780570983
2025-11-20,MG92,76.56,78.91633870315552,73.32927793455124,82.64048575592041
2025-11-20,MG92,76.56,81.99689038181305,76.40982961320877,85.72103743457794
2025-11-21,MG95,79.01,81.68896728777887,76.3466681751013,86.93384311342241
2025-11-21,MG95,79.01,81.15822229981423,75.81592318713666,86.40309812545777
2025-11-21,MG95,79.01,83.86213328647614,78.51983417379857,89.10700911211968
2025-11-21,MG92,76.15,79.70724917984009,73.20357085323334,84.1764548740387
2025-11-21,MG92,76.15,78.91019239616395,72.4065140695572,83.37939809036256
2025-11-21,MG92,76.15,81.99378022384644,75.4901018972397,86.46298591804505
2025-11-24,MG95,78.93,81.38503483057022,75.87681097984314,86.7659047150612
2025-11-24,MG95,78.93,81.3539963760376,75.84577252531052,86.73486626052858
2025-11-24,MG95,78.93,83.80674080371858,78.2985169529915,89.18761068820956
2025-11-24,MG92,76.07,79.58694829607009,73.02584083461761,84.23617793703079
2025-11-24,MG92,76.07,79.13642421722412,72.57531675577164,83.78565385818482
2025-11-24,MG92,76.07,81.86835207939149,75.307244617939,86.51758172035218
2025-11-25,MG95,79.26,81.58898880338668,75.9162036511898,87.24056827163696
2025-11-25,MG95,79.26,80.82948197364809,75.1566968214512,86.48106144189836
2025-11-25,MG95,79.26,83.24155888438226,77.56877373218538,88.89313835263253
2025-11-25,MG92,76.4,79.77959716558456,72.89592980146408,84.68180639505387
2025-11-25,MG92,76.4,78.70369286251068,71.8200254983902,83.60590209197998
2025-11-25,MG92,76.4,81.27001285743714,74.38634549331665,86.17222208690644
2025-11-26,MG95,81.16,80.69231436836719,74.85437859046459,86.57246673750876
2025-11-26,MG95,81.16,80.71774368011953,74.87980790221692,86.5978960492611
2025-11-26,MG95,81.16,83.48628925788404,77.64835347998144,89.36644162702561
2025-11-26,MG92,78.3,78.91356780433655,71.81193198347093,84.05171000385285
2025-11-26,MG92,78.3,78.53022955322265,71.42859373235703,83.66837175273895
2025-11-26,MG92,78.3,81.58745683193206,74.48582101106643,86.72559903144835
2025-11-27,MG95,81.44,80.60211689674854,74.29415009224414,87.09784340167046
2025-11-27,MG95,81.44,80.40898492133618,74.10101811683178,86.9047114262581
2025-11-27,MG95,81.44,83.26637742555141,76.95841062104701,89.76210393047333
2025-11-27,MG92,78.52,78.78179977607726,71.16316575717926,84.58460954141617
2025-11-27,MG92,78.52,78.25041035032272,70.63177633142472,84.05322011566163
2025-11-27,MG92,78.52,81.38834164381026,73.76970762491226,87.19115140914917
2025-11-28,MG95,81.86,80.3083492743969,73.81060508310796,87.04756157994271
2025-11-28,MG95,81.86,80.37365332150459,73.87590913021565,87.1128656270504
2025-11-28,MG95,81.86,83.01788336777688,76.52013917648793,89.75709567332268
2025-11-28,MG92,79.04,78.35262452888489,70.5436754565239,84.42357614564897
2025-11-28,MG92,79.04,78.23996401166916,70.43101493930817,84.31091562843324
2025-11-28,MG92,79.04,81.18977136468888,73.38082229232789,87.26072298145296
2025-12-01,MG95,82.51,80.13480081701277,73.2555840512514,87.32128025197983
2025-12-01,MG95,82.51,80.34197477698325,73.46275801122188,87.5284542119503
2025-12-01,MG95,82.51,82.60731615543367,75.7280993896723,89.79379559040072
2025-12-01,MG92,79.78,78.31984626817703,70.17257281351088,84.89305634307861
2025-12-01,MG92,79.78,78.2454024643898,70.09812900972365,84.81861253929138
2025-12-01,MG92,79.78,80.82333220338822,72.67605874872207,87.3965422782898
2025-12-02,MG95,82.55,80.3422139775753,73.34661066949367,87.81557445287704
2025-12-02,MG95,82.55,79.2539831199646,72.25837981188297,86.72734359526635
2025-12-02,MG95,82.55,82.22703421568872,75.23143090760709,89.70039469099046
2025-12-02,MG92,80.7,78.32817758607865,69.98471746492388,85.2000483016968
2025-12-02,MG92,80.7,77.11198536348344,68.76852524232866,83.98385607910159
2025-12-02,MG92,80.7,80.3670500779152,72.02358995676042,87.23892079353334
2025-12-03,MG95,80.8,80.38747479784489,73.51618893790246,87.67076821851731
2025-12-03,MG95,80.8,79.60604724347593,72.7347613835335,86.88934066414835
2025-12-03,MG95,80.8,82.01436308062077,75.14307722067834,89.29765650129319
2025-12-03,MG92,79.51,78.542089802742,70.3296458144188,85.20555468034745
2025-12-03,MG92,79.51,77.50138204813004,69.28893805980684,84.16484692573549
2025-12-03,MG92,79.51,80.14063795995713,71.92819397163393,86.80410283756258
2025-12-04,MG95,80.04,79.42706119644642,72.27587129580975,87.08969963121415
2025-12-04,MG95,80.04,79.41729660904407,72.2661067084074,87.0799350438118
2025-12-04,MG95,80.04,81.66706132328511,74.51587142264844,89.32969975805284
2025-12-04,MG92,78.67,77.3198325047493,68.84486573553085,84.40718510484695
2025-12-04,MG92,78.67,77.28442426776887,68.80945749855042,84.37177686786652
2025-12-04,MG92,78.67,79.73194552516938,71.25697875595093,86.81929812526703
2025-12-05,MG95,79.94,80.7157938514948,73.81702950048448,88.12423376965523
2025-12-05,MG95,79.94,79.49745633494854,72.59869198393822,86.90589625310898
2025-12-05,MG95,79.94,82.34232501447201,75.4435606634617,89.75076493263245
2025-12-05,MG92,78.57,78.94526421403884,70.65047194576263,85.73103736495972
2025-12-05,MG92,78.57,77.3562236571312,69.06143138885498,84.14199680805207
2025-12-05,MG92,78.57,80.58456104421617,72.28976877593996,87.37033419513705
2025-12-08,MG95,80.6,80.44181160449982,73.09154498040675,88.28761500835418
2025-12-08,MG95,80.6,79.46948584985734,72.11921922576427,87.3152892537117
2025-12-08,MG95,80.6,82.07738980937005,74.72712318527698,89.92319321322441
2025-12-08,MG92,79.38,78.56594628477097,69.95248909616471,85.86796486282348
2025-12-08,MG92,79.38,77.28056862497331,68.66711143636705,84.58258720302582
2025-12-08,MG92,79.38,80.23806108427048,71.62460389566422,87.540079662323
2025-12-09,MG95,79.45,79.22598031532763,71.84884450149535,87.3035130007267
2025-12-09,MG95,79.45,79.21689956796169,71.83976375412941,87.29443225336075
2025-12-09,MG95,79.45,81.1717752560377,73.79463944220542,89.24930794143677
2025-12-09,MG92,77.63,77.08684357500076,68.35878551578521,84.62727683877945
2025-12-09,MG92,77.63,77.07097546768189,68.34291740846635,84.61140873146059
2025-12-09,MG92,77.63,79.33461847400665,70.6065604147911,86.87505173778534
2025-12-10,MG95,79.42,79.57311966824531,71.62742580640315,88.40238535928725
2025-12-10,MG95,79.42,78.49104980921746,70.5453559473753,87.3203155002594
2025-12-10,MG95,79.42,80.6901565167904,72.74446265494824,89.51942220783233
2025-12-10,MG92,77.59,77.6866681084633,68.49208635425568,86.08729510879516
2025-12-10,MG92,77.59,76.35849252653122,67.1639107723236,84.75911952686309
2025-12-10,MG92,77.59,78.7541951994896,69.55961344528198,87.15482219982147
2025-12-11,MG95,79.63,78.81591911208629,70.81562286150455,87.61772129487991
2025-12-11,MG95,79.63,81.11098296511173,73.11068671452999,89.91278514790535
2025-12-11,MG95,79.63,80.12613042628765,72.1258341757059,88.92793260908127
2025-12-11,MG92,77.61,76.6932814540863,67.48306149148941,85.067979139328
2025-12-11,MG92,77.61,79.25050239658356,70.04028243398666,87.62520008182526
2025-12-11,MG92,77.61,78.23471022129058,69.02449025869369,86.60940790653228
2025-12-12,MG95,79.25,78.3287067873478,70.23132186603546,87.3344501156807
2025-12-12,MG95,79.25,80.94457677912712,72.84719185781478,89.95032010746002
2025-12-12,MG95,79.25,79.90024578976632,71.80286086845398,88.90598911809921
2025-12-12,MG92,77.61,76.18605147218705,66.87648517704011,84.78995575523378
2025-12-12,MG92,77.61,79.08913259840011,69.77956630325318,87.69303688144684
2025-12-12,MG92,77.61,78.11093453264237,68.80136823749544,86.7148388156891
2025-12-15,MG95,78.52,78.15465536475182,70.50397321999073,86.67451584339142
2025-12-15,MG95,78.52,80.58190065121651,72.93121850645542,89.10176112985611
2025-12-15,MG95,78.52,79.94673199534417,72.29604985058307,88.46659247398377
2025-12-15,MG92,77.43,76.02197925710678,67.03822677755356,84.05850797080994
2025-12-15,MG92,77.43,78.69227955007553,69.70852707052231,86.72880826377869
2025-12-15,MG92,77.43,78.15417897987365,69.17042650032043,86.19070769357681
2025-12-16,MG95,75.72,78.25614838409425,70.43608046996593,87.06883308815956
2025-12-16,MG95,75.72,80.35081563091279,72.53074771678448,89.16350033497811
2025-12-16,MG95,75.72,79.81878084087373,71.99871292674541,88.63146554493905
2025-12-16,MG92,74.64,76.0542281165123,66.91489488983154,84.42027622127533
2025-12-16,MG92,74.64,78.46609472036363,69.32676149368287,86.83214282512665
2025-12-16,MG92,74.64,78.01360092687608,68.87426770019532,86.3796490316391
2025-12-17,MG95,74.53,78.50722067821026,70.61448608922959,87.28337227392197
2025-12-17,MG95,74.53,80.55366402947902,72.66092944049835,89.32981562519073
2025-12-17,MG95,74.53,79.78483735263347,71.8921027636528,88.56098894834518
2025-12-17,MG92,74.27,76.39349007129671,67.2364691567421,84.73196733474732
2025-12-17,MG92,74.27,78.70503780269624,69.54801688814163,87.04351506614685
2025-12-17,MG92,74.27,77.93963366270066,68.78261274814605,86.27811092615127
2025-12-18,MG95,74.63,78.47676044797898,70.13107025241851,87.8419615945816
2025-12-18,MG95,74.63,80.15228927636147,71.806599080801,89.5174904229641
2025-12-18,MG95,74.63,79.55065568590165,71.20496549034118,88.91585683250428
2025-12-18,MG92,74.15,76.36779864597321,66.85500849056244,85.38196306991577
2025-12-18,MG92,74.15,78.32537901306152,68.81258885765075,87.33954343700408
2025-12-18,MG92,74.15,77.657922976017,68.14513282060624,86.67208739995957
2025-12-19,MG95,73.56,78.10695833992958,69.51898596358299,87.70103703808785
2025-12-19,MG95,73.56,80.01077754449845,71.42280516815187,89.60485624265672
2025-12-19,MG95,73.56,79.56092160582543,70.97294922947884,89.1550003039837
2025-12-19,MG92,73.15,75.9146890358925,66.22947063493729,85.19039521026612
2025-12-19,MG92,73.15,78.08775303697587,68.40253463602066,87.3634592113495
2025-12-19,MG92,73.15,77.70267240810395,68.01745400714874,86.97837858247757
2025-12-22,MG95,74.61,77.79277430057527,69.13263467669488,87.59304656147958
2025-12-22,MG95,74.61,79.75443348813059,71.09429386425019,89.5547057490349
2025-12-22,MG95,74.61,79.39141583347322,70.73127620959282,89.19168809437753
2025-12-22,MG92,73.33,75.64707644414902,65.88825647544861,85.15954120826721
2025-12-22,MG92,73.33,77.87912379598617,68.12030382728577,87.39158856010437
2025-12-22,MG92,73.33,77.57625303006172,67.81743306136131,87.08871779417991
2025-12-23,MG95,74.56,78.47992142021657,70.23061570286751,87.62964465022088
2025-12-23,MG95,74.56,80.07558822762968,71.82628251028062,89.22531145763399
2025-12-23,MG95,74.56,80.02073910820485,71.77143339085579,89.17046233820916
2025-12-23,MG92,73.28,76.30794337034226,66.89065798759461,85.07780692577363
2025-12-23,MG92,73.28,78.18664090776443,68.76935552501678,86.9565044631958
2025-12-23,MG92,73.28,78.22507228803634,68.8077869052887,86.99493584346772
2025-12-24,MG95,74.49,78.56854241394997,70.27456292295456,87.85425470852853
2025-12-24,MG95,74.49,79.81047922182083,71.51649973082542,89.09619151639939
2025-12-24,MG95,74.49,79.62820584034921,71.3342263493538,88.91391813492777
2025-12-24,MG92,73.21,76.40305404520035,66.93306012964248,85.32648286437988
2025-12-24,MG92,73.21,77.93338157987594,68.46338766431808,86.85681039905548
2025-12-24,MG92,73.21,77.71119160437584,68.24119768881798,86.63462042355538
2025-12-25,MG95,74.49,77.31539574778081,68.72653439080716,87.13811726665497
2025-12-25,MG95,74.49,79.3090771676302,70.72021581065655,89.13179868650437
2025-12-25,MG95,74.49,78.93342125666143,70.34455989968778,88.7561427755356
2025-12-25,MG92,73.21,75.19012833595276,65.46787846326828,84.72742482662201
2025-12-25,MG92,73.21,77.45437937164307,67.73212949895859,86.99167586231232
2025-12-25,MG92,73.21,77.01670591711999,67.2944560444355,86.55400240778924
2025-12-26,MG95,74.54,78.46787419712544,69.97785949504376,88.06322643494606
2025-12-26,MG95,74.54,79.91479660356046,71.42478190147878,89.51014884138108
2025-12-26,MG95,74.54,79.29610203230382,70.80608733022214,88.89145427012444
2025-12-26,MG92,72.58,76.27490208339691,66.64304299783707,85.5522352142334
2025-12-26,MG92,72.58,78.10091924285888,68.46906015729904,87.37825237369537
2025-12-26,MG92,72.58,77.44379681229591,67.81193772673608,86.72112994313241
2025-12-29,MG95,73.6,77.46591781771184,68.72728819644452,87.56715996360779
2025-12-29,MG95,73.6,79.65624707615376,70.91761745488644,89.75748922204971
2025-12-29,MG95,73.6,78.6103420277834,69.87171240651608,88.71158417367936
2025-12-29,MG92,71.54,75.27962711763382,65.43588973474502,85.13758944225312
2025-12-29,MG92,71.54,77.81670694684982,67.97296956396102,87.67466927146911
2025-12-29,MG92,71.54,76.79882783532143,66.95509045243263,86.65679015994073
2025-12-30,MG95,73.8,77.85105537927151,69.17903937375546,87.64173364138604
2025-12-30,MG95,73.8,79.88388005483151,71.21186404931545,89.67455831694603
2025-12-30,MG95,73.8,79.34948679006101,70.67747078454495,89.14016505217553
2025-12-30,MG92,71.74,75.6555376777649,65.89138517713548,85.15679829692841
2025-12-30,MG92,71.74,78.05544993782044,68.29129743719102,87.55671055698396
2025-12-30,MG92,71.74,77.48832748055457,67.72417497992515,86.98958809971809
2025-12-31,MG95,73.81,77.73132163071632,68.8981654008627,87.89359878921509
2025-12-31,MG95,73.81,79.27684312963487,70.44368689978124,89.43912028813364
2025-12-31,MG95,73.81,78.82159613919258,69.98843990933895,88.98387329769135
2025-12-31,MG92,71.75,75.57546795177461,65.66969253349305,85.50472010898591
2025-12-31,MG92,71.75,77.47441570472718,67.56864028644561,87.40366786193847
2025-12-31,MG92,71.75,76.97954608654976,67.0737706682682,86.90879824376105
2026-01-01,MG95,73.81,77.06826085996629,67.73120244276524,87.89399724555017
2026-01-01,MG95,73.81,78.46917726087571,69.13211884367466,89.29491364645959
2026-01-01,MG95,73.81,78.44898210525514,69.11192368805409,89.27471849083902
2026-01-01,MG92,71.75,74.84054171657563,64.56625823116303,85.53357951259613
2026-01-01,MG92,71.75,76.55092219161989,66.2766387062073,87.2439599876404
2026-01-01,MG92,71.75,76.60361981630325,66.32933633089065,87.29665761232376
2026-01-02,MG95,72.58,76.82376935446263,67.80109544003011,87.36723441386223
2026-01-02,MG95,72.58,78.28717296087743,69.26449904644491,88.83063802027704
2026-01-02,MG95,72.58,78.27515353691578,69.25247962248326,88.81861859631539
2026-01-02,MG92,71.57,74.56192402601243,64.50617236137391,84.93269331455231
2026-01-02,MG92,71.57,76.36612227773668,66.31037061309816,86.73689156627655
2026-01-02,MG92,71.57,76.35433493757249,66.29858327293397,86.72510422611236
2026-01-05,MG95,71.36,77.1890094600916,68.01063408482075,87.85862986016275
2026-01-05,MG95,71.36,78.70671588099003,69.52834050571919,89.37633628106119
2026-01-05,MG95,71.36,78.27686666548252,69.09849129021167,88.94648706555367
2026-01-05,MG92,70.2,74.9714051475525,64.80920682096482,85.48699298763276
2026-01-05,MG92,70.2,76.86053929138184,66.69834096479416,87.3761271314621
2026-01-05,MG92,70.2,76.3663878235817,66.20418949699402,86.88197566366196
2026-01-06,MG95,72.57,76.02981615948677,66.63686683106422,87.029513068676
2026-01-06,MG95,72.57,78.6459785270691,69.25302919864656,89.64567543625833
2026-01-06,MG95,72.57,78.12618922829628,68.73323989987374,89.12588613748551
2026-01-06,MG92,71.21,73.85786996316911,63.53922156047821,84.75596740913392
2026-01-06,MG92,71.21,76.71512240839004,66.39647400569915,87.61321985435485
2026-01-06,MG92,71.21,76.23960709309578,65.92095869040489,87.13770453906059
2026-01-07,MG95,70.58,76.39717216968538,67.20657580792904,87.10859963059426
2026-01-07,MG95,70.58,78.4547018594742,69.26410549771786,89.16612932038308
2026-01-07,MG95,70.58,78.34304391765596,69.15244755589963,89.05447137856484
2026-01-07,MG92,69.56,74.22826548147202,64.05568377304078,84.79284170913698
2026-01-07,MG92,69.56,76.55031511831284,66.3777334098816,87.1148913459778
2026-01-07,MG92,69.56,76.44583521151543,66.27325350308419,87.01041143918039
2026-01-08,MG95,71.16,78.81598158860207,69.37896279358864,89.82887336754798
2026-01-08,MG95,71.16,78.24336454868318,68.80634575366975,89.25625632762909
2026-01-08,MG95,71.16,74.9463391404152,65.50932034540178,85.95923091936112
2026-01-08,MG92,69.91,76.92258218336106,66.57391521978379,87.83363700199128
2026-01-08,MG92,69.91,76.33612744951249,65.98746048593522,87.24718226814271
2026-01-08,MG92,69.91,73.38768889951706,63.039021935939786,84.29874371814728
2026-01-09,MG95,73.03,78.1056351259947,68.70479984021189,89.11159984803201
2026-01-09,MG95,73.03,78.14481281411648,68.74397752833367,89.1507775361538
2026-01-09,MG95,73.03,74.88517800319195,65.48434271740915,85.89114272522927
2026-01-09,MG92,71.94,76.0848783273697,65.76073712539673,86.99001296710969
2026-01-09,MG92,71.94,76.27188138604164,65.94774018406868,87.17701602578164
2026-01-09,MG92,71.94,73.30275167560578,62.97861047363281,84.20788631534577
2026-01-12,MG95,72.9,77.70695628154277,68.03059193837643,89.11593887257575
2026-01-12,MG95,72.9,77.8630243831873,68.18666004002095,89.27200697422028
2026-01-12,MG95,72.9,74.68163621246815,65.00527186930181,86.09061880350113
2026-01-12,MG92,71.81,75.74693373012542,65.22618819522857,87.11855321216584
2026-01-12,MG92,71.81,75.99796778774261,65.47722225284576,87.36958726978303
2026-01-12,MG92,71.81,73.05314436912536,62.532398834228516,84.42476385116578
2026-01-13,MG95,73.45,77.48607056593896,67.72657654559613,89.04687406754495
2026-01-13,MG95,73.45,77.59612258505823,67.8366285647154,89.15692608666421
2026-01-13,MG95,73.45,74.51670841431618,64.75721439397336,86.07751191592217
2026-01-13,MG92,72.36,75.49411926555635,64.91472559261322,87.0434218196869
2026-01-13,MG92,72.36,75.60926542186738,65.02987174892425,87.15856797599793
2026-01-13,MG92,72.36,72.92310900592804,62.343715332984914,84.47241156005859
2026-01-14,MG95,73.42,77.08574860560894,67.01986091959476,89.19562749552726
2026-01-14,MG95,73.42,77.09315066659451,67.02726298058033,89.20302955651283
2026-01-14,MG95,73.42,73.96145424592495,63.895566559910776,86.07133313584328
2026-01-14,MG92,71.84,75.04568829774857,64.2557713150978,87.23894021987915
2026-01-14,MG92,71.84,75.10059172201157,64.31067473936082,87.29384364414216
2026-01-14,MG92,71.84,72.30264433622361,61.51272735357285,84.4958962583542
2026-01-15,MG95,72.55,77.66470073497295,67.98085996484757,89.0562033698559
2026-01-15,MG95,72.55,77.87352826607227,68.18968749594688,89.26503090095521
2026-01-15,MG95,72.55,74.73668557703495,65.05284480690956,86.12818821191789
2026-01-15,MG92,71.4,75.68644106054306,65.16055240058898,87.03604563617706
2026-01-15,MG92,71.4,76.026822889328,65.50093422937393,87.376427464962
2026-01-15,MG92,71.4,73.12784649133683,62.60195783138275,84.47745106697083
2026-01-16,MG95,71.76,77.6219817198515,67.68707384240628,89.27865029525758
2026-01-16,MG95,71.76,77.91766199910641,67.98275412166119,89.57433057451249
2026-01-16,MG95,71.76,74.71880825316907,64.78390037572385,86.37547682857515
2026-01-16,MG92,70.44,75.61729881048203,64.91245950937271,87.26480639934539
2026-01-16,MG92,70.44,75.94364695167542,65.2388076505661,87.59115454053878
2026-01-16,MG92,70.44,73.05871523904801,62.353875937938696,84.70622282791138
2026-01-19,MG95,71.95,77.73044434833525,67.77984945881366,89.52067477154732
2026-01-19,MG95,71.95,77.69257742929457,67.74198253977298,89.48280785250664
2026-01-19,MG95,71.95,74.43326995468139,64.4826750651598,86.22350037789346
2026-01-19,MG92,70.6,75.78353102302552,65.06950791692734,87.59456473445893
2026-01-19,MG92,70.6,75.79508617281914,65.08106306672096,87.60611988425255
2026-01-19,MG92,70.6,72.78750806713104,62.07348496103286,84.59854177856445
2026-01-20,MG95,72.36,77.66374582993984,67.55120663809777,89.88216026473046
2026-01-20,MG95,72.36,77.11492816650869,67.00238897466662,89.33334260129931
2026-01-20,MG95,72.36,73.97304899466039,63.860509802818314,86.191463429451
2026-01-20,MG92,70.99,75.81165357255935,64.99125665330887,88.1341004076004
2026-01-20,MG92,70.99,75.11256515645981,64.29216823720932,87.43501199150086
2026-01-20,MG92,70.99,72.3394932923317,61.51909637308121,84.66194012737274
2026-01-21,MG95,73.22,77.4869695351124,67.30948481476308,89.54356452441216
2026-01-21,MG95,73.22,77.62919469833375,67.45170997798444,89.68578968763352
2026-01-21,MG95,73.22,74.4396496448517,64.26216492450239,86.49624463415147
2026-01-21,MG92,71.85,75.54616244602204,64.67142518091202,87.65837250995637
2026-01-21,MG92,71.85,75.65373297786712,64.77899571275711,87.76594304180145
2026-01-21,MG92,71.85,72.80501930809021,61.930282042980195,84.91722937202454
2026-01-22,MG95,73.64,77.18016234362126,66.93101979160309,89.52287424945831
2026-01-22,MG95,73.64,77.14907381975652,66.89993126773835,89.49178572559357
2026-01-22,MG95,73.64,73.99868091881275,63.74953836679458,86.3413928246498
2026-01-22,MG92,72.27,75.16473100233078,64.24801340389251,87.62490091609955
2026-01-22,MG92,72.27,75.22972166490555,64.3130040664673,87.68989157867432
2026-01-22,MG92,72.27,72.30307684946061,61.38635925102235,84.76324676322938
2026-01-23,MG95,73.5,77.30526289379597,67.25223546123506,89.38075121855736
2026-01-23,MG95,73.5,77.07194850695134,67.01892107439043,89.14743683171274
2026-01-23,MG95,73.5,74.11106992781163,64.05804249525072,86.18655825257302
2026-01-23,MG92,70.76,75.39592005872727,64.61433697843552,87.54804640674593
2026-01-23,MG92,70.76,75.12862613153459,64.34704305124285,87.28075247955324
2026-01-23,MG92,70.76,72.45026011800766,61.668677037715916,84.60238646602632
2026-01-26,MG95,73.88,77.74450722277165,67.60715148746968,89.77838326334954
2026-01-26,MG95,73.88,77.44658272325992,67.30922698795796,89.48045876383782
2026-01-26,MG95,73.88,74.4524538270235,64.31509809172154,86.4863298676014
2026-01-26,MG92,71.64,75.7677849984169,64.92237665891648,87.85737793922425
2026-01-26,MG92,71.64,75.45753931260109,64.61213097310066,87.54713225340844
2026-01-26,MG92,71.64,72.82064533567429,61.97523699617386,84.91023827648164
2026-01-27,MG95,72.35,76.53450570273401,65.91075770187379,89.40768433499338
2026-01-27,MG95,72.35,76.54353289794923,65.91978489708902,89.4167115302086
2026-01-27,MG95,72.35,73.73171238040925,63.10796437954903,86.60489101266862
2026-01-27,MG92,70.21,74.42692324447633,63.25387015628815,87.49818286228181
2026-01-27,MG92,70.21,74.5348562424183,63.361803154230124,87.60611586022378
2026-01-27,MG92,70.21,72.06206293010712,60.88900984191894,85.1333225479126
2026-01-28,MG95,74.54,76.40524492299556,66.03603005504608,88.94116528129578
2026-01-28,MG95,74.54,76.8586218854189,66.48940701746942,89.39454224371912
2026-01-28,MG95,74.54,73.83033010303974,63.46111523509026,86.36625046133996
2026-01-28,MG92,72.46,74.32351680564881,63.325767062187204,87.00904690074921
2026-01-28,MG92,72.46,74.94627558732033,63.948525843858725,87.63180568242073
2026-01-28,MG92,72.46,72.14388969898224,61.14613995552063,84.82941979408264
2026-01-29,MG95,75.75,76.93873518240453,66.71734580647946,89.27042972159386
2026-01-29,MG95,75.75,76.87993156802655,66.65854219210148,89.21162610721588
2026-01-29,MG95,75.75,73.93466545951367,63.713276083588596,86.266359998703
2026-01-29,MG92,73.67,74.92804817533494,64.0316213951111,87.37816495513917
2026-01-29,MG92,73.67,74.91205618047715,64.01562940025332,87.36217296028138
2026-01-29,MG92,73.67,72.2185055680275,61.322078787803655,84.66862234783173
2026-01-30,MG95,75.44,77.1909839347601,66.84556178426743,89.68901773667336
2026-01-30,MG95,75.44,76.82340805113316,66.47798590064049,89.32144185304642
2026-01-30,MG95,75.44,73.93792091572286,63.59249876523019,86.43595471763612
2026-01-30,MG92,73.43,75.27687929677964,64.29516114521027,87.91824845123291
2026-01-30,MG92,73.43,74.92333476448059,63.94161661291122,87.56470391893386
2026-01-30,MG92,73.43,72.21308233118057,61.231364179611205,84.85445148563385
2026-02-02,MG95,72.54,76.27625483286381,65.9079938710928,88.82685835433007
2026-02-02,MG95,72.54,76.68071705472471,66.3124560929537,89.23132057619097
2026-02-02,MG95,72.54,73.7970787729025,63.42881781113148,86.34768229436875
2026-02-02,MG92,70.93,74.18040485858917,63.184180083274846,86.88451625347138
2026-02-02,MG92,70.93,74.72475255060195,63.728527775287624,87.42886394548415
2026-02-02,MG92,70.93,72.10100298309325,61.10477820777893,84.80511437797546
2026-02-03,MG95,72.82,75.98476108181477,65.09453864085674,89.35779154586793
2026-02-03,MG95,72.82,76.16778603684902,65.277563595891,89.54081650090218
2026-02-03,MG95,72.82,73.21895776832103,62.32873532736301,86.59198823237419
2026-02-03,MG92,71.15,73.92202863121034,62.577829436302196,87.58325665855409
2026-02-03,MG92,71.15,74.18948648285865,62.84528728795051,87.85071451020241
2026-02-03,MG92,71.15,71.46603431415558,60.121835119247436,85.12726234149933
2026-02-04,MG95,74.68,76.3409706248045,65.68229767155647,89.29880718183517
2026-02-04,MG95,74.68,76.60683831393719,65.94816536068916,89.56467487096786
2026-02-04,MG95,74.68,73.69489441621303,63.036221462965,86.6527309732437
2026-02-04,MG92,72.95,74.29802943992615,63.10373364257813,87.47091798591615
2026-02-04,MG92,72.95,74.6802943751812,63.48599857783318,87.8531829211712
2026-02-04,MG92,72.95,71.95337832832337,60.75908253097534,85.12626687431336
2025-12-11,MG95,79.63,77.7720594484806,76.29117031526566,79.02300893735885
2025-12-11,MG95,79.63,80.06712330150604,78.5862341682911,81.31807279038429
2025-12-11,MG95,79.63,79.08227076268196,77.60138162946701,80.3332202515602
2025-12-11,MG92,77.61,75.93779983425142,73.78355234229566,77.15249294424058
2025-12-11,MG92,77.61,78.49502077674867,76.34077328479292,79.70971388673783
2025-12-11,MG92,77.61,77.4792286014557,75.32498110949994,78.69392171144486
2025-12-12,MG95,79.25,77.35914598822593,74.89473871350287,79.26450557947159
2025-12-12,MG95,79.25,79.97501598000527,77.51060870528221,81.88037557125092
2025-12-12,MG95,79.25,78.93068499064445,76.4662777159214,80.8360445818901
2025-12-12,MG92,77.61,75.4319568347931,72.57506109237671,77.33692705750467
2025-12-12,MG92,77.61,78.33503796100618,75.4781422185898,80.24000818371775
2025-12-12,MG92,77.61,77.35683989524841,74.49994415283203,79.26181011795998
2025-12-15,MG95,78.52,76.99536165165901,74.20027471590042,79.1371083240509
2025-12-15,MG95,78.52,79.4226069381237,76.62752000236512,81.5643536105156
2025-12-15,MG95,78.52,78.78743828225136,75.99235134649277,80.92918495464325
2025-12-15,MG92,77.43,75.03382774400711,71.92289126622677,77.17249453949928
2025-12-15,MG92,77.43,77.70412803697586,74.59319155919552,79.84279483246803
2025-12-15,MG92,77.43,77.16602746677398,74.05509098899364,79.30469426226615
2025-12-16,MG95,75.72,77.25251181530953,73.62860735106469,80.0079200320244
2025-12-16,MG95,75.72,79.34717906212808,75.72327459788323,82.10258727884295
2025-12-16,MG95,75.72,78.81514427208901,75.19123980784417,81.57055248880388
2025-12-16,MG92,74.64,75.18300011610985,71.40726413226129,77.9134836421013
2025-12-16,MG92,74.64,77.59486671996117,73.81913073611261,80.32535024595262
2025-12-16,MG92,74.64,77.14237292647363,73.36663694262506,79.87285645246507
2025-12-17,MG95,74.53,76.91227581524849,72.05792868757248,80.57718919658662
2025-12-17,MG95,74.53,78.95871916651726,74.10437203884125,82.62363254785538
2025-12-17,MG95,74.53,78.1898924896717,73.3355453619957,81.85480587100983
2025-12-17,MG92,74.27,74.86287846434116,70.07682981538773,78.5923718290329
2025-12-17,MG92,74.27,77.1744261957407,72.38837754678725,80.90391956043243
2025-12-17,MG92,74.27,76.40902205574513,71.62297340679169,80.13851542043686
2025-12-18,MG95,74.63,76.82044902062415,70.97060723519326,81.26126077032089
2025-12-18,MG95,74.63,78.49597784900666,72.64613606357577,82.9367895987034
2025-12-18,MG95,74.63,77.89434425854682,72.04450247311593,82.33515600824356
2025-12-18,MG92,74.15,74.73291730332375,69.08927363801003,79.36000955033303
2025-12-18,MG92,74.15,76.69049767041207,71.04685400509835,81.31758991742136
2025-12-18,MG92,74.15,76.02304163336754,70.37939796805382,80.65013388037683
2025-12-19,MG95,73.56,76.65591757440566,71.05010795855522,80.91935853862762
2025-12-19,MG95,73.56,78.55973677897454,72.95392716312409,82.8231777431965
2025-12-19,MG95,73.56,78.10988084030151,72.50407122445107,82.37332180452347
2025-12-19,MG92,73.15,74.53257418060304,69.08877410554886,78.86712486171723
2025-12-19,MG92,73.15,76.70563818168641,71.26183810663224,81.0401888628006
2025-12-19,MG92,73.15,76.32055755281449,70.87675747776032,80.65510823392869
2025-12-22,MG95,74.61,76.37012091588974,69.83797273945808,81.3915380783081
2025-12-22,MG95,74.61,78.33178010344506,71.7996319270134,83.35319726586341
2025-12-22,MG95,74.61,77.96876244878769,71.43661427235602,82.99017961120605
2025-12-22,MG92,73.33,74.25727875876427,67.98129652786255,79.37520225453378
2025-12-22,MG92,73.33,76.48932611060144,70.21334387969972,81.60724960637094
2025-12-22,MG92,73.33,76.18645534467697,69.91047311377525,81.30437884044647
2025-12-23,MG95,74.56,76.51682281923294,70.17778531622886,81.37455461454391
2025-12-23,MG95,74.56,78.11248962664604,71.77345212364196,82.970221421957
2025-12-23,MG95,74.56,78.05764050722122,71.71860300421714,82.91537230253219
2025-12-23,MG92,73.28,74.35944010663033,68.26430772292615,79.33744719076158
2025-12-23,MG92,73.28,76.2381376440525,70.14300526034832,81.21614472818375
2025-12-23,MG92,73.28,76.27656902432442,70.18143664062023,81.25457610845567
2025-12-24,MG95,74.49,76.49522943806649,69.16545001339912,82.18904988002777
2025-12-24,MG95,74.49,77.73716624593735,70.40738682126998,83.43098668789862
2025-12-24,MG95,74.49,77.55489286446573,70.22511343979836,83.248713306427
2025-12-24,MG92,73.21,74.30625325286388,67.30087799036504,80.15393513345718
2025-12-24,MG92,73.21,75.83658078753948,68.83120552504063,81.68426266813277
2025-12-24,MG92,73.21,75.61439081203937,68.60901554954053,81.46207269263267
2025-12-25,MG95,74.49,75.66046640229224,68.00049489808082,81.63942260694503
2025-12-25,MG95,74.49,77.65414782214165,69.99417631793023,83.63310402679444
2025-12-25,MG95,74.49,77.27849191117286,69.61852040696144,83.25744811582565
2025-12-25,MG92,73.21,73.51046388459207,66.1990474857092,79.67109623980524
2025-12-25,MG92,73.21,75.77471492028238,68.46329852139951,81.93534727549554
2025-12-25,MG92,73.21,75.33704146575928,68.02562506687642,81.49767382097245
2025-12-26,MG95,74.54,76.3649619307518,68.17305795454979,82.80935017251969
2025-12-26,MG95,74.54,77.81188433718683,69.61998036098481,84.25627257895471
2025-12-26,MG95,74.54,77.19318976593019,69.00128578972817,83.63757800769807
2025-12-26,MG92,72.58,74.1274288134575,66.31238455343248,80.76435228395464
2025-12-26,MG92,72.58,75.95344597291947,68.13840171289445,82.5903694434166
2025-12-26,MG92,72.58,75.2963235423565,67.48127928233149,81.93324701285364
2025-12-29,MG95,73.6,75.69908347129822,67.0673289179802,82.54027783870698
2025-12-29,MG95,73.6,77.88941272974014,69.25765817642213,84.7306070971489
2025-12-29,MG95,73.6,76.84350768136979,68.21175312805177,83.68470204877855
2025-12-29,MG92,71.54,73.45434758555889,65.22864629876614,80.5621836168766
2025-12-29,MG92,71.54,75.9914274147749,67.76572612798215,83.0992634460926
2025-12-29,MG92,71.54,74.9735483032465,66.74784701645375,82.0813843345642
2025-12-30,MG95,73.8,74.94734989404678,65.08846633791923,82.93220215320586
2025-12-30,MG95,73.8,76.98017456960679,67.12129101347924,84.96502682876587
2025-12-30,MG95,73.8,76.44578130483627,66.58689774870872,84.43063356399536
2025-12-30,MG92,71.74,72.63162814223767,63.23274527156354,81.0397609319687
2025-12-30,MG92,71.74,75.03154040229322,65.63265753161909,83.43967319202424
2025-12-30,MG92,71.74,74.46441794502735,65.06553507435322,82.87255073475838
2025-12-31,MG95,73.81,75.66416386890411,66.39641369867324,83.08408433008194
2025-12-31,MG95,73.81,77.20968536782266,67.94193519759179,84.62960582900048
2025-12-31,MG95,73.81,76.75443837738037,67.4866882071495,84.17435883855819
2025-12-31,MG92,71.75,73.43558439743519,64.59919287991524,81.1585457701683
2025-12-31,MG92,71.75,75.33453215038776,66.4981406328678,83.05749352312087
2025-12-31,MG92,71.75,74.83966253221035,66.0032710146904,82.56262390494346
2026-01-01,MG95,73.81,75.34063259768486,65.65668191957474,83.13086410093308
2026-01-01,MG95,73.81,76.74154899859428,67.05759832048416,84.5317805018425
2026-01-01,MG95,73.81,76.72135384297371,67.03740316486359,84.51158534622193
2026-01-01,MG92,71.75,73.07825395798685,63.82774611985684,81.13117554163934
2026-01-01,MG92,71.75,74.78863443303109,65.53812659490109,82.84155601668358
2026-01-01,MG92,71.75,74.84133205771447,65.59082421958446,82.89425364136696
2026-01-02,MG95,72.58,74.97891096615791,65.20777314329148,82.86657355928422
2026-01-02,MG95,72.58,76.44231457257271,66.67117674970628,84.32997716569902
2026-01-02,MG95,72.58,76.43029514861107,66.65915732574463,84.31795774173737
2026-01-02,MG92,71.57,72.63974495613576,63.316823183536535,80.86948362731934
2026-01-02,MG92,71.57,74.44394320786,65.12102143526079,82.67368187904358
2026-01-02,MG92,71.57,74.43215586769581,65.10923409509658,82.6618945388794
2026-01-05,MG95,71.36,74.75368660593034,63.8531490995884,83.72910563611985
2026-01-05,MG95,71.36,76.27139302682878,65.37085552048683,85.24681205701829
2026-01-05,MG95,71.36,75.84154381132126,64.94100630497931,84.81696284151077
2026-01-05,MG92,70.2,72.42416782391072,62.00328098487854,81.87076397609711
2026-01-05,MG92,70.2,74.31330196774006,63.89241512870788,83.75989811992645
2026-01-05,MG92,70.2,73.81915049993992,63.398263660907745,83.26574665212631
2026-01-06,MG95,72.57,73.84828523373604,62.833350695133205,82.92843014097213
2026-01-06,MG95,72.57,76.46444760131837,65.44951306271554,85.54459250855446
2026-01-06,MG95,72.57,75.94465830254555,64.92972376394272,85.02480320978164
2026-01-06,MG92,71.21,71.58229118597508,61.0458371092081,81.12161306214333
2026-01-06,MG92,71.21,74.43954363119602,63.90308955442904,83.97886550736426
2026-01-06,MG92,71.21,73.96402831590176,63.42757423913478,83.50335019207
2026-01-07,MG95,70.58,74.0542562866211,62.95555714130401,83.20297976732255
2026-01-07,MG95,70.58,76.11178597640992,65.01308683109283,85.26050945711137
2026-01-07,MG95,70.58,76.00012803459168,64.9014288892746,85.14885151529313
2026-01-07,MG92,69.56,71.78492796826363,61.15971155631542,81.36091003465653
2026-01-07,MG92,69.56,74.10697760510445,63.48176119315624,83.68295967149734
2026-01-07,MG92,69.56,74.00249769830705,63.377281286358844,83.57847976469995
2026-01-08,MG95,71.16,76.34578583121299,64.57430470228195,86.15030168414116
2026-01-08,MG95,71.16,75.7731687912941,64.00168766236305,85.57768464422226
2026-01-08,MG95,71.16,72.47614338302613,60.704662254095076,82.28065923595429
2026-01-08,MG92,69.91,74.35449925446511,63.06190736496449,84.63303245210648
2026-01-08,MG92,69.91,73.76804452061654,62.47545263111592,84.04657771825791
2026-01-08,MG92,69.91,70.81960597062111,59.52701408112049,81.09813916826248
2026-01-09,MG95,73.03,75.41067060899735,63.23510750246049,85.64270548772812
2026-01-09,MG95,73.03,75.44984829711913,63.27428519058227,85.6818831758499
2026-01-09,MG95,73.03,72.19021348619461,60.014650379657745,82.42224836492538
2026-01-09,MG92,71.94,73.26398053228856,61.58045606553555,84.06376179099084
2026-01-09,MG92,71.94,73.4509835909605,61.7674591242075,84.25076484966279
2026-01-09,MG92,71.94,70.48185388052464,58.79832941377163,81.28163513922692
2026-01-12,MG95,72.9,75.28234238576889,63.158074745655064,85.47149376225471
2026-01-12,MG95,72.9,75.4384104874134,63.314142847299586,85.62756186389923
2026-01-12,MG95,72.9,72.25702231669426,60.13275467658044,82.44617369318009
2026-01-12,MG92,71.81,73.21243906402589,61.58326898300648,83.98591026568413
2026-01-12,MG92,71.81,73.46347312164308,61.83430304062367,84.23694432330132
2026-01-12,MG92,71.81,70.51864970302583,58.88947962200642,81.29212090468407
2026-01-13,MG95,73.45,75.13428588652611,62.585145415306094,85.72969205522537
2026-01-13,MG95,73.45,75.24433790564538,62.69519743442536,85.83974407434464
2026-01-13,MG95,73.45,72.16492373490334,59.61578326368332,82.7603299036026
2026-01-13,MG92,72.36,73.0438859835863,60.98294238424301,84.21014890170098
2026-01-13,MG92,72.36,73.15903213989735,61.09808854055405,84.32529505801202
2026-01-13,MG92,72.36,70.47287572395801,58.411932124614715,81.63913864207268
2026-01-14,MG95,73.42,75.42702824664116,63.144770001888276,85.7422218055725
2026-01-14,MG95,73.42,75.43443030762673,63.152172062873845,85.74962386655807
2026-01-14,MG95,73.42,72.30273388695717,60.02047564220429,82.61792744588851
2026-01-14,MG92,71.84,73.32746683073043,61.52792652797698,84.16588766169546
2026-01-14,MG92,71.84,73.38237025499345,61.58282995224,84.22079108595848
2026-01-14,MG92,71.84,70.58442286920548,58.78488256645203,81.42284370017052
2026-01-15,MG95,72.55,74.83213776755333,61.76465556669237,85.96974875617028
2026-01-15,MG95,72.55,75.04096529865265,61.973483097791686,86.17857628726959
2026-01-15,MG95,72.55,71.90412260961531,58.83664040875435,83.04173359823226
2026-01-15,MG92,71.4,72.73042444396019,60.15689951705932,84.51288101482392
2026-01-15,MG92,71.4,73.07080627274513,60.497281345844264,84.85326284360886
2026-01-15,MG92,71.4,70.17182987475395,57.59830494785309,81.95428644561768
2026-01-16,MG95,71.76,75.03049178910256,62.33725441884995,85.7738860411644
2026-01-16,MG95,71.76,75.32617206835747,62.63293469810486,86.06956632041931
2026-01-16,MG95,71.76,72.12731832242011,59.434080952167506,82.87071257448196
2026-01-16,MG92,70.44,72.93398858642578,60.72997913813592,84.26503505921364
2026-01-16,MG92,70.44,73.26033672761916,61.056327279329295,84.59138320040702
2026-01-16,MG92,70.44,70.37540501499176,58.17139556670189,81.70645148777962
2026-01-19,MG95,71.95,74.93067655777932,61.54570779895783,86.42801380968095
2026-01-19,MG95,71.95,74.89280963873864,61.50784087991715,86.39014689064027
2026-01-19,MG95,71.95,71.63350216412545,58.24853340530395,83.13083941602707
2026-01-19,MG92,70.6,72.85800994098187,59.97789353549481,85.09013308882714
2026-01-19,MG92,70.6,72.8695650907755,59.98944868528843,85.10168823862077
2026-01-19,MG92,70.6,69.8619869850874,56.98187057960033,82.09411013293267
2026-01-20,MG95,72.36,75.58300226569176,62.16049919962884,87.07946376442911
2026-01-20,MG95,72.36,75.03418460226058,61.61168153619766,86.53064610099793
2026-01-20,MG95,72.36,71.89230543041228,58.469802364349356,83.38876692914963
2026-01-20,MG92,70.99,73.64259175050259,60.71079404997826,85.80277268576623
2026-01-20,MG92,70.99,72.94350333440303,60.011705633878705,85.10368426966667
2026-01-20,MG92,70.99,70.17043147027492,57.23863376975059,82.33061240553856
2026-01-21,MG95,73.22,74.7612317404747,61.19978688454628,86.4265431830883
2026-01-21,MG95,73.22,74.90345690369605,61.34201204776763,86.56876834630965
2026-01-21,MG95,73.22,71.713911850214,58.15246699428558,83.3792232928276
2026-01-21,MG92,71.85,72.71665746080876,59.65439628529549,85.10254344511033
2026-01-21,MG92,71.85,72.82422799265385,59.761966817140575,85.21011397695541
2026-01-21,MG92,71.85,69.97551432287693,56.91325314736366,82.3614003071785
2026-01-22,MG95,73.64,74.85436430811882,61.07737529635428,86.73876552343367
2026-01-22,MG95,73.64,74.82327578425408,61.046286772489545,86.70767699956893
2026-01-22,MG95,73.64,71.67288288331031,57.89589387154577,83.55728409862516
2026-01-22,MG92,72.27,72.74457787871361,59.463983464837085,85.35849514842035
2026-01-22,MG92,72.27,72.80956854128837,59.52897412741184,85.4234858109951
2026-01-22,MG92,72.27,69.88292372584343,56.6023293119669,82.49684099555016
2026-01-23,MG95,73.5,74.79692793774605,60.87946811842919,86.82040822315217
2026-01-23,MG95,73.5,74.56361355090141,60.64615373158455,86.58709383630753
2026-01-23,MG95,73.5,71.6027349717617,57.685275152444845,83.62621525716783
2026-01-23,MG92,70.76,72.77946401703358,59.35494355547428,85.53182241129875
2026-01-23,MG92,70.76,72.5121700898409,59.087649628281596,85.26452848410607
2026-01-23,MG92,70.76,69.83380407631398,56.409283614754685,82.58616247057915
2026-01-26,MG95,73.88,74.93436757707596,60.635789448261264,87.32327362203598
2026-01-26,MG95,73.88,74.63644307756424,60.33786494874954,87.02534912252426
2026-01-26,MG95,73.88,71.64231418132782,57.34373605251312,84.03122022628784
2026-01-26,MG92,71.64,72.86299773216247,59.042244759202,85.96344525694848
2026-01-26,MG92,71.64,72.55275204634665,58.731999073386184,85.65319957113266
2026-01-26,MG92,71.64,69.91585806941985,56.095105096459385,83.01630559420586
2026-01-27,MG95,72.35,74.66430923295022,61.08310075831414,86.33247515749932
2026-01-27,MG95,72.35,74.67333642816544,61.09212795352936,86.34150235271454
2026-01-27,MG95,72.35,71.86151591062546,58.28030743598938,83.52968183517456
2026-01-27,MG92,70.21,72.50198249173165,59.41360549759867,84.86087395977975
2026-01-27,MG92,70.21,72.60991548967363,59.52153849554064,84.96880695772172
2026-01-27,MG92,70.21,70.13712217736244,57.04874518322946,82.49601364541054
2026-01-28,MG95,74.54,73.97218475317955,59.603882471084596,86.48576017832757
2026-01-28,MG95,74.54,74.42556171560287,60.057259433507916,86.93913714075089
2026-01-28,MG95,74.54,71.39726993322373,57.028967651128774,83.91084535837174
2026-01-28,MG92,72.46,71.7950697054863,57.92217758977414,85.10256614112855
2026-01-28,MG92,72.46,72.41782848715782,58.54493637144566,85.72532492280007
2026-01-28,MG92,72.46,69.61544259881973,55.742550483107564,82.92293903446198
2026-01-29,MG95,75.75,74.40833196687699,59.90449623155593,87.0434761326313
2026-01-29,MG95,75.75,74.34952835249901,59.84569261717795,86.98467251825332
2026-01-29,MG95,75.75,71.40426224398612,56.90042650866507,84.03940640974044
2026-01-29,MG92,73.67,72.29841502654551,58.28133787858486,85.7069755642414
2026-01-29,MG92,73.67,72.28242303168773,58.26534588372707,85.69098356938362
2026-01-29,MG92,73.67,69.58887241923809,55.57179527127743,82.99743295693398
2026-01-30,MG95,75.44,74.54437352228165,59.87053279566765,87.40073767113685
2026-01-30,MG95,75.44,74.1767976386547,59.50295691204071,87.03316178750991
2026-01-30,MG95,75.44,71.2913105032444,56.61746977663041,84.14767465209961
2026-01-30,MG92,73.43,72.52154910779,58.34677348291874,86.2263741145134
2026-01-30,MG92,73.43,72.16800457549095,57.9932289506197,85.87282958221437
2026-01-30,MG92,73.43,69.45775214219094,55.28297651731969,83.16257714891435
2026-02-02,MG95,72.54,73.8394749147892,59.62282467794418,86.21968970131874
2026-02-02,MG95,72.54,74.24393713665009,60.02728689980506,86.62415192317962
2026-02-02,MG95,72.54,71.36029885482787,57.14364861798285,83.74051364135741
2026-02-02,MG92,70.93,71.6377558182478,57.92651169407368,84.84273598837854
2026-02-02,MG92,70.93,72.18210351026059,58.470859386086474,85.38708368039133
2026-02-02,MG92,70.93,69.55835394275189,55.84710981857778,82.76333411288263
2026-02-03,MG95,72.82,74.05723969888687,59.35323992681503,86.93451778006553
2026-02-03,MG95,72.82,74.24026465392113,59.536264881849284,87.11754273509979
2026-02-03,MG95,72.82,71.29143638539314,56.587436613321294,84.1687144665718
2026-02-03,MG92,71.15,71.93788212382793,57.72896678352355,85.64953784847259
2026-02-03,MG92,71.15,72.20533997547626,57.996424635171884,85.91699570012092
2026-02-03,MG92,71.15,69.48188780677319,55.27297246646881,83.19354353141784
2026-02-04,MG95,74.68,73.6452652566433,58.3244654302597,87.23003828334808
2026-02-04,MG95,74.68,73.91113294577599,58.59033311939239,87.49590597248077
2026-02-04,MG95,74.68,70.99918904805183,55.67838922166823,84.58396207475661
2026-02-04,MG92,72.95,71.50094263780117,56.68364942896366,86.03703872966766
2026-02-04,MG92,72.95,71.88320757305623,57.06591436421871,86.41930366492271
2026-02-04,MG92,72.95,69.15629152619839,54.338998317360875,83.69238761806487
2026-02-05,MG95,75.06,74.25460807061195,59.315731299877164,87.34342077827453
2026-02-05,MG95,75.06,71.29606726860999,56.3571904978752,84.38487997627257
2026-02-05,MG95,75.06,72.81750434231758,57.87862757158279,85.90631704998016
2026-02-05,MG92,73.33,72.27375537323951,57.81431408810615,86.16461454319953
2026-02-05,MG92,73.33,69.49565493106842,55.03621364593506,83.38651410102844
2026-02-05,MG92,73.33,70.89279516839981,56.433353883266456,84.78365433835984
2026-02-06,MG95,75.24,73.58165093636512,58.25110421395302,87.19243146514893
2026-02-06,MG95,75.24,70.86022175383567,55.52967503142357,84.47100228261948
2026-02-06,MG95,75.24,72.48715228819847,57.15660556578637,86.09793281698228
2026-02-06,MG92,73.51,71.5318533871174,56.70947298145295,86.11659695482254
2026-02-06,MG92,73.51,69.01934243488313,54.19696202921868,83.60408600258828
2026-02-06,MG92,73.51,70.09813756585122,55.27575716018677,84.68288113355636
2026-02-09,MG95,76.56,73.514331553936,57.99704585409164,87.33468218183518
2026-02-09,MG95,76.56,70.89735133314133,55.380065633296965,84.7177019610405
2026-02-09,MG95,76.56,72.50746280527116,56.990177105426795,86.32781343317033
2026-02-09,MG92,74.83,71.44369966566563,56.43467463314534,86.26241266489029
2026-02-09,MG92,74.83,69.05631425178052,54.04728921926023,83.87502725100518
2026-02-09,MG92,74.83,70.39053715264798,55.38151212012769,85.20925015187264
2026-02-10,MG95,78.41,74.0205433921814,59.169937806606285,87.10119976091384
2026-02-10,MG95,78.41,71.15636269044876,56.30575710487365,84.23701905918121
2026-02-10,MG95,78.41,72.66295696592331,57.812351380348204,85.74361333465576
2026-02-10,MG92,76.68,71.97277091050148,57.630931741833685,85.97042421603203
2026-02-10,MG92,76.68,69.30740102982521,54.96556186115742,83.30505433535576
2026-02-10,MG92,76.68,70.57622781443597,56.23438864576817,84.57388111996652
2026-02-11,MG95,77.63,73.86333007764816,58.322058208703986,87.63296276283263
2026-02-11,MG95,77.63,71.0098685183525,55.46859664940833,84.77950120353698
2026-02-11,MG95,77.63,72.11813656568528,56.576864696741104,85.88776925086975
2026-02-11,MG92,75.55,71.87270297408105,56.815109086036685,86.54314268469811
2026-02-11,MG92,75.55,69.17236723089219,54.114773342847826,83.84280694150925
2026-02-11,MG92,75.55,70.11592261552812,55.058328727483755,84.78636232614518
2026-02-12,MG95,77.16,73.83709061932564,58.26200047683715,87.6488399310112
2026-02-12,MG95,77.16,71.1034863240719,55.52839618158341,84.91523563575745
2026-02-12,MG95,77.16,72.65642605757714,57.08133591508865,86.4681753692627
2026-02-12,MG92,74.83,71.86427765119076,56.77424594628811,86.58665764141084
2026-02-12,MG92,74.83,69.30065670001507,54.21062499511242,84.02303669023514
2026-02-12,MG92,74.83,70.40838552987576,55.31835382497311,85.13076552009584
2026-02-13,MG95,73.85,73.24368879604339,57.31755891489981,87.49744729804992
2026-02-13,MG95,73.85,70.66525001430512,54.73912013316154,84.91900851631165
2026-02-13,MG95,73.85,71.7760259847641,55.84989610362053,86.02978448677064
2026-02-13,MG92,71.58,71.21736657905578,55.79075668263435,86.4862086277008
2026-02-13,MG92,71.58,68.79100351953507,53.36439362311364,84.0598455681801
2026-02-13,MG92,71.58,69.7941684267521,54.36755853033067,85.06301047539712
2026-02-16,MG95,73.8,73.43250780558586,57.61281743741034,87.56420525169372
2026-02-16,MG95,73.8,70.94496090340614,55.12527053523063,85.076658349514
2026-02-16,MG95,73.8,72.235885876894,56.41619550871849,86.36758332300187
2026-02-16,MG92,71.79,71.4010402829647,56.080493815660475,86.53176956248284
2026-02-16,MG92,71.79,69.10223393702506,53.781687469720836,84.2329632165432
2026-02-16,MG92,71.79,69.89804386115074,54.577497393846514,85.02877314066887
2026-02-17,MG95,73.8,73.79441351079942,58.24897116327286,87.60523026371003
2026-02-17,MG95,73.8,71.04038670158387,55.49494435405732,84.85120345449448
2026-02-17,MG95,73.8,72.26198973178865,56.71654738426209,86.07280648469926
2026-02-17,MG92,71.79,71.71865895438194,56.66873748409748,86.47657995152473
2026-02-17,MG92,71.79,69.23782437467575,54.187902904391294,83.99574537181854
2026-02-17,MG92,71.79,70.1050170788765,55.05509560859204,84.86293807601929
2026-02-18,MG95,73.8,73.69284602570534,58.132847240448,87.54629065561295
2026-02-18,MG95,73.8,70.90859358000756,55.34859479475023,84.76203820991518
2026-02-18,MG95,73.8,71.9665860145092,56.40658722925187,85.82003064441682
2026-02-18,MG92,71.79,71.6966239925623,56.64034815096855,86.53365090036392
2026-02-18,MG92,71.79,69.03889933717251,53.982623495578764,83.87592624497414
2026-02-18,MG92,71.79,69.81175301635265,54.75547717475891,84.64877992415428
2026-02-19,MG95,78.09,73.44168380522729,57.48868960404396,87.68564807319642
2026-02-19,MG95,78.09,70.71376719594002,54.7607729947567,84.95773146390916
2026-02-19,MG95,78.09,72.22054114174843,56.267546940565104,86.46450540971756
2026-02-19,MG92,76.08,71.39232082760334,55.92622040963173,86.60678074216843
2026-02-19,MG92,76.08,68.84393254315853,53.37783212518692,84.05839245772361
2026-02-19,MG92,76.08,70.24400823009015,54.777907812118535,85.45846814465523
2026-02-20,MG95,79.95,73.54128960323334,57.66461847376823,87.73824249458312
2026-02-20,MG95,79.95,70.71328413391115,54.836613004446036,84.91023702526093
2026-02-20,MG95,79.95,71.51841281223298,55.64174168276787,85.71536570358276
2026-02-20,MG92,77.63,71.42418887841701,56.04685079562663,86.62871488499641
2026-02-20,MG92,77.63,68.85494047272205,53.47760238993167,84.05946647930145
2026-02-20,MG92,77.63,69.50675926673412,54.12942118394374,84.71128527331352
2026-02-23,MG95,79.75,73.38475890278815,57.546635113954544,87.57473890542984
2026-02-23,MG95,79.75,70.75712483811378,54.919001049280176,84.94710484075547
2026-02-23,MG95,79.75,71.86833724236489,56.03021345353128,86.05831724500658
2026-02-23,MG92,77.43,71.32136368131637,55.993648891210555,86.5611162135601
2026-02-23,MG92,77.43,68.90425649690629,53.57654170680047,84.14400902915001
2026-02-23,MG92,77.43,69.80804138612747,54.480326596021655,85.0477939183712
2026-02-24,MG95,81.35,73.75471775007249,57.730157947063454,88.07438969564438
2026-02-24,MG95,81.35,70.8761088924408,54.851549089431764,85.1957808380127
2026-02-24,MG95,81.35,71.50616914081574,55.48160933780671,85.82584108638764
2026-02-24,MG92,78.89,71.68523422133923,56.145771800398826,86.97907290530205
2026-02-24,MG92,78.89,69.06283102047445,53.523368599534045,84.35666970443727
2026-02-24,MG92,78.89,69.50133779370785,53.961875372767445,84.79517647767067
2026-02-25,MG95,81.46,73.19419122719765,56.876822170257576,87.89250570440292
2026-02-25,MG95,81.46,70.48980856728554,54.17243951034546,85.18812304449081
2026-02-25,MG95,81.46,71.70954807686806,55.39217901992799,86.40786255407333
2026-02-25,MG92,79.0,71.19881310975552,55.38014682805539,86.96280127501488
2026-02-25,MG92,79.0,68.57203903281689,52.75337275111676,84.33602719807625
2026-02-25,MG92,79.0,69.68458540952206,53.865919127821925,85.44857357478142
2026-02-26,MG95,81.74,73.30366226625442,57.17216590118408,87.81243062210083
2026-02-26,MG95,81.74,70.68196258926392,54.55046622419358,85.19073094511033
2026-02-26,MG95,81.74,71.18364663028717,55.05215026521683,85.69241498613358
2026-02-26,MG92,79.28,71.2503778617382,55.62466433095931,86.82770752596855
2026-02-26,MG92,79.28,68.8373211145401,53.211607583761214,84.41465077877045
2026-02-26,MG92,79.28,69.12655556821824,53.50084203743935,84.70388523244858
2026-02-27,MG95,82.09,73.61821197414399,57.28761194372178,88.29584447526932
2026-02-27,MG95,82.09,70.76360926437378,54.43300923395157,85.44124176549911
2026-02-27,MG95,82.09,71.51225997638703,55.18165994596482,86.18989247751236
2026-02-27,MG92,79.63,71.59692788398266,55.75403267121315,87.30167332983017
2026-02-27,MG92,79.63,68.91433049213886,53.071435279369354,84.61907593798637
2026-02-27,MG92,79.63,69.41280175888538,53.569906546115874,85.11754720473289
2026-03-02,MG95,92.78,73.19578462457656,57.007189153194425,87.75239277219772
2026-03-02,MG95,92.78,70.71339695644379,54.52480148506165,85.27000510406495
2026-03-02,MG95,92.78,71.5896244916916,55.40102902030946,86.14623263931276
2026-03-02,MG92,90.32,71.16242577826976,55.47438021218777,86.77409402108192
2026-03-02,MG92,90.32,68.8658894866705,53.1778439205885,84.47755772948265
2026-03-02,MG92,90.32,69.63422975599767,53.94618418991567,85.24589799880982
2026-03-03,MG95,98.65,73.33095546865462,56.94782918357848,88.10045210981367
2026-03-03,MG95,98.65,70.70635599136352,54.32322970628738,85.47585263252257
2026-03-03,MG95,98.65,72.05020292854309,55.66707664346694,86.81969956970214
2026-03-03,MG92,95.56,71.22503992176055,55.33924576556682,87.06420298194884
2026-03-03,MG92,95.56,68.87683913016319,52.99104497396946,84.71600219035147
2026-03-03,MG92,95.56,70.08825972390176,54.202465567708025,85.92742278409004
2026-03-04,MG95,104.35,73.47242226791381,57.32268656802177,87.9961873049736
2026-03-04,MG95,104.35,70.58928655290603,54.43955085301399,85.11305158996582
2026-03-04,MG95,104.35,71.70263287210464,55.5528971722126,86.22639790916443
2026-03-04,MG92,99.68,71.48991638636589,55.84421942150593,87.0775036892891
2026-03-04,MG92,99.68,68.714013433218,53.06831646835804,84.30160073614121
2026-03-04,MG92,99.68,69.63497803521156,53.9892810703516,85.22256533813477
2026-01-08,MG95,71.16,75.37562733721734,71.04989090871811,79.98800902676582
2026-01-08,MG95,71.16,74.80301029729843,70.4772738687992,79.41539198684691
2026-01-08,MG95,71.16,71.50598488903046,67.18024846053123,76.11836657857894
2026-01-08,MG92,69.91,74.02933777999877,69.55914641571044,78.10091488552094
2026-01-08,MG92,69.91,73.4428830461502,68.97269168186187,77.51446015167237
2026-01-08,MG92,69.91,70.49444449615478,66.02425313186646,74.56602160167695
2026-01-09,MG95,73.03,74.9557851448059,70.31145208144187,79.74416652822494
2026-01-09,MG95,73.03,74.99496283292771,70.35062976956368,79.78334421634675
2026-01-09,MG95,73.03,71.73532802200317,67.09099495863914,76.52370940542221
2026-01-09,MG92,71.94,73.53567083072662,68.66069995832443,77.70561828327179
2026-01-09,MG92,71.94,73.72267388939858,68.84770301699639,77.89262134194375
2026-01-09,MG92,71.94,70.7535441789627,65.87857330656051,74.92349163150787
2026-01-12,MG95,72.9,74.68889191031455,70.10751924991607,79.36757427811622
2026-01-12,MG95,72.9,74.84496001195907,70.26358735156059,79.52364237976074
2026-01-12,MG95,72.9,71.66357184123993,67.08219918084144,76.3422542090416
2026-01-12,MG92,71.81,73.3056165561676,68.54537239170074,77.35630561447144
2026-01-12,MG92,71.81,73.5566506137848,68.79640644931793,77.60733967208863
2026-01-12,MG92,71.81,70.61182719516754,65.85158303070067,74.66251625347137
2026-01-13,MG95,73.45,74.7967808060646,69.9316277806759,79.61867432165145
2026-01-13,MG95,73.45,74.90683282518387,70.04167979979516,79.72872634077072
2026-01-13,MG95,73.45,71.82741865444183,66.96226562905312,76.64931217002868
2026-01-13,MG92,72.36,73.43269133663179,68.30996616697313,77.57189961051942
2026-01-13,MG92,72.36,73.54783749294282,68.42511232328415,77.68704576683045
2026-01-13,MG92,72.36,70.86168107700348,65.73895590734482,75.00088935089111
2026-01-14,MG95,73.42,74.86451247739792,70.10131357240677,79.63460227775573
2026-01-14,MG95,73.42,74.87191453838349,70.10871563339234,79.6420043387413
2026-01-14,MG95,73.42,71.74021811771394,66.97701921272278,76.51030791807175
2026-01-14,MG92,71.84,73.46476434230804,68.4693492913246,77.56619336128234
2026-01-14,MG92,71.84,73.51966776657105,68.52425271558761,77.62109678554535
2026-01-14,MG92,71.84,70.72172038078308,65.72630532979964,74.82314939975738
2026-01-15,MG95,72.55,74.93509182286263,69.72736706328392,79.90328434777261
2026-01-15,MG95,72.55,75.14391935396193,69.93619459438322,80.11211187887191
2026-01-15,MG95,72.55,72.00707666492463,66.79935190534592,76.9752691898346
2026-01-15,MG92,71.4,73.602380610466,68.07847060060502,77.86940482711792
2026-01-15,MG92,71.4,73.94276243925094,68.41885242938996,78.20978665590286
2026-01-15,MG92,71.4,71.04378604125976,65.51987603139878,75.31081025791168
2026-01-16,MG95,71.76,74.858461561203,69.90720599889755,79.75383271932601
2026-01-16,MG95,71.76,75.15414184045792,70.20288627815248,80.04951299858094
2026-01-16,MG95,71.76,71.95528809452057,67.00403253221512,76.85065925264358
2026-01-16,MG92,70.44,73.5111919183731,68.27659670305252,77.73004675579071
2026-01-16,MG92,70.44,73.83754005956649,68.60294484424591,78.0563948969841
2026-01-16,MG92,70.44,70.95260834693909,65.7180131316185,75.1714631843567
2026-01-19,MG95,71.95,75.20366249656678,69.87810258483887,80.10501586055756
2026-01-19,MG95,71.95,75.1657955775261,69.84023566579819,80.06714894151688
2026-01-19,MG95,71.95,71.9064881029129,66.580928191185,76.80784146690368
2026-01-19,MG92,70.6,73.88396542453765,68.29719640636444,78.05829115772246
2026-01-19,MG92,70.6,73.89552057433127,68.30875155615806,78.06984630751609
2026-01-19,MG92,70.6,70.88794246864319,65.30117345046997,75.062268201828
2026-01-20,MG95,72.36,75.79702763485909,70.33956891822815,80.77957408833504
2026-01-20,MG95,72.36,75.24820997142793,69.79075125479699,80.23075642490387
2026-01-20,MG95,72.36,72.10633079957962,66.64887208294869,77.08887725305557
2026-01-20,MG92,70.99,74.60793333435058,68.8473225274086,78.88510720157623
2026-01-20,MG92,70.99,73.90884491825103,68.14823411130905,78.18601878547669
2026-01-20,MG92,70.99,71.13577305412292,65.37516224718094,75.41294692134858
2026-01-21,MG95,73.22,75.30999240088464,69.7457500474453,80.4537302749157
2026-01-21,MG95,73.22,75.452217564106,69.88797521066665,80.59595543813705
2026-01-21,MG95,73.22,72.26267251062394,66.6984301571846,77.406410384655
2026-01-21,MG92,71.85,74.06477262496949,68.14007165431977,78.55768461227417
2026-01-21,MG92,71.85,74.17234315681458,68.24764218616485,78.66525514411926
2026-01-21,MG92,71.85,71.32362948703766,65.39892851638794,75.81654147434234
2026-01-22,MG95,73.64,75.51324630975724,69.76515840172767,80.73268306732177
2026-01-22,MG95,73.64,75.4821577858925,69.73406987786294,80.70159454345703
2026-01-22,MG95,73.64,72.33176488494873,66.58367697691916,77.55120164251326
2026-01-22,MG92,72.27,74.19968055438997,68.07858301591874,78.81097196292879
2026-01-22,MG92,72.27,74.26467121696473,68.1435736784935,78.87596262550355
2026-01-22,MG92,72.27,71.33802640151978,65.21692886304855,75.9493178100586
2026-01-23,MG95,73.5,75.56406559610367,69.79583507084847,80.84766592884064
2026-01-23,MG95,73.5,75.33075120925903,69.56252068400383,80.614351541996
2026-01-23,MG95,73.5,72.36987263011933,66.60164210486413,77.6534729628563
2026-01-23,MG92,70.76,74.34725599193574,68.20322637939454,79.04635348701478
2026-01-23,MG92,70.76,74.07996206474306,67.93593245220185,78.7790595598221
2026-01-23,MG92,70.76,71.40159605121613,65.25756643867493,76.10069354629518
2026-01-26,MG95,73.88,75.47369267892837,69.86456695389748,80.51635567378999
2026-01-26,MG95,73.88,75.17576817941665,69.56664245438576,80.21843117427827
2026-01-26,MG95,73.88,72.18163928318023,66.57251355814934,77.22430227804185
2026-01-26,MG92,71.64,74.15813788032531,68.23432002878188,78.52800193881988
2026-01-26,MG92,71.64,73.84789219450951,67.92407434296608,78.21775625300408
2026-01-26,MG92,71.64,71.2109982175827,65.28718036603927,75.58086227607727
2026-01-27,MG95,72.35,75.18926636338233,69.2941726875305,80.45225290656089
2026-01-27,MG95,72.35,75.19829355859756,69.30319988274573,80.46128010177611
2026-01-27,MG95,72.35,72.38647304105758,66.49137936520576,77.64945958423614
2026-01-27,MG92,70.21,73.8038757390976,67.53555851411821,78.50269129943848
2026-01-27,MG92,70.21,73.91180873703958,67.64349151206018,78.61062429738045
2026-01-27,MG92,70.21,71.4390154247284,65.170698199749,76.13783098506927
2026-01-28,MG95,74.54,75.0164847342968,68.77263939428329,80.57668846774101
2026-01-28,MG95,74.54,75.46986169672013,69.22601635670662,81.03006543016434
2026-01-28,MG95,74.54,72.44156991434097,66.19772457432747,78.00177364778519
2026-01-28,MG92,72.46,73.62819182682038,66.9895077161789,78.78554106998445
2026-01-28,MG92,72.46,74.2509506084919,67.61226649785043,79.40829985165597
2026-01-28,MG92,72.46,71.44856472015381,64.80988060951233,76.60591396331787
2026-01-29,MG95,75.75,75.420686013937,69.37673553609848,80.84247446084022
2026-01-29,MG95,75.75,75.36188239955902,69.3179319217205,80.78367084646224
2026-01-29,MG95,75.75,72.41661629104615,66.37266581320763,77.83840473794938
2026-01-29,MG92,73.67,74.10418979644774,67.6704680943489,79.03357821941376
2026-01-29,MG92,73.67,74.08819780158996,67.65447609949112,79.01758622455597
2026-01-29,MG92,73.67,71.39464718914031,64.96092548704148,76.32403561210633
2026-01-30,MG95,75.44,75.848112272501,69.60931100058556,81.45032606768608
2026-01-30,MG95,75.44,75.48053638887406,69.24173511695862,81.08275018405914
2026-01-30,MG95,75.44,72.59504925346374,66.35624798154831,78.19726304864882
2026-01-30,MG92,73.43,74.62942928123474,67.9993939332962,79.83071888256073
2026-01-30,MG92,73.43,74.2758847489357,67.64584940099716,79.47717435026169
2026-01-30,MG92,73.43,71.56563231563568,64.93559696769715,76.76692191696168
2026-02-02,MG95,72.54,74.89781166100502,68.67766797208786,80.42477250361442
2026-02-02,MG95,72.54,75.3022738828659,69.08213019394874,80.8292347254753
2026-02-02,MG95,72.54,72.4186356010437,66.19849191212654,77.9455964436531
2026-02-02,MG92,70.93,73.49557063579559,66.88193725585937,78.60776885986328
2026-02-02,MG92,70.93,74.03991832780838,67.42628494787216,79.15211655187608
2026-02-02,MG92,70.93,71.41616876029968,64.80253538036347,76.52836698436738
2026-02-03,MG95,72.82,75.2251044523716,68.72893370747566,81.0096451127529
2026-02-03,MG95,72.82,75.40812940740585,68.91195866250992,81.19267006778716
2026-02-03,MG95,72.82,72.45930113887786,65.96313039398193,78.24384179925917
2026-02-03,MG92,71.15,73.8808085231781,66.98627278375626,79.38876019763947
2026-02-03,MG92,71.15,74.14826637482643,67.2537306354046,79.6562180492878
2026-02-03,MG92,71.15,71.42481420612336,64.53027846670152,76.93276588058472
2026-02-04,MG95,74.68,75.13569223880768,68.79218132972717,80.72454493284225
2026-02-04,MG95,74.68,75.40155992794037,69.05804901885986,80.99041262197494
2026-02-04,MG95,74.68,72.48961603021621,66.1461051211357,78.07846872425078
2026-02-04,MG92,72.95,73.79436678886414,67.06278103590012,79.03400780677795
2026-02-04,MG92,72.95,74.17663172411919,67.44504597115517,79.416272742033
2026-02-04,MG92,72.95,71.44971567726135,64.71812992429733,76.68935669517516
2026-02-05,MG95,75.06,75.40634197044372,68.9264519124031,81.18532952833175
2026-02-05,MG95,75.06,72.44780116844177,65.96791111040115,78.2267887263298
2026-02-05,MG95,75.06,73.96923824214936,67.48934818410874,79.74822580003739
2026-02-05,MG92,73.33,74.18960401177407,67.31160291552544,79.68242242455483
2026-02-05,MG92,73.33,71.41150356960297,64.53350247335435,76.90432198238373
2026-02-05,MG92,73.33,72.80864380693436,65.93064271068573,78.30146221971512
2026-02-06,MG95,75.24,75.23425886392593,68.70287640094756,81.08020337581634
2026-02-06,MG95,75.24,72.51282968139648,65.98144721841811,78.35877419328689
2026-02-06,MG95,75.24,74.13976021575928,67.60837775278091,79.98570472764969
2026-02-06,MG92,73.51,73.98866879105569,67.05990285754204,79.57267650723459
2026-02-06,MG92,73.51,71.47615783882142,64.54739190530778,77.06016555500032
2026-02-06,MG92,73.51,72.55495296978951,65.62618703627587,78.13896068596841
2026-02-09,MG95,76.56,75.21427090835572,68.74902926158904,80.96563598823548
2026-02-09,MG95,76.56,72.59729068756104,66.13204904079437,78.3486557674408
2026-02-09,MG95,76.56,74.20740215969086,67.74216051292419,79.95876723957062
2026-02-09,MG92,74.83,73.95415376067162,67.09095838427544,79.4133970630169
2026-02-09,MG92,74.83,71.56676834678649,64.70357297039031,77.02601164913177
2026-02-09,MG92,74.83,72.90099124765396,66.03779587125779,78.36023454999925
2026-02-10,MG95,78.41,75.24703581237793,68.60465019607544,81.14452321195603
2026-02-10,MG95,78.41,72.3828551106453,65.7404694943428,78.28034251022339
2026-02-10,MG95,78.41,73.88944938611985,67.24706376981736,79.78693678569795
2026-02-10,MG92,76.68,73.97284616565705,66.93781571245194,79.68446251964569
2026-02-10,MG92,76.68,71.30747628498077,64.27244583177566,77.01909263896941
2026-02-10,MG92,76.68,72.57630306959152,65.54127261638641,78.28791942358016
2026-02-11,MG95,77.63,75.05539827346801,68.24626813411713,81.16484591245651
2026-02-11,MG95,77.63,72.20193671417236,65.39280657482148,78.31138435316086
2026-02-11,MG95,77.63,73.31020476150513,66.50107462215425,79.41965240049363
2026-02-11,MG92,75.55,73.80252207779886,66.59770057463646,79.81558471226693
2026-02-11,MG92,75.55,71.10218633461,63.897364831447604,77.11524896907807
2026-02-11,MG92,75.55,72.04574171924591,64.84092021608352,78.05880435371398
2026-02-12,MG95,77.16,75.16886723136902,68.5024981019497,81.10075862503052
2026-02-12,MG95,77.16,72.43526293611527,65.76889380669594,78.36715432977677
2026-02-12,MG95,77.16,73.98820266962052,67.3218335402012,79.92009406328202
2026-02-12,MG92,74.83,73.95327457857132,66.8920780940056,79.70975172472001
2026-02-12,MG92,74.83,71.38965362739563,64.3284571428299,77.14613077354431
2026-02-12,MG92,74.83,72.49738245725632,65.4361859726906,78.253859603405
2026-02-13,MG95,73.85,74.66719821882248,67.73227348041533,80.95675989580154
2026-02-13,MG95,73.85,72.0887594370842,65.15383469867706,78.37832111406327
2026-02-13,MG95,73.85,73.1995354075432,66.26461066913605,79.48909708452226
2026-02-13,MG92,71.58,73.3891973452568,66.05548191356658,79.64684665727614
2026-02-13,MG92,71.58,70.9628342857361,63.62911885404587,77.22048359775543
2026-02-13,MG92,71.58,71.96599919295312,64.6322837612629,78.22364850497246
2026-02-16,MG95,73.8,75.21893155288696,68.57700028133392,81.19484390449524
2026-02-16,MG95,73.8,72.73138465070724,66.08945337915421,78.70729700231553
2026-02-16,MG95,73.8,74.0223096241951,67.38037835264207,79.99822197580339
2026-02-16,MG92,71.79,73.97961066055298,66.94147477912902,79.74642817783355
2026-02-16,MG92,71.79,71.68080431461334,64.64266843318939,77.44762183189391
2026-02-16,MG92,71.79,72.47661423873902,65.43847835731506,78.24343175601959
2026-02-17,MG95,73.8,75.09850325059891,68.12931755256653,81.46674229335785
2026-02-17,MG95,73.8,72.34447644138336,65.37529074335099,78.71271548414231
2026-02-17,MG95,73.8,73.56607947158814,66.59689377355576,79.93431851434708
2026-02-17,MG92,71.79,73.76559024167061,66.39055064034463,80.09337496590615
2026-02-17,MG92,71.79,71.28475566196443,63.909716060638445,77.61254038619997
2026-02-17,MG92,71.79,72.15194836616516,64.77690876483918,78.4797330904007
2026-02-18,MG95,73.8,75.16978145933152,68.28857036685945,81.4134459028244
2026-02-18,MG95,73.8,72.38552901363373,65.50431792116166,78.62919345712662
2026-02-18,MG95,73.8,73.44352144813537,66.5623103556633,79.68718589162826
2026-02-18,MG92,71.79,73.937115265131,66.65217039704322,80.09788682579995
2026-02-18,MG92,71.79,71.27939060974121,63.994445741653436,77.44016217041016
2026-02-18,MG92,71.79,72.05224428892136,64.76729942083358,78.2130158495903
2026-02-19,MG95,78.09,74.4990924320221,67.11926321840286,81.56049328660966
2026-02-19,MG95,78.09,71.77117582273483,64.3913466091156,78.8325766773224
2026-02-19,MG95,78.09,73.27794976854324,65.898120554924,80.3393506231308
2026-02-19,MG92,76.08,73.14888004469873,65.35232313323021,80.31644884753229
2026-02-19,MG92,76.08,70.60049176025392,62.8039348487854,77.76806056308747
2026-02-19,MG92,76.08,72.00056744718552,64.204010535717,79.16813625001907
2026-02-20,MG95,79.95,75.10720771503448,68.1179761583805,81.5198547501564
2026-02-20,MG95,79.95,72.27920224571227,65.2899706890583,78.69184928083419
2026-02-20,MG95,79.95,73.08433092403412,66.09509936738014,79.49697795915604
2026-02-20,MG92,77.63,73.74522535347938,66.35223728919028,80.11539979481697
2026-02-20,MG92,77.63,71.17597694778442,63.78298888349532,77.546151389122
2026-02-20,MG92,77.63,71.82779574179649,64.4348076775074,78.19797018313407
2026-02-23,MG95,79.75,74.99776583957672,67.96403373885154,81.47508969116211
2026-02-23,MG95,79.75,72.37013177490235,65.33639967417717,78.84745562648774
2026-02-23,MG95,79.75,73.48134417915345,66.44761207842828,79.95866803073885
2026-02-23,MG92,77.43,73.69704507923126,66.25785288667679,80.15270379161834
2026-02-23,MG92,77.43,71.27993789482117,63.8407457022667,77.73559660720825
2026-02-23,MG92,77.43,72.18372278404236,64.74453059148789,78.63938149642944
2026-02-24,MG95,81.35,74.9197495994568,67.74119931674005,81.6179270682335
2026-02-24,MG95,81.35,72.0411407418251,64.86259045910836,78.73931821060181
2026-02-24,MG95,81.35,72.67120099020005,65.4926507074833,79.36937845897675
2026-02-24,MG92,78.89,73.56347046637535,65.97183450245859,80.31897506499291
2026-02-24,MG92,78.89,70.94106726551055,63.34943130159379,77.69657186412812
2026-02-24,MG92,78.89,71.37957403874397,63.7879380748272,78.13507863736153
2026-02-25,MG95,81.46,74.76046966123582,67.54049407529831,81.54051332283021
2026-02-25,MG95,81.46,72.0560870013237,64.8361114153862,78.8361306629181
2026-02-25,MG95,81.46,73.27582651090623,66.05585092496872,80.05587017250062
2026-02-25,MG92,79.0,73.50197475385666,65.87321461868287,80.3306082482338
2026-02-25,MG92,79.0,70.87520067691803,63.246440541744235,77.70383417129517
2026-02-25,MG92,79.0,71.9877470536232,64.3589869184494,78.81638054800034
2026-02-26,MG95,81.74,74.88213916730881,67.87699292373657,81.29110096168517
2026-02-26,MG95,81.74,72.2604394903183,65.25529324674606,78.66940128469467
2026-02-26,MG95,81.74,72.76212353134156,65.75697728776932,79.17108532571793
2026-02-26,MG92,79.28,73.58496720099448,66.1744245531559,79.98332682394981
2026-02-26,MG92,79.28,71.17191045379639,63.7613678059578,77.57027007675171
2026-02-26,MG92,79.28,71.46114490747452,64.05060225963594,77.85950453042985
2026-02-27,MG95,82.09,74.89371909332276,67.65555709671975,81.69694275093079
2026-02-27,MG95,82.09,72.03911638355255,64.80095438694954,78.84234004116058
2026-02-27,MG95,82.09,72.7877670955658,65.54960509896279,79.59099075317383
2026-02-27,MG92,79.63,73.58784070277214,65.93380180144311,80.46943646693231
2026-02-27,MG92,79.63,70.90524331092834,63.2512044095993,77.78683907508851
2026-02-27,MG92,79.63,71.40371457767486,63.749675676345824,78.28531034183503
2026-03-02,MG95,92.78,74.4756690802574,67.1758045425415,81.39065313243866
2026-03-02,MG95,92.78,71.99328141212463,64.69341687440873,78.90826546430588
2026-03-02,MG95,92.78,72.86950894737244,65.56964440965653,79.78449299955369
2026-03-02,MG92,90.32,73.16397878789903,65.44544316911697,80.17584498548509
2026-03-02,MG92,90.32,70.86744249629974,63.148906877517696,77.8793086938858
2026-03-02,MG92,90.32,71.63578276562691,63.917247146844865,78.64764896321297
2026-03-03,MG95,98.65,74.9957072520256,67.85406406641006,81.64624583244323
2026-03-03,MG95,98.65,72.3711077747345,65.22946458911896,79.02164635515213
2026-03-03,MG95,98.65,73.71495471191406,66.57331152629853,80.36549329233169
2026-03-03,MG92,95.56,73.63483546566964,66.08667964291573,80.30434167695046
2026-03-03,MG92,95.56,71.28663467407227,63.73847885131836,77.9561408853531
2026-03-03,MG92,95.56,72.49805526781083,64.94989944505691,79.16756147909165
2026-03-04,MG95,104.35,74.43180881738662,67.01484954118729,81.57306496858597
2026-03-04,MG95,104.35,71.54867310237884,64.1317138261795,78.68992925357819
2026-03-04,MG95,104.35,72.66201942157745,65.24506014537812,79.8032755727768
2026-03-04,MG92,99.68,73.15107412910461,65.31000469779968,80.45536469554901
2026-03-04,MG92,99.68,70.37517117595672,62.534101744651785,77.67946174240112
2026-03-04,MG92,99.68,71.2961357779503,63.45506634664536,78.60042634439469
2026-03-05,MG95,110.97,72.23634743928909,65.12053880095482,78.84310906171798
2026-03-05,MG95,110.97,73.4577617096901,66.34195307135583,80.064523332119
2026-03-05,MG92,106.3,71.15415685749055,63.631209317207336,77.77220168685913
2026-03-05,MG92,106.3,72.23822920084001,64.7152816605568,78.8562740302086
2026-03-06,MG95,121.36,71.82905429553986,64.32698110294342,79.12320586872102
2026-03-06,MG95,121.36,72.56575995159149,65.06368675899505,79.85991152477264
2026-03-06,MG92,113.16,70.69960177135468,62.77239713144302,78.14000047874451
2026-03-06,MG92,113.16,71.25082134366036,63.323616703748705,78.6912200510502
2026-03-09,MG95,147.5,72.01039001607894,64.98017488026619,78.45256945991515
2026-03-09,MG95,147.5,73.07580846357345,66.0455933277607,79.51798790740966
2026-03-09,MG92,139.3,70.86092814540862,63.42671541786193,77.31181055164336
2026-03-09,MG92,139.3,71.87356142687797,64.43934869933128,78.32444383311271
2026-03-10,MG95,127.42,72.24012186622619,65.04594717240333,78.9688750538826
2026-03-10,MG95,127.42,73.14296907329559,65.94879437947273,79.871722260952
2026-03-10,MG92,119.22,71.12786063861847,63.52026219320298,77.9113596982956
2026-03-10,MG92,119.22,71.74533252882958,64.13773408341409,78.5288315885067
2026-03-11,MG95,129.17,72.12096911430359,64.69455273628235,79.26426981687545
2026-03-11,MG95,129.17,73.54612425518036,66.11970787715912,80.68942495775222
2026-03-11,MG92,116.76,70.96496869754792,63.14232867670059,78.20880913925171
2026-03-11,MG92,116.76,72.23407194519044,64.4114319243431,79.47791238689423
2026-03-12,MG95,143.44,71.9927849984169,64.6976742529869,78.89806794881821
2026-03-12,MG95,143.44,72.60763895082474,65.31252820539474,79.51292190122605
2026-03-12,MG92,130.12,70.83835014820099,63.1246322965622,77.85002562522888
2026-03-12,MG92,130.12,71.33700512266158,63.62328727102279,78.34868059968947
2026-03-13,MG95,149.76,71.72850948524474,64.44370984148979,78.61444912862777
2026-03-13,MG95,149.76,72.71305535507202,65.42825571131706,79.59899499845504
2026-03-13,MG92,136.44,70.5711406955719,62.8686421880722,77.56324658489227
2026-03-13,MG92,136.44,71.50526568841934,63.802767180919645,78.49737157773971
2026-03-16,MG95,153.48,72.11067063331603,64.95943993210791,78.76237873077392
2026-03-16,MG95,153.48,72.74875260639192,65.5975219051838,79.4004607038498
2026-03-16,MG92,140.16,70.96975329589844,63.406588594436656,77.66732030582429
2026-03-16,MG92,140.16,71.35909236383438,63.79592766237259,78.05665937376023
2026-03-17,MG95,152.16,71.9035314965248,64.62819736838341,78.7731736254692
2026-03-17,MG95,152.16,72.88235157251358,65.60701744437219,79.75199370145798
2026-03-17,MG92,138.84,70.75298694324493,63.05991251897812,77.71645987224579
2026-03-17,MG92,138.84,71.63603355574608,63.94295913147927,78.59950648474694
2026-03-18,MG95,153.12,71.83271092939376,64.60406913805006,78.6099780397415
2026-03-18,MG95,153.12,72.57619288396835,65.34755109262466,79.3534599943161
2026-03-18,MG92,139.8,70.71199031543732,63.07752514791489,77.60313869190217
2026-03-18,MG92,139.8,71.17118544483185,63.53672027730942,78.0623338212967
2026-03-19,MG95,165.25,72.23323601913452,65.14322827291488,78.77992316913604
2026-03-19,MG95,165.25,73.06676077938081,65.97675303316117,79.61344792938233
2026-03-19,MG92,151.93,71.12787556457519,63.62892979192733,77.69953383731841
2026-03-19,MG92,151.93,71.83556721210479,64.33662143945693,78.40722548484801
2026-03-20,MG95,163.93,71.8700732126236,64.71060540938377,78.52270682716369
2026-03-20,MG95,163.93,72.92077382659912,65.7613060233593,79.57340744113921
2026-03-20,MG92,150.61,70.71521763896942,63.15186221694945,77.44875620460509
2026-03-20,MG92,150.61,71.66032082509994,64.09696540307998,78.39385939073561
2026-03-23,MG95,170.52,71.88409563779831,64.58252310037612,78.80385030984878
2026-03-23,MG95,170.52,73.06335225629806,65.76177971887587,79.98310692834853
2026-03-23,MG92,157.2,70.71031529140473,62.9938361377716,77.71338346672057
2026-03-23,MG92,157.2,71.70593319559097,63.98945404195785,78.70900137090682
2026-03-24,MG95,146.36,71.76661891317367,64.35881804919242,78.88903658485413
2026-03-24,MG95,146.36,72.6890034184456,65.28120255446434,79.81142109012605
2026-03-24,MG92,141.81,70.63681656360626,62.80503024816513,77.91666172981262
2026-03-24,MG92,141.81,71.39682302212715,63.56503670668602,78.67666818833351
2026-03-25,MG95,135.6,71.73502344274522,64.21225652956963,79.07004921579362
2026-03-25,MG95,135.6,72.49233612203598,64.96956920886039,79.82736189508438
2026-03-25,MG92,131.05,70.55729935836793,62.60790065002442,78.04478116703034
2026-03-25,MG92,131.05,71.201138017416,63.25173930907249,78.68861982607841
2026-03-26,MG95,132.03,71.70644010972977,64.13740575623513,79.13792159032822
2026-03-26,MG95,132.03,72.72355652284622,65.15452216935158,80.15503800344467
2026-03-26,MG92,127.48,70.5536823015213,62.55226248788834,78.15589496421815
2026-03-26,MG92,127.48,71.38090061497688,63.37948080134392,78.98311327767372
2026-03-27,MG95,135.07,72.1102331161499,64.93498945355415,78.79344244956971
2026-03-27,MG95,135.07,72.77166459465028,65.59642093205453,79.45487392807009
2026-03-27,MG92,130.52,70.96031843280792,63.377505367755894,77.72391621685028
2026-03-27,MG92,130.52,71.4653739080429,63.88256084299088,78.22897169208527
2026-03-30,MG95,147.0,71.63975239706039,64.24373084139825,78.74038676214218
2026-03-30,MG95,147.0,72.14147307538985,64.74545151972771,79.24210744047164
2026-03-30,MG92,139.66,70.50508670330048,62.68779515028,77.76781677246095
2026-03-30,MG92,139.66,70.89032714009285,63.073035587072376,78.15305720925332
2026-03-31,MG95,145.8,71.98800428199768,64.86675192046165,78.56965073633194
2026-03-31,MG95,145.8,72.65432140731812,65.5330690457821,79.23596786165238
2026-03-31,MG92,138.46,70.83648606204986,63.31746487760544,77.49104973220825
2026-03-31,MG92,138.46,71.51476632046699,63.99574513602257,78.16932999062539
2026-04-01,MG95,143.29,71.77631160116195,64.34239853477477,78.9479499540329
2026-04-01,MG95,143.29,72.35508924436569,64.92117617797851,79.52672759723663
2026-04-01,MG92,136.05,70.62727058506012,62.76640767669677,77.9542237291336
2026-04-01,MG92,136.05,71.17255396270752,63.31169105434418,78.49950710678101
2026-02-05,MG95,75.06,76.26832332849503,72.02733558416368,80.71877471446992
2026-02-05,MG95,75.06,73.30978252649308,69.06879478216173,77.76023391246797
2026-02-05,MG95,75.06,74.83121960020065,70.5902318558693,79.28167098617554
2026-02-05,MG92,73.33,74.93490381383896,70.54903774404525,78.4935848429203
2026-02-05,MG92,73.33,72.15680337166786,67.77093730187416,75.7154844007492
2026-02-05,MG92,73.33,73.55394360899926,69.16807753920556,77.1126246380806
2026-02-06,MG95,75.24,76.23420317029954,70.97221760606766,80.60726914262773
2026-02-06,MG95,75.24,73.51277398777009,68.25078842353821,77.88583996009828
2026-02-06,MG95,75.24,75.13970452213289,69.87771895790101,79.51277049446108
2026-02-06,MG92,73.51,74.96065562462806,69.71918494796752,78.11825378632545
2026-02-06,MG92,73.51,72.4481446723938,67.20667399573325,75.60574283409119
2026-02-06,MG92,73.51,73.5269398033619,68.28546912670136,76.68453796505929
2026-02-09,MG95,76.56,76.43835968017578,70.83377284288406,80.89377423763275
2026-02-09,MG95,76.56,73.8213794593811,68.21679262208939,78.27679401683808
2026-02-09,MG95,76.56,75.43149093151094,69.82690409421922,79.88690548896791
2026-02-09,MG92,74.83,75.16239383363725,69.57127900862695,78.3983545138836
2026-02-09,MG92,74.83,72.77500841975213,67.18389359474182,76.01096909999848
2026-02-09,MG92,74.83,74.10923132061959,68.51811649560928,77.34519200086594
2026-02-10,MG95,78.41,76.48697289323808,71.29745853519441,80.90475637292863
2026-02-10,MG95,78.41,73.62279219150544,68.43327783346177,78.040575671196
2026-02-10,MG95,78.41,75.12938646697998,69.93987210893631,79.54716994667054
2026-02-10,MG92,76.68,75.19288786387443,69.98286742007733,78.4549288008213
2026-02-10,MG92,76.68,72.52751798319817,67.31749753940106,75.78955892014504
2026-02-10,MG92,76.68,73.79634476780892,68.58632432401181,77.05838570475579
2026-02-11,MG95,77.63,77.25945322895049,70.96232814455031,82.24058115386963
2026-02-11,MG95,77.63,74.40599166965484,68.10886658525466,79.38711959457397
2026-02-11,MG95,77.63,75.51425971698761,69.21713463258743,80.49538764190675
2026-02-11,MG92,75.55,75.9957937848568,69.51752846062185,80.03916407942774
2026-02-11,MG92,75.55,73.29545804166794,66.81719271743299,77.33882833623888
2026-02-11,MG92,75.55,74.23901342630387,67.76074810206892,78.2823837208748
2026-02-12,MG95,77.16,77.0738328204155,71.05511272287369,81.9167219529152
2026-02-12,MG95,77.16,74.34022852516175,68.32150842761993,79.18311765766144
2026-02-12,MG95,77.16,75.893168258667,69.87444816112519,80.7360573911667
2026-02-12,MG92,74.83,75.83038548064232,69.65376497936248,79.69510732126236
2026-02-12,MG92,74.83,73.26676452946664,67.0901440281868,77.13148637008668
2026-02-12,MG92,74.83,74.37449335932732,68.19787285804748,78.23921519994735
2026-02-13,MG95,73.85,76.92861227989196,70.96631654262542,81.89922629356384
2026-02-13,MG95,73.85,74.35017349815368,68.38787776088714,79.32078751182556
2026-02-13,MG95,73.85,75.46094946861268,69.49865373134614,80.43156348228456
2026-02-13,MG92,71.58,75.62218764615059,69.42326109004021,79.74405090403557
2026-02-13,MG92,71.58,73.19582458662987,66.99689803051949,77.31768784451485
2026-02-13,MG92,71.58,74.1989894938469,68.00006293773652,78.32085275173188
2026-02-16,MG95,73.8,76.73206615304947,70.99264574861527,81.44460415220261
2026-02-16,MG95,73.8,74.24451925086976,68.50509884643556,78.9570572500229
2026-02-16,MG95,73.8,75.5354442243576,69.7960238199234,80.24798222351075
2026-02-16,MG92,71.79,75.45047623372078,69.58142709589005,79.14438500261308
2026-02-16,MG92,71.79,73.15166988778114,67.28262074995041,76.84557865667344
2026-02-16,MG92,71.79,73.94747981190682,68.07843067407609,77.64138858079912
2026-02-17,MG95,73.8,77.4386627612114,71.4039848432541,82.56490224695207
2026-02-17,MG95,73.8,74.68463595199586,68.64995803403855,79.81087543773653
2026-02-17,MG95,73.8,75.90623898220063,69.87156106424332,81.0324784679413
2026-02-17,MG92,71.79,76.04540744376183,69.70975303304196,80.43884800624848
2026-02-17,MG92,71.79,73.56457286405563,67.22891845333577,77.95801342654228
2026-02-17,MG92,71.79,74.43176556825638,68.09611115753651,78.82520613074303
2026-02-18,MG95,73.8,77.06981689786912,71.15900460577012,81.89180284357072
2026-02-18,MG95,73.8,74.28556445217134,68.37475216007235,79.10755039787294
2026-02-18,MG95,73.8,75.34355688667299,69.43274459457399,80.16554283237458
2026-02-18,MG92,71.79,75.81831840991974,69.74258823812008,79.67366562008857
2026-02-18,MG92,71.79,73.16059375452996,67.08486358273029,77.01594096469879
2026-02-18,MG92,71.79,73.9334474337101,67.85771726191044,77.78879464387893
2026-02-19,MG95,78.09,77.44517596387864,70.7424596157074,82.75957974100113
2026-02-19,MG95,78.09,74.71725935459138,68.01454300642014,80.03166313171387
2026-02-19,MG95,78.09,76.22403330039978,69.52131695222855,81.53843707752227
2026-02-19,MG92,76.08,76.1072663357258,69.14586838686468,80.63433451557161
2026-02-19,MG92,76.08,73.55887805128098,66.59748010241987,78.0859462311268
2026-02-19,MG92,76.08,74.95895373821259,67.99755578935147,79.4860219180584
2026-02-20,MG95,79.95,77.3957978477478,71.35472344779969,82.53183904075622
2026-02-20,MG95,79.95,74.5677923784256,68.52671797847748,79.70383357143402
2026-02-20,MG95,79.95,75.37292105674744,69.33184665679933,80.50896224975587
2026-02-20,MG92,77.63,75.97040619254113,69.62486406862736,80.38029149174692
2026-02-20,MG92,77.63,73.40115778684617,67.0556156629324,77.81104308605195
2026-02-20,MG92,77.63,74.05297658085824,67.70743445694447,78.46286188006403
2026-02-23,MG95,79.75,77.39912408161163,71.08678453969955,82.56942228603363
2026-02-23,MG95,79.75,74.77149001693726,68.45915047502518,79.94178822135926
2026-02-23,MG95,79.75,75.88270242118837,69.57036287927629,81.05300062561037
2026-02-23,MG92,77.43,76.0606984498501,69.47589453780652,80.44867772483826
2026-02-23,MG92,77.43,73.64359126544,67.05878735339643,78.03157054042816
2026-02-23,MG92,77.43,74.54737615466118,67.96257224261761,78.93535542964935
2026-02-24,MG95,81.35,77.79395656728745,71.07465922021866,83.12641471529008
2026-02-24,MG95,81.35,74.91534770965576,68.19605036258697,80.24780585765839
2026-02-24,MG95,81.35,75.54540795803071,68.82611061096192,80.87786610603334
2026-02-24,MG92,78.89,76.43327412533759,69.45092239904403,80.98741394209861
2026-02-24,MG92,78.89,73.81087092447281,66.82851919817925,78.36501074123383
2026-02-24,MG92,78.89,74.24937769770622,67.26702597141266,78.80351751446725
2026-02-25,MG95,81.46,77.38702376747132,70.9874481406212,82.61838456058504
2026-02-25,MG95,81.46,74.6826411075592,68.28306548070908,79.91400190067293
2026-02-25,MG95,81.46,75.90238061714173,69.50280499029161,81.13374141025545
2026-02-25,MG92,79.0,76.10650294303895,69.42297843277456,80.57927131533624
2026-02-25,MG92,79.0,73.47972886610032,66.79620435583593,77.95249723839761
2026-02-25,MG92,79.0,74.59227524280548,67.9087507325411,79.06504361510278
2026-02-26,MG95,81.74,77.88408445978165,70.79250473880768,83.51135944509507
2026-02-26,MG95,81.74,75.26238478279114,68.17080506181718,80.88965976810456
2026-02-26,MG95,81.74,75.7640688238144,68.67248910284043,81.39134380912782
2026-02-26,MG92,79.28,76.5448166027069,69.15528589034079,81.49689121985435
2026-02-26,MG92,79.28,74.13175985550882,66.74222914314271,79.08383447265626
2026-02-26,MG92,79.28,74.42099430918694,67.03146359682083,79.37306892633438
2026-02-27,MG95,82.09,77.9359958372116,71.5713182053566,83.38168551540375
2026-02-27,MG95,82.09,75.0813931274414,68.7167154955864,80.52708280563354
2026-02-27,MG95,82.09,75.83004383945466,69.46536620759966,81.2757335176468
2026-02-27,MG92,79.63,76.56881330800056,69.82445370745658,81.44734316658973
2026-02-27,MG92,79.63,73.88621591615677,67.1418563156128,78.76474577474595
2026-02-27,MG92,79.63,74.38468718290329,67.64032758235932,79.26321704149247
2026-03-02,MG95,92.78,77.71795898866654,71.18391034793855,83.29856680822374
2026-03-02,MG95,92.78,75.23557132053375,68.70152267980576,80.81617914009095
2026-03-02,MG95,92.78,76.11179885578156,69.57775021505357,81.69240667533876
2026-03-02,MG92,90.32,76.33992284154891,69.40684445118903,81.40504089212416
2026-03-02,MG92,90.32,74.04338654994964,67.11030815958976,79.1085046005249
2026-03-02,MG92,90.32,74.81172681927681,67.87864842891693,79.87684486985206
2026-03-03,MG95,98.65,78.0936627984047,70.93012821912765,83.8867210650444
2026-03-03,MG95,98.65,75.4690633211136,68.30552874183655,81.2621215877533
2026-03-03,MG95,98.65,76.81291025829316,69.64937567901612,82.60596852493286
2026-03-03,MG92,95.56,76.66852559590339,69.16380780780315,81.88294202828406
2026-03-03,MG92,95.56,74.32032480430603,66.81560701620579,79.5347412366867
2026-03-03,MG92,95.56,75.53174539804459,68.02702760994435,80.74616183042527
2026-03-04,MG95,104.35,78.13478388834,71.35145940351487,83.84227974939347
2026-03-04,MG95,104.35,75.25164817333221,68.46832368850708,80.95914403438569
2026-03-04,MG95,104.35,76.36499449253083,69.5816700077057,82.0724903535843
2026-03-04,MG92,99.68,76.81111622476578,69.63223641538622,82.01356652402879
2026-03-04,MG92,99.68,74.03521327161789,66.85633346223833,79.2376635708809
2026-03-04,MG92,99.68,74.95617787361145,67.77729806423189,80.15862817287446
2026-03-05,MG95,110.97,75.53677023410798,68.3103925561905,81.55914927959442
2026-03-05,MG95,110.97,76.75818450450899,69.5318068265915,82.78056354999543
2026-03-05,MG92,106.3,74.34720797514916,66.72066782093049,79.93455729460716
2026-03-05,MG92,106.3,75.43128031849861,67.80474016427993,81.01862963795661
2026-03-06,MG95,121.36,75.61519496631624,68.5151889820099,81.59563409996034
2026-03-06,MG95,121.36,76.35190062236786,69.25189463806153,82.33233975601196
2026-03-06,MG92,113.16,74.41563911867142,66.89987265896798,79.97957795095444
2026-03-06,MG92,113.16,74.9668586909771,67.45109223127366,80.53079752326012
2026-03-09,MG95,147.5,75.28307783985139,68.15574102783204,81.13256046676636
2026-03-09,MG95,147.5,76.34849628734591,69.22115947532656,82.19797891426089
2026-03-09,MG92,139.3,74.05359475302697,66.55731239306927,79.37895010995865
2026-03-09,MG92,139.3,75.06622803449632,67.56994567453862,80.391583391428
2026-03-10,MG95,127.42,75.60736389636993,68.65000791788101,81.48277074813844
2026-03-10,MG95,127.42,76.51021110343933,69.55285512495041,82.38561795520783
2026-03-10,MG92,119.22,74.40038896465302,67.02878571116925,79.83531792426109
2026-03-10,MG92,119.22,75.01786085486413,67.64625760138036,80.4527898144722
2026-03-11,MG95,129.17,75.79562543392181,68.5830289030075,82.04610560894012
2026-03-11,MG95,129.17,77.2207805747986,70.00818404388428,83.4712607498169
2026-03-11,MG92,116.76,74.51589457440377,66.84061590778829,80.50543988990785
2026-03-11,MG92,116.76,75.78499782204628,68.1097191554308,81.77454313755035
2026-03-12,MG95,143.44,75.76865606307983,68.48242209196091,81.8879304599762
2026-03-12,MG95,143.44,76.38351001548767,69.09727604436875,82.50278441238405
2026-03-12,MG92,130.12,74.52358882451058,66.82313431823255,80.25460131192209
2026-03-12,MG92,130.12,75.02224379897118,67.32178929269314,80.75325628638268
2026-03-13,MG95,149.76,75.30767918109895,68.61589961528779,81.14623837947846
2026-03-13,MG95,149.76,76.29222505092622,69.60044548511506,82.13078424930573
2026-03-13,MG92,136.44,74.05259434843063,66.90809108281135,79.52553491258621
2026-03-13,MG92,136.44,74.98671934127808,67.8422160756588,80.45965990543365
2026-03-16,MG95,153.48,75.73891137599945,68.46428187847137,81.92651284217834
2026-03-16,MG95,153.48,76.37699334907532,69.10236385154724,82.56459481525421
2026-03-16,MG92,140.16,74.47417258381844,66.76459129214287,80.32803795099258
2026-03-16,MG92,140.16,74.8635116517544,67.15393036007882,80.71737701892853
2026-03-17,MG95,152.16,75.58047790622712,68.51864160394669,81.62115169143678
2026-03-17,MG95,152.16,76.5592979822159,69.49746167993547,82.59997176742556
2026-03-17,MG92,138.84,74.3260253968239,66.82374692583085,80.01078217053414
2026-03-17,MG92,138.84,75.20907200932503,67.70679353833198,80.89382878303527
2026-03-18,MG95,153.12,75.6311130475998,68.74366434097291,81.63339903831483
2026-03-18,MG95,153.12,76.37459500217437,69.48714629554749,82.37688099288941
2026-03-18,MG92,139.8,74.4060905711651,67.05581068861486,80.0941171603203
2026-03-18,MG92,139.8,74.86528570055962,67.51500581800939,80.55331228971482
2026-03-19,MG95,165.25,75.78704591083527,68.6679127984047,81.9116351299286
2026-03-19,MG95,165.25,76.62057067108155,69.50143755865098,82.74515989017488
2026-03-19,MG92,151.93,74.54825699257852,66.97826464402677,80.35685802626611
2026-03-19,MG92,151.93,75.25594864010812,67.68595629155637,81.06454967379571
2026-03-20,MG95,163.93,75.63960729026795,68.27683364772797,81.81263528251648
2026-03-20,MG95,163.93,76.69030790424347,69.32753426170349,82.863335896492
2026-03-20,MG92,150.61,74.38732435011865,66.61316855156423,80.17993285560608
2026-03-20,MG92,150.61,75.33242753624917,67.55827173769475,81.1250360417366
2026-03-23,MG95,170.52,75.63600391292573,68.47664462947847,81.87052181625369
2026-03-23,MG95,170.52,76.81526053142548,69.65590124797822,83.04977843475343
2026-03-23,MG92,157.2,74.32848203825951,66.70003304231167,80.31300088214874
2026-03-23,MG92,157.2,75.32409994244576,67.69565094649792,81.30861878633499
2026-03-24,MG95,146.36,76.00718298435211,68.59312175273895,82.38276178836823
2026-03-24,MG95,146.36,76.92956748962403,69.51550625801087,83.30514629364015
2026-03-24,MG92,141.81,74.76939093375206,66.90509345436097,80.88878966474533
2026-03-24,MG92,141.81,75.52939739227295,67.66509991288186,81.64879612326622
2026-03-25,MG95,135.6,75.7740152721405,68.47362624692916,82.01156894493103
2026-03-25,MG95,135.6,76.53132795143128,69.23093892621993,82.7688816242218
2026-03-25,MG92,131.05,74.50014141249657,66.75779239583015,80.42976909923554
2026-03-25,MG92,131.05,75.14398007154466,67.40163105487824,81.07360775828363
2026-03-26,MG95,132.03,75.96807954883576,68.43167502737046,82.36656461334229
2026-03-26,MG95,132.03,76.98519596195221,69.44879144048691,83.38368102645875
2026-03-26,MG92,127.48,74.72115966176987,66.75643275773527,80.82683560347559
2026-03-26,MG92,127.48,75.54837797522545,67.58365107119084,81.65405391693116
2026-03-27,MG95,135.07,76.04705899333955,68.8454482088089,82.36174435710907
2026-03-27,MG95,135.07,76.70849047183992,69.50687968730928,83.02317583560945
2026-03-27,MG92,130.52,74.7557457101345,67.07572755038738,80.86261304736138
2026-03-27,MG92,130.52,75.26080118536949,67.58078302562237,81.36766852259636
2026-03-30,MG95,147.0,75.72447594165803,68.49868138074875,81.87038676738739
2026-03-30,MG95,147.0,76.2261966199875,69.00040205907823,82.37210744571686
2026-03-30,MG92,139.66,74.507043851614,66.84664023637772,80.30874870538712
2026-03-30,MG92,139.66,74.89228428840637,67.2318806731701,80.69398914217949
2026-03-31,MG95,145.8,76.14669284152986,68.32237986135483,82.88500603485107
2026-03-31,MG95,145.8,76.81300996685029,68.98869698667527,83.5513231601715
2026-03-31,MG92,138.46,74.84204513525964,66.58321311569215,81.39540751075745
2026-03-31,MG92,138.46,75.52032539367676,67.26149337410926,82.07368776917457
2026-04-01,MG95,143.29,75.73128455638886,68.7126478767395,81.75990428924561
2026-04-01,MG95,143.29,76.3100621995926,69.29142551994323,82.33868193244935
2026-04-01,MG92,136.05,74.49700195503236,67.0326959551573,80.17809757900238
2026-04-01,MG92,136.05,75.04228533267975,67.57797933280469,80.72338095664978
2026-04-02,MG95,151.74,76.69820624637606,69.26390061664583,83.0112624435425
2026-04-02,MG92,144.5,75.35234906077386,67.48687757849694,81.35551280975342
2026-04-06,MG95,150.88,76.92941436576845,69.0994037537575,83.60460848140718
2026-04-06,MG92,141.87,75.3794780933857,67.12954240679741,81.82383212685586
2026-04-07,MG95,147.22,76.95354561710359,69.21251598978043,83.6003673067093
2026-04-07,MG92,138.21,75.50846013784408,67.33180832028388,81.94538751602173
2026-04-08,MG95,125.82,76.82079257583618,69.7103839621544,82.95624290561676
2026-04-08,MG92,119.46,75.33370589494704,67.76805735707283,81.16501301407814
2026-04-09,MG95,135.04,76.41068593883514,69.2950248208046,82.586794213295
2026-04-09,MG92,130.98,75.08452856540681,67.50492243766786,80.98511924743653
2026-04-10,MG95,133.88,76.70552414226533,69.29889653968812,83.0690399913788
2026-04-10,MG92,128.17,75.38576553106309,67.53004696905613,81.48764987826348
2026-04-13,MG95,135.93,76.8172636051178,68.91482184839249,83.57349763107301
2026-04-13,MG92,128.49,75.51262915253639,67.1913097423315,82.05993889093398
2026-04-14,MG95,128.99,76.50209375858307,68.96328554868698,82.8390087890625
2026-04-14,MG92,123.87,75.04788402199745,67.0964972692728,81.04783882975579
2026-04-15,MG95,125.23,76.65096931743622,68.63919979858399,83.38689662742615
2026-04-15,MG92,119.01,75.2831611573696,66.88679687380791,81.74747323989868
2026-04-16,MG95,122.29,76.51341246032716,68.95278410100937,82.98107033634187
2026-04-16,MG92,120.88,75.19425696253776,67.19490566968918,81.40739330172538
2026-04-17,MG95,128.19,77.01687123394012,69.32469434833526,83.53556742763519
2026-04-17,MG92,122.19,75.75103522300721,67.63968405485154,81.99313899636269
2026-04-20,MG95,124.43,76.76266248703004,68.42457000732423,83.72034340858461
2026-04-20,MG92,118.67,75.47203822016716,66.79774397194386,82.15414957880974
2026-04-21,MG95,123.98,77.0986821050644,69.11858785820007,83.8485330028534
2026-04-21,MG92,118.22,75.84594335556031,67.46908926069737,82.34731044769288
2026-04-22,MG95,128.89,76.78962474918366,68.98228448009492,83.2474186000824
2026-04-22,MG92,124.24,75.48482876420022,67.30400271415711,81.57652102708816
2026-04-23,MG95,130.57,76.8790490808487,68.26755039596559,84.1707536687851
2026-04-23,MG92,125.92,75.52220727682115,66.58980632007123,82.61514137864114
2026-04-24,MG95,131.72,76.98963299274445,68.83425644397735,83.85373921394348
2026-04-24,MG92,124.69,75.72024677991868,67.19268984794618,82.33130922317507
2026-04-27,MG95,133.04,77.09954921340943,69.03796992874146,83.9156973991394
2026-04-27,MG92,128.03,75.71254706025124,67.2621438586712,82.28693713188171
2026-04-28,MG95,131.54,76.89190792369844,68.87669756937028,83.59445067214968
2026-04-28,MG92,126.52,75.72301046967506,67.33220313310623,82.13094432473183
2026-04-29,MG95,134.06,76.5996105079651,68.80789866495134,83.0778090028763
2026-04-29,MG92,129.82,75.38006596446037,67.2052099364996,81.51203087449075
2026-04-30,MG95,137.61,77.1080101966858,68.41950445652007,84.41489363193512
2026-04-30,MG92,134.27,75.77419873476029,66.7896677017212,82.85594937205316
