date,product,true,pred,q10,q90
2024-01-10,MG95,91.68,90.04484719753265,88.30552270889281,92.8462125825882
2024-01-10,MG92,87.36,85.87557326555252,82.97333896756172,88.72522245645523
2024-01-11,MG95,91.48,90.41646514892578,88.1056427001953,94.00618105411529
2024-01-11,MG92,87.16,86.39919250011444,82.80829467177391,89.66367919445037
2024-01-12,MG95,95.45,90.28698822021484,87.92428981781005,93.62911144256591
2024-01-12,MG92,90.36,86.1443167924881,82.63913669586181,89.47061520814896
2024-01-15,MG95,94.05,90.72039520263671,87.32451137065887,95.00052340507507
2024-01-15,MG92,88.96,86.64722052812576,82.13955028057097,90.73809534311295
2024-01-16,MG95,94.9,90.84113030910491,87.57714577436447,95.32303382396697
2024-01-16,MG92,89.81,86.9047338604927,82.38439794182777,90.85776234865187
2024-01-17,MG95,93.09,91.04002007484435,87.24809762239455,95.94344765663146
2024-01-17,MG92,88.0,87.1173974275589,82.12008765339851,91.45485972166061
2024-01-18,MG95,95.56,91.0227919769287,87.36301904439925,95.88004016399383
2024-01-18,MG92,90.17,87.12407264709472,82.22116954922676,91.3565270423889
2024-01-19,MG95,97.74,91.31710709095,86.69971597909927,96.82456158161163
2024-01-19,MG92,92.24,87.39032057523727,81.67565295696258,92.33715534210205
2024-01-22,MG95,97.16,91.340361828804,86.69384373188018,96.89195134162902
2024-01-22,MG92,91.91,87.42422419786453,81.6752725303173,92.38835569620132
2024-01-23,MG95,101.07,91.33820033073425,86.86561361789703,96.85875158309936
2024-01-23,MG92,95.39,87.46841455698012,81.8316684603691,92.28668540716171
2024-01-24,MG95,100.72,91.47949628829956,85.83967399835586,97.47817517280578
2024-01-24,MG92,95.05,87.4201866030693,80.92370672225951,93.18453286886215
2024-01-25,MG95,101.96,91.57810532093048,85.91622616767883,97.72818490028381
2024-01-25,MG92,96.49,87.58451062440872,81.01657140254974,93.33488762378693
2024-01-26,MG95,102.8,91.46291770458221,86.4284266757965,97.2890068244934
2024-01-26,MG92,97.55,87.53991447687149,81.4596822142601,92.79314993619919
2024-01-29,MG95,105.17,91.68736212730407,85.156752409935,98.25909354686736
2024-01-29,MG92,100.3,87.57608036994934,80.34398723840712,94.03953921794891
2024-01-30,MG95,101.74,92.0935853433609,84.3767284488678,99.62596955776213
2024-01-30,MG92,97.1,88.00590161085128,79.72769607305526,95.36399204730986
2024-01-31,MG95,101.3,91.68669131755829,85.04261892318725,98.29876715183258
2024-01-31,MG92,96.66,87.55189538002014,80.23869528770446,94.11449848413467
2024-02-01,MG95,100.01,92.24446429729461,83.91869848966599,100.2105216884613
2024-02-01,MG92,95.37,88.13524667024612,79.34498686790465,95.97864991426468
2024-02-02,MG95,98.45,91.98527618885039,84.31661111831664,99.36896424293518
2024-02-02,MG92,93.62,87.83995443582535,79.64334787726402,95.19570144414901
2024-02-05,MG95,97.0,92.11064307689666,84.34506196975707,99.68330781936645
2024-02-05,MG92,92.17,88.02424324750899,79.70300384759902,95.4191386938095
2024-02-06,MG95,98.21,92.09783380508422,84.10517295122146,99.75077211380004
2024-02-06,MG92,93.38,87.96114314794539,79.47757316231727,95.56272692680358
2024-02-07,MG95,98.09,92.10479744911193,84.48471284627914,99.61276631832122
2024-02-07,MG92,93.26,88.04316313266753,79.8306293785572,95.31138157844543
2024-02-08,MG95,99.61,92.28838636398315,83.39409864902495,100.56786097526549
2024-02-08,MG92,95.45,88.10695307254791,78.87102599143981,96.44511384963988
2024-02-09,MG95,101.05,92.36343187332153,83.72677769184112,100.60217875003814
2024-02-09,MG92,96.89,88.26917713880539,79.20060227513312,96.34581742286682
2024-02-12,MG95,101.05,92.14676032543181,82.95858340740203,100.44647635459899
2024-02-12,MG92,96.89,87.84654849767685,78.42906153202057,96.50765599012374
2024-02-13,MG95,102.91,92.48156892299652,82.91286719083786,101.29811724185943
2024-02-13,MG92,98.69,88.29902287721633,78.47924741506576,97.17489389181137
2024-02-14,MG95,103.66,92.55655054569243,82.75209645509719,101.57029563426971
2024-02-14,MG92,99.44,88.37802988290787,78.35166753530501,97.44018821716308
2024-02-15,MG95,99.92,92.54049370288848,83.2035514140129,101.29942691802978
2024-02-15,MG92,95.56,88.4277288198471,78.76625142097473,97.0688309431076
2024-02-16,MG95,100.76,93.0719666814804,81.98379569292068,103.27577085018157
2024-02-16,MG92,96.4,88.97348381280898,77.79321136474609,99.01898922920226
2024-02-19,MG95,100.24,92.5128520822525,82.83437180280684,101.41762785434722
2024-02-19,MG92,95.65,88.33023815155029,78.41539153456688,97.29422612190245
2024-02-20,MG95,99.02,92.66853318214416,81.56137188911437,102.54524838924407
2024-02-20,MG92,94.35,88.3709488749504,77.27835208773612,98.60038803815841
2024-02-21,MG95,98.6,92.61459156036376,81.92011135816574,102.19064558029174
2024-02-21,MG92,93.93,88.34214804172515,77.59588152766227,98.20606313943863
2024-02-22,MG95,100.78,92.69931589603424,81.9720139312744,102.36412975788116
2024-02-22,MG92,96.11,88.46302226781845,77.66880677938461,98.32273745536804
2024-02-23,MG95,101.23,92.77753444194794,80.87583627223968,103.26092785358428
2024-02-23,MG92,96.56,88.44053144454955,76.67339763641357,99.38003947734832
2024-02-26,MG95,99.18,92.82975112438201,81.48111961841583,102.98205201148986
2024-02-26,MG92,94.51,88.57670389413833,77.25123527646065,98.96693671941756
2024-02-27,MG95,101.65,92.99421663761139,81.00564328193664,103.68397455215454
2024-02-27,MG92,96.98,88.74042937755584,76.85856903791426,99.67084774971008
2024-02-28,MG95,102.04,92.63419411182403,82.05271873235702,102.15768007278442
2024-02-28,MG92,97.37,88.38554711341857,77.72471935153007,98.13576029539108
2024-02-29,MG95,100.8,92.87683557987212,80.81593189716338,103.53475665092468
2024-02-29,MG92,96.13,88.56472299098968,76.6469655930996,99.61451417207718
2024-03-01,MG95,99.03,93.04842445373535,79.18997425556182,105.1527710533142
2024-03-01,MG92,94.59,88.64811251163482,75.18750188350677,101.38612555265426
2024-03-04,MG95,98.26,93.13469271659851,80.10660915374756,104.64145431041717
2024-03-04,MG92,93.82,88.83236074447632,76.06503456234931,100.70928061008453
2024-03-05,MG95,98.94,93.05256643772124,79.9161737203598,104.59290046215057
2024-03-05,MG92,94.5,88.70884889364243,75.86321061849594,100.7281091928482
2024-03-06,MG95,97.08,93.17449409484863,79.8117456793785,104.95237995147704
2024-03-06,MG92,93.64,88.85737760066985,75.80292060375213,101.04589225053786
2024-03-07,MG95,98.14,93.18742049217224,79.3548284125328,105.33424106121062
2024-03-07,MG92,94.2,88.83667224645615,75.38208250403403,101.48581762313842
2024-03-08,MG95,99.79,93.15620121955871,78.85822156906127,105.6663983631134
2024-03-08,MG92,95.41,88.76244339942932,74.91143894791603,101.89337122440338
2024-03-11,MG95,98.19,93.07335089206695,79.44364149332046,105.00532068252562
2024-03-11,MG92,93.78,88.69773029088974,75.43041697740554,101.19593251943587
2024-03-12,MG95,99.19,93.14735291957855,79.41783128976822,105.19347749233245
2024-03-12,MG92,94.68,88.79026019573212,75.42856049537659,101.35457550287246
2024-03-13,MG95,98.51,92.91260145187377,79.75704806566237,104.39601247787475
2024-03-13,MG92,94.13,88.51634286642074,75.67401683926582,100.61691302061081
2024-03-14,MG95,99.8,93.07447955608367,78.72349528789519,105.59812483787536
2024-03-14,MG92,95.93,88.65168344974518,74.76226097941398,101.87422815561294
2024-03-15,MG95,100.94,92.90280550003051,78.87978863477706,105.08817101001739
2024-03-15,MG92,97.07,88.44620233774185,74.85737778544426,101.4173611164093
2024-03-18,MG95,103.56,93.21092012882232,78.08170072555541,106.45441880226134
2024-03-18,MG92,99.21,88.78757184743881,74.20702575445175,102.74213857650756
2024-03-19,MG95,103.3,93.27729835033416,78.30522411584853,106.40458722114562
2024-03-19,MG92,99.29,88.8816234588623,74.43415567874908,102.6430653333664
2024-03-20,MG95,104.4,93.3253411054611,78.51406955003738,106.33275733947752
2024-03-20,MG92,100.2,88.95396538972854,74.64253310561179,102.52843010425568
2024-03-21,MG95,104.78,93.29920082092285,77.9195085120201,106.79192128658293
2024-03-21,MG92,100.55,88.8891609787941,74.0827023267746,103.0608853816986
2024-03-22,MG95,105.55,93.61150002479552,77.10455985307694,108.2204479074478
2024-03-22,MG92,100.94,89.23944768905639,73.4201005578041,104.44518185853957
2024-03-25,MG95,105.67,93.15545587539673,77.61898042201996,106.75314209461212
2024-03-25,MG92,101.06,88.69962735176085,73.76179977059364,103.10400040149688
2024-03-26,MG95,105.19,93.46533803462981,77.35114632129668,107.67161905765532
2024-03-26,MG92,100.58,89.06936147212981,73.60492703914642,103.92968853712081
2024-03-27,MG95,103.9,93.21105854988097,77.4331501507759,107.04512534618377
2024-03-27,MG92,99.29,88.76084053516388,73.60578933954238,103.39092324972152
2024-03-28,MG95,104.58,93.27037729740142,76.76070064783096,107.81422469139099
2024-03-28,MG92,99.97,88.81301478147506,73.00016533732413,104.18963660001754
2024-04-01,MG95,106.58,93.31406511306761,77.3627151274681,107.33254070281981
2024-04-01,MG92,103.25,88.88417992591857,73.57068864107131,103.6462554693222
2024-04-02,MG95,106.91,93.11563320159911,77.45169857263565,106.82365165233611
2024-04-02,MG92,102.56,88.64523141384124,73.59534536004065,103.20267800092697
2024-04-03,MG95,107.09,93.42540888309478,76.43666759729385,108.46212042808531
2024-04-03,MG92,102.74,88.99241384267806,72.74524397850035,104.80626254081726
2024-02-07,MG95,98.09,99.37675045251845,97.14247098565102,100.92796495318412
2024-02-07,MG92,93.26,94.66460550308227,92.35562729716301,96.18642888545989
2024-02-08,MG95,99.61,99.51790831446647,96.12565319955348,101.99538859963417
2024-02-08,MG92,95.45,94.83937418937683,91.32274992704392,97.28743821382523
2024-02-09,MG95,101.05,99.78206563711166,95.94805560588836,102.62928187966347
2024-02-09,MG92,96.89,95.1027962398529,91.13868065237999,97.92021217584609
2024-02-12,MG95,101.05,99.69953915715217,94.92840459406375,103.29994855642317
2024-02-12,MG92,96.89,95.0576012802124,90.10241922616959,98.61029245615005
2024-02-13,MG95,102.91,99.89675274133681,94.49280199229716,104.02935198307037
2024-02-13,MG92,98.69,95.26545356750488,89.65437131285667,99.33470309495925
2024-02-14,MG95,103.66,100.06336280465125,94.16338681757449,104.61988051891326
2024-02-14,MG92,99.44,95.44076771020889,89.3144350862503,99.91635999917983
2024-02-15,MG95,99.92,100.22980896234512,94.28482917487621,104.84083700299263
2024-02-15,MG92,95.56,95.60242317914962,89.43441323280334,100.12540338516234
2024-02-16,MG95,100.76,100.38330657601355,94.30910476803778,105.11916045427321
2024-02-16,MG92,96.4,95.75509531497954,89.45578065276146,100.39146366357802
2024-02-19,MG95,100.24,100.52783621072768,94.38410329699515,105.33963692903518
2024-02-19,MG92,95.65,95.89777112722396,89.52947849273681,100.59924916028976
2024-02-20,MG95,99.02,100.67316195845603,93.43413558900356,106.42195257186889
2024-02-20,MG92,94.35,96.0747327709198,88.55343434095383,101.66130844831466
2024-02-21,MG95,98.6,100.66116172552108,93.34917979359626,106.4698247206211
2024-02-21,MG92,93.93,96.06520398139953,88.46677356243133,101.70956464290619
2024-02-22,MG95,100.78,100.56629549384117,92.07553360760211,107.36576796531676
2024-02-22,MG92,96.11,96.00622789859771,87.16686188459396,102.59548603773116
2024-02-23,MG95,101.23,100.65097616195678,92.4238623201847,107.23630594015121
2024-02-23,MG92,96.56,96.082146525383,87.52010056853294,102.46321842432022
2024-02-26,MG95,99.18,100.39879565715789,92.01276360869407,107.085969363451
2024-02-26,MG92,94.51,95.83900654792785,87.10884869933128,102.33276528835296
2024-02-27,MG95,101.65,100.9412413084507,92.66801144957542,107.61046734929084
2024-02-27,MG92,96.98,96.37016977310181,87.76095853447913,102.80654427289963
2024-02-28,MG95,102.04,101.02087602496147,92.13712699830532,108.22901203870772
2024-02-28,MG92,97.37,96.46679347991943,87.21428876280784,103.40299529075622
2024-02-29,MG95,100.8,101.0058084154129,91.60465617477894,108.66097359418869
2024-02-29,MG92,96.13,96.46615896940231,86.66926092624664,103.82309691190719
2024-03-01,MG95,99.03,101.02614441990852,91.22481660664081,109.03497109770774
2024-03-01,MG92,94.59,96.49720545768737,86.2795490193367,104.18288663864135
2024-03-04,MG95,98.26,101.3899212372303,91.89870285809039,109.1925429368019
2024-03-04,MG92,93.82,96.85283190488815,86.95761256098747,104.30572564840317
2024-03-05,MG95,98.94,101.29311155319213,90.95479965806007,109.82301761388779
2024-03-05,MG92,94.5,96.77866096496581,85.99265564560889,104.92116745471954
2024-03-06,MG95,97.08,101.53998854041099,90.72344687461853,110.54305500507354
2024-03-06,MG92,93.64,97.03999024391175,85.7458366203308,105.59131074666976
2024-03-07,MG95,98.14,101.7152856016159,90.42052001893519,111.18342255711555
2024-03-07,MG92,94.2,97.23003170967101,85.42804703712463,106.18778402805327
2024-03-08,MG95,99.79,101.47661560297011,90.27708503961563,110.81040848731993
2024-03-08,MG92,95.41,96.98586760997772,85.29063654899596,105.8515157175064
2024-03-11,MG95,98.19,101.61849933266639,90.6867203080654,110.74054957032203
2024-03-11,MG92,93.78,97.12245434761047,85.70509993195533,105.77352658271789
2024-03-12,MG95,99.19,101.84536812663077,90.74562681734561,111.16589636325835
2024-03-12,MG92,94.68,97.35713418483734,85.75696281790734,106.15972085237503
2024-03-13,MG95,98.51,101.80928547501563,90.44776932835579,111.35758398652077
2024-03-13,MG92,94.13,97.32727879524231,85.45230871558189,106.34558790683745
2024-03-14,MG95,99.8,101.58277961492537,89.94601910114288,111.33251813411712
2024-03-14,MG92,95.93,97.1043429684639,84.94679307341575,106.34016673803329
2024-03-15,MG95,100.94,101.64824820280074,90.10004940807819,111.33120688915253
2024-03-15,MG92,97.07,97.1684953212738,85.10195872426033,106.333843896389
2024-03-18,MG95,103.56,102.11153914690017,90.1071149110794,112.31066004753112
2024-03-18,MG92,99.21,97.65241534233093,85.09026480674743,107.22344990491867
2024-03-19,MG95,103.3,102.11851684331893,89.98633403003215,112.43593077182769
2024-03-19,MG92,99.29,97.66283467292786,84.96582282304763,107.34139093875885
2024-03-20,MG95,104.4,101.97707800030707,89.38675556242465,112.6828311741352
2024-03-20,MG92,100.2,97.5295540690422,84.35601368904113,107.58665708303451
2024-03-21,MG95,104.78,102.46247278809547,89.95871593296528,113.20379348158836
2024-03-21,MG92,100.55,98.02597506046294,84.92365570306778,108.03414284229278
2024-03-22,MG95,105.55,102.62232759833336,88.97548709154128,114.46745898604392
2024-03-22,MG92,100.94,98.21991264343261,83.90498246312141,109.20546038866043
2024-03-25,MG95,105.67,102.20896933078765,88.93349213004112,113.60387539386748
2024-03-25,MG92,101.06,97.78414863109589,83.88039239764213,108.43340580224991
2024-03-26,MG95,105.19,101.96320456027983,88.48838885605335,113.48775996923446
2024-03-26,MG92,100.58,97.53674518823624,83.43560609102249,108.34385076522827
2024-03-27,MG95,103.9,102.6063468003273,88.4850053757429,114.89536973118781
2024-03-27,MG92,99.29,98.21489221811294,83.40143157720566,109.60623726844787
2024-03-28,MG95,104.58,102.16730218052864,88.34808564484119,114.06250673532485
2024-03-28,MG92,99.97,97.75437116384506,83.28187643766402,108.86585254907608
2024-04-01,MG95,106.58,102.05201799154281,88.02079538941383,114.12069323062896
2024-04-01,MG92,103.25,97.64087170362473,82.95230388283728,108.92873588085175
2024-04-02,MG95,106.91,102.18697085499763,87.58537425458431,114.82997138857841
2024-04-02,MG92,102.56,97.7928648018837,82.499558365345,109.57893105268478
2024-04-03,MG95,107.09,102.35610974788665,88.09269141912459,114.7172745668888
2024-04-03,MG92,102.74,97.95942937850951,83.01073450922965,109.46142415761948
2024-04-04,MG95,106.36,102.43361369132995,86.95157463490962,115.98620846629142
2024-04-04,MG92,102.01,98.06771917343139,81.83761361718177,110.63114986181259
2024-04-05,MG95,107.02,102.74345385193824,87.67930973649024,115.97037986636161
2024-04-05,MG92,102.67,98.37966458082198,82.5673396730423,110.59222208499908
2024-04-08,MG95,106.27,102.58494540929793,87.26859152019023,116.01479828953742
2024-04-08,MG92,101.92,98.2208254480362,82.15420096993446,110.64615547895431
2024-04-09,MG95,106.43,102.81033905267715,87.18852947831154,116.59642909169196
2024-04-09,MG92,101.97,98.46228452920913,82.06032680869102,111.16453943967818
2024-04-10,MG95,106.43,103.19692216634749,87.19320664227008,117.46379422068595
2024-04-10,MG92,101.97,98.87521729469299,82.04517647862434,111.92912461280822
2024-04-11,MG95,107.79,103.16267759919165,87.53688160598277,117.04955788731574
2024-04-11,MG92,103.38,98.83048986911773,82.40014615178107,111.55122350692749
2024-04-12,MG95,108.62,102.6359903025627,86.59399696230888,116.78802305459975
2024-04-12,MG92,104.21,98.29041010141373,81.46049173474312,111.35443619251251
2024-04-15,MG95,107.89,103.16044145822525,87.43138492405414,117.14757344841956
2024-04-15,MG92,103.48,98.83055665969849,82.29180626392365,111.64168021678924
2024-04-16,MG95,108.46,103.29363819003105,86.32804253160953,118.54334688305855
2024-04-16,MG92,104.05,98.99900250434875,81.15179680228233,112.90884224653243
2024-04-17,MG95,108.41,103.19960319399833,86.55424984931945,118.10231198072432
2024-04-17,MG92,104.0,98.8928945350647,81.38897572040557,112.51407651901245
2024-04-18,MG95,105.32,102.87704864025115,86.01222566962241,117.90933652758598
2024-04-18,MG92,100.91,98.560177257061,80.85146182417868,112.36353055000305
2024-04-19,MG95,105.41,103.3257051539421,84.99525568544864,119.97217071533203
2024-04-19,MG92,101.0,99.06357786417007,79.784610311985,114.20359991788864
2024-04-22,MG95,104.36,102.76429328083991,85.75461871802807,117.91146730065346
2024-04-22,MG92,99.95,98.44568706989288,80.59448506474494,112.37367158651351
2024-04-23,MG95,104.94,103.0870702779293,85.34579127013683,119.0617803609371
2024-04-23,MG92,100.53,98.79961035728454,80.15741307020187,113.39703686475754
2024-04-24,MG95,105.05,102.90553309559822,84.09835827589035,119.92723716020583
2024-04-24,MG92,100.64,98.63258937835693,78.89507665991783,114.19236796855925
2024-04-25,MG95,105.56,102.78814154863358,84.89619815289974,118.83465400099753
2024-04-25,MG92,101.15,98.48995809316635,79.71621119141578,113.2119156384468
2024-04-26,MG95,106.1,103.05273205041885,85.02280939102172,119.31263791322708
2024-04-26,MG92,101.69,98.76997760295868,79.8292876446247,113.62701909780502
2024-04-29,MG95,106.05,103.10077981233596,85.49657273352146,118.93995165467261
2024-04-29,MG92,101.64,98.81093136072158,80.31084773182869,113.28539640903472
2024-04-30,MG95,105.3,102.7771832871437,85.14308684766291,118.55815692663192
2024-04-30,MG92,100.89,98.47289309978484,79.9689189195633,112.96161793708801
2024-05-01,MG95,105.3,102.48708204627036,84.45505202889441,118.5981850206852
2024-05-01,MG92,100.89,98.17897001743316,79.28552326321602,113.01606339216232
2024-03-06,MG95,97.08,99.15868306875228,94.90331530451775,101.67276581525802
2024-03-06,MG92,93.64,94.1708792746067,89.81336277723312,98.530468583107
2024-03-07,MG95,98.14,99.40060143470764,95.68778375744819,100.76446620225906
2024-03-07,MG92,94.2,94.28806069493294,90.62000173330307,97.88085633516312
2024-03-08,MG95,99.79,99.18384088039397,94.76480580568314,101.86584287881851
2024-03-08,MG92,95.41,94.18124333024025,89.66712257266045,98.70177966356277
2024-03-11,MG95,98.19,99.11125711441039,94.30925244569778,102.4225464463234
2024-03-11,MG92,93.78,94.14493533968925,89.20134276151657,99.12925189733505
2024-03-12,MG95,99.19,99.02181891202926,94.35357053160668,102.31917886018753
2024-03-12,MG92,94.68,94.10274124145508,89.25477397441864,99.00304698944092
2024-03-13,MG95,98.51,98.84311942577362,93.99909071445465,102.6871103811264
2024-03-13,MG92,94.13,94.0149621963501,88.9071669280529,99.2231479883194
2024-03-14,MG95,99.8,98.68658782839775,92.51381857037543,104.53056583642959
2024-03-14,MG92,95.93,93.93719798326492,87.41733393073082,100.65525770187378
2024-03-15,MG95,100.94,98.98360451459884,94.25333440303802,102.42982369422913
2024-03-15,MG92,97.07,94.08397328853607,89.15489038825035,99.07671064138412
2024-03-18,MG95,103.56,98.41138519406319,91.60163264751434,105.56325095415116
2024-03-18,MG92,99.21,93.79908004403114,86.53985327482224,101.3548201918602
2024-03-19,MG95,103.3,98.06641769528389,90.22638022542,107.16159171581268
2024-03-19,MG92,99.29,93.6263157427311,85.23308104276657,102.45899766683578
2024-03-20,MG95,104.4,98.48745425462722,91.28227115392684,106.0248903107643
2024-03-20,MG92,100.2,93.84458050131798,86.2154977619648,101.76550716161728
2024-03-21,MG95,104.78,98.38799656748772,90.33156417489052,107.21677849531173
2024-03-21,MG92,100.55,93.80666157603264,85.29571598768234,102.67151713371277
2024-03-22,MG95,105.55,98.25763121724128,90.90444399118424,106.38513177394867
2024-03-22,MG92,100.94,93.72333231568336,85.87137168645859,101.93755048513412
2024-03-25,MG95,105.67,97.84794103145599,88.74723535895347,108.98905373811722
2024-03-25,MG92,101.06,93.53071296215057,83.8332294523716,103.79242354631424
2024-03-26,MG95,105.19,98.18037680268287,91.35812791228294,105.74734055757523
2024-03-26,MG92,100.58,93.67566892504692,86.32854482531548,101.38511252403259
2024-03-27,MG95,103.9,98.03334572911263,89.21464815616608,108.48109711647034
2024-03-27,MG92,99.29,93.62826463580132,84.25766569375992,103.49122381210327
2024-03-28,MG95,104.58,98.00007915258408,89.89106657981873,107.56346800088882
2024-03-28,MG92,99.97,93.59432798624039,84.91589587926865,102.74415564537048
2024-04-01,MG95,106.58,97.66768466234207,88.68951864480972,108.95296236276626
2024-04-01,MG92,103.25,93.42506718635559,83.80339336395264,103.66455137729645
2024-04-02,MG95,106.91,97.76714234948157,87.83680682659148,110.16249521970748
2024-04-02,MG92,102.56,93.50812608003616,82.97560384869576,104.67181366682053
2024-04-03,MG95,107.09,97.9870284640789,88.42997329831122,109.50274251937866
2024-04-03,MG92,102.74,93.62232220172882,83.51166772842407,104.274194419384
2024-04-04,MG95,106.36,97.93334549188614,88.6375517821312,109.18977368116379
2024-04-04,MG92,102.01,93.58434695005417,83.71682533621788,103.99776703119278
2024-04-05,MG95,107.02,97.77842385292053,88.37357167840004,109.44593988418579
2024-04-05,MG92,102.67,93.4991645514965,83.48519432544708,104.11454290151596
2024-04-08,MG95,106.27,97.9209199154377,88.71591488599778,109.07691146850586
2024-04-08,MG92,101.92,93.57483342289925,83.7934630215168,103.90180939435959
2024-04-09,MG95,106.43,97.7611035311222,88.37913871407508,109.42745779752731
2024-04-09,MG92,101.97,93.48864278197289,83.492905408144,104.09039014577866
2024-04-10,MG95,106.43,97.6731514441967,85.61110124588012,113.16444844007492
2024-04-10,MG92,101.97,93.53513458371162,80.8975937962532,106.95810180902481
2024-04-11,MG95,107.79,97.92136221170425,88.2611989402771,109.68818849802017
2024-04-11,MG92,103.38,93.58808702230453,83.35906827449799,104.384346306324
2024-04-12,MG95,108.62,98.18481155991554,87.76491894006729,110.53082775592804
2024-04-12,MG92,104.21,93.76367890834808,82.85685655474663,105.19242721796036
2024-04-15,MG95,107.89,98.17687381625176,87.09533546805382,111.44238266944885
2024-04-15,MG92,103.48,93.78520685434341,82.22667127847672,105.90361547470093
2024-04-16,MG95,108.46,97.90420701384544,88.15932926416397,109.81462625741959
2024-04-16,MG92,104.05,93.5808941423893,83.26425406336784,104.47445726394653
2024-04-17,MG95,108.41,97.7713648045063,85.97655001044274,112.72019427537917
2024-04-17,MG92,104.0,93.58084908127785,81.22581893205643,106.67064571380615
2024-04-18,MG95,105.32,97.7535668027401,86.78753265023231,111.58533282279969
2024-04-18,MG92,100.91,93.53638502955437,81.98658567667007,105.77754575014114
2024-04-19,MG95,105.41,97.63580984473228,85.45339019179345,113.36029722690581
2024-04-19,MG92,101.0,93.5186140537262,80.75566256046295,107.08779895305634
2024-04-22,MG95,104.36,97.21968572258949,82.76030130028724,116.93796685695648
2024-04-22,MG92,99.95,93.38890001177788,78.3304115831852,109.5765917301178
2024-04-23,MG95,104.94,98.09148115038872,85.98405135512351,112.92656381607055
2024-04-23,MG92,100.53,93.78147241473198,81.19720512628555,107.0140226483345
2024-04-24,MG95,105.05,97.2000890493393,85.7399568915367,112.66602182865142
2024-04-24,MG92,100.64,93.2302680015564,81.0808122754097,106.29528665542603
2024-04-25,MG95,105.56,98.22052550911903,83.50994629383086,116.5520957994461
2024-04-25,MG92,101.15,93.99877962470055,78.9099312722683,109.88776123523712
2024-04-26,MG95,106.1,97.07920653104782,86.35182364940643,111.73990062475204
2024-04-26,MG92,101.69,93.13185453414917,81.67280262708664,105.50735932588577
2024-04-29,MG95,106.05,97.80353448629378,83.3137200808525,116.54117403030395
2024-04-29,MG92,101.64,93.73936280608177,78.76990950107574,109.63089036941528
2024-04-30,MG95,105.3,98.10269778370856,84.58253243207932,114.91756930589676
2024-04-30,MG92,100.89,93.86029556393623,79.90117433667183,108.5620858669281
2024-05-01,MG95,105.3,98.40331181287765,85.27551042795182,114.13928120613097
2024-05-01,MG92,100.89,94.01372301578522,80.51192700862885,108.13289004564285
2024-05-02,MG95,100.51,98.13059193491935,83.48643972158432,116.52211400985718
2024-05-02,MG92,96.1,93.94187307357788,78.89631155133247,109.81158542633057
2024-05-03,MG95,98.84,97.98489364743233,82.07386928915977,118.50524072885513
2024-05-03,MG92,95.37,93.93674173951149,77.62857350707054,111.23591083288193
2024-05-06,MG95,98.2,97.94278114557267,83.53065755367278,116.32374118566513
2024-05-06,MG92,94.3,93.81718897819519,78.95392781496048,109.54805678129196
2024-05-07,MG95,98.51,97.90743872523308,84.21904746294021,115.30234346866608
2024-05-07,MG92,93.98,93.75486946105957,79.58682802319527,108.74383985996246
2024-05-08,MG95,95.84,97.74817668557166,84.50524263381958,114.78074053287506
2024-05-08,MG92,90.88,93.63692200183868,79.86653923988342,108.24889987707138
2024-05-09,MG95,96.86,98.1915462577343,84.64563336610794,114.88945105791092
2024-05-09,MG92,91.9,93.91365918517113,79.9508429467678,108.59197264909744
2024-05-10,MG95,97.03,98.20725662112235,83.29763818860054,116.85325827598571
2024-05-10,MG92,92.07,94.00331389904022,78.71792024374008,110.11063349246979
2024-05-13,MG95,96.4,98.39877680182457,84.28003716945648,115.56095114707946
2024-05-13,MG92,91.44,94.06727251410484,79.59795811772346,109.22985774278641
2024-05-14,MG95,95.49,98.76488016486168,82.18625971913337,118.90896876096726
2024-05-14,MG92,90.53,94.44139239192009,77.67298123240471,112.01289957761765
2024-05-15,MG95,94.93,98.11017553925514,85.07826988220215,114.21588691949844
2024-05-15,MG92,89.97,93.8384071290493,80.35668021440506,108.02455186843872
2024-05-16,MG95,96.38,98.61763678908348,82.00390981435775,119.0745055103302
2024-05-16,MG92,91.42,94.35796174407005,77.51783582568169,112.0514155626297
2024-05-17,MG95,97.35,98.51908138632774,83.32282548666001,117.04085086584091
2024-05-17,MG92,92.39,94.20409494638443,78.71648955345154,110.43819397687912
2024-05-20,MG95,97.43,98.0834962284565,83.66869526982308,116.22289763689041
2024-05-20,MG92,93.46,93.9003267288208,79.06662565469742,109.55438786745071
2024-05-21,MG95,95.4,98.47799501180648,82.85905721068382,117.69511909246444
2024-05-21,MG92,91.42,94.20779559016228,78.29900398850441,110.9152672290802
2024-05-22,MG95,95.4,98.53388946533202,81.76695106387139,119.37011274576187
2024-05-22,MG92,91.42,94.3198794722557,77.3101435303688,112.2261174917221
2024-05-23,MG95,93.75,98.06654153823852,84.3805209839344,115.18192093849181
2024-05-23,MG92,90.22,93.84829804301262,79.71922320127487,108.74467349052429
2024-05-24,MG95,92.47,98.31418026924133,83.05455805778503,117.28756962060928
2024-05-24,MG92,88.81,94.08832168579102,78.48848596215248,110.50643903017044
2024-05-27,MG95,92.46,98.57874420404434,83.36581668376922,117.02077651262283
2024-05-27,MG92,88.8,94.23992416262627,78.75130489468575,110.45767164230347
2024-05-28,MG95,92.45,98.92020871639251,81.73505855441093,119.70537331581116
2024-05-28,MG92,88.92,94.57583785057068,77.25877949595451,112.71275496482849
2024-05-29,MG95,93.52,98.42642326712608,82.0217667889595,118.90666882038116
2024-05-29,MG92,89.23,94.2311597764492,77.54673126339912,111.80882906913757
2024-04-04,MG95,106.36,107.75677459478379,104.82462597370149,109.66702061653137
2024-04-04,MG92,102.01,103.1372741818428,101.13947629690169,105.44175102949141
2024-04-05,MG95,107.02,107.96049638271332,104.37438397109509,110.60907111763954
2024-04-05,MG92,102.67,103.38698973178863,100.65030253052711,106.41034950256348
2024-04-08,MG95,106.27,108.42665135741234,104.1049996304512,112.01311483740807
2024-04-08,MG92,101.92,103.88431425094603,100.32300479650497,107.80426907539368
2024-04-09,MG95,106.43,108.25479381203652,103.955999827981,111.74272835612297
2024-04-09,MG92,101.97,103.7192538523674,100.18833672404288,107.55836251735687
2024-04-10,MG95,106.43,108.55229553818702,103.80355317234994,112.62551851511002
2024-04-10,MG92,101.97,104.03246076583862,99.99982836723328,108.43056042671203
2024-04-11,MG95,107.79,108.46800082921982,103.19998365163804,113.02305557966233
2024-04-11,MG92,103.38,103.9814006781578,99.39195734977721,108.88002147197723
2024-04-12,MG95,108.62,108.29831352472306,102.66782143890858,113.13613789558411
2024-04-12,MG92,104.21,103.8368304514885,98.8640445435047,109.04302428007125
2024-04-15,MG95,107.89,108.37162936806679,102.36392388522626,113.61924628138543
2024-04-15,MG92,103.48,103.9232614994049,98.5483881175518,109.54146332740783
2024-04-16,MG95,108.46,108.65347982764244,102.08094362378121,114.60122921466828
2024-04-16,MG92,104.05,104.21528012990952,98.23739801287651,110.52071717977523
2024-04-17,MG95,108.41,108.30687959313393,101.65902326464654,114.1598660504818
2024-04-17,MG92,104.0,103.88405705213546,97.83688435077667,110.13207752943039
2024-04-18,MG95,105.32,108.34022470593453,101.30490378379822,114.59437380671501
2024-04-18,MG92,100.91,103.9273031949997,97.47580171585082,110.58608242034911
2024-04-19,MG95,105.41,108.5524870300293,100.84054244935513,115.5865313398838
2024-04-19,MG92,101.0,104.14736739635467,96.99285583496093,111.590688726902
2024-04-22,MG95,104.36,108.7191487634182,100.89535379767418,115.95065946102143
2024-04-22,MG92,99.95,104.31089684963226,97.03612034916877,111.93867871761321
2024-04-23,MG95,104.94,108.53158888697625,100.2480156248808,116.12598939180374
2024-04-23,MG92,100.53,104.1363813328743,96.39809583306312,112.16569953441619
2024-04-24,MG95,105.05,108.86383999943733,100.45729705929756,116.7557039320469
2024-04-24,MG92,100.64,104.46053756713867,96.5855264043808,112.75750174999237
2024-04-25,MG95,105.56,108.60642389893532,99.66106759607793,116.9029994571209
2024-04-25,MG92,101.15,104.21551283359527,95.80498925209045,112.96950705528259
2024-04-26,MG95,106.1,108.8212394475937,100.16968269526959,116.93661265850068
2024-04-26,MG92,101.69,104.42184751749038,96.30058074116707,112.95830053567886
2024-04-29,MG95,106.05,108.55976372003556,98.96713307499886,117.48292611837387
2024-04-29,MG92,101.64,104.17283007860183,95.11345513582229,113.5894909119606
2024-04-30,MG95,105.3,109.01754411816597,99.28467761397363,118.33126051187516
2024-04-30,MG92,100.89,104.61932721376418,95.40333656668662,114.3850313282013
2024-05-01,MG95,105.3,108.73928093910217,98.8472527986765,118.06156340122223
2024-05-01,MG92,100.89,104.3474925661087,94.98465364575385,114.1608886885643
2024-05-02,MG95,100.51,108.95404542326928,99.00502931058408,118.4519003725052
2024-05-02,MG92,96.1,104.5571340918541,95.1291442632675,114.52579256296157
2024-05-03,MG95,98.84,108.7182296025753,98.23277462601662,118.63130269646645
2024-05-03,MG92,95.37,104.3250182890892,94.37399630784988,114.763321788311
2024-05-06,MG95,98.2,108.7787537908554,98.23308101296425,118.78641108870507
2024-05-06,MG92,94.3,104.38373310327529,94.37133858680724,114.91377084493637
2024-05-07,MG95,98.51,108.61108353376389,97.85910382807255,118.73696789503099
2024-05-07,MG92,93.98,104.21886866569518,94.00726142287255,114.89530152082443
2024-05-08,MG95,95.84,108.90378519773483,98.08235778391362,119.26228108286858
2024-05-08,MG92,90.88,104.5040776515007,94.21517604231833,115.38726160764693
2024-05-09,MG95,96.86,108.89516806483269,97.52869742035865,119.80764984965325
2024-05-09,MG92,91.9,104.49042161941527,93.6667669403553,115.96036179542541
2024-05-10,MG95,97.03,109.07005118131637,97.7120636254549,120.07309584140778
2024-05-10,MG92,92.07,104.66208345413207,93.83910851478576,116.20254509449005
2024-05-13,MG95,96.4,108.89532125830651,97.43609196543694,119.90333194017411
2024-05-13,MG92,91.44,104.48949080467223,93.57506331682205,116.06046112298965
2024-05-14,MG95,95.49,108.84986109495163,97.33165231466293,119.8929658484459
2024-05-14,MG92,90.53,104.44423606157302,93.4737882232666,116.05867297887802
2024-05-15,MG95,94.93,108.78702623844147,97.63820522189141,119.41551285505295
2024-05-15,MG92,89.97,104.38695421218871,93.78037532925606,115.57139146089553
2024-05-16,MG95,96.38,109.1092304122448,97.2377574813366,120.66494606137276
2024-05-16,MG92,91.42,104.6940250968933,93.36804276943207,116.81396790504455
2024-05-17,MG95,97.35,108.92678975105287,96.74799794554711,120.69638902187347
2024-05-17,MG92,92.39,104.5100299668312,92.89329050779342,116.8834850692749
2024-05-20,MG95,97.43,108.98626711726189,96.59299806535245,121.0129122710228
2024-05-20,MG92,93.46,104.56473982810974,92.73766685605048,117.20242384195328
2024-05-21,MG95,95.4,109.42874093413353,97.15187977313995,121.59286446452141
2024-05-21,MG92,91.42,105.00300660133361,93.26445288658141,117.71753182172775
2024-05-22,MG95,95.4,109.20403164029122,96.15419450879098,122.04449159145355
2024-05-22,MG92,91.42,104.76637144804,92.2951746737957,118.23592214822769
2024-05-23,MG95,93.75,108.87988701581955,96.02248003661633,121.32997169733048
2024-05-23,MG92,90.22,104.45141313314437,92.17956380844116,117.55396562576293
2024-05-24,MG95,92.47,108.92663655757904,96.01899488508701,121.45620311975479
2024-05-24,MG92,88.81,104.49627595424651,92.17434634685516,117.6767106962204
2024-05-27,MG95,92.46,109.15395014047623,95.66910737395287,122.42354331016541
2024-05-27,MG92,88.8,104.70724021673202,91.82066736340522,118.64120623588562
2024-05-28,MG95,92.45,109.21664456963539,95.29867278814316,122.98282715082169
2024-05-28,MG92,88.92,104.75848401784896,91.4542386674881,119.21164870262146
2024-05-29,MG95,93.52,108.8841764330864,94.84035621285439,122.58889013290406
2024-05-29,MG92,89.23,104.42759162425995,91.0169516992569,118.86488346815109
2024-05-30,MG95,90.86,109.3732338321209,95.43766395032407,123.2518093585968
2024-05-30,MG92,86.57,104.9129380273819,91.58315650939942,119.46071513175964
2024-05-31,MG95,90.78,108.99148846149446,94.98237294614316,122.72184930205346
2024-05-31,MG92,85.96,104.53405968427657,91.1528077852726,118.98321941614151
2024-06-03,MG95,91.38,108.95502841472626,93.88298636436463,123.80468460559845
2024-06-03,MG92,86.43,104.46750643014907,90.07674919962882,120.1163148999214
2024-06-04,MG95,88.04,109.24741092562675,94.50465824723244,123.91526476144792
2024-06-04,MG92,83.24,104.76613874435424,90.67497526168823,120.17622997522354
2024-06-05,MG95,89.43,109.1439287340641,93.92318050205708,124.2668182516098
2024-06-05,MG92,84.63,104.64918677091597,90.11016054987907,120.56148929834366
2024-06-06,MG95,89.87,109.34001638054848,94.12471928298474,124.57494139194489
2024-06-06,MG92,85.14,104.84340861558914,90.29967933058738,120.84422427654266
2024-06-07,MG95,91.12,109.45166889071464,93.68985407531262,125.3510067641735
2024-06-07,MG92,85.88,104.93640435695647,89.87048187732697,121.62893784761428
2024-06-10,MG95,91.67,109.24479387044907,93.692247723341,124.7894377875328
2024-06-10,MG92,86.43,104.73821430206299,89.88099028587341,121.08545226573943
2024-06-11,MG95,92.62,109.0582169854641,93.40564826607705,124.6002821457386
2024-06-11,MG92,87.38,104.55042242765425,89.60726951360702,120.92391916513442
2024-06-12,MG95,92.14,109.38093180418015,93.54714158833028,125.3160148215294
2024-06-12,MG92,86.9,104.86372732162475,89.73420325040817,121.6063655900955
2024-06-13,MG95,91.15,109.1873463177681,93.32197909712792,125.03978145599366
2024-06-13,MG92,85.91,104.67080371856689,89.52159781455993,121.35634385108948
2024-06-14,MG95,91.78,109.18906974434853,93.35847744226456,125.00441929578781
2024-06-14,MG92,86.54,104.67370639085769,89.55713411688804,121.31929497480392
2024-06-17,MG95,91.78,109.3915404522419,93.28260199129582,125.63575513362885
2024-06-17,MG92,86.54,104.86473162174224,89.47587154030799,121.9363394165039
2024-06-18,MG95,93.26,109.26687926292419,92.41868016183376,126.25533337235451
2024-06-18,MG92,88.02,104.71396412849425,88.63890986800193,122.60302322864531
2024-06-19,MG95,94.52,109.28924551010132,92.81883428156377,125.87085605144502
2024-06-19,MG92,89.28,104.7502659034729,89.02773935556411,122.19990695953369
2024-06-20,MG95,94.85,108.77703036427498,92.47386811077595,124.86770688652993
2024-06-20,MG92,89.61,104.25052861452102,88.70443432688712,121.2519946193695
2024-06-21,MG95,95.95,109.50389509916306,92.7740954041481,126.5054983150959
2024-06-21,MG92,90.71,104.95388162851333,88.97628734588622,122.81740456104278
2024-06-24,MG95,95.52,109.2445385479927,92.55046484768391,126.0475774896145
2024-06-24,MG92,90.28,104.69765037536621,88.76787670016289,122.39167929172515
2024-06-25,MG95,95.57,109.4705755186081,92.61191457986833,126.59544841647148
2024-06-25,MG92,90.33,104.91587744235991,88.81983698368072,122.91716095685958
2024-06-26,MG95,95.65,109.11403047442437,92.2843294852972,125.98938950181008
2024-06-26,MG92,90.41,104.56328236818312,88.51257013797759,122.35543875455856
2024-05-02,MG95,100.51,100.92783107757568,96.37564333677291,103.53720014691352
2024-05-02,MG92,96.1,96.93296437740327,91.71282651185989,100.16566037893296
2024-05-03,MG95,98.84,100.61864458322525,94.9280992269516,104.0837965786457
2024-05-03,MG92,95.37,96.68511144161225,90.29938645362854,100.67491469442844
2024-05-06,MG95,98.2,100.40563089251518,93.77499214410781,104.61845535635948
2024-05-06,MG92,94.3,96.53224795103073,89.18504047214985,101.16877441763877
2024-05-07,MG95,98.51,100.59016869664192,93.10719274878501,105.6088601231575
2024-05-07,MG92,93.98,96.83814932405949,88.67136021137237,102.01560929059983
2024-05-08,MG95,95.84,100.36774045228958,92.41970438361167,105.72827432155609
2024-05-08,MG92,90.88,96.62022564053535,87.96249937176704,102.14951818943024
2024-05-09,MG95,96.86,100.38167399168015,92.01696233153343,106.1093754529953
2024-05-09,MG92,91.9,96.67159306526185,87.60521253347397,102.48584192276002
2024-05-10,MG95,97.03,99.81496807336806,89.70404500365257,106.96607472896575
2024-05-10,MG92,92.07,96.16387820899486,85.28623970568181,103.33573166012764
2024-05-13,MG95,96.4,99.64804176092147,89.04390905499459,107.21463149785995
2024-05-13,MG92,91.44,96.0126804614067,84.6208986568451,103.5875655412674
2024-05-14,MG95,95.49,99.93077963590622,89.37208784222602,107.49739447832107
2024-05-14,MG92,90.53,96.32346480667591,85.02779697418212,103.79418983459473
2024-05-15,MG95,94.93,99.42966805100441,87.4972485244274,108.16737177371978
2024-05-15,MG92,89.97,95.85904724121094,83.12642651617527,104.48689837932586
2024-05-16,MG95,96.38,99.47566756010055,86.79967403411865,108.88725875616073
2024-05-16,MG92,91.42,95.94891317367554,82.50130383968353,105.1333990931511
2024-05-17,MG95,97.35,99.28275080323219,86.01241650581359,109.22285621166229
2024-05-17,MG92,92.39,95.77186333537102,81.70787497222423,105.47708336591721
2024-05-20,MG95,97.43,99.19912446141242,85.07894468307495,109.91038223505019
2024-05-20,MG92,93.46,95.71986449182033,80.81521713316441,106.12580907940864
2024-05-21,MG95,95.4,99.16538270115852,85.26301803588866,109.67775489091873
2024-05-21,MG92,91.42,95.67569524168968,80.97474359571933,105.9181745159626
2024-05-22,MG95,95.4,98.56994984149932,83.34290099143982,110.31067650318145
2024-05-22,MG92,91.42,95.10430931389332,78.99538990616799,106.63291657090187
2024-05-23,MG95,93.75,99.0971773982048,84.19435322284698,110.5241985797882
2024-05-23,MG92,90.22,95.641754976511,79.95971077501774,106.71449588298798
2024-05-24,MG95,92.47,98.3917323410511,81.10027899742126,112.08039919137954
2024-05-24,MG92,88.81,94.98438183188439,76.85327448427677,108.3290879380703
2024-05-27,MG95,92.46,98.59570806026458,81.50507969856262,112.07706016302109
2024-05-27,MG92,88.8,95.18703119337559,77.2937462425232,108.27696281075478
2024-05-28,MG95,92.45,98.65004886388779,81.82885875105858,111.87463470697402
2024-05-28,MG92,88.92,95.23632996976376,77.61305173516274,108.07375419259071
2024-05-29,MG95,93.52,98.38081773519515,80.5952132999897,112.53749459981918
2024-05-29,MG92,89.23,94.98329939961434,76.37773793399334,108.76354017019271
2024-05-30,MG95,90.86,97.72784940004348,79.35491489768027,112.5235736131668
2024-05-30,MG92,86.57,94.33298611879349,75.01831124603748,108.92317487597465
2024-05-31,MG95,90.78,97.87121422290802,79.11399019360542,113.0180008649826
2024-05-31,MG92,85.96,94.48615629851818,74.83889208376408,109.35264791965484
2024-06-03,MG95,91.38,97.59916500449181,78.23453907966613,113.37404673099518
2024-06-03,MG92,86.43,94.2216940408945,73.93490478694439,109.76907164096832
2024-06-04,MG95,88.04,97.31555471420288,77.06361966133117,114.00654155015945
2024-06-04,MG92,83.24,93.94874671697616,72.75628036916255,110.46000018596649
2024-06-05,MG95,89.43,98.12511845827102,78.55978680253028,114.01256686449051
2024-06-05,MG92,84.63,94.74971652925015,74.39396431267262,110.23514292240142
2024-06-06,MG95,89.87,98.02052904367447,78.65634246468544,113.73020557165145
2024-06-06,MG92,85.14,94.64407715320587,74.45496538460254,109.99214890480042
2024-06-07,MG95,91.12,97.14955730438233,76.68442026972771,114.08182032108307
2024-06-07,MG92,85.88,93.78469207942486,72.35213624060154,110.58395070791245
2024-06-10,MG95,91.67,97.33897812366486,76.8491498529911,114.25971772670745
2024-06-10,MG92,86.43,93.97474914550781,72.56322256028652,110.69666798830032
2024-06-11,MG95,92.62,98.09597727656364,78.1185894370079,114.38505681753158
2024-06-11,MG92,87.38,94.72317889809608,73.97076937615871,110.60112529993057
2024-06-12,MG95,92.14,96.74183809161185,75.11838458776474,114.9127111673355
2024-06-12,MG92,86.9,93.38767997682095,70.76967438340188,111.52073570251464
2024-06-13,MG95,91.15,96.85791326165199,75.06101857423782,115.17672035694122
2024-06-13,MG92,85.91,93.5043962430954,70.75106256186962,111.73880972385406
2024-06-14,MG95,91.78,97.07686439752578,74.98176686167717,115.64502536058426
2024-06-14,MG92,86.54,93.7218869537115,70.74044871211052,112.124215747118
2024-06-17,MG95,91.78,96.80388627648354,74.84802371263504,115.29457801580429
2024-06-17,MG92,86.54,93.45137510240077,70.53638016164302,111.87172037959098
2024-06-18,MG95,93.26,96.26656004190444,72.87587556838989,116.34864399433135
2024-06-18,MG92,88.02,92.92035788476467,68.540092420578,113.09424343943596
2024-06-19,MG95,94.52,96.74599304795265,73.72671899199486,116.32420381307601
2024-06-19,MG92,89.28,93.39416855692863,69.47205457806588,112.9007526576519
2024-06-20,MG95,94.85,97.12681174278259,75.05675064325332,115.65868273973464
2024-06-20,MG92,89.61,93.77114964902401,70.82482430756092,112.12150966644288
2024-06-21,MG95,95.95,96.9899680674076,74.17354626059532,116.30298968553542
2024-06-21,MG92,90.71,93.6346549397707,69.95864997804165,112.79798172712326
2024-06-24,MG95,95.52,96.74482564330101,73.40934811234474,116.64452458620072
2024-06-24,MG92,90.28,93.39147450327873,69.17457813620567,113.2171836912632
2024-06-25,MG95,95.57,96.56872327923774,72.99418512582778,116.75817707777023
2024-06-25,MG92,90.33,93.21727506995201,68.7369327288866,113.39080582737922
2024-06-26,MG95,95.65,97.18738498091697,74.31018909215926,116.51434013843536
2024-06-26,MG92,90.41,93.82746619462966,70.14063691020012,112.94189711093902
2024-06-27,MG95,96.51,96.83460282683372,73.66930904388427,116.5386547923088
2024-06-27,MG92,91.27,93.48048651695251,69.44299728512765,113.08207208991051
2024-06-28,MG95,97.45,96.12703008055686,71.84227682948112,117.17014539241791
2024-06-28,MG92,92.37,92.77880581140518,67.53649730086326,113.96032155275346
2024-07-01,MG95,97.87,96.29075544476508,72.03763509392738,117.25411065816878
2024-07-01,MG92,93.14,92.93970936834812,67.76495064496994,113.98313681960106
2024-07-02,MG95,99.67,96.63316903710366,72.6887142419815,117.18394085168838
2024-07-02,MG92,95.23,93.2775184392929,68.46866993129254,113.79034360527993
2024-07-03,MG95,99.3,96.52785784006119,72.26564930677414,117.43384076356888
2024-07-03,MG92,94.88,93.17153027951717,68.04358073830605,114.07620194077492
2024-07-04,MG95,99.01,96.4280635714531,71.88435988426208,117.65258477926254
2024-07-04,MG92,94.59,93.07100840270519,67.65929322838784,114.33027284860611
2024-07-05,MG95,99.01,95.72202853560448,70.25787649154663,118.12184379100799
2024-07-05,MG92,94.59,92.37017560243606,65.94530382335186,115.0693696296215
2024-07-08,MG95,98.17,96.79282103776931,72.13711554408073,118.03010838031769
2024-07-08,MG92,93.75,93.42395949840545,67.99299507021904,114.57799348711967
2024-07-09,MG95,97.03,96.04481592178344,70.57185185551643,118.35180995464324
2024-07-09,MG92,92.61,92.68516339302063,66.32714984714985,115.17448583006859
2024-07-10,MG95,95.6,96.01576888561249,70.449205327034,118.43013904094695
2024-07-10,MG92,91.18,92.65546265423298,66.20461250066758,115.2645682489872
2024-07-11,MG95,96.48,96.15448291897773,70.77240067720413,118.33227789402008
2024-07-11,MG92,92.06,92.79326830923557,66.54431582808495,115.11295556902886
2024-07-12,MG95,98.5,95.64494217038154,69.88977999687195,118.37730456590653
2024-07-12,MG92,94.08,92.29097764134407,65.58081279695034,115.35763337016105
2024-07-15,MG95,97.85,95.01559181213379,68.67947636246681,118.58281799554824
2024-07-15,MG92,93.43,91.66674496471882,64.27817170858383,115.82831100225448
2024-07-16,MG95,96.55,96.19542367458344,70.43337004780768,118.75895801782607
2024-07-16,MG92,92.13,92.82672749340534,66.23759661734104,115.52735875010491
2024-07-17,MG95,96.37,96.02079625725746,70.39794622063637,118.49277720451354
2024-07-17,MG92,91.95,92.65948569417,66.15801980495453,115.32574972629547
2024-07-18,MG95,97.64,94.95789315104484,68.19489045739174,119.00622185468673
2024-07-18,MG92,93.22,91.6040661227703,63.812401102781294,116.28360606908798
2024-07-19,MG95,96.84,95.62500214576721,69.6418885231018,118.6056514263153
2024-07-19,MG92,92.42,92.26819244205952,65.34425925135612,115.59633373975754
2024-07-22,MG95,95.04,95.1534961938858,68.90016605257988,118.58321968317031
2024-07-22,MG92,90.62,91.80310737669468,64.52227221250534,115.76954695701599
2024-07-23,MG95,94.99,95.28269525170326,68.54500515460968,119.1871946811676
2024-07-23,MG92,90.57,91.92182012915612,64.2283076620102,116.32816619753838
2024-07-24,MG95,93.51,95.64622254967689,69.37893376350402,118.92193021774291
2024-07-24,MG92,89.09,92.28427257478238,65.10480719268323,115.90792990922928
2024-05-30,MG95,90.86,93.20304948806762,89.37584139823913,95.7504263496399
2024-05-30,MG92,86.57,88.60906250357628,85.29418169558049,91.35758981108665
2024-05-31,MG95,90.78,93.23666764736176,88.87966278553009,96.25461512565613
2024-05-31,MG92,85.96,88.66071599364281,84.75311245083809,91.83589517235757
2024-06-03,MG95,91.38,92.99132922172547,87.65256373882293,96.88540573120117
2024-06-03,MG92,86.43,88.46902048885822,83.49731888473035,92.395127171278
2024-06-04,MG95,88.04,93.04443487644195,87.75429337024688,96.89442482948303
2024-06-04,MG92,83.24,88.51555224180223,83.59527543127537,92.40958291530609
2024-06-05,MG95,89.43,93.39951309680939,87.37464395999908,97.92566785812377
2024-06-05,MG92,84.63,88.84540168583393,83.14102574706078,93.39633902311326
2024-06-06,MG95,89.87,93.08697737216949,86.73273277282715,97.90770770072936
2024-06-06,MG92,85.14,88.57064681589604,82.52412500917912,93.34291978359222
2024-06-07,MG95,91.12,93.27619448661804,86.26868957519531,98.70229137420654
2024-06-07,MG92,85.88,88.74137670516969,82.02300850510598,94.08277944207192
2024-06-10,MG95,91.67,93.17272012233734,85.55664347171783,99.1665686893463
2024-06-10,MG92,86.43,88.64763774693013,81.31312935769559,94.48471082091332
2024-06-11,MG95,92.62,93.24624974250793,86.24250743389129,98.66840007781983
2024-06-11,MG92,87.38,88.71486918926239,82.00010694742203,94.04871962428093
2024-06-12,MG95,92.14,92.92504609584807,84.75010865688324,99.4524038696289
2024-06-12,MG92,86.9,88.42357371449471,80.52696664273739,94.70730162262917
2024-06-13,MG95,91.15,93.15322147846221,84.7653485918045,99.87760585784912
2024-06-13,MG92,85.91,88.62166740179062,80.52091416418553,95.11123276591302
2024-06-14,MG95,91.78,93.05722215175628,84.41795165538788,100.02360599517822
2024-06-14,MG92,86.54,88.53300231397152,80.1833315885067,95.22726165175439
2024-06-17,MG95,91.78,93.06731150150299,83.96583730220794,100.47812841415404
2024-06-17,MG92,86.54,88.53241727650166,79.73432596743108,95.62594873189927
2024-06-18,MG95,93.26,93.16248584270477,84.16800334453582,100.46799447059631
2024-06-18,MG92,88.02,88.61831141412259,79.92678202092648,95.62943768262863
2024-06-19,MG95,94.52,93.16024500370025,83.6049172925949,101.00895084381104
2024-06-19,MG92,89.28,88.60228670597077,79.37236328482628,96.09888238549233
2024-06-20,MG95,94.85,92.7648372554779,82.79533895015716,101.03600813865661
2024-06-20,MG92,89.61,88.24387679636479,78.60404953122139,96.07020491242409
2024-06-21,MG95,95.95,92.82394077777862,82.51688404560089,101.42423070907593
2024-06-21,MG92,90.71,88.28470709323884,78.32934784650803,96.41220718026162
2024-06-24,MG95,95.52,92.80132056713104,82.26754889965056,101.62775686264038
2024-06-24,MG92,90.28,88.25693908751012,78.08827517926693,96.58363379597664
2024-06-25,MG95,95.57,92.81345565795898,81.6327058315277,102.2856605052948
2024-06-25,MG92,90.33,88.24208977282048,77.47474106609822,97.1458016192913
2024-06-26,MG95,95.65,92.84317185878753,81.90260429859161,102.07255783081054
2024-06-26,MG92,90.41,88.27793661415578,77.73352973163128,96.96883310317993
2024-06-27,MG95,96.51,92.72146420001984,80.90656250953674,102.84170073509216
2024-06-27,MG92,91.27,88.13328875899315,76.782040746212,97.60285416483879
2024-06-28,MG95,97.45,92.72373848438262,80.82382984161377,102.93040897369384
2024-06-28,MG92,92.37,88.13118262410164,76.70308728039265,97.67776023507119
2024-07-01,MG95,97.87,92.7565316581726,80.65310801029204,103.16857336997985
2024-07-01,MG92,93.14,88.14965385258198,76.53984587073326,97.88215105295181
2024-07-02,MG95,99.67,92.70179275512695,80.74033350467681,102.97294032096862
2024-07-02,MG92,95.23,88.10904693365097,76.62404871821404,97.7104265999794
2024-07-03,MG95,99.3,92.50835037708282,80.29574993133545,103.05355478286742
2024-07-03,MG92,94.88,87.92790337741376,76.20511934161186,97.75113457083702
2024-07-04,MG95,99.01,92.69032657146454,79.99382195949553,103.71787993431091
2024-07-04,MG92,94.59,88.0606802904606,75.91646185398102,98.33130027413368
2024-07-05,MG95,99.01,92.70852084636688,79.9264184141159,103.82328855514525
2024-07-05,MG92,94.59,88.0717268615961,75.85265022158623,98.42147050380707
2024-07-08,MG95,98.17,92.38068387031555,79.38582436561585,103.74765745162964
2024-07-08,MG92,93.75,87.77436827123165,75.34627901732922,98.31207913398742
2024-07-09,MG95,97.03,92.50296567440033,79.2259555530548,104.15178886413574
2024-07-09,MG92,92.61,87.864315122962,75.19547763168812,98.6641227722168
2024-07-10,MG95,95.6,92.50520093917847,79.35989306449889,104.01610104560852
2024-07-10,MG92,91.18,87.87407461166383,75.32116495430469,98.55226360797883
2024-07-11,MG95,96.48,92.43551196098328,78.94838695049286,104.31165767669677
2024-07-11,MG92,92.06,87.79291395902634,74.93560930609704,98.78629987001419
2024-07-12,MG95,98.5,92.31924474716186,78.50034178256988,104.5580942249298
2024-07-12,MG92,94.08,87.6709708762169,74.51696181118488,98.97217159271241
2024-07-15,MG95,97.85,92.40891732692718,78.39503349781036,104.84445338249206
2024-07-15,MG92,93.43,87.73635147273541,74.41939351677895,99.21995091676712
2024-07-16,MG95,96.55,91.82270938396454,77.38380751609802,104.78843240737915
2024-07-16,MG92,92.13,87.19712775528431,73.47515899598599,99.08858341217041
2024-07-17,MG95,96.37,91.88781077384948,77.52084429740906,104.76668177604675
2024-07-17,MG92,91.95,87.25886516392231,73.60296309053898,99.08029715418816
2024-07-18,MG95,97.64,92.47431972503662,78.08036841869354,105.30809523582458
2024-07-18,MG92,93.22,87.76766693294049,74.12798635303974,99.60796904087067
2024-07-19,MG95,96.84,92.49819971084594,78.23834199428558,105.18629838943481
2024-07-19,MG92,92.42,87.79752511799336,74.27457015037537,99.51232073307038
2024-07-22,MG95,95.04,92.3523445034027,77.91416728496552,105.24655577659607
2024-07-22,MG92,90.62,87.6586691337824,73.97280782341957,99.53979622006416
2024-07-23,MG95,94.99,91.89764370918273,76.67386289596557,105.69846945762635
2024-07-23,MG92,90.57,87.20664791047574,72.82218272030354,99.83843125581741
2024-07-24,MG95,93.51,92.41483158111572,76.957418217659,106.40443408012389
2024-07-24,MG92,89.09,87.63877785980702,73.09343800246715,100.48508912682534
2024-07-25,MG95,94.15,92.82171666145324,77.53975764751434,106.58260865211486
2024-07-25,MG92,89.73,88.0045007377863,73.63511355876923,100.69083084940911
2024-07-26,MG95,95.36,91.67780736923217,75.74528039455413,106.28806653022765
2024-07-26,MG92,90.94,86.96038436532021,71.96783122897149,100.27925167083741
2024-07-29,MG95,95.11,92.03129136085509,76.56492021560669,106.07744996070862
2024-07-29,MG92,90.69,87.30481187939644,72.72543347835541,100.16389291882516
2024-07-30,MG95,93.01,92.34066649913787,76.42051988124847,106.84614692687988
2024-07-30,MG92,88.91,87.53822055578232,72.60153317928315,100.8271658539772
2024-07-31,MG95,93.39,91.73486515045165,74.97847309112548,107.25099184036254
2024-07-31,MG92,89.28,86.94217374444008,71.27483307182789,101.05434122204781
2024-08-01,MG95,93.51,92.13583597660065,75.90651489257812,107.00778834342957
2024-08-01,MG92,89.4,87.33535083532334,72.12830700695515,100.92406933307649
2024-08-02,MG95,92.86,91.97261147975921,75.61384571075439,107.01007377624511
2024-08-02,MG92,87.7,87.18274115204811,71.85769526600838,100.90042318224907
2024-08-05,MG95,87.55,91.9287088727951,75.71689643383026,106.80929014205933
2024-08-05,MG92,82.85,87.15661656975746,71.94974293410779,100.73385769605638
2024-08-06,MG95,87.23,92.02406716346741,75.42432758808135,107.32295510292053
2024-08-06,MG92,83.27,87.20733931839466,71.68789611816406,101.15672277927399
2024-08-07,MG95,87.3,92.09304264068604,75.42754949092864,107.45623485565186
2024-08-07,MG92,82.76,87.26172652900219,71.69320932209492,101.27310268759727
2024-08-08,MG95,89.62,91.87803358078003,75.23640369415283,107.2442135810852
2024-08-08,MG92,85.03,87.07669513285161,71.51292204797268,101.07141367912293
2024-08-09,MG95,89.62,91.91493495941161,75.21488718032836,107.34111593246459
2024-08-09,MG92,85.03,87.10386746406556,71.49482311606407,101.15391459941864
2024-08-12,MG95,91.37,92.41940244674682,75.60166045188903,107.91443626403809
2024-08-12,MG92,86.89,87.5319234251976,71.86187030613422,101.68704329013825
2024-08-13,MG95,91.98,92.17016206264495,75.30291536331177,107.7496286869049
2024-08-13,MG92,87.5,87.31141748428345,71.58349884092809,101.51710586071015
2024-08-14,MG95,90.6,91.84875216960907,74.98242521762847,107.47087277412415
2024-08-14,MG92,86.12,87.03196635901928,71.28266725540162,101.24607395648957
2024-08-15,MG95,88.66,91.66092861175537,74.7921601486206,107.31470524787902
2024-08-15,MG92,83.84,86.86804417848587,71.10404467880726,101.09313452482223
2024-08-16,MG95,90.15,91.25550955295563,73.91418604850769,107.5121109008789
2024-08-16,MG92,85.99,86.47210677444936,70.29837362349033,101.18516623735428
2024-08-19,MG95,88.79,91.33252306461334,74.05315708637237,107.50486440658568
2024-08-19,MG92,84.63,86.54506626546383,70.42630536258221,101.19154846429825
2024-08-20,MG95,87.02,91.97105627059936,74.58459825515747,108.16265656471252
2024-08-20,MG92,82.86,87.09253369271755,70.92990561664105,101.80991179585457
2024-08-21,MG95,87.66,91.52115488529205,74.11745578765868,107.80117913246154
2024-08-21,MG92,83.5,86.69884070515633,70.49209548532963,101.45424092531205
2024-06-27,MG95,96.51,95.53664905428887,93.79401366710664,95.93849132657051
2024-06-27,MG92,91.27,90.40076350092887,89.41884389460087,91.2337405180931
2024-06-28,MG95,97.45,95.3567367821932,93.40938327014447,95.95480811595917
2024-06-28,MG92,92.37,90.17389266610145,88.99732219457626,91.22455790758133
2024-07-01,MG95,97.87,95.22765056788921,92.97226777076722,96.10311872363091
2024-07-01,MG92,93.14,89.99595803201198,88.560797919631,91.35365334033966
2024-07-02,MG95,99.67,94.73128836154939,91.61815668940545,96.42203156948091
2024-07-02,MG92,95.23,89.39083801031113,87.12350920915603,91.59114022135734
2024-07-03,MG95,99.3,94.49178161025048,90.83161560595036,96.6985276043415
2024-07-03,MG92,94.88,89.10717402279377,86.30982429623603,91.82718288898468
2024-07-04,MG95,99.01,94.35787219405175,90.35272752940655,96.88784112930298
2024-07-04,MG92,94.59,88.94943143188954,85.82501048326492,91.997028850317
2024-07-05,MG95,99.01,94.07113683223724,89.29872108697892,97.32451763749123
2024-07-05,MG92,94.59,88.62290987312794,84.75918100118636,92.3933899819851
2024-07-08,MG95,98.17,93.88982206881047,88.60932818353177,97.6253691315651
2024-07-08,MG92,93.75,88.42405570030212,84.06353897750377,92.66976284742356
2024-07-09,MG95,97.03,93.70183691978455,87.81497647762299,98.0239959359169
2024-07-09,MG92,92.61,88.24370685875415,83.2335851085186,93.02245269060134
2024-07-10,MG95,95.6,93.56475764513016,87.25757169127465,98.28768711090089
2024-07-10,MG92,91.18,88.09935557484627,82.68018732607365,93.27224771857261
2024-07-11,MG95,96.48,93.53250034451486,87.06544748246671,98.41184750199318
2024-07-11,MG92,92.06,88.07773009598255,82.4731528699398,93.38001405954361
2024-07-12,MG95,98.5,93.46633239984513,86.86014213562012,98.47530168294907
2024-07-12,MG92,94.08,87.9962829273939,82.28734511733055,93.45153495550156
2024-07-15,MG95,97.85,93.36655027270318,86.44554631412029,98.67834365963937
2024-07-15,MG92,93.43,87.89511254608631,81.87522158205509,93.64452066421508
2024-07-16,MG95,96.55,93.28391160666943,86.03287749290467,98.91647072434426
2024-07-16,MG92,92.13,87.82402814745903,81.4529454421997,93.86342676997184
2024-07-17,MG95,96.37,93.2396191060543,85.8461180984974,99.0099131345749
2024-07-17,MG92,91.95,87.77995269477367,81.26827473819256,93.95311888813973
2024-07-18,MG95,97.64,92.9409967750311,84.76553273499013,99.46900669932366
2024-07-18,MG92,93.22,87.45808171868325,80.22676516294479,94.41390918135643
2024-07-19,MG95,96.84,92.98863587081433,84.66963311433793,99.66072612404824
2024-07-19,MG92,92.42,87.55084548473357,80.09333170115947,94.57070333361625
2024-07-22,MG95,95.04,92.89601443111897,84.33255059421063,99.80740619301797
2024-07-22,MG92,90.62,87.45377063393593,79.76853996515274,94.71851965188979
2024-07-23,MG95,94.99,92.6285091638565,83.32311601042748,100.2728280723095
2024-07-23,MG92,90.57,87.18223696112632,78.78932556450367,95.18300670027733
2024-07-24,MG95,93.51,92.80480688512326,83.92318275868894,100.02941030859948
2024-07-24,MG92,89.09,87.36988231360912,79.3640739941597,94.93299611806869
2024-07-25,MG95,94.15,92.66745395362378,83.33152525722981,100.34173258543015
2024-07-25,MG92,89.73,87.24142276585101,78.78288588166237,95.23781136512756
2024-07-26,MG95,95.36,92.59873757958412,83.21092810630799,100.32508512735367
2024-07-26,MG92,90.94,87.15232881069183,78.68038984179496,95.23519238114356
2024-07-29,MG95,95.11,92.35273717939855,82.27665793597698,100.76883110404015
2024-07-29,MG92,90.69,86.9090111875534,77.77192573070526,95.67802700638771
2024-07-30,MG95,93.01,92.41980591118336,82.46867382228375,100.70960720181466
2024-07-30,MG92,88.91,86.98448750376701,77.95282423555851,95.61309129238128
2024-07-31,MG95,93.39,92.25482504069805,81.89981535673142,100.95292234420776
2024-07-31,MG92,89.28,86.81422660052776,77.40487458646297,95.86151755094528
2024-08-01,MG95,93.51,92.30361007452012,81.85816250443459,101.09059454202652
2024-08-01,MG92,89.4,86.89554443657399,77.34558639347553,95.97954427361488
2024-08-02,MG95,92.86,92.14162802696228,81.36693706512452,101.26541565656663
2024-08-02,MG92,87.7,86.72061139523983,76.87829714000225,96.16554602503776
2024-08-05,MG95,87.55,92.23276715874673,81.40933677256108,101.40103542804718
2024-08-05,MG92,82.85,86.85184081494808,76.89702880322933,96.27620079278945
2024-08-06,MG95,87.23,92.00973682999611,80.74092422723771,101.63801085352898
2024-08-06,MG92,83.27,86.61299055337905,76.26124080240726,96.52946624398231
2024-08-07,MG95,87.3,92.22126216888428,81.38352181017399,101.40447894334794
2024-08-07,MG92,82.76,86.83833634197711,76.87329089283944,96.28119087338447
2024-08-08,MG95,89.62,92.06442829072476,80.85036416053772,101.63432788848877
2024-08-08,MG92,85.03,86.67929503679275,76.36079991579055,96.51781553745269
2024-08-09,MG95,89.62,92.00209154188633,80.53242621719838,101.8335956811905
2024-08-09,MG92,85.03,86.63138810753821,76.04732477724552,96.71208379387855
2024-08-12,MG95,91.37,92.2209657073021,81.35083692073823,101.43661081790924
2024-08-12,MG92,86.89,86.84231870651244,76.83940037786961,96.3108834695816
2024-08-13,MG95,91.98,91.66450161635876,79.35018873810769,102.3788455426693
2024-08-13,MG92,87.5,86.30004352271557,74.90674647450447,97.26983038306236
2024-08-14,MG95,90.6,91.98046694993974,80.75201303064824,101.56956243515015
2024-08-14,MG92,86.12,86.56674339175224,76.28044668495654,96.47044749379158
2024-08-15,MG95,88.66,91.35446551442146,78.18918246924878,102.9723502278328
2024-08-15,MG92,83.84,86.01242950379849,73.78123002409934,97.87075248599052
2024-08-16,MG95,90.15,91.91744035780431,80.26426531374454,101.9401508152485
2024-08-16,MG92,85.99,86.54374375462531,75.7906697356701,96.82375166654586
2024-08-19,MG95,88.79,91.33112486600876,78.06836867332458,103.05239485502244
2024-08-19,MG92,84.63,85.99606893718243,73.66258358299731,97.9495698928833
2024-08-20,MG95,87.02,91.21408525407315,77.76962091624738,103.13598561882974
2024-08-20,MG92,82.86,85.86759322285651,73.37924831569194,98.04385331630706
2024-08-21,MG95,87.66,91.32881018519402,78.03411595821382,103.08345490694046
2024-08-21,MG92,83.5,85.99778798222542,73.62823501527309,97.97928404450415
2024-08-22,MG95,85.72,90.76665061116219,76.01660937368871,104.11499298214913
2024-08-22,MG92,81.82,85.47780649542808,71.67666083872318,99.03279460191726
2024-08-23,MG95,87.27,90.93733266592027,76.62193831503392,103.8035828948021
2024-08-23,MG92,83.04,85.63504253387451,72.2619983702898,98.71403299570083
2024-08-26,MG95,89.06,91.05839161276818,76.92566890716553,103.71784848570825
2024-08-26,MG92,85.58,85.76654139637947,72.55060393869877,98.61715214371681
2024-08-27,MG95,89.58,91.01783338785172,76.49144390821458,104.09719388484956
2024-08-27,MG92,86.1,85.7714236998558,72.12041156947612,98.984866117239
2024-08-28,MG95,86.67,90.95084447264672,76.45610226690769,104.00509695410729
2024-08-28,MG92,83.14,85.68004486978053,72.09362895548344,98.90513260483742
2024-08-29,MG95,86.07,91.09237067103386,76.95632987618447,103.75134864449501
2024-08-29,MG92,81.88,85.81145751059054,72.57664827942848,98.64484008550643
2024-08-30,MG95,89.03,90.6921019256115,75.51895869970322,104.50233144164086
2024-08-30,MG92,84.84,85.4457535803318,71.1877784395218,99.41378671646117
2024-09-02,MG95,86.59,90.78027074038982,75.93407332897186,104.22934733629228
2024-09-02,MG92,82.4,85.51063540577888,71.59226596593857,99.14089505195618
2024-09-03,MG95,87.9,90.46430540680886,74.73079847991467,104.91069586873056
2024-09-03,MG92,83.71,85.2365635818243,70.42700670301915,99.83425758957863
2024-09-04,MG95,81.98,90.3014510780573,74.38927473723889,104.96619119644166
2024-09-04,MG92,77.79,85.05301375985145,70.10358373641968,99.90626348257065
2024-09-05,MG95,80.92,90.82443211376668,76.3039718657732,103.92143777608872
2024-09-05,MG92,77.08,85.5178349173069,71.95765734255313,98.84040166735649
2024-09-06,MG95,80.78,90.49858662784101,74.94588135778905,104.74433531165124
2024-09-06,MG92,76.35,85.25287025988102,70.63757085978985,99.66967115163803
2024-09-09,MG95,81.59,90.40290365219117,73.98457617163659,105.60465542078019
2024-09-09,MG92,77.16,85.26060865700245,69.69317924618721,100.51312410473822
2024-09-10,MG95,80.21,90.34659875631333,74.3967888981104,105.04557448625565
2024-09-10,MG92,76.35,85.11789558529854,70.10659610688685,99.9780861544609
2024-09-11,MG95,79.47,90.49720694124699,74.53337216973306,105.18858299255372
2024-09-11,MG92,75.61,85.31362422168255,70.22776453256607,100.09900130391121
2024-09-12,MG95,80.35,90.29265415072442,74.16491033136845,105.19402192234993
2024-09-12,MG92,76.49,85.07612117409705,69.88144431710244,100.12787479400635
2024-09-13,MG95,80.31,89.9071970820427,72.80964761078359,105.94286107420922
2024-09-13,MG92,75.89,84.7340743213892,68.57230260074138,100.89788841843604
2024-09-16,MG95,80.46,89.72604195177556,71.87638655006886,106.6400360941887
2024-09-16,MG92,76.04,84.62295072317123,67.66580542206763,101.59832113504409
2024-09-17,MG95,82.54,89.79870354533196,72.39382603466511,106.19765840172768
2024-09-17,MG92,77.43,84.64461392402649,68.1700245052576,101.15806238293648
2024-09-18,MG95,83.86,90.05590677261353,73.18444346487523,105.81448180675507
2024-09-18,MG92,79.24,84.88865365386009,68.93102257370948,100.7567327260971
2024-07-25,MG95,94.15,91.67757984995842,91.26151949286461,94.37881749629975
2024-07-25,MG92,89.73,88.7021658539772,87.15337284505368,90.3052129495144
2024-07-26,MG95,95.36,91.75248944163323,90.82159285068512,94.76131345152855
2024-07-26,MG92,90.94,88.6359426265955,86.70470530211927,90.61015522003174
2024-07-29,MG95,95.11,91.91961474716663,90.82400065898896,94.92536768674852
2024-07-29,MG92,90.69,88.70212868273259,86.81056900680065,90.7328946697712
2024-07-30,MG95,93.01,92.01912634313108,90.51493728339672,95.27087703108788
2024-07-30,MG92,88.91,88.69772123515607,86.49026439189912,91.01915573477746
2024-07-31,MG95,93.39,92.1426937276125,89.95697229802609,95.85156013369561
2024-07-31,MG92,89.28,88.67352275490761,85.87977980077267,91.51170658707619
2024-08-01,MG95,93.51,92.00490243852138,89.31589891076088,96.18124036788942
2024-08-01,MG92,89.4,88.4829139226675,85.10787642478944,91.79613033056259
2024-08-02,MG95,92.86,92.51679579555989,89.20187358140946,96.95863917946816
2024-08-02,MG92,87.7,88.81003680586815,85.07978558421135,92.4767889213562
2024-08-05,MG95,87.55,92.61202126979829,88.80694843053818,97.42084919571877
2024-08-05,MG92,82.85,88.82323790788651,84.64046395421029,92.88816839575767
2024-08-06,MG95,87.23,92.71788123071194,88.97463667273522,97.43792679905891
2024-08-06,MG92,83.27,88.9313584381342,84.83782202243805,92.90530964970588
2024-08-07,MG95,87.3,92.70317799389363,87.41944332182408,98.73795377969742
2024-08-07,MG92,82.76,88.70682287991048,83.10505259335041,94.07537546753883
2024-08-08,MG95,89.62,92.88403672456742,88.44511949658394,98.13289161801339
2024-08-08,MG92,85.03,88.99052443921566,84.24745769500733,93.53276025891304
2024-08-09,MG95,89.62,92.82010718464852,87.78686260700226,98.59894743919374
2024-08-09,MG92,85.03,88.84963480174542,83.51352209031582,93.95289090633392
2024-08-12,MG95,91.37,93.06846815228462,87.73318854689599,99.03588661551476
2024-08-12,MG92,86.89,89.05326418995858,83.45862016201019,94.35882213830948
2024-08-13,MG95,91.98,93.31107713341713,87.72927028477193,99.43055537939073
2024-08-13,MG92,87.5,89.26614921808243,83.45130804717542,94.72849547624588
2024-08-14,MG95,90.6,93.01693993985653,86.5063656270504,100.05163615465165
2024-08-14,MG92,86.12,88.86763630449772,82.12312637507915,95.29314792275429
2024-08-15,MG95,88.66,93.3279373651743,86.91298982799054,100.19198016643524
2024-08-15,MG92,83.84,89.18770727157593,82.55941058337689,95.43395259737969
2024-08-16,MG95,90.15,93.1134640699625,85.97782383620739,100.69954838633538
2024-08-16,MG92,85.99,88.90003369927406,81.55794822096824,95.90049419879914
2024-08-19,MG95,88.79,93.12492902755737,86.29069400131704,100.42745490074158
2024-08-19,MG92,84.63,88.94091675817967,81.8918946826458,95.64657211661338
2024-08-20,MG95,87.02,93.37434341132641,85.83305993556976,101.27593979358673
2024-08-20,MG92,82.86,89.12393203616142,81.40075633764268,96.45085164666176
2024-08-21,MG95,87.66,92.99113403141499,85.12893206834794,101.29886970877648
2024-08-21,MG92,83.5,88.71379514336586,80.66107512056828,96.45976212501526
2024-08-22,MG95,85.72,93.27458100199699,85.40011705219746,101.51944055557252
2024-08-22,MG92,81.82,88.99451238274574,80.94485102236271,96.67764934062959
2024-08-23,MG95,87.27,93.52374457240106,85.75423208177091,101.60774915456773
2024-08-23,MG92,83.04,89.25598553776742,81.31317026495934,96.76903750061989
2024-08-26,MG95,89.06,93.50641058206558,85.49166950404644,101.83057174801827
2024-08-26,MG92,85.58,89.2176885354519,81.03626042306423,96.97975597620011
2024-08-27,MG95,89.58,93.25411463141442,85.05596767365932,101.81708356261254
2024-08-27,MG92,86.1,88.94757041096688,80.58370051980019,96.95915248632431
2024-08-28,MG95,86.67,93.60437270879746,85.31103371858597,102.17712893486024
2024-08-28,MG92,83.14,89.29576938986779,80.84305491387845,97.31225806951524
2024-08-29,MG95,86.07,93.77618543744087,85.71305410087109,102.08766102075577
2024-08-29,MG92,81.88,89.49166184902191,81.25980297803879,97.23194694042206
2024-08-30,MG95,89.03,93.52031121611596,84.7104639029503,102.62139186143875
2024-08-30,MG92,84.84,89.17163867354394,80.21777085721493,97.73432162165642
2024-09-02,MG95,86.59,93.7344723880291,84.8237925285101,102.88907103180885
2024-09-02,MG92,82.4,89.3847361087799,80.32876950383186,97.99681433081628
2024-09-03,MG95,87.9,93.72906596660614,85.1920422846079,102.51384309053421
2024-09-03,MG92,83.71,89.40578565359115,80.71360339939595,97.63716660857202
2024-09-04,MG95,81.98,93.74392526507378,84.98218952894211,102.74808047890664
2024-09-04,MG92,77.79,89.40488292336464,80.49354432106018,97.86179774999619
2024-09-05,MG95,80.92,93.5365081858635,84.6337651759386,102.72653282403947
2024-09-05,MG92,77.08,89.18178111314774,80.13759248256683,97.83554423093796
2024-09-06,MG95,80.78,93.44279316544534,83.93972000598907,103.2599515414238
2024-09-06,MG92,76.35,89.04792215108871,79.42263545334339,98.34618154883385
2024-09-09,MG95,81.59,93.20145497202874,83.14892776072026,103.64084229111673
2024-09-09,MG92,77.16,88.77321072280407,78.61786207675934,98.70865428566933
2024-09-10,MG95,80.21,93.67139003992081,83.59205924034119,104.03196622610093
2024-09-10,MG92,76.35,89.25009124040604,79.060672493577,99.09917538166046
2024-09-11,MG95,79.47,93.57287055015564,83.81414054095745,103.62268340349198
2024-09-11,MG92,75.61,89.1659886443615,79.29069877564908,98.69999869585038
2024-09-12,MG95,80.35,93.71380536675454,84.10652761459352,103.57774879574777
2024-09-12,MG92,76.49,89.31947402358055,79.58691642403603,98.6598537516594
2024-09-13,MG95,80.31,93.75308831334115,83.77044327914716,103.99598286867142
2024-09-13,MG92,75.89,89.33934470891953,79.24055476665497,99.06599739074707
2024-09-16,MG95,80.46,93.70246860265732,83.81256320357323,103.85980793237687
2024-09-16,MG92,76.04,89.29200978398323,79.28535142660141,98.9327437889576
2024-09-17,MG95,82.54,93.75551841616631,83.28153557360173,104.51261381149293
2024-09-17,MG92,77.43,89.31789159059525,78.74172728419305,99.56888184905053
2024-09-18,MG95,83.86,93.41292408049107,82.89512135624886,104.29009219408036
2024-09-18,MG92,79.24,88.9645417392254,78.35798197507859,99.34496227145195
2024-09-19,MG95,86.33,93.71898884296418,83.30629363954068,104.4189210855961
2024-09-19,MG92,81.71,89.28296124100686,78.76801797449589,99.47679274559022
2024-09-20,MG95,85.86,94.10704728126527,83.76899970889092,104.65242275476456
2024-09-20,MG92,81.24,89.69040056347848,79.22483664035798,99.71183183550835
2024-09-23,MG95,85.82,93.43983356773853,82.45223511636257,104.81149416446686
2024-09-23,MG92,81.16,88.97228928864003,77.91083845317364,99.85524911761284
2024-09-24,MG95,85.14,93.78436752676964,82.4678858703375,105.43929673790932
2024-09-24,MG92,80.48,89.31453555822372,77.91878778934479,100.47725148439407
2024-09-25,MG95,84.78,93.35120727181435,81.59514453828335,105.57897191405297
2024-09-25,MG92,80.12,88.85613976955415,77.05528384625912,100.60880582928658
2024-09-26,MG95,81.86,93.83114143252374,82.5220392626524,105.46879238963128
2024-09-26,MG92,77.2,89.36326174974442,77.97180991470815,100.50694599866867
2024-09-27,MG95,81.67,93.5698496425152,81.76778773784638,105.80147123694421
2024-09-27,MG92,77.01,89.07854063630104,77.22374392688275,100.83135538101196
2024-09-30,MG95,81.6,93.51994335651398,82.00889741241933,105.44186060786248
2024-09-30,MG92,76.94,89.03588928818704,77.46513398945332,100.47594518065453
2024-10-01,MG95,79.71,93.47467990458013,81.41746835052967,106.00975780248642
2024-10-01,MG92,73.6,88.97429653584958,76.87730261683464,101.03622204065323
2024-10-02,MG95,84.21,93.26464879274369,81.25447310507298,105.79313308596612
2024-10-02,MG92,78.2,88.76117254972458,76.71820437967777,100.81938624024392
2024-10-03,MG95,84.86,93.26721823632718,80.56022728443146,106.5796726512909
2024-10-03,MG92,78.85,88.74899631202221,76.03408355295659,101.60021602511407
2024-10-04,MG95,88.97,92.86379329919815,80.22311740100385,106.1932863020897
2024-10-04,MG92,82.55,88.34196056306362,75.70385421574116,101.2124243605137
2024-10-07,MG95,88.88,93.4851639032364,81.28861159086227,106.17384547948838
2024-10-07,MG92,82.46,88.98178388655187,76.74950787782669,101.19890464782715
2024-10-08,MG95,90.15,93.4686715310812,80.81152555525303,106.68133566856385
2024-10-08,MG92,83.73,88.955817117095,76.27900488376618,101.70282990098
2024-10-09,MG95,88.5,93.16523194849492,80.08796243906022,106.92470266342164
2024-10-09,MG92,82.08,88.63969161212445,75.57248041689397,101.94371018648148
2024-10-10,MG95,88.37,92.52719618976117,78.46454227924347,107.58874498128891
2024-10-10,MG92,81.95,87.98719289422036,73.99790118455887,102.60911794662476
2024-10-11,MG95,89.88,92.43033206820489,78.59760155618191,107.24372611641884
2024-10-11,MG92,83.46,87.8917105871439,74.12376301884652,102.26184293866157
2024-10-14,MG95,89.17,93.32640461683273,79.71662489175797,107.67178092598915
2024-10-14,MG92,82.75,88.79936334848404,75.21019884645939,102.6920098221302
2024-10-15,MG95,84.88,93.12492345392704,79.39295860469342,107.6571891617775
2024-10-15,MG92,78.39,88.59287177443505,74.89709483265877,102.6773324906826
2024-10-16,MG95,84.95,92.74296814084053,78.07979457736016,108.47576595425606
2024-10-16,MG92,78.46,88.2044269579649,73.63265653491021,103.50394662857056
2024-08-22,MG95,85.72,86.93150707483291,83.3364013338089,89.20339596033097
2024-08-22,MG92,81.82,82.79926499724388,79.57001113891602,84.94401329755783
2024-08-23,MG95,87.27,86.9530024909973,82.76471417784691,89.59544434547423
2024-08-23,MG92,83.04,82.7838014960289,79.0045008957386,85.3477166891098
2024-08-26,MG95,89.06,87.18604540586472,82.76372143864631,90.11668467521667
2024-08-26,MG92,85.58,83.05927777290344,79.0079051554203,85.87415260076523
2024-08-27,MG95,89.58,87.01472996950149,82.02279837369919,90.19978217124938
2024-08-27,MG92,86.1,82.8104433119297,78.27247557044029,85.96520161628723
2024-08-28,MG95,86.67,87.0440366756916,81.55201009511947,90.57221611976624
2024-08-28,MG92,83.14,82.81873995065689,77.80821219086647,86.34376126527786
2024-08-29,MG95,86.07,86.92219622612,80.99190663814544,90.67222153186798
2024-08-29,MG92,81.88,82.64575976133347,77.24919193983078,86.4510253071785
2024-08-30,MG95,89.03,87.2032406938076,80.94670565485954,91.33634315729141
2024-08-30,MG92,84.84,82.97427579760551,77.21603524684906,87.11058568954468
2024-09-02,MG95,86.59,87.13359742641448,80.09805993676186,91.77343055248261
2024-09-02,MG92,82.4,82.85696321725845,76.37721371650696,87.5534480214119
2024-09-03,MG95,87.9,87.28646358847618,80.22283680438996,92.0280629324913
2024-09-03,MG92,83.71,83.0381156206131,76.50537115335464,87.80140155553818
2024-09-04,MG95,81.98,87.1773772251606,79.68578057169914,92.1699514889717
2024-09-04,MG92,77.79,82.89241927862167,75.97300267219543,87.94840186834335
2024-09-05,MG95,80.92,87.20303692102432,79.3763698875904,92.45548418283462
2024-09-05,MG92,77.08,82.9114861190319,75.6696005165577,88.2320105433464
2024-09-06,MG95,80.78,87.29097271442413,78.78471299886704,93.09941662788391
2024-09-06,MG92,76.35,82.99411904811859,75.09147360920906,88.8669746518135
2024-09-09,MG95,81.59,87.38127540707588,78.51537762880325,93.51065100431443
2024-09-09,MG92,77.16,83.08908993005753,74.83016681671143,89.26869720220566
2024-09-10,MG95,80.21,87.38616072893143,78.28260641098022,93.70303341150283
2024-09-10,MG92,76.35,83.08868679404259,74.60197192430496,89.4578127861023
2024-09-11,MG95,79.47,87.13368625044822,77.85626149892806,93.46564334392548
2024-09-11,MG92,75.61,82.79187914729118,74.17309990525246,89.23613774776459
2024-09-12,MG95,80.35,87.09121268749237,77.28397869944573,93.82897544145584
2024-09-12,MG92,76.49,82.73271769285202,73.60977455973625,89.59545636177063
2024-09-13,MG95,80.31,87.38652125000954,77.31538583278656,94.47839407682419
2024-09-13,MG92,75.89,83.06885349750519,73.65414440631866,90.21727126836777
2024-09-16,MG95,80.46,87.32829970836639,76.57979743480682,94.95669582366943
2024-09-16,MG92,76.04,82.9924368262291,72.9321576654911,90.68542665243149
2024-09-17,MG95,82.54,86.96703146338463,75.84304387450219,94.75211839914321
2024-09-17,MG92,77.43,82.57397666573524,72.19278132915497,90.50255221128464
2024-09-18,MG95,83.86,87.6006864452362,76.47301527142524,95.67056935787201
2024-09-18,MG92,79.24,83.29465445876122,72.83700263500214,91.3651836514473
2024-09-19,MG95,86.33,87.53842079758644,76.35469643354416,95.62933410644531
2024-09-19,MG92,81.71,83.22436943650246,72.71969005465508,91.32791596651077
2024-09-20,MG95,85.86,87.36455558896064,75.54039426684379,95.93755350351333
2024-09-20,MG92,81.24,83.02358281612396,71.91859409213066,91.63201987743378
2024-09-23,MG95,85.82,87.65229843378067,75.94560428380966,96.24392327070235
2024-09-23,MG92,81.16,83.34579300880432,72.323397397995,91.91539961099625
2024-09-24,MG95,85.14,87.42525897860527,75.15574962615966,96.42062039852142
2024-09-24,MG92,80.48,83.08940348029137,71.54596701264381,92.09355586767197
2024-09-25,MG95,84.78,87.44033293962478,75.01795742511749,96.5797199177742
2024-09-25,MG92,80.12,83.10566329956055,71.41227516531944,92.24536395072937
2024-09-26,MG95,81.86,87.7558568072319,74.9730229139328,97.35070208072662
2024-09-26,MG92,77.2,83.45300230383873,71.37772491574287,92.9702622294426
2024-09-27,MG95,81.67,87.06833788633347,74.40954936861992,96.26728921651839
2024-09-27,MG92,77.01,82.68679502606392,70.80206161737442,91.95974457263947
2024-09-30,MG95,81.6,87.4707368838787,73.98364335179329,97.60630630016327
2024-09-30,MG92,76.94,83.13894441723824,70.40688380599022,93.22248601913452
2024-10-01,MG95,79.71,87.51830476641655,73.88803211688995,97.80813540458679
2024-10-01,MG92,73.6,83.19178012013435,70.31563073396683,93.412378013134
2024-10-02,MG95,84.21,87.75767508745193,74.25296827197074,98.02200277805328
2024-10-02,MG92,78.2,83.45387825369835,70.67708945274353,93.60768496990204
2024-10-03,MG95,84.86,87.4709249818325,73.44203096866607,98.1238996195793
2024-10-03,MG92,78.85,83.14116415381432,69.88075149059296,93.7124605178833
2024-10-04,MG95,88.97,87.78514783859252,74.33091919898986,98.01269192934036
2024-10-04,MG92,82.55,83.48380488157272,70.75348123908043,93.59802961349487
2024-10-07,MG95,88.88,87.69605210781097,73.42775642395019,98.66673986434937
2024-10-07,MG92,82.46,83.38881906867027,69.87383845448494,94.21836137771606
2024-10-08,MG95,90.15,87.42647116541862,72.74868101119995,98.69751477956771
2024-10-08,MG92,83.73,83.0967544913292,69.20652890205383,94.25413596630096
2024-10-09,MG95,88.5,87.7984191942215,73.13764145493506,99.19115695953369
2024-10-09,MG92,82.08,83.50204056501389,69.59465929865837,94.70883357524872
2024-10-10,MG95,88.37,87.86479687213897,73.31162683725357,99.17620317220687
2024-10-10,MG92,81.95,83.57310199737549,69.76477274298668,94.69313615560532
2024-10-11,MG95,89.88,87.7400043296814,72.99086235165596,99.19855547904967
2024-10-11,MG92,83.46,83.43940517306328,69.45098361372948,94.71717500686646
2024-10-14,MG95,89.17,87.92568835973739,72.65988832712173,99.96758351325988
2024-10-14,MG92,82.75,83.64360600709915,69.13370063900948,95.43287581205368
2024-10-15,MG95,84.88,87.96258690834046,72.65469995856284,100.06007545709609
2024-10-15,MG92,78.39,83.68353140354156,69.12921139597893,95.51845014095306
2024-10-16,MG95,84.95,87.9005459332466,72.32351171135902,100.24937514781952
2024-10-16,MG92,78.46,83.61960697174072,68.80737447738647,95.69626796245575
2024-10-17,MG95,85.98,87.30936973929406,70.99739501237869,100.21474422454834
2024-10-17,MG92,79.49,82.98939588665962,67.50792276859283,95.67354303598404
2024-10-18,MG95,87.47,88.15013101816177,72.546318962574,100.61340738773346
2024-10-18,MG92,80.98,83.88610476255417,69.02610811591148,96.03050255775452
2024-10-21,MG95,85.8,88.57088524103165,72.44430194735527,101.71375951766967
2024-10-21,MG92,79.31,84.3340038061142,68.92671766877174,97.04446429014206
2024-10-22,MG95,84.73,88.25349084377288,72.15492892026901,101.26102864265441
2024-10-22,MG92,79.06,84.00063520669937,68.64749372005463,96.63036894798279
2024-10-23,MG95,85.75,87.73553177833557,71.51737090587616,100.69102914333344
2024-10-23,MG92,79.75,83.45028486847878,68.02392193675041,96.10980588197708
2024-10-24,MG95,85.97,88.46737911701202,72.65090664982796,101.2563679933548
2024-10-24,MG92,79.98,84.22268849611282,69.12760382890701,96.6221370100975
2024-10-25,MG95,84.63,88.35163617610931,71.97693078160286,101.68019448280334
2024-10-25,MG92,78.9,84.107282102108,68.47527003288269,97.01708090305328
2024-10-28,MG95,82.69,88.04151489973069,70.67043896913528,102.33675039052963
2024-10-28,MG92,76.96,83.79546386003494,67.21066719293594,97.62660264968872
2024-10-29,MG95,82.16,88.22661373615264,71.09615166306496,102.31961257696152
2024-10-29,MG92,76.43,83.98672950267792,67.62322464585304,97.60906374454498
2024-10-30,MG95,82.79,88.4402721118927,71.36474509119988,102.54285349845885
2024-10-30,MG92,77.26,84.20996731519699,67.88284921646118,97.81219452619553
2024-10-31,MG95,82.79,88.64140107393264,71.3068213713169,103.08835846424103
2024-10-31,MG92,77.26,84.42353981733322,67.82538989186287,98.31162530183792
2024-11-01,MG95,84.91,88.21522336006164,70.57686546206475,102.86034194469451
2024-11-01,MG92,79.38,83.98371344804764,67.12155920267105,98.10628473758698
2024-11-04,MG95,85.84,88.4903793168068,70.62902084469795,103.46906872272491
2024-11-04,MG92,80.31,84.27587258815765,67.17169240117073,98.66233372688293
2024-11-05,MG95,86.73,88.45328222036362,70.24479942440986,103.80927522182465
2024-11-05,MG92,81.2,84.24413931369781,66.80095160007477,98.97385334968567
2024-11-06,MG95,84.52,88.30842589616775,69.93676812529564,103.80490716934203
2024-11-06,MG92,78.99,84.09637254476547,66.50405436754227,98.970478951931
2024-11-07,MG95,85.19,88.99527602434158,71.75310466647147,103.45338344335556
2024-11-07,MG92,79.66,84.787218272686,68.25106170773506,98.64257508516312
2024-11-08,MG95,85.81,88.29936584472657,69.77811795115471,103.96375589132309
2024-11-08,MG92,79.85,84.09022098779678,66.35104683041573,99.115478515625
2024-11-11,MG95,84.45,89.11520936965942,70.37702706098557,105.27097397089004
2024-11-11,MG92,78.49,84.93755316734314,66.91860261559486,100.30323666334152
2024-11-12,MG95,82.87,88.50183239221573,70.37127439856529,103.78494788646698
2024-11-12,MG92,76.91,84.29307305812836,66.9227683544159,98.95133745670319
2024-11-13,MG95,82.32,88.42566317081452,69.6058097755909,104.471609916687
2024-11-13,MG92,76.36,84.22889977693558,66.18468603491783,99.57808953523636
2024-09-19,MG95,86.33,84.59632100820541,82.97680966734886,85.31842643737792
2024-09-19,MG92,81.71,79.7941863822937,78.59284939050674,80.3875270318985
2024-09-20,MG95,85.86,84.3496177315712,81.85034999012947,86.21853650808335
2024-09-20,MG92,81.24,79.6715282011032,77.434856030941,81.20508135795593
2024-09-23,MG95,85.82,84.87381470918655,81.95141355991363,87.14817739486695
2024-09-23,MG92,81.16,80.13079972743988,77.50946640014648,82.14096753120423
2024-09-24,MG95,85.14,84.73213876962662,81.99906873941421,86.80468421936035
2024-09-24,MG92,80.48,80.00083023071288,77.56560955762863,81.80183206558227
2024-09-25,MG95,84.78,84.80050750732421,81.2485321521759,87.81643956899643
2024-09-25,MG92,80.12,80.09913625240326,76.7933494925499,82.77258395671844
2024-09-26,MG95,81.86,84.88118241786957,81.50287305355072,87.68935909032821
2024-09-26,MG92,77.2,80.16146191120147,77.0500484585762,82.65674589157103
2024-09-27,MG95,81.67,85.01664029121399,81.07314169764518,88.45967952489853
2024-09-27,MG92,77.01,80.3004808139801,76.60925359010696,83.40366195201874
2024-09-30,MG95,81.6,84.81978151321411,80.5613058757782,88.62645765781403
2024-09-30,MG92,76.94,80.13486156940459,76.0951613664627,83.55426182746886
2024-10-01,MG95,79.71,85.21425883293152,80.92009429454804,89.04343797922134
2024-10-01,MG92,73.6,80.48508680820464,76.45121015310286,83.97506865501403
2024-10-02,MG95,84.21,84.78746156454086,80.0550783097744,89.11476579666137
2024-10-02,MG92,78.2,80.11183187007903,75.58491372346877,84.02706023216247
2024-10-03,MG95,84.86,84.54026844024658,79.69113149523734,88.99832201004028
2024-10-03,MG92,78.85,79.89035757541656,75.22131274461746,83.90478934288025
2024-10-04,MG95,88.97,84.64873470783233,79.53414031863213,89.39003019094467
2024-10-04,MG92,82.55,79.98763396739959,75.0624994468689,84.29170340538025
2024-10-07,MG95,88.88,85.27751915931701,79.72459608793258,90.49946516275406
2024-10-07,MG92,82.46,80.55937128543853,75.25294315814972,85.38936424255371
2024-10-08,MG95,90.15,84.91379227638245,79.45713926553726,90.02391305685043
2024-10-08,MG92,83.73,80.22720707416534,74.98468683481217,84.91870066642761
2024-10-09,MG95,88.5,84.05588907957078,78.87195125579834,88.87465047121047
2024-10-09,MG92,82.08,79.45156528949737,74.4025115275383,83.76798083782195
2024-10-10,MG95,88.37,84.71224495649338,78.89734835743904,90.20068808078766
2024-10-10,MG92,81.95,80.04012619018555,74.42537119626998,85.08976089000701
2024-10-11,MG95,89.88,84.88208213806152,78.67343299388885,90.7947633266449
2024-10-11,MG92,83.46,80.1912456035614,74.20368908643722,85.67697099208831
2024-10-14,MG95,89.17,85.33963984012604,78.62884685993194,91.81417629480362
2024-10-14,MG92,82.75,80.6088501882553,74.16611704826354,86.68131337165832
2024-10-15,MG95,84.88,84.75740091323853,77.91309445500374,91.33583505630493
2024-10-15,MG92,78.39,80.0636187505722,73.44827621936798,86.2139276075363
2024-10-16,MG95,84.95,84.05288001537323,76.87086858153343,90.94107782363892
2024-10-16,MG92,78.46,79.39779783725739,72.40691440105438,85.82763699054718
2024-10-17,MG95,85.98,85.24966782093048,77.95797049880028,92.33800338745117
2024-10-17,MG92,79.49,80.51413370132445,73.5021097946167,87.20204151153564
2024-10-18,MG95,87.47,84.88685065507889,77.70399448394775,91.83129097223282
2024-10-18,MG92,80.98,80.17647183418273,73.24394667625427,86.70518377780914
2024-10-21,MG95,85.8,85.23573215484619,77.61964571595192,92.66818070411682
2024-10-21,MG92,79.31,80.49349387645721,73.16870813846587,87.53102237224579
2024-10-22,MG95,84.73,84.97322379350662,77.05542118668556,92.70162030458451
2024-10-22,MG92,79.06,80.23771118640899,72.60734740972518,87.5721130990982
2024-10-23,MG95,85.75,85.12621621370316,77.15748944401741,92.92311142206192
2024-10-23,MG92,79.75,80.38073525428771,72.71164700984954,87.78888321399688
2024-10-24,MG95,85.97,84.69183130502701,76.30718388438224,92.8861129283905
2024-10-24,MG92,79.98,79.95663172245025,71.86546142101287,87.76666588306426
2024-10-25,MG95,84.63,84.27108215570449,75.98822307944297,92.31922922611237
2024-10-25,MG92,78.9,79.5627652978897,71.54150590896606,87.20970233440399
2024-10-28,MG95,82.69,85.03947319030762,76.5885913681984,93.33917202949524
2024-10-28,MG92,76.96,80.28379892349243,72.15122144937514,88.20900047302246
2024-10-29,MG95,82.16,85.01449095964432,76.21705691337586,93.67939622163773
2024-10-29,MG92,76.43,80.24838532924652,71.78677031755447,88.55215999603271
2024-10-30,MG95,82.79,85.35832402944565,76.5259308552742,94.09975549221039
2024-10-30,MG92,77.26,80.57456068515778,72.09991471767425,88.95925102233886
2024-10-31,MG95,82.79,85.10839175701142,75.69678871393204,94.43868008852004
2024-10-31,MG92,77.26,80.31574578285216,71.28170860767364,89.31328305721283
2024-11-01,MG95,84.91,85.22116668462753,75.7315079164505,94.64895469427108
2024-11-01,MG92,79.38,80.42066410541534,71.31953569173812,89.51958684444426
2024-11-04,MG95,85.84,84.63418923139572,75.5408472108841,93.57075001001358
2024-11-04,MG92,80.31,79.87564992904663,71.11366642713546,88.45954055309295
2024-11-05,MG95,86.73,84.43883998394013,74.42930289506913,94.3256152510643
2024-11-05,MG92,81.2,79.65144569873809,70.02298629045487,89.2348895072937
2024-11-06,MG95,84.52,85.25624577522278,75.73059320092202,94.7269904255867
2024-11-06,MG92,78.99,80.4528849029541,71.31990409135818,89.59647845745086
2024-11-07,MG95,85.19,85.05896712779999,75.58825746655464,94.44630771636963
2024-11-07,MG92,79.66,80.26626688003539,71.17412174940108,89.3236171388626
2024-11-08,MG95,85.81,84.73236869812011,74.7700769162178,94.60471845149993
2024-11-08,MG92,79.85,79.93428214550018,70.36524842977524,89.50206424713134
2024-11-11,MG95,84.45,84.65747199058532,74.71870789170265,94.49539245128632
2024-11-11,MG92,78.49,79.86358720302582,70.31254366874694,89.39528503417968
2024-11-12,MG95,82.87,85.36281263351441,75.05322885751724,95.69158044338226
2024-11-12,MG92,76.91,80.52503455162048,70.66434641361236,90.56633296489716
2024-11-13,MG95,82.32,85.07575190782546,74.83578648090362,95.29040520668029
2024-11-13,MG92,76.36,80.25202209472656,70.44189444303512,90.17767136573791
2024-11-14,MG95,82.48,84.67138766288757,73.78481332778931,95.52983074665069
2024-11-14,MG92,76.52,79.83590055465697,69.4052179121971,90.44736822605132
2024-11-15,MG95,82.19,84.94196351528167,74.31870229125023,95.55221378564835
2024-11-15,MG92,76.23,80.1074960899353,69.93415475130081,90.45234634399414
2024-11-18,MG95,83.44,84.71784321546555,73.99395328640938,95.40664905548095
2024-11-18,MG92,77.28,79.88774099349975,69.61006227016449,90.3187211894989
2024-11-19,MG95,84.69,84.84094493150711,73.79774930477143,95.89233800888061
2024-11-19,MG92,78.56,79.99209254741668,69.42445026159287,90.80571714878081
2024-11-20,MG95,85.43,84.67318710327149,73.59016386270523,95.74474390983582
2024-11-20,MG92,79.3,79.82885373115539,69.21641782999038,90.66659433841704
2024-11-21,MG95,85.13,84.85091183185577,73.51293288111687,96.22462466955184
2024-11-21,MG92,79.38,79.9886069202423,69.148627576828,91.14424806118011
2024-11-22,MG95,86.07,84.03277626752853,72.35524791479111,95.6645888376236
2024-11-22,MG92,80.32,79.1849053645134,67.99403482913971,90.62856416225432
2024-11-25,MG95,86.12,84.70785632133484,73.26187095999718,96.17931875944137
2024-11-25,MG92,81.55,79.8458567905426,68.89949024915694,91.10823935985565
2024-11-26,MG95,84.78,83.79670968294144,72.11461774945259,95.40254033327102
2024-11-26,MG92,80.31,78.95764058351516,67.75158064842223,90.37567199230193
2024-11-27,MG95,84.71,83.51244808673859,71.46763895630836,95.47738705635071
2024-11-27,MG92,80.24,78.66628843784332,67.11398953676223,90.4720793390274
2024-11-28,MG95,83.13,82.9081860089302,70.77820836544036,94.89102941036224
2024-11-28,MG92,79.73,78.0814115333557,66.42279628038406,89.90824844360351
2024-11-29,MG95,83.87,82.69646685242652,70.21212941288948,95.04175253629684
2024-11-29,MG92,80.27,77.85946965456009,65.86700405359268,90.07818457603454
2024-12-02,MG95,83.6,83.51095355153083,71.01752393960953,95.96881422519684
2024-12-02,MG92,80.44,78.6423094010353,66.6787631702423,90.97851546287536
2024-12-03,MG95,83.69,84.93655519723892,72.94678894877434,97.0378917479515
2024-12-03,MG92,80.83,80.04188317298889,68.60371258497237,91.96968991756438
2024-12-04,MG95,85.39,83.568995500803,70.96491530060769,96.15693572044373
2024-12-04,MG92,82.53,78.69268568754195,66.63034695863723,91.16823182106017
2024-12-05,MG95,84.16,83.5713447701931,71.0260662829876,96.094495139122
2024-12-05,MG92,80.81,78.69788578987121,66.68953177452087,91.10367687225342
2024-12-06,MG95,83.27,83.89993757963181,71.63819591403008,96.15422656297683
2024-12-06,MG92,79.85,79.02858584880828,67.29479818105698,91.14114027976989
2024-12-09,MG95,83.41,82.56207864642143,69.57681699156761,95.44429734706878
2024-12-09,MG92,80.06,77.70380192279815,65.24796516895294,90.50420567512512
2024-12-10,MG95,84.31,84.07371353626252,71.34437229156494,96.87005394458771
2024-12-10,MG92,80.96,79.1734519147873,67.01807811260223,91.86476214885711
2024-12-11,MG95,85.42,82.60878412127495,69.42765837907791,95.71482321500778
2024-12-11,MG92,82.07,77.73840314865112,65.10602268457413,90.7811571741104
2024-10-17,MG95,85.98,86.09104047417641,83.10651202201844,88.92094237208367
2024-10-17,MG92,79.49,79.51500848531722,76.69344044923781,82.32625998497008
2024-10-18,MG95,87.47,85.34747804403305,81.37199378907681,89.36521649360657
2024-10-18,MG92,80.98,78.90834376573562,75.0506980419159,82.65468687534332
2024-10-21,MG95,85.8,85.91189686655999,81.67260364890099,90.26272698044777
2024-10-21,MG92,79.31,79.42454471349716,75.30492630720138,83.47480007886885
2024-10-22,MG95,84.73,86.0107752263546,81.56583142578602,90.61401655673981
2024-10-22,MG92,79.06,79.52131251573562,75.19643899440764,83.79022607564926
2024-10-23,MG95,85.75,86.39143260717393,82.20117855966092,90.6876487314701
2024-10-23,MG92,79.75,79.85242376327514,75.78768970489502,83.87712629318237
2024-10-24,MG95,85.97,85.77099216580392,80.53412019908428,91.33948234319688
2024-10-24,MG92,79.98,79.32816974401473,74.21985676288604,84.42458550453185
2024-10-25,MG95,84.63,86.42887149453163,81.00411646664143,92.24136762022972
2024-10-25,MG92,78.9,79.927800886631,74.64465394616127,85.26638868808746
2024-10-28,MG95,82.69,86.27521711587906,80.44121160507203,92.59173565506936
2024-10-28,MG92,76.96,79.79608032226562,74.11739288568496,85.5781388926506
2024-10-29,MG95,82.16,86.28140460848809,80.42440106868744,92.6265719473362
2024-10-29,MG92,76.43,79.80204763889311,74.1014457464218,85.61008929014206
2024-10-30,MG95,82.79,86.37035867571831,80.20736792981624,93.0974593758583
2024-10-30,MG92,77.26,79.886852748394,73.89610177636146,86.04327158212661
2024-10-31,MG95,82.79,86.50849875211716,80.73704666495324,92.75121296048165
2024-10-31,MG92,77.26,80.00700345277785,74.39104766607284,85.73215739250182
2024-11-01,MG95,84.91,86.42187385559082,79.91181642115116,93.58309146761894
2024-11-01,MG92,79.38,79.93669574260711,73.6190564751625,86.49083903551102
2024-11-04,MG95,85.84,86.56751791238786,80.12738623321057,93.64389294981957
2024-11-04,MG92,80.31,80.06912714719772,73.81905979037285,86.55129786729812
2024-11-05,MG95,86.73,86.83212183117867,80.07916227281093,94.30466855168343
2024-11-05,MG92,81.2,80.31276763439178,73.77282711625098,87.16880290031432
2024-11-06,MG95,84.52,86.42699803113938,79.32114885747433,94.33645666837693
2024-11-06,MG92,78.99,79.9425321149826,73.06902982115744,87.18760275363921
2024-11-07,MG95,85.19,86.52919799089432,79.12282503545285,94.8206001162529
2024-11-07,MG92,79.66,80.03511905431746,72.88528229951858,87.64045474290847
2024-11-08,MG95,85.81,86.49906054735185,79.06547680199147,94.82426602840424
2024-11-08,MG92,79.85,80.00733081340789,72.83204410791396,87.64320457220077
2024-11-11,MG95,84.45,86.82163043618202,79.18725192248822,95.40816887021064
2024-11-11,MG92,78.49,80.30221726894378,72.9467091834545,88.19546195507048
2024-11-12,MG95,82.87,87.3269288301468,79.57691205441952,96.06828622817993
2024-11-12,MG92,76.91,80.76596569061279,73.31142633795737,88.823760535717
2024-11-13,MG95,82.32,86.70826058387756,79.40770286619663,94.8693101644516
2024-11-13,MG92,76.36,80.19979080438613,73.14981307148933,87.68993296384811
2024-11-14,MG95,82.48,87.47521598935127,79.33865308165551,96.71302093267441
2024-11-14,MG92,76.52,80.89950076818465,73.09476504325866,89.43250165700911
2024-11-15,MG95,82.19,87.4064041852951,79.41349034905434,96.45921221375465
2024-11-15,MG92,76.23,80.83739578008651,73.16232292413711,89.1924060177803
2024-11-18,MG95,83.44,86.41932189464569,78.2698219627142,95.65402802824974
2024-11-18,MG92,77.28,79.9268188047409,72.09616079449653,88.41853484153746
2024-11-19,MG95,84.69,87.48548459410668,79.17006669342518,96.95333058834076
2024-11-19,MG92,78.56,80.90704876899719,72.94029291510581,89.65928774833678
2024-11-20,MG95,85.43,86.73420552015305,78.47597382366658,96.11577093005181
2024-11-20,MG92,79.3,80.21526093244552,72.29006584882735,88.858114695549
2024-11-21,MG95,85.13,87.05400065779686,78.47826755046844,96.8506141602993
2024-11-21,MG92,79.38,80.50530245065688,72.29745484590529,89.55615979671478
2024-11-22,MG95,86.07,87.16694518327714,79.0239517390728,96.40885149240493
2024-11-22,MG92,80.32,80.6153798007965,72.80053798556327,89.14103845834731
2024-11-25,MG95,86.12,87.31605261564255,78.89954870641232,96.91180046200752
2024-11-25,MG92,81.55,80.74947606801986,72.68893607020378,89.61761941671371
2024-11-26,MG95,84.78,87.87104336023332,79.12959988415241,97.89332312345505
2024-11-26,MG92,80.31,81.25739011526107,72.91182657003402,90.55382405281067
2024-11-27,MG95,84.71,88.17908124923706,79.6219916343689,97.9642919421196
2024-11-27,MG92,80.24,81.54453215360641,73.36940658211708,90.62484260320663
2024-11-28,MG95,83.13,88.03480431437492,78.87990265786648,98.59663140773773
2024-11-28,MG92,79.73,81.40198062896728,72.68828602552414,91.22382837772369
2024-11-29,MG95,83.87,87.52154623270035,78.71901265978813,97.61912909746171
2024-11-29,MG92,80.27,80.93335921049118,72.5279307591915,90.28968143701553
2024-12-02,MG95,83.6,87.77012950778008,78.92148341834546,97.93056960105896
2024-12-02,MG92,80.44,81.16239941358566,72.71910936713218,90.58800050258635
2024-12-03,MG95,83.69,87.89097295999527,78.3974149465561,98.89463360905647
2024-12-03,MG92,80.83,81.26170192241668,72.24413247585296,91.50657443046569
2024-12-04,MG95,85.39,87.26310955286026,77.99224051237107,97.96572995185852
2024-12-04,MG92,82.53,80.68502343654632,71.85688823342323,90.6161535167694
2024-12-05,MG95,84.16,87.40102683901787,77.73334812521935,98.6258878171444
2024-12-05,MG92,80.81,80.80318191766739,71.62403194069861,91.2463788485527
2024-12-06,MG95,83.27,87.63148308992386,78.10756990611553,98.67146867513657
2024-12-06,MG92,79.85,81.02041843175887,71.97216126441955,91.29162944078445
2024-12-09,MG95,83.41,87.24536734819412,77.62570499479772,98.40417101979256
2024-12-09,MG92,80.06,80.66012532234191,71.52139503002167,91.03364120483398
2024-12-10,MG95,84.31,87.50130270123482,77.73395067155361,98.85906818509102
2024-12-10,MG92,80.96,80.89358021736145,71.62747390389441,91.46973232984543
2024-12-11,MG95,85.42,87.76039762496949,78.28129059672357,98.743460303545
2024-12-11,MG92,82.07,81.14097132205963,72.13437313318252,91.36131984233856
2024-12-12,MG95,86.79,87.77013963460922,78.15497359335423,98.93195097446441
2024-12-12,MG92,83.44,81.14680769443511,72.01946955204009,91.54126530408858
2024-12-13,MG95,86.87,88.29474989175797,78.53582338392735,99.65159383416176
2024-12-13,MG92,83.52,81.63020710706711,72.38298482537269,92.2325948357582
2024-12-16,MG95,86.48,88.24223215579987,78.21307121217251,99.95591517686844
2024-12-16,MG92,83.13,81.57463062524795,72.08761668205261,92.52359972953796
2024-12-17,MG95,85.54,87.48851251602173,77.1315866202116,99.62607422471046
2024-12-17,MG92,82.19,80.86450124025345,71.07779799342156,92.20373098134993
2024-12-18,MG95,85.4,87.0093413412571,76.21812131404877,99.71549412608147
2024-12-18,MG92,82.05,80.40400771856308,70.22948500990867,92.28763818740843
2024-12-19,MG95,84.0,87.06764149665833,76.56694500744344,99.38731397390366
2024-12-19,MG92,80.65,80.46854452848434,70.54958291053771,91.97290432453154
2024-12-20,MG95,83.06,87.96065567135811,77.57015933692456,100.15090727210045
2024-12-20,MG92,79.71,81.30250041007994,71.49299415707587,92.7092412662506
2024-12-23,MG95,83.86,86.97456580996514,76.19053583145141,99.67021707296372
2024-12-23,MG92,80.51,80.37191702365875,70.20320730447769,92.24403375148772
2024-12-24,MG95,83.77,87.28245179653167,76.61373095810414,99.83130454421044
2024-12-24,MG92,80.42,80.66247296571731,70.59906580805777,92.39980129241943
2024-12-26,MG95,84.46,87.56630681753158,76.59030760228634,100.53311405777931
2024-12-26,MG92,81.11,80.91570979595184,70.58733226776123,93.07522109746932
2024-12-27,MG95,84.02,87.56487893462182,76.37055540978909,100.82570853233338
2024-12-27,MG92,80.67,80.90619763135909,70.38719333171844,93.35688218355178
2024-12-30,MG95,84.54,87.83502222895622,76.81110792160034,100.87135015130043
2024-12-30,MG92,81.29,81.16431681156158,70.797923361063,93.40136581659316
2024-12-31,MG95,85.4,86.95290452241898,75.81881537735462,100.11807609200478
2024-12-31,MG92,82.15,80.33840464830398,69.86338358759879,92.67443815469741
2025-01-02,MG95,85.92,86.46437615752221,74.75345269739628,100.39639173746109
2025-01-02,MG92,82.95,79.85881197214125,68.87510055184364,92.94163925409316
2025-01-03,MG95,86.22,87.37595281004906,75.77546748518944,101.18276027441026
2025-01-03,MG92,83.74,80.71372828722,69.83848547339439,93.70078855514525
2025-01-06,MG95,86.09,87.1478561103344,75.6790955156088,100.77031477689744
2025-01-06,MG92,83.61,80.50648094892502,69.74257816195487,93.30285832643509
2025-01-07,MG95,85.84,86.44626938700677,74.47393195927144,100.7345164358616
2025-01-07,MG92,83.15,79.82993876457213,68.61925886631012,93.26769979476929
2025-01-08,MG95,85.89,86.4712624013424,74.90208923220635,100.21077708601952
2025-01-08,MG92,83.35,79.87153227090835,69.01105809807777,92.76277875900267
2025-01-09,MG95,84.21,86.67655348181725,74.19800118207932,101.667987293005
2025-01-09,MG92,82.78,80.0205374765396,68.37525360584259,94.16938191413878
2025-01-10,MG95,85.86,87.4696361064911,75.68696406185627,101.52670789957047
2025-01-10,MG92,84.01,80.79343592405318,69.76132189631461,94.03276964664458
2024-11-14,MG95,82.48,82.71127624511718,78.48593047142028,85.761291847229
2024-11-14,MG92,76.52,76.4441282749176,73.00077673435212,79.88512218475341
2024-11-15,MG95,82.19,82.76776165008545,78.53707743644713,85.83439118385314
2024-11-15,MG92,76.23,76.49886353969573,73.04548979282379,79.9539850282669
2024-11-18,MG95,83.44,82.6768609714508,77.38750720024109,86.88792838096617
2024-11-18,MG92,77.28,76.42333743095398,71.94836314678192,80.83095083713532
2024-11-19,MG95,84.69,82.60382051467894,78.17226277828216,85.8632717514038
2024-11-19,MG92,78.56,76.34377877235413,72.70536742448807,79.95533224582672
2024-11-20,MG95,85.43,81.87563375473022,76.60500377655029,85.92781388282775
2024-11-20,MG92,79.3,75.65515033721924,71.23989056110382,79.92915253162384
2024-11-21,MG95,85.13,81.76553824424742,75.97467533111572,86.36040415763854
2024-11-21,MG92,79.38,75.55292565345763,70.64326889276505,80.29593251228333
2024-11-22,MG95,86.07,82.39280493736267,76.76764464855194,86.91523881912231
2024-11-22,MG92,80.32,76.15207790613174,71.37315586566925,80.82829281330109
2024-11-25,MG95,86.12,81.6938127708435,75.69072724342345,86.50387473106383
2024-11-25,MG92,81.55,75.48499129772186,70.37661994695664,80.41647207260132
2024-11-26,MG95,84.78,81.52562737941741,75.48801372528075,86.34569400787353
2024-11-26,MG92,80.31,75.32494549274445,70.1890699672699,80.26613897800445
2024-11-27,MG95,84.71,81.9633352947235,75.42698475837707,87.38181258201598
2024-11-27,MG92,80.24,75.74117655038833,70.12516816139221,81.2061418247223
2024-11-28,MG95,83.13,81.50113826751708,74.70312566757201,87.12162251472472
2024-11-28,MG92,79.73,75.29977164030075,69.45443587303161,80.95172707080842
2024-11-29,MG95,83.87,81.83388303279877,74.8960847568512,87.65309168815612
2024-11-29,MG92,80.27,75.61567595243454,69.63337913513183,81.43989317417144
2024-12-02,MG95,83.6,81.42564448356627,74.21852976322174,87.46282144546508
2024-12-02,MG92,80.44,75.22518767356873,69.00595351934433,81.2530941772461
2024-12-03,MG95,83.69,81.98384020328521,74.88206644535065,87.99836314201355
2024-12-03,MG92,80.83,75.75748880624771,69.62109942913055,81.75351267814636
2024-12-04,MG95,85.39,80.77942338466643,73.02024626255034,87.2957891178131
2024-12-04,MG92,82.53,74.60672833681106,67.89565509080887,81.08237076282501
2024-12-05,MG95,84.16,81.15410532474517,73.7743450641632,87.3304595375061
2024-12-05,MG92,80.81,74.96585284471512,68.59397803068161,81.12465336799622
2024-12-06,MG95,83.27,81.26739506721496,73.63412760257721,87.72446388244629
2024-12-06,MG92,79.85,75.07079016923905,68.4674032998085,81.48259450912475
2024-12-09,MG95,83.41,81.1527609014511,73.21933866977692,87.90424369812011
2024-12-09,MG92,80.06,74.95847500801086,68.08659132003784,81.64156618118287
2024-12-10,MG95,84.31,80.44688960552214,72.31371747493743,87.30421874999999
2024-12-10,MG92,80.96,74.28728757858276,67.24254131317139,81.08270756721497
2024-12-11,MG95,85.42,80.60586030006408,72.42138419151306,87.5385703754425
2024-12-11,MG92,82.07,74.436915204525,67.34550332546235,81.29867200374603
2024-12-12,MG95,86.79,80.18138563156127,71.45477818965911,87.61601700782775
2024-12-12,MG92,83.44,74.02715170145035,66.45599838018417,81.36308356761933
2024-12-13,MG95,86.87,80.59594395160674,71.65505310058593,88.3089249229431
2024-12-13,MG92,83.52,74.41571018218994,66.65488137245178,81.99944360256195
2024-12-16,MG95,86.48,81.10701616287231,72.60941209316253,88.43536940574646
2024-12-16,MG92,83.13,74.90729439496994,67.53341741800308,82.12107550144195
2024-12-17,MG95,85.54,80.54497362613677,71.40496092796324,88.4563600730896
2024-12-17,MG92,82.19,74.36400160551071,66.42896755218506,82.13330969333649
2024-12-18,MG95,85.4,80.47552974700928,71.2648415994644,88.45020712852477
2024-12-18,MG92,82.05,74.29699573755265,66.30044936895371,82.12716528892517
2024-12-19,MG95,84.0,80.45970088005065,71.20546126842498,88.47712503433227
2024-12-19,MG92,80.65,74.2812250995636,66.24671996593476,82.15160636425018
2024-12-20,MG95,83.06,79.4768685722351,70.07985022544861,87.51106367111205
2024-12-20,MG92,79.71,73.34986538171768,65.18948188304901,81.26232443809509
2024-12-23,MG95,83.86,79.70480229377746,70.18770339488982,87.89239903450012
2024-12-23,MG92,80.51,73.56256645679474,65.29884773015976,81.6130652475357
2024-12-24,MG95,83.77,79.88767820835113,70.26852089881896,88.20465851783752
2024-12-24,MG92,80.42,73.73331262826919,65.38160603046417,81.89978591442109
2024-12-26,MG95,84.46,79.91598469734191,70.2425892305374,88.292732963562
2024-12-26,MG92,81.11,73.75900534152984,65.36038280248641,81.98050973415374
2024-12-27,MG95,84.02,79.9770136642456,70.13038385868072,88.54089191436766
2024-12-27,MG92,80.67,73.81331277370452,65.26506260871888,82.20778897762298
2024-12-30,MG95,84.54,79.57732741355895,69.31365161418914,88.52053911209106
2024-12-30,MG92,81.29,73.42702544689179,64.51887248277664,82.18893703460694
2024-12-31,MG95,85.4,80.07187401294708,70.11688565254211,88.76047451019286
2024-12-31,MG92,82.15,73.90092287778855,65.25936424255372,82.40874286174774
2025-01-02,MG95,85.92,79.78906426906585,69.15499985218048,89.14415525436401
2025-01-02,MG92,82.95,73.61961838960647,64.3957340669632,82.75931071758271
2025-01-03,MG95,86.22,79.84539266109466,69.27286259651183,89.14392954826354
2025-01-03,MG92,83.74,73.67418525218963,64.50293799400329,82.75906494140625
2025-01-06,MG95,86.09,79.90750599861144,69.21516524791717,89.3387335395813
2025-01-06,MG92,83.61,73.73054537057877,64.45734196186065,82.93687035083771
2025-01-07,MG95,85.84,79.97340236663818,69.53056499004363,89.154204082489
2025-01-07,MG92,83.15,73.79796996831894,64.73773616790771,82.7684135389328
2025-01-08,MG95,85.89,79.35495293140411,68.69132592201233,88.68480408668518
2025-01-08,MG92,83.35,73.2084758090973,63.95751514434814,82.3397616815567
2025-01-09,MG95,84.21,80.0652843761444,69.1733801794052,89.72520126342772
2025-01-09,MG92,82.78,73.8759765958786,64.43334237337112,83.28906761169434
2025-01-10,MG95,85.86,79.88286478042602,68.52127109527588,90.00918860435485
2025-01-10,MG92,84.01,73.69368349552154,63.853114886283876,83.5474967098236
2025-01-13,MG95,89.09,80.00920131683348,68.60180401325225,90.200214471817
2025-01-13,MG92,87.14,73.81253903388976,63.93356562137604,83.72099648475647
2025-01-14,MG95,88.44,80.13430137634276,68.81694118022918,90.24770107269286
2025-01-14,MG92,86.3,73.93294205188751,64.13011829137803,83.76409834384918
2025-01-15,MG95,88.1,79.57811247825622,68.06253816604614,89.8261703968048
2025-01-15,MG92,86.34,73.40186524868011,63.43048909664154,83.38130650043487
2025-01-16,MG95,88.92,80.35493399620056,68.78309017181395,90.76491150856017
2025-01-16,MG92,86.78,74.13734590530396,64.11998229980469,84.2330028772354
2025-01-17,MG95,87.72,79.97212172985076,68.51795910358429,90.20724080085753
2025-01-17,MG92,85.58,73.77645089864731,63.857971241474154,83.72736845970154
2025-01-20,MG95,86.93,79.67981270313263,67.84897112846375,90.27266613006591
2025-01-20,MG92,84.54,73.49192856311798,63.25577864646912,83.78672795772552
2025-01-21,MG95,85.82,79.95076797008514,68.0948337650299,90.60554337501524
2025-01-21,MG92,83.43,73.74835504055024,63.49181935548782,84.08841366291045
2025-01-22,MG95,85.75,79.42338113307952,66.98295644760131,90.62906587600708
2025-01-22,MG92,83.26,73.2370768737793,62.489721612930296,84.10894962787629
2025-01-23,MG95,86.31,79.81423540592193,67.75163291931152,90.66935932159423
2025-01-23,MG92,83.9,73.61488492250443,63.1847493314743,84.14600721359253
2025-01-24,MG95,86.31,79.51865364074706,66.99069424152374,90.82978729248046
2025-01-24,MG92,83.9,73.32577931642533,62.50575623273849,84.29026872634887
2025-01-27,MG95,87.49,79.48192242622375,66.847998919487,90.90147351264953
2025-01-27,MG92,85.08,73.28899936676025,62.38048320531845,84.35478042125702
2025-01-28,MG95,87.02,79.20713015556335,66.85081043243407,90.29600217819213
2025-01-28,MG92,84.91,73.03373805046081,62.35560974597931,83.80753700733185
2025-01-29,MG95,87.02,79.95561574459076,67.46316089630126,91.28563510894774
2025-01-29,MG92,84.91,73.74105457782746,62.95178992748261,84.70225331783294
2025-01-30,MG95,87.02,79.41950487613677,66.49580417633057,91.14161499023437
2025-01-30,MG92,84.91,73.224601457119,62.07459654808044,84.57055369853974
2025-01-31,MG95,87.06,79.85899881362914,67.05266528606414,91.51173374176025
2025-01-31,MG92,84.88,73.64375452041627,62.59266997098923,84.90507328033448
2025-02-03,MG95,87.84,78.23228588104247,64.87436099052428,90.27830878257751
2025-02-03,MG92,86.41,72.09163245201111,60.57440152406692,83.78819351196289
2025-02-04,MG95,84.87,79.31370268821716,66.29667742252349,91.12276362419128
2025-02-04,MG92,83.3,73.12258158683777,61.89460191011429,84.5530853843689
2025-02-05,MG95,85.97,79.8914121723175,66.72873777866363,91.9315176486969
2025-02-05,MG92,84.06,73.6685187458992,62.32118287563324,85.28132929801941
2025-02-06,MG95,84.77,79.27465062618255,66.03214005947112,91.32210136413573
2025-02-06,MG92,83.21,73.08167805910111,61.666280393600466,84.73162812232971
2025-02-07,MG95,85.49,79.07637763023376,65.90840895652771,91.01853647232055
2025-02-07,MG92,83.86,72.89487906217575,61.540470299720766,84.45818847179413
2024-12-12,MG95,86.79,84.57224147200584,82.03133340239525,87.77441921710968
2024-12-12,MG92,83.44,81.34779134154319,78.59456588983535,84.32663423418998
2024-12-13,MG95,86.87,84.2973501420021,80.99100685596466,88.34315217494965
2024-12-13,MG92,83.52,81.1354941445589,77.53070251286029,84.87608573675155
2024-12-16,MG95,86.48,84.41589387774468,80.62530989408494,88.99865326166153
2024-12-16,MG92,83.13,81.26828078508376,77.19338677942753,85.50684796094893
2024-12-17,MG95,85.54,84.52270696163178,80.60869147062301,89.24573011636734
2024-12-17,MG92,82.19,81.37305235505103,77.1929856556654,85.74477305293082
2024-12-18,MG95,85.4,84.35234266400337,80.26614014387131,89.25695162534714
2024-12-18,MG92,82.05,81.21763157248496,76.83403369784355,85.75256072402
2024-12-19,MG95,84.0,84.45678823351861,80.06472831368447,89.7024516415596
2024-12-19,MG92,80.65,81.32341084361076,76.65293121099471,86.17902376770972
2024-12-20,MG95,83.06,84.3087243938446,79.62991520643234,89.86053032159805
2024-12-20,MG92,79.71,81.18893654823303,76.20913179397583,86.32586441516875
2024-12-23,MG95,83.86,84.09708388328552,78.87057952165604,90.23426155805588
2024-12-23,MG92,80.51,80.99431814730167,75.44313216090201,86.67396157264709
2024-12-24,MG95,83.77,83.83648928523064,78.28456116318704,90.30942122936248
2024-12-24,MG92,80.42,80.7483314460516,74.84006704330444,86.73631185889244
2024-12-26,MG95,84.46,83.98643695354461,78.19023226261139,90.7388832449913
2024-12-26,MG92,81.11,80.88977159798145,74.76972852408885,87.146632117033
2024-12-27,MG95,84.02,83.86055137753486,77.89827955484391,90.78437006950378
2024-12-27,MG92,80.67,80.76982091784477,74.47071521818637,87.18500302910805
2024-12-30,MG95,84.54,83.854772605896,77.25555286288261,91.47874930620193
2024-12-30,MG92,81.29,80.75753772556781,73.84883152604102,87.83794446229933
2024-12-31,MG95,85.4,83.70963124632836,77.03898384928704,91.39831491470338
2024-12-31,MG92,82.15,80.61924786269664,73.62134543538093,87.75660439014435
2025-01-02,MG95,85.92,83.41864081859589,76.3637992990017,91.50213932991028
2025-01-02,MG92,82.95,80.33696924448013,72.932977925539,87.84172089576721
2025-01-03,MG95,86.22,83.25281298398971,75.82927565097809,91.72694627523423
2025-01-03,MG92,83.74,80.1720927029848,72.3971450638771,88.04509064316748
2025-01-06,MG95,86.09,83.43973969936371,75.79051969528199,92.18563309192658
2025-01-06,MG92,83.61,80.34426774024962,72.3829834383726,88.48385155439377
2025-01-07,MG95,85.84,83.15773564338684,75.07720034360885,92.35403718948365
2025-01-07,MG92,83.15,80.0658829575777,71.66133733153343,88.62854961395263
2025-01-08,MG95,85.89,82.91784788608551,74.76435750365258,92.16794546842576
2025-01-08,MG92,83.35,79.83592163980006,71.33075265049933,88.44223251819609
2025-01-09,MG95,84.21,83.0775100004673,74.81257842540741,92.47152699947357
2025-01-09,MG92,82.78,79.98468963801861,71.39676685988903,88.73474957585334
2025-01-10,MG95,85.86,82.79007848143577,74.05471416354179,92.68041813850402
2025-01-10,MG92,84.01,79.69787147283553,70.63277773737907,88.91592054724693
2025-01-13,MG95,89.09,82.74026394248008,73.95233571410179,92.68404323577882
2025-01-13,MG92,87.14,79.64889034807682,70.52832413136959,88.9167032277584
2025-01-14,MG95,88.44,82.64073160171509,73.49029364585877,92.98455972671509
2025-01-14,MG92,86.3,79.54293986558913,70.07196758389472,89.19299923181534
2025-01-15,MG95,88.1,82.71290260434151,73.69163928747177,92.91846279859543
2025-01-15,MG92,86.34,79.6156753438711,70.27421222805977,89.13491455435752
2025-01-16,MG95,88.92,82.55515486717225,73.18753692626953,93.13664070367814
2025-01-16,MG92,86.78,79.45449696779251,69.77059645295142,89.33087818741798
2025-01-17,MG95,87.72,82.1489504981041,72.44887753367423,93.06056457519531
2025-01-17,MG92,85.58,79.0564403349161,69.01266332089901,89.23665323734282
2025-01-20,MG95,86.93,82.29054822325706,72.49228705525398,93.33384192228317
2025-01-20,MG92,84.54,79.18823884129523,69.07103661179542,89.50098401308058
2025-01-21,MG95,85.82,81.8724197280407,71.70296794652938,93.29198019504547
2025-01-21,MG92,83.43,78.77677391290663,68.263642963171,89.43711728334426
2025-01-22,MG95,85.75,81.40160003662109,70.92411172389984,93.11996118307114
2025-01-22,MG92,83.26,78.3159267359972,67.45958059847354,89.24598670244217
2025-01-23,MG95,86.31,81.83690192103386,71.37337939739227,93.59550062894822
2025-01-23,MG92,83.9,78.7328802114725,67.94297875761985,89.71956711292266
2025-01-24,MG95,86.31,81.55104874491691,70.87123214483262,93.52636920928956
2025-01-24,MG92,83.9,78.45232838213443,67.42741732120513,89.63689648389816
2025-01-27,MG95,87.49,81.38295013308526,70.69688634991645,93.34376002550125
2025-01-27,MG92,85.08,78.2911989235878,67.23995555520057,89.45471781134604
2025-01-28,MG95,87.02,81.15584695339203,70.08759507060051,93.53941344976425
2025-01-28,MG92,84.91,78.06090496659279,66.62884839534759,89.62319957494735
2025-01-29,MG95,87.02,81.65718976020813,70.80986006259918,93.84440021514892
2025-01-29,MG92,84.91,78.54803553342819,67.38077445447445,89.94194621324539
2025-01-30,MG95,87.02,81.81495786309243,70.95652885079384,94.03648963928222
2025-01-30,MG92,84.91,78.69821235656738,67.53936509311198,90.1318538558483
2025-01-31,MG95,87.06,81.5295730984211,70.48430901646614,93.93481380701066
2025-01-31,MG92,84.88,78.41929437279701,67.05336452126502,90.01873695492743
2025-02-03,MG95,87.84,80.93934412837028,69.41116312026978,93.84509264945984
2025-02-03,MG92,86.41,77.83817855179309,65.95492134094238,89.89534737229347
2025-02-04,MG95,84.87,81.23207073330879,69.80393120884895,94.05577597141266
2025-02-04,MG92,83.3,78.12178283512591,66.36584328472614,90.11296190500259
2025-02-05,MG95,85.97,80.95319790601731,69.24102284550666,94.08289292097092
2025-02-05,MG92,84.06,77.8453351867199,65.7934152173996,90.11960490584373
2025-02-06,MG95,84.77,81.3546214234829,69.68177255868912,94.4900341129303
2025-02-06,MG92,83.21,78.23044334888458,66.26163426637649,90.52866309165954
2025-02-07,MG95,85.49,80.64824168920516,68.61314785122872,94.13120039701462
2025-02-07,MG92,83.86,77.54256990611553,65.15570670366287,90.14356471300124
2025-02-10,MG95,86.48,80.2500868690014,68.10871963858605,93.81307774543762
2025-02-10,MG92,85.04,77.15709486246108,64.62459927558898,89.8152791559696
2025-02-11,MG95,87.44,81.08556487083435,69.19263390660286,94.45222516298294
2025-02-11,MG92,86.0,77.96587776899337,65.76170687317848,90.47545060038566
2025-02-12,MG95,87.69,79.91298337101937,67.07868796110154,94.2924052143097
2025-02-12,MG92,86.17,76.81240725696087,63.598617635369294,90.23985398292541
2025-02-13,MG95,86.03,79.76834097146988,67.12779479146003,93.88907241106034
2025-02-13,MG92,84.59,76.67897979676722,63.62733711838722,89.84902246952056
2025-02-14,MG95,86.95,80.66431023836137,68.30836983442306,94.54328027486801
2025-02-14,MG92,85.55,77.54754481911658,64.86495556890964,90.53190143227576
2025-02-17,MG95,87.68,79.93192348599435,67.17032858729362,94.22276465177536
2025-02-17,MG92,86.29,76.83272759974002,63.68856230139732,90.17585028409957
2025-02-18,MG95,87.99,80.2764808356762,67.45779065489769,94.68100342273712
2025-02-18,MG92,86.6,77.16151211559772,64.0043934547901,90.633141156435
2025-02-19,MG95,88.43,79.49329180717469,66.33947360277176,94.2254427433014
2025-02-19,MG92,87.04,76.40005202949047,62.84041545689105,90.14296791911124
2025-02-20,MG95,88.11,80.5390610909462,67.5966542828083,95.13236876487733
2025-02-20,MG92,86.72,77.40885383248329,64.16617840826511,91.07673511981963
2025-02-21,MG95,86.91,80.14024438500404,67.11630343675614,94.7854897236824
2025-02-21,MG92,85.52,77.02473380446433,63.66109999895095,90.72114379644393
2025-02-24,MG95,85.82,79.52972607135773,66.40304009079934,94.23176629781723
2025-02-24,MG92,84.43,76.43583031237125,62.90567144453525,90.15192961096763
2025-02-25,MG95,86.01,80.71512778878213,67.88238526463509,95.19386304140092
2025-02-25,MG92,84.62,77.5805935037136,64.45979121863841,91.14697091221808
2025-02-26,MG95,83.78,79.58481023907662,66.21198422670365,94.60531424283981
2025-02-26,MG92,82.55,76.48200846254825,62.72977378308772,90.50796119213103
2025-02-27,MG95,83.41,78.93613166689873,65.095586643219,94.48568603277207
2025-02-27,MG92,81.94,75.84664309859275,61.58311259150504,90.34029145956039
2025-02-28,MG95,84.34,79.57379238724708,66.08248882770539,94.74422878503799
2025-02-28,MG92,82.75,76.46818925976753,62.60442749917507,90.63779810547828
2025-03-03,MG95,83.79,79.22524335741997,65.51779846429825,94.63384660959244
2025-03-03,MG92,82.2,76.1278406393528,62.02228440999984,90.50487938761711
2025-03-04,MG95,80.03,79.12935138821602,65.12916461586953,94.90665554523468
2025-03-04,MG92,78.44,76.0284597814083,61.638829660415645,90.75356633663176
2025-03-05,MG95,79.94,79.67464849948884,66.07354318737984,94.99756809711457
2025-03-05,MG92,78.3,76.56190057575702,62.6073674428463,90.88439138412475
2025-03-06,MG95,78.59,79.28669181108475,65.38577771663665,94.95221364974975
2025-03-06,MG92,77.03,76.18192875444889,61.903150652647014,90.8098312819004
2025-03-07,MG95,78.69,78.8154189825058,64.61680904865266,94.8190015077591
2025-03-07,MG92,76.98,75.72231429934502,61.11081382036208,90.64355080723762
2025-01-13,MG95,89.09,86.71128093481063,83.33806577324867,88.54492641448975
2025-01-13,MG92,87.14,84.59384120225907,82.49414401769639,86.68640786886216
2025-01-14,MG95,88.44,86.66559051275253,82.7514750623703,89.20445905923843
2025-01-14,MG92,86.3,84.59750660896302,81.70676258087158,87.41370067119598
2025-01-15,MG95,88.1,86.51412840127945,82.21096371531486,89.52123165607452
2025-01-15,MG92,86.34,84.48903660893441,81.08535596728325,87.7466317653656
2025-01-16,MG95,88.92,86.39728210687637,81.90959525942803,89.61949062824249
2025-01-16,MG92,86.78,84.39547860503197,80.76054685354234,87.84449612140656
2025-01-17,MG95,87.72,86.43940040588379,81.7402878856659,89.91970249414445
2025-01-17,MG92,85.58,84.44516189098358,80.52097847521306,88.17213941574097
2025-01-20,MG95,86.93,86.51736275911331,81.65454157948494,90.19096890449524
2025-01-20,MG92,84.54,84.52440878510475,80.37995545744896,88.46611304521561
2025-01-21,MG95,85.82,86.53340148925781,80.91886334896087,91.05199385404586
2025-01-21,MG92,83.43,84.57474303126335,79.49915121614933,89.37048705339433
2025-01-22,MG95,85.75,86.64603083610534,80.88980018734932,91.30900247812271
2025-01-22,MG92,83.26,84.68381391763688,79.43972856402398,89.6387928211689
2025-01-23,MG95,86.31,86.48003458499909,80.40640186786652,91.50277735948562
2025-01-23,MG92,83.9,84.54362713336945,78.9242431908846,89.8358334684372
2025-01-24,MG95,86.31,86.44002475976944,80.13576492905617,91.7145970916748
2025-01-24,MG92,83.9,84.5146644115448,78.6267393541336,90.05324416279794
2025-01-27,MG95,87.49,86.02186118602752,79.98223016738892,91.03850371599198
2025-01-27,MG92,85.08,84.12218548059464,78.54867921054364,89.34130400657655
2025-01-28,MG95,87.02,86.444497590065,79.32884382605553,92.57539686441422
2025-01-28,MG92,84.91,84.54162417888642,77.73661135971547,90.9316899251938
2025-01-29,MG95,87.02,86.37964666843415,79.78371633768081,91.97187183380127
2025-01-29,MG92,84.91,84.46790543913842,78.24404485583305,90.31646242618561
2025-01-30,MG95,87.02,86.20868629217148,79.46281891107559,91.97919008016586
2025-01-30,MG92,84.91,84.31407853484154,77.91528491437435,90.32217084646226
2025-01-31,MG95,87.06,86.30573749780655,79.29947872281075,92.34050674438477
2025-01-31,MG92,84.88,84.41033051252366,77.72093323349954,90.69255718946458
2025-02-03,MG95,87.84,86.43571569442749,79.16161422014237,92.7330001616478
2025-02-03,MG92,86.41,84.53714757561684,77.55660083293915,91.09134542703629
2025-02-04,MG95,84.87,86.39464139699936,78.71604048728943,93.11744862556458
2025-02-04,MG92,83.3,84.50715333223343,77.08223611533643,91.47976837515832
2025-02-05,MG95,85.97,86.1682772898674,78.84211391329765,92.55635918855667
2025-02-05,MG92,84.06,84.28985280036927,77.23916259169579,90.91188070535661
2025-02-06,MG95,84.77,86.66221286058426,78.61280715465546,93.72153659820556
2025-02-06,MG92,83.21,84.76358157992364,76.95884911179543,92.0830482506752
2025-02-07,MG95,85.49,86.41582848787307,78.83169948577881,93.03769509315491
2025-02-07,MG92,83.86,84.52510981917382,77.20408585131169,91.39924960494042
2025-02-10,MG95,86.48,86.42381202936173,77.87502556800843,94.03503389596939
2025-02-10,MG92,85.04,84.54735262870788,76.19546306967736,92.39954510331154
2025-02-11,MG95,87.44,86.46466114997864,78.60321155190468,93.36487699985504
2025-02-11,MG92,86.0,84.57572447896004,76.95784763455391,91.72814474582673
2025-02-12,MG95,87.69,86.27014932632446,77.79784109830857,93.82939629077912
2025-02-12,MG92,86.17,84.40248894572258,76.11988158226013,92.19605494260789
2025-02-13,MG95,86.03,85.92111503362655,77.67052919983864,93.30581926345825
2025-02-13,MG92,84.59,84.07371398210526,76.005127312541,91.67227233052255
2025-02-14,MG95,86.95,86.54734198093415,77.73118876218795,94.40868410825729
2025-02-14,MG92,85.55,84.66621796250344,76.04425502836705,92.7695608997345
2025-02-17,MG95,87.68,86.44790594816207,78.30226274371147,93.64266330242157
2025-02-17,MG92,86.29,84.56461809635162,76.64132574498655,92.00691595077515
2025-02-18,MG95,87.99,86.28610617399215,78.12119499921799,93.52720901012421
2025-02-18,MG92,86.6,84.41361535787583,76.45857617795468,91.89282766342164
2025-02-19,MG95,88.43,86.39902210950851,77.79442762255668,94.07156371593476
2025-02-19,MG92,87.04,84.52472925782205,76.1122653478384,92.43637943625451
2025-02-20,MG95,88.11,86.11350814819336,77.41034762978553,93.93534198045731
2025-02-20,MG92,86.72,84.25801583886147,75.72107331514358,92.30408429265023
2025-02-21,MG95,86.91,86.51002404212952,77.04756219863891,95.03452211380005
2025-02-21,MG92,85.52,84.63612357139588,75.3430356860161,93.390947483778
2025-02-24,MG95,85.82,85.4394055402279,76.20543163061141,93.91266053438187
2025-02-24,MG92,84.43,83.62898297607899,74.49314704716205,92.28824092268944
2025-02-25,MG95,86.01,85.57602645277977,76.6009239935875,93.76109606981278
2025-02-25,MG92,84.62,83.7562757408619,74.89962662994861,92.13417366385461
2025-02-26,MG95,83.78,85.95420578956605,76.67414739847183,94.39390432119369
2025-02-26,MG92,82.55,84.11203050136567,74.96183338880539,92.76505425214768
2025-02-27,MG95,83.41,86.03843215227127,76.31174067378043,94.91998899936677
2025-02-27,MG92,81.94,84.19243910908699,74.58923878848553,93.28768516540528
2025-02-28,MG95,84.34,86.23061032533646,76.25628064870834,95.3286337351799
2025-02-28,MG92,82.75,84.37403697729111,74.53469833791256,93.68861656427384
2025-03-03,MG95,83.79,85.91749173402786,76.84371577262878,94.15176760196685
2025-03-03,MG92,82.2,84.07666833996774,75.13818351626396,92.5233677494526
2025-03-04,MG95,80.03,85.89885323524474,75.83078859329224,95.15443900108338
2025-03-04,MG92,78.44,84.06085501432419,74.09873526513577,93.52356310009957
2025-03-05,MG95,79.94,86.38224643707275,76.18862013459206,95.67353296279907
2025-03-05,MG92,78.3,84.5174985921383,74.46975754618646,94.0254133605957
2025-03-06,MG95,78.59,85.54559687733651,75.53375479102135,94.80553776741027
2025-03-06,MG92,77.03,83.72804910480977,73.79612890183927,93.18305082321167
2025-03-07,MG95,78.69,85.68303661465644,75.76305643200874,94.82515885591506
2025-03-07,MG92,76.98,83.85764526724816,74.02953819513321,93.20014603972436
2025-03-10,MG95,78.55,85.75781578660012,75.39065492749214,95.34518423080445
2025-03-10,MG92,77.31,83.92699756622315,73.65088465750217,93.71611712932587
2025-03-11,MG95,77.98,85.28205812573432,75.1274897646904,94.73276471614838
2025-03-11,MG92,76.64,83.47952751994133,73.38359538912773,93.11471001625061
2025-03-12,MG95,79.15,85.55659471750259,75.37513819813728,94.98913875102997
2025-03-12,MG92,77.74,83.73786358177662,73.6341199284792,93.36608080387116
2025-03-13,MG95,80.46,84.84756411552429,74.40645826220512,94.6639732003212
2025-03-13,MG92,79.08,83.06919224977494,72.65326811075211,93.05229795455934
2025-03-14,MG95,80.05,85.80836798071861,74.6403043806553,96.2065571808815
2025-03-14,MG92,78.62,83.97031646430493,72.89762355029583,94.5673327255249
2025-03-17,MG95,81.04,85.02469638347625,74.12940890192985,95.2853895521164
2025-03-17,MG92,79.61,83.23170196175576,72.36849304974079,93.67239263296128
2025-03-18,MG95,81.95,85.70109681844711,74.81538446903228,95.8304914355278
2025-03-18,MG92,80.52,83.87071454524994,73.06968234777452,94.19860883474351
2025-03-19,MG95,80.27,85.01302813053131,73.94246097207069,95.45771122455596
2025-03-19,MG92,78.84,83.2189130973816,72.17923388063907,93.84470680713655
2025-03-20,MG95,80.97,84.73318964838981,73.23945896744728,95.66676742315292
2025-03-20,MG92,79.54,82.94963589668275,71.46785455167294,94.05971395611763
2025-03-21,MG95,81.9,85.44771661162376,74.0127314901352,96.19023186206817
2025-03-21,MG92,80.56,83.62611374378204,72.25845573782921,94.5615141427517
2025-03-24,MG95,82.07,84.93784466385841,73.33301481485367,95.95113502979278
2025-03-24,MG92,80.73,83.14148388445378,71.5649327480793,94.33807455539704
2025-03-25,MG95,83.15,84.57737241268158,72.87267153024673,95.75857815027237
2025-03-25,MG92,81.91,82.79949943602085,71.09717778027058,94.15508463382722
2025-03-26,MG95,83.45,84.96487099885941,72.83209364533424,96.52299201250077
2025-03-26,MG92,82.34,83.15947041571141,71.06580650568009,94.90496074795723
2025-03-27,MG95,83.88,85.00151852488517,73.11447048425674,96.29674049377441
2025-03-27,MG92,82.36,83.19783200144768,71.34810791790485,94.67962836861611
2025-03-28,MG95,84.1,84.79911527752876,72.74077421307564,96.31069122076035
2025-03-28,MG92,82.41,83.00359549045564,70.96956454277039,94.69919723391533
2025-03-31,MG95,84.1,84.51063819408417,72.14238219022751,96.40039347410202
2025-03-31,MG92,82.41,82.72523989856244,70.36518804967403,94.79658088088036
2025-04-01,MG95,85.57,84.2372991335392,71.72707426786423,96.32653548002243
2025-04-01,MG92,83.69,82.46395448625088,69.94435229063035,94.73080385565758
2025-04-02,MG95,85.91,84.4839598596096,72.39799881219864,96.08166593313217
2025-04-02,MG92,84.03,82.70502007305623,70.61968344628811,94.47991377711297
2025-04-03,MG95,83.12,84.74119366049767,72.48737865328789,96.4680386352539
2025-04-03,MG92,81.61,82.94553985476495,70.71547474443913,94.85710015058518
2025-04-04,MG95,77.52,84.76289251685142,71.45628379940986,97.59178351163864
2025-04-04,MG92,76.34,82.94637108087541,69.69809404432775,95.96789864778519
2025-02-10,MG95,86.48,84.12522477984427,81.39004879593848,86.95155087590217
2025-02-10,MG92,85.04,82.55191680669785,79.5482509303093,85.19305542707443
2025-02-11,MG95,87.44,84.18656053006649,81.20491541743279,87.28703505992888
2025-02-11,MG92,86.0,82.60657980680466,79.3437945151329,85.48417489051819
2025-02-12,MG95,87.69,83.8680497932434,80.80948148667812,87.02859636425971
2025-02-12,MG92,86.17,82.29078301787376,78.91570264935494,85.21458873033524
2025-02-13,MG95,86.03,83.72729400455951,80.28090969085693,87.28947075724601
2025-02-13,MG92,84.59,82.14150944113732,78.34790423154831,85.41469649791718
2025-02-14,MG95,86.95,83.1717511922121,79.266253221035,87.16687059521675
2025-02-14,MG92,85.55,81.57939925432206,77.2750378870964,85.23057375907898
2025-02-17,MG95,87.68,83.31883062183856,79.54600681602955,87.18924028396606
2025-02-17,MG92,86.29,81.72875280618668,77.5688865017891,85.26995151281356
2025-02-18,MG95,87.99,83.37001083910465,79.11444507360459,87.73103516459464
2025-02-18,MG92,86.6,81.76410681128502,77.1213256907463,85.75217154502869
2025-02-19,MG95,88.43,83.2965577495098,78.89711259186268,87.79476075172424
2025-02-19,MG92,87.04,81.68679085612297,76.89616071581841,85.80020660638809
2025-02-20,MG95,88.11,83.36779934823512,79.01392924666405,87.82588468313217
2025-02-20,MG92,86.72,81.75876347303391,77.01768292307854,85.83633537054062
2025-02-21,MG95,86.91,82.76772098243237,78.12999532699584,87.4630982685089
2025-02-21,MG92,85.52,81.15550608277321,76.10085305213929,85.4433675813675
2025-02-24,MG95,85.82,82.98586366474628,78.41012599647044,87.63577799797058
2025-02-24,MG92,84.43,81.37346329927445,76.39120775341988,85.62246188402176
2025-02-25,MG95,86.01,82.5688192898035,77.81901588857174,87.35939259529113
2025-02-25,MG92,84.62,80.95478350639343,75.780737606287,85.32855328798294
2025-02-26,MG95,83.78,82.49909108459948,77.37112274467944,87.64838451504707
2025-02-26,MG92,82.55,80.87202424407005,75.32987282276153,85.58354398727417
2025-02-27,MG95,83.41,82.7499118566513,77.62699835300445,87.91083854436874
2025-02-27,MG92,81.94,81.12069690823554,75.59438056230545,85.84749190092087
2025-02-28,MG95,84.34,82.47301179826259,77.53222526848316,87.44152349352836
2025-02-28,MG92,82.75,80.85306014180183,75.48969811797141,85.39273332834243
2025-03-03,MG95,83.79,82.43312852859496,77.11026363849639,87.76266865611076
2025-03-03,MG92,82.2,80.79950179815292,75.06806424379349,85.68228327989578
2025-03-04,MG95,80.03,82.06363120734692,76.41668099284172,87.67290454745292
2025-03-04,MG92,78.44,80.42100450873374,74.36845681786536,85.56790884971619
2025-03-05,MG95,79.94,82.22637451469897,76.67356043457984,87.7583068215847
2025-03-05,MG92,78.3,80.58594821214676,74.62809107303619,85.66046006679535
2025-03-06,MG95,78.59,82.31790679693222,76.76181624531745,87.8586901628971
2025-03-06,MG92,77.03,80.67657502770423,74.71898780465126,85.76115875005722
2025-03-07,MG95,78.69,82.23887911975383,76.28925020098686,88.13867305994033
2025-03-07,MG92,76.98,80.58329403758049,74.25198803901672,86.01691920995712
2025-03-10,MG95,78.55,82.08582255005835,76.31547725975513,87.81105648398399
2025-03-10,MG92,77.31,80.43825414419175,74.2704223060608,85.69835828065872
2025-03-11,MG95,77.98,81.80042812466621,75.8434819227457,87.6800383889675
2025-03-11,MG92,76.64,80.14790444135666,73.79632474780082,85.55455300331116
2025-03-12,MG95,79.15,81.57842807233332,75.54680583655833,87.51282114386558
2025-03-12,MG92,77.74,79.92474884152412,73.49700283527375,85.38183671712875
2025-03-13,MG95,80.46,81.7369318395853,75.62637874305248,87.75353733897208
2025-03-13,MG92,79.08,80.07880593061446,73.58250124573708,85.6193028664589
2025-03-14,MG95,80.05,81.46261015534401,75.23265183866023,87.57147151231766
2025-03-14,MG92,78.62,79.80181707262993,73.18736912965774,85.42928196191788
2025-03-17,MG95,81.04,80.9593074452877,74.67939695119857,87.08253839731216
2025-03-17,MG92,79.61,79.30071291327477,72.62655853867531,84.93524560451507
2025-03-18,MG95,81.95,81.46736944675445,75.0907036793232,87.70998014092444
2025-03-18,MG92,80.52,79.80054746747017,73.05109650969506,85.56088103532791
2025-03-19,MG95,80.27,80.54124395012855,73.95489929378033,86.91768551111221
2025-03-19,MG92,78.84,78.87303092002868,71.90956651926041,84.75379203557968
2025-03-20,MG95,80.97,81.1786628806591,74.60432855606079,87.58280412912369
2025-03-20,MG92,79.54,79.50579413414002,72.56824667334557,85.42307389259338
2025-03-21,MG95,81.9,80.57552715420722,73.72703930020332,87.19061609625815
2025-03-21,MG92,80.56,78.8954389512539,71.69616288661956,85.016190431118
2025-03-24,MG95,82.07,79.71461516022681,72.72572820961474,86.4045890557766
2025-03-24,MG92,80.73,78.03545140266418,70.69294988036155,84.22107770681382
2025-03-25,MG95,83.15,80.22301347136496,73.44656212985515,86.75213962316512
2025-03-25,MG92,81.91,78.5490916633606,71.40706779360771,84.57874647378921
2025-03-26,MG95,83.45,80.09368711590767,73.21937475562095,86.70326261758804
2025-03-26,MG92,82.34,78.41643791794777,71.18394718289375,84.52543305397033
2025-03-27,MG95,83.88,79.6409582465887,72.51570281982421,86.44907365322112
2025-03-27,MG92,82.36,77.95599611282348,70.4910876584053,84.26035549163818
2025-03-28,MG95,84.1,80.03757945239543,72.64886106729507,87.10324692010879
2025-03-28,MG92,82.41,78.33722255349159,70.64515974283218,84.9091237282753
2025-03-31,MG95,84.1,79.8351923686266,72.78582572877407,86.58672622084617
2025-03-31,MG92,82.41,78.15210012555123,70.75826456785202,84.40137163639069
2025-04-01,MG95,85.57,79.73462558567523,72.37251642942428,86.7595588183403
2025-04-01,MG92,83.69,78.03770570158959,70.36469696521759,84.56408103466033
2025-04-02,MG95,85.91,79.6887346023321,72.31747374653816,86.71918127536773
2025-04-02,MG92,84.03,77.99174999356269,70.30992399930953,84.52320374727249
2025-04-03,MG95,83.12,79.20637990832329,71.82333292722701,86.21959835410118
2025-04-03,MG92,81.61,77.51281893849372,69.8128835761547,84.02118987083435
2025-04-04,MG95,77.52,79.87040297210216,72.4761813378334,86.93153535485267
2025-04-04,MG92,76.34,78.17098425269127,70.47158372402191,84.7360875415802
2025-04-07,MG95,72.28,78.74815288543701,70.904794780612,86.14386753082275
2025-04-07,MG92,71.39,77.03563733935356,68.92708905339241,83.93276736974717
2025-04-08,MG95,73.41,78.78486159563064,70.97914979159832,86.14936058878898
2025-04-08,MG92,72.72,77.07393542885781,68.99856682419777,83.93911539554595
2025-04-09,MG95,70.34,78.53908546864986,70.36336168766022,86.21556263804435
2025-04-09,MG92,68.86,76.81142206907272,68.41256906628608,83.99882682561875
2025-04-10,MG95,72.44,78.31442041695118,70.18174427390097,85.94123585820198
2025-04-10,MG92,70.96,76.59060574173927,68.22694179534912,83.72383234739304
2025-04-11,MG95,71.93,78.47000440478324,70.39626907944678,86.05341042041778
2025-04-11,MG92,70.37,76.74801678776741,68.43674154877662,83.83744201540947
2025-04-14,MG95,74.29,78.40552976429461,70.40337744295597,85.9225044286251
2025-04-14,MG92,72.8,76.68770554423332,68.4376462674141,83.7073024880886
2025-04-15,MG95,74.65,77.5865902364254,69.20113661050796,85.3967708826065
2025-04-15,MG92,73.16,75.85525943040848,67.26833991527558,83.17399834275245
2025-04-16,MG95,75.04,78.18341251313686,69.76381835997104,86.05433781981468
2025-04-16,MG92,73.79,76.44577578306198,67.83400399684906,83.83385812997818
2025-04-17,MG95,76.74,78.01853924453258,69.65549097657204,85.83159890532492
2025-04-17,MG92,74.96,76.28501577854156,67.72066924333572,83.61060755968094
2025-04-21,MG95,76.84,77.80597624540329,69.42253538191318,85.62583853363991
2025-04-21,MG92,75.54,76.07300671219825,67.4895561182499,83.40380187511444
2025-04-22,MG95,77.15,77.40068742215632,68.97954420626164,85.2324937993288
2025-04-22,MG92,75.85,75.66896736621857,67.05009778738022,83.00890968441963
2025-04-23,MG95,78.76,76.60099397957325,67.6779340571165,84.83114387571811
2025-04-23,MG92,77.55,74.84777775168419,65.79938675165177,82.6034657752514
2025-04-24,MG95,77.62,76.82084368824958,67.93561350822448,85.02883281528949
2025-04-24,MG92,76.19,75.06805424690246,66.05250803232192,82.80166413664817
2025-04-25,MG95,78.45,76.85454599380493,67.76605738222598,85.2406059962511
2025-04-25,MG92,76.62,75.09013238072396,65.90331942915917,83.01430800557137
2025-04-25,MG95,78.45,76.83119285404682,67.64644833803176,85.29939394593238
2025-04-25,MG92,76.62,75.06157626152039,65.79357355952263,83.0737645149231
2025-04-25,MG95,78.45,75.63882220089435,66.14096318960189,84.32272008657455
2025-04-25,MG92,76.62,73.85937513947486,64.32837922692299,82.09657341599464
2025-04-25,MG95,78.45,76.15615310072899,67.03722846388817,84.53532894611358
2025-04-25,MG92,76.62,74.39517850756646,65.18083411812782,82.30720291137695
2025-04-28,MG95,78.17,75.76220708549022,66.43112200200558,84.30721417248249
2025-04-28,MG92,76.29,73.99180895328522,64.59952490210533,82.07968366861343
2025-04-29,MG95,76.83,75.41713298022746,66.0213184762001,84.00245646297931
2025-04-29,MG92,75.3,73.64560162186622,64.19884950995446,81.77514837741852
2025-04-30,MG95,74.78,75.56555255293846,66.05244750320911,84.25934609591961
2025-04-30,MG92,73.34,73.78573804020881,64.24204107761383,82.03325810670853
2025-03-10,MG95,78.55,78.54105047643185,75.52456114053726,81.66319327354431
2025-03-10,MG92,77.31,77.00171214580536,73.93095308661461,79.85448254585266
2025-03-11,MG95,77.98,78.93756286025047,75.25850915908813,82.60073524117469
2025-03-11,MG92,76.64,77.325155210495,73.65870700478554,80.71072661876678
2025-03-12,MG95,79.15,79.25889459371567,74.80646843791008,83.60945704221726
2025-03-12,MG92,77.74,77.58603132247926,73.18998252153396,81.62608719348908
2025-03-13,MG95,80.46,79.33483976125717,74.60676998198032,83.94330246806145
2025-03-13,MG92,79.08,77.64547818660736,72.98288664221764,81.9271023273468
2025-03-14,MG95,80.05,79.05904135823249,74.22572148263454,83.79363533020019
2025-03-14,MG92,78.62,77.38642824411393,72.59803289294243,81.77554861307145
2025-03-17,MG95,81.04,79.38707082509994,74.10147571384907,84.5382938325405
2025-03-17,MG92,79.61,77.67290743589402,72.46165749192238,82.458288230896
2025-03-18,MG95,81.95,79.70769901514053,73.87594314336776,85.38667339682578
2025-03-18,MG92,80.52,77.9543302488327,72.21791892528535,83.23453873872758
2025-03-19,MG95,80.27,79.67288768649101,73.73536109626293,85.46279679536819
2025-03-19,MG92,78.84,77.91784356594086,72.07432143688202,83.29978529691697
2025-03-20,MG95,80.97,79.46623353123664,72.99613863945007,85.82154765844345
2025-03-20,MG92,79.54,77.7021812081337,71.32098522663117,83.6074902677536
2025-03-21,MG95,81.9,79.94684749603272,72.91950399935246,86.86842965483665
2025-03-21,MG92,80.56,78.14261841773987,71.21942175507546,84.57292826414108
2025-03-24,MG95,82.07,79.26570489406585,72.08622247695922,86.38353814601898
2025-03-24,MG92,80.73,77.481618475914,70.39269922614098,84.1037678861618
2025-03-25,MG95,83.15,79.1323224413395,71.90784138679504,86.30448800683021
2025-03-25,MG92,81.91,77.35141901493073,70.21509736061097,84.02788549661636
2025-03-26,MG95,83.45,79.52502161979675,71.64090763092041,87.40011149168015
2025-03-26,MG92,82.34,77.70397067070007,69.9207261800766,85.03213188886643
2025-03-27,MG95,83.88,79.59757101774215,71.66470615983009,87.52393513441086
2025-03-27,MG92,82.36,77.77263097286225,69.94142429709434,85.14688691139222
2025-03-28,MG95,84.1,79.62201680660247,71.58076404869556,87.66785197734832
2025-03-28,MG92,82.41,77.79230588436127,69.85337356209756,85.27821511030197
2025-03-31,MG95,84.1,79.70090747594833,71.41202619373799,88.02089944839477
2025-03-31,MG92,82.41,77.86003015995026,69.67455577969551,85.60141957998276
2025-04-01,MG95,85.57,79.21693526387214,70.67564605236053,87.83637407898902
2025-04-01,MG92,83.69,77.377141392231,68.94080271363259,85.42122528791428
2025-04-02,MG95,85.91,79.6377105152607,70.5161199259758,88.90790823698043
2025-04-02,MG92,84.03,77.76707905054093,68.75138121843338,86.40919215917587
2025-04-03,MG95,83.12,79.227919921875,70.4142327672243,88.15587659955024
2025-04-03,MG92,81.61,77.37650819778443,68.67019467830659,85.7135500574112
2025-04-04,MG95,77.52,79.09571004152298,69.54293644845485,88.87909109830856
2025-04-04,MG92,76.34,77.21557586431504,67.77707391142846,86.37739478588105
2025-04-07,MG95,72.28,79.9636668741703,70.39934109807014,89.7409505546093
2025-04-07,MG92,71.39,78.0731872701645,68.60960531115532,87.18050558567047
2025-04-08,MG95,73.41,78.50221956968308,68.70758181810379,88.58073240280152
2025-04-08,MG92,72.72,76.6194737648964,66.94809849500656,86.1063141489029
2025-04-09,MG95,70.34,79.36668682694435,69.74567421197891,89.2239118015766
2025-04-09,MG92,68.86,77.48040714740753,67.97037257552147,86.69633207559586
2025-04-10,MG95,72.44,79.17051077842711,69.1239622682333,89.53319887161254
2025-04-10,MG92,70.96,77.26919550418854,67.33865099430085,86.98225148677827
2025-04-11,MG95,71.93,79.08283050656318,68.80329186558723,89.72440321326256
2025-04-11,MG92,70.37,77.17275723695755,67.01188136458397,87.16040854454042
2025-04-14,MG95,74.29,79.03178139567375,68.78128033697605,89.639621540308
2025-04-14,MG92,72.8,77.1232854795456,66.99232116222382,87.08211267471314
2025-04-15,MG95,74.65,79.28926890850067,68.86748316764832,90.09743131756782
2025-04-15,MG92,73.16,77.37220431089402,67.06505593299866,87.50562799215317
2025-04-16,MG95,75.04,79.32688503026962,68.86655449032783,90.18066519498825
2025-04-16,MG92,73.79,77.40813121318817,67.06160089373589,87.5828410077095
2025-04-17,MG95,76.74,79.36664930462837,68.74175057709216,90.41798446297645
2025-04-17,MG92,74.96,77.44140604019165,66.92941008210182,87.80361480474473
2025-04-21,MG95,76.84,79.15783761620521,68.29754263937473,90.49792575716972
2025-04-21,MG92,75.54,77.22420199155808,66.48226009368896,87.88080946683884
2025-04-22,MG95,77.15,79.2157533109188,68.26458397507668,90.66552856206894
2025-04-22,MG92,75.85,77.27846400260925,66.44411701083183,88.03674048185349
2025-04-23,MG95,78.76,78.91699125051498,67.97833560705185,90.35631653666496
2025-04-23,MG92,77.55,76.98100026369096,66.16692925930023,87.75282159805299
2025-04-24,MG95,77.62,79.2938560116291,68.33157068967819,90.75590106010436
2025-04-24,MG92,76.19,77.35598902702331,66.50837248206139,88.12014779090882
2025-04-25,MG95,78.45,78.84793142795563,67.73786446452141,90.49767248153687
2025-04-25,MG92,76.62,76.90519128799438,65.92185547828674,87.88704964399338
2025-04-25,MG95,78.45,78.95577056407929,67.62949063539504,90.86939668536186
2025-04-25,MG92,76.62,77.0042265701294,65.8019890165329,88.23363642454147
2025-04-25,MG95,78.45,78.34824674606323,67.057688062191,90.22729605317116
2025-04-25,MG92,76.62,76.39959011077882,65.24854954004289,87.64852804899216
2025-04-25,MG95,78.45,79.19514417886734,67.8304648500681,91.1524087536335
2025-04-25,MG92,76.62,77.24210579395294,65.99439294934272,88.49409040689468
2025-04-28,MG95,78.17,77.91218584120273,66.50969808876515,89.93594465017318
2025-04-28,MG92,76.29,75.96056611776352,64.70775559902191,87.39211182832719
2025-04-29,MG95,76.83,79.23651253223419,67.62696725964545,91.49631954073905
2025-04-29,MG92,75.3,77.2743987107277,65.77984097599983,88.81710216522217
2025-04-30,MG95,74.78,78.35225694358348,66.71772649884224,90.65674834012985
2025-04-30,MG92,73.34,76.38894510269165,64.89519950866699,88.05360731363297
2025-05-01,MG95,74.78,77.54186403393746,65.63733238399028,90.1963026201725
2025-05-01,MG92,73.34,75.56916935920715,63.82561479091645,87.65785160779953
2025-05-02,MG95,75.24,78.56048234581947,66.88302168130875,90.91520205259323
2025-05-02,MG92,73.73,76.59516460418702,65.053002576828,88.28966036796571
2025-05-05,MG95,73.1,78.39158033072948,66.63452545344829,90.84812153220176
2025-05-05,MG92,71.59,76.42313301444054,64.80609803795815,88.23301240682602
2025-05-06,MG95,74.97,77.33271933495998,65.15080396413803,90.34022884368896
2025-05-06,MG92,73.46,75.34830379486084,63.333480466604236,87.80751491546631
2025-05-07,MG95,76.52,77.61364422440529,65.56251288592816,90.45128551840781
2025-05-07,MG92,74.79,75.63411308526993,63.74325821757317,87.89588683605194
2025-05-08,MG95,74.88,77.90498624682427,65.70586220383645,90.92478900432586
2025-05-08,MG92,73.38,75.91849539399148,63.873067667484285,88.32976268291473
2025-05-09,MG95,76.72,78.17955110371112,65.93544718444348,91.25182412981987
2025-05-09,MG92,75.22,76.19116819381715,64.09332756757736,88.62640969276428
2025-05-12,MG95,76.72,77.47165040016174,65.11447298169136,90.69928926587104
2025-05-12,MG92,75.22,75.47904468297959,63.286669961214066,88.14088720321655
2025-05-13,MG95,77.69,76.96172212600707,64.59226552963257,90.21392872810364
2025-05-13,MG92,76.19,74.97032341718675,62.77657218575478,87.71238892078401
2025-05-14,MG95,78.68,76.84151938676834,64.36944863677024,90.22693021059035
2025-05-14,MG92,77.18,74.84597412228585,62.552554414272315,87.73362387657166
2025-05-15,MG95,76.57,77.63091856062412,65.14730500817299,91.01700009584427
2025-05-15,MG92,75.07,75.63264021992684,63.31024498343468,88.43411129236222
2025-05-16,MG95,76.6,76.93093506574631,64.44215750455857,90.33609200835228
2025-05-16,MG92,75.1,74.93421298027039,62.62248110532761,87.83132853269578
2025-05-19,MG95,76.59,77.447955057621,64.99241288781165,90.80138748764992
2025-05-19,MG92,75.09,75.45112447857858,63.161251577138906,88.23991330862046
2025-05-20,MG95,76.33,77.0973183953762,64.54659149050713,90.5787582063675
2025-05-20,MG92,74.8,75.09718713641168,62.720387649536136,88.0512580704689
2025-05-21,MG95,77.54,77.17299152612686,64.57393587827683,90.71502987742424
2025-05-21,MG92,76.05,75.17051839470864,62.74389384627342,88.1762267947197
2025-05-22,MG95,77.12,76.75006343185902,64.0054962426424,90.48738198637962
2025-05-22,MG92,75.87,74.74252942085266,62.17982312679291,87.98994832992554
2025-05-23,MG95,76.75,77.19456216752529,64.50093621253967,90.85771786451339
2025-05-23,MG92,75.5,75.18793124198913,62.66650188446045,88.31133580684663
2025-05-26,MG95,77.26,77.62023408114909,64.8720553690195,91.34570496439933
2025-05-26,MG92,76.01,75.61094183921814,63.02436686754227,88.74947883367538
2025-05-27,MG95,76.86,77.21090782642364,64.48100248217582,90.92048331856728
2025-05-27,MG92,75.61,75.2026874256134,62.64466585278512,88.37030548095703
2025-05-28,MG95,76.5,76.94999640226364,64.22216416597367,90.661851375103
2025-05-28,MG92,75.17,74.94249498009682,62.39236998438835,88.14174063920976
2025-04-07,MG95,72.28,76.57103101730347,75.81897148132323,77.0403635931015
2025-04-07,MG92,71.39,75.43874275565148,73.73340728521347,76.6017467737198
2025-04-08,MG95,73.41,76.3846887731552,74.89332704544067,77.18375780582427
2025-04-08,MG92,72.72,75.20475686550141,72.96253655433655,76.65669521331787
2025-04-09,MG95,70.34,76.1660812139511,74.04422667503357,77.25299677848815
2025-04-09,MG92,68.86,74.94554456353188,72.23811445474625,76.65349185943604
2025-04-10,MG95,72.44,76.1950335931778,74.05492787361145,77.30508888244628
2025-04-10,MG92,70.96,74.9685368180275,72.24730134606362,76.71356384515762
2025-04-11,MG95,71.93,75.75281903743743,72.70404941082,77.2801702451706
2025-04-11,MG92,70.37,74.47151644229889,71.06692459344865,76.5816803097725
2025-04-14,MG95,74.29,75.65174908161163,72.24873558998108,77.38476568222046
2025-04-14,MG92,72.8,74.33646595478058,70.66084488630295,76.67326710939408
2025-04-15,MG95,74.65,75.46325828075409,71.74883806228637,77.3478705739975
2025-04-15,MG92,73.16,74.12854371666909,70.21293956995011,76.60332114934921
2025-04-16,MG95,75.04,75.33917335510253,71.44712987422943,77.30780114650726
2025-04-16,MG92,73.79,73.9946080327034,69.9412278175354,76.54203880548478
2025-04-17,MG95,76.74,74.69152443408966,69.786471118927,77.20654174804687
2025-04-17,MG92,74.96,73.27438123464584,68.42223289847374,76.36100380897523
2025-04-21,MG95,76.84,74.70272465229034,69.85406055450439,77.17726130962372
2025-04-21,MG92,75.54,73.29276411771775,68.4856538450718,76.32884741425515
2025-04-22,MG95,77.15,73.10631467342377,66.50051469326019,76.56403088092803
2025-04-22,MG92,75.85,71.58807932853699,65.34226274371147,75.5585409104824
2025-04-23,MG95,78.76,73.7381151008606,67.70569328784943,76.8799934720993
2025-04-23,MG92,77.55,72.24800662994384,66.48015410542489,75.93901653766632
2025-04-24,MG95,77.62,72.95595266819,66.02039774894715,76.66751276493072
2025-04-24,MG92,76.19,71.39715215682983,64.8744001686573,75.68394038438797
2025-04-25,MG95,78.45,72.66416480541228,65.57150649547576,76.43882778167725
2025-04-25,MG92,76.62,71.10779920697213,64.451088783741,75.41399866700172
2025-04-25,MG95,78.45,71.98630209445953,64.25002398490905,76.18467431545257
2025-04-25,MG92,76.62,70.38503338694572,63.17552145838738,75.12641120195389
2025-04-25,MG95,78.45,71.67341217041016,63.63740808963775,76.0818531703949
2025-04-25,MG92,76.62,70.04945476651191,62.578965051174166,75.01456682920457
2025-04-25,MG95,78.45,70.69535681247712,62.04736061096191,75.47501296520232
2025-04-25,MG92,76.62,69.05489984035492,61.041359738111495,74.31907501935959
2025-04-28,MG95,78.17,70.38121009826659,61.25983371734619,75.57745522499084
2025-04-28,MG92,76.29,68.68330623984338,60.24694162607193,74.47024238109589
2025-04-29,MG95,76.83,70.13049894332886,60.88231151103973,75.4032835149765
2025-04-29,MG92,75.3,68.43127418279649,59.879848191738134,74.27269919157028
2025-04-30,MG95,74.78,69.30119301795959,59.4649664068222,75.02616329669952
2025-04-30,MG92,73.34,67.56777465224266,58.47711135745049,73.86845777273179
2025-05-01,MG95,74.78,68.6575917005539,58.35579364299774,74.76798995018005
2025-05-01,MG92,73.34,66.89508398771287,57.370206984281545,73.60055000305177
2025-05-02,MG95,75.24,67.68589884281158,56.77274168014526,74.3118675327301
2025-05-02,MG92,73.73,65.8930758035183,55.78799587845803,73.11741689443589
2025-05-05,MG95,73.1,67.1784698152542,55.99955698013305,74.0262943124771
2025-05-05,MG92,71.59,65.37737678050995,55.016656475067144,72.80802933216096
2025-05-06,MG95,74.97,65.9223403930664,53.96682364940643,73.5057983636856
2025-05-06,MG92,73.46,64.08473248481751,52.96288346648217,72.27184522509575
2025-05-07,MG95,76.52,66.32832520008087,54.7162309885025,73.55335770606995
2025-05-07,MG92,74.79,64.5147781932354,53.73245738506317,72.29761311292648
2025-05-08,MG95,74.88,63.36724441051483,50.342943148612974,71.97158563613891
2025-05-08,MG92,73.38,61.52401962399483,49.324364880323415,70.60493180036545
2025-05-09,MG95,76.72,63.56793346881866,50.53394290924072,72.20973813056945
2025-05-09,MG92,75.22,61.714168708324436,49.504130365848546,70.87790396332741
2025-05-12,MG95,76.72,62.73119307518005,49.34584187507629,71.74709149360656
2025-05-12,MG92,75.22,60.87681018352509,48.30369169950485,70.3790498495102
2025-05-13,MG95,77.69,63.965984787940975,50.93480352401733,72.65274742126465
2025-05-13,MG92,76.19,62.09667373299599,49.887258770465856,71.3785008108616
2025-05-14,MG95,78.68,62.6293792104721,49.24487357139587,71.632908411026
2025-05-14,MG92,77.18,60.779562911987306,48.20752737998963,70.2491229081154
2025-05-15,MG95,76.57,60.66064514636993,46.35378028392792,70.76224392414093
2025-05-15,MG92,75.07,58.80693395137787,45.26060561656952,69.32474145293236
2025-05-16,MG95,76.6,61.55277671813965,47.36899874210357,71.55253852844238
2025-05-16,MG92,75.1,59.67825075745583,46.260702708959585,70.20016710639
2025-05-19,MG95,76.59,60.25127809524536,45.68475206851959,70.69387361526489
2025-05-19,MG92,75.09,58.3950117635727,44.568549221754076,69.25706150174142
2025-05-20,MG95,76.33,57.35860457897186,41.852803487777706,69.04847192287444
2025-05-20,MG92,74.8,55.55136176109314,40.69638601183892,67.44051868915558
2025-05-21,MG95,77.54,58.25258437156677,42.818526592254635,69.86214652061462
2025-05-21,MG92,76.05,56.42053086400032,41.644442254304884,68.33876368880273
2025-05-22,MG95,77.12,57.720851240158076,42.26173620700836,69.35068837165832
2025-05-22,MG92,75.87,55.903757989406586,41.10050912499428,67.77511901259423
2025-05-23,MG95,76.75,57.83232667922973,42.062451796531676,69.93315516471863
2025-05-23,MG92,75.5,56.005246064662934,40.85520684123039,68.40360885381699
2025-05-26,MG95,77.26,56.92584829330444,41.0886196231842,69.11089558124542
2025-05-26,MG92,76.01,55.12289952874184,39.898054711818695,67.50006739974022
2025-05-27,MG95,76.86,55.86503884792327,39.72882811546325,68.5022903251648
2025-05-27,MG92,75.61,54.0890398144722,38.5278655910492,66.81636975646019
2025-05-28,MG95,76.5,57.142469015121456,40.922455329895016,69.91558782577515
2025-05-28,MG92,75.17,55.33031669259071,39.67573558211327,68.35415252804756
2025-05-29,MG95,77.4,56.28142451763153,40.07213051319122,69.03302079677582
2025-05-29,MG92,76.07,54.49246219396591,38.8494477391243,67.39279144644738
2025-05-30,MG95,76.02,56.786635680198664,40.580576062202454,69.53558438301086
2025-05-30,MG92,74.69,54.98379934668541,39.344770883321765,67.94154325723649
2025-06-02,MG95,77.31,57.136702566146845,40.83507606983185,70.03477496623992
2025-06-02,MG92,75.47,55.324733574390415,39.57839275598526,68.47673541665077
2025-06-03,MG95,77.7,55.04380040645599,38.507447555065156,68.31467280864715
2025-06-03,MG92,75.86,53.28975296854973,37.27552258133888,66.57988579630852
2025-06-04,MG95,78.1,56.67949431896209,40.03759650707244,70.10123236656189
2025-06-04,MG92,76.26,54.88075964689255,38.75091730594635,68.51487989902496
2025-06-05,MG95,77.06,56.20771285057067,39.31792242050171,70.01952252388
2025-06-05,MG92,75.22,54.423494530916216,38.01321084320546,68.39682902812957
2025-06-06,MG95,77.44,56.716052126884456,40.08238813877106,70.12493117809295
2025-06-06,MG92,75.6,54.91632870554924,38.795823413133625,68.54149867773056
2025-06-09,MG95,78.69,56.911418309211726,40.28205605506897,70.31324177742005
2025-06-09,MG92,76.85,55.106746252775196,38.991441860198975,68.74623576283456
2025-06-10,MG95,80.06,56.35295528411865,39.36288963317871,70.32016798496247
2025-06-10,MG92,78.18,54.56620758652687,38.04341519415379,68.70997052073479
2025-06-11,MG95,80.07,56.98292597293853,39.96711922645569,70.9838640832901
2025-06-11,MG92,77.89,55.18079195976257,38.6310463476181,69.42552424430848
2025-06-12,MG95,81.75,57.24282740592956,40.12522527694702,71.40015272140502
2025-06-12,MG92,79.62,55.43585446238518,38.772626398801805,69.8621632194519
2025-06-13,MG95,85.44,58.392929019927976,41.474380273818966,72.24229454040527
2025-06-13,MG92,83.31,56.55696461796761,40.11985056638718,70.79787926912309
2025-06-16,MG95,85.14,56.08274077892303,38.57176101922989,70.87766069412231
2025-06-16,MG92,83.01,54.31102222800255,37.201135607957845,69.23777767539025
2025-06-17,MG95,85.82,58.318838467597956,41.30348453521729,72.31597848415375
2025-06-17,MG92,83.91,56.48577644824982,39.94018063545227,70.86505869627
2025-06-18,MG95,87.49,55.810636467933655,38.69529609918594,69.98393503189087
2025-06-18,MG92,85.59,54.0397063446045,37.37382095336914,68.3281116271019
2025-06-19,MG95,88.68,57.1524263048172,39.35135673522949,72.38333689212799
2025-06-19,MG92,86.69,55.359256082773214,37.93004194796085,70.82086242318154
2025-06-20,MG95,89.81,56.426625366210935,38.74598817586899,71.48295301437378
2025-06-20,MG92,88.0,54.64916717171669,37.35074451982975,69.86600815415383
2025-06-23,MG95,89.27,57.12730898380279,39.31792704105377,72.37187792301178
2025-06-23,MG92,87.46,55.334894212484365,37.89626795053482,70.80705706000329
2025-06-24,MG95,82.55,57.50040470123291,39.70552667140961,72.71483377933502
2025-06-24,MG92,80.74,55.69878884315491,38.27839985728264,71.1805708527565
2025-06-25,MG95,81.1,57.271239180564876,39.62642744064331,72.25320828437805
2025-06-25,MG92,79.29,55.472310813665395,38.218459827899935,70.70584199786187
2025-05-01,MG95,74.78,76.0968366932869,73.74091146945953,78.36855582714081
2025-05-01,MG92,73.34,74.64102619409562,72.19650174379349,76.943794734478
2025-05-02,MG95,75.24,76.38248307704926,73.40792478919029,79.18740344524383
2025-05-02,MG92,73.73,74.91736016750336,71.85137934684754,77.6837423992157
2025-05-05,MG95,73.1,76.38359738588333,73.28915729641915,79.28383127450942
2025-05-05,MG92,71.59,74.91672194242477,71.73019526720047,77.76299596548081
2025-05-06,MG95,74.97,76.62223776578904,73.49904850840569,79.58774340867997
2025-05-06,MG92,73.46,75.15371327400207,71.93870252609253,78.08074462652206
2025-05-07,MG95,76.52,76.22280707836151,72.41294060230256,79.67342038631439
2025-05-07,MG92,74.79,74.74294986486436,70.83725718259812,78.05448122739793
2025-05-08,MG95,74.88,76.7789809036255,72.74935935378075,80.50937487363815
2025-05-08,MG92,73.38,75.29317856788636,71.16655946612359,78.905331428051
2025-05-09,MG95,76.72,76.70490165233612,72.2104528582096,80.811753718853
2025-05-09,MG92,75.22,75.20738538026811,70.61334072232246,79.16270224809647
2025-05-12,MG95,76.72,76.74777134180069,72.5039974629879,80.65118627309799
2025-05-12,MG92,75.22,75.25689590930939,70.91484087228775,79.02519534349442
2025-05-13,MG95,77.69,77.04868821382523,72.4521598160267,81.30237052679063
2025-05-13,MG92,76.19,75.54833745718003,70.85229918599128,79.66973273038865
2025-05-14,MG95,78.68,76.82113743543626,72.23292623877525,81.02789397478104
2025-05-14,MG92,77.18,75.32098944425583,70.63283281564713,79.37986488819122
2025-05-15,MG95,76.57,76.76698202610017,71.76038352012634,81.32232111215592
2025-05-15,MG92,75.07,75.25376598358154,70.1456222820282,79.64557634830476
2025-05-16,MG95,76.6,76.95215341091156,71.91777295708657,81.56400132656097
2025-05-16,MG92,75.1,75.43835291624069,70.30237210988999,79.89805119514466
2025-05-19,MG95,76.59,77.21960536003112,71.757370429039,82.25074540376663
2025-05-19,MG92,75.09,75.69136107444764,70.12667224287988,80.58571686029434
2025-05-20,MG95,76.33,77.18854734420776,71.83304537057877,82.12077242136002
2025-05-20,MG92,74.8,75.66413596630096,70.20638917803765,80.45718007802964
2025-05-21,MG95,77.54,77.37189126253128,72.03799796581268,82.31724735498429
2025-05-21,MG92,76.05,75.84871415615082,70.41307793259621,80.66737469911575
2025-05-22,MG95,77.12,77.080851624012,71.5032366991043,82.18912858247757
2025-05-22,MG92,75.87,75.54774294614792,69.86737800478936,80.51155160903932
2025-05-23,MG95,76.75,76.71894194364548,71.24584473013878,81.67169704675675
2025-05-23,MG92,75.5,75.18863205432892,69.61325076699258,79.97384260892868
2025-05-26,MG95,77.26,77.34509436368943,71.37596925854683,82.8468203997612
2025-05-26,MG92,76.01,75.79700918197632,69.72506692647934,81.18048143386841
2025-05-27,MG95,76.86,77.16820452213287,71.38776756048203,82.4710754609108
2025-05-27,MG92,75.61,75.62728502511979,69.74396013736725,80.79515959978104
2025-05-28,MG95,76.5,77.34499630451202,71.46497579097748,82.76726766347885
2025-05-28,MG92,75.17,75.80068990468979,69.81785436153412,81.10180489301682
2025-05-29,MG95,77.4,76.94172348022461,70.97363245368004,82.37180391550064
2025-05-29,MG92,76.07,75.39173625707626,69.32112290859223,80.67932611942291
2025-05-30,MG95,76.02,77.0229877948761,70.90918528795243,82.59775008916856
2025-05-30,MG92,74.69,75.46687196016312,69.25063838005066,80.9099089717865
2025-06-02,MG95,77.31,77.31561420917511,71.2400280380249,82.90741205692291
2025-06-02,MG92,75.47,75.76274611234665,69.58437326788902,81.23850745916367
2025-06-03,MG95,77.7,76.73374887943268,71.08272328853607,81.84572534322739
2025-06-03,MG92,75.86,75.19636069774629,69.44298892736435,80.14453721761704
2025-06-04,MG95,78.1,76.97240708827972,70.5306634914875,82.8339657330513
2025-06-04,MG92,76.26,75.40033918142319,68.85738244652748,81.14551019668579
2025-06-05,MG95,77.06,77.34691291570664,70.88870874881745,83.28913860559463
2025-06-05,MG92,75.22,75.77637615203858,69.21620919704438,81.62446751832962
2025-06-06,MG95,77.44,77.18638112783432,70.6739190351963,83.14974302768708
2025-06-06,MG92,75.6,75.612151222229,68.998185390234,81.47567364692688
2025-06-09,MG95,78.69,77.13855499267578,70.52222594499588,83.18803067922592
2025-06-09,MG92,76.85,75.55873265743256,68.84150987625122,81.51301418542862
2025-06-10,MG95,80.06,77.50069644927979,70.97687732100486,83.5293835902214
2025-06-10,MG92,78.18,75.92790652275086,69.30224281191826,81.8758057999611
2025-06-11,MG95,80.07,77.34566488981247,70.83489208936692,83.33541362285614
2025-06-11,MG92,77.89,75.77253805875779,69.15998419046403,81.67148634672165
2025-06-12,MG95,81.75,77.62909157037735,71.04134677290916,83.73834769725799
2025-06-12,MG92,79.62,76.0539690899849,69.36458778500557,82.0944984316826
2025-06-13,MG95,85.44,76.98062623023986,70.1218057513237,83.22418777227402
2025-06-13,MG92,83.31,75.38681405544281,68.42919461846353,81.54628057479859
2025-06-16,MG95,85.14,77.03417545557022,70.19218995451928,83.27171081542969
2025-06-16,MG92,83.01,75.44168392658234,68.5005315709114,81.59646430015565
2025-06-17,MG95,85.82,76.96670182704926,69.80202140212059,83.49005294561387
2025-06-17,MG92,83.91,75.35550605535508,68.09462916374207,81.82347134351731
2025-06-18,MG95,87.49,77.21978364944458,70.24190150022507,83.61496250867843
2025-06-18,MG92,85.59,75.6212262582779,68.54443358778954,81.95576753377915
2025-06-19,MG95,88.68,77.34233087778091,70.26596611380577,83.84991229772568
2025-06-19,MG92,86.69,75.73922795534135,68.56427539348603,82.20220984220505
2025-06-20,MG95,89.81,77.76569691896438,70.86676577925682,84.18361659288406
2025-06-20,MG92,88.0,76.17558156728745,69.17625892996789,82.55685315847397
2025-06-23,MG95,89.27,77.19043721199036,70.11667547345162,83.66896637201309
2025-06-23,MG92,87.46,75.58628124952317,68.41445424199105,82.01178271293641
2025-06-24,MG95,82.55,77.41601789236068,70.09362710952759,84.16478923082352
2025-06-24,MG92,80.74,75.79933476924897,68.38017368674278,82.53314265966416
2025-06-25,MG95,81.1,77.47727813482285,70.29771054387092,84.10405494213104
2025-06-25,MG92,79.29,75.86941712856293,68.59166224360466,82.46932015180589
2025-06-26,MG95,79.86,77.11292588949203,69.5611969769001,84.0228708577156
2025-06-26,MG92,78.05,75.47961023330689,67.83497647047044,82.38586129426956
2025-06-27,MG95,79.59,77.31365302562713,69.40818454504013,84.59213112592697
2025-06-27,MG92,77.78,75.65947604894639,67.66448731780052,82.99148443698884
2025-06-30,MG95,79.2,76.44630177259445,68.73434416413308,83.38932834148407
2025-06-30,MG92,77.39,74.79663071393966,66.99912455916404,81.72521965265274
2025-07-01,MG95,79.36,77.03181312084197,68.97346592545509,84.4060058927536
2025-07-01,MG92,77.65,75.3645198917389,67.22089465975762,82.80095239400865
2025-07-02,MG95,80.1,76.86329396724702,68.98352590560913,84.03837312221528
2025-07-02,MG92,78.26,75.20640618562699,67.23993649840355,82.4095280790329
2025-07-03,MG95,80.19,77.03775015830993,69.05165474772454,84.34429992675781
2025-07-03,MG92,78.83,75.37542217493058,67.30287161111832,82.73372019052506
2025-07-04,MG95,80.68,76.88019580364228,68.784256285429,84.26351699352264
2025-07-04,MG92,79.32,75.20878422975541,67.02943587899209,82.65293663263321
2025-07-07,MG95,80.11,77.0361366391182,68.98765776276589,84.40167346000672
2025-07-07,MG92,78.42,75.3695557498932,67.2356175506115,82.79605642080307
2025-07-08,MG95,79.99,76.58691863298417,68.2348307144642,84.16363034963608
2025-07-08,MG92,78.3,74.89436657905578,66.46631153225898,82.55968582868576
2025-07-09,MG95,81.39,76.96777156352996,68.62165634036064,84.60560980558395
2025-07-09,MG92,79.7,75.2796184706688,66.85372289776802,83.02232032537461
2025-07-10,MG95,80.3,76.79351149082184,68.3756436932087,84.46969087123871
2025-07-10,MG92,78.61,75.0983275771141,66.60368292331695,82.88344079971314
2025-07-11,MG95,79.29,76.29147524595261,67.27568269968033,84.45954620361329
2025-07-11,MG92,77.6,74.54517003297806,65.47183446049691,82.9108844780922
2025-07-14,MG95,80.84,77.08246514320373,68.43458617329597,85.03094594478607
2025-07-14,MG92,79.15,75.37339384317399,66.65059683799744,83.48429911136627
2025-07-15,MG95,78.87,76.48952804088593,67.63619726538658,84.53366111278534
2025-07-15,MG92,77.18,74.75819732427597,65.84084658384323,82.97663914680481
2025-07-16,MG95,79.2,76.39417886257172,67.51744760155678,84.44443617582321
2025-07-16,MG92,77.51,74.65999809026718,65.72096955418587,82.88497079133988
2025-07-17,MG95,79.08,77.01345822572708,68.30470679283142,85.00880239963531
2025-07-17,MG92,77.39,75.29902750730515,66.51729959607124,83.4647239613533
2025-07-18,MG95,79.42,76.87080886602402,67.80813957571984,85.18575464248657
2025-07-18,MG92,77.73,75.12724004745483,66.00117659211159,83.67423664331436
2025-07-21,MG95,78.69,76.82926743268966,68.12933686852455,84.78387247562408
2025-07-21,MG92,77.0,75.11346138000489,66.34221172571182,83.22849325418473
2025-07-22,MG95,78.08,75.55886621713638,66.0446879017353,84.09083478212357
2025-07-22,MG92,76.39,73.76352791070939,64.21662495851517,82.56839366674424
2025-07-23,MG95,77.26,76.2639473605156,67.01867851018906,84.65240186214447
2025-07-23,MG92,75.57,74.49870200157166,65.202341735363,83.13069618940354
2025-05-29,MG95,77.4,77.53750848770142,75.79135930538177,78.73754489421844
2025-05-29,MG92,76.07,75.85939371228218,73.9612781983614,77.6827434372902
2025-05-30,MG95,76.02,77.83243346214294,75.26756197214127,79.84444373846054
2025-05-30,MG92,74.69,76.22493824720382,73.47566124916077,78.69546659111977
2025-06-02,MG95,77.31,77.82162684202194,75.04554748535156,80.05336260795593
2025-06-02,MG92,75.47,76.23359453678131,73.25592053174972,78.87190793871879
2025-06-03,MG95,77.7,77.90540778636932,74.3974694609642,80.9142352938652
2025-06-03,MG92,75.86,76.37832303881645,72.6265070205927,79.63829423904419
2025-06-04,MG95,78.1,77.7965117096901,73.90034213662148,81.23461282253265
2025-06-04,MG92,76.26,76.30263875126839,72.1332015657425,79.90050991773606
2025-06-05,MG95,77.06,77.81275355815887,74.40588220953941,80.71439945697784
2025-06-05,MG92,75.22,76.2793402493,72.62850979566575,79.44455823421478
2025-06-06,MG95,77.44,77.96150189638138,74.47264158725739,80.9480413198471
2025-06-06,MG92,75.6,76.43156907677651,72.70395661771298,79.67914726614953
2025-06-09,MG95,78.69,78.0638045668602,74.19548597931862,81.46509021520615
2025-06-09,MG92,76.85,76.5619600391388,72.43744415760041,80.1537198293209
2025-06-10,MG95,80.06,78.17710536718369,74.06174379587173,81.85265117883682
2025-06-10,MG92,78.18,76.6915355539322,72.31114835500718,80.51747217178345
2025-06-11,MG95,80.07,77.76876103878021,73.2882451415062,81.86814522743225
2025-06-11,MG92,77.89,76.31858030319214,71.53206437110902,80.46170810341835
2025-06-12,MG95,81.75,78.2886461019516,73.87608423829079,82.3005650639534
2025-06-12,MG92,79.62,76.82222222805024,72.1319828748703,80.93524119496345
2025-06-13,MG95,85.44,78.22914129495621,73.55696520209312,82.54368209838867
2025-06-13,MG92,83.31,76.78239971160889,71.8133893018961,81.14242760419846
2025-06-16,MG95,85.14,78.36248677968979,73.45501363277435,82.9513880610466
2025-06-16,MG92,83.01,76.92823937296868,71.71567448854447,81.52999818444252
2025-06-17,MG95,85.82,78.29672598838806,73.35080042481422,82.93262922763824
2025-06-17,MG92,83.91,76.86657003045082,71.61029805243015,81.5027658200264
2025-06-18,MG95,87.49,78.63899946212769,73.86421063542366,83.06374955177307
2025-06-18,MG92,85.59,77.18857324957848,72.1312032711506,81.67609771370888
2025-06-19,MG95,88.68,78.17088586091995,73.4575625360012,82.53469026088715
2025-06-19,MG92,86.69,76.72830238223077,71.71301756322384,81.12491788387298
2025-06-20,MG95,89.81,77.78886955976486,72.61052870750427,82.70882731676102
2025-06-20,MG92,88.0,76.3840490937233,70.86407839775086,81.22516416907311
2025-06-23,MG95,89.27,78.02242022752762,72.92170464992523,82.84718853235245
2025-06-23,MG92,87.46,76.60818964362144,71.17752837836743,81.38419436693192
2025-06-24,MG95,82.55,78.69698131084442,73.40791136026382,83.7366235256195
2025-06-24,MG92,80.74,77.27809326291084,71.67474977374077,82.28962791919709
2025-06-25,MG95,81.1,78.22853940725327,72.7448910176754,83.51487350463867
2025-06-25,MG92,79.29,76.8325094127655,71.00436226248742,82.02035996317863
2025-06-26,MG95,79.86,78.76394587755203,73.38218066096306,83.91501027345657
2025-06-26,MG92,78.05,77.34880421638489,71.64967252075672,82.46092567443849
2025-06-27,MG95,79.59,78.43859821557999,72.90228009223938,83.78646165132523
2025-06-27,MG92,77.78,77.04065464496612,71.1640466105938,82.29694006443025
2025-06-30,MG95,79.2,78.67041617631912,72.95442545413971,84.23650950193405
2025-06-30,MG92,77.39,77.27659678220749,71.21784374773503,82.7390918660164
2025-07-01,MG95,79.36,78.22691613435745,72.40615591406822,83.93092381954193
2025-07-01,MG92,77.65,76.84902446627618,70.66452672839165,82.40047502279282
2025-07-02,MG95,80.1,77.78719156980515,71.763686388731,83.74920845031738
2025-07-02,MG92,78.26,76.42819079399109,70.01908653616906,82.17914821505546
2025-07-03,MG95,80.19,77.99809849262238,72.00245341658592,83.92397475242615
2025-07-03,MG92,78.83,76.63366565942765,70.25858617544175,82.36555415272713
2025-07-04,MG95,80.68,78.3404631614685,72.66111463308334,83.86676806211472
2025-07-04,MG92,79.32,76.95264903426171,70.92117316901684,82.35669176101685
2025-07-07,MG95,80.11,78.49564987421036,72.4658385515213,84.45943593978882
2025-07-07,MG92,78.42,77.12202018260956,70.72436355412006,82.9197717487812
2025-07-08,MG95,79.99,78.39762425422668,72.38287836313248,84.34374582767487
2025-07-08,MG92,78.3,77.02553750157357,70.64088770985603,82.80112860798836
2025-07-09,MG95,81.39,78.13944178819656,71.93173161149025,84.33395147323608
2025-07-09,MG92,79.7,76.78192478060723,70.18652211666107,82.7607505118847
2025-07-10,MG95,80.3,77.72073769569397,71.36580213904381,84.10611873865128
2025-07-10,MG92,78.61,76.37777642011643,69.61871970176696,82.5024059689045
2025-07-11,MG95,79.29,78.09525775909424,71.96738889813423,84.18817609548569
2025-07-11,MG92,77.6,76.735041025877,70.22284089684487,82.62089677333832
2025-07-14,MG95,80.84,77.86468005180359,71.51263538002968,84.24604851007462
2025-07-14,MG92,79.15,76.51888469338417,69.7654823422432,82.64811121582986
2025-07-15,MG95,78.87,77.55771732330322,71.11695349216461,84.05390042066574
2025-07-15,MG92,77.18,76.22121048688889,69.36930923819543,82.43645328640937
2025-07-16,MG95,79.2,77.90278136730194,71.17877921462059,84.7688518166542
2025-07-16,MG92,77.51,76.57061632871628,69.42615758299827,83.1389927303791
2025-07-17,MG95,79.08,78.0257670879364,71.6225209236145,84.47258627414703
2025-07-17,MG92,77.39,76.67892747998238,69.8747791993618,82.87618562817573
2025-07-18,MG95,79.42,77.3548629283905,70.67577436566353,84.16127353906631
2025-07-18,MG92,77.73,76.03093341350555,68.92601043343544,82.51636714816094
2025-07-21,MG95,78.69,77.70560842752457,71.10011431574821,84.41641008853912
2025-07-21,MG92,77.0,76.37285685181618,69.34995804011822,82.78984675645829
2025-07-22,MG95,78.08,77.4604759812355,70.76006600260735,84.29534858465195
2025-07-22,MG92,76.39,76.13551680445671,69.00944595336914,82.65220637559891
2025-07-23,MG95,77.26,77.83648252487183,70.96183973550797,84.90197843313217
2025-07-23,MG92,75.57,76.51070333480835,69.20651991665363,83.2569369161129
2025-07-24,MG95,78.14,77.82452684640884,70.68001037836075,85.25123745203018
2025-07-24,MG92,76.45,76.50707414507866,68.91856387376785,83.58368944525719
2025-07-25,MG95,78.22,77.92128485441208,70.8911544084549,85.1940398812294
2025-07-25,MG92,76.53,76.59872686743736,69.13208120286465,83.53888463377953
2025-07-28,MG95,77.92,78.10943859815598,71.07366317510605,85.38895118236542
2025-07-28,MG92,76.23,76.78334957361221,69.31382744014263,83.73962811112403
2025-07-29,MG95,79.49,77.68991374969482,70.58905237913132,85.05792206525803
2025-07-29,MG92,77.8,76.37373502612114,68.82939781844617,83.38961292386055
2025-07-30,MG95,81.72,77.05074548721313,69.70133185386658,84.75276499986649
2025-07-30,MG92,80.03,75.75179943799972,67.94037178814412,83.04720559358597
2025-07-31,MG95,82.4,77.2757602930069,69.85526007413864,85.07639819383621
2025-07-31,MG92,80.71,75.97483778953553,68.09026628494263,83.37192398428917
2025-08-01,MG95,81.46,77.16828685998917,69.73706209659576,84.98296880722046
2025-08-01,MG92,79.77,75.86934038043022,67.97274326443673,83.27482299685478
2025-08-04,MG95,79.18,77.4330992102623,69.90947100520134,85.37591028213501
2025-08-04,MG92,77.49,76.13170839548111,68.14003995001316,83.66841534376145
2025-08-05,MG95,79.02,78.03092873096466,70.63632792234421,85.79648387432098
2025-08-05,MG92,77.33,76.71585560560227,68.8668367189169,84.11571073770523
2025-08-06,MG95,78.93,77.58958089351654,69.9024945795536,85.7586287856102
2025-08-06,MG92,77.24,76.28855211853981,68.12640136539936,84.04391550779343
2025-08-07,MG95,77.92,77.2893757224083,69.86783587932587,85.09149098396301
2025-08-07,MG92,76.23,75.98824338912964,68.10268617868424,83.3873189175129
2025-08-08,MG95,78.6,76.68616569042206,68.82637864351273,85.09103500843048
2025-08-08,MG92,76.45,75.40230398654938,67.05365320563317,83.34316825628281
2025-08-11,MG95,79.23,77.7592858672142,69.89585557579994,86.17406809329987
2025-08-11,MG92,77.08,76.45795014977455,68.1119786965847,84.45176474571228
2025-08-12,MG95,80.53,76.65803200006485,68.77229994535446,85.09906017780304
2025-08-12,MG92,78.38,75.37494616866113,66.99899133563042,83.34902872562408
2025-08-13,MG95,79.43,76.5862523317337,68.74511468410492,84.96389079093933
2025-08-13,MG92,77.01,75.3035721039772,66.97433076739311,83.21491896390916
2025-08-14,MG95,79.84,76.42419862747192,68.23532491922379,85.29201078414917
2025-08-14,MG92,77.42,75.14756623089313,66.4532597708702,83.5200845348835
2025-08-15,MG95,80.6,77.15396010875702,69.10381695628166,85.8304358124733
2025-08-15,MG92,78.18,75.8651735329628,67.31833762943745,84.08168596386909
2025-08-18,MG95,79.42,77.0796999335289,69.19078516960144,85.52859824895859
2025-08-18,MG92,76.71,75.79024196624756,67.41237396776677,83.78798146367073
2025-08-19,MG95,79.65,75.65396475791931,67.28409612178802,84.77098578214645
2025-08-19,MG92,76.94,74.38833973944188,65.50599196612835,82.976163084507
2025-08-20,MG95,80.77,75.20210212469101,66.93261194229126,84.16594272851944
2025-08-20,MG92,78.16,73.94107570886612,65.16678369939328,82.36809906601906
2025-06-26,MG95,79.86,83.11715344190597,81.42520792484282,86.60184172391891
2025-06-26,MG92,78.05,81.49130063295365,80.52916145682336,84.32483363628388
2025-06-27,MG95,79.59,83.25631281137466,81.26223658323288,86.96121591329575
2025-06-27,MG92,77.78,81.6250951731205,80.33615893363954,84.70546043515206
2025-06-30,MG95,79.2,82.8236368060112,79.05127611756325,87.60921479463576
2025-06-30,MG92,77.39,81.12360431313515,77.90414188027383,85.35168192029
2025-07-01,MG95,79.36,83.31521916389465,80.23871333003044,87.74139395952224
2025-07-01,MG92,77.65,81.64885776400567,79.18377724885941,85.51049618124962
2025-07-02,MG95,80.1,83.2874626994133,78.6195862352848,88.88830344676971
2025-07-02,MG92,78.26,81.5748950457573,77.4414755398035,86.70086587429047
2025-07-03,MG95,80.19,83.19463177919387,78.11611239314078,89.10240817070007
2025-07-03,MG92,78.83,81.47045874238015,76.91414735198022,86.92223416328432
2025-07-04,MG95,80.68,83.79015344381332,79.51588994264603,89.21789091825485
2025-07-04,MG92,79.32,82.09836204886437,78.38691757321358,87.05679432392121
2025-07-07,MG95,80.11,83.5235038280487,78.43004274368286,89.53454277515411
2025-07-07,MG92,78.42,81.80416529417039,77.24006536960603,87.37607696413994
2025-07-08,MG95,79.99,83.82932766675948,78.40447605252265,90.20094928741455
2025-07-08,MG92,78.3,82.10587647199631,77.21031487047672,88.06935102581978
2025-07-09,MG95,81.39,83.8884950518608,77.8007463634014,90.85424616336822
2025-07-09,MG92,79.7,82.1493939614296,76.583101567626,88.74097031593324
2025-07-10,MG95,80.3,84.67228888273239,78.66576483249663,91.77161133289337
2025-07-10,MG92,78.61,82.94234046578408,77.47239337384701,89.69119984030725
2025-07-11,MG95,79.29,84.44102368354797,78.24973690509796,91.6466927409172
2025-07-11,MG92,77.6,82.70415688276292,77.0429559069872,89.55904996633531
2025-07-14,MG95,80.84,84.51878238916396,77.89516281485557,92.14170719385146
2025-07-14,MG92,79.15,82.77157874464989,76.67619534552098,90.06278097510338
2025-07-15,MG95,78.87,84.18096755743026,77.19075672626495,92.0599363207817
2025-07-15,MG92,77.18,82.42376020073891,75.95633251369,89.97503708839417
2025-07-16,MG95,79.2,85.35951999425887,78.56242009997368,93.35964654684066
2025-07-16,MG92,77.51,83.61200317025185,77.35530070245267,91.30836041092873
2025-07-17,MG95,79.08,85.3272873044014,77.91839471459389,93.9111890554428
2025-07-17,MG92,77.39,83.56376908063889,76.69347851872445,91.85971112251282
2025-07-18,MG95,79.42,84.87376736402511,77.7083504974842,93.1039989709854
2025-07-18,MG92,77.73,83.11511548519135,76.48202548742294,91.04092256426812
2025-07-21,MG95,78.69,85.54556854963302,78.29222237467765,94.03117703199386
2025-07-21,MG92,77.0,83.78634723901749,77.07449757993221,91.98457342386247
2025-07-22,MG95,78.08,85.46306291818618,77.78459618091583,94.34929840564727
2025-07-22,MG92,76.39,83.69318729639053,76.55574245095254,92.30032097697259
2025-07-23,MG95,77.26,85.87305809259414,78.07494658827781,94.981596660614
2025-07-23,MG92,75.57,84.10018546700478,76.84854029417039,92.9389335179329
2025-07-24,MG95,78.14,85.70685768127441,77.68756456971168,94.99977226257323
2025-07-24,MG92,76.45,83.9289133322239,76.45518623650075,92.95340469002724
2025-07-25,MG95,78.22,86.2783353447914,78.21958764195442,95.75144941806792
2025-07-25,MG92,76.53,84.49847824931146,76.99211776256561,93.7118699169159
2025-07-28,MG95,77.92,86.29334955215454,78.04292659163474,95.96875420808792
2025-07-28,MG92,76.23,84.50877159118653,76.81197010159494,93.92707543373109
2025-07-29,MG95,79.49,86.65460897684096,78.28783316016197,96.53783423900603
2025-07-29,MG92,77.8,84.86611785650254,77.05772482037546,94.49758556127549
2025-07-30,MG95,81.72,86.81257236003876,78.52986837029457,96.64453855752944
2025-07-30,MG92,80.03,85.02570719003678,77.30270446658135,94.60692750692368
2025-07-31,MG95,82.4,87.15835351943969,78.7513110101223,97.20070230960846
2025-07-31,MG92,80.71,85.36708885073662,77.52435631871224,95.16317440867425
2025-08-01,MG95,81.46,86.69281641244888,78.10681189894676,96.81682006120681
2025-08-01,MG92,79.77,84.8988788509369,76.87323391735555,94.77324673891069
2025-08-04,MG95,79.18,86.99464741945266,78.44323455691337,97.15245962142944
2025-08-04,MG92,77.49,85.20029701352121,77.21222892165184,95.11109331250192
2025-08-05,MG95,79.02,87.02005459070205,78.59498149752616,97.04981580972671
2025-08-05,MG92,77.33,85.22882346510887,77.36658178925515,95.01105223774911
2025-08-06,MG95,78.93,87.47974263429641,78.89328373074531,97.7852992773056
2025-08-06,MG92,77.24,85.68242051124574,77.66489020943642,95.74534843325615
2025-08-07,MG95,77.92,88.33480802774429,79.45042877197265,99.14852743148803
2025-08-07,MG92,76.23,86.52505672931672,78.22084409594537,97.10193338513375
2025-08-08,MG95,78.6,88.46394181251526,79.85754775404929,99.00315161943435
2025-08-08,MG92,76.45,86.6617814218998,78.63573949992657,96.965945956707
2025-08-11,MG95,79.23,89.04239001274108,80.20123581886291,99.95457670688629
2025-08-11,MG92,77.08,87.23016482591629,78.97696992695332,97.90978585839272
2025-08-12,MG95,80.53,88.64265245199203,80.30555700659751,98.92971445322036
2025-08-12,MG92,78.38,86.84854555606843,79.09360889732838,96.90260740399361
2025-08-13,MG95,79.43,89.6892287492752,80.20828853249549,101.44253976345061
2025-08-13,MG92,77.01,87.85323810696603,78.97099619686604,99.36937039375306
2025-08-14,MG95,79.84,89.09671379327773,80.07524892687798,100.21827762126922
2025-08-14,MG92,77.42,87.27856905341149,78.84649307549,98.16637268900872
2025-08-15,MG95,80.6,89.29818260669708,79.9782269835472,100.7925976395607
2025-08-15,MG92,78.18,87.469804033041,78.74327136754991,98.72813961982727
2025-08-18,MG95,79.42,89.26969138383865,80.12150486707687,100.56638873815535
2025-08-18,MG92,76.71,87.44661802053452,78.89044536173344,98.50907764434815
2025-08-19,MG95,79.65,88.77179590463638,79.3141359269619,100.31295510530471
2025-08-19,MG92,76.94,86.94353920698167,78.07499812245369,98.24549625635147
2025-08-20,MG95,80.77,89.26054557561874,80.0186676979065,100.65996408462524
2025-08-20,MG92,78.16,87.43470836877823,78.78532850682735,98.59884428143502
2025-08-21,MG95,81.77,89.37915104627609,80.75100910663605,100.1245089173317
2025-08-21,MG92,79.01,87.57250114917755,79.53598156929017,98.08893159627915
2025-08-22,MG95,82.69,89.93067421913146,80.54351237416267,101.62425711154937
2025-08-22,MG92,79.93,88.09576020598412,79.309253937006,99.55415903806687
2025-08-25,MG95,81.54,90.15747286081313,80.89687798023223,101.75050020217894
2025-08-25,MG92,79.6,88.32509661912918,79.66704445123673,99.68560945630074
2025-08-26,MG95,81.12,89.84293826818465,80.29856713414192,101.69814866781233
2025-08-26,MG92,79.18,88.00387629747391,79.0602855026722,99.62125007629395
2025-08-27,MG95,79.35,90.5651960849762,81.08888194561004,102.47764996290206
2025-08-27,MG92,77.41,88.72284117937089,79.85468763113022,100.40017910957337
2025-08-28,MG95,80.24,91.29275189638138,81.50645673274994,103.69075537919997
2025-08-28,MG92,78.3,89.43439561128616,80.26601486563683,101.59187209725381
2025-08-29,MG95,81.37,91.40623339414596,81.49356945753097,103.97136540412902
2025-08-29,MG92,79.43,89.54267892122269,80.24993683576585,101.86427229881288
2025-09-01,MG95,81.25,91.30129829645156,81.3407010436058,103.90460873842238
2025-09-01,MG92,79.31,89.43708000898361,80.09561232447625,101.79561221122742
2025-09-02,MG95,82.72,91.83329236507416,81.64192297458648,104.79955410957335
2025-09-02,MG92,80.78,89.95665274500847,80.39169950008393,102.67192627787591
2025-09-03,MG95,82.95,91.21211216449737,80.95268094539642,104.15201928615569
2025-09-03,MG92,80.73,89.33947757720948,79.70071284770967,102.02690521001817
2025-09-04,MG95,81.45,92.12082458734511,82.23386752605438,104.7727934360504
2025-09-04,MG92,79.28,90.25231457591057,80.99302348852159,102.66206773281098
2025-09-05,MG95,81.6,92.23455744981766,81.99202567338943,105.32739099264144
2025-09-05,MG92,79.24,90.35240291118623,80.74088859915734,103.19263326644898
2025-09-08,MG95,81.23,92.00027587413787,81.81973450183868,104.98121345043181
2025-09-08,MG92,78.87,90.12243320703507,80.56997564435005,102.85265051722527
2025-09-09,MG95,81.58,92.25463762283324,81.60099886655807,105.84598538875579
2025-09-09,MG92,79.22,90.35904774069787,80.34005320072174,103.68464366555214
2025-09-10,MG95,81.84,92.41948453187942,81.92669985294341,105.84295934438704
2025-09-10,MG92,79.48,90.52716287255288,80.66926055073739,103.68994629621507
2025-09-11,MG95,82.05,92.00562220811844,81.74186944961548,105.0866512775421
2025-09-11,MG92,79.69,90.12494746685029,80.48997303128243,102.95282392144205
2025-09-12,MG95,81.4,91.7780308008194,80.99293313622474,105.44764000177382
2025-09-12,MG92,79.14,89.88421181559563,79.73046807289124,103.28486690282823
2025-09-15,MG95,83.32,91.63438553810118,81.21410024166107,104.8398498058319
2025-09-15,MG92,81.06,89.75259125947953,79.95864187717439,102.70061341524125
2025-09-16,MG95,83.4,92.47864224910735,81.63161702156066,106.34229533672332
2025-09-16,MG92,81.14,90.5746880543232,80.36637731194497,104.16550058126451
2025-09-17,MG95,83.21,92.23751581907271,81.48548711538314,105.94546780586242
2025-09-17,MG92,81.74,90.33918886899949,80.22259189724923,103.77813443183899
2025-07-24,MG95,78.14,78.07905505657196,75.71181739807129,79.06996155023576
2025-07-24,MG92,76.45,76.13864375352858,73.7270967811346,77.76582143068313
2025-07-25,MG95,78.22,78.35244795322419,75.9190863120556,79.41828789949417
2025-07-25,MG92,76.53,76.41818203926086,73.91896292388438,78.1113120138645
2025-07-28,MG95,77.92,78.3524663734436,75.19737290501595,80.16058590173722
2025-07-28,MG92,76.23,76.3779854607582,73.16783102810382,78.77749237775802
2025-07-29,MG95,79.49,78.04306194782258,74.94870915293694,79.77983996629716
2025-07-29,MG92,77.8,76.06098021626472,72.93314679086208,78.39723742961883
2025-07-30,MG95,81.72,78.15867645502091,75.11466611981392,79.8459317135811
2025-07-30,MG92,80.03,76.1824527990818,73.0962393182516,78.47091914534568
2025-07-31,MG95,82.4,77.91434145450593,74.60258401989937,79.87620534420014
2025-07-31,MG92,80.71,75.92066154599189,72.58466984152793,78.46805439591407
2025-08-01,MG95,81.46,78.09233603477479,74.67787666678429,80.16723560094835
2025-08-01,MG92,79.77,76.10119481205939,72.649793343544,78.75207898736
2025-08-04,MG95,79.18,77.94780178308487,73.84133161187172,80.76335995197297
2025-08-04,MG92,77.49,75.94422816395759,71.80244009971618,79.27476062893867
2025-08-05,MG95,79.02,77.67724560022354,73.45689242243768,80.61186285734178
2025-08-05,MG92,77.33,75.66758165359497,71.4246535205841,79.10590256810188
2025-08-06,MG95,78.93,77.6573886036873,73.487189078331,80.53667152166368
2025-08-06,MG92,77.24,75.64687978506088,71.45650358855724,79.03520271420479
2025-08-07,MG95,77.92,77.71315581798554,73.12349105596543,81.055541472435
2025-08-07,MG92,76.23,75.7095799612999,71.0853338599205,79.51474195003509
2025-08-08,MG95,78.6,77.68716488838196,73.03412536144258,81.09944606542588
2025-08-08,MG92,76.45,75.68441881299019,70.9961482644081,79.55203774452208
2025-08-11,MG95,79.23,77.84982463598251,73.23893978118898,81.21801701784135
2025-08-11,MG92,77.08,75.84961936354637,71.1969870185852,79.6782939183712
2025-08-12,MG95,80.53,77.70754686117172,72.47328494071961,81.77105647563936
2025-08-12,MG92,78.38,75.72402082085608,70.4336844420433,80.1710037946701
2025-08-13,MG95,79.43,77.36401897907258,71.85801737666131,81.73175693750382
2025-08-13,MG92,77.01,75.38752086639404,69.82643413603306,80.10029493212699
2025-08-14,MG95,79.84,77.09279966831208,71.49013796448708,81.56801960706711
2025-08-14,MG92,77.42,75.1172164428234,69.46440367877483,79.92206787943839
2025-08-15,MG95,80.6,77.45863443613052,71.67022784471513,82.14947225332261
2025-08-15,MG92,78.18,75.4991424947977,69.63946869671344,80.49656725287437
2025-08-18,MG95,79.42,77.14792677998544,71.24364319324494,81.96938697814942
2025-08-18,MG92,76.71,75.19130805194378,69.21916581273078,80.30001661419868
2025-08-19,MG95,79.65,76.6795282304287,70.74963593363762,81.52680436611176
2025-08-19,MG92,76.94,74.71793973863124,68.73371690511703,79.84444938540457
2025-08-20,MG95,80.77,76.88083359837533,70.97205087304116,81.70545286417008
2025-08-20,MG92,78.16,74.92076940357684,68.9522261184454,80.0295230090618
2025-08-21,MG95,81.77,76.53467162489892,70.50886064052582,81.49168621778489
2025-08-21,MG92,79.01,74.57763908565043,68.49629403948784,79.7983611524105
2025-08-22,MG95,82.69,76.29283256411553,70.12140053510666,81.41704748868943
2025-08-22,MG92,79.93,74.34310799539088,68.11433195292949,79.70679727435112
2025-08-25,MG95,81.54,76.14927458405495,69.37205679893493,81.98077988386154
2025-08-25,MG92,79.6,74.24826046586035,67.3742897003889,80.22379446029662
2025-08-26,MG95,81.12,75.91202215790749,69.33922275781632,81.5031528043747
2025-08-26,MG92,79.18,73.99027987003326,67.3422189205885,79.75472327113151
2025-08-27,MG95,79.35,75.49963028550148,68.79988794326783,81.23873976469041
2025-08-27,MG92,77.41,73.58432775914669,66.81105563879012,79.47186079502104
2025-08-28,MG95,80.24,75.49529232382775,68.67299565672874,81.37908341646195
2025-08-28,MG92,78.3,73.59148512840271,66.68538953125476,79.60396358013152
2025-08-29,MG95,81.37,75.2418669450283,68.54075690150262,80.98174086332321
2025-08-29,MG92,79.43,73.32345088362693,66.55660643219947,79.2086101412773
2025-09-01,MG95,81.25,76.02443615198136,69.16159658193588,81.9564559841156
2025-09-01,MG92,79.31,74.12997694373131,67.16689265191555,80.19089488506316
2025-09-02,MG95,82.72,74.96144212961197,68.04016441345215,80.96164440393449
2025-09-02,MG92,80.78,73.06113262474537,66.06248670279979,79.16757575869559
2025-09-03,MG95,82.95,75.2415998518467,68.17461359500885,81.41497521400453
2025-09-03,MG92,80.73,73.35910710453986,66.19381924867629,79.61834137916564
2025-09-04,MG95,81.45,74.81883739590646,67.84155760765076,80.88546758651734
2025-09-04,MG92,79.28,72.9225391101837,65.86679638981819,79.08451604247092
2025-09-05,MG95,81.6,74.69779352903366,67.57884843826294,80.93328647613527
2025-09-05,MG92,79.24,72.81491732060908,65.6072437852621,79.1208389031887
2025-09-08,MG95,81.23,74.30269824266435,66.60248010277749,81.23594910144807
2025-09-08,MG92,78.87,72.48075060546398,64.64389971971511,79.3820716202259
2025-09-09,MG95,81.58,74.27726912975312,66.91662312984467,80.8027423810959
2025-09-09,MG92,79.22,72.41633878648281,64.95412145376204,78.96655683159827
2025-09-10,MG95,81.84,73.83630749702453,65.92548177838326,81.02707302331925
2025-09-10,MG92,79.48,72.03593970000743,63.97633652865886,79.15251330256461
2025-09-11,MG95,82.05,73.98321335196495,65.93518462896347,81.33811684846879
2025-09-11,MG92,79.69,72.20029794216155,63.986764036417,79.46019459843635
2025-09-12,MG95,81.4,74.24189309835434,66.37250826835633,81.37901894569397
2025-09-12,MG92,79.14,72.43923876464366,64.417656583786,79.51524643421172
2025-09-15,MG95,83.32,73.66789603590966,65.39746618866921,81.2954095697403
2025-09-15,MG92,81.06,71.91062492966651,63.45710069417953,79.40086365580558
2025-09-16,MG95,83.4,72.78550305485726,64.1016498029232,80.92958401203155
2025-09-16,MG92,81.14,71.07774857997893,62.17965667247772,79.00081671237945
2025-09-17,MG95,83.21,73.9079253101349,65.71199143528939,81.44221871852875
2025-09-17,MG92,81.74,72.14255252122878,63.767502601146695,79.555938488245
2025-09-18,MG95,82.22,73.2884901714325,64.8590109395981,81.11432039260865
2025-09-18,MG92,80.53,71.54959893643856,62.92609055936336,79.20534000277519
2025-09-19,MG95,80.89,72.21136784076691,63.336865317821506,80.60006470680237
2025-09-19,MG92,79.2,70.52747345566749,61.42529968142509,78.65367754697799
2025-09-22,MG95,79.8,72.76348628759385,64.19210689544678,80.77064514875413
2025-09-22,MG92,77.81,71.04091673076152,62.267963925004,78.84558873295784
2025-09-23,MG95,79.23,72.93219707727432,64.23860413432122,81.08540985822678
2025-09-23,MG92,77.24,71.2261029624939,62.3153358900547,79.15916168332099
2025-09-24,MG95,80.23,72.57474811434746,63.5660082423687,81.11985566854477
2025-09-24,MG92,78.24,70.9093229341507,61.65406974256038,79.17594479084015
2025-09-25,MG95,81.05,71.51822419404984,62.23673152804375,80.42414240121842
2025-09-25,MG92,79.25,69.8890036869049,60.3421316152811,78.45308202624321
2025-09-26,MG95,81.84,71.95610044002534,62.46097006917,81.1127270436287
2025-09-26,MG92,80.15,70.35558848977088,60.56832970798015,79.1436217689514
2025-09-29,MG95,81.78,72.63728475928308,63.36818429589272,81.49870432138444
2025-09-29,MG92,79.91,71.00596768856047,61.46337472379207,79.54777665495872
2025-09-30,MG95,79.2,71.5095252454281,62.25850422739983,80.37806422233582
2025-09-30,MG92,77.33,69.87608979284762,60.363265898823734,78.40766043305396
2025-10-01,MG95,79.57,71.59858700633049,62.34563186526299,80.46719966411591
2025-10-01,MG92,76.94,69.96546907424926,60.449483145475384,78.49832344651222
2025-10-02,MG95,78.13,71.82259989976883,62.1918552684784,81.14965037345887
2025-10-02,MG92,76.23,70.24046700239181,60.30457907438278,79.17487276196479
2025-10-03,MG95,77.05,71.0219512474537,61.466798591613774,80.28024364709854
2025-10-03,MG92,75.25,69.43086448967456,59.58443692088127,78.29402537226676
2025-10-06,MG95,78.05,70.29023566126824,60.70758161783219,79.60522549629212
2025-10-06,MG92,75.75,68.70348388910293,58.834282463192935,77.60640443086623
2025-10-07,MG95,78.93,71.63712671041489,61.85699409961701,81.15361072063446
2025-10-07,MG92,76.47,70.07545112907886,59.9760697889328,79.17227827191353
2025-10-08,MG95,79.45,71.47898452162742,61.90461497187615,80.74716857910157
2025-10-08,MG92,76.99,69.8899540990591,60.018387903571124,78.76807834267616
2025-10-09,MG95,80.3,71.08675357937813,61.397865525484086,80.5085346364975
2025-10-09,MG92,77.55,69.51412239611149,59.51861524879932,78.52042165517807
2025-10-10,MG95,79.46,70.13018237471582,60.21949185371399,79.85985739946366
2025-10-10,MG92,76.59,68.5906190675497,58.35642784416675,77.85257469177246
2025-10-13,MG95,78.69,71.03503881335259,61.06534832954407,80.80569882631302
2025-10-13,MG92,75.95,69.50091121673583,59.19548862934112,78.81098652362823
2025-10-14,MG95,78.36,69.30504404067993,59.26640207052231,79.22552030324937
2025-10-14,MG92,75.62,67.78580465018749,57.41659634470939,77.20424946427345
2025-10-15,MG95,78.5,69.65271186709404,59.60211977958679,79.57491502523423
2025-10-15,MG92,75.76,68.13431763410567,57.74840729892254,77.5584514081478
2025-08-21,MG95,81.77,80.95055427551269,78.84978621542453,83.08106969237328
2025-08-21,MG92,79.01,78.72442934036255,77.20049900531768,80.61389517784119
2025-08-22,MG95,82.69,81.01473808526993,78.5361848527193,83.47636916875838
2025-08-22,MG92,79.93,78.73800478935242,76.74295885562897,80.89896097183227
2025-08-25,MG95,81.54,80.98267506599426,78.34636792719364,83.58940816164016
2025-08-25,MG92,79.6,78.68555715560913,76.48791837692261,80.9683010482788
2025-08-26,MG95,81.12,80.83815076589583,78.02823633909225,83.61536669015884
2025-08-26,MG92,79.18,78.5204808139801,76.0872609424591,80.94293909072876
2025-08-27,MG95,79.35,80.93564930438995,77.78387858092785,84.01433463811874
2025-08-27,MG92,77.41,78.5734781742096,75.74490246772766,81.28726353645324
2025-08-28,MG95,80.24,80.8180463862419,77.4033300191164,84.14938446044921
2025-08-28,MG92,78.3,78.42598376274108,75.27224483966828,81.37781001091003
2025-08-29,MG95,81.37,81.15469846010208,77.72426832497119,84.47424157977103
2025-08-29,MG92,79.43,78.75371392250061,75.62228085041046,81.72176176071167
2025-09-01,MG95,81.25,80.92683919548988,77.2336367303133,84.5125824034214
2025-09-01,MG92,79.31,78.49950735092163,75.03186994552613,81.71784845352173
2025-09-02,MG95,82.72,81.00266390323638,77.22646347224712,84.66272976756096
2025-09-02,MG92,80.78,78.5639371585846,75.0072953081131,81.8649328994751
2025-09-03,MG95,82.95,80.93281851530075,76.9470193350315,84.80118809103965
2025-09-03,MG92,80.73,78.4722260093689,74.66426132202147,81.98477327346801
2025-09-04,MG95,81.45,80.77813611149787,76.722096773386,84.72502638459206
2025-09-04,MG92,79.28,78.31386751174927,74.41032029628754,81.89702201843261
2025-09-05,MG95,81.6,80.60583348989486,76.1876168334484,84.92382673263549
2025-09-05,MG92,79.24,78.10912234783173,73.77471069335937,82.07633534431457
2025-09-08,MG95,81.23,81.03881904959678,76.65995421290397,85.2940535056591
2025-09-08,MG92,78.87,78.53388854980469,74.27918257713317,82.46673432350158
2025-09-09,MG95,81.58,80.26921993017196,75.72831648945808,84.7284445142746
2025-09-09,MG92,79.22,77.77009018421172,73.27218148708343,81.86511924743652
2025-09-10,MG95,81.84,80.6526811236143,75.80421341121196,85.41500715374946
2025-09-10,MG92,79.48,78.11566316127777,73.29090013980866,82.57148983001709
2025-09-11,MG95,82.05,80.611061784029,75.67175366461277,85.47196956276893
2025-09-11,MG92,79.69,78.0678183221817,73.13620803833007,82.62909930229186
2025-09-12,MG95,81.4,80.3917671006918,75.48805567264556,85.22322600722312
2025-09-12,MG92,79.14,77.85785541534423,72.95373611450195,82.37045764923096
2025-09-15,MG95,83.32,80.4554550409317,75.62609034061431,85.20564430356025
2025-09-15,MG92,81.06,77.92581185817718,73.11049667835235,82.35361179351807
2025-09-16,MG95,83.4,80.42396973371505,75.38685977697372,85.39699216604232
2025-09-16,MG92,81.14,77.87862389564513,72.82392146587371,82.54998527526855
2025-09-17,MG95,83.21,80.46421219289303,75.30045331001281,85.57340617179871
2025-09-17,MG92,81.74,77.90825322151184,72.71092472076415,82.73337030410767
2025-09-18,MG95,82.22,80.14270098924636,75.03551455974578,85.20112852096557
2025-09-18,MG92,80.53,77.60034116744995,72.45054537296295,82.34581313133239
2025-09-19,MG95,80.89,80.16847657561301,75.01854908227921,85.2723315322399
2025-09-19,MG92,79.2,77.62228363990783,72.4251042175293,82.42005415916442
2025-09-22,MG95,79.8,80.17928941965103,74.79972619712352,85.53534457564353
2025-09-22,MG92,77.81,77.61731746673584,72.15881763935089,82.69633364677429
2025-09-23,MG95,79.23,80.26200334370135,75.02374367654323,85.45935618281364
2025-09-23,MG92,77.24,77.70686232089996,72.41369040489197,82.6152350139618
2025-09-24,MG95,80.23,80.07021738290787,74.69983015358447,85.41905113816262
2025-09-24,MG92,78.24,77.51204950332641,72.05897706031799,82.5752820110321
2025-09-25,MG95,81.05,79.45731784522533,74.09744978964328,84.81089365363121
2025-09-25,MG92,79.25,76.91716158866882,71.45055096626281,81.94226730346679
2025-09-26,MG95,81.84,80.02855471491813,74.53208182871342,85.51933232307434
2025-09-26,MG92,80.15,77.46396707057953,71.86532891750335,82.68254389762878
2025-09-29,MG95,81.78,79.67693989872932,74.15295347571373,85.20696341276168
2025-09-29,MG92,79.91,77.12098898887633,71.4767794418335,82.35871772766113
2025-09-30,MG95,79.2,79.43729049384594,73.72431038498878,85.18568435192108
2025-09-30,MG92,77.33,76.87819622993469,71.01106327533722,82.34370739936828
2025-10-01,MG95,79.57,79.4632634651661,73.7222883927822,85.24311855912208
2025-10-01,MG92,76.94,76.90210467338562,71.0040426158905,82.40462454795838
2025-10-02,MG95,78.13,79.65433210015297,73.79277407824993,85.56991101384162
2025-10-02,MG92,76.23,77.08226122379303,71.05335960388183,82.74976892471314
2025-10-03,MG95,77.05,79.26021693348885,73.56542512595654,84.9912264728546
2025-10-03,MG92,75.25,76.70691450119018,70.85475460529327,82.14076515197753
2025-10-06,MG95,78.05,79.30199514389038,73.48741955518722,85.16888255953788
2025-10-06,MG92,75.75,76.74197587013245,70.7553612613678,82.33099846839905
2025-10-07,MG95,78.93,79.12807011425495,73.22010737121104,85.10516091942787
2025-10-07,MG92,76.47,76.56889588356017,70.47146014213561,82.26971794128417
2025-10-08,MG95,79.45,79.24067582309246,73.44625757098197,85.08544168114662
2025-10-08,MG92,76.99,76.68324365139007,70.71765841007232,82.243293800354
2025-10-09,MG95,80.3,78.36862428426743,72.29759749829769,84.54328779935837
2025-10-09,MG92,77.55,75.82330837249755,69.52479852199554,81.69544011116028
2025-10-10,MG95,79.46,78.62345307350158,72.50653669297695,84.84945593357085
2025-10-10,MG92,76.59,76.0702427148819,69.72453558444977,82.0168717098236
2025-10-13,MG95,78.69,78.70645103931426,72.78081030726432,84.70942815899849
2025-10-13,MG92,75.95,76.15775171756744,70.03000648021698,81.85932382583619
2025-10-14,MG95,78.36,78.1390511405468,71.69061950922011,84.76161481499672
2025-10-14,MG92,75.62,75.59010321617126,68.86150227069855,81.95075545310974
2025-10-15,MG95,78.5,78.32862253844738,72.16143076598644,84.61587731957435
2025-10-15,MG92,75.76,75.78137076377868,69.37360976219178,81.77749843597412
2025-10-16,MG95,78.98,78.02396608412265,71.59027573883533,84.62894324064254
2025-10-16,MG92,76.24,75.478061504364,68.76486221790313,81.81162806510925
2025-10-17,MG95,77.59,77.52594940364361,71.11698032021522,84.10207947134971
2025-10-17,MG92,74.81,74.99204272747039,68.30238850593567,81.26153820037841
2025-10-20,MG95,77.59,77.69453059673309,71.26470610797405,84.2953048980236
2025-10-20,MG92,74.81,75.15643889904023,68.444502120018,81.46435932159423
2025-10-21,MG95,77.65,77.29853305161,70.46864777624607,84.3850428378582
2025-10-21,MG92,74.87,74.76582561969757,67.59919981479645,81.5947004032135
2025-10-22,MG95,78.59,76.51456334471702,69.89682356595992,83.3388736987114
2025-10-22,MG92,75.58,73.99903636932373,67.07238015174866,80.48496102333068
2025-10-23,MG95,81.1,76.84173612654209,70.24676783144474,83.6396787393093
2025-10-23,MG92,78.09,74.31991358280182,67.41842365741729,80.79632051467895
2025-10-24,MG95,82.82,76.5645402520895,69.74170306384563,83.63751231908797
2025-10-24,MG92,79.91,74.04716073036194,66.88914885997772,80.81617588996887
2025-10-27,MG95,82.51,76.94518028497696,70.03377502381801,84.1302525627613
2025-10-27,MG92,79.91,74.42017810344696,67.16102121829987,81.33813652992248
2025-10-28,MG95,82.08,76.97510095536708,70.26032962203026,83.91838629364968
2025-10-28,MG92,79.26,74.44965835094452,67.41301024913787,81.09788742065429
2025-10-29,MG95,82.28,76.9902418255806,70.04470822453499,84.21819959521294
2025-10-29,MG92,79.46,74.46440779209136,67.16649518966675,81.43317399024963
2025-10-30,MG95,82.62,76.4712975257635,69.56491835951805,83.64628391385078
2025-10-30,MG92,79.8,73.95585954666137,66.70385376453399,80.83393485069274
2025-10-31,MG95,81.78,76.1750756675005,69.13586124181747,83.51200437426567
2025-10-31,MG92,78.96,73.66607914924622,66.26565653324127,80.70838291168212
2025-11-03,MG95,82.63,75.97306901752948,68.82011753022671,83.45003512740135
2025-11-03,MG92,79.81,73.46903481483459,65.94156947612763,80.65660613059997
2025-11-04,MG95,81.13,76.00013001322746,68.53247951030731,83.8795833003521
2025-11-04,MG92,78.41,73.50172024726868,65.6163876247406,81.141110830307
2025-11-05,MG95,80.8,75.47297738790512,68.24949688673018,83.0321952521801
2025-11-05,MG92,78.08,72.97873469352722,65.37707957267762,80.22945001602173
2025-11-06,MG95,81.25,75.56339413940906,68.2386695998907,83.25203394770622
2025-11-06,MG92,78.53,73.06946751594543,65.35188532829284,80.47050973892212
2025-11-07,MG95,81.88,75.26938684403896,67.74787913441658,83.20556664109229
2025-11-07,MG92,79.16,72.78513313770294,64.84826132774353,80.44642426490783
2025-11-10,MG95,82.8,76.08235769629478,68.71967747449875,83.8275892150402
2025-11-10,MG92,80.08,73.57995843887329,65.81330617427825,81.07420259475708
2025-11-11,MG95,83.15,74.42408818781375,66.5643974673748,82.78533888936042
2025-11-11,MG92,80.06,71.96448932647705,63.65836903095245,80.053304605484
2025-11-12,MG95,83.79,74.71739741444587,67.26156112313271,82.55962678790092
2025-11-12,MG92,81.48,72.24000012874603,64.38721783638,79.7649963569641
2025-09-18,MG95,82.22,82.58907004654407,81.59677740931511,82.83428765714167
2025-09-18,MG92,80.53,80.83497148275374,80.04003744006157,81.673861464262
2025-09-19,MG95,80.89,82.50554865658283,80.87016611516475,83.50103534221648
2025-09-19,MG92,79.2,80.85955601692199,79.37210887432097,82.20253613471985
2025-09-22,MG95,79.8,82.48225293397903,80.45549034953116,83.93220211863517
2025-09-22,MG92,77.81,80.89712465405464,78.98925079584122,82.54916539907455
2025-09-23,MG95,79.23,82.40962305068969,79.9518970376253,84.3598574256897
2025-09-23,MG92,77.24,80.88665454626083,78.52004477858543,82.89865944862365
2025-09-24,MG95,80.23,82.40380531966686,80.08643392741679,84.19203101277351
2025-09-24,MG92,78.24,80.86089096784592,78.64461421370505,82.76186108350753
2025-09-25,MG95,81.05,82.30197766780853,79.42661990642547,84.73707255840301
2025-09-25,MG92,79.25,80.83447453022002,78.02644423842429,83.21175903320312
2025-09-26,MG95,81.84,82.21035708367823,78.92777798950672,85.1170750439167
2025-09-26,MG92,80.15,80.79284744739532,77.5555378639698,83.53033483982085
2025-09-29,MG95,81.78,82.15677741765975,79.00378543019295,84.91667330503464
2025-09-29,MG92,79.91,80.72330332517623,77.62441938281059,83.36480092525481
2025-09-30,MG95,79.2,82.09717171311378,78.3661313599348,85.52302669286728
2025-09-30,MG92,77.33,80.7299147427082,77.02202521443367,83.87515168905257
2025-10-01,MG95,79.57,81.94892620563506,78.03380153477191,85.59269067406653
2025-10-01,MG92,76.94,80.60043911933899,76.70120337724686,83.93875186920165
2025-10-02,MG95,78.13,82.0296850413084,77.50992303967476,86.36068076610565
2025-10-02,MG92,76.23,80.7394542825222,76.20785131335258,84.5946610045433
2025-10-03,MG95,77.05,81.87166396021843,77.04539730429649,86.56019967794418
2025-10-03,MG92,75.25,80.60674359560012,75.75824081659317,84.7732521033287
2025-10-06,MG95,78.05,81.73776191234587,76.65063970386981,86.73130941390991
2025-10-06,MG92,75.75,80.49283427953719,75.37472987890243,84.92745355129242
2025-10-07,MG95,78.93,81.70021200478077,76.5908752888441,86.72140984773635
2025-10-07,MG92,76.47,80.4568929183483,75.31573381781578,84.92013568162918
2025-10-08,MG95,79.45,81.60908739089965,76.19812636792659,86.97955244302749
2025-10-08,MG92,76.99,80.38697364568709,74.93473687529564,85.15042933225631
2025-10-09,MG95,80.3,81.60769371449946,76.16361179828644,87.01589714288711
2025-10-09,MG92,77.55,80.38776779532432,74.90149952054023,85.18256559610366
2025-10-10,MG95,79.46,81.49397765576839,75.78747788071632,87.20862126231192
2025-10-10,MG92,76.59,80.29066229581832,74.53422723770142,85.35762930631637
2025-10-13,MG95,78.69,81.60865589678286,75.56857645153998,87.69395790934561
2025-10-13,MG92,75.95,80.42370915651321,74.328264772892,85.78684038877486
2025-10-14,MG95,78.36,81.468023532629,75.58514185786247,87.384938685894
2025-10-14,MG92,75.62,80.27490597724913,74.33792124271392,85.5156114912033
2025-10-15,MG95,78.5,81.28481212258339,74.81183992445469,87.88601742863655
2025-10-15,MG92,75.76,80.12098711013793,73.58123305678367,85.97344119310378
2025-10-16,MG95,78.98,81.47218968272209,75.21893230497837,87.80919163703918
2025-10-16,MG92,76.24,80.29795580506324,73.98421284079551,85.89611148118972
2025-10-17,MG95,77.59,80.96057653188704,74.38736874639987,87.70571240425109
2025-10-17,MG92,74.81,79.80287415146827,73.15326922774314,85.82509598970412
2025-10-20,MG95,77.59,81.03114813864231,73.92908727645873,88.36832865715026
2025-10-20,MG92,74.81,79.89060088992119,72.71096685647964,86.424011490345
2025-10-21,MG95,77.65,80.91636078417301,73.89060494482517,88.17860019803047
2025-10-21,MG92,74.87,79.77460632205009,72.6678732764721,86.25598306894302
2025-10-22,MG95,78.59,81.13256909489631,74.00669174134731,88.48720280647277
2025-10-22,MG92,75.58,79.99191586971283,72.79131726026534,86.52831305742264
2025-10-23,MG95,81.1,80.64608179688453,72.77350635409354,88.89650721430777
2025-10-23,MG92,78.09,79.52394248962402,71.56290906190871,86.93063998222351
2025-10-24,MG95,82.82,80.57792556524277,72.9870413851738,88.51741731405258
2025-10-24,MG92,79.91,79.45276134729384,71.76852560877799,86.58343581199645
2025-10-27,MG95,82.51,80.67075631678104,72.98801348686217,88.7034557545185
2025-10-27,MG92,79.91,79.54593507528304,71.77421133041382,86.75036314249039
2025-10-28,MG95,82.08,80.60454428851604,72.7574022001028,88.83095978617668
2025-10-28,MG92,79.26,79.48263209223747,71.54508697986603,86.87195086240767
2025-10-29,MG95,82.28,80.78697702527046,72.72362166643143,89.23795297265052
2025-10-29,MG92,79.46,79.66477494001388,71.52065348029136,87.24171277999878
2025-10-30,MG95,82.62,80.67109357655048,72.64120629012584,89.09682959794998
2025-10-30,MG92,79.8,79.5500227534771,71.43440298318862,87.11591557979582
2025-10-31,MG95,81.78,80.43204087615013,72.07234825313091,89.25948800086974
2025-10-31,MG92,78.96,79.31533935546875,70.86424252033233,87.28111819267272
2025-11-03,MG95,82.63,80.30687782406807,72.02687274098396,89.05986989498138
2025-11-03,MG92,79.81,79.19193922042847,70.81322693228721,87.1012603521347
2025-11-04,MG95,81.13,80.21703281342982,71.78155097663402,89.15779426097869
2025-11-04,MG92,78.41,79.10356449484824,70.5674741601944,87.1979322361946
2025-11-05,MG95,80.8,80.43471911549568,71.9371021258831,89.41809928655624
2025-11-05,MG92,78.08,79.3178046298027,70.73138567090034,87.42999932527542
2025-11-06,MG95,81.25,80.20011526823043,71.51530422747135,89.42549916267394
2025-11-06,MG92,78.53,79.08598601698876,70.30464473485947,87.45041335582732
2025-11-07,MG95,81.88,80.14603963196276,71.29318891108035,89.56907263040542
2025-11-07,MG92,79.16,79.03145278453826,70.08310621857643,87.5891215777397
2025-11-10,MG95,82.8,80.4055114275217,71.25299548208713,90.1352524280548
2025-11-10,MG92,80.08,79.28267203450203,70.05582255005837,88.11193513154983
2025-11-11,MG95,83.15,80.2568344259262,70.80611636817454,90.34386743426322
2025-11-11,MG92,80.06,79.13064840793609,69.60760546922683,88.32080135822295
2025-11-12,MG95,83.79,80.16534775376319,70.92034823596477,90.03059278607368
2025-11-12,MG92,81.48,79.0449192237854,69.71623344659805,88.02645929574966
2025-11-13,MG95,81.53,80.36322500407695,70.86449206650256,90.49154753565787
2025-11-13,MG92,79.22,79.23411684870719,69.67005096554756,88.45622579574584
2025-11-14,MG95,83.15,80.21425042033195,70.64840278863906,90.43761573076247
2025-11-14,MG92,80.31,79.08608345866203,69.44970610976219,88.41356583118439
2025-11-17,MG95,83.32,80.14366393446922,70.54863837301731,90.40941486239433
2025-11-17,MG92,80.48,79.01604238390922,69.34780647993087,88.39085217714309
2025-11-18,MG95,82.73,79.78951141834258,69.75405435621738,90.60559093475341
2025-11-18,MG92,79.89,78.65600027322769,68.54436090707779,88.6030021882057
2025-11-19,MG95,81.03,79.82673894524574,69.74581133067608,90.6892115187645
2025-11-19,MG92,78.17,78.69091362476348,68.53797847747802,88.68147196769714
2025-11-20,MG95,79.42,79.71675754249095,69.29995887517929,90.97814394712448
2025-11-20,MG92,76.56,78.57071932077407,68.09057990670203,88.9695777630806
2025-11-21,MG95,79.01,79.79358333408832,69.0390190076828,91.4297546172142
2025-11-21,MG92,76.15,78.63102597236633,67.83495629310607,89.40579490184783
2025-11-24,MG95,78.93,79.59325103104113,68.88374560177326,91.20736155748367
2025-11-24,MG92,76.07,78.43737039089203,67.67151737451553,89.20201513051987
2025-11-25,MG95,79.26,78.79064717531203,67.38553851187228,91.33412163376808
2025-11-25,MG92,76.4,77.61960576415062,66.14234570741652,89.38588756799697
2025-11-26,MG95,81.16,79.22744817376136,68.28064081907272,91.17076887249947
2025-11-26,MG92,78.3,78.06915779590607,67.05454105973243,89.19255354404449
2025-11-27,MG95,81.44,79.43398010492324,68.2593438565731,91.60508010029793
2025-11-27,MG92,78.52,78.2586477458477,67.04336449980735,89.60421538114547
2025-11-28,MG95,81.86,79.67594415068626,68.7378757917881,91.53925492882728
2025-11-28,MG92,79.04,78.50712888479232,67.53034387826919,89.52176023721694
2025-12-01,MG95,82.51,79.23427768409252,68.05317398369311,91.4446833217144
2025-12-01,MG92,79.78,78.06366208553314,66.82877844691276,89.46105407476425
2025-12-02,MG95,82.55,78.56796645283698,67.14573689639568,91.17216750860213
2025-12-02,MG92,80.7,77.40234493732451,65.89191086292267,89.2438273525238
2025-12-03,MG95,80.8,78.7050823879242,67.36507477939128,91.18957606434822
2025-12-03,MG92,79.51,77.54014695167541,66.11740551114082,89.25030722379684
2025-12-04,MG95,80.04,79.01016360759735,67.61723101377487,91.50105530023575
2025-12-04,MG92,78.67,77.83371435284614,66.3840936267376,89.53351170301437
2025-12-05,MG95,79.94,79.41037688076496,67.78535996854305,92.10268705129623
2025-12-05,MG92,78.57,78.20945918917656,66.57048005938529,90.09848826885222
2025-12-08,MG95,80.6,79.23848847150802,67.54149635672569,92.04083956122398
2025-12-08,MG92,79.38,78.0375623333454,66.3197528898716,90.05029361724853
2025-12-09,MG95,79.45,79.45502412259579,67.9169111174345,92.04039318799971
2025-12-09,MG92,77.63,78.25829208374023,66.70349281549453,90.03323158025741
2025-12-10,MG95,79.42,79.07526962220668,67.35614235520363,91.9299505329132
2025-12-10,MG92,77.59,77.87737796664237,66.12746636390686,89.95285194396972
2025-10-16,MG95,78.98,77.98220705986023,76.04873722791672,82.23245686292648
2025-10-16,MG92,76.24,75.45292239665986,73.44257401943207,78.41084787368774
2025-10-17,MG95,77.59,77.95406776666641,75.69313591718674,82.38286685943604
2025-10-17,MG92,74.81,75.40820393562318,73.09263388633728,78.6083623123169
2025-10-20,MG95,77.59,78.0236767232418,75.24774059653282,82.94451105594635
2025-10-20,MG92,74.81,75.50067988872529,72.59800336360932,79.24066139221192
2025-10-21,MG95,77.65,77.94384422898293,75.27235662937164,82.65719455480576
2025-10-21,MG92,74.87,75.39020004749298,72.66411696434021,78.93794138908386
2025-10-22,MG95,78.59,77.9218998849392,74.83838266134262,82.91955345869064
2025-10-22,MG92,75.58,75.36063158512115,72.22716029644013,79.25108350753784
2025-10-23,MG95,81.1,77.90707224607468,74.55569365620613,83.0972792506218
2025-10-23,MG92,78.09,75.34295733928681,71.94244869709016,79.45973353385926
2025-10-24,MG95,82.82,77.97971785068512,74.5334966480732,83.35376137495041
2025-10-24,MG92,79.91,75.44569736003876,71.88613405227662,79.73094334602357
2025-10-27,MG95,82.51,78.02113604545593,74.35307577252388,83.6394402384758
2025-10-27,MG92,79.91,75.50982859134675,71.6824918794632,80.04214373588563
2025-10-28,MG95,82.08,77.77939733862877,73.65357992053032,83.45003575086594
2025-10-28,MG92,79.26,75.1850541639328,71.06674264907838,79.8849720954895
2025-10-29,MG95,82.28,77.9539695084095,73.84170237183571,83.84594166278839
2025-10-29,MG92,79.46,75.42815406799316,71.18781620025635,80.29396335601807
2025-10-30,MG95,82.62,78.0118716955185,73.6406379044056,84.21147173643112
2025-10-30,MG92,79.8,75.52281107902527,70.95871480464936,80.68617446899415
2025-10-31,MG95,81.78,77.82696369290352,72.81736472249031,84.34660023450851
2025-10-31,MG92,78.96,75.2904132604599,70.18875619888306,80.87124378204346
2025-11-03,MG95,82.63,77.77450314164162,72.63299947977066,84.35076451301575
2025-11-03,MG92,79.81,75.22378487586975,70.01918458938599,80.88222583770752
2025-11-04,MG95,81.13,77.81772273778915,72.7176045179367,84.40901762247086
2025-11-04,MG92,78.41,75.28262828350067,70.09012541770936,80.94077572822572
2025-11-05,MG95,80.8,77.72529914975166,71.95514383912086,84.83574855327606
2025-11-05,MG92,78.08,75.19644714355469,69.34383332252503,81.41390725135804
2025-11-06,MG95,81.25,77.77177530527115,72.05318686366081,84.8879377245903
2025-11-06,MG92,78.53,75.25921464920044,69.42831657886505,81.46624361038208
2025-11-07,MG95,81.88,77.70787000656128,71.81123760342598,84.91988569498062
2025-11-07,MG92,79.16,75.18130166053773,69.20293607711793,81.50599937438966
2025-11-10,MG95,82.8,77.68982791900635,71.62467324733734,85.04467368125916
2025-11-10,MG92,80.08,75.16905973911285,69.01884214401245,81.64155912399292
2025-11-11,MG95,83.15,77.61973702907562,71.10061517357826,85.34387475252151
2025-11-11,MG92,80.06,75.10825202465058,68.5079327106476,81.96562911033631
2025-11-12,MG95,83.79,77.67842996120453,70.98569044470787,85.64174699783325
2025-11-12,MG92,81.48,75.2100889158249,68.37432372093201,82.2803697681427
2025-11-13,MG95,81.53,77.59144800901413,70.66577091813087,85.69417947530746
2025-11-13,MG92,79.22,75.10720890998842,68.0756361913681,82.33946153640747
2025-11-14,MG95,83.15,77.47351002693176,70.44997239112854,85.55253785848618
2025-11-14,MG92,80.31,74.94746786594392,67.89011982917786,82.19029162406922
2025-11-17,MG95,83.32,77.46119967103004,70.44482085108757,85.5204775929451
2025-11-17,MG92,80.48,74.9292065858841,67.88832711696625,82.15611720085144
2025-11-18,MG95,82.73,77.41620674729347,69.84344756603241,86.00508731603622
2025-11-18,MG92,79.89,74.92399101257325,67.29199065685273,82.66922123908998
2025-11-19,MG95,81.03,77.44067305326462,69.95083448290825,85.96737486124039
2025-11-19,MG92,78.17,74.94990180015564,67.39404429912568,82.62972738265992
2025-11-20,MG95,79.42,77.46594882011414,69.81389990448952,86.18766051530838
2025-11-20,MG92,76.56,75.00520945549012,67.24948034763337,82.86218390464784
2025-11-21,MG95,79.01,77.23100396990776,69.29916232824326,86.02238076925278
2025-11-21,MG92,76.15,74.70015034675599,66.78903327941894,82.68093482971192
2025-11-24,MG95,78.93,77.17911425232887,68.81352791190147,86.3871528506279
2025-11-24,MG92,76.07,74.67819526672363,66.31167962551118,83.0622180747986
2025-11-25,MG95,79.26,77.14682471752167,68.79420846700668,86.31237363815308
2025-11-25,MG92,76.4,74.63051454067231,66.29970412731171,82.98159569740297
2025-11-26,MG95,81.16,77.08376163244247,68.80927473306656,86.11112201213837
2025-11-26,MG92,78.3,74.53190182209015,66.32965641975403,82.76500716209412
2025-11-27,MG95,81.44,77.15914911031723,68.65737214684486,86.49655640125275
2025-11-27,MG92,78.52,74.66680228710175,66.15913652420045,83.17583177566529
2025-11-28,MG95,81.86,77.01563122868538,67.96717339754105,86.82764929533005
2025-11-28,MG92,79.04,74.53347326755524,65.49720576286316,83.51210304260255
2025-12-01,MG95,82.51,77.1387160718441,68.31789922714233,86.80571430921555
2025-12-01,MG92,79.78,74.67942352294922,65.82275688171387,83.4980955028534
2025-12-02,MG95,82.55,77.03828677535057,67.63335734605789,87.26570332050323
2025-12-02,MG92,80.7,74.61662892341614,65.15847798347474,83.97022455215455
2025-12-03,MG95,80.8,77.08735975623131,68.03803163766861,86.9611588716507
2025-12-03,MG92,79.51,74.63671452522279,65.55322689056396,83.65688374519348
2025-12-04,MG95,80.04,76.84225687384605,67.47487613558769,86.86859959363937
2025-12-04,MG92,78.67,74.33029620647432,65.0389171743393,83.53876342773438
2025-12-05,MG95,79.94,76.94276571273804,66.87455561757088,87.84170258045197
2025-12-05,MG92,78.57,74.57943804740906,64.4203637266159,84.55911019325256
2025-12-08,MG95,80.6,76.91020011901855,67.10016125440598,87.48817873001099
2025-12-08,MG92,79.38,74.49164030551911,64.6509191608429,84.19060623168946
2025-12-09,MG95,79.45,76.92793807387352,67.33249056339264,87.27772825956345
2025-12-09,MG92,77.63,74.48510164737702,64.87946061611176,83.97369256973268
2025-12-10,MG95,79.42,76.8314437866211,67.0075224339962,87.36261403560638
2025-12-10,MG92,77.59,74.38023024082185,64.57315970420838,84.05277962684632
2025-12-11,MG95,79.63,76.77005109190941,66.76150715351105,87.46382004022598
2025-12-11,MG92,77.61,74.3199418258667,64.33883370399475,84.15154587745667
2025-12-12,MG95,79.25,76.65611362457275,66.25239369273186,87.71831828355789
2025-12-12,MG92,77.61,74.21762627601625,63.85124759197235,84.40287780761719
2025-12-15,MG95,78.52,76.60056963562965,65.81923854351044,88.06141740083694
2025-12-15,MG92,77.43,74.1985296010971,63.429517688751226,84.75138648033143
2025-12-16,MG95,75.72,76.64021450281143,66.17812448740005,87.75833278894424
2025-12-16,MG92,74.64,74.20405223846436,63.779963574409486,84.44248003959656
2025-12-17,MG95,74.53,76.37363517284393,65.32317939400673,87.99389058351517
2025-12-17,MG92,74.27,73.91810335159302,62.97209610462189,84.65179838180542
2025-12-18,MG95,74.63,76.48065713047981,65.38278004527092,88.22893369197845
2025-12-18,MG92,74.15,74.07860302448273,63.014890899658205,84.90952446937561
2025-12-19,MG95,73.56,76.5562411248684,65.69647186994553,88.07724165916443
2025-12-19,MG92,73.15,74.14765631198884,63.31463509082795,84.76235950469972
2025-12-22,MG95,74.61,76.35483509302139,64.96623054146767,88.36306089162827
2025-12-22,MG92,73.33,73.94730153083802,62.620349712371834,85.03108571052552
2025-12-23,MG95,74.56,76.44491451978683,65.46304300427437,88.03208965063095
2025-12-23,MG92,73.28,74.00832148075104,63.10013730049134,84.7012627887726
2025-12-24,MG95,74.49,76.2504520714283,64.78207585215569,88.28645688295364
2025-12-24,MG92,73.21,73.81208045482636,62.45271531581879,84.93680801391602
2025-12-25,MG95,74.49,76.24613806605339,64.77319985628128,88.28485667705536
2025-12-25,MG92,73.21,73.8067158651352,62.44452393054963,84.93450503349305
2025-12-26,MG95,74.54,76.43114432692528,64.90976011753082,88.64910471439362
2025-12-26,MG92,72.58,74.07999384403229,62.55347748279572,85.33615385055542
2025-12-29,MG95,73.6,76.13605138659477,64.29841595888138,88.54397773742676
2025-12-29,MG92,71.54,73.71230269908905,61.98888602733612,85.18556602478029
2025-12-30,MG95,73.8,75.9824269413948,63.510847955942154,89.07127833366394
2025-12-30,MG92,71.74,73.60567018985749,61.22929986476898,85.70500100135804
2025-12-31,MG95,73.81,75.97135183215141,63.67443859577179,88.83975380659103
2025-12-31,MG92,71.75,73.55876615524292,61.39234184741974,85.46447953224182
2026-01-01,MG95,73.81,76.04349210858345,63.91812375187874,88.74456495046616
2026-01-01,MG92,71.75,73.63088105201722,61.6244009923935,85.37804100036621
2026-01-02,MG95,72.58,75.95094686746597,63.50945362448692,88.98477363586426
2026-01-02,MG92,71.57,73.55549231052399,61.231693158149724,85.61070524215698
2026-01-05,MG95,71.36,75.99257561564445,63.719665467739105,88.84384322166443
2026-01-05,MG92,70.2,73.58460469245911,61.43444574832917,85.47220129013063
2026-01-06,MG95,72.57,75.97918909788132,63.43492239713669,89.15561199188232
2026-01-06,MG92,71.21,73.61425443649293,61.15472845554352,85.79128600120545
2026-01-07,MG95,70.58,76.03147184848785,63.53182843327522,89.18349862098694
2026-01-07,MG92,69.56,73.68084218025209,61.244160861969,85.828296251297
2025-11-13,MG95,81.53,82.79179461836816,81.50063016593457,83.89840569376946
2025-11-13,MG92,79.22,80.83483648538589,79.28968922138215,82.21180016040802
2025-11-14,MG95,83.15,82.485191193223,80.37431168854238,84.23989411711693
2025-11-14,MG92,80.31,80.5161327123642,78.14747350931168,82.52688577651978
2025-11-17,MG95,83.32,82.48285387337208,79.83454063117505,84.65671615719796
2025-11-17,MG92,80.48,80.49627898693085,77.5963140821457,82.93561609268188
2025-11-18,MG95,82.73,82.10673016548158,78.69190586328507,84.90750857949257
2025-11-18,MG92,79.89,80.10920904636383,76.45996998310089,83.16499267101288
2025-11-19,MG95,81.03,81.97355787098408,78.30841060817242,84.98153369665147
2025-11-19,MG92,78.17,79.9724864244461,76.08129708051682,83.2323146724701
2025-11-20,MG95,79.42,82.0874672538042,78.21799928069115,85.25634857296944
2025-11-20,MG92,76.56,80.0742950463295,75.98340772390365,83.50900411605835
2025-11-21,MG95,79.01,81.96790934801102,78.04294501125813,85.18660854220391
2025-11-21,MG92,76.15,79.9575961303711,75.81440822839737,83.4350965833664
2025-11-24,MG95,78.93,81.85687167227269,77.2046063143015,85.67871425628663
2025-11-24,MG92,76.07,79.82363204956054,74.98035264015198,83.91869603633882
2025-11-25,MG95,79.26,81.72306011080742,76.86420164823532,85.72156512022019
2025-11-25,MG92,76.4,79.68722024917604,74.64795814990998,83.95648999214173
2025-11-26,MG95,81.16,81.70597470223905,76.86106524467469,85.69328754544259
2025-11-26,MG92,78.3,79.67137320756913,74.64583096504212,83.927787566185
2025-11-27,MG95,81.44,81.83262447595597,76.40611192882062,86.3102001464367
2025-11-27,MG92,78.52,79.76969965696335,74.18544599533081,84.54496257305145
2025-11-28,MG95,81.86,81.37090391993523,75.45932758390904,86.27522025704384
2025-11-28,MG92,79.04,79.30675040960313,73.27020285129548,84.49618301868439
2025-12-01,MG95,82.51,81.08281426548959,74.94359895765783,86.19076709747316
2025-12-01,MG92,79.78,79.02047892093658,72.77591405153275,84.40306282997132
2025-12-02,MG95,82.55,81.21841877102852,74.97292532980443,86.41639837145806
2025-12-02,MG92,80.7,79.14628393650055,72.79680708646775,84.6325074005127
2025-12-03,MG95,80.8,80.79412529826165,73.78500249266625,86.67500183701516
2025-12-03,MG92,79.51,78.70546615362167,71.64703452587128,84.87911514759064
2025-12-04,MG95,80.04,81.16368653118612,73.78849848389626,87.37209249973297
2025-12-04,MG92,78.67,79.04416934967041,71.62996362447738,85.58547650814057
2025-12-05,MG95,79.94,81.28837355554104,74.23778829395772,87.20159800171852
2025-12-05,MG92,78.57,79.17846853494645,72.06642019271851,85.41814767837525
2025-12-08,MG95,80.6,80.93509864747524,72.82902369081975,87.81861048817635
2025-12-08,MG92,79.38,78.79073809862138,70.69782927274704,86.02682365894319
2025-12-09,MG95,79.45,80.99318204462529,73.34914727747442,87.44832508563996
2025-12-09,MG92,77.63,78.86811323404312,71.20615846395494,85.65781050682068
2025-12-10,MG95,79.42,80.93435949504376,72.80156018257142,87.84285269021989
2025-12-10,MG92,77.59,78.78876146793365,70.67089950084687,86.0510580253601
2025-12-11,MG95,79.63,80.77469757556916,72.50109471917153,87.81485479474068
2025-12-11,MG92,77.61,78.6286155295372,70.38385581493378,86.0198204612732
2025-12-12,MG95,79.25,80.48048993647099,72.00255638122559,87.71298161029816
2025-12-12,MG92,77.61,78.33587021112443,69.90991611242295,85.91165456771851
2025-12-15,MG95,78.52,80.47455174565316,71.71823240876198,87.9706960952282
2025-12-15,MG92,77.43,78.31658470630646,69.63121118545533,86.16990840911866
2025-12-16,MG95,75.72,80.50075669705869,71.48758189022541,88.24267422437669
2025-12-16,MG92,74.64,78.32907584667207,69.40380638122559,86.44299426555634
2025-12-17,MG95,74.53,80.27879621386529,71.03772772729397,88.23967766046525
2025-12-17,MG92,74.27,78.10401677370072,68.97453270435334,86.43589393615723
2025-12-18,MG95,74.63,80.45884975075722,71.06701913952828,88.56701231360437
2025-12-18,MG92,74.15,78.26964579820633,68.99418245315552,86.76728796958923
2025-12-19,MG95,73.56,80.70902787745,71.48891536116601,88.6524643278122
2025-12-19,MG92,73.15,78.51898294687271,69.39521993637085,86.85695026874542
2025-12-22,MG95,74.61,80.48922991454602,71.0855628758669,88.60917396783829
2025-12-22,MG92,73.33,78.29827051877976,69.01087454080582,86.81004535675049
2025-12-23,MG95,74.56,80.21378076553346,71.04684727013111,88.10301436901094
2025-12-23,MG92,73.28,78.04515980243683,68.98692671298981,86.29751036167146
2025-12-24,MG95,74.49,80.7727198433876,71.047516502738,89.21211259245874
2025-12-24,MG92,73.21,78.55430975675583,68.96129850625992,87.41781801223755
2025-12-25,MG95,74.49,80.04452484726906,70.43106337487698,88.36697169542313
2025-12-25,MG92,73.21,77.85933709144592,68.39290305376053,86.55933865070344
2025-12-26,MG95,74.54,80.281208447814,70.31166528582574,88.95608617186546
2025-12-26,MG92,72.58,78.06865111112594,68.2643055009842,87.15445504188538
2025-12-29,MG95,73.6,80.15959789574147,69.8776279860735,89.14504949212075
2025-12-29,MG92,71.54,77.93486186742783,67.84620197296142,87.34216210842133
2025-12-30,MG95,73.8,80.29972721278668,70.2460205590725,89.05853869199754
2025-12-30,MG92,71.74,78.0820261502266,68.19933894395828,87.25744381427765
2025-12-31,MG95,73.81,80.1708200275898,69.91564938783647,89.1295272910595
2025-12-31,MG92,71.75,77.94712960481644,67.88279635190965,87.32674730300904
2026-01-01,MG95,73.81,80.1488052713871,69.75011420309544,89.25148744225503
2026-01-01,MG92,71.75,77.91816492319107,67.72228131294251,87.4487641811371
2026-01-02,MG95,72.58,80.62293659627439,69.96096742272377,90.0008481681347
2026-01-02,MG92,71.57,78.36015314340592,67.90826429128647,88.20513866901398
2026-01-05,MG95,71.36,80.39676594078541,69.73565078794957,89.76911389231682
2026-01-05,MG92,70.2,78.14257321357728,67.69756128787995,87.97075009346008
2026-01-06,MG95,72.57,79.87872996032239,69.20197274386884,89.25973798155785
2026-01-06,MG92,71.21,77.64268476963043,67.20015941619873,87.45320310115815
2026-01-07,MG95,70.58,80.12482277154923,69.2059381967783,89.75603888511658
2026-01-07,MG92,69.56,77.8663645720482,67.19288910627365,87.95448052883148
2026-01-08,MG95,71.16,79.614418040514,68.61611952781678,89.32115755319596
2026-01-08,MG92,69.91,77.36980774641037,66.64150141954423,87.51106447219848
2026-01-09,MG95,73.03,78.78755118906498,67.73525459468365,88.54973212838173
2026-01-09,MG92,71.94,76.56805817127228,65.82715385913849,86.7199168252945
2026-01-12,MG95,72.9,79.18393666327,68.07074489593506,89.00683797597885
2026-01-12,MG92,71.81,76.94769753456116,66.13177353143692,87.1880140542984
2026-01-13,MG95,73.45,78.96454323649407,67.67012927234174,88.97393570423127
2026-01-13,MG92,72.36,76.72529987096787,65.75270724534988,87.15116227626801
2026-01-14,MG95,73.42,79.04921114981175,67.4161904579401,89.40976594805718
2026-01-14,MG92,71.84,76.7873864722252,65.49991706371307,87.59181979179382
2026-01-15,MG95,72.55,78.99455382406713,67.254605743289,89.46682052493097
2026-01-15,MG92,71.4,76.72822353601457,65.34515707969666,87.64848644256593
2026-01-16,MG95,71.76,78.84947018802167,67.1915031015873,89.23603516101838
2026-01-16,MG92,70.44,76.59281219244004,65.29156950473785,87.41355392932893
2026-01-19,MG95,71.95,79.14650458574296,67.70998856663705,89.30279860496522
2026-01-19,MG92,70.6,76.89292009592057,65.78146309375764,87.48555768013001
2026-01-20,MG95,72.36,78.52704490542412,66.81550425052643,88.9708792090416
2026-01-20,MG92,70.99,76.27769258022309,64.94307057380676,87.14047778606415
2026-01-21,MG95,73.22,79.13135196089745,67.33898398876191,89.65907007694246
2026-01-21,MG92,71.85,76.85734074354173,65.42026418924333,87.84411945819855
2026-01-22,MG95,73.64,78.85693662643433,66.72744023144246,89.73973757743836
2026-01-22,MG92,72.27,76.57174432039261,64.83818287611008,87.92151401996612
2026-01-23,MG95,73.5,78.62490269422531,66.42226516842842,89.58532463908196
2026-01-23,MG92,70.76,76.34276598215104,64.5530284023285,87.76239282131195
2026-01-26,MG95,73.88,78.29009161412716,66.05012689054013,89.2917113184929
2026-01-26,MG92,71.64,76.01629167079926,64.20896839141847,87.46056568622589
2026-01-27,MG95,72.35,78.96363427877426,66.60242358505727,90.09392144322396
2026-01-27,MG92,70.21,76.66073641061783,64.71085774898529,88.2797844028473
2026-01-28,MG95,74.54,79.60438953995705,67.35276318848133,90.624273301363
2026-01-28,MG92,72.46,77.28659499406815,65.41184772491455,88.82026419639588
2026-01-29,MG95,75.75,77.99053510844708,65.44851674258709,89.31714215755463
2026-01-29,MG92,73.67,75.70718936920166,63.63906739711762,87.48121589183808
2026-01-30,MG95,75.44,77.53713001728059,65.02614107072354,88.83748217225076
2026-01-30,MG92,73.43,75.2693486738205,63.25538249731064,86.98708735942841
2026-02-02,MG95,72.54,77.46028313577176,64.76366204917431,88.96091063976289
2026-02-02,MG92,70.93,75.18296942710877,63.00329166412354,87.11079432964326
2026-02-03,MG95,72.82,77.99542450189591,65.09767903983594,89.7057765197754
2026-02-03,MG92,71.15,75.68928313493728,63.2957504439354,87.87435656547547
2026-02-04,MG95,74.68,78.00152750372887,65.19749957799912,89.61021609663965
2026-02-04,MG92,72.95,75.70122062444688,63.39293559551239,87.77782705307007
2025-12-11,MG95,79.63,79.87238094806672,76.52989621281624,83.09505791664124
2025-12-11,MG92,77.61,78.32519243597984,74.78181185483933,81.25055259823799
2025-12-12,MG95,79.25,79.62872274875642,76.20031479358673,82.87071362495422
2025-12-12,MG92,77.61,78.06669809103012,74.43160922527314,81.04585304737091
2025-12-15,MG95,78.52,79.52299803972244,75.65710640788079,83.12083819627762
2025-12-15,MG92,77.43,77.92715165734292,73.8713608634472,81.28432233572006
2025-12-16,MG95,75.72,79.29165719032288,75.18653819680215,83.06433554887772
2025-12-16,MG92,74.64,77.67363351583481,73.38011338949204,81.23362610697747
2025-12-17,MG95,74.53,79.35554456710815,75.35398693561554,83.04466187238694
2025-12-17,MG92,74.27,77.74589020967484,73.55407702207566,81.21469248533249
2025-12-18,MG95,74.63,79.13364765048027,74.91433991193772,82.9856692457199
2025-12-18,MG92,74.15,77.50435472905636,73.09575296103955,81.16037972211838
2025-12-19,MG95,73.56,79.39110014557839,75.19469453573227,83.26573037385941
2025-12-19,MG92,73.15,77.77015151381492,73.39187406361103,81.4221483719349
2025-12-22,MG95,74.61,79.14435550808906,74.71545400142669,83.19766778469086
2025-12-22,MG92,73.33,77.502860943079,72.8916638737917,81.35889139175416
2025-12-23,MG95,74.56,79.51947609186173,75.13402614355087,83.59422775268555
2025-12-23,MG92,73.28,77.89071807861329,73.33345454514027,81.73035850405694
2025-12-24,MG95,74.49,79.30556036353111,74.67489006161689,83.58172105073929
2025-12-24,MG92,73.21,77.65676252126694,72.85364863932134,81.71928691387177
2025-12-25,MG95,74.49,79.43522390365601,74.59957528948784,83.93625433444977
2025-12-25,MG92,73.21,77.77872575283051,72.7781962609291,82.05272029280663
2025-12-26,MG95,74.54,79.01100907087326,73.91630793690682,83.71288520574569
2025-12-26,MG92,72.58,77.33084894418717,72.06286239147187,81.84075067520142
2025-12-29,MG95,73.6,78.90868323087692,73.81177614569664,83.59794852018356
2025-12-29,MG92,71.54,77.22611743569374,71.95345991134644,81.73199565649033
2025-12-30,MG95,73.8,78.91802775382996,73.5566337454319,83.88990095615387
2025-12-30,MG92,71.74,77.22345359444618,71.68794523477554,82.00564059853554
2025-12-31,MG95,73.81,78.69949656963348,73.18769077181817,83.8053552722931
2025-12-31,MG92,71.75,76.99394239723682,71.30316816568374,81.92317251324654
2026-01-01,MG95,73.81,78.9670604634285,73.20774315237999,84.38406243085862
2026-01-01,MG92,71.75,77.25708459019661,71.32265212953091,82.4703699028492
2026-01-02,MG95,72.58,78.71183758854866,73.27449921250343,83.73772819280624
2026-01-02,MG92,71.57,77.00966183543206,71.39372026920319,81.86006352424621
2026-01-05,MG95,71.36,78.67788676857948,73.0405689740181,83.91997005939484
2026-01-05,MG92,70.2,76.96681838870049,71.14951632261277,82.03015163779259
2026-01-06,MG95,72.57,78.20558598637581,72.36095611572266,83.62237493276596
2026-01-06,MG92,71.21,76.4783087515831,70.44339490413667,81.74185556888581
2026-01-07,MG95,70.58,78.66226995944977,72.69224643707275,84.27996614933014
2026-01-07,MG92,69.56,76.938584446311,70.78436658382417,82.36756227970123
2026-01-08,MG95,71.16,77.52152335524559,71.21833492636681,83.40006617546082
2026-01-08,MG92,69.91,75.77018945217132,69.2597753173113,81.51509608268738
2026-01-09,MG95,73.03,77.85658651590347,71.32640286684037,84.04843594789506
2026-01-09,MG92,71.94,76.10372919976712,69.36366975069046,82.13124811291695
2026-01-12,MG95,72.9,77.61526208043098,71.51193472504616,83.26473627567292
2026-01-12,MG92,71.81,75.87087432682515,69.56547884881496,81.39193967223167
2026-01-13,MG95,73.45,77.15737098813057,70.7550851714611,83.11794111013413
2026-01-13,MG92,72.36,75.39938367545605,68.78409929037095,81.2400359749794
2026-01-14,MG95,73.42,77.80869938611984,71.50874414324761,83.71487340211868
2026-01-14,MG92,71.84,76.06112623870374,69.55722371578217,81.81770104885102
2026-01-15,MG95,72.55,77.77888117432595,71.45991498708725,83.70471466541291
2026-01-15,MG92,71.4,76.03039032042027,69.50664310514927,81.80733241677285
2026-01-16,MG95,71.76,77.55765645742416,70.95212489962579,83.81088435173035
2026-01-16,MG92,70.44,75.7992882180214,68.97824522018433,81.89994714736939
2026-01-19,MG95,71.95,77.75747966051102,71.05779753684998,84.14902921676637
2026-01-19,MG92,70.6,75.99952953457833,69.08306459844113,82.22272516131402
2026-01-20,MG95,72.36,77.72439985990525,71.19663518309594,83.8990466594696
2026-01-20,MG92,70.99,75.9698711770773,69.23082454264164,81.98750242948532
2026-01-21,MG95,73.22,77.01851440668106,70.56319581866265,83.03001549243928
2026-01-21,MG92,71.85,75.25783936083317,68.58706753253936,81.1532483971119
2026-01-22,MG95,73.64,77.65863316416741,70.90435138106346,84.10835639953613
2026-01-22,MG92,72.27,75.89834981441498,68.92423306405544,82.18167610764503
2026-01-23,MG95,73.5,77.27934210181236,70.14027804732324,84.18449485301971
2026-01-23,MG92,70.76,75.50864278912545,68.12983953118325,82.24125180721283
2026-01-26,MG95,73.88,76.6042547571659,69.64942076563835,83.20690816402436
2026-01-26,MG92,71.64,74.83025121808052,67.64039569973946,81.30235876083374
2026-01-27,MG95,72.35,77.19417155623437,70.4354163312912,83.60246456623078
2026-01-27,MG92,70.21,75.42865818083287,68.44591631948948,81.6931849694252
2026-01-28,MG95,74.54,76.37097778320313,69.20053809642792,83.234411547184
2026-01-28,MG92,72.46,74.59256350815296,67.1766792100668,81.31885052800179
2026-01-29,MG95,75.75,76.45943358659744,68.87017086625099,83.89198382854462
2026-01-29,MG92,73.67,74.67857413232326,66.82140788257122,81.93784213900567
2026-01-30,MG95,75.44,76.57372174143791,69.09263110518455,83.86929945468903
2026-01-30,MG92,73.43,74.79409512281418,67.05171915709973,81.9208139038086
2026-02-02,MG95,72.54,76.3887532055378,69.08962987542152,83.42444525003434
2026-02-02,MG92,70.93,74.60919864177704,67.05824001848698,81.49707815647126
2026-02-03,MG95,72.82,76.12934091687202,68.49747872233391,83.59316738128662
2026-02-03,MG92,71.15,74.3465096718073,66.4437251406908,81.64481035232544
2026-02-04,MG95,74.68,76.25232506394387,69.10936035752296,83.06908828496933
2026-02-04,MG92,72.95,74.47347685515881,67.08614098072053,81.15981550574303
2026-02-05,MG95,75.06,76.7282093334198,69.38764631032944,83.84872635602952
2026-02-05,MG92,73.33,74.95064204335213,67.35709433317184,81.90718946576119
2026-02-06,MG95,75.24,75.69490107417107,67.98717972040177,83.22906235218048
2026-02-06,MG92,73.51,73.9100975549221,65.92697231173516,81.28603348374367
2026-02-09,MG95,76.56,75.35028510332107,67.31789128184319,83.31399620771408
2026-02-09,MG92,74.83,73.56541684627533,65.23682006657124,81.35093686580659
2026-02-10,MG95,78.41,75.366020257473,67.67715363264084,82.84908962249756
2026-02-10,MG92,76.68,73.58019746541977,65.61780486166478,80.91660125017167
2026-02-11,MG95,77.63,75.44151491403579,67.51989203333855,83.25523080348968
2026-02-11,MG92,75.55,73.65631580412388,65.4458853572607,81.29975966572762
2026-02-12,MG95,77.16,75.88863660931587,68.1672251033783,83.45668243408203
2026-02-12,MG92,74.83,74.10457646489144,66.10671684980393,81.50721555233002
2026-02-13,MG95,73.85,74.91172212004662,66.48638022065163,83.41187227487565
2026-02-13,MG92,71.58,73.13020253300667,64.38088995099068,81.42403525948525
2026-02-16,MG95,73.8,75.30322165489197,67.05577125906945,83.57094691991806
2026-02-16,MG92,71.79,73.52000667750836,64.96078414201737,81.59022935509682
2026-02-17,MG95,73.8,75.48712981939316,67.41292706847192,83.51983133792878
2026-02-17,MG92,71.79,73.70285440564156,65.32909256756307,81.54986476063729
2026-02-18,MG95,73.8,75.1221206343174,66.82573693871498,83.4484077501297
2026-02-18,MG92,71.79,73.33915220558643,64.72794314324857,81.46739667534828
2026-02-19,MG95,78.09,75.11871703147888,66.72914373159409,83.57985593318939
2026-02-19,MG92,76.08,73.33687684118748,64.62523726403714,81.59086756706238
2026-02-20,MG95,79.95,74.88264711499214,66.33203464269639,83.5645089507103
2026-02-20,MG92,77.63,73.10299990415574,64.21842800796033,81.56643977284432
2026-02-23,MG95,79.75,74.62042294859886,65.91144590139389,83.52108106136322
2026-02-23,MG92,77.43,72.84366385936737,63.788851233720784,81.51435612678529
2026-02-24,MG95,81.35,75.07348083019257,66.70608538746833,83.49950439691544
2026-02-24,MG92,78.89,73.2913140565157,64.60378316760064,81.51336643576623
2026-02-25,MG95,81.46,74.86753682255745,66.06282338619232,83.92471332788467
2026-02-25,MG92,79.0,73.0925804001093,63.932379555106166,81.90561705946922
2026-02-26,MG95,81.74,74.1422049152851,65.53219270944595,82.86860234975815
2026-02-26,MG92,79.28,72.36404294252397,63.41988147258759,80.87926122546196
2026-02-27,MG95,82.09,74.97482368588447,66.55101080417633,83.47670641183853
2026-02-27,MG92,79.63,73.19331614673138,64.44535398423672,81.4877177143097
2026-03-02,MG95,92.78,74.60553041100502,66.04833795547485,83.28050930023194
2026-03-02,MG92,90.32,72.8260159111023,63.93586197257042,81.28718041539193
2026-03-03,MG95,98.65,73.00096599578858,63.93042597055435,82.36671531200409
2026-03-03,MG92,95.56,71.2369929844141,61.80231012225151,80.35400352835656
2026-03-04,MG95,104.35,73.60068649649621,64.48114689826966,83.0690220117569
2026-03-04,MG92,99.68,71.83586704432965,62.34144661724568,81.04328170061112
2026-01-08,MG95,71.16,71.26091133117676,69.67822663784027,73.48055370807647
2026-01-08,MG92,69.91,70.51182826042175,68.06907935142517,71.9113191318512
2026-01-09,MG95,73.03,71.51573142528534,69.36028207182883,74.13179800987244
2026-01-09,MG92,71.94,70.76246824264527,67.8352269244194,72.63935754776001
2026-01-12,MG95,72.9,71.23338981866836,68.94743834972381,73.90563529014587
2026-01-12,MG92,71.81,70.51424958229065,67.45511670589447,72.43610747814179
2026-01-13,MG95,73.45,71.29843684196472,68.65205536603928,74.22765633821487
2026-01-13,MG92,72.36,70.58503178596497,67.21030613899231,72.80368403911591
2026-01-14,MG95,73.42,71.17392113924026,68.13016469717026,74.37318969249725
2026-01-14,MG92,71.84,70.48173587322235,66.74608815431596,72.99624546527863
2026-01-15,MG95,72.55,70.98673951625824,67.90557535648345,74.18663910388946
2026-01-15,MG92,71.4,70.30905913829804,66.53184262990952,72.81268936634063
2026-01-16,MG95,71.76,70.91898325204849,67.39098785877228,74.44509395599366
2026-01-16,MG92,70.44,70.25409844875335,66.07168367624283,73.11701303958893
2026-01-19,MG95,71.95,71.02528309583664,67.43978364348412,74.61251158237457
2026-01-19,MG92,70.6,70.35476573467255,66.12416085243225,73.29157210350037
2026-01-20,MG95,72.36,70.86618670940399,67.00200144290923,74.64725212812424
2026-01-20,MG92,70.99,70.20943666934967,65.71950572729111,73.35052134037018
2026-01-21,MG95,73.22,70.77278520822524,66.84014112591743,74.5927223443985
2026-01-21,MG92,71.85,70.1220037317276,65.56658930063247,73.30056913852692
2026-01-22,MG95,73.64,71.00949040889739,66.91507435441017,74.99983206748962
2026-01-22,MG92,72.27,70.34799930095673,65.65205284118653,73.72641497612
2026-01-23,MG95,73.5,70.40660016775131,66.05773843288422,74.4985215330124
2026-01-23,MG92,70.76,69.77718096256257,64.83035819292068,73.23419838428498
2026-01-26,MG95,73.88,70.13546993851662,65.58174499750137,74.34358155965805
2026-01-26,MG92,71.64,69.51813269138336,64.37714810132981,73.08894394874574
2026-01-27,MG95,72.35,70.03574547290802,65.28480546236038,74.39055575847625
2026-01-27,MG92,70.21,69.42223341941833,64.09706252336503,73.14780197143556
2026-01-28,MG95,74.54,69.7734581387043,64.58569089293479,74.45192595481872
2026-01-28,MG92,72.46,69.16749709129334,63.4321609044075,73.23142049789429
2026-01-29,MG95,75.75,70.1922714459896,64.86698077559471,75.08900143146515
2026-01-29,MG92,73.67,69.57196564197541,63.71199771642685,73.88705973148346
2026-01-30,MG95,75.44,69.70870980501175,64.2336157810688,74.63195585489272
2026-01-30,MG92,73.43,69.10275990009308,63.09699854612351,73.4264944601059
2026-02-02,MG95,72.54,69.26121388196945,63.691098701953884,74.16048903942108
2026-02-02,MG92,70.93,68.66689294099808,62.5703693318367,72.94931991577148
2026-02-03,MG95,72.82,69.00155585765839,62.82927402257919,74.4014347910881
2026-02-03,MG92,71.15,68.40490923166276,61.73794457912445,73.21224893569946
2026-02-04,MG95,74.68,69.13531831741332,62.98680544376373,74.54811242103577
2026-02-04,MG92,72.95,68.53610424518585,61.891159524917605,73.36108560085297
2026-02-05,MG95,75.06,68.73487652420998,62.56290179252624,74.06074353933334
2026-02-05,MG92,73.33,68.14393302440644,61.479261164665225,72.86547749996186
2026-02-06,MG95,75.24,69.06127695083617,62.971538618803024,74.39751396417617
2026-02-06,MG92,73.51,68.46465866565704,61.876109185218816,73.20629513740539
2026-02-09,MG95,76.56,69.17633555173873,62.87109056711197,74.75276107549668
2026-02-09,MG92,74.83,68.57368863344193,61.77873804807663,73.57290151119233
2026-02-10,MG95,78.41,68.98339468836784,62.514997869729996,74.66895971059799
2026-02-10,MG92,76.68,68.38189423561096,61.43153956413269,73.49053510665894
2026-02-11,MG95,77.63,68.23585033416748,60.948547587394714,74.5464044213295
2026-02-11,MG92,75.55,67.62795099258423,59.89482939720154,73.3739219236374
2026-02-12,MG95,77.16,67.74209117770195,60.560903171300886,73.78793475866317
2026-02-12,MG92,74.83,67.14388148546219,59.52406033992767,72.60414887428284
2026-02-13,MG95,73.85,68.0168351304531,60.94264951944351,74.0369072675705
2026-02-13,MG92,71.58,67.41785985946656,59.89597786664963,72.85572587490083
2026-02-16,MG95,73.8,68.75189341783523,61.73021407365799,74.93491125106812
2026-02-16,MG92,71.79,68.14296283721924,60.6605973148346,73.7674198961258
2026-02-17,MG95,73.8,67.886652739048,60.36205582618713,74.3433964562416
2026-02-17,MG92,71.79,67.27637422800065,59.3186335682869,73.16839979171753
2026-02-18,MG95,73.8,68.07362401723861,60.382059615850444,74.76931100368499
2026-02-18,MG92,71.79,67.45595007181169,59.33072773933411,73.59971848011017
2026-02-19,MG95,78.09,67.25139043450355,59.844414122104645,73.37660131216049
2026-02-19,MG92,76.08,66.65227437019348,58.82551727294922,72.18917410850526
2026-02-20,MG95,79.95,67.81808875083924,60.28627701163292,74.26110116004944
2026-02-20,MG92,77.63,67.20842381000519,59.2451605463028,73.08501344680786
2026-02-23,MG95,79.75,67.2327959549427,58.75573258519172,74.54256773233413
2026-02-23,MG92,77.43,66.59541891336441,57.71607505559921,73.36249527454376
2026-02-24,MG95,81.35,66.8326444375515,57.99665292263031,74.42854402780533
2026-02-24,MG92,78.89,66.18306033611297,56.95911759853363,73.24125504493713
2026-02-25,MG95,81.46,66.45859670877456,58.05708918809891,73.41629758119583
2026-02-25,MG92,79.0,65.82997024536132,57.05179120540619,72.22774941444398
2026-02-26,MG95,81.74,66.57043282747269,57.54467665553093,74.30310280799866
2026-02-26,MG92,79.28,65.91386656045914,56.50945656776428,73.11103436470032
2026-02-27,MG95,82.09,65.97883810162544,56.936683449745175,73.52167190790176
2026-02-27,MG92,79.63,65.3245151591301,55.92699183702469,72.32519103527069
2026-03-02,MG95,92.78,65.98362134218216,56.62341274499893,73.91685928821563
2026-03-02,MG92,90.32,65.3137767624855,55.59673016786576,72.71527262210846
2026-03-03,MG95,98.65,65.50971032023429,55.99886540412903,73.45729798793792
2026-03-03,MG92,95.56,64.83390310764312,54.98598489522934,72.25092610836029
2026-03-04,MG95,104.35,66.07297580957413,56.56077206611633,74.22657937288284
2026-03-04,MG92,99.68,65.39506932735443,55.521250433921814,73.02219175338746
2026-03-05,MG95,110.97,65.14084548711777,55.36933289170265,73.28011194944382
2026-03-05,MG92,106.3,64.4521220111847,54.35834841489792,72.06715441226959
2026-03-06,MG95,121.36,64.79961154580116,54.65319301486015,73.29472670555114
2026-03-06,MG92,113.16,64.09022560596466,53.63297594070435,72.07125075817109
2026-03-09,MG95,147.5,64.65674957036971,54.66261646151543,72.89826884269714
2026-03-09,MG92,139.3,63.956468303203586,53.66166694641113,71.67989217281342
2026-03-10,MG95,127.42,63.95055900216102,53.24380718827248,72.86865229606629
2026-03-10,MG92,119.22,63.20727648973465,52.22357589244843,71.62873760223388
2026-03-11,MG95,129.17,64.13872924566269,53.67562401056289,72.79965920448304
2026-03-11,MG92,116.76,63.41088312387467,52.666184408664705,71.56809675693512
2026-03-12,MG95,143.44,63.83421729803085,53.17755278587341,72.63810599088669
2026-03-12,MG92,130.12,63.09420407533646,52.16870227098465,71.40124114513398
2026-03-13,MG95,149.76,63.79775192499161,52.88556056022644,72.93916828393937
2026-03-13,MG92,136.44,63.04091840982437,51.854913053512576,71.69153441905975
2026-03-16,MG95,153.48,64.3167650771141,53.70102104067802,73.25277554035186
2026-03-16,MG92,140.16,63.5791525554657,52.66826160430908,72.0140511751175
2026-03-17,MG95,152.16,64.61288006067277,54.15833585858345,73.44498861074447
2026-03-17,MG92,138.84,63.88513466835022,53.12332085609436,72.21115672588348
2026-03-18,MG95,153.12,63.9923755466938,53.15888258218765,73.10070466995239
2026-03-18,MG92,139.8,63.24076038599014,52.12450485467911,71.85493218421936
2026-03-19,MG95,165.25,62.8585413968563,51.23800132632255,72.6392418527603
2026-03-19,MG92,151.93,62.05087140798569,50.1895245552063,71.36631440639496
2026-03-20,MG95,163.93,62.83228195309639,51.29990579843521,72.47411277770996
2026-03-20,MG92,150.61,62.03116085290909,50.26298928499222,71.2066315460205
2026-03-23,MG95,170.52,63.81838254213333,52.68309107780456,73.27890036344527
2026-03-23,MG92,157.2,63.04629590034485,51.629402577877045,72.02027861595154
2026-03-24,MG95,146.36,62.70360983729363,51.16475085616111,72.30359887599946
2026-03-24,MG92,141.81,61.90187304496765,50.13521894931793,71.03776093006134
2026-03-25,MG95,135.6,62.68699259877205,50.98162888765335,72.52422532081604
2026-03-25,MG92,131.05,61.872734260559085,49.93410826683045,71.24903784751892
2026-03-26,MG95,132.03,62.84894126057625,51.290915662050246,72.53471731901169
2026-03-26,MG92,127.48,62.045937550067904,50.25007418632507,71.26553102970124
2026-03-27,MG95,135.07,61.90618011236191,49.80207419395447,72.02890540599823
2026-03-27,MG92,130.52,61.059597160816196,48.75652076482773,70.7432718038559
2026-03-30,MG95,147.0,62.041797813177105,50.12814648270607,71.93096045732499
2026-03-30,MG92,139.66,61.21056492090226,49.097400593757634,70.65476917266847
2026-03-31,MG95,145.8,62.754988656044006,50.889371662139894,72.85529119491576
2026-03-31,MG92,138.46,61.92848685503006,49.81897938728333,71.56919961929322
2026-04-01,MG95,143.29,62.016131541728974,49.761755304336546,72.41150575399399
2026-04-01,MG92,136.05,61.15750729084015,48.68990539073944,71.1134935760498
2026-02-05,MG95,75.06,75.81909904479981,74.32171688556672,77.50163643360139
2026-02-05,MG92,73.33,74.06564189791679,72.39430530071259,75.5981330871582
2026-02-06,MG95,75.24,75.9496816444397,73.88994322299958,78.0975375032425
2026-02-06,MG92,73.51,74.25950890779495,72.02254206836224,76.1631763279438
2026-02-09,MG95,76.56,76.19305954933168,73.83240604400635,78.61995692729951
2026-02-09,MG92,74.83,74.52069411277772,71.9817519903183,76.69755635261536
2026-02-10,MG95,78.41,76.5136403656006,73.45565013885499,79.59102034568788
2026-02-10,MG92,76.68,74.89770557284355,71.64950482547283,77.6754572749138
2026-02-11,MG95,77.63,76.48703064441682,73.07502162456512,79.89702768802644
2026-02-11,MG92,75.55,74.90442782640457,71.29404284060001,77.98262860774994
2026-02-12,MG95,77.16,76.57314500808717,73.14762636899948,80.0031905937195
2026-02-12,MG92,74.83,74.98925170898438,71.36408733129501,78.091706520319
2026-02-13,MG95,73.85,76.89917418479921,73.22399244070054,80.59925190925598
2026-02-13,MG92,71.58,75.3283211350441,71.44130628407002,78.6994486808777
2026-02-16,MG95,73.8,76.77577594280244,72.83921533823013,80.73053781032563
2026-02-16,MG92,71.79,75.23078323602677,71.07496520578862,78.83450249433518
2026-02-17,MG95,73.8,76.76658851146699,72.60490022897721,80.95488206386567
2026-02-17,MG92,71.79,75.24015786647797,70.85017409026624,79.06627675294877
2026-02-18,MG95,73.8,76.89064554214478,72.72268541336061,81.09455416679383
2026-02-18,MG92,71.79,75.36261071562767,70.96361320614815,79.2068005502224
2026-02-19,MG95,78.09,77.40828429698945,72.77874031782152,82.14760116577149
2026-02-19,MG92,76.08,75.91005260944367,71.01336483955383,80.27457791566849
2026-02-20,MG95,79.95,77.24239418506623,72.65207484006882,81.92743220806122
2026-02-20,MG92,77.63,75.74339637756349,70.89246428310871,80.0544741153717
2026-02-23,MG95,79.75,77.38216421604157,72.61586371898652,82.27362565994264
2026-02-23,MG92,77.43,75.8956602036953,70.8545222491026,80.40624886155129
2026-02-24,MG95,81.35,76.97534440040589,71.96554136276245,82.12056412220002
2026-02-24,MG92,78.89,75.5118395268917,70.22274346649647,80.26998625993728
2026-02-25,MG95,81.46,77.2929250574112,72.07934710741044,82.70042279720307
2026-02-25,MG92,79.0,75.84256918430329,70.3261992096901,80.85534409880638
2026-02-26,MG95,81.74,77.57974740505219,72.46970610857011,82.88154517173768
2026-02-26,MG92,79.28,76.11882510781288,70.70500211119652,81.02583540678025
2026-02-27,MG95,82.09,77.12931399822236,71.91043903112413,82.53256522178651
2026-02-27,MG92,79.63,75.6804089486599,70.16331717967988,80.6907315015793
2026-03-02,MG95,92.78,77.34077626228333,71.903428273201,83.02332717895509
2026-03-02,MG92,90.32,75.9070436835289,70.14834646880627,81.18896093368531
2026-03-03,MG95,98.65,77.6151528453827,72.27514533519745,83.19515529155731
2026-03-03,MG92,95.56,76.17218571305276,70.50981760919095,81.34957322478294
2026-03-04,MG95,104.35,77.1923618555069,71.79718524456025,82.81360981464387
2026-03-04,MG92,99.68,75.75622344613076,70.04773876965046,80.98011016845703
2026-03-05,MG95,110.97,77.46013274669647,71.86796496629715,83.34271505355835
2026-03-05,MG92,106.3,76.03746235966683,70.10740855336189,81.51380318403244
2026-03-06,MG95,121.36,77.37948454856873,71.66751960754395,83.40864733695985
2026-03-06,MG92,113.16,75.96603080630302,69.9087542206049,81.58819148540498
2026-03-09,MG95,147.5,77.37043065547944,71.98783779859544,82.9876012468338
2026-03-09,MG92,139.3,75.93241953849792,70.2318224221468,81.14969705939293
2026-03-10,MG95,127.42,77.05465721607209,71.25545619010926,83.17448357105256
2026-03-10,MG92,119.22,75.6481369137764,69.50752351582051,81.36670497059822
2026-03-11,MG95,129.17,77.3502930879593,71.73636747598648,83.25344918727876
2026-03-11,MG92,116.76,75.9296888947487,69.97973791360856,81.42837055921555
2026-03-12,MG95,143.44,77.27860975742341,71.45940025091171,83.43890710353853
2026-03-12,MG92,130.12,75.873241096735,69.70295586287976,81.62689009904862
2026-03-13,MG95,149.76,77.01945653438568,71.2377712750435,83.11440026283265
2026-03-13,MG92,136.44,75.61172543168068,69.49135271310807,81.30639600753784
2026-03-16,MG95,153.48,77.16086463451386,71.39849345684053,83.24044256210328
2026-03-16,MG92,140.16,75.75157961249352,69.64717768132687,81.42809227705003
2026-03-17,MG95,152.16,76.78534618377687,71.04663353204728,82.80899829387666
2026-03-17,MG92,138.84,75.3746899008751,69.30912137627602,81.00340760350228
2026-03-18,MG95,153.12,76.69826144218446,70.64580513238907,83.12404172420503
2026-03-18,MG92,139.8,75.30911096930504,68.9065601348877,81.33905937671662
2026-03-19,MG95,165.25,76.97538001060487,70.84489285230637,83.52458524227143
2026-03-19,MG92,151.93,75.59212393164636,69.09399621784688,81.73769857883454
2026-03-20,MG95,163.93,77.0735217189789,71.1610802602768,83.34136186599733
2026-03-20,MG92,150.61,75.67502592802047,69.41073350012303,81.53962255120278
2026-03-23,MG95,170.52,76.88513486385347,70.71862353801728,83.47634232521058
2026-03-23,MG92,157.2,75.50420415997506,68.97029544711113,81.69370390772819
2026-03-24,MG95,146.36,76.6202216911316,70.56316276311875,83.04640258789063
2026-03-24,MG92,141.81,75.23120935559272,68.82664532363415,81.26335793137551
2026-03-25,MG95,135.6,76.59485832691193,70.6359277534485,82.88977112770081
2026-03-25,MG92,131.05,75.19910255074501,68.90201196074486,81.10132814049722
2026-03-26,MG95,132.03,76.79356323719026,70.52826476812363,83.51167654514313
2026-03-26,MG92,127.48,75.41921504735947,68.78110270798207,81.73687242865563
2026-03-27,MG95,135.07,76.51322194576264,70.3481884431839,83.07550502300263
2026-03-27,MG92,130.52,75.13116691708565,68.61339856982231,81.30118691325188
2026-03-30,MG95,147.0,76.3038072681427,70.11069512367249,82.88787488460541
2026-03-30,MG92,139.66,74.92283793091774,68.38280701041222,81.11949474811554
2026-03-31,MG95,145.8,76.01097569942475,69.92592715501786,82.42713232517244
2026-03-31,MG92,138.46,74.6215627014637,68.21018510460854,80.65717241168022
2026-04-01,MG95,143.29,76.36325849533081,70.2219680929184,82.88232859611512
2026-04-01,MG92,136.05,74.97908571362495,68.4929893553257,81.109624427557
2026-04-02,MG95,151.74,76.00366670608521,69.58547139644624,82.87063954830171
2026-04-02,MG92,144.5,74.63592901825905,67.86351074874402,81.12163404226304
2026-04-06,MG95,150.88,75.88690086364747,69.5021034693718,82.69825057506561
2026-04-06,MG92,141.87,74.51625899076463,67.7850221335888,80.94935129284859
2026-04-07,MG95,147.22,76.19900645256043,69.72735133171082,83.155645775795
2026-04-07,MG92,138.21,74.83593562841416,67.99710792899133,81.40592536330223
2026-04-08,MG95,125.82,75.83996662139893,69.04450350999832,83.22432004451753
2026-04-08,MG92,119.46,74.49568350315094,67.31940389275552,81.49981950521469
2026-04-09,MG95,135.04,75.89020370960236,68.96888970375062,83.46038895606995
2026-04-09,MG92,130.98,74.55455757379532,67.23859336078168,81.74125537276268
2026-04-10,MG95,133.88,75.87642256259919,68.90069617271423,83.52465646266938
2026-04-10,MG92,128.17,74.5442350447178,67.16947067975998,81.80845181941986
2026-04-13,MG95,135.93,75.18854034900666,68.24010917663576,82.73722593784333
2026-04-13,MG92,128.49,73.84840788245201,66.53536563217641,81.03262723088265
2026-04-14,MG95,128.99,75.35691427230836,68.44536191225052,82.86711413860321
2026-04-14,MG92,123.87,74.0160207092762,66.73528962731362,81.15773245692253
2026-04-15,MG95,125.23,75.232251868248,68.13471634149552,83.00353681087495
2026-04-15,MG92,119.01,73.90213373303413,66.42477021217347,81.30563073158264
2026-04-16,MG95,122.29,75.72037867069245,68.8139007639885,83.25478456974031
2026-04-16,MG92,120.88,74.3823617875576,67.09040375947953,81.53838767409324
2026-04-17,MG95,128.19,74.92969871520997,68.00377318859101,82.42180860042573
2026-04-17,MG92,122.19,73.58554428815842,66.30900483131408,80.72002939581871
2026-04-20,MG95,124.43,75.01111253261567,68.18252748489381,82.37000466346741
2026-04-20,MG92,118.67,73.66161097884178,66.48695757985115,80.66156405210495
2026-04-21,MG95,123.98,74.00330829143525,66.91402542829515,81.64400173187256
2026-04-21,MG92,118.22,72.65880380272866,65.24912372231483,79.96255403757095
2026-04-22,MG95,128.89,74.38082981586457,66.97575125694276,82.53252070903778
2026-04-22,MG92,124.24,73.06094762086869,65.29092692136764,80.86187503337861
2026-04-23,MG95,130.57,74.80768927097321,67.63920042276384,82.64495991230012
2026-04-23,MG92,125.92,73.47765777111054,65.94348120689392,80.95746495723725
2026-04-24,MG95,131.72,74.54773926973344,67.1776121211052,82.66266708374025
2026-04-24,MG92,124.69,73.22763863801957,65.48722890019417,80.98811078071594
2026-04-27,MG95,133.04,73.98636673927308,66.22197682142259,82.65252707958223
2026-04-27,MG92,128.03,72.6846362143755,64.5454698741436,81.00002473592758
2026-04-28,MG95,131.54,73.63504541873932,66.1955585050583,81.76356297492981
2026-04-28,MG92,126.52,72.3076769322157,64.5377084106207,80.10364309549333
2026-04-29,MG95,134.06,73.71207473039628,65.85591732978821,82.49444450378418
2026-04-29,MG92,129.82,72.412576264143,64.18849907815456,80.84822181463242
2026-04-30,MG95,137.61,73.68778857469559,66.43905214309693,81.53323620796205
2026-04-30,MG92,134.27,72.34914097487926,64.78253584206105,79.86347689032554
