date,product,true,pred
2024-01-10,MG95,91.68,92.92156687736511
2024-01-10,MG92,87.36,80.91348085403442
2024-01-11,MG95,91.48,97.49536067962646
2024-01-11,MG92,87.16,88.64707775115966
2024-01-12,MG95,95.45,102.67620535850524
2024-01-12,MG92,90.36,82.69657097458838
2024-01-15,MG95,94.05,84.27315222978591
2024-01-15,MG92,88.96,93.01646544933318
2024-01-16,MG95,94.9,90.26016647815703
2024-01-16,MG92,89.81,83.83644586801529
2024-01-17,MG95,93.09,91.33625178813934
2024-01-17,MG92,88.0,86.7693019747734
2024-01-18,MG95,95.56,91.20194077014922
2024-01-18,MG92,90.17,89.8181527018547
2024-01-19,MG95,97.74,95.0902521944046
2024-01-19,MG92,92.24,90.95945292711258
2024-01-22,MG95,97.16,91.23778117656707
2024-01-22,MG92,91.91,89.9497295975685
2024-01-23,MG95,101.07,91.64681540489197
2024-01-23,MG92,95.39,88.1381277680397
2024-01-24,MG95,100.72,94.49355095386504
2024-01-24,MG92,95.05,80.97059557437896
2024-01-25,MG95,101.96,99.77969146728515
2024-01-25,MG92,96.49,98.05948221683502
2024-01-26,MG95,102.8,100.1119445991516
2024-01-26,MG92,97.55,84.21343852877617
2024-01-29,MG95,105.17,97.04502373695372
2024-01-29,MG92,100.3,90.16632931232452
2024-01-30,MG95,101.74,94.96290482044219
2024-01-30,MG92,97.1,85.088744443655
2024-01-31,MG95,101.3,87.47748793601988
2024-01-31,MG92,96.66,91.9064109325409
2024-02-01,MG95,100.01,102.81486066818236
2024-02-01,MG92,95.37,88.85530807971953
2024-02-02,MG95,98.45,92.02069068431854
2024-02-02,MG92,93.62,95.05421316623688
2024-02-05,MG95,97.0,85.85401654958724
2024-02-05,MG92,92.17,83.82925326824187
2024-02-06,MG95,98.21,99.28098168849944
2024-02-06,MG92,93.38,85.61978453397751
2024-02-07,MG95,98.09,97.59982598781585
2024-02-07,MG92,93.26,88.5176515340805
2024-02-08,MG95,99.61,101.08088136196136
2024-02-08,MG92,95.45,96.77013008594513
2024-02-09,MG95,101.05,101.09784326553344
2024-02-09,MG92,96.89,87.03388617038726
2024-02-12,MG95,101.05,100.00358220577239
2024-02-12,MG92,96.89,89.40975708961486
2024-02-13,MG95,102.91,97.65631242752075
2024-02-13,MG92,98.69,93.33266593217849
2024-02-14,MG95,103.66,98.93952888011931
2024-02-14,MG92,99.44,82.87188678979874
2024-02-15,MG95,99.92,98.52149728298187
2024-02-15,MG92,95.56,94.71915366649627
2024-02-16,MG95,100.76,102.46981956005095
2024-02-16,MG92,96.4,94.54390379190444
2024-02-19,MG95,100.24,98.07137329578399
2024-02-19,MG92,95.65,93.0971361875534
2024-02-20,MG95,99.02,101.82686439037322
2024-02-20,MG92,94.35,89.3157866358757
2024-02-21,MG95,98.6,100.43064311504364
2024-02-21,MG92,93.93,86.79874192476272
2024-02-22,MG95,100.78,110.90250498771667
2024-02-22,MG92,96.11,89.50778542757034
2024-02-23,MG95,101.23,90.01697132587432
2024-02-23,MG92,96.56,91.85970468521117
2024-02-26,MG95,99.18,94.99055708885192
2024-02-26,MG92,94.51,93.29023060798644
2024-02-27,MG95,101.65,92.80576169013976
2024-02-27,MG92,96.98,96.85665432214736
2024-02-28,MG95,102.04,103.94057525157928
2024-02-28,MG92,97.37,93.35686106681823
2024-02-29,MG95,100.8,90.32666182518005
2024-02-29,MG92,96.13,86.70861631631851
2024-03-01,MG95,99.03,112.32167221546172
2024-03-01,MG92,94.59,95.8374253988266
2024-03-04,MG95,98.26,98.03555418491362
2024-03-04,MG92,93.82,88.57305179834366
2024-03-05,MG95,98.94,92.72382707118987
2024-03-05,MG92,94.5,99.59896233081817
2024-03-06,MG95,97.08,101.30792384147644
2024-03-06,MG92,93.64,94.60717635154724
2024-03-07,MG95,98.14,91.1478926706314
2024-03-07,MG92,94.2,93.04075188636779
2024-03-08,MG95,99.79,92.30150442123413
2024-03-08,MG92,95.41,91.54229698181152
2024-03-11,MG95,98.19,103.07648711681365
2024-03-11,MG92,93.78,96.17184578180313
2024-03-12,MG95,99.19,94.70438752174377
2024-03-12,MG92,94.68,92.06152355670929
2024-03-13,MG95,98.51,99.13798208713531
2024-03-13,MG92,94.13,95.46099576950073
2024-03-14,MG95,99.8,94.48332909107208
2024-03-14,MG92,95.93,88.08582164049147
2024-03-15,MG95,100.94,96.2405418395996
2024-03-15,MG92,97.07,89.31187077760696
2024-03-18,MG95,103.56,106.1360929584503
2024-03-18,MG92,99.21,98.33426184654235
2024-03-19,MG95,103.3,89.79242042541503
2024-03-19,MG92,99.29,86.15371079444884
2024-03-20,MG95,104.4,97.11898317337035
2024-03-20,MG92,100.2,90.8463495492935
2024-03-21,MG95,104.78,90.24326846122742
2024-03-21,MG92,100.55,87.96026055812835
2024-03-22,MG95,105.55,95.04410474300384
2024-03-22,MG92,100.94,89.870479118824
2024-03-25,MG95,105.67,84.7121492934227
2024-03-25,MG92,101.06,88.36213312149047
2024-03-26,MG95,105.19,94.51985095500946
2024-03-26,MG92,100.58,87.60543916225433
2024-03-27,MG95,103.9,90.79536617755889
2024-03-27,MG92,99.29,88.07637691497803
2024-03-28,MG95,104.58,93.21653150558471
2024-03-28,MG92,99.97,88.29836347103118
2024-04-01,MG95,106.58,89.74947795391083
2024-04-01,MG92,103.25,87.9003560423851
2024-04-02,MG95,106.91,92.79229225635528
2024-04-02,MG92,102.56,92.31352831125258
2024-04-03,MG95,107.09,86.85804837465285
2024-04-03,MG92,102.74,83.3124107003212
2024-02-07,MG95,98.09,106.29739600777626
2024-02-07,MG92,93.26,90.32838845849037
2024-02-08,MG95,99.61,105.87861714720725
2024-02-08,MG92,95.45,101.87011806726456
2024-02-09,MG95,101.05,109.89459753990172
2024-02-09,MG92,96.89,102.66409109592438
2024-02-12,MG95,101.05,95.29133261442183
2024-02-12,MG92,96.89,95.32316062927245
2024-02-13,MG95,102.91,105.79687507271765
2024-02-13,MG92,98.69,104.4799934053421
2024-02-14,MG95,103.66,101.81538510560989
2024-02-14,MG92,99.44,95.79087280273437
2024-02-15,MG95,99.92,95.4263908457756
2024-02-15,MG92,95.56,99.22102552652359
2024-02-16,MG95,100.76,106.77802582502365
2024-02-16,MG92,96.4,106.77230179548263
2024-02-19,MG95,100.24,109.86690919756889
2024-02-19,MG92,95.65,106.7304463648796
2024-02-20,MG95,99.02,105.37185609102248
2024-02-20,MG92,94.35,94.30084173679352
2024-02-21,MG95,98.6,109.20742322564125
2024-02-21,MG92,93.93,94.28777304649353
2024-02-22,MG95,100.78,94.13946245074271
2024-02-22,MG92,96.11,98.40791699647903
2024-02-23,MG95,101.23,101.59184125423431
2024-02-23,MG92,96.56,90.23118033409118
2024-02-26,MG95,99.18,110.68303040504455
2024-02-26,MG92,94.51,100.73030341148376
2024-02-27,MG95,101.65,105.35244498252868
2024-02-27,MG92,96.98,99.97558098077774
2024-02-28,MG95,102.04,106.89476174950599
2024-02-28,MG92,97.37,83.3940456521511
2024-02-29,MG95,100.8,97.44104848861694
2024-02-29,MG92,96.13,90.80738267421722
2024-03-01,MG95,99.03,98.51021655917167
2024-03-01,MG92,94.59,95.00632837772369
2024-03-04,MG95,98.26,96.70215024352073
2024-03-04,MG92,93.82,101.24737382411956
2024-03-05,MG95,98.94,99.48273885130881
2024-03-05,MG92,94.5,107.82342969179153
2024-03-06,MG95,97.08,98.00272963523864
2024-03-06,MG92,93.64,100.24944462537765
2024-03-07,MG95,98.14,97.45649073958397
2024-03-07,MG92,94.2,89.03670871973037
2024-03-08,MG95,99.79,96.90055799722671
2024-03-08,MG92,95.41,98.27466978788375
2024-03-11,MG95,98.19,101.52397261977195
2024-03-11,MG92,93.78,96.25100424528121
2024-03-12,MG95,99.19,104.13342034459113
2024-03-12,MG92,94.68,101.4481685733795
2024-03-13,MG95,98.51,106.78638501167296
2024-03-13,MG92,94.13,97.66611854314803
2024-03-14,MG95,99.8,101.79492031812667
2024-03-14,MG92,95.93,93.16365417718887
2024-03-15,MG95,100.94,94.83866626679897
2024-03-15,MG92,97.07,87.79359686493873
2024-03-18,MG95,103.56,100.79392527818679
2024-03-18,MG92,99.21,85.21740067720413
2024-03-19,MG95,103.3,92.47335011005401
2024-03-19,MG92,99.29,87.57625474929809
2024-03-20,MG95,104.4,98.0627951914072
2024-03-20,MG92,100.2,88.79503813505173
2024-03-21,MG95,104.78,85.99284968376159
2024-03-21,MG92,100.55,93.62188208818435
2024-03-22,MG95,105.55,93.69520211994647
2024-03-22,MG92,100.94,93.84589769601821
2024-03-25,MG95,105.67,93.91475369870662
2024-03-25,MG92,101.06,100.19228302001953
2024-03-26,MG95,105.19,91.28943054378033
2024-03-26,MG92,100.58,84.72054554700851
2024-03-27,MG95,103.9,88.88698391020297
2024-03-27,MG92,99.29,81.20573019623755
2024-03-28,MG95,104.58,90.48346563100814
2024-03-28,MG92,99.97,79.16991433382034
2024-04-01,MG95,106.58,84.77078693807124
2024-04-01,MG92,103.25,86.74627046585083
2024-04-02,MG95,106.91,87.22811853945255
2024-04-02,MG92,102.56,78.45817720770836
2024-04-03,MG95,107.09,85.67901725053787
2024-04-03,MG92,102.74,79.82940452814101
2024-04-04,MG95,106.36,84.24703238129615
2024-04-04,MG92,102.01,81.8137693798542
2024-04-05,MG95,107.02,85.33914723873139
2024-04-05,MG92,102.67,76.2082864022255
2024-04-08,MG95,106.27,86.40656503140926
2024-04-08,MG92,101.92,76.02926538228988
2024-04-09,MG95,106.43,82.25594787895679
2024-04-09,MG92,101.97,77.59072340846062
2024-04-10,MG95,106.43,78.15335507333278
2024-04-10,MG92,101.97,73.35916163802146
2024-04-11,MG95,107.79,82.10359760463237
2024-04-11,MG92,103.38,79.01803811907767
2024-04-12,MG95,108.62,81.71491884052753
2024-04-12,MG92,104.21,77.30051276922225
2024-04-15,MG95,107.89,81.40192349672317
2024-04-15,MG92,103.48,78.31097633361816
2024-04-16,MG95,108.46,74.18494828701019
2024-04-16,MG92,104.05,72.56374148011207
2024-04-17,MG95,108.41,82.15197317779064
2024-04-17,MG92,104.0,78.95212138175964
2024-04-18,MG95,105.32,78.61700895130633
2024-04-18,MG92,100.91,72.1431611931324
2024-04-19,MG95,105.41,80.3884072381258
2024-04-19,MG92,101.0,78.35134010791778
2024-04-22,MG95,104.36,73.57992581129074
2024-04-22,MG92,99.95,80.726524477005
2024-04-23,MG95,104.94,76.93941736340523
2024-04-23,MG92,100.53,79.1991073834896
2024-04-24,MG95,105.05,76.1238815331459
2024-04-24,MG92,100.64,73.05196949362754
2024-04-25,MG95,105.56,77.31709688961506
2024-04-25,MG92,101.15,73.99474637031555
2024-04-26,MG95,106.1,75.5557553833723
2024-04-26,MG92,101.69,76.70086693525315
2024-04-29,MG95,106.05,82.96130400955677
2024-04-29,MG92,101.64,69.24428857803345
2024-04-30,MG95,105.3,72.80855083823204
2024-04-30,MG92,100.89,76.33525529623032
2024-05-01,MG95,105.3,74.37678810834885
2024-05-01,MG92,100.89,76.81970964193344
2024-03-06,MG95,97.08,98.37219774484635
2024-03-06,MG92,93.64,89.77684637904167
2024-03-07,MG95,98.14,101.02036113023757
2024-03-07,MG92,94.2,94.23351421952248
2024-03-08,MG95,99.79,97.54336992502212
2024-03-08,MG92,95.41,91.19450837373734
2024-03-11,MG95,98.19,95.50413055300713
2024-03-11,MG92,93.78,91.57402431964874
2024-03-12,MG95,99.19,98.34813682794571
2024-03-12,MG92,94.68,93.81147184967995
2024-03-13,MG95,98.51,97.59602087259293
2024-03-13,MG92,94.13,94.42195415496826
2024-03-14,MG95,99.8,100.87654997348785
2024-03-14,MG92,95.93,93.95232725143433
2024-03-15,MG95,100.94,100.16144536972045
2024-03-15,MG92,97.07,96.83442467451096
2024-03-18,MG95,103.56,97.71678544521332
2024-03-18,MG92,99.21,93.13170245289803
2024-03-19,MG95,103.3,100.47555828094482
2024-03-19,MG92,99.29,92.56971153616905
2024-03-20,MG95,104.4,101.73311861515045
2024-03-20,MG92,100.2,96.36843645572662
2024-03-21,MG95,104.78,99.74019061088562
2024-03-21,MG92,100.55,96.3288277387619
2024-03-22,MG95,105.55,101.10468049049378
2024-03-22,MG92,100.94,94.42820075154305
2024-03-25,MG95,105.67,99.05415961503982
2024-03-25,MG92,101.06,92.49595776200294
2024-03-26,MG95,105.19,99.52232136726379
2024-03-26,MG92,100.58,95.3091173171997
2024-03-27,MG95,103.9,101.03030395030976
2024-03-27,MG92,99.29,91.91229808330536
2024-03-28,MG95,104.58,98.63922674417495
2024-03-28,MG92,99.97,93.00035494565964
2024-04-01,MG95,106.58,99.59130779027939
2024-04-01,MG92,103.25,92.97314366698265
2024-04-02,MG95,106.91,98.0294830083847
2024-04-02,MG92,102.56,89.65327754616737
2024-04-03,MG95,107.09,98.07848353743553
2024-04-03,MG92,102.74,89.95701760053635
2024-04-04,MG95,106.36,91.8975996172428
2024-04-04,MG92,102.01,88.06093615293503
2024-04-05,MG95,107.02,94.50424022912979
2024-04-05,MG92,102.67,87.85211732983589
2024-04-08,MG95,106.27,100.56768564462662
2024-04-08,MG92,101.92,93.313980281353
2024-04-09,MG95,106.43,96.95712096691132
2024-04-09,MG92,101.97,93.15115758776665
2024-04-10,MG95,106.43,97.07257208704948
2024-04-10,MG92,101.97,90.50650405883789
2024-04-11,MG95,107.79,93.30903777122498
2024-04-11,MG92,103.38,90.24664789438248
2024-04-12,MG95,108.62,95.14844179272652
2024-04-12,MG92,104.21,89.7823438346386
2024-04-15,MG95,107.89,93.7395276761055
2024-04-15,MG92,103.48,90.48065024614334
2024-04-16,MG95,108.46,96.88616485118865
2024-04-16,MG92,104.05,92.48108759522438
2024-04-17,MG95,108.41,95.9319430911541
2024-04-17,MG92,104.0,90.16323414444923
2024-04-18,MG95,105.32,92.55900355696679
2024-04-18,MG92,100.91,92.79849806427956
2024-04-19,MG95,105.41,91.81321538686753
2024-04-19,MG92,101.0,87.31781083345413
2024-04-22,MG95,104.36,92.94000345826149
2024-04-22,MG92,99.95,89.88213729858398
2024-04-23,MG95,104.94,94.29331208825111
2024-04-23,MG92,100.53,89.15570148825645
2024-04-24,MG95,105.05,92.888366843462
2024-04-24,MG92,100.64,90.46183159947395
2024-04-25,MG95,105.56,90.93673161864281
2024-04-25,MG92,101.15,85.48099601268768
2024-04-26,MG95,106.1,91.67799067497253
2024-04-26,MG92,101.69,90.62645673751831
2024-04-29,MG95,106.05,92.68220960497855
2024-04-29,MG92,101.64,86.32326704263687
2024-04-30,MG95,105.3,90.17559871673583
2024-04-30,MG92,100.89,87.90750306844711
2024-05-01,MG95,105.3,88.54873869180679
2024-05-01,MG92,100.89,81.37966883182526
2024-05-02,MG95,100.51,79.83612145543098
2024-05-02,MG92,96.1,80.78783056139946
2024-05-03,MG95,98.84,84.2032014620304
2024-05-03,MG92,95.37,80.72692483663559
2024-05-06,MG95,98.2,82.50953111171722
2024-05-06,MG92,94.3,80.30509650707245
2024-05-07,MG95,98.51,82.39359051704406
2024-05-07,MG92,93.98,78.18328705430031
2024-05-08,MG95,95.84,85.50297455191613
2024-05-08,MG92,90.88,79.7705759704113
2024-05-09,MG95,96.86,81.8657659471035
2024-05-09,MG92,91.9,78.24753856658936
2024-05-10,MG95,97.03,83.33167730927467
2024-05-10,MG92,92.07,81.79493513703346
2024-05-13,MG95,96.4,82.93883566260338
2024-05-13,MG92,91.44,77.82976573705673
2024-05-14,MG95,95.49,82.57505582928657
2024-05-14,MG92,90.53,78.3932155072689
2024-05-15,MG95,94.93,81.57862721085549
2024-05-15,MG92,89.97,80.11209976673126
2024-05-16,MG95,96.38,79.93823292016982
2024-05-16,MG92,91.42,77.65444985032082
2024-05-17,MG95,97.35,80.90562921166419
2024-05-17,MG92,92.39,80.91404673457146
2024-05-20,MG95,97.43,79.61436590194702
2024-05-20,MG92,93.46,74.89555513858795
2024-05-21,MG95,95.4,79.68623609662056
2024-05-21,MG92,91.42,77.1078867316246
2024-05-22,MG95,95.4,81.41534912109375
2024-05-22,MG92,91.42,77.72708836197853
2024-05-23,MG95,93.75,77.24507326126098
2024-05-23,MG92,90.22,74.50539913773537
2024-05-24,MG95,92.47,81.84442957520484
2024-05-24,MG92,88.81,78.35534727573395
2024-05-27,MG95,92.46,77.96464800596237
2024-05-27,MG92,88.8,76.42505317926407
2024-05-28,MG95,92.45,78.3525536262989
2024-05-28,MG92,88.92,74.9726659655571
2024-05-29,MG95,93.52,76.81217136740685
2024-05-29,MG92,89.23,73.05745044350624
2024-04-04,MG95,106.36,102.66072347462178
2024-04-04,MG92,102.01,100.97074775338173
2024-04-05,MG95,107.02,103.68777720451355
2024-04-05,MG92,102.67,109.08117543697357
2024-04-08,MG95,106.27,109.05094029545785
2024-04-08,MG92,101.92,92.08835621118546
2024-04-09,MG95,106.43,115.90288862943649
2024-04-09,MG92,101.97,96.01272015810012
2024-04-10,MG95,106.43,116.54605866312981
2024-04-10,MG92,101.97,109.20202213525772
2024-04-11,MG95,107.79,109.89498527169228
2024-04-11,MG92,103.38,99.6785748052597
2024-04-12,MG95,108.62,106.33323700547218
2024-04-12,MG92,104.21,105.51299510002136
2024-04-15,MG95,107.89,110.08461326003075
2024-04-15,MG92,103.48,107.72813822746276
2024-04-16,MG95,108.46,116.34690714716912
2024-04-16,MG92,104.05,105.3582104063034
2024-04-17,MG95,108.41,115.91804201722145
2024-04-17,MG92,104.0,109.8300893831253
2024-04-18,MG95,105.32,104.97944074511528
2024-04-18,MG92,100.91,102.20320771098136
2024-04-19,MG95,105.41,100.99365932643414
2024-04-19,MG92,101.0,106.98188200235366
2024-04-22,MG95,104.36,111.17069115877152
2024-04-22,MG92,99.95,106.40934520244598
2024-04-23,MG95,104.94,109.33108009457588
2024-04-23,MG92,100.53,113.84679995059966
2024-04-24,MG95,105.05,117.12449168801308
2024-04-24,MG92,100.64,104.10916724920273
2024-04-25,MG95,105.56,103.64740434110165
2024-04-25,MG92,101.15,105.06235828876495
2024-04-26,MG95,106.1,109.23348308563233
2024-04-26,MG92,101.69,94.44794708967208
2024-04-29,MG95,106.05,100.63331636071206
2024-04-29,MG92,101.64,102.85709894418716
2024-04-30,MG95,105.3,101.22701128542424
2024-04-30,MG92,100.89,99.33760879158973
2024-05-01,MG95,105.3,97.54725297987461
2024-05-01,MG92,100.89,94.71073691248893
2024-05-02,MG95,100.51,98.91293450057506
2024-05-02,MG92,96.1,88.78063866019248
2024-05-03,MG95,98.84,99.13927147507668
2024-05-03,MG92,95.37,89.93213610649109
2024-05-06,MG95,98.2,98.3512442457676
2024-05-06,MG92,94.3,94.75547113418578
2024-05-07,MG95,98.51,93.1855922240019
2024-05-07,MG92,93.98,97.58771994113921
2024-05-08,MG95,95.84,95.56041022121907
2024-05-08,MG92,90.88,95.11635168433189
2024-05-09,MG95,96.86,97.58625986814499
2024-05-09,MG92,91.9,93.189626404047
2024-05-10,MG95,97.03,98.18771659553052
2024-05-10,MG92,92.07,95.3611069715023
2024-05-13,MG95,96.4,90.49032539486885
2024-05-13,MG92,91.44,95.98409148097038
2024-05-14,MG95,95.49,97.40927034139634
2024-05-14,MG92,90.53,85.55189951539039
2024-05-15,MG95,94.93,93.63990661978723
2024-05-15,MG92,89.97,88.83977601528167
2024-05-16,MG95,96.38,90.67261286258697
2024-05-16,MG92,91.42,88.11059901595115
2024-05-17,MG95,97.35,89.03969809293747
2024-05-17,MG92,92.39,94.42298043370246
2024-05-20,MG95,97.43,94.26166148245335
2024-05-20,MG92,93.46,92.93722863793373
2024-05-21,MG95,95.4,86.73159585356713
2024-05-21,MG92,91.42,89.75456482291222
2024-05-22,MG95,95.4,86.54757857620716
2024-05-22,MG92,91.42,85.50981076717376
2024-05-23,MG95,93.75,92.93735496580601
2024-05-23,MG92,90.22,86.76783138751983
2024-05-24,MG95,92.47,89.9661739242077
2024-05-24,MG92,88.81,85.98898439884185
2024-05-27,MG95,92.46,89.74838386893272
2024-05-27,MG92,88.8,89.81003403306006
2024-05-28,MG95,92.45,92.59137388825417
2024-05-28,MG92,88.92,84.5084378170967
2024-05-29,MG95,93.52,80.12986990988254
2024-05-29,MG92,89.23,82.43764446020126
2024-05-30,MG95,90.86,80.92763769090176
2024-05-30,MG92,86.57,78.60306739330291
2024-05-31,MG95,90.78,78.68312350928784
2024-05-31,MG92,85.96,80.37906804680824
2024-06-03,MG95,91.38,84.51509692847729
2024-06-03,MG92,86.43,82.962415766716
2024-06-04,MG95,88.04,85.64298387944699
2024-06-04,MG92,83.24,81.08692816376686
2024-06-05,MG95,89.43,83.1383982437849
2024-06-05,MG92,84.63,79.76853930830956
2024-06-06,MG95,89.87,83.5842423170805
2024-06-06,MG92,85.14,81.75495920777321
2024-06-07,MG95,91.12,84.12442803800106
2024-06-07,MG92,85.88,81.72296245098114
2024-06-10,MG95,91.67,85.06442319333554
2024-06-10,MG92,86.43,84.04435318231582
2024-06-11,MG95,92.62,85.97743076503276
2024-06-11,MG92,87.38,81.61883979916573
2024-06-12,MG95,92.14,89.34843400716782
2024-06-12,MG92,86.9,86.59772499322891
2024-06-13,MG95,91.15,89.10723088264466
2024-06-13,MG92,85.91,84.63412230253219
2024-06-14,MG95,91.78,88.15846540093422
2024-06-14,MG92,86.54,86.2264095199108
2024-06-17,MG95,91.78,87.0309805828333
2024-06-17,MG92,86.54,85.34035961747169
2024-06-18,MG95,93.26,89.05854089021683
2024-06-18,MG92,88.02,87.35148897409438
2024-06-19,MG95,94.52,92.24823327302933
2024-06-19,MG92,89.28,88.54081914067268
2024-06-20,MG95,94.85,87.08507702827454
2024-06-20,MG92,89.61,86.45546955585479
2024-06-21,MG95,95.95,93.29357447385789
2024-06-21,MG92,90.71,86.30181776165962
2024-06-24,MG95,95.52,88.85059989869595
2024-06-24,MG92,90.28,85.72013815641402
2024-06-25,MG95,95.57,88.01588057518006
2024-06-25,MG92,90.33,83.38031484365463
2024-06-26,MG95,95.65,92.1986943334341
2024-06-26,MG92,90.41,85.30074487686157
2024-05-02,MG95,100.51,98.81721995472908
2024-05-02,MG92,96.1,93.45813429057598
2024-05-03,MG95,98.84,95.84254737496376
2024-05-03,MG92,95.37,94.22802025616168
2024-05-06,MG95,98.2,96.3213276386261
2024-05-06,MG92,94.3,94.20920998871327
2024-05-07,MG95,98.51,95.41462453007698
2024-05-07,MG92,93.98,94.61756357610226
2024-05-08,MG95,95.84,99.02959973216056
2024-05-08,MG92,90.88,93.05660604000091
2024-05-09,MG95,96.86,93.71962829232216
2024-05-09,MG92,91.9,92.25157710671425
2024-05-10,MG95,97.03,92.98779737949371
2024-05-10,MG92,92.07,96.31554501056671
2024-05-13,MG95,96.4,95.31524450182914
2024-05-13,MG92,91.44,90.03840000629425
2024-05-14,MG95,95.49,97.0284735918045
2024-05-14,MG92,90.53,88.119085226655
2024-05-15,MG95,94.93,97.50766181945801
2024-05-15,MG92,89.97,88.823014985919
2024-05-16,MG95,96.38,90.44285523891449
2024-05-16,MG92,91.42,86.76299002468586
2024-05-17,MG95,97.35,92.53904954195022
2024-05-17,MG92,92.39,88.18579913556576
2024-05-20,MG95,97.43,95.26670933961869
2024-05-20,MG92,93.46,89.51058799088001
2024-05-21,MG95,95.4,93.00458666682243
2024-05-21,MG92,91.42,88.52241151750088
2024-05-22,MG95,95.4,94.5242023229599
2024-05-22,MG92,91.42,87.88635627508164
2024-05-23,MG95,93.75,88.39909372329711
2024-05-23,MG92,90.22,83.07252138912678
2024-05-24,MG95,92.47,92.02673463821411
2024-05-24,MG92,88.81,85.77920341551304
2024-05-27,MG95,92.46,90.32047231793403
2024-05-27,MG92,88.8,84.56775724589825
2024-05-28,MG95,92.45,92.66735735535622
2024-05-28,MG92,88.92,86.78410948097707
2024-05-29,MG95,93.52,87.93108370900154
2024-05-29,MG92,89.23,80.09899575412274
2024-05-30,MG95,90.86,85.47146880626678
2024-05-30,MG92,86.57,80.20242817103863
2024-05-31,MG95,90.78,86.1437495291233
2024-05-31,MG92,85.96,77.9443060773611
2024-06-03,MG95,91.38,83.16469604372978
2024-06-03,MG92,86.43,81.41796352922917
2024-06-04,MG95,88.04,85.22468824982643
2024-06-04,MG92,83.24,81.81700218558312
2024-06-05,MG95,89.43,85.9541655242443
2024-06-05,MG92,84.63,79.26868000030518
2024-06-06,MG95,89.87,85.949313890934
2024-06-06,MG92,85.14,79.49715739846229
2024-06-07,MG95,91.12,85.80402849912643
2024-06-07,MG92,85.88,83.5693337470293
2024-06-10,MG95,91.67,87.02979083061219
2024-06-10,MG92,86.43,81.76136516690254
2024-06-11,MG95,92.62,87.71097772121429
2024-06-11,MG92,87.38,83.93937524557114
2024-06-12,MG95,92.14,88.01012202501296
2024-06-12,MG92,86.9,81.89327757954598
2024-06-13,MG95,91.15,87.29624780416488
2024-06-13,MG92,85.91,79.15572217941285
2024-06-14,MG95,91.78,87.9928933918476
2024-06-14,MG92,86.54,82.64885739862919
2024-06-17,MG95,91.78,88.5261839210987
2024-06-17,MG92,86.54,81.29433773696422
2024-06-18,MG95,93.26,88.18511974811554
2024-06-18,MG92,88.02,80.81008159339429
2024-06-19,MG95,94.52,90.27047476172447
2024-06-19,MG92,89.28,83.31167878568172
2024-06-20,MG95,94.85,88.29910488724708
2024-06-20,MG92,89.61,82.42581621587277
2024-06-21,MG95,95.95,90.1779673576355
2024-06-21,MG92,90.71,85.265438965559
2024-06-24,MG95,95.52,86.10695117712021
2024-06-24,MG92,90.28,83.60245617449284
2024-06-25,MG95,95.57,83.62823100686073
2024-06-25,MG92,90.33,83.98445854961872
2024-06-26,MG95,95.65,86.01542916297912
2024-06-26,MG92,90.41,81.73269273877143
2024-06-27,MG95,96.51,88.69708945155143
2024-06-27,MG92,91.27,81.922431088686
2024-06-28,MG95,97.45,85.26220210790633
2024-06-28,MG92,92.37,82.55101754844189
2024-07-01,MG95,97.87,88.52653539776801
2024-07-01,MG92,93.14,81.51066783964635
2024-07-02,MG95,99.67,85.45488663911819
2024-07-02,MG92,95.23,80.15866783976556
2024-07-03,MG95,99.3,84.92602722644806
2024-07-03,MG92,94.88,77.60519808769226
2024-07-04,MG95,99.01,82.36974996328354
2024-07-04,MG92,94.59,78.12779638767242
2024-07-05,MG95,99.01,86.49080135822295
2024-07-05,MG92,94.59,80.66828296601773
2024-07-08,MG95,98.17,83.23837434053421
2024-07-08,MG92,93.75,78.6030923974514
2024-07-09,MG95,97.03,81.3637735247612
2024-07-09,MG92,92.61,79.66631149470807
2024-07-10,MG95,95.6,82.74824640154839
2024-07-10,MG92,91.18,76.08206554591656
2024-07-11,MG95,96.48,82.41425569653511
2024-07-11,MG92,92.06,78.08021747589112
2024-07-12,MG95,98.5,85.43546127676963
2024-07-12,MG92,94.08,80.19367851018906
2024-07-15,MG95,97.85,86.41997253298759
2024-07-15,MG92,93.43,79.79794728577137
2024-07-16,MG95,96.55,82.25678787231445
2024-07-16,MG92,92.13,81.96724378466607
2024-07-17,MG95,96.37,85.9384494960308
2024-07-17,MG92,91.95,81.98460479557514
2024-07-18,MG95,97.64,86.88726076483727
2024-07-18,MG92,93.22,82.63854422450066
2024-07-19,MG95,96.84,85.80023757219314
2024-07-19,MG92,92.42,81.26748740315438
2024-07-22,MG95,95.04,88.37023497819901
2024-07-22,MG92,90.62,82.0412881654501
2024-07-23,MG95,94.99,88.31677286624908
2024-07-23,MG92,90.57,85.27258903205394
2024-07-24,MG95,93.51,87.5029976785183
2024-07-24,MG92,89.09,81.79852266132832
2024-05-30,MG95,90.86,94.109842338562
2024-05-30,MG92,86.57,89.71537899613381
2024-05-31,MG95,90.78,89.28106282711029
2024-05-31,MG92,85.96,84.20458663761616
2024-06-03,MG95,91.38,93.75692691802978
2024-06-03,MG92,86.43,89.67215004563332
2024-06-04,MG95,88.04,95.82227812767029
2024-06-04,MG92,83.24,86.63501843571663
2024-06-05,MG95,89.43,86.1543677663803
2024-06-05,MG92,84.63,85.2903523594141
2024-06-06,MG95,89.87,86.53419555187224
2024-06-06,MG92,85.14,94.05678250432015
2024-06-07,MG95,91.12,90.14104332447052
2024-06-07,MG92,85.88,86.63737985968591
2024-06-10,MG95,91.67,87.50479657173156
2024-06-10,MG92,86.43,89.39861843585969
2024-06-11,MG95,92.62,95.35452249526978
2024-06-11,MG92,87.38,89.88685879707337
2024-06-12,MG95,92.14,82.59263778209686
2024-06-12,MG92,86.9,93.42029364824296
2024-06-13,MG95,91.15,83.34800119876861
2024-06-13,MG92,85.91,84.32802954375744
2024-06-14,MG95,91.78,93.24869682788848
2024-06-14,MG92,86.54,82.10074402928353
2024-06-17,MG95,91.78,90.05316007137299
2024-06-17,MG92,86.54,88.0178395920992
2024-06-18,MG95,93.26,97.52291885375976
2024-06-18,MG92,88.02,86.44153590738773
2024-06-19,MG95,94.52,89.45915378570557
2024-06-19,MG92,89.28,87.02224409997464
2024-06-20,MG95,94.85,83.27224188804627
2024-06-20,MG92,89.61,83.8597974640131
2024-06-21,MG95,95.95,89.78535193920135
2024-06-21,MG92,90.71,84.97722434997559
2024-06-24,MG95,95.52,90.63933456897735
2024-06-24,MG92,90.28,87.26257749259473
2024-06-25,MG95,95.57,92.81435310840607
2024-06-25,MG92,90.33,91.15495410561562
2024-06-26,MG95,95.65,97.42576008796692
2024-06-26,MG92,90.41,80.10617578327656
2024-06-27,MG95,96.51,84.66420982837677
2024-06-27,MG92,91.27,87.76481620490551
2024-06-28,MG95,97.45,90.99410620689392
2024-06-28,MG92,92.37,87.34320629298688
2024-07-01,MG95,97.87,88.96275777816773
2024-07-01,MG92,93.14,88.23473957479
2024-07-02,MG95,99.67,85.08082193374634
2024-07-02,MG92,95.23,82.61152960717678
2024-07-03,MG95,99.3,93.7721780014038
2024-07-03,MG92,94.88,88.0988832372427
2024-07-04,MG95,99.01,95.79523198127747
2024-07-04,MG92,94.59,87.74084562420846
2024-07-05,MG95,99.01,91.97005848407746
2024-07-05,MG92,94.59,83.99679196536542
2024-07-08,MG95,98.17,87.48765582561492
2024-07-08,MG92,93.75,87.31742741465568
2024-07-09,MG95,97.03,87.23162045955658
2024-07-09,MG92,92.61,84.46160423517227
2024-07-10,MG95,95.6,83.80232851982116
2024-07-10,MG92,91.18,84.75609614193439
2024-07-11,MG95,96.48,81.7498426246643
2024-07-11,MG92,92.06,83.24205639958382
2024-07-12,MG95,98.5,82.0334592628479
2024-07-12,MG92,94.08,79.87270328462124
2024-07-15,MG95,97.85,91.58082140445708
2024-07-15,MG92,93.43,77.26173424184323
2024-07-16,MG95,96.55,88.08947160243987
2024-07-16,MG92,92.13,82.46181320011615
2024-07-17,MG95,96.37,93.53549634933471
2024-07-17,MG92,91.95,88.96506844103337
2024-07-18,MG95,97.64,90.11957140445709
2024-07-18,MG92,93.22,81.85508147716523
2024-07-19,MG95,96.84,79.67835419178009
2024-07-19,MG92,92.42,80.31844865143299
2024-07-22,MG95,95.04,84.91134315490723
2024-07-22,MG92,90.62,85.09344470262528
2024-07-23,MG95,94.99,85.76957334518433
2024-07-23,MG92,90.57,83.53372417092324
2024-07-24,MG95,93.51,85.69630013942718
2024-07-24,MG92,89.09,85.35495645165445
2024-07-25,MG95,94.15,86.39977308273315
2024-07-25,MG92,89.73,88.607557361722
2024-07-26,MG95,95.36,81.55783282279968
2024-07-26,MG92,90.94,78.88228271484375
2024-07-29,MG95,95.11,80.18408702850341
2024-07-29,MG92,90.69,91.87048684239387
2024-07-30,MG95,93.01,89.27006487846374
2024-07-30,MG92,88.91,82.20710384130479
2024-07-31,MG95,93.39,90.01190522193909
2024-07-31,MG92,89.28,91.52110246539117
2024-08-01,MG95,93.51,89.74576378345489
2024-08-01,MG92,89.4,86.50191177427769
2024-08-02,MG95,92.86,82.64521388530731
2024-08-02,MG92,87.7,78.71140390694141
2024-08-05,MG95,87.55,92.75316482543946
2024-08-05,MG92,82.85,79.00745414078236
2024-08-06,MG95,87.23,86.38223656654358
2024-08-06,MG92,83.27,83.00253142237663
2024-08-07,MG95,87.3,86.41125041484833
2024-08-07,MG92,82.76,83.40443620860577
2024-08-08,MG95,89.62,85.42265021800995
2024-08-08,MG92,85.03,77.86887549102306
2024-08-09,MG95,89.62,83.0782699584961
2024-08-09,MG92,85.03,87.33472324967384
2024-08-12,MG95,91.37,82.08533858776092
2024-08-12,MG92,86.89,73.84233383059502
2024-08-13,MG95,91.98,85.23247433662414
2024-08-13,MG92,87.5,83.42954495310784
2024-08-14,MG95,90.6,84.95578646183013
2024-08-14,MG92,86.12,73.3501896739006
2024-08-15,MG95,88.66,82.50646024227142
2024-08-15,MG92,83.84,79.93610539078713
2024-08-16,MG95,90.15,82.8184050989151
2024-08-16,MG92,85.99,73.89041327357293
2024-08-19,MG95,88.79,79.6310067129135
2024-08-19,MG92,84.63,75.90780861794948
2024-08-20,MG95,87.02,82.59302240371704
2024-08-20,MG92,82.86,75.60032356083393
2024-08-21,MG95,87.66,80.73225645065307
2024-08-21,MG92,83.5,75.06710977375508
2024-06-27,MG95,96.51,94.2516819357872
2024-06-27,MG92,91.27,90.45906014442444
2024-06-28,MG95,97.45,96.71370415687562
2024-06-28,MG92,92.37,90.52792972326279
2024-07-01,MG95,97.87,95.14525135159494
2024-07-01,MG92,93.14,91.01179509758948
2024-07-02,MG95,99.67,92.32215602695942
2024-07-02,MG92,95.23,90.04039453804492
2024-07-03,MG95,99.3,100.98874858617783
2024-07-03,MG92,94.88,88.19289533615112
2024-07-04,MG95,99.01,93.82397909164429
2024-07-04,MG92,94.59,91.13263480305672
2024-07-05,MG95,99.01,94.28160175085068
2024-07-05,MG92,94.59,89.1231681472063
2024-07-08,MG95,98.17,89.9085995733738
2024-07-08,MG92,93.75,83.72087240636348
2024-07-09,MG95,97.03,86.8656323760748
2024-07-09,MG92,92.61,81.92468050181866
2024-07-10,MG95,95.6,90.13388757109642
2024-07-10,MG92,91.18,81.48146865665912
2024-07-11,MG95,96.48,86.8574682801962
2024-07-11,MG92,92.06,83.24616269826889
2024-07-12,MG95,98.5,91.31974530220032
2024-07-12,MG92,94.08,86.38614127397537
2024-07-15,MG95,97.85,91.08437761068345
2024-07-15,MG92,93.43,85.00867425322532
2024-07-16,MG95,96.55,88.96044701933862
2024-07-16,MG92,92.13,89.27284362077712
2024-07-17,MG95,96.37,88.47407898902894
2024-07-17,MG92,91.95,85.94091399669647
2024-07-18,MG95,97.64,94.14100484549999
2024-07-18,MG92,93.22,89.20016412079335
2024-07-19,MG95,96.84,94.05967175066472
2024-07-19,MG92,92.42,88.48228767752647
2024-07-22,MG95,95.04,93.50478118658066
2024-07-22,MG92,90.62,86.53879139602184
2024-07-23,MG95,94.99,96.11643669009209
2024-07-23,MG92,90.57,88.82969105303287
2024-07-24,MG95,93.51,90.58357418179513
2024-07-24,MG92,89.09,87.01087673127651
2024-07-25,MG95,94.15,93.85694333910942
2024-07-25,MG92,89.73,87.7205351692438
2024-07-26,MG95,95.36,93.83369390964509
2024-07-26,MG92,90.94,89.16037280857563
2024-07-29,MG95,95.11,94.72417898476124
2024-07-29,MG92,90.69,85.94256837546826
2024-07-30,MG95,93.01,90.99443572759628
2024-07-30,MG92,88.91,85.66800616562367
2024-07-31,MG95,93.39,89.59414505362511
2024-07-31,MG92,89.28,85.64770634531975
2024-08-01,MG95,93.51,89.26457669436932
2024-08-01,MG92,89.4,85.1950532245636
2024-08-02,MG95,92.86,89.13493746519089
2024-08-02,MG92,87.7,87.15717878103256
2024-08-05,MG95,87.55,89.58452145457268
2024-08-05,MG92,82.85,84.70076580286026
2024-08-06,MG95,87.23,88.86024870574475
2024-08-06,MG92,83.27,85.26427307903766
2024-08-07,MG95,87.3,87.91092170774937
2024-08-07,MG92,82.76,83.26853722810745
2024-08-08,MG95,89.62,88.3028667241335
2024-08-08,MG92,85.03,84.01017313718795
2024-08-09,MG95,89.62,86.35635128617287
2024-08-09,MG92,85.03,83.85583091437816
2024-08-12,MG95,91.37,84.78363969624043
2024-08-12,MG92,86.89,79.81149453580379
2024-08-13,MG95,91.98,84.69441046118737
2024-08-13,MG92,87.5,79.47161939203738
2024-08-14,MG95,90.6,81.79455439150334
2024-08-14,MG92,86.12,79.36365366339683
2024-08-15,MG95,88.66,82.89036761820317
2024-08-15,MG92,83.84,79.25956791102885
2024-08-16,MG95,90.15,82.40610332489014
2024-08-16,MG92,85.99,78.72075776159762
2024-08-19,MG95,88.79,80.61651868522168
2024-08-19,MG92,84.63,77.09547342300415
2024-08-20,MG95,87.02,81.71576402485371
2024-08-20,MG92,82.86,78.41788250267506
2024-08-21,MG95,87.66,81.66298816204072
2024-08-21,MG92,83.5,77.28179311692715
2024-08-22,MG95,85.72,81.86462194621564
2024-08-22,MG92,81.82,75.02925672531127
2024-08-23,MG95,87.27,78.07799227237702
2024-08-23,MG92,83.04,76.11281554341316
2024-08-26,MG95,89.06,78.40993802547456
2024-08-26,MG92,85.58,75.20268088698387
2024-08-27,MG95,89.58,80.85749634206296
2024-08-27,MG92,86.1,75.00935029149055
2024-08-28,MG95,86.67,78.13048307597637
2024-08-28,MG92,83.14,73.94445847034454
2024-08-29,MG95,86.07,75.3903855919838
2024-08-29,MG92,81.88,74.49077529609202
2024-08-30,MG95,89.03,76.22677783071995
2024-08-30,MG92,84.84,73.54115649223327
2024-09-02,MG95,86.59,78.41107826232911
2024-09-02,MG92,82.4,72.51096890330314
2024-09-03,MG95,87.9,79.74026376605035
2024-09-03,MG92,83.71,74.2976333105564
2024-09-04,MG95,81.98,75.66738903224469
2024-09-04,MG92,77.79,72.63344682097434
2024-09-05,MG95,80.92,77.79846890866757
2024-09-05,MG92,77.08,71.69254718601704
2024-09-06,MG95,80.78,76.73567124009134
2024-09-06,MG92,76.35,74.11550075769424
2024-09-09,MG95,81.59,79.07553988695145
2024-09-09,MG92,77.16,75.4606615871191
2024-09-10,MG95,80.21,81.69038805365562
2024-09-10,MG92,76.35,76.02695490181446
2024-09-11,MG95,79.47,79.47578582763673
2024-09-11,MG92,75.61,77.16520521879195
2024-09-12,MG95,80.35,81.09635315835476
2024-09-12,MG92,76.49,74.97586394071578
2024-09-13,MG95,80.31,82.73229658305645
2024-09-13,MG92,75.89,77.59998889327049
2024-09-16,MG95,80.46,80.59192377626897
2024-09-16,MG92,76.04,74.68598660230636
2024-09-17,MG95,82.54,81.24011422097684
2024-09-17,MG92,77.43,76.49691702783107
2024-09-18,MG95,83.86,82.12725840210915
2024-09-18,MG92,79.24,77.14986314594745
2024-07-25,MG95,94.15,94.135015758276
2024-07-25,MG92,89.73,89.18304493546486
2024-07-26,MG95,95.36,94.62263038158417
2024-07-26,MG92,90.94,90.10198182463647
2024-07-29,MG95,95.11,89.97969041526318
2024-07-29,MG92,90.69,87.941504124403
2024-07-30,MG95,93.01,92.40054658770562
2024-07-30,MG92,88.91,89.34132009506226
2024-07-31,MG95,93.39,93.61829563736916
2024-07-31,MG92,89.28,89.7400719666481
2024-08-01,MG95,93.51,93.50939247429372
2024-08-01,MG92,89.4,89.56519719123841
2024-08-02,MG95,92.86,90.74290433764459
2024-08-02,MG92,87.7,86.81737134456635
2024-08-05,MG95,87.55,91.97327766001224
2024-08-05,MG92,82.85,90.12830968618394
2024-08-06,MG95,87.23,90.56890117228032
2024-08-06,MG92,83.27,85.89313489794732
2024-08-07,MG95,87.3,90.15446831524373
2024-08-07,MG92,82.76,87.70668806195259
2024-08-08,MG95,89.62,90.20756271779538
2024-08-08,MG92,85.03,86.78376853942872
2024-08-09,MG95,89.62,89.25050907969475
2024-08-09,MG92,85.03,85.07042374074459
2024-08-12,MG95,91.37,84.7767622357607
2024-08-12,MG92,86.89,84.3670800703764
2024-08-13,MG95,91.98,84.685817309618
2024-08-13,MG92,87.5,82.09947484314442
2024-08-14,MG95,90.6,85.01584868252277
2024-08-14,MG92,86.12,79.67011097967625
2024-08-15,MG95,88.66,84.58714733183385
2024-08-15,MG92,83.84,82.14213150143624
2024-08-16,MG95,90.15,84.52950484693051
2024-08-16,MG92,85.99,81.09887803971768
2024-08-19,MG95,88.79,84.6555190551281
2024-08-19,MG92,84.63,81.72464532256127
2024-08-20,MG95,87.02,84.26392693519593
2024-08-20,MG92,82.86,81.0606553798914
2024-08-21,MG95,87.66,83.63501520931722
2024-08-21,MG92,83.5,79.74768736720085
2024-08-22,MG95,85.72,81.39522399187088
2024-08-22,MG92,81.82,78.14397118926048
2024-08-23,MG95,87.27,83.06779242396355
2024-08-23,MG92,83.04,78.43449632704258
2024-08-26,MG95,89.06,81.5627561724186
2024-08-26,MG92,85.58,79.39743865966797
2024-08-27,MG95,89.58,84.13088437914848
2024-08-27,MG92,86.1,76.81893314242363
2024-08-28,MG95,86.67,83.36824454069138
2024-08-28,MG92,83.14,77.70296623289586
2024-08-29,MG95,86.07,80.30442552030087
2024-08-29,MG92,81.88,75.41814009904861
2024-08-30,MG95,89.03,81.33193541944027
2024-08-30,MG92,84.84,75.70302582800389
2024-09-02,MG95,86.59,83.63693253815174
2024-09-02,MG92,82.4,79.32082872450351
2024-09-03,MG95,87.9,82.99176253259182
2024-09-03,MG92,83.71,79.38923443496228
2024-09-04,MG95,81.98,80.0781472760439
2024-09-04,MG92,77.79,76.71209767520428
2024-09-05,MG95,80.92,80.82762219965458
2024-09-05,MG92,77.08,77.4425710439682
2024-09-06,MG95,80.78,82.15531668126583
2024-09-06,MG92,76.35,76.73415615379811
2024-09-09,MG95,81.59,80.78320593953133
2024-09-09,MG92,77.16,80.55335285365582
2024-09-10,MG95,80.21,82.53411174595357
2024-09-10,MG92,76.35,79.82432916343213
2024-09-11,MG95,79.47,84.41627097308636
2024-09-11,MG92,75.61,81.32284009873867
2024-09-12,MG95,80.35,84.76102230370046
2024-09-12,MG92,76.49,81.55115650355816
2024-09-13,MG95,80.31,87.88268445968629
2024-09-13,MG92,75.89,81.54503917872906
2024-09-16,MG95,80.46,85.62660709440709
2024-09-16,MG92,76.04,82.75166557073594
2024-09-17,MG95,82.54,86.24454434216022
2024-09-17,MG92,77.43,83.89751697778702
2024-09-18,MG95,83.86,86.09444090366364
2024-09-18,MG92,79.24,82.85685488283634
2024-09-19,MG95,86.33,85.49549858808518
2024-09-19,MG92,81.71,83.84633217394352
2024-09-20,MG95,85.86,86.33280835211278
2024-09-20,MG92,81.24,83.97896979510784
2024-09-23,MG95,85.82,86.52255144953727
2024-09-23,MG92,81.16,82.0922583115101
2024-09-24,MG95,85.14,87.17811627566815
2024-09-24,MG92,80.48,87.29269598007203
2024-09-25,MG95,84.78,88.2271682560444
2024-09-25,MG92,80.12,82.98267423570157
2024-09-26,MG95,81.86,86.6688536721468
2024-09-26,MG92,77.2,83.67198841631412
2024-09-27,MG95,81.67,87.22656227052212
2024-09-27,MG92,77.01,84.88203456282616
2024-09-30,MG95,81.6,86.34285203397275
2024-09-30,MG92,76.94,83.00653286457062
2024-10-01,MG95,79.71,86.22292423009873
2024-10-01,MG92,73.6,83.52940483212471
2024-10-02,MG95,84.21,87.05385776102543
2024-10-02,MG92,78.2,83.2465316605568
2024-10-03,MG95,84.86,89.49483473896981
2024-10-03,MG92,78.85,85.93564818143845
2024-10-04,MG95,88.97,87.62176610291004
2024-10-04,MG92,82.55,86.44039651215077
2024-10-07,MG95,88.88,88.25844746947288
2024-10-07,MG92,82.46,83.67170697689056
2024-10-08,MG95,90.15,89.67435579836369
2024-10-08,MG92,83.73,82.91136385798454
2024-10-09,MG95,88.5,88.6005624729395
2024-10-09,MG92,82.08,86.02671773076058
2024-10-10,MG95,88.37,88.87821286797524
2024-10-10,MG92,81.95,83.3449080145359
2024-10-11,MG95,89.88,89.8324629700184
2024-10-11,MG92,83.46,84.49823084175587
2024-10-14,MG95,89.17,89.70251935243607
2024-10-14,MG92,82.75,85.20994866251945
2024-10-15,MG95,84.88,90.84753809988499
2024-10-15,MG92,78.39,85.5311400771141
2024-10-16,MG95,84.95,88.3684096223116
2024-10-16,MG92,78.46,86.05856286704541
2024-08-22,MG95,85.72,91.862975628376
2024-08-22,MG92,81.82,87.24397891759872
2024-08-23,MG95,87.27,85.48105762839317
2024-08-23,MG92,83.04,85.20198053121567
2024-08-26,MG95,89.06,88.42177581310271
2024-08-26,MG92,85.58,82.96487924456596
2024-08-27,MG95,89.58,85.40489363193511
2024-08-27,MG92,86.1,84.97990733385086
2024-08-28,MG95,86.67,82.38764047980308
2024-08-28,MG92,83.14,78.61018908023834
2024-08-29,MG95,86.07,82.92648364305497
2024-08-29,MG92,81.88,81.1151767373085
2024-08-30,MG95,89.03,91.539342648983
2024-08-30,MG92,84.84,81.86307865381241
2024-09-02,MG95,86.59,85.02987856149673
2024-09-02,MG92,82.4,83.8224590420723
2024-09-03,MG95,87.9,85.6361548411846
2024-09-03,MG92,83.71,80.90757164359093
2024-09-04,MG95,81.98,83.16009085178375
2024-09-04,MG92,77.79,79.38425999879837
2024-09-05,MG95,80.92,84.39992283940315
2024-09-05,MG92,77.08,79.3658053278923
2024-09-06,MG95,80.78,79.76793757796287
2024-09-06,MG92,76.35,80.01356527209282
2024-09-09,MG95,81.59,81.40614535689353
2024-09-09,MG92,77.16,84.05666613578796
2024-09-10,MG95,80.21,83.28047354221344
2024-09-10,MG92,76.35,76.60313412547112
2024-09-11,MG95,79.47,80.96291865348816
2024-09-11,MG92,75.61,82.82471233606339
2024-09-12,MG95,80.35,88.03220405101776
2024-09-12,MG92,76.49,83.09974566102028
2024-09-13,MG95,80.31,90.24560492277145
2024-09-13,MG92,75.89,89.93315494060516
2024-09-16,MG95,80.46,89.01752383232116
2024-09-16,MG92,76.04,81.615931391716
2024-09-17,MG95,82.54,86.21828665852546
2024-09-17,MG92,77.43,82.64937803149223
2024-09-18,MG95,83.86,87.24508726358414
2024-09-18,MG92,79.24,90.888836145401
2024-09-19,MG95,86.33,86.72070674300194
2024-09-19,MG92,81.71,81.16911235451698
2024-09-20,MG95,85.86,89.87775847434997
2024-09-20,MG92,81.24,86.02134203910828
2024-09-23,MG95,85.82,85.50230224728584
2024-09-23,MG92,81.16,78.70033726096153
2024-09-24,MG95,85.14,86.97608628988266
2024-09-24,MG92,80.48,79.72853815555573
2024-09-25,MG95,84.78,88.90301397800445
2024-09-25,MG92,80.12,81.76840141415596
2024-09-26,MG95,81.86,82.72673406600951
2024-09-26,MG92,77.2,86.70836544036865
2024-09-27,MG95,81.67,84.52146024227142
2024-09-27,MG92,77.01,80.99789401888847
2024-09-30,MG95,81.6,87.06353093862533
2024-09-30,MG92,76.94,89.07966125011444
2024-10-01,MG95,79.71,87.39144314646721
2024-10-01,MG92,73.6,75.19697082042694
2024-10-02,MG95,84.21,92.39518833875655
2024-10-02,MG92,78.2,81.5955705344677
2024-10-03,MG95,84.86,85.62583557844161
2024-10-03,MG92,78.85,83.87810176610947
2024-10-04,MG95,88.97,84.22233224630355
2024-10-04,MG92,82.55,86.91937977075577
2024-10-07,MG95,88.88,84.83088137626648
2024-10-07,MG92,82.46,85.89579254388809
2024-10-08,MG95,90.15,82.65064844369888
2024-10-08,MG92,83.73,81.98515918850899
2024-10-09,MG95,88.5,83.30374543905258
2024-10-09,MG92,82.08,79.42007938027382
2024-10-10,MG95,88.37,91.83823029756546
2024-10-10,MG92,81.95,80.40192958712578
2024-10-11,MG95,89.88,92.53363888263702
2024-10-11,MG92,83.46,80.10381299257278
2024-10-14,MG95,89.17,88.33322347640991
2024-10-14,MG92,82.75,85.89499622583389
2024-10-15,MG95,84.88,83.73922355175019
2024-10-15,MG92,78.39,81.6307926774025
2024-10-16,MG95,84.95,79.74039690256119
2024-10-16,MG92,78.46,78.22806093096733
2024-10-17,MG95,85.98,82.78468913555145
2024-10-17,MG92,79.49,78.87019687891006
2024-10-18,MG95,87.47,87.48391941547393
2024-10-18,MG92,80.98,79.9378901720047
2024-10-21,MG95,85.8,86.84219189643859
2024-10-21,MG92,79.31,76.18379801511765
2024-10-22,MG95,84.73,84.76309296369553
2024-10-22,MG92,79.06,85.94134193658829
2024-10-23,MG95,85.75,85.77126142144203
2024-10-23,MG92,79.75,83.13432577252388
2024-10-24,MG95,85.97,86.90767610907554
2024-10-24,MG92,79.98,83.3837873339653
2024-10-25,MG95,84.63,84.654267847538
2024-10-25,MG92,78.9,82.33360308408737
2024-10-28,MG95,82.69,86.68130544662475
2024-10-28,MG92,76.96,80.77650266885757
2024-10-29,MG95,82.16,85.19929211854934
2024-10-29,MG92,76.43,82.93798360228539
2024-10-30,MG95,82.79,84.81878040790558
2024-10-30,MG92,77.26,84.58863645792007
2024-10-31,MG95,82.79,82.77801688313484
2024-10-31,MG92,77.26,83.05813306570053
2024-11-01,MG95,84.91,85.05878294706345
2024-11-01,MG92,79.38,80.5980826318264
2024-11-04,MG95,85.84,86.27002927064895
2024-11-04,MG92,80.31,82.18757826089859
2024-11-05,MG95,86.73,77.38719222664832
2024-11-05,MG92,81.2,80.60214385390282
2024-11-06,MG95,84.52,87.17843788862228
2024-11-06,MG92,78.99,84.65216273069382
2024-11-07,MG95,85.19,83.63071193218231
2024-11-07,MG92,79.66,83.59931081533432
2024-11-08,MG95,85.81,84.21527857303619
2024-11-08,MG92,79.85,79.91054660081863
2024-11-11,MG95,84.45,86.16605290174483
2024-11-11,MG92,78.49,82.51171952486038
2024-11-12,MG95,82.87,80.35078521251678
2024-11-12,MG92,76.91,75.57230040431023
2024-11-13,MG95,82.32,84.90898382663727
2024-11-13,MG92,76.36,78.22271066904068
2024-09-19,MG95,86.33,83.236358948946
2024-09-19,MG92,81.71,80.09048358440398
2024-09-20,MG95,85.86,82.54657346844674
2024-09-20,MG92,81.24,84.56623669147491
2024-09-23,MG95,85.82,82.88270893216134
2024-09-23,MG92,81.16,77.78434447050094
2024-09-24,MG95,85.14,80.22740471720695
2024-09-24,MG92,80.48,85.62076643466949
2024-09-25,MG95,84.78,87.65211067438126
2024-09-25,MG92,80.12,77.49218940258025
2024-09-26,MG95,81.86,85.84473275899887
2024-09-26,MG92,77.2,80.73711937904358
2024-09-27,MG95,81.67,84.83719609737396
2024-09-27,MG92,77.01,79.44612431049346
2024-09-30,MG95,81.6,80.35216091871261
2024-09-30,MG92,76.94,77.29362673044204
2024-10-01,MG95,79.71,82.45990042328835
2024-10-01,MG92,73.6,79.01583827733992
2024-10-02,MG95,84.21,84.26874288320542
2024-10-02,MG92,78.2,78.195242292881
2024-10-03,MG95,84.86,81.99217088460922
2024-10-03,MG92,78.85,78.77669497013092
2024-10-04,MG95,88.97,85.58013504743576
2024-10-04,MG92,82.55,78.14951823234557
2024-10-07,MG95,88.88,80.68850131869316
2024-10-07,MG92,82.46,77.1614090514183
2024-10-08,MG95,90.15,80.83761494517326
2024-10-08,MG92,83.73,76.06312476873397
2024-10-09,MG95,88.5,81.51249506115913
2024-10-09,MG92,82.08,75.47594300508499
2024-10-10,MG95,88.37,83.0555001950264
2024-10-10,MG92,81.95,80.78335825443267
2024-10-11,MG95,89.88,80.94362197756767
2024-10-11,MG92,83.46,76.42737280845641
2024-10-14,MG95,89.17,80.51551511645317
2024-10-14,MG92,82.75,80.98662038326263
2024-10-15,MG95,84.88,81.87479238867759
2024-10-15,MG92,78.39,76.64126657247543
2024-10-16,MG95,84.95,82.25456928014755
2024-10-16,MG92,78.46,76.96092881202698
2024-10-17,MG95,85.98,81.50719670891762
2024-10-17,MG92,79.49,72.43870539903641
2024-10-18,MG95,87.47,79.9253386580944
2024-10-18,MG92,80.98,77.0096850848198
2024-10-21,MG95,85.8,82.97675968289376
2024-10-21,MG92,79.31,77.16140432834625
2024-10-22,MG95,84.73,84.29271542787552
2024-10-22,MG92,79.06,80.40698608875275
2024-10-23,MG95,85.75,84.39529352664947
2024-10-23,MG92,79.75,80.04561439990997
2024-10-24,MG95,85.97,85.81842094182969
2024-10-24,MG92,79.98,82.701974029541
2024-10-25,MG95,84.63,87.36763914346695
2024-10-25,MG92,78.9,79.40003657341003
2024-10-28,MG95,82.69,83.22833144545555
2024-10-28,MG92,76.96,80.15202521324157
2024-10-29,MG95,82.16,84.98313071250915
2024-10-29,MG92,76.43,80.61328042984009
2024-10-30,MG95,82.79,81.426166908741
2024-10-30,MG92,77.26,81.81902404785156
2024-10-31,MG95,82.79,83.63358541369438
2024-10-31,MG92,77.26,81.87210193157196
2024-11-01,MG95,84.91,81.46157589673996
2024-11-01,MG92,79.38,78.9256181550026
2024-11-04,MG95,85.84,83.67595723628997
2024-11-04,MG92,80.31,80.24507917881012
2024-11-05,MG95,86.73,84.13827345848084
2024-11-05,MG92,81.2,78.54957188129424
2024-11-06,MG95,84.52,80.99408128499985
2024-11-06,MG92,78.99,75.98700773954391
2024-11-07,MG95,85.19,81.30977810502053
2024-11-07,MG92,79.66,78.040112991333
2024-11-08,MG95,85.81,81.78584505081177
2024-11-08,MG92,79.85,79.56288809776305
2024-11-11,MG95,84.45,78.18335540533066
2024-11-11,MG92,78.49,78.00735848665236
2024-11-12,MG95,82.87,79.33897601366043
2024-11-12,MG92,76.91,76.11417173147201
2024-11-13,MG95,82.32,80.75917433977126
2024-11-13,MG92,76.36,75.16480118751525
2024-11-14,MG95,82.48,82.32348284840583
2024-11-14,MG92,76.52,77.85672554969787
2024-11-15,MG95,82.19,78.37792989373207
2024-11-15,MG92,76.23,76.70214697122573
2024-11-18,MG95,83.44,80.35620965957642
2024-11-18,MG92,77.28,76.49694838285446
2024-11-19,MG95,84.69,80.88946881890297
2024-11-19,MG92,78.56,74.54070861577988
2024-11-20,MG95,85.43,80.69442947506904
2024-11-20,MG92,79.3,75.99855565071105
2024-11-21,MG95,85.13,78.41237418174744
2024-11-21,MG92,79.38,77.58764268875122
2024-11-22,MG95,86.07,79.78124846935272
2024-11-22,MG92,80.32,76.83576267957687
2024-11-25,MG95,86.12,82.11156875252723
2024-11-25,MG92,81.55,79.07569376945496
2024-11-26,MG95,84.78,83.35575681686402
2024-11-26,MG92,80.31,79.85795730113982
2024-11-27,MG95,84.71,84.52435338973999
2024-11-27,MG92,80.24,78.82611719608306
2024-11-28,MG95,83.13,87.40372792005539
2024-11-28,MG92,79.73,80.45635163784027
2024-11-29,MG95,83.87,83.83675222992898
2024-11-29,MG92,80.27,79.59261511325836
2024-12-02,MG95,83.6,82.84526057839393
2024-12-02,MG92,80.44,80.42827769756316
2024-12-03,MG95,83.69,82.345645955801
2024-12-03,MG92,80.83,78.44223534584044
2024-12-04,MG95,85.39,82.78608898043632
2024-12-04,MG92,82.53,77.8578354716301
2024-12-05,MG95,84.16,82.59448856711387
2024-12-05,MG92,80.81,80.18076982975006
2024-12-06,MG95,83.27,82.9779293191433
2024-12-06,MG92,79.85,78.78582466840743
2024-12-09,MG95,83.41,84.66212054491044
2024-12-09,MG92,80.06,79.21757013082504
2024-12-10,MG95,84.31,82.66345711827277
2024-12-10,MG92,80.96,79.0094054532051
2024-12-11,MG95,85.42,84.5108775806427
2024-12-11,MG92,82.07,79.61730733394623
2024-10-17,MG95,85.98,84.37024409472943
2024-10-17,MG92,79.49,75.83658335328101
2024-10-18,MG95,87.47,85.2971071958542
2024-10-18,MG92,80.98,79.13345564126968
2024-10-21,MG95,85.8,84.62863520383836
2024-10-21,MG92,79.31,79.58905745983124
2024-10-22,MG95,84.73,83.7954402089119
2024-10-22,MG92,79.06,77.05990196824074
2024-10-23,MG95,85.75,85.53894600272179
2024-10-23,MG92,79.75,81.77687402248382
2024-10-24,MG95,85.97,86.8932271182537
2024-10-24,MG92,79.98,81.75984191656111
2024-10-25,MG95,84.63,90.47588660717011
2024-10-25,MG92,78.9,79.15133888483047
2024-10-28,MG95,82.69,84.09792353212833
2024-10-28,MG92,76.96,76.75353918433188
2024-10-29,MG95,82.16,85.7826278924942
2024-10-29,MG92,76.43,81.46519864320754
2024-10-30,MG95,82.79,90.7921474814415
2024-10-30,MG92,77.26,79.97741940498351
2024-10-31,MG95,82.79,85.74338642954827
2024-10-31,MG92,77.26,81.77510627508163
2024-11-01,MG95,84.91,85.91291967630387
2024-11-01,MG92,79.38,77.09054759979247
2024-11-04,MG95,85.84,86.24494802355767
2024-11-04,MG92,80.31,79.70606550216674
2024-11-05,MG95,86.73,82.30633555352688
2024-11-05,MG92,81.2,79.01696202278137
2024-11-06,MG95,84.52,85.32363948822022
2024-11-06,MG92,78.99,77.42445544242858
2024-11-07,MG95,85.19,85.77702775597572
2024-11-07,MG92,79.66,78.364915766716
2024-11-08,MG95,85.81,81.8897481828928
2024-11-08,MG92,79.85,80.69903447151184
2024-11-11,MG95,84.45,82.78032685518265
2024-11-11,MG92,78.49,76.78370312809943
2024-11-12,MG95,82.87,81.42311402261258
2024-11-12,MG92,76.91,77.07941266179084
2024-11-13,MG95,82.32,84.59327231645584
2024-11-13,MG92,76.36,76.43504535079002
2024-11-14,MG95,82.48,85.04770364761353
2024-11-14,MG92,76.52,76.51899932265282
2024-11-15,MG95,82.19,84.55158522427082
2024-11-15,MG92,76.23,77.79965749025344
2024-11-18,MG95,83.44,84.92392847836018
2024-11-18,MG92,77.28,76.88464711666107
2024-11-19,MG95,84.69,85.70088412761689
2024-11-19,MG92,78.56,76.99532774567604
2024-11-20,MG95,85.43,85.85727275013924
2024-11-20,MG92,79.3,79.33459536552428
2024-11-21,MG95,85.13,85.11644456386567
2024-11-21,MG92,79.38,79.97812089204787
2024-11-22,MG95,86.07,87.05889191627503
2024-11-22,MG92,80.32,78.70565141677857
2024-11-25,MG95,86.12,84.90269758105278
2024-11-25,MG92,81.55,79.04809869527816
2024-11-26,MG95,84.78,86.31531935930252
2024-11-26,MG92,80.31,78.46612632036208
2024-11-27,MG95,84.71,86.59215648770332
2024-11-27,MG92,80.24,78.643639960289
2024-11-28,MG95,83.13,86.12317290306092
2024-11-28,MG92,79.73,77.04645212292671
2024-11-29,MG95,83.87,83.61951693296433
2024-11-29,MG92,80.27,75.7315567100048
2024-12-02,MG95,83.6,84.46762368381023
2024-12-02,MG92,80.44,76.51757296562194
2024-12-03,MG95,83.69,82.14253409206867
2024-12-03,MG92,80.83,75.46945308327675
2024-12-04,MG95,85.39,80.63185422718526
2024-12-04,MG92,82.53,73.9710580074787
2024-12-05,MG95,84.16,79.94698183536529
2024-12-05,MG92,80.81,75.62761503338812
2024-12-06,MG95,83.27,75.07589093744755
2024-12-06,MG92,79.85,74.20585975766181
2024-12-09,MG95,83.41,78.95049172043801
2024-12-09,MG92,80.06,75.18377949118613
2024-12-10,MG95,84.31,77.27549392580987
2024-12-10,MG92,80.96,72.63306028723716
2024-12-11,MG95,85.42,78.362011551857
2024-12-11,MG92,82.07,74.00913472533226
2024-12-12,MG95,86.79,79.44997225105763
2024-12-12,MG92,83.44,75.00115902543067
2024-12-13,MG95,86.87,81.07604733407497
2024-12-13,MG92,83.52,74.23901671290398
2024-12-16,MG95,86.48,80.05663514137268
2024-12-16,MG92,83.13,76.9184915292263
2024-12-17,MG95,85.54,80.86281681954861
2024-12-17,MG92,82.19,71.98697667121887
2024-12-18,MG95,85.4,82.38804387450219
2024-12-18,MG92,82.05,75.0907810127735
2024-12-19,MG95,84.0,83.81005322337151
2024-12-19,MG92,80.65,78.16184929132461
2024-12-20,MG95,83.06,82.7634150505066
2024-12-20,MG92,79.71,76.79926211118698
2024-12-23,MG95,83.86,81.769137647748
2024-12-23,MG92,80.51,76.1141009891033
2024-12-24,MG95,83.77,80.58333658874035
2024-12-24,MG92,80.42,74.94078904867172
2024-12-26,MG95,84.46,79.51767516732217
2024-12-26,MG92,81.11,72.7902822446823
2024-12-27,MG95,84.02,80.89448847770691
2024-12-27,MG92,80.67,75.55934163570403
2024-12-30,MG95,84.54,78.87145181894303
2024-12-30,MG92,81.29,72.5991784620285
2024-12-31,MG95,85.4,82.84261698126794
2024-12-31,MG92,82.15,76.97127141594886
2025-01-02,MG95,85.92,81.61724533736707
2025-01-02,MG92,82.95,75.56436895966529
2025-01-03,MG95,86.22,83.50526604652406
2025-01-03,MG92,83.74,77.98629513859748
2025-01-06,MG95,86.09,84.30243991017342
2025-01-06,MG92,83.61,78.38214428901672
2025-01-07,MG95,85.84,82.59695529639721
2025-01-07,MG92,83.15,78.6962327837944
2025-01-08,MG95,85.89,84.08645996153355
2025-01-08,MG92,83.35,79.28049668312072
2025-01-09,MG95,84.21,81.39135122299194
2025-01-09,MG92,82.78,77.33837362647056
2025-01-10,MG95,85.86,81.94075195789337
2025-01-10,MG92,84.01,76.31302869081496
2024-11-14,MG95,82.48,83.13134473800659
2024-11-14,MG92,76.52,78.8862513923645
2024-11-15,MG95,82.19,87.2883408164978
2024-11-15,MG92,76.23,76.9479512310028
2024-11-18,MG95,83.44,78.33297533512115
2024-11-18,MG92,77.28,78.11389520645142
2024-11-19,MG95,84.69,79.64909214019775
2024-11-19,MG92,78.56,73.44784815073014
2024-11-20,MG95,85.43,79.86103998184204
2024-11-20,MG92,79.3,69.97473038434983
2024-11-21,MG95,85.13,79.60335721492767
2024-11-21,MG92,79.38,75.74087615728378
2024-11-22,MG95,86.07,79.3744912290573
2024-11-22,MG92,80.32,77.41486224651337
2024-11-25,MG95,86.12,82.58997393608092
2024-11-25,MG92,81.55,79.56365604877472
2024-11-26,MG95,84.78,83.54315042495728
2024-11-26,MG92,80.31,71.57838807582856
2024-11-27,MG95,84.71,86.1874347782135
2024-11-27,MG92,80.24,76.68278604507447
2024-11-28,MG95,83.13,82.3906558227539
2024-11-28,MG92,79.73,76.85381895542145
2024-11-29,MG95,83.87,76.07471220016478
2024-11-29,MG92,80.27,74.99546432256699
2024-12-02,MG95,83.6,84.34098223686217
2024-12-02,MG92,80.44,73.87366903066635
2024-12-03,MG95,83.69,75.3310400390625
2024-12-03,MG92,80.83,70.77255626440048
2024-12-04,MG95,85.39,82.38259909629821
2024-12-04,MG92,82.53,73.09828160524368
2024-12-05,MG95,84.16,77.52327432632445
2024-12-05,MG92,80.81,71.15895282506942
2024-12-06,MG95,83.27,75.42538028240203
2024-12-06,MG92,79.85,74.94259968757629
2024-12-09,MG95,83.41,77.45853592872619
2024-12-09,MG92,80.06,73.50802690267562
2024-12-10,MG95,84.31,78.51908964157104
2024-12-10,MG92,80.96,69.44258399963378
2024-12-11,MG95,85.42,78.97997659206389
2024-12-11,MG92,82.07,69.78009840965271
2024-12-12,MG95,86.79,76.17696687698364
2024-12-12,MG92,83.44,69.5366161441803
2024-12-13,MG95,86.87,79.09738301753997
2024-12-13,MG92,83.52,68.94213819026947
2024-12-16,MG95,86.48,78.45494004249572
2024-12-16,MG92,83.13,73.93458966255189
2024-12-17,MG95,85.54,77.35705159664154
2024-12-17,MG92,82.19,73.30069649219513
2024-12-18,MG95,85.4,79.88010233402251
2024-12-18,MG92,82.05,72.76335694789887
2024-12-19,MG95,84.0,79.14301490306853
2024-12-19,MG92,80.65,71.11662925720215
2024-12-20,MG95,83.06,77.425425825119
2024-12-20,MG92,79.71,69.99007774114608
2024-12-23,MG95,83.86,71.71281423568725
2024-12-23,MG92,80.51,71.36266486406326
2024-12-24,MG95,83.77,74.9072523021698
2024-12-24,MG92,80.42,69.46956931352615
2024-12-26,MG95,84.46,76.8413131570816
2024-12-26,MG92,81.11,70.22533105611801
2024-12-27,MG95,84.02,74.68953423500061
2024-12-27,MG92,80.67,70.35710349798202
2024-12-30,MG95,84.54,76.74605536937713
2024-12-30,MG92,81.29,71.50411360502243
2024-12-31,MG95,85.4,75.02750458717345
2024-12-31,MG92,82.15,71.9119200015068
2025-01-02,MG95,85.92,75.78117650985718
2025-01-02,MG92,82.95,72.84821799993514
2025-01-03,MG95,86.22,78.14540375232696
2025-01-03,MG92,83.74,72.22774238824844
2025-01-06,MG95,86.09,78.06757440090179
2025-01-06,MG92,83.61,71.484328622818
2025-01-07,MG95,85.84,75.09986792564392
2025-01-07,MG92,83.15,71.8509037899971
2025-01-08,MG95,85.89,77.31280829429626
2025-01-08,MG92,83.35,67.91655061721802
2025-01-09,MG95,84.21,77.61953797817229
2025-01-09,MG92,82.78,69.56070676088333
2025-01-10,MG95,85.86,74.76873254299163
2025-01-10,MG92,84.01,68.69225208997726
2025-01-13,MG95,89.09,75.98366922855377
2025-01-13,MG92,87.14,68.59989486455918
2025-01-14,MG95,88.44,72.86475438594817
2025-01-14,MG92,86.3,67.34259042263031
2025-01-15,MG95,88.1,72.89241319656371
2025-01-15,MG92,86.34,68.64267357349395
2025-01-16,MG95,88.92,76.93070749282836
2025-01-16,MG92,86.78,68.71713920354843
2025-01-17,MG95,87.72,79.10087655544281
2025-01-17,MG92,85.58,72.18248316049576
2025-01-20,MG95,86.93,79.00131563186645
2025-01-20,MG92,84.54,73.42475429296493
2025-01-21,MG95,85.82,80.6931153345108
2025-01-21,MG92,83.43,74.48950220346451
2025-01-22,MG95,85.75,84.75400477409362
2025-01-22,MG92,83.26,76.4952224111557
2025-01-23,MG95,86.31,82.35660364151
2025-01-23,MG92,83.9,77.92224440574645
2025-01-24,MG95,86.31,78.41238462924957
2025-01-24,MG92,83.9,72.44565482854843
2025-01-27,MG95,87.49,78.22549997806549
2025-01-27,MG92,85.08,74.99529136896133
2025-01-28,MG95,87.02,83.4132124042511
2025-01-28,MG92,84.91,75.68325074672698
2025-01-29,MG95,87.02,81.96728024482726
2025-01-29,MG92,84.91,73.2472538280487
2025-01-30,MG95,87.02,84.09124334335327
2025-01-30,MG92,84.91,76.69389148712158
2025-01-31,MG95,87.06,86.59251834869384
2025-01-31,MG92,84.88,77.03433700561523
2025-02-03,MG95,87.84,88.58077320098876
2025-02-03,MG92,86.41,78.47979221343994
2025-02-04,MG95,84.87,82.1634041261673
2025-02-04,MG92,83.3,79.5428287935257
2025-02-05,MG95,85.97,84.3174204826355
2025-02-05,MG92,84.06,78.30181385040284
2025-02-06,MG95,84.77,85.49164175033569
2025-02-06,MG92,83.21,74.81776814699172
2025-02-07,MG95,85.49,84.18074071884155
2025-02-07,MG92,83.86,81.33422762393951
2024-12-12,MG95,86.79,85.93037500143052
2024-12-12,MG92,83.44,80.87683291077613
2024-12-13,MG95,86.87,80.7841166484356
2024-12-13,MG92,83.52,86.90084108591078
2024-12-16,MG95,86.48,83.9221933054924
2024-12-16,MG92,83.13,83.67475920319556
2024-12-17,MG95,85.54,85.91725948095322
2024-12-17,MG92,82.19,82.30692717432976
2024-12-18,MG95,85.4,88.79089241981507
2024-12-18,MG92,82.05,83.56340333342551
2024-12-19,MG95,84.0,89.82381093740463
2024-12-19,MG92,80.65,83.34446802735329
2024-12-20,MG95,83.06,89.58897387742996
2024-12-20,MG92,79.71,83.20402579307556
2024-12-23,MG95,83.86,87.43401647329331
2024-12-23,MG92,80.51,75.17239808022975
2024-12-24,MG95,83.77,86.76030843734742
2024-12-24,MG92,80.42,79.37471736490726
2024-12-26,MG95,84.46,84.15886327981949
2024-12-26,MG92,81.11,74.52959725141524
2024-12-27,MG95,84.02,80.475779722929
2024-12-27,MG92,80.67,79.2037701576948
2024-12-30,MG95,84.54,79.49362784147263
2024-12-30,MG92,81.29,80.52449949502945
2024-12-31,MG95,85.4,85.27357560038567
2024-12-31,MG92,82.15,84.4563537454605
2025-01-02,MG95,85.92,84.11171664953233
2025-01-02,MG92,82.95,77.97542157948017
2025-01-03,MG95,86.22,90.73400565624237
2025-01-03,MG92,83.74,82.44180259346962
2025-01-06,MG95,86.09,90.19584163665772
2025-01-06,MG92,83.61,85.26771949768066
2025-01-07,MG95,85.84,84.9433098912239
2025-01-07,MG92,83.15,81.87341022253035
2025-01-08,MG95,85.89,88.61446423053742
2025-01-08,MG92,83.35,85.69875143885612
2025-01-09,MG95,84.21,84.98757477283478
2025-01-09,MG92,82.78,80.55548385977744
2025-01-10,MG95,85.86,87.2096881222725
2025-01-10,MG92,84.01,84.04322562098503
2025-01-13,MG95,89.09,80.95996950626373
2025-01-13,MG92,87.14,82.23274862885475
2025-01-14,MG95,88.44,86.22086137771606
2025-01-14,MG92,86.3,84.00677227616309
2025-01-15,MG95,88.1,92.79200189113617
2025-01-15,MG92,86.34,85.79168496608733
2025-01-16,MG95,88.92,86.57312715053558
2025-01-16,MG92,86.78,83.35514183282851
2025-01-17,MG95,87.72,93.06280480384827
2025-01-17,MG92,85.58,88.85225927114486
2025-01-20,MG95,86.93,90.65651411056518
2025-01-20,MG92,84.54,85.24570660829544
2025-01-21,MG95,85.82,92.58275435209275
2025-01-21,MG92,83.43,87.27923776268959
2025-01-22,MG95,85.75,93.5356559753418
2025-01-22,MG92,83.26,86.56801598191261
2025-01-23,MG95,86.31,93.18947955131532
2025-01-23,MG92,83.9,85.46065024375915
2025-01-24,MG95,86.31,91.84407968521118
2025-01-24,MG92,83.9,88.16819650411605
2025-01-27,MG95,87.49,89.11588850021363
2025-01-27,MG92,85.08,89.02973207712172
2025-01-28,MG95,87.02,87.55816587209702
2025-01-28,MG92,84.91,85.60062286972999
2025-01-29,MG95,87.02,90.08239442110062
2025-01-29,MG92,84.91,84.45594283819197
2025-01-30,MG95,87.02,87.66897572755813
2025-01-30,MG92,84.91,89.18859665393829
2025-01-31,MG95,87.06,94.77898287773132
2025-01-31,MG92,84.88,89.8272052502632
2025-02-03,MG95,87.84,90.7491984796524
2025-02-03,MG92,86.41,90.5658110654354
2025-02-04,MG95,84.87,92.73458075761795
2025-02-04,MG92,83.3,84.69732150793075
2025-02-05,MG95,85.97,90.51830218553543
2025-02-05,MG92,84.06,92.74452945470809
2025-02-06,MG95,84.77,89.82063388586045
2025-02-06,MG92,83.21,85.97535073161124
2025-02-07,MG95,85.49,87.71638711214065
2025-02-07,MG92,83.86,90.44061153411864
2025-02-10,MG95,86.48,94.10897121906281
2025-02-10,MG92,85.04,89.47469573140144
2025-02-11,MG95,87.44,93.30181683540344
2025-02-11,MG92,86.0,90.60244051337241
2025-02-12,MG95,87.69,91.4339040017128
2025-02-12,MG92,86.17,87.4797311592102
2025-02-13,MG95,86.03,93.76850737810135
2025-02-13,MG92,84.59,89.97210876345633
2025-02-14,MG95,86.95,90.20756210565567
2025-02-14,MG92,85.55,86.65314227104186
2025-02-17,MG95,87.68,89.8975755572319
2025-02-17,MG92,86.29,88.48994667887688
2025-02-18,MG95,87.99,87.39100408315659
2025-02-18,MG92,86.6,93.57471867322921
2025-02-19,MG95,88.43,92.97585338354111
2025-02-19,MG92,87.04,89.65111191868782
2025-02-20,MG95,88.11,93.85986797571182
2025-02-20,MG92,86.72,92.42097911477089
2025-02-21,MG95,86.91,91.21763029098511
2025-02-21,MG92,85.52,91.60852739334106
2025-02-24,MG95,85.82,95.40847694635391
2025-02-24,MG92,84.43,91.51231639146805
2025-02-25,MG95,86.01,93.9749648141861
2025-02-25,MG92,84.62,92.60476228237151
2025-02-26,MG95,83.78,91.44038029909134
2025-02-26,MG92,82.55,89.20658852219582
2025-02-27,MG95,83.41,96.66975622653962
2025-02-27,MG92,81.94,89.06353409171103
2025-02-28,MG95,84.34,96.21116105556489
2025-02-28,MG92,82.75,86.89314146637916
2025-03-03,MG95,83.79,96.75542460680008
2025-03-03,MG92,82.2,93.29604527711868
2025-03-04,MG95,80.03,92.2354679965973
2025-03-04,MG92,78.44,90.75327283143996
2025-03-05,MG95,79.94,97.21754304647446
2025-03-05,MG92,78.3,92.48120638012885
2025-03-06,MG95,78.59,93.09528811931611
2025-03-06,MG92,77.03,90.57226817965507
2025-03-07,MG95,78.69,93.67107779741288
2025-03-07,MG92,76.98,87.95428013682364
2025-01-13,MG95,89.09,85.7157384288311
2025-01-13,MG92,87.14,86.25968843102456
2025-01-14,MG95,88.44,86.42605356216431
2025-01-14,MG92,86.3,85.49021340727806
2025-01-15,MG95,88.1,86.26625990867615
2025-01-15,MG92,86.34,83.69559623479843
2025-01-16,MG95,88.92,83.97188220262528
2025-01-16,MG92,86.78,83.8313865339756
2025-01-17,MG95,87.72,87.48424128055572
2025-01-17,MG92,85.58,86.99447228312494
2025-01-20,MG95,86.93,86.93741986513137
2025-01-20,MG92,84.54,83.58102723836899
2025-01-21,MG95,85.82,85.89698017358779
2025-01-21,MG92,83.43,87.06366434574127
2025-01-22,MG95,85.75,86.12227980852127
2025-01-22,MG92,83.26,84.99504299998284
2025-01-23,MG95,86.31,88.57850846529007
2025-01-23,MG92,83.9,87.54017723202706
2025-01-24,MG95,86.31,84.51694314479828
2025-01-24,MG92,83.9,85.00554849624635
2025-01-27,MG95,87.49,85.84192956089973
2025-01-27,MG92,85.08,84.07184121966363
2025-01-28,MG95,87.02,84.84067575216294
2025-01-28,MG92,84.91,86.79560894727707
2025-01-29,MG95,87.02,87.31723173379898
2025-01-29,MG92,84.91,83.73411304950714
2025-01-30,MG95,87.02,86.37486677885056
2025-01-30,MG92,84.91,85.2526429760456
2025-01-31,MG95,87.06,85.57542768716812
2025-01-31,MG92,84.88,87.03432106256486
2025-02-03,MG95,87.84,87.54013630628586
2025-02-03,MG92,86.41,82.90764395594597
2025-02-04,MG95,84.87,88.84106462717057
2025-02-04,MG92,83.3,85.80887345075608
2025-02-05,MG95,85.97,87.21708946466445
2025-02-05,MG92,84.06,84.07364387869835
2025-02-06,MG95,84.77,86.04204521656037
2025-02-06,MG92,83.21,84.2924566411972
2025-02-07,MG95,85.49,87.39987162351608
2025-02-07,MG92,83.86,85.88836069941522
2025-02-10,MG95,86.48,89.65663456678391
2025-02-10,MG92,85.04,87.55450837135315
2025-02-11,MG95,87.44,92.25164378643036
2025-02-11,MG92,86.0,86.6401296055317
2025-02-12,MG95,87.69,89.74989870786666
2025-02-12,MG92,86.17,86.06450051665307
2025-02-13,MG95,86.03,88.67112778186798
2025-02-13,MG92,84.59,86.41692035794259
2025-02-14,MG95,86.95,85.1535947549343
2025-02-14,MG92,85.55,84.6313765692711
2025-02-17,MG95,87.68,84.89167318224906
2025-02-17,MG92,86.29,84.7994244503975
2025-02-18,MG95,87.99,89.49743456125259
2025-02-18,MG92,86.6,87.43819680452347
2025-02-19,MG95,88.43,86.01476811647414
2025-02-19,MG92,87.04,83.89114968836309
2025-02-20,MG95,88.11,86.29266700744628
2025-02-20,MG92,86.72,85.07902688145639
2025-02-21,MG95,86.91,84.08862614393234
2025-02-21,MG92,85.52,83.22541769206525
2025-02-24,MG95,85.82,85.8624667096138
2025-02-24,MG92,84.43,86.41103167176247
2025-02-25,MG95,86.01,87.44263474702835
2025-02-25,MG92,84.62,85.28773473858834
2025-02-26,MG95,83.78,85.27874700307846
2025-02-26,MG92,82.55,84.02685486197473
2025-02-27,MG95,83.41,86.7465006351471
2025-02-27,MG92,81.94,84.15276058077812
2025-02-28,MG95,84.34,85.20373753666878
2025-02-28,MG92,82.75,81.37666566729546
2025-03-03,MG95,83.79,85.75660802006722
2025-03-03,MG92,82.2,80.98786215782167
2025-03-04,MG95,80.03,86.56707565784454
2025-03-04,MG92,78.44,85.05151630163193
2025-03-05,MG95,79.94,84.6984305369854
2025-03-05,MG92,78.3,84.14157407999039
2025-03-06,MG95,78.59,87.15695702075958
2025-03-06,MG92,77.03,84.3417293214798
2025-03-07,MG95,78.69,86.8080864930153
2025-03-07,MG92,76.98,85.59413670063019
2025-03-10,MG95,78.55,84.81828601241112
2025-03-10,MG92,77.31,81.67481545686722
2025-03-11,MG95,77.98,85.73808210968971
2025-03-11,MG92,76.64,83.10665751338006
2025-03-12,MG95,79.15,83.03872390866279
2025-03-12,MG92,77.74,83.4763328075409
2025-03-13,MG95,80.46,84.87133562207222
2025-03-13,MG92,79.08,82.76232960820198
2025-03-14,MG95,80.05,84.0178796839714
2025-03-14,MG92,78.62,83.37888907194139
2025-03-17,MG95,81.04,81.9450861954689
2025-03-17,MG92,79.61,81.46449522137642
2025-03-18,MG95,81.95,82.29051765918732
2025-03-18,MG92,80.52,80.99085156738758
2025-03-19,MG95,80.27,83.14938807606697
2025-03-19,MG92,78.84,82.27283757686615
2025-03-20,MG95,80.97,83.45648318767547
2025-03-20,MG92,79.54,81.93555005669594
2025-03-21,MG95,81.9,85.54267981410027
2025-03-21,MG92,80.56,82.18175822913648
2025-03-24,MG95,82.07,82.55944530129433
2025-03-24,MG92,80.73,81.83319908261299
2025-03-25,MG95,83.15,84.66852807998657
2025-03-25,MG92,81.91,82.66863640487195
2025-03-26,MG95,83.45,85.19047769308091
2025-03-26,MG92,82.34,81.53199478745461
2025-03-27,MG95,83.88,83.34416090011597
2025-03-27,MG92,82.36,79.88582658648491
2025-03-28,MG95,84.1,82.71867089509963
2025-03-28,MG92,82.41,82.55364678800106
2025-03-31,MG95,84.1,81.0388058245182
2025-03-31,MG92,82.41,80.74260538876057
2025-04-01,MG95,85.57,84.09690139174461
2025-04-01,MG92,83.69,79.26427475869656
2025-04-02,MG95,85.91,83.8783928847313
2025-04-02,MG92,84.03,79.72435841083526
2025-04-03,MG95,83.12,80.92864830493927
2025-04-03,MG92,81.61,79.16799774408341
2025-04-04,MG95,77.52,80.65478212594986
2025-04-04,MG92,76.34,78.84063486337662
2025-02-10,MG95,86.48,86.06044234991073
2025-02-10,MG92,85.04,86.59217031002045
2025-02-11,MG95,87.44,86.89255400657653
2025-02-11,MG92,86.0,80.88775435209274
2025-02-12,MG95,87.69,81.12609665989875
2025-02-12,MG92,86.17,82.198411744833
2025-02-13,MG95,86.03,83.2300856333971
2025-02-13,MG92,84.59,78.80105330467224
2025-02-14,MG95,86.95,81.9601599317789
2025-02-14,MG92,85.55,76.30736882686615
2025-02-17,MG95,87.68,84.70089521646499
2025-02-17,MG92,86.29,81.52906990647315
2025-02-18,MG95,87.99,89.9514942920208
2025-02-18,MG92,86.6,89.3052065706253
2025-02-19,MG95,88.43,78.48334468841553
2025-02-19,MG92,87.04,82.59266913294792
2025-02-20,MG95,88.11,83.5578805553913
2025-02-20,MG92,86.72,80.12102280139923
2025-02-21,MG95,86.91,78.457973690629
2025-02-21,MG92,85.52,78.4163579428196
2025-02-24,MG95,85.82,80.20115334272384
2025-02-24,MG92,84.43,79.08023148179055
2025-02-25,MG95,86.01,83.82298429727554
2025-02-25,MG92,84.62,77.95727571487427
2025-02-26,MG95,83.78,80.00513576030731
2025-02-26,MG92,82.55,77.84371603131294
2025-02-27,MG95,83.41,84.97070729374884
2025-02-27,MG92,81.94,79.50632896780968
2025-02-28,MG95,84.34,79.20271617114544
2025-02-28,MG92,82.75,75.76364292263985
2025-03-03,MG95,83.79,83.72378313541412
2025-03-03,MG92,82.2,77.83338924288749
2025-03-04,MG95,80.03,80.7821741604805
2025-03-04,MG92,78.44,80.65752095341682
2025-03-05,MG95,79.94,80.68044558048248
2025-03-05,MG92,78.3,78.64248261928559
2025-03-06,MG95,78.59,76.84782999157905
2025-03-06,MG92,77.03,79.03612519860268
2025-03-07,MG95,78.69,83.39794492423533
2025-03-07,MG92,76.98,83.17637260437012
2025-03-10,MG95,78.55,83.25282730102539
2025-03-10,MG92,77.31,84.02680812358857
2025-03-11,MG95,77.98,78.50906218707561
2025-03-11,MG92,76.64,81.36731521129609
2025-03-12,MG95,79.15,84.35438415169715
2025-03-12,MG92,77.74,80.76412779927254
2025-03-13,MG95,80.46,81.26278106331824
2025-03-13,MG92,79.08,81.67011604189872
2025-03-14,MG95,80.05,83.47579042196273
2025-03-14,MG92,78.62,79.0381095814705
2025-03-17,MG95,81.04,80.15402412831783
2025-03-17,MG92,79.61,77.17192495465278
2025-03-18,MG95,81.95,82.64496285676955
2025-03-18,MG92,80.52,82.9208870589733
2025-03-19,MG95,80.27,83.92821865081787
2025-03-19,MG92,78.84,83.10797887444497
2025-03-20,MG95,80.97,82.73109380185603
2025-03-20,MG92,79.54,79.751242800951
2025-03-21,MG95,81.9,83.00995057106017
2025-03-21,MG92,80.56,81.16809716701508
2025-03-24,MG95,82.07,83.4396422278881
2025-03-24,MG92,80.73,80.35198597311974
2025-03-25,MG95,83.15,82.58140542447566
2025-03-25,MG92,81.91,84.94384293079376
2025-03-26,MG95,83.45,81.36988040685654
2025-03-26,MG92,82.34,82.93039910078049
2025-03-27,MG95,83.88,78.41312730550766
2025-03-27,MG92,82.36,83.24852516531944
2025-03-28,MG95,84.1,83.68122977077961
2025-03-28,MG92,82.41,81.8410728752613
2025-03-31,MG95,84.1,81.15534031450748
2025-03-31,MG92,82.41,80.5158050262928
2025-04-01,MG95,85.57,86.09089366197585
2025-04-01,MG92,83.69,84.2500586938858
2025-04-02,MG95,85.91,84.63221670508385
2025-04-02,MG92,84.03,82.20819370269776
2025-04-03,MG95,83.12,84.23092792868614
2025-04-03,MG92,81.61,82.1275587797165
2025-04-04,MG95,77.52,83.0298183196783
2025-04-04,MG92,76.34,78.15805327415467
2025-04-07,MG95,72.28,81.40257887899875
2025-04-07,MG92,71.39,80.38947431445122
2025-04-08,MG95,73.41,82.33628153443335
2025-04-08,MG92,72.72,78.1354802942276
2025-04-09,MG95,70.34,81.88705843865871
2025-04-09,MG92,68.86,75.47716201663017
2025-04-10,MG95,72.44,78.14284133732319
2025-04-10,MG92,70.96,74.39521849513054
2025-04-11,MG95,71.93,79.84365616202354
2025-04-11,MG92,70.37,79.8691111445427
2025-04-14,MG95,74.29,80.90235391199589
2025-04-14,MG92,72.8,77.51314883589744
2025-04-15,MG95,74.65,80.46891189277171
2025-04-15,MG92,73.16,77.56596241116523
2025-04-16,MG95,75.04,78.95461645007133
2025-04-16,MG92,73.79,78.7766458952427
2025-04-17,MG95,76.74,78.30078968405724
2025-04-17,MG92,74.96,82.00404219269753
2025-04-21,MG95,76.84,77.89417090892792
2025-04-21,MG92,75.54,78.02082095265388
2025-04-22,MG95,77.15,82.77688287317753
2025-04-22,MG92,75.85,77.56565750598908
2025-04-23,MG95,78.76,77.5227831196785
2025-04-23,MG92,77.55,75.41122752189636
2025-04-24,MG95,77.62,77.75037814199924
2025-04-24,MG92,76.19,76.3397387599945
2025-04-25,MG95,78.45,79.45740450441836
2025-04-25,MG92,76.62,74.66460971593857
2025-04-25,MG95,78.45,80.31475467324256
2025-04-25,MG92,76.62,73.36161993861198
2025-04-25,MG95,78.45,79.55200433850288
2025-04-25,MG92,76.62,77.56945132613183
2025-04-25,MG95,78.45,74.30262820720672
2025-04-25,MG92,76.62,76.13975095510483
2025-04-28,MG95,78.17,77.39634597003459
2025-04-28,MG92,76.29,74.69974878787994
2025-04-29,MG95,76.83,75.75308595955372
2025-04-29,MG92,75.3,76.91862872838973
2025-04-30,MG95,74.78,75.8606591939926
2025-04-30,MG92,73.34,74.55175481319428
2025-03-10,MG95,78.55,83.92199917316437
2025-03-10,MG92,77.31,80.25906626701355
2025-03-11,MG95,77.98,80.27027109861373
2025-03-11,MG92,76.64,84.75244347810745
2025-03-12,MG95,79.15,79.23125940799713
2025-03-12,MG92,77.74,80.61064518928528
2025-03-13,MG95,80.46,74.7926555353403
2025-03-13,MG92,79.08,73.11558217406274
2025-03-14,MG95,80.05,83.28846300959587
2025-03-14,MG92,78.62,77.87973260164262
2025-03-17,MG95,81.04,82.77332851409912
2025-03-17,MG92,79.61,76.62140546679497
2025-03-18,MG95,81.95,77.02340412318706
2025-03-18,MG92,80.52,74.50244319319725
2025-03-19,MG95,80.27,81.39936448931694
2025-03-19,MG92,78.84,81.54448770046234
2025-03-20,MG95,80.97,77.91014087498188
2025-03-20,MG92,79.54,72.31166382193565
2025-03-21,MG95,81.9,76.68832046091556
2025-03-21,MG92,80.56,77.21819123268128
2025-03-24,MG95,82.07,81.70809810519218
2025-03-24,MG92,80.73,78.04929106235504
2025-03-25,MG95,83.15,78.78371198415756
2025-03-25,MG92,81.91,73.89491606354714
2025-03-26,MG95,83.45,73.82361827373505
2025-03-26,MG92,82.34,68.98388287782669
2025-03-27,MG95,83.88,78.84872877717018
2025-03-27,MG92,82.36,78.27533230304718
2025-03-28,MG95,84.1,79.44940477252007
2025-03-28,MG92,82.41,73.85732358455658
2025-03-31,MG95,84.1,77.29851305365563
2025-03-31,MG92,82.41,71.88518442034722
2025-04-01,MG95,85.57,77.76233109176158
2025-04-01,MG92,83.69,75.34283446311952
2025-04-02,MG95,85.91,81.31386051177978
2025-04-02,MG92,84.03,75.04475588321687
2025-04-03,MG95,83.12,78.75981964945792
2025-04-03,MG92,81.61,77.0944797205925
2025-04-04,MG95,77.52,75.46614358484744
2025-04-04,MG92,76.34,73.73912728786469
2025-04-07,MG95,72.28,77.42298864662646
2025-04-07,MG92,71.39,74.84851148843765
2025-04-08,MG95,73.41,70.96044043064117
2025-04-08,MG92,72.72,72.19772552847863
2025-04-09,MG95,70.34,72.9801775842905
2025-04-09,MG92,68.86,73.96646244764328
2025-04-10,MG95,72.44,76.1258609443903
2025-04-10,MG92,70.96,73.34522069334984
2025-04-11,MG95,71.93,74.52126131415366
2025-04-11,MG92,70.37,73.98538945555687
2025-04-14,MG95,74.29,73.73789854288101
2025-04-14,MG92,72.8,74.64469170212746
2025-04-15,MG95,74.65,78.2446523219347
2025-04-15,MG92,73.16,77.76185749053955
2025-04-16,MG95,75.04,74.45821444272995
2025-04-16,MG92,73.79,73.34481691718102
2025-04-17,MG95,76.74,76.05426836550235
2025-04-17,MG92,74.96,74.19739947438241
2025-04-21,MG95,76.84,72.59547065913677
2025-04-21,MG92,75.54,71.47796697735787
2025-04-22,MG95,77.15,71.64693934321403
2025-04-22,MG92,75.85,72.94577135324478
2025-04-23,MG95,78.76,77.04969319581986
2025-04-23,MG92,77.55,71.51864283800126
2025-04-24,MG95,77.62,74.01379544198512
2025-04-24,MG92,76.19,75.05534583091736
2025-04-25,MG95,78.45,75.51670021533965
2025-04-25,MG92,76.62,73.1816225194931
2025-04-25,MG95,78.45,76.56603992342949
2025-04-25,MG92,76.62,69.877980966568
2025-04-25,MG95,78.45,75.7668145930767
2025-04-25,MG92,76.62,70.50995031952858
2025-04-25,MG95,78.45,74.72216048419476
2025-04-25,MG92,76.62,70.92922139883042
2025-04-28,MG95,78.17,69.95601024448871
2025-04-28,MG92,76.29,67.6986036837101
2025-04-29,MG95,76.83,75.16568832993507
2025-04-29,MG92,75.3,70.48355804085732
2025-04-30,MG95,74.78,75.57728937506675
2025-04-30,MG92,73.34,74.21984117031097
2025-05-01,MG95,74.78,74.67127553343772
2025-05-01,MG92,73.34,73.76076601982118
2025-05-02,MG95,75.24,73.1072422170639
2025-05-02,MG92,73.73,70.55168609261513
2025-05-05,MG95,73.1,73.52197168529034
2025-05-05,MG92,71.59,74.90397565126419
2025-05-06,MG95,74.97,76.50019294917583
2025-05-06,MG92,73.46,74.49956628799438
2025-05-07,MG95,76.52,75.9827133089304
2025-05-07,MG92,74.79,73.96211267709732
2025-05-08,MG95,74.88,79.93201680064202
2025-05-08,MG92,73.38,76.12076431274414
2025-05-09,MG95,76.72,77.22573852181435
2025-05-09,MG92,75.22,74.63055035948754
2025-05-12,MG95,76.72,77.07057436466216
2025-05-12,MG92,75.22,74.27005624294281
2025-05-13,MG95,77.69,75.23977145254612
2025-05-13,MG92,76.19,77.04990833759308
2025-05-14,MG95,78.68,76.08933296978473
2025-05-14,MG92,77.18,77.8904051399231
2025-05-15,MG95,76.57,78.9114285671711
2025-05-15,MG92,75.07,75.31906214118004
2025-05-16,MG95,76.6,77.37155962228775
2025-05-16,MG92,75.1,73.43305577516556
2025-05-19,MG95,76.59,74.5399661886692
2025-05-19,MG92,75.09,73.5593918323517
2025-05-20,MG95,76.33,73.4221435636282
2025-05-20,MG92,74.8,69.51767038464547
2025-05-21,MG95,77.54,74.88681309700011
2025-05-21,MG92,76.05,72.36114934444429
2025-05-22,MG95,77.12,74.33341991007327
2025-05-22,MG92,75.87,71.85903532505036
2025-05-23,MG95,76.75,72.6560082256794
2025-05-23,MG92,75.5,73.07105667471886
2025-05-26,MG95,77.26,70.59430236160755
2025-05-26,MG92,76.01,70.15038764119149
2025-05-27,MG95,76.86,75.59473725199699
2025-05-27,MG92,75.61,67.85312148213387
2025-05-28,MG95,76.5,73.2621906208992
2025-05-28,MG92,75.17,73.00220366120338
2025-04-07,MG95,72.28,67.84625972270965
2025-04-07,MG92,71.39,71.80589374184609
2025-04-08,MG95,73.41,75.82004344940185
2025-04-08,MG92,72.72,76.0781804227829
2025-04-09,MG95,70.34,76.93384600639342
2025-04-09,MG92,68.86,71.96895082473755
2025-04-10,MG95,72.44,74.98399613857269
2025-04-10,MG92,70.96,80.6380181670189
2025-04-11,MG95,71.93,74.8653218793869
2025-04-11,MG92,70.37,72.76636298060417
2025-04-14,MG95,74.29,77.27335493087769
2025-04-14,MG92,72.8,81.39751335144044
2025-04-15,MG95,74.65,79.71263677597045
2025-04-15,MG92,73.16,76.2688664329052
2025-04-16,MG95,75.04,78.859035987854
2025-04-16,MG92,73.79,73.68100241780282
2025-04-17,MG95,76.74,83.56128865242005
2025-04-17,MG92,74.96,74.16322093248368
2025-04-21,MG95,76.84,79.40188616752624
2025-04-21,MG92,75.54,75.33790991187097
2025-04-22,MG95,77.15,73.50032300949097
2025-04-22,MG92,75.85,80.10343118667603
2025-04-23,MG95,78.76,77.71702033996581
2025-04-23,MG92,77.55,72.69503375411034
2025-04-24,MG95,77.62,76.38211512565613
2025-04-24,MG92,76.19,74.94836569905281
2025-04-25,MG95,78.45,76.66855238914489
2025-04-25,MG92,76.62,73.87554701328278
2025-04-25,MG95,78.45,75.74079174041748
2025-04-25,MG92,76.62,74.37709940671921
2025-04-25,MG95,78.45,77.50173957824707
2025-04-25,MG92,76.62,74.5790062558651
2025-04-25,MG95,78.45,74.28065108299255
2025-04-25,MG92,76.62,73.14498211860658
2025-04-28,MG95,78.17,69.76774402141571
2025-04-28,MG92,76.29,70.36980380535127
2025-04-29,MG95,76.83,72.75749533653259
2025-04-29,MG92,75.3,73.0480351614952
2025-04-30,MG95,74.78,74.1229839849472
2025-04-30,MG92,73.34,70.14708880662918
2025-05-01,MG95,74.78,71.07767053127289
2025-05-01,MG92,73.34,67.93511834859848
2025-05-02,MG95,75.24,73.55375969409943
2025-05-02,MG92,73.73,71.50297659039498
2025-05-05,MG95,73.1,78.02455504417419
2025-05-05,MG92,71.59,69.32633402943611
2025-05-06,MG95,74.97,74.71703450202942
2025-05-06,MG92,73.46,71.69670214653016
2025-05-07,MG95,76.52,70.87908382415772
2025-05-07,MG92,74.79,72.29079688549042
2025-05-08,MG95,74.88,74.64153468132018
2025-05-08,MG92,73.38,72.49957911491394
2025-05-09,MG95,76.72,77.31849772453307
2025-05-09,MG92,75.22,75.10046585559846
2025-05-12,MG95,76.72,76.29667187690734
2025-05-12,MG92,75.22,74.82341669678688
2025-05-13,MG95,77.69,77.88130868911743
2025-05-13,MG92,76.19,76.39105345249176
2025-05-14,MG95,78.68,76.06460464954375
2025-05-14,MG92,77.18,77.87970296382905
2025-05-15,MG95,76.57,79.25709654808044
2025-05-15,MG92,75.07,74.3712614762783
2025-05-16,MG95,76.6,75.72242042541504
2025-05-16,MG92,75.1,74.6767586016655
2025-05-19,MG95,76.59,76.51989536762237
2025-05-19,MG92,75.09,70.24418592095375
2025-05-20,MG95,76.33,69.99595770835876
2025-05-20,MG92,74.8,69.20330521941186
2025-05-21,MG95,77.54,70.93062146186828
2025-05-21,MG92,76.05,67.17605998516083
2025-05-22,MG95,77.12,72.93315024375916
2025-05-22,MG92,75.87,70.23844354510308
2025-05-23,MG95,76.75,71.13269206523896
2025-05-23,MG92,75.5,69.38605564832687
2025-05-26,MG95,77.26,68.95979890823364
2025-05-26,MG92,76.01,67.55917928934097
2025-05-27,MG95,76.86,67.81550070762634
2025-05-27,MG92,75.61,64.9518585395813
2025-05-28,MG95,76.5,73.39606949329375
2025-05-28,MG92,75.17,68.53035519242287
2025-05-29,MG95,77.4,66.34549517154693
2025-05-29,MG92,76.07,67.98989843010902
2025-05-30,MG95,76.02,63.49118609905243
2025-05-30,MG92,74.69,67.36748313069344
2025-06-02,MG95,77.31,68.66057195663451
2025-06-02,MG92,75.47,67.96550925850869
2025-06-03,MG95,77.7,67.68227170944213
2025-06-03,MG92,75.86,65.86697119951249
2025-06-04,MG95,78.1,67.84630592823028
2025-06-04,MG92,76.26,68.6001555454731
2025-06-05,MG95,77.06,66.72096123218536
2025-06-05,MG92,75.22,68.70917423248291
2025-06-06,MG95,77.44,65.76798161029815
2025-06-06,MG92,75.6,67.78757296085358
2025-06-09,MG95,78.69,66.50942311763762
2025-06-09,MG92,76.85,68.84345118284226
2025-06-10,MG95,80.06,70.24086544990539
2025-06-10,MG92,78.18,67.66849374055863
2025-06-11,MG95,80.07,66.93348814487457
2025-06-11,MG92,77.89,67.85557142734528
2025-06-12,MG95,81.75,68.77678346157073
2025-06-12,MG92,79.62,67.47382628917694
2025-06-13,MG95,85.44,69.90247469902039
2025-06-13,MG92,83.31,69.32176560997964
2025-06-16,MG95,85.14,66.31024960041046
2025-06-16,MG92,83.01,67.33421648263932
2025-06-17,MG95,85.82,67.64691062450409
2025-06-17,MG92,83.91,66.67232803702355
2025-06-18,MG95,87.49,68.42639313697815
2025-06-18,MG92,85.59,66.80511251568795
2025-06-19,MG95,88.68,70.31648540496826
2025-06-19,MG92,86.69,68.7748566377163
2025-06-20,MG95,89.81,64.14636651992798
2025-06-20,MG92,88.0,67.24080504536629
2025-06-23,MG95,89.27,69.393211312294
2025-06-23,MG92,87.46,66.8067323935032
2025-06-24,MG95,82.55,66.83754238128662
2025-06-24,MG92,80.74,65.75517687916756
2025-06-25,MG95,81.1,69.03595946788788
2025-06-25,MG92,79.29,64.16633610486984
2025-05-01,MG95,74.78,71.76506807446479
2025-05-01,MG92,73.34,77.03338230133058
2025-05-02,MG95,75.24,73.62350789070129
2025-05-02,MG92,73.73,75.9630263876915
2025-05-05,MG95,73.1,74.53636305928231
2025-05-05,MG92,71.59,74.61344263076782
2025-05-06,MG95,74.97,76.18778212308884
2025-05-06,MG92,73.46,75.74888875961304
2025-05-07,MG95,76.52,71.49396119236947
2025-05-07,MG92,74.79,73.40710980415345
2025-05-08,MG95,74.88,74.95598056554795
2025-05-08,MG92,73.38,75.15358213186265
2025-05-09,MG95,76.72,78.42464567661285
2025-05-09,MG92,75.22,79.37638525009156
2025-05-12,MG95,76.72,81.95369741201401
2025-05-12,MG92,75.22,78.73663017988206
2025-05-13,MG95,77.69,83.55813275814056
2025-05-13,MG92,76.19,76.48781351566315
2025-05-14,MG95,78.68,76.16546028852463
2025-05-14,MG92,77.18,77.53461630105973
2025-05-15,MG95,76.57,84.35048656940461
2025-05-15,MG92,75.07,78.71270111083984
2025-05-16,MG95,76.6,82.04364442110062
2025-05-16,MG92,75.1,81.8595004606247
2025-05-19,MG95,76.59,82.2586347103119
2025-05-19,MG92,75.09,75.71324432611466
2025-05-20,MG95,76.33,78.10876140832902
2025-05-20,MG92,74.8,71.88618884205819
2025-05-21,MG95,77.54,75.47852009296417
2025-05-21,MG92,76.05,76.28736712694169
2025-05-22,MG95,77.12,71.92929936766625
2025-05-22,MG92,75.87,75.05907236337661
2025-05-23,MG95,76.75,74.80102923631668
2025-05-23,MG92,75.5,74.61202629566193
2025-05-26,MG95,77.26,74.32412288427354
2025-05-26,MG92,76.01,80.34991455078125
2025-05-27,MG95,76.86,73.13658613085747
2025-05-27,MG92,75.61,72.1401455950737
2025-05-28,MG95,76.5,71.80885595440864
2025-05-28,MG92,75.17,76.39080330371857
2025-05-29,MG95,77.4,75.12517721891403
2025-05-29,MG92,76.07,83.01582441806794
2025-05-30,MG95,76.02,77.47752774000168
2025-05-30,MG92,74.69,69.34696665287018
2025-06-02,MG95,77.31,78.91208001852036
2025-06-02,MG92,75.47,71.63311948418618
2025-06-03,MG95,77.7,77.53799459457397
2025-06-03,MG92,75.86,75.68547716379166
2025-06-04,MG95,78.1,73.6036553645134
2025-06-04,MG92,76.26,71.91698101639749
2025-06-05,MG95,77.06,79.81421553611756
2025-06-05,MG92,75.22,76.32948998212815
2025-06-06,MG95,77.44,82.46693023204804
2025-06-06,MG92,75.6,76.37050250053406
2025-06-09,MG95,78.69,78.55915612459182
2025-06-09,MG92,76.85,77.41764625549317
2025-06-10,MG95,80.06,79.67503390550614
2025-06-10,MG92,78.18,74.17336458206177
2025-06-11,MG95,80.07,77.53964377164841
2025-06-11,MG92,77.89,72.77119282722474
2025-06-12,MG95,81.75,77.20349691152573
2025-06-12,MG92,79.62,75.21651287317276
2025-06-13,MG95,85.44,76.01193527460099
2025-06-13,MG92,83.31,72.69908213615417
2025-06-16,MG95,85.14,80.29208465099335
2025-06-16,MG92,83.01,77.88387404680252
2025-06-17,MG95,85.82,76.42277648448945
2025-06-17,MG92,83.91,78.00128123283386
2025-06-18,MG95,87.49,80.35133913755416
2025-06-18,MG92,85.59,75.16885581970215
2025-06-19,MG95,88.68,80.36338258743287
2025-06-19,MG92,86.69,81.30052020549775
2025-06-20,MG95,89.81,78.44530941963195
2025-06-20,MG92,88.0,76.11079735040666
2025-06-23,MG95,89.27,79.35544121742248
2025-06-23,MG92,87.46,78.78587842464448
2025-06-24,MG95,82.55,79.92268681526184
2025-06-24,MG92,80.74,80.64471333742142
2025-06-25,MG95,81.1,78.69519094705582
2025-06-25,MG92,79.29,74.98578139305116
2025-06-26,MG95,79.86,81.47177221298217
2025-06-26,MG92,78.05,78.92604314327241
2025-06-27,MG95,79.59,83.0561767435074
2025-06-27,MG92,77.78,76.07781947374345
2025-06-30,MG95,79.2,81.84364827156067
2025-06-30,MG92,77.39,79.16511526346207
2025-07-01,MG95,79.36,80.00318448543548
2025-07-01,MG92,77.65,83.67844193458558
2025-07-02,MG95,80.1,76.42830345630645
2025-07-02,MG92,78.26,76.31459223508836
2025-07-03,MG95,80.19,78.78129581928253
2025-07-03,MG92,78.83,74.48484464883805
2025-07-04,MG95,80.68,76.0266084933281
2025-07-04,MG92,79.32,76.6367997288704
2025-07-07,MG95,80.11,80.94326890468598
2025-07-07,MG92,78.42,73.07099687218667
2025-07-08,MG95,79.99,79.32293014287949
2025-07-08,MG92,78.3,78.97021181583405
2025-07-09,MG95,81.39,78.31368726015091
2025-07-09,MG92,79.7,75.93021462440491
2025-07-10,MG95,80.3,78.75219898700715
2025-07-10,MG92,78.61,76.45562249183655
2025-07-11,MG95,79.29,81.96708694696426
2025-07-11,MG92,77.6,73.33683947443963
2025-07-14,MG95,80.84,74.81412459373475
2025-07-14,MG92,79.15,78.05375557422639
2025-07-15,MG95,78.87,76.62462684392929
2025-07-15,MG92,77.18,77.36417523384094
2025-07-16,MG95,79.2,80.04560845136642
2025-07-16,MG92,77.51,77.32210483551026
2025-07-17,MG95,79.08,80.75684057950974
2025-07-17,MG92,77.39,71.54351880311967
2025-07-18,MG95,79.42,78.73634014368058
2025-07-18,MG92,77.73,72.74387154817582
2025-07-21,MG95,78.69,72.94442134380341
2025-07-21,MG92,77.0,69.4302156829834
2025-07-22,MG95,78.08,74.82511613607407
2025-07-22,MG92,76.39,74.61829488992691
2025-07-23,MG95,77.26,74.79348759412765
2025-07-23,MG92,75.57,76.30535982847213
2025-05-29,MG95,77.4,72.94387874007225
2025-05-29,MG92,76.07,80.55296654343606
2025-05-30,MG95,76.02,74.60692182183266
2025-05-30,MG92,74.69,75.43568357110024
2025-06-02,MG95,77.31,82.45626246929169
2025-06-02,MG92,75.47,73.53410912573338
2025-06-03,MG95,77.7,76.43869864940643
2025-06-03,MG92,75.86,77.43436348438263
2025-06-04,MG95,78.1,82.3674749135971
2025-06-04,MG92,76.26,73.43204824566841
2025-06-05,MG95,77.06,77.7498289346695
2025-06-05,MG92,75.22,80.62766512513161
2025-06-06,MG95,77.44,79.25660920143127
2025-06-06,MG92,75.6,83.14312373399734
2025-06-09,MG95,78.69,76.12872192263603
2025-06-09,MG92,76.85,72.13562998652458
2025-06-10,MG95,80.06,81.02988892793655
2025-06-10,MG92,78.18,73.70082334876061
2025-06-11,MG95,80.07,79.52718508243561
2025-06-11,MG92,77.89,83.83188121795655
2025-06-12,MG95,81.75,82.4780945777893
2025-06-12,MG92,79.62,80.25698595881462
2025-06-13,MG95,85.44,82.74259686470032
2025-06-13,MG92,83.31,71.07310180425644
2025-06-16,MG95,85.14,79.92075580358505
2025-06-16,MG92,83.01,75.6838484609127
2025-06-17,MG95,85.82,82.6058589220047
2025-06-17,MG92,83.91,80.05098239660263
2025-06-18,MG95,87.49,85.49631518125534
2025-06-18,MG92,85.59,83.27854179620743
2025-06-19,MG95,88.68,85.54836022853851
2025-06-19,MG92,86.69,83.44474972486496
2025-06-20,MG95,89.81,83.60092520713806
2025-06-20,MG92,88.0,85.10311021208763
2025-06-23,MG95,89.27,89.09854012727737
2025-06-23,MG92,87.46,82.9378191268444
2025-06-24,MG95,82.55,84.97332036495209
2025-06-24,MG92,80.74,79.1127606832981
2025-06-25,MG95,81.1,82.92746758460999
2025-06-25,MG92,79.29,83.94131248950958
2025-06-26,MG95,79.86,78.92159485816956
2025-06-26,MG92,78.05,83.86962479114533
2025-06-27,MG95,79.59,82.26702350378036
2025-06-27,MG92,77.78,83.65800270557403
2025-06-30,MG95,79.2,87.92242419719696
2025-06-30,MG92,77.39,83.91753905653954
2025-07-01,MG95,79.36,85.34639954566956
2025-07-01,MG92,77.65,80.56227698326111
2025-07-02,MG95,80.1,81.36224949359894
2025-07-02,MG92,78.26,80.08074175238609
2025-07-03,MG95,80.19,80.1916052699089
2025-07-03,MG92,78.83,84.70796761870385
2025-07-04,MG95,80.68,82.50897324085236
2025-07-04,MG92,79.32,83.79963071465492
2025-07-07,MG95,80.11,78.78168332576752
2025-07-07,MG92,78.42,77.6929768562317
2025-07-08,MG95,79.99,76.37883362174034
2025-07-08,MG92,78.3,89.28085420966148
2025-07-09,MG95,81.39,83.02272087335587
2025-07-09,MG92,79.7,83.73605268716813
2025-07-10,MG95,80.3,80.86822736263275
2025-07-10,MG92,78.61,77.08489491581916
2025-07-11,MG95,79.29,80.52895420789719
2025-07-11,MG92,77.6,79.25627049446106
2025-07-14,MG95,80.84,80.35135173797607
2025-07-14,MG92,79.15,79.29581522107125
2025-07-15,MG95,78.87,79.77559143304825
2025-07-15,MG92,77.18,78.89585162997246
2025-07-16,MG95,79.2,78.77173393964767
2025-07-16,MG92,77.51,72.93126038730145
2025-07-17,MG95,79.08,81.46974116563797
2025-07-17,MG92,77.39,78.59528303265571
2025-07-18,MG95,79.42,78.41882711648941
2025-07-18,MG92,77.73,76.32945891141891
2025-07-21,MG95,78.69,77.3836076259613
2025-07-21,MG92,77.0,74.29970238089561
2025-07-22,MG95,78.08,74.85200867056847
2025-07-22,MG92,76.39,79.20307822227478
2025-07-23,MG95,77.26,75.77046194672585
2025-07-23,MG92,75.57,75.0150694423914
2025-07-24,MG95,78.14,71.3193154335022
2025-07-24,MG92,76.45,75.36896920681
2025-07-25,MG95,78.22,75.05372768640518
2025-07-25,MG92,76.53,75.89568560957909
2025-07-28,MG95,77.92,79.76599770784378
2025-07-28,MG92,76.23,81.33478362083436
2025-07-29,MG95,79.49,85.53939574956894
2025-07-29,MG92,77.8,74.68841100335122
2025-07-30,MG95,81.72,76.74877113103867
2025-07-30,MG92,80.03,73.60075180232525
2025-07-31,MG95,82.4,81.29253995418549
2025-07-31,MG92,80.71,74.40016820967197
2025-08-01,MG95,81.46,76.27035704255104
2025-08-01,MG92,79.77,78.69998291611671
2025-08-04,MG95,79.18,76.94498652219772
2025-08-04,MG92,77.49,81.3868288898468
2025-08-05,MG95,79.02,78.68227154016495
2025-08-05,MG92,77.33,73.73872373878956
2025-08-06,MG95,78.93,83.11002194881439
2025-08-06,MG92,77.24,76.65079005837441
2025-08-07,MG95,77.92,85.23220503330231
2025-08-07,MG92,76.23,77.15554314255715
2025-08-08,MG95,78.6,86.21630054712296
2025-08-08,MG92,76.45,73.34326751172543
2025-08-11,MG95,79.23,79.53026747703552
2025-08-11,MG92,77.08,81.3567469394207
2025-08-12,MG95,80.53,79.57814490795135
2025-08-12,MG92,78.38,78.6306250679493
2025-08-13,MG95,79.43,81.0498515367508
2025-08-13,MG92,77.01,84.31532513380051
2025-08-14,MG95,79.84,77.3978340625763
2025-08-14,MG92,77.42,81.33782138705254
2025-08-15,MG95,80.6,80.15948635339737
2025-08-15,MG92,78.18,75.46831043481826
2025-08-18,MG95,79.42,83.64677810668945
2025-08-18,MG92,76.71,77.38660155534744
2025-08-19,MG95,79.65,82.31444495916367
2025-08-19,MG92,76.94,79.39877667784691
2025-08-20,MG95,80.77,85.01313614845276
2025-08-20,MG92,78.16,81.71302583932876
2025-06-26,MG95,79.86,83.49853171110152
2025-06-26,MG92,78.05,79.55925265073778
2025-06-27,MG95,79.59,82.46990865468979
2025-06-27,MG92,77.78,85.15713870406151
2025-06-30,MG95,79.2,77.56025801301001
2025-06-30,MG92,77.39,75.35615222990513
2025-07-01,MG95,79.36,83.05534672737122
2025-07-01,MG92,77.65,81.24640605568887
2025-07-02,MG95,80.1,79.14455175995826
2025-07-02,MG92,78.26,77.49624575972558
2025-07-03,MG95,80.19,78.10629950165747
2025-07-03,MG92,78.83,75.68079893946648
2025-07-04,MG95,80.68,78.53496333956718
2025-07-04,MG92,79.32,77.79695974051953
2025-07-07,MG95,80.11,76.98381589651108
2025-07-07,MG92,78.42,79.81739907860756
2025-07-08,MG95,79.99,78.03107861280441
2025-07-08,MG92,78.3,75.8723033040762
2025-07-09,MG95,81.39,82.3166631937027
2025-07-09,MG92,79.7,73.69727952182294
2025-07-10,MG95,80.3,79.95902658700942
2025-07-10,MG92,78.61,75.93058498084545
2025-07-11,MG95,79.29,72.75234723687171
2025-07-11,MG92,77.6,76.4127321088314
2025-07-14,MG95,80.84,75.80458670854568
2025-07-14,MG92,79.15,75.84282691597939
2025-07-15,MG95,78.87,69.78235236406326
2025-07-15,MG92,77.18,70.81133932471276
2025-07-16,MG95,79.2,77.80035481452941
2025-07-16,MG92,77.51,76.54967892587186
2025-07-17,MG95,79.08,77.97131181955336
2025-07-17,MG92,77.39,75.79502762317658
2025-07-18,MG95,79.42,70.20347526073455
2025-07-18,MG92,77.73,79.96500314354897
2025-07-21,MG95,78.69,77.95194706916809
2025-07-21,MG92,77.0,74.58552687048913
2025-07-22,MG95,78.08,72.2088870704174
2025-07-22,MG92,76.39,78.37798533439637
2025-07-23,MG95,77.26,73.47914895415306
2025-07-23,MG92,75.57,73.7837521004677
2025-07-24,MG95,78.14,83.36892420053482
2025-07-24,MG92,76.45,76.88110752046109
2025-07-25,MG95,78.22,78.29221754074096
2025-07-25,MG92,76.53,75.10862524151803
2025-07-28,MG95,77.92,81.23667472600937
2025-07-28,MG92,76.23,75.88257301568986
2025-07-29,MG95,79.49,76.82197569608688
2025-07-29,MG92,77.8,81.20282240152359
2025-07-30,MG95,81.72,76.07031787633895
2025-07-30,MG92,80.03,76.97333170473576
2025-07-31,MG95,82.4,77.48510479927063
2025-07-31,MG92,80.71,76.04858978033066
2025-08-01,MG95,81.46,84.27421419620514
2025-08-01,MG92,79.77,80.82376465201378
2025-08-04,MG95,79.18,78.90231352448463
2025-08-04,MG92,77.49,77.72911253392697
2025-08-05,MG95,79.02,73.40087785124778
2025-08-05,MG92,77.33,77.81516921997071
2025-08-06,MG95,78.93,72.7605649292469
2025-08-06,MG92,77.24,73.62714963197709
2025-08-07,MG95,77.92,76.57986797690391
2025-08-07,MG92,76.23,76.11190470278264
2025-08-08,MG95,78.6,74.5473136126995
2025-08-08,MG92,76.45,75.25615368962289
2025-08-11,MG95,79.23,79.65503481030464
2025-08-11,MG92,77.08,76.21912937700749
2025-08-12,MG95,80.53,76.79264820218086
2025-08-12,MG92,78.38,77.73751072883607
2025-08-13,MG95,79.43,83.32125191688537
2025-08-13,MG92,77.01,81.86635069012642
2025-08-14,MG95,79.84,87.60191555023192
2025-08-14,MG92,77.42,80.79818725705148
2025-08-15,MG95,80.6,84.50067446231841
2025-08-15,MG92,78.18,80.0426994431019
2025-08-18,MG95,79.42,86.97756428718566
2025-08-18,MG92,76.71,83.38600335001946
2025-08-19,MG95,79.65,87.60877007246017
2025-08-19,MG92,76.94,86.29625908613205
2025-08-20,MG95,80.77,88.82883635759353
2025-08-20,MG92,78.16,82.79213707208633
2025-08-21,MG95,81.77,86.79953039884566
2025-08-21,MG92,79.01,82.93976004123688
2025-08-22,MG95,82.69,90.20124899148941
2025-08-22,MG92,79.93,84.78233440160751
2025-08-25,MG95,81.54,90.16046023368835
2025-08-25,MG92,79.6,85.7464868760109
2025-08-26,MG95,81.12,87.95905646085738
2025-08-26,MG92,79.18,85.25940102338791
2025-08-27,MG95,79.35,87.7800171136856
2025-08-27,MG92,77.41,91.44497167825699
2025-08-28,MG95,80.24,88.49652254581451
2025-08-28,MG92,78.3,84.8867328965664
2025-08-29,MG95,81.37,84.26062116622924
2025-08-29,MG92,79.43,85.79396479725838
2025-09-01,MG95,81.25,83.23356430530548
2025-09-01,MG92,79.31,84.6244180905819
2025-09-02,MG95,82.72,86.98988115787506
2025-09-02,MG92,80.78,80.46696660876275
2025-09-03,MG95,82.95,84.4282427549362
2025-09-03,MG92,80.73,79.93951081752778
2025-09-04,MG95,81.45,84.8010069489479
2025-09-04,MG92,79.28,79.51787133693696
2025-09-05,MG95,81.6,87.02597132921218
2025-09-05,MG92,79.24,82.6797515487671
2025-09-08,MG95,81.23,87.09310504198073
2025-09-08,MG92,78.87,84.56716669321061
2025-09-09,MG95,81.58,86.73738530874252
2025-09-09,MG92,79.22,87.27009996771812
2025-09-10,MG95,81.84,84.01530854701996
2025-09-10,MG92,79.48,86.88022901058197
2025-09-11,MG95,82.05,89.65804985761642
2025-09-11,MG92,79.69,84.90371832847596
2025-09-12,MG95,81.4,88.81670317649841
2025-09-12,MG92,79.14,84.20155928850174
2025-09-15,MG95,83.32,86.92636322975159
2025-09-15,MG92,81.06,86.38544914484025
2025-09-16,MG95,83.4,88.06850645542144
2025-09-16,MG92,81.14,87.68954656004907
2025-09-17,MG95,83.21,87.0999498963356
2025-09-17,MG92,81.74,83.40528564333917
2025-07-24,MG95,78.14,71.4788740003109
2025-07-24,MG92,76.45,79.74530022740363
2025-07-25,MG95,78.22,82.43513301610948
2025-07-25,MG92,76.53,82.4188501560688
2025-07-28,MG95,77.92,94.12272539854051
2025-07-28,MG92,76.23,80.08485411286354
2025-07-29,MG95,79.49,86.87028897762299
2025-07-29,MG92,77.8,74.8207554155588
2025-07-30,MG95,81.72,84.82547883987428
2025-07-30,MG92,80.03,84.95757668852805
2025-07-31,MG95,82.4,83.16428819179535
2025-07-31,MG92,80.71,79.88011461496352
2025-08-01,MG95,81.46,83.51877610445023
2025-08-01,MG92,79.77,81.67219555735588
2025-08-04,MG95,79.18,87.86023761987687
2025-08-04,MG92,77.49,77.06920085191726
2025-08-05,MG95,79.02,82.48052964687348
2025-08-05,MG92,77.33,82.79987083911895
2025-08-06,MG95,78.93,79.5593775701523
2025-08-06,MG92,77.24,81.44355612158775
2025-08-07,MG95,77.92,80.86056344985963
2025-08-07,MG92,76.23,78.19754277348518
2025-08-08,MG95,78.6,79.89375060319901
2025-08-08,MG92,76.45,76.94236812472343
2025-08-11,MG95,79.23,90.0241713166237
2025-08-11,MG92,77.08,80.75989898443221
2025-08-12,MG95,80.53,84.94773383617402
2025-08-12,MG92,78.38,79.08675919532776
2025-08-13,MG95,79.43,80.71996191501619
2025-08-13,MG92,77.01,84.32940380215643
2025-08-14,MG95,79.84,90.05472125053406
2025-08-14,MG92,77.42,84.64203985333442
2025-08-15,MG95,80.6,90.40911706209184
2025-08-15,MG92,78.18,89.91059332609176
2025-08-18,MG95,79.42,90.15523117780685
2025-08-18,MG92,76.71,89.93872732758521
2025-08-19,MG95,79.65,88.32997163534165
2025-08-19,MG92,76.94,83.61330653071403
2025-08-20,MG95,80.77,87.10820453166963
2025-08-20,MG92,78.16,89.1351110601425
2025-08-21,MG95,81.77,91.09515050411225
2025-08-21,MG92,79.01,87.24833123087882
2025-08-22,MG95,82.69,87.49315948724747
2025-08-22,MG92,79.93,88.83069089412689
2025-08-25,MG95,81.54,86.87516112565994
2025-08-25,MG92,79.6,86.23633597254752
2025-08-26,MG95,81.12,81.66810586929321
2025-08-26,MG92,79.18,86.85975229382514
2025-08-27,MG95,79.35,89.07553922653199
2025-08-27,MG92,77.41,83.62866627216339
2025-08-28,MG95,80.24,86.05760731697083
2025-08-28,MG92,78.3,81.43191695094107
2025-08-29,MG95,81.37,81.25617450237274
2025-08-29,MG92,79.43,82.5781140089035
2025-09-01,MG95,81.25,91.34843773126603
2025-09-01,MG92,79.31,81.23123134374617
2025-09-02,MG95,82.72,84.4596164417267
2025-09-02,MG92,80.78,84.42058931708335
2025-09-03,MG95,82.95,82.93256183147432
2025-09-03,MG92,80.73,82.06561213731764
2025-09-04,MG95,81.45,82.96268810033799
2025-09-04,MG92,79.28,78.94162990808486
2025-09-05,MG95,81.6,83.8940051841736
2025-09-05,MG92,79.24,81.34925361514091
2025-09-08,MG95,81.23,87.93268434286118
2025-09-08,MG92,78.87,79.45926670789719
2025-09-09,MG95,81.58,80.5393608736992
2025-09-09,MG92,79.22,82.2391096508503
2025-09-10,MG95,81.84,86.98059846162796
2025-09-10,MG92,79.48,79.8698537671566
2025-09-11,MG95,82.05,81.29140317201615
2025-09-11,MG92,79.69,83.42237728714942
2025-09-12,MG95,81.4,83.55291798114777
2025-09-12,MG92,79.14,78.44983891367912
2025-09-15,MG95,83.32,85.77295966625215
2025-09-15,MG92,81.06,80.04708986878394
2025-09-16,MG95,83.4,85.80407141685487
2025-09-16,MG92,81.14,84.4186524581909
2025-09-17,MG95,83.21,84.40180458307267
2025-09-17,MG92,81.74,80.17985028505325
2025-09-18,MG95,82.22,86.24693033218384
2025-09-18,MG92,80.53,80.90234369516372
2025-09-19,MG95,80.89,83.58670987367631
2025-09-19,MG92,79.2,76.83330945610999
2025-09-22,MG95,79.8,77.35338130235672
2025-09-22,MG92,77.81,83.13193853974342
2025-09-23,MG95,79.23,78.33065683364869
2025-09-23,MG92,77.24,78.42735333323478
2025-09-24,MG95,80.23,77.11507431864739
2025-09-24,MG92,78.24,80.04033338427543
2025-09-25,MG95,81.05,80.05473411083221
2025-09-25,MG92,79.25,81.43839416742324
2025-09-26,MG95,81.84,79.88412603855133
2025-09-26,MG92,80.15,76.79971621513366
2025-09-29,MG95,81.78,80.88131382703781
2025-09-29,MG92,79.91,80.57296957969665
2025-09-30,MG95,79.2,80.98839056253433
2025-09-30,MG92,77.33,78.81283329606056
2025-10-01,MG95,79.57,83.77835383653641
2025-10-01,MG92,76.94,81.90457358121871
2025-10-02,MG95,78.13,79.79951276063919
2025-10-02,MG92,76.23,76.03095439910888
2025-10-03,MG95,77.05,76.13577256321908
2025-10-03,MG92,75.25,78.04094547986983
2025-10-06,MG95,78.05,80.99735199928284
2025-10-06,MG92,75.75,77.715724350214
2025-10-07,MG95,78.93,74.82472726106644
2025-10-07,MG92,76.47,75.85445700645447
2025-10-08,MG95,79.45,75.08512929797173
2025-10-08,MG92,76.99,75.45293714940547
2025-10-09,MG95,80.3,77.19686009287835
2025-10-09,MG92,77.55,79.79914490461348
2025-10-10,MG95,79.46,74.84444610595703
2025-10-10,MG92,76.59,74.44203644156455
2025-10-13,MG95,78.69,77.80948435544968
2025-10-13,MG92,75.95,75.36945402681827
2025-10-14,MG95,78.36,74.25533064842224
2025-10-14,MG92,75.62,72.47489048123359
2025-10-15,MG95,78.5,78.55409409523011
2025-10-15,MG92,75.76,78.2393789255619
2025-08-21,MG95,81.77,85.51084958434105
2025-08-21,MG92,79.01,84.69685355186462
2025-08-22,MG95,82.69,84.01099353671073
2025-08-22,MG92,79.93,76.20418031215668
2025-08-25,MG95,81.54,83.19398351430893
2025-08-25,MG92,79.6,76.43201398849487
2025-08-26,MG95,81.12,80.0044015365839
2025-08-26,MG92,79.18,81.27516023635864
2025-08-27,MG95,79.35,78.44432382106781
2025-08-27,MG92,77.41,76.0511094379425
2025-08-28,MG95,80.24,76.56747214078902
2025-08-28,MG92,78.3,84.49319386482239
2025-08-29,MG95,81.37,85.6072986125946
2025-08-29,MG92,79.43,78.46521932601928
2025-09-01,MG95,81.25,82.43863462567329
2025-09-01,MG92,79.31,76.23554733276367
2025-09-02,MG95,82.72,75.84929902315139
2025-09-02,MG92,80.78,73.74395396232605
2025-09-03,MG95,82.95,80.46156434595585
2025-09-03,MG92,80.73,75.89433955669402
2025-09-04,MG95,81.45,75.11925392270088
2025-09-04,MG92,79.28,79.58465811729431
2025-09-05,MG95,81.6,77.04526408493518
2025-09-05,MG92,79.24,78.89429482460022
2025-09-08,MG95,81.23,79.31255283176898
2025-09-08,MG92,78.87,76.15989937782287
2025-09-09,MG95,81.58,79.77414476692677
2025-09-09,MG92,79.22,77.24276738166809
2025-09-10,MG95,81.84,83.72075099825858
2025-09-10,MG92,79.48,75.92843191623687
2025-09-11,MG95,82.05,76.09106670558452
2025-09-11,MG92,79.69,74.65681672096252
2025-09-12,MG95,81.4,86.87258430719375
2025-09-12,MG92,79.14,78.2224358844757
2025-09-15,MG95,83.32,81.55615056991577
2025-09-15,MG92,81.06,77.90525767803192
2025-09-16,MG95,83.4,79.24095986485482
2025-09-16,MG92,81.14,78.94417085647582
2025-09-17,MG95,83.21,82.40690860509872
2025-09-17,MG92,81.74,78.17526189804077
2025-09-18,MG95,82.22,74.7656171143055
2025-09-18,MG92,80.53,80.33678644180297
2025-09-19,MG95,80.89,77.50720746159553
2025-09-19,MG92,79.2,72.20459867477416
2025-09-22,MG95,79.8,73.31020638108254
2025-09-22,MG92,77.81,74.63920217990875
2025-09-23,MG95,79.23,81.0341299533844
2025-09-23,MG92,77.24,82.21422351837158
2025-09-24,MG95,80.23,72.4464738959074
2025-09-24,MG92,78.24,72.97248271942138
2025-09-25,MG95,81.05,75.36980764269829
2025-09-25,MG92,79.25,74.92309864044189
2025-09-26,MG95,81.84,76.71566491246223
2025-09-26,MG92,80.15,71.67397751331329
2025-09-29,MG95,81.78,75.94287393391132
2025-09-29,MG92,79.91,76.17807762145996
2025-09-30,MG95,79.2,78.76330753445625
2025-09-30,MG92,77.33,74.07063591480255
2025-10-01,MG95,79.57,78.83833307385444
2025-10-01,MG92,76.94,75.38962076187133
2025-10-02,MG95,78.13,76.80050674259662
2025-10-02,MG92,76.23,76.96131207942962
2025-10-03,MG95,77.05,78.11122949063777
2025-10-03,MG92,75.25,72.43736125469208
2025-10-06,MG95,78.05,75.1674976938963
2025-10-06,MG92,75.75,70.81662781238556
2025-10-07,MG95,78.93,78.08011006772517
2025-10-07,MG92,76.47,70.89267175674438
2025-10-08,MG95,79.45,72.21331893742084
2025-10-08,MG92,76.99,72.75724150657653
2025-10-09,MG95,80.3,76.0572224074602
2025-10-09,MG92,77.55,73.31755255699157
2025-10-10,MG95,79.46,72.28761270821094
2025-10-10,MG92,76.59,74.41783477783203
2025-10-13,MG95,78.69,77.03765754282475
2025-10-13,MG92,75.95,70.7522772026062
2025-10-14,MG95,78.36,74.05362551569938
2025-10-14,MG92,75.62,78.26360014915466
2025-10-15,MG95,78.5,73.08496607780457
2025-10-15,MG92,75.76,72.25336127758025
2025-10-16,MG95,78.98,75.29022780656814
2025-10-16,MG92,76.24,72.15477854728698
2025-10-17,MG95,77.59,73.12283028900623
2025-10-17,MG92,74.81,74.49958562850952
2025-10-20,MG95,77.59,69.81517840921879
2025-10-20,MG92,74.81,73.4129533958435
2025-10-21,MG95,77.65,72.94894858777522
2025-10-21,MG92,74.87,69.57917485713959
2025-10-22,MG95,78.59,75.09605396926402
2025-10-22,MG92,75.58,70.8502869129181
2025-10-23,MG95,81.1,70.38841801404952
2025-10-23,MG92,78.09,70.15966739177703
2025-10-24,MG95,82.82,71.64802287340164
2025-10-24,MG92,79.91,72.11817980766295
2025-10-27,MG95,82.51,68.5175600963831
2025-10-27,MG92,79.91,71.45262874603272
2025-10-28,MG95,82.08,69.29189164042472
2025-10-28,MG92,79.26,65.92760269641876
2025-10-29,MG95,82.28,71.09004449546337
2025-10-29,MG92,79.46,69.47841651439667
2025-10-30,MG95,82.62,70.73631621599198
2025-10-30,MG92,79.8,66.00520264625548
2025-10-31,MG95,81.78,68.35032689809799
2025-10-31,MG92,78.96,66.35624027729034
2025-11-03,MG95,82.63,72.01574141323566
2025-11-03,MG92,79.81,68.85614010810852
2025-11-04,MG95,81.13,71.36913237690925
2025-11-04,MG92,78.41,69.51588177204131
2025-11-05,MG95,80.8,70.8067537587881
2025-11-05,MG92,78.08,70.13410976886749
2025-11-06,MG95,81.25,68.8496241736412
2025-11-06,MG92,78.53,69.21712406158447
2025-11-07,MG95,81.88,73.1279622977972
2025-11-07,MG92,79.16,71.19215156555175
2025-11-10,MG95,82.8,74.98824327051639
2025-11-10,MG92,80.08,73.01955421447754
2025-11-11,MG95,83.15,70.97144502401352
2025-11-11,MG92,80.06,71.94143342494964
2025-11-12,MG95,83.79,73.8361265540123
2025-11-12,MG92,81.48,71.12916129589081
2025-09-18,MG95,82.22,82.2145976293087
2025-09-18,MG92,80.53,77.42818646907806
2025-09-19,MG95,80.89,81.18695223271847
2025-09-19,MG92,79.2,71.64844336271285
2025-09-22,MG95,79.8,82.19488281190395
2025-09-22,MG92,77.81,75.70712778687476
2025-09-23,MG95,79.23,78.31232850730419
2025-09-23,MG92,77.24,72.82220627069472
2025-09-24,MG95,80.23,88.09344210624694
2025-09-24,MG92,78.24,81.27186096906661
2025-09-25,MG95,81.05,80.95170858383177
2025-09-25,MG92,79.25,77.95455664396286
2025-09-26,MG95,81.84,71.59766008734702
2025-09-26,MG92,80.15,77.11672877669334
2025-09-29,MG95,81.78,84.9269200503826
2025-09-29,MG92,79.91,83.09863899469376
2025-09-30,MG95,79.2,83.32546187400817
2025-09-30,MG92,77.33,77.65774443507193
2025-10-01,MG95,79.57,83.96412276387214
2025-10-01,MG92,76.94,78.53707758307456
2025-10-02,MG95,78.13,78.76463849544524
2025-10-02,MG92,76.23,80.00659545779227
2025-10-03,MG95,77.05,74.29337742447852
2025-10-03,MG92,75.25,79.3985594165325
2025-10-06,MG95,78.05,74.6048913782835
2025-10-06,MG92,75.75,73.51739901661873
2025-10-07,MG95,78.93,77.46796891629695
2025-10-07,MG92,76.47,77.2122313606739
2025-10-08,MG95,79.45,69.99291362822055
2025-10-08,MG92,76.99,72.81329035758972
2025-10-09,MG95,80.3,71.72587831616401
2025-10-09,MG92,77.55,71.04632203102112
2025-10-10,MG95,79.46,73.04952867686748
2025-10-10,MG92,76.59,77.46575997829437
2025-10-13,MG95,78.69,76.35063721954822
2025-10-13,MG92,75.95,77.8368958234787
2025-10-14,MG95,78.36,77.51491746008395
2025-10-14,MG92,75.62,77.25342482805252
2025-10-15,MG95,78.5,80.56665712118148
2025-10-15,MG92,75.76,79.55264880657195
2025-10-16,MG95,78.98,78.48980154156685
2025-10-16,MG92,76.24,77.87990657806397
2025-10-17,MG95,77.59,76.58537497878073
2025-10-17,MG92,74.81,77.15985646128654
2025-10-20,MG95,77.59,76.79389079093933
2025-10-20,MG92,74.81,70.56405882954597
2025-10-21,MG95,77.65,79.0348728454113
2025-10-21,MG92,74.87,74.148942861557
2025-10-22,MG95,78.59,65.30488380014896
2025-10-22,MG92,75.58,75.34446449518204
2025-10-23,MG95,81.1,75.86646610260009
2025-10-23,MG92,78.09,73.59049001574516
2025-10-24,MG95,82.82,71.20563032329082
2025-10-24,MG92,79.91,72.8457189464569
2025-10-27,MG95,82.51,73.86140717625618
2025-10-27,MG92,79.91,73.55068509221077
2025-10-28,MG95,82.08,74.15896948695182
2025-10-28,MG92,79.26,71.24839657306671
2025-10-29,MG95,82.28,72.95988205432892
2025-10-29,MG92,79.46,69.84877361059188
2025-10-30,MG95,82.62,68.86111447930335
2025-10-30,MG92,79.8,68.53982012510299
2025-10-31,MG95,81.78,74.1765020352602
2025-10-31,MG92,78.96,79.32448912858962
2025-11-03,MG95,82.63,72.16027881860732
2025-11-03,MG92,79.81,76.81313949942589
2025-11-04,MG95,81.13,73.71748652935028
2025-11-04,MG92,78.41,74.07765940546989
2025-11-05,MG95,80.8,73.92454418897628
2025-11-05,MG92,78.08,72.59541564822196
2025-11-06,MG95,81.25,80.16338371157646
2025-11-06,MG92,78.53,80.41342905998229
2025-11-07,MG95,81.88,79.525322945714
2025-11-07,MG92,79.16,80.30956110835075
2025-11-10,MG95,82.8,75.98367379188537
2025-11-10,MG92,80.08,77.1227993929386
2025-11-11,MG95,83.15,75.27355846822262
2025-11-11,MG92,80.06,78.54176452755928
2025-11-12,MG95,83.79,78.95100427627563
2025-11-12,MG92,81.48,82.15763501167297
2025-11-13,MG95,81.53,81.2857643854618
2025-11-13,MG92,79.22,81.72533015608786
2025-11-14,MG95,83.15,76.50489388644695
2025-11-14,MG92,80.31,76.08573740839958
2025-11-17,MG95,83.32,78.95862733900546
2025-11-17,MG92,80.48,77.03002517580985
2025-11-18,MG95,82.73,77.82286042809486
2025-11-18,MG92,79.89,75.54416146039962
2025-11-19,MG95,81.03,77.8701511913538
2025-11-19,MG92,78.17,78.16306233644485
2025-11-20,MG95,79.42,76.07932165443897
2025-11-20,MG92,76.56,78.99133604764938
2025-11-21,MG95,79.01,78.21494474887848
2025-11-21,MG92,76.15,78.67057267546653
2025-11-24,MG95,78.93,78.82144196808338
2025-11-24,MG92,76.07,78.65523535609245
2025-11-25,MG95,79.26,80.10730931520462
2025-11-25,MG92,76.4,76.2947400534153
2025-11-26,MG95,81.16,77.11986227750778
2025-11-26,MG92,78.3,78.07643181681632
2025-11-27,MG95,81.44,77.22509228527545
2025-11-27,MG92,78.52,72.93521425127983
2025-11-28,MG95,81.86,79.18713075220585
2025-11-28,MG92,79.04,75.85252537965773
2025-12-01,MG95,82.51,76.91234832525252
2025-12-01,MG92,79.78,76.37737059235572
2025-12-02,MG95,82.55,75.47919765293598
2025-12-02,MG92,80.7,74.67403167843818
2025-12-03,MG95,80.8,75.27768990039824
2025-12-03,MG92,79.51,76.1226190817356
2025-12-04,MG95,80.04,76.33159692168235
2025-12-04,MG92,78.67,74.39657138586044
2025-12-05,MG95,79.94,74.82927823841571
2025-12-05,MG92,78.57,74.85330486893653
2025-12-08,MG95,80.6,74.66937743008137
2025-12-08,MG92,79.38,78.65554716944693
2025-12-09,MG95,79.45,77.37440908849238
2025-12-09,MG92,77.63,75.60708929300307
2025-12-10,MG95,79.42,74.14294468820094
2025-12-10,MG92,77.59,71.1042608499527
2025-10-16,MG95,78.98,75.65899351239204
2025-10-16,MG92,76.24,70.12643574237823
2025-10-17,MG95,77.59,73.75307810306549
2025-10-17,MG92,74.81,69.7629893064499
2025-10-20,MG95,77.59,77.11093705892563
2025-10-20,MG92,74.81,69.24740166187287
2025-10-21,MG95,77.65,72.96660965681076
2025-10-21,MG92,74.87,72.62774793624878
2025-10-22,MG95,78.59,70.94945654273033
2025-10-22,MG92,75.58,69.62496401309967
2025-10-23,MG95,81.1,69.98099040985107
2025-10-23,MG92,78.09,73.9714963722229
2025-10-24,MG95,82.82,72.38264679908752
2025-10-24,MG92,79.91,67.48485849380494
2025-10-27,MG95,82.51,72.0506976544857
2025-10-27,MG92,79.91,64.92796319007874
2025-10-28,MG95,82.08,71.58347964286804
2025-10-28,MG92,79.26,71.16908077716828
2025-10-29,MG95,82.28,69.82010421156883
2025-10-29,MG92,79.46,71.89364357471466
2025-10-30,MG95,82.62,69.86749744415283
2025-10-30,MG92,79.8,73.06278996944428
2025-10-31,MG95,81.78,69.50254288315773
2025-10-31,MG92,78.96,68.8927155828476
2025-11-03,MG95,82.63,70.58138579130173
2025-11-03,MG92,79.81,70.60243470191956
2025-11-04,MG95,81.13,68.54363587498665
2025-11-04,MG92,78.41,64.10203312873841
2025-11-05,MG95,80.8,68.50998944044113
2025-11-05,MG92,78.08,68.477546916008
2025-11-06,MG95,81.25,75.72805035114288
2025-11-06,MG92,78.53,70.11250948429108
2025-11-07,MG95,81.88,76.95783197879791
2025-11-07,MG92,79.16,69.94192185401917
2025-11-10,MG95,82.8,76.63763171434402
2025-11-10,MG92,80.08,72.11336145401002
2025-11-11,MG95,83.15,73.63655784726143
2025-11-11,MG92,80.06,69.38296592712403
2025-11-12,MG95,83.79,68.9139244556427
2025-11-12,MG92,81.48,75.17558485031128
2025-11-13,MG95,81.53,75.55429700016975
2025-11-13,MG92,79.22,71.77429048538208
2025-11-14,MG95,83.15,74.67282685637474
2025-11-14,MG92,80.31,70.31356870651246
2025-11-17,MG95,83.32,70.95455661416054
2025-11-17,MG92,80.48,69.56987310886383
2025-11-18,MG95,82.73,71.0363355576992
2025-11-18,MG92,79.89,71.26954942703247
2025-11-19,MG95,81.03,79.04588544368744
2025-11-19,MG92,78.17,72.97073397159576
2025-11-20,MG95,79.42,80.13026356697083
2025-11-20,MG92,76.56,71.9107894897461
2025-11-21,MG95,79.01,76.5002292394638
2025-11-21,MG92,76.15,73.83282082557679
2025-11-24,MG95,78.93,79.09505200386047
2025-11-24,MG92,76.07,71.02769584178925
2025-11-25,MG95,79.26,78.04956543445587
2025-11-25,MG92,76.4,70.87161247253418
2025-11-26,MG95,81.16,78.00490003824234
2025-11-26,MG92,78.3,72.99869034767151
2025-11-27,MG95,81.44,80.81780934333801
2025-11-27,MG92,78.52,74.52605405807496
2025-11-28,MG95,81.86,78.33970803022385
2025-11-28,MG92,79.04,74.61654764175415
2025-12-01,MG95,82.51,79.4448794722557
2025-12-01,MG92,79.78,72.76732209682466
2025-12-02,MG95,82.55,77.53187075257301
2025-12-02,MG92,80.7,73.07668010234833
2025-12-03,MG95,80.8,78.33177250623703
2025-12-03,MG92,79.51,72.66660057067871
2025-12-04,MG95,80.04,75.39939987659454
2025-12-04,MG92,78.67,77.04848593711854
2025-12-05,MG95,79.94,72.44124615192413
2025-12-05,MG92,78.57,71.30987867832184
2025-12-08,MG95,80.6,77.74872672557831
2025-12-08,MG92,79.38,73.38534269809723
2025-12-09,MG95,79.45,73.02516222000122
2025-12-09,MG92,77.63,69.99701275825501
2025-12-10,MG95,79.42,73.52728062868118
2025-12-10,MG92,77.59,70.0470054960251
2025-12-11,MG95,79.63,70.4111884534359
2025-12-11,MG92,77.61,67.30710453033447
2025-12-12,MG95,79.25,69.62094876170158
2025-12-12,MG92,77.61,71.69452608108521
2025-12-15,MG95,78.52,70.07926738262177
2025-12-15,MG92,77.43,67.75619022846223
2025-12-16,MG95,75.72,68.35768914222717
2025-12-16,MG92,74.64,68.97751945018769
2025-12-17,MG95,74.53,73.69793182611465
2025-12-17,MG92,74.27,69.69007965564728
2025-12-18,MG95,74.63,68.68513244390488
2025-12-18,MG92,74.15,69.31321271419526
2025-12-19,MG95,73.56,67.65887174010277
2025-12-19,MG92,73.15,68.43220529556275
2025-12-22,MG95,74.61,72.19544610381126
2025-12-22,MG92,73.33,68.29737708091736
2025-12-23,MG95,74.56,68.06003212928772
2025-12-23,MG92,73.28,66.883369679451
2025-12-24,MG95,74.49,68.60199192166328
2025-12-24,MG92,73.21,65.96616031169891
2025-12-25,MG95,74.49,72.11225411295891
2025-12-25,MG92,73.21,67.70076065063478
2025-12-26,MG95,74.54,69.66839814186096
2025-12-26,MG92,72.58,69.74625883102418
2025-12-29,MG95,73.6,70.08294504880905
2025-12-29,MG92,71.54,65.45803251743317
2025-12-30,MG95,73.8,68.5974673628807
2025-12-30,MG92,71.74,69.58855885982514
2025-12-31,MG95,73.81,69.91042226552963
2025-12-31,MG92,71.75,66.26855518817902
2026-01-01,MG95,73.81,65.70423895120621
2026-01-01,MG92,71.75,68.33143409729004
2026-01-02,MG95,72.58,68.39356276392937
2026-01-02,MG92,71.57,66.54123710155487
2026-01-05,MG95,71.36,69.9441154897213
2026-01-05,MG92,70.2,65.81550475120545
2026-01-06,MG95,72.57,67.62625935673714
2026-01-06,MG92,71.21,65.17027285575867
2026-01-07,MG95,70.58,68.71111941337585
2026-01-07,MG92,69.56,65.25514897346497
2025-11-13,MG95,81.53,83.70494253337384
2025-11-13,MG92,79.22,79.53399980306625
2025-11-14,MG95,83.15,84.0179086625576
2025-11-14,MG92,80.31,82.60464943885803
2025-11-17,MG95,83.32,85.07783327221871
2025-11-17,MG92,80.48,82.36400557994843
2025-11-18,MG95,82.73,83.69060397505761
2025-11-18,MG92,79.89,80.03641852855682
2025-11-19,MG95,81.03,83.6892405384779
2025-11-19,MG92,78.17,78.70886576414108
2025-11-20,MG95,79.42,82.84426944673062
2025-11-20,MG92,76.56,83.40467492580414
2025-11-21,MG95,79.01,77.60458766520024
2025-11-21,MG92,76.15,81.98251100063324
2025-11-24,MG95,78.93,86.68701805830003
2025-11-24,MG92,76.07,85.6873579788208
2025-11-25,MG95,79.26,88.34821320533753
2025-11-25,MG92,76.4,79.16494779825211
2025-11-26,MG95,81.16,82.91608210086824
2025-11-26,MG92,78.3,79.95282696247101
2025-11-27,MG95,81.44,85.15474507927895
2025-11-27,MG92,78.52,75.86669423818589
2025-11-28,MG95,81.86,88.23987743139267
2025-11-28,MG92,79.04,79.73492649793626
2025-12-01,MG95,82.51,86.73284550905228
2025-12-01,MG92,79.78,82.95501329898835
2025-12-02,MG95,82.55,83.92224835395814
2025-12-02,MG92,80.7,84.16151564598084
2025-12-03,MG95,80.8,80.23120079040528
2025-12-03,MG92,79.51,81.96877657413484
2025-12-04,MG95,80.04,83.95641917109491
2025-12-04,MG92,78.67,86.46310053348542
2025-12-05,MG95,79.94,77.63899820744992
2025-12-05,MG92,78.57,79.43644555091858
2025-12-08,MG95,80.6,80.61836184203625
2025-12-08,MG92,79.38,82.12717899799347
2025-12-09,MG95,79.45,76.10004788517952
2025-12-09,MG92,77.63,79.12159305095673
2025-12-10,MG95,79.42,80.63562704443932
2025-12-10,MG92,77.59,75.5720159983635
2025-12-11,MG95,79.63,78.65097779452802
2025-12-11,MG92,77.61,77.57121524333954
2025-12-12,MG95,79.25,77.1089509999752
2025-12-12,MG92,77.61,78.01142109632492
2025-12-15,MG95,78.52,87.08714923739434
2025-12-15,MG92,77.43,75.83057094812393
2025-12-16,MG95,75.72,76.6685360133648
2025-12-16,MG92,74.64,73.31339247465134
2025-12-17,MG95,74.53,76.42652851760388
2025-12-17,MG92,74.27,81.39167811870576
2025-12-18,MG95,74.63,86.46730000376702
2025-12-18,MG92,74.15,73.48637922763825
2025-12-19,MG95,73.56,80.82296722590924
2025-12-19,MG92,73.15,75.82846804618836
2025-12-22,MG95,74.61,77.15598706483841
2025-12-22,MG92,73.33,78.1313010764122
2025-12-23,MG95,74.56,81.2969287455082
2025-12-23,MG92,73.28,74.65195026397706
2025-12-24,MG95,74.49,76.55100578248502
2025-12-24,MG92,73.21,81.30959209442139
2025-12-25,MG95,74.49,83.5631401348114
2025-12-25,MG92,73.21,76.82350976228715
2025-12-26,MG95,74.54,74.84383335649967
2025-12-26,MG92,72.58,75.48398551225662
2025-12-29,MG95,73.6,73.73349155902864
2025-12-29,MG92,71.54,78.7666542863846
2025-12-30,MG95,73.8,79.06923319101334
2025-12-30,MG92,71.74,72.78186822652818
2025-12-31,MG95,73.81,76.43687665164471
2025-12-31,MG92,71.75,76.53455743789674
2026-01-01,MG95,73.81,74.4811392492056
2026-01-01,MG92,71.75,72.20232690811157
2026-01-02,MG95,72.58,72.66613047659398
2026-01-02,MG92,71.57,67.61975391626359
2026-01-05,MG95,71.36,77.10717803299427
2026-01-05,MG92,70.2,72.62565126657486
2026-01-06,MG95,72.57,73.301971372962
2026-01-06,MG92,71.21,73.53235167503357
2026-01-07,MG95,70.58,73.25291262745858
2026-01-07,MG92,69.56,77.44094216823578
2026-01-08,MG95,71.16,77.57944649398327
2026-01-08,MG92,69.91,76.56001566410065
2026-01-09,MG95,73.03,76.74369483053685
2026-01-09,MG92,71.94,76.41233172655106
2026-01-12,MG95,72.9,70.22812108397484
2026-01-12,MG92,71.81,75.95963473320008
2026-01-13,MG95,73.45,81.49941655755043
2026-01-13,MG92,72.36,67.915039229393
2026-01-14,MG95,73.42,75.1317931598425
2026-01-14,MG92,71.84,70.34432805776596
2026-01-15,MG95,72.55,79.75893732368947
2026-01-15,MG92,71.4,73.70322095632554
2026-01-16,MG95,71.76,80.02619586467743
2026-01-16,MG92,70.44,71.05200555324555
2026-01-19,MG95,71.95,78.54704696953297
2026-01-19,MG92,70.6,74.56907747268677
2026-01-20,MG95,72.36,79.01037068724632
2026-01-20,MG92,70.99,75.52650492668153
2026-01-21,MG95,73.22,80.38748158693315
2026-01-21,MG92,71.85,78.25491091489792
2026-01-22,MG95,73.64,83.58663819015027
2026-01-22,MG92,72.27,80.55257168054581
2026-01-23,MG95,73.5,80.95190437674523
2026-01-23,MG92,70.76,78.57503281116486
2026-01-26,MG95,73.88,79.46982883751393
2026-01-26,MG92,71.64,77.25774687051774
2026-01-27,MG95,72.35,81.8260320353508
2026-01-27,MG92,70.21,75.41270053625107
2026-01-28,MG95,74.54,81.94904098391534
2026-01-28,MG92,72.46,78.35196493864059
2026-01-29,MG95,75.75,79.43232684016229
2026-01-29,MG92,73.67,79.09212814092636
2026-01-30,MG95,75.44,79.53964877665044
2026-01-30,MG92,73.43,80.89321265459061
2026-02-02,MG95,72.54,80.45256695508958
2026-02-02,MG92,70.93,77.74656715393067
2026-02-03,MG95,72.82,83.18766568243504
2026-02-03,MG92,71.15,82.52916837215425
2026-02-04,MG95,74.68,76.4496220368147
2026-02-04,MG92,72.95,76.78393829584122
2025-12-11,MG95,79.63,81.03255980491639
2025-12-11,MG92,77.61,75.68964525222779
2025-12-12,MG95,79.25,80.0720716047287
2025-12-12,MG92,77.61,75.8781721419096
2025-12-15,MG95,78.52,80.17732293367386
2025-12-15,MG92,77.43,78.34878777980805
2025-12-16,MG95,75.72,85.47812902450562
2025-12-16,MG92,74.64,79.1999313056469
2025-12-17,MG95,74.53,77.2042687535286
2025-12-17,MG92,74.27,74.32886172354222
2025-12-18,MG95,74.63,82.5874145770073
2025-12-18,MG92,74.15,72.55325891613961
2025-12-19,MG95,73.56,76.77220054507255
2025-12-19,MG92,73.15,74.57790313184262
2025-12-22,MG95,74.61,82.61776770830154
2025-12-22,MG92,73.33,76.3991889667511
2025-12-23,MG95,74.56,75.52615054011345
2025-12-23,MG92,73.28,75.17693905711174
2025-12-24,MG95,74.49,80.82577791452408
2025-12-24,MG92,73.21,76.84491990327835
2025-12-25,MG95,74.49,75.57879987359047
2025-12-25,MG92,73.21,74.19432386636734
2025-12-26,MG95,74.54,72.52990073561669
2025-12-26,MG92,72.58,70.48510529339313
2025-12-29,MG95,73.6,73.98746643185616
2025-12-29,MG92,71.54,69.15661159038544
2025-12-30,MG95,73.8,81.93412165164948
2025-12-30,MG92,71.74,74.36462934195995
2025-12-31,MG95,73.81,76.39819713830948
2025-12-31,MG92,71.75,71.79775469064712
2026-01-01,MG95,73.81,71.57386230826378
2026-01-01,MG92,71.75,73.85311632573605
2026-01-02,MG95,72.58,72.05796918988229
2026-01-02,MG92,71.57,70.2047729998827
2026-01-05,MG95,71.36,76.92595913171769
2026-01-05,MG92,70.2,70.27122566461563
2026-01-06,MG95,72.57,72.31037545323372
2026-01-06,MG92,71.21,71.18617188811302
2026-01-07,MG95,70.58,75.09228348731995
2026-01-07,MG92,69.56,74.34999208927155
2026-01-08,MG95,71.16,74.54721945166588
2026-01-08,MG92,69.91,74.66304430782796
2026-01-09,MG95,73.03,69.68330057859421
2026-01-09,MG92,71.94,67.78619013607502
2026-01-12,MG95,72.9,73.22824524402618
2026-01-12,MG92,71.81,71.41600219130517
2026-01-13,MG95,73.45,79.14783958554268
2026-01-13,MG92,72.36,69.83048018097878
2026-01-14,MG95,73.42,71.84730084896088
2026-01-14,MG92,71.84,67.3228852468729
2026-01-15,MG95,72.55,74.0558887898922
2026-01-15,MG92,71.4,67.77557639360428
2026-01-16,MG95,71.76,73.13411834716797
2026-01-16,MG92,70.44,71.70366929769516
2026-01-19,MG95,71.95,72.00541926622391
2026-01-19,MG92,70.6,69.65318674683571
2026-01-20,MG95,72.36,74.82185091018677
2026-01-20,MG92,70.99,73.03836938083172
2026-01-21,MG95,73.22,83.16792057991027
2026-01-21,MG92,71.85,81.15994499802589
2026-01-22,MG95,73.64,84.96302521467209
2026-01-22,MG92,72.27,81.76272232532502
2026-01-23,MG95,73.5,82.15447061538697
2026-01-23,MG92,70.76,78.61596735715867
2026-01-26,MG95,73.88,77.60542997598648
2026-01-26,MG92,71.64,77.6891725897789
2026-01-27,MG95,72.35,80.45373903512954
2026-01-27,MG92,70.21,79.01561753988267
2026-01-28,MG95,74.54,77.74056578993797
2026-01-28,MG92,72.46,73.10618633925915
2026-01-29,MG95,75.75,77.37566074848175
2026-01-29,MG92,73.67,79.57841874957084
2026-01-30,MG95,75.44,77.94430858016014
2026-01-30,MG92,73.43,79.05186612963676
2026-02-02,MG95,72.54,80.52194363832474
2026-02-02,MG92,70.93,76.62937074899673
2026-02-03,MG95,72.82,78.54597940683365
2026-02-03,MG92,71.15,77.79335838079453
2026-02-04,MG95,74.68,80.5809173297882
2026-02-04,MG92,72.95,76.8023816883564
2026-02-05,MG95,75.06,77.72595254659653
2026-02-05,MG92,73.33,73.99741697609424
2026-02-06,MG95,75.24,76.60620981693268
2026-02-06,MG92,73.51,74.65061304867268
2026-02-09,MG95,76.56,78.69597935557366
2026-02-09,MG92,74.83,71.49044175505638
2026-02-10,MG95,78.41,79.88789834737779
2026-02-10,MG92,76.68,78.52385209679603
2026-02-11,MG95,77.63,81.84449186563492
2026-02-11,MG92,75.55,75.43262156963348
2026-02-12,MG95,77.16,73.63100649118424
2026-02-12,MG92,74.83,75.58385468184949
2026-02-13,MG95,73.85,78.14264063596725
2026-02-13,MG92,71.58,76.05811091840268
2026-02-16,MG95,73.8,76.88294781684876
2026-02-16,MG92,71.79,74.72856740295887
2026-02-17,MG95,73.8,83.03736235141754
2026-02-17,MG92,71.79,74.91333439171315
2026-02-18,MG95,73.8,84.66343242406845
2026-02-18,MG92,71.79,73.20297257125378
2026-02-19,MG95,78.09,78.3024584877491
2026-02-19,MG92,76.08,76.91443876028062
2026-02-20,MG95,79.95,75.53772941708564
2026-02-20,MG92,77.63,76.67929464876651
2026-02-23,MG95,79.75,79.99900065422058
2026-02-23,MG92,77.43,77.3213775086403
2026-02-24,MG95,81.35,81.72040000915527
2026-02-24,MG92,78.89,84.11166608929635
2026-02-25,MG95,81.46,81.07742676973344
2026-02-25,MG92,79.0,77.25446237146855
2026-02-26,MG95,81.74,80.44977210998535
2026-02-26,MG92,79.28,76.2808191460371
2026-02-27,MG95,82.09,82.8818285894394
2026-02-27,MG92,79.63,83.48312904715539
2026-03-02,MG95,92.78,79.26646390199662
2026-03-02,MG92,90.32,80.13972154855729
2026-03-03,MG95,98.65,77.07219097495079
2026-03-03,MG92,95.56,79.90094702839852
2026-03-04,MG95,104.35,83.73817317008972
2026-03-04,MG92,99.68,73.59083895623684
2026-01-08,MG95,71.16,68.782835136652
2026-01-08,MG92,69.91,76.17576447486877
2026-01-09,MG95,73.03,74.02301609754562
2026-01-09,MG92,71.94,63.07177782535553
2026-01-12,MG95,72.9,76.90081049919128
2026-01-12,MG92,71.81,70.978786816597
2026-01-13,MG95,73.45,73.02480385541915
2026-01-13,MG92,72.36,68.60320056676865
2026-01-14,MG95,73.42,67.38119841217994
2026-01-14,MG92,71.84,70.56006397724151
2026-01-15,MG95,72.55,81.0993430185318
2026-01-15,MG92,71.4,72.85284018993377
2026-01-16,MG95,71.76,73.30274504899978
2026-01-16,MG92,70.44,72.80115491867066
2026-01-19,MG95,71.95,77.80926441192626
2026-01-19,MG92,70.6,67.65721001386643
2026-01-20,MG95,72.36,73.58435465574264
2026-01-20,MG92,70.99,71.21915276527405
2026-01-21,MG95,73.22,73.668433675766
2026-01-21,MG92,71.85,68.30370709896088
2026-01-22,MG95,73.64,82.08817388296127
2026-01-22,MG92,72.27,79.24718638896942
2026-01-23,MG95,73.5,79.26711367845535
2026-01-23,MG92,70.76,71.93924725532531
2026-01-26,MG95,73.88,77.86593971252441
2026-01-26,MG92,71.64,70.40277756214142
2026-01-27,MG95,72.35,72.15500290155411
2026-01-27,MG92,70.21,74.27916461467743
2026-01-28,MG95,74.54,75.22861989021301
2026-01-28,MG92,72.46,74.6974894285202
2026-01-29,MG95,75.75,75.45036536931991
2026-01-29,MG92,73.67,73.39924629688264
2026-01-30,MG95,75.44,78.45936443805694
2026-01-30,MG92,73.43,78.03943601608276
2026-02-02,MG95,72.54,75.46779033184052
2026-02-02,MG92,70.93,75.77967933654786
2026-02-03,MG95,72.82,75.53737238883971
2026-02-03,MG92,71.15,71.70359956741333
2026-02-04,MG95,74.68,80.01294582605362
2026-02-04,MG92,72.95,75.98717501163483
2026-02-05,MG95,75.06,71.85237564325332
2026-02-05,MG92,73.33,74.22932021141052
2026-02-06,MG95,75.24,74.29177784442902
2026-02-06,MG92,73.51,75.40961511611938
2026-02-09,MG95,76.56,72.9427189040184
2026-02-09,MG92,74.83,67.02080868005753
2026-02-10,MG95,78.41,76.73745673418045
2026-02-10,MG92,76.68,72.52812600135803
2026-02-11,MG95,77.63,74.56287021160125
2026-02-11,MG92,75.55,77.7124829339981
2026-02-12,MG95,77.16,76.52317428827286
2026-02-12,MG92,74.83,78.5810575246811
2026-02-13,MG95,73.85,77.10709142923355
2026-02-13,MG92,71.58,75.25252771377563
2026-02-16,MG95,73.8,82.21674503326416
2026-02-16,MG92,71.79,75.39254977226257
2026-02-17,MG95,73.8,77.33581194162369
2026-02-17,MG92,71.79,74.20101893901825
2026-02-18,MG95,73.8,78.01790120363235
2026-02-18,MG92,71.79,77.30621497631073
2026-02-19,MG95,78.09,76.3660130739212
2026-02-19,MG92,76.08,75.08227230072022
2026-02-20,MG95,79.95,78.8549809217453
2026-02-20,MG92,77.63,78.45313378334046
2026-02-23,MG95,79.75,77.5008905339241
2026-02-23,MG92,77.43,77.35552867889405
2026-02-24,MG95,81.35,76.26018440246582
2026-02-24,MG92,78.89,83.01016933918
2026-02-25,MG95,81.46,76.06550609111785
2026-02-25,MG92,79.0,83.87296426773072
2026-02-26,MG95,81.74,78.95443193912506
2026-02-26,MG92,79.28,76.62916528701783
2026-02-27,MG95,82.09,78.15606407642365
2026-02-27,MG92,79.63,80.04169506549836
2026-03-02,MG95,92.78,81.90010039806366
2026-03-02,MG92,90.32,77.25554135322571
2026-03-03,MG95,98.65,84.10837574243546
2026-03-03,MG92,95.56,78.64924427032471
2026-03-04,MG95,104.35,78.99634103536606
2026-03-04,MG92,99.68,84.11179615974426
2026-03-05,MG95,110.97,77.18613900184631
2026-03-05,MG92,106.3,78.467943649292
2026-03-06,MG95,121.36,80.7303645992279
2026-03-06,MG92,113.16,79.88941713809967
2026-03-09,MG95,147.5,77.1962187242508
2026-03-09,MG92,139.3,80.71837160587312
2026-03-10,MG95,127.42,77.15906342029571
2026-03-10,MG92,119.22,73.9888464641571
2026-03-11,MG95,129.17,80.7578861117363
2026-03-11,MG92,116.76,79.39271446704865
2026-03-12,MG95,143.44,82.43644596099853
2026-03-12,MG92,130.12,81.72965492725372
2026-03-13,MG95,149.76,80.15775559425354
2026-03-13,MG92,136.44,76.07339728832245
2026-03-16,MG95,153.48,78.84587719917297
2026-03-16,MG92,140.16,75.1449779033661
2026-03-17,MG95,152.16,83.10923798322678
2026-03-17,MG92,138.84,81.68199137210846
2026-03-18,MG95,153.12,77.15059914588927
2026-03-18,MG92,139.8,79.73958540916443
2026-03-19,MG95,165.25,78.12430201292038
2026-03-19,MG92,151.93,78.54478744983673
2026-03-20,MG95,163.93,78.08746643304825
2026-03-20,MG92,150.61,76.94974166870118
2026-03-23,MG95,170.52,79.65299540519715
2026-03-23,MG92,157.2,74.99597539424896
2026-03-24,MG95,146.36,77.59502403497696
2026-03-24,MG92,141.81,80.89492079734802
2026-03-25,MG95,135.6,79.63281071901321
2026-03-25,MG92,131.05,79.33785328388214
2026-03-26,MG95,132.03,82.12848435878753
2026-03-26,MG92,127.48,82.59200207710266
2026-03-27,MG95,135.07,85.39533248662948
2026-03-27,MG92,130.52,84.43762979507447
2026-03-30,MG95,147.0,82.36249714612961
2026-03-30,MG92,139.66,77.84463569641113
2026-03-31,MG95,145.8,82.44584416627883
2026-03-31,MG92,138.46,80.58019870758056
2026-04-01,MG95,143.29,79.53739832162857
2026-04-01,MG92,136.05,74.79541199684144
2026-02-05,MG95,75.06,66.34910968303681
2026-02-05,MG92,73.33,70.35161419808865
2026-02-06,MG95,75.24,73.89169702529908
2026-02-06,MG92,73.51,77.1432252407074
2026-02-09,MG95,76.56,73.06252244472505
2026-02-09,MG92,74.83,75.76896355152131
2026-02-10,MG95,78.41,78.57136681079865
2026-02-10,MG92,76.68,75.84589117765427
2026-02-11,MG95,77.63,77.64695275306703
2026-02-11,MG92,75.55,76.69925213456155
2026-02-12,MG95,77.16,75.84127529621125
2026-02-12,MG92,74.83,79.84018815159799
2026-02-13,MG95,73.85,77.53954349040986
2026-02-13,MG92,71.58,77.15204330682755
2026-02-16,MG95,73.8,79.95249947547913
2026-02-16,MG92,71.79,78.5302096426487
2026-02-17,MG95,73.8,75.66015292167664
2026-02-17,MG92,71.79,77.60420834422112
2026-02-18,MG95,73.8,84.4208850479126
2026-02-18,MG92,71.79,71.51101161837578
2026-02-19,MG95,78.09,81.38296116828919
2026-02-19,MG92,76.08,78.3927034676075
2026-02-20,MG95,79.95,82.87258920669557
2026-02-20,MG92,77.63,75.88408540487289
2026-02-23,MG95,79.75,82.91897149085999
2026-02-23,MG92,77.43,81.07730021476746
2026-02-24,MG95,81.35,82.77159868240358
2026-02-24,MG92,78.89,80.0195583999157
2026-02-25,MG95,81.46,80.3537284898758
2026-02-25,MG92,79.0,78.87486210465431
2026-02-26,MG95,81.74,81.90232701778413
2026-02-26,MG92,79.28,84.8104815542698
2026-02-27,MG95,82.09,80.54533806800843
2026-02-27,MG92,79.63,85.89063377976417
2026-03-02,MG95,92.78,82.5016466665268
2026-03-02,MG92,90.32,83.77989833950997
2026-03-03,MG95,98.65,82.57036544799806
2026-03-03,MG92,95.56,81.94904518723489
2026-03-04,MG95,104.35,82.7081591129303
2026-03-04,MG92,99.68,80.94699459075927
2026-03-05,MG95,110.97,88.4874896478653
2026-03-05,MG92,106.3,80.50512599349022
2026-03-06,MG95,121.36,82.64182621479036
2026-03-06,MG92,113.16,83.1548331141472
2026-03-09,MG95,147.5,85.21076377391816
2026-03-09,MG92,139.3,79.82963951826096
2026-03-10,MG95,127.42,81.58025947570802
2026-03-10,MG92,119.22,78.4694919526577
2026-03-11,MG95,129.17,82.5253630590439
2026-03-11,MG92,116.76,78.87236626148224
2026-03-12,MG95,143.44,85.2080395936966
2026-03-12,MG92,130.12,83.11117759943009
2026-03-13,MG95,149.76,91.42551801681519
2026-03-13,MG92,136.44,83.32717673778534
2026-03-16,MG95,153.48,83.5085873603821
2026-03-16,MG92,140.16,83.38917278647423
2026-03-17,MG95,152.16,81.0980350637436
2026-03-17,MG92,138.84,78.95476387143135
2026-03-18,MG95,153.12,82.61393452644349
2026-03-18,MG92,139.8,76.16513299942017
2026-03-19,MG95,165.25,79.62822410106659
2026-03-19,MG92,151.93,80.05056946873665
2026-03-20,MG95,163.93,82.9738735151291
2026-03-20,MG92,150.61,82.58773754239083
2026-03-23,MG95,170.52,78.3825882434845
2026-03-23,MG92,157.2,75.10720856189728
2026-03-24,MG95,146.36,82.7977899837494
2026-03-24,MG92,141.81,85.75485817193986
2026-03-25,MG95,135.6,79.4090878391266
2026-03-25,MG92,131.05,86.35369530320168
2026-03-26,MG95,132.03,82.7396474313736
2026-03-26,MG92,127.48,80.2768998324871
2026-03-27,MG95,135.07,86.37663278579713
2026-03-27,MG92,130.52,79.41582524180413
2026-03-30,MG95,147.0,85.34979489326477
2026-03-30,MG92,139.66,82.4433525800705
2026-03-31,MG95,145.8,84.87276957035066
2026-03-31,MG92,138.46,83.92868363857269
2026-04-01,MG95,143.29,85.51376205444336
2026-04-01,MG92,136.05,81.55995454192161
2026-04-02,MG95,151.74,82.14132486820222
2026-04-02,MG92,144.5,79.59129084348679
2026-04-06,MG95,150.88,85.89449739933015
2026-04-06,MG92,141.87,76.64882218837738
2026-04-07,MG95,147.22,80.22289661884308
2026-04-07,MG92,138.21,77.56200511455536
2026-04-08,MG95,125.82,77.69527579307557
2026-04-08,MG92,119.46,79.06466793417931
2026-04-09,MG95,135.04,77.01387463569642
2026-04-09,MG92,130.98,78.71193659305573
2026-04-10,MG95,133.88,81.01623843669893
2026-04-10,MG92,128.17,80.27409961819649
2026-04-13,MG95,135.93,80.16097048282624
2026-04-13,MG92,128.49,82.01061511635781
2026-04-14,MG95,128.99,76.89204324245453
2026-04-14,MG92,123.87,78.13118780255319
2026-04-15,MG95,125.23,76.21530702114106
2026-04-15,MG92,119.01,82.12038873434066
2026-04-16,MG95,122.29,77.36324629783631
2026-04-16,MG92,120.88,74.92695128917694
2026-04-17,MG95,128.19,74.53436764001847
2026-04-17,MG92,122.19,77.79881454110146
2026-04-20,MG95,124.43,80.50229423999787
2026-04-20,MG92,118.67,75.75386674404145
2026-04-21,MG95,123.98,82.44726989269257
2026-04-21,MG92,118.22,79.94258729219437
2026-04-22,MG95,128.89,76.12571176052094
2026-04-22,MG92,124.24,80.34473980665207
2026-04-23,MG95,130.57,80.93726391792298
2026-04-23,MG92,125.92,80.27767380475998
2026-04-24,MG95,131.72,78.243761882782
2026-04-24,MG92,124.69,79.18867742419243
2026-04-27,MG95,133.04,77.81756121635438
2026-04-27,MG92,128.03,79.57340251803399
2026-04-28,MG95,131.54,82.23992060661317
2026-04-28,MG92,126.52,76.68809475898743
2026-04-29,MG95,134.06,79.07204620838166
2026-04-29,MG92,129.82,76.81100851297379
2026-04-30,MG95,137.61,78.11583224296571
2026-04-30,MG92,134.27,76.90790288448333
