
================================================================================
 [1/1] DLinear | XANG | H1 | walkforward
================================================================================

 Using GPU: Tesla T4
================================================================================
 DLinear | XANG | H1 | walkforward | seed=9999
================================================================================
Data: 4513 rows | Features: 15
/data/quyhv/oil_forecast_tail_risk/scripts/training/train_unified.py:290: FutureWarning: `torch.cuda.amp.GradScaler(args...)` is deprecated. Please use `torch.amp.GradScaler('cuda', args...)` instead.
  scaler = GradScaler(enabled=use_amp)
/data/quyhv/oil_forecast_tail_risk/scripts/training/train_unified.py:309: FutureWarning: `torch.cuda.amp.autocast(args...)` is deprecated. Please use `torch.amp.autocast('cuda', args...)` instead.
  with autocast(enabled=use_amp):
/data/quyhv/oil_forecast_tail_risk/scripts/training/train_unified.py:349: FutureWarning: `torch.cuda.amp.autocast(args...)` is deprecated. Please use `torch.amp.autocast('cuda', args...)` instead.
  with autocast(enabled=use_amp):
 Iter-01 | MAE=0.239 | MAPE=0.31%
/data/quyhv/oil_forecast_tail_risk/scripts/training/train_unified.py:290: FutureWarning: `torch.cuda.amp.GradScaler(args...)` is deprecated. Please use `torch.amp.GradScaler('cuda', args...)` instead.
  scaler = GradScaler(enabled=use_amp)
/data/quyhv/oil_forecast_tail_risk/scripts/training/train_unified.py:309: FutureWarning: `torch.cuda.amp.autocast(args...)` is deprecated. Please use `torch.amp.autocast('cuda', args...)` instead.
  with autocast(enabled=use_amp):
/data/quyhv/oil_forecast_tail_risk/scripts/training/train_unified.py:349: FutureWarning: `torch.cuda.amp.autocast(args...)` is deprecated. Please use `torch.amp.autocast('cuda', args...)` instead.
  with autocast(enabled=use_amp):
 Iter-02 | MAE=0.259 | MAPE=0.33%
/data/quyhv/oil_forecast_tail_risk/scripts/training/train_unified.py:290: FutureWarning: `torch.cuda.amp.GradScaler(args...)` is deprecated. Please use `torch.amp.GradScaler('cuda', args...)` instead.
  scaler = GradScaler(enabled=use_amp)
/data/quyhv/oil_forecast_tail_risk/scripts/training/train_unified.py:309: FutureWarning: `torch.cuda.amp.autocast(args...)` is deprecated. Please use `torch.amp.autocast('cuda', args...)` instead.
  with autocast(enabled=use_amp):
/data/quyhv/oil_forecast_tail_risk/scripts/training/train_unified.py:349: FutureWarning: `torch.cuda.amp.autocast(args...)` is deprecated. Please use `torch.amp.autocast('cuda', args...)` instead.
  with autocast(enabled=use_amp):
 Iter-03 | MAE=0.294 | MAPE=0.37%
/data/quyhv/oil_forecast_tail_risk/scripts/training/train_unified.py:290: FutureWarning: `torch.cuda.amp.GradScaler(args...)` is deprecated. Please use `torch.amp.GradScaler('cuda', args...)` instead.
  scaler = GradScaler(enabled=use_amp)
/data/quyhv/oil_forecast_tail_risk/scripts/training/train_unified.py:309: FutureWarning: `torch.cuda.amp.autocast(args...)` is deprecated. Please use `torch.amp.autocast('cuda', args...)` instead.
  with autocast(enabled=use_amp):
/data/quyhv/oil_forecast_tail_risk/scripts/training/train_unified.py:349: FutureWarning: `torch.cuda.amp.autocast(args...)` is deprecated. Please use `torch.amp.autocast('cuda', args...)` instead.
  with autocast(enabled=use_amp):
 Iter-04 | MAE=2.578 | MAPE=3.43%
/data/quyhv/oil_forecast_tail_risk/scripts/training/train_unified.py:290: FutureWarning: `torch.cuda.amp.GradScaler(args...)` is deprecated. Please use `torch.amp.GradScaler('cuda', args...)` instead.
  scaler = GradScaler(enabled=use_amp)
/data/quyhv/oil_forecast_tail_risk/scripts/training/train_unified.py:309: FutureWarning: `torch.cuda.amp.autocast(args...)` is deprecated. Please use `torch.amp.autocast('cuda', args...)` instead.
  with autocast(enabled=use_amp):
/data/quyhv/oil_forecast_tail_risk/scripts/training/train_unified.py:349: FutureWarning: `torch.cuda.amp.autocast(args...)` is deprecated. Please use `torch.amp.autocast('cuda', args...)` instead.
  with autocast(enabled=use_amp):
 Iter-05 | MAE=0.394 | MAPE=0.53%
/data/quyhv/oil_forecast_tail_risk/scripts/training/train_unified.py:290: FutureWarning: `torch.cuda.amp.GradScaler(args...)` is deprecated. Please use `torch.amp.GradScaler('cuda', args...)` instead.
  scaler = GradScaler(enabled=use_amp)
/data/quyhv/oil_forecast_tail_risk/scripts/training/train_unified.py:309: FutureWarning: `torch.cuda.amp.autocast(args...)` is deprecated. Please use `torch.amp.autocast('cuda', args...)` instead.
  with autocast(enabled=use_amp):
/data/quyhv/oil_forecast_tail_risk/scripts/training/train_unified.py:349: FutureWarning: `torch.cuda.amp.autocast(args...)` is deprecated. Please use `torch.amp.autocast('cuda', args...)` instead.
  with autocast(enabled=use_amp):
 Iter-06 | MAE=0.526 | MAPE=0.71%
/data/quyhv/oil_forecast_tail_risk/scripts/training/train_unified.py:290: FutureWarning: `torch.cuda.amp.GradScaler(args...)` is deprecated. Please use `torch.amp.GradScaler('cuda', args...)` instead.
  scaler = GradScaler(enabled=use_amp)
/data/quyhv/oil_forecast_tail_risk/scripts/training/train_unified.py:309: FutureWarning: `torch.cuda.amp.autocast(args...)` is deprecated. Please use `torch.amp.autocast('cuda', args...)` instead.
  with autocast(enabled=use_amp):
/data/quyhv/oil_forecast_tail_risk/scripts/training/train_unified.py:349: FutureWarning: `torch.cuda.amp.autocast(args...)` is deprecated. Please use `torch.amp.autocast('cuda', args...)` instead.
  with autocast(enabled=use_amp):
 Iter-07 | MAE=1.106 | MAPE=1.51%
/data/quyhv/oil_forecast_tail_risk/scripts/training/train_unified.py:290: FutureWarning: `torch.cuda.amp.GradScaler(args...)` is deprecated. Please use `torch.amp.GradScaler('cuda', args...)` instead.
  scaler = GradScaler(enabled=use_amp)
/data/quyhv/oil_forecast_tail_risk/scripts/training/train_unified.py:309: FutureWarning: `torch.cuda.amp.autocast(args...)` is deprecated. Please use `torch.amp.autocast('cuda', args...)` instead.
  with autocast(enabled=use_amp):
/data/quyhv/oil_forecast_tail_risk/scripts/training/train_unified.py:349: FutureWarning: `torch.cuda.amp.autocast(args...)` is deprecated. Please use `torch.amp.autocast('cuda', args...)` instead.
  with autocast(enabled=use_amp):
 Iter-08 | MAE=0.428 | MAPE=0.58%
/data/quyhv/oil_forecast_tail_risk/scripts/training/train_unified.py:290: FutureWarning: `torch.cuda.amp.GradScaler(args...)` is deprecated. Please use `torch.amp.GradScaler('cuda', args...)` instead.
  scaler = GradScaler(enabled=use_amp)
/data/quyhv/oil_forecast_tail_risk/scripts/training/train_unified.py:309: FutureWarning: `torch.cuda.amp.autocast(args...)` is deprecated. Please use `torch.amp.autocast('cuda', args...)` instead.
  with autocast(enabled=use_amp):
/data/quyhv/oil_forecast_tail_risk/scripts/training/train_unified.py:349: FutureWarning: `torch.cuda.amp.autocast(args...)` is deprecated. Please use `torch.amp.autocast('cuda', args...)` instead.
  with autocast(enabled=use_amp):
 Iter-09 | MAE=1.030 | MAPE=1.39%
/data/quyhv/oil_forecast_tail_risk/scripts/training/train_unified.py:290: FutureWarning: `torch.cuda.amp.GradScaler(args...)` is deprecated. Please use `torch.amp.GradScaler('cuda', args...)` instead.
  scaler = GradScaler(enabled=use_amp)
/data/quyhv/oil_forecast_tail_risk/scripts/training/train_unified.py:309: FutureWarning: `torch.cuda.amp.autocast(args...)` is deprecated. Please use `torch.amp.autocast('cuda', args...)` instead.
  with autocast(enabled=use_amp):
/data/quyhv/oil_forecast_tail_risk/scripts/training/train_unified.py:349: FutureWarning: `torch.cuda.amp.autocast(args...)` is deprecated. Please use `torch.amp.autocast('cuda', args...)` instead.
  with autocast(enabled=use_amp):
 Iter-10 | MAE=0.846 | MAPE=1.15%
/data/quyhv/oil_forecast_tail_risk/scripts/training/train_unified.py:290: FutureWarning: `torch.cuda.amp.GradScaler(args...)` is deprecated. Please use `torch.amp.GradScaler('cuda', args...)` instead.
  scaler = GradScaler(enabled=use_amp)
/data/quyhv/oil_forecast_tail_risk/scripts/training/train_unified.py:309: FutureWarning: `torch.cuda.amp.autocast(args...)` is deprecated. Please use `torch.amp.autocast('cuda', args...)` instead.
  with autocast(enabled=use_amp):
/data/quyhv/oil_forecast_tail_risk/scripts/training/train_unified.py:349: FutureWarning: `torch.cuda.amp.autocast(args...)` is deprecated. Please use `torch.amp.autocast('cuda', args...)` instead.
  with autocast(enabled=use_amp):
 Iter-11 | MAE=0.323 | MAPE=0.44%
/data/quyhv/oil_forecast_tail_risk/scripts/training/train_unified.py:290: FutureWarning: `torch.cuda.amp.GradScaler(args...)` is deprecated. Please use `torch.amp.GradScaler('cuda', args...)` instead.
  scaler = GradScaler(enabled=use_amp)
/data/quyhv/oil_forecast_tail_risk/scripts/training/train_unified.py:309: FutureWarning: `torch.cuda.amp.autocast(args...)` is deprecated. Please use `torch.amp.autocast('cuda', args...)` instead.
  with autocast(enabled=use_amp):
/data/quyhv/oil_forecast_tail_risk/scripts/training/train_unified.py:349: FutureWarning: `torch.cuda.amp.autocast(args...)` is deprecated. Please use `torch.amp.autocast('cuda', args...)` instead.
  with autocast(enabled=use_amp):
 Iter-12 | MAE=0.636 | MAPE=0.87%
/data/quyhv/oil_forecast_tail_risk/scripts/training/train_unified.py:290: FutureWarning: `torch.cuda.amp.GradScaler(args...)` is deprecated. Please use `torch.amp.GradScaler('cuda', args...)` instead.
  scaler = GradScaler(enabled=use_amp)
/data/quyhv/oil_forecast_tail_risk/scripts/training/train_unified.py:309: FutureWarning: `torch.cuda.amp.autocast(args...)` is deprecated. Please use `torch.amp.autocast('cuda', args...)` instead.
  with autocast(enabled=use_amp):
/data/quyhv/oil_forecast_tail_risk/scripts/training/train_unified.py:349: FutureWarning: `torch.cuda.amp.autocast(args...)` is deprecated. Please use `torch.amp.autocast('cuda', args...)` instead.
  with autocast(enabled=use_amp):
 Iter-13 | MAE=0.755 | MAPE=1.04%
/data/quyhv/oil_forecast_tail_risk/scripts/training/train_unified.py:290: FutureWarning: `torch.cuda.amp.GradScaler(args...)` is deprecated. Please use `torch.amp.GradScaler('cuda', args...)` instead.
  scaler = GradScaler(enabled=use_amp)
/data/quyhv/oil_forecast_tail_risk/scripts/training/train_unified.py:309: FutureWarning: `torch.cuda.amp.autocast(args...)` is deprecated. Please use `torch.amp.autocast('cuda', args...)` instead.
  with autocast(enabled=use_amp):
/data/quyhv/oil_forecast_tail_risk/scripts/training/train_unified.py:349: FutureWarning: `torch.cuda.amp.autocast(args...)` is deprecated. Please use `torch.amp.autocast('cuda', args...)` instead.
  with autocast(enabled=use_amp):
 Iter-14 | MAE=0.220 | MAPE=0.30%
/data/quyhv/oil_forecast_tail_risk/scripts/training/train_unified.py:290: FutureWarning: `torch.cuda.amp.GradScaler(args...)` is deprecated. Please use `torch.amp.GradScaler('cuda', args...)` instead.
  scaler = GradScaler(enabled=use_amp)
/data/quyhv/oil_forecast_tail_risk/scripts/training/train_unified.py:309: FutureWarning: `torch.cuda.amp.autocast(args...)` is deprecated. Please use `torch.amp.autocast('cuda', args...)` instead.
  with autocast(enabled=use_amp):
/data/quyhv/oil_forecast_tail_risk/scripts/training/train_unified.py:349: FutureWarning: `torch.cuda.amp.autocast(args...)` is deprecated. Please use `torch.amp.autocast('cuda', args...)` instead.
  with autocast(enabled=use_amp):
 Iter-15 | MAE=0.272 | MAPE=0.37%
/data/quyhv/oil_forecast_tail_risk/scripts/training/train_unified.py:290: FutureWarning: `torch.cuda.amp.GradScaler(args...)` is deprecated. Please use `torch.amp.GradScaler('cuda', args...)` instead.
  scaler = GradScaler(enabled=use_amp)
/data/quyhv/oil_forecast_tail_risk/scripts/training/train_unified.py:309: FutureWarning: `torch.cuda.amp.autocast(args...)` is deprecated. Please use `torch.amp.autocast('cuda', args...)` instead.
  with autocast(enabled=use_amp):
/data/quyhv/oil_forecast_tail_risk/scripts/training/train_unified.py:349: FutureWarning: `torch.cuda.amp.autocast(args...)` is deprecated. Please use `torch.amp.autocast('cuda', args...)` instead.
  with autocast(enabled=use_amp):
 Iter-16 | MAE=0.508 | MAPE=0.70%
/data/quyhv/oil_forecast_tail_risk/scripts/training/train_unified.py:290: FutureWarning: `torch.cuda.amp.GradScaler(args...)` is deprecated. Please use `torch.amp.GradScaler('cuda', args...)` instead.
  scaler = GradScaler(enabled=use_amp)
/data/quyhv/oil_forecast_tail_risk/scripts/training/train_unified.py:309: FutureWarning: `torch.cuda.amp.autocast(args...)` is deprecated. Please use `torch.amp.autocast('cuda', args...)` instead.
  with autocast(enabled=use_amp):
/data/quyhv/oil_forecast_tail_risk/scripts/training/train_unified.py:349: FutureWarning: `torch.cuda.amp.autocast(args...)` is deprecated. Please use `torch.amp.autocast('cuda', args...)` instead.
  with autocast(enabled=use_amp):
 Iter-17 | MAE=0.537 | MAPE=0.74%
/data/quyhv/oil_forecast_tail_risk/scripts/training/train_unified.py:290: FutureWarning: `torch.cuda.amp.GradScaler(args...)` is deprecated. Please use `torch.amp.GradScaler('cuda', args...)` instead.
  scaler = GradScaler(enabled=use_amp)
/data/quyhv/oil_forecast_tail_risk/scripts/training/train_unified.py:309: FutureWarning: `torch.cuda.amp.autocast(args...)` is deprecated. Please use `torch.amp.autocast('cuda', args...)` instead.
  with autocast(enabled=use_amp):
/data/quyhv/oil_forecast_tail_risk/scripts/training/train_unified.py:349: FutureWarning: `torch.cuda.amp.autocast(args...)` is deprecated. Please use `torch.amp.autocast('cuda', args...)` instead.
  with autocast(enabled=use_amp):
 Iter-18 | MAE=1.461 | MAPE=2.06%
/data/quyhv/oil_forecast_tail_risk/scripts/training/train_unified.py:290: FutureWarning: `torch.cuda.amp.GradScaler(args...)` is deprecated. Please use `torch.amp.GradScaler('cuda', args...)` instead.
  scaler = GradScaler(enabled=use_amp)
/data/quyhv/oil_forecast_tail_risk/scripts/training/train_unified.py:309: FutureWarning: `torch.cuda.amp.autocast(args...)` is deprecated. Please use `torch.amp.autocast('cuda', args...)` instead.
  with autocast(enabled=use_amp):
/data/quyhv/oil_forecast_tail_risk/scripts/training/train_unified.py:349: FutureWarning: `torch.cuda.amp.autocast(args...)` is deprecated. Please use `torch.amp.autocast('cuda', args...)` instead.
  with autocast(enabled=use_amp):
 Iter-19 | MAE=0.193 | MAPE=0.27%
/data/quyhv/oil_forecast_tail_risk/scripts/training/train_unified.py:290: FutureWarning: `torch.cuda.amp.GradScaler(args...)` is deprecated. Please use `torch.amp.GradScaler('cuda', args...)` instead.
  scaler = GradScaler(enabled=use_amp)
/data/quyhv/oil_forecast_tail_risk/scripts/training/train_unified.py:309: FutureWarning: `torch.cuda.amp.autocast(args...)` is deprecated. Please use `torch.amp.autocast('cuda', args...)` instead.
  with autocast(enabled=use_amp):
/data/quyhv/oil_forecast_tail_risk/scripts/training/train_unified.py:349: FutureWarning: `torch.cuda.amp.autocast(args...)` is deprecated. Please use `torch.amp.autocast('cuda', args...)` instead.
  with autocast(enabled=use_amp):
 Iter-20 | MAE=0.760 | MAPE=1.08%
/data/quyhv/oil_forecast_tail_risk/scripts/training/train_unified.py:290: FutureWarning: `torch.cuda.amp.GradScaler(args...)` is deprecated. Please use `torch.amp.GradScaler('cuda', args...)` instead.
  scaler = GradScaler(enabled=use_amp)
/data/quyhv/oil_forecast_tail_risk/scripts/training/train_unified.py:309: FutureWarning: `torch.cuda.amp.autocast(args...)` is deprecated. Please use `torch.amp.autocast('cuda', args...)` instead.
  with autocast(enabled=use_amp):
/data/quyhv/oil_forecast_tail_risk/scripts/training/train_unified.py:349: FutureWarning: `torch.cuda.amp.autocast(args...)` is deprecated. Please use `torch.amp.autocast('cuda', args...)` instead.
  with autocast(enabled=use_amp):
 Iter-21 | MAE=1.169 | MAPE=1.66%
/data/quyhv/oil_forecast_tail_risk/scripts/training/train_unified.py:290: FutureWarning: `torch.cuda.amp.GradScaler(args...)` is deprecated. Please use `torch.amp.GradScaler('cuda', args...)` instead.
  scaler = GradScaler(enabled=use_amp)
/data/quyhv/oil_forecast_tail_risk/scripts/training/train_unified.py:309: FutureWarning: `torch.cuda.amp.autocast(args...)` is deprecated. Please use `torch.amp.autocast('cuda', args...)` instead.
  with autocast(enabled=use_amp):
/data/quyhv/oil_forecast_tail_risk/scripts/training/train_unified.py:349: FutureWarning: `torch.cuda.amp.autocast(args...)` is deprecated. Please use `torch.amp.autocast('cuda', args...)` instead.
  with autocast(enabled=use_amp):
 Iter-22 | MAE=0.592 | MAPE=0.82%
/data/quyhv/oil_forecast_tail_risk/scripts/training/train_unified.py:290: FutureWarning: `torch.cuda.amp.GradScaler(args...)` is deprecated. Please use `torch.amp.GradScaler('cuda', args...)` instead.
  scaler = GradScaler(enabled=use_amp)
/data/quyhv/oil_forecast_tail_risk/scripts/training/train_unified.py:309: FutureWarning: `torch.cuda.amp.autocast(args...)` is deprecated. Please use `torch.amp.autocast('cuda', args...)` instead.
  with autocast(enabled=use_amp):
/data/quyhv/oil_forecast_tail_risk/scripts/training/train_unified.py:349: FutureWarning: `torch.cuda.amp.autocast(args...)` is deprecated. Please use `torch.amp.autocast('cuda', args...)` instead.
  with autocast(enabled=use_amp):
 Iter-23 | MAE=1.014 | MAPE=1.40%
/data/quyhv/oil_forecast_tail_risk/scripts/training/train_unified.py:290: FutureWarning: `torch.cuda.amp.GradScaler(args...)` is deprecated. Please use `torch.amp.GradScaler('cuda', args...)` instead.
  scaler = GradScaler(enabled=use_amp)
/data/quyhv/oil_forecast_tail_risk/scripts/training/train_unified.py:309: FutureWarning: `torch.cuda.amp.autocast(args...)` is deprecated. Please use `torch.amp.autocast('cuda', args...)` instead.
  with autocast(enabled=use_amp):
/data/quyhv/oil_forecast_tail_risk/scripts/training/train_unified.py:349: FutureWarning: `torch.cuda.amp.autocast(args...)` is deprecated. Please use `torch.amp.autocast('cuda', args...)` instead.
  with autocast(enabled=use_amp):
 Iter-24 | MAE=0.231 | MAPE=0.32%
/data/quyhv/oil_forecast_tail_risk/scripts/training/train_unified.py:290: FutureWarning: `torch.cuda.amp.GradScaler(args...)` is deprecated. Please use `torch.amp.GradScaler('cuda', args...)` instead.
  scaler = GradScaler(enabled=use_amp)
/data/quyhv/oil_forecast_tail_risk/scripts/training/train_unified.py:309: FutureWarning: `torch.cuda.amp.autocast(args...)` is deprecated. Please use `torch.amp.autocast('cuda', args...)` instead.
  with autocast(enabled=use_amp):
/data/quyhv/oil_forecast_tail_risk/scripts/training/train_unified.py:349: FutureWarning: `torch.cuda.amp.autocast(args...)` is deprecated. Please use `torch.amp.autocast('cuda', args...)` instead.
  with autocast(enabled=use_amp):
 Iter-25 | MAE=1.520 | MAPE=2.10%
/data/quyhv/oil_forecast_tail_risk/scripts/training/train_unified.py:290: FutureWarning: `torch.cuda.amp.GradScaler(args...)` is deprecated. Please use `torch.amp.GradScaler('cuda', args...)` instead.
  scaler = GradScaler(enabled=use_amp)
/data/quyhv/oil_forecast_tail_risk/scripts/training/train_unified.py:309: FutureWarning: `torch.cuda.amp.autocast(args...)` is deprecated. Please use `torch.amp.autocast('cuda', args...)` instead.
  with autocast(enabled=use_amp):
/data/quyhv/oil_forecast_tail_risk/scripts/training/train_unified.py:349: FutureWarning: `torch.cuda.amp.autocast(args...)` is deprecated. Please use `torch.amp.autocast('cuda', args...)` instead.
  with autocast(enabled=use_amp):
 Iter-26 | MAE=1.862 | MAPE=2.58%
/data/quyhv/oil_forecast_tail_risk/scripts/training/train_unified.py:290: FutureWarning: `torch.cuda.amp.GradScaler(args...)` is deprecated. Please use `torch.amp.GradScaler('cuda', args...)` instead.
  scaler = GradScaler(enabled=use_amp)
/data/quyhv/oil_forecast_tail_risk/scripts/training/train_unified.py:309: FutureWarning: `torch.cuda.amp.autocast(args...)` is deprecated. Please use `torch.amp.autocast('cuda', args...)` instead.
  with autocast(enabled=use_amp):
/data/quyhv/oil_forecast_tail_risk/scripts/training/train_unified.py:349: FutureWarning: `torch.cuda.amp.autocast(args...)` is deprecated. Please use `torch.amp.autocast('cuda', args...)` instead.
  with autocast(enabled=use_amp):
 Iter-27 | MAE=0.357 | MAPE=0.50%
/data/quyhv/oil_forecast_tail_risk/scripts/training/train_unified.py:290: FutureWarning: `torch.cuda.amp.GradScaler(args...)` is deprecated. Please use `torch.amp.GradScaler('cuda', args...)` instead.
  scaler = GradScaler(enabled=use_amp)
/data/quyhv/oil_forecast_tail_risk/scripts/training/train_unified.py:309: FutureWarning: `torch.cuda.amp.autocast(args...)` is deprecated. Please use `torch.amp.autocast('cuda', args...)` instead.
  with autocast(enabled=use_amp):
/data/quyhv/oil_forecast_tail_risk/scripts/training/train_unified.py:349: FutureWarning: `torch.cuda.amp.autocast(args...)` is deprecated. Please use `torch.amp.autocast('cuda', args...)` instead.
  with autocast(enabled=use_amp):
 Iter-28 | MAE=0.290 | MAPE=0.41%
/data/quyhv/oil_forecast_tail_risk/scripts/training/train_unified.py:290: FutureWarning: `torch.cuda.amp.GradScaler(args...)` is deprecated. Please use `torch.amp.GradScaler('cuda', args...)` instead.
  scaler = GradScaler(enabled=use_amp)
/data/quyhv/oil_forecast_tail_risk/scripts/training/train_unified.py:309: FutureWarning: `torch.cuda.amp.autocast(args...)` is deprecated. Please use `torch.amp.autocast('cuda', args...)` instead.
  with autocast(enabled=use_amp):
/data/quyhv/oil_forecast_tail_risk/scripts/training/train_unified.py:349: FutureWarning: `torch.cuda.amp.autocast(args...)` is deprecated. Please use `torch.amp.autocast('cuda', args...)` instead.
  with autocast(enabled=use_amp):
 Iter-29 | MAE=0.603 | MAPE=0.84%
/data/quyhv/oil_forecast_tail_risk/scripts/training/train_unified.py:290: FutureWarning: `torch.cuda.amp.GradScaler(args...)` is deprecated. Please use `torch.amp.GradScaler('cuda', args...)` instead.
  scaler = GradScaler(enabled=use_amp)
/data/quyhv/oil_forecast_tail_risk/scripts/training/train_unified.py:309: FutureWarning: `torch.cuda.amp.autocast(args...)` is deprecated. Please use `torch.amp.autocast('cuda', args...)` instead.
  with autocast(enabled=use_amp):
/data/quyhv/oil_forecast_tail_risk/scripts/training/train_unified.py:349: FutureWarning: `torch.cuda.amp.autocast(args...)` is deprecated. Please use `torch.amp.autocast('cuda', args...)` instead.
  with autocast(enabled=use_amp):
 Iter-30 | MAE=0.345 | MAPE=0.48%
/data/quyhv/oil_forecast_tail_risk/scripts/training/train_unified.py:290: FutureWarning: `torch.cuda.amp.GradScaler(args...)` is deprecated. Please use `torch.amp.GradScaler('cuda', args...)` instead.
  scaler = GradScaler(enabled=use_amp)
/data/quyhv/oil_forecast_tail_risk/scripts/training/train_unified.py:309: FutureWarning: `torch.cuda.amp.autocast(args...)` is deprecated. Please use `torch.amp.autocast('cuda', args...)` instead.
  with autocast(enabled=use_amp):
/data/quyhv/oil_forecast_tail_risk/scripts/training/train_unified.py:349: FutureWarning: `torch.cuda.amp.autocast(args...)` is deprecated. Please use `torch.amp.autocast('cuda', args...)` instead.
  with autocast(enabled=use_amp):
 Iter-31 | MAE=0.477 | MAPE=0.65%
/data/quyhv/oil_forecast_tail_risk/scripts/training/train_unified.py:290: FutureWarning: `torch.cuda.amp.GradScaler(args...)` is deprecated. Please use `torch.amp.GradScaler('cuda', args...)` instead.
  scaler = GradScaler(enabled=use_amp)
/data/quyhv/oil_forecast_tail_risk/scripts/training/train_unified.py:309: FutureWarning: `torch.cuda.amp.autocast(args...)` is deprecated. Please use `torch.amp.autocast('cuda', args...)` instead.
  with autocast(enabled=use_amp):
/data/quyhv/oil_forecast_tail_risk/scripts/training/train_unified.py:349: FutureWarning: `torch.cuda.amp.autocast(args...)` is deprecated. Please use `torch.amp.autocast('cuda', args...)` instead.
  with autocast(enabled=use_amp):
 Iter-32 | MAE=0.657 | MAPE=0.91%
/data/quyhv/oil_forecast_tail_risk/scripts/training/train_unified.py:290: FutureWarning: `torch.cuda.amp.GradScaler(args...)` is deprecated. Please use `torch.amp.GradScaler('cuda', args...)` instead.
  scaler = GradScaler(enabled=use_amp)
/data/quyhv/oil_forecast_tail_risk/scripts/training/train_unified.py:309: FutureWarning: `torch.cuda.amp.autocast(args...)` is deprecated. Please use `torch.amp.autocast('cuda', args...)` instead.
  with autocast(enabled=use_amp):
/data/quyhv/oil_forecast_tail_risk/scripts/training/train_unified.py:349: FutureWarning: `torch.cuda.amp.autocast(args...)` is deprecated. Please use `torch.amp.autocast('cuda', args...)` instead.
  with autocast(enabled=use_amp):
 Iter-33 | MAE=0.967 | MAPE=1.33%
/data/quyhv/oil_forecast_tail_risk/scripts/training/train_unified.py:290: FutureWarning: `torch.cuda.amp.GradScaler(args...)` is deprecated. Please use `torch.amp.GradScaler('cuda', args...)` instead.
  scaler = GradScaler(enabled=use_amp)
/data/quyhv/oil_forecast_tail_risk/scripts/training/train_unified.py:309: FutureWarning: `torch.cuda.amp.autocast(args...)` is deprecated. Please use `torch.amp.autocast('cuda', args...)` instead.
  with autocast(enabled=use_amp):
/data/quyhv/oil_forecast_tail_risk/scripts/training/train_unified.py:349: FutureWarning: `torch.cuda.amp.autocast(args...)` is deprecated. Please use `torch.amp.autocast('cuda', args...)` instead.
  with autocast(enabled=use_amp):
 Iter-34 | MAE=1.184 | MAPE=1.66%
/data/quyhv/oil_forecast_tail_risk/scripts/training/train_unified.py:290: FutureWarning: `torch.cuda.amp.GradScaler(args...)` is deprecated. Please use `torch.amp.GradScaler('cuda', args...)` instead.
  scaler = GradScaler(enabled=use_amp)
/data/quyhv/oil_forecast_tail_risk/scripts/training/train_unified.py:309: FutureWarning: `torch.cuda.amp.autocast(args...)` is deprecated. Please use `torch.amp.autocast('cuda', args...)` instead.
  with autocast(enabled=use_amp):
/data/quyhv/oil_forecast_tail_risk/scripts/training/train_unified.py:349: FutureWarning: `torch.cuda.amp.autocast(args...)` is deprecated. Please use `torch.amp.autocast('cuda', args...)` instead.
  with autocast(enabled=use_amp):
 Iter-35 | MAE=0.459 | MAPE=0.62%
/data/quyhv/oil_forecast_tail_risk/scripts/training/train_unified.py:290: FutureWarning: `torch.cuda.amp.GradScaler(args...)` is deprecated. Please use `torch.amp.GradScaler('cuda', args...)` instead.
  scaler = GradScaler(enabled=use_amp)
/data/quyhv/oil_forecast_tail_risk/scripts/training/train_unified.py:309: FutureWarning: `torch.cuda.amp.autocast(args...)` is deprecated. Please use `torch.amp.autocast('cuda', args...)` instead.
  with autocast(enabled=use_amp):
/data/quyhv/oil_forecast_tail_risk/scripts/training/train_unified.py:349: FutureWarning: `torch.cuda.amp.autocast(args...)` is deprecated. Please use `torch.amp.autocast('cuda', args...)` instead.
  with autocast(enabled=use_amp):
 Iter-36 | MAE=0.778 | MAPE=1.04%
/data/quyhv/oil_forecast_tail_risk/scripts/training/train_unified.py:290: FutureWarning: `torch.cuda.amp.GradScaler(args...)` is deprecated. Please use `torch.amp.GradScaler('cuda', args...)` instead.
  scaler = GradScaler(enabled=use_amp)
/data/quyhv/oil_forecast_tail_risk/scripts/training/train_unified.py:309: FutureWarning: `torch.cuda.amp.autocast(args...)` is deprecated. Please use `torch.amp.autocast('cuda', args...)` instead.
  with autocast(enabled=use_amp):
/data/quyhv/oil_forecast_tail_risk/scripts/training/train_unified.py:349: FutureWarning: `torch.cuda.amp.autocast(args...)` is deprecated. Please use `torch.amp.autocast('cuda', args...)` instead.
  with autocast(enabled=use_amp):
 Iter-37 | MAE=1.030 | MAPE=1.38%
/data/quyhv/oil_forecast_tail_risk/scripts/training/train_unified.py:290: FutureWarning: `torch.cuda.amp.GradScaler(args...)` is deprecated. Please use `torch.amp.GradScaler('cuda', args...)` instead.
  scaler = GradScaler(enabled=use_amp)
/data/quyhv/oil_forecast_tail_risk/scripts/training/train_unified.py:309: FutureWarning: `torch.cuda.amp.autocast(args...)` is deprecated. Please use `torch.amp.autocast('cuda', args...)` instead.
  with autocast(enabled=use_amp):
/data/quyhv/oil_forecast_tail_risk/scripts/training/train_unified.py:349: FutureWarning: `torch.cuda.amp.autocast(args...)` is deprecated. Please use `torch.amp.autocast('cuda', args...)` instead.
  with autocast(enabled=use_amp):
 Iter-38 | MAE=3.428 | MAPE=4.78%
/data/quyhv/oil_forecast_tail_risk/scripts/training/train_unified.py:290: FutureWarning: `torch.cuda.amp.GradScaler(args...)` is deprecated. Please use `torch.amp.GradScaler('cuda', args...)` instead.
  scaler = GradScaler(enabled=use_amp)
/data/quyhv/oil_forecast_tail_risk/scripts/training/train_unified.py:309: FutureWarning: `torch.cuda.amp.autocast(args...)` is deprecated. Please use `torch.amp.autocast('cuda', args...)` instead.
  with autocast(enabled=use_amp):
/data/quyhv/oil_forecast_tail_risk/scripts/training/train_unified.py:349: FutureWarning: `torch.cuda.amp.autocast(args...)` is deprecated. Please use `torch.amp.autocast('cuda', args...)` instead.
  with autocast(enabled=use_amp):
 Iter-39 | MAE=2.333 | MAPE=3.24%
/data/quyhv/oil_forecast_tail_risk/scripts/training/train_unified.py:290: FutureWarning: `torch.cuda.amp.GradScaler(args...)` is deprecated. Please use `torch.amp.GradScaler('cuda', args...)` instead.
  scaler = GradScaler(enabled=use_amp)
/data/quyhv/oil_forecast_tail_risk/scripts/training/train_unified.py:309: FutureWarning: `torch.cuda.amp.autocast(args...)` is deprecated. Please use `torch.amp.autocast('cuda', args...)` instead.
  with autocast(enabled=use_amp):
/data/quyhv/oil_forecast_tail_risk/scripts/training/train_unified.py:349: FutureWarning: `torch.cuda.amp.autocast(args...)` is deprecated. Please use `torch.amp.autocast('cuda', args...)` instead.
  with autocast(enabled=use_amp):
 Iter-40 | MAE=1.150 | MAPE=1.56%
/data/quyhv/oil_forecast_tail_risk/scripts/training/train_unified.py:290: FutureWarning: `torch.cuda.amp.GradScaler(args...)` is deprecated. Please use `torch.amp.GradScaler('cuda', args...)` instead.
  scaler = GradScaler(enabled=use_amp)
/data/quyhv/oil_forecast_tail_risk/scripts/training/train_unified.py:309: FutureWarning: `torch.cuda.amp.autocast(args...)` is deprecated. Please use `torch.amp.autocast('cuda', args...)` instead.
  with autocast(enabled=use_amp):
/data/quyhv/oil_forecast_tail_risk/scripts/training/train_unified.py:349: FutureWarning: `torch.cuda.amp.autocast(args...)` is deprecated. Please use `torch.amp.autocast('cuda', args...)` instead.
  with autocast(enabled=use_amp):
 Iter-41 | MAE=0.461 | MAPE=0.62%
/data/quyhv/oil_forecast_tail_risk/scripts/training/train_unified.py:290: FutureWarning: `torch.cuda.amp.GradScaler(args...)` is deprecated. Please use `torch.amp.GradScaler('cuda', args...)` instead.
  scaler = GradScaler(enabled=use_amp)
/data/quyhv/oil_forecast_tail_risk/scripts/training/train_unified.py:309: FutureWarning: `torch.cuda.amp.autocast(args...)` is deprecated. Please use `torch.amp.autocast('cuda', args...)` instead.
  with autocast(enabled=use_amp):
/data/quyhv/oil_forecast_tail_risk/scripts/training/train_unified.py:349: FutureWarning: `torch.cuda.amp.autocast(args...)` is deprecated. Please use `torch.amp.autocast('cuda', args...)` instead.
  with autocast(enabled=use_amp):
 Iter-42 | MAE=0.785 | MAPE=1.06%
/data/quyhv/oil_forecast_tail_risk/scripts/training/train_unified.py:290: FutureWarning: `torch.cuda.amp.GradScaler(args...)` is deprecated. Please use `torch.amp.GradScaler('cuda', args...)` instead.
  scaler = GradScaler(enabled=use_amp)
/data/quyhv/oil_forecast_tail_risk/scripts/training/train_unified.py:309: FutureWarning: `torch.cuda.amp.autocast(args...)` is deprecated. Please use `torch.amp.autocast('cuda', args...)` instead.
  with autocast(enabled=use_amp):
/data/quyhv/oil_forecast_tail_risk/scripts/training/train_unified.py:349: FutureWarning: `torch.cuda.amp.autocast(args...)` is deprecated. Please use `torch.amp.autocast('cuda', args...)` instead.
  with autocast(enabled=use_amp):
 Iter-43 | MAE=1.100 | MAPE=1.45%
/data/quyhv/oil_forecast_tail_risk/scripts/training/train_unified.py:290: FutureWarning: `torch.cuda.amp.GradScaler(args...)` is deprecated. Please use `torch.amp.GradScaler('cuda', args...)` instead.
  scaler = GradScaler(enabled=use_amp)
/data/quyhv/oil_forecast_tail_risk/scripts/training/train_unified.py:309: FutureWarning: `torch.cuda.amp.autocast(args...)` is deprecated. Please use `torch.amp.autocast('cuda', args...)` instead.
  with autocast(enabled=use_amp):
/data/quyhv/oil_forecast_tail_risk/scripts/training/train_unified.py:349: FutureWarning: `torch.cuda.amp.autocast(args...)` is deprecated. Please use `torch.amp.autocast('cuda', args...)` instead.
  with autocast(enabled=use_amp):
 Iter-44 | MAE=1.257 | MAPE=1.62%
/data/quyhv/oil_forecast_tail_risk/scripts/training/train_unified.py:290: FutureWarning: `torch.cuda.amp.GradScaler(args...)` is deprecated. Please use `torch.amp.GradScaler('cuda', args...)` instead.
  scaler = GradScaler(enabled=use_amp)
/data/quyhv/oil_forecast_tail_risk/scripts/training/train_unified.py:309: FutureWarning: `torch.cuda.amp.autocast(args...)` is deprecated. Please use `torch.amp.autocast('cuda', args...)` instead.
  with autocast(enabled=use_amp):
/data/quyhv/oil_forecast_tail_risk/scripts/training/train_unified.py:349: FutureWarning: `torch.cuda.amp.autocast(args...)` is deprecated. Please use `torch.amp.autocast('cuda', args...)` instead.
  with autocast(enabled=use_amp):
 Iter-45 | MAE=0.365 | MAPE=0.48%
/data/quyhv/oil_forecast_tail_risk/scripts/training/train_unified.py:290: FutureWarning: `torch.cuda.amp.GradScaler(args...)` is deprecated. Please use `torch.amp.GradScaler('cuda', args...)` instead.
  scaler = GradScaler(enabled=use_amp)
/data/quyhv/oil_forecast_tail_risk/scripts/training/train_unified.py:309: FutureWarning: `torch.cuda.amp.autocast(args...)` is deprecated. Please use `torch.amp.autocast('cuda', args...)` instead.
  with autocast(enabled=use_amp):
/data/quyhv/oil_forecast_tail_risk/scripts/training/train_unified.py:349: FutureWarning: `torch.cuda.amp.autocast(args...)` is deprecated. Please use `torch.amp.autocast('cuda', args...)` instead.
  with autocast(enabled=use_amp):
 Iter-46 | MAE=1.041 | MAPE=1.37%
/data/quyhv/oil_forecast_tail_risk/scripts/training/train_unified.py:290: FutureWarning: `torch.cuda.amp.GradScaler(args...)` is deprecated. Please use `torch.amp.GradScaler('cuda', args...)` instead.
  scaler = GradScaler(enabled=use_amp)
/data/quyhv/oil_forecast_tail_risk/scripts/training/train_unified.py:309: FutureWarning: `torch.cuda.amp.autocast(args...)` is deprecated. Please use `torch.amp.autocast('cuda', args...)` instead.
  with autocast(enabled=use_amp):
/data/quyhv/oil_forecast_tail_risk/scripts/training/train_unified.py:349: FutureWarning: `torch.cuda.amp.autocast(args...)` is deprecated. Please use `torch.amp.autocast('cuda', args...)` instead.
  with autocast(enabled=use_amp):
 Iter-47 | MAE=2.330 | MAPE=3.21%
/data/quyhv/oil_forecast_tail_risk/scripts/training/train_unified.py:290: FutureWarning: `torch.cuda.amp.GradScaler(args...)` is deprecated. Please use `torch.amp.GradScaler('cuda', args...)` instead.
  scaler = GradScaler(enabled=use_amp)
/data/quyhv/oil_forecast_tail_risk/scripts/training/train_unified.py:309: FutureWarning: `torch.cuda.amp.autocast(args...)` is deprecated. Please use `torch.amp.autocast('cuda', args...)` instead.
  with autocast(enabled=use_amp):
/data/quyhv/oil_forecast_tail_risk/scripts/training/train_unified.py:349: FutureWarning: `torch.cuda.amp.autocast(args...)` is deprecated. Please use `torch.amp.autocast('cuda', args...)` instead.
  with autocast(enabled=use_amp):
 Iter-48 | MAE=0.327 | MAPE=0.45%
/data/quyhv/oil_forecast_tail_risk/scripts/training/train_unified.py:290: FutureWarning: `torch.cuda.amp.GradScaler(args...)` is deprecated. Please use `torch.amp.GradScaler('cuda', args...)` instead.
  scaler = GradScaler(enabled=use_amp)
/data/quyhv/oil_forecast_tail_risk/scripts/training/train_unified.py:309: FutureWarning: `torch.cuda.amp.autocast(args...)` is deprecated. Please use `torch.amp.autocast('cuda', args...)` instead.
  with autocast(enabled=use_amp):
/data/quyhv/oil_forecast_tail_risk/scripts/training/train_unified.py:349: FutureWarning: `torch.cuda.amp.autocast(args...)` is deprecated. Please use `torch.amp.autocast('cuda', args...)` instead.
  with autocast(enabled=use_amp):
 Iter-49 | MAE=0.519 | MAPE=0.71%
/data/quyhv/oil_forecast_tail_risk/scripts/training/train_unified.py:290: FutureWarning: `torch.cuda.amp.GradScaler(args...)` is deprecated. Please use `torch.amp.GradScaler('cuda', args...)` instead.
  scaler = GradScaler(enabled=use_amp)
/data/quyhv/oil_forecast_tail_risk/scripts/training/train_unified.py:309: FutureWarning: `torch.cuda.amp.autocast(args...)` is deprecated. Please use `torch.amp.autocast('cuda', args...)` instead.
  with autocast(enabled=use_amp):
/data/quyhv/oil_forecast_tail_risk/scripts/training/train_unified.py:349: FutureWarning: `torch.cuda.amp.autocast(args...)` is deprecated. Please use `torch.amp.autocast('cuda', args...)` instead.
  with autocast(enabled=use_amp):
 Iter-50 | MAE=0.418 | MAPE=0.58%
/data/quyhv/oil_forecast_tail_risk/scripts/training/train_unified.py:290: FutureWarning: `torch.cuda.amp.GradScaler(args...)` is deprecated. Please use `torch.amp.GradScaler('cuda', args...)` instead.
  scaler = GradScaler(enabled=use_amp)
/data/quyhv/oil_forecast_tail_risk/scripts/training/train_unified.py:309: FutureWarning: `torch.cuda.amp.autocast(args...)` is deprecated. Please use `torch.amp.autocast('cuda', args...)` instead.
  with autocast(enabled=use_amp):
/data/quyhv/oil_forecast_tail_risk/scripts/training/train_unified.py:349: FutureWarning: `torch.cuda.amp.autocast(args...)` is deprecated. Please use `torch.amp.autocast('cuda', args...)` instead.
  with autocast(enabled=use_amp):
 Iter-51 | MAE=2.504 | MAPE=3.25%
/data/quyhv/oil_forecast_tail_risk/scripts/training/train_unified.py:290: FutureWarning: `torch.cuda.amp.GradScaler(args...)` is deprecated. Please use `torch.amp.GradScaler('cuda', args...)` instead.
  scaler = GradScaler(enabled=use_amp)
/data/quyhv/oil_forecast_tail_risk/scripts/training/train_unified.py:309: FutureWarning: `torch.cuda.amp.autocast(args...)` is deprecated. Please use `torch.amp.autocast('cuda', args...)` instead.
  with autocast(enabled=use_amp):
/data/quyhv/oil_forecast_tail_risk/scripts/training/train_unified.py:349: FutureWarning: `torch.cuda.amp.autocast(args...)` is deprecated. Please use `torch.amp.autocast('cuda', args...)` instead.
  with autocast(enabled=use_amp):
 Iter-52 | MAE=1.427 | MAPE=1.81%
/data/quyhv/oil_forecast_tail_risk/scripts/training/train_unified.py:290: FutureWarning: `torch.cuda.amp.GradScaler(args...)` is deprecated. Please use `torch.amp.GradScaler('cuda', args...)` instead.
  scaler = GradScaler(enabled=use_amp)
/data/quyhv/oil_forecast_tail_risk/scripts/training/train_unified.py:309: FutureWarning: `torch.cuda.amp.autocast(args...)` is deprecated. Please use `torch.amp.autocast('cuda', args...)` instead.
  with autocast(enabled=use_amp):
/data/quyhv/oil_forecast_tail_risk/scripts/training/train_unified.py:349: FutureWarning: `torch.cuda.amp.autocast(args...)` is deprecated. Please use `torch.amp.autocast('cuda', args...)` instead.
  with autocast(enabled=use_amp):
 Iter-53 | MAE=0.245 | MAPE=0.31%
/data/quyhv/oil_forecast_tail_risk/scripts/training/train_unified.py:290: FutureWarning: `torch.cuda.amp.GradScaler(args...)` is deprecated. Please use `torch.amp.GradScaler('cuda', args...)` instead.
  scaler = GradScaler(enabled=use_amp)
/data/quyhv/oil_forecast_tail_risk/scripts/training/train_unified.py:309: FutureWarning: `torch.cuda.amp.autocast(args...)` is deprecated. Please use `torch.amp.autocast('cuda', args...)` instead.
  with autocast(enabled=use_amp):
/data/quyhv/oil_forecast_tail_risk/scripts/training/train_unified.py:349: FutureWarning: `torch.cuda.amp.autocast(args...)` is deprecated. Please use `torch.amp.autocast('cuda', args...)` instead.
  with autocast(enabled=use_amp):
 Iter-54 | MAE=1.684 | MAPE=2.10%
/data/quyhv/oil_forecast_tail_risk/scripts/training/train_unified.py:290: FutureWarning: `torch.cuda.amp.GradScaler(args...)` is deprecated. Please use `torch.amp.GradScaler('cuda', args...)` instead.
  scaler = GradScaler(enabled=use_amp)
/data/quyhv/oil_forecast_tail_risk/scripts/training/train_unified.py:309: FutureWarning: `torch.cuda.amp.autocast(args...)` is deprecated. Please use `torch.amp.autocast('cuda', args...)` instead.
  with autocast(enabled=use_amp):
/data/quyhv/oil_forecast_tail_risk/scripts/training/train_unified.py:349: FutureWarning: `torch.cuda.amp.autocast(args...)` is deprecated. Please use `torch.amp.autocast('cuda', args...)` instead.
  with autocast(enabled=use_amp):
 Iter-55 | MAE=0.914 | MAPE=1.14%
/data/quyhv/oil_forecast_tail_risk/scripts/training/train_unified.py:290: FutureWarning: `torch.cuda.amp.GradScaler(args...)` is deprecated. Please use `torch.amp.GradScaler('cuda', args...)` instead.
  scaler = GradScaler(enabled=use_amp)
/data/quyhv/oil_forecast_tail_risk/scripts/training/train_unified.py:309: FutureWarning: `torch.cuda.amp.autocast(args...)` is deprecated. Please use `torch.amp.autocast('cuda', args...)` instead.
  with autocast(enabled=use_amp):
/data/quyhv/oil_forecast_tail_risk/scripts/training/train_unified.py:349: FutureWarning: `torch.cuda.amp.autocast(args...)` is deprecated. Please use `torch.amp.autocast('cuda', args...)` instead.
  with autocast(enabled=use_amp):
 Iter-56 | MAE=0.633 | MAPE=0.79%
/data/quyhv/oil_forecast_tail_risk/scripts/training/train_unified.py:290: FutureWarning: `torch.cuda.amp.GradScaler(args...)` is deprecated. Please use `torch.amp.GradScaler('cuda', args...)` instead.
  scaler = GradScaler(enabled=use_amp)
/data/quyhv/oil_forecast_tail_risk/scripts/training/train_unified.py:309: FutureWarning: `torch.cuda.amp.autocast(args...)` is deprecated. Please use `torch.amp.autocast('cuda', args...)` instead.
  with autocast(enabled=use_amp):
/data/quyhv/oil_forecast_tail_risk/scripts/training/train_unified.py:349: FutureWarning: `torch.cuda.amp.autocast(args...)` is deprecated. Please use `torch.amp.autocast('cuda', args...)` instead.
  with autocast(enabled=use_amp):
 Iter-57 | MAE=0.149 | MAPE=0.18%
/data/quyhv/oil_forecast_tail_risk/scripts/training/train_unified.py:290: FutureWarning: `torch.cuda.amp.GradScaler(args...)` is deprecated. Please use `torch.amp.GradScaler('cuda', args...)` instead.
  scaler = GradScaler(enabled=use_amp)
/data/quyhv/oil_forecast_tail_risk/scripts/training/train_unified.py:309: FutureWarning: `torch.cuda.amp.autocast(args...)` is deprecated. Please use `torch.amp.autocast('cuda', args...)` instead.
  with autocast(enabled=use_amp):
/data/quyhv/oil_forecast_tail_risk/scripts/training/train_unified.py:349: FutureWarning: `torch.cuda.amp.autocast(args...)` is deprecated. Please use `torch.amp.autocast('cuda', args...)` instead.
  with autocast(enabled=use_amp):
 Iter-58 | MAE=10.339 | MAPE=11.29%
/data/quyhv/oil_forecast_tail_risk/scripts/training/train_unified.py:290: FutureWarning: `torch.cuda.amp.GradScaler(args...)` is deprecated. Please use `torch.amp.GradScaler('cuda', args...)` instead.
  scaler = GradScaler(enabled=use_amp)
/data/quyhv/oil_forecast_tail_risk/scripts/training/train_unified.py:309: FutureWarning: `torch.cuda.amp.autocast(args...)` is deprecated. Please use `torch.amp.autocast('cuda', args...)` instead.
  with autocast(enabled=use_amp):
/data/quyhv/oil_forecast_tail_risk/scripts/training/train_unified.py:349: FutureWarning: `torch.cuda.amp.autocast(args...)` is deprecated. Please use `torch.amp.autocast('cuda', args...)` instead.
  with autocast(enabled=use_amp):
 Iter-59 | MAE=6.411 | MAPE=6.60%
/data/quyhv/oil_forecast_tail_risk/scripts/training/train_unified.py:290: FutureWarning: `torch.cuda.amp.GradScaler(args...)` is deprecated. Please use `torch.amp.GradScaler('cuda', args...)` instead.
  scaler = GradScaler(enabled=use_amp)
/data/quyhv/oil_forecast_tail_risk/scripts/training/train_unified.py:309: FutureWarning: `torch.cuda.amp.autocast(args...)` is deprecated. Please use `torch.amp.autocast('cuda', args...)` instead.
  with autocast(enabled=use_amp):
/data/quyhv/oil_forecast_tail_risk/scripts/training/train_unified.py:349: FutureWarning: `torch.cuda.amp.autocast(args...)` is deprecated. Please use `torch.amp.autocast('cuda', args...)` instead.
  with autocast(enabled=use_amp):
 Iter-60 | MAE=3.416 | MAPE=3.33%
/data/quyhv/oil_forecast_tail_risk/scripts/training/train_unified.py:290: FutureWarning: `torch.cuda.amp.GradScaler(args...)` is deprecated. Please use `torch.amp.GradScaler('cuda', args...)` instead.
  scaler = GradScaler(enabled=use_amp)
/data/quyhv/oil_forecast_tail_risk/scripts/training/train_unified.py:309: FutureWarning: `torch.cuda.amp.autocast(args...)` is deprecated. Please use `torch.amp.autocast('cuda', args...)` instead.
  with autocast(enabled=use_amp):
/data/quyhv/oil_forecast_tail_risk/scripts/training/train_unified.py:349: FutureWarning: `torch.cuda.amp.autocast(args...)` is deprecated. Please use `torch.amp.autocast('cuda', args...)` instead.
  with autocast(enabled=use_amp):
 Iter-61 | MAE=17.575 | MAPE=16.18%
/data/quyhv/oil_forecast_tail_risk/scripts/training/train_unified.py:290: FutureWarning: `torch.cuda.amp.GradScaler(args...)` is deprecated. Please use `torch.amp.GradScaler('cuda', args...)` instead.
  scaler = GradScaler(enabled=use_amp)
/data/quyhv/oil_forecast_tail_risk/scripts/training/train_unified.py:309: FutureWarning: `torch.cuda.amp.autocast(args...)` is deprecated. Please use `torch.amp.autocast('cuda', args...)` instead.
  with autocast(enabled=use_amp):
/data/quyhv/oil_forecast_tail_risk/scripts/training/train_unified.py:349: FutureWarning: `torch.cuda.amp.autocast(args...)` is deprecated. Please use `torch.amp.autocast('cuda', args...)` instead.
  with autocast(enabled=use_amp):
 Iter-62 | MAE=4.454 | MAPE=3.77%
/data/quyhv/oil_forecast_tail_risk/scripts/training/train_unified.py:290: FutureWarning: `torch.cuda.amp.GradScaler(args...)` is deprecated. Please use `torch.amp.GradScaler('cuda', args...)` instead.
  scaler = GradScaler(enabled=use_amp)
/data/quyhv/oil_forecast_tail_risk/scripts/training/train_unified.py:309: FutureWarning: `torch.cuda.amp.autocast(args...)` is deprecated. Please use `torch.amp.autocast('cuda', args...)` instead.
  with autocast(enabled=use_amp):
/data/quyhv/oil_forecast_tail_risk/scripts/training/train_unified.py:349: FutureWarning: `torch.cuda.amp.autocast(args...)` is deprecated. Please use `torch.amp.autocast('cuda', args...)` instead.
  with autocast(enabled=use_amp):
 Iter-63 | MAE=25.927 | MAPE=18.10%
/data/quyhv/oil_forecast_tail_risk/scripts/training/train_unified.py:290: FutureWarning: `torch.cuda.amp.GradScaler(args...)` is deprecated. Please use `torch.amp.GradScaler('cuda', args...)` instead.
  scaler = GradScaler(enabled=use_amp)
/data/quyhv/oil_forecast_tail_risk/scripts/training/train_unified.py:309: FutureWarning: `torch.cuda.amp.autocast(args...)` is deprecated. Please use `torch.amp.autocast('cuda', args...)` instead.
  with autocast(enabled=use_amp):
/data/quyhv/oil_forecast_tail_risk/scripts/training/train_unified.py:349: FutureWarning: `torch.cuda.amp.autocast(args...)` is deprecated. Please use `torch.amp.autocast('cuda', args...)` instead.
  with autocast(enabled=use_amp):
 Iter-64 | MAE=15.540 | MAPE=12.59%
/data/quyhv/oil_forecast_tail_risk/scripts/training/train_unified.py:290: FutureWarning: `torch.cuda.amp.GradScaler(args...)` is deprecated. Please use `torch.amp.GradScaler('cuda', args...)` instead.
  scaler = GradScaler(enabled=use_amp)
/data/quyhv/oil_forecast_tail_risk/scripts/training/train_unified.py:309: FutureWarning: `torch.cuda.amp.autocast(args...)` is deprecated. Please use `torch.amp.autocast('cuda', args...)` instead.
  with autocast(enabled=use_amp):
/data/quyhv/oil_forecast_tail_risk/scripts/training/train_unified.py:349: FutureWarning: `torch.cuda.amp.autocast(args...)` is deprecated. Please use `torch.amp.autocast('cuda', args...)` instead.
  with autocast(enabled=use_amp):
 Iter-65 | MAE=2.970 | MAPE=2.45%
/data/quyhv/oil_forecast_tail_risk/scripts/training/train_unified.py:290: FutureWarning: `torch.cuda.amp.GradScaler(args...)` is deprecated. Please use `torch.amp.GradScaler('cuda', args...)` instead.
  scaler = GradScaler(enabled=use_amp)
/data/quyhv/oil_forecast_tail_risk/scripts/training/train_unified.py:309: FutureWarning: `torch.cuda.amp.autocast(args...)` is deprecated. Please use `torch.amp.autocast('cuda', args...)` instead.
  with autocast(enabled=use_amp):
/data/quyhv/oil_forecast_tail_risk/scripts/training/train_unified.py:349: FutureWarning: `torch.cuda.amp.autocast(args...)` is deprecated. Please use `torch.amp.autocast('cuda', args...)` instead.
  with autocast(enabled=use_amp):
 Iter-66 | MAE=11.165 | MAPE=8.16%
/data/quyhv/oil_forecast_tail_risk/scripts/training/train_unified.py:290: FutureWarning: `torch.cuda.amp.GradScaler(args...)` is deprecated. Please use `torch.amp.GradScaler('cuda', args...)` instead.
  scaler = GradScaler(enabled=use_amp)
/data/quyhv/oil_forecast_tail_risk/scripts/training/train_unified.py:309: FutureWarning: `torch.cuda.amp.autocast(args...)` is deprecated. Please use `torch.amp.autocast('cuda', args...)` instead.
  with autocast(enabled=use_amp):
/data/quyhv/oil_forecast_tail_risk/scripts/training/train_unified.py:349: FutureWarning: `torch.cuda.amp.autocast(args...)` is deprecated. Please use `torch.amp.autocast('cuda', args...)` instead.
  with autocast(enabled=use_amp):
 Iter-67 | MAE=5.309 | MAPE=3.72%
/data/quyhv/oil_forecast_tail_risk/scripts/training/train_unified.py:290: FutureWarning: `torch.cuda.amp.GradScaler(args...)` is deprecated. Please use `torch.amp.GradScaler('cuda', args...)` instead.
  scaler = GradScaler(enabled=use_amp)
/data/quyhv/oil_forecast_tail_risk/scripts/training/train_unified.py:309: FutureWarning: `torch.cuda.amp.autocast(args...)` is deprecated. Please use `torch.amp.autocast('cuda', args...)` instead.
  with autocast(enabled=use_amp):
/data/quyhv/oil_forecast_tail_risk/scripts/training/train_unified.py:349: FutureWarning: `torch.cuda.amp.autocast(args...)` is deprecated. Please use `torch.amp.autocast('cuda', args...)` instead.
  with autocast(enabled=use_amp):
 Iter-68 | MAE=1.941 | MAPE=1.33%
/data/quyhv/oil_forecast_tail_risk/scripts/training/train_unified.py:290: FutureWarning: `torch.cuda.amp.GradScaler(args...)` is deprecated. Please use `torch.amp.GradScaler('cuda', args...)` instead.
  scaler = GradScaler(enabled=use_amp)
/data/quyhv/oil_forecast_tail_risk/scripts/training/train_unified.py:309: FutureWarning: `torch.cuda.amp.autocast(args...)` is deprecated. Please use `torch.amp.autocast('cuda', args...)` instead.
  with autocast(enabled=use_amp):
/data/quyhv/oil_forecast_tail_risk/scripts/training/train_unified.py:349: FutureWarning: `torch.cuda.amp.autocast(args...)` is deprecated. Please use `torch.amp.autocast('cuda', args...)` instead.
  with autocast(enabled=use_amp):
 Iter-69 | MAE=1.202 | MAPE=0.82%
/data/quyhv/oil_forecast_tail_risk/scripts/training/train_unified.py:290: FutureWarning: `torch.cuda.amp.GradScaler(args...)` is deprecated. Please use `torch.amp.GradScaler('cuda', args...)` instead.
  scaler = GradScaler(enabled=use_amp)
/data/quyhv/oil_forecast_tail_risk/scripts/training/train_unified.py:309: FutureWarning: `torch.cuda.amp.autocast(args...)` is deprecated. Please use `torch.amp.autocast('cuda', args...)` instead.
  with autocast(enabled=use_amp):
/data/quyhv/oil_forecast_tail_risk/scripts/training/train_unified.py:349: FutureWarning: `torch.cuda.amp.autocast(args...)` is deprecated. Please use `torch.amp.autocast('cuda', args...)` instead.
  with autocast(enabled=use_amp):
 Iter-70 | MAE=1.381 | MAPE=0.94%
/data/quyhv/oil_forecast_tail_risk/scripts/training/train_unified.py:290: FutureWarning: `torch.cuda.amp.GradScaler(args...)` is deprecated. Please use `torch.amp.GradScaler('cuda', args...)` instead.
  scaler = GradScaler(enabled=use_amp)
/data/quyhv/oil_forecast_tail_risk/scripts/training/train_unified.py:309: FutureWarning: `torch.cuda.amp.autocast(args...)` is deprecated. Please use `torch.amp.autocast('cuda', args...)` instead.
  with autocast(enabled=use_amp):
/data/quyhv/oil_forecast_tail_risk/scripts/training/train_unified.py:349: FutureWarning: `torch.cuda.amp.autocast(args...)` is deprecated. Please use `torch.amp.autocast('cuda', args...)` instead.
  with autocast(enabled=use_amp):
 Iter-71 | MAE=2.410 | MAPE=1.54%
/data/quyhv/oil_forecast_tail_risk/scripts/training/train_unified.py:290: FutureWarning: `torch.cuda.amp.GradScaler(args...)` is deprecated. Please use `torch.amp.GradScaler('cuda', args...)` instead.
  scaler = GradScaler(enabled=use_amp)
/data/quyhv/oil_forecast_tail_risk/scripts/training/train_unified.py:309: FutureWarning: `torch.cuda.amp.autocast(args...)` is deprecated. Please use `torch.amp.autocast('cuda', args...)` instead.
  with autocast(enabled=use_amp):
/data/quyhv/oil_forecast_tail_risk/scripts/training/train_unified.py:349: FutureWarning: `torch.cuda.amp.autocast(args...)` is deprecated. Please use `torch.amp.autocast('cuda', args...)` instead.
  with autocast(enabled=use_amp):
 Iter-72 | MAE=0.408 | MAPE=0.26%
/data/quyhv/oil_forecast_tail_risk/scripts/training/train_unified.py:290: FutureWarning: `torch.cuda.amp.GradScaler(args...)` is deprecated. Please use `torch.amp.GradScaler('cuda', args...)` instead.
  scaler = GradScaler(enabled=use_amp)
/data/quyhv/oil_forecast_tail_risk/scripts/training/train_unified.py:309: FutureWarning: `torch.cuda.amp.autocast(args...)` is deprecated. Please use `torch.amp.autocast('cuda', args...)` instead.
  with autocast(enabled=use_amp):
/data/quyhv/oil_forecast_tail_risk/scripts/training/train_unified.py:349: FutureWarning: `torch.cuda.amp.autocast(args...)` is deprecated. Please use `torch.amp.autocast('cuda', args...)` instead.
  with autocast(enabled=use_amp):
 Iter-73 | MAE=3.821 | MAPE=2.34%
/data/quyhv/oil_forecast_tail_risk/scripts/training/train_unified.py:290: FutureWarning: `torch.cuda.amp.GradScaler(args...)` is deprecated. Please use `torch.amp.GradScaler('cuda', args...)` instead.
  scaler = GradScaler(enabled=use_amp)
/data/quyhv/oil_forecast_tail_risk/scripts/training/train_unified.py:309: FutureWarning: `torch.cuda.amp.autocast(args...)` is deprecated. Please use `torch.amp.autocast('cuda', args...)` instead.
  with autocast(enabled=use_amp):
/data/quyhv/oil_forecast_tail_risk/scripts/training/train_unified.py:349: FutureWarning: `torch.cuda.amp.autocast(args...)` is deprecated. Please use `torch.amp.autocast('cuda', args...)` instead.
  with autocast(enabled=use_amp):
 Iter-74 | MAE=10.075 | MAPE=6.95%
/data/quyhv/oil_forecast_tail_risk/scripts/training/train_unified.py:290: FutureWarning: `torch.cuda.amp.GradScaler(args...)` is deprecated. Please use `torch.amp.GradScaler('cuda', args...)` instead.
  scaler = GradScaler(enabled=use_amp)
/data/quyhv/oil_forecast_tail_risk/scripts/training/train_unified.py:309: FutureWarning: `torch.cuda.amp.autocast(args...)` is deprecated. Please use `torch.amp.autocast('cuda', args...)` instead.
  with autocast(enabled=use_amp):
/data/quyhv/oil_forecast_tail_risk/scripts/training/train_unified.py:349: FutureWarning: `torch.cuda.amp.autocast(args...)` is deprecated. Please use `torch.amp.autocast('cuda', args...)` instead.
  with autocast(enabled=use_amp):
 Iter-75 | MAE=16.467 | MAPE=12.36%
/data/quyhv/oil_forecast_tail_risk/scripts/training/train_unified.py:290: FutureWarning: `torch.cuda.amp.GradScaler(args...)` is deprecated. Please use `torch.amp.GradScaler('cuda', args...)` instead.
  scaler = GradScaler(enabled=use_amp)
/data/quyhv/oil_forecast_tail_risk/scripts/training/train_unified.py:309: FutureWarning: `torch.cuda.amp.autocast(args...)` is deprecated. Please use `torch.amp.autocast('cuda', args...)` instead.
  with autocast(enabled=use_amp):
/data/quyhv/oil_forecast_tail_risk/scripts/training/train_unified.py:349: FutureWarning: `torch.cuda.amp.autocast(args...)` is deprecated. Please use `torch.amp.autocast('cuda', args...)` instead.
  with autocast(enabled=use_amp):
 Iter-76 | MAE=7.950 | MAPE=6.13%
/data/quyhv/oil_forecast_tail_risk/scripts/training/train_unified.py:290: FutureWarning: `torch.cuda.amp.GradScaler(args...)` is deprecated. Please use `torch.amp.GradScaler('cuda', args...)` instead.
  scaler = GradScaler(enabled=use_amp)
/data/quyhv/oil_forecast_tail_risk/scripts/training/train_unified.py:309: FutureWarning: `torch.cuda.amp.autocast(args...)` is deprecated. Please use `torch.amp.autocast('cuda', args...)` instead.
  with autocast(enabled=use_amp):
/data/quyhv/oil_forecast_tail_risk/scripts/training/train_unified.py:349: FutureWarning: `torch.cuda.amp.autocast(args...)` is deprecated. Please use `torch.amp.autocast('cuda', args...)` instead.
  with autocast(enabled=use_amp):
 Iter-77 | MAE=0.758 | MAPE=0.56%
/data/quyhv/oil_forecast_tail_risk/scripts/training/train_unified.py:290: FutureWarning: `torch.cuda.amp.GradScaler(args...)` is deprecated. Please use `torch.amp.GradScaler('cuda', args...)` instead.
  scaler = GradScaler(enabled=use_amp)
/data/quyhv/oil_forecast_tail_risk/scripts/training/train_unified.py:309: FutureWarning: `torch.cuda.amp.autocast(args...)` is deprecated. Please use `torch.amp.autocast('cuda', args...)` instead.
  with autocast(enabled=use_amp):
/data/quyhv/oil_forecast_tail_risk/scripts/training/train_unified.py:349: FutureWarning: `torch.cuda.amp.autocast(args...)` is deprecated. Please use `torch.amp.autocast('cuda', args...)` instead.
  with autocast(enabled=use_amp):
 Iter-78 | MAE=7.514 | MAPE=5.22%
/data/quyhv/oil_forecast_tail_risk/scripts/training/train_unified.py:290: FutureWarning: `torch.cuda.amp.GradScaler(args...)` is deprecated. Please use `torch.amp.GradScaler('cuda', args...)` instead.
  scaler = GradScaler(enabled=use_amp)
/data/quyhv/oil_forecast_tail_risk/scripts/training/train_unified.py:309: FutureWarning: `torch.cuda.amp.autocast(args...)` is deprecated. Please use `torch.amp.autocast('cuda', args...)` instead.
  with autocast(enabled=use_amp):
/data/quyhv/oil_forecast_tail_risk/scripts/training/train_unified.py:349: FutureWarning: `torch.cuda.amp.autocast(args...)` is deprecated. Please use `torch.amp.autocast('cuda', args...)` instead.
  with autocast(enabled=use_amp):
 Iter-79 | MAE=1.197 | MAPE=0.84%
/data/quyhv/oil_forecast_tail_risk/scripts/training/train_unified.py:290: FutureWarning: `torch.cuda.amp.GradScaler(args...)` is deprecated. Please use `torch.amp.GradScaler('cuda', args...)` instead.
  scaler = GradScaler(enabled=use_amp)
/data/quyhv/oil_forecast_tail_risk/scripts/training/train_unified.py:309: FutureWarning: `torch.cuda.amp.autocast(args...)` is deprecated. Please use `torch.amp.autocast('cuda', args...)` instead.
  with autocast(enabled=use_amp):
/data/quyhv/oil_forecast_tail_risk/scripts/training/train_unified.py:349: FutureWarning: `torch.cuda.amp.autocast(args...)` is deprecated. Please use `torch.amp.autocast('cuda', args...)` instead.
  with autocast(enabled=use_amp):
 Iter-80 | MAE=4.009 | MAPE=2.88%
/data/quyhv/oil_forecast_tail_risk/scripts/training/train_unified.py:290: FutureWarning: `torch.cuda.amp.GradScaler(args...)` is deprecated. Please use `torch.amp.GradScaler('cuda', args...)` instead.
  scaler = GradScaler(enabled=use_amp)
/data/quyhv/oil_forecast_tail_risk/scripts/training/train_unified.py:309: FutureWarning: `torch.cuda.amp.autocast(args...)` is deprecated. Please use `torch.amp.autocast('cuda', args...)` instead.
  with autocast(enabled=use_amp):
/data/quyhv/oil_forecast_tail_risk/scripts/training/train_unified.py:349: FutureWarning: `torch.cuda.amp.autocast(args...)` is deprecated. Please use `torch.amp.autocast('cuda', args...)` instead.
  with autocast(enabled=use_amp):
 Iter-81 | MAE=10.066 | MAPE=6.79%
/data/quyhv/oil_forecast_tail_risk/scripts/training/train_unified.py:290: FutureWarning: `torch.cuda.amp.GradScaler(args...)` is deprecated. Please use `torch.amp.GradScaler('cuda', args...)` instead.
  scaler = GradScaler(enabled=use_amp)
/data/quyhv/oil_forecast_tail_risk/scripts/training/train_unified.py:309: FutureWarning: `torch.cuda.amp.autocast(args...)` is deprecated. Please use `torch.amp.autocast('cuda', args...)` instead.
  with autocast(enabled=use_amp):
/data/quyhv/oil_forecast_tail_risk/scripts/training/train_unified.py:349: FutureWarning: `torch.cuda.amp.autocast(args...)` is deprecated. Please use `torch.amp.autocast('cuda', args...)` instead.
  with autocast(enabled=use_amp):
 Iter-82 | MAE=3.332 | MAPE=2.29%
/data/quyhv/oil_forecast_tail_risk/scripts/training/train_unified.py:290: FutureWarning: `torch.cuda.amp.GradScaler(args...)` is deprecated. Please use `torch.amp.GradScaler('cuda', args...)` instead.
  scaler = GradScaler(enabled=use_amp)
/data/quyhv/oil_forecast_tail_risk/scripts/training/train_unified.py:309: FutureWarning: `torch.cuda.amp.autocast(args...)` is deprecated. Please use `torch.amp.autocast('cuda', args...)` instead.
  with autocast(enabled=use_amp):
/data/quyhv/oil_forecast_tail_risk/scripts/training/train_unified.py:349: FutureWarning: `torch.cuda.amp.autocast(args...)` is deprecated. Please use `torch.amp.autocast('cuda', args...)` instead.
  with autocast(enabled=use_amp):
 Iter-83 | MAE=4.819 | MAPE=3.38%
/data/quyhv/oil_forecast_tail_risk/scripts/training/train_unified.py:290: FutureWarning: `torch.cuda.amp.GradScaler(args...)` is deprecated. Please use `torch.amp.GradScaler('cuda', args...)` instead.
  scaler = GradScaler(enabled=use_amp)
/data/quyhv/oil_forecast_tail_risk/scripts/training/train_unified.py:309: FutureWarning: `torch.cuda.amp.autocast(args...)` is deprecated. Please use `torch.amp.autocast('cuda', args...)` instead.
  with autocast(enabled=use_amp):
/data/quyhv/oil_forecast_tail_risk/scripts/training/train_unified.py:349: FutureWarning: `torch.cuda.amp.autocast(args...)` is deprecated. Please use `torch.amp.autocast('cuda', args...)` instead.
  with autocast(enabled=use_amp):
 Iter-84 | MAE=25.795 | MAPE=21.03%
/data/quyhv/oil_forecast_tail_risk/scripts/training/train_unified.py:290: FutureWarning: `torch.cuda.amp.GradScaler(args...)` is deprecated. Please use `torch.amp.GradScaler('cuda', args...)` instead.
  scaler = GradScaler(enabled=use_amp)
/data/quyhv/oil_forecast_tail_risk/scripts/training/train_unified.py:309: FutureWarning: `torch.cuda.amp.autocast(args...)` is deprecated. Please use `torch.amp.autocast('cuda', args...)` instead.
  with autocast(enabled=use_amp):
/data/quyhv/oil_forecast_tail_risk/scripts/training/train_unified.py:349: FutureWarning: `torch.cuda.amp.autocast(args...)` is deprecated. Please use `torch.amp.autocast('cuda', args...)` instead.
  with autocast(enabled=use_amp):
 Iter-85 | MAE=11.750 | MAPE=8.84%
/data/quyhv/oil_forecast_tail_risk/scripts/training/train_unified.py:290: FutureWarning: `torch.cuda.amp.GradScaler(args...)` is deprecated. Please use `torch.amp.GradScaler('cuda', args...)` instead.
  scaler = GradScaler(enabled=use_amp)
/data/quyhv/oil_forecast_tail_risk/scripts/training/train_unified.py:309: FutureWarning: `torch.cuda.amp.autocast(args...)` is deprecated. Please use `torch.amp.autocast('cuda', args...)` instead.
  with autocast(enabled=use_amp):
/data/quyhv/oil_forecast_tail_risk/scripts/training/train_unified.py:349: FutureWarning: `torch.cuda.amp.autocast(args...)` is deprecated. Please use `torch.amp.autocast('cuda', args...)` instead.
  with autocast(enabled=use_amp):
 Iter-86 | MAE=1.319 | MAPE=1.01%
/data/quyhv/oil_forecast_tail_risk/scripts/training/train_unified.py:290: FutureWarning: `torch.cuda.amp.GradScaler(args...)` is deprecated. Please use `torch.amp.GradScaler('cuda', args...)` instead.
  scaler = GradScaler(enabled=use_amp)
/data/quyhv/oil_forecast_tail_risk/scripts/training/train_unified.py:309: FutureWarning: `torch.cuda.amp.autocast(args...)` is deprecated. Please use `torch.amp.autocast('cuda', args...)` instead.
  with autocast(enabled=use_amp):
/data/quyhv/oil_forecast_tail_risk/scripts/training/train_unified.py:349: FutureWarning: `torch.cuda.amp.autocast(args...)` is deprecated. Please use `torch.amp.autocast('cuda', args...)` instead.
  with autocast(enabled=use_amp):
 Iter-87 | MAE=0.828 | MAPE=0.61%
/data/quyhv/oil_forecast_tail_risk/scripts/training/train_unified.py:290: FutureWarning: `torch.cuda.amp.GradScaler(args...)` is deprecated. Please use `torch.amp.GradScaler('cuda', args...)` instead.
  scaler = GradScaler(enabled=use_amp)
/data/quyhv/oil_forecast_tail_risk/scripts/training/train_unified.py:309: FutureWarning: `torch.cuda.amp.autocast(args...)` is deprecated. Please use `torch.amp.autocast('cuda', args...)` instead.
  with autocast(enabled=use_amp):
/data/quyhv/oil_forecast_tail_risk/scripts/training/train_unified.py:349: FutureWarning: `torch.cuda.amp.autocast(args...)` is deprecated. Please use `torch.amp.autocast('cuda', args...)` instead.
  with autocast(enabled=use_amp):
 Iter-88 | MAE=6.904 | MAPE=5.45%
/data/quyhv/oil_forecast_tail_risk/scripts/training/train_unified.py:290: FutureWarning: `torch.cuda.amp.GradScaler(args...)` is deprecated. Please use `torch.amp.GradScaler('cuda', args...)` instead.
  scaler = GradScaler(enabled=use_amp)
/data/quyhv/oil_forecast_tail_risk/scripts/training/train_unified.py:309: FutureWarning: `torch.cuda.amp.autocast(args...)` is deprecated. Please use `torch.amp.autocast('cuda', args...)` instead.
  with autocast(enabled=use_amp):
/data/quyhv/oil_forecast_tail_risk/scripts/training/train_unified.py:349: FutureWarning: `torch.cuda.amp.autocast(args...)` is deprecated. Please use `torch.amp.autocast('cuda', args...)` instead.
  with autocast(enabled=use_amp):
 Iter-89 | MAE=3.858 | MAPE=3.18%
/data/quyhv/oil_forecast_tail_risk/scripts/training/train_unified.py:290: FutureWarning: `torch.cuda.amp.GradScaler(args...)` is deprecated. Please use `torch.amp.GradScaler('cuda', args...)` instead.
  scaler = GradScaler(enabled=use_amp)
/data/quyhv/oil_forecast_tail_risk/scripts/training/train_unified.py:309: FutureWarning: `torch.cuda.amp.autocast(args...)` is deprecated. Please use `torch.amp.autocast('cuda', args...)` instead.
  with autocast(enabled=use_amp):
/data/quyhv/oil_forecast_tail_risk/scripts/training/train_unified.py:349: FutureWarning: `torch.cuda.amp.autocast(args...)` is deprecated. Please use `torch.amp.autocast('cuda', args...)` instead.
  with autocast(enabled=use_amp):
 Iter-90 | MAE=2.543 | MAPE=2.09%
/data/quyhv/oil_forecast_tail_risk/scripts/training/train_unified.py:290: FutureWarning: `torch.cuda.amp.GradScaler(args...)` is deprecated. Please use `torch.amp.GradScaler('cuda', args...)` instead.
  scaler = GradScaler(enabled=use_amp)
/data/quyhv/oil_forecast_tail_risk/scripts/training/train_unified.py:309: FutureWarning: `torch.cuda.amp.autocast(args...)` is deprecated. Please use `torch.amp.autocast('cuda', args...)` instead.
  with autocast(enabled=use_amp):
/data/quyhv/oil_forecast_tail_risk/scripts/training/train_unified.py:349: FutureWarning: `torch.cuda.amp.autocast(args...)` is deprecated. Please use `torch.amp.autocast('cuda', args...)` instead.
  with autocast(enabled=use_amp):
 Iter-91 | MAE=3.263 | MAPE=2.56%
/data/quyhv/oil_forecast_tail_risk/scripts/training/train_unified.py:290: FutureWarning: `torch.cuda.amp.GradScaler(args...)` is deprecated. Please use `torch.amp.GradScaler('cuda', args...)` instead.
  scaler = GradScaler(enabled=use_amp)
/data/quyhv/oil_forecast_tail_risk/scripts/training/train_unified.py:309: FutureWarning: `torch.cuda.amp.autocast(args...)` is deprecated. Please use `torch.amp.autocast('cuda', args...)` instead.
  with autocast(enabled=use_amp):
/data/quyhv/oil_forecast_tail_risk/scripts/training/train_unified.py:349: FutureWarning: `torch.cuda.amp.autocast(args...)` is deprecated. Please use `torch.amp.autocast('cuda', args...)` instead.
  with autocast(enabled=use_amp):
 Iter-92 | MAE=1.311 | MAPE=1.09%
/data/quyhv/oil_forecast_tail_risk/scripts/training/train_unified.py:290: FutureWarning: `torch.cuda.amp.GradScaler(args...)` is deprecated. Please use `torch.amp.GradScaler('cuda', args...)` instead.
  scaler = GradScaler(enabled=use_amp)
/data/quyhv/oil_forecast_tail_risk/scripts/training/train_unified.py:309: FutureWarning: `torch.cuda.amp.autocast(args...)` is deprecated. Please use `torch.amp.autocast('cuda', args...)` instead.
  with autocast(enabled=use_amp):
/data/quyhv/oil_forecast_tail_risk/scripts/training/train_unified.py:349: FutureWarning: `torch.cuda.amp.autocast(args...)` is deprecated. Please use `torch.amp.autocast('cuda', args...)` instead.
  with autocast(enabled=use_amp):
 Iter-93 | MAE=1.276 | MAPE=1.07%
/data/quyhv/oil_forecast_tail_risk/scripts/training/train_unified.py:290: FutureWarning: `torch.cuda.amp.GradScaler(args...)` is deprecated. Please use `torch.amp.GradScaler('cuda', args...)` instead.
  scaler = GradScaler(enabled=use_amp)
/data/quyhv/oil_forecast_tail_risk/scripts/training/train_unified.py:309: FutureWarning: `torch.cuda.amp.autocast(args...)` is deprecated. Please use `torch.amp.autocast('cuda', args...)` instead.
  with autocast(enabled=use_amp):
/data/quyhv/oil_forecast_tail_risk/scripts/training/train_unified.py:349: FutureWarning: `torch.cuda.amp.autocast(args...)` is deprecated. Please use `torch.amp.autocast('cuda', args...)` instead.
  with autocast(enabled=use_amp):
 Iter-94 | MAE=4.327 | MAPE=3.42%
/data/quyhv/oil_forecast_tail_risk/scripts/training/train_unified.py:290: FutureWarning: `torch.cuda.amp.GradScaler(args...)` is deprecated. Please use `torch.amp.GradScaler('cuda', args...)` instead.
  scaler = GradScaler(enabled=use_amp)
/data/quyhv/oil_forecast_tail_risk/scripts/training/train_unified.py:309: FutureWarning: `torch.cuda.amp.autocast(args...)` is deprecated. Please use `torch.amp.autocast('cuda', args...)` instead.
  with autocast(enabled=use_amp):
/data/quyhv/oil_forecast_tail_risk/scripts/training/train_unified.py:349: FutureWarning: `torch.cuda.amp.autocast(args...)` is deprecated. Please use `torch.amp.autocast('cuda', args...)` instead.
  with autocast(enabled=use_amp):
 Iter-95 | MAE=1.127 | MAPE=0.89%
/data/quyhv/oil_forecast_tail_risk/scripts/training/train_unified.py:290: FutureWarning: `torch.cuda.amp.GradScaler(args...)` is deprecated. Please use `torch.amp.GradScaler('cuda', args...)` instead.
  scaler = GradScaler(enabled=use_amp)
/data/quyhv/oil_forecast_tail_risk/scripts/training/train_unified.py:309: FutureWarning: `torch.cuda.amp.autocast(args...)` is deprecated. Please use `torch.amp.autocast('cuda', args...)` instead.
  with autocast(enabled=use_amp):
/data/quyhv/oil_forecast_tail_risk/scripts/training/train_unified.py:349: FutureWarning: `torch.cuda.amp.autocast(args...)` is deprecated. Please use `torch.amp.autocast('cuda', args...)` instead.
  with autocast(enabled=use_amp):
 Iter-96 | MAE=1.194 | MAPE=0.93%
/data/quyhv/oil_forecast_tail_risk/scripts/training/train_unified.py:290: FutureWarning: `torch.cuda.amp.GradScaler(args...)` is deprecated. Please use `torch.amp.GradScaler('cuda', args...)` instead.
  scaler = GradScaler(enabled=use_amp)
/data/quyhv/oil_forecast_tail_risk/scripts/training/train_unified.py:309: FutureWarning: `torch.cuda.amp.autocast(args...)` is deprecated. Please use `torch.amp.autocast('cuda', args...)` instead.
  with autocast(enabled=use_amp):
/data/quyhv/oil_forecast_tail_risk/scripts/training/train_unified.py:349: FutureWarning: `torch.cuda.amp.autocast(args...)` is deprecated. Please use `torch.amp.autocast('cuda', args...)` instead.
  with autocast(enabled=use_amp):
 Iter-97 | MAE=2.610 | MAPE=2.01%
/data/quyhv/oil_forecast_tail_risk/scripts/training/train_unified.py:290: FutureWarning: `torch.cuda.amp.GradScaler(args...)` is deprecated. Please use `torch.amp.GradScaler('cuda', args...)` instead.
  scaler = GradScaler(enabled=use_amp)
/data/quyhv/oil_forecast_tail_risk/scripts/training/train_unified.py:309: FutureWarning: `torch.cuda.amp.autocast(args...)` is deprecated. Please use `torch.amp.autocast('cuda', args...)` instead.
  with autocast(enabled=use_amp):
/data/quyhv/oil_forecast_tail_risk/scripts/training/train_unified.py:349: FutureWarning: `torch.cuda.amp.autocast(args...)` is deprecated. Please use `torch.amp.autocast('cuda', args...)` instead.
  with autocast(enabled=use_amp):
 Iter-98 | MAE=1.021 | MAPE=0.79%
/data/quyhv/oil_forecast_tail_risk/scripts/training/train_unified.py:290: FutureWarning: `torch.cuda.amp.GradScaler(args...)` is deprecated. Please use `torch.amp.GradScaler('cuda', args...)` instead.
  scaler = GradScaler(enabled=use_amp)
/data/quyhv/oil_forecast_tail_risk/scripts/training/train_unified.py:309: FutureWarning: `torch.cuda.amp.autocast(args...)` is deprecated. Please use `torch.amp.autocast('cuda', args...)` instead.
  with autocast(enabled=use_amp):
/data/quyhv/oil_forecast_tail_risk/scripts/training/train_unified.py:349: FutureWarning: `torch.cuda.amp.autocast(args...)` is deprecated. Please use `torch.amp.autocast('cuda', args...)` instead.
  with autocast(enabled=use_amp):
 Iter-99 | MAE=1.814 | MAPE=1.38%
/data/quyhv/oil_forecast_tail_risk/scripts/training/train_unified.py:290: FutureWarning: `torch.cuda.amp.GradScaler(args...)` is deprecated. Please use `torch.amp.GradScaler('cuda', args...)` instead.
  scaler = GradScaler(enabled=use_amp)
/data/quyhv/oil_forecast_tail_risk/scripts/training/train_unified.py:309: FutureWarning: `torch.cuda.amp.autocast(args...)` is deprecated. Please use `torch.amp.autocast('cuda', args...)` instead.
  with autocast(enabled=use_amp):
/data/quyhv/oil_forecast_tail_risk/scripts/training/train_unified.py:349: FutureWarning: `torch.cuda.amp.autocast(args...)` is deprecated. Please use `torch.amp.autocast('cuda', args...)` instead.
  with autocast(enabled=use_amp):
 Iter-100 | MAE=2.190 | MAPE=1.62%

 OVERALL: MAE=3.036, MAPE=2.66%, R2=0.9646 (3535.5s)
Saved model checkpoint: /data/quyhv/oil_forecast_tail_risk/results_v4/walkforward/DLinear/XANG_H1_seed9999/model_checkpoint.pth
Saved processor/scaler: /data/quyhv/oil_forecast_tail_risk/results_v4/walkforward/DLinear/XANG_H1_seed9999/processor.pkl

 All 1 experiments completed!

================================================================================
 [1/1] RLinear | XANG | H1 | walkforward
================================================================================

 Using GPU: Tesla T4
================================================================================
 RLinear | XANG | H1 | walkforward | seed=9999
================================================================================
Data: 4513 rows | Features: 15
/data/quyhv/oil_forecast_tail_risk/scripts/training/train_unified.py:290: FutureWarning: `torch.cuda.amp.GradScaler(args...)` is deprecated. Please use `torch.amp.GradScaler('cuda', args...)` instead.
  scaler = GradScaler(enabled=use_amp)
/data/quyhv/oil_forecast_tail_risk/scripts/training/train_unified.py:309: FutureWarning: `torch.cuda.amp.autocast(args...)` is deprecated. Please use `torch.amp.autocast('cuda', args...)` instead.
  with autocast(enabled=use_amp):
/data/quyhv/oil_forecast_tail_risk/scripts/training/train_unified.py:349: FutureWarning: `torch.cuda.amp.autocast(args...)` is deprecated. Please use `torch.amp.autocast('cuda', args...)` instead.
  with autocast(enabled=use_amp):
 Iter-01 | MAE=0.409 | MAPE=0.52%
/data/quyhv/oil_forecast_tail_risk/scripts/training/train_unified.py:290: FutureWarning: `torch.cuda.amp.GradScaler(args...)` is deprecated. Please use `torch.amp.GradScaler('cuda', args...)` instead.
  scaler = GradScaler(enabled=use_amp)
/data/quyhv/oil_forecast_tail_risk/scripts/training/train_unified.py:309: FutureWarning: `torch.cuda.amp.autocast(args...)` is deprecated. Please use `torch.amp.autocast('cuda', args...)` instead.
  with autocast(enabled=use_amp):
/data/quyhv/oil_forecast_tail_risk/scripts/training/train_unified.py:349: FutureWarning: `torch.cuda.amp.autocast(args...)` is deprecated. Please use `torch.amp.autocast('cuda', args...)` instead.
  with autocast(enabled=use_amp):
 Iter-02 | MAE=0.224 | MAPE=0.28%
/data/quyhv/oil_forecast_tail_risk/scripts/training/train_unified.py:290: FutureWarning: `torch.cuda.amp.GradScaler(args...)` is deprecated. Please use `torch.amp.GradScaler('cuda', args...)` instead.
  scaler = GradScaler(enabled=use_amp)
/data/quyhv/oil_forecast_tail_risk/scripts/training/train_unified.py:309: FutureWarning: `torch.cuda.amp.autocast(args...)` is deprecated. Please use `torch.amp.autocast('cuda', args...)` instead.
  with autocast(enabled=use_amp):
/data/quyhv/oil_forecast_tail_risk/scripts/training/train_unified.py:349: FutureWarning: `torch.cuda.amp.autocast(args...)` is deprecated. Please use `torch.amp.autocast('cuda', args...)` instead.
  with autocast(enabled=use_amp):
 Iter-03 | MAE=0.367 | MAPE=0.47%
/data/quyhv/oil_forecast_tail_risk/scripts/training/train_unified.py:290: FutureWarning: `torch.cuda.amp.GradScaler(args...)` is deprecated. Please use `torch.amp.GradScaler('cuda', args...)` instead.
  scaler = GradScaler(enabled=use_amp)
/data/quyhv/oil_forecast_tail_risk/scripts/training/train_unified.py:309: FutureWarning: `torch.cuda.amp.autocast(args...)` is deprecated. Please use `torch.amp.autocast('cuda', args...)` instead.
  with autocast(enabled=use_amp):
/data/quyhv/oil_forecast_tail_risk/scripts/training/train_unified.py:349: FutureWarning: `torch.cuda.amp.autocast(args...)` is deprecated. Please use `torch.amp.autocast('cuda', args...)` instead.
  with autocast(enabled=use_amp):
 Iter-04 | MAE=2.438 | MAPE=3.24%
/data/quyhv/oil_forecast_tail_risk/scripts/training/train_unified.py:290: FutureWarning: `torch.cuda.amp.GradScaler(args...)` is deprecated. Please use `torch.amp.GradScaler('cuda', args...)` instead.
  scaler = GradScaler(enabled=use_amp)
/data/quyhv/oil_forecast_tail_risk/scripts/training/train_unified.py:309: FutureWarning: `torch.cuda.amp.autocast(args...)` is deprecated. Please use `torch.amp.autocast('cuda', args...)` instead.
  with autocast(enabled=use_amp):
/data/quyhv/oil_forecast_tail_risk/scripts/training/train_unified.py:349: FutureWarning: `torch.cuda.amp.autocast(args...)` is deprecated. Please use `torch.amp.autocast('cuda', args...)` instead.
  with autocast(enabled=use_amp):
 Iter-05 | MAE=0.425 | MAPE=0.57%
/data/quyhv/oil_forecast_tail_risk/scripts/training/train_unified.py:290: FutureWarning: `torch.cuda.amp.GradScaler(args...)` is deprecated. Please use `torch.amp.GradScaler('cuda', args...)` instead.
  scaler = GradScaler(enabled=use_amp)
/data/quyhv/oil_forecast_tail_risk/scripts/training/train_unified.py:309: FutureWarning: `torch.cuda.amp.autocast(args...)` is deprecated. Please use `torch.amp.autocast('cuda', args...)` instead.
  with autocast(enabled=use_amp):
/data/quyhv/oil_forecast_tail_risk/scripts/training/train_unified.py:349: FutureWarning: `torch.cuda.amp.autocast(args...)` is deprecated. Please use `torch.amp.autocast('cuda', args...)` instead.
  with autocast(enabled=use_amp):
 Iter-06 | MAE=0.856 | MAPE=1.15%
/data/quyhv/oil_forecast_tail_risk/scripts/training/train_unified.py:290: FutureWarning: `torch.cuda.amp.GradScaler(args...)` is deprecated. Please use `torch.amp.GradScaler('cuda', args...)` instead.
  scaler = GradScaler(enabled=use_amp)
/data/quyhv/oil_forecast_tail_risk/scripts/training/train_unified.py:309: FutureWarning: `torch.cuda.amp.autocast(args...)` is deprecated. Please use `torch.amp.autocast('cuda', args...)` instead.
  with autocast(enabled=use_amp):
/data/quyhv/oil_forecast_tail_risk/scripts/training/train_unified.py:349: FutureWarning: `torch.cuda.amp.autocast(args...)` is deprecated. Please use `torch.amp.autocast('cuda', args...)` instead.
  with autocast(enabled=use_amp):
 Iter-07 | MAE=1.210 | MAPE=1.65%
/data/quyhv/oil_forecast_tail_risk/scripts/training/train_unified.py:290: FutureWarning: `torch.cuda.amp.GradScaler(args...)` is deprecated. Please use `torch.amp.GradScaler('cuda', args...)` instead.
  scaler = GradScaler(enabled=use_amp)
/data/quyhv/oil_forecast_tail_risk/scripts/training/train_unified.py:309: FutureWarning: `torch.cuda.amp.autocast(args...)` is deprecated. Please use `torch.amp.autocast('cuda', args...)` instead.
  with autocast(enabled=use_amp):
/data/quyhv/oil_forecast_tail_risk/scripts/training/train_unified.py:349: FutureWarning: `torch.cuda.amp.autocast(args...)` is deprecated. Please use `torch.amp.autocast('cuda', args...)` instead.
  with autocast(enabled=use_amp):
 Iter-08 | MAE=0.583 | MAPE=0.79%
/data/quyhv/oil_forecast_tail_risk/scripts/training/train_unified.py:290: FutureWarning: `torch.cuda.amp.GradScaler(args...)` is deprecated. Please use `torch.amp.GradScaler('cuda', args...)` instead.
  scaler = GradScaler(enabled=use_amp)
/data/quyhv/oil_forecast_tail_risk/scripts/training/train_unified.py:309: FutureWarning: `torch.cuda.amp.autocast(args...)` is deprecated. Please use `torch.amp.autocast('cuda', args...)` instead.
  with autocast(enabled=use_amp):
/data/quyhv/oil_forecast_tail_risk/scripts/training/train_unified.py:349: FutureWarning: `torch.cuda.amp.autocast(args...)` is deprecated. Please use `torch.amp.autocast('cuda', args...)` instead.
  with autocast(enabled=use_amp):
 Iter-09 | MAE=1.310 | MAPE=1.77%
/data/quyhv/oil_forecast_tail_risk/scripts/training/train_unified.py:290: FutureWarning: `torch.cuda.amp.GradScaler(args...)` is deprecated. Please use `torch.amp.GradScaler('cuda', args...)` instead.
  scaler = GradScaler(enabled=use_amp)
/data/quyhv/oil_forecast_tail_risk/scripts/training/train_unified.py:309: FutureWarning: `torch.cuda.amp.autocast(args...)` is deprecated. Please use `torch.amp.autocast('cuda', args...)` instead.
  with autocast(enabled=use_amp):
/data/quyhv/oil_forecast_tail_risk/scripts/training/train_unified.py:349: FutureWarning: `torch.cuda.amp.autocast(args...)` is deprecated. Please use `torch.amp.autocast('cuda', args...)` instead.
  with autocast(enabled=use_amp):
 Iter-10 | MAE=0.570 | MAPE=0.77%
/data/quyhv/oil_forecast_tail_risk/scripts/training/train_unified.py:290: FutureWarning: `torch.cuda.amp.GradScaler(args...)` is deprecated. Please use `torch.amp.GradScaler('cuda', args...)` instead.
  scaler = GradScaler(enabled=use_amp)
/data/quyhv/oil_forecast_tail_risk/scripts/training/train_unified.py:309: FutureWarning: `torch.cuda.amp.autocast(args...)` is deprecated. Please use `torch.amp.autocast('cuda', args...)` instead.
  with autocast(enabled=use_amp):
/data/quyhv/oil_forecast_tail_risk/scripts/training/train_unified.py:349: FutureWarning: `torch.cuda.amp.autocast(args...)` is deprecated. Please use `torch.amp.autocast('cuda', args...)` instead.
  with autocast(enabled=use_amp):
 Iter-11 | MAE=0.256 | MAPE=0.35%
/data/quyhv/oil_forecast_tail_risk/scripts/training/train_unified.py:290: FutureWarning: `torch.cuda.amp.GradScaler(args...)` is deprecated. Please use `torch.amp.GradScaler('cuda', args...)` instead.
  scaler = GradScaler(enabled=use_amp)
/data/quyhv/oil_forecast_tail_risk/scripts/training/train_unified.py:309: FutureWarning: `torch.cuda.amp.autocast(args...)` is deprecated. Please use `torch.amp.autocast('cuda', args...)` instead.
  with autocast(enabled=use_amp):
/data/quyhv/oil_forecast_tail_risk/scripts/training/train_unified.py:349: FutureWarning: `torch.cuda.amp.autocast(args...)` is deprecated. Please use `torch.amp.autocast('cuda', args...)` instead.
  with autocast(enabled=use_amp):
 Iter-12 | MAE=0.348 | MAPE=0.48%
/data/quyhv/oil_forecast_tail_risk/scripts/training/train_unified.py:290: FutureWarning: `torch.cuda.amp.GradScaler(args...)` is deprecated. Please use `torch.amp.GradScaler('cuda', args...)` instead.
  scaler = GradScaler(enabled=use_amp)
/data/quyhv/oil_forecast_tail_risk/scripts/training/train_unified.py:309: FutureWarning: `torch.cuda.amp.autocast(args...)` is deprecated. Please use `torch.amp.autocast('cuda', args...)` instead.
  with autocast(enabled=use_amp):
/data/quyhv/oil_forecast_tail_risk/scripts/training/train_unified.py:349: FutureWarning: `torch.cuda.amp.autocast(args...)` is deprecated. Please use `torch.amp.autocast('cuda', args...)` instead.
  with autocast(enabled=use_amp):
 Iter-13 | MAE=0.093 | MAPE=0.13%
/data/quyhv/oil_forecast_tail_risk/scripts/training/train_unified.py:290: FutureWarning: `torch.cuda.amp.GradScaler(args...)` is deprecated. Please use `torch.amp.GradScaler('cuda', args...)` instead.
  scaler = GradScaler(enabled=use_amp)
/data/quyhv/oil_forecast_tail_risk/scripts/training/train_unified.py:309: FutureWarning: `torch.cuda.amp.autocast(args...)` is deprecated. Please use `torch.amp.autocast('cuda', args...)` instead.
  with autocast(enabled=use_amp):
/data/quyhv/oil_forecast_tail_risk/scripts/training/train_unified.py:349: FutureWarning: `torch.cuda.amp.autocast(args...)` is deprecated. Please use `torch.amp.autocast('cuda', args...)` instead.
  with autocast(enabled=use_amp):
 Iter-14 | MAE=0.285 | MAPE=0.39%
/data/quyhv/oil_forecast_tail_risk/scripts/training/train_unified.py:290: FutureWarning: `torch.cuda.amp.GradScaler(args...)` is deprecated. Please use `torch.amp.GradScaler('cuda', args...)` instead.
  scaler = GradScaler(enabled=use_amp)
/data/quyhv/oil_forecast_tail_risk/scripts/training/train_unified.py:309: FutureWarning: `torch.cuda.amp.autocast(args...)` is deprecated. Please use `torch.amp.autocast('cuda', args...)` instead.
  with autocast(enabled=use_amp):
/data/quyhv/oil_forecast_tail_risk/scripts/training/train_unified.py:349: FutureWarning: `torch.cuda.amp.autocast(args...)` is deprecated. Please use `torch.amp.autocast('cuda', args...)` instead.
  with autocast(enabled=use_amp):
 Iter-15 | MAE=0.498 | MAPE=0.69%
/data/quyhv/oil_forecast_tail_risk/scripts/training/train_unified.py:290: FutureWarning: `torch.cuda.amp.GradScaler(args...)` is deprecated. Please use `torch.amp.GradScaler('cuda', args...)` instead.
  scaler = GradScaler(enabled=use_amp)
/data/quyhv/oil_forecast_tail_risk/scripts/training/train_unified.py:309: FutureWarning: `torch.cuda.amp.autocast(args...)` is deprecated. Please use `torch.amp.autocast('cuda', args...)` instead.
  with autocast(enabled=use_amp):
/data/quyhv/oil_forecast_tail_risk/scripts/training/train_unified.py:349: FutureWarning: `torch.cuda.amp.autocast(args...)` is deprecated. Please use `torch.amp.autocast('cuda', args...)` instead.
  with autocast(enabled=use_amp):
 Iter-16 | MAE=0.404 | MAPE=0.56%
/data/quyhv/oil_forecast_tail_risk/scripts/training/train_unified.py:290: FutureWarning: `torch.cuda.amp.GradScaler(args...)` is deprecated. Please use `torch.amp.GradScaler('cuda', args...)` instead.
  scaler = GradScaler(enabled=use_amp)
/data/quyhv/oil_forecast_tail_risk/scripts/training/train_unified.py:309: FutureWarning: `torch.cuda.amp.autocast(args...)` is deprecated. Please use `torch.amp.autocast('cuda', args...)` instead.
  with autocast(enabled=use_amp):
/data/quyhv/oil_forecast_tail_risk/scripts/training/train_unified.py:349: FutureWarning: `torch.cuda.amp.autocast(args...)` is deprecated. Please use `torch.amp.autocast('cuda', args...)` instead.
  with autocast(enabled=use_amp):
 Iter-17 | MAE=0.565 | MAPE=0.78%
/data/quyhv/oil_forecast_tail_risk/scripts/training/train_unified.py:290: FutureWarning: `torch.cuda.amp.GradScaler(args...)` is deprecated. Please use `torch.amp.GradScaler('cuda', args...)` instead.
  scaler = GradScaler(enabled=use_amp)
/data/quyhv/oil_forecast_tail_risk/scripts/training/train_unified.py:309: FutureWarning: `torch.cuda.amp.autocast(args...)` is deprecated. Please use `torch.amp.autocast('cuda', args...)` instead.
  with autocast(enabled=use_amp):
/data/quyhv/oil_forecast_tail_risk/scripts/training/train_unified.py:349: FutureWarning: `torch.cuda.amp.autocast(args...)` is deprecated. Please use `torch.amp.autocast('cuda', args...)` instead.
  with autocast(enabled=use_amp):
 Iter-18 | MAE=1.446 | MAPE=2.04%
/data/quyhv/oil_forecast_tail_risk/scripts/training/train_unified.py:290: FutureWarning: `torch.cuda.amp.GradScaler(args...)` is deprecated. Please use `torch.amp.GradScaler('cuda', args...)` instead.
  scaler = GradScaler(enabled=use_amp)
/data/quyhv/oil_forecast_tail_risk/scripts/training/train_unified.py:309: FutureWarning: `torch.cuda.amp.autocast(args...)` is deprecated. Please use `torch.amp.autocast('cuda', args...)` instead.
  with autocast(enabled=use_amp):
/data/quyhv/oil_forecast_tail_risk/scripts/training/train_unified.py:349: FutureWarning: `torch.cuda.amp.autocast(args...)` is deprecated. Please use `torch.amp.autocast('cuda', args...)` instead.
  with autocast(enabled=use_amp):
 Iter-19 | MAE=0.081 | MAPE=0.11%
/data/quyhv/oil_forecast_tail_risk/scripts/training/train_unified.py:290: FutureWarning: `torch.cuda.amp.GradScaler(args...)` is deprecated. Please use `torch.amp.GradScaler('cuda', args...)` instead.
  scaler = GradScaler(enabled=use_amp)
/data/quyhv/oil_forecast_tail_risk/scripts/training/train_unified.py:309: FutureWarning: `torch.cuda.amp.autocast(args...)` is deprecated. Please use `torch.amp.autocast('cuda', args...)` instead.
  with autocast(enabled=use_amp):
/data/quyhv/oil_forecast_tail_risk/scripts/training/train_unified.py:349: FutureWarning: `torch.cuda.amp.autocast(args...)` is deprecated. Please use `torch.amp.autocast('cuda', args...)` instead.
  with autocast(enabled=use_amp):
 Iter-20 | MAE=1.255 | MAPE=1.79%
/data/quyhv/oil_forecast_tail_risk/scripts/training/train_unified.py:290: FutureWarning: `torch.cuda.amp.GradScaler(args...)` is deprecated. Please use `torch.amp.GradScaler('cuda', args...)` instead.
  scaler = GradScaler(enabled=use_amp)
/data/quyhv/oil_forecast_tail_risk/scripts/training/train_unified.py:309: FutureWarning: `torch.cuda.amp.autocast(args...)` is deprecated. Please use `torch.amp.autocast('cuda', args...)` instead.
  with autocast(enabled=use_amp):
/data/quyhv/oil_forecast_tail_risk/scripts/training/train_unified.py:349: FutureWarning: `torch.cuda.amp.autocast(args...)` is deprecated. Please use `torch.amp.autocast('cuda', args...)` instead.
  with autocast(enabled=use_amp):
 Iter-21 | MAE=1.123 | MAPE=1.59%
/data/quyhv/oil_forecast_tail_risk/scripts/training/train_unified.py:290: FutureWarning: `torch.cuda.amp.GradScaler(args...)` is deprecated. Please use `torch.amp.GradScaler('cuda', args...)` instead.
  scaler = GradScaler(enabled=use_amp)
/data/quyhv/oil_forecast_tail_risk/scripts/training/train_unified.py:309: FutureWarning: `torch.cuda.amp.autocast(args...)` is deprecated. Please use `torch.amp.autocast('cuda', args...)` instead.
  with autocast(enabled=use_amp):
/data/quyhv/oil_forecast_tail_risk/scripts/training/train_unified.py:349: FutureWarning: `torch.cuda.amp.autocast(args...)` is deprecated. Please use `torch.amp.autocast('cuda', args...)` instead.
  with autocast(enabled=use_amp):
 Iter-22 | MAE=1.268 | MAPE=1.75%
/data/quyhv/oil_forecast_tail_risk/scripts/training/train_unified.py:290: FutureWarning: `torch.cuda.amp.GradScaler(args...)` is deprecated. Please use `torch.amp.GradScaler('cuda', args...)` instead.
  scaler = GradScaler(enabled=use_amp)
/data/quyhv/oil_forecast_tail_risk/scripts/training/train_unified.py:309: FutureWarning: `torch.cuda.amp.autocast(args...)` is deprecated. Please use `torch.amp.autocast('cuda', args...)` instead.
  with autocast(enabled=use_amp):
/data/quyhv/oil_forecast_tail_risk/scripts/training/train_unified.py:349: FutureWarning: `torch.cuda.amp.autocast(args...)` is deprecated. Please use `torch.amp.autocast('cuda', args...)` instead.
  with autocast(enabled=use_amp):
 Iter-23 | MAE=0.343 | MAPE=0.47%
/data/quyhv/oil_forecast_tail_risk/scripts/training/train_unified.py:290: FutureWarning: `torch.cuda.amp.GradScaler(args...)` is deprecated. Please use `torch.amp.GradScaler('cuda', args...)` instead.
  scaler = GradScaler(enabled=use_amp)
/data/quyhv/oil_forecast_tail_risk/scripts/training/train_unified.py:309: FutureWarning: `torch.cuda.amp.autocast(args...)` is deprecated. Please use `torch.amp.autocast('cuda', args...)` instead.
  with autocast(enabled=use_amp):
/data/quyhv/oil_forecast_tail_risk/scripts/training/train_unified.py:349: FutureWarning: `torch.cuda.amp.autocast(args...)` is deprecated. Please use `torch.amp.autocast('cuda', args...)` instead.
  with autocast(enabled=use_amp):
 Iter-24 | MAE=0.328 | MAPE=0.45%
/data/quyhv/oil_forecast_tail_risk/scripts/training/train_unified.py:290: FutureWarning: `torch.cuda.amp.GradScaler(args...)` is deprecated. Please use `torch.amp.GradScaler('cuda', args...)` instead.
  scaler = GradScaler(enabled=use_amp)
/data/quyhv/oil_forecast_tail_risk/scripts/training/train_unified.py:309: FutureWarning: `torch.cuda.amp.autocast(args...)` is deprecated. Please use `torch.amp.autocast('cuda', args...)` instead.
  with autocast(enabled=use_amp):
/data/quyhv/oil_forecast_tail_risk/scripts/training/train_unified.py:349: FutureWarning: `torch.cuda.amp.autocast(args...)` is deprecated. Please use `torch.amp.autocast('cuda', args...)` instead.
  with autocast(enabled=use_amp):
 Iter-25 | MAE=1.519 | MAPE=2.11%
/data/quyhv/oil_forecast_tail_risk/scripts/training/train_unified.py:290: FutureWarning: `torch.cuda.amp.GradScaler(args...)` is deprecated. Please use `torch.amp.GradScaler('cuda', args...)` instead.
  scaler = GradScaler(enabled=use_amp)
/data/quyhv/oil_forecast_tail_risk/scripts/training/train_unified.py:309: FutureWarning: `torch.cuda.amp.autocast(args...)` is deprecated. Please use `torch.amp.autocast('cuda', args...)` instead.
  with autocast(enabled=use_amp):
/data/quyhv/oil_forecast_tail_risk/scripts/training/train_unified.py:349: FutureWarning: `torch.cuda.amp.autocast(args...)` is deprecated. Please use `torch.amp.autocast('cuda', args...)` instead.
  with autocast(enabled=use_amp):
 Iter-26 | MAE=1.405 | MAPE=1.95%
/data/quyhv/oil_forecast_tail_risk/scripts/training/train_unified.py:290: FutureWarning: `torch.cuda.amp.GradScaler(args...)` is deprecated. Please use `torch.amp.GradScaler('cuda', args...)` instead.
  scaler = GradScaler(enabled=use_amp)
/data/quyhv/oil_forecast_tail_risk/scripts/training/train_unified.py:309: FutureWarning: `torch.cuda.amp.autocast(args...)` is deprecated. Please use `torch.amp.autocast('cuda', args...)` instead.
  with autocast(enabled=use_amp):
/data/quyhv/oil_forecast_tail_risk/scripts/training/train_unified.py:349: FutureWarning: `torch.cuda.amp.autocast(args...)` is deprecated. Please use `torch.amp.autocast('cuda', args...)` instead.
  with autocast(enabled=use_amp):
 Iter-27 | MAE=1.072 | MAPE=1.51%
/data/quyhv/oil_forecast_tail_risk/scripts/training/train_unified.py:290: FutureWarning: `torch.cuda.amp.GradScaler(args...)` is deprecated. Please use `torch.amp.GradScaler('cuda', args...)` instead.
  scaler = GradScaler(enabled=use_amp)
/data/quyhv/oil_forecast_tail_risk/scripts/training/train_unified.py:309: FutureWarning: `torch.cuda.amp.autocast(args...)` is deprecated. Please use `torch.amp.autocast('cuda', args...)` instead.
  with autocast(enabled=use_amp):
/data/quyhv/oil_forecast_tail_risk/scripts/training/train_unified.py:349: FutureWarning: `torch.cuda.amp.autocast(args...)` is deprecated. Please use `torch.amp.autocast('cuda', args...)` instead.
  with autocast(enabled=use_amp):
 Iter-28 | MAE=0.383 | MAPE=0.54%
/data/quyhv/oil_forecast_tail_risk/scripts/training/train_unified.py:290: FutureWarning: `torch.cuda.amp.GradScaler(args...)` is deprecated. Please use `torch.amp.GradScaler('cuda', args...)` instead.
  scaler = GradScaler(enabled=use_amp)
/data/quyhv/oil_forecast_tail_risk/scripts/training/train_unified.py:309: FutureWarning: `torch.cuda.amp.autocast(args...)` is deprecated. Please use `torch.amp.autocast('cuda', args...)` instead.
  with autocast(enabled=use_amp):
/data/quyhv/oil_forecast_tail_risk/scripts/training/train_unified.py:349: FutureWarning: `torch.cuda.amp.autocast(args...)` is deprecated. Please use `torch.amp.autocast('cuda', args...)` instead.
  with autocast(enabled=use_amp):
 Iter-29 | MAE=0.555 | MAPE=0.77%
/data/quyhv/oil_forecast_tail_risk/scripts/training/train_unified.py:290: FutureWarning: `torch.cuda.amp.GradScaler(args...)` is deprecated. Please use `torch.amp.GradScaler('cuda', args...)` instead.
  scaler = GradScaler(enabled=use_amp)
/data/quyhv/oil_forecast_tail_risk/scripts/training/train_unified.py:309: FutureWarning: `torch.cuda.amp.autocast(args...)` is deprecated. Please use `torch.amp.autocast('cuda', args...)` instead.
  with autocast(enabled=use_amp):
/data/quyhv/oil_forecast_tail_risk/scripts/training/train_unified.py:349: FutureWarning: `torch.cuda.amp.autocast(args...)` is deprecated. Please use `torch.amp.autocast('cuda', args...)` instead.
  with autocast(enabled=use_amp):
 Iter-30 | MAE=0.673 | MAPE=0.92%
/data/quyhv/oil_forecast_tail_risk/scripts/training/train_unified.py:290: FutureWarning: `torch.cuda.amp.GradScaler(args...)` is deprecated. Please use `torch.amp.GradScaler('cuda', args...)` instead.
  scaler = GradScaler(enabled=use_amp)
/data/quyhv/oil_forecast_tail_risk/scripts/training/train_unified.py:309: FutureWarning: `torch.cuda.amp.autocast(args...)` is deprecated. Please use `torch.amp.autocast('cuda', args...)` instead.
  with autocast(enabled=use_amp):
/data/quyhv/oil_forecast_tail_risk/scripts/training/train_unified.py:349: FutureWarning: `torch.cuda.amp.autocast(args...)` is deprecated. Please use `torch.amp.autocast('cuda', args...)` instead.
  with autocast(enabled=use_amp):
 Iter-31 | MAE=0.825 | MAPE=1.13%
/data/quyhv/oil_forecast_tail_risk/scripts/training/train_unified.py:290: FutureWarning: `torch.cuda.amp.GradScaler(args...)` is deprecated. Please use `torch.amp.GradScaler('cuda', args...)` instead.
  scaler = GradScaler(enabled=use_amp)
/data/quyhv/oil_forecast_tail_risk/scripts/training/train_unified.py:309: FutureWarning: `torch.cuda.amp.autocast(args...)` is deprecated. Please use `torch.amp.autocast('cuda', args...)` instead.
  with autocast(enabled=use_amp):
/data/quyhv/oil_forecast_tail_risk/scripts/training/train_unified.py:349: FutureWarning: `torch.cuda.amp.autocast(args...)` is deprecated. Please use `torch.amp.autocast('cuda', args...)` instead.
  with autocast(enabled=use_amp):
 Iter-32 | MAE=0.672 | MAPE=0.94%
/data/quyhv/oil_forecast_tail_risk/scripts/training/train_unified.py:290: FutureWarning: `torch.cuda.amp.GradScaler(args...)` is deprecated. Please use `torch.amp.GradScaler('cuda', args...)` instead.
  scaler = GradScaler(enabled=use_amp)
/data/quyhv/oil_forecast_tail_risk/scripts/training/train_unified.py:309: FutureWarning: `torch.cuda.amp.autocast(args...)` is deprecated. Please use `torch.amp.autocast('cuda', args...)` instead.
  with autocast(enabled=use_amp):
/data/quyhv/oil_forecast_tail_risk/scripts/training/train_unified.py:349: FutureWarning: `torch.cuda.amp.autocast(args...)` is deprecated. Please use `torch.amp.autocast('cuda', args...)` instead.
  with autocast(enabled=use_amp):
 Iter-33 | MAE=0.102 | MAPE=0.14%
/data/quyhv/oil_forecast_tail_risk/scripts/training/train_unified.py:290: FutureWarning: `torch.cuda.amp.GradScaler(args...)` is deprecated. Please use `torch.amp.GradScaler('cuda', args...)` instead.
  scaler = GradScaler(enabled=use_amp)
/data/quyhv/oil_forecast_tail_risk/scripts/training/train_unified.py:309: FutureWarning: `torch.cuda.amp.autocast(args...)` is deprecated. Please use `torch.amp.autocast('cuda', args...)` instead.
  with autocast(enabled=use_amp):
/data/quyhv/oil_forecast_tail_risk/scripts/training/train_unified.py:349: FutureWarning: `torch.cuda.amp.autocast(args...)` is deprecated. Please use `torch.amp.autocast('cuda', args...)` instead.
  with autocast(enabled=use_amp):
 Iter-34 | MAE=0.920 | MAPE=1.29%
/data/quyhv/oil_forecast_tail_risk/scripts/training/train_unified.py:290: FutureWarning: `torch.cuda.amp.GradScaler(args...)` is deprecated. Please use `torch.amp.GradScaler('cuda', args...)` instead.
  scaler = GradScaler(enabled=use_amp)
/data/quyhv/oil_forecast_tail_risk/scripts/training/train_unified.py:309: FutureWarning: `torch.cuda.amp.autocast(args...)` is deprecated. Please use `torch.amp.autocast('cuda', args...)` instead.
  with autocast(enabled=use_amp):
/data/quyhv/oil_forecast_tail_risk/scripts/training/train_unified.py:349: FutureWarning: `torch.cuda.amp.autocast(args...)` is deprecated. Please use `torch.amp.autocast('cuda', args...)` instead.
  with autocast(enabled=use_amp):
 Iter-35 | MAE=0.992 | MAPE=1.35%
/data/quyhv/oil_forecast_tail_risk/scripts/training/train_unified.py:290: FutureWarning: `torch.cuda.amp.GradScaler(args...)` is deprecated. Please use `torch.amp.GradScaler('cuda', args...)` instead.
  scaler = GradScaler(enabled=use_amp)
/data/quyhv/oil_forecast_tail_risk/scripts/training/train_unified.py:309: FutureWarning: `torch.cuda.amp.autocast(args...)` is deprecated. Please use `torch.amp.autocast('cuda', args...)` instead.
  with autocast(enabled=use_amp):
/data/quyhv/oil_forecast_tail_risk/scripts/training/train_unified.py:349: FutureWarning: `torch.cuda.amp.autocast(args...)` is deprecated. Please use `torch.amp.autocast('cuda', args...)` instead.
  with autocast(enabled=use_amp):
 Iter-36 | MAE=1.043 | MAPE=1.40%
/data/quyhv/oil_forecast_tail_risk/scripts/training/train_unified.py:290: FutureWarning: `torch.cuda.amp.GradScaler(args...)` is deprecated. Please use `torch.amp.GradScaler('cuda', args...)` instead.
  scaler = GradScaler(enabled=use_amp)
/data/quyhv/oil_forecast_tail_risk/scripts/training/train_unified.py:309: FutureWarning: `torch.cuda.amp.autocast(args...)` is deprecated. Please use `torch.amp.autocast('cuda', args...)` instead.
  with autocast(enabled=use_amp):
/data/quyhv/oil_forecast_tail_risk/scripts/training/train_unified.py:349: FutureWarning: `torch.cuda.amp.autocast(args...)` is deprecated. Please use `torch.amp.autocast('cuda', args...)` instead.
  with autocast(enabled=use_amp):
 Iter-37 | MAE=0.932 | MAPE=1.25%
/data/quyhv/oil_forecast_tail_risk/scripts/training/train_unified.py:290: FutureWarning: `torch.cuda.amp.GradScaler(args...)` is deprecated. Please use `torch.amp.GradScaler('cuda', args...)` instead.
  scaler = GradScaler(enabled=use_amp)
/data/quyhv/oil_forecast_tail_risk/scripts/training/train_unified.py:309: FutureWarning: `torch.cuda.amp.autocast(args...)` is deprecated. Please use `torch.amp.autocast('cuda', args...)` instead.
  with autocast(enabled=use_amp):
/data/quyhv/oil_forecast_tail_risk/scripts/training/train_unified.py:349: FutureWarning: `torch.cuda.amp.autocast(args...)` is deprecated. Please use `torch.amp.autocast('cuda', args...)` instead.
  with autocast(enabled=use_amp):
 Iter-38 | MAE=2.723 | MAPE=3.79%
/data/quyhv/oil_forecast_tail_risk/scripts/training/train_unified.py:290: FutureWarning: `torch.cuda.amp.GradScaler(args...)` is deprecated. Please use `torch.amp.GradScaler('cuda', args...)` instead.
  scaler = GradScaler(enabled=use_amp)
/data/quyhv/oil_forecast_tail_risk/scripts/training/train_unified.py:309: FutureWarning: `torch.cuda.amp.autocast(args...)` is deprecated. Please use `torch.amp.autocast('cuda', args...)` instead.
  with autocast(enabled=use_amp):
/data/quyhv/oil_forecast_tail_risk/scripts/training/train_unified.py:349: FutureWarning: `torch.cuda.amp.autocast(args...)` is deprecated. Please use `torch.amp.autocast('cuda', args...)` instead.
  with autocast(enabled=use_amp):
 Iter-39 | MAE=2.439 | MAPE=3.40%
/data/quyhv/oil_forecast_tail_risk/scripts/training/train_unified.py:290: FutureWarning: `torch.cuda.amp.GradScaler(args...)` is deprecated. Please use `torch.amp.GradScaler('cuda', args...)` instead.
  scaler = GradScaler(enabled=use_amp)
/data/quyhv/oil_forecast_tail_risk/scripts/training/train_unified.py:309: FutureWarning: `torch.cuda.amp.autocast(args...)` is deprecated. Please use `torch.amp.autocast('cuda', args...)` instead.
  with autocast(enabled=use_amp):
/data/quyhv/oil_forecast_tail_risk/scripts/training/train_unified.py:349: FutureWarning: `torch.cuda.amp.autocast(args...)` is deprecated. Please use `torch.amp.autocast('cuda', args...)` instead.
  with autocast(enabled=use_amp):
 Iter-40 | MAE=1.342 | MAPE=1.82%
/data/quyhv/oil_forecast_tail_risk/scripts/training/train_unified.py:290: FutureWarning: `torch.cuda.amp.GradScaler(args...)` is deprecated. Please use `torch.amp.GradScaler('cuda', args...)` instead.
  scaler = GradScaler(enabled=use_amp)
/data/quyhv/oil_forecast_tail_risk/scripts/training/train_unified.py:309: FutureWarning: `torch.cuda.amp.autocast(args...)` is deprecated. Please use `torch.amp.autocast('cuda', args...)` instead.
  with autocast(enabled=use_amp):
/data/quyhv/oil_forecast_tail_risk/scripts/training/train_unified.py:349: FutureWarning: `torch.cuda.amp.autocast(args...)` is deprecated. Please use `torch.amp.autocast('cuda', args...)` instead.
  with autocast(enabled=use_amp):
 Iter-41 | MAE=0.141 | MAPE=0.19%
/data/quyhv/oil_forecast_tail_risk/scripts/training/train_unified.py:290: FutureWarning: `torch.cuda.amp.GradScaler(args...)` is deprecated. Please use `torch.amp.GradScaler('cuda', args...)` instead.
  scaler = GradScaler(enabled=use_amp)
/data/quyhv/oil_forecast_tail_risk/scripts/training/train_unified.py:309: FutureWarning: `torch.cuda.amp.autocast(args...)` is deprecated. Please use `torch.amp.autocast('cuda', args...)` instead.
  with autocast(enabled=use_amp):
/data/quyhv/oil_forecast_tail_risk/scripts/training/train_unified.py:349: FutureWarning: `torch.cuda.amp.autocast(args...)` is deprecated. Please use `torch.amp.autocast('cuda', args...)` instead.
  with autocast(enabled=use_amp):
 Iter-42 | MAE=1.519 | MAPE=2.04%
/data/quyhv/oil_forecast_tail_risk/scripts/training/train_unified.py:290: FutureWarning: `torch.cuda.amp.GradScaler(args...)` is deprecated. Please use `torch.amp.GradScaler('cuda', args...)` instead.
  scaler = GradScaler(enabled=use_amp)
/data/quyhv/oil_forecast_tail_risk/scripts/training/train_unified.py:309: FutureWarning: `torch.cuda.amp.autocast(args...)` is deprecated. Please use `torch.amp.autocast('cuda', args...)` instead.
  with autocast(enabled=use_amp):
/data/quyhv/oil_forecast_tail_risk/scripts/training/train_unified.py:349: FutureWarning: `torch.cuda.amp.autocast(args...)` is deprecated. Please use `torch.amp.autocast('cuda', args...)` instead.
  with autocast(enabled=use_amp):
 Iter-43 | MAE=1.309 | MAPE=1.73%
/data/quyhv/oil_forecast_tail_risk/scripts/training/train_unified.py:290: FutureWarning: `torch.cuda.amp.GradScaler(args...)` is deprecated. Please use `torch.amp.GradScaler('cuda', args...)` instead.
  scaler = GradScaler(enabled=use_amp)
/data/quyhv/oil_forecast_tail_risk/scripts/training/train_unified.py:309: FutureWarning: `torch.cuda.amp.autocast(args...)` is deprecated. Please use `torch.amp.autocast('cuda', args...)` instead.
  with autocast(enabled=use_amp):
/data/quyhv/oil_forecast_tail_risk/scripts/training/train_unified.py:349: FutureWarning: `torch.cuda.amp.autocast(args...)` is deprecated. Please use `torch.amp.autocast('cuda', args...)` instead.
  with autocast(enabled=use_amp):
 Iter-44 | MAE=1.155 | MAPE=1.49%
/data/quyhv/oil_forecast_tail_risk/scripts/training/train_unified.py:290: FutureWarning: `torch.cuda.amp.GradScaler(args...)` is deprecated. Please use `torch.amp.GradScaler('cuda', args...)` instead.
  scaler = GradScaler(enabled=use_amp)
/data/quyhv/oil_forecast_tail_risk/scripts/training/train_unified.py:309: FutureWarning: `torch.cuda.amp.autocast(args...)` is deprecated. Please use `torch.amp.autocast('cuda', args...)` instead.
  with autocast(enabled=use_amp):
/data/quyhv/oil_forecast_tail_risk/scripts/training/train_unified.py:349: FutureWarning: `torch.cuda.amp.autocast(args...)` is deprecated. Please use `torch.amp.autocast('cuda', args...)` instead.
  with autocast(enabled=use_amp):
 Iter-45 | MAE=0.258 | MAPE=0.34%
/data/quyhv/oil_forecast_tail_risk/scripts/training/train_unified.py:290: FutureWarning: `torch.cuda.amp.GradScaler(args...)` is deprecated. Please use `torch.amp.GradScaler('cuda', args...)` instead.
  scaler = GradScaler(enabled=use_amp)
/data/quyhv/oil_forecast_tail_risk/scripts/training/train_unified.py:309: FutureWarning: `torch.cuda.amp.autocast(args...)` is deprecated. Please use `torch.amp.autocast('cuda', args...)` instead.
  with autocast(enabled=use_amp):
/data/quyhv/oil_forecast_tail_risk/scripts/training/train_unified.py:349: FutureWarning: `torch.cuda.amp.autocast(args...)` is deprecated. Please use `torch.amp.autocast('cuda', args...)` instead.
  with autocast(enabled=use_amp):
 Iter-46 | MAE=0.735 | MAPE=0.97%
/data/quyhv/oil_forecast_tail_risk/scripts/training/train_unified.py:290: FutureWarning: `torch.cuda.amp.GradScaler(args...)` is deprecated. Please use `torch.amp.GradScaler('cuda', args...)` instead.
  scaler = GradScaler(enabled=use_amp)
/data/quyhv/oil_forecast_tail_risk/scripts/training/train_unified.py:309: FutureWarning: `torch.cuda.amp.autocast(args...)` is deprecated. Please use `torch.amp.autocast('cuda', args...)` instead.
  with autocast(enabled=use_amp):
/data/quyhv/oil_forecast_tail_risk/scripts/training/train_unified.py:349: FutureWarning: `torch.cuda.amp.autocast(args...)` is deprecated. Please use `torch.amp.autocast('cuda', args...)` instead.
  with autocast(enabled=use_amp):
 Iter-47 | MAE=2.670 | MAPE=3.67%
/data/quyhv/oil_forecast_tail_risk/scripts/training/train_unified.py:290: FutureWarning: `torch.cuda.amp.GradScaler(args...)` is deprecated. Please use `torch.amp.GradScaler('cuda', args...)` instead.
  scaler = GradScaler(enabled=use_amp)
/data/quyhv/oil_forecast_tail_risk/scripts/training/train_unified.py:309: FutureWarning: `torch.cuda.amp.autocast(args...)` is deprecated. Please use `torch.amp.autocast('cuda', args...)` instead.
  with autocast(enabled=use_amp):
/data/quyhv/oil_forecast_tail_risk/scripts/training/train_unified.py:349: FutureWarning: `torch.cuda.amp.autocast(args...)` is deprecated. Please use `torch.amp.autocast('cuda', args...)` instead.
  with autocast(enabled=use_amp):
 Iter-48 | MAE=0.442 | MAPE=0.61%
/data/quyhv/oil_forecast_tail_risk/scripts/training/train_unified.py:290: FutureWarning: `torch.cuda.amp.GradScaler(args...)` is deprecated. Please use `torch.amp.GradScaler('cuda', args...)` instead.
  scaler = GradScaler(enabled=use_amp)
/data/quyhv/oil_forecast_tail_risk/scripts/training/train_unified.py:309: FutureWarning: `torch.cuda.amp.autocast(args...)` is deprecated. Please use `torch.amp.autocast('cuda', args...)` instead.
  with autocast(enabled=use_amp):
/data/quyhv/oil_forecast_tail_risk/scripts/training/train_unified.py:349: FutureWarning: `torch.cuda.amp.autocast(args...)` is deprecated. Please use `torch.amp.autocast('cuda', args...)` instead.
  with autocast(enabled=use_amp):
 Iter-49 | MAE=0.440 | MAPE=0.60%
/data/quyhv/oil_forecast_tail_risk/scripts/training/train_unified.py:290: FutureWarning: `torch.cuda.amp.GradScaler(args...)` is deprecated. Please use `torch.amp.GradScaler('cuda', args...)` instead.
  scaler = GradScaler(enabled=use_amp)
/data/quyhv/oil_forecast_tail_risk/scripts/training/train_unified.py:309: FutureWarning: `torch.cuda.amp.autocast(args...)` is deprecated. Please use `torch.amp.autocast('cuda', args...)` instead.
  with autocast(enabled=use_amp):
/data/quyhv/oil_forecast_tail_risk/scripts/training/train_unified.py:349: FutureWarning: `torch.cuda.amp.autocast(args...)` is deprecated. Please use `torch.amp.autocast('cuda', args...)` instead.
  with autocast(enabled=use_amp):
 Iter-50 | MAE=0.181 | MAPE=0.25%
/data/quyhv/oil_forecast_tail_risk/scripts/training/train_unified.py:290: FutureWarning: `torch.cuda.amp.GradScaler(args...)` is deprecated. Please use `torch.amp.GradScaler('cuda', args...)` instead.
  scaler = GradScaler(enabled=use_amp)
/data/quyhv/oil_forecast_tail_risk/scripts/training/train_unified.py:309: FutureWarning: `torch.cuda.amp.autocast(args...)` is deprecated. Please use `torch.amp.autocast('cuda', args...)` instead.
  with autocast(enabled=use_amp):
/data/quyhv/oil_forecast_tail_risk/scripts/training/train_unified.py:349: FutureWarning: `torch.cuda.amp.autocast(args...)` is deprecated. Please use `torch.amp.autocast('cuda', args...)` instead.
  with autocast(enabled=use_amp):
 Iter-51 | MAE=2.767 | MAPE=3.59%
/data/quyhv/oil_forecast_tail_risk/scripts/training/train_unified.py:290: FutureWarning: `torch.cuda.amp.GradScaler(args...)` is deprecated. Please use `torch.amp.GradScaler('cuda', args...)` instead.
  scaler = GradScaler(enabled=use_amp)
/data/quyhv/oil_forecast_tail_risk/scripts/training/train_unified.py:309: FutureWarning: `torch.cuda.amp.autocast(args...)` is deprecated. Please use `torch.amp.autocast('cuda', args...)` instead.
  with autocast(enabled=use_amp):
/data/quyhv/oil_forecast_tail_risk/scripts/training/train_unified.py:349: FutureWarning: `torch.cuda.amp.autocast(args...)` is deprecated. Please use `torch.amp.autocast('cuda', args...)` instead.
  with autocast(enabled=use_amp):
 Iter-52 | MAE=0.939 | MAPE=1.19%
/data/quyhv/oil_forecast_tail_risk/scripts/training/train_unified.py:290: FutureWarning: `torch.cuda.amp.GradScaler(args...)` is deprecated. Please use `torch.amp.GradScaler('cuda', args...)` instead.
  scaler = GradScaler(enabled=use_amp)
/data/quyhv/oil_forecast_tail_risk/scripts/training/train_unified.py:309: FutureWarning: `torch.cuda.amp.autocast(args...)` is deprecated. Please use `torch.amp.autocast('cuda', args...)` instead.
  with autocast(enabled=use_amp):
/data/quyhv/oil_forecast_tail_risk/scripts/training/train_unified.py:349: FutureWarning: `torch.cuda.amp.autocast(args...)` is deprecated. Please use `torch.amp.autocast('cuda', args...)` instead.
  with autocast(enabled=use_amp):
 Iter-53 | MAE=0.184 | MAPE=0.23%
/data/quyhv/oil_forecast_tail_risk/scripts/training/train_unified.py:290: FutureWarning: `torch.cuda.amp.GradScaler(args...)` is deprecated. Please use `torch.amp.GradScaler('cuda', args...)` instead.
  scaler = GradScaler(enabled=use_amp)
/data/quyhv/oil_forecast_tail_risk/scripts/training/train_unified.py:309: FutureWarning: `torch.cuda.amp.autocast(args...)` is deprecated. Please use `torch.amp.autocast('cuda', args...)` instead.
  with autocast(enabled=use_amp):
/data/quyhv/oil_forecast_tail_risk/scripts/training/train_unified.py:349: FutureWarning: `torch.cuda.amp.autocast(args...)` is deprecated. Please use `torch.amp.autocast('cuda', args...)` instead.
  with autocast(enabled=use_amp):
 Iter-54 | MAE=1.999 | MAPE=2.49%
/data/quyhv/oil_forecast_tail_risk/scripts/training/train_unified.py:290: FutureWarning: `torch.cuda.amp.GradScaler(args...)` is deprecated. Please use `torch.amp.GradScaler('cuda', args...)` instead.
  scaler = GradScaler(enabled=use_amp)
/data/quyhv/oil_forecast_tail_risk/scripts/training/train_unified.py:309: FutureWarning: `torch.cuda.amp.autocast(args...)` is deprecated. Please use `torch.amp.autocast('cuda', args...)` instead.
  with autocast(enabled=use_amp):
/data/quyhv/oil_forecast_tail_risk/scripts/training/train_unified.py:349: FutureWarning: `torch.cuda.amp.autocast(args...)` is deprecated. Please use `torch.amp.autocast('cuda', args...)` instead.
  with autocast(enabled=use_amp):
 Iter-55 | MAE=0.846 | MAPE=1.06%
/data/quyhv/oil_forecast_tail_risk/scripts/training/train_unified.py:290: FutureWarning: `torch.cuda.amp.GradScaler(args...)` is deprecated. Please use `torch.amp.GradScaler('cuda', args...)` instead.
  scaler = GradScaler(enabled=use_amp)
/data/quyhv/oil_forecast_tail_risk/scripts/training/train_unified.py:309: FutureWarning: `torch.cuda.amp.autocast(args...)` is deprecated. Please use `torch.amp.autocast('cuda', args...)` instead.
  with autocast(enabled=use_amp):
/data/quyhv/oil_forecast_tail_risk/scripts/training/train_unified.py:349: FutureWarning: `torch.cuda.amp.autocast(args...)` is deprecated. Please use `torch.amp.autocast('cuda', args...)` instead.
  with autocast(enabled=use_amp):
 Iter-56 | MAE=0.692 | MAPE=0.86%
/data/quyhv/oil_forecast_tail_risk/scripts/training/train_unified.py:290: FutureWarning: `torch.cuda.amp.GradScaler(args...)` is deprecated. Please use `torch.amp.GradScaler('cuda', args...)` instead.
  scaler = GradScaler(enabled=use_amp)
/data/quyhv/oil_forecast_tail_risk/scripts/training/train_unified.py:309: FutureWarning: `torch.cuda.amp.autocast(args...)` is deprecated. Please use `torch.amp.autocast('cuda', args...)` instead.
  with autocast(enabled=use_amp):
/data/quyhv/oil_forecast_tail_risk/scripts/training/train_unified.py:349: FutureWarning: `torch.cuda.amp.autocast(args...)` is deprecated. Please use `torch.amp.autocast('cuda', args...)` instead.
  with autocast(enabled=use_amp):
 Iter-57 | MAE=0.580 | MAPE=0.72%
/data/quyhv/oil_forecast_tail_risk/scripts/training/train_unified.py:290: FutureWarning: `torch.cuda.amp.GradScaler(args...)` is deprecated. Please use `torch.amp.GradScaler('cuda', args...)` instead.
  scaler = GradScaler(enabled=use_amp)
/data/quyhv/oil_forecast_tail_risk/scripts/training/train_unified.py:309: FutureWarning: `torch.cuda.amp.autocast(args...)` is deprecated. Please use `torch.amp.autocast('cuda', args...)` instead.
  with autocast(enabled=use_amp):
/data/quyhv/oil_forecast_tail_risk/scripts/training/train_unified.py:349: FutureWarning: `torch.cuda.amp.autocast(args...)` is deprecated. Please use `torch.amp.autocast('cuda', args...)` instead.
  with autocast(enabled=use_amp):
 Iter-58 | MAE=10.174 | MAPE=11.11%
/data/quyhv/oil_forecast_tail_risk/scripts/training/train_unified.py:290: FutureWarning: `torch.cuda.amp.GradScaler(args...)` is deprecated. Please use `torch.amp.GradScaler('cuda', args...)` instead.
  scaler = GradScaler(enabled=use_amp)
/data/quyhv/oil_forecast_tail_risk/scripts/training/train_unified.py:309: FutureWarning: `torch.cuda.amp.autocast(args...)` is deprecated. Please use `torch.amp.autocast('cuda', args...)` instead.
  with autocast(enabled=use_amp):
/data/quyhv/oil_forecast_tail_risk/scripts/training/train_unified.py:349: FutureWarning: `torch.cuda.amp.autocast(args...)` is deprecated. Please use `torch.amp.autocast('cuda', args...)` instead.
  with autocast(enabled=use_amp):
 Iter-59 | MAE=4.303 | MAPE=4.43%
/data/quyhv/oil_forecast_tail_risk/scripts/training/train_unified.py:290: FutureWarning: `torch.cuda.amp.GradScaler(args...)` is deprecated. Please use `torch.amp.GradScaler('cuda', args...)` instead.
  scaler = GradScaler(enabled=use_amp)
/data/quyhv/oil_forecast_tail_risk/scripts/training/train_unified.py:309: FutureWarning: `torch.cuda.amp.autocast(args...)` is deprecated. Please use `torch.amp.autocast('cuda', args...)` instead.
  with autocast(enabled=use_amp):
/data/quyhv/oil_forecast_tail_risk/scripts/training/train_unified.py:349: FutureWarning: `torch.cuda.amp.autocast(args...)` is deprecated. Please use `torch.amp.autocast('cuda', args...)` instead.
  with autocast(enabled=use_amp):
 Iter-60 | MAE=1.975 | MAPE=1.92%
/data/quyhv/oil_forecast_tail_risk/scripts/training/train_unified.py:290: FutureWarning: `torch.cuda.amp.GradScaler(args...)` is deprecated. Please use `torch.amp.GradScaler('cuda', args...)` instead.
  scaler = GradScaler(enabled=use_amp)
/data/quyhv/oil_forecast_tail_risk/scripts/training/train_unified.py:309: FutureWarning: `torch.cuda.amp.autocast(args...)` is deprecated. Please use `torch.amp.autocast('cuda', args...)` instead.
  with autocast(enabled=use_amp):
/data/quyhv/oil_forecast_tail_risk/scripts/training/train_unified.py:349: FutureWarning: `torch.cuda.amp.autocast(args...)` is deprecated. Please use `torch.amp.autocast('cuda', args...)` instead.
  with autocast(enabled=use_amp):
 Iter-61 | MAE=7.888 | MAPE=7.26%
/data/quyhv/oil_forecast_tail_risk/scripts/training/train_unified.py:290: FutureWarning: `torch.cuda.amp.GradScaler(args...)` is deprecated. Please use `torch.amp.GradScaler('cuda', args...)` instead.
  scaler = GradScaler(enabled=use_amp)
/data/quyhv/oil_forecast_tail_risk/scripts/training/train_unified.py:309: FutureWarning: `torch.cuda.amp.autocast(args...)` is deprecated. Please use `torch.amp.autocast('cuda', args...)` instead.
  with autocast(enabled=use_amp):
/data/quyhv/oil_forecast_tail_risk/scripts/training/train_unified.py:349: FutureWarning: `torch.cuda.amp.autocast(args...)` is deprecated. Please use `torch.amp.autocast('cuda', args...)` instead.
  with autocast(enabled=use_amp):
 Iter-62 | MAE=10.811 | MAPE=9.16%
/data/quyhv/oil_forecast_tail_risk/scripts/training/train_unified.py:290: FutureWarning: `torch.cuda.amp.GradScaler(args...)` is deprecated. Please use `torch.amp.GradScaler('cuda', args...)` instead.
  scaler = GradScaler(enabled=use_amp)
/data/quyhv/oil_forecast_tail_risk/scripts/training/train_unified.py:309: FutureWarning: `torch.cuda.amp.autocast(args...)` is deprecated. Please use `torch.amp.autocast('cuda', args...)` instead.
  with autocast(enabled=use_amp):
/data/quyhv/oil_forecast_tail_risk/scripts/training/train_unified.py:349: FutureWarning: `torch.cuda.amp.autocast(args...)` is deprecated. Please use `torch.amp.autocast('cuda', args...)` instead.
  with autocast(enabled=use_amp):
 Iter-63 | MAE=22.296 | MAPE=15.55%
/data/quyhv/oil_forecast_tail_risk/scripts/training/train_unified.py:290: FutureWarning: `torch.cuda.amp.GradScaler(args...)` is deprecated. Please use `torch.amp.GradScaler('cuda', args...)` instead.
  scaler = GradScaler(enabled=use_amp)
/data/quyhv/oil_forecast_tail_risk/scripts/training/train_unified.py:309: FutureWarning: `torch.cuda.amp.autocast(args...)` is deprecated. Please use `torch.amp.autocast('cuda', args...)` instead.
  with autocast(enabled=use_amp):
/data/quyhv/oil_forecast_tail_risk/scripts/training/train_unified.py:349: FutureWarning: `torch.cuda.amp.autocast(args...)` is deprecated. Please use `torch.amp.autocast('cuda', args...)` instead.
  with autocast(enabled=use_amp):
 Iter-64 | MAE=12.631 | MAPE=10.25%
/data/quyhv/oil_forecast_tail_risk/scripts/training/train_unified.py:290: FutureWarning: `torch.cuda.amp.GradScaler(args...)` is deprecated. Please use `torch.amp.GradScaler('cuda', args...)` instead.
  scaler = GradScaler(enabled=use_amp)
/data/quyhv/oil_forecast_tail_risk/scripts/training/train_unified.py:309: FutureWarning: `torch.cuda.amp.autocast(args...)` is deprecated. Please use `torch.amp.autocast('cuda', args...)` instead.
  with autocast(enabled=use_amp):
/data/quyhv/oil_forecast_tail_risk/scripts/training/train_unified.py:349: FutureWarning: `torch.cuda.amp.autocast(args...)` is deprecated. Please use `torch.amp.autocast('cuda', args...)` instead.
  with autocast(enabled=use_amp):
 Iter-65 | MAE=3.232 | MAPE=2.63%
/data/quyhv/oil_forecast_tail_risk/scripts/training/train_unified.py:290: FutureWarning: `torch.cuda.amp.GradScaler(args...)` is deprecated. Please use `torch.amp.GradScaler('cuda', args...)` instead.
  scaler = GradScaler(enabled=use_amp)
/data/quyhv/oil_forecast_tail_risk/scripts/training/train_unified.py:309: FutureWarning: `torch.cuda.amp.autocast(args...)` is deprecated. Please use `torch.amp.autocast('cuda', args...)` instead.
  with autocast(enabled=use_amp):
/data/quyhv/oil_forecast_tail_risk/scripts/training/train_unified.py:349: FutureWarning: `torch.cuda.amp.autocast(args...)` is deprecated. Please use `torch.amp.autocast('cuda', args...)` instead.
  with autocast(enabled=use_amp):
 Iter-66 | MAE=11.530 | MAPE=8.38%
/data/quyhv/oil_forecast_tail_risk/scripts/training/train_unified.py:290: FutureWarning: `torch.cuda.amp.GradScaler(args...)` is deprecated. Please use `torch.amp.GradScaler('cuda', args...)` instead.
  scaler = GradScaler(enabled=use_amp)
/data/quyhv/oil_forecast_tail_risk/scripts/training/train_unified.py:309: FutureWarning: `torch.cuda.amp.autocast(args...)` is deprecated. Please use `torch.amp.autocast('cuda', args...)` instead.
  with autocast(enabled=use_amp):
/data/quyhv/oil_forecast_tail_risk/scripts/training/train_unified.py:349: FutureWarning: `torch.cuda.amp.autocast(args...)` is deprecated. Please use `torch.amp.autocast('cuda', args...)` instead.
  with autocast(enabled=use_amp):
 Iter-67 | MAE=5.101 | MAPE=3.64%
/data/quyhv/oil_forecast_tail_risk/scripts/training/train_unified.py:290: FutureWarning: `torch.cuda.amp.GradScaler(args...)` is deprecated. Please use `torch.amp.GradScaler('cuda', args...)` instead.
  scaler = GradScaler(enabled=use_amp)
/data/quyhv/oil_forecast_tail_risk/scripts/training/train_unified.py:309: FutureWarning: `torch.cuda.amp.autocast(args...)` is deprecated. Please use `torch.amp.autocast('cuda', args...)` instead.
  with autocast(enabled=use_amp):
/data/quyhv/oil_forecast_tail_risk/scripts/training/train_unified.py:349: FutureWarning: `torch.cuda.amp.autocast(args...)` is deprecated. Please use `torch.amp.autocast('cuda', args...)` instead.
  with autocast(enabled=use_amp):
 Iter-68 | MAE=4.461 | MAPE=3.13%
/data/quyhv/oil_forecast_tail_risk/scripts/training/train_unified.py:290: FutureWarning: `torch.cuda.amp.GradScaler(args...)` is deprecated. Please use `torch.amp.GradScaler('cuda', args...)` instead.
  scaler = GradScaler(enabled=use_amp)
/data/quyhv/oil_forecast_tail_risk/scripts/training/train_unified.py:309: FutureWarning: `torch.cuda.amp.autocast(args...)` is deprecated. Please use `torch.amp.autocast('cuda', args...)` instead.
  with autocast(enabled=use_amp):
/data/quyhv/oil_forecast_tail_risk/scripts/training/train_unified.py:349: FutureWarning: `torch.cuda.amp.autocast(args...)` is deprecated. Please use `torch.amp.autocast('cuda', args...)` instead.
  with autocast(enabled=use_amp):
 Iter-69 | MAE=1.023 | MAPE=0.71%
/data/quyhv/oil_forecast_tail_risk/scripts/training/train_unified.py:290: FutureWarning: `torch.cuda.amp.GradScaler(args...)` is deprecated. Please use `torch.amp.GradScaler('cuda', args...)` instead.
  scaler = GradScaler(enabled=use_amp)
/data/quyhv/oil_forecast_tail_risk/scripts/training/train_unified.py:309: FutureWarning: `torch.cuda.amp.autocast(args...)` is deprecated. Please use `torch.amp.autocast('cuda', args...)` instead.
  with autocast(enabled=use_amp):
/data/quyhv/oil_forecast_tail_risk/scripts/training/train_unified.py:349: FutureWarning: `torch.cuda.amp.autocast(args...)` is deprecated. Please use `torch.amp.autocast('cuda', args...)` instead.
  with autocast(enabled=use_amp):
 Iter-70 | MAE=1.174 | MAPE=0.80%
/data/quyhv/oil_forecast_tail_risk/scripts/training/train_unified.py:290: FutureWarning: `torch.cuda.amp.GradScaler(args...)` is deprecated. Please use `torch.amp.GradScaler('cuda', args...)` instead.
  scaler = GradScaler(enabled=use_amp)
/data/quyhv/oil_forecast_tail_risk/scripts/training/train_unified.py:309: FutureWarning: `torch.cuda.amp.autocast(args...)` is deprecated. Please use `torch.amp.autocast('cuda', args...)` instead.
  with autocast(enabled=use_amp):
/data/quyhv/oil_forecast_tail_risk/scripts/training/train_unified.py:349: FutureWarning: `torch.cuda.amp.autocast(args...)` is deprecated. Please use `torch.amp.autocast('cuda', args...)` instead.
  with autocast(enabled=use_amp):
 Iter-71 | MAE=6.878 | MAPE=4.35%
/data/quyhv/oil_forecast_tail_risk/scripts/training/train_unified.py:290: FutureWarning: `torch.cuda.amp.GradScaler(args...)` is deprecated. Please use `torch.amp.GradScaler('cuda', args...)` instead.
  scaler = GradScaler(enabled=use_amp)
/data/quyhv/oil_forecast_tail_risk/scripts/training/train_unified.py:309: FutureWarning: `torch.cuda.amp.autocast(args...)` is deprecated. Please use `torch.amp.autocast('cuda', args...)` instead.
  with autocast(enabled=use_amp):
/data/quyhv/oil_forecast_tail_risk/scripts/training/train_unified.py:349: FutureWarning: `torch.cuda.amp.autocast(args...)` is deprecated. Please use `torch.amp.autocast('cuda', args...)` instead.
  with autocast(enabled=use_amp):
 Iter-72 | MAE=1.747 | MAPE=1.11%
/data/quyhv/oil_forecast_tail_risk/scripts/training/train_unified.py:290: FutureWarning: `torch.cuda.amp.GradScaler(args...)` is deprecated. Please use `torch.amp.GradScaler('cuda', args...)` instead.
  scaler = GradScaler(enabled=use_amp)
/data/quyhv/oil_forecast_tail_risk/scripts/training/train_unified.py:309: FutureWarning: `torch.cuda.amp.autocast(args...)` is deprecated. Please use `torch.amp.autocast('cuda', args...)` instead.
  with autocast(enabled=use_amp):
/data/quyhv/oil_forecast_tail_risk/scripts/training/train_unified.py:349: FutureWarning: `torch.cuda.amp.autocast(args...)` is deprecated. Please use `torch.amp.autocast('cuda', args...)` instead.
  with autocast(enabled=use_amp):
 Iter-73 | MAE=1.970 | MAPE=1.16%
/data/quyhv/oil_forecast_tail_risk/scripts/training/train_unified.py:290: FutureWarning: `torch.cuda.amp.GradScaler(args...)` is deprecated. Please use `torch.amp.GradScaler('cuda', args...)` instead.
  scaler = GradScaler(enabled=use_amp)
/data/quyhv/oil_forecast_tail_risk/scripts/training/train_unified.py:309: FutureWarning: `torch.cuda.amp.autocast(args...)` is deprecated. Please use `torch.amp.autocast('cuda', args...)` instead.
  with autocast(enabled=use_amp):
/data/quyhv/oil_forecast_tail_risk/scripts/training/train_unified.py:349: FutureWarning: `torch.cuda.amp.autocast(args...)` is deprecated. Please use `torch.amp.autocast('cuda', args...)` instead.
  with autocast(enabled=use_amp):
 Iter-74 | MAE=12.605 | MAPE=8.70%
/data/quyhv/oil_forecast_tail_risk/scripts/training/train_unified.py:290: FutureWarning: `torch.cuda.amp.GradScaler(args...)` is deprecated. Please use `torch.amp.GradScaler('cuda', args...)` instead.
  scaler = GradScaler(enabled=use_amp)
/data/quyhv/oil_forecast_tail_risk/scripts/training/train_unified.py:309: FutureWarning: `torch.cuda.amp.autocast(args...)` is deprecated. Please use `torch.amp.autocast('cuda', args...)` instead.
  with autocast(enabled=use_amp):
/data/quyhv/oil_forecast_tail_risk/scripts/training/train_unified.py:349: FutureWarning: `torch.cuda.amp.autocast(args...)` is deprecated. Please use `torch.amp.autocast('cuda', args...)` instead.
  with autocast(enabled=use_amp):
 Iter-75 | MAE=14.522 | MAPE=10.89%
/data/quyhv/oil_forecast_tail_risk/scripts/training/train_unified.py:290: FutureWarning: `torch.cuda.amp.GradScaler(args...)` is deprecated. Please use `torch.amp.GradScaler('cuda', args...)` instead.
  scaler = GradScaler(enabled=use_amp)
/data/quyhv/oil_forecast_tail_risk/scripts/training/train_unified.py:309: FutureWarning: `torch.cuda.amp.autocast(args...)` is deprecated. Please use `torch.amp.autocast('cuda', args...)` instead.
  with autocast(enabled=use_amp):
/data/quyhv/oil_forecast_tail_risk/scripts/training/train_unified.py:349: FutureWarning: `torch.cuda.amp.autocast(args...)` is deprecated. Please use `torch.amp.autocast('cuda', args...)` instead.
  with autocast(enabled=use_amp):
 Iter-76 | MAE=7.284 | MAPE=5.61%
/data/quyhv/oil_forecast_tail_risk/scripts/training/train_unified.py:290: FutureWarning: `torch.cuda.amp.GradScaler(args...)` is deprecated. Please use `torch.amp.GradScaler('cuda', args...)` instead.
  scaler = GradScaler(enabled=use_amp)
/data/quyhv/oil_forecast_tail_risk/scripts/training/train_unified.py:309: FutureWarning: `torch.cuda.amp.autocast(args...)` is deprecated. Please use `torch.amp.autocast('cuda', args...)` instead.
  with autocast(enabled=use_amp):
/data/quyhv/oil_forecast_tail_risk/scripts/training/train_unified.py:349: FutureWarning: `torch.cuda.amp.autocast(args...)` is deprecated. Please use `torch.amp.autocast('cuda', args...)` instead.
  with autocast(enabled=use_amp):
 Iter-77 | MAE=1.291 | MAPE=0.97%
/data/quyhv/oil_forecast_tail_risk/scripts/training/train_unified.py:290: FutureWarning: `torch.cuda.amp.GradScaler(args...)` is deprecated. Please use `torch.amp.GradScaler('cuda', args...)` instead.
  scaler = GradScaler(enabled=use_amp)
/data/quyhv/oil_forecast_tail_risk/scripts/training/train_unified.py:309: FutureWarning: `torch.cuda.amp.autocast(args...)` is deprecated. Please use `torch.amp.autocast('cuda', args...)` instead.
  with autocast(enabled=use_amp):
/data/quyhv/oil_forecast_tail_risk/scripts/training/train_unified.py:349: FutureWarning: `torch.cuda.amp.autocast(args...)` is deprecated. Please use `torch.amp.autocast('cuda', args...)` instead.
  with autocast(enabled=use_amp):
 Iter-78 | MAE=8.266 | MAPE=5.75%
/data/quyhv/oil_forecast_tail_risk/scripts/training/train_unified.py:290: FutureWarning: `torch.cuda.amp.GradScaler(args...)` is deprecated. Please use `torch.amp.GradScaler('cuda', args...)` instead.
  scaler = GradScaler(enabled=use_amp)
/data/quyhv/oil_forecast_tail_risk/scripts/training/train_unified.py:309: FutureWarning: `torch.cuda.amp.autocast(args...)` is deprecated. Please use `torch.amp.autocast('cuda', args...)` instead.
  with autocast(enabled=use_amp):
/data/quyhv/oil_forecast_tail_risk/scripts/training/train_unified.py:349: FutureWarning: `torch.cuda.amp.autocast(args...)` is deprecated. Please use `torch.amp.autocast('cuda', args...)` instead.
  with autocast(enabled=use_amp):
 Iter-79 | MAE=2.507 | MAPE=1.76%
/data/quyhv/oil_forecast_tail_risk/scripts/training/train_unified.py:290: FutureWarning: `torch.cuda.amp.GradScaler(args...)` is deprecated. Please use `torch.amp.GradScaler('cuda', args...)` instead.
  scaler = GradScaler(enabled=use_amp)
/data/quyhv/oil_forecast_tail_risk/scripts/training/train_unified.py:309: FutureWarning: `torch.cuda.amp.autocast(args...)` is deprecated. Please use `torch.amp.autocast('cuda', args...)` instead.
  with autocast(enabled=use_amp):
/data/quyhv/oil_forecast_tail_risk/scripts/training/train_unified.py:349: FutureWarning: `torch.cuda.amp.autocast(args...)` is deprecated. Please use `torch.amp.autocast('cuda', args...)` instead.
  with autocast(enabled=use_amp):
 Iter-80 | MAE=3.255 | MAPE=2.33%
/data/quyhv/oil_forecast_tail_risk/scripts/training/train_unified.py:290: FutureWarning: `torch.cuda.amp.GradScaler(args...)` is deprecated. Please use `torch.amp.GradScaler('cuda', args...)` instead.
  scaler = GradScaler(enabled=use_amp)
/data/quyhv/oil_forecast_tail_risk/scripts/training/train_unified.py:309: FutureWarning: `torch.cuda.amp.autocast(args...)` is deprecated. Please use `torch.amp.autocast('cuda', args...)` instead.
  with autocast(enabled=use_amp):
/data/quyhv/oil_forecast_tail_risk/scripts/training/train_unified.py:349: FutureWarning: `torch.cuda.amp.autocast(args...)` is deprecated. Please use `torch.amp.autocast('cuda', args...)` instead.
  with autocast(enabled=use_amp):
 Iter-81 | MAE=8.170 | MAPE=5.52%
/data/quyhv/oil_forecast_tail_risk/scripts/training/train_unified.py:290: FutureWarning: `torch.cuda.amp.GradScaler(args...)` is deprecated. Please use `torch.amp.GradScaler('cuda', args...)` instead.
  scaler = GradScaler(enabled=use_amp)
/data/quyhv/oil_forecast_tail_risk/scripts/training/train_unified.py:309: FutureWarning: `torch.cuda.amp.autocast(args...)` is deprecated. Please use `torch.amp.autocast('cuda', args...)` instead.
  with autocast(enabled=use_amp):
/data/quyhv/oil_forecast_tail_risk/scripts/training/train_unified.py:349: FutureWarning: `torch.cuda.amp.autocast(args...)` is deprecated. Please use `torch.amp.autocast('cuda', args...)` instead.
  with autocast(enabled=use_amp):
 Iter-82 | MAE=5.379 | MAPE=3.69%
/data/quyhv/oil_forecast_tail_risk/scripts/training/train_unified.py:290: FutureWarning: `torch.cuda.amp.GradScaler(args...)` is deprecated. Please use `torch.amp.GradScaler('cuda', args...)` instead.
  scaler = GradScaler(enabled=use_amp)
/data/quyhv/oil_forecast_tail_risk/scripts/training/train_unified.py:309: FutureWarning: `torch.cuda.amp.autocast(args...)` is deprecated. Please use `torch.amp.autocast('cuda', args...)` instead.
  with autocast(enabled=use_amp):
/data/quyhv/oil_forecast_tail_risk/scripts/training/train_unified.py:349: FutureWarning: `torch.cuda.amp.autocast(args...)` is deprecated. Please use `torch.amp.autocast('cuda', args...)` instead.
  with autocast(enabled=use_amp):
 Iter-83 | MAE=3.427 | MAPE=2.41%
/data/quyhv/oil_forecast_tail_risk/scripts/training/train_unified.py:290: FutureWarning: `torch.cuda.amp.GradScaler(args...)` is deprecated. Please use `torch.amp.GradScaler('cuda', args...)` instead.
  scaler = GradScaler(enabled=use_amp)
/data/quyhv/oil_forecast_tail_risk/scripts/training/train_unified.py:309: FutureWarning: `torch.cuda.amp.autocast(args...)` is deprecated. Please use `torch.amp.autocast('cuda', args...)` instead.
  with autocast(enabled=use_amp):
/data/quyhv/oil_forecast_tail_risk/scripts/training/train_unified.py:349: FutureWarning: `torch.cuda.amp.autocast(args...)` is deprecated. Please use `torch.amp.autocast('cuda', args...)` instead.
  with autocast(enabled=use_amp):
 Iter-84 | MAE=18.663 | MAPE=15.20%
/data/quyhv/oil_forecast_tail_risk/scripts/training/train_unified.py:290: FutureWarning: `torch.cuda.amp.GradScaler(args...)` is deprecated. Please use `torch.amp.GradScaler('cuda', args...)` instead.
  scaler = GradScaler(enabled=use_amp)
/data/quyhv/oil_forecast_tail_risk/scripts/training/train_unified.py:309: FutureWarning: `torch.cuda.amp.autocast(args...)` is deprecated. Please use `torch.amp.autocast('cuda', args...)` instead.
  with autocast(enabled=use_amp):
/data/quyhv/oil_forecast_tail_risk/scripts/training/train_unified.py:349: FutureWarning: `torch.cuda.amp.autocast(args...)` is deprecated. Please use `torch.amp.autocast('cuda', args...)` instead.
  with autocast(enabled=use_amp):
 Iter-85 | MAE=11.463 | MAPE=8.63%
/data/quyhv/oil_forecast_tail_risk/scripts/training/train_unified.py:290: FutureWarning: `torch.cuda.amp.GradScaler(args...)` is deprecated. Please use `torch.amp.GradScaler('cuda', args...)` instead.
  scaler = GradScaler(enabled=use_amp)
/data/quyhv/oil_forecast_tail_risk/scripts/training/train_unified.py:309: FutureWarning: `torch.cuda.amp.autocast(args...)` is deprecated. Please use `torch.amp.autocast('cuda', args...)` instead.
  with autocast(enabled=use_amp):
/data/quyhv/oil_forecast_tail_risk/scripts/training/train_unified.py:349: FutureWarning: `torch.cuda.amp.autocast(args...)` is deprecated. Please use `torch.amp.autocast('cuda', args...)` instead.
  with autocast(enabled=use_amp):
 Iter-86 | MAE=1.400 | MAPE=1.08%
/data/quyhv/oil_forecast_tail_risk/scripts/training/train_unified.py:290: FutureWarning: `torch.cuda.amp.GradScaler(args...)` is deprecated. Please use `torch.amp.GradScaler('cuda', args...)` instead.
  scaler = GradScaler(enabled=use_amp)
/data/quyhv/oil_forecast_tail_risk/scripts/training/train_unified.py:309: FutureWarning: `torch.cuda.amp.autocast(args...)` is deprecated. Please use `torch.amp.autocast('cuda', args...)` instead.
  with autocast(enabled=use_amp):
/data/quyhv/oil_forecast_tail_risk/scripts/training/train_unified.py:349: FutureWarning: `torch.cuda.amp.autocast(args...)` is deprecated. Please use `torch.amp.autocast('cuda', args...)` instead.
  with autocast(enabled=use_amp):
 Iter-87 | MAE=1.533 | MAPE=1.14%
/data/quyhv/oil_forecast_tail_risk/scripts/training/train_unified.py:290: FutureWarning: `torch.cuda.amp.GradScaler(args...)` is deprecated. Please use `torch.amp.GradScaler('cuda', args...)` instead.
  scaler = GradScaler(enabled=use_amp)
/data/quyhv/oil_forecast_tail_risk/scripts/training/train_unified.py:309: FutureWarning: `torch.cuda.amp.autocast(args...)` is deprecated. Please use `torch.amp.autocast('cuda', args...)` instead.
  with autocast(enabled=use_amp):
/data/quyhv/oil_forecast_tail_risk/scripts/training/train_unified.py:349: FutureWarning: `torch.cuda.amp.autocast(args...)` is deprecated. Please use `torch.amp.autocast('cuda', args...)` instead.
  with autocast(enabled=use_amp):
 Iter-88 | MAE=6.991 | MAPE=5.52%
/data/quyhv/oil_forecast_tail_risk/scripts/training/train_unified.py:290: FutureWarning: `torch.cuda.amp.GradScaler(args...)` is deprecated. Please use `torch.amp.GradScaler('cuda', args...)` instead.
  scaler = GradScaler(enabled=use_amp)
/data/quyhv/oil_forecast_tail_risk/scripts/training/train_unified.py:309: FutureWarning: `torch.cuda.amp.autocast(args...)` is deprecated. Please use `torch.amp.autocast('cuda', args...)` instead.
  with autocast(enabled=use_amp):
/data/quyhv/oil_forecast_tail_risk/scripts/training/train_unified.py:349: FutureWarning: `torch.cuda.amp.autocast(args...)` is deprecated. Please use `torch.amp.autocast('cuda', args...)` instead.
  with autocast(enabled=use_amp):
 Iter-89 | MAE=6.286 | MAPE=5.18%
/data/quyhv/oil_forecast_tail_risk/scripts/training/train_unified.py:290: FutureWarning: `torch.cuda.amp.GradScaler(args...)` is deprecated. Please use `torch.amp.GradScaler('cuda', args...)` instead.
  scaler = GradScaler(enabled=use_amp)
/data/quyhv/oil_forecast_tail_risk/scripts/training/train_unified.py:309: FutureWarning: `torch.cuda.amp.autocast(args...)` is deprecated. Please use `torch.amp.autocast('cuda', args...)` instead.
  with autocast(enabled=use_amp):
/data/quyhv/oil_forecast_tail_risk/scripts/training/train_unified.py:349: FutureWarning: `torch.cuda.amp.autocast(args...)` is deprecated. Please use `torch.amp.autocast('cuda', args...)` instead.
  with autocast(enabled=use_amp):
 Iter-90 | MAE=2.774 | MAPE=2.28%
/data/quyhv/oil_forecast_tail_risk/scripts/training/train_unified.py:290: FutureWarning: `torch.cuda.amp.GradScaler(args...)` is deprecated. Please use `torch.amp.GradScaler('cuda', args...)` instead.
  scaler = GradScaler(enabled=use_amp)
/data/quyhv/oil_forecast_tail_risk/scripts/training/train_unified.py:309: FutureWarning: `torch.cuda.amp.autocast(args...)` is deprecated. Please use `torch.amp.autocast('cuda', args...)` instead.
  with autocast(enabled=use_amp):
/data/quyhv/oil_forecast_tail_risk/scripts/training/train_unified.py:349: FutureWarning: `torch.cuda.amp.autocast(args...)` is deprecated. Please use `torch.amp.autocast('cuda', args...)` instead.
  with autocast(enabled=use_amp):
 Iter-91 | MAE=4.888 | MAPE=3.88%
/data/quyhv/oil_forecast_tail_risk/scripts/training/train_unified.py:290: FutureWarning: `torch.cuda.amp.GradScaler(args...)` is deprecated. Please use `torch.amp.GradScaler('cuda', args...)` instead.
  scaler = GradScaler(enabled=use_amp)
/data/quyhv/oil_forecast_tail_risk/scripts/training/train_unified.py:309: FutureWarning: `torch.cuda.amp.autocast(args...)` is deprecated. Please use `torch.amp.autocast('cuda', args...)` instead.
  with autocast(enabled=use_amp):
/data/quyhv/oil_forecast_tail_risk/scripts/training/train_unified.py:349: FutureWarning: `torch.cuda.amp.autocast(args...)` is deprecated. Please use `torch.amp.autocast('cuda', args...)` instead.
  with autocast(enabled=use_amp):
 Iter-92 | MAE=2.318 | MAPE=1.91%
/data/quyhv/oil_forecast_tail_risk/scripts/training/train_unified.py:290: FutureWarning: `torch.cuda.amp.GradScaler(args...)` is deprecated. Please use `torch.amp.GradScaler('cuda', args...)` instead.
  scaler = GradScaler(enabled=use_amp)
/data/quyhv/oil_forecast_tail_risk/scripts/training/train_unified.py:309: FutureWarning: `torch.cuda.amp.autocast(args...)` is deprecated. Please use `torch.amp.autocast('cuda', args...)` instead.
  with autocast(enabled=use_amp):
/data/quyhv/oil_forecast_tail_risk/scripts/training/train_unified.py:349: FutureWarning: `torch.cuda.amp.autocast(args...)` is deprecated. Please use `torch.amp.autocast('cuda', args...)` instead.
  with autocast(enabled=use_amp):
 Iter-93 | MAE=1.242 | MAPE=1.03%
/data/quyhv/oil_forecast_tail_risk/scripts/training/train_unified.py:290: FutureWarning: `torch.cuda.amp.GradScaler(args...)` is deprecated. Please use `torch.amp.GradScaler('cuda', args...)` instead.
  scaler = GradScaler(enabled=use_amp)
/data/quyhv/oil_forecast_tail_risk/scripts/training/train_unified.py:309: FutureWarning: `torch.cuda.amp.autocast(args...)` is deprecated. Please use `torch.amp.autocast('cuda', args...)` instead.
  with autocast(enabled=use_amp):
/data/quyhv/oil_forecast_tail_risk/scripts/training/train_unified.py:349: FutureWarning: `torch.cuda.amp.autocast(args...)` is deprecated. Please use `torch.amp.autocast('cuda', args...)` instead.
  with autocast(enabled=use_amp):
 Iter-94 | MAE=6.787 | MAPE=5.37%
/data/quyhv/oil_forecast_tail_risk/scripts/training/train_unified.py:290: FutureWarning: `torch.cuda.amp.GradScaler(args...)` is deprecated. Please use `torch.amp.GradScaler('cuda', args...)` instead.
  scaler = GradScaler(enabled=use_amp)
/data/quyhv/oil_forecast_tail_risk/scripts/training/train_unified.py:309: FutureWarning: `torch.cuda.amp.autocast(args...)` is deprecated. Please use `torch.amp.autocast('cuda', args...)` instead.
  with autocast(enabled=use_amp):
/data/quyhv/oil_forecast_tail_risk/scripts/training/train_unified.py:349: FutureWarning: `torch.cuda.amp.autocast(args...)` is deprecated. Please use `torch.amp.autocast('cuda', args...)` instead.
  with autocast(enabled=use_amp):
 Iter-95 | MAE=2.346 | MAPE=1.83%
/data/quyhv/oil_forecast_tail_risk/scripts/training/train_unified.py:290: FutureWarning: `torch.cuda.amp.GradScaler(args...)` is deprecated. Please use `torch.amp.GradScaler('cuda', args...)` instead.
  scaler = GradScaler(enabled=use_amp)
/data/quyhv/oil_forecast_tail_risk/scripts/training/train_unified.py:309: FutureWarning: `torch.cuda.amp.autocast(args...)` is deprecated. Please use `torch.amp.autocast('cuda', args...)` instead.
  with autocast(enabled=use_amp):
/data/quyhv/oil_forecast_tail_risk/scripts/training/train_unified.py:349: FutureWarning: `torch.cuda.amp.autocast(args...)` is deprecated. Please use `torch.amp.autocast('cuda', args...)` instead.
  with autocast(enabled=use_amp):
 Iter-96 | MAE=1.070 | MAPE=0.85%
/data/quyhv/oil_forecast_tail_risk/scripts/training/train_unified.py:290: FutureWarning: `torch.cuda.amp.GradScaler(args...)` is deprecated. Please use `torch.amp.GradScaler('cuda', args...)` instead.
  scaler = GradScaler(enabled=use_amp)
/data/quyhv/oil_forecast_tail_risk/scripts/training/train_unified.py:309: FutureWarning: `torch.cuda.amp.autocast(args...)` is deprecated. Please use `torch.amp.autocast('cuda', args...)` instead.
  with autocast(enabled=use_amp):
/data/quyhv/oil_forecast_tail_risk/scripts/training/train_unified.py:349: FutureWarning: `torch.cuda.amp.autocast(args...)` is deprecated. Please use `torch.amp.autocast('cuda', args...)` instead.
  with autocast(enabled=use_amp):
 Iter-97 | MAE=2.981 | MAPE=2.30%
/data/quyhv/oil_forecast_tail_risk/scripts/training/train_unified.py:290: FutureWarning: `torch.cuda.amp.GradScaler(args...)` is deprecated. Please use `torch.amp.GradScaler('cuda', args...)` instead.
  scaler = GradScaler(enabled=use_amp)
/data/quyhv/oil_forecast_tail_risk/scripts/training/train_unified.py:309: FutureWarning: `torch.cuda.amp.autocast(args...)` is deprecated. Please use `torch.amp.autocast('cuda', args...)` instead.
  with autocast(enabled=use_amp):
/data/quyhv/oil_forecast_tail_risk/scripts/training/train_unified.py:349: FutureWarning: `torch.cuda.amp.autocast(args...)` is deprecated. Please use `torch.amp.autocast('cuda', args...)` instead.
  with autocast(enabled=use_amp):
 Iter-98 | MAE=1.051 | MAPE=0.81%
/data/quyhv/oil_forecast_tail_risk/scripts/training/train_unified.py:290: FutureWarning: `torch.cuda.amp.GradScaler(args...)` is deprecated. Please use `torch.amp.GradScaler('cuda', args...)` instead.
  scaler = GradScaler(enabled=use_amp)
/data/quyhv/oil_forecast_tail_risk/scripts/training/train_unified.py:309: FutureWarning: `torch.cuda.amp.autocast(args...)` is deprecated. Please use `torch.amp.autocast('cuda', args...)` instead.
  with autocast(enabled=use_amp):
/data/quyhv/oil_forecast_tail_risk/scripts/training/train_unified.py:349: FutureWarning: `torch.cuda.amp.autocast(args...)` is deprecated. Please use `torch.amp.autocast('cuda', args...)` instead.
  with autocast(enabled=use_amp):
 Iter-99 | MAE=2.959 | MAPE=2.25%
/data/quyhv/oil_forecast_tail_risk/scripts/training/train_unified.py:290: FutureWarning: `torch.cuda.amp.GradScaler(args...)` is deprecated. Please use `torch.amp.GradScaler('cuda', args...)` instead.
  scaler = GradScaler(enabled=use_amp)
/data/quyhv/oil_forecast_tail_risk/scripts/training/train_unified.py:309: FutureWarning: `torch.cuda.amp.autocast(args...)` is deprecated. Please use `torch.amp.autocast('cuda', args...)` instead.
  with autocast(enabled=use_amp):
/data/quyhv/oil_forecast_tail_risk/scripts/training/train_unified.py:349: FutureWarning: `torch.cuda.amp.autocast(args...)` is deprecated. Please use `torch.amp.autocast('cuda', args...)` instead.
  with autocast(enabled=use_amp):
 Iter-100 | MAE=2.078 | MAPE=1.52%

 OVERALL: MAE=3.019, MAPE=2.63%, R2=0.9714 (2493.3s)
Saved model checkpoint: /data/quyhv/oil_forecast_tail_risk/results_v4/walkforward/RLinear/XANG_H1_seed9999/model_checkpoint.pth
Saved processor/scaler: /data/quyhv/oil_forecast_tail_risk/results_v4/walkforward/RLinear/XANG_H1_seed9999/processor.pkl

 All 1 experiments completed!

================================================================================
 [1/1] LTSF_Linear | XANG | H1 | walkforward
================================================================================

 Using GPU: Tesla T4
================================================================================
 LTSF_Linear | XANG | H1 | walkforward | seed=9999
================================================================================
Data: 4513 rows | Features: 15
/data/quyhv/oil_forecast_tail_risk/scripts/training/train_unified.py:290: FutureWarning: `torch.cuda.amp.GradScaler(args...)` is deprecated. Please use `torch.amp.GradScaler('cuda', args...)` instead.
  scaler = GradScaler(enabled=use_amp)
/data/quyhv/oil_forecast_tail_risk/scripts/training/train_unified.py:309: FutureWarning: `torch.cuda.amp.autocast(args...)` is deprecated. Please use `torch.amp.autocast('cuda', args...)` instead.
  with autocast(enabled=use_amp):
/data/quyhv/oil_forecast_tail_risk/scripts/training/train_unified.py:349: FutureWarning: `torch.cuda.amp.autocast(args...)` is deprecated. Please use `torch.amp.autocast('cuda', args...)` instead.
  with autocast(enabled=use_amp):
 Iter-01 | MAE=0.212 | MAPE=0.27%
/data/quyhv/oil_forecast_tail_risk/scripts/training/train_unified.py:290: FutureWarning: `torch.cuda.amp.GradScaler(args...)` is deprecated. Please use `torch.amp.GradScaler('cuda', args...)` instead.
  scaler = GradScaler(enabled=use_amp)
/data/quyhv/oil_forecast_tail_risk/scripts/training/train_unified.py:309: FutureWarning: `torch.cuda.amp.autocast(args...)` is deprecated. Please use `torch.amp.autocast('cuda', args...)` instead.
  with autocast(enabled=use_amp):
/data/quyhv/oil_forecast_tail_risk/scripts/training/train_unified.py:349: FutureWarning: `torch.cuda.amp.autocast(args...)` is deprecated. Please use `torch.amp.autocast('cuda', args...)` instead.
  with autocast(enabled=use_amp):
 Iter-02 | MAE=0.267 | MAPE=0.34%
/data/quyhv/oil_forecast_tail_risk/scripts/training/train_unified.py:290: FutureWarning: `torch.cuda.amp.GradScaler(args...)` is deprecated. Please use `torch.amp.GradScaler('cuda', args...)` instead.
  scaler = GradScaler(enabled=use_amp)
/data/quyhv/oil_forecast_tail_risk/scripts/training/train_unified.py:309: FutureWarning: `torch.cuda.amp.autocast(args...)` is deprecated. Please use `torch.amp.autocast('cuda', args...)` instead.
  with autocast(enabled=use_amp):
/data/quyhv/oil_forecast_tail_risk/scripts/training/train_unified.py:349: FutureWarning: `torch.cuda.amp.autocast(args...)` is deprecated. Please use `torch.amp.autocast('cuda', args...)` instead.
  with autocast(enabled=use_amp):
 Iter-03 | MAE=0.304 | MAPE=0.39%
/data/quyhv/oil_forecast_tail_risk/scripts/training/train_unified.py:290: FutureWarning: `torch.cuda.amp.GradScaler(args...)` is deprecated. Please use `torch.amp.GradScaler('cuda', args...)` instead.
  scaler = GradScaler(enabled=use_amp)
/data/quyhv/oil_forecast_tail_risk/scripts/training/train_unified.py:309: FutureWarning: `torch.cuda.amp.autocast(args...)` is deprecated. Please use `torch.amp.autocast('cuda', args...)` instead.
  with autocast(enabled=use_amp):
/data/quyhv/oil_forecast_tail_risk/scripts/training/train_unified.py:349: FutureWarning: `torch.cuda.amp.autocast(args...)` is deprecated. Please use `torch.amp.autocast('cuda', args...)` instead.
  with autocast(enabled=use_amp):
 Iter-04 | MAE=2.477 | MAPE=3.30%
/data/quyhv/oil_forecast_tail_risk/scripts/training/train_unified.py:290: FutureWarning: `torch.cuda.amp.GradScaler(args...)` is deprecated. Please use `torch.amp.GradScaler('cuda', args...)` instead.
  scaler = GradScaler(enabled=use_amp)
/data/quyhv/oil_forecast_tail_risk/scripts/training/train_unified.py:309: FutureWarning: `torch.cuda.amp.autocast(args...)` is deprecated. Please use `torch.amp.autocast('cuda', args...)` instead.
  with autocast(enabled=use_amp):
/data/quyhv/oil_forecast_tail_risk/scripts/training/train_unified.py:349: FutureWarning: `torch.cuda.amp.autocast(args...)` is deprecated. Please use `torch.amp.autocast('cuda', args...)` instead.
  with autocast(enabled=use_amp):
 Iter-05 | MAE=0.411 | MAPE=0.55%
/data/quyhv/oil_forecast_tail_risk/scripts/training/train_unified.py:290: FutureWarning: `torch.cuda.amp.GradScaler(args...)` is deprecated. Please use `torch.amp.GradScaler('cuda', args...)` instead.
  scaler = GradScaler(enabled=use_amp)
/data/quyhv/oil_forecast_tail_risk/scripts/training/train_unified.py:309: FutureWarning: `torch.cuda.amp.autocast(args...)` is deprecated. Please use `torch.amp.autocast('cuda', args...)` instead.
  with autocast(enabled=use_amp):
/data/quyhv/oil_forecast_tail_risk/scripts/training/train_unified.py:349: FutureWarning: `torch.cuda.amp.autocast(args...)` is deprecated. Please use `torch.amp.autocast('cuda', args...)` instead.
  with autocast(enabled=use_amp):
 Iter-06 | MAE=0.511 | MAPE=0.69%
/data/quyhv/oil_forecast_tail_risk/scripts/training/train_unified.py:290: FutureWarning: `torch.cuda.amp.GradScaler(args...)` is deprecated. Please use `torch.amp.GradScaler('cuda', args...)` instead.
  scaler = GradScaler(enabled=use_amp)
/data/quyhv/oil_forecast_tail_risk/scripts/training/train_unified.py:309: FutureWarning: `torch.cuda.amp.autocast(args...)` is deprecated. Please use `torch.amp.autocast('cuda', args...)` instead.
  with autocast(enabled=use_amp):
/data/quyhv/oil_forecast_tail_risk/scripts/training/train_unified.py:349: FutureWarning: `torch.cuda.amp.autocast(args...)` is deprecated. Please use `torch.amp.autocast('cuda', args...)` instead.
  with autocast(enabled=use_amp):
 Iter-07 | MAE=1.143 | MAPE=1.56%
/data/quyhv/oil_forecast_tail_risk/scripts/training/train_unified.py:290: FutureWarning: `torch.cuda.amp.GradScaler(args...)` is deprecated. Please use `torch.amp.GradScaler('cuda', args...)` instead.
  scaler = GradScaler(enabled=use_amp)
/data/quyhv/oil_forecast_tail_risk/scripts/training/train_unified.py:309: FutureWarning: `torch.cuda.amp.autocast(args...)` is deprecated. Please use `torch.amp.autocast('cuda', args...)` instead.
  with autocast(enabled=use_amp):
/data/quyhv/oil_forecast_tail_risk/scripts/training/train_unified.py:349: FutureWarning: `torch.cuda.amp.autocast(args...)` is deprecated. Please use `torch.amp.autocast('cuda', args...)` instead.
  with autocast(enabled=use_amp):
 Iter-08 | MAE=0.441 | MAPE=0.60%
/data/quyhv/oil_forecast_tail_risk/scripts/training/train_unified.py:290: FutureWarning: `torch.cuda.amp.GradScaler(args...)` is deprecated. Please use `torch.amp.GradScaler('cuda', args...)` instead.
  scaler = GradScaler(enabled=use_amp)
/data/quyhv/oil_forecast_tail_risk/scripts/training/train_unified.py:309: FutureWarning: `torch.cuda.amp.autocast(args...)` is deprecated. Please use `torch.amp.autocast('cuda', args...)` instead.
  with autocast(enabled=use_amp):
/data/quyhv/oil_forecast_tail_risk/scripts/training/train_unified.py:349: FutureWarning: `torch.cuda.amp.autocast(args...)` is deprecated. Please use `torch.amp.autocast('cuda', args...)` instead.
  with autocast(enabled=use_amp):
 Iter-09 | MAE=1.041 | MAPE=1.41%
/data/quyhv/oil_forecast_tail_risk/scripts/training/train_unified.py:290: FutureWarning: `torch.cuda.amp.GradScaler(args...)` is deprecated. Please use `torch.amp.GradScaler('cuda', args...)` instead.
  scaler = GradScaler(enabled=use_amp)
/data/quyhv/oil_forecast_tail_risk/scripts/training/train_unified.py:309: FutureWarning: `torch.cuda.amp.autocast(args...)` is deprecated. Please use `torch.amp.autocast('cuda', args...)` instead.
  with autocast(enabled=use_amp):
/data/quyhv/oil_forecast_tail_risk/scripts/training/train_unified.py:349: FutureWarning: `torch.cuda.amp.autocast(args...)` is deprecated. Please use `torch.amp.autocast('cuda', args...)` instead.
  with autocast(enabled=use_amp):
 Iter-10 | MAE=0.859 | MAPE=1.16%
/data/quyhv/oil_forecast_tail_risk/scripts/training/train_unified.py:290: FutureWarning: `torch.cuda.amp.GradScaler(args...)` is deprecated. Please use `torch.amp.GradScaler('cuda', args...)` instead.
  scaler = GradScaler(enabled=use_amp)
/data/quyhv/oil_forecast_tail_risk/scripts/training/train_unified.py:309: FutureWarning: `torch.cuda.amp.autocast(args...)` is deprecated. Please use `torch.amp.autocast('cuda', args...)` instead.
  with autocast(enabled=use_amp):
/data/quyhv/oil_forecast_tail_risk/scripts/training/train_unified.py:349: FutureWarning: `torch.cuda.amp.autocast(args...)` is deprecated. Please use `torch.amp.autocast('cuda', args...)` instead.
  with autocast(enabled=use_amp):
 Iter-11 | MAE=0.298 | MAPE=0.40%
/data/quyhv/oil_forecast_tail_risk/scripts/training/train_unified.py:290: FutureWarning: `torch.cuda.amp.GradScaler(args...)` is deprecated. Please use `torch.amp.GradScaler('cuda', args...)` instead.
  scaler = GradScaler(enabled=use_amp)
/data/quyhv/oil_forecast_tail_risk/scripts/training/train_unified.py:309: FutureWarning: `torch.cuda.amp.autocast(args...)` is deprecated. Please use `torch.amp.autocast('cuda', args...)` instead.
  with autocast(enabled=use_amp):
/data/quyhv/oil_forecast_tail_risk/scripts/training/train_unified.py:349: FutureWarning: `torch.cuda.amp.autocast(args...)` is deprecated. Please use `torch.amp.autocast('cuda', args...)` instead.
  with autocast(enabled=use_amp):
 Iter-12 | MAE=0.651 | MAPE=0.89%
/data/quyhv/oil_forecast_tail_risk/scripts/training/train_unified.py:290: FutureWarning: `torch.cuda.amp.GradScaler(args...)` is deprecated. Please use `torch.amp.GradScaler('cuda', args...)` instead.
  scaler = GradScaler(enabled=use_amp)
/data/quyhv/oil_forecast_tail_risk/scripts/training/train_unified.py:309: FutureWarning: `torch.cuda.amp.autocast(args...)` is deprecated. Please use `torch.amp.autocast('cuda', args...)` instead.
  with autocast(enabled=use_amp):
/data/quyhv/oil_forecast_tail_risk/scripts/training/train_unified.py:349: FutureWarning: `torch.cuda.amp.autocast(args...)` is deprecated. Please use `torch.amp.autocast('cuda', args...)` instead.
  with autocast(enabled=use_amp):
 Iter-13 | MAE=0.659 | MAPE=0.91%
/data/quyhv/oil_forecast_tail_risk/scripts/training/train_unified.py:290: FutureWarning: `torch.cuda.amp.GradScaler(args...)` is deprecated. Please use `torch.amp.GradScaler('cuda', args...)` instead.
  scaler = GradScaler(enabled=use_amp)
/data/quyhv/oil_forecast_tail_risk/scripts/training/train_unified.py:309: FutureWarning: `torch.cuda.amp.autocast(args...)` is deprecated. Please use `torch.amp.autocast('cuda', args...)` instead.
  with autocast(enabled=use_amp):
/data/quyhv/oil_forecast_tail_risk/scripts/training/train_unified.py:349: FutureWarning: `torch.cuda.amp.autocast(args...)` is deprecated. Please use `torch.amp.autocast('cuda', args...)` instead.
  with autocast(enabled=use_amp):
 Iter-14 | MAE=0.189 | MAPE=0.26%
/data/quyhv/oil_forecast_tail_risk/scripts/training/train_unified.py:290: FutureWarning: `torch.cuda.amp.GradScaler(args...)` is deprecated. Please use `torch.amp.GradScaler('cuda', args...)` instead.
  scaler = GradScaler(enabled=use_amp)
/data/quyhv/oil_forecast_tail_risk/scripts/training/train_unified.py:309: FutureWarning: `torch.cuda.amp.autocast(args...)` is deprecated. Please use `torch.amp.autocast('cuda', args...)` instead.
  with autocast(enabled=use_amp):
/data/quyhv/oil_forecast_tail_risk/scripts/training/train_unified.py:349: FutureWarning: `torch.cuda.amp.autocast(args...)` is deprecated. Please use `torch.amp.autocast('cuda', args...)` instead.
  with autocast(enabled=use_amp):
 Iter-15 | MAE=0.251 | MAPE=0.35%
/data/quyhv/oil_forecast_tail_risk/scripts/training/train_unified.py:290: FutureWarning: `torch.cuda.amp.GradScaler(args...)` is deprecated. Please use `torch.amp.GradScaler('cuda', args...)` instead.
  scaler = GradScaler(enabled=use_amp)
/data/quyhv/oil_forecast_tail_risk/scripts/training/train_unified.py:309: FutureWarning: `torch.cuda.amp.autocast(args...)` is deprecated. Please use `torch.amp.autocast('cuda', args...)` instead.
  with autocast(enabled=use_amp):
/data/quyhv/oil_forecast_tail_risk/scripts/training/train_unified.py:349: FutureWarning: `torch.cuda.amp.autocast(args...)` is deprecated. Please use `torch.amp.autocast('cuda', args...)` instead.
  with autocast(enabled=use_amp):
 Iter-16 | MAE=0.440 | MAPE=0.60%
/data/quyhv/oil_forecast_tail_risk/scripts/training/train_unified.py:290: FutureWarning: `torch.cuda.amp.GradScaler(args...)` is deprecated. Please use `torch.amp.GradScaler('cuda', args...)` instead.
  scaler = GradScaler(enabled=use_amp)
/data/quyhv/oil_forecast_tail_risk/scripts/training/train_unified.py:309: FutureWarning: `torch.cuda.amp.autocast(args...)` is deprecated. Please use `torch.amp.autocast('cuda', args...)` instead.
  with autocast(enabled=use_amp):
/data/quyhv/oil_forecast_tail_risk/scripts/training/train_unified.py:349: FutureWarning: `torch.cuda.amp.autocast(args...)` is deprecated. Please use `torch.amp.autocast('cuda', args...)` instead.
  with autocast(enabled=use_amp):
 Iter-17 | MAE=0.536 | MAPE=0.74%
/data/quyhv/oil_forecast_tail_risk/scripts/training/train_unified.py:290: FutureWarning: `torch.cuda.amp.GradScaler(args...)` is deprecated. Please use `torch.amp.GradScaler('cuda', args...)` instead.
  scaler = GradScaler(enabled=use_amp)
/data/quyhv/oil_forecast_tail_risk/scripts/training/train_unified.py:309: FutureWarning: `torch.cuda.amp.autocast(args...)` is deprecated. Please use `torch.amp.autocast('cuda', args...)` instead.
  with autocast(enabled=use_amp):
/data/quyhv/oil_forecast_tail_risk/scripts/training/train_unified.py:349: FutureWarning: `torch.cuda.amp.autocast(args...)` is deprecated. Please use `torch.amp.autocast('cuda', args...)` instead.
  with autocast(enabled=use_amp):
 Iter-18 | MAE=1.418 | MAPE=2.00%
/data/quyhv/oil_forecast_tail_risk/scripts/training/train_unified.py:290: FutureWarning: `torch.cuda.amp.GradScaler(args...)` is deprecated. Please use `torch.amp.GradScaler('cuda', args...)` instead.
  scaler = GradScaler(enabled=use_amp)
/data/quyhv/oil_forecast_tail_risk/scripts/training/train_unified.py:309: FutureWarning: `torch.cuda.amp.autocast(args...)` is deprecated. Please use `torch.amp.autocast('cuda', args...)` instead.
  with autocast(enabled=use_amp):
/data/quyhv/oil_forecast_tail_risk/scripts/training/train_unified.py:349: FutureWarning: `torch.cuda.amp.autocast(args...)` is deprecated. Please use `torch.amp.autocast('cuda', args...)` instead.
  with autocast(enabled=use_amp):
 Iter-19 | MAE=0.150 | MAPE=0.21%
/data/quyhv/oil_forecast_tail_risk/scripts/training/train_unified.py:290: FutureWarning: `torch.cuda.amp.GradScaler(args...)` is deprecated. Please use `torch.amp.GradScaler('cuda', args...)` instead.
  scaler = GradScaler(enabled=use_amp)
/data/quyhv/oil_forecast_tail_risk/scripts/training/train_unified.py:309: FutureWarning: `torch.cuda.amp.autocast(args...)` is deprecated. Please use `torch.amp.autocast('cuda', args...)` instead.
  with autocast(enabled=use_amp):
/data/quyhv/oil_forecast_tail_risk/scripts/training/train_unified.py:349: FutureWarning: `torch.cuda.amp.autocast(args...)` is deprecated. Please use `torch.amp.autocast('cuda', args...)` instead.
  with autocast(enabled=use_amp):
 Iter-20 | MAE=0.783 | MAPE=1.12%
/data/quyhv/oil_forecast_tail_risk/scripts/training/train_unified.py:290: FutureWarning: `torch.cuda.amp.GradScaler(args...)` is deprecated. Please use `torch.amp.GradScaler('cuda', args...)` instead.
  scaler = GradScaler(enabled=use_amp)
/data/quyhv/oil_forecast_tail_risk/scripts/training/train_unified.py:309: FutureWarning: `torch.cuda.amp.autocast(args...)` is deprecated. Please use `torch.amp.autocast('cuda', args...)` instead.
  with autocast(enabled=use_amp):
/data/quyhv/oil_forecast_tail_risk/scripts/training/train_unified.py:349: FutureWarning: `torch.cuda.amp.autocast(args...)` is deprecated. Please use `torch.amp.autocast('cuda', args...)` instead.
  with autocast(enabled=use_amp):
 Iter-21 | MAE=1.117 | MAPE=1.58%
/data/quyhv/oil_forecast_tail_risk/scripts/training/train_unified.py:290: FutureWarning: `torch.cuda.amp.GradScaler(args...)` is deprecated. Please use `torch.amp.GradScaler('cuda', args...)` instead.
  scaler = GradScaler(enabled=use_amp)
/data/quyhv/oil_forecast_tail_risk/scripts/training/train_unified.py:309: FutureWarning: `torch.cuda.amp.autocast(args...)` is deprecated. Please use `torch.amp.autocast('cuda', args...)` instead.
  with autocast(enabled=use_amp):
/data/quyhv/oil_forecast_tail_risk/scripts/training/train_unified.py:349: FutureWarning: `torch.cuda.amp.autocast(args...)` is deprecated. Please use `torch.amp.autocast('cuda', args...)` instead.
  with autocast(enabled=use_amp):
 Iter-22 | MAE=0.655 | MAPE=0.90%
/data/quyhv/oil_forecast_tail_risk/scripts/training/train_unified.py:290: FutureWarning: `torch.cuda.amp.GradScaler(args...)` is deprecated. Please use `torch.amp.GradScaler('cuda', args...)` instead.
  scaler = GradScaler(enabled=use_amp)
/data/quyhv/oil_forecast_tail_risk/scripts/training/train_unified.py:309: FutureWarning: `torch.cuda.amp.autocast(args...)` is deprecated. Please use `torch.amp.autocast('cuda', args...)` instead.
  with autocast(enabled=use_amp):
/data/quyhv/oil_forecast_tail_risk/scripts/training/train_unified.py:349: FutureWarning: `torch.cuda.amp.autocast(args...)` is deprecated. Please use `torch.amp.autocast('cuda', args...)` instead.
  with autocast(enabled=use_amp):
 Iter-23 | MAE=0.989 | MAPE=1.37%
/data/quyhv/oil_forecast_tail_risk/scripts/training/train_unified.py:290: FutureWarning: `torch.cuda.amp.GradScaler(args...)` is deprecated. Please use `torch.amp.GradScaler('cuda', args...)` instead.
  scaler = GradScaler(enabled=use_amp)
/data/quyhv/oil_forecast_tail_risk/scripts/training/train_unified.py:309: FutureWarning: `torch.cuda.amp.autocast(args...)` is deprecated. Please use `torch.amp.autocast('cuda', args...)` instead.
  with autocast(enabled=use_amp):
/data/quyhv/oil_forecast_tail_risk/scripts/training/train_unified.py:349: FutureWarning: `torch.cuda.amp.autocast(args...)` is deprecated. Please use `torch.amp.autocast('cuda', args...)` instead.
  with autocast(enabled=use_amp):
 Iter-24 | MAE=0.246 | MAPE=0.34%
/data/quyhv/oil_forecast_tail_risk/scripts/training/train_unified.py:290: FutureWarning: `torch.cuda.amp.GradScaler(args...)` is deprecated. Please use `torch.amp.GradScaler('cuda', args...)` instead.
  scaler = GradScaler(enabled=use_amp)
/data/quyhv/oil_forecast_tail_risk/scripts/training/train_unified.py:309: FutureWarning: `torch.cuda.amp.autocast(args...)` is deprecated. Please use `torch.amp.autocast('cuda', args...)` instead.
  with autocast(enabled=use_amp):
/data/quyhv/oil_forecast_tail_risk/scripts/training/train_unified.py:349: FutureWarning: `torch.cuda.amp.autocast(args...)` is deprecated. Please use `torch.amp.autocast('cuda', args...)` instead.
  with autocast(enabled=use_amp):
 Iter-25 | MAE=1.544 | MAPE=2.13%
/data/quyhv/oil_forecast_tail_risk/scripts/training/train_unified.py:290: FutureWarning: `torch.cuda.amp.GradScaler(args...)` is deprecated. Please use `torch.amp.GradScaler('cuda', args...)` instead.
  scaler = GradScaler(enabled=use_amp)
/data/quyhv/oil_forecast_tail_risk/scripts/training/train_unified.py:309: FutureWarning: `torch.cuda.amp.autocast(args...)` is deprecated. Please use `torch.amp.autocast('cuda', args...)` instead.
  with autocast(enabled=use_amp):
/data/quyhv/oil_forecast_tail_risk/scripts/training/train_unified.py:349: FutureWarning: `torch.cuda.amp.autocast(args...)` is deprecated. Please use `torch.amp.autocast('cuda', args...)` instead.
  with autocast(enabled=use_amp):
 Iter-26 | MAE=1.765 | MAPE=2.45%
/data/quyhv/oil_forecast_tail_risk/scripts/training/train_unified.py:290: FutureWarning: `torch.cuda.amp.GradScaler(args...)` is deprecated. Please use `torch.amp.GradScaler('cuda', args...)` instead.
  scaler = GradScaler(enabled=use_amp)
/data/quyhv/oil_forecast_tail_risk/scripts/training/train_unified.py:309: FutureWarning: `torch.cuda.amp.autocast(args...)` is deprecated. Please use `torch.amp.autocast('cuda', args...)` instead.
  with autocast(enabled=use_amp):
/data/quyhv/oil_forecast_tail_risk/scripts/training/train_unified.py:349: FutureWarning: `torch.cuda.amp.autocast(args...)` is deprecated. Please use `torch.amp.autocast('cuda', args...)` instead.
  with autocast(enabled=use_amp):
 Iter-27 | MAE=0.336 | MAPE=0.47%
/data/quyhv/oil_forecast_tail_risk/scripts/training/train_unified.py:290: FutureWarning: `torch.cuda.amp.GradScaler(args...)` is deprecated. Please use `torch.amp.GradScaler('cuda', args...)` instead.
  scaler = GradScaler(enabled=use_amp)
/data/quyhv/oil_forecast_tail_risk/scripts/training/train_unified.py:309: FutureWarning: `torch.cuda.amp.autocast(args...)` is deprecated. Please use `torch.amp.autocast('cuda', args...)` instead.
  with autocast(enabled=use_amp):
/data/quyhv/oil_forecast_tail_risk/scripts/training/train_unified.py:349: FutureWarning: `torch.cuda.amp.autocast(args...)` is deprecated. Please use `torch.amp.autocast('cuda', args...)` instead.
  with autocast(enabled=use_amp):
 Iter-28 | MAE=0.318 | MAPE=0.45%
/data/quyhv/oil_forecast_tail_risk/scripts/training/train_unified.py:290: FutureWarning: `torch.cuda.amp.GradScaler(args...)` is deprecated. Please use `torch.amp.GradScaler('cuda', args...)` instead.
  scaler = GradScaler(enabled=use_amp)
/data/quyhv/oil_forecast_tail_risk/scripts/training/train_unified.py:309: FutureWarning: `torch.cuda.amp.autocast(args...)` is deprecated. Please use `torch.amp.autocast('cuda', args...)` instead.
  with autocast(enabled=use_amp):
/data/quyhv/oil_forecast_tail_risk/scripts/training/train_unified.py:349: FutureWarning: `torch.cuda.amp.autocast(args...)` is deprecated. Please use `torch.amp.autocast('cuda', args...)` instead.
  with autocast(enabled=use_amp):
 Iter-29 | MAE=0.665 | MAPE=0.93%
/data/quyhv/oil_forecast_tail_risk/scripts/training/train_unified.py:290: FutureWarning: `torch.cuda.amp.GradScaler(args...)` is deprecated. Please use `torch.amp.GradScaler('cuda', args...)` instead.
  scaler = GradScaler(enabled=use_amp)
/data/quyhv/oil_forecast_tail_risk/scripts/training/train_unified.py:309: FutureWarning: `torch.cuda.amp.autocast(args...)` is deprecated. Please use `torch.amp.autocast('cuda', args...)` instead.
  with autocast(enabled=use_amp):
/data/quyhv/oil_forecast_tail_risk/scripts/training/train_unified.py:349: FutureWarning: `torch.cuda.amp.autocast(args...)` is deprecated. Please use `torch.amp.autocast('cuda', args...)` instead.
  with autocast(enabled=use_amp):
 Iter-30 | MAE=0.391 | MAPE=0.54%
/data/quyhv/oil_forecast_tail_risk/scripts/training/train_unified.py:290: FutureWarning: `torch.cuda.amp.GradScaler(args...)` is deprecated. Please use `torch.amp.GradScaler('cuda', args...)` instead.
  scaler = GradScaler(enabled=use_amp)
/data/quyhv/oil_forecast_tail_risk/scripts/training/train_unified.py:309: FutureWarning: `torch.cuda.amp.autocast(args...)` is deprecated. Please use `torch.amp.autocast('cuda', args...)` instead.
  with autocast(enabled=use_amp):
/data/quyhv/oil_forecast_tail_risk/scripts/training/train_unified.py:349: FutureWarning: `torch.cuda.amp.autocast(args...)` is deprecated. Please use `torch.amp.autocast('cuda', args...)` instead.
  with autocast(enabled=use_amp):
 Iter-31 | MAE=0.489 | MAPE=0.67%
/data/quyhv/oil_forecast_tail_risk/scripts/training/train_unified.py:290: FutureWarning: `torch.cuda.amp.GradScaler(args...)` is deprecated. Please use `torch.amp.GradScaler('cuda', args...)` instead.
  scaler = GradScaler(enabled=use_amp)
/data/quyhv/oil_forecast_tail_risk/scripts/training/train_unified.py:309: FutureWarning: `torch.cuda.amp.autocast(args...)` is deprecated. Please use `torch.amp.autocast('cuda', args...)` instead.
  with autocast(enabled=use_amp):
/data/quyhv/oil_forecast_tail_risk/scripts/training/train_unified.py:349: FutureWarning: `torch.cuda.amp.autocast(args...)` is deprecated. Please use `torch.amp.autocast('cuda', args...)` instead.
  with autocast(enabled=use_amp):
 Iter-32 | MAE=0.667 | MAPE=0.92%
/data/quyhv/oil_forecast_tail_risk/scripts/training/train_unified.py:290: FutureWarning: `torch.cuda.amp.GradScaler(args...)` is deprecated. Please use `torch.amp.GradScaler('cuda', args...)` instead.
  scaler = GradScaler(enabled=use_amp)
/data/quyhv/oil_forecast_tail_risk/scripts/training/train_unified.py:309: FutureWarning: `torch.cuda.amp.autocast(args...)` is deprecated. Please use `torch.amp.autocast('cuda', args...)` instead.
  with autocast(enabled=use_amp):
/data/quyhv/oil_forecast_tail_risk/scripts/training/train_unified.py:349: FutureWarning: `torch.cuda.amp.autocast(args...)` is deprecated. Please use `torch.amp.autocast('cuda', args...)` instead.
  with autocast(enabled=use_amp):
 Iter-33 | MAE=1.032 | MAPE=1.41%
/data/quyhv/oil_forecast_tail_risk/scripts/training/train_unified.py:290: FutureWarning: `torch.cuda.amp.GradScaler(args...)` is deprecated. Please use `torch.amp.GradScaler('cuda', args...)` instead.
  scaler = GradScaler(enabled=use_amp)
/data/quyhv/oil_forecast_tail_risk/scripts/training/train_unified.py:309: FutureWarning: `torch.cuda.amp.autocast(args...)` is deprecated. Please use `torch.amp.autocast('cuda', args...)` instead.
  with autocast(enabled=use_amp):
/data/quyhv/oil_forecast_tail_risk/scripts/training/train_unified.py:349: FutureWarning: `torch.cuda.amp.autocast(args...)` is deprecated. Please use `torch.amp.autocast('cuda', args...)` instead.
  with autocast(enabled=use_amp):
 Iter-34 | MAE=1.158 | MAPE=1.62%
/data/quyhv/oil_forecast_tail_risk/scripts/training/train_unified.py:290: FutureWarning: `torch.cuda.amp.GradScaler(args...)` is deprecated. Please use `torch.amp.GradScaler('cuda', args...)` instead.
  scaler = GradScaler(enabled=use_amp)
/data/quyhv/oil_forecast_tail_risk/scripts/training/train_unified.py:309: FutureWarning: `torch.cuda.amp.autocast(args...)` is deprecated. Please use `torch.amp.autocast('cuda', args...)` instead.
  with autocast(enabled=use_amp):
/data/quyhv/oil_forecast_tail_risk/scripts/training/train_unified.py:349: FutureWarning: `torch.cuda.amp.autocast(args...)` is deprecated. Please use `torch.amp.autocast('cuda', args...)` instead.
  with autocast(enabled=use_amp):
 Iter-35 | MAE=0.456 | MAPE=0.62%
/data/quyhv/oil_forecast_tail_risk/scripts/training/train_unified.py:290: FutureWarning: `torch.cuda.amp.GradScaler(args...)` is deprecated. Please use `torch.amp.GradScaler('cuda', args...)` instead.
  scaler = GradScaler(enabled=use_amp)
/data/quyhv/oil_forecast_tail_risk/scripts/training/train_unified.py:309: FutureWarning: `torch.cuda.amp.autocast(args...)` is deprecated. Please use `torch.amp.autocast('cuda', args...)` instead.
  with autocast(enabled=use_amp):
/data/quyhv/oil_forecast_tail_risk/scripts/training/train_unified.py:349: FutureWarning: `torch.cuda.amp.autocast(args...)` is deprecated. Please use `torch.amp.autocast('cuda', args...)` instead.
  with autocast(enabled=use_amp):
 Iter-36 | MAE=0.747 | MAPE=1.00%
/data/quyhv/oil_forecast_tail_risk/scripts/training/train_unified.py:290: FutureWarning: `torch.cuda.amp.GradScaler(args...)` is deprecated. Please use `torch.amp.GradScaler('cuda', args...)` instead.
  scaler = GradScaler(enabled=use_amp)
/data/quyhv/oil_forecast_tail_risk/scripts/training/train_unified.py:309: FutureWarning: `torch.cuda.amp.autocast(args...)` is deprecated. Please use `torch.amp.autocast('cuda', args...)` instead.
  with autocast(enabled=use_amp):
/data/quyhv/oil_forecast_tail_risk/scripts/training/train_unified.py:349: FutureWarning: `torch.cuda.amp.autocast(args...)` is deprecated. Please use `torch.amp.autocast('cuda', args...)` instead.
  with autocast(enabled=use_amp):
 Iter-37 | MAE=0.995 | MAPE=1.34%
/data/quyhv/oil_forecast_tail_risk/scripts/training/train_unified.py:290: FutureWarning: `torch.cuda.amp.GradScaler(args...)` is deprecated. Please use `torch.amp.GradScaler('cuda', args...)` instead.
  scaler = GradScaler(enabled=use_amp)
/data/quyhv/oil_forecast_tail_risk/scripts/training/train_unified.py:309: FutureWarning: `torch.cuda.amp.autocast(args...)` is deprecated. Please use `torch.amp.autocast('cuda', args...)` instead.
  with autocast(enabled=use_amp):
/data/quyhv/oil_forecast_tail_risk/scripts/training/train_unified.py:349: FutureWarning: `torch.cuda.amp.autocast(args...)` is deprecated. Please use `torch.amp.autocast('cuda', args...)` instead.
  with autocast(enabled=use_amp):
 Iter-38 | MAE=3.414 | MAPE=4.76%
/data/quyhv/oil_forecast_tail_risk/scripts/training/train_unified.py:290: FutureWarning: `torch.cuda.amp.GradScaler(args...)` is deprecated. Please use `torch.amp.GradScaler('cuda', args...)` instead.
  scaler = GradScaler(enabled=use_amp)
/data/quyhv/oil_forecast_tail_risk/scripts/training/train_unified.py:309: FutureWarning: `torch.cuda.amp.autocast(args...)` is deprecated. Please use `torch.amp.autocast('cuda', args...)` instead.
  with autocast(enabled=use_amp):
/data/quyhv/oil_forecast_tail_risk/scripts/training/train_unified.py:349: FutureWarning: `torch.cuda.amp.autocast(args...)` is deprecated. Please use `torch.amp.autocast('cuda', args...)` instead.
  with autocast(enabled=use_amp):
 Iter-39 | MAE=2.461 | MAPE=3.42%
/data/quyhv/oil_forecast_tail_risk/scripts/training/train_unified.py:290: FutureWarning: `torch.cuda.amp.GradScaler(args...)` is deprecated. Please use `torch.amp.GradScaler('cuda', args...)` instead.
  scaler = GradScaler(enabled=use_amp)
/data/quyhv/oil_forecast_tail_risk/scripts/training/train_unified.py:309: FutureWarning: `torch.cuda.amp.autocast(args...)` is deprecated. Please use `torch.amp.autocast('cuda', args...)` instead.
  with autocast(enabled=use_amp):
/data/quyhv/oil_forecast_tail_risk/scripts/training/train_unified.py:349: FutureWarning: `torch.cuda.amp.autocast(args...)` is deprecated. Please use `torch.amp.autocast('cuda', args...)` instead.
  with autocast(enabled=use_amp):
 Iter-40 | MAE=1.171 | MAPE=1.59%
/data/quyhv/oil_forecast_tail_risk/scripts/training/train_unified.py:290: FutureWarning: `torch.cuda.amp.GradScaler(args...)` is deprecated. Please use `torch.amp.GradScaler('cuda', args...)` instead.
  scaler = GradScaler(enabled=use_amp)
/data/quyhv/oil_forecast_tail_risk/scripts/training/train_unified.py:309: FutureWarning: `torch.cuda.amp.autocast(args...)` is deprecated. Please use `torch.amp.autocast('cuda', args...)` instead.
  with autocast(enabled=use_amp):
/data/quyhv/oil_forecast_tail_risk/scripts/training/train_unified.py:349: FutureWarning: `torch.cuda.amp.autocast(args...)` is deprecated. Please use `torch.amp.autocast('cuda', args...)` instead.
  with autocast(enabled=use_amp):
 Iter-41 | MAE=0.415 | MAPE=0.56%
/data/quyhv/oil_forecast_tail_risk/scripts/training/train_unified.py:290: FutureWarning: `torch.cuda.amp.GradScaler(args...)` is deprecated. Please use `torch.amp.GradScaler('cuda', args...)` instead.
  scaler = GradScaler(enabled=use_amp)
/data/quyhv/oil_forecast_tail_risk/scripts/training/train_unified.py:309: FutureWarning: `torch.cuda.amp.autocast(args...)` is deprecated. Please use `torch.amp.autocast('cuda', args...)` instead.
  with autocast(enabled=use_amp):
/data/quyhv/oil_forecast_tail_risk/scripts/training/train_unified.py:349: FutureWarning: `torch.cuda.amp.autocast(args...)` is deprecated. Please use `torch.amp.autocast('cuda', args...)` instead.
  with autocast(enabled=use_amp):
 Iter-42 | MAE=0.758 | MAPE=1.02%
/data/quyhv/oil_forecast_tail_risk/scripts/training/train_unified.py:290: FutureWarning: `torch.cuda.amp.GradScaler(args...)` is deprecated. Please use `torch.amp.GradScaler('cuda', args...)` instead.
  scaler = GradScaler(enabled=use_amp)
/data/quyhv/oil_forecast_tail_risk/scripts/training/train_unified.py:309: FutureWarning: `torch.cuda.amp.autocast(args...)` is deprecated. Please use `torch.amp.autocast('cuda', args...)` instead.
  with autocast(enabled=use_amp):
/data/quyhv/oil_forecast_tail_risk/scripts/training/train_unified.py:349: FutureWarning: `torch.cuda.amp.autocast(args...)` is deprecated. Please use `torch.amp.autocast('cuda', args...)` instead.
  with autocast(enabled=use_amp):
 Iter-43 | MAE=1.071 | MAPE=1.41%
/data/quyhv/oil_forecast_tail_risk/scripts/training/train_unified.py:290: FutureWarning: `torch.cuda.amp.GradScaler(args...)` is deprecated. Please use `torch.amp.GradScaler('cuda', args...)` instead.
  scaler = GradScaler(enabled=use_amp)
/data/quyhv/oil_forecast_tail_risk/scripts/training/train_unified.py:309: FutureWarning: `torch.cuda.amp.autocast(args...)` is deprecated. Please use `torch.amp.autocast('cuda', args...)` instead.
  with autocast(enabled=use_amp):
/data/quyhv/oil_forecast_tail_risk/scripts/training/train_unified.py:349: FutureWarning: `torch.cuda.amp.autocast(args...)` is deprecated. Please use `torch.amp.autocast('cuda', args...)` instead.
  with autocast(enabled=use_amp):
 Iter-44 | MAE=1.214 | MAPE=1.57%
/data/quyhv/oil_forecast_tail_risk/scripts/training/train_unified.py:290: FutureWarning: `torch.cuda.amp.GradScaler(args...)` is deprecated. Please use `torch.amp.GradScaler('cuda', args...)` instead.
  scaler = GradScaler(enabled=use_amp)
/data/quyhv/oil_forecast_tail_risk/scripts/training/train_unified.py:309: FutureWarning: `torch.cuda.amp.autocast(args...)` is deprecated. Please use `torch.amp.autocast('cuda', args...)` instead.
  with autocast(enabled=use_amp):
/data/quyhv/oil_forecast_tail_risk/scripts/training/train_unified.py:349: FutureWarning: `torch.cuda.amp.autocast(args...)` is deprecated. Please use `torch.amp.autocast('cuda', args...)` instead.
  with autocast(enabled=use_amp):
 Iter-45 | MAE=0.358 | MAPE=0.47%
/data/quyhv/oil_forecast_tail_risk/scripts/training/train_unified.py:290: FutureWarning: `torch.cuda.amp.GradScaler(args...)` is deprecated. Please use `torch.amp.GradScaler('cuda', args...)` instead.
  scaler = GradScaler(enabled=use_amp)
/data/quyhv/oil_forecast_tail_risk/scripts/training/train_unified.py:309: FutureWarning: `torch.cuda.amp.autocast(args...)` is deprecated. Please use `torch.amp.autocast('cuda', args...)` instead.
  with autocast(enabled=use_amp):
/data/quyhv/oil_forecast_tail_risk/scripts/training/train_unified.py:349: FutureWarning: `torch.cuda.amp.autocast(args...)` is deprecated. Please use `torch.amp.autocast('cuda', args...)` instead.
  with autocast(enabled=use_amp):
 Iter-46 | MAE=1.031 | MAPE=1.36%
/data/quyhv/oil_forecast_tail_risk/scripts/training/train_unified.py:290: FutureWarning: `torch.cuda.amp.GradScaler(args...)` is deprecated. Please use `torch.amp.GradScaler('cuda', args...)` instead.
  scaler = GradScaler(enabled=use_amp)
/data/quyhv/oil_forecast_tail_risk/scripts/training/train_unified.py:309: FutureWarning: `torch.cuda.amp.autocast(args...)` is deprecated. Please use `torch.amp.autocast('cuda', args...)` instead.
  with autocast(enabled=use_amp):
/data/quyhv/oil_forecast_tail_risk/scripts/training/train_unified.py:349: FutureWarning: `torch.cuda.amp.autocast(args...)` is deprecated. Please use `torch.amp.autocast('cuda', args...)` instead.
  with autocast(enabled=use_amp):
 Iter-47 | MAE=2.303 | MAPE=3.17%
/data/quyhv/oil_forecast_tail_risk/scripts/training/train_unified.py:290: FutureWarning: `torch.cuda.amp.GradScaler(args...)` is deprecated. Please use `torch.amp.GradScaler('cuda', args...)` instead.
  scaler = GradScaler(enabled=use_amp)
/data/quyhv/oil_forecast_tail_risk/scripts/training/train_unified.py:309: FutureWarning: `torch.cuda.amp.autocast(args...)` is deprecated. Please use `torch.amp.autocast('cuda', args...)` instead.
  with autocast(enabled=use_amp):
/data/quyhv/oil_forecast_tail_risk/scripts/training/train_unified.py:349: FutureWarning: `torch.cuda.amp.autocast(args...)` is deprecated. Please use `torch.amp.autocast('cuda', args...)` instead.
  with autocast(enabled=use_amp):
 Iter-48 | MAE=0.339 | MAPE=0.46%
/data/quyhv/oil_forecast_tail_risk/scripts/training/train_unified.py:290: FutureWarning: `torch.cuda.amp.GradScaler(args...)` is deprecated. Please use `torch.amp.GradScaler('cuda', args...)` instead.
  scaler = GradScaler(enabled=use_amp)
/data/quyhv/oil_forecast_tail_risk/scripts/training/train_unified.py:309: FutureWarning: `torch.cuda.amp.autocast(args...)` is deprecated. Please use `torch.amp.autocast('cuda', args...)` instead.
  with autocast(enabled=use_amp):
/data/quyhv/oil_forecast_tail_risk/scripts/training/train_unified.py:349: FutureWarning: `torch.cuda.amp.autocast(args...)` is deprecated. Please use `torch.amp.autocast('cuda', args...)` instead.
  with autocast(enabled=use_amp):
 Iter-49 | MAE=0.564 | MAPE=0.78%
/data/quyhv/oil_forecast_tail_risk/scripts/training/train_unified.py:290: FutureWarning: `torch.cuda.amp.GradScaler(args...)` is deprecated. Please use `torch.amp.GradScaler('cuda', args...)` instead.
  scaler = GradScaler(enabled=use_amp)
/data/quyhv/oil_forecast_tail_risk/scripts/training/train_unified.py:309: FutureWarning: `torch.cuda.amp.autocast(args...)` is deprecated. Please use `torch.amp.autocast('cuda', args...)` instead.
  with autocast(enabled=use_amp):
/data/quyhv/oil_forecast_tail_risk/scripts/training/train_unified.py:349: FutureWarning: `torch.cuda.amp.autocast(args...)` is deprecated. Please use `torch.amp.autocast('cuda', args...)` instead.
  with autocast(enabled=use_amp):
 Iter-50 | MAE=0.458 | MAPE=0.63%
/data/quyhv/oil_forecast_tail_risk/scripts/training/train_unified.py:290: FutureWarning: `torch.cuda.amp.GradScaler(args...)` is deprecated. Please use `torch.amp.GradScaler('cuda', args...)` instead.
  scaler = GradScaler(enabled=use_amp)
/data/quyhv/oil_forecast_tail_risk/scripts/training/train_unified.py:309: FutureWarning: `torch.cuda.amp.autocast(args...)` is deprecated. Please use `torch.amp.autocast('cuda', args...)` instead.
  with autocast(enabled=use_amp):
/data/quyhv/oil_forecast_tail_risk/scripts/training/train_unified.py:349: FutureWarning: `torch.cuda.amp.autocast(args...)` is deprecated. Please use `torch.amp.autocast('cuda', args...)` instead.
  with autocast(enabled=use_amp):
 Iter-51 | MAE=2.542 | MAPE=3.30%
/data/quyhv/oil_forecast_tail_risk/scripts/training/train_unified.py:290: FutureWarning: `torch.cuda.amp.GradScaler(args...)` is deprecated. Please use `torch.amp.GradScaler('cuda', args...)` instead.
  scaler = GradScaler(enabled=use_amp)
/data/quyhv/oil_forecast_tail_risk/scripts/training/train_unified.py:309: FutureWarning: `torch.cuda.amp.autocast(args...)` is deprecated. Please use `torch.amp.autocast('cuda', args...)` instead.
  with autocast(enabled=use_amp):
/data/quyhv/oil_forecast_tail_risk/scripts/training/train_unified.py:349: FutureWarning: `torch.cuda.amp.autocast(args...)` is deprecated. Please use `torch.amp.autocast('cuda', args...)` instead.
  with autocast(enabled=use_amp):
 Iter-52 | MAE=1.413 | MAPE=1.79%
/data/quyhv/oil_forecast_tail_risk/scripts/training/train_unified.py:290: FutureWarning: `torch.cuda.amp.GradScaler(args...)` is deprecated. Please use `torch.amp.GradScaler('cuda', args...)` instead.
  scaler = GradScaler(enabled=use_amp)
/data/quyhv/oil_forecast_tail_risk/scripts/training/train_unified.py:309: FutureWarning: `torch.cuda.amp.autocast(args...)` is deprecated. Please use `torch.amp.autocast('cuda', args...)` instead.
  with autocast(enabled=use_amp):
/data/quyhv/oil_forecast_tail_risk/scripts/training/train_unified.py:349: FutureWarning: `torch.cuda.amp.autocast(args...)` is deprecated. Please use `torch.amp.autocast('cuda', args...)` instead.
  with autocast(enabled=use_amp):
 Iter-53 | MAE=0.257 | MAPE=0.33%
/data/quyhv/oil_forecast_tail_risk/scripts/training/train_unified.py:290: FutureWarning: `torch.cuda.amp.GradScaler(args...)` is deprecated. Please use `torch.amp.GradScaler('cuda', args...)` instead.
  scaler = GradScaler(enabled=use_amp)
/data/quyhv/oil_forecast_tail_risk/scripts/training/train_unified.py:309: FutureWarning: `torch.cuda.amp.autocast(args...)` is deprecated. Please use `torch.amp.autocast('cuda', args...)` instead.
  with autocast(enabled=use_amp):
/data/quyhv/oil_forecast_tail_risk/scripts/training/train_unified.py:349: FutureWarning: `torch.cuda.amp.autocast(args...)` is deprecated. Please use `torch.amp.autocast('cuda', args...)` instead.
  with autocast(enabled=use_amp):
 Iter-54 | MAE=1.678 | MAPE=2.09%
/data/quyhv/oil_forecast_tail_risk/scripts/training/train_unified.py:290: FutureWarning: `torch.cuda.amp.GradScaler(args...)` is deprecated. Please use `torch.amp.GradScaler('cuda', args...)` instead.
  scaler = GradScaler(enabled=use_amp)
/data/quyhv/oil_forecast_tail_risk/scripts/training/train_unified.py:309: FutureWarning: `torch.cuda.amp.autocast(args...)` is deprecated. Please use `torch.amp.autocast('cuda', args...)` instead.
  with autocast(enabled=use_amp):
/data/quyhv/oil_forecast_tail_risk/scripts/training/train_unified.py:349: FutureWarning: `torch.cuda.amp.autocast(args...)` is deprecated. Please use `torch.amp.autocast('cuda', args...)` instead.
  with autocast(enabled=use_amp):
 Iter-55 | MAE=0.983 | MAPE=1.23%
/data/quyhv/oil_forecast_tail_risk/scripts/training/train_unified.py:290: FutureWarning: `torch.cuda.amp.GradScaler(args...)` is deprecated. Please use `torch.amp.GradScaler('cuda', args...)` instead.
  scaler = GradScaler(enabled=use_amp)
/data/quyhv/oil_forecast_tail_risk/scripts/training/train_unified.py:309: FutureWarning: `torch.cuda.amp.autocast(args...)` is deprecated. Please use `torch.amp.autocast('cuda', args...)` instead.
  with autocast(enabled=use_amp):
/data/quyhv/oil_forecast_tail_risk/scripts/training/train_unified.py:349: FutureWarning: `torch.cuda.amp.autocast(args...)` is deprecated. Please use `torch.amp.autocast('cuda', args...)` instead.
  with autocast(enabled=use_amp):
 Iter-56 | MAE=0.695 | MAPE=0.86%
/data/quyhv/oil_forecast_tail_risk/scripts/training/train_unified.py:290: FutureWarning: `torch.cuda.amp.GradScaler(args...)` is deprecated. Please use `torch.amp.GradScaler('cuda', args...)` instead.
  scaler = GradScaler(enabled=use_amp)
/data/quyhv/oil_forecast_tail_risk/scripts/training/train_unified.py:309: FutureWarning: `torch.cuda.amp.autocast(args...)` is deprecated. Please use `torch.amp.autocast('cuda', args...)` instead.
  with autocast(enabled=use_amp):
/data/quyhv/oil_forecast_tail_risk/scripts/training/train_unified.py:349: FutureWarning: `torch.cuda.amp.autocast(args...)` is deprecated. Please use `torch.amp.autocast('cuda', args...)` instead.
  with autocast(enabled=use_amp):
 Iter-57 | MAE=0.098 | MAPE=0.12%
/data/quyhv/oil_forecast_tail_risk/scripts/training/train_unified.py:290: FutureWarning: `torch.cuda.amp.GradScaler(args...)` is deprecated. Please use `torch.amp.GradScaler('cuda', args...)` instead.
  scaler = GradScaler(enabled=use_amp)
/data/quyhv/oil_forecast_tail_risk/scripts/training/train_unified.py:309: FutureWarning: `torch.cuda.amp.autocast(args...)` is deprecated. Please use `torch.amp.autocast('cuda', args...)` instead.
  with autocast(enabled=use_amp):
/data/quyhv/oil_forecast_tail_risk/scripts/training/train_unified.py:349: FutureWarning: `torch.cuda.amp.autocast(args...)` is deprecated. Please use `torch.amp.autocast('cuda', args...)` instead.
  with autocast(enabled=use_amp):
 Iter-58 | MAE=10.311 | MAPE=11.26%
/data/quyhv/oil_forecast_tail_risk/scripts/training/train_unified.py:290: FutureWarning: `torch.cuda.amp.GradScaler(args...)` is deprecated. Please use `torch.amp.GradScaler('cuda', args...)` instead.
  scaler = GradScaler(enabled=use_amp)
/data/quyhv/oil_forecast_tail_risk/scripts/training/train_unified.py:309: FutureWarning: `torch.cuda.amp.autocast(args...)` is deprecated. Please use `torch.amp.autocast('cuda', args...)` instead.
  with autocast(enabled=use_amp):
/data/quyhv/oil_forecast_tail_risk/scripts/training/train_unified.py:349: FutureWarning: `torch.cuda.amp.autocast(args...)` is deprecated. Please use `torch.amp.autocast('cuda', args...)` instead.
  with autocast(enabled=use_amp):
 Iter-59 | MAE=6.952 | MAPE=7.16%
/data/quyhv/oil_forecast_tail_risk/scripts/training/train_unified.py:290: FutureWarning: `torch.cuda.amp.GradScaler(args...)` is deprecated. Please use `torch.amp.GradScaler('cuda', args...)` instead.
  scaler = GradScaler(enabled=use_amp)
/data/quyhv/oil_forecast_tail_risk/scripts/training/train_unified.py:309: FutureWarning: `torch.cuda.amp.autocast(args...)` is deprecated. Please use `torch.amp.autocast('cuda', args...)` instead.
  with autocast(enabled=use_amp):
/data/quyhv/oil_forecast_tail_risk/scripts/training/train_unified.py:349: FutureWarning: `torch.cuda.amp.autocast(args...)` is deprecated. Please use `torch.amp.autocast('cuda', args...)` instead.
  with autocast(enabled=use_amp):
 Iter-60 | MAE=2.467 | MAPE=2.42%
/data/quyhv/oil_forecast_tail_risk/scripts/training/train_unified.py:290: FutureWarning: `torch.cuda.amp.GradScaler(args...)` is deprecated. Please use `torch.amp.GradScaler('cuda', args...)` instead.
  scaler = GradScaler(enabled=use_amp)
/data/quyhv/oil_forecast_tail_risk/scripts/training/train_unified.py:309: FutureWarning: `torch.cuda.amp.autocast(args...)` is deprecated. Please use `torch.amp.autocast('cuda', args...)` instead.
  with autocast(enabled=use_amp):
/data/quyhv/oil_forecast_tail_risk/scripts/training/train_unified.py:349: FutureWarning: `torch.cuda.amp.autocast(args...)` is deprecated. Please use `torch.amp.autocast('cuda', args...)` instead.
  with autocast(enabled=use_amp):
 Iter-61 | MAE=16.164 | MAPE=14.86%
/data/quyhv/oil_forecast_tail_risk/scripts/training/train_unified.py:290: FutureWarning: `torch.cuda.amp.GradScaler(args...)` is deprecated. Please use `torch.amp.GradScaler('cuda', args...)` instead.
  scaler = GradScaler(enabled=use_amp)
/data/quyhv/oil_forecast_tail_risk/scripts/training/train_unified.py:309: FutureWarning: `torch.cuda.amp.autocast(args...)` is deprecated. Please use `torch.amp.autocast('cuda', args...)` instead.
  with autocast(enabled=use_amp):
/data/quyhv/oil_forecast_tail_risk/scripts/training/train_unified.py:349: FutureWarning: `torch.cuda.amp.autocast(args...)` is deprecated. Please use `torch.amp.autocast('cuda', args...)` instead.
  with autocast(enabled=use_amp):
 Iter-62 | MAE=7.865 | MAPE=6.68%
/data/quyhv/oil_forecast_tail_risk/scripts/training/train_unified.py:290: FutureWarning: `torch.cuda.amp.GradScaler(args...)` is deprecated. Please use `torch.amp.GradScaler('cuda', args...)` instead.
  scaler = GradScaler(enabled=use_amp)
/data/quyhv/oil_forecast_tail_risk/scripts/training/train_unified.py:309: FutureWarning: `torch.cuda.amp.autocast(args...)` is deprecated. Please use `torch.amp.autocast('cuda', args...)` instead.
  with autocast(enabled=use_amp):
/data/quyhv/oil_forecast_tail_risk/scripts/training/train_unified.py:349: FutureWarning: `torch.cuda.amp.autocast(args...)` is deprecated. Please use `torch.amp.autocast('cuda', args...)` instead.
  with autocast(enabled=use_amp):
 Iter-63 | MAE=21.345 | MAPE=14.91%
/data/quyhv/oil_forecast_tail_risk/scripts/training/train_unified.py:290: FutureWarning: `torch.cuda.amp.GradScaler(args...)` is deprecated. Please use `torch.amp.GradScaler('cuda', args...)` instead.
  scaler = GradScaler(enabled=use_amp)
/data/quyhv/oil_forecast_tail_risk/scripts/training/train_unified.py:309: FutureWarning: `torch.cuda.amp.autocast(args...)` is deprecated. Please use `torch.amp.autocast('cuda', args...)` instead.
  with autocast(enabled=use_amp):
/data/quyhv/oil_forecast_tail_risk/scripts/training/train_unified.py:349: FutureWarning: `torch.cuda.amp.autocast(args...)` is deprecated. Please use `torch.amp.autocast('cuda', args...)` instead.
  with autocast(enabled=use_amp):
 Iter-64 | MAE=18.573 | MAPE=15.07%
/data/quyhv/oil_forecast_tail_risk/scripts/training/train_unified.py:290: FutureWarning: `torch.cuda.amp.GradScaler(args...)` is deprecated. Please use `torch.amp.GradScaler('cuda', args...)` instead.
  scaler = GradScaler(enabled=use_amp)
/data/quyhv/oil_forecast_tail_risk/scripts/training/train_unified.py:309: FutureWarning: `torch.cuda.amp.autocast(args...)` is deprecated. Please use `torch.amp.autocast('cuda', args...)` instead.
  with autocast(enabled=use_amp):
/data/quyhv/oil_forecast_tail_risk/scripts/training/train_unified.py:349: FutureWarning: `torch.cuda.amp.autocast(args...)` is deprecated. Please use `torch.amp.autocast('cuda', args...)` instead.
  with autocast(enabled=use_amp):
 Iter-65 | MAE=0.638 | MAPE=0.50%
/data/quyhv/oil_forecast_tail_risk/scripts/training/train_unified.py:290: FutureWarning: `torch.cuda.amp.GradScaler(args...)` is deprecated. Please use `torch.amp.GradScaler('cuda', args...)` instead.
  scaler = GradScaler(enabled=use_amp)
/data/quyhv/oil_forecast_tail_risk/scripts/training/train_unified.py:309: FutureWarning: `torch.cuda.amp.autocast(args...)` is deprecated. Please use `torch.amp.autocast('cuda', args...)` instead.
  with autocast(enabled=use_amp):
/data/quyhv/oil_forecast_tail_risk/scripts/training/train_unified.py:349: FutureWarning: `torch.cuda.amp.autocast(args...)` is deprecated. Please use `torch.amp.autocast('cuda', args...)` instead.
  with autocast(enabled=use_amp):
 Iter-66 | MAE=12.434 | MAPE=9.11%
/data/quyhv/oil_forecast_tail_risk/scripts/training/train_unified.py:290: FutureWarning: `torch.cuda.amp.GradScaler(args...)` is deprecated. Please use `torch.amp.GradScaler('cuda', args...)` instead.
  scaler = GradScaler(enabled=use_amp)
/data/quyhv/oil_forecast_tail_risk/scripts/training/train_unified.py:309: FutureWarning: `torch.cuda.amp.autocast(args...)` is deprecated. Please use `torch.amp.autocast('cuda', args...)` instead.
  with autocast(enabled=use_amp):
/data/quyhv/oil_forecast_tail_risk/scripts/training/train_unified.py:349: FutureWarning: `torch.cuda.amp.autocast(args...)` is deprecated. Please use `torch.amp.autocast('cuda', args...)` instead.
  with autocast(enabled=use_amp):
 Iter-67 | MAE=6.482 | MAPE=4.57%
/data/quyhv/oil_forecast_tail_risk/scripts/training/train_unified.py:290: FutureWarning: `torch.cuda.amp.GradScaler(args...)` is deprecated. Please use `torch.amp.GradScaler('cuda', args...)` instead.
  scaler = GradScaler(enabled=use_amp)
/data/quyhv/oil_forecast_tail_risk/scripts/training/train_unified.py:309: FutureWarning: `torch.cuda.amp.autocast(args...)` is deprecated. Please use `torch.amp.autocast('cuda', args...)` instead.
  with autocast(enabled=use_amp):
/data/quyhv/oil_forecast_tail_risk/scripts/training/train_unified.py:349: FutureWarning: `torch.cuda.amp.autocast(args...)` is deprecated. Please use `torch.amp.autocast('cuda', args...)` instead.
  with autocast(enabled=use_amp):
 Iter-68 | MAE=2.658 | MAPE=1.81%
/data/quyhv/oil_forecast_tail_risk/scripts/training/train_unified.py:290: FutureWarning: `torch.cuda.amp.GradScaler(args...)` is deprecated. Please use `torch.amp.GradScaler('cuda', args...)` instead.
  scaler = GradScaler(enabled=use_amp)
/data/quyhv/oil_forecast_tail_risk/scripts/training/train_unified.py:309: FutureWarning: `torch.cuda.amp.autocast(args...)` is deprecated. Please use `torch.amp.autocast('cuda', args...)` instead.
  with autocast(enabled=use_amp):
/data/quyhv/oil_forecast_tail_risk/scripts/training/train_unified.py:349: FutureWarning: `torch.cuda.amp.autocast(args...)` is deprecated. Please use `torch.amp.autocast('cuda', args...)` instead.
  with autocast(enabled=use_amp):
 Iter-69 | MAE=0.406 | MAPE=0.28%
/data/quyhv/oil_forecast_tail_risk/scripts/training/train_unified.py:290: FutureWarning: `torch.cuda.amp.GradScaler(args...)` is deprecated. Please use `torch.amp.GradScaler('cuda', args...)` instead.
  scaler = GradScaler(enabled=use_amp)
/data/quyhv/oil_forecast_tail_risk/scripts/training/train_unified.py:309: FutureWarning: `torch.cuda.amp.autocast(args...)` is deprecated. Please use `torch.amp.autocast('cuda', args...)` instead.
  with autocast(enabled=use_amp):
/data/quyhv/oil_forecast_tail_risk/scripts/training/train_unified.py:349: FutureWarning: `torch.cuda.amp.autocast(args...)` is deprecated. Please use `torch.amp.autocast('cuda', args...)` instead.
  with autocast(enabled=use_amp):
 Iter-70 | MAE=0.960 | MAPE=0.65%
/data/quyhv/oil_forecast_tail_risk/scripts/training/train_unified.py:290: FutureWarning: `torch.cuda.amp.GradScaler(args...)` is deprecated. Please use `torch.amp.GradScaler('cuda', args...)` instead.
  scaler = GradScaler(enabled=use_amp)
/data/quyhv/oil_forecast_tail_risk/scripts/training/train_unified.py:309: FutureWarning: `torch.cuda.amp.autocast(args...)` is deprecated. Please use `torch.amp.autocast('cuda', args...)` instead.
  with autocast(enabled=use_amp):
/data/quyhv/oil_forecast_tail_risk/scripts/training/train_unified.py:349: FutureWarning: `torch.cuda.amp.autocast(args...)` is deprecated. Please use `torch.amp.autocast('cuda', args...)` instead.
  with autocast(enabled=use_amp):
 Iter-71 | MAE=4.523 | MAPE=2.84%
/data/quyhv/oil_forecast_tail_risk/scripts/training/train_unified.py:290: FutureWarning: `torch.cuda.amp.GradScaler(args...)` is deprecated. Please use `torch.amp.GradScaler('cuda', args...)` instead.
  scaler = GradScaler(enabled=use_amp)
/data/quyhv/oil_forecast_tail_risk/scripts/training/train_unified.py:309: FutureWarning: `torch.cuda.amp.autocast(args...)` is deprecated. Please use `torch.amp.autocast('cuda', args...)` instead.
  with autocast(enabled=use_amp):
/data/quyhv/oil_forecast_tail_risk/scripts/training/train_unified.py:349: FutureWarning: `torch.cuda.amp.autocast(args...)` is deprecated. Please use `torch.amp.autocast('cuda', args...)` instead.
  with autocast(enabled=use_amp):
 Iter-72 | MAE=2.254 | MAPE=1.46%
/data/quyhv/oil_forecast_tail_risk/scripts/training/train_unified.py:290: FutureWarning: `torch.cuda.amp.GradScaler(args...)` is deprecated. Please use `torch.amp.GradScaler('cuda', args...)` instead.
  scaler = GradScaler(enabled=use_amp)
/data/quyhv/oil_forecast_tail_risk/scripts/training/train_unified.py:309: FutureWarning: `torch.cuda.amp.autocast(args...)` is deprecated. Please use `torch.amp.autocast('cuda', args...)` instead.
  with autocast(enabled=use_amp):
/data/quyhv/oil_forecast_tail_risk/scripts/training/train_unified.py:349: FutureWarning: `torch.cuda.amp.autocast(args...)` is deprecated. Please use `torch.amp.autocast('cuda', args...)` instead.
  with autocast(enabled=use_amp):
 Iter-73 | MAE=4.938 | MAPE=3.00%
/data/quyhv/oil_forecast_tail_risk/scripts/training/train_unified.py:290: FutureWarning: `torch.cuda.amp.GradScaler(args...)` is deprecated. Please use `torch.amp.GradScaler('cuda', args...)` instead.
  scaler = GradScaler(enabled=use_amp)
/data/quyhv/oil_forecast_tail_risk/scripts/training/train_unified.py:309: FutureWarning: `torch.cuda.amp.autocast(args...)` is deprecated. Please use `torch.amp.autocast('cuda', args...)` instead.
  with autocast(enabled=use_amp):
/data/quyhv/oil_forecast_tail_risk/scripts/training/train_unified.py:349: FutureWarning: `torch.cuda.amp.autocast(args...)` is deprecated. Please use `torch.amp.autocast('cuda', args...)` instead.
  with autocast(enabled=use_amp):
 Iter-74 | MAE=10.098 | MAPE=6.96%
/data/quyhv/oil_forecast_tail_risk/scripts/training/train_unified.py:290: FutureWarning: `torch.cuda.amp.GradScaler(args...)` is deprecated. Please use `torch.amp.GradScaler('cuda', args...)` instead.
  scaler = GradScaler(enabled=use_amp)
/data/quyhv/oil_forecast_tail_risk/scripts/training/train_unified.py:309: FutureWarning: `torch.cuda.amp.autocast(args...)` is deprecated. Please use `torch.amp.autocast('cuda', args...)` instead.
  with autocast(enabled=use_amp):
/data/quyhv/oil_forecast_tail_risk/scripts/training/train_unified.py:349: FutureWarning: `torch.cuda.amp.autocast(args...)` is deprecated. Please use `torch.amp.autocast('cuda', args...)` instead.
  with autocast(enabled=use_amp):
 Iter-75 | MAE=16.912 | MAPE=12.69%
/data/quyhv/oil_forecast_tail_risk/scripts/training/train_unified.py:290: FutureWarning: `torch.cuda.amp.GradScaler(args...)` is deprecated. Please use `torch.amp.GradScaler('cuda', args...)` instead.
  scaler = GradScaler(enabled=use_amp)
/data/quyhv/oil_forecast_tail_risk/scripts/training/train_unified.py:309: FutureWarning: `torch.cuda.amp.autocast(args...)` is deprecated. Please use `torch.amp.autocast('cuda', args...)` instead.
  with autocast(enabled=use_amp):
/data/quyhv/oil_forecast_tail_risk/scripts/training/train_unified.py:349: FutureWarning: `torch.cuda.amp.autocast(args...)` is deprecated. Please use `torch.amp.autocast('cuda', args...)` instead.
  with autocast(enabled=use_amp):
 Iter-76 | MAE=7.371 | MAPE=5.68%
/data/quyhv/oil_forecast_tail_risk/scripts/training/train_unified.py:290: FutureWarning: `torch.cuda.amp.GradScaler(args...)` is deprecated. Please use `torch.amp.GradScaler('cuda', args...)` instead.
  scaler = GradScaler(enabled=use_amp)
/data/quyhv/oil_forecast_tail_risk/scripts/training/train_unified.py:309: FutureWarning: `torch.cuda.amp.autocast(args...)` is deprecated. Please use `torch.amp.autocast('cuda', args...)` instead.
  with autocast(enabled=use_amp):
/data/quyhv/oil_forecast_tail_risk/scripts/training/train_unified.py:349: FutureWarning: `torch.cuda.amp.autocast(args...)` is deprecated. Please use `torch.amp.autocast('cuda', args...)` instead.
  with autocast(enabled=use_amp):
 Iter-77 | MAE=1.149 | MAPE=0.86%
/data/quyhv/oil_forecast_tail_risk/scripts/training/train_unified.py:290: FutureWarning: `torch.cuda.amp.GradScaler(args...)` is deprecated. Please use `torch.amp.GradScaler('cuda', args...)` instead.
  scaler = GradScaler(enabled=use_amp)
/data/quyhv/oil_forecast_tail_risk/scripts/training/train_unified.py:309: FutureWarning: `torch.cuda.amp.autocast(args...)` is deprecated. Please use `torch.amp.autocast('cuda', args...)` instead.
  with autocast(enabled=use_amp):
/data/quyhv/oil_forecast_tail_risk/scripts/training/train_unified.py:349: FutureWarning: `torch.cuda.amp.autocast(args...)` is deprecated. Please use `torch.amp.autocast('cuda', args...)` instead.
  with autocast(enabled=use_amp):
 Iter-78 | MAE=8.508 | MAPE=5.92%
/data/quyhv/oil_forecast_tail_risk/scripts/training/train_unified.py:290: FutureWarning: `torch.cuda.amp.GradScaler(args...)` is deprecated. Please use `torch.amp.GradScaler('cuda', args...)` instead.
  scaler = GradScaler(enabled=use_amp)
/data/quyhv/oil_forecast_tail_risk/scripts/training/train_unified.py:309: FutureWarning: `torch.cuda.amp.autocast(args...)` is deprecated. Please use `torch.amp.autocast('cuda', args...)` instead.
  with autocast(enabled=use_amp):
/data/quyhv/oil_forecast_tail_risk/scripts/training/train_unified.py:349: FutureWarning: `torch.cuda.amp.autocast(args...)` is deprecated. Please use `torch.amp.autocast('cuda', args...)` instead.
  with autocast(enabled=use_amp):
 Iter-79 | MAE=1.647 | MAPE=1.15%
/data/quyhv/oil_forecast_tail_risk/scripts/training/train_unified.py:290: FutureWarning: `torch.cuda.amp.GradScaler(args...)` is deprecated. Please use `torch.amp.GradScaler('cuda', args...)` instead.
  scaler = GradScaler(enabled=use_amp)
/data/quyhv/oil_forecast_tail_risk/scripts/training/train_unified.py:309: FutureWarning: `torch.cuda.amp.autocast(args...)` is deprecated. Please use `torch.amp.autocast('cuda', args...)` instead.
  with autocast(enabled=use_amp):
/data/quyhv/oil_forecast_tail_risk/scripts/training/train_unified.py:349: FutureWarning: `torch.cuda.amp.autocast(args...)` is deprecated. Please use `torch.amp.autocast('cuda', args...)` instead.
  with autocast(enabled=use_amp):
 Iter-80 | MAE=2.626 | MAPE=1.89%
/data/quyhv/oil_forecast_tail_risk/scripts/training/train_unified.py:290: FutureWarning: `torch.cuda.amp.GradScaler(args...)` is deprecated. Please use `torch.amp.GradScaler('cuda', args...)` instead.
  scaler = GradScaler(enabled=use_amp)
/data/quyhv/oil_forecast_tail_risk/scripts/training/train_unified.py:309: FutureWarning: `torch.cuda.amp.autocast(args...)` is deprecated. Please use `torch.amp.autocast('cuda', args...)` instead.
  with autocast(enabled=use_amp):
/data/quyhv/oil_forecast_tail_risk/scripts/training/train_unified.py:349: FutureWarning: `torch.cuda.amp.autocast(args...)` is deprecated. Please use `torch.amp.autocast('cuda', args...)` instead.
  with autocast(enabled=use_amp):
 Iter-81 | MAE=9.329 | MAPE=6.30%
/data/quyhv/oil_forecast_tail_risk/scripts/training/train_unified.py:290: FutureWarning: `torch.cuda.amp.GradScaler(args...)` is deprecated. Please use `torch.amp.GradScaler('cuda', args...)` instead.
  scaler = GradScaler(enabled=use_amp)
/data/quyhv/oil_forecast_tail_risk/scripts/training/train_unified.py:309: FutureWarning: `torch.cuda.amp.autocast(args...)` is deprecated. Please use `torch.amp.autocast('cuda', args...)` instead.
  with autocast(enabled=use_amp):
/data/quyhv/oil_forecast_tail_risk/scripts/training/train_unified.py:349: FutureWarning: `torch.cuda.amp.autocast(args...)` is deprecated. Please use `torch.amp.autocast('cuda', args...)` instead.
  with autocast(enabled=use_amp):
 Iter-82 | MAE=3.737 | MAPE=2.56%
/data/quyhv/oil_forecast_tail_risk/scripts/training/train_unified.py:290: FutureWarning: `torch.cuda.amp.GradScaler(args...)` is deprecated. Please use `torch.amp.GradScaler('cuda', args...)` instead.
  scaler = GradScaler(enabled=use_amp)
/data/quyhv/oil_forecast_tail_risk/scripts/training/train_unified.py:309: FutureWarning: `torch.cuda.amp.autocast(args...)` is deprecated. Please use `torch.amp.autocast('cuda', args...)` instead.
  with autocast(enabled=use_amp):
/data/quyhv/oil_forecast_tail_risk/scripts/training/train_unified.py:349: FutureWarning: `torch.cuda.amp.autocast(args...)` is deprecated. Please use `torch.amp.autocast('cuda', args...)` instead.
  with autocast(enabled=use_amp):
 Iter-83 | MAE=4.481 | MAPE=3.14%
/data/quyhv/oil_forecast_tail_risk/scripts/training/train_unified.py:290: FutureWarning: `torch.cuda.amp.GradScaler(args...)` is deprecated. Please use `torch.amp.GradScaler('cuda', args...)` instead.
  scaler = GradScaler(enabled=use_amp)
/data/quyhv/oil_forecast_tail_risk/scripts/training/train_unified.py:309: FutureWarning: `torch.cuda.amp.autocast(args...)` is deprecated. Please use `torch.amp.autocast('cuda', args...)` instead.
  with autocast(enabled=use_amp):
/data/quyhv/oil_forecast_tail_risk/scripts/training/train_unified.py:349: FutureWarning: `torch.cuda.amp.autocast(args...)` is deprecated. Please use `torch.amp.autocast('cuda', args...)` instead.
  with autocast(enabled=use_amp):
 Iter-84 | MAE=24.503 | MAPE=19.98%
/data/quyhv/oil_forecast_tail_risk/scripts/training/train_unified.py:290: FutureWarning: `torch.cuda.amp.GradScaler(args...)` is deprecated. Please use `torch.amp.GradScaler('cuda', args...)` instead.
  scaler = GradScaler(enabled=use_amp)
/data/quyhv/oil_forecast_tail_risk/scripts/training/train_unified.py:309: FutureWarning: `torch.cuda.amp.autocast(args...)` is deprecated. Please use `torch.amp.autocast('cuda', args...)` instead.
  with autocast(enabled=use_amp):
/data/quyhv/oil_forecast_tail_risk/scripts/training/train_unified.py:349: FutureWarning: `torch.cuda.amp.autocast(args...)` is deprecated. Please use `torch.amp.autocast('cuda', args...)` instead.
  with autocast(enabled=use_amp):
 Iter-85 | MAE=11.508 | MAPE=8.65%
/data/quyhv/oil_forecast_tail_risk/scripts/training/train_unified.py:290: FutureWarning: `torch.cuda.amp.GradScaler(args...)` is deprecated. Please use `torch.amp.GradScaler('cuda', args...)` instead.
  scaler = GradScaler(enabled=use_amp)
/data/quyhv/oil_forecast_tail_risk/scripts/training/train_unified.py:309: FutureWarning: `torch.cuda.amp.autocast(args...)` is deprecated. Please use `torch.amp.autocast('cuda', args...)` instead.
  with autocast(enabled=use_amp):
/data/quyhv/oil_forecast_tail_risk/scripts/training/train_unified.py:349: FutureWarning: `torch.cuda.amp.autocast(args...)` is deprecated. Please use `torch.amp.autocast('cuda', args...)` instead.
  with autocast(enabled=use_amp):
 Iter-86 | MAE=0.957 | MAPE=0.74%
/data/quyhv/oil_forecast_tail_risk/scripts/training/train_unified.py:290: FutureWarning: `torch.cuda.amp.GradScaler(args...)` is deprecated. Please use `torch.amp.GradScaler('cuda', args...)` instead.
  scaler = GradScaler(enabled=use_amp)
/data/quyhv/oil_forecast_tail_risk/scripts/training/train_unified.py:309: FutureWarning: `torch.cuda.amp.autocast(args...)` is deprecated. Please use `torch.amp.autocast('cuda', args...)` instead.
  with autocast(enabled=use_amp):
/data/quyhv/oil_forecast_tail_risk/scripts/training/train_unified.py:349: FutureWarning: `torch.cuda.amp.autocast(args...)` is deprecated. Please use `torch.amp.autocast('cuda', args...)` instead.
  with autocast(enabled=use_amp):
 Iter-87 | MAE=0.985 | MAPE=0.73%
/data/quyhv/oil_forecast_tail_risk/scripts/training/train_unified.py:290: FutureWarning: `torch.cuda.amp.GradScaler(args...)` is deprecated. Please use `torch.amp.GradScaler('cuda', args...)` instead.
  scaler = GradScaler(enabled=use_amp)
/data/quyhv/oil_forecast_tail_risk/scripts/training/train_unified.py:309: FutureWarning: `torch.cuda.amp.autocast(args...)` is deprecated. Please use `torch.amp.autocast('cuda', args...)` instead.
  with autocast(enabled=use_amp):
/data/quyhv/oil_forecast_tail_risk/scripts/training/train_unified.py:349: FutureWarning: `torch.cuda.amp.autocast(args...)` is deprecated. Please use `torch.amp.autocast('cuda', args...)` instead.
  with autocast(enabled=use_amp):
 Iter-88 | MAE=6.211 | MAPE=4.89%
/data/quyhv/oil_forecast_tail_risk/scripts/training/train_unified.py:290: FutureWarning: `torch.cuda.amp.GradScaler(args...)` is deprecated. Please use `torch.amp.GradScaler('cuda', args...)` instead.
  scaler = GradScaler(enabled=use_amp)
/data/quyhv/oil_forecast_tail_risk/scripts/training/train_unified.py:309: FutureWarning: `torch.cuda.amp.autocast(args...)` is deprecated. Please use `torch.amp.autocast('cuda', args...)` instead.
  with autocast(enabled=use_amp):
/data/quyhv/oil_forecast_tail_risk/scripts/training/train_unified.py:349: FutureWarning: `torch.cuda.amp.autocast(args...)` is deprecated. Please use `torch.amp.autocast('cuda', args...)` instead.
  with autocast(enabled=use_amp):
 Iter-89 | MAE=3.674 | MAPE=3.01%
/data/quyhv/oil_forecast_tail_risk/scripts/training/train_unified.py:290: FutureWarning: `torch.cuda.amp.GradScaler(args...)` is deprecated. Please use `torch.amp.GradScaler('cuda', args...)` instead.
  scaler = GradScaler(enabled=use_amp)
/data/quyhv/oil_forecast_tail_risk/scripts/training/train_unified.py:309: FutureWarning: `torch.cuda.amp.autocast(args...)` is deprecated. Please use `torch.amp.autocast('cuda', args...)` instead.
  with autocast(enabled=use_amp):
/data/quyhv/oil_forecast_tail_risk/scripts/training/train_unified.py:349: FutureWarning: `torch.cuda.amp.autocast(args...)` is deprecated. Please use `torch.amp.autocast('cuda', args...)` instead.
  with autocast(enabled=use_amp):
 Iter-90 | MAE=2.585 | MAPE=2.12%
/data/quyhv/oil_forecast_tail_risk/scripts/training/train_unified.py:290: FutureWarning: `torch.cuda.amp.GradScaler(args...)` is deprecated. Please use `torch.amp.GradScaler('cuda', args...)` instead.
  scaler = GradScaler(enabled=use_amp)
/data/quyhv/oil_forecast_tail_risk/scripts/training/train_unified.py:309: FutureWarning: `torch.cuda.amp.autocast(args...)` is deprecated. Please use `torch.amp.autocast('cuda', args...)` instead.
  with autocast(enabled=use_amp):
/data/quyhv/oil_forecast_tail_risk/scripts/training/train_unified.py:349: FutureWarning: `torch.cuda.amp.autocast(args...)` is deprecated. Please use `torch.amp.autocast('cuda', args...)` instead.
  with autocast(enabled=use_amp):
 Iter-91 | MAE=2.629 | MAPE=2.06%
/data/quyhv/oil_forecast_tail_risk/scripts/training/train_unified.py:290: FutureWarning: `torch.cuda.amp.GradScaler(args...)` is deprecated. Please use `torch.amp.GradScaler('cuda', args...)` instead.
  scaler = GradScaler(enabled=use_amp)
/data/quyhv/oil_forecast_tail_risk/scripts/training/train_unified.py:309: FutureWarning: `torch.cuda.amp.autocast(args...)` is deprecated. Please use `torch.amp.autocast('cuda', args...)` instead.
  with autocast(enabled=use_amp):
/data/quyhv/oil_forecast_tail_risk/scripts/training/train_unified.py:349: FutureWarning: `torch.cuda.amp.autocast(args...)` is deprecated. Please use `torch.amp.autocast('cuda', args...)` instead.
  with autocast(enabled=use_amp):
 Iter-92 | MAE=2.224 | MAPE=1.81%
/data/quyhv/oil_forecast_tail_risk/scripts/training/train_unified.py:290: FutureWarning: `torch.cuda.amp.GradScaler(args...)` is deprecated. Please use `torch.amp.GradScaler('cuda', args...)` instead.
  scaler = GradScaler(enabled=use_amp)
/data/quyhv/oil_forecast_tail_risk/scripts/training/train_unified.py:309: FutureWarning: `torch.cuda.amp.autocast(args...)` is deprecated. Please use `torch.amp.autocast('cuda', args...)` instead.
  with autocast(enabled=use_amp):
/data/quyhv/oil_forecast_tail_risk/scripts/training/train_unified.py:349: FutureWarning: `torch.cuda.amp.autocast(args...)` is deprecated. Please use `torch.amp.autocast('cuda', args...)` instead.
  with autocast(enabled=use_amp):
 Iter-93 | MAE=1.506 | MAPE=1.24%
/data/quyhv/oil_forecast_tail_risk/scripts/training/train_unified.py:290: FutureWarning: `torch.cuda.amp.GradScaler(args...)` is deprecated. Please use `torch.amp.GradScaler('cuda', args...)` instead.
  scaler = GradScaler(enabled=use_amp)
/data/quyhv/oil_forecast_tail_risk/scripts/training/train_unified.py:309: FutureWarning: `torch.cuda.amp.autocast(args...)` is deprecated. Please use `torch.amp.autocast('cuda', args...)` instead.
  with autocast(enabled=use_amp):
/data/quyhv/oil_forecast_tail_risk/scripts/training/train_unified.py:349: FutureWarning: `torch.cuda.amp.autocast(args...)` is deprecated. Please use `torch.amp.autocast('cuda', args...)` instead.
  with autocast(enabled=use_amp):
 Iter-94 | MAE=5.056 | MAPE=4.00%
/data/quyhv/oil_forecast_tail_risk/scripts/training/train_unified.py:290: FutureWarning: `torch.cuda.amp.GradScaler(args...)` is deprecated. Please use `torch.amp.GradScaler('cuda', args...)` instead.
  scaler = GradScaler(enabled=use_amp)
/data/quyhv/oil_forecast_tail_risk/scripts/training/train_unified.py:309: FutureWarning: `torch.cuda.amp.autocast(args...)` is deprecated. Please use `torch.amp.autocast('cuda', args...)` instead.
  with autocast(enabled=use_amp):
/data/quyhv/oil_forecast_tail_risk/scripts/training/train_unified.py:349: FutureWarning: `torch.cuda.amp.autocast(args...)` is deprecated. Please use `torch.amp.autocast('cuda', args...)` instead.
  with autocast(enabled=use_amp):
 Iter-95 | MAE=0.808 | MAPE=0.62%
/data/quyhv/oil_forecast_tail_risk/scripts/training/train_unified.py:290: FutureWarning: `torch.cuda.amp.GradScaler(args...)` is deprecated. Please use `torch.amp.GradScaler('cuda', args...)` instead.
  scaler = GradScaler(enabled=use_amp)
/data/quyhv/oil_forecast_tail_risk/scripts/training/train_unified.py:309: FutureWarning: `torch.cuda.amp.autocast(args...)` is deprecated. Please use `torch.amp.autocast('cuda', args...)` instead.
  with autocast(enabled=use_amp):
/data/quyhv/oil_forecast_tail_risk/scripts/training/train_unified.py:349: FutureWarning: `torch.cuda.amp.autocast(args...)` is deprecated. Please use `torch.amp.autocast('cuda', args...)` instead.
  with autocast(enabled=use_amp):
 Iter-96 | MAE=1.234 | MAPE=0.97%
/data/quyhv/oil_forecast_tail_risk/scripts/training/train_unified.py:290: FutureWarning: `torch.cuda.amp.GradScaler(args...)` is deprecated. Please use `torch.amp.GradScaler('cuda', args...)` instead.
  scaler = GradScaler(enabled=use_amp)
/data/quyhv/oil_forecast_tail_risk/scripts/training/train_unified.py:309: FutureWarning: `torch.cuda.amp.autocast(args...)` is deprecated. Please use `torch.amp.autocast('cuda', args...)` instead.
  with autocast(enabled=use_amp):
/data/quyhv/oil_forecast_tail_risk/scripts/training/train_unified.py:349: FutureWarning: `torch.cuda.amp.autocast(args...)` is deprecated. Please use `torch.amp.autocast('cuda', args...)` instead.
  with autocast(enabled=use_amp):
 Iter-97 | MAE=2.698 | MAPE=2.08%
/data/quyhv/oil_forecast_tail_risk/scripts/training/train_unified.py:290: FutureWarning: `torch.cuda.amp.GradScaler(args...)` is deprecated. Please use `torch.amp.GradScaler('cuda', args...)` instead.
  scaler = GradScaler(enabled=use_amp)
/data/quyhv/oil_forecast_tail_risk/scripts/training/train_unified.py:309: FutureWarning: `torch.cuda.amp.autocast(args...)` is deprecated. Please use `torch.amp.autocast('cuda', args...)` instead.
  with autocast(enabled=use_amp):
/data/quyhv/oil_forecast_tail_risk/scripts/training/train_unified.py:349: FutureWarning: `torch.cuda.amp.autocast(args...)` is deprecated. Please use `torch.amp.autocast('cuda', args...)` instead.
  with autocast(enabled=use_amp):
 Iter-98 | MAE=1.729 | MAPE=1.34%
/data/quyhv/oil_forecast_tail_risk/scripts/training/train_unified.py:290: FutureWarning: `torch.cuda.amp.GradScaler(args...)` is deprecated. Please use `torch.amp.GradScaler('cuda', args...)` instead.
  scaler = GradScaler(enabled=use_amp)
/data/quyhv/oil_forecast_tail_risk/scripts/training/train_unified.py:309: FutureWarning: `torch.cuda.amp.autocast(args...)` is deprecated. Please use `torch.amp.autocast('cuda', args...)` instead.
  with autocast(enabled=use_amp):
/data/quyhv/oil_forecast_tail_risk/scripts/training/train_unified.py:349: FutureWarning: `torch.cuda.amp.autocast(args...)` is deprecated. Please use `torch.amp.autocast('cuda', args...)` instead.
  with autocast(enabled=use_amp):
 Iter-99 | MAE=1.035 | MAPE=0.79%
/data/quyhv/oil_forecast_tail_risk/scripts/training/train_unified.py:290: FutureWarning: `torch.cuda.amp.GradScaler(args...)` is deprecated. Please use `torch.amp.GradScaler('cuda', args...)` instead.
  scaler = GradScaler(enabled=use_amp)
/data/quyhv/oil_forecast_tail_risk/scripts/training/train_unified.py:309: FutureWarning: `torch.cuda.amp.autocast(args...)` is deprecated. Please use `torch.amp.autocast('cuda', args...)` instead.
  with autocast(enabled=use_amp):
/data/quyhv/oil_forecast_tail_risk/scripts/training/train_unified.py:349: FutureWarning: `torch.cuda.amp.autocast(args...)` is deprecated. Please use `torch.amp.autocast('cuda', args...)` instead.
  with autocast(enabled=use_amp):
 Iter-100 | MAE=2.319 | MAPE=1.71%

 OVERALL: MAE=3.063, MAPE=2.68%, R2=0.9660 (2862.9s)
Saved model checkpoint: /data/quyhv/oil_forecast_tail_risk/results_v4/walkforward/LTSF_Linear/XANG_H1_seed9999/model_checkpoint.pth
Saved processor/scaler: /data/quyhv/oil_forecast_tail_risk/results_v4/walkforward/LTSF_Linear/XANG_H1_seed9999/processor.pkl

 All 1 experiments completed!

================================================================================
 [1/1] NBEATS | XANG | H1 | walkforward
================================================================================

 Using GPU: Tesla T4
================================================================================
 NBEATS | XANG | H1 | walkforward | seed=9999
================================================================================
Data: 4513 rows | Features: 15
/data/quyhv/oil_forecast_tail_risk/scripts/training/train_unified.py:290: FutureWarning: `torch.cuda.amp.GradScaler(args...)` is deprecated. Please use `torch.amp.GradScaler('cuda', args...)` instead.
  scaler = GradScaler(enabled=use_amp)
/data/quyhv/oil_forecast_tail_risk/scripts/training/train_unified.py:309: FutureWarning: `torch.cuda.amp.autocast(args...)` is deprecated. Please use `torch.amp.autocast('cuda', args...)` instead.
  with autocast(enabled=use_amp):
/data/quyhv/oil_forecast_tail_risk/scripts/training/train_unified.py:349: FutureWarning: `torch.cuda.amp.autocast(args...)` is deprecated. Please use `torch.amp.autocast('cuda', args...)` instead.
  with autocast(enabled=use_amp):
 Iter-01 | MAE=0.260 | MAPE=0.33%
/data/quyhv/oil_forecast_tail_risk/scripts/training/train_unified.py:290: FutureWarning: `torch.cuda.amp.GradScaler(args...)` is deprecated. Please use `torch.amp.GradScaler('cuda', args...)` instead.
  scaler = GradScaler(enabled=use_amp)
/data/quyhv/oil_forecast_tail_risk/scripts/training/train_unified.py:309: FutureWarning: `torch.cuda.amp.autocast(args...)` is deprecated. Please use `torch.amp.autocast('cuda', args...)` instead.
  with autocast(enabled=use_amp):
/data/quyhv/oil_forecast_tail_risk/scripts/training/train_unified.py:349: FutureWarning: `torch.cuda.amp.autocast(args...)` is deprecated. Please use `torch.amp.autocast('cuda', args...)` instead.
  with autocast(enabled=use_amp):
 Iter-02 | MAE=0.359 | MAPE=0.46%
/data/quyhv/oil_forecast_tail_risk/scripts/training/train_unified.py:290: FutureWarning: `torch.cuda.amp.GradScaler(args...)` is deprecated. Please use `torch.amp.GradScaler('cuda', args...)` instead.
  scaler = GradScaler(enabled=use_amp)
/data/quyhv/oil_forecast_tail_risk/scripts/training/train_unified.py:309: FutureWarning: `torch.cuda.amp.autocast(args...)` is deprecated. Please use `torch.amp.autocast('cuda', args...)` instead.
  with autocast(enabled=use_amp):
/data/quyhv/oil_forecast_tail_risk/scripts/training/train_unified.py:349: FutureWarning: `torch.cuda.amp.autocast(args...)` is deprecated. Please use `torch.amp.autocast('cuda', args...)` instead.
  with autocast(enabled=use_amp):
 Iter-03 | MAE=0.605 | MAPE=0.77%
/data/quyhv/oil_forecast_tail_risk/scripts/training/train_unified.py:290: FutureWarning: `torch.cuda.amp.GradScaler(args...)` is deprecated. Please use `torch.amp.GradScaler('cuda', args...)` instead.
  scaler = GradScaler(enabled=use_amp)
/data/quyhv/oil_forecast_tail_risk/scripts/training/train_unified.py:309: FutureWarning: `torch.cuda.amp.autocast(args...)` is deprecated. Please use `torch.amp.autocast('cuda', args...)` instead.
  with autocast(enabled=use_amp):
/data/quyhv/oil_forecast_tail_risk/scripts/training/train_unified.py:349: FutureWarning: `torch.cuda.amp.autocast(args...)` is deprecated. Please use `torch.amp.autocast('cuda', args...)` instead.
  with autocast(enabled=use_amp):
 Iter-04 | MAE=2.948 | MAPE=3.92%
/data/quyhv/oil_forecast_tail_risk/scripts/training/train_unified.py:290: FutureWarning: `torch.cuda.amp.GradScaler(args...)` is deprecated. Please use `torch.amp.GradScaler('cuda', args...)` instead.
  scaler = GradScaler(enabled=use_amp)
/data/quyhv/oil_forecast_tail_risk/scripts/training/train_unified.py:309: FutureWarning: `torch.cuda.amp.autocast(args...)` is deprecated. Please use `torch.amp.autocast('cuda', args...)` instead.
  with autocast(enabled=use_amp):
/data/quyhv/oil_forecast_tail_risk/scripts/training/train_unified.py:349: FutureWarning: `torch.cuda.amp.autocast(args...)` is deprecated. Please use `torch.amp.autocast('cuda', args...)` instead.
  with autocast(enabled=use_amp):
 Iter-05 | MAE=0.321 | MAPE=0.43%
/data/quyhv/oil_forecast_tail_risk/scripts/training/train_unified.py:290: FutureWarning: `torch.cuda.amp.GradScaler(args...)` is deprecated. Please use `torch.amp.GradScaler('cuda', args...)` instead.
  scaler = GradScaler(enabled=use_amp)
/data/quyhv/oil_forecast_tail_risk/scripts/training/train_unified.py:309: FutureWarning: `torch.cuda.amp.autocast(args...)` is deprecated. Please use `torch.amp.autocast('cuda', args...)` instead.
  with autocast(enabled=use_amp):
/data/quyhv/oil_forecast_tail_risk/scripts/training/train_unified.py:349: FutureWarning: `torch.cuda.amp.autocast(args...)` is deprecated. Please use `torch.amp.autocast('cuda', args...)` instead.
  with autocast(enabled=use_amp):
 Iter-06 | MAE=0.641 | MAPE=0.86%
/data/quyhv/oil_forecast_tail_risk/scripts/training/train_unified.py:290: FutureWarning: `torch.cuda.amp.GradScaler(args...)` is deprecated. Please use `torch.amp.GradScaler('cuda', args...)` instead.
  scaler = GradScaler(enabled=use_amp)
/data/quyhv/oil_forecast_tail_risk/scripts/training/train_unified.py:309: FutureWarning: `torch.cuda.amp.autocast(args...)` is deprecated. Please use `torch.amp.autocast('cuda', args...)` instead.
  with autocast(enabled=use_amp):
/data/quyhv/oil_forecast_tail_risk/scripts/training/train_unified.py:349: FutureWarning: `torch.cuda.amp.autocast(args...)` is deprecated. Please use `torch.amp.autocast('cuda', args...)` instead.
  with autocast(enabled=use_amp):
 Iter-07 | MAE=1.310 | MAPE=1.79%
/data/quyhv/oil_forecast_tail_risk/scripts/training/train_unified.py:290: FutureWarning: `torch.cuda.amp.GradScaler(args...)` is deprecated. Please use `torch.amp.GradScaler('cuda', args...)` instead.
  scaler = GradScaler(enabled=use_amp)
/data/quyhv/oil_forecast_tail_risk/scripts/training/train_unified.py:309: FutureWarning: `torch.cuda.amp.autocast(args...)` is deprecated. Please use `torch.amp.autocast('cuda', args...)` instead.
  with autocast(enabled=use_amp):
/data/quyhv/oil_forecast_tail_risk/scripts/training/train_unified.py:349: FutureWarning: `torch.cuda.amp.autocast(args...)` is deprecated. Please use `torch.amp.autocast('cuda', args...)` instead.
  with autocast(enabled=use_amp):
 Iter-08 | MAE=0.444 | MAPE=0.60%
/data/quyhv/oil_forecast_tail_risk/scripts/training/train_unified.py:290: FutureWarning: `torch.cuda.amp.GradScaler(args...)` is deprecated. Please use `torch.amp.GradScaler('cuda', args...)` instead.
  scaler = GradScaler(enabled=use_amp)
/data/quyhv/oil_forecast_tail_risk/scripts/training/train_unified.py:309: FutureWarning: `torch.cuda.amp.autocast(args...)` is deprecated. Please use `torch.amp.autocast('cuda', args...)` instead.
  with autocast(enabled=use_amp):
/data/quyhv/oil_forecast_tail_risk/scripts/training/train_unified.py:349: FutureWarning: `torch.cuda.amp.autocast(args...)` is deprecated. Please use `torch.amp.autocast('cuda', args...)` instead.
  with autocast(enabled=use_amp):
 Iter-09 | MAE=1.351 | MAPE=1.83%
/data/quyhv/oil_forecast_tail_risk/scripts/training/train_unified.py:290: FutureWarning: `torch.cuda.amp.GradScaler(args...)` is deprecated. Please use `torch.amp.GradScaler('cuda', args...)` instead.
  scaler = GradScaler(enabled=use_amp)
/data/quyhv/oil_forecast_tail_risk/scripts/training/train_unified.py:309: FutureWarning: `torch.cuda.amp.autocast(args...)` is deprecated. Please use `torch.amp.autocast('cuda', args...)` instead.
  with autocast(enabled=use_amp):
/data/quyhv/oil_forecast_tail_risk/scripts/training/train_unified.py:349: FutureWarning: `torch.cuda.amp.autocast(args...)` is deprecated. Please use `torch.amp.autocast('cuda', args...)` instead.
  with autocast(enabled=use_amp):
 Iter-10 | MAE=0.491 | MAPE=0.67%
/data/quyhv/oil_forecast_tail_risk/scripts/training/train_unified.py:290: FutureWarning: `torch.cuda.amp.GradScaler(args...)` is deprecated. Please use `torch.amp.GradScaler('cuda', args...)` instead.
  scaler = GradScaler(enabled=use_amp)
/data/quyhv/oil_forecast_tail_risk/scripts/training/train_unified.py:309: FutureWarning: `torch.cuda.amp.autocast(args...)` is deprecated. Please use `torch.amp.autocast('cuda', args...)` instead.
  with autocast(enabled=use_amp):
/data/quyhv/oil_forecast_tail_risk/scripts/training/train_unified.py:349: FutureWarning: `torch.cuda.amp.autocast(args...)` is deprecated. Please use `torch.amp.autocast('cuda', args...)` instead.
  with autocast(enabled=use_amp):
 Iter-11 | MAE=0.548 | MAPE=0.74%
/data/quyhv/oil_forecast_tail_risk/scripts/training/train_unified.py:290: FutureWarning: `torch.cuda.amp.GradScaler(args...)` is deprecated. Please use `torch.amp.GradScaler('cuda', args...)` instead.
  scaler = GradScaler(enabled=use_amp)
/data/quyhv/oil_forecast_tail_risk/scripts/training/train_unified.py:309: FutureWarning: `torch.cuda.amp.autocast(args...)` is deprecated. Please use `torch.amp.autocast('cuda', args...)` instead.
  with autocast(enabled=use_amp):
/data/quyhv/oil_forecast_tail_risk/scripts/training/train_unified.py:349: FutureWarning: `torch.cuda.amp.autocast(args...)` is deprecated. Please use `torch.amp.autocast('cuda', args...)` instead.
  with autocast(enabled=use_amp):
 Iter-12 | MAE=0.521 | MAPE=0.71%
/data/quyhv/oil_forecast_tail_risk/scripts/training/train_unified.py:290: FutureWarning: `torch.cuda.amp.GradScaler(args...)` is deprecated. Please use `torch.amp.GradScaler('cuda', args...)` instead.
  scaler = GradScaler(enabled=use_amp)
/data/quyhv/oil_forecast_tail_risk/scripts/training/train_unified.py:309: FutureWarning: `torch.cuda.amp.autocast(args...)` is deprecated. Please use `torch.amp.autocast('cuda', args...)` instead.
  with autocast(enabled=use_amp):
/data/quyhv/oil_forecast_tail_risk/scripts/training/train_unified.py:349: FutureWarning: `torch.cuda.amp.autocast(args...)` is deprecated. Please use `torch.amp.autocast('cuda', args...)` instead.
  with autocast(enabled=use_amp):
 Iter-13 | MAE=0.826 | MAPE=1.14%
/data/quyhv/oil_forecast_tail_risk/scripts/training/train_unified.py:290: FutureWarning: `torch.cuda.amp.GradScaler(args...)` is deprecated. Please use `torch.amp.GradScaler('cuda', args...)` instead.
  scaler = GradScaler(enabled=use_amp)
/data/quyhv/oil_forecast_tail_risk/scripts/training/train_unified.py:309: FutureWarning: `torch.cuda.amp.autocast(args...)` is deprecated. Please use `torch.amp.autocast('cuda', args...)` instead.
  with autocast(enabled=use_amp):
/data/quyhv/oil_forecast_tail_risk/scripts/training/train_unified.py:349: FutureWarning: `torch.cuda.amp.autocast(args...)` is deprecated. Please use `torch.amp.autocast('cuda', args...)` instead.
  with autocast(enabled=use_amp):
 Iter-14 | MAE=0.066 | MAPE=0.09%
/data/quyhv/oil_forecast_tail_risk/scripts/training/train_unified.py:290: FutureWarning: `torch.cuda.amp.GradScaler(args...)` is deprecated. Please use `torch.amp.GradScaler('cuda', args...)` instead.
  scaler = GradScaler(enabled=use_amp)
/data/quyhv/oil_forecast_tail_risk/scripts/training/train_unified.py:309: FutureWarning: `torch.cuda.amp.autocast(args...)` is deprecated. Please use `torch.amp.autocast('cuda', args...)` instead.
  with autocast(enabled=use_amp):
/data/quyhv/oil_forecast_tail_risk/scripts/training/train_unified.py:349: FutureWarning: `torch.cuda.amp.autocast(args...)` is deprecated. Please use `torch.amp.autocast('cuda', args...)` instead.
  with autocast(enabled=use_amp):
 Iter-15 | MAE=0.080 | MAPE=0.11%
/data/quyhv/oil_forecast_tail_risk/scripts/training/train_unified.py:290: FutureWarning: `torch.cuda.amp.GradScaler(args...)` is deprecated. Please use `torch.amp.GradScaler('cuda', args...)` instead.
  scaler = GradScaler(enabled=use_amp)
/data/quyhv/oil_forecast_tail_risk/scripts/training/train_unified.py:309: FutureWarning: `torch.cuda.amp.autocast(args...)` is deprecated. Please use `torch.amp.autocast('cuda', args...)` instead.
  with autocast(enabled=use_amp):
/data/quyhv/oil_forecast_tail_risk/scripts/training/train_unified.py:349: FutureWarning: `torch.cuda.amp.autocast(args...)` is deprecated. Please use `torch.amp.autocast('cuda', args...)` instead.
  with autocast(enabled=use_amp):
 Iter-16 | MAE=0.523 | MAPE=0.72%
/data/quyhv/oil_forecast_tail_risk/scripts/training/train_unified.py:290: FutureWarning: `torch.cuda.amp.GradScaler(args...)` is deprecated. Please use `torch.amp.GradScaler('cuda', args...)` instead.
  scaler = GradScaler(enabled=use_amp)
/data/quyhv/oil_forecast_tail_risk/scripts/training/train_unified.py:309: FutureWarning: `torch.cuda.amp.autocast(args...)` is deprecated. Please use `torch.amp.autocast('cuda', args...)` instead.
  with autocast(enabled=use_amp):
/data/quyhv/oil_forecast_tail_risk/scripts/training/train_unified.py:349: FutureWarning: `torch.cuda.amp.autocast(args...)` is deprecated. Please use `torch.amp.autocast('cuda', args...)` instead.
  with autocast(enabled=use_amp):
 Iter-17 | MAE=0.894 | MAPE=1.23%
/data/quyhv/oil_forecast_tail_risk/scripts/training/train_unified.py:290: FutureWarning: `torch.cuda.amp.GradScaler(args...)` is deprecated. Please use `torch.amp.GradScaler('cuda', args...)` instead.
  scaler = GradScaler(enabled=use_amp)
/data/quyhv/oil_forecast_tail_risk/scripts/training/train_unified.py:309: FutureWarning: `torch.cuda.amp.autocast(args...)` is deprecated. Please use `torch.amp.autocast('cuda', args...)` instead.
  with autocast(enabled=use_amp):
/data/quyhv/oil_forecast_tail_risk/scripts/training/train_unified.py:349: FutureWarning: `torch.cuda.amp.autocast(args...)` is deprecated. Please use `torch.amp.autocast('cuda', args...)` instead.
  with autocast(enabled=use_amp):
 Iter-18 | MAE=1.311 | MAPE=1.85%
/data/quyhv/oil_forecast_tail_risk/scripts/training/train_unified.py:290: FutureWarning: `torch.cuda.amp.GradScaler(args...)` is deprecated. Please use `torch.amp.GradScaler('cuda', args...)` instead.
  scaler = GradScaler(enabled=use_amp)
/data/quyhv/oil_forecast_tail_risk/scripts/training/train_unified.py:309: FutureWarning: `torch.cuda.amp.autocast(args...)` is deprecated. Please use `torch.amp.autocast('cuda', args...)` instead.
  with autocast(enabled=use_amp):
/data/quyhv/oil_forecast_tail_risk/scripts/training/train_unified.py:349: FutureWarning: `torch.cuda.amp.autocast(args...)` is deprecated. Please use `torch.amp.autocast('cuda', args...)` instead.
  with autocast(enabled=use_amp):
 Iter-19 | MAE=0.144 | MAPE=0.20%
/data/quyhv/oil_forecast_tail_risk/scripts/training/train_unified.py:290: FutureWarning: `torch.cuda.amp.GradScaler(args...)` is deprecated. Please use `torch.amp.GradScaler('cuda', args...)` instead.
  scaler = GradScaler(enabled=use_amp)
/data/quyhv/oil_forecast_tail_risk/scripts/training/train_unified.py:309: FutureWarning: `torch.cuda.amp.autocast(args...)` is deprecated. Please use `torch.amp.autocast('cuda', args...)` instead.
  with autocast(enabled=use_amp):
/data/quyhv/oil_forecast_tail_risk/scripts/training/train_unified.py:349: FutureWarning: `torch.cuda.amp.autocast(args...)` is deprecated. Please use `torch.amp.autocast('cuda', args...)` instead.
  with autocast(enabled=use_amp):
 Iter-20 | MAE=1.121 | MAPE=1.60%
/data/quyhv/oil_forecast_tail_risk/scripts/training/train_unified.py:290: FutureWarning: `torch.cuda.amp.GradScaler(args...)` is deprecated. Please use `torch.amp.GradScaler('cuda', args...)` instead.
  scaler = GradScaler(enabled=use_amp)
/data/quyhv/oil_forecast_tail_risk/scripts/training/train_unified.py:309: FutureWarning: `torch.cuda.amp.autocast(args...)` is deprecated. Please use `torch.amp.autocast('cuda', args...)` instead.
  with autocast(enabled=use_amp):
/data/quyhv/oil_forecast_tail_risk/scripts/training/train_unified.py:349: FutureWarning: `torch.cuda.amp.autocast(args...)` is deprecated. Please use `torch.amp.autocast('cuda', args...)` instead.
  with autocast(enabled=use_amp):
 Iter-21 | MAE=0.661 | MAPE=0.94%
/data/quyhv/oil_forecast_tail_risk/scripts/training/train_unified.py:290: FutureWarning: `torch.cuda.amp.GradScaler(args...)` is deprecated. Please use `torch.amp.GradScaler('cuda', args...)` instead.
  scaler = GradScaler(enabled=use_amp)
/data/quyhv/oil_forecast_tail_risk/scripts/training/train_unified.py:309: FutureWarning: `torch.cuda.amp.autocast(args...)` is deprecated. Please use `torch.amp.autocast('cuda', args...)` instead.
  with autocast(enabled=use_amp):
/data/quyhv/oil_forecast_tail_risk/scripts/training/train_unified.py:349: FutureWarning: `torch.cuda.amp.autocast(args...)` is deprecated. Please use `torch.amp.autocast('cuda', args...)` instead.
  with autocast(enabled=use_amp):
 Iter-22 | MAE=0.490 | MAPE=0.68%
/data/quyhv/oil_forecast_tail_risk/scripts/training/train_unified.py:290: FutureWarning: `torch.cuda.amp.GradScaler(args...)` is deprecated. Please use `torch.amp.GradScaler('cuda', args...)` instead.
  scaler = GradScaler(enabled=use_amp)
/data/quyhv/oil_forecast_tail_risk/scripts/training/train_unified.py:309: FutureWarning: `torch.cuda.amp.autocast(args...)` is deprecated. Please use `torch.amp.autocast('cuda', args...)` instead.
  with autocast(enabled=use_amp):
/data/quyhv/oil_forecast_tail_risk/scripts/training/train_unified.py:349: FutureWarning: `torch.cuda.amp.autocast(args...)` is deprecated. Please use `torch.amp.autocast('cuda', args...)` instead.
  with autocast(enabled=use_amp):
 Iter-23 | MAE=1.034 | MAPE=1.43%
/data/quyhv/oil_forecast_tail_risk/scripts/training/train_unified.py:290: FutureWarning: `torch.cuda.amp.GradScaler(args...)` is deprecated. Please use `torch.amp.GradScaler('cuda', args...)` instead.
  scaler = GradScaler(enabled=use_amp)
/data/quyhv/oil_forecast_tail_risk/scripts/training/train_unified.py:309: FutureWarning: `torch.cuda.amp.autocast(args...)` is deprecated. Please use `torch.amp.autocast('cuda', args...)` instead.
  with autocast(enabled=use_amp):
/data/quyhv/oil_forecast_tail_risk/scripts/training/train_unified.py:349: FutureWarning: `torch.cuda.amp.autocast(args...)` is deprecated. Please use `torch.amp.autocast('cuda', args...)` instead.
  with autocast(enabled=use_amp):
 Iter-24 | MAE=0.117 | MAPE=0.16%
/data/quyhv/oil_forecast_tail_risk/scripts/training/train_unified.py:290: FutureWarning: `torch.cuda.amp.GradScaler(args...)` is deprecated. Please use `torch.amp.GradScaler('cuda', args...)` instead.
  scaler = GradScaler(enabled=use_amp)
/data/quyhv/oil_forecast_tail_risk/scripts/training/train_unified.py:309: FutureWarning: `torch.cuda.amp.autocast(args...)` is deprecated. Please use `torch.amp.autocast('cuda', args...)` instead.
  with autocast(enabled=use_amp):
/data/quyhv/oil_forecast_tail_risk/scripts/training/train_unified.py:349: FutureWarning: `torch.cuda.amp.autocast(args...)` is deprecated. Please use `torch.amp.autocast('cuda', args...)` instead.
  with autocast(enabled=use_amp):
 Iter-25 | MAE=1.016 | MAPE=1.40%
/data/quyhv/oil_forecast_tail_risk/scripts/training/train_unified.py:290: FutureWarning: `torch.cuda.amp.GradScaler(args...)` is deprecated. Please use `torch.amp.GradScaler('cuda', args...)` instead.
  scaler = GradScaler(enabled=use_amp)
/data/quyhv/oil_forecast_tail_risk/scripts/training/train_unified.py:309: FutureWarning: `torch.cuda.amp.autocast(args...)` is deprecated. Please use `torch.amp.autocast('cuda', args...)` instead.
  with autocast(enabled=use_amp):
/data/quyhv/oil_forecast_tail_risk/scripts/training/train_unified.py:349: FutureWarning: `torch.cuda.amp.autocast(args...)` is deprecated. Please use `torch.amp.autocast('cuda', args...)` instead.
  with autocast(enabled=use_amp):
 Iter-26 | MAE=0.886 | MAPE=1.23%
/data/quyhv/oil_forecast_tail_risk/scripts/training/train_unified.py:290: FutureWarning: `torch.cuda.amp.GradScaler(args...)` is deprecated. Please use `torch.amp.GradScaler('cuda', args...)` instead.
  scaler = GradScaler(enabled=use_amp)
/data/quyhv/oil_forecast_tail_risk/scripts/training/train_unified.py:309: FutureWarning: `torch.cuda.amp.autocast(args...)` is deprecated. Please use `torch.amp.autocast('cuda', args...)` instead.
  with autocast(enabled=use_amp):
/data/quyhv/oil_forecast_tail_risk/scripts/training/train_unified.py:349: FutureWarning: `torch.cuda.amp.autocast(args...)` is deprecated. Please use `torch.amp.autocast('cuda', args...)` instead.
  with autocast(enabled=use_amp):
 Iter-27 | MAE=0.470 | MAPE=0.66%
/data/quyhv/oil_forecast_tail_risk/scripts/training/train_unified.py:290: FutureWarning: `torch.cuda.amp.GradScaler(args...)` is deprecated. Please use `torch.amp.GradScaler('cuda', args...)` instead.
  scaler = GradScaler(enabled=use_amp)
/data/quyhv/oil_forecast_tail_risk/scripts/training/train_unified.py:309: FutureWarning: `torch.cuda.amp.autocast(args...)` is deprecated. Please use `torch.amp.autocast('cuda', args...)` instead.
  with autocast(enabled=use_amp):
/data/quyhv/oil_forecast_tail_risk/scripts/training/train_unified.py:349: FutureWarning: `torch.cuda.amp.autocast(args...)` is deprecated. Please use `torch.amp.autocast('cuda', args...)` instead.
  with autocast(enabled=use_amp):
 Iter-28 | MAE=0.268 | MAPE=0.38%
/data/quyhv/oil_forecast_tail_risk/scripts/training/train_unified.py:290: FutureWarning: `torch.cuda.amp.GradScaler(args...)` is deprecated. Please use `torch.amp.GradScaler('cuda', args...)` instead.
  scaler = GradScaler(enabled=use_amp)
/data/quyhv/oil_forecast_tail_risk/scripts/training/train_unified.py:309: FutureWarning: `torch.cuda.amp.autocast(args...)` is deprecated. Please use `torch.amp.autocast('cuda', args...)` instead.
  with autocast(enabled=use_amp):
/data/quyhv/oil_forecast_tail_risk/scripts/training/train_unified.py:349: FutureWarning: `torch.cuda.amp.autocast(args...)` is deprecated. Please use `torch.amp.autocast('cuda', args...)` instead.
  with autocast(enabled=use_amp):
 Iter-29 | MAE=0.262 | MAPE=0.36%
/data/quyhv/oil_forecast_tail_risk/scripts/training/train_unified.py:290: FutureWarning: `torch.cuda.amp.GradScaler(args...)` is deprecated. Please use `torch.amp.GradScaler('cuda', args...)` instead.
  scaler = GradScaler(enabled=use_amp)
/data/quyhv/oil_forecast_tail_risk/scripts/training/train_unified.py:309: FutureWarning: `torch.cuda.amp.autocast(args...)` is deprecated. Please use `torch.amp.autocast('cuda', args...)` instead.
  with autocast(enabled=use_amp):
/data/quyhv/oil_forecast_tail_risk/scripts/training/train_unified.py:349: FutureWarning: `torch.cuda.amp.autocast(args...)` is deprecated. Please use `torch.amp.autocast('cuda', args...)` instead.
  with autocast(enabled=use_amp):
 Iter-30 | MAE=0.670 | MAPE=0.92%
/data/quyhv/oil_forecast_tail_risk/scripts/training/train_unified.py:290: FutureWarning: `torch.cuda.amp.GradScaler(args...)` is deprecated. Please use `torch.amp.GradScaler('cuda', args...)` instead.
  scaler = GradScaler(enabled=use_amp)
/data/quyhv/oil_forecast_tail_risk/scripts/training/train_unified.py:309: FutureWarning: `torch.cuda.amp.autocast(args...)` is deprecated. Please use `torch.amp.autocast('cuda', args...)` instead.
  with autocast(enabled=use_amp):
/data/quyhv/oil_forecast_tail_risk/scripts/training/train_unified.py:349: FutureWarning: `torch.cuda.amp.autocast(args...)` is deprecated. Please use `torch.amp.autocast('cuda', args...)` instead.
  with autocast(enabled=use_amp):
 Iter-31 | MAE=0.543 | MAPE=0.74%
/data/quyhv/oil_forecast_tail_risk/scripts/training/train_unified.py:290: FutureWarning: `torch.cuda.amp.GradScaler(args...)` is deprecated. Please use `torch.amp.GradScaler('cuda', args...)` instead.
  scaler = GradScaler(enabled=use_amp)
/data/quyhv/oil_forecast_tail_risk/scripts/training/train_unified.py:309: FutureWarning: `torch.cuda.amp.autocast(args...)` is deprecated. Please use `torch.amp.autocast('cuda', args...)` instead.
  with autocast(enabled=use_amp):
/data/quyhv/oil_forecast_tail_risk/scripts/training/train_unified.py:349: FutureWarning: `torch.cuda.amp.autocast(args...)` is deprecated. Please use `torch.amp.autocast('cuda', args...)` instead.
  with autocast(enabled=use_amp):
 Iter-32 | MAE=0.738 | MAPE=1.04%
/data/quyhv/oil_forecast_tail_risk/scripts/training/train_unified.py:290: FutureWarning: `torch.cuda.amp.GradScaler(args...)` is deprecated. Please use `torch.amp.GradScaler('cuda', args...)` instead.
  scaler = GradScaler(enabled=use_amp)
/data/quyhv/oil_forecast_tail_risk/scripts/training/train_unified.py:309: FutureWarning: `torch.cuda.amp.autocast(args...)` is deprecated. Please use `torch.amp.autocast('cuda', args...)` instead.
  with autocast(enabled=use_amp):
/data/quyhv/oil_forecast_tail_risk/scripts/training/train_unified.py:349: FutureWarning: `torch.cuda.amp.autocast(args...)` is deprecated. Please use `torch.amp.autocast('cuda', args...)` instead.
  with autocast(enabled=use_amp):
 Iter-33 | MAE=0.312 | MAPE=0.42%
/data/quyhv/oil_forecast_tail_risk/scripts/training/train_unified.py:290: FutureWarning: `torch.cuda.amp.GradScaler(args...)` is deprecated. Please use `torch.amp.GradScaler('cuda', args...)` instead.
  scaler = GradScaler(enabled=use_amp)
/data/quyhv/oil_forecast_tail_risk/scripts/training/train_unified.py:309: FutureWarning: `torch.cuda.amp.autocast(args...)` is deprecated. Please use `torch.amp.autocast('cuda', args...)` instead.
  with autocast(enabled=use_amp):
/data/quyhv/oil_forecast_tail_risk/scripts/training/train_unified.py:349: FutureWarning: `torch.cuda.amp.autocast(args...)` is deprecated. Please use `torch.amp.autocast('cuda', args...)` instead.
  with autocast(enabled=use_amp):
 Iter-34 | MAE=1.516 | MAPE=2.13%
/data/quyhv/oil_forecast_tail_risk/scripts/training/train_unified.py:290: FutureWarning: `torch.cuda.amp.GradScaler(args...)` is deprecated. Please use `torch.amp.GradScaler('cuda', args...)` instead.
  scaler = GradScaler(enabled=use_amp)
/data/quyhv/oil_forecast_tail_risk/scripts/training/train_unified.py:309: FutureWarning: `torch.cuda.amp.autocast(args...)` is deprecated. Please use `torch.amp.autocast('cuda', args...)` instead.
  with autocast(enabled=use_amp):
/data/quyhv/oil_forecast_tail_risk/scripts/training/train_unified.py:349: FutureWarning: `torch.cuda.amp.autocast(args...)` is deprecated. Please use `torch.amp.autocast('cuda', args...)` instead.
  with autocast(enabled=use_amp):
 Iter-35 | MAE=0.674 | MAPE=0.92%
/data/quyhv/oil_forecast_tail_risk/scripts/training/train_unified.py:290: FutureWarning: `torch.cuda.amp.GradScaler(args...)` is deprecated. Please use `torch.amp.GradScaler('cuda', args...)` instead.
  scaler = GradScaler(enabled=use_amp)
/data/quyhv/oil_forecast_tail_risk/scripts/training/train_unified.py:309: FutureWarning: `torch.cuda.amp.autocast(args...)` is deprecated. Please use `torch.amp.autocast('cuda', args...)` instead.
  with autocast(enabled=use_amp):
/data/quyhv/oil_forecast_tail_risk/scripts/training/train_unified.py:349: FutureWarning: `torch.cuda.amp.autocast(args...)` is deprecated. Please use `torch.amp.autocast('cuda', args...)` instead.
  with autocast(enabled=use_amp):
 Iter-36 | MAE=0.967 | MAPE=1.29%
/data/quyhv/oil_forecast_tail_risk/scripts/training/train_unified.py:290: FutureWarning: `torch.cuda.amp.GradScaler(args...)` is deprecated. Please use `torch.amp.GradScaler('cuda', args...)` instead.
  scaler = GradScaler(enabled=use_amp)
/data/quyhv/oil_forecast_tail_risk/scripts/training/train_unified.py:309: FutureWarning: `torch.cuda.amp.autocast(args...)` is deprecated. Please use `torch.amp.autocast('cuda', args...)` instead.
  with autocast(enabled=use_amp):
/data/quyhv/oil_forecast_tail_risk/scripts/training/train_unified.py:349: FutureWarning: `torch.cuda.amp.autocast(args...)` is deprecated. Please use `torch.amp.autocast('cuda', args...)` instead.
  with autocast(enabled=use_amp):
 Iter-37 | MAE=1.693 | MAPE=2.28%
/data/quyhv/oil_forecast_tail_risk/scripts/training/train_unified.py:290: FutureWarning: `torch.cuda.amp.GradScaler(args...)` is deprecated. Please use `torch.amp.GradScaler('cuda', args...)` instead.
  scaler = GradScaler(enabled=use_amp)
/data/quyhv/oil_forecast_tail_risk/scripts/training/train_unified.py:309: FutureWarning: `torch.cuda.amp.autocast(args...)` is deprecated. Please use `torch.amp.autocast('cuda', args...)` instead.
  with autocast(enabled=use_amp):
/data/quyhv/oil_forecast_tail_risk/scripts/training/train_unified.py:349: FutureWarning: `torch.cuda.amp.autocast(args...)` is deprecated. Please use `torch.amp.autocast('cuda', args...)` instead.
  with autocast(enabled=use_amp):
 Iter-38 | MAE=3.084 | MAPE=4.30%
/data/quyhv/oil_forecast_tail_risk/scripts/training/train_unified.py:290: FutureWarning: `torch.cuda.amp.GradScaler(args...)` is deprecated. Please use `torch.amp.GradScaler('cuda', args...)` instead.
  scaler = GradScaler(enabled=use_amp)
/data/quyhv/oil_forecast_tail_risk/scripts/training/train_unified.py:309: FutureWarning: `torch.cuda.amp.autocast(args...)` is deprecated. Please use `torch.amp.autocast('cuda', args...)` instead.
  with autocast(enabled=use_amp):
/data/quyhv/oil_forecast_tail_risk/scripts/training/train_unified.py:349: FutureWarning: `torch.cuda.amp.autocast(args...)` is deprecated. Please use `torch.amp.autocast('cuda', args...)` instead.
  with autocast(enabled=use_amp):
 Iter-39 | MAE=2.295 | MAPE=3.19%
/data/quyhv/oil_forecast_tail_risk/scripts/training/train_unified.py:290: FutureWarning: `torch.cuda.amp.GradScaler(args...)` is deprecated. Please use `torch.amp.GradScaler('cuda', args...)` instead.
  scaler = GradScaler(enabled=use_amp)
/data/quyhv/oil_forecast_tail_risk/scripts/training/train_unified.py:309: FutureWarning: `torch.cuda.amp.autocast(args...)` is deprecated. Please use `torch.amp.autocast('cuda', args...)` instead.
  with autocast(enabled=use_amp):
/data/quyhv/oil_forecast_tail_risk/scripts/training/train_unified.py:349: FutureWarning: `torch.cuda.amp.autocast(args...)` is deprecated. Please use `torch.amp.autocast('cuda', args...)` instead.
  with autocast(enabled=use_amp):
 Iter-40 | MAE=1.284 | MAPE=1.74%
/data/quyhv/oil_forecast_tail_risk/scripts/training/train_unified.py:290: FutureWarning: `torch.cuda.amp.GradScaler(args...)` is deprecated. Please use `torch.amp.GradScaler('cuda', args...)` instead.
  scaler = GradScaler(enabled=use_amp)
/data/quyhv/oil_forecast_tail_risk/scripts/training/train_unified.py:309: FutureWarning: `torch.cuda.amp.autocast(args...)` is deprecated. Please use `torch.amp.autocast('cuda', args...)` instead.
  with autocast(enabled=use_amp):
/data/quyhv/oil_forecast_tail_risk/scripts/training/train_unified.py:349: FutureWarning: `torch.cuda.amp.autocast(args...)` is deprecated. Please use `torch.amp.autocast('cuda', args...)` instead.
  with autocast(enabled=use_amp):
 Iter-41 | MAE=0.903 | MAPE=1.22%
/data/quyhv/oil_forecast_tail_risk/scripts/training/train_unified.py:290: FutureWarning: `torch.cuda.amp.GradScaler(args...)` is deprecated. Please use `torch.amp.GradScaler('cuda', args...)` instead.
  scaler = GradScaler(enabled=use_amp)
/data/quyhv/oil_forecast_tail_risk/scripts/training/train_unified.py:309: FutureWarning: `torch.cuda.amp.autocast(args...)` is deprecated. Please use `torch.amp.autocast('cuda', args...)` instead.
  with autocast(enabled=use_amp):
/data/quyhv/oil_forecast_tail_risk/scripts/training/train_unified.py:349: FutureWarning: `torch.cuda.amp.autocast(args...)` is deprecated. Please use `torch.amp.autocast('cuda', args...)` instead.
  with autocast(enabled=use_amp):
 Iter-42 | MAE=0.187 | MAPE=0.25%
/data/quyhv/oil_forecast_tail_risk/scripts/training/train_unified.py:290: FutureWarning: `torch.cuda.amp.GradScaler(args...)` is deprecated. Please use `torch.amp.GradScaler('cuda', args...)` instead.
  scaler = GradScaler(enabled=use_amp)
/data/quyhv/oil_forecast_tail_risk/scripts/training/train_unified.py:309: FutureWarning: `torch.cuda.amp.autocast(args...)` is deprecated. Please use `torch.amp.autocast('cuda', args...)` instead.
  with autocast(enabled=use_amp):
/data/quyhv/oil_forecast_tail_risk/scripts/training/train_unified.py:349: FutureWarning: `torch.cuda.amp.autocast(args...)` is deprecated. Please use `torch.amp.autocast('cuda', args...)` instead.
  with autocast(enabled=use_amp):
 Iter-43 | MAE=1.052 | MAPE=1.39%
/data/quyhv/oil_forecast_tail_risk/scripts/training/train_unified.py:290: FutureWarning: `torch.cuda.amp.GradScaler(args...)` is deprecated. Please use `torch.amp.GradScaler('cuda', args...)` instead.
  scaler = GradScaler(enabled=use_amp)
/data/quyhv/oil_forecast_tail_risk/scripts/training/train_unified.py:309: FutureWarning: `torch.cuda.amp.autocast(args...)` is deprecated. Please use `torch.amp.autocast('cuda', args...)` instead.
  with autocast(enabled=use_amp):
/data/quyhv/oil_forecast_tail_risk/scripts/training/train_unified.py:349: FutureWarning: `torch.cuda.amp.autocast(args...)` is deprecated. Please use `torch.amp.autocast('cuda', args...)` instead.
  with autocast(enabled=use_amp):
 Iter-44 | MAE=1.275 | MAPE=1.65%
/data/quyhv/oil_forecast_tail_risk/scripts/training/train_unified.py:290: FutureWarning: `torch.cuda.amp.GradScaler(args...)` is deprecated. Please use `torch.amp.GradScaler('cuda', args...)` instead.
  scaler = GradScaler(enabled=use_amp)
/data/quyhv/oil_forecast_tail_risk/scripts/training/train_unified.py:309: FutureWarning: `torch.cuda.amp.autocast(args...)` is deprecated. Please use `torch.amp.autocast('cuda', args...)` instead.
  with autocast(enabled=use_amp):
/data/quyhv/oil_forecast_tail_risk/scripts/training/train_unified.py:349: FutureWarning: `torch.cuda.amp.autocast(args...)` is deprecated. Please use `torch.amp.autocast('cuda', args...)` instead.
  with autocast(enabled=use_amp):
 Iter-45 | MAE=0.424 | MAPE=0.56%
/data/quyhv/oil_forecast_tail_risk/scripts/training/train_unified.py:290: FutureWarning: `torch.cuda.amp.GradScaler(args...)` is deprecated. Please use `torch.amp.GradScaler('cuda', args...)` instead.
  scaler = GradScaler(enabled=use_amp)
/data/quyhv/oil_forecast_tail_risk/scripts/training/train_unified.py:309: FutureWarning: `torch.cuda.amp.autocast(args...)` is deprecated. Please use `torch.amp.autocast('cuda', args...)` instead.
  with autocast(enabled=use_amp):
/data/quyhv/oil_forecast_tail_risk/scripts/training/train_unified.py:349: FutureWarning: `torch.cuda.amp.autocast(args...)` is deprecated. Please use `torch.amp.autocast('cuda', args...)` instead.
  with autocast(enabled=use_amp):
 Iter-46 | MAE=1.988 | MAPE=2.62%
/data/quyhv/oil_forecast_tail_risk/scripts/training/train_unified.py:290: FutureWarning: `torch.cuda.amp.GradScaler(args...)` is deprecated. Please use `torch.amp.GradScaler('cuda', args...)` instead.
  scaler = GradScaler(enabled=use_amp)
/data/quyhv/oil_forecast_tail_risk/scripts/training/train_unified.py:309: FutureWarning: `torch.cuda.amp.autocast(args...)` is deprecated. Please use `torch.amp.autocast('cuda', args...)` instead.
  with autocast(enabled=use_amp):
/data/quyhv/oil_forecast_tail_risk/scripts/training/train_unified.py:349: FutureWarning: `torch.cuda.amp.autocast(args...)` is deprecated. Please use `torch.amp.autocast('cuda', args...)` instead.
  with autocast(enabled=use_amp):
 Iter-47 | MAE=2.583 | MAPE=3.55%
/data/quyhv/oil_forecast_tail_risk/scripts/training/train_unified.py:290: FutureWarning: `torch.cuda.amp.GradScaler(args...)` is deprecated. Please use `torch.amp.GradScaler('cuda', args...)` instead.
  scaler = GradScaler(enabled=use_amp)
/data/quyhv/oil_forecast_tail_risk/scripts/training/train_unified.py:309: FutureWarning: `torch.cuda.amp.autocast(args...)` is deprecated. Please use `torch.amp.autocast('cuda', args...)` instead.
  with autocast(enabled=use_amp):
/data/quyhv/oil_forecast_tail_risk/scripts/training/train_unified.py:349: FutureWarning: `torch.cuda.amp.autocast(args...)` is deprecated. Please use `torch.amp.autocast('cuda', args...)` instead.
  with autocast(enabled=use_amp):
 Iter-48 | MAE=0.065 | MAPE=0.09%
/data/quyhv/oil_forecast_tail_risk/scripts/training/train_unified.py:290: FutureWarning: `torch.cuda.amp.GradScaler(args...)` is deprecated. Please use `torch.amp.GradScaler('cuda', args...)` instead.
  scaler = GradScaler(enabled=use_amp)
/data/quyhv/oil_forecast_tail_risk/scripts/training/train_unified.py:309: FutureWarning: `torch.cuda.amp.autocast(args...)` is deprecated. Please use `torch.amp.autocast('cuda', args...)` instead.
  with autocast(enabled=use_amp):
/data/quyhv/oil_forecast_tail_risk/scripts/training/train_unified.py:349: FutureWarning: `torch.cuda.amp.autocast(args...)` is deprecated. Please use `torch.amp.autocast('cuda', args...)` instead.
  with autocast(enabled=use_amp):
 Iter-49 | MAE=0.452 | MAPE=0.62%
/data/quyhv/oil_forecast_tail_risk/scripts/training/train_unified.py:290: FutureWarning: `torch.cuda.amp.GradScaler(args...)` is deprecated. Please use `torch.amp.GradScaler('cuda', args...)` instead.
  scaler = GradScaler(enabled=use_amp)
/data/quyhv/oil_forecast_tail_risk/scripts/training/train_unified.py:309: FutureWarning: `torch.cuda.amp.autocast(args...)` is deprecated. Please use `torch.amp.autocast('cuda', args...)` instead.
  with autocast(enabled=use_amp):
/data/quyhv/oil_forecast_tail_risk/scripts/training/train_unified.py:349: FutureWarning: `torch.cuda.amp.autocast(args...)` is deprecated. Please use `torch.amp.autocast('cuda', args...)` instead.
  with autocast(enabled=use_amp):
 Iter-50 | MAE=0.691 | MAPE=0.95%
/data/quyhv/oil_forecast_tail_risk/scripts/training/train_unified.py:290: FutureWarning: `torch.cuda.amp.GradScaler(args...)` is deprecated. Please use `torch.amp.GradScaler('cuda', args...)` instead.
  scaler = GradScaler(enabled=use_amp)
/data/quyhv/oil_forecast_tail_risk/scripts/training/train_unified.py:309: FutureWarning: `torch.cuda.amp.autocast(args...)` is deprecated. Please use `torch.amp.autocast('cuda', args...)` instead.
  with autocast(enabled=use_amp):
/data/quyhv/oil_forecast_tail_risk/scripts/training/train_unified.py:349: FutureWarning: `torch.cuda.amp.autocast(args...)` is deprecated. Please use `torch.amp.autocast('cuda', args...)` instead.
  with autocast(enabled=use_amp):
 Iter-51 | MAE=3.374 | MAPE=4.38%
/data/quyhv/oil_forecast_tail_risk/scripts/training/train_unified.py:290: FutureWarning: `torch.cuda.amp.GradScaler(args...)` is deprecated. Please use `torch.amp.GradScaler('cuda', args...)` instead.
  scaler = GradScaler(enabled=use_amp)
/data/quyhv/oil_forecast_tail_risk/scripts/training/train_unified.py:309: FutureWarning: `torch.cuda.amp.autocast(args...)` is deprecated. Please use `torch.amp.autocast('cuda', args...)` instead.
  with autocast(enabled=use_amp):
/data/quyhv/oil_forecast_tail_risk/scripts/training/train_unified.py:349: FutureWarning: `torch.cuda.amp.autocast(args...)` is deprecated. Please use `torch.amp.autocast('cuda', args...)` instead.
  with autocast(enabled=use_amp):
 Iter-52 | MAE=0.904 | MAPE=1.14%
/data/quyhv/oil_forecast_tail_risk/scripts/training/train_unified.py:290: FutureWarning: `torch.cuda.amp.GradScaler(args...)` is deprecated. Please use `torch.amp.GradScaler('cuda', args...)` instead.
  scaler = GradScaler(enabled=use_amp)
/data/quyhv/oil_forecast_tail_risk/scripts/training/train_unified.py:309: FutureWarning: `torch.cuda.amp.autocast(args...)` is deprecated. Please use `torch.amp.autocast('cuda', args...)` instead.
  with autocast(enabled=use_amp):
/data/quyhv/oil_forecast_tail_risk/scripts/training/train_unified.py:349: FutureWarning: `torch.cuda.amp.autocast(args...)` is deprecated. Please use `torch.amp.autocast('cuda', args...)` instead.
  with autocast(enabled=use_amp):
 Iter-53 | MAE=0.085 | MAPE=0.11%
/data/quyhv/oil_forecast_tail_risk/scripts/training/train_unified.py:290: FutureWarning: `torch.cuda.amp.GradScaler(args...)` is deprecated. Please use `torch.amp.GradScaler('cuda', args...)` instead.
  scaler = GradScaler(enabled=use_amp)
/data/quyhv/oil_forecast_tail_risk/scripts/training/train_unified.py:309: FutureWarning: `torch.cuda.amp.autocast(args...)` is deprecated. Please use `torch.amp.autocast('cuda', args...)` instead.
  with autocast(enabled=use_amp):
/data/quyhv/oil_forecast_tail_risk/scripts/training/train_unified.py:349: FutureWarning: `torch.cuda.amp.autocast(args...)` is deprecated. Please use `torch.amp.autocast('cuda', args...)` instead.
  with autocast(enabled=use_amp):
 Iter-54 | MAE=2.337 | MAPE=2.92%
/data/quyhv/oil_forecast_tail_risk/scripts/training/train_unified.py:290: FutureWarning: `torch.cuda.amp.GradScaler(args...)` is deprecated. Please use `torch.amp.GradScaler('cuda', args...)` instead.
  scaler = GradScaler(enabled=use_amp)
/data/quyhv/oil_forecast_tail_risk/scripts/training/train_unified.py:309: FutureWarning: `torch.cuda.amp.autocast(args...)` is deprecated. Please use `torch.amp.autocast('cuda', args...)` instead.
  with autocast(enabled=use_amp):
/data/quyhv/oil_forecast_tail_risk/scripts/training/train_unified.py:349: FutureWarning: `torch.cuda.amp.autocast(args...)` is deprecated. Please use `torch.amp.autocast('cuda', args...)` instead.
  with autocast(enabled=use_amp):
 Iter-55 | MAE=0.887 | MAPE=1.11%
/data/quyhv/oil_forecast_tail_risk/scripts/training/train_unified.py:290: FutureWarning: `torch.cuda.amp.GradScaler(args...)` is deprecated. Please use `torch.amp.GradScaler('cuda', args...)` instead.
  scaler = GradScaler(enabled=use_amp)
/data/quyhv/oil_forecast_tail_risk/scripts/training/train_unified.py:309: FutureWarning: `torch.cuda.amp.autocast(args...)` is deprecated. Please use `torch.amp.autocast('cuda', args...)` instead.
  with autocast(enabled=use_amp):
/data/quyhv/oil_forecast_tail_risk/scripts/training/train_unified.py:349: FutureWarning: `torch.cuda.amp.autocast(args...)` is deprecated. Please use `torch.amp.autocast('cuda', args...)` instead.
  with autocast(enabled=use_amp):
 Iter-56 | MAE=1.057 | MAPE=1.31%
/data/quyhv/oil_forecast_tail_risk/scripts/training/train_unified.py:290: FutureWarning: `torch.cuda.amp.GradScaler(args...)` is deprecated. Please use `torch.amp.GradScaler('cuda', args...)` instead.
  scaler = GradScaler(enabled=use_amp)
/data/quyhv/oil_forecast_tail_risk/scripts/training/train_unified.py:309: FutureWarning: `torch.cuda.amp.autocast(args...)` is deprecated. Please use `torch.amp.autocast('cuda', args...)` instead.
  with autocast(enabled=use_amp):
/data/quyhv/oil_forecast_tail_risk/scripts/training/train_unified.py:349: FutureWarning: `torch.cuda.amp.autocast(args...)` is deprecated. Please use `torch.amp.autocast('cuda', args...)` instead.
  with autocast(enabled=use_amp):
 Iter-57 | MAE=0.047 | MAPE=0.06%
/data/quyhv/oil_forecast_tail_risk/scripts/training/train_unified.py:290: FutureWarning: `torch.cuda.amp.GradScaler(args...)` is deprecated. Please use `torch.amp.GradScaler('cuda', args...)` instead.
  scaler = GradScaler(enabled=use_amp)
/data/quyhv/oil_forecast_tail_risk/scripts/training/train_unified.py:309: FutureWarning: `torch.cuda.amp.autocast(args...)` is deprecated. Please use `torch.amp.autocast('cuda', args...)` instead.
  with autocast(enabled=use_amp):
/data/quyhv/oil_forecast_tail_risk/scripts/training/train_unified.py:349: FutureWarning: `torch.cuda.amp.autocast(args...)` is deprecated. Please use `torch.amp.autocast('cuda', args...)` instead.
  with autocast(enabled=use_amp):
 Iter-58 | MAE=10.815 | MAPE=11.82%
/data/quyhv/oil_forecast_tail_risk/scripts/training/train_unified.py:290: FutureWarning: `torch.cuda.amp.GradScaler(args...)` is deprecated. Please use `torch.amp.GradScaler('cuda', args...)` instead.
  scaler = GradScaler(enabled=use_amp)
/data/quyhv/oil_forecast_tail_risk/scripts/training/train_unified.py:309: FutureWarning: `torch.cuda.amp.autocast(args...)` is deprecated. Please use `torch.amp.autocast('cuda', args...)` instead.
  with autocast(enabled=use_amp):
/data/quyhv/oil_forecast_tail_risk/scripts/training/train_unified.py:349: FutureWarning: `torch.cuda.amp.autocast(args...)` is deprecated. Please use `torch.amp.autocast('cuda', args...)` instead.
  with autocast(enabled=use_amp):
 Iter-59 | MAE=5.768 | MAPE=5.94%
/data/quyhv/oil_forecast_tail_risk/scripts/training/train_unified.py:290: FutureWarning: `torch.cuda.amp.GradScaler(args...)` is deprecated. Please use `torch.amp.GradScaler('cuda', args...)` instead.
  scaler = GradScaler(enabled=use_amp)
/data/quyhv/oil_forecast_tail_risk/scripts/training/train_unified.py:309: FutureWarning: `torch.cuda.amp.autocast(args...)` is deprecated. Please use `torch.amp.autocast('cuda', args...)` instead.
  with autocast(enabled=use_amp):
/data/quyhv/oil_forecast_tail_risk/scripts/training/train_unified.py:349: FutureWarning: `torch.cuda.amp.autocast(args...)` is deprecated. Please use `torch.amp.autocast('cuda', args...)` instead.
  with autocast(enabled=use_amp):
 Iter-60 | MAE=2.359 | MAPE=2.29%
/data/quyhv/oil_forecast_tail_risk/scripts/training/train_unified.py:290: FutureWarning: `torch.cuda.amp.GradScaler(args...)` is deprecated. Please use `torch.amp.GradScaler('cuda', args...)` instead.
  scaler = GradScaler(enabled=use_amp)
/data/quyhv/oil_forecast_tail_risk/scripts/training/train_unified.py:309: FutureWarning: `torch.cuda.amp.autocast(args...)` is deprecated. Please use `torch.amp.autocast('cuda', args...)` instead.
  with autocast(enabled=use_amp):
/data/quyhv/oil_forecast_tail_risk/scripts/training/train_unified.py:349: FutureWarning: `torch.cuda.amp.autocast(args...)` is deprecated. Please use `torch.amp.autocast('cuda', args...)` instead.
  with autocast(enabled=use_amp):
 Iter-61 | MAE=8.114 | MAPE=7.47%
/data/quyhv/oil_forecast_tail_risk/scripts/training/train_unified.py:290: FutureWarning: `torch.cuda.amp.GradScaler(args...)` is deprecated. Please use `torch.amp.GradScaler('cuda', args...)` instead.
  scaler = GradScaler(enabled=use_amp)
/data/quyhv/oil_forecast_tail_risk/scripts/training/train_unified.py:309: FutureWarning: `torch.cuda.amp.autocast(args...)` is deprecated. Please use `torch.amp.autocast('cuda', args...)` instead.
  with autocast(enabled=use_amp):
/data/quyhv/oil_forecast_tail_risk/scripts/training/train_unified.py:349: FutureWarning: `torch.cuda.amp.autocast(args...)` is deprecated. Please use `torch.amp.autocast('cuda', args...)` instead.
  with autocast(enabled=use_amp):
 Iter-62 | MAE=5.341 | MAPE=4.51%
/data/quyhv/oil_forecast_tail_risk/scripts/training/train_unified.py:290: FutureWarning: `torch.cuda.amp.GradScaler(args...)` is deprecated. Please use `torch.amp.GradScaler('cuda', args...)` instead.
  scaler = GradScaler(enabled=use_amp)
/data/quyhv/oil_forecast_tail_risk/scripts/training/train_unified.py:309: FutureWarning: `torch.cuda.amp.autocast(args...)` is deprecated. Please use `torch.amp.autocast('cuda', args...)` instead.
  with autocast(enabled=use_amp):
/data/quyhv/oil_forecast_tail_risk/scripts/training/train_unified.py:349: FutureWarning: `torch.cuda.amp.autocast(args...)` is deprecated. Please use `torch.amp.autocast('cuda', args...)` instead.
  with autocast(enabled=use_amp):
 Iter-63 | MAE=20.484 | MAPE=14.30%
/data/quyhv/oil_forecast_tail_risk/scripts/training/train_unified.py:290: FutureWarning: `torch.cuda.amp.GradScaler(args...)` is deprecated. Please use `torch.amp.GradScaler('cuda', args...)` instead.
  scaler = GradScaler(enabled=use_amp)
/data/quyhv/oil_forecast_tail_risk/scripts/training/train_unified.py:309: FutureWarning: `torch.cuda.amp.autocast(args...)` is deprecated. Please use `torch.amp.autocast('cuda', args...)` instead.
  with autocast(enabled=use_amp):
/data/quyhv/oil_forecast_tail_risk/scripts/training/train_unified.py:349: FutureWarning: `torch.cuda.amp.autocast(args...)` is deprecated. Please use `torch.amp.autocast('cuda', args...)` instead.
  with autocast(enabled=use_amp):
 Iter-64 | MAE=18.981 | MAPE=15.41%
/data/quyhv/oil_forecast_tail_risk/scripts/training/train_unified.py:290: FutureWarning: `torch.cuda.amp.GradScaler(args...)` is deprecated. Please use `torch.amp.GradScaler('cuda', args...)` instead.
  scaler = GradScaler(enabled=use_amp)
/data/quyhv/oil_forecast_tail_risk/scripts/training/train_unified.py:309: FutureWarning: `torch.cuda.amp.autocast(args...)` is deprecated. Please use `torch.amp.autocast('cuda', args...)` instead.
  with autocast(enabled=use_amp):
/data/quyhv/oil_forecast_tail_risk/scripts/training/train_unified.py:349: FutureWarning: `torch.cuda.amp.autocast(args...)` is deprecated. Please use `torch.amp.autocast('cuda', args...)` instead.
  with autocast(enabled=use_amp):
 Iter-65 | MAE=2.817 | MAPE=2.31%
/data/quyhv/oil_forecast_tail_risk/scripts/training/train_unified.py:290: FutureWarning: `torch.cuda.amp.GradScaler(args...)` is deprecated. Please use `torch.amp.GradScaler('cuda', args...)` instead.
  scaler = GradScaler(enabled=use_amp)
/data/quyhv/oil_forecast_tail_risk/scripts/training/train_unified.py:309: FutureWarning: `torch.cuda.amp.autocast(args...)` is deprecated. Please use `torch.amp.autocast('cuda', args...)` instead.
  with autocast(enabled=use_amp):
/data/quyhv/oil_forecast_tail_risk/scripts/training/train_unified.py:349: FutureWarning: `torch.cuda.amp.autocast(args...)` is deprecated. Please use `torch.amp.autocast('cuda', args...)` instead.
  with autocast(enabled=use_amp):
 Iter-66 | MAE=9.403 | MAPE=6.88%
/data/quyhv/oil_forecast_tail_risk/scripts/training/train_unified.py:290: FutureWarning: `torch.cuda.amp.GradScaler(args...)` is deprecated. Please use `torch.amp.GradScaler('cuda', args...)` instead.
  scaler = GradScaler(enabled=use_amp)
/data/quyhv/oil_forecast_tail_risk/scripts/training/train_unified.py:309: FutureWarning: `torch.cuda.amp.autocast(args...)` is deprecated. Please use `torch.amp.autocast('cuda', args...)` instead.
  with autocast(enabled=use_amp):
/data/quyhv/oil_forecast_tail_risk/scripts/training/train_unified.py:349: FutureWarning: `torch.cuda.amp.autocast(args...)` is deprecated. Please use `torch.amp.autocast('cuda', args...)` instead.
  with autocast(enabled=use_amp):
 Iter-67 | MAE=5.442 | MAPE=3.76%
/data/quyhv/oil_forecast_tail_risk/scripts/training/train_unified.py:290: FutureWarning: `torch.cuda.amp.GradScaler(args...)` is deprecated. Please use `torch.amp.GradScaler('cuda', args...)` instead.
  scaler = GradScaler(enabled=use_amp)
/data/quyhv/oil_forecast_tail_risk/scripts/training/train_unified.py:309: FutureWarning: `torch.cuda.amp.autocast(args...)` is deprecated. Please use `torch.amp.autocast('cuda', args...)` instead.
  with autocast(enabled=use_amp):
/data/quyhv/oil_forecast_tail_risk/scripts/training/train_unified.py:349: FutureWarning: `torch.cuda.amp.autocast(args...)` is deprecated. Please use `torch.amp.autocast('cuda', args...)` instead.
  with autocast(enabled=use_amp):
 Iter-68 | MAE=1.810 | MAPE=1.28%
/data/quyhv/oil_forecast_tail_risk/scripts/training/train_unified.py:290: FutureWarning: `torch.cuda.amp.GradScaler(args...)` is deprecated. Please use `torch.amp.GradScaler('cuda', args...)` instead.
  scaler = GradScaler(enabled=use_amp)
/data/quyhv/oil_forecast_tail_risk/scripts/training/train_unified.py:309: FutureWarning: `torch.cuda.amp.autocast(args...)` is deprecated. Please use `torch.amp.autocast('cuda', args...)` instead.
  with autocast(enabled=use_amp):
/data/quyhv/oil_forecast_tail_risk/scripts/training/train_unified.py:349: FutureWarning: `torch.cuda.amp.autocast(args...)` is deprecated. Please use `torch.amp.autocast('cuda', args...)` instead.
  with autocast(enabled=use_amp):
 Iter-69 | MAE=8.401 | MAPE=5.78%
/data/quyhv/oil_forecast_tail_risk/scripts/training/train_unified.py:290: FutureWarning: `torch.cuda.amp.GradScaler(args...)` is deprecated. Please use `torch.amp.GradScaler('cuda', args...)` instead.
  scaler = GradScaler(enabled=use_amp)
/data/quyhv/oil_forecast_tail_risk/scripts/training/train_unified.py:309: FutureWarning: `torch.cuda.amp.autocast(args...)` is deprecated. Please use `torch.amp.autocast('cuda', args...)` instead.
  with autocast(enabled=use_amp):
/data/quyhv/oil_forecast_tail_risk/scripts/training/train_unified.py:349: FutureWarning: `torch.cuda.amp.autocast(args...)` is deprecated. Please use `torch.amp.autocast('cuda', args...)` instead.
  with autocast(enabled=use_amp):
 Iter-70 | MAE=7.518 | MAPE=5.16%
/data/quyhv/oil_forecast_tail_risk/scripts/training/train_unified.py:290: FutureWarning: `torch.cuda.amp.GradScaler(args...)` is deprecated. Please use `torch.amp.GradScaler('cuda', args...)` instead.
  scaler = GradScaler(enabled=use_amp)
/data/quyhv/oil_forecast_tail_risk/scripts/training/train_unified.py:309: FutureWarning: `torch.cuda.amp.autocast(args...)` is deprecated. Please use `torch.amp.autocast('cuda', args...)` instead.
  with autocast(enabled=use_amp):
/data/quyhv/oil_forecast_tail_risk/scripts/training/train_unified.py:349: FutureWarning: `torch.cuda.amp.autocast(args...)` is deprecated. Please use `torch.amp.autocast('cuda', args...)` instead.
  with autocast(enabled=use_amp):
 Iter-71 | MAE=13.711 | MAPE=8.66%
/data/quyhv/oil_forecast_tail_risk/scripts/training/train_unified.py:290: FutureWarning: `torch.cuda.amp.GradScaler(args...)` is deprecated. Please use `torch.amp.GradScaler('cuda', args...)` instead.
  scaler = GradScaler(enabled=use_amp)
/data/quyhv/oil_forecast_tail_risk/scripts/training/train_unified.py:309: FutureWarning: `torch.cuda.amp.autocast(args...)` is deprecated. Please use `torch.amp.autocast('cuda', args...)` instead.
  with autocast(enabled=use_amp):
/data/quyhv/oil_forecast_tail_risk/scripts/training/train_unified.py:349: FutureWarning: `torch.cuda.amp.autocast(args...)` is deprecated. Please use `torch.amp.autocast('cuda', args...)` instead.
  with autocast(enabled=use_amp):
 Iter-72 | MAE=2.178 | MAPE=1.39%
/data/quyhv/oil_forecast_tail_risk/scripts/training/train_unified.py:290: FutureWarning: `torch.cuda.amp.GradScaler(args...)` is deprecated. Please use `torch.amp.GradScaler('cuda', args...)` instead.
  scaler = GradScaler(enabled=use_amp)
/data/quyhv/oil_forecast_tail_risk/scripts/training/train_unified.py:309: FutureWarning: `torch.cuda.amp.autocast(args...)` is deprecated. Please use `torch.amp.autocast('cuda', args...)` instead.
  with autocast(enabled=use_amp):
/data/quyhv/oil_forecast_tail_risk/scripts/training/train_unified.py:349: FutureWarning: `torch.cuda.amp.autocast(args...)` is deprecated. Please use `torch.amp.autocast('cuda', args...)` instead.
  with autocast(enabled=use_amp):
 Iter-73 | MAE=2.160 | MAPE=1.31%
/data/quyhv/oil_forecast_tail_risk/scripts/training/train_unified.py:290: FutureWarning: `torch.cuda.amp.GradScaler(args...)` is deprecated. Please use `torch.amp.GradScaler('cuda', args...)` instead.
  scaler = GradScaler(enabled=use_amp)
/data/quyhv/oil_forecast_tail_risk/scripts/training/train_unified.py:309: FutureWarning: `torch.cuda.amp.autocast(args...)` is deprecated. Please use `torch.amp.autocast('cuda', args...)` instead.
  with autocast(enabled=use_amp):
/data/quyhv/oil_forecast_tail_risk/scripts/training/train_unified.py:349: FutureWarning: `torch.cuda.amp.autocast(args...)` is deprecated. Please use `torch.amp.autocast('cuda', args...)` instead.
  with autocast(enabled=use_amp):
 Iter-74 | MAE=10.935 | MAPE=7.53%
/data/quyhv/oil_forecast_tail_risk/scripts/training/train_unified.py:290: FutureWarning: `torch.cuda.amp.GradScaler(args...)` is deprecated. Please use `torch.amp.GradScaler('cuda', args...)` instead.
  scaler = GradScaler(enabled=use_amp)
/data/quyhv/oil_forecast_tail_risk/scripts/training/train_unified.py:309: FutureWarning: `torch.cuda.amp.autocast(args...)` is deprecated. Please use `torch.amp.autocast('cuda', args...)` instead.
  with autocast(enabled=use_amp):
/data/quyhv/oil_forecast_tail_risk/scripts/training/train_unified.py:349: FutureWarning: `torch.cuda.amp.autocast(args...)` is deprecated. Please use `torch.amp.autocast('cuda', args...)` instead.
  with autocast(enabled=use_amp):
 Iter-75 | MAE=16.038 | MAPE=12.04%
/data/quyhv/oil_forecast_tail_risk/scripts/training/train_unified.py:290: FutureWarning: `torch.cuda.amp.GradScaler(args...)` is deprecated. Please use `torch.amp.GradScaler('cuda', args...)` instead.
  scaler = GradScaler(enabled=use_amp)
/data/quyhv/oil_forecast_tail_risk/scripts/training/train_unified.py:309: FutureWarning: `torch.cuda.amp.autocast(args...)` is deprecated. Please use `torch.amp.autocast('cuda', args...)` instead.
  with autocast(enabled=use_amp):
/data/quyhv/oil_forecast_tail_risk/scripts/training/train_unified.py:349: FutureWarning: `torch.cuda.amp.autocast(args...)` is deprecated. Please use `torch.amp.autocast('cuda', args...)` instead.
  with autocast(enabled=use_amp):
 Iter-76 | MAE=7.640 | MAPE=5.90%
/data/quyhv/oil_forecast_tail_risk/scripts/training/train_unified.py:290: FutureWarning: `torch.cuda.amp.GradScaler(args...)` is deprecated. Please use `torch.amp.GradScaler('cuda', args...)` instead.
  scaler = GradScaler(enabled=use_amp)
/data/quyhv/oil_forecast_tail_risk/scripts/training/train_unified.py:309: FutureWarning: `torch.cuda.amp.autocast(args...)` is deprecated. Please use `torch.amp.autocast('cuda', args...)` instead.
  with autocast(enabled=use_amp):
/data/quyhv/oil_forecast_tail_risk/scripts/training/train_unified.py:349: FutureWarning: `torch.cuda.amp.autocast(args...)` is deprecated. Please use `torch.amp.autocast('cuda', args...)` instead.
  with autocast(enabled=use_amp):
 Iter-77 | MAE=1.008 | MAPE=0.76%
/data/quyhv/oil_forecast_tail_risk/scripts/training/train_unified.py:290: FutureWarning: `torch.cuda.amp.GradScaler(args...)` is deprecated. Please use `torch.amp.GradScaler('cuda', args...)` instead.
  scaler = GradScaler(enabled=use_amp)
/data/quyhv/oil_forecast_tail_risk/scripts/training/train_unified.py:309: FutureWarning: `torch.cuda.amp.autocast(args...)` is deprecated. Please use `torch.amp.autocast('cuda', args...)` instead.
  with autocast(enabled=use_amp):
/data/quyhv/oil_forecast_tail_risk/scripts/training/train_unified.py:349: FutureWarning: `torch.cuda.amp.autocast(args...)` is deprecated. Please use `torch.amp.autocast('cuda', args...)` instead.
  with autocast(enabled=use_amp):
 Iter-78 | MAE=5.679 | MAPE=3.93%
/data/quyhv/oil_forecast_tail_risk/scripts/training/train_unified.py:290: FutureWarning: `torch.cuda.amp.GradScaler(args...)` is deprecated. Please use `torch.amp.GradScaler('cuda', args...)` instead.
  scaler = GradScaler(enabled=use_amp)
/data/quyhv/oil_forecast_tail_risk/scripts/training/train_unified.py:309: FutureWarning: `torch.cuda.amp.autocast(args...)` is deprecated. Please use `torch.amp.autocast('cuda', args...)` instead.
  with autocast(enabled=use_amp):
/data/quyhv/oil_forecast_tail_risk/scripts/training/train_unified.py:349: FutureWarning: `torch.cuda.amp.autocast(args...)` is deprecated. Please use `torch.amp.autocast('cuda', args...)` instead.
  with autocast(enabled=use_amp):
 Iter-79 | MAE=0.247 | MAPE=0.17%
/data/quyhv/oil_forecast_tail_risk/scripts/training/train_unified.py:290: FutureWarning: `torch.cuda.amp.GradScaler(args...)` is deprecated. Please use `torch.amp.GradScaler('cuda', args...)` instead.
  scaler = GradScaler(enabled=use_amp)
/data/quyhv/oil_forecast_tail_risk/scripts/training/train_unified.py:309: FutureWarning: `torch.cuda.amp.autocast(args...)` is deprecated. Please use `torch.amp.autocast('cuda', args...)` instead.
  with autocast(enabled=use_amp):
/data/quyhv/oil_forecast_tail_risk/scripts/training/train_unified.py:349: FutureWarning: `torch.cuda.amp.autocast(args...)` is deprecated. Please use `torch.amp.autocast('cuda', args...)` instead.
  with autocast(enabled=use_amp):
 Iter-80 | MAE=3.180 | MAPE=2.27%
/data/quyhv/oil_forecast_tail_risk/scripts/training/train_unified.py:290: FutureWarning: `torch.cuda.amp.GradScaler(args...)` is deprecated. Please use `torch.amp.GradScaler('cuda', args...)` instead.
  scaler = GradScaler(enabled=use_amp)
/data/quyhv/oil_forecast_tail_risk/scripts/training/train_unified.py:309: FutureWarning: `torch.cuda.amp.autocast(args...)` is deprecated. Please use `torch.amp.autocast('cuda', args...)` instead.
  with autocast(enabled=use_amp):
/data/quyhv/oil_forecast_tail_risk/scripts/training/train_unified.py:349: FutureWarning: `torch.cuda.amp.autocast(args...)` is deprecated. Please use `torch.amp.autocast('cuda', args...)` instead.
  with autocast(enabled=use_amp):
 Iter-81 | MAE=7.983 | MAPE=5.39%
/data/quyhv/oil_forecast_tail_risk/scripts/training/train_unified.py:290: FutureWarning: `torch.cuda.amp.GradScaler(args...)` is deprecated. Please use `torch.amp.GradScaler('cuda', args...)` instead.
  scaler = GradScaler(enabled=use_amp)
/data/quyhv/oil_forecast_tail_risk/scripts/training/train_unified.py:309: FutureWarning: `torch.cuda.amp.autocast(args...)` is deprecated. Please use `torch.amp.autocast('cuda', args...)` instead.
  with autocast(enabled=use_amp):
/data/quyhv/oil_forecast_tail_risk/scripts/training/train_unified.py:349: FutureWarning: `torch.cuda.amp.autocast(args...)` is deprecated. Please use `torch.amp.autocast('cuda', args...)` instead.
  with autocast(enabled=use_amp):
 Iter-82 | MAE=1.489 | MAPE=1.03%
/data/quyhv/oil_forecast_tail_risk/scripts/training/train_unified.py:290: FutureWarning: `torch.cuda.amp.GradScaler(args...)` is deprecated. Please use `torch.amp.GradScaler('cuda', args...)` instead.
  scaler = GradScaler(enabled=use_amp)
/data/quyhv/oil_forecast_tail_risk/scripts/training/train_unified.py:309: FutureWarning: `torch.cuda.amp.autocast(args...)` is deprecated. Please use `torch.amp.autocast('cuda', args...)` instead.
  with autocast(enabled=use_amp):
/data/quyhv/oil_forecast_tail_risk/scripts/training/train_unified.py:349: FutureWarning: `torch.cuda.amp.autocast(args...)` is deprecated. Please use `torch.amp.autocast('cuda', args...)` instead.
  with autocast(enabled=use_amp):
 Iter-83 | MAE=5.480 | MAPE=3.85%
/data/quyhv/oil_forecast_tail_risk/scripts/training/train_unified.py:290: FutureWarning: `torch.cuda.amp.GradScaler(args...)` is deprecated. Please use `torch.amp.GradScaler('cuda', args...)` instead.
  scaler = GradScaler(enabled=use_amp)
/data/quyhv/oil_forecast_tail_risk/scripts/training/train_unified.py:309: FutureWarning: `torch.cuda.amp.autocast(args...)` is deprecated. Please use `torch.amp.autocast('cuda', args...)` instead.
  with autocast(enabled=use_amp):
/data/quyhv/oil_forecast_tail_risk/scripts/training/train_unified.py:349: FutureWarning: `torch.cuda.amp.autocast(args...)` is deprecated. Please use `torch.amp.autocast('cuda', args...)` instead.
  with autocast(enabled=use_amp):
 Iter-84 | MAE=20.809 | MAPE=16.96%
/data/quyhv/oil_forecast_tail_risk/scripts/training/train_unified.py:290: FutureWarning: `torch.cuda.amp.GradScaler(args...)` is deprecated. Please use `torch.amp.GradScaler('cuda', args...)` instead.
  scaler = GradScaler(enabled=use_amp)
/data/quyhv/oil_forecast_tail_risk/scripts/training/train_unified.py:309: FutureWarning: `torch.cuda.amp.autocast(args...)` is deprecated. Please use `torch.amp.autocast('cuda', args...)` instead.
  with autocast(enabled=use_amp):
/data/quyhv/oil_forecast_tail_risk/scripts/training/train_unified.py:349: FutureWarning: `torch.cuda.amp.autocast(args...)` is deprecated. Please use `torch.amp.autocast('cuda', args...)` instead.
  with autocast(enabled=use_amp):
 Iter-85 | MAE=13.126 | MAPE=9.88%
/data/quyhv/oil_forecast_tail_risk/scripts/training/train_unified.py:290: FutureWarning: `torch.cuda.amp.GradScaler(args...)` is deprecated. Please use `torch.amp.GradScaler('cuda', args...)` instead.
  scaler = GradScaler(enabled=use_amp)
/data/quyhv/oil_forecast_tail_risk/scripts/training/train_unified.py:309: FutureWarning: `torch.cuda.amp.autocast(args...)` is deprecated. Please use `torch.amp.autocast('cuda', args...)` instead.
  with autocast(enabled=use_amp):
/data/quyhv/oil_forecast_tail_risk/scripts/training/train_unified.py:349: FutureWarning: `torch.cuda.amp.autocast(args...)` is deprecated. Please use `torch.amp.autocast('cuda', args...)` instead.
  with autocast(enabled=use_amp):
 Iter-86 | MAE=2.639 | MAPE=2.03%
/data/quyhv/oil_forecast_tail_risk/scripts/training/train_unified.py:290: FutureWarning: `torch.cuda.amp.GradScaler(args...)` is deprecated. Please use `torch.amp.GradScaler('cuda', args...)` instead.
  scaler = GradScaler(enabled=use_amp)
/data/quyhv/oil_forecast_tail_risk/scripts/training/train_unified.py:309: FutureWarning: `torch.cuda.amp.autocast(args...)` is deprecated. Please use `torch.amp.autocast('cuda', args...)` instead.
  with autocast(enabled=use_amp):
/data/quyhv/oil_forecast_tail_risk/scripts/training/train_unified.py:349: FutureWarning: `torch.cuda.amp.autocast(args...)` is deprecated. Please use `torch.amp.autocast('cuda', args...)` instead.
  with autocast(enabled=use_amp):
 Iter-87 | MAE=0.821 | MAPE=0.60%
/data/quyhv/oil_forecast_tail_risk/scripts/training/train_unified.py:290: FutureWarning: `torch.cuda.amp.GradScaler(args...)` is deprecated. Please use `torch.amp.GradScaler('cuda', args...)` instead.
  scaler = GradScaler(enabled=use_amp)
/data/quyhv/oil_forecast_tail_risk/scripts/training/train_unified.py:309: FutureWarning: `torch.cuda.amp.autocast(args...)` is deprecated. Please use `torch.amp.autocast('cuda', args...)` instead.
  with autocast(enabled=use_amp):
/data/quyhv/oil_forecast_tail_risk/scripts/training/train_unified.py:349: FutureWarning: `torch.cuda.amp.autocast(args...)` is deprecated. Please use `torch.amp.autocast('cuda', args...)` instead.
  with autocast(enabled=use_amp):
 Iter-88 | MAE=8.707 | MAPE=6.87%
/data/quyhv/oil_forecast_tail_risk/scripts/training/train_unified.py:290: FutureWarning: `torch.cuda.amp.GradScaler(args...)` is deprecated. Please use `torch.amp.GradScaler('cuda', args...)` instead.
  scaler = GradScaler(enabled=use_amp)
/data/quyhv/oil_forecast_tail_risk/scripts/training/train_unified.py:309: FutureWarning: `torch.cuda.amp.autocast(args...)` is deprecated. Please use `torch.amp.autocast('cuda', args...)` instead.
  with autocast(enabled=use_amp):
/data/quyhv/oil_forecast_tail_risk/scripts/training/train_unified.py:349: FutureWarning: `torch.cuda.amp.autocast(args...)` is deprecated. Please use `torch.amp.autocast('cuda', args...)` instead.
  with autocast(enabled=use_amp):
 Iter-89 | MAE=0.509 | MAPE=0.43%
/data/quyhv/oil_forecast_tail_risk/scripts/training/train_unified.py:290: FutureWarning: `torch.cuda.amp.GradScaler(args...)` is deprecated. Please use `torch.amp.GradScaler('cuda', args...)` instead.
  scaler = GradScaler(enabled=use_amp)
/data/quyhv/oil_forecast_tail_risk/scripts/training/train_unified.py:309: FutureWarning: `torch.cuda.amp.autocast(args...)` is deprecated. Please use `torch.amp.autocast('cuda', args...)` instead.
  with autocast(enabled=use_amp):
/data/quyhv/oil_forecast_tail_risk/scripts/training/train_unified.py:349: FutureWarning: `torch.cuda.amp.autocast(args...)` is deprecated. Please use `torch.amp.autocast('cuda', args...)` instead.
  with autocast(enabled=use_amp):
 Iter-90 | MAE=2.338 | MAPE=1.91%
/data/quyhv/oil_forecast_tail_risk/scripts/training/train_unified.py:290: FutureWarning: `torch.cuda.amp.GradScaler(args...)` is deprecated. Please use `torch.amp.GradScaler('cuda', args...)` instead.
  scaler = GradScaler(enabled=use_amp)
/data/quyhv/oil_forecast_tail_risk/scripts/training/train_unified.py:309: FutureWarning: `torch.cuda.amp.autocast(args...)` is deprecated. Please use `torch.amp.autocast('cuda', args...)` instead.
  with autocast(enabled=use_amp):
/data/quyhv/oil_forecast_tail_risk/scripts/training/train_unified.py:349: FutureWarning: `torch.cuda.amp.autocast(args...)` is deprecated. Please use `torch.amp.autocast('cuda', args...)` instead.
  with autocast(enabled=use_amp):
 Iter-91 | MAE=2.106 | MAPE=1.65%
/data/quyhv/oil_forecast_tail_risk/scripts/training/train_unified.py:290: FutureWarning: `torch.cuda.amp.GradScaler(args...)` is deprecated. Please use `torch.amp.GradScaler('cuda', args...)` instead.
  scaler = GradScaler(enabled=use_amp)
/data/quyhv/oil_forecast_tail_risk/scripts/training/train_unified.py:309: FutureWarning: `torch.cuda.amp.autocast(args...)` is deprecated. Please use `torch.amp.autocast('cuda', args...)` instead.
  with autocast(enabled=use_amp):
/data/quyhv/oil_forecast_tail_risk/scripts/training/train_unified.py:349: FutureWarning: `torch.cuda.amp.autocast(args...)` is deprecated. Please use `torch.amp.autocast('cuda', args...)` instead.
  with autocast(enabled=use_amp):
 Iter-92 | MAE=0.820 | MAPE=0.67%
/data/quyhv/oil_forecast_tail_risk/scripts/training/train_unified.py:290: FutureWarning: `torch.cuda.amp.GradScaler(args...)` is deprecated. Please use `torch.amp.GradScaler('cuda', args...)` instead.
  scaler = GradScaler(enabled=use_amp)
/data/quyhv/oil_forecast_tail_risk/scripts/training/train_unified.py:309: FutureWarning: `torch.cuda.amp.autocast(args...)` is deprecated. Please use `torch.amp.autocast('cuda', args...)` instead.
  with autocast(enabled=use_amp):
/data/quyhv/oil_forecast_tail_risk/scripts/training/train_unified.py:349: FutureWarning: `torch.cuda.amp.autocast(args...)` is deprecated. Please use `torch.amp.autocast('cuda', args...)` instead.
  with autocast(enabled=use_amp):
 Iter-93 | MAE=0.422 | MAPE=0.34%
/data/quyhv/oil_forecast_tail_risk/scripts/training/train_unified.py:290: FutureWarning: `torch.cuda.amp.GradScaler(args...)` is deprecated. Please use `torch.amp.GradScaler('cuda', args...)` instead.
  scaler = GradScaler(enabled=use_amp)
/data/quyhv/oil_forecast_tail_risk/scripts/training/train_unified.py:309: FutureWarning: `torch.cuda.amp.autocast(args...)` is deprecated. Please use `torch.amp.autocast('cuda', args...)` instead.
  with autocast(enabled=use_amp):
/data/quyhv/oil_forecast_tail_risk/scripts/training/train_unified.py:349: FutureWarning: `torch.cuda.amp.autocast(args...)` is deprecated. Please use `torch.amp.autocast('cuda', args...)` instead.
  with autocast(enabled=use_amp):
 Iter-94 | MAE=3.120 | MAPE=2.48%
/data/quyhv/oil_forecast_tail_risk/scripts/training/train_unified.py:290: FutureWarning: `torch.cuda.amp.GradScaler(args...)` is deprecated. Please use `torch.amp.GradScaler('cuda', args...)` instead.
  scaler = GradScaler(enabled=use_amp)
/data/quyhv/oil_forecast_tail_risk/scripts/training/train_unified.py:309: FutureWarning: `torch.cuda.amp.autocast(args...)` is deprecated. Please use `torch.amp.autocast('cuda', args...)` instead.
  with autocast(enabled=use_amp):
/data/quyhv/oil_forecast_tail_risk/scripts/training/train_unified.py:349: FutureWarning: `torch.cuda.amp.autocast(args...)` is deprecated. Please use `torch.amp.autocast('cuda', args...)` instead.
  with autocast(enabled=use_amp):
 Iter-95 | MAE=1.287 | MAPE=1.00%
/data/quyhv/oil_forecast_tail_risk/scripts/training/train_unified.py:290: FutureWarning: `torch.cuda.amp.GradScaler(args...)` is deprecated. Please use `torch.amp.GradScaler('cuda', args...)` instead.
  scaler = GradScaler(enabled=use_amp)
/data/quyhv/oil_forecast_tail_risk/scripts/training/train_unified.py:309: FutureWarning: `torch.cuda.amp.autocast(args...)` is deprecated. Please use `torch.amp.autocast('cuda', args...)` instead.
  with autocast(enabled=use_amp):
/data/quyhv/oil_forecast_tail_risk/scripts/training/train_unified.py:349: FutureWarning: `torch.cuda.amp.autocast(args...)` is deprecated. Please use `torch.amp.autocast('cuda', args...)` instead.
  with autocast(enabled=use_amp):
 Iter-96 | MAE=1.672 | MAPE=1.33%
/data/quyhv/oil_forecast_tail_risk/scripts/training/train_unified.py:290: FutureWarning: `torch.cuda.amp.GradScaler(args...)` is deprecated. Please use `torch.amp.GradScaler('cuda', args...)` instead.
  scaler = GradScaler(enabled=use_amp)
/data/quyhv/oil_forecast_tail_risk/scripts/training/train_unified.py:309: FutureWarning: `torch.cuda.amp.autocast(args...)` is deprecated. Please use `torch.amp.autocast('cuda', args...)` instead.
  with autocast(enabled=use_amp):
/data/quyhv/oil_forecast_tail_risk/scripts/training/train_unified.py:349: FutureWarning: `torch.cuda.amp.autocast(args...)` is deprecated. Please use `torch.amp.autocast('cuda', args...)` instead.
  with autocast(enabled=use_amp):
 Iter-97 | MAE=2.604 | MAPE=2.01%
/data/quyhv/oil_forecast_tail_risk/scripts/training/train_unified.py:290: FutureWarning: `torch.cuda.amp.GradScaler(args...)` is deprecated. Please use `torch.amp.GradScaler('cuda', args...)` instead.
  scaler = GradScaler(enabled=use_amp)
/data/quyhv/oil_forecast_tail_risk/scripts/training/train_unified.py:309: FutureWarning: `torch.cuda.amp.autocast(args...)` is deprecated. Please use `torch.amp.autocast('cuda', args...)` instead.
  with autocast(enabled=use_amp):
/data/quyhv/oil_forecast_tail_risk/scripts/training/train_unified.py:349: FutureWarning: `torch.cuda.amp.autocast(args...)` is deprecated. Please use `torch.amp.autocast('cuda', args...)` instead.
  with autocast(enabled=use_amp):
 Iter-98 | MAE=0.117 | MAPE=0.09%
/data/quyhv/oil_forecast_tail_risk/scripts/training/train_unified.py:290: FutureWarning: `torch.cuda.amp.GradScaler(args...)` is deprecated. Please use `torch.amp.GradScaler('cuda', args...)` instead.
  scaler = GradScaler(enabled=use_amp)
/data/quyhv/oil_forecast_tail_risk/scripts/training/train_unified.py:309: FutureWarning: `torch.cuda.amp.autocast(args...)` is deprecated. Please use `torch.amp.autocast('cuda', args...)` instead.
  with autocast(enabled=use_amp):
/data/quyhv/oil_forecast_tail_risk/scripts/training/train_unified.py:349: FutureWarning: `torch.cuda.amp.autocast(args...)` is deprecated. Please use `torch.amp.autocast('cuda', args...)` instead.
  with autocast(enabled=use_amp):
 Iter-99 | MAE=1.976 | MAPE=1.50%
/data/quyhv/oil_forecast_tail_risk/scripts/training/train_unified.py:290: FutureWarning: `torch.cuda.amp.GradScaler(args...)` is deprecated. Please use `torch.amp.GradScaler('cuda', args...)` instead.
  scaler = GradScaler(enabled=use_amp)
/data/quyhv/oil_forecast_tail_risk/scripts/training/train_unified.py:309: FutureWarning: `torch.cuda.amp.autocast(args...)` is deprecated. Please use `torch.amp.autocast('cuda', args...)` instead.
  with autocast(enabled=use_amp):
/data/quyhv/oil_forecast_tail_risk/scripts/training/train_unified.py:349: FutureWarning: `torch.cuda.amp.autocast(args...)` is deprecated. Please use `torch.amp.autocast('cuda', args...)` instead.
  with autocast(enabled=use_amp):
 Iter-100 | MAE=2.172 | MAPE=1.60%

 OVERALL: MAE=3.023, MAPE=2.63%, R2=0.9683 (2033.1s)
Saved model checkpoint: /data/quyhv/oil_forecast_tail_risk/results_v4/walkforward/NBEATS/XANG_H1_seed9999/model_checkpoint.pth
Saved processor/scaler: /data/quyhv/oil_forecast_tail_risk/results_v4/walkforward/NBEATS/XANG_H1_seed9999/processor.pkl

 All 1 experiments completed!

================================================================================
 [1/1] NHits | XANG | H1 | walkforward
================================================================================

 Using GPU: Tesla T4
================================================================================
 NHits | XANG | H1 | walkforward | seed=9999
================================================================================
Data: 4513 rows | Features: 15
/data/quyhv/oil_forecast_tail_risk/scripts/training/train_unified.py:290: FutureWarning: `torch.cuda.amp.GradScaler(args...)` is deprecated. Please use `torch.amp.GradScaler('cuda', args...)` instead.
  scaler = GradScaler(enabled=use_amp)
/data/quyhv/oil_forecast_tail_risk/scripts/training/train_unified.py:309: FutureWarning: `torch.cuda.amp.autocast(args...)` is deprecated. Please use `torch.amp.autocast('cuda', args...)` instead.
  with autocast(enabled=use_amp):
/data/quyhv/oil_forecast_tail_risk/scripts/training/train_unified.py:349: FutureWarning: `torch.cuda.amp.autocast(args...)` is deprecated. Please use `torch.amp.autocast('cuda', args...)` instead.
  with autocast(enabled=use_amp):
 Iter-01 | MAE=0.141 | MAPE=0.18%
/data/quyhv/oil_forecast_tail_risk/scripts/training/train_unified.py:290: FutureWarning: `torch.cuda.amp.GradScaler(args...)` is deprecated. Please use `torch.amp.GradScaler('cuda', args...)` instead.
  scaler = GradScaler(enabled=use_amp)
/data/quyhv/oil_forecast_tail_risk/scripts/training/train_unified.py:309: FutureWarning: `torch.cuda.amp.autocast(args...)` is deprecated. Please use `torch.amp.autocast('cuda', args...)` instead.
  with autocast(enabled=use_amp):
/data/quyhv/oil_forecast_tail_risk/scripts/training/train_unified.py:349: FutureWarning: `torch.cuda.amp.autocast(args...)` is deprecated. Please use `torch.amp.autocast('cuda', args...)` instead.
  with autocast(enabled=use_amp):
 Iter-02 | MAE=0.243 | MAPE=0.31%
/data/quyhv/oil_forecast_tail_risk/scripts/training/train_unified.py:290: FutureWarning: `torch.cuda.amp.GradScaler(args...)` is deprecated. Please use `torch.amp.GradScaler('cuda', args...)` instead.
  scaler = GradScaler(enabled=use_amp)
/data/quyhv/oil_forecast_tail_risk/scripts/training/train_unified.py:309: FutureWarning: `torch.cuda.amp.autocast(args...)` is deprecated. Please use `torch.amp.autocast('cuda', args...)` instead.
  with autocast(enabled=use_amp):
/data/quyhv/oil_forecast_tail_risk/scripts/training/train_unified.py:349: FutureWarning: `torch.cuda.amp.autocast(args...)` is deprecated. Please use `torch.amp.autocast('cuda', args...)` instead.
  with autocast(enabled=use_amp):
 Iter-03 | MAE=0.562 | MAPE=0.72%
/data/quyhv/oil_forecast_tail_risk/scripts/training/train_unified.py:290: FutureWarning: `torch.cuda.amp.GradScaler(args...)` is deprecated. Please use `torch.amp.GradScaler('cuda', args...)` instead.
  scaler = GradScaler(enabled=use_amp)
/data/quyhv/oil_forecast_tail_risk/scripts/training/train_unified.py:309: FutureWarning: `torch.cuda.amp.autocast(args...)` is deprecated. Please use `torch.amp.autocast('cuda', args...)` instead.
  with autocast(enabled=use_amp):
/data/quyhv/oil_forecast_tail_risk/scripts/training/train_unified.py:349: FutureWarning: `torch.cuda.amp.autocast(args...)` is deprecated. Please use `torch.amp.autocast('cuda', args...)` instead.
  with autocast(enabled=use_amp):
 Iter-04 | MAE=2.398 | MAPE=3.19%
/data/quyhv/oil_forecast_tail_risk/scripts/training/train_unified.py:290: FutureWarning: `torch.cuda.amp.GradScaler(args...)` is deprecated. Please use `torch.amp.GradScaler('cuda', args...)` instead.
  scaler = GradScaler(enabled=use_amp)
/data/quyhv/oil_forecast_tail_risk/scripts/training/train_unified.py:309: FutureWarning: `torch.cuda.amp.autocast(args...)` is deprecated. Please use `torch.amp.autocast('cuda', args...)` instead.
  with autocast(enabled=use_amp):
/data/quyhv/oil_forecast_tail_risk/scripts/training/train_unified.py:349: FutureWarning: `torch.cuda.amp.autocast(args...)` is deprecated. Please use `torch.amp.autocast('cuda', args...)` instead.
  with autocast(enabled=use_amp):
 Iter-05 | MAE=0.360 | MAPE=0.48%
/data/quyhv/oil_forecast_tail_risk/scripts/training/train_unified.py:290: FutureWarning: `torch.cuda.amp.GradScaler(args...)` is deprecated. Please use `torch.amp.GradScaler('cuda', args...)` instead.
  scaler = GradScaler(enabled=use_amp)
/data/quyhv/oil_forecast_tail_risk/scripts/training/train_unified.py:309: FutureWarning: `torch.cuda.amp.autocast(args...)` is deprecated. Please use `torch.amp.autocast('cuda', args...)` instead.
  with autocast(enabled=use_amp):
/data/quyhv/oil_forecast_tail_risk/scripts/training/train_unified.py:349: FutureWarning: `torch.cuda.amp.autocast(args...)` is deprecated. Please use `torch.amp.autocast('cuda', args...)` instead.
  with autocast(enabled=use_amp):
 Iter-06 | MAE=0.648 | MAPE=0.87%
/data/quyhv/oil_forecast_tail_risk/scripts/training/train_unified.py:290: FutureWarning: `torch.cuda.amp.GradScaler(args...)` is deprecated. Please use `torch.amp.GradScaler('cuda', args...)` instead.
  scaler = GradScaler(enabled=use_amp)
/data/quyhv/oil_forecast_tail_risk/scripts/training/train_unified.py:309: FutureWarning: `torch.cuda.amp.autocast(args...)` is deprecated. Please use `torch.amp.autocast('cuda', args...)` instead.
  with autocast(enabled=use_amp):
/data/quyhv/oil_forecast_tail_risk/scripts/training/train_unified.py:349: FutureWarning: `torch.cuda.amp.autocast(args...)` is deprecated. Please use `torch.amp.autocast('cuda', args...)` instead.
  with autocast(enabled=use_amp):
 Iter-07 | MAE=1.456 | MAPE=1.98%
/data/quyhv/oil_forecast_tail_risk/scripts/training/train_unified.py:290: FutureWarning: `torch.cuda.amp.GradScaler(args...)` is deprecated. Please use `torch.amp.GradScaler('cuda', args...)` instead.
  scaler = GradScaler(enabled=use_amp)
/data/quyhv/oil_forecast_tail_risk/scripts/training/train_unified.py:309: FutureWarning: `torch.cuda.amp.autocast(args...)` is deprecated. Please use `torch.amp.autocast('cuda', args...)` instead.
  with autocast(enabled=use_amp):
/data/quyhv/oil_forecast_tail_risk/scripts/training/train_unified.py:349: FutureWarning: `torch.cuda.amp.autocast(args...)` is deprecated. Please use `torch.amp.autocast('cuda', args...)` instead.
  with autocast(enabled=use_amp):
 Iter-08 | MAE=0.420 | MAPE=0.57%
/data/quyhv/oil_forecast_tail_risk/scripts/training/train_unified.py:290: FutureWarning: `torch.cuda.amp.GradScaler(args...)` is deprecated. Please use `torch.amp.GradScaler('cuda', args...)` instead.
  scaler = GradScaler(enabled=use_amp)
/data/quyhv/oil_forecast_tail_risk/scripts/training/train_unified.py:309: FutureWarning: `torch.cuda.amp.autocast(args...)` is deprecated. Please use `torch.amp.autocast('cuda', args...)` instead.
  with autocast(enabled=use_amp):
/data/quyhv/oil_forecast_tail_risk/scripts/training/train_unified.py:349: FutureWarning: `torch.cuda.amp.autocast(args...)` is deprecated. Please use `torch.amp.autocast('cuda', args...)` instead.
  with autocast(enabled=use_amp):
 Iter-09 | MAE=1.052 | MAPE=1.42%
/data/quyhv/oil_forecast_tail_risk/scripts/training/train_unified.py:290: FutureWarning: `torch.cuda.amp.GradScaler(args...)` is deprecated. Please use `torch.amp.GradScaler('cuda', args...)` instead.
  scaler = GradScaler(enabled=use_amp)
/data/quyhv/oil_forecast_tail_risk/scripts/training/train_unified.py:309: FutureWarning: `torch.cuda.amp.autocast(args...)` is deprecated. Please use `torch.amp.autocast('cuda', args...)` instead.
  with autocast(enabled=use_amp):
/data/quyhv/oil_forecast_tail_risk/scripts/training/train_unified.py:349: FutureWarning: `torch.cuda.amp.autocast(args...)` is deprecated. Please use `torch.amp.autocast('cuda', args...)` instead.
  with autocast(enabled=use_amp):
 Iter-10 | MAE=1.127 | MAPE=1.53%
/data/quyhv/oil_forecast_tail_risk/scripts/training/train_unified.py:290: FutureWarning: `torch.cuda.amp.GradScaler(args...)` is deprecated. Please use `torch.amp.GradScaler('cuda', args...)` instead.
  scaler = GradScaler(enabled=use_amp)
/data/quyhv/oil_forecast_tail_risk/scripts/training/train_unified.py:309: FutureWarning: `torch.cuda.amp.autocast(args...)` is deprecated. Please use `torch.amp.autocast('cuda', args...)` instead.
  with autocast(enabled=use_amp):
/data/quyhv/oil_forecast_tail_risk/scripts/training/train_unified.py:349: FutureWarning: `torch.cuda.amp.autocast(args...)` is deprecated. Please use `torch.amp.autocast('cuda', args...)` instead.
  with autocast(enabled=use_amp):
 Iter-11 | MAE=0.592 | MAPE=0.80%
/data/quyhv/oil_forecast_tail_risk/scripts/training/train_unified.py:290: FutureWarning: `torch.cuda.amp.GradScaler(args...)` is deprecated. Please use `torch.amp.GradScaler('cuda', args...)` instead.
  scaler = GradScaler(enabled=use_amp)
/data/quyhv/oil_forecast_tail_risk/scripts/training/train_unified.py:309: FutureWarning: `torch.cuda.amp.autocast(args...)` is deprecated. Please use `torch.amp.autocast('cuda', args...)` instead.
  with autocast(enabled=use_amp):
/data/quyhv/oil_forecast_tail_risk/scripts/training/train_unified.py:349: FutureWarning: `torch.cuda.amp.autocast(args...)` is deprecated. Please use `torch.amp.autocast('cuda', args...)` instead.
  with autocast(enabled=use_amp):
 Iter-12 | MAE=0.411 | MAPE=0.57%
/data/quyhv/oil_forecast_tail_risk/scripts/training/train_unified.py:290: FutureWarning: `torch.cuda.amp.GradScaler(args...)` is deprecated. Please use `torch.amp.GradScaler('cuda', args...)` instead.
  scaler = GradScaler(enabled=use_amp)
/data/quyhv/oil_forecast_tail_risk/scripts/training/train_unified.py:309: FutureWarning: `torch.cuda.amp.autocast(args...)` is deprecated. Please use `torch.amp.autocast('cuda', args...)` instead.
  with autocast(enabled=use_amp):
/data/quyhv/oil_forecast_tail_risk/scripts/training/train_unified.py:349: FutureWarning: `torch.cuda.amp.autocast(args...)` is deprecated. Please use `torch.amp.autocast('cuda', args...)` instead.
  with autocast(enabled=use_amp):
 Iter-13 | MAE=0.958 | MAPE=1.32%
/data/quyhv/oil_forecast_tail_risk/scripts/training/train_unified.py:290: FutureWarning: `torch.cuda.amp.GradScaler(args...)` is deprecated. Please use `torch.amp.GradScaler('cuda', args...)` instead.
  scaler = GradScaler(enabled=use_amp)
/data/quyhv/oil_forecast_tail_risk/scripts/training/train_unified.py:309: FutureWarning: `torch.cuda.amp.autocast(args...)` is deprecated. Please use `torch.amp.autocast('cuda', args...)` instead.
  with autocast(enabled=use_amp):
/data/quyhv/oil_forecast_tail_risk/scripts/training/train_unified.py:349: FutureWarning: `torch.cuda.amp.autocast(args...)` is deprecated. Please use `torch.amp.autocast('cuda', args...)` instead.
  with autocast(enabled=use_amp):
 Iter-14 | MAE=0.032 | MAPE=0.04%
/data/quyhv/oil_forecast_tail_risk/scripts/training/train_unified.py:290: FutureWarning: `torch.cuda.amp.GradScaler(args...)` is deprecated. Please use `torch.amp.GradScaler('cuda', args...)` instead.
  scaler = GradScaler(enabled=use_amp)
/data/quyhv/oil_forecast_tail_risk/scripts/training/train_unified.py:309: FutureWarning: `torch.cuda.amp.autocast(args...)` is deprecated. Please use `torch.amp.autocast('cuda', args...)` instead.
  with autocast(enabled=use_amp):
/data/quyhv/oil_forecast_tail_risk/scripts/training/train_unified.py:349: FutureWarning: `torch.cuda.amp.autocast(args...)` is deprecated. Please use `torch.amp.autocast('cuda', args...)` instead.
  with autocast(enabled=use_amp):
 Iter-15 | MAE=0.205 | MAPE=0.28%
/data/quyhv/oil_forecast_tail_risk/scripts/training/train_unified.py:290: FutureWarning: `torch.cuda.amp.GradScaler(args...)` is deprecated. Please use `torch.amp.GradScaler('cuda', args...)` instead.
  scaler = GradScaler(enabled=use_amp)
/data/quyhv/oil_forecast_tail_risk/scripts/training/train_unified.py:309: FutureWarning: `torch.cuda.amp.autocast(args...)` is deprecated. Please use `torch.amp.autocast('cuda', args...)` instead.
  with autocast(enabled=use_amp):
/data/quyhv/oil_forecast_tail_risk/scripts/training/train_unified.py:349: FutureWarning: `torch.cuda.amp.autocast(args...)` is deprecated. Please use `torch.amp.autocast('cuda', args...)` instead.
  with autocast(enabled=use_amp):
 Iter-16 | MAE=0.352 | MAPE=0.48%
/data/quyhv/oil_forecast_tail_risk/scripts/training/train_unified.py:290: FutureWarning: `torch.cuda.amp.GradScaler(args...)` is deprecated. Please use `torch.amp.GradScaler('cuda', args...)` instead.
  scaler = GradScaler(enabled=use_amp)
/data/quyhv/oil_forecast_tail_risk/scripts/training/train_unified.py:309: FutureWarning: `torch.cuda.amp.autocast(args...)` is deprecated. Please use `torch.amp.autocast('cuda', args...)` instead.
  with autocast(enabled=use_amp):
/data/quyhv/oil_forecast_tail_risk/scripts/training/train_unified.py:349: FutureWarning: `torch.cuda.amp.autocast(args...)` is deprecated. Please use `torch.amp.autocast('cuda', args...)` instead.
  with autocast(enabled=use_amp):
 Iter-17 | MAE=0.596 | MAPE=0.82%
/data/quyhv/oil_forecast_tail_risk/scripts/training/train_unified.py:290: FutureWarning: `torch.cuda.amp.GradScaler(args...)` is deprecated. Please use `torch.amp.GradScaler('cuda', args...)` instead.
  scaler = GradScaler(enabled=use_amp)
/data/quyhv/oil_forecast_tail_risk/scripts/training/train_unified.py:309: FutureWarning: `torch.cuda.amp.autocast(args...)` is deprecated. Please use `torch.amp.autocast('cuda', args...)` instead.
  with autocast(enabled=use_amp):
/data/quyhv/oil_forecast_tail_risk/scripts/training/train_unified.py:349: FutureWarning: `torch.cuda.amp.autocast(args...)` is deprecated. Please use `torch.amp.autocast('cuda', args...)` instead.
  with autocast(enabled=use_amp):
 Iter-18 | MAE=0.866 | MAPE=1.23%
/data/quyhv/oil_forecast_tail_risk/scripts/training/train_unified.py:290: FutureWarning: `torch.cuda.amp.GradScaler(args...)` is deprecated. Please use `torch.amp.GradScaler('cuda', args...)` instead.
  scaler = GradScaler(enabled=use_amp)
/data/quyhv/oil_forecast_tail_risk/scripts/training/train_unified.py:309: FutureWarning: `torch.cuda.amp.autocast(args...)` is deprecated. Please use `torch.amp.autocast('cuda', args...)` instead.
  with autocast(enabled=use_amp):
/data/quyhv/oil_forecast_tail_risk/scripts/training/train_unified.py:349: FutureWarning: `torch.cuda.amp.autocast(args...)` is deprecated. Please use `torch.amp.autocast('cuda', args...)` instead.
  with autocast(enabled=use_amp):
 Iter-19 | MAE=0.111 | MAPE=0.15%
/data/quyhv/oil_forecast_tail_risk/scripts/training/train_unified.py:290: FutureWarning: `torch.cuda.amp.GradScaler(args...)` is deprecated. Please use `torch.amp.GradScaler('cuda', args...)` instead.
  scaler = GradScaler(enabled=use_amp)
/data/quyhv/oil_forecast_tail_risk/scripts/training/train_unified.py:309: FutureWarning: `torch.cuda.amp.autocast(args...)` is deprecated. Please use `torch.amp.autocast('cuda', args...)` instead.
  with autocast(enabled=use_amp):
/data/quyhv/oil_forecast_tail_risk/scripts/training/train_unified.py:349: FutureWarning: `torch.cuda.amp.autocast(args...)` is deprecated. Please use `torch.amp.autocast('cuda', args...)` instead.
  with autocast(enabled=use_amp):
