
================================================================================
 [1/1] DLinear | XANG | H1 | walkforward
================================================================================

 Using GPU: Tesla T4
================================================================================
 DLinear | XANG | H1 | walkforward | seed=2025
================================================================================
Data: 4513 rows | Features: 15
/data/quyhv/oil_forecast_tail_risk/scripts/training/train_unified.py:290: FutureWarning: `torch.cuda.amp.GradScaler(args...)` is deprecated. Please use `torch.amp.GradScaler('cuda', args...)` instead.
  scaler = GradScaler(enabled=use_amp)
/data/quyhv/oil_forecast_tail_risk/scripts/training/train_unified.py:309: FutureWarning: `torch.cuda.amp.autocast(args...)` is deprecated. Please use `torch.amp.autocast('cuda', args...)` instead.
  with autocast(enabled=use_amp):
/data/quyhv/oil_forecast_tail_risk/scripts/training/train_unified.py:349: FutureWarning: `torch.cuda.amp.autocast(args...)` is deprecated. Please use `torch.amp.autocast('cuda', args...)` instead.
  with autocast(enabled=use_amp):
 Iter-01 | MAE=0.230 | MAPE=0.29%
/data/quyhv/oil_forecast_tail_risk/scripts/training/train_unified.py:290: FutureWarning: `torch.cuda.amp.GradScaler(args...)` is deprecated. Please use `torch.amp.GradScaler('cuda', args...)` instead.
  scaler = GradScaler(enabled=use_amp)
/data/quyhv/oil_forecast_tail_risk/scripts/training/train_unified.py:309: FutureWarning: `torch.cuda.amp.autocast(args...)` is deprecated. Please use `torch.amp.autocast('cuda', args...)` instead.
  with autocast(enabled=use_amp):
/data/quyhv/oil_forecast_tail_risk/scripts/training/train_unified.py:349: FutureWarning: `torch.cuda.amp.autocast(args...)` is deprecated. Please use `torch.amp.autocast('cuda', args...)` instead.
  with autocast(enabled=use_amp):
 Iter-02 | MAE=0.275 | MAPE=0.35%
/data/quyhv/oil_forecast_tail_risk/scripts/training/train_unified.py:290: FutureWarning: `torch.cuda.amp.GradScaler(args...)` is deprecated. Please use `torch.amp.GradScaler('cuda', args...)` instead.
  scaler = GradScaler(enabled=use_amp)
/data/quyhv/oil_forecast_tail_risk/scripts/training/train_unified.py:309: FutureWarning: `torch.cuda.amp.autocast(args...)` is deprecated. Please use `torch.amp.autocast('cuda', args...)` instead.
  with autocast(enabled=use_amp):
/data/quyhv/oil_forecast_tail_risk/scripts/training/train_unified.py:349: FutureWarning: `torch.cuda.amp.autocast(args...)` is deprecated. Please use `torch.amp.autocast('cuda', args...)` instead.
  with autocast(enabled=use_amp):
 Iter-03 | MAE=0.302 | MAPE=0.39%
/data/quyhv/oil_forecast_tail_risk/scripts/training/train_unified.py:290: FutureWarning: `torch.cuda.amp.GradScaler(args...)` is deprecated. Please use `torch.amp.GradScaler('cuda', args...)` instead.
  scaler = GradScaler(enabled=use_amp)
/data/quyhv/oil_forecast_tail_risk/scripts/training/train_unified.py:309: FutureWarning: `torch.cuda.amp.autocast(args...)` is deprecated. Please use `torch.amp.autocast('cuda', args...)` instead.
  with autocast(enabled=use_amp):
/data/quyhv/oil_forecast_tail_risk/scripts/training/train_unified.py:349: FutureWarning: `torch.cuda.amp.autocast(args...)` is deprecated. Please use `torch.amp.autocast('cuda', args...)` instead.
  with autocast(enabled=use_amp):
 Iter-04 | MAE=2.479 | MAPE=3.30%
/data/quyhv/oil_forecast_tail_risk/scripts/training/train_unified.py:290: FutureWarning: `torch.cuda.amp.GradScaler(args...)` is deprecated. Please use `torch.amp.GradScaler('cuda', args...)` instead.
  scaler = GradScaler(enabled=use_amp)
/data/quyhv/oil_forecast_tail_risk/scripts/training/train_unified.py:309: FutureWarning: `torch.cuda.amp.autocast(args...)` is deprecated. Please use `torch.amp.autocast('cuda', args...)` instead.
  with autocast(enabled=use_amp):
/data/quyhv/oil_forecast_tail_risk/scripts/training/train_unified.py:349: FutureWarning: `torch.cuda.amp.autocast(args...)` is deprecated. Please use `torch.amp.autocast('cuda', args...)` instead.
  with autocast(enabled=use_amp):
 Iter-05 | MAE=0.427 | MAPE=0.57%
/data/quyhv/oil_forecast_tail_risk/scripts/training/train_unified.py:290: FutureWarning: `torch.cuda.amp.GradScaler(args...)` is deprecated. Please use `torch.amp.GradScaler('cuda', args...)` instead.
  scaler = GradScaler(enabled=use_amp)
/data/quyhv/oil_forecast_tail_risk/scripts/training/train_unified.py:309: FutureWarning: `torch.cuda.amp.autocast(args...)` is deprecated. Please use `torch.amp.autocast('cuda', args...)` instead.
  with autocast(enabled=use_amp):
/data/quyhv/oil_forecast_tail_risk/scripts/training/train_unified.py:349: FutureWarning: `torch.cuda.amp.autocast(args...)` is deprecated. Please use `torch.amp.autocast('cuda', args...)` instead.
  with autocast(enabled=use_amp):
 Iter-06 | MAE=0.475 | MAPE=0.64%
/data/quyhv/oil_forecast_tail_risk/scripts/training/train_unified.py:290: FutureWarning: `torch.cuda.amp.GradScaler(args...)` is deprecated. Please use `torch.amp.GradScaler('cuda', args...)` instead.
  scaler = GradScaler(enabled=use_amp)
/data/quyhv/oil_forecast_tail_risk/scripts/training/train_unified.py:309: FutureWarning: `torch.cuda.amp.autocast(args...)` is deprecated. Please use `torch.amp.autocast('cuda', args...)` instead.
  with autocast(enabled=use_amp):
/data/quyhv/oil_forecast_tail_risk/scripts/training/train_unified.py:349: FutureWarning: `torch.cuda.amp.autocast(args...)` is deprecated. Please use `torch.amp.autocast('cuda', args...)` instead.
  with autocast(enabled=use_amp):
 Iter-07 | MAE=1.102 | MAPE=1.50%
/data/quyhv/oil_forecast_tail_risk/scripts/training/train_unified.py:290: FutureWarning: `torch.cuda.amp.GradScaler(args...)` is deprecated. Please use `torch.amp.GradScaler('cuda', args...)` instead.
  scaler = GradScaler(enabled=use_amp)
/data/quyhv/oil_forecast_tail_risk/scripts/training/train_unified.py:309: FutureWarning: `torch.cuda.amp.autocast(args...)` is deprecated. Please use `torch.amp.autocast('cuda', args...)` instead.
  with autocast(enabled=use_amp):
/data/quyhv/oil_forecast_tail_risk/scripts/training/train_unified.py:349: FutureWarning: `torch.cuda.amp.autocast(args...)` is deprecated. Please use `torch.amp.autocast('cuda', args...)` instead.
  with autocast(enabled=use_amp):
 Iter-08 | MAE=0.438 | MAPE=0.59%
/data/quyhv/oil_forecast_tail_risk/scripts/training/train_unified.py:290: FutureWarning: `torch.cuda.amp.GradScaler(args...)` is deprecated. Please use `torch.amp.GradScaler('cuda', args...)` instead.
  scaler = GradScaler(enabled=use_amp)
/data/quyhv/oil_forecast_tail_risk/scripts/training/train_unified.py:309: FutureWarning: `torch.cuda.amp.autocast(args...)` is deprecated. Please use `torch.amp.autocast('cuda', args...)` instead.
  with autocast(enabled=use_amp):
/data/quyhv/oil_forecast_tail_risk/scripts/training/train_unified.py:349: FutureWarning: `torch.cuda.amp.autocast(args...)` is deprecated. Please use `torch.amp.autocast('cuda', args...)` instead.
  with autocast(enabled=use_amp):
 Iter-09 | MAE=1.102 | MAPE=1.49%
/data/quyhv/oil_forecast_tail_risk/scripts/training/train_unified.py:290: FutureWarning: `torch.cuda.amp.GradScaler(args...)` is deprecated. Please use `torch.amp.GradScaler('cuda', args...)` instead.
  scaler = GradScaler(enabled=use_amp)
/data/quyhv/oil_forecast_tail_risk/scripts/training/train_unified.py:309: FutureWarning: `torch.cuda.amp.autocast(args...)` is deprecated. Please use `torch.amp.autocast('cuda', args...)` instead.
  with autocast(enabled=use_amp):
/data/quyhv/oil_forecast_tail_risk/scripts/training/train_unified.py:349: FutureWarning: `torch.cuda.amp.autocast(args...)` is deprecated. Please use `torch.amp.autocast('cuda', args...)` instead.
  with autocast(enabled=use_amp):
 Iter-10 | MAE=0.804 | MAPE=1.09%
/data/quyhv/oil_forecast_tail_risk/scripts/training/train_unified.py:290: FutureWarning: `torch.cuda.amp.GradScaler(args...)` is deprecated. Please use `torch.amp.GradScaler('cuda', args...)` instead.
  scaler = GradScaler(enabled=use_amp)
/data/quyhv/oil_forecast_tail_risk/scripts/training/train_unified.py:309: FutureWarning: `torch.cuda.amp.autocast(args...)` is deprecated. Please use `torch.amp.autocast('cuda', args...)` instead.
  with autocast(enabled=use_amp):
/data/quyhv/oil_forecast_tail_risk/scripts/training/train_unified.py:349: FutureWarning: `torch.cuda.amp.autocast(args...)` is deprecated. Please use `torch.amp.autocast('cuda', args...)` instead.
  with autocast(enabled=use_amp):
 Iter-11 | MAE=0.297 | MAPE=0.40%
/data/quyhv/oil_forecast_tail_risk/scripts/training/train_unified.py:290: FutureWarning: `torch.cuda.amp.GradScaler(args...)` is deprecated. Please use `torch.amp.GradScaler('cuda', args...)` instead.
  scaler = GradScaler(enabled=use_amp)
/data/quyhv/oil_forecast_tail_risk/scripts/training/train_unified.py:309: FutureWarning: `torch.cuda.amp.autocast(args...)` is deprecated. Please use `torch.amp.autocast('cuda', args...)` instead.
  with autocast(enabled=use_amp):
/data/quyhv/oil_forecast_tail_risk/scripts/training/train_unified.py:349: FutureWarning: `torch.cuda.amp.autocast(args...)` is deprecated. Please use `torch.amp.autocast('cuda', args...)` instead.
  with autocast(enabled=use_amp):
 Iter-12 | MAE=0.650 | MAPE=0.89%
/data/quyhv/oil_forecast_tail_risk/scripts/training/train_unified.py:290: FutureWarning: `torch.cuda.amp.GradScaler(args...)` is deprecated. Please use `torch.amp.GradScaler('cuda', args...)` instead.
  scaler = GradScaler(enabled=use_amp)
/data/quyhv/oil_forecast_tail_risk/scripts/training/train_unified.py:309: FutureWarning: `torch.cuda.amp.autocast(args...)` is deprecated. Please use `torch.amp.autocast('cuda', args...)` instead.
  with autocast(enabled=use_amp):
/data/quyhv/oil_forecast_tail_risk/scripts/training/train_unified.py:349: FutureWarning: `torch.cuda.amp.autocast(args...)` is deprecated. Please use `torch.amp.autocast('cuda', args...)` instead.
  with autocast(enabled=use_amp):
 Iter-13 | MAE=0.789 | MAPE=1.09%
/data/quyhv/oil_forecast_tail_risk/scripts/training/train_unified.py:290: FutureWarning: `torch.cuda.amp.GradScaler(args...)` is deprecated. Please use `torch.amp.GradScaler('cuda', args...)` instead.
  scaler = GradScaler(enabled=use_amp)
/data/quyhv/oil_forecast_tail_risk/scripts/training/train_unified.py:309: FutureWarning: `torch.cuda.amp.autocast(args...)` is deprecated. Please use `torch.amp.autocast('cuda', args...)` instead.
  with autocast(enabled=use_amp):
/data/quyhv/oil_forecast_tail_risk/scripts/training/train_unified.py:349: FutureWarning: `torch.cuda.amp.autocast(args...)` is deprecated. Please use `torch.amp.autocast('cuda', args...)` instead.
  with autocast(enabled=use_amp):
 Iter-14 | MAE=0.247 | MAPE=0.34%
/data/quyhv/oil_forecast_tail_risk/scripts/training/train_unified.py:290: FutureWarning: `torch.cuda.amp.GradScaler(args...)` is deprecated. Please use `torch.amp.GradScaler('cuda', args...)` instead.
  scaler = GradScaler(enabled=use_amp)
/data/quyhv/oil_forecast_tail_risk/scripts/training/train_unified.py:309: FutureWarning: `torch.cuda.amp.autocast(args...)` is deprecated. Please use `torch.amp.autocast('cuda', args...)` instead.
  with autocast(enabled=use_amp):
/data/quyhv/oil_forecast_tail_risk/scripts/training/train_unified.py:349: FutureWarning: `torch.cuda.amp.autocast(args...)` is deprecated. Please use `torch.amp.autocast('cuda', args...)` instead.
  with autocast(enabled=use_amp):
 Iter-15 | MAE=0.265 | MAPE=0.36%
/data/quyhv/oil_forecast_tail_risk/scripts/training/train_unified.py:290: FutureWarning: `torch.cuda.amp.GradScaler(args...)` is deprecated. Please use `torch.amp.GradScaler('cuda', args...)` instead.
  scaler = GradScaler(enabled=use_amp)
/data/quyhv/oil_forecast_tail_risk/scripts/training/train_unified.py:309: FutureWarning: `torch.cuda.amp.autocast(args...)` is deprecated. Please use `torch.amp.autocast('cuda', args...)` instead.
  with autocast(enabled=use_amp):
/data/quyhv/oil_forecast_tail_risk/scripts/training/train_unified.py:349: FutureWarning: `torch.cuda.amp.autocast(args...)` is deprecated. Please use `torch.amp.autocast('cuda', args...)` instead.
  with autocast(enabled=use_amp):
 Iter-16 | MAE=0.503 | MAPE=0.69%
/data/quyhv/oil_forecast_tail_risk/scripts/training/train_unified.py:290: FutureWarning: `torch.cuda.amp.GradScaler(args...)` is deprecated. Please use `torch.amp.GradScaler('cuda', args...)` instead.
  scaler = GradScaler(enabled=use_amp)
/data/quyhv/oil_forecast_tail_risk/scripts/training/train_unified.py:309: FutureWarning: `torch.cuda.amp.autocast(args...)` is deprecated. Please use `torch.amp.autocast('cuda', args...)` instead.
  with autocast(enabled=use_amp):
/data/quyhv/oil_forecast_tail_risk/scripts/training/train_unified.py:349: FutureWarning: `torch.cuda.amp.autocast(args...)` is deprecated. Please use `torch.amp.autocast('cuda', args...)` instead.
  with autocast(enabled=use_amp):
 Iter-17 | MAE=0.547 | MAPE=0.75%
/data/quyhv/oil_forecast_tail_risk/scripts/training/train_unified.py:290: FutureWarning: `torch.cuda.amp.GradScaler(args...)` is deprecated. Please use `torch.amp.GradScaler('cuda', args...)` instead.
  scaler = GradScaler(enabled=use_amp)
/data/quyhv/oil_forecast_tail_risk/scripts/training/train_unified.py:309: FutureWarning: `torch.cuda.amp.autocast(args...)` is deprecated. Please use `torch.amp.autocast('cuda', args...)` instead.
  with autocast(enabled=use_amp):
/data/quyhv/oil_forecast_tail_risk/scripts/training/train_unified.py:349: FutureWarning: `torch.cuda.amp.autocast(args...)` is deprecated. Please use `torch.amp.autocast('cuda', args...)` instead.
  with autocast(enabled=use_amp):
 Iter-18 | MAE=1.407 | MAPE=1.99%
/data/quyhv/oil_forecast_tail_risk/scripts/training/train_unified.py:290: FutureWarning: `torch.cuda.amp.GradScaler(args...)` is deprecated. Please use `torch.amp.GradScaler('cuda', args...)` instead.
  scaler = GradScaler(enabled=use_amp)
/data/quyhv/oil_forecast_tail_risk/scripts/training/train_unified.py:309: FutureWarning: `torch.cuda.amp.autocast(args...)` is deprecated. Please use `torch.amp.autocast('cuda', args...)` instead.
  with autocast(enabled=use_amp):
/data/quyhv/oil_forecast_tail_risk/scripts/training/train_unified.py:349: FutureWarning: `torch.cuda.amp.autocast(args...)` is deprecated. Please use `torch.amp.autocast('cuda', args...)` instead.
  with autocast(enabled=use_amp):
 Iter-19 | MAE=0.169 | MAPE=0.23%
/data/quyhv/oil_forecast_tail_risk/scripts/training/train_unified.py:290: FutureWarning: `torch.cuda.amp.GradScaler(args...)` is deprecated. Please use `torch.amp.GradScaler('cuda', args...)` instead.
  scaler = GradScaler(enabled=use_amp)
/data/quyhv/oil_forecast_tail_risk/scripts/training/train_unified.py:309: FutureWarning: `torch.cuda.amp.autocast(args...)` is deprecated. Please use `torch.amp.autocast('cuda', args...)` instead.
  with autocast(enabled=use_amp):
/data/quyhv/oil_forecast_tail_risk/scripts/training/train_unified.py:349: FutureWarning: `torch.cuda.amp.autocast(args...)` is deprecated. Please use `torch.amp.autocast('cuda', args...)` instead.
  with autocast(enabled=use_amp):
 Iter-20 | MAE=0.829 | MAPE=1.18%
/data/quyhv/oil_forecast_tail_risk/scripts/training/train_unified.py:290: FutureWarning: `torch.cuda.amp.GradScaler(args...)` is deprecated. Please use `torch.amp.GradScaler('cuda', args...)` instead.
  scaler = GradScaler(enabled=use_amp)
/data/quyhv/oil_forecast_tail_risk/scripts/training/train_unified.py:309: FutureWarning: `torch.cuda.amp.autocast(args...)` is deprecated. Please use `torch.amp.autocast('cuda', args...)` instead.
  with autocast(enabled=use_amp):
/data/quyhv/oil_forecast_tail_risk/scripts/training/train_unified.py:349: FutureWarning: `torch.cuda.amp.autocast(args...)` is deprecated. Please use `torch.amp.autocast('cuda', args...)` instead.
  with autocast(enabled=use_amp):
 Iter-21 | MAE=1.099 | MAPE=1.56%
/data/quyhv/oil_forecast_tail_risk/scripts/training/train_unified.py:290: FutureWarning: `torch.cuda.amp.GradScaler(args...)` is deprecated. Please use `torch.amp.GradScaler('cuda', args...)` instead.
  scaler = GradScaler(enabled=use_amp)
/data/quyhv/oil_forecast_tail_risk/scripts/training/train_unified.py:309: FutureWarning: `torch.cuda.amp.autocast(args...)` is deprecated. Please use `torch.amp.autocast('cuda', args...)` instead.
  with autocast(enabled=use_amp):
/data/quyhv/oil_forecast_tail_risk/scripts/training/train_unified.py:349: FutureWarning: `torch.cuda.amp.autocast(args...)` is deprecated. Please use `torch.amp.autocast('cuda', args...)` instead.
  with autocast(enabled=use_amp):
 Iter-22 | MAE=0.641 | MAPE=0.89%
/data/quyhv/oil_forecast_tail_risk/scripts/training/train_unified.py:290: FutureWarning: `torch.cuda.amp.GradScaler(args...)` is deprecated. Please use `torch.amp.GradScaler('cuda', args...)` instead.
  scaler = GradScaler(enabled=use_amp)
/data/quyhv/oil_forecast_tail_risk/scripts/training/train_unified.py:309: FutureWarning: `torch.cuda.amp.autocast(args...)` is deprecated. Please use `torch.amp.autocast('cuda', args...)` instead.
  with autocast(enabled=use_amp):
/data/quyhv/oil_forecast_tail_risk/scripts/training/train_unified.py:349: FutureWarning: `torch.cuda.amp.autocast(args...)` is deprecated. Please use `torch.amp.autocast('cuda', args...)` instead.
  with autocast(enabled=use_amp):
 Iter-23 | MAE=1.009 | MAPE=1.40%
/data/quyhv/oil_forecast_tail_risk/scripts/training/train_unified.py:290: FutureWarning: `torch.cuda.amp.GradScaler(args...)` is deprecated. Please use `torch.amp.GradScaler('cuda', args...)` instead.
  scaler = GradScaler(enabled=use_amp)
/data/quyhv/oil_forecast_tail_risk/scripts/training/train_unified.py:309: FutureWarning: `torch.cuda.amp.autocast(args...)` is deprecated. Please use `torch.amp.autocast('cuda', args...)` instead.
  with autocast(enabled=use_amp):
/data/quyhv/oil_forecast_tail_risk/scripts/training/train_unified.py:349: FutureWarning: `torch.cuda.amp.autocast(args...)` is deprecated. Please use `torch.amp.autocast('cuda', args...)` instead.
  with autocast(enabled=use_amp):
 Iter-24 | MAE=0.269 | MAPE=0.37%
/data/quyhv/oil_forecast_tail_risk/scripts/training/train_unified.py:290: FutureWarning: `torch.cuda.amp.GradScaler(args...)` is deprecated. Please use `torch.amp.GradScaler('cuda', args...)` instead.
  scaler = GradScaler(enabled=use_amp)
/data/quyhv/oil_forecast_tail_risk/scripts/training/train_unified.py:309: FutureWarning: `torch.cuda.amp.autocast(args...)` is deprecated. Please use `torch.amp.autocast('cuda', args...)` instead.
  with autocast(enabled=use_amp):
/data/quyhv/oil_forecast_tail_risk/scripts/training/train_unified.py:349: FutureWarning: `torch.cuda.amp.autocast(args...)` is deprecated. Please use `torch.amp.autocast('cuda', args...)` instead.
  with autocast(enabled=use_amp):
 Iter-25 | MAE=1.419 | MAPE=1.96%
/data/quyhv/oil_forecast_tail_risk/scripts/training/train_unified.py:290: FutureWarning: `torch.cuda.amp.GradScaler(args...)` is deprecated. Please use `torch.amp.GradScaler('cuda', args...)` instead.
  scaler = GradScaler(enabled=use_amp)
/data/quyhv/oil_forecast_tail_risk/scripts/training/train_unified.py:309: FutureWarning: `torch.cuda.amp.autocast(args...)` is deprecated. Please use `torch.amp.autocast('cuda', args...)` instead.
  with autocast(enabled=use_amp):
/data/quyhv/oil_forecast_tail_risk/scripts/training/train_unified.py:349: FutureWarning: `torch.cuda.amp.autocast(args...)` is deprecated. Please use `torch.amp.autocast('cuda', args...)` instead.
  with autocast(enabled=use_amp):
 Iter-26 | MAE=1.750 | MAPE=2.43%
/data/quyhv/oil_forecast_tail_risk/scripts/training/train_unified.py:290: FutureWarning: `torch.cuda.amp.GradScaler(args...)` is deprecated. Please use `torch.amp.GradScaler('cuda', args...)` instead.
  scaler = GradScaler(enabled=use_amp)
/data/quyhv/oil_forecast_tail_risk/scripts/training/train_unified.py:309: FutureWarning: `torch.cuda.amp.autocast(args...)` is deprecated. Please use `torch.amp.autocast('cuda', args...)` instead.
  with autocast(enabled=use_amp):
/data/quyhv/oil_forecast_tail_risk/scripts/training/train_unified.py:349: FutureWarning: `torch.cuda.amp.autocast(args...)` is deprecated. Please use `torch.amp.autocast('cuda', args...)` instead.
  with autocast(enabled=use_amp):
 Iter-27 | MAE=0.416 | MAPE=0.58%
/data/quyhv/oil_forecast_tail_risk/scripts/training/train_unified.py:290: FutureWarning: `torch.cuda.amp.GradScaler(args...)` is deprecated. Please use `torch.amp.GradScaler('cuda', args...)` instead.
  scaler = GradScaler(enabled=use_amp)
/data/quyhv/oil_forecast_tail_risk/scripts/training/train_unified.py:309: FutureWarning: `torch.cuda.amp.autocast(args...)` is deprecated. Please use `torch.amp.autocast('cuda', args...)` instead.
  with autocast(enabled=use_amp):
/data/quyhv/oil_forecast_tail_risk/scripts/training/train_unified.py:349: FutureWarning: `torch.cuda.amp.autocast(args...)` is deprecated. Please use `torch.amp.autocast('cuda', args...)` instead.
  with autocast(enabled=use_amp):
 Iter-28 | MAE=0.325 | MAPE=0.46%
/data/quyhv/oil_forecast_tail_risk/scripts/training/train_unified.py:290: FutureWarning: `torch.cuda.amp.GradScaler(args...)` is deprecated. Please use `torch.amp.GradScaler('cuda', args...)` instead.
  scaler = GradScaler(enabled=use_amp)
/data/quyhv/oil_forecast_tail_risk/scripts/training/train_unified.py:309: FutureWarning: `torch.cuda.amp.autocast(args...)` is deprecated. Please use `torch.amp.autocast('cuda', args...)` instead.
  with autocast(enabled=use_amp):
/data/quyhv/oil_forecast_tail_risk/scripts/training/train_unified.py:349: FutureWarning: `torch.cuda.amp.autocast(args...)` is deprecated. Please use `torch.amp.autocast('cuda', args...)` instead.
  with autocast(enabled=use_amp):
 Iter-29 | MAE=0.632 | MAPE=0.88%
/data/quyhv/oil_forecast_tail_risk/scripts/training/train_unified.py:290: FutureWarning: `torch.cuda.amp.GradScaler(args...)` is deprecated. Please use `torch.amp.GradScaler('cuda', args...)` instead.
  scaler = GradScaler(enabled=use_amp)
/data/quyhv/oil_forecast_tail_risk/scripts/training/train_unified.py:309: FutureWarning: `torch.cuda.amp.autocast(args...)` is deprecated. Please use `torch.amp.autocast('cuda', args...)` instead.
  with autocast(enabled=use_amp):
/data/quyhv/oil_forecast_tail_risk/scripts/training/train_unified.py:349: FutureWarning: `torch.cuda.amp.autocast(args...)` is deprecated. Please use `torch.amp.autocast('cuda', args...)` instead.
  with autocast(enabled=use_amp):
 Iter-30 | MAE=0.375 | MAPE=0.52%
/data/quyhv/oil_forecast_tail_risk/scripts/training/train_unified.py:290: FutureWarning: `torch.cuda.amp.GradScaler(args...)` is deprecated. Please use `torch.amp.GradScaler('cuda', args...)` instead.
  scaler = GradScaler(enabled=use_amp)
/data/quyhv/oil_forecast_tail_risk/scripts/training/train_unified.py:309: FutureWarning: `torch.cuda.amp.autocast(args...)` is deprecated. Please use `torch.amp.autocast('cuda', args...)` instead.
  with autocast(enabled=use_amp):
/data/quyhv/oil_forecast_tail_risk/scripts/training/train_unified.py:349: FutureWarning: `torch.cuda.amp.autocast(args...)` is deprecated. Please use `torch.amp.autocast('cuda', args...)` instead.
  with autocast(enabled=use_amp):
 Iter-31 | MAE=0.539 | MAPE=0.74%
/data/quyhv/oil_forecast_tail_risk/scripts/training/train_unified.py:290: FutureWarning: `torch.cuda.amp.GradScaler(args...)` is deprecated. Please use `torch.amp.GradScaler('cuda', args...)` instead.
  scaler = GradScaler(enabled=use_amp)
/data/quyhv/oil_forecast_tail_risk/scripts/training/train_unified.py:309: FutureWarning: `torch.cuda.amp.autocast(args...)` is deprecated. Please use `torch.amp.autocast('cuda', args...)` instead.
  with autocast(enabled=use_amp):
/data/quyhv/oil_forecast_tail_risk/scripts/training/train_unified.py:349: FutureWarning: `torch.cuda.amp.autocast(args...)` is deprecated. Please use `torch.amp.autocast('cuda', args...)` instead.
  with autocast(enabled=use_amp):
 Iter-32 | MAE=0.660 | MAPE=0.91%
/data/quyhv/oil_forecast_tail_risk/scripts/training/train_unified.py:290: FutureWarning: `torch.cuda.amp.GradScaler(args...)` is deprecated. Please use `torch.amp.GradScaler('cuda', args...)` instead.
  scaler = GradScaler(enabled=use_amp)
/data/quyhv/oil_forecast_tail_risk/scripts/training/train_unified.py:309: FutureWarning: `torch.cuda.amp.autocast(args...)` is deprecated. Please use `torch.amp.autocast('cuda', args...)` instead.
  with autocast(enabled=use_amp):
/data/quyhv/oil_forecast_tail_risk/scripts/training/train_unified.py:349: FutureWarning: `torch.cuda.amp.autocast(args...)` is deprecated. Please use `torch.amp.autocast('cuda', args...)` instead.
  with autocast(enabled=use_amp):
 Iter-33 | MAE=1.029 | MAPE=1.41%
/data/quyhv/oil_forecast_tail_risk/scripts/training/train_unified.py:290: FutureWarning: `torch.cuda.amp.GradScaler(args...)` is deprecated. Please use `torch.amp.GradScaler('cuda', args...)` instead.
  scaler = GradScaler(enabled=use_amp)
/data/quyhv/oil_forecast_tail_risk/scripts/training/train_unified.py:309: FutureWarning: `torch.cuda.amp.autocast(args...)` is deprecated. Please use `torch.amp.autocast('cuda', args...)` instead.
  with autocast(enabled=use_amp):
/data/quyhv/oil_forecast_tail_risk/scripts/training/train_unified.py:349: FutureWarning: `torch.cuda.amp.autocast(args...)` is deprecated. Please use `torch.amp.autocast('cuda', args...)` instead.
  with autocast(enabled=use_amp):
 Iter-34 | MAE=1.158 | MAPE=1.62%
/data/quyhv/oil_forecast_tail_risk/scripts/training/train_unified.py:290: FutureWarning: `torch.cuda.amp.GradScaler(args...)` is deprecated. Please use `torch.amp.GradScaler('cuda', args...)` instead.
  scaler = GradScaler(enabled=use_amp)
/data/quyhv/oil_forecast_tail_risk/scripts/training/train_unified.py:309: FutureWarning: `torch.cuda.amp.autocast(args...)` is deprecated. Please use `torch.amp.autocast('cuda', args...)` instead.
  with autocast(enabled=use_amp):
/data/quyhv/oil_forecast_tail_risk/scripts/training/train_unified.py:349: FutureWarning: `torch.cuda.amp.autocast(args...)` is deprecated. Please use `torch.amp.autocast('cuda', args...)` instead.
  with autocast(enabled=use_amp):
 Iter-35 | MAE=0.453 | MAPE=0.62%
/data/quyhv/oil_forecast_tail_risk/scripts/training/train_unified.py:290: FutureWarning: `torch.cuda.amp.GradScaler(args...)` is deprecated. Please use `torch.amp.GradScaler('cuda', args...)` instead.
  scaler = GradScaler(enabled=use_amp)
/data/quyhv/oil_forecast_tail_risk/scripts/training/train_unified.py:309: FutureWarning: `torch.cuda.amp.autocast(args...)` is deprecated. Please use `torch.amp.autocast('cuda', args...)` instead.
  with autocast(enabled=use_amp):
/data/quyhv/oil_forecast_tail_risk/scripts/training/train_unified.py:349: FutureWarning: `torch.cuda.amp.autocast(args...)` is deprecated. Please use `torch.amp.autocast('cuda', args...)` instead.
  with autocast(enabled=use_amp):
 Iter-36 | MAE=0.767 | MAPE=1.03%
/data/quyhv/oil_forecast_tail_risk/scripts/training/train_unified.py:290: FutureWarning: `torch.cuda.amp.GradScaler(args...)` is deprecated. Please use `torch.amp.GradScaler('cuda', args...)` instead.
  scaler = GradScaler(enabled=use_amp)
/data/quyhv/oil_forecast_tail_risk/scripts/training/train_unified.py:309: FutureWarning: `torch.cuda.amp.autocast(args...)` is deprecated. Please use `torch.amp.autocast('cuda', args...)` instead.
  with autocast(enabled=use_amp):
/data/quyhv/oil_forecast_tail_risk/scripts/training/train_unified.py:349: FutureWarning: `torch.cuda.amp.autocast(args...)` is deprecated. Please use `torch.amp.autocast('cuda', args...)` instead.
  with autocast(enabled=use_amp):
 Iter-37 | MAE=0.933 | MAPE=1.25%
/data/quyhv/oil_forecast_tail_risk/scripts/training/train_unified.py:290: FutureWarning: `torch.cuda.amp.GradScaler(args...)` is deprecated. Please use `torch.amp.GradScaler('cuda', args...)` instead.
  scaler = GradScaler(enabled=use_amp)
/data/quyhv/oil_forecast_tail_risk/scripts/training/train_unified.py:309: FutureWarning: `torch.cuda.amp.autocast(args...)` is deprecated. Please use `torch.amp.autocast('cuda', args...)` instead.
  with autocast(enabled=use_amp):
/data/quyhv/oil_forecast_tail_risk/scripts/training/train_unified.py:349: FutureWarning: `torch.cuda.amp.autocast(args...)` is deprecated. Please use `torch.amp.autocast('cuda', args...)` instead.
  with autocast(enabled=use_amp):
 Iter-38 | MAE=3.440 | MAPE=4.79%
/data/quyhv/oil_forecast_tail_risk/scripts/training/train_unified.py:290: FutureWarning: `torch.cuda.amp.GradScaler(args...)` is deprecated. Please use `torch.amp.GradScaler('cuda', args...)` instead.
  scaler = GradScaler(enabled=use_amp)
/data/quyhv/oil_forecast_tail_risk/scripts/training/train_unified.py:309: FutureWarning: `torch.cuda.amp.autocast(args...)` is deprecated. Please use `torch.amp.autocast('cuda', args...)` instead.
  with autocast(enabled=use_amp):
/data/quyhv/oil_forecast_tail_risk/scripts/training/train_unified.py:349: FutureWarning: `torch.cuda.amp.autocast(args...)` is deprecated. Please use `torch.amp.autocast('cuda', args...)` instead.
  with autocast(enabled=use_amp):
 Iter-39 | MAE=2.517 | MAPE=3.50%
/data/quyhv/oil_forecast_tail_risk/scripts/training/train_unified.py:290: FutureWarning: `torch.cuda.amp.GradScaler(args...)` is deprecated. Please use `torch.amp.GradScaler('cuda', args...)` instead.
  scaler = GradScaler(enabled=use_amp)
/data/quyhv/oil_forecast_tail_risk/scripts/training/train_unified.py:309: FutureWarning: `torch.cuda.amp.autocast(args...)` is deprecated. Please use `torch.amp.autocast('cuda', args...)` instead.
  with autocast(enabled=use_amp):
/data/quyhv/oil_forecast_tail_risk/scripts/training/train_unified.py:349: FutureWarning: `torch.cuda.amp.autocast(args...)` is deprecated. Please use `torch.amp.autocast('cuda', args...)` instead.
  with autocast(enabled=use_amp):
 Iter-40 | MAE=1.151 | MAPE=1.56%
/data/quyhv/oil_forecast_tail_risk/scripts/training/train_unified.py:290: FutureWarning: `torch.cuda.amp.GradScaler(args...)` is deprecated. Please use `torch.amp.GradScaler('cuda', args...)` instead.
  scaler = GradScaler(enabled=use_amp)
/data/quyhv/oil_forecast_tail_risk/scripts/training/train_unified.py:309: FutureWarning: `torch.cuda.amp.autocast(args...)` is deprecated. Please use `torch.amp.autocast('cuda', args...)` instead.
  with autocast(enabled=use_amp):
/data/quyhv/oil_forecast_tail_risk/scripts/training/train_unified.py:349: FutureWarning: `torch.cuda.amp.autocast(args...)` is deprecated. Please use `torch.amp.autocast('cuda', args...)` instead.
  with autocast(enabled=use_amp):
 Iter-41 | MAE=0.514 | MAPE=0.69%
/data/quyhv/oil_forecast_tail_risk/scripts/training/train_unified.py:290: FutureWarning: `torch.cuda.amp.GradScaler(args...)` is deprecated. Please use `torch.amp.GradScaler('cuda', args...)` instead.
  scaler = GradScaler(enabled=use_amp)
/data/quyhv/oil_forecast_tail_risk/scripts/training/train_unified.py:309: FutureWarning: `torch.cuda.amp.autocast(args...)` is deprecated. Please use `torch.amp.autocast('cuda', args...)` instead.
  with autocast(enabled=use_amp):
/data/quyhv/oil_forecast_tail_risk/scripts/training/train_unified.py:349: FutureWarning: `torch.cuda.amp.autocast(args...)` is deprecated. Please use `torch.amp.autocast('cuda', args...)` instead.
  with autocast(enabled=use_amp):
 Iter-42 | MAE=0.793 | MAPE=1.07%
/data/quyhv/oil_forecast_tail_risk/scripts/training/train_unified.py:290: FutureWarning: `torch.cuda.amp.GradScaler(args...)` is deprecated. Please use `torch.amp.GradScaler('cuda', args...)` instead.
  scaler = GradScaler(enabled=use_amp)
/data/quyhv/oil_forecast_tail_risk/scripts/training/train_unified.py:309: FutureWarning: `torch.cuda.amp.autocast(args...)` is deprecated. Please use `torch.amp.autocast('cuda', args...)` instead.
  with autocast(enabled=use_amp):
/data/quyhv/oil_forecast_tail_risk/scripts/training/train_unified.py:349: FutureWarning: `torch.cuda.amp.autocast(args...)` is deprecated. Please use `torch.amp.autocast('cuda', args...)` instead.
  with autocast(enabled=use_amp):
 Iter-43 | MAE=1.111 | MAPE=1.47%
/data/quyhv/oil_forecast_tail_risk/scripts/training/train_unified.py:290: FutureWarning: `torch.cuda.amp.GradScaler(args...)` is deprecated. Please use `torch.amp.GradScaler('cuda', args...)` instead.
  scaler = GradScaler(enabled=use_amp)
/data/quyhv/oil_forecast_tail_risk/scripts/training/train_unified.py:309: FutureWarning: `torch.cuda.amp.autocast(args...)` is deprecated. Please use `torch.amp.autocast('cuda', args...)` instead.
  with autocast(enabled=use_amp):
/data/quyhv/oil_forecast_tail_risk/scripts/training/train_unified.py:349: FutureWarning: `torch.cuda.amp.autocast(args...)` is deprecated. Please use `torch.amp.autocast('cuda', args...)` instead.
  with autocast(enabled=use_amp):
 Iter-44 | MAE=1.287 | MAPE=1.66%
/data/quyhv/oil_forecast_tail_risk/scripts/training/train_unified.py:290: FutureWarning: `torch.cuda.amp.GradScaler(args...)` is deprecated. Please use `torch.amp.GradScaler('cuda', args...)` instead.
  scaler = GradScaler(enabled=use_amp)
/data/quyhv/oil_forecast_tail_risk/scripts/training/train_unified.py:309: FutureWarning: `torch.cuda.amp.autocast(args...)` is deprecated. Please use `torch.amp.autocast('cuda', args...)` instead.
  with autocast(enabled=use_amp):
/data/quyhv/oil_forecast_tail_risk/scripts/training/train_unified.py:349: FutureWarning: `torch.cuda.amp.autocast(args...)` is deprecated. Please use `torch.amp.autocast('cuda', args...)` instead.
  with autocast(enabled=use_amp):
 Iter-45 | MAE=0.343 | MAPE=0.45%
/data/quyhv/oil_forecast_tail_risk/scripts/training/train_unified.py:290: FutureWarning: `torch.cuda.amp.GradScaler(args...)` is deprecated. Please use `torch.amp.GradScaler('cuda', args...)` instead.
  scaler = GradScaler(enabled=use_amp)
/data/quyhv/oil_forecast_tail_risk/scripts/training/train_unified.py:309: FutureWarning: `torch.cuda.amp.autocast(args...)` is deprecated. Please use `torch.amp.autocast('cuda', args...)` instead.
  with autocast(enabled=use_amp):
/data/quyhv/oil_forecast_tail_risk/scripts/training/train_unified.py:349: FutureWarning: `torch.cuda.amp.autocast(args...)` is deprecated. Please use `torch.amp.autocast('cuda', args...)` instead.
  with autocast(enabled=use_amp):
 Iter-46 | MAE=1.074 | MAPE=1.42%
/data/quyhv/oil_forecast_tail_risk/scripts/training/train_unified.py:290: FutureWarning: `torch.cuda.amp.GradScaler(args...)` is deprecated. Please use `torch.amp.GradScaler('cuda', args...)` instead.
  scaler = GradScaler(enabled=use_amp)
/data/quyhv/oil_forecast_tail_risk/scripts/training/train_unified.py:309: FutureWarning: `torch.cuda.amp.autocast(args...)` is deprecated. Please use `torch.amp.autocast('cuda', args...)` instead.
  with autocast(enabled=use_amp):
/data/quyhv/oil_forecast_tail_risk/scripts/training/train_unified.py:349: FutureWarning: `torch.cuda.amp.autocast(args...)` is deprecated. Please use `torch.amp.autocast('cuda', args...)` instead.
  with autocast(enabled=use_amp):
 Iter-47 | MAE=2.309 | MAPE=3.18%
/data/quyhv/oil_forecast_tail_risk/scripts/training/train_unified.py:290: FutureWarning: `torch.cuda.amp.GradScaler(args...)` is deprecated. Please use `torch.amp.GradScaler('cuda', args...)` instead.
  scaler = GradScaler(enabled=use_amp)
/data/quyhv/oil_forecast_tail_risk/scripts/training/train_unified.py:309: FutureWarning: `torch.cuda.amp.autocast(args...)` is deprecated. Please use `torch.amp.autocast('cuda', args...)` instead.
  with autocast(enabled=use_amp):
/data/quyhv/oil_forecast_tail_risk/scripts/training/train_unified.py:349: FutureWarning: `torch.cuda.amp.autocast(args...)` is deprecated. Please use `torch.amp.autocast('cuda', args...)` instead.
  with autocast(enabled=use_amp):
 Iter-48 | MAE=0.328 | MAPE=0.45%
/data/quyhv/oil_forecast_tail_risk/scripts/training/train_unified.py:290: FutureWarning: `torch.cuda.amp.GradScaler(args...)` is deprecated. Please use `torch.amp.GradScaler('cuda', args...)` instead.
  scaler = GradScaler(enabled=use_amp)
/data/quyhv/oil_forecast_tail_risk/scripts/training/train_unified.py:309: FutureWarning: `torch.cuda.amp.autocast(args...)` is deprecated. Please use `torch.amp.autocast('cuda', args...)` instead.
  with autocast(enabled=use_amp):
/data/quyhv/oil_forecast_tail_risk/scripts/training/train_unified.py:349: FutureWarning: `torch.cuda.amp.autocast(args...)` is deprecated. Please use `torch.amp.autocast('cuda', args...)` instead.
  with autocast(enabled=use_amp):
 Iter-49 | MAE=0.552 | MAPE=0.76%
/data/quyhv/oil_forecast_tail_risk/scripts/training/train_unified.py:290: FutureWarning: `torch.cuda.amp.GradScaler(args...)` is deprecated. Please use `torch.amp.GradScaler('cuda', args...)` instead.
  scaler = GradScaler(enabled=use_amp)
/data/quyhv/oil_forecast_tail_risk/scripts/training/train_unified.py:309: FutureWarning: `torch.cuda.amp.autocast(args...)` is deprecated. Please use `torch.amp.autocast('cuda', args...)` instead.
  with autocast(enabled=use_amp):
/data/quyhv/oil_forecast_tail_risk/scripts/training/train_unified.py:349: FutureWarning: `torch.cuda.amp.autocast(args...)` is deprecated. Please use `torch.amp.autocast('cuda', args...)` instead.
  with autocast(enabled=use_amp):
 Iter-50 | MAE=0.423 | MAPE=0.58%
/data/quyhv/oil_forecast_tail_risk/scripts/training/train_unified.py:290: FutureWarning: `torch.cuda.amp.GradScaler(args...)` is deprecated. Please use `torch.amp.GradScaler('cuda', args...)` instead.
  scaler = GradScaler(enabled=use_amp)
/data/quyhv/oil_forecast_tail_risk/scripts/training/train_unified.py:309: FutureWarning: `torch.cuda.amp.autocast(args...)` is deprecated. Please use `torch.amp.autocast('cuda', args...)` instead.
  with autocast(enabled=use_amp):
/data/quyhv/oil_forecast_tail_risk/scripts/training/train_unified.py:349: FutureWarning: `torch.cuda.amp.autocast(args...)` is deprecated. Please use `torch.amp.autocast('cuda', args...)` instead.
  with autocast(enabled=use_amp):
 Iter-51 | MAE=2.726 | MAPE=3.54%
/data/quyhv/oil_forecast_tail_risk/scripts/training/train_unified.py:290: FutureWarning: `torch.cuda.amp.GradScaler(args...)` is deprecated. Please use `torch.amp.GradScaler('cuda', args...)` instead.
  scaler = GradScaler(enabled=use_amp)
/data/quyhv/oil_forecast_tail_risk/scripts/training/train_unified.py:309: FutureWarning: `torch.cuda.amp.autocast(args...)` is deprecated. Please use `torch.amp.autocast('cuda', args...)` instead.
  with autocast(enabled=use_amp):
/data/quyhv/oil_forecast_tail_risk/scripts/training/train_unified.py:349: FutureWarning: `torch.cuda.amp.autocast(args...)` is deprecated. Please use `torch.amp.autocast('cuda', args...)` instead.
  with autocast(enabled=use_amp):
 Iter-52 | MAE=1.675 | MAPE=2.12%
/data/quyhv/oil_forecast_tail_risk/scripts/training/train_unified.py:290: FutureWarning: `torch.cuda.amp.GradScaler(args...)` is deprecated. Please use `torch.amp.GradScaler('cuda', args...)` instead.
  scaler = GradScaler(enabled=use_amp)
/data/quyhv/oil_forecast_tail_risk/scripts/training/train_unified.py:309: FutureWarning: `torch.cuda.amp.autocast(args...)` is deprecated. Please use `torch.amp.autocast('cuda', args...)` instead.
  with autocast(enabled=use_amp):
/data/quyhv/oil_forecast_tail_risk/scripts/training/train_unified.py:349: FutureWarning: `torch.cuda.amp.autocast(args...)` is deprecated. Please use `torch.amp.autocast('cuda', args...)` instead.
  with autocast(enabled=use_amp):
 Iter-53 | MAE=0.207 | MAPE=0.26%
/data/quyhv/oil_forecast_tail_risk/scripts/training/train_unified.py:290: FutureWarning: `torch.cuda.amp.GradScaler(args...)` is deprecated. Please use `torch.amp.GradScaler('cuda', args...)` instead.
  scaler = GradScaler(enabled=use_amp)
/data/quyhv/oil_forecast_tail_risk/scripts/training/train_unified.py:309: FutureWarning: `torch.cuda.amp.autocast(args...)` is deprecated. Please use `torch.amp.autocast('cuda', args...)` instead.
  with autocast(enabled=use_amp):
/data/quyhv/oil_forecast_tail_risk/scripts/training/train_unified.py:349: FutureWarning: `torch.cuda.amp.autocast(args...)` is deprecated. Please use `torch.amp.autocast('cuda', args...)` instead.
  with autocast(enabled=use_amp):
 Iter-54 | MAE=1.728 | MAPE=2.16%
/data/quyhv/oil_forecast_tail_risk/scripts/training/train_unified.py:290: FutureWarning: `torch.cuda.amp.GradScaler(args...)` is deprecated. Please use `torch.amp.GradScaler('cuda', args...)` instead.
  scaler = GradScaler(enabled=use_amp)
/data/quyhv/oil_forecast_tail_risk/scripts/training/train_unified.py:309: FutureWarning: `torch.cuda.amp.autocast(args...)` is deprecated. Please use `torch.amp.autocast('cuda', args...)` instead.
  with autocast(enabled=use_amp):
/data/quyhv/oil_forecast_tail_risk/scripts/training/train_unified.py:349: FutureWarning: `torch.cuda.amp.autocast(args...)` is deprecated. Please use `torch.amp.autocast('cuda', args...)` instead.
  with autocast(enabled=use_amp):
 Iter-55 | MAE=0.940 | MAPE=1.17%
/data/quyhv/oil_forecast_tail_risk/scripts/training/train_unified.py:290: FutureWarning: `torch.cuda.amp.GradScaler(args...)` is deprecated. Please use `torch.amp.GradScaler('cuda', args...)` instead.
  scaler = GradScaler(enabled=use_amp)
/data/quyhv/oil_forecast_tail_risk/scripts/training/train_unified.py:309: FutureWarning: `torch.cuda.amp.autocast(args...)` is deprecated. Please use `torch.amp.autocast('cuda', args...)` instead.
  with autocast(enabled=use_amp):
/data/quyhv/oil_forecast_tail_risk/scripts/training/train_unified.py:349: FutureWarning: `torch.cuda.amp.autocast(args...)` is deprecated. Please use `torch.amp.autocast('cuda', args...)` instead.
  with autocast(enabled=use_amp):
 Iter-56 | MAE=0.657 | MAPE=0.82%
/data/quyhv/oil_forecast_tail_risk/scripts/training/train_unified.py:290: FutureWarning: `torch.cuda.amp.GradScaler(args...)` is deprecated. Please use `torch.amp.GradScaler('cuda', args...)` instead.
  scaler = GradScaler(enabled=use_amp)
/data/quyhv/oil_forecast_tail_risk/scripts/training/train_unified.py:309: FutureWarning: `torch.cuda.amp.autocast(args...)` is deprecated. Please use `torch.amp.autocast('cuda', args...)` instead.
  with autocast(enabled=use_amp):
/data/quyhv/oil_forecast_tail_risk/scripts/training/train_unified.py:349: FutureWarning: `torch.cuda.amp.autocast(args...)` is deprecated. Please use `torch.amp.autocast('cuda', args...)` instead.
  with autocast(enabled=use_amp):
 Iter-57 | MAE=0.099 | MAPE=0.12%
/data/quyhv/oil_forecast_tail_risk/scripts/training/train_unified.py:290: FutureWarning: `torch.cuda.amp.GradScaler(args...)` is deprecated. Please use `torch.amp.GradScaler('cuda', args...)` instead.
  scaler = GradScaler(enabled=use_amp)
/data/quyhv/oil_forecast_tail_risk/scripts/training/train_unified.py:309: FutureWarning: `torch.cuda.amp.autocast(args...)` is deprecated. Please use `torch.amp.autocast('cuda', args...)` instead.
  with autocast(enabled=use_amp):
/data/quyhv/oil_forecast_tail_risk/scripts/training/train_unified.py:349: FutureWarning: `torch.cuda.amp.autocast(args...)` is deprecated. Please use `torch.amp.autocast('cuda', args...)` instead.
  with autocast(enabled=use_amp):
 Iter-58 | MAE=10.322 | MAPE=11.28%
/data/quyhv/oil_forecast_tail_risk/scripts/training/train_unified.py:290: FutureWarning: `torch.cuda.amp.GradScaler(args...)` is deprecated. Please use `torch.amp.GradScaler('cuda', args...)` instead.
  scaler = GradScaler(enabled=use_amp)
/data/quyhv/oil_forecast_tail_risk/scripts/training/train_unified.py:309: FutureWarning: `torch.cuda.amp.autocast(args...)` is deprecated. Please use `torch.amp.autocast('cuda', args...)` instead.
  with autocast(enabled=use_amp):
/data/quyhv/oil_forecast_tail_risk/scripts/training/train_unified.py:349: FutureWarning: `torch.cuda.amp.autocast(args...)` is deprecated. Please use `torch.amp.autocast('cuda', args...)` instead.
  with autocast(enabled=use_amp):
 Iter-59 | MAE=6.626 | MAPE=6.82%
/data/quyhv/oil_forecast_tail_risk/scripts/training/train_unified.py:290: FutureWarning: `torch.cuda.amp.GradScaler(args...)` is deprecated. Please use `torch.amp.GradScaler('cuda', args...)` instead.
  scaler = GradScaler(enabled=use_amp)
/data/quyhv/oil_forecast_tail_risk/scripts/training/train_unified.py:309: FutureWarning: `torch.cuda.amp.autocast(args...)` is deprecated. Please use `torch.amp.autocast('cuda', args...)` instead.
  with autocast(enabled=use_amp):
/data/quyhv/oil_forecast_tail_risk/scripts/training/train_unified.py:349: FutureWarning: `torch.cuda.amp.autocast(args...)` is deprecated. Please use `torch.amp.autocast('cuda', args...)` instead.
  with autocast(enabled=use_amp):
 Iter-60 | MAE=3.459 | MAPE=3.37%
/data/quyhv/oil_forecast_tail_risk/scripts/training/train_unified.py:290: FutureWarning: `torch.cuda.amp.GradScaler(args...)` is deprecated. Please use `torch.amp.GradScaler('cuda', args...)` instead.
  scaler = GradScaler(enabled=use_amp)
/data/quyhv/oil_forecast_tail_risk/scripts/training/train_unified.py:309: FutureWarning: `torch.cuda.amp.autocast(args...)` is deprecated. Please use `torch.amp.autocast('cuda', args...)` instead.
  with autocast(enabled=use_amp):
/data/quyhv/oil_forecast_tail_risk/scripts/training/train_unified.py:349: FutureWarning: `torch.cuda.amp.autocast(args...)` is deprecated. Please use `torch.amp.autocast('cuda', args...)` instead.
  with autocast(enabled=use_amp):
 Iter-61 | MAE=16.884 | MAPE=15.55%
/data/quyhv/oil_forecast_tail_risk/scripts/training/train_unified.py:290: FutureWarning: `torch.cuda.amp.GradScaler(args...)` is deprecated. Please use `torch.amp.GradScaler('cuda', args...)` instead.
  scaler = GradScaler(enabled=use_amp)
/data/quyhv/oil_forecast_tail_risk/scripts/training/train_unified.py:309: FutureWarning: `torch.cuda.amp.autocast(args...)` is deprecated. Please use `torch.amp.autocast('cuda', args...)` instead.
  with autocast(enabled=use_amp):
/data/quyhv/oil_forecast_tail_risk/scripts/training/train_unified.py:349: FutureWarning: `torch.cuda.amp.autocast(args...)` is deprecated. Please use `torch.amp.autocast('cuda', args...)` instead.
  with autocast(enabled=use_amp):
 Iter-62 | MAE=4.469 | MAPE=3.79%
/data/quyhv/oil_forecast_tail_risk/scripts/training/train_unified.py:290: FutureWarning: `torch.cuda.amp.GradScaler(args...)` is deprecated. Please use `torch.amp.GradScaler('cuda', args...)` instead.
  scaler = GradScaler(enabled=use_amp)
/data/quyhv/oil_forecast_tail_risk/scripts/training/train_unified.py:309: FutureWarning: `torch.cuda.amp.autocast(args...)` is deprecated. Please use `torch.amp.autocast('cuda', args...)` instead.
  with autocast(enabled=use_amp):
/data/quyhv/oil_forecast_tail_risk/scripts/training/train_unified.py:349: FutureWarning: `torch.cuda.amp.autocast(args...)` is deprecated. Please use `torch.amp.autocast('cuda', args...)` instead.
  with autocast(enabled=use_amp):
 Iter-63 | MAE=21.445 | MAPE=14.96%
/data/quyhv/oil_forecast_tail_risk/scripts/training/train_unified.py:290: FutureWarning: `torch.cuda.amp.GradScaler(args...)` is deprecated. Please use `torch.amp.GradScaler('cuda', args...)` instead.
  scaler = GradScaler(enabled=use_amp)
/data/quyhv/oil_forecast_tail_risk/scripts/training/train_unified.py:309: FutureWarning: `torch.cuda.amp.autocast(args...)` is deprecated. Please use `torch.amp.autocast('cuda', args...)` instead.
  with autocast(enabled=use_amp):
/data/quyhv/oil_forecast_tail_risk/scripts/training/train_unified.py:349: FutureWarning: `torch.cuda.amp.autocast(args...)` is deprecated. Please use `torch.amp.autocast('cuda', args...)` instead.
  with autocast(enabled=use_amp):
 Iter-64 | MAE=16.966 | MAPE=13.79%
/data/quyhv/oil_forecast_tail_risk/scripts/training/train_unified.py:290: FutureWarning: `torch.cuda.amp.GradScaler(args...)` is deprecated. Please use `torch.amp.GradScaler('cuda', args...)` instead.
  scaler = GradScaler(enabled=use_amp)
/data/quyhv/oil_forecast_tail_risk/scripts/training/train_unified.py:309: FutureWarning: `torch.cuda.amp.autocast(args...)` is deprecated. Please use `torch.amp.autocast('cuda', args...)` instead.
  with autocast(enabled=use_amp):
/data/quyhv/oil_forecast_tail_risk/scripts/training/train_unified.py:349: FutureWarning: `torch.cuda.amp.autocast(args...)` is deprecated. Please use `torch.amp.autocast('cuda', args...)` instead.
  with autocast(enabled=use_amp):
 Iter-65 | MAE=2.148 | MAPE=1.70%
/data/quyhv/oil_forecast_tail_risk/scripts/training/train_unified.py:290: FutureWarning: `torch.cuda.amp.GradScaler(args...)` is deprecated. Please use `torch.amp.GradScaler('cuda', args...)` instead.
  scaler = GradScaler(enabled=use_amp)
/data/quyhv/oil_forecast_tail_risk/scripts/training/train_unified.py:309: FutureWarning: `torch.cuda.amp.autocast(args...)` is deprecated. Please use `torch.amp.autocast('cuda', args...)` instead.
  with autocast(enabled=use_amp):
/data/quyhv/oil_forecast_tail_risk/scripts/training/train_unified.py:349: FutureWarning: `torch.cuda.amp.autocast(args...)` is deprecated. Please use `torch.amp.autocast('cuda', args...)` instead.
  with autocast(enabled=use_amp):
 Iter-66 | MAE=12.438 | MAPE=9.10%
/data/quyhv/oil_forecast_tail_risk/scripts/training/train_unified.py:290: FutureWarning: `torch.cuda.amp.GradScaler(args...)` is deprecated. Please use `torch.amp.GradScaler('cuda', args...)` instead.
  scaler = GradScaler(enabled=use_amp)
/data/quyhv/oil_forecast_tail_risk/scripts/training/train_unified.py:309: FutureWarning: `torch.cuda.amp.autocast(args...)` is deprecated. Please use `torch.amp.autocast('cuda', args...)` instead.
  with autocast(enabled=use_amp):
/data/quyhv/oil_forecast_tail_risk/scripts/training/train_unified.py:349: FutureWarning: `torch.cuda.amp.autocast(args...)` is deprecated. Please use `torch.amp.autocast('cuda', args...)` instead.
  with autocast(enabled=use_amp):
 Iter-67 | MAE=2.706 | MAPE=1.91%
/data/quyhv/oil_forecast_tail_risk/scripts/training/train_unified.py:290: FutureWarning: `torch.cuda.amp.GradScaler(args...)` is deprecated. Please use `torch.amp.GradScaler('cuda', args...)` instead.
  scaler = GradScaler(enabled=use_amp)
/data/quyhv/oil_forecast_tail_risk/scripts/training/train_unified.py:309: FutureWarning: `torch.cuda.amp.autocast(args...)` is deprecated. Please use `torch.amp.autocast('cuda', args...)` instead.
  with autocast(enabled=use_amp):
/data/quyhv/oil_forecast_tail_risk/scripts/training/train_unified.py:349: FutureWarning: `torch.cuda.amp.autocast(args...)` is deprecated. Please use `torch.amp.autocast('cuda', args...)` instead.
  with autocast(enabled=use_amp):
 Iter-68 | MAE=2.104 | MAPE=1.44%
/data/quyhv/oil_forecast_tail_risk/scripts/training/train_unified.py:290: FutureWarning: `torch.cuda.amp.GradScaler(args...)` is deprecated. Please use `torch.amp.GradScaler('cuda', args...)` instead.
  scaler = GradScaler(enabled=use_amp)
/data/quyhv/oil_forecast_tail_risk/scripts/training/train_unified.py:309: FutureWarning: `torch.cuda.amp.autocast(args...)` is deprecated. Please use `torch.amp.autocast('cuda', args...)` instead.
  with autocast(enabled=use_amp):
/data/quyhv/oil_forecast_tail_risk/scripts/training/train_unified.py:349: FutureWarning: `torch.cuda.amp.autocast(args...)` is deprecated. Please use `torch.amp.autocast('cuda', args...)` instead.
  with autocast(enabled=use_amp):
 Iter-69 | MAE=0.465 | MAPE=0.33%
/data/quyhv/oil_forecast_tail_risk/scripts/training/train_unified.py:290: FutureWarning: `torch.cuda.amp.GradScaler(args...)` is deprecated. Please use `torch.amp.GradScaler('cuda', args...)` instead.
  scaler = GradScaler(enabled=use_amp)
/data/quyhv/oil_forecast_tail_risk/scripts/training/train_unified.py:309: FutureWarning: `torch.cuda.amp.autocast(args...)` is deprecated. Please use `torch.amp.autocast('cuda', args...)` instead.
  with autocast(enabled=use_amp):
/data/quyhv/oil_forecast_tail_risk/scripts/training/train_unified.py:349: FutureWarning: `torch.cuda.amp.autocast(args...)` is deprecated. Please use `torch.amp.autocast('cuda', args...)` instead.
  with autocast(enabled=use_amp):
 Iter-70 | MAE=1.305 | MAPE=0.86%
/data/quyhv/oil_forecast_tail_risk/scripts/training/train_unified.py:290: FutureWarning: `torch.cuda.amp.GradScaler(args...)` is deprecated. Please use `torch.amp.GradScaler('cuda', args...)` instead.
  scaler = GradScaler(enabled=use_amp)
/data/quyhv/oil_forecast_tail_risk/scripts/training/train_unified.py:309: FutureWarning: `torch.cuda.amp.autocast(args...)` is deprecated. Please use `torch.amp.autocast('cuda', args...)` instead.
  with autocast(enabled=use_amp):
/data/quyhv/oil_forecast_tail_risk/scripts/training/train_unified.py:349: FutureWarning: `torch.cuda.amp.autocast(args...)` is deprecated. Please use `torch.amp.autocast('cuda', args...)` instead.
  with autocast(enabled=use_amp):
 Iter-71 | MAE=4.781 | MAPE=3.03%
/data/quyhv/oil_forecast_tail_risk/scripts/training/train_unified.py:290: FutureWarning: `torch.cuda.amp.GradScaler(args...)` is deprecated. Please use `torch.amp.GradScaler('cuda', args...)` instead.
  scaler = GradScaler(enabled=use_amp)
/data/quyhv/oil_forecast_tail_risk/scripts/training/train_unified.py:309: FutureWarning: `torch.cuda.amp.autocast(args...)` is deprecated. Please use `torch.amp.autocast('cuda', args...)` instead.
  with autocast(enabled=use_amp):
/data/quyhv/oil_forecast_tail_risk/scripts/training/train_unified.py:349: FutureWarning: `torch.cuda.amp.autocast(args...)` is deprecated. Please use `torch.amp.autocast('cuda', args...)` instead.
  with autocast(enabled=use_amp):
 Iter-72 | MAE=1.956 | MAPE=1.27%
/data/quyhv/oil_forecast_tail_risk/scripts/training/train_unified.py:290: FutureWarning: `torch.cuda.amp.GradScaler(args...)` is deprecated. Please use `torch.amp.GradScaler('cuda', args...)` instead.
  scaler = GradScaler(enabled=use_amp)
/data/quyhv/oil_forecast_tail_risk/scripts/training/train_unified.py:309: FutureWarning: `torch.cuda.amp.autocast(args...)` is deprecated. Please use `torch.amp.autocast('cuda', args...)` instead.
  with autocast(enabled=use_amp):
/data/quyhv/oil_forecast_tail_risk/scripts/training/train_unified.py:349: FutureWarning: `torch.cuda.amp.autocast(args...)` is deprecated. Please use `torch.amp.autocast('cuda', args...)` instead.
  with autocast(enabled=use_amp):
 Iter-73 | MAE=4.407 | MAPE=2.69%
/data/quyhv/oil_forecast_tail_risk/scripts/training/train_unified.py:290: FutureWarning: `torch.cuda.amp.GradScaler(args...)` is deprecated. Please use `torch.amp.GradScaler('cuda', args...)` instead.
  scaler = GradScaler(enabled=use_amp)
/data/quyhv/oil_forecast_tail_risk/scripts/training/train_unified.py:309: FutureWarning: `torch.cuda.amp.autocast(args...)` is deprecated. Please use `torch.amp.autocast('cuda', args...)` instead.
  with autocast(enabled=use_amp):
/data/quyhv/oil_forecast_tail_risk/scripts/training/train_unified.py:349: FutureWarning: `torch.cuda.amp.autocast(args...)` is deprecated. Please use `torch.amp.autocast('cuda', args...)` instead.
  with autocast(enabled=use_amp):
 Iter-74 | MAE=9.213 | MAPE=6.35%
/data/quyhv/oil_forecast_tail_risk/scripts/training/train_unified.py:290: FutureWarning: `torch.cuda.amp.GradScaler(args...)` is deprecated. Please use `torch.amp.GradScaler('cuda', args...)` instead.
  scaler = GradScaler(enabled=use_amp)
/data/quyhv/oil_forecast_tail_risk/scripts/training/train_unified.py:309: FutureWarning: `torch.cuda.amp.autocast(args...)` is deprecated. Please use `torch.amp.autocast('cuda', args...)` instead.
  with autocast(enabled=use_amp):
/data/quyhv/oil_forecast_tail_risk/scripts/training/train_unified.py:349: FutureWarning: `torch.cuda.amp.autocast(args...)` is deprecated. Please use `torch.amp.autocast('cuda', args...)` instead.
  with autocast(enabled=use_amp):
 Iter-75 | MAE=16.721 | MAPE=12.55%
/data/quyhv/oil_forecast_tail_risk/scripts/training/train_unified.py:290: FutureWarning: `torch.cuda.amp.GradScaler(args...)` is deprecated. Please use `torch.amp.GradScaler('cuda', args...)` instead.
  scaler = GradScaler(enabled=use_amp)
/data/quyhv/oil_forecast_tail_risk/scripts/training/train_unified.py:309: FutureWarning: `torch.cuda.amp.autocast(args...)` is deprecated. Please use `torch.amp.autocast('cuda', args...)` instead.
  with autocast(enabled=use_amp):
/data/quyhv/oil_forecast_tail_risk/scripts/training/train_unified.py:349: FutureWarning: `torch.cuda.amp.autocast(args...)` is deprecated. Please use `torch.amp.autocast('cuda', args...)` instead.
  with autocast(enabled=use_amp):
 Iter-76 | MAE=8.465 | MAPE=6.53%
/data/quyhv/oil_forecast_tail_risk/scripts/training/train_unified.py:290: FutureWarning: `torch.cuda.amp.GradScaler(args...)` is deprecated. Please use `torch.amp.GradScaler('cuda', args...)` instead.
  scaler = GradScaler(enabled=use_amp)
/data/quyhv/oil_forecast_tail_risk/scripts/training/train_unified.py:309: FutureWarning: `torch.cuda.amp.autocast(args...)` is deprecated. Please use `torch.amp.autocast('cuda', args...)` instead.
  with autocast(enabled=use_amp):
/data/quyhv/oil_forecast_tail_risk/scripts/training/train_unified.py:349: FutureWarning: `torch.cuda.amp.autocast(args...)` is deprecated. Please use `torch.amp.autocast('cuda', args...)` instead.
  with autocast(enabled=use_amp):
 Iter-77 | MAE=2.452 | MAPE=1.85%
/data/quyhv/oil_forecast_tail_risk/scripts/training/train_unified.py:290: FutureWarning: `torch.cuda.amp.GradScaler(args...)` is deprecated. Please use `torch.amp.GradScaler('cuda', args...)` instead.
  scaler = GradScaler(enabled=use_amp)
/data/quyhv/oil_forecast_tail_risk/scripts/training/train_unified.py:309: FutureWarning: `torch.cuda.amp.autocast(args...)` is deprecated. Please use `torch.amp.autocast('cuda', args...)` instead.
  with autocast(enabled=use_amp):
/data/quyhv/oil_forecast_tail_risk/scripts/training/train_unified.py:349: FutureWarning: `torch.cuda.amp.autocast(args...)` is deprecated. Please use `torch.amp.autocast('cuda', args...)` instead.
  with autocast(enabled=use_amp):
 Iter-78 | MAE=7.652 | MAPE=5.31%
/data/quyhv/oil_forecast_tail_risk/scripts/training/train_unified.py:290: FutureWarning: `torch.cuda.amp.GradScaler(args...)` is deprecated. Please use `torch.amp.GradScaler('cuda', args...)` instead.
  scaler = GradScaler(enabled=use_amp)
/data/quyhv/oil_forecast_tail_risk/scripts/training/train_unified.py:309: FutureWarning: `torch.cuda.amp.autocast(args...)` is deprecated. Please use `torch.amp.autocast('cuda', args...)` instead.
  with autocast(enabled=use_amp):
/data/quyhv/oil_forecast_tail_risk/scripts/training/train_unified.py:349: FutureWarning: `torch.cuda.amp.autocast(args...)` is deprecated. Please use `torch.amp.autocast('cuda', args...)` instead.
  with autocast(enabled=use_amp):
 Iter-79 | MAE=2.886 | MAPE=2.05%
/data/quyhv/oil_forecast_tail_risk/scripts/training/train_unified.py:290: FutureWarning: `torch.cuda.amp.GradScaler(args...)` is deprecated. Please use `torch.amp.GradScaler('cuda', args...)` instead.
  scaler = GradScaler(enabled=use_amp)
/data/quyhv/oil_forecast_tail_risk/scripts/training/train_unified.py:309: FutureWarning: `torch.cuda.amp.autocast(args...)` is deprecated. Please use `torch.amp.autocast('cuda', args...)` instead.
  with autocast(enabled=use_amp):
/data/quyhv/oil_forecast_tail_risk/scripts/training/train_unified.py:349: FutureWarning: `torch.cuda.amp.autocast(args...)` is deprecated. Please use `torch.amp.autocast('cuda', args...)` instead.
  with autocast(enabled=use_amp):
 Iter-80 | MAE=4.288 | MAPE=3.07%
/data/quyhv/oil_forecast_tail_risk/scripts/training/train_unified.py:290: FutureWarning: `torch.cuda.amp.GradScaler(args...)` is deprecated. Please use `torch.amp.GradScaler('cuda', args...)` instead.
  scaler = GradScaler(enabled=use_amp)
/data/quyhv/oil_forecast_tail_risk/scripts/training/train_unified.py:309: FutureWarning: `torch.cuda.amp.autocast(args...)` is deprecated. Please use `torch.amp.autocast('cuda', args...)` instead.
  with autocast(enabled=use_amp):
/data/quyhv/oil_forecast_tail_risk/scripts/training/train_unified.py:349: FutureWarning: `torch.cuda.amp.autocast(args...)` is deprecated. Please use `torch.amp.autocast('cuda', args...)` instead.
  with autocast(enabled=use_amp):
 Iter-81 | MAE=10.448 | MAPE=7.06%
/data/quyhv/oil_forecast_tail_risk/scripts/training/train_unified.py:290: FutureWarning: `torch.cuda.amp.GradScaler(args...)` is deprecated. Please use `torch.amp.GradScaler('cuda', args...)` instead.
  scaler = GradScaler(enabled=use_amp)
/data/quyhv/oil_forecast_tail_risk/scripts/training/train_unified.py:309: FutureWarning: `torch.cuda.amp.autocast(args...)` is deprecated. Please use `torch.amp.autocast('cuda', args...)` instead.
  with autocast(enabled=use_amp):
/data/quyhv/oil_forecast_tail_risk/scripts/training/train_unified.py:349: FutureWarning: `torch.cuda.amp.autocast(args...)` is deprecated. Please use `torch.amp.autocast('cuda', args...)` instead.
  with autocast(enabled=use_amp):
 Iter-82 | MAE=2.852 | MAPE=1.97%
/data/quyhv/oil_forecast_tail_risk/scripts/training/train_unified.py:290: FutureWarning: `torch.cuda.amp.GradScaler(args...)` is deprecated. Please use `torch.amp.GradScaler('cuda', args...)` instead.
  scaler = GradScaler(enabled=use_amp)
/data/quyhv/oil_forecast_tail_risk/scripts/training/train_unified.py:309: FutureWarning: `torch.cuda.amp.autocast(args...)` is deprecated. Please use `torch.amp.autocast('cuda', args...)` instead.
  with autocast(enabled=use_amp):
/data/quyhv/oil_forecast_tail_risk/scripts/training/train_unified.py:349: FutureWarning: `torch.cuda.amp.autocast(args...)` is deprecated. Please use `torch.amp.autocast('cuda', args...)` instead.
  with autocast(enabled=use_amp):
 Iter-83 | MAE=5.211 | MAPE=3.66%
/data/quyhv/oil_forecast_tail_risk/scripts/training/train_unified.py:290: FutureWarning: `torch.cuda.amp.GradScaler(args...)` is deprecated. Please use `torch.amp.GradScaler('cuda', args...)` instead.
  scaler = GradScaler(enabled=use_amp)
/data/quyhv/oil_forecast_tail_risk/scripts/training/train_unified.py:309: FutureWarning: `torch.cuda.amp.autocast(args...)` is deprecated. Please use `torch.amp.autocast('cuda', args...)` instead.
  with autocast(enabled=use_amp):
/data/quyhv/oil_forecast_tail_risk/scripts/training/train_unified.py:349: FutureWarning: `torch.cuda.amp.autocast(args...)` is deprecated. Please use `torch.amp.autocast('cuda', args...)` instead.
  with autocast(enabled=use_amp):
 Iter-84 | MAE=25.826 | MAPE=21.03%
/data/quyhv/oil_forecast_tail_risk/scripts/training/train_unified.py:290: FutureWarning: `torch.cuda.amp.GradScaler(args...)` is deprecated. Please use `torch.amp.GradScaler('cuda', args...)` instead.
  scaler = GradScaler(enabled=use_amp)
/data/quyhv/oil_forecast_tail_risk/scripts/training/train_unified.py:309: FutureWarning: `torch.cuda.amp.autocast(args...)` is deprecated. Please use `torch.amp.autocast('cuda', args...)` instead.
  with autocast(enabled=use_amp):
/data/quyhv/oil_forecast_tail_risk/scripts/training/train_unified.py:349: FutureWarning: `torch.cuda.amp.autocast(args...)` is deprecated. Please use `torch.amp.autocast('cuda', args...)` instead.
  with autocast(enabled=use_amp):
 Iter-85 | MAE=10.453 | MAPE=7.85%
/data/quyhv/oil_forecast_tail_risk/scripts/training/train_unified.py:290: FutureWarning: `torch.cuda.amp.GradScaler(args...)` is deprecated. Please use `torch.amp.GradScaler('cuda', args...)` instead.
  scaler = GradScaler(enabled=use_amp)
/data/quyhv/oil_forecast_tail_risk/scripts/training/train_unified.py:309: FutureWarning: `torch.cuda.amp.autocast(args...)` is deprecated. Please use `torch.amp.autocast('cuda', args...)` instead.
  with autocast(enabled=use_amp):
/data/quyhv/oil_forecast_tail_risk/scripts/training/train_unified.py:349: FutureWarning: `torch.cuda.amp.autocast(args...)` is deprecated. Please use `torch.amp.autocast('cuda', args...)` instead.
  with autocast(enabled=use_amp):
 Iter-86 | MAE=1.496 | MAPE=1.15%
/data/quyhv/oil_forecast_tail_risk/scripts/training/train_unified.py:290: FutureWarning: `torch.cuda.amp.GradScaler(args...)` is deprecated. Please use `torch.amp.GradScaler('cuda', args...)` instead.
  scaler = GradScaler(enabled=use_amp)
/data/quyhv/oil_forecast_tail_risk/scripts/training/train_unified.py:309: FutureWarning: `torch.cuda.amp.autocast(args...)` is deprecated. Please use `torch.amp.autocast('cuda', args...)` instead.
  with autocast(enabled=use_amp):
/data/quyhv/oil_forecast_tail_risk/scripts/training/train_unified.py:349: FutureWarning: `torch.cuda.amp.autocast(args...)` is deprecated. Please use `torch.amp.autocast('cuda', args...)` instead.
  with autocast(enabled=use_amp):
 Iter-87 | MAE=0.885 | MAPE=0.66%
/data/quyhv/oil_forecast_tail_risk/scripts/training/train_unified.py:290: FutureWarning: `torch.cuda.amp.GradScaler(args...)` is deprecated. Please use `torch.amp.GradScaler('cuda', args...)` instead.
  scaler = GradScaler(enabled=use_amp)
/data/quyhv/oil_forecast_tail_risk/scripts/training/train_unified.py:309: FutureWarning: `torch.cuda.amp.autocast(args...)` is deprecated. Please use `torch.amp.autocast('cuda', args...)` instead.
  with autocast(enabled=use_amp):
/data/quyhv/oil_forecast_tail_risk/scripts/training/train_unified.py:349: FutureWarning: `torch.cuda.amp.autocast(args...)` is deprecated. Please use `torch.amp.autocast('cuda', args...)` instead.
  with autocast(enabled=use_amp):
 Iter-88 | MAE=6.784 | MAPE=5.36%
/data/quyhv/oil_forecast_tail_risk/scripts/training/train_unified.py:290: FutureWarning: `torch.cuda.amp.GradScaler(args...)` is deprecated. Please use `torch.amp.GradScaler('cuda', args...)` instead.
  scaler = GradScaler(enabled=use_amp)
/data/quyhv/oil_forecast_tail_risk/scripts/training/train_unified.py:309: FutureWarning: `torch.cuda.amp.autocast(args...)` is deprecated. Please use `torch.amp.autocast('cuda', args...)` instead.
  with autocast(enabled=use_amp):
/data/quyhv/oil_forecast_tail_risk/scripts/training/train_unified.py:349: FutureWarning: `torch.cuda.amp.autocast(args...)` is deprecated. Please use `torch.amp.autocast('cuda', args...)` instead.
  with autocast(enabled=use_amp):
 Iter-89 | MAE=2.961 | MAPE=2.44%
/data/quyhv/oil_forecast_tail_risk/scripts/training/train_unified.py:290: FutureWarning: `torch.cuda.amp.GradScaler(args...)` is deprecated. Please use `torch.amp.GradScaler('cuda', args...)` instead.
  scaler = GradScaler(enabled=use_amp)
/data/quyhv/oil_forecast_tail_risk/scripts/training/train_unified.py:309: FutureWarning: `torch.cuda.amp.autocast(args...)` is deprecated. Please use `torch.amp.autocast('cuda', args...)` instead.
  with autocast(enabled=use_amp):
/data/quyhv/oil_forecast_tail_risk/scripts/training/train_unified.py:349: FutureWarning: `torch.cuda.amp.autocast(args...)` is deprecated. Please use `torch.amp.autocast('cuda', args...)` instead.
  with autocast(enabled=use_amp):
 Iter-90 | MAE=3.348 | MAPE=2.75%
/data/quyhv/oil_forecast_tail_risk/scripts/training/train_unified.py:290: FutureWarning: `torch.cuda.amp.GradScaler(args...)` is deprecated. Please use `torch.amp.GradScaler('cuda', args...)` instead.
  scaler = GradScaler(enabled=use_amp)
/data/quyhv/oil_forecast_tail_risk/scripts/training/train_unified.py:309: FutureWarning: `torch.cuda.amp.autocast(args...)` is deprecated. Please use `torch.amp.autocast('cuda', args...)` instead.
  with autocast(enabled=use_amp):
/data/quyhv/oil_forecast_tail_risk/scripts/training/train_unified.py:349: FutureWarning: `torch.cuda.amp.autocast(args...)` is deprecated. Please use `torch.amp.autocast('cuda', args...)` instead.
  with autocast(enabled=use_amp):
 Iter-91 | MAE=3.487 | MAPE=2.76%
/data/quyhv/oil_forecast_tail_risk/scripts/training/train_unified.py:290: FutureWarning: `torch.cuda.amp.GradScaler(args...)` is deprecated. Please use `torch.amp.GradScaler('cuda', args...)` instead.
  scaler = GradScaler(enabled=use_amp)
/data/quyhv/oil_forecast_tail_risk/scripts/training/train_unified.py:309: FutureWarning: `torch.cuda.amp.autocast(args...)` is deprecated. Please use `torch.amp.autocast('cuda', args...)` instead.
  with autocast(enabled=use_amp):
/data/quyhv/oil_forecast_tail_risk/scripts/training/train_unified.py:349: FutureWarning: `torch.cuda.amp.autocast(args...)` is deprecated. Please use `torch.amp.autocast('cuda', args...)` instead.
  with autocast(enabled=use_amp):
 Iter-92 | MAE=0.526 | MAPE=0.43%
/data/quyhv/oil_forecast_tail_risk/scripts/training/train_unified.py:290: FutureWarning: `torch.cuda.amp.GradScaler(args...)` is deprecated. Please use `torch.amp.GradScaler('cuda', args...)` instead.
  scaler = GradScaler(enabled=use_amp)
/data/quyhv/oil_forecast_tail_risk/scripts/training/train_unified.py:309: FutureWarning: `torch.cuda.amp.autocast(args...)` is deprecated. Please use `torch.amp.autocast('cuda', args...)` instead.
  with autocast(enabled=use_amp):
/data/quyhv/oil_forecast_tail_risk/scripts/training/train_unified.py:349: FutureWarning: `torch.cuda.amp.autocast(args...)` is deprecated. Please use `torch.amp.autocast('cuda', args...)` instead.
  with autocast(enabled=use_amp):
 Iter-93 | MAE=1.714 | MAPE=1.40%
/data/quyhv/oil_forecast_tail_risk/scripts/training/train_unified.py:290: FutureWarning: `torch.cuda.amp.GradScaler(args...)` is deprecated. Please use `torch.amp.GradScaler('cuda', args...)` instead.
  scaler = GradScaler(enabled=use_amp)
/data/quyhv/oil_forecast_tail_risk/scripts/training/train_unified.py:309: FutureWarning: `torch.cuda.amp.autocast(args...)` is deprecated. Please use `torch.amp.autocast('cuda', args...)` instead.
  with autocast(enabled=use_amp):
/data/quyhv/oil_forecast_tail_risk/scripts/training/train_unified.py:349: FutureWarning: `torch.cuda.amp.autocast(args...)` is deprecated. Please use `torch.amp.autocast('cuda', args...)` instead.
  with autocast(enabled=use_amp):
 Iter-94 | MAE=5.430 | MAPE=4.30%
/data/quyhv/oil_forecast_tail_risk/scripts/training/train_unified.py:290: FutureWarning: `torch.cuda.amp.GradScaler(args...)` is deprecated. Please use `torch.amp.GradScaler('cuda', args...)` instead.
  scaler = GradScaler(enabled=use_amp)
/data/quyhv/oil_forecast_tail_risk/scripts/training/train_unified.py:309: FutureWarning: `torch.cuda.amp.autocast(args...)` is deprecated. Please use `torch.amp.autocast('cuda', args...)` instead.
  with autocast(enabled=use_amp):
/data/quyhv/oil_forecast_tail_risk/scripts/training/train_unified.py:349: FutureWarning: `torch.cuda.amp.autocast(args...)` is deprecated. Please use `torch.amp.autocast('cuda', args...)` instead.
  with autocast(enabled=use_amp):
 Iter-95 | MAE=0.294 | MAPE=0.23%
/data/quyhv/oil_forecast_tail_risk/scripts/training/train_unified.py:290: FutureWarning: `torch.cuda.amp.GradScaler(args...)` is deprecated. Please use `torch.amp.GradScaler('cuda', args...)` instead.
  scaler = GradScaler(enabled=use_amp)
/data/quyhv/oil_forecast_tail_risk/scripts/training/train_unified.py:309: FutureWarning: `torch.cuda.amp.autocast(args...)` is deprecated. Please use `torch.amp.autocast('cuda', args...)` instead.
  with autocast(enabled=use_amp):
/data/quyhv/oil_forecast_tail_risk/scripts/training/train_unified.py:349: FutureWarning: `torch.cuda.amp.autocast(args...)` is deprecated. Please use `torch.amp.autocast('cuda', args...)` instead.
  with autocast(enabled=use_amp):
 Iter-96 | MAE=1.167 | MAPE=0.90%
/data/quyhv/oil_forecast_tail_risk/scripts/training/train_unified.py:290: FutureWarning: `torch.cuda.amp.GradScaler(args...)` is deprecated. Please use `torch.amp.GradScaler('cuda', args...)` instead.
  scaler = GradScaler(enabled=use_amp)
/data/quyhv/oil_forecast_tail_risk/scripts/training/train_unified.py:309: FutureWarning: `torch.cuda.amp.autocast(args...)` is deprecated. Please use `torch.amp.autocast('cuda', args...)` instead.
  with autocast(enabled=use_amp):
/data/quyhv/oil_forecast_tail_risk/scripts/training/train_unified.py:349: FutureWarning: `torch.cuda.amp.autocast(args...)` is deprecated. Please use `torch.amp.autocast('cuda', args...)` instead.
  with autocast(enabled=use_amp):
 Iter-97 | MAE=2.103 | MAPE=1.63%
/data/quyhv/oil_forecast_tail_risk/scripts/training/train_unified.py:290: FutureWarning: `torch.cuda.amp.GradScaler(args...)` is deprecated. Please use `torch.amp.GradScaler('cuda', args...)` instead.
  scaler = GradScaler(enabled=use_amp)
/data/quyhv/oil_forecast_tail_risk/scripts/training/train_unified.py:309: FutureWarning: `torch.cuda.amp.autocast(args...)` is deprecated. Please use `torch.amp.autocast('cuda', args...)` instead.
  with autocast(enabled=use_amp):
/data/quyhv/oil_forecast_tail_risk/scripts/training/train_unified.py:349: FutureWarning: `torch.cuda.amp.autocast(args...)` is deprecated. Please use `torch.amp.autocast('cuda', args...)` instead.
  with autocast(enabled=use_amp):
 Iter-98 | MAE=1.231 | MAPE=0.95%
/data/quyhv/oil_forecast_tail_risk/scripts/training/train_unified.py:290: FutureWarning: `torch.cuda.amp.GradScaler(args...)` is deprecated. Please use `torch.amp.GradScaler('cuda', args...)` instead.
  scaler = GradScaler(enabled=use_amp)
/data/quyhv/oil_forecast_tail_risk/scripts/training/train_unified.py:309: FutureWarning: `torch.cuda.amp.autocast(args...)` is deprecated. Please use `torch.amp.autocast('cuda', args...)` instead.
  with autocast(enabled=use_amp):
/data/quyhv/oil_forecast_tail_risk/scripts/training/train_unified.py:349: FutureWarning: `torch.cuda.amp.autocast(args...)` is deprecated. Please use `torch.amp.autocast('cuda', args...)` instead.
  with autocast(enabled=use_amp):
 Iter-99 | MAE=1.356 | MAPE=1.03%
/data/quyhv/oil_forecast_tail_risk/scripts/training/train_unified.py:290: FutureWarning: `torch.cuda.amp.GradScaler(args...)` is deprecated. Please use `torch.amp.GradScaler('cuda', args...)` instead.
  scaler = GradScaler(enabled=use_amp)
/data/quyhv/oil_forecast_tail_risk/scripts/training/train_unified.py:309: FutureWarning: `torch.cuda.amp.autocast(args...)` is deprecated. Please use `torch.amp.autocast('cuda', args...)` instead.
  with autocast(enabled=use_amp):
/data/quyhv/oil_forecast_tail_risk/scripts/training/train_unified.py:349: FutureWarning: `torch.cuda.amp.autocast(args...)` is deprecated. Please use `torch.amp.autocast('cuda', args...)` instead.
  with autocast(enabled=use_amp):
 Iter-100 | MAE=2.218 | MAPE=1.64%

 OVERALL: MAE=3.046, MAPE=2.67%, R2=0.9663 (6267.3s)
Saved model checkpoint: /data/quyhv/oil_forecast_tail_risk/results_v4/walkforward/DLinear/XANG_H1_seed2025/model_checkpoint.pth
Saved processor/scaler: /data/quyhv/oil_forecast_tail_risk/results_v4/walkforward/DLinear/XANG_H1_seed2025/processor.pkl

 All 1 experiments completed!

================================================================================
 [1/1] RLinear | XANG | H1 | walkforward
================================================================================

 Using GPU: Tesla T4
================================================================================
 RLinear | XANG | H1 | walkforward | seed=2025
================================================================================
Data: 4513 rows | Features: 15
/data/quyhv/oil_forecast_tail_risk/scripts/training/train_unified.py:290: FutureWarning: `torch.cuda.amp.GradScaler(args...)` is deprecated. Please use `torch.amp.GradScaler('cuda', args...)` instead.
  scaler = GradScaler(enabled=use_amp)
/data/quyhv/oil_forecast_tail_risk/scripts/training/train_unified.py:309: FutureWarning: `torch.cuda.amp.autocast(args...)` is deprecated. Please use `torch.amp.autocast('cuda', args...)` instead.
  with autocast(enabled=use_amp):
/data/quyhv/oil_forecast_tail_risk/scripts/training/train_unified.py:349: FutureWarning: `torch.cuda.amp.autocast(args...)` is deprecated. Please use `torch.amp.autocast('cuda', args...)` instead.
  with autocast(enabled=use_amp):
 Iter-01 | MAE=0.052 | MAPE=0.07%
/data/quyhv/oil_forecast_tail_risk/scripts/training/train_unified.py:290: FutureWarning: `torch.cuda.amp.GradScaler(args...)` is deprecated. Please use `torch.amp.GradScaler('cuda', args...)` instead.
  scaler = GradScaler(enabled=use_amp)
/data/quyhv/oil_forecast_tail_risk/scripts/training/train_unified.py:309: FutureWarning: `torch.cuda.amp.autocast(args...)` is deprecated. Please use `torch.amp.autocast('cuda', args...)` instead.
  with autocast(enabled=use_amp):
/data/quyhv/oil_forecast_tail_risk/scripts/training/train_unified.py:349: FutureWarning: `torch.cuda.amp.autocast(args...)` is deprecated. Please use `torch.amp.autocast('cuda', args...)` instead.
  with autocast(enabled=use_amp):
 Iter-02 | MAE=0.210 | MAPE=0.27%
/data/quyhv/oil_forecast_tail_risk/scripts/training/train_unified.py:290: FutureWarning: `torch.cuda.amp.GradScaler(args...)` is deprecated. Please use `torch.amp.GradScaler('cuda', args...)` instead.
  scaler = GradScaler(enabled=use_amp)
/data/quyhv/oil_forecast_tail_risk/scripts/training/train_unified.py:309: FutureWarning: `torch.cuda.amp.autocast(args...)` is deprecated. Please use `torch.amp.autocast('cuda', args...)` instead.
  with autocast(enabled=use_amp):
/data/quyhv/oil_forecast_tail_risk/scripts/training/train_unified.py:349: FutureWarning: `torch.cuda.amp.autocast(args...)` is deprecated. Please use `torch.amp.autocast('cuda', args...)` instead.
  with autocast(enabled=use_amp):
 Iter-03 | MAE=0.367 | MAPE=0.47%
/data/quyhv/oil_forecast_tail_risk/scripts/training/train_unified.py:290: FutureWarning: `torch.cuda.amp.GradScaler(args...)` is deprecated. Please use `torch.amp.GradScaler('cuda', args...)` instead.
  scaler = GradScaler(enabled=use_amp)
/data/quyhv/oil_forecast_tail_risk/scripts/training/train_unified.py:309: FutureWarning: `torch.cuda.amp.autocast(args...)` is deprecated. Please use `torch.amp.autocast('cuda', args...)` instead.
  with autocast(enabled=use_amp):
/data/quyhv/oil_forecast_tail_risk/scripts/training/train_unified.py:349: FutureWarning: `torch.cuda.amp.autocast(args...)` is deprecated. Please use `torch.amp.autocast('cuda', args...)` instead.
  with autocast(enabled=use_amp):
 Iter-04 | MAE=2.400 | MAPE=3.19%
/data/quyhv/oil_forecast_tail_risk/scripts/training/train_unified.py:290: FutureWarning: `torch.cuda.amp.GradScaler(args...)` is deprecated. Please use `torch.amp.GradScaler('cuda', args...)` instead.
  scaler = GradScaler(enabled=use_amp)
/data/quyhv/oil_forecast_tail_risk/scripts/training/train_unified.py:309: FutureWarning: `torch.cuda.amp.autocast(args...)` is deprecated. Please use `torch.amp.autocast('cuda', args...)` instead.
  with autocast(enabled=use_amp):
/data/quyhv/oil_forecast_tail_risk/scripts/training/train_unified.py:349: FutureWarning: `torch.cuda.amp.autocast(args...)` is deprecated. Please use `torch.amp.autocast('cuda', args...)` instead.
  with autocast(enabled=use_amp):
 Iter-05 | MAE=0.326 | MAPE=0.44%
/data/quyhv/oil_forecast_tail_risk/scripts/training/train_unified.py:290: FutureWarning: `torch.cuda.amp.GradScaler(args...)` is deprecated. Please use `torch.amp.GradScaler('cuda', args...)` instead.
  scaler = GradScaler(enabled=use_amp)
/data/quyhv/oil_forecast_tail_risk/scripts/training/train_unified.py:309: FutureWarning: `torch.cuda.amp.autocast(args...)` is deprecated. Please use `torch.amp.autocast('cuda', args...)` instead.
  with autocast(enabled=use_amp):
/data/quyhv/oil_forecast_tail_risk/scripts/training/train_unified.py:349: FutureWarning: `torch.cuda.amp.autocast(args...)` is deprecated. Please use `torch.amp.autocast('cuda', args...)` instead.
  with autocast(enabled=use_amp):
 Iter-06 | MAE=1.140 | MAPE=1.53%
/data/quyhv/oil_forecast_tail_risk/scripts/training/train_unified.py:290: FutureWarning: `torch.cuda.amp.GradScaler(args...)` is deprecated. Please use `torch.amp.GradScaler('cuda', args...)` instead.
  scaler = GradScaler(enabled=use_amp)
/data/quyhv/oil_forecast_tail_risk/scripts/training/train_unified.py:309: FutureWarning: `torch.cuda.amp.autocast(args...)` is deprecated. Please use `torch.amp.autocast('cuda', args...)` instead.
  with autocast(enabled=use_amp):
/data/quyhv/oil_forecast_tail_risk/scripts/training/train_unified.py:349: FutureWarning: `torch.cuda.amp.autocast(args...)` is deprecated. Please use `torch.amp.autocast('cuda', args...)` instead.
  with autocast(enabled=use_amp):
 Iter-07 | MAE=1.238 | MAPE=1.69%
/data/quyhv/oil_forecast_tail_risk/scripts/training/train_unified.py:290: FutureWarning: `torch.cuda.amp.GradScaler(args...)` is deprecated. Please use `torch.amp.GradScaler('cuda', args...)` instead.
  scaler = GradScaler(enabled=use_amp)
/data/quyhv/oil_forecast_tail_risk/scripts/training/train_unified.py:309: FutureWarning: `torch.cuda.amp.autocast(args...)` is deprecated. Please use `torch.amp.autocast('cuda', args...)` instead.
  with autocast(enabled=use_amp):
/data/quyhv/oil_forecast_tail_risk/scripts/training/train_unified.py:349: FutureWarning: `torch.cuda.amp.autocast(args...)` is deprecated. Please use `torch.amp.autocast('cuda', args...)` instead.
  with autocast(enabled=use_amp):
 Iter-08 | MAE=0.506 | MAPE=0.68%
/data/quyhv/oil_forecast_tail_risk/scripts/training/train_unified.py:290: FutureWarning: `torch.cuda.amp.GradScaler(args...)` is deprecated. Please use `torch.amp.GradScaler('cuda', args...)` instead.
  scaler = GradScaler(enabled=use_amp)
/data/quyhv/oil_forecast_tail_risk/scripts/training/train_unified.py:309: FutureWarning: `torch.cuda.amp.autocast(args...)` is deprecated. Please use `torch.amp.autocast('cuda', args...)` instead.
  with autocast(enabled=use_amp):
/data/quyhv/oil_forecast_tail_risk/scripts/training/train_unified.py:349: FutureWarning: `torch.cuda.amp.autocast(args...)` is deprecated. Please use `torch.amp.autocast('cuda', args...)` instead.
  with autocast(enabled=use_amp):
 Iter-09 | MAE=1.158 | MAPE=1.57%
/data/quyhv/oil_forecast_tail_risk/scripts/training/train_unified.py:290: FutureWarning: `torch.cuda.amp.GradScaler(args...)` is deprecated. Please use `torch.amp.GradScaler('cuda', args...)` instead.
  scaler = GradScaler(enabled=use_amp)
/data/quyhv/oil_forecast_tail_risk/scripts/training/train_unified.py:309: FutureWarning: `torch.cuda.amp.autocast(args...)` is deprecated. Please use `torch.amp.autocast('cuda', args...)` instead.
  with autocast(enabled=use_amp):
/data/quyhv/oil_forecast_tail_risk/scripts/training/train_unified.py:349: FutureWarning: `torch.cuda.amp.autocast(args...)` is deprecated. Please use `torch.amp.autocast('cuda', args...)` instead.
  with autocast(enabled=use_amp):
 Iter-10 | MAE=0.716 | MAPE=0.97%
/data/quyhv/oil_forecast_tail_risk/scripts/training/train_unified.py:290: FutureWarning: `torch.cuda.amp.GradScaler(args...)` is deprecated. Please use `torch.amp.GradScaler('cuda', args...)` instead.
  scaler = GradScaler(enabled=use_amp)
/data/quyhv/oil_forecast_tail_risk/scripts/training/train_unified.py:309: FutureWarning: `torch.cuda.amp.autocast(args...)` is deprecated. Please use `torch.amp.autocast('cuda', args...)` instead.
  with autocast(enabled=use_amp):
/data/quyhv/oil_forecast_tail_risk/scripts/training/train_unified.py:349: FutureWarning: `torch.cuda.amp.autocast(args...)` is deprecated. Please use `torch.amp.autocast('cuda', args...)` instead.
  with autocast(enabled=use_amp):
 Iter-11 | MAE=0.343 | MAPE=0.46%
/data/quyhv/oil_forecast_tail_risk/scripts/training/train_unified.py:290: FutureWarning: `torch.cuda.amp.GradScaler(args...)` is deprecated. Please use `torch.amp.GradScaler('cuda', args...)` instead.
  scaler = GradScaler(enabled=use_amp)
/data/quyhv/oil_forecast_tail_risk/scripts/training/train_unified.py:309: FutureWarning: `torch.cuda.amp.autocast(args...)` is deprecated. Please use `torch.amp.autocast('cuda', args...)` instead.
  with autocast(enabled=use_amp):
/data/quyhv/oil_forecast_tail_risk/scripts/training/train_unified.py:349: FutureWarning: `torch.cuda.amp.autocast(args...)` is deprecated. Please use `torch.amp.autocast('cuda', args...)` instead.
  with autocast(enabled=use_amp):
 Iter-12 | MAE=0.349 | MAPE=0.48%
/data/quyhv/oil_forecast_tail_risk/scripts/training/train_unified.py:290: FutureWarning: `torch.cuda.amp.GradScaler(args...)` is deprecated. Please use `torch.amp.GradScaler('cuda', args...)` instead.
  scaler = GradScaler(enabled=use_amp)
/data/quyhv/oil_forecast_tail_risk/scripts/training/train_unified.py:309: FutureWarning: `torch.cuda.amp.autocast(args...)` is deprecated. Please use `torch.amp.autocast('cuda', args...)` instead.
  with autocast(enabled=use_amp):
/data/quyhv/oil_forecast_tail_risk/scripts/training/train_unified.py:349: FutureWarning: `torch.cuda.amp.autocast(args...)` is deprecated. Please use `torch.amp.autocast('cuda', args...)` instead.
  with autocast(enabled=use_amp):
 Iter-13 | MAE=0.239 | MAPE=0.33%
/data/quyhv/oil_forecast_tail_risk/scripts/training/train_unified.py:290: FutureWarning: `torch.cuda.amp.GradScaler(args...)` is deprecated. Please use `torch.amp.GradScaler('cuda', args...)` instead.
  scaler = GradScaler(enabled=use_amp)
/data/quyhv/oil_forecast_tail_risk/scripts/training/train_unified.py:309: FutureWarning: `torch.cuda.amp.autocast(args...)` is deprecated. Please use `torch.amp.autocast('cuda', args...)` instead.
  with autocast(enabled=use_amp):
/data/quyhv/oil_forecast_tail_risk/scripts/training/train_unified.py:349: FutureWarning: `torch.cuda.amp.autocast(args...)` is deprecated. Please use `torch.amp.autocast('cuda', args...)` instead.
  with autocast(enabled=use_amp):
 Iter-14 | MAE=0.291 | MAPE=0.40%
/data/quyhv/oil_forecast_tail_risk/scripts/training/train_unified.py:290: FutureWarning: `torch.cuda.amp.GradScaler(args...)` is deprecated. Please use `torch.amp.GradScaler('cuda', args...)` instead.
  scaler = GradScaler(enabled=use_amp)
/data/quyhv/oil_forecast_tail_risk/scripts/training/train_unified.py:309: FutureWarning: `torch.cuda.amp.autocast(args...)` is deprecated. Please use `torch.amp.autocast('cuda', args...)` instead.
  with autocast(enabled=use_amp):
/data/quyhv/oil_forecast_tail_risk/scripts/training/train_unified.py:349: FutureWarning: `torch.cuda.amp.autocast(args...)` is deprecated. Please use `torch.amp.autocast('cuda', args...)` instead.
  with autocast(enabled=use_amp):
 Iter-15 | MAE=0.045 | MAPE=0.06%
/data/quyhv/oil_forecast_tail_risk/scripts/training/train_unified.py:290: FutureWarning: `torch.cuda.amp.GradScaler(args...)` is deprecated. Please use `torch.amp.GradScaler('cuda', args...)` instead.
  scaler = GradScaler(enabled=use_amp)
/data/quyhv/oil_forecast_tail_risk/scripts/training/train_unified.py:309: FutureWarning: `torch.cuda.amp.autocast(args...)` is deprecated. Please use `torch.amp.autocast('cuda', args...)` instead.
  with autocast(enabled=use_amp):
/data/quyhv/oil_forecast_tail_risk/scripts/training/train_unified.py:349: FutureWarning: `torch.cuda.amp.autocast(args...)` is deprecated. Please use `torch.amp.autocast('cuda', args...)` instead.
  with autocast(enabled=use_amp):
 Iter-16 | MAE=0.336 | MAPE=0.46%
/data/quyhv/oil_forecast_tail_risk/scripts/training/train_unified.py:290: FutureWarning: `torch.cuda.amp.GradScaler(args...)` is deprecated. Please use `torch.amp.GradScaler('cuda', args...)` instead.
  scaler = GradScaler(enabled=use_amp)
/data/quyhv/oil_forecast_tail_risk/scripts/training/train_unified.py:309: FutureWarning: `torch.cuda.amp.autocast(args...)` is deprecated. Please use `torch.amp.autocast('cuda', args...)` instead.
  with autocast(enabled=use_amp):
/data/quyhv/oil_forecast_tail_risk/scripts/training/train_unified.py:349: FutureWarning: `torch.cuda.amp.autocast(args...)` is deprecated. Please use `torch.amp.autocast('cuda', args...)` instead.
  with autocast(enabled=use_amp):
 Iter-17 | MAE=0.825 | MAPE=1.14%
/data/quyhv/oil_forecast_tail_risk/scripts/training/train_unified.py:290: FutureWarning: `torch.cuda.amp.GradScaler(args...)` is deprecated. Please use `torch.amp.GradScaler('cuda', args...)` instead.
  scaler = GradScaler(enabled=use_amp)
/data/quyhv/oil_forecast_tail_risk/scripts/training/train_unified.py:309: FutureWarning: `torch.cuda.amp.autocast(args...)` is deprecated. Please use `torch.amp.autocast('cuda', args...)` instead.
  with autocast(enabled=use_amp):
/data/quyhv/oil_forecast_tail_risk/scripts/training/train_unified.py:349: FutureWarning: `torch.cuda.amp.autocast(args...)` is deprecated. Please use `torch.amp.autocast('cuda', args...)` instead.
  with autocast(enabled=use_amp):
 Iter-18 | MAE=1.448 | MAPE=2.05%
/data/quyhv/oil_forecast_tail_risk/scripts/training/train_unified.py:290: FutureWarning: `torch.cuda.amp.GradScaler(args...)` is deprecated. Please use `torch.amp.GradScaler('cuda', args...)` instead.
  scaler = GradScaler(enabled=use_amp)
/data/quyhv/oil_forecast_tail_risk/scripts/training/train_unified.py:309: FutureWarning: `torch.cuda.amp.autocast(args...)` is deprecated. Please use `torch.amp.autocast('cuda', args...)` instead.
  with autocast(enabled=use_amp):
/data/quyhv/oil_forecast_tail_risk/scripts/training/train_unified.py:349: FutureWarning: `torch.cuda.amp.autocast(args...)` is deprecated. Please use `torch.amp.autocast('cuda', args...)` instead.
  with autocast(enabled=use_amp):
 Iter-19 | MAE=0.098 | MAPE=0.14%
/data/quyhv/oil_forecast_tail_risk/scripts/training/train_unified.py:290: FutureWarning: `torch.cuda.amp.GradScaler(args...)` is deprecated. Please use `torch.amp.GradScaler('cuda', args...)` instead.
  scaler = GradScaler(enabled=use_amp)
/data/quyhv/oil_forecast_tail_risk/scripts/training/train_unified.py:309: FutureWarning: `torch.cuda.amp.autocast(args...)` is deprecated. Please use `torch.amp.autocast('cuda', args...)` instead.
  with autocast(enabled=use_amp):
/data/quyhv/oil_forecast_tail_risk/scripts/training/train_unified.py:349: FutureWarning: `torch.cuda.amp.autocast(args...)` is deprecated. Please use `torch.amp.autocast('cuda', args...)` instead.
  with autocast(enabled=use_amp):
 Iter-20 | MAE=0.501 | MAPE=0.71%
/data/quyhv/oil_forecast_tail_risk/scripts/training/train_unified.py:290: FutureWarning: `torch.cuda.amp.GradScaler(args...)` is deprecated. Please use `torch.amp.GradScaler('cuda', args...)` instead.
  scaler = GradScaler(enabled=use_amp)
/data/quyhv/oil_forecast_tail_risk/scripts/training/train_unified.py:309: FutureWarning: `torch.cuda.amp.autocast(args...)` is deprecated. Please use `torch.amp.autocast('cuda', args...)` instead.
  with autocast(enabled=use_amp):
/data/quyhv/oil_forecast_tail_risk/scripts/training/train_unified.py:349: FutureWarning: `torch.cuda.amp.autocast(args...)` is deprecated. Please use `torch.amp.autocast('cuda', args...)` instead.
  with autocast(enabled=use_amp):
 Iter-21 | MAE=0.817 | MAPE=1.16%
/data/quyhv/oil_forecast_tail_risk/scripts/training/train_unified.py:290: FutureWarning: `torch.cuda.amp.GradScaler(args...)` is deprecated. Please use `torch.amp.GradScaler('cuda', args...)` instead.
  scaler = GradScaler(enabled=use_amp)
/data/quyhv/oil_forecast_tail_risk/scripts/training/train_unified.py:309: FutureWarning: `torch.cuda.amp.autocast(args...)` is deprecated. Please use `torch.amp.autocast('cuda', args...)` instead.
  with autocast(enabled=use_amp):
/data/quyhv/oil_forecast_tail_risk/scripts/training/train_unified.py:349: FutureWarning: `torch.cuda.amp.autocast(args...)` is deprecated. Please use `torch.amp.autocast('cuda', args...)` instead.
  with autocast(enabled=use_amp):
 Iter-22 | MAE=0.957 | MAPE=1.32%
/data/quyhv/oil_forecast_tail_risk/scripts/training/train_unified.py:290: FutureWarning: `torch.cuda.amp.GradScaler(args...)` is deprecated. Please use `torch.amp.GradScaler('cuda', args...)` instead.
  scaler = GradScaler(enabled=use_amp)
/data/quyhv/oil_forecast_tail_risk/scripts/training/train_unified.py:309: FutureWarning: `torch.cuda.amp.autocast(args...)` is deprecated. Please use `torch.amp.autocast('cuda', args...)` instead.
  with autocast(enabled=use_amp):
/data/quyhv/oil_forecast_tail_risk/scripts/training/train_unified.py:349: FutureWarning: `torch.cuda.amp.autocast(args...)` is deprecated. Please use `torch.amp.autocast('cuda', args...)` instead.
  with autocast(enabled=use_amp):
 Iter-23 | MAE=0.397 | MAPE=0.55%
/data/quyhv/oil_forecast_tail_risk/scripts/training/train_unified.py:290: FutureWarning: `torch.cuda.amp.GradScaler(args...)` is deprecated. Please use `torch.amp.GradScaler('cuda', args...)` instead.
  scaler = GradScaler(enabled=use_amp)
/data/quyhv/oil_forecast_tail_risk/scripts/training/train_unified.py:309: FutureWarning: `torch.cuda.amp.autocast(args...)` is deprecated. Please use `torch.amp.autocast('cuda', args...)` instead.
  with autocast(enabled=use_amp):
/data/quyhv/oil_forecast_tail_risk/scripts/training/train_unified.py:349: FutureWarning: `torch.cuda.amp.autocast(args...)` is deprecated. Please use `torch.amp.autocast('cuda', args...)` instead.
  with autocast(enabled=use_amp):
 Iter-24 | MAE=0.419 | MAPE=0.58%
/data/quyhv/oil_forecast_tail_risk/scripts/training/train_unified.py:290: FutureWarning: `torch.cuda.amp.GradScaler(args...)` is deprecated. Please use `torch.amp.GradScaler('cuda', args...)` instead.
  scaler = GradScaler(enabled=use_amp)
/data/quyhv/oil_forecast_tail_risk/scripts/training/train_unified.py:309: FutureWarning: `torch.cuda.amp.autocast(args...)` is deprecated. Please use `torch.amp.autocast('cuda', args...)` instead.
  with autocast(enabled=use_amp):
/data/quyhv/oil_forecast_tail_risk/scripts/training/train_unified.py:349: FutureWarning: `torch.cuda.amp.autocast(args...)` is deprecated. Please use `torch.amp.autocast('cuda', args...)` instead.
  with autocast(enabled=use_amp):
 Iter-25 | MAE=0.777 | MAPE=1.07%
/data/quyhv/oil_forecast_tail_risk/scripts/training/train_unified.py:290: FutureWarning: `torch.cuda.amp.GradScaler(args...)` is deprecated. Please use `torch.amp.GradScaler('cuda', args...)` instead.
  scaler = GradScaler(enabled=use_amp)
/data/quyhv/oil_forecast_tail_risk/scripts/training/train_unified.py:309: FutureWarning: `torch.cuda.amp.autocast(args...)` is deprecated. Please use `torch.amp.autocast('cuda', args...)` instead.
  with autocast(enabled=use_amp):
/data/quyhv/oil_forecast_tail_risk/scripts/training/train_unified.py:349: FutureWarning: `torch.cuda.amp.autocast(args...)` is deprecated. Please use `torch.amp.autocast('cuda', args...)` instead.
  with autocast(enabled=use_amp):
 Iter-26 | MAE=1.754 | MAPE=2.43%
/data/quyhv/oil_forecast_tail_risk/scripts/training/train_unified.py:290: FutureWarning: `torch.cuda.amp.GradScaler(args...)` is deprecated. Please use `torch.amp.GradScaler('cuda', args...)` instead.
  scaler = GradScaler(enabled=use_amp)
/data/quyhv/oil_forecast_tail_risk/scripts/training/train_unified.py:309: FutureWarning: `torch.cuda.amp.autocast(args...)` is deprecated. Please use `torch.amp.autocast('cuda', args...)` instead.
  with autocast(enabled=use_amp):
/data/quyhv/oil_forecast_tail_risk/scripts/training/train_unified.py:349: FutureWarning: `torch.cuda.amp.autocast(args...)` is deprecated. Please use `torch.amp.autocast('cuda', args...)` instead.
  with autocast(enabled=use_amp):
 Iter-27 | MAE=0.290 | MAPE=0.41%
/data/quyhv/oil_forecast_tail_risk/scripts/training/train_unified.py:290: FutureWarning: `torch.cuda.amp.GradScaler(args...)` is deprecated. Please use `torch.amp.GradScaler('cuda', args...)` instead.
  scaler = GradScaler(enabled=use_amp)
/data/quyhv/oil_forecast_tail_risk/scripts/training/train_unified.py:309: FutureWarning: `torch.cuda.amp.autocast(args...)` is deprecated. Please use `torch.amp.autocast('cuda', args...)` instead.
  with autocast(enabled=use_amp):
/data/quyhv/oil_forecast_tail_risk/scripts/training/train_unified.py:349: FutureWarning: `torch.cuda.amp.autocast(args...)` is deprecated. Please use `torch.amp.autocast('cuda', args...)` instead.
  with autocast(enabled=use_amp):
 Iter-28 | MAE=0.121 | MAPE=0.17%
/data/quyhv/oil_forecast_tail_risk/scripts/training/train_unified.py:290: FutureWarning: `torch.cuda.amp.GradScaler(args...)` is deprecated. Please use `torch.amp.GradScaler('cuda', args...)` instead.
  scaler = GradScaler(enabled=use_amp)
/data/quyhv/oil_forecast_tail_risk/scripts/training/train_unified.py:309: FutureWarning: `torch.cuda.amp.autocast(args...)` is deprecated. Please use `torch.amp.autocast('cuda', args...)` instead.
  with autocast(enabled=use_amp):
/data/quyhv/oil_forecast_tail_risk/scripts/training/train_unified.py:349: FutureWarning: `torch.cuda.amp.autocast(args...)` is deprecated. Please use `torch.amp.autocast('cuda', args...)` instead.
  with autocast(enabled=use_amp):
 Iter-29 | MAE=0.724 | MAPE=1.01%
/data/quyhv/oil_forecast_tail_risk/scripts/training/train_unified.py:290: FutureWarning: `torch.cuda.amp.GradScaler(args...)` is deprecated. Please use `torch.amp.GradScaler('cuda', args...)` instead.
  scaler = GradScaler(enabled=use_amp)
/data/quyhv/oil_forecast_tail_risk/scripts/training/train_unified.py:309: FutureWarning: `torch.cuda.amp.autocast(args...)` is deprecated. Please use `torch.amp.autocast('cuda', args...)` instead.
  with autocast(enabled=use_amp):
/data/quyhv/oil_forecast_tail_risk/scripts/training/train_unified.py:349: FutureWarning: `torch.cuda.amp.autocast(args...)` is deprecated. Please use `torch.amp.autocast('cuda', args...)` instead.
  with autocast(enabled=use_amp):
 Iter-30 | MAE=0.544 | MAPE=0.75%
/data/quyhv/oil_forecast_tail_risk/scripts/training/train_unified.py:290: FutureWarning: `torch.cuda.amp.GradScaler(args...)` is deprecated. Please use `torch.amp.GradScaler('cuda', args...)` instead.
  scaler = GradScaler(enabled=use_amp)
/data/quyhv/oil_forecast_tail_risk/scripts/training/train_unified.py:309: FutureWarning: `torch.cuda.amp.autocast(args...)` is deprecated. Please use `torch.amp.autocast('cuda', args...)` instead.
  with autocast(enabled=use_amp):
/data/quyhv/oil_forecast_tail_risk/scripts/training/train_unified.py:349: FutureWarning: `torch.cuda.amp.autocast(args...)` is deprecated. Please use `torch.amp.autocast('cuda', args...)` instead.
  with autocast(enabled=use_amp):
 Iter-31 | MAE=0.824 | MAPE=1.13%
/data/quyhv/oil_forecast_tail_risk/scripts/training/train_unified.py:290: FutureWarning: `torch.cuda.amp.GradScaler(args...)` is deprecated. Please use `torch.amp.GradScaler('cuda', args...)` instead.
  scaler = GradScaler(enabled=use_amp)
/data/quyhv/oil_forecast_tail_risk/scripts/training/train_unified.py:309: FutureWarning: `torch.cuda.amp.autocast(args...)` is deprecated. Please use `torch.amp.autocast('cuda', args...)` instead.
  with autocast(enabled=use_amp):
/data/quyhv/oil_forecast_tail_risk/scripts/training/train_unified.py:349: FutureWarning: `torch.cuda.amp.autocast(args...)` is deprecated. Please use `torch.amp.autocast('cuda', args...)` instead.
  with autocast(enabled=use_amp):
 Iter-32 | MAE=0.820 | MAPE=1.14%
/data/quyhv/oil_forecast_tail_risk/scripts/training/train_unified.py:290: FutureWarning: `torch.cuda.amp.GradScaler(args...)` is deprecated. Please use `torch.amp.GradScaler('cuda', args...)` instead.
  scaler = GradScaler(enabled=use_amp)
/data/quyhv/oil_forecast_tail_risk/scripts/training/train_unified.py:309: FutureWarning: `torch.cuda.amp.autocast(args...)` is deprecated. Please use `torch.amp.autocast('cuda', args...)` instead.
  with autocast(enabled=use_amp):
/data/quyhv/oil_forecast_tail_risk/scripts/training/train_unified.py:349: FutureWarning: `torch.cuda.amp.autocast(args...)` is deprecated. Please use `torch.amp.autocast('cuda', args...)` instead.
  with autocast(enabled=use_amp):
 Iter-33 | MAE=1.181 | MAPE=1.62%
/data/quyhv/oil_forecast_tail_risk/scripts/training/train_unified.py:290: FutureWarning: `torch.cuda.amp.GradScaler(args...)` is deprecated. Please use `torch.amp.GradScaler('cuda', args...)` instead.
  scaler = GradScaler(enabled=use_amp)
/data/quyhv/oil_forecast_tail_risk/scripts/training/train_unified.py:309: FutureWarning: `torch.cuda.amp.autocast(args...)` is deprecated. Please use `torch.amp.autocast('cuda', args...)` instead.
  with autocast(enabled=use_amp):
/data/quyhv/oil_forecast_tail_risk/scripts/training/train_unified.py:349: FutureWarning: `torch.cuda.amp.autocast(args...)` is deprecated. Please use `torch.amp.autocast('cuda', args...)` instead.
  with autocast(enabled=use_amp):
 Iter-34 | MAE=0.961 | MAPE=1.35%
/data/quyhv/oil_forecast_tail_risk/scripts/training/train_unified.py:290: FutureWarning: `torch.cuda.amp.GradScaler(args...)` is deprecated. Please use `torch.amp.GradScaler('cuda', args...)` instead.
  scaler = GradScaler(enabled=use_amp)
/data/quyhv/oil_forecast_tail_risk/scripts/training/train_unified.py:309: FutureWarning: `torch.cuda.amp.autocast(args...)` is deprecated. Please use `torch.amp.autocast('cuda', args...)` instead.
  with autocast(enabled=use_amp):
/data/quyhv/oil_forecast_tail_risk/scripts/training/train_unified.py:349: FutureWarning: `torch.cuda.amp.autocast(args...)` is deprecated. Please use `torch.amp.autocast('cuda', args...)` instead.
  with autocast(enabled=use_amp):
 Iter-35 | MAE=0.682 | MAPE=0.93%
/data/quyhv/oil_forecast_tail_risk/scripts/training/train_unified.py:290: FutureWarning: `torch.cuda.amp.GradScaler(args...)` is deprecated. Please use `torch.amp.GradScaler('cuda', args...)` instead.
  scaler = GradScaler(enabled=use_amp)
/data/quyhv/oil_forecast_tail_risk/scripts/training/train_unified.py:309: FutureWarning: `torch.cuda.amp.autocast(args...)` is deprecated. Please use `torch.amp.autocast('cuda', args...)` instead.
  with autocast(enabled=use_amp):
/data/quyhv/oil_forecast_tail_risk/scripts/training/train_unified.py:349: FutureWarning: `torch.cuda.amp.autocast(args...)` is deprecated. Please use `torch.amp.autocast('cuda', args...)` instead.
  with autocast(enabled=use_amp):
 Iter-36 | MAE=1.033 | MAPE=1.38%
/data/quyhv/oil_forecast_tail_risk/scripts/training/train_unified.py:290: FutureWarning: `torch.cuda.amp.GradScaler(args...)` is deprecated. Please use `torch.amp.GradScaler('cuda', args...)` instead.
  scaler = GradScaler(enabled=use_amp)
/data/quyhv/oil_forecast_tail_risk/scripts/training/train_unified.py:309: FutureWarning: `torch.cuda.amp.autocast(args...)` is deprecated. Please use `torch.amp.autocast('cuda', args...)` instead.
  with autocast(enabled=use_amp):
/data/quyhv/oil_forecast_tail_risk/scripts/training/train_unified.py:349: FutureWarning: `torch.cuda.amp.autocast(args...)` is deprecated. Please use `torch.amp.autocast('cuda', args...)` instead.
  with autocast(enabled=use_amp):
 Iter-37 | MAE=1.403 | MAPE=1.88%
/data/quyhv/oil_forecast_tail_risk/scripts/training/train_unified.py:290: FutureWarning: `torch.cuda.amp.GradScaler(args...)` is deprecated. Please use `torch.amp.GradScaler('cuda', args...)` instead.
  scaler = GradScaler(enabled=use_amp)
/data/quyhv/oil_forecast_tail_risk/scripts/training/train_unified.py:309: FutureWarning: `torch.cuda.amp.autocast(args...)` is deprecated. Please use `torch.amp.autocast('cuda', args...)` instead.
  with autocast(enabled=use_amp):
/data/quyhv/oil_forecast_tail_risk/scripts/training/train_unified.py:349: FutureWarning: `torch.cuda.amp.autocast(args...)` is deprecated. Please use `torch.amp.autocast('cuda', args...)` instead.
  with autocast(enabled=use_amp):
 Iter-38 | MAE=2.929 | MAPE=4.08%
/data/quyhv/oil_forecast_tail_risk/scripts/training/train_unified.py:290: FutureWarning: `torch.cuda.amp.GradScaler(args...)` is deprecated. Please use `torch.amp.GradScaler('cuda', args...)` instead.
  scaler = GradScaler(enabled=use_amp)
/data/quyhv/oil_forecast_tail_risk/scripts/training/train_unified.py:309: FutureWarning: `torch.cuda.amp.autocast(args...)` is deprecated. Please use `torch.amp.autocast('cuda', args...)` instead.
  with autocast(enabled=use_amp):
/data/quyhv/oil_forecast_tail_risk/scripts/training/train_unified.py:349: FutureWarning: `torch.cuda.amp.autocast(args...)` is deprecated. Please use `torch.amp.autocast('cuda', args...)` instead.
  with autocast(enabled=use_amp):
 Iter-39 | MAE=1.135 | MAPE=1.58%
/data/quyhv/oil_forecast_tail_risk/scripts/training/train_unified.py:290: FutureWarning: `torch.cuda.amp.GradScaler(args...)` is deprecated. Please use `torch.amp.GradScaler('cuda', args...)` instead.
  scaler = GradScaler(enabled=use_amp)
/data/quyhv/oil_forecast_tail_risk/scripts/training/train_unified.py:309: FutureWarning: `torch.cuda.amp.autocast(args...)` is deprecated. Please use `torch.amp.autocast('cuda', args...)` instead.
  with autocast(enabled=use_amp):
/data/quyhv/oil_forecast_tail_risk/scripts/training/train_unified.py:349: FutureWarning: `torch.cuda.amp.autocast(args...)` is deprecated. Please use `torch.amp.autocast('cuda', args...)` instead.
  with autocast(enabled=use_amp):
 Iter-40 | MAE=1.152 | MAPE=1.56%
/data/quyhv/oil_forecast_tail_risk/scripts/training/train_unified.py:290: FutureWarning: `torch.cuda.amp.GradScaler(args...)` is deprecated. Please use `torch.amp.GradScaler('cuda', args...)` instead.
  scaler = GradScaler(enabled=use_amp)
/data/quyhv/oil_forecast_tail_risk/scripts/training/train_unified.py:309: FutureWarning: `torch.cuda.amp.autocast(args...)` is deprecated. Please use `torch.amp.autocast('cuda', args...)` instead.
  with autocast(enabled=use_amp):
/data/quyhv/oil_forecast_tail_risk/scripts/training/train_unified.py:349: FutureWarning: `torch.cuda.amp.autocast(args...)` is deprecated. Please use `torch.amp.autocast('cuda', args...)` instead.
  with autocast(enabled=use_amp):
 Iter-41 | MAE=0.211 | MAPE=0.29%
/data/quyhv/oil_forecast_tail_risk/scripts/training/train_unified.py:290: FutureWarning: `torch.cuda.amp.GradScaler(args...)` is deprecated. Please use `torch.amp.GradScaler('cuda', args...)` instead.
  scaler = GradScaler(enabled=use_amp)
/data/quyhv/oil_forecast_tail_risk/scripts/training/train_unified.py:309: FutureWarning: `torch.cuda.amp.autocast(args...)` is deprecated. Please use `torch.amp.autocast('cuda', args...)` instead.
  with autocast(enabled=use_amp):
/data/quyhv/oil_forecast_tail_risk/scripts/training/train_unified.py:349: FutureWarning: `torch.cuda.amp.autocast(args...)` is deprecated. Please use `torch.amp.autocast('cuda', args...)` instead.
  with autocast(enabled=use_amp):
 Iter-42 | MAE=0.848 | MAPE=1.14%
/data/quyhv/oil_forecast_tail_risk/scripts/training/train_unified.py:290: FutureWarning: `torch.cuda.amp.GradScaler(args...)` is deprecated. Please use `torch.amp.GradScaler('cuda', args...)` instead.
  scaler = GradScaler(enabled=use_amp)
/data/quyhv/oil_forecast_tail_risk/scripts/training/train_unified.py:309: FutureWarning: `torch.cuda.amp.autocast(args...)` is deprecated. Please use `torch.amp.autocast('cuda', args...)` instead.
  with autocast(enabled=use_amp):
/data/quyhv/oil_forecast_tail_risk/scripts/training/train_unified.py:349: FutureWarning: `torch.cuda.amp.autocast(args...)` is deprecated. Please use `torch.amp.autocast('cuda', args...)` instead.
  with autocast(enabled=use_amp):
 Iter-43 | MAE=1.239 | MAPE=1.64%
/data/quyhv/oil_forecast_tail_risk/scripts/training/train_unified.py:290: FutureWarning: `torch.cuda.amp.GradScaler(args...)` is deprecated. Please use `torch.amp.GradScaler('cuda', args...)` instead.
  scaler = GradScaler(enabled=use_amp)
/data/quyhv/oil_forecast_tail_risk/scripts/training/train_unified.py:309: FutureWarning: `torch.cuda.amp.autocast(args...)` is deprecated. Please use `torch.amp.autocast('cuda', args...)` instead.
  with autocast(enabled=use_amp):
/data/quyhv/oil_forecast_tail_risk/scripts/training/train_unified.py:349: FutureWarning: `torch.cuda.amp.autocast(args...)` is deprecated. Please use `torch.amp.autocast('cuda', args...)` instead.
  with autocast(enabled=use_amp):
 Iter-44 | MAE=1.635 | MAPE=2.11%
/data/quyhv/oil_forecast_tail_risk/scripts/training/train_unified.py:290: FutureWarning: `torch.cuda.amp.GradScaler(args...)` is deprecated. Please use `torch.amp.GradScaler('cuda', args...)` instead.
  scaler = GradScaler(enabled=use_amp)
/data/quyhv/oil_forecast_tail_risk/scripts/training/train_unified.py:309: FutureWarning: `torch.cuda.amp.autocast(args...)` is deprecated. Please use `torch.amp.autocast('cuda', args...)` instead.
  with autocast(enabled=use_amp):
/data/quyhv/oil_forecast_tail_risk/scripts/training/train_unified.py:349: FutureWarning: `torch.cuda.amp.autocast(args...)` is deprecated. Please use `torch.amp.autocast('cuda', args...)` instead.
  with autocast(enabled=use_amp):
 Iter-45 | MAE=0.190 | MAPE=0.25%
/data/quyhv/oil_forecast_tail_risk/scripts/training/train_unified.py:290: FutureWarning: `torch.cuda.amp.GradScaler(args...)` is deprecated. Please use `torch.amp.GradScaler('cuda', args...)` instead.
  scaler = GradScaler(enabled=use_amp)
/data/quyhv/oil_forecast_tail_risk/scripts/training/train_unified.py:309: FutureWarning: `torch.cuda.amp.autocast(args...)` is deprecated. Please use `torch.amp.autocast('cuda', args...)` instead.
  with autocast(enabled=use_amp):
/data/quyhv/oil_forecast_tail_risk/scripts/training/train_unified.py:349: FutureWarning: `torch.cuda.amp.autocast(args...)` is deprecated. Please use `torch.amp.autocast('cuda', args...)` instead.
  with autocast(enabled=use_amp):
 Iter-46 | MAE=0.718 | MAPE=0.95%
/data/quyhv/oil_forecast_tail_risk/scripts/training/train_unified.py:290: FutureWarning: `torch.cuda.amp.GradScaler(args...)` is deprecated. Please use `torch.amp.GradScaler('cuda', args...)` instead.
  scaler = GradScaler(enabled=use_amp)
/data/quyhv/oil_forecast_tail_risk/scripts/training/train_unified.py:309: FutureWarning: `torch.cuda.amp.autocast(args...)` is deprecated. Please use `torch.amp.autocast('cuda', args...)` instead.
  with autocast(enabled=use_amp):
/data/quyhv/oil_forecast_tail_risk/scripts/training/train_unified.py:349: FutureWarning: `torch.cuda.amp.autocast(args...)` is deprecated. Please use `torch.amp.autocast('cuda', args...)` instead.
  with autocast(enabled=use_amp):
 Iter-47 | MAE=2.762 | MAPE=3.80%
/data/quyhv/oil_forecast_tail_risk/scripts/training/train_unified.py:290: FutureWarning: `torch.cuda.amp.GradScaler(args...)` is deprecated. Please use `torch.amp.GradScaler('cuda', args...)` instead.
  scaler = GradScaler(enabled=use_amp)
/data/quyhv/oil_forecast_tail_risk/scripts/training/train_unified.py:309: FutureWarning: `torch.cuda.amp.autocast(args...)` is deprecated. Please use `torch.amp.autocast('cuda', args...)` instead.
  with autocast(enabled=use_amp):
/data/quyhv/oil_forecast_tail_risk/scripts/training/train_unified.py:349: FutureWarning: `torch.cuda.amp.autocast(args...)` is deprecated. Please use `torch.amp.autocast('cuda', args...)` instead.
  with autocast(enabled=use_amp):
 Iter-48 | MAE=0.412 | MAPE=0.56%
/data/quyhv/oil_forecast_tail_risk/scripts/training/train_unified.py:290: FutureWarning: `torch.cuda.amp.GradScaler(args...)` is deprecated. Please use `torch.amp.GradScaler('cuda', args...)` instead.
  scaler = GradScaler(enabled=use_amp)
/data/quyhv/oil_forecast_tail_risk/scripts/training/train_unified.py:309: FutureWarning: `torch.cuda.amp.autocast(args...)` is deprecated. Please use `torch.amp.autocast('cuda', args...)` instead.
  with autocast(enabled=use_amp):
/data/quyhv/oil_forecast_tail_risk/scripts/training/train_unified.py:349: FutureWarning: `torch.cuda.amp.autocast(args...)` is deprecated. Please use `torch.amp.autocast('cuda', args...)` instead.
  with autocast(enabled=use_amp):
 Iter-49 | MAE=0.417 | MAPE=0.57%
/data/quyhv/oil_forecast_tail_risk/scripts/training/train_unified.py:290: FutureWarning: `torch.cuda.amp.GradScaler(args...)` is deprecated. Please use `torch.amp.GradScaler('cuda', args...)` instead.
  scaler = GradScaler(enabled=use_amp)
/data/quyhv/oil_forecast_tail_risk/scripts/training/train_unified.py:309: FutureWarning: `torch.cuda.amp.autocast(args...)` is deprecated. Please use `torch.amp.autocast('cuda', args...)` instead.
  with autocast(enabled=use_amp):
/data/quyhv/oil_forecast_tail_risk/scripts/training/train_unified.py:349: FutureWarning: `torch.cuda.amp.autocast(args...)` is deprecated. Please use `torch.amp.autocast('cuda', args...)` instead.
  with autocast(enabled=use_amp):
 Iter-50 | MAE=0.836 | MAPE=1.15%
/data/quyhv/oil_forecast_tail_risk/scripts/training/train_unified.py:290: FutureWarning: `torch.cuda.amp.GradScaler(args...)` is deprecated. Please use `torch.amp.GradScaler('cuda', args...)` instead.
  scaler = GradScaler(enabled=use_amp)
/data/quyhv/oil_forecast_tail_risk/scripts/training/train_unified.py:309: FutureWarning: `torch.cuda.amp.autocast(args...)` is deprecated. Please use `torch.amp.autocast('cuda', args...)` instead.
  with autocast(enabled=use_amp):
/data/quyhv/oil_forecast_tail_risk/scripts/training/train_unified.py:349: FutureWarning: `torch.cuda.amp.autocast(args...)` is deprecated. Please use `torch.amp.autocast('cuda', args...)` instead.
  with autocast(enabled=use_amp):
 Iter-51 | MAE=2.832 | MAPE=3.67%
/data/quyhv/oil_forecast_tail_risk/scripts/training/train_unified.py:290: FutureWarning: `torch.cuda.amp.GradScaler(args...)` is deprecated. Please use `torch.amp.GradScaler('cuda', args...)` instead.
  scaler = GradScaler(enabled=use_amp)
/data/quyhv/oil_forecast_tail_risk/scripts/training/train_unified.py:309: FutureWarning: `torch.cuda.amp.autocast(args...)` is deprecated. Please use `torch.amp.autocast('cuda', args...)` instead.
  with autocast(enabled=use_amp):
/data/quyhv/oil_forecast_tail_risk/scripts/training/train_unified.py:349: FutureWarning: `torch.cuda.amp.autocast(args...)` is deprecated. Please use `torch.amp.autocast('cuda', args...)` instead.
  with autocast(enabled=use_amp):
 Iter-52 | MAE=0.868 | MAPE=1.10%
/data/quyhv/oil_forecast_tail_risk/scripts/training/train_unified.py:290: FutureWarning: `torch.cuda.amp.GradScaler(args...)` is deprecated. Please use `torch.amp.GradScaler('cuda', args...)` instead.
  scaler = GradScaler(enabled=use_amp)
/data/quyhv/oil_forecast_tail_risk/scripts/training/train_unified.py:309: FutureWarning: `torch.cuda.amp.autocast(args...)` is deprecated. Please use `torch.amp.autocast('cuda', args...)` instead.
  with autocast(enabled=use_amp):
/data/quyhv/oil_forecast_tail_risk/scripts/training/train_unified.py:349: FutureWarning: `torch.cuda.amp.autocast(args...)` is deprecated. Please use `torch.amp.autocast('cuda', args...)` instead.
  with autocast(enabled=use_amp):
 Iter-53 | MAE=0.201 | MAPE=0.26%
/data/quyhv/oil_forecast_tail_risk/scripts/training/train_unified.py:290: FutureWarning: `torch.cuda.amp.GradScaler(args...)` is deprecated. Please use `torch.amp.GradScaler('cuda', args...)` instead.
  scaler = GradScaler(enabled=use_amp)
/data/quyhv/oil_forecast_tail_risk/scripts/training/train_unified.py:309: FutureWarning: `torch.cuda.amp.autocast(args...)` is deprecated. Please use `torch.amp.autocast('cuda', args...)` instead.
  with autocast(enabled=use_amp):
/data/quyhv/oil_forecast_tail_risk/scripts/training/train_unified.py:349: FutureWarning: `torch.cuda.amp.autocast(args...)` is deprecated. Please use `torch.amp.autocast('cuda', args...)` instead.
  with autocast(enabled=use_amp):
 Iter-54 | MAE=1.955 | MAPE=2.44%
/data/quyhv/oil_forecast_tail_risk/scripts/training/train_unified.py:290: FutureWarning: `torch.cuda.amp.GradScaler(args...)` is deprecated. Please use `torch.amp.GradScaler('cuda', args...)` instead.
  scaler = GradScaler(enabled=use_amp)
/data/quyhv/oil_forecast_tail_risk/scripts/training/train_unified.py:309: FutureWarning: `torch.cuda.amp.autocast(args...)` is deprecated. Please use `torch.amp.autocast('cuda', args...)` instead.
  with autocast(enabled=use_amp):
/data/quyhv/oil_forecast_tail_risk/scripts/training/train_unified.py:349: FutureWarning: `torch.cuda.amp.autocast(args...)` is deprecated. Please use `torch.amp.autocast('cuda', args...)` instead.
  with autocast(enabled=use_amp):
 Iter-55 | MAE=1.166 | MAPE=1.45%
/data/quyhv/oil_forecast_tail_risk/scripts/training/train_unified.py:290: FutureWarning: `torch.cuda.amp.GradScaler(args...)` is deprecated. Please use `torch.amp.GradScaler('cuda', args...)` instead.
  scaler = GradScaler(enabled=use_amp)
/data/quyhv/oil_forecast_tail_risk/scripts/training/train_unified.py:309: FutureWarning: `torch.cuda.amp.autocast(args...)` is deprecated. Please use `torch.amp.autocast('cuda', args...)` instead.
  with autocast(enabled=use_amp):
/data/quyhv/oil_forecast_tail_risk/scripts/training/train_unified.py:349: FutureWarning: `torch.cuda.amp.autocast(args...)` is deprecated. Please use `torch.amp.autocast('cuda', args...)` instead.
  with autocast(enabled=use_amp):
 Iter-56 | MAE=0.765 | MAPE=0.95%
/data/quyhv/oil_forecast_tail_risk/scripts/training/train_unified.py:290: FutureWarning: `torch.cuda.amp.GradScaler(args...)` is deprecated. Please use `torch.amp.GradScaler('cuda', args...)` instead.
  scaler = GradScaler(enabled=use_amp)
/data/quyhv/oil_forecast_tail_risk/scripts/training/train_unified.py:309: FutureWarning: `torch.cuda.amp.autocast(args...)` is deprecated. Please use `torch.amp.autocast('cuda', args...)` instead.
  with autocast(enabled=use_amp):
/data/quyhv/oil_forecast_tail_risk/scripts/training/train_unified.py:349: FutureWarning: `torch.cuda.amp.autocast(args...)` is deprecated. Please use `torch.amp.autocast('cuda', args...)` instead.
  with autocast(enabled=use_amp):
 Iter-57 | MAE=0.576 | MAPE=0.71%
/data/quyhv/oil_forecast_tail_risk/scripts/training/train_unified.py:290: FutureWarning: `torch.cuda.amp.GradScaler(args...)` is deprecated. Please use `torch.amp.GradScaler('cuda', args...)` instead.
  scaler = GradScaler(enabled=use_amp)
/data/quyhv/oil_forecast_tail_risk/scripts/training/train_unified.py:309: FutureWarning: `torch.cuda.amp.autocast(args...)` is deprecated. Please use `torch.amp.autocast('cuda', args...)` instead.
  with autocast(enabled=use_amp):
/data/quyhv/oil_forecast_tail_risk/scripts/training/train_unified.py:349: FutureWarning: `torch.cuda.amp.autocast(args...)` is deprecated. Please use `torch.amp.autocast('cuda', args...)` instead.
  with autocast(enabled=use_amp):
 Iter-58 | MAE=10.437 | MAPE=11.40%
/data/quyhv/oil_forecast_tail_risk/scripts/training/train_unified.py:290: FutureWarning: `torch.cuda.amp.GradScaler(args...)` is deprecated. Please use `torch.amp.GradScaler('cuda', args...)` instead.
  scaler = GradScaler(enabled=use_amp)
/data/quyhv/oil_forecast_tail_risk/scripts/training/train_unified.py:309: FutureWarning: `torch.cuda.amp.autocast(args...)` is deprecated. Please use `torch.amp.autocast('cuda', args...)` instead.
  with autocast(enabled=use_amp):
/data/quyhv/oil_forecast_tail_risk/scripts/training/train_unified.py:349: FutureWarning: `torch.cuda.amp.autocast(args...)` is deprecated. Please use `torch.amp.autocast('cuda', args...)` instead.
  with autocast(enabled=use_amp):
 Iter-59 | MAE=4.554 | MAPE=4.69%
/data/quyhv/oil_forecast_tail_risk/scripts/training/train_unified.py:290: FutureWarning: `torch.cuda.amp.GradScaler(args...)` is deprecated. Please use `torch.amp.GradScaler('cuda', args...)` instead.
  scaler = GradScaler(enabled=use_amp)
/data/quyhv/oil_forecast_tail_risk/scripts/training/train_unified.py:309: FutureWarning: `torch.cuda.amp.autocast(args...)` is deprecated. Please use `torch.amp.autocast('cuda', args...)` instead.
  with autocast(enabled=use_amp):
/data/quyhv/oil_forecast_tail_risk/scripts/training/train_unified.py:349: FutureWarning: `torch.cuda.amp.autocast(args...)` is deprecated. Please use `torch.amp.autocast('cuda', args...)` instead.
  with autocast(enabled=use_amp):
 Iter-60 | MAE=5.026 | MAPE=4.91%
/data/quyhv/oil_forecast_tail_risk/scripts/training/train_unified.py:290: FutureWarning: `torch.cuda.amp.GradScaler(args...)` is deprecated. Please use `torch.amp.GradScaler('cuda', args...)` instead.
  scaler = GradScaler(enabled=use_amp)
/data/quyhv/oil_forecast_tail_risk/scripts/training/train_unified.py:309: FutureWarning: `torch.cuda.amp.autocast(args...)` is deprecated. Please use `torch.amp.autocast('cuda', args...)` instead.
  with autocast(enabled=use_amp):
/data/quyhv/oil_forecast_tail_risk/scripts/training/train_unified.py:349: FutureWarning: `torch.cuda.amp.autocast(args...)` is deprecated. Please use `torch.amp.autocast('cuda', args...)` instead.
  with autocast(enabled=use_amp):
 Iter-61 | MAE=7.741 | MAPE=7.12%
/data/quyhv/oil_forecast_tail_risk/scripts/training/train_unified.py:290: FutureWarning: `torch.cuda.amp.GradScaler(args...)` is deprecated. Please use `torch.amp.GradScaler('cuda', args...)` instead.
  scaler = GradScaler(enabled=use_amp)
/data/quyhv/oil_forecast_tail_risk/scripts/training/train_unified.py:309: FutureWarning: `torch.cuda.amp.autocast(args...)` is deprecated. Please use `torch.amp.autocast('cuda', args...)` instead.
  with autocast(enabled=use_amp):
/data/quyhv/oil_forecast_tail_risk/scripts/training/train_unified.py:349: FutureWarning: `torch.cuda.amp.autocast(args...)` is deprecated. Please use `torch.amp.autocast('cuda', args...)` instead.
  with autocast(enabled=use_amp):
 Iter-62 | MAE=7.275 | MAPE=6.14%
/data/quyhv/oil_forecast_tail_risk/scripts/training/train_unified.py:290: FutureWarning: `torch.cuda.amp.GradScaler(args...)` is deprecated. Please use `torch.amp.GradScaler('cuda', args...)` instead.
  scaler = GradScaler(enabled=use_amp)
/data/quyhv/oil_forecast_tail_risk/scripts/training/train_unified.py:309: FutureWarning: `torch.cuda.amp.autocast(args...)` is deprecated. Please use `torch.amp.autocast('cuda', args...)` instead.
  with autocast(enabled=use_amp):
/data/quyhv/oil_forecast_tail_risk/scripts/training/train_unified.py:349: FutureWarning: `torch.cuda.amp.autocast(args...)` is deprecated. Please use `torch.amp.autocast('cuda', args...)` instead.
  with autocast(enabled=use_amp):
 Iter-63 | MAE=20.867 | MAPE=14.59%
/data/quyhv/oil_forecast_tail_risk/scripts/training/train_unified.py:290: FutureWarning: `torch.cuda.amp.GradScaler(args...)` is deprecated. Please use `torch.amp.GradScaler('cuda', args...)` instead.
  scaler = GradScaler(enabled=use_amp)
/data/quyhv/oil_forecast_tail_risk/scripts/training/train_unified.py:309: FutureWarning: `torch.cuda.amp.autocast(args...)` is deprecated. Please use `torch.amp.autocast('cuda', args...)` instead.
  with autocast(enabled=use_amp):
/data/quyhv/oil_forecast_tail_risk/scripts/training/train_unified.py:349: FutureWarning: `torch.cuda.amp.autocast(args...)` is deprecated. Please use `torch.amp.autocast('cuda', args...)` instead.
  with autocast(enabled=use_amp):
 Iter-64 | MAE=11.006 | MAPE=8.93%
/data/quyhv/oil_forecast_tail_risk/scripts/training/train_unified.py:290: FutureWarning: `torch.cuda.amp.GradScaler(args...)` is deprecated. Please use `torch.amp.GradScaler('cuda', args...)` instead.
  scaler = GradScaler(enabled=use_amp)
/data/quyhv/oil_forecast_tail_risk/scripts/training/train_unified.py:309: FutureWarning: `torch.cuda.amp.autocast(args...)` is deprecated. Please use `torch.amp.autocast('cuda', args...)` instead.
  with autocast(enabled=use_amp):
/data/quyhv/oil_forecast_tail_risk/scripts/training/train_unified.py:349: FutureWarning: `torch.cuda.amp.autocast(args...)` is deprecated. Please use `torch.amp.autocast('cuda', args...)` instead.
  with autocast(enabled=use_amp):
 Iter-65 | MAE=4.072 | MAPE=3.24%
/data/quyhv/oil_forecast_tail_risk/scripts/training/train_unified.py:290: FutureWarning: `torch.cuda.amp.GradScaler(args...)` is deprecated. Please use `torch.amp.GradScaler('cuda', args...)` instead.
  scaler = GradScaler(enabled=use_amp)
/data/quyhv/oil_forecast_tail_risk/scripts/training/train_unified.py:309: FutureWarning: `torch.cuda.amp.autocast(args...)` is deprecated. Please use `torch.amp.autocast('cuda', args...)` instead.
  with autocast(enabled=use_amp):
/data/quyhv/oil_forecast_tail_risk/scripts/training/train_unified.py:349: FutureWarning: `torch.cuda.amp.autocast(args...)` is deprecated. Please use `torch.amp.autocast('cuda', args...)` instead.
  with autocast(enabled=use_amp):
 Iter-66 | MAE=13.337 | MAPE=9.73%
/data/quyhv/oil_forecast_tail_risk/scripts/training/train_unified.py:290: FutureWarning: `torch.cuda.amp.GradScaler(args...)` is deprecated. Please use `torch.amp.GradScaler('cuda', args...)` instead.
  scaler = GradScaler(enabled=use_amp)
/data/quyhv/oil_forecast_tail_risk/scripts/training/train_unified.py:309: FutureWarning: `torch.cuda.amp.autocast(args...)` is deprecated. Please use `torch.amp.autocast('cuda', args...)` instead.
  with autocast(enabled=use_amp):
/data/quyhv/oil_forecast_tail_risk/scripts/training/train_unified.py:349: FutureWarning: `torch.cuda.amp.autocast(args...)` is deprecated. Please use `torch.amp.autocast('cuda', args...)` instead.
  with autocast(enabled=use_amp):
 Iter-67 | MAE=1.263 | MAPE=0.88%
/data/quyhv/oil_forecast_tail_risk/scripts/training/train_unified.py:290: FutureWarning: `torch.cuda.amp.GradScaler(args...)` is deprecated. Please use `torch.amp.GradScaler('cuda', args...)` instead.
  scaler = GradScaler(enabled=use_amp)
/data/quyhv/oil_forecast_tail_risk/scripts/training/train_unified.py:309: FutureWarning: `torch.cuda.amp.autocast(args...)` is deprecated. Please use `torch.amp.autocast('cuda', args...)` instead.
  with autocast(enabled=use_amp):
/data/quyhv/oil_forecast_tail_risk/scripts/training/train_unified.py:349: FutureWarning: `torch.cuda.amp.autocast(args...)` is deprecated. Please use `torch.amp.autocast('cuda', args...)` instead.
  with autocast(enabled=use_amp):
 Iter-68 | MAE=3.612 | MAPE=2.41%
/data/quyhv/oil_forecast_tail_risk/scripts/training/train_unified.py:290: FutureWarning: `torch.cuda.amp.GradScaler(args...)` is deprecated. Please use `torch.amp.GradScaler('cuda', args...)` instead.
  scaler = GradScaler(enabled=use_amp)
/data/quyhv/oil_forecast_tail_risk/scripts/training/train_unified.py:309: FutureWarning: `torch.cuda.amp.autocast(args...)` is deprecated. Please use `torch.amp.autocast('cuda', args...)` instead.
  with autocast(enabled=use_amp):
/data/quyhv/oil_forecast_tail_risk/scripts/training/train_unified.py:349: FutureWarning: `torch.cuda.amp.autocast(args...)` is deprecated. Please use `torch.amp.autocast('cuda', args...)` instead.
  with autocast(enabled=use_amp):
 Iter-69 | MAE=8.370 | MAPE=5.75%
/data/quyhv/oil_forecast_tail_risk/scripts/training/train_unified.py:290: FutureWarning: `torch.cuda.amp.GradScaler(args...)` is deprecated. Please use `torch.amp.GradScaler('cuda', args...)` instead.
  scaler = GradScaler(enabled=use_amp)
/data/quyhv/oil_forecast_tail_risk/scripts/training/train_unified.py:309: FutureWarning: `torch.cuda.amp.autocast(args...)` is deprecated. Please use `torch.amp.autocast('cuda', args...)` instead.
  with autocast(enabled=use_amp):
/data/quyhv/oil_forecast_tail_risk/scripts/training/train_unified.py:349: FutureWarning: `torch.cuda.amp.autocast(args...)` is deprecated. Please use `torch.amp.autocast('cuda', args...)` instead.
  with autocast(enabled=use_amp):
 Iter-70 | MAE=1.568 | MAPE=1.07%
/data/quyhv/oil_forecast_tail_risk/scripts/training/train_unified.py:290: FutureWarning: `torch.cuda.amp.GradScaler(args...)` is deprecated. Please use `torch.amp.GradScaler('cuda', args...)` instead.
  scaler = GradScaler(enabled=use_amp)
/data/quyhv/oil_forecast_tail_risk/scripts/training/train_unified.py:309: FutureWarning: `torch.cuda.amp.autocast(args...)` is deprecated. Please use `torch.amp.autocast('cuda', args...)` instead.
  with autocast(enabled=use_amp):
/data/quyhv/oil_forecast_tail_risk/scripts/training/train_unified.py:349: FutureWarning: `torch.cuda.amp.autocast(args...)` is deprecated. Please use `torch.amp.autocast('cuda', args...)` instead.
  with autocast(enabled=use_amp):
 Iter-71 | MAE=6.337 | MAPE=4.01%
/data/quyhv/oil_forecast_tail_risk/scripts/training/train_unified.py:290: FutureWarning: `torch.cuda.amp.GradScaler(args...)` is deprecated. Please use `torch.amp.GradScaler('cuda', args...)` instead.
  scaler = GradScaler(enabled=use_amp)
/data/quyhv/oil_forecast_tail_risk/scripts/training/train_unified.py:309: FutureWarning: `torch.cuda.amp.autocast(args...)` is deprecated. Please use `torch.amp.autocast('cuda', args...)` instead.
  with autocast(enabled=use_amp):
/data/quyhv/oil_forecast_tail_risk/scripts/training/train_unified.py:349: FutureWarning: `torch.cuda.amp.autocast(args...)` is deprecated. Please use `torch.amp.autocast('cuda', args...)` instead.
  with autocast(enabled=use_amp):
 Iter-72 | MAE=1.526 | MAPE=0.98%
/data/quyhv/oil_forecast_tail_risk/scripts/training/train_unified.py:290: FutureWarning: `torch.cuda.amp.GradScaler(args...)` is deprecated. Please use `torch.amp.GradScaler('cuda', args...)` instead.
  scaler = GradScaler(enabled=use_amp)
/data/quyhv/oil_forecast_tail_risk/scripts/training/train_unified.py:309: FutureWarning: `torch.cuda.amp.autocast(args...)` is deprecated. Please use `torch.amp.autocast('cuda', args...)` instead.
  with autocast(enabled=use_amp):
/data/quyhv/oil_forecast_tail_risk/scripts/training/train_unified.py:349: FutureWarning: `torch.cuda.amp.autocast(args...)` is deprecated. Please use `torch.amp.autocast('cuda', args...)` instead.
  with autocast(enabled=use_amp):
 Iter-73 | MAE=3.678 | MAPE=2.25%
/data/quyhv/oil_forecast_tail_risk/scripts/training/train_unified.py:290: FutureWarning: `torch.cuda.amp.GradScaler(args...)` is deprecated. Please use `torch.amp.GradScaler('cuda', args...)` instead.
  scaler = GradScaler(enabled=use_amp)
/data/quyhv/oil_forecast_tail_risk/scripts/training/train_unified.py:309: FutureWarning: `torch.cuda.amp.autocast(args...)` is deprecated. Please use `torch.amp.autocast('cuda', args...)` instead.
  with autocast(enabled=use_amp):
/data/quyhv/oil_forecast_tail_risk/scripts/training/train_unified.py:349: FutureWarning: `torch.cuda.amp.autocast(args...)` is deprecated. Please use `torch.amp.autocast('cuda', args...)` instead.
  with autocast(enabled=use_amp):
 Iter-74 | MAE=11.685 | MAPE=8.06%
/data/quyhv/oil_forecast_tail_risk/scripts/training/train_unified.py:290: FutureWarning: `torch.cuda.amp.GradScaler(args...)` is deprecated. Please use `torch.amp.GradScaler('cuda', args...)` instead.
  scaler = GradScaler(enabled=use_amp)
/data/quyhv/oil_forecast_tail_risk/scripts/training/train_unified.py:309: FutureWarning: `torch.cuda.amp.autocast(args...)` is deprecated. Please use `torch.amp.autocast('cuda', args...)` instead.
  with autocast(enabled=use_amp):
/data/quyhv/oil_forecast_tail_risk/scripts/training/train_unified.py:349: FutureWarning: `torch.cuda.amp.autocast(args...)` is deprecated. Please use `torch.amp.autocast('cuda', args...)` instead.
  with autocast(enabled=use_amp):
 Iter-75 | MAE=14.308 | MAPE=10.74%
/data/quyhv/oil_forecast_tail_risk/scripts/training/train_unified.py:290: FutureWarning: `torch.cuda.amp.GradScaler(args...)` is deprecated. Please use `torch.amp.GradScaler('cuda', args...)` instead.
  scaler = GradScaler(enabled=use_amp)
/data/quyhv/oil_forecast_tail_risk/scripts/training/train_unified.py:309: FutureWarning: `torch.cuda.amp.autocast(args...)` is deprecated. Please use `torch.amp.autocast('cuda', args...)` instead.
  with autocast(enabled=use_amp):
/data/quyhv/oil_forecast_tail_risk/scripts/training/train_unified.py:349: FutureWarning: `torch.cuda.amp.autocast(args...)` is deprecated. Please use `torch.amp.autocast('cuda', args...)` instead.
  with autocast(enabled=use_amp):
 Iter-76 | MAE=8.673 | MAPE=6.67%
/data/quyhv/oil_forecast_tail_risk/scripts/training/train_unified.py:290: FutureWarning: `torch.cuda.amp.GradScaler(args...)` is deprecated. Please use `torch.amp.GradScaler('cuda', args...)` instead.
  scaler = GradScaler(enabled=use_amp)
/data/quyhv/oil_forecast_tail_risk/scripts/training/train_unified.py:309: FutureWarning: `torch.cuda.amp.autocast(args...)` is deprecated. Please use `torch.amp.autocast('cuda', args...)` instead.
  with autocast(enabled=use_amp):
/data/quyhv/oil_forecast_tail_risk/scripts/training/train_unified.py:349: FutureWarning: `torch.cuda.amp.autocast(args...)` is deprecated. Please use `torch.amp.autocast('cuda', args...)` instead.
  with autocast(enabled=use_amp):
 Iter-77 | MAE=0.431 | MAPE=0.33%
/data/quyhv/oil_forecast_tail_risk/scripts/training/train_unified.py:290: FutureWarning: `torch.cuda.amp.GradScaler(args...)` is deprecated. Please use `torch.amp.GradScaler('cuda', args...)` instead.
  scaler = GradScaler(enabled=use_amp)
/data/quyhv/oil_forecast_tail_risk/scripts/training/train_unified.py:309: FutureWarning: `torch.cuda.amp.autocast(args...)` is deprecated. Please use `torch.amp.autocast('cuda', args...)` instead.
  with autocast(enabled=use_amp):
/data/quyhv/oil_forecast_tail_risk/scripts/training/train_unified.py:349: FutureWarning: `torch.cuda.amp.autocast(args...)` is deprecated. Please use `torch.amp.autocast('cuda', args...)` instead.
  with autocast(enabled=use_amp):
 Iter-78 | MAE=6.808 | MAPE=4.75%
/data/quyhv/oil_forecast_tail_risk/scripts/training/train_unified.py:290: FutureWarning: `torch.cuda.amp.GradScaler(args...)` is deprecated. Please use `torch.amp.GradScaler('cuda', args...)` instead.
  scaler = GradScaler(enabled=use_amp)
/data/quyhv/oil_forecast_tail_risk/scripts/training/train_unified.py:309: FutureWarning: `torch.cuda.amp.autocast(args...)` is deprecated. Please use `torch.amp.autocast('cuda', args...)` instead.
  with autocast(enabled=use_amp):
/data/quyhv/oil_forecast_tail_risk/scripts/training/train_unified.py:349: FutureWarning: `torch.cuda.amp.autocast(args...)` is deprecated. Please use `torch.amp.autocast('cuda', args...)` instead.
  with autocast(enabled=use_amp):
 Iter-79 | MAE=3.398 | MAPE=2.39%
/data/quyhv/oil_forecast_tail_risk/scripts/training/train_unified.py:290: FutureWarning: `torch.cuda.amp.GradScaler(args...)` is deprecated. Please use `torch.amp.GradScaler('cuda', args...)` instead.
  scaler = GradScaler(enabled=use_amp)
/data/quyhv/oil_forecast_tail_risk/scripts/training/train_unified.py:309: FutureWarning: `torch.cuda.amp.autocast(args...)` is deprecated. Please use `torch.amp.autocast('cuda', args...)` instead.
  with autocast(enabled=use_amp):
/data/quyhv/oil_forecast_tail_risk/scripts/training/train_unified.py:349: FutureWarning: `torch.cuda.amp.autocast(args...)` is deprecated. Please use `torch.amp.autocast('cuda', args...)` instead.
  with autocast(enabled=use_amp):
 Iter-80 | MAE=1.535 | MAPE=1.09%
/data/quyhv/oil_forecast_tail_risk/scripts/training/train_unified.py:290: FutureWarning: `torch.cuda.amp.GradScaler(args...)` is deprecated. Please use `torch.amp.GradScaler('cuda', args...)` instead.
  scaler = GradScaler(enabled=use_amp)
/data/quyhv/oil_forecast_tail_risk/scripts/training/train_unified.py:309: FutureWarning: `torch.cuda.amp.autocast(args...)` is deprecated. Please use `torch.amp.autocast('cuda', args...)` instead.
  with autocast(enabled=use_amp):
/data/quyhv/oil_forecast_tail_risk/scripts/training/train_unified.py:349: FutureWarning: `torch.cuda.amp.autocast(args...)` is deprecated. Please use `torch.amp.autocast('cuda', args...)` instead.
  with autocast(enabled=use_amp):
 Iter-81 | MAE=8.035 | MAPE=5.43%
/data/quyhv/oil_forecast_tail_risk/scripts/training/train_unified.py:290: FutureWarning: `torch.cuda.amp.GradScaler(args...)` is deprecated. Please use `torch.amp.GradScaler('cuda', args...)` instead.
  scaler = GradScaler(enabled=use_amp)
/data/quyhv/oil_forecast_tail_risk/scripts/training/train_unified.py:309: FutureWarning: `torch.cuda.amp.autocast(args...)` is deprecated. Please use `torch.amp.autocast('cuda', args...)` instead.
  with autocast(enabled=use_amp):
/data/quyhv/oil_forecast_tail_risk/scripts/training/train_unified.py:349: FutureWarning: `torch.cuda.amp.autocast(args...)` is deprecated. Please use `torch.amp.autocast('cuda', args...)` instead.
  with autocast(enabled=use_amp):
 Iter-82 | MAE=5.390 | MAPE=3.70%
/data/quyhv/oil_forecast_tail_risk/scripts/training/train_unified.py:290: FutureWarning: `torch.cuda.amp.GradScaler(args...)` is deprecated. Please use `torch.amp.GradScaler('cuda', args...)` instead.
  scaler = GradScaler(enabled=use_amp)
/data/quyhv/oil_forecast_tail_risk/scripts/training/train_unified.py:309: FutureWarning: `torch.cuda.amp.autocast(args...)` is deprecated. Please use `torch.amp.autocast('cuda', args...)` instead.
  with autocast(enabled=use_amp):
/data/quyhv/oil_forecast_tail_risk/scripts/training/train_unified.py:349: FutureWarning: `torch.cuda.amp.autocast(args...)` is deprecated. Please use `torch.amp.autocast('cuda', args...)` instead.
  with autocast(enabled=use_amp):
 Iter-83 | MAE=3.085 | MAPE=2.14%
/data/quyhv/oil_forecast_tail_risk/scripts/training/train_unified.py:290: FutureWarning: `torch.cuda.amp.GradScaler(args...)` is deprecated. Please use `torch.amp.GradScaler('cuda', args...)` instead.
  scaler = GradScaler(enabled=use_amp)
/data/quyhv/oil_forecast_tail_risk/scripts/training/train_unified.py:309: FutureWarning: `torch.cuda.amp.autocast(args...)` is deprecated. Please use `torch.amp.autocast('cuda', args...)` instead.
  with autocast(enabled=use_amp):
/data/quyhv/oil_forecast_tail_risk/scripts/training/train_unified.py:349: FutureWarning: `torch.cuda.amp.autocast(args...)` is deprecated. Please use `torch.amp.autocast('cuda', args...)` instead.
  with autocast(enabled=use_amp):
 Iter-84 | MAE=22.598 | MAPE=18.40%
/data/quyhv/oil_forecast_tail_risk/scripts/training/train_unified.py:290: FutureWarning: `torch.cuda.amp.GradScaler(args...)` is deprecated. Please use `torch.amp.GradScaler('cuda', args...)` instead.
  scaler = GradScaler(enabled=use_amp)
/data/quyhv/oil_forecast_tail_risk/scripts/training/train_unified.py:309: FutureWarning: `torch.cuda.amp.autocast(args...)` is deprecated. Please use `torch.amp.autocast('cuda', args...)` instead.
  with autocast(enabled=use_amp):
/data/quyhv/oil_forecast_tail_risk/scripts/training/train_unified.py:349: FutureWarning: `torch.cuda.amp.autocast(args...)` is deprecated. Please use `torch.amp.autocast('cuda', args...)` instead.
  with autocast(enabled=use_amp):
 Iter-85 | MAE=11.761 | MAPE=8.86%
/data/quyhv/oil_forecast_tail_risk/scripts/training/train_unified.py:290: FutureWarning: `torch.cuda.amp.GradScaler(args...)` is deprecated. Please use `torch.amp.GradScaler('cuda', args...)` instead.
  scaler = GradScaler(enabled=use_amp)
/data/quyhv/oil_forecast_tail_risk/scripts/training/train_unified.py:309: FutureWarning: `torch.cuda.amp.autocast(args...)` is deprecated. Please use `torch.amp.autocast('cuda', args...)` instead.
  with autocast(enabled=use_amp):
/data/quyhv/oil_forecast_tail_risk/scripts/training/train_unified.py:349: FutureWarning: `torch.cuda.amp.autocast(args...)` is deprecated. Please use `torch.amp.autocast('cuda', args...)` instead.
  with autocast(enabled=use_amp):
 Iter-86 | MAE=0.416 | MAPE=0.32%
/data/quyhv/oil_forecast_tail_risk/scripts/training/train_unified.py:290: FutureWarning: `torch.cuda.amp.GradScaler(args...)` is deprecated. Please use `torch.amp.GradScaler('cuda', args...)` instead.
  scaler = GradScaler(enabled=use_amp)
/data/quyhv/oil_forecast_tail_risk/scripts/training/train_unified.py:309: FutureWarning: `torch.cuda.amp.autocast(args...)` is deprecated. Please use `torch.amp.autocast('cuda', args...)` instead.
  with autocast(enabled=use_amp):
/data/quyhv/oil_forecast_tail_risk/scripts/training/train_unified.py:349: FutureWarning: `torch.cuda.amp.autocast(args...)` is deprecated. Please use `torch.amp.autocast('cuda', args...)` instead.
  with autocast(enabled=use_amp):
 Iter-87 | MAE=1.631 | MAPE=1.22%
/data/quyhv/oil_forecast_tail_risk/scripts/training/train_unified.py:290: FutureWarning: `torch.cuda.amp.GradScaler(args...)` is deprecated. Please use `torch.amp.GradScaler('cuda', args...)` instead.
  scaler = GradScaler(enabled=use_amp)
/data/quyhv/oil_forecast_tail_risk/scripts/training/train_unified.py:309: FutureWarning: `torch.cuda.amp.autocast(args...)` is deprecated. Please use `torch.amp.autocast('cuda', args...)` instead.
  with autocast(enabled=use_amp):
/data/quyhv/oil_forecast_tail_risk/scripts/training/train_unified.py:349: FutureWarning: `torch.cuda.amp.autocast(args...)` is deprecated. Please use `torch.amp.autocast('cuda', args...)` instead.
  with autocast(enabled=use_amp):
 Iter-88 | MAE=6.704 | MAPE=5.29%
/data/quyhv/oil_forecast_tail_risk/scripts/training/train_unified.py:290: FutureWarning: `torch.cuda.amp.GradScaler(args...)` is deprecated. Please use `torch.amp.GradScaler('cuda', args...)` instead.
  scaler = GradScaler(enabled=use_amp)
/data/quyhv/oil_forecast_tail_risk/scripts/training/train_unified.py:309: FutureWarning: `torch.cuda.amp.autocast(args...)` is deprecated. Please use `torch.amp.autocast('cuda', args...)` instead.
  with autocast(enabled=use_amp):
/data/quyhv/oil_forecast_tail_risk/scripts/training/train_unified.py:349: FutureWarning: `torch.cuda.amp.autocast(args...)` is deprecated. Please use `torch.amp.autocast('cuda', args...)` instead.
  with autocast(enabled=use_amp):
 Iter-89 | MAE=2.366 | MAPE=1.92%
/data/quyhv/oil_forecast_tail_risk/scripts/training/train_unified.py:290: FutureWarning: `torch.cuda.amp.GradScaler(args...)` is deprecated. Please use `torch.amp.GradScaler('cuda', args...)` instead.
  scaler = GradScaler(enabled=use_amp)
/data/quyhv/oil_forecast_tail_risk/scripts/training/train_unified.py:309: FutureWarning: `torch.cuda.amp.autocast(args...)` is deprecated. Please use `torch.amp.autocast('cuda', args...)` instead.
  with autocast(enabled=use_amp):
/data/quyhv/oil_forecast_tail_risk/scripts/training/train_unified.py:349: FutureWarning: `torch.cuda.amp.autocast(args...)` is deprecated. Please use `torch.amp.autocast('cuda', args...)` instead.
  with autocast(enabled=use_amp):
 Iter-90 | MAE=2.480 | MAPE=2.04%
/data/quyhv/oil_forecast_tail_risk/scripts/training/train_unified.py:290: FutureWarning: `torch.cuda.amp.GradScaler(args...)` is deprecated. Please use `torch.amp.GradScaler('cuda', args...)` instead.
  scaler = GradScaler(enabled=use_amp)
/data/quyhv/oil_forecast_tail_risk/scripts/training/train_unified.py:309: FutureWarning: `torch.cuda.amp.autocast(args...)` is deprecated. Please use `torch.amp.autocast('cuda', args...)` instead.
  with autocast(enabled=use_amp):
/data/quyhv/oil_forecast_tail_risk/scripts/training/train_unified.py:349: FutureWarning: `torch.cuda.amp.autocast(args...)` is deprecated. Please use `torch.amp.autocast('cuda', args...)` instead.
  with autocast(enabled=use_amp):
 Iter-91 | MAE=2.591 | MAPE=2.03%
/data/quyhv/oil_forecast_tail_risk/scripts/training/train_unified.py:290: FutureWarning: `torch.cuda.amp.GradScaler(args...)` is deprecated. Please use `torch.amp.GradScaler('cuda', args...)` instead.
  scaler = GradScaler(enabled=use_amp)
/data/quyhv/oil_forecast_tail_risk/scripts/training/train_unified.py:309: FutureWarning: `torch.cuda.amp.autocast(args...)` is deprecated. Please use `torch.amp.autocast('cuda', args...)` instead.
  with autocast(enabled=use_amp):
/data/quyhv/oil_forecast_tail_risk/scripts/training/train_unified.py:349: FutureWarning: `torch.cuda.amp.autocast(args...)` is deprecated. Please use `torch.amp.autocast('cuda', args...)` instead.
  with autocast(enabled=use_amp):
 Iter-92 | MAE=1.035 | MAPE=0.84%
/data/quyhv/oil_forecast_tail_risk/scripts/training/train_unified.py:290: FutureWarning: `torch.cuda.amp.GradScaler(args...)` is deprecated. Please use `torch.amp.GradScaler('cuda', args...)` instead.
  scaler = GradScaler(enabled=use_amp)
/data/quyhv/oil_forecast_tail_risk/scripts/training/train_unified.py:309: FutureWarning: `torch.cuda.amp.autocast(args...)` is deprecated. Please use `torch.amp.autocast('cuda', args...)` instead.
  with autocast(enabled=use_amp):
/data/quyhv/oil_forecast_tail_risk/scripts/training/train_unified.py:349: FutureWarning: `torch.cuda.amp.autocast(args...)` is deprecated. Please use `torch.amp.autocast('cuda', args...)` instead.
  with autocast(enabled=use_amp):
 Iter-93 | MAE=1.774 | MAPE=1.47%
/data/quyhv/oil_forecast_tail_risk/scripts/training/train_unified.py:290: FutureWarning: `torch.cuda.amp.GradScaler(args...)` is deprecated. Please use `torch.amp.GradScaler('cuda', args...)` instead.
  scaler = GradScaler(enabled=use_amp)
/data/quyhv/oil_forecast_tail_risk/scripts/training/train_unified.py:309: FutureWarning: `torch.cuda.amp.autocast(args...)` is deprecated. Please use `torch.amp.autocast('cuda', args...)` instead.
  with autocast(enabled=use_amp):
/data/quyhv/oil_forecast_tail_risk/scripts/training/train_unified.py:349: FutureWarning: `torch.cuda.amp.autocast(args...)` is deprecated. Please use `torch.amp.autocast('cuda', args...)` instead.
  with autocast(enabled=use_amp):
 Iter-94 | MAE=1.350 | MAPE=1.09%
/data/quyhv/oil_forecast_tail_risk/scripts/training/train_unified.py:290: FutureWarning: `torch.cuda.amp.GradScaler(args...)` is deprecated. Please use `torch.amp.GradScaler('cuda', args...)` instead.
  scaler = GradScaler(enabled=use_amp)
/data/quyhv/oil_forecast_tail_risk/scripts/training/train_unified.py:309: FutureWarning: `torch.cuda.amp.autocast(args...)` is deprecated. Please use `torch.amp.autocast('cuda', args...)` instead.
  with autocast(enabled=use_amp):
/data/quyhv/oil_forecast_tail_risk/scripts/training/train_unified.py:349: FutureWarning: `torch.cuda.amp.autocast(args...)` is deprecated. Please use `torch.amp.autocast('cuda', args...)` instead.
  with autocast(enabled=use_amp):
 Iter-95 | MAE=1.560 | MAPE=1.22%
/data/quyhv/oil_forecast_tail_risk/scripts/training/train_unified.py:290: FutureWarning: `torch.cuda.amp.GradScaler(args...)` is deprecated. Please use `torch.amp.GradScaler('cuda', args...)` instead.
  scaler = GradScaler(enabled=use_amp)
/data/quyhv/oil_forecast_tail_risk/scripts/training/train_unified.py:309: FutureWarning: `torch.cuda.amp.autocast(args...)` is deprecated. Please use `torch.amp.autocast('cuda', args...)` instead.
  with autocast(enabled=use_amp):
/data/quyhv/oil_forecast_tail_risk/scripts/training/train_unified.py:349: FutureWarning: `torch.cuda.amp.autocast(args...)` is deprecated. Please use `torch.amp.autocast('cuda', args...)` instead.
  with autocast(enabled=use_amp):
 Iter-96 | MAE=1.245 | MAPE=0.98%
/data/quyhv/oil_forecast_tail_risk/scripts/training/train_unified.py:290: FutureWarning: `torch.cuda.amp.GradScaler(args...)` is deprecated. Please use `torch.amp.GradScaler('cuda', args...)` instead.
  scaler = GradScaler(enabled=use_amp)
/data/quyhv/oil_forecast_tail_risk/scripts/training/train_unified.py:309: FutureWarning: `torch.cuda.amp.autocast(args...)` is deprecated. Please use `torch.amp.autocast('cuda', args...)` instead.
  with autocast(enabled=use_amp):
/data/quyhv/oil_forecast_tail_risk/scripts/training/train_unified.py:349: FutureWarning: `torch.cuda.amp.autocast(args...)` is deprecated. Please use `torch.amp.autocast('cuda', args...)` instead.
  with autocast(enabled=use_amp):
 Iter-97 | MAE=2.728 | MAPE=2.11%
/data/quyhv/oil_forecast_tail_risk/scripts/training/train_unified.py:290: FutureWarning: `torch.cuda.amp.GradScaler(args...)` is deprecated. Please use `torch.amp.GradScaler('cuda', args...)` instead.
  scaler = GradScaler(enabled=use_amp)
/data/quyhv/oil_forecast_tail_risk/scripts/training/train_unified.py:309: FutureWarning: `torch.cuda.amp.autocast(args...)` is deprecated. Please use `torch.amp.autocast('cuda', args...)` instead.
  with autocast(enabled=use_amp):
/data/quyhv/oil_forecast_tail_risk/scripts/training/train_unified.py:349: FutureWarning: `torch.cuda.amp.autocast(args...)` is deprecated. Please use `torch.amp.autocast('cuda', args...)` instead.
  with autocast(enabled=use_amp):
 Iter-98 | MAE=0.698 | MAPE=0.54%
/data/quyhv/oil_forecast_tail_risk/scripts/training/train_unified.py:290: FutureWarning: `torch.cuda.amp.GradScaler(args...)` is deprecated. Please use `torch.amp.GradScaler('cuda', args...)` instead.
  scaler = GradScaler(enabled=use_amp)
/data/quyhv/oil_forecast_tail_risk/scripts/training/train_unified.py:309: FutureWarning: `torch.cuda.amp.autocast(args...)` is deprecated. Please use `torch.amp.autocast('cuda', args...)` instead.
  with autocast(enabled=use_amp):
/data/quyhv/oil_forecast_tail_risk/scripts/training/train_unified.py:349: FutureWarning: `torch.cuda.amp.autocast(args...)` is deprecated. Please use `torch.amp.autocast('cuda', args...)` instead.
  with autocast(enabled=use_amp):
 Iter-99 | MAE=2.127 | MAPE=1.62%
/data/quyhv/oil_forecast_tail_risk/scripts/training/train_unified.py:290: FutureWarning: `torch.cuda.amp.GradScaler(args...)` is deprecated. Please use `torch.amp.GradScaler('cuda', args...)` instead.
  scaler = GradScaler(enabled=use_amp)
/data/quyhv/oil_forecast_tail_risk/scripts/training/train_unified.py:309: FutureWarning: `torch.cuda.amp.autocast(args...)` is deprecated. Please use `torch.amp.autocast('cuda', args...)` instead.
  with autocast(enabled=use_amp):
/data/quyhv/oil_forecast_tail_risk/scripts/training/train_unified.py:349: FutureWarning: `torch.cuda.amp.autocast(args...)` is deprecated. Please use `torch.amp.autocast('cuda', args...)` instead.
  with autocast(enabled=use_amp):
 Iter-100 | MAE=2.098 | MAPE=1.55%

 OVERALL: MAE=2.883, MAPE=2.51%, R2=0.9718 (2455.0s)
Saved model checkpoint: /data/quyhv/oil_forecast_tail_risk/results_v4/walkforward/RLinear/XANG_H1_seed2025/model_checkpoint.pth
Saved processor/scaler: /data/quyhv/oil_forecast_tail_risk/results_v4/walkforward/RLinear/XANG_H1_seed2025/processor.pkl

 All 1 experiments completed!

================================================================================
 [1/1] LTSF_Linear | XANG | H1 | walkforward
================================================================================

 Using GPU: Tesla T4
================================================================================
 LTSF_Linear | XANG | H1 | walkforward | seed=2025
================================================================================
Data: 4513 rows | Features: 15
/data/quyhv/oil_forecast_tail_risk/scripts/training/train_unified.py:290: FutureWarning: `torch.cuda.amp.GradScaler(args...)` is deprecated. Please use `torch.amp.GradScaler('cuda', args...)` instead.
  scaler = GradScaler(enabled=use_amp)
/data/quyhv/oil_forecast_tail_risk/scripts/training/train_unified.py:309: FutureWarning: `torch.cuda.amp.autocast(args...)` is deprecated. Please use `torch.amp.autocast('cuda', args...)` instead.
  with autocast(enabled=use_amp):
/data/quyhv/oil_forecast_tail_risk/scripts/training/train_unified.py:349: FutureWarning: `torch.cuda.amp.autocast(args...)` is deprecated. Please use `torch.amp.autocast('cuda', args...)` instead.
  with autocast(enabled=use_amp):
 Iter-01 | MAE=0.211 | MAPE=0.27%
/data/quyhv/oil_forecast_tail_risk/scripts/training/train_unified.py:290: FutureWarning: `torch.cuda.amp.GradScaler(args...)` is deprecated. Please use `torch.amp.GradScaler('cuda', args...)` instead.
  scaler = GradScaler(enabled=use_amp)
/data/quyhv/oil_forecast_tail_risk/scripts/training/train_unified.py:309: FutureWarning: `torch.cuda.amp.autocast(args...)` is deprecated. Please use `torch.amp.autocast('cuda', args...)` instead.
  with autocast(enabled=use_amp):
/data/quyhv/oil_forecast_tail_risk/scripts/training/train_unified.py:349: FutureWarning: `torch.cuda.amp.autocast(args...)` is deprecated. Please use `torch.amp.autocast('cuda', args...)` instead.
  with autocast(enabled=use_amp):
 Iter-02 | MAE=0.214 | MAPE=0.28%
/data/quyhv/oil_forecast_tail_risk/scripts/training/train_unified.py:290: FutureWarning: `torch.cuda.amp.GradScaler(args...)` is deprecated. Please use `torch.amp.GradScaler('cuda', args...)` instead.
  scaler = GradScaler(enabled=use_amp)
/data/quyhv/oil_forecast_tail_risk/scripts/training/train_unified.py:309: FutureWarning: `torch.cuda.amp.autocast(args...)` is deprecated. Please use `torch.amp.autocast('cuda', args...)` instead.
  with autocast(enabled=use_amp):
/data/quyhv/oil_forecast_tail_risk/scripts/training/train_unified.py:349: FutureWarning: `torch.cuda.amp.autocast(args...)` is deprecated. Please use `torch.amp.autocast('cuda', args...)` instead.
  with autocast(enabled=use_amp):
 Iter-03 | MAE=0.287 | MAPE=0.37%
/data/quyhv/oil_forecast_tail_risk/scripts/training/train_unified.py:290: FutureWarning: `torch.cuda.amp.GradScaler(args...)` is deprecated. Please use `torch.amp.GradScaler('cuda', args...)` instead.
  scaler = GradScaler(enabled=use_amp)
/data/quyhv/oil_forecast_tail_risk/scripts/training/train_unified.py:309: FutureWarning: `torch.cuda.amp.autocast(args...)` is deprecated. Please use `torch.amp.autocast('cuda', args...)` instead.
  with autocast(enabled=use_amp):
/data/quyhv/oil_forecast_tail_risk/scripts/training/train_unified.py:349: FutureWarning: `torch.cuda.amp.autocast(args...)` is deprecated. Please use `torch.amp.autocast('cuda', args...)` instead.
  with autocast(enabled=use_amp):
 Iter-04 | MAE=2.517 | MAPE=3.35%
/data/quyhv/oil_forecast_tail_risk/scripts/training/train_unified.py:290: FutureWarning: `torch.cuda.amp.GradScaler(args...)` is deprecated. Please use `torch.amp.GradScaler('cuda', args...)` instead.
  scaler = GradScaler(enabled=use_amp)
/data/quyhv/oil_forecast_tail_risk/scripts/training/train_unified.py:309: FutureWarning: `torch.cuda.amp.autocast(args...)` is deprecated. Please use `torch.amp.autocast('cuda', args...)` instead.
  with autocast(enabled=use_amp):
/data/quyhv/oil_forecast_tail_risk/scripts/training/train_unified.py:349: FutureWarning: `torch.cuda.amp.autocast(args...)` is deprecated. Please use `torch.amp.autocast('cuda', args...)` instead.
  with autocast(enabled=use_amp):
 Iter-05 | MAE=0.418 | MAPE=0.56%
/data/quyhv/oil_forecast_tail_risk/scripts/training/train_unified.py:290: FutureWarning: `torch.cuda.amp.GradScaler(args...)` is deprecated. Please use `torch.amp.GradScaler('cuda', args...)` instead.
  scaler = GradScaler(enabled=use_amp)
/data/quyhv/oil_forecast_tail_risk/scripts/training/train_unified.py:309: FutureWarning: `torch.cuda.amp.autocast(args...)` is deprecated. Please use `torch.amp.autocast('cuda', args...)` instead.
  with autocast(enabled=use_amp):
/data/quyhv/oil_forecast_tail_risk/scripts/training/train_unified.py:349: FutureWarning: `torch.cuda.amp.autocast(args...)` is deprecated. Please use `torch.amp.autocast('cuda', args...)` instead.
  with autocast(enabled=use_amp):
 Iter-06 | MAE=0.572 | MAPE=0.77%
/data/quyhv/oil_forecast_tail_risk/scripts/training/train_unified.py:290: FutureWarning: `torch.cuda.amp.GradScaler(args...)` is deprecated. Please use `torch.amp.GradScaler('cuda', args...)` instead.
  scaler = GradScaler(enabled=use_amp)
/data/quyhv/oil_forecast_tail_risk/scripts/training/train_unified.py:309: FutureWarning: `torch.cuda.amp.autocast(args...)` is deprecated. Please use `torch.amp.autocast('cuda', args...)` instead.
  with autocast(enabled=use_amp):
/data/quyhv/oil_forecast_tail_risk/scripts/training/train_unified.py:349: FutureWarning: `torch.cuda.amp.autocast(args...)` is deprecated. Please use `torch.amp.autocast('cuda', args...)` instead.
  with autocast(enabled=use_amp):
 Iter-07 | MAE=1.135 | MAPE=1.55%
/data/quyhv/oil_forecast_tail_risk/scripts/training/train_unified.py:290: FutureWarning: `torch.cuda.amp.GradScaler(args...)` is deprecated. Please use `torch.amp.GradScaler('cuda', args...)` instead.
  scaler = GradScaler(enabled=use_amp)
/data/quyhv/oil_forecast_tail_risk/scripts/training/train_unified.py:309: FutureWarning: `torch.cuda.amp.autocast(args...)` is deprecated. Please use `torch.amp.autocast('cuda', args...)` instead.
  with autocast(enabled=use_amp):
/data/quyhv/oil_forecast_tail_risk/scripts/training/train_unified.py:349: FutureWarning: `torch.cuda.amp.autocast(args...)` is deprecated. Please use `torch.amp.autocast('cuda', args...)` instead.
  with autocast(enabled=use_amp):
 Iter-08 | MAE=0.438 | MAPE=0.59%
/data/quyhv/oil_forecast_tail_risk/scripts/training/train_unified.py:290: FutureWarning: `torch.cuda.amp.GradScaler(args...)` is deprecated. Please use `torch.amp.GradScaler('cuda', args...)` instead.
  scaler = GradScaler(enabled=use_amp)
/data/quyhv/oil_forecast_tail_risk/scripts/training/train_unified.py:309: FutureWarning: `torch.cuda.amp.autocast(args...)` is deprecated. Please use `torch.amp.autocast('cuda', args...)` instead.
  with autocast(enabled=use_amp):
/data/quyhv/oil_forecast_tail_risk/scripts/training/train_unified.py:349: FutureWarning: `torch.cuda.amp.autocast(args...)` is deprecated. Please use `torch.amp.autocast('cuda', args...)` instead.
  with autocast(enabled=use_amp):
 Iter-09 | MAE=1.107 | MAPE=1.50%
/data/quyhv/oil_forecast_tail_risk/scripts/training/train_unified.py:290: FutureWarning: `torch.cuda.amp.GradScaler(args...)` is deprecated. Please use `torch.amp.GradScaler('cuda', args...)` instead.
  scaler = GradScaler(enabled=use_amp)
/data/quyhv/oil_forecast_tail_risk/scripts/training/train_unified.py:309: FutureWarning: `torch.cuda.amp.autocast(args...)` is deprecated. Please use `torch.amp.autocast('cuda', args...)` instead.
  with autocast(enabled=use_amp):
/data/quyhv/oil_forecast_tail_risk/scripts/training/train_unified.py:349: FutureWarning: `torch.cuda.amp.autocast(args...)` is deprecated. Please use `torch.amp.autocast('cuda', args...)` instead.
  with autocast(enabled=use_amp):
 Iter-10 | MAE=0.863 | MAPE=1.17%
/data/quyhv/oil_forecast_tail_risk/scripts/training/train_unified.py:290: FutureWarning: `torch.cuda.amp.GradScaler(args...)` is deprecated. Please use `torch.amp.GradScaler('cuda', args...)` instead.
  scaler = GradScaler(enabled=use_amp)
/data/quyhv/oil_forecast_tail_risk/scripts/training/train_unified.py:309: FutureWarning: `torch.cuda.amp.autocast(args...)` is deprecated. Please use `torch.amp.autocast('cuda', args...)` instead.
  with autocast(enabled=use_amp):
/data/quyhv/oil_forecast_tail_risk/scripts/training/train_unified.py:349: FutureWarning: `torch.cuda.amp.autocast(args...)` is deprecated. Please use `torch.amp.autocast('cuda', args...)` instead.
  with autocast(enabled=use_amp):
 Iter-11 | MAE=0.323 | MAPE=0.44%
/data/quyhv/oil_forecast_tail_risk/scripts/training/train_unified.py:290: FutureWarning: `torch.cuda.amp.GradScaler(args...)` is deprecated. Please use `torch.amp.GradScaler('cuda', args...)` instead.
  scaler = GradScaler(enabled=use_amp)
/data/quyhv/oil_forecast_tail_risk/scripts/training/train_unified.py:309: FutureWarning: `torch.cuda.amp.autocast(args...)` is deprecated. Please use `torch.amp.autocast('cuda', args...)` instead.
  with autocast(enabled=use_amp):
/data/quyhv/oil_forecast_tail_risk/scripts/training/train_unified.py:349: FutureWarning: `torch.cuda.amp.autocast(args...)` is deprecated. Please use `torch.amp.autocast('cuda', args...)` instead.
  with autocast(enabled=use_amp):
 Iter-12 | MAE=0.621 | MAPE=0.85%
/data/quyhv/oil_forecast_tail_risk/scripts/training/train_unified.py:290: FutureWarning: `torch.cuda.amp.GradScaler(args...)` is deprecated. Please use `torch.amp.GradScaler('cuda', args...)` instead.
  scaler = GradScaler(enabled=use_amp)
/data/quyhv/oil_forecast_tail_risk/scripts/training/train_unified.py:309: FutureWarning: `torch.cuda.amp.autocast(args...)` is deprecated. Please use `torch.amp.autocast('cuda', args...)` instead.
  with autocast(enabled=use_amp):
/data/quyhv/oil_forecast_tail_risk/scripts/training/train_unified.py:349: FutureWarning: `torch.cuda.amp.autocast(args...)` is deprecated. Please use `torch.amp.autocast('cuda', args...)` instead.
  with autocast(enabled=use_amp):
 Iter-13 | MAE=0.734 | MAPE=1.01%
/data/quyhv/oil_forecast_tail_risk/scripts/training/train_unified.py:290: FutureWarning: `torch.cuda.amp.GradScaler(args...)` is deprecated. Please use `torch.amp.GradScaler('cuda', args...)` instead.
  scaler = GradScaler(enabled=use_amp)
/data/quyhv/oil_forecast_tail_risk/scripts/training/train_unified.py:309: FutureWarning: `torch.cuda.amp.autocast(args...)` is deprecated. Please use `torch.amp.autocast('cuda', args...)` instead.
  with autocast(enabled=use_amp):
/data/quyhv/oil_forecast_tail_risk/scripts/training/train_unified.py:349: FutureWarning: `torch.cuda.amp.autocast(args...)` is deprecated. Please use `torch.amp.autocast('cuda', args...)` instead.
  with autocast(enabled=use_amp):
 Iter-14 | MAE=0.182 | MAPE=0.25%
/data/quyhv/oil_forecast_tail_risk/scripts/training/train_unified.py:290: FutureWarning: `torch.cuda.amp.GradScaler(args...)` is deprecated. Please use `torch.amp.GradScaler('cuda', args...)` instead.
  scaler = GradScaler(enabled=use_amp)
/data/quyhv/oil_forecast_tail_risk/scripts/training/train_unified.py:309: FutureWarning: `torch.cuda.amp.autocast(args...)` is deprecated. Please use `torch.amp.autocast('cuda', args...)` instead.
  with autocast(enabled=use_amp):
/data/quyhv/oil_forecast_tail_risk/scripts/training/train_unified.py:349: FutureWarning: `torch.cuda.amp.autocast(args...)` is deprecated. Please use `torch.amp.autocast('cuda', args...)` instead.
  with autocast(enabled=use_amp):
 Iter-15 | MAE=0.251 | MAPE=0.34%
/data/quyhv/oil_forecast_tail_risk/scripts/training/train_unified.py:290: FutureWarning: `torch.cuda.amp.GradScaler(args...)` is deprecated. Please use `torch.amp.GradScaler('cuda', args...)` instead.
  scaler = GradScaler(enabled=use_amp)
/data/quyhv/oil_forecast_tail_risk/scripts/training/train_unified.py:309: FutureWarning: `torch.cuda.amp.autocast(args...)` is deprecated. Please use `torch.amp.autocast('cuda', args...)` instead.
  with autocast(enabled=use_amp):
/data/quyhv/oil_forecast_tail_risk/scripts/training/train_unified.py:349: FutureWarning: `torch.cuda.amp.autocast(args...)` is deprecated. Please use `torch.amp.autocast('cuda', args...)` instead.
  with autocast(enabled=use_amp):
 Iter-16 | MAE=0.462 | MAPE=0.64%
/data/quyhv/oil_forecast_tail_risk/scripts/training/train_unified.py:290: FutureWarning: `torch.cuda.amp.GradScaler(args...)` is deprecated. Please use `torch.amp.GradScaler('cuda', args...)` instead.
  scaler = GradScaler(enabled=use_amp)
/data/quyhv/oil_forecast_tail_risk/scripts/training/train_unified.py:309: FutureWarning: `torch.cuda.amp.autocast(args...)` is deprecated. Please use `torch.amp.autocast('cuda', args...)` instead.
  with autocast(enabled=use_amp):
/data/quyhv/oil_forecast_tail_risk/scripts/training/train_unified.py:349: FutureWarning: `torch.cuda.amp.autocast(args...)` is deprecated. Please use `torch.amp.autocast('cuda', args...)` instead.
  with autocast(enabled=use_amp):
 Iter-17 | MAE=0.569 | MAPE=0.78%
/data/quyhv/oil_forecast_tail_risk/scripts/training/train_unified.py:290: FutureWarning: `torch.cuda.amp.GradScaler(args...)` is deprecated. Please use `torch.amp.GradScaler('cuda', args...)` instead.
  scaler = GradScaler(enabled=use_amp)
/data/quyhv/oil_forecast_tail_risk/scripts/training/train_unified.py:309: FutureWarning: `torch.cuda.amp.autocast(args...)` is deprecated. Please use `torch.amp.autocast('cuda', args...)` instead.
  with autocast(enabled=use_amp):
/data/quyhv/oil_forecast_tail_risk/scripts/training/train_unified.py:349: FutureWarning: `torch.cuda.amp.autocast(args...)` is deprecated. Please use `torch.amp.autocast('cuda', args...)` instead.
  with autocast(enabled=use_amp):
 Iter-18 | MAE=1.440 | MAPE=2.04%
/data/quyhv/oil_forecast_tail_risk/scripts/training/train_unified.py:290: FutureWarning: `torch.cuda.amp.GradScaler(args...)` is deprecated. Please use `torch.amp.GradScaler('cuda', args...)` instead.
  scaler = GradScaler(enabled=use_amp)
/data/quyhv/oil_forecast_tail_risk/scripts/training/train_unified.py:309: FutureWarning: `torch.cuda.amp.autocast(args...)` is deprecated. Please use `torch.amp.autocast('cuda', args...)` instead.
  with autocast(enabled=use_amp):
/data/quyhv/oil_forecast_tail_risk/scripts/training/train_unified.py:349: FutureWarning: `torch.cuda.amp.autocast(args...)` is deprecated. Please use `torch.amp.autocast('cuda', args...)` instead.
  with autocast(enabled=use_amp):
 Iter-19 | MAE=0.126 | MAPE=0.17%
/data/quyhv/oil_forecast_tail_risk/scripts/training/train_unified.py:290: FutureWarning: `torch.cuda.amp.GradScaler(args...)` is deprecated. Please use `torch.amp.GradScaler('cuda', args...)` instead.
  scaler = GradScaler(enabled=use_amp)
/data/quyhv/oil_forecast_tail_risk/scripts/training/train_unified.py:309: FutureWarning: `torch.cuda.amp.autocast(args...)` is deprecated. Please use `torch.amp.autocast('cuda', args...)` instead.
  with autocast(enabled=use_amp):
/data/quyhv/oil_forecast_tail_risk/scripts/training/train_unified.py:349: FutureWarning: `torch.cuda.amp.autocast(args...)` is deprecated. Please use `torch.amp.autocast('cuda', args...)` instead.
  with autocast(enabled=use_amp):
 Iter-20 | MAE=0.762 | MAPE=1.09%
/data/quyhv/oil_forecast_tail_risk/scripts/training/train_unified.py:290: FutureWarning: `torch.cuda.amp.GradScaler(args...)` is deprecated. Please use `torch.amp.GradScaler('cuda', args...)` instead.
  scaler = GradScaler(enabled=use_amp)
/data/quyhv/oil_forecast_tail_risk/scripts/training/train_unified.py:309: FutureWarning: `torch.cuda.amp.autocast(args...)` is deprecated. Please use `torch.amp.autocast('cuda', args...)` instead.
  with autocast(enabled=use_amp):
/data/quyhv/oil_forecast_tail_risk/scripts/training/train_unified.py:349: FutureWarning: `torch.cuda.amp.autocast(args...)` is deprecated. Please use `torch.amp.autocast('cuda', args...)` instead.
  with autocast(enabled=use_amp):
 Iter-21 | MAE=1.110 | MAPE=1.57%
/data/quyhv/oil_forecast_tail_risk/scripts/training/train_unified.py:290: FutureWarning: `torch.cuda.amp.GradScaler(args...)` is deprecated. Please use `torch.amp.GradScaler('cuda', args...)` instead.
  scaler = GradScaler(enabled=use_amp)
/data/quyhv/oil_forecast_tail_risk/scripts/training/train_unified.py:309: FutureWarning: `torch.cuda.amp.autocast(args...)` is deprecated. Please use `torch.amp.autocast('cuda', args...)` instead.
  with autocast(enabled=use_amp):
/data/quyhv/oil_forecast_tail_risk/scripts/training/train_unified.py:349: FutureWarning: `torch.cuda.amp.autocast(args...)` is deprecated. Please use `torch.amp.autocast('cuda', args...)` instead.
  with autocast(enabled=use_amp):
 Iter-22 | MAE=0.635 | MAPE=0.88%
/data/quyhv/oil_forecast_tail_risk/scripts/training/train_unified.py:290: FutureWarning: `torch.cuda.amp.GradScaler(args...)` is deprecated. Please use `torch.amp.GradScaler('cuda', args...)` instead.
  scaler = GradScaler(enabled=use_amp)
/data/quyhv/oil_forecast_tail_risk/scripts/training/train_unified.py:309: FutureWarning: `torch.cuda.amp.autocast(args...)` is deprecated. Please use `torch.amp.autocast('cuda', args...)` instead.
  with autocast(enabled=use_amp):
/data/quyhv/oil_forecast_tail_risk/scripts/training/train_unified.py:349: FutureWarning: `torch.cuda.amp.autocast(args...)` is deprecated. Please use `torch.amp.autocast('cuda', args...)` instead.
  with autocast(enabled=use_amp):
 Iter-23 | MAE=1.045 | MAPE=1.45%
/data/quyhv/oil_forecast_tail_risk/scripts/training/train_unified.py:290: FutureWarning: `torch.cuda.amp.GradScaler(args...)` is deprecated. Please use `torch.amp.GradScaler('cuda', args...)` instead.
  scaler = GradScaler(enabled=use_amp)
/data/quyhv/oil_forecast_tail_risk/scripts/training/train_unified.py:309: FutureWarning: `torch.cuda.amp.autocast(args...)` is deprecated. Please use `torch.amp.autocast('cuda', args...)` instead.
  with autocast(enabled=use_amp):
/data/quyhv/oil_forecast_tail_risk/scripts/training/train_unified.py:349: FutureWarning: `torch.cuda.amp.autocast(args...)` is deprecated. Please use `torch.amp.autocast('cuda', args...)` instead.
  with autocast(enabled=use_amp):
 Iter-24 | MAE=0.233 | MAPE=0.32%
/data/quyhv/oil_forecast_tail_risk/scripts/training/train_unified.py:290: FutureWarning: `torch.cuda.amp.GradScaler(args...)` is deprecated. Please use `torch.amp.GradScaler('cuda', args...)` instead.
  scaler = GradScaler(enabled=use_amp)
/data/quyhv/oil_forecast_tail_risk/scripts/training/train_unified.py:309: FutureWarning: `torch.cuda.amp.autocast(args...)` is deprecated. Please use `torch.amp.autocast('cuda', args...)` instead.
  with autocast(enabled=use_amp):
/data/quyhv/oil_forecast_tail_risk/scripts/training/train_unified.py:349: FutureWarning: `torch.cuda.amp.autocast(args...)` is deprecated. Please use `torch.amp.autocast('cuda', args...)` instead.
  with autocast(enabled=use_amp):
 Iter-25 | MAE=1.538 | MAPE=2.12%
/data/quyhv/oil_forecast_tail_risk/scripts/training/train_unified.py:290: FutureWarning: `torch.cuda.amp.GradScaler(args...)` is deprecated. Please use `torch.amp.GradScaler('cuda', args...)` instead.
  scaler = GradScaler(enabled=use_amp)
/data/quyhv/oil_forecast_tail_risk/scripts/training/train_unified.py:309: FutureWarning: `torch.cuda.amp.autocast(args...)` is deprecated. Please use `torch.amp.autocast('cuda', args...)` instead.
  with autocast(enabled=use_amp):
/data/quyhv/oil_forecast_tail_risk/scripts/training/train_unified.py:349: FutureWarning: `torch.cuda.amp.autocast(args...)` is deprecated. Please use `torch.amp.autocast('cuda', args...)` instead.
  with autocast(enabled=use_amp):
 Iter-26 | MAE=1.833 | MAPE=2.55%
/data/quyhv/oil_forecast_tail_risk/scripts/training/train_unified.py:290: FutureWarning: `torch.cuda.amp.GradScaler(args...)` is deprecated. Please use `torch.amp.GradScaler('cuda', args...)` instead.
  scaler = GradScaler(enabled=use_amp)
/data/quyhv/oil_forecast_tail_risk/scripts/training/train_unified.py:309: FutureWarning: `torch.cuda.amp.autocast(args...)` is deprecated. Please use `torch.amp.autocast('cuda', args...)` instead.
  with autocast(enabled=use_amp):
/data/quyhv/oil_forecast_tail_risk/scripts/training/train_unified.py:349: FutureWarning: `torch.cuda.amp.autocast(args...)` is deprecated. Please use `torch.amp.autocast('cuda', args...)` instead.
  with autocast(enabled=use_amp):
 Iter-27 | MAE=0.371 | MAPE=0.52%
/data/quyhv/oil_forecast_tail_risk/scripts/training/train_unified.py:290: FutureWarning: `torch.cuda.amp.GradScaler(args...)` is deprecated. Please use `torch.amp.GradScaler('cuda', args...)` instead.
  scaler = GradScaler(enabled=use_amp)
/data/quyhv/oil_forecast_tail_risk/scripts/training/train_unified.py:309: FutureWarning: `torch.cuda.amp.autocast(args...)` is deprecated. Please use `torch.amp.autocast('cuda', args...)` instead.
  with autocast(enabled=use_amp):
/data/quyhv/oil_forecast_tail_risk/scripts/training/train_unified.py:349: FutureWarning: `torch.cuda.amp.autocast(args...)` is deprecated. Please use `torch.amp.autocast('cuda', args...)` instead.
  with autocast(enabled=use_amp):
 Iter-28 | MAE=0.367 | MAPE=0.52%
/data/quyhv/oil_forecast_tail_risk/scripts/training/train_unified.py:290: FutureWarning: `torch.cuda.amp.GradScaler(args...)` is deprecated. Please use `torch.amp.GradScaler('cuda', args...)` instead.
  scaler = GradScaler(enabled=use_amp)
/data/quyhv/oil_forecast_tail_risk/scripts/training/train_unified.py:309: FutureWarning: `torch.cuda.amp.autocast(args...)` is deprecated. Please use `torch.amp.autocast('cuda', args...)` instead.
  with autocast(enabled=use_amp):
/data/quyhv/oil_forecast_tail_risk/scripts/training/train_unified.py:349: FutureWarning: `torch.cuda.amp.autocast(args...)` is deprecated. Please use `torch.amp.autocast('cuda', args...)` instead.
  with autocast(enabled=use_amp):
 Iter-29 | MAE=0.622 | MAPE=0.87%
/data/quyhv/oil_forecast_tail_risk/scripts/training/train_unified.py:290: FutureWarning: `torch.cuda.amp.GradScaler(args...)` is deprecated. Please use `torch.amp.GradScaler('cuda', args...)` instead.
  scaler = GradScaler(enabled=use_amp)
/data/quyhv/oil_forecast_tail_risk/scripts/training/train_unified.py:309: FutureWarning: `torch.cuda.amp.autocast(args...)` is deprecated. Please use `torch.amp.autocast('cuda', args...)` instead.
  with autocast(enabled=use_amp):
/data/quyhv/oil_forecast_tail_risk/scripts/training/train_unified.py:349: FutureWarning: `torch.cuda.amp.autocast(args...)` is deprecated. Please use `torch.amp.autocast('cuda', args...)` instead.
  with autocast(enabled=use_amp):
 Iter-30 | MAE=0.306 | MAPE=0.42%
/data/quyhv/oil_forecast_tail_risk/scripts/training/train_unified.py:290: FutureWarning: `torch.cuda.amp.GradScaler(args...)` is deprecated. Please use `torch.amp.GradScaler('cuda', args...)` instead.
  scaler = GradScaler(enabled=use_amp)
/data/quyhv/oil_forecast_tail_risk/scripts/training/train_unified.py:309: FutureWarning: `torch.cuda.amp.autocast(args...)` is deprecated. Please use `torch.amp.autocast('cuda', args...)` instead.
  with autocast(enabled=use_amp):
/data/quyhv/oil_forecast_tail_risk/scripts/training/train_unified.py:349: FutureWarning: `torch.cuda.amp.autocast(args...)` is deprecated. Please use `torch.amp.autocast('cuda', args...)` instead.
  with autocast(enabled=use_amp):
 Iter-31 | MAE=0.553 | MAPE=0.76%
/data/quyhv/oil_forecast_tail_risk/scripts/training/train_unified.py:290: FutureWarning: `torch.cuda.amp.GradScaler(args...)` is deprecated. Please use `torch.amp.GradScaler('cuda', args...)` instead.
  scaler = GradScaler(enabled=use_amp)
/data/quyhv/oil_forecast_tail_risk/scripts/training/train_unified.py:309: FutureWarning: `torch.cuda.amp.autocast(args...)` is deprecated. Please use `torch.amp.autocast('cuda', args...)` instead.
  with autocast(enabled=use_amp):
/data/quyhv/oil_forecast_tail_risk/scripts/training/train_unified.py:349: FutureWarning: `torch.cuda.amp.autocast(args...)` is deprecated. Please use `torch.amp.autocast('cuda', args...)` instead.
  with autocast(enabled=use_amp):
 Iter-32 | MAE=0.673 | MAPE=0.93%
/data/quyhv/oil_forecast_tail_risk/scripts/training/train_unified.py:290: FutureWarning: `torch.cuda.amp.GradScaler(args...)` is deprecated. Please use `torch.amp.GradScaler('cuda', args...)` instead.
  scaler = GradScaler(enabled=use_amp)
/data/quyhv/oil_forecast_tail_risk/scripts/training/train_unified.py:309: FutureWarning: `torch.cuda.amp.autocast(args...)` is deprecated. Please use `torch.amp.autocast('cuda', args...)` instead.
  with autocast(enabled=use_amp):
/data/quyhv/oil_forecast_tail_risk/scripts/training/train_unified.py:349: FutureWarning: `torch.cuda.amp.autocast(args...)` is deprecated. Please use `torch.amp.autocast('cuda', args...)` instead.
  with autocast(enabled=use_amp):
 Iter-33 | MAE=1.151 | MAPE=1.58%
/data/quyhv/oil_forecast_tail_risk/scripts/training/train_unified.py:290: FutureWarning: `torch.cuda.amp.GradScaler(args...)` is deprecated. Please use `torch.amp.GradScaler('cuda', args...)` instead.
  scaler = GradScaler(enabled=use_amp)
/data/quyhv/oil_forecast_tail_risk/scripts/training/train_unified.py:309: FutureWarning: `torch.cuda.amp.autocast(args...)` is deprecated. Please use `torch.amp.autocast('cuda', args...)` instead.
  with autocast(enabled=use_amp):
/data/quyhv/oil_forecast_tail_risk/scripts/training/train_unified.py:349: FutureWarning: `torch.cuda.amp.autocast(args...)` is deprecated. Please use `torch.amp.autocast('cuda', args...)` instead.
  with autocast(enabled=use_amp):
 Iter-34 | MAE=1.182 | MAPE=1.66%
/data/quyhv/oil_forecast_tail_risk/scripts/training/train_unified.py:290: FutureWarning: `torch.cuda.amp.GradScaler(args...)` is deprecated. Please use `torch.amp.GradScaler('cuda', args...)` instead.
  scaler = GradScaler(enabled=use_amp)
/data/quyhv/oil_forecast_tail_risk/scripts/training/train_unified.py:309: FutureWarning: `torch.cuda.amp.autocast(args...)` is deprecated. Please use `torch.amp.autocast('cuda', args...)` instead.
  with autocast(enabled=use_amp):
/data/quyhv/oil_forecast_tail_risk/scripts/training/train_unified.py:349: FutureWarning: `torch.cuda.amp.autocast(args...)` is deprecated. Please use `torch.amp.autocast('cuda', args...)` instead.
  with autocast(enabled=use_amp):
 Iter-35 | MAE=0.420 | MAPE=0.57%
/data/quyhv/oil_forecast_tail_risk/scripts/training/train_unified.py:290: FutureWarning: `torch.cuda.amp.GradScaler(args...)` is deprecated. Please use `torch.amp.GradScaler('cuda', args...)` instead.
  scaler = GradScaler(enabled=use_amp)
/data/quyhv/oil_forecast_tail_risk/scripts/training/train_unified.py:309: FutureWarning: `torch.cuda.amp.autocast(args...)` is deprecated. Please use `torch.amp.autocast('cuda', args...)` instead.
  with autocast(enabled=use_amp):
/data/quyhv/oil_forecast_tail_risk/scripts/training/train_unified.py:349: FutureWarning: `torch.cuda.amp.autocast(args...)` is deprecated. Please use `torch.amp.autocast('cuda', args...)` instead.
  with autocast(enabled=use_amp):
 Iter-36 | MAE=0.763 | MAPE=1.02%
/data/quyhv/oil_forecast_tail_risk/scripts/training/train_unified.py:290: FutureWarning: `torch.cuda.amp.GradScaler(args...)` is deprecated. Please use `torch.amp.GradScaler('cuda', args...)` instead.
  scaler = GradScaler(enabled=use_amp)
/data/quyhv/oil_forecast_tail_risk/scripts/training/train_unified.py:309: FutureWarning: `torch.cuda.amp.autocast(args...)` is deprecated. Please use `torch.amp.autocast('cuda', args...)` instead.
  with autocast(enabled=use_amp):
/data/quyhv/oil_forecast_tail_risk/scripts/training/train_unified.py:349: FutureWarning: `torch.cuda.amp.autocast(args...)` is deprecated. Please use `torch.amp.autocast('cuda', args...)` instead.
  with autocast(enabled=use_amp):
 Iter-37 | MAE=1.030 | MAPE=1.38%
/data/quyhv/oil_forecast_tail_risk/scripts/training/train_unified.py:290: FutureWarning: `torch.cuda.amp.GradScaler(args...)` is deprecated. Please use `torch.amp.GradScaler('cuda', args...)` instead.
  scaler = GradScaler(enabled=use_amp)
/data/quyhv/oil_forecast_tail_risk/scripts/training/train_unified.py:309: FutureWarning: `torch.cuda.amp.autocast(args...)` is deprecated. Please use `torch.amp.autocast('cuda', args...)` instead.
  with autocast(enabled=use_amp):
/data/quyhv/oil_forecast_tail_risk/scripts/training/train_unified.py:349: FutureWarning: `torch.cuda.amp.autocast(args...)` is deprecated. Please use `torch.amp.autocast('cuda', args...)` instead.
  with autocast(enabled=use_amp):
 Iter-38 | MAE=3.459 | MAPE=4.82%
/data/quyhv/oil_forecast_tail_risk/scripts/training/train_unified.py:290: FutureWarning: `torch.cuda.amp.GradScaler(args...)` is deprecated. Please use `torch.amp.GradScaler('cuda', args...)` instead.
  scaler = GradScaler(enabled=use_amp)
/data/quyhv/oil_forecast_tail_risk/scripts/training/train_unified.py:309: FutureWarning: `torch.cuda.amp.autocast(args...)` is deprecated. Please use `torch.amp.autocast('cuda', args...)` instead.
  with autocast(enabled=use_amp):
/data/quyhv/oil_forecast_tail_risk/scripts/training/train_unified.py:349: FutureWarning: `torch.cuda.amp.autocast(args...)` is deprecated. Please use `torch.amp.autocast('cuda', args...)` instead.
  with autocast(enabled=use_amp):
 Iter-39 | MAE=2.270 | MAPE=3.15%
/data/quyhv/oil_forecast_tail_risk/scripts/training/train_unified.py:290: FutureWarning: `torch.cuda.amp.GradScaler(args...)` is deprecated. Please use `torch.amp.GradScaler('cuda', args...)` instead.
  scaler = GradScaler(enabled=use_amp)
/data/quyhv/oil_forecast_tail_risk/scripts/training/train_unified.py:309: FutureWarning: `torch.cuda.amp.autocast(args...)` is deprecated. Please use `torch.amp.autocast('cuda', args...)` instead.
  with autocast(enabled=use_amp):
/data/quyhv/oil_forecast_tail_risk/scripts/training/train_unified.py:349: FutureWarning: `torch.cuda.amp.autocast(args...)` is deprecated. Please use `torch.amp.autocast('cuda', args...)` instead.
  with autocast(enabled=use_amp):
 Iter-40 | MAE=1.173 | MAPE=1.59%
/data/quyhv/oil_forecast_tail_risk/scripts/training/train_unified.py:290: FutureWarning: `torch.cuda.amp.GradScaler(args...)` is deprecated. Please use `torch.amp.GradScaler('cuda', args...)` instead.
  scaler = GradScaler(enabled=use_amp)
/data/quyhv/oil_forecast_tail_risk/scripts/training/train_unified.py:309: FutureWarning: `torch.cuda.amp.autocast(args...)` is deprecated. Please use `torch.amp.autocast('cuda', args...)` instead.
  with autocast(enabled=use_amp):
/data/quyhv/oil_forecast_tail_risk/scripts/training/train_unified.py:349: FutureWarning: `torch.cuda.amp.autocast(args...)` is deprecated. Please use `torch.amp.autocast('cuda', args...)` instead.
  with autocast(enabled=use_amp):
 Iter-41 | MAE=0.222 | MAPE=0.30%
/data/quyhv/oil_forecast_tail_risk/scripts/training/train_unified.py:290: FutureWarning: `torch.cuda.amp.GradScaler(args...)` is deprecated. Please use `torch.amp.GradScaler('cuda', args...)` instead.
  scaler = GradScaler(enabled=use_amp)
/data/quyhv/oil_forecast_tail_risk/scripts/training/train_unified.py:309: FutureWarning: `torch.cuda.amp.autocast(args...)` is deprecated. Please use `torch.amp.autocast('cuda', args...)` instead.
  with autocast(enabled=use_amp):
/data/quyhv/oil_forecast_tail_risk/scripts/training/train_unified.py:349: FutureWarning: `torch.cuda.amp.autocast(args...)` is deprecated. Please use `torch.amp.autocast('cuda', args...)` instead.
  with autocast(enabled=use_amp):
 Iter-42 | MAE=0.750 | MAPE=1.01%
/data/quyhv/oil_forecast_tail_risk/scripts/training/train_unified.py:290: FutureWarning: `torch.cuda.amp.GradScaler(args...)` is deprecated. Please use `torch.amp.GradScaler('cuda', args...)` instead.
  scaler = GradScaler(enabled=use_amp)
/data/quyhv/oil_forecast_tail_risk/scripts/training/train_unified.py:309: FutureWarning: `torch.cuda.amp.autocast(args...)` is deprecated. Please use `torch.amp.autocast('cuda', args...)` instead.
  with autocast(enabled=use_amp):
/data/quyhv/oil_forecast_tail_risk/scripts/training/train_unified.py:349: FutureWarning: `torch.cuda.amp.autocast(args...)` is deprecated. Please use `torch.amp.autocast('cuda', args...)` instead.
  with autocast(enabled=use_amp):
 Iter-43 | MAE=1.010 | MAPE=1.34%
/data/quyhv/oil_forecast_tail_risk/scripts/training/train_unified.py:290: FutureWarning: `torch.cuda.amp.GradScaler(args...)` is deprecated. Please use `torch.amp.GradScaler('cuda', args...)` instead.
  scaler = GradScaler(enabled=use_amp)
/data/quyhv/oil_forecast_tail_risk/scripts/training/train_unified.py:309: FutureWarning: `torch.cuda.amp.autocast(args...)` is deprecated. Please use `torch.amp.autocast('cuda', args...)` instead.
  with autocast(enabled=use_amp):
/data/quyhv/oil_forecast_tail_risk/scripts/training/train_unified.py:349: FutureWarning: `torch.cuda.amp.autocast(args...)` is deprecated. Please use `torch.amp.autocast('cuda', args...)` instead.
  with autocast(enabled=use_amp):
 Iter-44 | MAE=1.240 | MAPE=1.60%
/data/quyhv/oil_forecast_tail_risk/scripts/training/train_unified.py:290: FutureWarning: `torch.cuda.amp.GradScaler(args...)` is deprecated. Please use `torch.amp.GradScaler('cuda', args...)` instead.
  scaler = GradScaler(enabled=use_amp)
/data/quyhv/oil_forecast_tail_risk/scripts/training/train_unified.py:309: FutureWarning: `torch.cuda.amp.autocast(args...)` is deprecated. Please use `torch.amp.autocast('cuda', args...)` instead.
  with autocast(enabled=use_amp):
/data/quyhv/oil_forecast_tail_risk/scripts/training/train_unified.py:349: FutureWarning: `torch.cuda.amp.autocast(args...)` is deprecated. Please use `torch.amp.autocast('cuda', args...)` instead.
  with autocast(enabled=use_amp):
 Iter-45 | MAE=0.351 | MAPE=0.46%
/data/quyhv/oil_forecast_tail_risk/scripts/training/train_unified.py:290: FutureWarning: `torch.cuda.amp.GradScaler(args...)` is deprecated. Please use `torch.amp.GradScaler('cuda', args...)` instead.
  scaler = GradScaler(enabled=use_amp)
/data/quyhv/oil_forecast_tail_risk/scripts/training/train_unified.py:309: FutureWarning: `torch.cuda.amp.autocast(args...)` is deprecated. Please use `torch.amp.autocast('cuda', args...)` instead.
  with autocast(enabled=use_amp):
/data/quyhv/oil_forecast_tail_risk/scripts/training/train_unified.py:349: FutureWarning: `torch.cuda.amp.autocast(args...)` is deprecated. Please use `torch.amp.autocast('cuda', args...)` instead.
  with autocast(enabled=use_amp):
 Iter-46 | MAE=1.048 | MAPE=1.38%
/data/quyhv/oil_forecast_tail_risk/scripts/training/train_unified.py:290: FutureWarning: `torch.cuda.amp.GradScaler(args...)` is deprecated. Please use `torch.amp.GradScaler('cuda', args...)` instead.
  scaler = GradScaler(enabled=use_amp)
/data/quyhv/oil_forecast_tail_risk/scripts/training/train_unified.py:309: FutureWarning: `torch.cuda.amp.autocast(args...)` is deprecated. Please use `torch.amp.autocast('cuda', args...)` instead.
  with autocast(enabled=use_amp):
/data/quyhv/oil_forecast_tail_risk/scripts/training/train_unified.py:349: FutureWarning: `torch.cuda.amp.autocast(args...)` is deprecated. Please use `torch.amp.autocast('cuda', args...)` instead.
  with autocast(enabled=use_amp):
 Iter-47 | MAE=2.274 | MAPE=3.13%
/data/quyhv/oil_forecast_tail_risk/scripts/training/train_unified.py:290: FutureWarning: `torch.cuda.amp.GradScaler(args...)` is deprecated. Please use `torch.amp.GradScaler('cuda', args...)` instead.
  scaler = GradScaler(enabled=use_amp)
/data/quyhv/oil_forecast_tail_risk/scripts/training/train_unified.py:309: FutureWarning: `torch.cuda.amp.autocast(args...)` is deprecated. Please use `torch.amp.autocast('cuda', args...)` instead.
  with autocast(enabled=use_amp):
/data/quyhv/oil_forecast_tail_risk/scripts/training/train_unified.py:349: FutureWarning: `torch.cuda.amp.autocast(args...)` is deprecated. Please use `torch.amp.autocast('cuda', args...)` instead.
  with autocast(enabled=use_amp):
 Iter-48 | MAE=0.325 | MAPE=0.44%
/data/quyhv/oil_forecast_tail_risk/scripts/training/train_unified.py:290: FutureWarning: `torch.cuda.amp.GradScaler(args...)` is deprecated. Please use `torch.amp.GradScaler('cuda', args...)` instead.
  scaler = GradScaler(enabled=use_amp)
/data/quyhv/oil_forecast_tail_risk/scripts/training/train_unified.py:309: FutureWarning: `torch.cuda.amp.autocast(args...)` is deprecated. Please use `torch.amp.autocast('cuda', args...)` instead.
  with autocast(enabled=use_amp):
/data/quyhv/oil_forecast_tail_risk/scripts/training/train_unified.py:349: FutureWarning: `torch.cuda.amp.autocast(args...)` is deprecated. Please use `torch.amp.autocast('cuda', args...)` instead.
  with autocast(enabled=use_amp):
 Iter-49 | MAE=0.535 | MAPE=0.74%
/data/quyhv/oil_forecast_tail_risk/scripts/training/train_unified.py:290: FutureWarning: `torch.cuda.amp.GradScaler(args...)` is deprecated. Please use `torch.amp.GradScaler('cuda', args...)` instead.
  scaler = GradScaler(enabled=use_amp)
/data/quyhv/oil_forecast_tail_risk/scripts/training/train_unified.py:309: FutureWarning: `torch.cuda.amp.autocast(args...)` is deprecated. Please use `torch.amp.autocast('cuda', args...)` instead.
  with autocast(enabled=use_amp):
/data/quyhv/oil_forecast_tail_risk/scripts/training/train_unified.py:349: FutureWarning: `torch.cuda.amp.autocast(args...)` is deprecated. Please use `torch.amp.autocast('cuda', args...)` instead.
  with autocast(enabled=use_amp):
 Iter-50 | MAE=0.496 | MAPE=0.68%
/data/quyhv/oil_forecast_tail_risk/scripts/training/train_unified.py:290: FutureWarning: `torch.cuda.amp.GradScaler(args...)` is deprecated. Please use `torch.amp.GradScaler('cuda', args...)` instead.
  scaler = GradScaler(enabled=use_amp)
/data/quyhv/oil_forecast_tail_risk/scripts/training/train_unified.py:309: FutureWarning: `torch.cuda.amp.autocast(args...)` is deprecated. Please use `torch.amp.autocast('cuda', args...)` instead.
  with autocast(enabled=use_amp):
/data/quyhv/oil_forecast_tail_risk/scripts/training/train_unified.py:349: FutureWarning: `torch.cuda.amp.autocast(args...)` is deprecated. Please use `torch.amp.autocast('cuda', args...)` instead.
  with autocast(enabled=use_amp):
 Iter-51 | MAE=2.395 | MAPE=3.11%
/data/quyhv/oil_forecast_tail_risk/scripts/training/train_unified.py:290: FutureWarning: `torch.cuda.amp.GradScaler(args...)` is deprecated. Please use `torch.amp.GradScaler('cuda', args...)` instead.
  scaler = GradScaler(enabled=use_amp)
/data/quyhv/oil_forecast_tail_risk/scripts/training/train_unified.py:309: FutureWarning: `torch.cuda.amp.autocast(args...)` is deprecated. Please use `torch.amp.autocast('cuda', args...)` instead.
  with autocast(enabled=use_amp):
/data/quyhv/oil_forecast_tail_risk/scripts/training/train_unified.py:349: FutureWarning: `torch.cuda.amp.autocast(args...)` is deprecated. Please use `torch.amp.autocast('cuda', args...)` instead.
  with autocast(enabled=use_amp):
 Iter-52 | MAE=1.424 | MAPE=1.81%
/data/quyhv/oil_forecast_tail_risk/scripts/training/train_unified.py:290: FutureWarning: `torch.cuda.amp.GradScaler(args...)` is deprecated. Please use `torch.amp.GradScaler('cuda', args...)` instead.
  scaler = GradScaler(enabled=use_amp)
/data/quyhv/oil_forecast_tail_risk/scripts/training/train_unified.py:309: FutureWarning: `torch.cuda.amp.autocast(args...)` is deprecated. Please use `torch.amp.autocast('cuda', args...)` instead.
  with autocast(enabled=use_amp):
/data/quyhv/oil_forecast_tail_risk/scripts/training/train_unified.py:349: FutureWarning: `torch.cuda.amp.autocast(args...)` is deprecated. Please use `torch.amp.autocast('cuda', args...)` instead.
  with autocast(enabled=use_amp):
 Iter-53 | MAE=0.292 | MAPE=0.37%
/data/quyhv/oil_forecast_tail_risk/scripts/training/train_unified.py:290: FutureWarning: `torch.cuda.amp.GradScaler(args...)` is deprecated. Please use `torch.amp.GradScaler('cuda', args...)` instead.
  scaler = GradScaler(enabled=use_amp)
/data/quyhv/oil_forecast_tail_risk/scripts/training/train_unified.py:309: FutureWarning: `torch.cuda.amp.autocast(args...)` is deprecated. Please use `torch.amp.autocast('cuda', args...)` instead.
  with autocast(enabled=use_amp):
/data/quyhv/oil_forecast_tail_risk/scripts/training/train_unified.py:349: FutureWarning: `torch.cuda.amp.autocast(args...)` is deprecated. Please use `torch.amp.autocast('cuda', args...)` instead.
  with autocast(enabled=use_amp):
 Iter-54 | MAE=1.675 | MAPE=2.09%
/data/quyhv/oil_forecast_tail_risk/scripts/training/train_unified.py:290: FutureWarning: `torch.cuda.amp.GradScaler(args...)` is deprecated. Please use `torch.amp.GradScaler('cuda', args...)` instead.
  scaler = GradScaler(enabled=use_amp)
/data/quyhv/oil_forecast_tail_risk/scripts/training/train_unified.py:309: FutureWarning: `torch.cuda.amp.autocast(args...)` is deprecated. Please use `torch.amp.autocast('cuda', args...)` instead.
  with autocast(enabled=use_amp):
/data/quyhv/oil_forecast_tail_risk/scripts/training/train_unified.py:349: FutureWarning: `torch.cuda.amp.autocast(args...)` is deprecated. Please use `torch.amp.autocast('cuda', args...)` instead.
  with autocast(enabled=use_amp):
 Iter-55 | MAE=0.959 | MAPE=1.20%
/data/quyhv/oil_forecast_tail_risk/scripts/training/train_unified.py:290: FutureWarning: `torch.cuda.amp.GradScaler(args...)` is deprecated. Please use `torch.amp.GradScaler('cuda', args...)` instead.
  scaler = GradScaler(enabled=use_amp)
/data/quyhv/oil_forecast_tail_risk/scripts/training/train_unified.py:309: FutureWarning: `torch.cuda.amp.autocast(args...)` is deprecated. Please use `torch.amp.autocast('cuda', args...)` instead.
  with autocast(enabled=use_amp):
/data/quyhv/oil_forecast_tail_risk/scripts/training/train_unified.py:349: FutureWarning: `torch.cuda.amp.autocast(args...)` is deprecated. Please use `torch.amp.autocast('cuda', args...)` instead.
  with autocast(enabled=use_amp):
 Iter-56 | MAE=0.679 | MAPE=0.84%
/data/quyhv/oil_forecast_tail_risk/scripts/training/train_unified.py:290: FutureWarning: `torch.cuda.amp.GradScaler(args...)` is deprecated. Please use `torch.amp.GradScaler('cuda', args...)` instead.
  scaler = GradScaler(enabled=use_amp)
/data/quyhv/oil_forecast_tail_risk/scripts/training/train_unified.py:309: FutureWarning: `torch.cuda.amp.autocast(args...)` is deprecated. Please use `torch.amp.autocast('cuda', args...)` instead.
  with autocast(enabled=use_amp):
/data/quyhv/oil_forecast_tail_risk/scripts/training/train_unified.py:349: FutureWarning: `torch.cuda.amp.autocast(args...)` is deprecated. Please use `torch.amp.autocast('cuda', args...)` instead.
  with autocast(enabled=use_amp):
 Iter-57 | MAE=0.138 | MAPE=0.17%
/data/quyhv/oil_forecast_tail_risk/scripts/training/train_unified.py:290: FutureWarning: `torch.cuda.amp.GradScaler(args...)` is deprecated. Please use `torch.amp.GradScaler('cuda', args...)` instead.
  scaler = GradScaler(enabled=use_amp)
/data/quyhv/oil_forecast_tail_risk/scripts/training/train_unified.py:309: FutureWarning: `torch.cuda.amp.autocast(args...)` is deprecated. Please use `torch.amp.autocast('cuda', args...)` instead.
  with autocast(enabled=use_amp):
/data/quyhv/oil_forecast_tail_risk/scripts/training/train_unified.py:349: FutureWarning: `torch.cuda.amp.autocast(args...)` is deprecated. Please use `torch.amp.autocast('cuda', args...)` instead.
  with autocast(enabled=use_amp):
 Iter-58 | MAE=10.325 | MAPE=11.28%
/data/quyhv/oil_forecast_tail_risk/scripts/training/train_unified.py:290: FutureWarning: `torch.cuda.amp.GradScaler(args...)` is deprecated. Please use `torch.amp.GradScaler('cuda', args...)` instead.
  scaler = GradScaler(enabled=use_amp)
/data/quyhv/oil_forecast_tail_risk/scripts/training/train_unified.py:309: FutureWarning: `torch.cuda.amp.autocast(args...)` is deprecated. Please use `torch.amp.autocast('cuda', args...)` instead.
  with autocast(enabled=use_amp):
/data/quyhv/oil_forecast_tail_risk/scripts/training/train_unified.py:349: FutureWarning: `torch.cuda.amp.autocast(args...)` is deprecated. Please use `torch.amp.autocast('cuda', args...)` instead.
  with autocast(enabled=use_amp):
 Iter-59 | MAE=6.748 | MAPE=6.95%
/data/quyhv/oil_forecast_tail_risk/scripts/training/train_unified.py:290: FutureWarning: `torch.cuda.amp.GradScaler(args...)` is deprecated. Please use `torch.amp.GradScaler('cuda', args...)` instead.
  scaler = GradScaler(enabled=use_amp)
/data/quyhv/oil_forecast_tail_risk/scripts/training/train_unified.py:309: FutureWarning: `torch.cuda.amp.autocast(args...)` is deprecated. Please use `torch.amp.autocast('cuda', args...)` instead.
  with autocast(enabled=use_amp):
/data/quyhv/oil_forecast_tail_risk/scripts/training/train_unified.py:349: FutureWarning: `torch.cuda.amp.autocast(args...)` is deprecated. Please use `torch.amp.autocast('cuda', args...)` instead.
  with autocast(enabled=use_amp):
 Iter-60 | MAE=3.541 | MAPE=3.45%
/data/quyhv/oil_forecast_tail_risk/scripts/training/train_unified.py:290: FutureWarning: `torch.cuda.amp.GradScaler(args...)` is deprecated. Please use `torch.amp.GradScaler('cuda', args...)` instead.
  scaler = GradScaler(enabled=use_amp)
/data/quyhv/oil_forecast_tail_risk/scripts/training/train_unified.py:309: FutureWarning: `torch.cuda.amp.autocast(args...)` is deprecated. Please use `torch.amp.autocast('cuda', args...)` instead.
  with autocast(enabled=use_amp):
/data/quyhv/oil_forecast_tail_risk/scripts/training/train_unified.py:349: FutureWarning: `torch.cuda.amp.autocast(args...)` is deprecated. Please use `torch.amp.autocast('cuda', args...)` instead.
  with autocast(enabled=use_amp):
 Iter-61 | MAE=16.788 | MAPE=15.46%
/data/quyhv/oil_forecast_tail_risk/scripts/training/train_unified.py:290: FutureWarning: `torch.cuda.amp.GradScaler(args...)` is deprecated. Please use `torch.amp.GradScaler('cuda', args...)` instead.
  scaler = GradScaler(enabled=use_amp)
/data/quyhv/oil_forecast_tail_risk/scripts/training/train_unified.py:309: FutureWarning: `torch.cuda.amp.autocast(args...)` is deprecated. Please use `torch.amp.autocast('cuda', args...)` instead.
  with autocast(enabled=use_amp):
/data/quyhv/oil_forecast_tail_risk/scripts/training/train_unified.py:349: FutureWarning: `torch.cuda.amp.autocast(args...)` is deprecated. Please use `torch.amp.autocast('cuda', args...)` instead.
  with autocast(enabled=use_amp):
 Iter-62 | MAE=6.162 | MAPE=5.20%
/data/quyhv/oil_forecast_tail_risk/scripts/training/train_unified.py:290: FutureWarning: `torch.cuda.amp.GradScaler(args...)` is deprecated. Please use `torch.amp.GradScaler('cuda', args...)` instead.
  scaler = GradScaler(enabled=use_amp)
/data/quyhv/oil_forecast_tail_risk/scripts/training/train_unified.py:309: FutureWarning: `torch.cuda.amp.autocast(args...)` is deprecated. Please use `torch.amp.autocast('cuda', args...)` instead.
  with autocast(enabled=use_amp):
/data/quyhv/oil_forecast_tail_risk/scripts/training/train_unified.py:349: FutureWarning: `torch.cuda.amp.autocast(args...)` is deprecated. Please use `torch.amp.autocast('cuda', args...)` instead.
  with autocast(enabled=use_amp):
 Iter-63 | MAE=19.589 | MAPE=13.68%
/data/quyhv/oil_forecast_tail_risk/scripts/training/train_unified.py:290: FutureWarning: `torch.cuda.amp.GradScaler(args...)` is deprecated. Please use `torch.amp.GradScaler('cuda', args...)` instead.
  scaler = GradScaler(enabled=use_amp)
/data/quyhv/oil_forecast_tail_risk/scripts/training/train_unified.py:309: FutureWarning: `torch.cuda.amp.autocast(args...)` is deprecated. Please use `torch.amp.autocast('cuda', args...)` instead.
  with autocast(enabled=use_amp):
/data/quyhv/oil_forecast_tail_risk/scripts/training/train_unified.py:349: FutureWarning: `torch.cuda.amp.autocast(args...)` is deprecated. Please use `torch.amp.autocast('cuda', args...)` instead.
  with autocast(enabled=use_amp):
 Iter-64 | MAE=18.617 | MAPE=15.12%
/data/quyhv/oil_forecast_tail_risk/scripts/training/train_unified.py:290: FutureWarning: `torch.cuda.amp.GradScaler(args...)` is deprecated. Please use `torch.amp.GradScaler('cuda', args...)` instead.
  scaler = GradScaler(enabled=use_amp)
/data/quyhv/oil_forecast_tail_risk/scripts/training/train_unified.py:309: FutureWarning: `torch.cuda.amp.autocast(args...)` is deprecated. Please use `torch.amp.autocast('cuda', args...)` instead.
  with autocast(enabled=use_amp):
/data/quyhv/oil_forecast_tail_risk/scripts/training/train_unified.py:349: FutureWarning: `torch.cuda.amp.autocast(args...)` is deprecated. Please use `torch.amp.autocast('cuda', args...)` instead.
  with autocast(enabled=use_amp):
 Iter-65 | MAE=2.507 | MAPE=2.02%
/data/quyhv/oil_forecast_tail_risk/scripts/training/train_unified.py:290: FutureWarning: `torch.cuda.amp.GradScaler(args...)` is deprecated. Please use `torch.amp.GradScaler('cuda', args...)` instead.
  scaler = GradScaler(enabled=use_amp)
/data/quyhv/oil_forecast_tail_risk/scripts/training/train_unified.py:309: FutureWarning: `torch.cuda.amp.autocast(args...)` is deprecated. Please use `torch.amp.autocast('cuda', args...)` instead.
  with autocast(enabled=use_amp):
/data/quyhv/oil_forecast_tail_risk/scripts/training/train_unified.py:349: FutureWarning: `torch.cuda.amp.autocast(args...)` is deprecated. Please use `torch.amp.autocast('cuda', args...)` instead.
  with autocast(enabled=use_amp):
