
================================================================================
 [1/1] DLinear | XANG | H1 | walkforward
================================================================================

 Using GPU: Tesla T4
================================================================================
 DLinear | XANG | H1 | walkforward | seed=777
================================================================================
Data: 4513 rows | Features: 15
/data/quyhv/oil_forecast_tail_risk/scripts/training/train_unified.py:290: FutureWarning: `torch.cuda.amp.GradScaler(args...)` is deprecated. Please use `torch.amp.GradScaler('cuda', args...)` instead.
  scaler = GradScaler(enabled=use_amp)
/data/quyhv/oil_forecast_tail_risk/scripts/training/train_unified.py:309: FutureWarning: `torch.cuda.amp.autocast(args...)` is deprecated. Please use `torch.amp.autocast('cuda', args...)` instead.
  with autocast(enabled=use_amp):
/data/quyhv/oil_forecast_tail_risk/scripts/training/train_unified.py:349: FutureWarning: `torch.cuda.amp.autocast(args...)` is deprecated. Please use `torch.amp.autocast('cuda', args...)` instead.
  with autocast(enabled=use_amp):
 Iter-01 | MAE=0.226 | MAPE=0.29%
/data/quyhv/oil_forecast_tail_risk/scripts/training/train_unified.py:290: FutureWarning: `torch.cuda.amp.GradScaler(args...)` is deprecated. Please use `torch.amp.GradScaler('cuda', args...)` instead.
  scaler = GradScaler(enabled=use_amp)
/data/quyhv/oil_forecast_tail_risk/scripts/training/train_unified.py:309: FutureWarning: `torch.cuda.amp.autocast(args...)` is deprecated. Please use `torch.amp.autocast('cuda', args...)` instead.
  with autocast(enabled=use_amp):
/data/quyhv/oil_forecast_tail_risk/scripts/training/train_unified.py:349: FutureWarning: `torch.cuda.amp.autocast(args...)` is deprecated. Please use `torch.amp.autocast('cuda', args...)` instead.
  with autocast(enabled=use_amp):
 Iter-02 | MAE=0.250 | MAPE=0.32%
/data/quyhv/oil_forecast_tail_risk/scripts/training/train_unified.py:290: FutureWarning: `torch.cuda.amp.GradScaler(args...)` is deprecated. Please use `torch.amp.GradScaler('cuda', args...)` instead.
  scaler = GradScaler(enabled=use_amp)
/data/quyhv/oil_forecast_tail_risk/scripts/training/train_unified.py:309: FutureWarning: `torch.cuda.amp.autocast(args...)` is deprecated. Please use `torch.amp.autocast('cuda', args...)` instead.
  with autocast(enabled=use_amp):
/data/quyhv/oil_forecast_tail_risk/scripts/training/train_unified.py:349: FutureWarning: `torch.cuda.amp.autocast(args...)` is deprecated. Please use `torch.amp.autocast('cuda', args...)` instead.
  with autocast(enabled=use_amp):
 Iter-03 | MAE=0.306 | MAPE=0.39%
/data/quyhv/oil_forecast_tail_risk/scripts/training/train_unified.py:290: FutureWarning: `torch.cuda.amp.GradScaler(args...)` is deprecated. Please use `torch.amp.GradScaler('cuda', args...)` instead.
  scaler = GradScaler(enabled=use_amp)
/data/quyhv/oil_forecast_tail_risk/scripts/training/train_unified.py:309: FutureWarning: `torch.cuda.amp.autocast(args...)` is deprecated. Please use `torch.amp.autocast('cuda', args...)` instead.
  with autocast(enabled=use_amp):
/data/quyhv/oil_forecast_tail_risk/scripts/training/train_unified.py:349: FutureWarning: `torch.cuda.amp.autocast(args...)` is deprecated. Please use `torch.amp.autocast('cuda', args...)` instead.
  with autocast(enabled=use_amp):
 Iter-04 | MAE=2.457 | MAPE=3.27%
/data/quyhv/oil_forecast_tail_risk/scripts/training/train_unified.py:290: FutureWarning: `torch.cuda.amp.GradScaler(args...)` is deprecated. Please use `torch.amp.GradScaler('cuda', args...)` instead.
  scaler = GradScaler(enabled=use_amp)
/data/quyhv/oil_forecast_tail_risk/scripts/training/train_unified.py:309: FutureWarning: `torch.cuda.amp.autocast(args...)` is deprecated. Please use `torch.amp.autocast('cuda', args...)` instead.
  with autocast(enabled=use_amp):
/data/quyhv/oil_forecast_tail_risk/scripts/training/train_unified.py:349: FutureWarning: `torch.cuda.amp.autocast(args...)` is deprecated. Please use `torch.amp.autocast('cuda', args...)` instead.
  with autocast(enabled=use_amp):
 Iter-05 | MAE=0.417 | MAPE=0.56%
/data/quyhv/oil_forecast_tail_risk/scripts/training/train_unified.py:290: FutureWarning: `torch.cuda.amp.GradScaler(args...)` is deprecated. Please use `torch.amp.GradScaler('cuda', args...)` instead.
  scaler = GradScaler(enabled=use_amp)
/data/quyhv/oil_forecast_tail_risk/scripts/training/train_unified.py:309: FutureWarning: `torch.cuda.amp.autocast(args...)` is deprecated. Please use `torch.amp.autocast('cuda', args...)` instead.
  with autocast(enabled=use_amp):
/data/quyhv/oil_forecast_tail_risk/scripts/training/train_unified.py:349: FutureWarning: `torch.cuda.amp.autocast(args...)` is deprecated. Please use `torch.amp.autocast('cuda', args...)` instead.
  with autocast(enabled=use_amp):
 Iter-06 | MAE=0.461 | MAPE=0.62%
/data/quyhv/oil_forecast_tail_risk/scripts/training/train_unified.py:290: FutureWarning: `torch.cuda.amp.GradScaler(args...)` is deprecated. Please use `torch.amp.GradScaler('cuda', args...)` instead.
  scaler = GradScaler(enabled=use_amp)
/data/quyhv/oil_forecast_tail_risk/scripts/training/train_unified.py:309: FutureWarning: `torch.cuda.amp.autocast(args...)` is deprecated. Please use `torch.amp.autocast('cuda', args...)` instead.
  with autocast(enabled=use_amp):
/data/quyhv/oil_forecast_tail_risk/scripts/training/train_unified.py:349: FutureWarning: `torch.cuda.amp.autocast(args...)` is deprecated. Please use `torch.amp.autocast('cuda', args...)` instead.
  with autocast(enabled=use_amp):
 Iter-07 | MAE=1.105 | MAPE=1.51%
/data/quyhv/oil_forecast_tail_risk/scripts/training/train_unified.py:290: FutureWarning: `torch.cuda.amp.GradScaler(args...)` is deprecated. Please use `torch.amp.GradScaler('cuda', args...)` instead.
  scaler = GradScaler(enabled=use_amp)
/data/quyhv/oil_forecast_tail_risk/scripts/training/train_unified.py:309: FutureWarning: `torch.cuda.amp.autocast(args...)` is deprecated. Please use `torch.amp.autocast('cuda', args...)` instead.
  with autocast(enabled=use_amp):
/data/quyhv/oil_forecast_tail_risk/scripts/training/train_unified.py:349: FutureWarning: `torch.cuda.amp.autocast(args...)` is deprecated. Please use `torch.amp.autocast('cuda', args...)` instead.
  with autocast(enabled=use_amp):
 Iter-08 | MAE=0.460 | MAPE=0.62%
/data/quyhv/oil_forecast_tail_risk/scripts/training/train_unified.py:290: FutureWarning: `torch.cuda.amp.GradScaler(args...)` is deprecated. Please use `torch.amp.GradScaler('cuda', args...)` instead.
  scaler = GradScaler(enabled=use_amp)
/data/quyhv/oil_forecast_tail_risk/scripts/training/train_unified.py:309: FutureWarning: `torch.cuda.amp.autocast(args...)` is deprecated. Please use `torch.amp.autocast('cuda', args...)` instead.
  with autocast(enabled=use_amp):
/data/quyhv/oil_forecast_tail_risk/scripts/training/train_unified.py:349: FutureWarning: `torch.cuda.amp.autocast(args...)` is deprecated. Please use `torch.amp.autocast('cuda', args...)` instead.
  with autocast(enabled=use_amp):
 Iter-09 | MAE=1.062 | MAPE=1.44%
/data/quyhv/oil_forecast_tail_risk/scripts/training/train_unified.py:290: FutureWarning: `torch.cuda.amp.GradScaler(args...)` is deprecated. Please use `torch.amp.GradScaler('cuda', args...)` instead.
  scaler = GradScaler(enabled=use_amp)
/data/quyhv/oil_forecast_tail_risk/scripts/training/train_unified.py:309: FutureWarning: `torch.cuda.amp.autocast(args...)` is deprecated. Please use `torch.amp.autocast('cuda', args...)` instead.
  with autocast(enabled=use_amp):
/data/quyhv/oil_forecast_tail_risk/scripts/training/train_unified.py:349: FutureWarning: `torch.cuda.amp.autocast(args...)` is deprecated. Please use `torch.amp.autocast('cuda', args...)` instead.
  with autocast(enabled=use_amp):
 Iter-10 | MAE=0.863 | MAPE=1.17%
/data/quyhv/oil_forecast_tail_risk/scripts/training/train_unified.py:290: FutureWarning: `torch.cuda.amp.GradScaler(args...)` is deprecated. Please use `torch.amp.GradScaler('cuda', args...)` instead.
  scaler = GradScaler(enabled=use_amp)
/data/quyhv/oil_forecast_tail_risk/scripts/training/train_unified.py:309: FutureWarning: `torch.cuda.amp.autocast(args...)` is deprecated. Please use `torch.amp.autocast('cuda', args...)` instead.
  with autocast(enabled=use_amp):
/data/quyhv/oil_forecast_tail_risk/scripts/training/train_unified.py:349: FutureWarning: `torch.cuda.amp.autocast(args...)` is deprecated. Please use `torch.amp.autocast('cuda', args...)` instead.
  with autocast(enabled=use_amp):
 Iter-11 | MAE=0.281 | MAPE=0.38%
/data/quyhv/oil_forecast_tail_risk/scripts/training/train_unified.py:290: FutureWarning: `torch.cuda.amp.GradScaler(args...)` is deprecated. Please use `torch.amp.GradScaler('cuda', args...)` instead.
  scaler = GradScaler(enabled=use_amp)
/data/quyhv/oil_forecast_tail_risk/scripts/training/train_unified.py:309: FutureWarning: `torch.cuda.amp.autocast(args...)` is deprecated. Please use `torch.amp.autocast('cuda', args...)` instead.
  with autocast(enabled=use_amp):
/data/quyhv/oil_forecast_tail_risk/scripts/training/train_unified.py:349: FutureWarning: `torch.cuda.amp.autocast(args...)` is deprecated. Please use `torch.amp.autocast('cuda', args...)` instead.
  with autocast(enabled=use_amp):
 Iter-12 | MAE=0.639 | MAPE=0.88%
/data/quyhv/oil_forecast_tail_risk/scripts/training/train_unified.py:290: FutureWarning: `torch.cuda.amp.GradScaler(args...)` is deprecated. Please use `torch.amp.GradScaler('cuda', args...)` instead.
  scaler = GradScaler(enabled=use_amp)
/data/quyhv/oil_forecast_tail_risk/scripts/training/train_unified.py:309: FutureWarning: `torch.cuda.amp.autocast(args...)` is deprecated. Please use `torch.amp.autocast('cuda', args...)` instead.
  with autocast(enabled=use_amp):
/data/quyhv/oil_forecast_tail_risk/scripts/training/train_unified.py:349: FutureWarning: `torch.cuda.amp.autocast(args...)` is deprecated. Please use `torch.amp.autocast('cuda', args...)` instead.
  with autocast(enabled=use_amp):
 Iter-13 | MAE=0.742 | MAPE=1.02%
/data/quyhv/oil_forecast_tail_risk/scripts/training/train_unified.py:290: FutureWarning: `torch.cuda.amp.GradScaler(args...)` is deprecated. Please use `torch.amp.GradScaler('cuda', args...)` instead.
  scaler = GradScaler(enabled=use_amp)
/data/quyhv/oil_forecast_tail_risk/scripts/training/train_unified.py:309: FutureWarning: `torch.cuda.amp.autocast(args...)` is deprecated. Please use `torch.amp.autocast('cuda', args...)` instead.
  with autocast(enabled=use_amp):
/data/quyhv/oil_forecast_tail_risk/scripts/training/train_unified.py:349: FutureWarning: `torch.cuda.amp.autocast(args...)` is deprecated. Please use `torch.amp.autocast('cuda', args...)` instead.
  with autocast(enabled=use_amp):
 Iter-14 | MAE=0.210 | MAPE=0.29%
/data/quyhv/oil_forecast_tail_risk/scripts/training/train_unified.py:290: FutureWarning: `torch.cuda.amp.GradScaler(args...)` is deprecated. Please use `torch.amp.GradScaler('cuda', args...)` instead.
  scaler = GradScaler(enabled=use_amp)
/data/quyhv/oil_forecast_tail_risk/scripts/training/train_unified.py:309: FutureWarning: `torch.cuda.amp.autocast(args...)` is deprecated. Please use `torch.amp.autocast('cuda', args...)` instead.
  with autocast(enabled=use_amp):
/data/quyhv/oil_forecast_tail_risk/scripts/training/train_unified.py:349: FutureWarning: `torch.cuda.amp.autocast(args...)` is deprecated. Please use `torch.amp.autocast('cuda', args...)` instead.
  with autocast(enabled=use_amp):
 Iter-15 | MAE=0.276 | MAPE=0.38%
/data/quyhv/oil_forecast_tail_risk/scripts/training/train_unified.py:290: FutureWarning: `torch.cuda.amp.GradScaler(args...)` is deprecated. Please use `torch.amp.GradScaler('cuda', args...)` instead.
  scaler = GradScaler(enabled=use_amp)
/data/quyhv/oil_forecast_tail_risk/scripts/training/train_unified.py:309: FutureWarning: `torch.cuda.amp.autocast(args...)` is deprecated. Please use `torch.amp.autocast('cuda', args...)` instead.
  with autocast(enabled=use_amp):
/data/quyhv/oil_forecast_tail_risk/scripts/training/train_unified.py:349: FutureWarning: `torch.cuda.amp.autocast(args...)` is deprecated. Please use `torch.amp.autocast('cuda', args...)` instead.
  with autocast(enabled=use_amp):
 Iter-16 | MAE=0.479 | MAPE=0.66%
/data/quyhv/oil_forecast_tail_risk/scripts/training/train_unified.py:290: FutureWarning: `torch.cuda.amp.GradScaler(args...)` is deprecated. Please use `torch.amp.GradScaler('cuda', args...)` instead.
  scaler = GradScaler(enabled=use_amp)
/data/quyhv/oil_forecast_tail_risk/scripts/training/train_unified.py:309: FutureWarning: `torch.cuda.amp.autocast(args...)` is deprecated. Please use `torch.amp.autocast('cuda', args...)` instead.
  with autocast(enabled=use_amp):
/data/quyhv/oil_forecast_tail_risk/scripts/training/train_unified.py:349: FutureWarning: `torch.cuda.amp.autocast(args...)` is deprecated. Please use `torch.amp.autocast('cuda', args...)` instead.
  with autocast(enabled=use_amp):
 Iter-17 | MAE=0.557 | MAPE=0.77%
/data/quyhv/oil_forecast_tail_risk/scripts/training/train_unified.py:290: FutureWarning: `torch.cuda.amp.GradScaler(args...)` is deprecated. Please use `torch.amp.GradScaler('cuda', args...)` instead.
  scaler = GradScaler(enabled=use_amp)
/data/quyhv/oil_forecast_tail_risk/scripts/training/train_unified.py:309: FutureWarning: `torch.cuda.amp.autocast(args...)` is deprecated. Please use `torch.amp.autocast('cuda', args...)` instead.
  with autocast(enabled=use_amp):
/data/quyhv/oil_forecast_tail_risk/scripts/training/train_unified.py:349: FutureWarning: `torch.cuda.amp.autocast(args...)` is deprecated. Please use `torch.amp.autocast('cuda', args...)` instead.
  with autocast(enabled=use_amp):
 Iter-18 | MAE=1.456 | MAPE=2.06%
/data/quyhv/oil_forecast_tail_risk/scripts/training/train_unified.py:290: FutureWarning: `torch.cuda.amp.GradScaler(args...)` is deprecated. Please use `torch.amp.GradScaler('cuda', args...)` instead.
  scaler = GradScaler(enabled=use_amp)
/data/quyhv/oil_forecast_tail_risk/scripts/training/train_unified.py:309: FutureWarning: `torch.cuda.amp.autocast(args...)` is deprecated. Please use `torch.amp.autocast('cuda', args...)` instead.
  with autocast(enabled=use_amp):
/data/quyhv/oil_forecast_tail_risk/scripts/training/train_unified.py:349: FutureWarning: `torch.cuda.amp.autocast(args...)` is deprecated. Please use `torch.amp.autocast('cuda', args...)` instead.
  with autocast(enabled=use_amp):
 Iter-19 | MAE=0.158 | MAPE=0.22%
/data/quyhv/oil_forecast_tail_risk/scripts/training/train_unified.py:290: FutureWarning: `torch.cuda.amp.GradScaler(args...)` is deprecated. Please use `torch.amp.GradScaler('cuda', args...)` instead.
  scaler = GradScaler(enabled=use_amp)
/data/quyhv/oil_forecast_tail_risk/scripts/training/train_unified.py:309: FutureWarning: `torch.cuda.amp.autocast(args...)` is deprecated. Please use `torch.amp.autocast('cuda', args...)` instead.
  with autocast(enabled=use_amp):
/data/quyhv/oil_forecast_tail_risk/scripts/training/train_unified.py:349: FutureWarning: `torch.cuda.amp.autocast(args...)` is deprecated. Please use `torch.amp.autocast('cuda', args...)` instead.
  with autocast(enabled=use_amp):
 Iter-20 | MAE=0.741 | MAPE=1.06%
/data/quyhv/oil_forecast_tail_risk/scripts/training/train_unified.py:290: FutureWarning: `torch.cuda.amp.GradScaler(args...)` is deprecated. Please use `torch.amp.GradScaler('cuda', args...)` instead.
  scaler = GradScaler(enabled=use_amp)
/data/quyhv/oil_forecast_tail_risk/scripts/training/train_unified.py:309: FutureWarning: `torch.cuda.amp.autocast(args...)` is deprecated. Please use `torch.amp.autocast('cuda', args...)` instead.
  with autocast(enabled=use_amp):
/data/quyhv/oil_forecast_tail_risk/scripts/training/train_unified.py:349: FutureWarning: `torch.cuda.amp.autocast(args...)` is deprecated. Please use `torch.amp.autocast('cuda', args...)` instead.
  with autocast(enabled=use_amp):
 Iter-21 | MAE=1.099 | MAPE=1.56%
/data/quyhv/oil_forecast_tail_risk/scripts/training/train_unified.py:290: FutureWarning: `torch.cuda.amp.GradScaler(args...)` is deprecated. Please use `torch.amp.GradScaler('cuda', args...)` instead.
  scaler = GradScaler(enabled=use_amp)
/data/quyhv/oil_forecast_tail_risk/scripts/training/train_unified.py:309: FutureWarning: `torch.cuda.amp.autocast(args...)` is deprecated. Please use `torch.amp.autocast('cuda', args...)` instead.
  with autocast(enabled=use_amp):
/data/quyhv/oil_forecast_tail_risk/scripts/training/train_unified.py:349: FutureWarning: `torch.cuda.amp.autocast(args...)` is deprecated. Please use `torch.amp.autocast('cuda', args...)` instead.
  with autocast(enabled=use_amp):
 Iter-22 | MAE=0.631 | MAPE=0.87%
/data/quyhv/oil_forecast_tail_risk/scripts/training/train_unified.py:290: FutureWarning: `torch.cuda.amp.GradScaler(args...)` is deprecated. Please use `torch.amp.GradScaler('cuda', args...)` instead.
  scaler = GradScaler(enabled=use_amp)
/data/quyhv/oil_forecast_tail_risk/scripts/training/train_unified.py:309: FutureWarning: `torch.cuda.amp.autocast(args...)` is deprecated. Please use `torch.amp.autocast('cuda', args...)` instead.
  with autocast(enabled=use_amp):
/data/quyhv/oil_forecast_tail_risk/scripts/training/train_unified.py:349: FutureWarning: `torch.cuda.amp.autocast(args...)` is deprecated. Please use `torch.amp.autocast('cuda', args...)` instead.
  with autocast(enabled=use_amp):
 Iter-23 | MAE=1.012 | MAPE=1.40%
/data/quyhv/oil_forecast_tail_risk/scripts/training/train_unified.py:290: FutureWarning: `torch.cuda.amp.GradScaler(args...)` is deprecated. Please use `torch.amp.GradScaler('cuda', args...)` instead.
  scaler = GradScaler(enabled=use_amp)
/data/quyhv/oil_forecast_tail_risk/scripts/training/train_unified.py:309: FutureWarning: `torch.cuda.amp.autocast(args...)` is deprecated. Please use `torch.amp.autocast('cuda', args...)` instead.
  with autocast(enabled=use_amp):
/data/quyhv/oil_forecast_tail_risk/scripts/training/train_unified.py:349: FutureWarning: `torch.cuda.amp.autocast(args...)` is deprecated. Please use `torch.amp.autocast('cuda', args...)` instead.
  with autocast(enabled=use_amp):
 Iter-24 | MAE=0.241 | MAPE=0.33%
/data/quyhv/oil_forecast_tail_risk/scripts/training/train_unified.py:290: FutureWarning: `torch.cuda.amp.GradScaler(args...)` is deprecated. Please use `torch.amp.GradScaler('cuda', args...)` instead.
  scaler = GradScaler(enabled=use_amp)
/data/quyhv/oil_forecast_tail_risk/scripts/training/train_unified.py:309: FutureWarning: `torch.cuda.amp.autocast(args...)` is deprecated. Please use `torch.amp.autocast('cuda', args...)` instead.
  with autocast(enabled=use_amp):
/data/quyhv/oil_forecast_tail_risk/scripts/training/train_unified.py:349: FutureWarning: `torch.cuda.amp.autocast(args...)` is deprecated. Please use `torch.amp.autocast('cuda', args...)` instead.
  with autocast(enabled=use_amp):
 Iter-25 | MAE=1.502 | MAPE=2.07%
/data/quyhv/oil_forecast_tail_risk/scripts/training/train_unified.py:290: FutureWarning: `torch.cuda.amp.GradScaler(args...)` is deprecated. Please use `torch.amp.GradScaler('cuda', args...)` instead.
  scaler = GradScaler(enabled=use_amp)
/data/quyhv/oil_forecast_tail_risk/scripts/training/train_unified.py:309: FutureWarning: `torch.cuda.amp.autocast(args...)` is deprecated. Please use `torch.amp.autocast('cuda', args...)` instead.
  with autocast(enabled=use_amp):
/data/quyhv/oil_forecast_tail_risk/scripts/training/train_unified.py:349: FutureWarning: `torch.cuda.amp.autocast(args...)` is deprecated. Please use `torch.amp.autocast('cuda', args...)` instead.
  with autocast(enabled=use_amp):
 Iter-26 | MAE=1.789 | MAPE=2.48%
/data/quyhv/oil_forecast_tail_risk/scripts/training/train_unified.py:290: FutureWarning: `torch.cuda.amp.GradScaler(args...)` is deprecated. Please use `torch.amp.GradScaler('cuda', args...)` instead.
  scaler = GradScaler(enabled=use_amp)
/data/quyhv/oil_forecast_tail_risk/scripts/training/train_unified.py:309: FutureWarning: `torch.cuda.amp.autocast(args...)` is deprecated. Please use `torch.amp.autocast('cuda', args...)` instead.
  with autocast(enabled=use_amp):
/data/quyhv/oil_forecast_tail_risk/scripts/training/train_unified.py:349: FutureWarning: `torch.cuda.amp.autocast(args...)` is deprecated. Please use `torch.amp.autocast('cuda', args...)` instead.
  with autocast(enabled=use_amp):
 Iter-27 | MAE=0.385 | MAPE=0.54%
/data/quyhv/oil_forecast_tail_risk/scripts/training/train_unified.py:290: FutureWarning: `torch.cuda.amp.GradScaler(args...)` is deprecated. Please use `torch.amp.GradScaler('cuda', args...)` instead.
  scaler = GradScaler(enabled=use_amp)
/data/quyhv/oil_forecast_tail_risk/scripts/training/train_unified.py:309: FutureWarning: `torch.cuda.amp.autocast(args...)` is deprecated. Please use `torch.amp.autocast('cuda', args...)` instead.
  with autocast(enabled=use_amp):
/data/quyhv/oil_forecast_tail_risk/scripts/training/train_unified.py:349: FutureWarning: `torch.cuda.amp.autocast(args...)` is deprecated. Please use `torch.amp.autocast('cuda', args...)` instead.
  with autocast(enabled=use_amp):
 Iter-28 | MAE=0.358 | MAPE=0.50%
/data/quyhv/oil_forecast_tail_risk/scripts/training/train_unified.py:290: FutureWarning: `torch.cuda.amp.GradScaler(args...)` is deprecated. Please use `torch.amp.GradScaler('cuda', args...)` instead.
  scaler = GradScaler(enabled=use_amp)
/data/quyhv/oil_forecast_tail_risk/scripts/training/train_unified.py:309: FutureWarning: `torch.cuda.amp.autocast(args...)` is deprecated. Please use `torch.amp.autocast('cuda', args...)` instead.
  with autocast(enabled=use_amp):
/data/quyhv/oil_forecast_tail_risk/scripts/training/train_unified.py:349: FutureWarning: `torch.cuda.amp.autocast(args...)` is deprecated. Please use `torch.amp.autocast('cuda', args...)` instead.
  with autocast(enabled=use_amp):
 Iter-29 | MAE=0.683 | MAPE=0.95%
/data/quyhv/oil_forecast_tail_risk/scripts/training/train_unified.py:290: FutureWarning: `torch.cuda.amp.GradScaler(args...)` is deprecated. Please use `torch.amp.GradScaler('cuda', args...)` instead.
  scaler = GradScaler(enabled=use_amp)
/data/quyhv/oil_forecast_tail_risk/scripts/training/train_unified.py:309: FutureWarning: `torch.cuda.amp.autocast(args...)` is deprecated. Please use `torch.amp.autocast('cuda', args...)` instead.
  with autocast(enabled=use_amp):
/data/quyhv/oil_forecast_tail_risk/scripts/training/train_unified.py:349: FutureWarning: `torch.cuda.amp.autocast(args...)` is deprecated. Please use `torch.amp.autocast('cuda', args...)` instead.
  with autocast(enabled=use_amp):
 Iter-30 | MAE=0.364 | MAPE=0.50%
/data/quyhv/oil_forecast_tail_risk/scripts/training/train_unified.py:290: FutureWarning: `torch.cuda.amp.GradScaler(args...)` is deprecated. Please use `torch.amp.GradScaler('cuda', args...)` instead.
  scaler = GradScaler(enabled=use_amp)
/data/quyhv/oil_forecast_tail_risk/scripts/training/train_unified.py:309: FutureWarning: `torch.cuda.amp.autocast(args...)` is deprecated. Please use `torch.amp.autocast('cuda', args...)` instead.
  with autocast(enabled=use_amp):
/data/quyhv/oil_forecast_tail_risk/scripts/training/train_unified.py:349: FutureWarning: `torch.cuda.amp.autocast(args...)` is deprecated. Please use `torch.amp.autocast('cuda', args...)` instead.
  with autocast(enabled=use_amp):
 Iter-31 | MAE=0.500 | MAPE=0.69%
/data/quyhv/oil_forecast_tail_risk/scripts/training/train_unified.py:290: FutureWarning: `torch.cuda.amp.GradScaler(args...)` is deprecated. Please use `torch.amp.GradScaler('cuda', args...)` instead.
  scaler = GradScaler(enabled=use_amp)
/data/quyhv/oil_forecast_tail_risk/scripts/training/train_unified.py:309: FutureWarning: `torch.cuda.amp.autocast(args...)` is deprecated. Please use `torch.amp.autocast('cuda', args...)` instead.
  with autocast(enabled=use_amp):
/data/quyhv/oil_forecast_tail_risk/scripts/training/train_unified.py:349: FutureWarning: `torch.cuda.amp.autocast(args...)` is deprecated. Please use `torch.amp.autocast('cuda', args...)` instead.
  with autocast(enabled=use_amp):
 Iter-32 | MAE=0.680 | MAPE=0.94%
/data/quyhv/oil_forecast_tail_risk/scripts/training/train_unified.py:290: FutureWarning: `torch.cuda.amp.GradScaler(args...)` is deprecated. Please use `torch.amp.GradScaler('cuda', args...)` instead.
  scaler = GradScaler(enabled=use_amp)
/data/quyhv/oil_forecast_tail_risk/scripts/training/train_unified.py:309: FutureWarning: `torch.cuda.amp.autocast(args...)` is deprecated. Please use `torch.amp.autocast('cuda', args...)` instead.
  with autocast(enabled=use_amp):
/data/quyhv/oil_forecast_tail_risk/scripts/training/train_unified.py:349: FutureWarning: `torch.cuda.amp.autocast(args...)` is deprecated. Please use `torch.amp.autocast('cuda', args...)` instead.
  with autocast(enabled=use_amp):
 Iter-33 | MAE=1.044 | MAPE=1.43%
/data/quyhv/oil_forecast_tail_risk/scripts/training/train_unified.py:290: FutureWarning: `torch.cuda.amp.GradScaler(args...)` is deprecated. Please use `torch.amp.GradScaler('cuda', args...)` instead.
  scaler = GradScaler(enabled=use_amp)
/data/quyhv/oil_forecast_tail_risk/scripts/training/train_unified.py:309: FutureWarning: `torch.cuda.amp.autocast(args...)` is deprecated. Please use `torch.amp.autocast('cuda', args...)` instead.
  with autocast(enabled=use_amp):
/data/quyhv/oil_forecast_tail_risk/scripts/training/train_unified.py:349: FutureWarning: `torch.cuda.amp.autocast(args...)` is deprecated. Please use `torch.amp.autocast('cuda', args...)` instead.
  with autocast(enabled=use_amp):
 Iter-34 | MAE=1.186 | MAPE=1.66%
/data/quyhv/oil_forecast_tail_risk/scripts/training/train_unified.py:290: FutureWarning: `torch.cuda.amp.GradScaler(args...)` is deprecated. Please use `torch.amp.GradScaler('cuda', args...)` instead.
  scaler = GradScaler(enabled=use_amp)
/data/quyhv/oil_forecast_tail_risk/scripts/training/train_unified.py:309: FutureWarning: `torch.cuda.amp.autocast(args...)` is deprecated. Please use `torch.amp.autocast('cuda', args...)` instead.
  with autocast(enabled=use_amp):
/data/quyhv/oil_forecast_tail_risk/scripts/training/train_unified.py:349: FutureWarning: `torch.cuda.amp.autocast(args...)` is deprecated. Please use `torch.amp.autocast('cuda', args...)` instead.
  with autocast(enabled=use_amp):
 Iter-35 | MAE=0.482 | MAPE=0.66%
/data/quyhv/oil_forecast_tail_risk/scripts/training/train_unified.py:290: FutureWarning: `torch.cuda.amp.GradScaler(args...)` is deprecated. Please use `torch.amp.GradScaler('cuda', args...)` instead.
  scaler = GradScaler(enabled=use_amp)
/data/quyhv/oil_forecast_tail_risk/scripts/training/train_unified.py:309: FutureWarning: `torch.cuda.amp.autocast(args...)` is deprecated. Please use `torch.amp.autocast('cuda', args...)` instead.
  with autocast(enabled=use_amp):
/data/quyhv/oil_forecast_tail_risk/scripts/training/train_unified.py:349: FutureWarning: `torch.cuda.amp.autocast(args...)` is deprecated. Please use `torch.amp.autocast('cuda', args...)` instead.
  with autocast(enabled=use_amp):
 Iter-36 | MAE=0.799 | MAPE=1.07%
/data/quyhv/oil_forecast_tail_risk/scripts/training/train_unified.py:290: FutureWarning: `torch.cuda.amp.GradScaler(args...)` is deprecated. Please use `torch.amp.GradScaler('cuda', args...)` instead.
  scaler = GradScaler(enabled=use_amp)
/data/quyhv/oil_forecast_tail_risk/scripts/training/train_unified.py:309: FutureWarning: `torch.cuda.amp.autocast(args...)` is deprecated. Please use `torch.amp.autocast('cuda', args...)` instead.
  with autocast(enabled=use_amp):
/data/quyhv/oil_forecast_tail_risk/scripts/training/train_unified.py:349: FutureWarning: `torch.cuda.amp.autocast(args...)` is deprecated. Please use `torch.amp.autocast('cuda', args...)` instead.
  with autocast(enabled=use_amp):
 Iter-37 | MAE=1.006 | MAPE=1.35%
/data/quyhv/oil_forecast_tail_risk/scripts/training/train_unified.py:290: FutureWarning: `torch.cuda.amp.GradScaler(args...)` is deprecated. Please use `torch.amp.GradScaler('cuda', args...)` instead.
  scaler = GradScaler(enabled=use_amp)
/data/quyhv/oil_forecast_tail_risk/scripts/training/train_unified.py:309: FutureWarning: `torch.cuda.amp.autocast(args...)` is deprecated. Please use `torch.amp.autocast('cuda', args...)` instead.
  with autocast(enabled=use_amp):
/data/quyhv/oil_forecast_tail_risk/scripts/training/train_unified.py:349: FutureWarning: `torch.cuda.amp.autocast(args...)` is deprecated. Please use `torch.amp.autocast('cuda', args...)` instead.
  with autocast(enabled=use_amp):
 Iter-38 | MAE=3.440 | MAPE=4.79%
/data/quyhv/oil_forecast_tail_risk/scripts/training/train_unified.py:290: FutureWarning: `torch.cuda.amp.GradScaler(args...)` is deprecated. Please use `torch.amp.GradScaler('cuda', args...)` instead.
  scaler = GradScaler(enabled=use_amp)
/data/quyhv/oil_forecast_tail_risk/scripts/training/train_unified.py:309: FutureWarning: `torch.cuda.amp.autocast(args...)` is deprecated. Please use `torch.amp.autocast('cuda', args...)` instead.
  with autocast(enabled=use_amp):
/data/quyhv/oil_forecast_tail_risk/scripts/training/train_unified.py:349: FutureWarning: `torch.cuda.amp.autocast(args...)` is deprecated. Please use `torch.amp.autocast('cuda', args...)` instead.
  with autocast(enabled=use_amp):
 Iter-39 | MAE=2.462 | MAPE=3.42%
/data/quyhv/oil_forecast_tail_risk/scripts/training/train_unified.py:290: FutureWarning: `torch.cuda.amp.GradScaler(args...)` is deprecated. Please use `torch.amp.GradScaler('cuda', args...)` instead.
  scaler = GradScaler(enabled=use_amp)
/data/quyhv/oil_forecast_tail_risk/scripts/training/train_unified.py:309: FutureWarning: `torch.cuda.amp.autocast(args...)` is deprecated. Please use `torch.amp.autocast('cuda', args...)` instead.
  with autocast(enabled=use_amp):
/data/quyhv/oil_forecast_tail_risk/scripts/training/train_unified.py:349: FutureWarning: `torch.cuda.amp.autocast(args...)` is deprecated. Please use `torch.amp.autocast('cuda', args...)` instead.
  with autocast(enabled=use_amp):
 Iter-40 | MAE=1.155 | MAPE=1.57%
/data/quyhv/oil_forecast_tail_risk/scripts/training/train_unified.py:290: FutureWarning: `torch.cuda.amp.GradScaler(args...)` is deprecated. Please use `torch.amp.GradScaler('cuda', args...)` instead.
  scaler = GradScaler(enabled=use_amp)
/data/quyhv/oil_forecast_tail_risk/scripts/training/train_unified.py:309: FutureWarning: `torch.cuda.amp.autocast(args...)` is deprecated. Please use `torch.amp.autocast('cuda', args...)` instead.
  with autocast(enabled=use_amp):
/data/quyhv/oil_forecast_tail_risk/scripts/training/train_unified.py:349: FutureWarning: `torch.cuda.amp.autocast(args...)` is deprecated. Please use `torch.amp.autocast('cuda', args...)` instead.
  with autocast(enabled=use_amp):
 Iter-41 | MAE=0.507 | MAPE=0.68%
/data/quyhv/oil_forecast_tail_risk/scripts/training/train_unified.py:290: FutureWarning: `torch.cuda.amp.GradScaler(args...)` is deprecated. Please use `torch.amp.GradScaler('cuda', args...)` instead.
  scaler = GradScaler(enabled=use_amp)
/data/quyhv/oil_forecast_tail_risk/scripts/training/train_unified.py:309: FutureWarning: `torch.cuda.amp.autocast(args...)` is deprecated. Please use `torch.amp.autocast('cuda', args...)` instead.
  with autocast(enabled=use_amp):
/data/quyhv/oil_forecast_tail_risk/scripts/training/train_unified.py:349: FutureWarning: `torch.cuda.amp.autocast(args...)` is deprecated. Please use `torch.amp.autocast('cuda', args...)` instead.
  with autocast(enabled=use_amp):
 Iter-42 | MAE=0.851 | MAPE=1.15%
/data/quyhv/oil_forecast_tail_risk/scripts/training/train_unified.py:290: FutureWarning: `torch.cuda.amp.GradScaler(args...)` is deprecated. Please use `torch.amp.GradScaler('cuda', args...)` instead.
  scaler = GradScaler(enabled=use_amp)
/data/quyhv/oil_forecast_tail_risk/scripts/training/train_unified.py:309: FutureWarning: `torch.cuda.amp.autocast(args...)` is deprecated. Please use `torch.amp.autocast('cuda', args...)` instead.
  with autocast(enabled=use_amp):
/data/quyhv/oil_forecast_tail_risk/scripts/training/train_unified.py:349: FutureWarning: `torch.cuda.amp.autocast(args...)` is deprecated. Please use `torch.amp.autocast('cuda', args...)` instead.
  with autocast(enabled=use_amp):
 Iter-43 | MAE=1.052 | MAPE=1.39%
/data/quyhv/oil_forecast_tail_risk/scripts/training/train_unified.py:290: FutureWarning: `torch.cuda.amp.GradScaler(args...)` is deprecated. Please use `torch.amp.GradScaler('cuda', args...)` instead.
  scaler = GradScaler(enabled=use_amp)
/data/quyhv/oil_forecast_tail_risk/scripts/training/train_unified.py:309: FutureWarning: `torch.cuda.amp.autocast(args...)` is deprecated. Please use `torch.amp.autocast('cuda', args...)` instead.
  with autocast(enabled=use_amp):
/data/quyhv/oil_forecast_tail_risk/scripts/training/train_unified.py:349: FutureWarning: `torch.cuda.amp.autocast(args...)` is deprecated. Please use `torch.amp.autocast('cuda', args...)` instead.
  with autocast(enabled=use_amp):
 Iter-44 | MAE=1.291 | MAPE=1.66%
/data/quyhv/oil_forecast_tail_risk/scripts/training/train_unified.py:290: FutureWarning: `torch.cuda.amp.GradScaler(args...)` is deprecated. Please use `torch.amp.GradScaler('cuda', args...)` instead.
  scaler = GradScaler(enabled=use_amp)
/data/quyhv/oil_forecast_tail_risk/scripts/training/train_unified.py:309: FutureWarning: `torch.cuda.amp.autocast(args...)` is deprecated. Please use `torch.amp.autocast('cuda', args...)` instead.
  with autocast(enabled=use_amp):
/data/quyhv/oil_forecast_tail_risk/scripts/training/train_unified.py:349: FutureWarning: `torch.cuda.amp.autocast(args...)` is deprecated. Please use `torch.amp.autocast('cuda', args...)` instead.
  with autocast(enabled=use_amp):
 Iter-45 | MAE=0.318 | MAPE=0.42%
/data/quyhv/oil_forecast_tail_risk/scripts/training/train_unified.py:290: FutureWarning: `torch.cuda.amp.GradScaler(args...)` is deprecated. Please use `torch.amp.GradScaler('cuda', args...)` instead.
  scaler = GradScaler(enabled=use_amp)
/data/quyhv/oil_forecast_tail_risk/scripts/training/train_unified.py:309: FutureWarning: `torch.cuda.amp.autocast(args...)` is deprecated. Please use `torch.amp.autocast('cuda', args...)` instead.
  with autocast(enabled=use_amp):
/data/quyhv/oil_forecast_tail_risk/scripts/training/train_unified.py:349: FutureWarning: `torch.cuda.amp.autocast(args...)` is deprecated. Please use `torch.amp.autocast('cuda', args...)` instead.
  with autocast(enabled=use_amp):
 Iter-46 | MAE=1.054 | MAPE=1.39%
/data/quyhv/oil_forecast_tail_risk/scripts/training/train_unified.py:290: FutureWarning: `torch.cuda.amp.GradScaler(args...)` is deprecated. Please use `torch.amp.GradScaler('cuda', args...)` instead.
  scaler = GradScaler(enabled=use_amp)
/data/quyhv/oil_forecast_tail_risk/scripts/training/train_unified.py:309: FutureWarning: `torch.cuda.amp.autocast(args...)` is deprecated. Please use `torch.amp.autocast('cuda', args...)` instead.
  with autocast(enabled=use_amp):
/data/quyhv/oil_forecast_tail_risk/scripts/training/train_unified.py:349: FutureWarning: `torch.cuda.amp.autocast(args...)` is deprecated. Please use `torch.amp.autocast('cuda', args...)` instead.
  with autocast(enabled=use_amp):
 Iter-47 | MAE=2.292 | MAPE=3.15%
/data/quyhv/oil_forecast_tail_risk/scripts/training/train_unified.py:290: FutureWarning: `torch.cuda.amp.GradScaler(args...)` is deprecated. Please use `torch.amp.GradScaler('cuda', args...)` instead.
  scaler = GradScaler(enabled=use_amp)
/data/quyhv/oil_forecast_tail_risk/scripts/training/train_unified.py:309: FutureWarning: `torch.cuda.amp.autocast(args...)` is deprecated. Please use `torch.amp.autocast('cuda', args...)` instead.
  with autocast(enabled=use_amp):
/data/quyhv/oil_forecast_tail_risk/scripts/training/train_unified.py:349: FutureWarning: `torch.cuda.amp.autocast(args...)` is deprecated. Please use `torch.amp.autocast('cuda', args...)` instead.
  with autocast(enabled=use_amp):
 Iter-48 | MAE=0.349 | MAPE=0.48%
/data/quyhv/oil_forecast_tail_risk/scripts/training/train_unified.py:290: FutureWarning: `torch.cuda.amp.GradScaler(args...)` is deprecated. Please use `torch.amp.GradScaler('cuda', args...)` instead.
  scaler = GradScaler(enabled=use_amp)
/data/quyhv/oil_forecast_tail_risk/scripts/training/train_unified.py:309: FutureWarning: `torch.cuda.amp.autocast(args...)` is deprecated. Please use `torch.amp.autocast('cuda', args...)` instead.
  with autocast(enabled=use_amp):
/data/quyhv/oil_forecast_tail_risk/scripts/training/train_unified.py:349: FutureWarning: `torch.cuda.amp.autocast(args...)` is deprecated. Please use `torch.amp.autocast('cuda', args...)` instead.
  with autocast(enabled=use_amp):
 Iter-49 | MAE=0.508 | MAPE=0.70%
/data/quyhv/oil_forecast_tail_risk/scripts/training/train_unified.py:290: FutureWarning: `torch.cuda.amp.GradScaler(args...)` is deprecated. Please use `torch.amp.GradScaler('cuda', args...)` instead.
  scaler = GradScaler(enabled=use_amp)
/data/quyhv/oil_forecast_tail_risk/scripts/training/train_unified.py:309: FutureWarning: `torch.cuda.amp.autocast(args...)` is deprecated. Please use `torch.amp.autocast('cuda', args...)` instead.
  with autocast(enabled=use_amp):
/data/quyhv/oil_forecast_tail_risk/scripts/training/train_unified.py:349: FutureWarning: `torch.cuda.amp.autocast(args...)` is deprecated. Please use `torch.amp.autocast('cuda', args...)` instead.
  with autocast(enabled=use_amp):
 Iter-50 | MAE=0.399 | MAPE=0.55%
/data/quyhv/oil_forecast_tail_risk/scripts/training/train_unified.py:290: FutureWarning: `torch.cuda.amp.GradScaler(args...)` is deprecated. Please use `torch.amp.GradScaler('cuda', args...)` instead.
  scaler = GradScaler(enabled=use_amp)
/data/quyhv/oil_forecast_tail_risk/scripts/training/train_unified.py:309: FutureWarning: `torch.cuda.amp.autocast(args...)` is deprecated. Please use `torch.amp.autocast('cuda', args...)` instead.
  with autocast(enabled=use_amp):
/data/quyhv/oil_forecast_tail_risk/scripts/training/train_unified.py:349: FutureWarning: `torch.cuda.amp.autocast(args...)` is deprecated. Please use `torch.amp.autocast('cuda', args...)` instead.
  with autocast(enabled=use_amp):
 Iter-51 | MAE=2.469 | MAPE=3.20%
/data/quyhv/oil_forecast_tail_risk/scripts/training/train_unified.py:290: FutureWarning: `torch.cuda.amp.GradScaler(args...)` is deprecated. Please use `torch.amp.GradScaler('cuda', args...)` instead.
  scaler = GradScaler(enabled=use_amp)
/data/quyhv/oil_forecast_tail_risk/scripts/training/train_unified.py:309: FutureWarning: `torch.cuda.amp.autocast(args...)` is deprecated. Please use `torch.amp.autocast('cuda', args...)` instead.
  with autocast(enabled=use_amp):
/data/quyhv/oil_forecast_tail_risk/scripts/training/train_unified.py:349: FutureWarning: `torch.cuda.amp.autocast(args...)` is deprecated. Please use `torch.amp.autocast('cuda', args...)` instead.
  with autocast(enabled=use_amp):
 Iter-52 | MAE=1.386 | MAPE=1.76%
/data/quyhv/oil_forecast_tail_risk/scripts/training/train_unified.py:290: FutureWarning: `torch.cuda.amp.GradScaler(args...)` is deprecated. Please use `torch.amp.GradScaler('cuda', args...)` instead.
  scaler = GradScaler(enabled=use_amp)
/data/quyhv/oil_forecast_tail_risk/scripts/training/train_unified.py:309: FutureWarning: `torch.cuda.amp.autocast(args...)` is deprecated. Please use `torch.amp.autocast('cuda', args...)` instead.
  with autocast(enabled=use_amp):
/data/quyhv/oil_forecast_tail_risk/scripts/training/train_unified.py:349: FutureWarning: `torch.cuda.amp.autocast(args...)` is deprecated. Please use `torch.amp.autocast('cuda', args...)` instead.
  with autocast(enabled=use_amp):
 Iter-53 | MAE=0.237 | MAPE=0.30%
/data/quyhv/oil_forecast_tail_risk/scripts/training/train_unified.py:290: FutureWarning: `torch.cuda.amp.GradScaler(args...)` is deprecated. Please use `torch.amp.GradScaler('cuda', args...)` instead.
  scaler = GradScaler(enabled=use_amp)
/data/quyhv/oil_forecast_tail_risk/scripts/training/train_unified.py:309: FutureWarning: `torch.cuda.amp.autocast(args...)` is deprecated. Please use `torch.amp.autocast('cuda', args...)` instead.
  with autocast(enabled=use_amp):
/data/quyhv/oil_forecast_tail_risk/scripts/training/train_unified.py:349: FutureWarning: `torch.cuda.amp.autocast(args...)` is deprecated. Please use `torch.amp.autocast('cuda', args...)` instead.
  with autocast(enabled=use_amp):
 Iter-54 | MAE=1.683 | MAPE=2.10%
/data/quyhv/oil_forecast_tail_risk/scripts/training/train_unified.py:290: FutureWarning: `torch.cuda.amp.GradScaler(args...)` is deprecated. Please use `torch.amp.GradScaler('cuda', args...)` instead.
  scaler = GradScaler(enabled=use_amp)
/data/quyhv/oil_forecast_tail_risk/scripts/training/train_unified.py:309: FutureWarning: `torch.cuda.amp.autocast(args...)` is deprecated. Please use `torch.amp.autocast('cuda', args...)` instead.
  with autocast(enabled=use_amp):
/data/quyhv/oil_forecast_tail_risk/scripts/training/train_unified.py:349: FutureWarning: `torch.cuda.amp.autocast(args...)` is deprecated. Please use `torch.amp.autocast('cuda', args...)` instead.
  with autocast(enabled=use_amp):
 Iter-55 | MAE=0.905 | MAPE=1.13%
/data/quyhv/oil_forecast_tail_risk/scripts/training/train_unified.py:290: FutureWarning: `torch.cuda.amp.GradScaler(args...)` is deprecated. Please use `torch.amp.GradScaler('cuda', args...)` instead.
  scaler = GradScaler(enabled=use_amp)
/data/quyhv/oil_forecast_tail_risk/scripts/training/train_unified.py:309: FutureWarning: `torch.cuda.amp.autocast(args...)` is deprecated. Please use `torch.amp.autocast('cuda', args...)` instead.
  with autocast(enabled=use_amp):
/data/quyhv/oil_forecast_tail_risk/scripts/training/train_unified.py:349: FutureWarning: `torch.cuda.amp.autocast(args...)` is deprecated. Please use `torch.amp.autocast('cuda', args...)` instead.
  with autocast(enabled=use_amp):
 Iter-56 | MAE=0.636 | MAPE=0.79%
/data/quyhv/oil_forecast_tail_risk/scripts/training/train_unified.py:290: FutureWarning: `torch.cuda.amp.GradScaler(args...)` is deprecated. Please use `torch.amp.GradScaler('cuda', args...)` instead.
  scaler = GradScaler(enabled=use_amp)
/data/quyhv/oil_forecast_tail_risk/scripts/training/train_unified.py:309: FutureWarning: `torch.cuda.amp.autocast(args...)` is deprecated. Please use `torch.amp.autocast('cuda', args...)` instead.
  with autocast(enabled=use_amp):
/data/quyhv/oil_forecast_tail_risk/scripts/training/train_unified.py:349: FutureWarning: `torch.cuda.amp.autocast(args...)` is deprecated. Please use `torch.amp.autocast('cuda', args...)` instead.
  with autocast(enabled=use_amp):
 Iter-57 | MAE=0.115 | MAPE=0.14%
/data/quyhv/oil_forecast_tail_risk/scripts/training/train_unified.py:290: FutureWarning: `torch.cuda.amp.GradScaler(args...)` is deprecated. Please use `torch.amp.GradScaler('cuda', args...)` instead.
  scaler = GradScaler(enabled=use_amp)
/data/quyhv/oil_forecast_tail_risk/scripts/training/train_unified.py:309: FutureWarning: `torch.cuda.amp.autocast(args...)` is deprecated. Please use `torch.amp.autocast('cuda', args...)` instead.
  with autocast(enabled=use_amp):
/data/quyhv/oil_forecast_tail_risk/scripts/training/train_unified.py:349: FutureWarning: `torch.cuda.amp.autocast(args...)` is deprecated. Please use `torch.amp.autocast('cuda', args...)` instead.
  with autocast(enabled=use_amp):
 Iter-58 | MAE=10.309 | MAPE=11.26%
/data/quyhv/oil_forecast_tail_risk/scripts/training/train_unified.py:290: FutureWarning: `torch.cuda.amp.GradScaler(args...)` is deprecated. Please use `torch.amp.GradScaler('cuda', args...)` instead.
  scaler = GradScaler(enabled=use_amp)
/data/quyhv/oil_forecast_tail_risk/scripts/training/train_unified.py:309: FutureWarning: `torch.cuda.amp.autocast(args...)` is deprecated. Please use `torch.amp.autocast('cuda', args...)` instead.
  with autocast(enabled=use_amp):
/data/quyhv/oil_forecast_tail_risk/scripts/training/train_unified.py:349: FutureWarning: `torch.cuda.amp.autocast(args...)` is deprecated. Please use `torch.amp.autocast('cuda', args...)` instead.
  with autocast(enabled=use_amp):
 Iter-59 | MAE=6.508 | MAPE=6.70%
/data/quyhv/oil_forecast_tail_risk/scripts/training/train_unified.py:290: FutureWarning: `torch.cuda.amp.GradScaler(args...)` is deprecated. Please use `torch.amp.GradScaler('cuda', args...)` instead.
  scaler = GradScaler(enabled=use_amp)
/data/quyhv/oil_forecast_tail_risk/scripts/training/train_unified.py:309: FutureWarning: `torch.cuda.amp.autocast(args...)` is deprecated. Please use `torch.amp.autocast('cuda', args...)` instead.
  with autocast(enabled=use_amp):
/data/quyhv/oil_forecast_tail_risk/scripts/training/train_unified.py:349: FutureWarning: `torch.cuda.amp.autocast(args...)` is deprecated. Please use `torch.amp.autocast('cuda', args...)` instead.
  with autocast(enabled=use_amp):
 Iter-60 | MAE=3.016 | MAPE=2.93%
/data/quyhv/oil_forecast_tail_risk/scripts/training/train_unified.py:290: FutureWarning: `torch.cuda.amp.GradScaler(args...)` is deprecated. Please use `torch.amp.GradScaler('cuda', args...)` instead.
  scaler = GradScaler(enabled=use_amp)
/data/quyhv/oil_forecast_tail_risk/scripts/training/train_unified.py:309: FutureWarning: `torch.cuda.amp.autocast(args...)` is deprecated. Please use `torch.amp.autocast('cuda', args...)` instead.
  with autocast(enabled=use_amp):
/data/quyhv/oil_forecast_tail_risk/scripts/training/train_unified.py:349: FutureWarning: `torch.cuda.amp.autocast(args...)` is deprecated. Please use `torch.amp.autocast('cuda', args...)` instead.
  with autocast(enabled=use_amp):
 Iter-61 | MAE=15.689 | MAPE=14.45%
/data/quyhv/oil_forecast_tail_risk/scripts/training/train_unified.py:290: FutureWarning: `torch.cuda.amp.GradScaler(args...)` is deprecated. Please use `torch.amp.GradScaler('cuda', args...)` instead.
  scaler = GradScaler(enabled=use_amp)
/data/quyhv/oil_forecast_tail_risk/scripts/training/train_unified.py:309: FutureWarning: `torch.cuda.amp.autocast(args...)` is deprecated. Please use `torch.amp.autocast('cuda', args...)` instead.
  with autocast(enabled=use_amp):
/data/quyhv/oil_forecast_tail_risk/scripts/training/train_unified.py:349: FutureWarning: `torch.cuda.amp.autocast(args...)` is deprecated. Please use `torch.amp.autocast('cuda', args...)` instead.
  with autocast(enabled=use_amp):
 Iter-62 | MAE=7.419 | MAPE=6.28%
/data/quyhv/oil_forecast_tail_risk/scripts/training/train_unified.py:290: FutureWarning: `torch.cuda.amp.GradScaler(args...)` is deprecated. Please use `torch.amp.GradScaler('cuda', args...)` instead.
  scaler = GradScaler(enabled=use_amp)
/data/quyhv/oil_forecast_tail_risk/scripts/training/train_unified.py:309: FutureWarning: `torch.cuda.amp.autocast(args...)` is deprecated. Please use `torch.amp.autocast('cuda', args...)` instead.
  with autocast(enabled=use_amp):
/data/quyhv/oil_forecast_tail_risk/scripts/training/train_unified.py:349: FutureWarning: `torch.cuda.amp.autocast(args...)` is deprecated. Please use `torch.amp.autocast('cuda', args...)` instead.
  with autocast(enabled=use_amp):
 Iter-63 | MAE=19.738 | MAPE=13.72%
/data/quyhv/oil_forecast_tail_risk/scripts/training/train_unified.py:290: FutureWarning: `torch.cuda.amp.GradScaler(args...)` is deprecated. Please use `torch.amp.GradScaler('cuda', args...)` instead.
  scaler = GradScaler(enabled=use_amp)
/data/quyhv/oil_forecast_tail_risk/scripts/training/train_unified.py:309: FutureWarning: `torch.cuda.amp.autocast(args...)` is deprecated. Please use `torch.amp.autocast('cuda', args...)` instead.
  with autocast(enabled=use_amp):
/data/quyhv/oil_forecast_tail_risk/scripts/training/train_unified.py:349: FutureWarning: `torch.cuda.amp.autocast(args...)` is deprecated. Please use `torch.amp.autocast('cuda', args...)` instead.
  with autocast(enabled=use_amp):
 Iter-64 | MAE=16.399 | MAPE=13.29%
/data/quyhv/oil_forecast_tail_risk/scripts/training/train_unified.py:290: FutureWarning: `torch.cuda.amp.GradScaler(args...)` is deprecated. Please use `torch.amp.GradScaler('cuda', args...)` instead.
  scaler = GradScaler(enabled=use_amp)
/data/quyhv/oil_forecast_tail_risk/scripts/training/train_unified.py:309: FutureWarning: `torch.cuda.amp.autocast(args...)` is deprecated. Please use `torch.amp.autocast('cuda', args...)` instead.
  with autocast(enabled=use_amp):
/data/quyhv/oil_forecast_tail_risk/scripts/training/train_unified.py:349: FutureWarning: `torch.cuda.amp.autocast(args...)` is deprecated. Please use `torch.amp.autocast('cuda', args...)` instead.
  with autocast(enabled=use_amp):
 Iter-65 | MAE=1.241 | MAPE=0.98%
/data/quyhv/oil_forecast_tail_risk/scripts/training/train_unified.py:290: FutureWarning: `torch.cuda.amp.GradScaler(args...)` is deprecated. Please use `torch.amp.GradScaler('cuda', args...)` instead.
  scaler = GradScaler(enabled=use_amp)
/data/quyhv/oil_forecast_tail_risk/scripts/training/train_unified.py:309: FutureWarning: `torch.cuda.amp.autocast(args...)` is deprecated. Please use `torch.amp.autocast('cuda', args...)` instead.
  with autocast(enabled=use_amp):
/data/quyhv/oil_forecast_tail_risk/scripts/training/train_unified.py:349: FutureWarning: `torch.cuda.amp.autocast(args...)` is deprecated. Please use `torch.amp.autocast('cuda', args...)` instead.
  with autocast(enabled=use_amp):
 Iter-66 | MAE=12.114 | MAPE=8.92%
/data/quyhv/oil_forecast_tail_risk/scripts/training/train_unified.py:290: FutureWarning: `torch.cuda.amp.GradScaler(args...)` is deprecated. Please use `torch.amp.GradScaler('cuda', args...)` instead.
  scaler = GradScaler(enabled=use_amp)
/data/quyhv/oil_forecast_tail_risk/scripts/training/train_unified.py:309: FutureWarning: `torch.cuda.amp.autocast(args...)` is deprecated. Please use `torch.amp.autocast('cuda', args...)` instead.
  with autocast(enabled=use_amp):
/data/quyhv/oil_forecast_tail_risk/scripts/training/train_unified.py:349: FutureWarning: `torch.cuda.amp.autocast(args...)` is deprecated. Please use `torch.amp.autocast('cuda', args...)` instead.
  with autocast(enabled=use_amp):
 Iter-67 | MAE=4.169 | MAPE=2.95%
/data/quyhv/oil_forecast_tail_risk/scripts/training/train_unified.py:290: FutureWarning: `torch.cuda.amp.GradScaler(args...)` is deprecated. Please use `torch.amp.GradScaler('cuda', args...)` instead.
  scaler = GradScaler(enabled=use_amp)
/data/quyhv/oil_forecast_tail_risk/scripts/training/train_unified.py:309: FutureWarning: `torch.cuda.amp.autocast(args...)` is deprecated. Please use `torch.amp.autocast('cuda', args...)` instead.
  with autocast(enabled=use_amp):
/data/quyhv/oil_forecast_tail_risk/scripts/training/train_unified.py:349: FutureWarning: `torch.cuda.amp.autocast(args...)` is deprecated. Please use `torch.amp.autocast('cuda', args...)` instead.
  with autocast(enabled=use_amp):
 Iter-68 | MAE=3.137 | MAPE=2.14%
/data/quyhv/oil_forecast_tail_risk/scripts/training/train_unified.py:290: FutureWarning: `torch.cuda.amp.GradScaler(args...)` is deprecated. Please use `torch.amp.GradScaler('cuda', args...)` instead.
  scaler = GradScaler(enabled=use_amp)
/data/quyhv/oil_forecast_tail_risk/scripts/training/train_unified.py:309: FutureWarning: `torch.cuda.amp.autocast(args...)` is deprecated. Please use `torch.amp.autocast('cuda', args...)` instead.
  with autocast(enabled=use_amp):
/data/quyhv/oil_forecast_tail_risk/scripts/training/train_unified.py:349: FutureWarning: `torch.cuda.amp.autocast(args...)` is deprecated. Please use `torch.amp.autocast('cuda', args...)` instead.
  with autocast(enabled=use_amp):
 Iter-69 | MAE=0.614 | MAPE=0.41%
/data/quyhv/oil_forecast_tail_risk/scripts/training/train_unified.py:290: FutureWarning: `torch.cuda.amp.GradScaler(args...)` is deprecated. Please use `torch.amp.GradScaler('cuda', args...)` instead.
  scaler = GradScaler(enabled=use_amp)
/data/quyhv/oil_forecast_tail_risk/scripts/training/train_unified.py:309: FutureWarning: `torch.cuda.amp.autocast(args...)` is deprecated. Please use `torch.amp.autocast('cuda', args...)` instead.
  with autocast(enabled=use_amp):
/data/quyhv/oil_forecast_tail_risk/scripts/training/train_unified.py:349: FutureWarning: `torch.cuda.amp.autocast(args...)` is deprecated. Please use `torch.amp.autocast('cuda', args...)` instead.
  with autocast(enabled=use_amp):
 Iter-70 | MAE=1.974 | MAPE=1.33%
/data/quyhv/oil_forecast_tail_risk/scripts/training/train_unified.py:290: FutureWarning: `torch.cuda.amp.GradScaler(args...)` is deprecated. Please use `torch.amp.GradScaler('cuda', args...)` instead.
  scaler = GradScaler(enabled=use_amp)
/data/quyhv/oil_forecast_tail_risk/scripts/training/train_unified.py:309: FutureWarning: `torch.cuda.amp.autocast(args...)` is deprecated. Please use `torch.amp.autocast('cuda', args...)` instead.
  with autocast(enabled=use_amp):
/data/quyhv/oil_forecast_tail_risk/scripts/training/train_unified.py:349: FutureWarning: `torch.cuda.amp.autocast(args...)` is deprecated. Please use `torch.amp.autocast('cuda', args...)` instead.
  with autocast(enabled=use_amp):
 Iter-71 | MAE=4.233 | MAPE=2.68%
/data/quyhv/oil_forecast_tail_risk/scripts/training/train_unified.py:290: FutureWarning: `torch.cuda.amp.GradScaler(args...)` is deprecated. Please use `torch.amp.GradScaler('cuda', args...)` instead.
  scaler = GradScaler(enabled=use_amp)
/data/quyhv/oil_forecast_tail_risk/scripts/training/train_unified.py:309: FutureWarning: `torch.cuda.amp.autocast(args...)` is deprecated. Please use `torch.amp.autocast('cuda', args...)` instead.
  with autocast(enabled=use_amp):
/data/quyhv/oil_forecast_tail_risk/scripts/training/train_unified.py:349: FutureWarning: `torch.cuda.amp.autocast(args...)` is deprecated. Please use `torch.amp.autocast('cuda', args...)` instead.
  with autocast(enabled=use_amp):
 Iter-72 | MAE=1.571 | MAPE=1.02%
/data/quyhv/oil_forecast_tail_risk/scripts/training/train_unified.py:290: FutureWarning: `torch.cuda.amp.GradScaler(args...)` is deprecated. Please use `torch.amp.GradScaler('cuda', args...)` instead.
  scaler = GradScaler(enabled=use_amp)
/data/quyhv/oil_forecast_tail_risk/scripts/training/train_unified.py:309: FutureWarning: `torch.cuda.amp.autocast(args...)` is deprecated. Please use `torch.amp.autocast('cuda', args...)` instead.
  with autocast(enabled=use_amp):
/data/quyhv/oil_forecast_tail_risk/scripts/training/train_unified.py:349: FutureWarning: `torch.cuda.amp.autocast(args...)` is deprecated. Please use `torch.amp.autocast('cuda', args...)` instead.
  with autocast(enabled=use_amp):
 Iter-73 | MAE=5.375 | MAPE=3.29%
/data/quyhv/oil_forecast_tail_risk/scripts/training/train_unified.py:290: FutureWarning: `torch.cuda.amp.GradScaler(args...)` is deprecated. Please use `torch.amp.GradScaler('cuda', args...)` instead.
  scaler = GradScaler(enabled=use_amp)
/data/quyhv/oil_forecast_tail_risk/scripts/training/train_unified.py:309: FutureWarning: `torch.cuda.amp.autocast(args...)` is deprecated. Please use `torch.amp.autocast('cuda', args...)` instead.
  with autocast(enabled=use_amp):
/data/quyhv/oil_forecast_tail_risk/scripts/training/train_unified.py:349: FutureWarning: `torch.cuda.amp.autocast(args...)` is deprecated. Please use `torch.amp.autocast('cuda', args...)` instead.
  with autocast(enabled=use_amp):
 Iter-74 | MAE=9.574 | MAPE=6.60%
/data/quyhv/oil_forecast_tail_risk/scripts/training/train_unified.py:290: FutureWarning: `torch.cuda.amp.GradScaler(args...)` is deprecated. Please use `torch.amp.GradScaler('cuda', args...)` instead.
  scaler = GradScaler(enabled=use_amp)
/data/quyhv/oil_forecast_tail_risk/scripts/training/train_unified.py:309: FutureWarning: `torch.cuda.amp.autocast(args...)` is deprecated. Please use `torch.amp.autocast('cuda', args...)` instead.
  with autocast(enabled=use_amp):
/data/quyhv/oil_forecast_tail_risk/scripts/training/train_unified.py:349: FutureWarning: `torch.cuda.amp.autocast(args...)` is deprecated. Please use `torch.amp.autocast('cuda', args...)` instead.
  with autocast(enabled=use_amp):
 Iter-75 | MAE=16.256 | MAPE=12.20%
/data/quyhv/oil_forecast_tail_risk/scripts/training/train_unified.py:290: FutureWarning: `torch.cuda.amp.GradScaler(args...)` is deprecated. Please use `torch.amp.GradScaler('cuda', args...)` instead.
  scaler = GradScaler(enabled=use_amp)
/data/quyhv/oil_forecast_tail_risk/scripts/training/train_unified.py:309: FutureWarning: `torch.cuda.amp.autocast(args...)` is deprecated. Please use `torch.amp.autocast('cuda', args...)` instead.
  with autocast(enabled=use_amp):
/data/quyhv/oil_forecast_tail_risk/scripts/training/train_unified.py:349: FutureWarning: `torch.cuda.amp.autocast(args...)` is deprecated. Please use `torch.amp.autocast('cuda', args...)` instead.
  with autocast(enabled=use_amp):
 Iter-76 | MAE=7.840 | MAPE=6.04%
/data/quyhv/oil_forecast_tail_risk/scripts/training/train_unified.py:290: FutureWarning: `torch.cuda.amp.GradScaler(args...)` is deprecated. Please use `torch.amp.GradScaler('cuda', args...)` instead.
  scaler = GradScaler(enabled=use_amp)
/data/quyhv/oil_forecast_tail_risk/scripts/training/train_unified.py:309: FutureWarning: `torch.cuda.amp.autocast(args...)` is deprecated. Please use `torch.amp.autocast('cuda', args...)` instead.
  with autocast(enabled=use_amp):
/data/quyhv/oil_forecast_tail_risk/scripts/training/train_unified.py:349: FutureWarning: `torch.cuda.amp.autocast(args...)` is deprecated. Please use `torch.amp.autocast('cuda', args...)` instead.
  with autocast(enabled=use_amp):
 Iter-77 | MAE=0.716 | MAPE=0.54%
/data/quyhv/oil_forecast_tail_risk/scripts/training/train_unified.py:290: FutureWarning: `torch.cuda.amp.GradScaler(args...)` is deprecated. Please use `torch.amp.GradScaler('cuda', args...)` instead.
  scaler = GradScaler(enabled=use_amp)
/data/quyhv/oil_forecast_tail_risk/scripts/training/train_unified.py:309: FutureWarning: `torch.cuda.amp.autocast(args...)` is deprecated. Please use `torch.amp.autocast('cuda', args...)` instead.
  with autocast(enabled=use_amp):
/data/quyhv/oil_forecast_tail_risk/scripts/training/train_unified.py:349: FutureWarning: `torch.cuda.amp.autocast(args...)` is deprecated. Please use `torch.amp.autocast('cuda', args...)` instead.
  with autocast(enabled=use_amp):
 Iter-78 | MAE=8.233 | MAPE=5.73%
/data/quyhv/oil_forecast_tail_risk/scripts/training/train_unified.py:290: FutureWarning: `torch.cuda.amp.GradScaler(args...)` is deprecated. Please use `torch.amp.GradScaler('cuda', args...)` instead.
  scaler = GradScaler(enabled=use_amp)
/data/quyhv/oil_forecast_tail_risk/scripts/training/train_unified.py:309: FutureWarning: `torch.cuda.amp.autocast(args...)` is deprecated. Please use `torch.amp.autocast('cuda', args...)` instead.
  with autocast(enabled=use_amp):
/data/quyhv/oil_forecast_tail_risk/scripts/training/train_unified.py:349: FutureWarning: `torch.cuda.amp.autocast(args...)` is deprecated. Please use `torch.amp.autocast('cuda', args...)` instead.
  with autocast(enabled=use_amp):
 Iter-79 | MAE=0.464 | MAPE=0.32%
/data/quyhv/oil_forecast_tail_risk/scripts/training/train_unified.py:290: FutureWarning: `torch.cuda.amp.GradScaler(args...)` is deprecated. Please use `torch.amp.GradScaler('cuda', args...)` instead.
  scaler = GradScaler(enabled=use_amp)
/data/quyhv/oil_forecast_tail_risk/scripts/training/train_unified.py:309: FutureWarning: `torch.cuda.amp.autocast(args...)` is deprecated. Please use `torch.amp.autocast('cuda', args...)` instead.
  with autocast(enabled=use_amp):
/data/quyhv/oil_forecast_tail_risk/scripts/training/train_unified.py:349: FutureWarning: `torch.cuda.amp.autocast(args...)` is deprecated. Please use `torch.amp.autocast('cuda', args...)` instead.
  with autocast(enabled=use_amp):
 Iter-80 | MAE=3.734 | MAPE=2.68%
/data/quyhv/oil_forecast_tail_risk/scripts/training/train_unified.py:290: FutureWarning: `torch.cuda.amp.GradScaler(args...)` is deprecated. Please use `torch.amp.GradScaler('cuda', args...)` instead.
  scaler = GradScaler(enabled=use_amp)
/data/quyhv/oil_forecast_tail_risk/scripts/training/train_unified.py:309: FutureWarning: `torch.cuda.amp.autocast(args...)` is deprecated. Please use `torch.amp.autocast('cuda', args...)` instead.
  with autocast(enabled=use_amp):
/data/quyhv/oil_forecast_tail_risk/scripts/training/train_unified.py:349: FutureWarning: `torch.cuda.amp.autocast(args...)` is deprecated. Please use `torch.amp.autocast('cuda', args...)` instead.
  with autocast(enabled=use_amp):
 Iter-81 | MAE=9.004 | MAPE=6.08%
/data/quyhv/oil_forecast_tail_risk/scripts/training/train_unified.py:290: FutureWarning: `torch.cuda.amp.GradScaler(args...)` is deprecated. Please use `torch.amp.GradScaler('cuda', args...)` instead.
  scaler = GradScaler(enabled=use_amp)
/data/quyhv/oil_forecast_tail_risk/scripts/training/train_unified.py:309: FutureWarning: `torch.cuda.amp.autocast(args...)` is deprecated. Please use `torch.amp.autocast('cuda', args...)` instead.
  with autocast(enabled=use_amp):
/data/quyhv/oil_forecast_tail_risk/scripts/training/train_unified.py:349: FutureWarning: `torch.cuda.amp.autocast(args...)` is deprecated. Please use `torch.amp.autocast('cuda', args...)` instead.
  with autocast(enabled=use_amp):
 Iter-82 | MAE=3.863 | MAPE=2.71%
/data/quyhv/oil_forecast_tail_risk/scripts/training/train_unified.py:290: FutureWarning: `torch.cuda.amp.GradScaler(args...)` is deprecated. Please use `torch.amp.GradScaler('cuda', args...)` instead.
  scaler = GradScaler(enabled=use_amp)
/data/quyhv/oil_forecast_tail_risk/scripts/training/train_unified.py:309: FutureWarning: `torch.cuda.amp.autocast(args...)` is deprecated. Please use `torch.amp.autocast('cuda', args...)` instead.
  with autocast(enabled=use_amp):
/data/quyhv/oil_forecast_tail_risk/scripts/training/train_unified.py:349: FutureWarning: `torch.cuda.amp.autocast(args...)` is deprecated. Please use `torch.amp.autocast('cuda', args...)` instead.
  with autocast(enabled=use_amp):
 Iter-83 | MAE=5.280 | MAPE=3.70%
/data/quyhv/oil_forecast_tail_risk/scripts/training/train_unified.py:290: FutureWarning: `torch.cuda.amp.GradScaler(args...)` is deprecated. Please use `torch.amp.GradScaler('cuda', args...)` instead.
  scaler = GradScaler(enabled=use_amp)
/data/quyhv/oil_forecast_tail_risk/scripts/training/train_unified.py:309: FutureWarning: `torch.cuda.amp.autocast(args...)` is deprecated. Please use `torch.amp.autocast('cuda', args...)` instead.
  with autocast(enabled=use_amp):
/data/quyhv/oil_forecast_tail_risk/scripts/training/train_unified.py:349: FutureWarning: `torch.cuda.amp.autocast(args...)` is deprecated. Please use `torch.amp.autocast('cuda', args...)` instead.
  with autocast(enabled=use_amp):
 Iter-84 | MAE=24.737 | MAPE=20.15%
/data/quyhv/oil_forecast_tail_risk/scripts/training/train_unified.py:290: FutureWarning: `torch.cuda.amp.GradScaler(args...)` is deprecated. Please use `torch.amp.GradScaler('cuda', args...)` instead.
  scaler = GradScaler(enabled=use_amp)
/data/quyhv/oil_forecast_tail_risk/scripts/training/train_unified.py:309: FutureWarning: `torch.cuda.amp.autocast(args...)` is deprecated. Please use `torch.amp.autocast('cuda', args...)` instead.
  with autocast(enabled=use_amp):
/data/quyhv/oil_forecast_tail_risk/scripts/training/train_unified.py:349: FutureWarning: `torch.cuda.amp.autocast(args...)` is deprecated. Please use `torch.amp.autocast('cuda', args...)` instead.
  with autocast(enabled=use_amp):
 Iter-85 | MAE=9.625 | MAPE=7.24%
/data/quyhv/oil_forecast_tail_risk/scripts/training/train_unified.py:290: FutureWarning: `torch.cuda.amp.GradScaler(args...)` is deprecated. Please use `torch.amp.GradScaler('cuda', args...)` instead.
  scaler = GradScaler(enabled=use_amp)
/data/quyhv/oil_forecast_tail_risk/scripts/training/train_unified.py:309: FutureWarning: `torch.cuda.amp.autocast(args...)` is deprecated. Please use `torch.amp.autocast('cuda', args...)` instead.
  with autocast(enabled=use_amp):
/data/quyhv/oil_forecast_tail_risk/scripts/training/train_unified.py:349: FutureWarning: `torch.cuda.amp.autocast(args...)` is deprecated. Please use `torch.amp.autocast('cuda', args...)` instead.
  with autocast(enabled=use_amp):
 Iter-86 | MAE=0.652 | MAPE=0.50%
/data/quyhv/oil_forecast_tail_risk/scripts/training/train_unified.py:290: FutureWarning: `torch.cuda.amp.GradScaler(args...)` is deprecated. Please use `torch.amp.GradScaler('cuda', args...)` instead.
  scaler = GradScaler(enabled=use_amp)
/data/quyhv/oil_forecast_tail_risk/scripts/training/train_unified.py:309: FutureWarning: `torch.cuda.amp.autocast(args...)` is deprecated. Please use `torch.amp.autocast('cuda', args...)` instead.
  with autocast(enabled=use_amp):
/data/quyhv/oil_forecast_tail_risk/scripts/training/train_unified.py:349: FutureWarning: `torch.cuda.amp.autocast(args...)` is deprecated. Please use `torch.amp.autocast('cuda', args...)` instead.
  with autocast(enabled=use_amp):
 Iter-87 | MAE=1.041 | MAPE=0.77%
/data/quyhv/oil_forecast_tail_risk/scripts/training/train_unified.py:290: FutureWarning: `torch.cuda.amp.GradScaler(args...)` is deprecated. Please use `torch.amp.GradScaler('cuda', args...)` instead.
  scaler = GradScaler(enabled=use_amp)
/data/quyhv/oil_forecast_tail_risk/scripts/training/train_unified.py:309: FutureWarning: `torch.cuda.amp.autocast(args...)` is deprecated. Please use `torch.amp.autocast('cuda', args...)` instead.
  with autocast(enabled=use_amp):
/data/quyhv/oil_forecast_tail_risk/scripts/training/train_unified.py:349: FutureWarning: `torch.cuda.amp.autocast(args...)` is deprecated. Please use `torch.amp.autocast('cuda', args...)` instead.
  with autocast(enabled=use_amp):
 Iter-88 | MAE=6.755 | MAPE=5.34%
/data/quyhv/oil_forecast_tail_risk/scripts/training/train_unified.py:290: FutureWarning: `torch.cuda.amp.GradScaler(args...)` is deprecated. Please use `torch.amp.GradScaler('cuda', args...)` instead.
  scaler = GradScaler(enabled=use_amp)
/data/quyhv/oil_forecast_tail_risk/scripts/training/train_unified.py:309: FutureWarning: `torch.cuda.amp.autocast(args...)` is deprecated. Please use `torch.amp.autocast('cuda', args...)` instead.
  with autocast(enabled=use_amp):
/data/quyhv/oil_forecast_tail_risk/scripts/training/train_unified.py:349: FutureWarning: `torch.cuda.amp.autocast(args...)` is deprecated. Please use `torch.amp.autocast('cuda', args...)` instead.
  with autocast(enabled=use_amp):
 Iter-89 | MAE=4.108 | MAPE=3.39%
/data/quyhv/oil_forecast_tail_risk/scripts/training/train_unified.py:290: FutureWarning: `torch.cuda.amp.GradScaler(args...)` is deprecated. Please use `torch.amp.GradScaler('cuda', args...)` instead.
  scaler = GradScaler(enabled=use_amp)
/data/quyhv/oil_forecast_tail_risk/scripts/training/train_unified.py:309: FutureWarning: `torch.cuda.amp.autocast(args...)` is deprecated. Please use `torch.amp.autocast('cuda', args...)` instead.
  with autocast(enabled=use_amp):
/data/quyhv/oil_forecast_tail_risk/scripts/training/train_unified.py:349: FutureWarning: `torch.cuda.amp.autocast(args...)` is deprecated. Please use `torch.amp.autocast('cuda', args...)` instead.
  with autocast(enabled=use_amp):
 Iter-90 | MAE=2.465 | MAPE=2.02%
/data/quyhv/oil_forecast_tail_risk/scripts/training/train_unified.py:290: FutureWarning: `torch.cuda.amp.GradScaler(args...)` is deprecated. Please use `torch.amp.GradScaler('cuda', args...)` instead.
  scaler = GradScaler(enabled=use_amp)
/data/quyhv/oil_forecast_tail_risk/scripts/training/train_unified.py:309: FutureWarning: `torch.cuda.amp.autocast(args...)` is deprecated. Please use `torch.amp.autocast('cuda', args...)` instead.
  with autocast(enabled=use_amp):
/data/quyhv/oil_forecast_tail_risk/scripts/training/train_unified.py:349: FutureWarning: `torch.cuda.amp.autocast(args...)` is deprecated. Please use `torch.amp.autocast('cuda', args...)` instead.
  with autocast(enabled=use_amp):
 Iter-91 | MAE=2.590 | MAPE=2.03%
/data/quyhv/oil_forecast_tail_risk/scripts/training/train_unified.py:290: FutureWarning: `torch.cuda.amp.GradScaler(args...)` is deprecated. Please use `torch.amp.GradScaler('cuda', args...)` instead.
  scaler = GradScaler(enabled=use_amp)
/data/quyhv/oil_forecast_tail_risk/scripts/training/train_unified.py:309: FutureWarning: `torch.cuda.amp.autocast(args...)` is deprecated. Please use `torch.amp.autocast('cuda', args...)` instead.
  with autocast(enabled=use_amp):
/data/quyhv/oil_forecast_tail_risk/scripts/training/train_unified.py:349: FutureWarning: `torch.cuda.amp.autocast(args...)` is deprecated. Please use `torch.amp.autocast('cuda', args...)` instead.
  with autocast(enabled=use_amp):
 Iter-92 | MAE=2.733 | MAPE=2.23%
/data/quyhv/oil_forecast_tail_risk/scripts/training/train_unified.py:290: FutureWarning: `torch.cuda.amp.GradScaler(args...)` is deprecated. Please use `torch.amp.GradScaler('cuda', args...)` instead.
  scaler = GradScaler(enabled=use_amp)
/data/quyhv/oil_forecast_tail_risk/scripts/training/train_unified.py:309: FutureWarning: `torch.cuda.amp.autocast(args...)` is deprecated. Please use `torch.amp.autocast('cuda', args...)` instead.
  with autocast(enabled=use_amp):
/data/quyhv/oil_forecast_tail_risk/scripts/training/train_unified.py:349: FutureWarning: `torch.cuda.amp.autocast(args...)` is deprecated. Please use `torch.amp.autocast('cuda', args...)` instead.
  with autocast(enabled=use_amp):
 Iter-93 | MAE=1.688 | MAPE=1.39%
/data/quyhv/oil_forecast_tail_risk/scripts/training/train_unified.py:290: FutureWarning: `torch.cuda.amp.GradScaler(args...)` is deprecated. Please use `torch.amp.GradScaler('cuda', args...)` instead.
  scaler = GradScaler(enabled=use_amp)
/data/quyhv/oil_forecast_tail_risk/scripts/training/train_unified.py:309: FutureWarning: `torch.cuda.amp.autocast(args...)` is deprecated. Please use `torch.amp.autocast('cuda', args...)` instead.
  with autocast(enabled=use_amp):
/data/quyhv/oil_forecast_tail_risk/scripts/training/train_unified.py:349: FutureWarning: `torch.cuda.amp.autocast(args...)` is deprecated. Please use `torch.amp.autocast('cuda', args...)` instead.
  with autocast(enabled=use_amp):
 Iter-94 | MAE=4.552 | MAPE=3.61%
/data/quyhv/oil_forecast_tail_risk/scripts/training/train_unified.py:290: FutureWarning: `torch.cuda.amp.GradScaler(args...)` is deprecated. Please use `torch.amp.GradScaler('cuda', args...)` instead.
  scaler = GradScaler(enabled=use_amp)
/data/quyhv/oil_forecast_tail_risk/scripts/training/train_unified.py:309: FutureWarning: `torch.cuda.amp.autocast(args...)` is deprecated. Please use `torch.amp.autocast('cuda', args...)` instead.
  with autocast(enabled=use_amp):
/data/quyhv/oil_forecast_tail_risk/scripts/training/train_unified.py:349: FutureWarning: `torch.cuda.amp.autocast(args...)` is deprecated. Please use `torch.amp.autocast('cuda', args...)` instead.
  with autocast(enabled=use_amp):
 Iter-95 | MAE=0.937 | MAPE=0.72%
/data/quyhv/oil_forecast_tail_risk/scripts/training/train_unified.py:290: FutureWarning: `torch.cuda.amp.GradScaler(args...)` is deprecated. Please use `torch.amp.GradScaler('cuda', args...)` instead.
  scaler = GradScaler(enabled=use_amp)
/data/quyhv/oil_forecast_tail_risk/scripts/training/train_unified.py:309: FutureWarning: `torch.cuda.amp.autocast(args...)` is deprecated. Please use `torch.amp.autocast('cuda', args...)` instead.
  with autocast(enabled=use_amp):
/data/quyhv/oil_forecast_tail_risk/scripts/training/train_unified.py:349: FutureWarning: `torch.cuda.amp.autocast(args...)` is deprecated. Please use `torch.amp.autocast('cuda', args...)` instead.
  with autocast(enabled=use_amp):
 Iter-96 | MAE=1.091 | MAPE=0.86%
/data/quyhv/oil_forecast_tail_risk/scripts/training/train_unified.py:290: FutureWarning: `torch.cuda.amp.GradScaler(args...)` is deprecated. Please use `torch.amp.GradScaler('cuda', args...)` instead.
  scaler = GradScaler(enabled=use_amp)
/data/quyhv/oil_forecast_tail_risk/scripts/training/train_unified.py:309: FutureWarning: `torch.cuda.amp.autocast(args...)` is deprecated. Please use `torch.amp.autocast('cuda', args...)` instead.
  with autocast(enabled=use_amp):
/data/quyhv/oil_forecast_tail_risk/scripts/training/train_unified.py:349: FutureWarning: `torch.cuda.amp.autocast(args...)` is deprecated. Please use `torch.amp.autocast('cuda', args...)` instead.
  with autocast(enabled=use_amp):
 Iter-97 | MAE=2.527 | MAPE=1.95%
/data/quyhv/oil_forecast_tail_risk/scripts/training/train_unified.py:290: FutureWarning: `torch.cuda.amp.GradScaler(args...)` is deprecated. Please use `torch.amp.GradScaler('cuda', args...)` instead.
  scaler = GradScaler(enabled=use_amp)
/data/quyhv/oil_forecast_tail_risk/scripts/training/train_unified.py:309: FutureWarning: `torch.cuda.amp.autocast(args...)` is deprecated. Please use `torch.amp.autocast('cuda', args...)` instead.
  with autocast(enabled=use_amp):
/data/quyhv/oil_forecast_tail_risk/scripts/training/train_unified.py:349: FutureWarning: `torch.cuda.amp.autocast(args...)` is deprecated. Please use `torch.amp.autocast('cuda', args...)` instead.
  with autocast(enabled=use_amp):
 Iter-98 | MAE=1.339 | MAPE=1.04%
/data/quyhv/oil_forecast_tail_risk/scripts/training/train_unified.py:290: FutureWarning: `torch.cuda.amp.GradScaler(args...)` is deprecated. Please use `torch.amp.GradScaler('cuda', args...)` instead.
  scaler = GradScaler(enabled=use_amp)
/data/quyhv/oil_forecast_tail_risk/scripts/training/train_unified.py:309: FutureWarning: `torch.cuda.amp.autocast(args...)` is deprecated. Please use `torch.amp.autocast('cuda', args...)` instead.
  with autocast(enabled=use_amp):
/data/quyhv/oil_forecast_tail_risk/scripts/training/train_unified.py:349: FutureWarning: `torch.cuda.amp.autocast(args...)` is deprecated. Please use `torch.amp.autocast('cuda', args...)` instead.
  with autocast(enabled=use_amp):
 Iter-99 | MAE=1.838 | MAPE=1.40%
/data/quyhv/oil_forecast_tail_risk/scripts/training/train_unified.py:290: FutureWarning: `torch.cuda.amp.GradScaler(args...)` is deprecated. Please use `torch.amp.GradScaler('cuda', args...)` instead.
  scaler = GradScaler(enabled=use_amp)
/data/quyhv/oil_forecast_tail_risk/scripts/training/train_unified.py:309: FutureWarning: `torch.cuda.amp.autocast(args...)` is deprecated. Please use `torch.amp.autocast('cuda', args...)` instead.
  with autocast(enabled=use_amp):
/data/quyhv/oil_forecast_tail_risk/scripts/training/train_unified.py:349: FutureWarning: `torch.cuda.amp.autocast(args...)` is deprecated. Please use `torch.amp.autocast('cuda', args...)` instead.
  with autocast(enabled=use_amp):
 Iter-100 | MAE=0.610 | MAPE=0.45%

 OVERALL: MAE=2.978, MAPE=2.62%, R2=0.9684 (3380.6s)
Saved model checkpoint: /data/quyhv/oil_forecast_tail_risk/results_v4/walkforward/DLinear/XANG_H1_seed777/model_checkpoint.pth
Saved processor/scaler: /data/quyhv/oil_forecast_tail_risk/results_v4/walkforward/DLinear/XANG_H1_seed777/processor.pkl

 All 1 experiments completed!

================================================================================
 [1/1] RLinear | XANG | H1 | walkforward
================================================================================

 Using GPU: Tesla T4
================================================================================
 RLinear | XANG | H1 | walkforward | seed=777
================================================================================
Data: 4513 rows | Features: 15
/data/quyhv/oil_forecast_tail_risk/scripts/training/train_unified.py:290: FutureWarning: `torch.cuda.amp.GradScaler(args...)` is deprecated. Please use `torch.amp.GradScaler('cuda', args...)` instead.
  scaler = GradScaler(enabled=use_amp)
/data/quyhv/oil_forecast_tail_risk/scripts/training/train_unified.py:309: FutureWarning: `torch.cuda.amp.autocast(args...)` is deprecated. Please use `torch.amp.autocast('cuda', args...)` instead.
  with autocast(enabled=use_amp):
/data/quyhv/oil_forecast_tail_risk/scripts/training/train_unified.py:349: FutureWarning: `torch.cuda.amp.autocast(args...)` is deprecated. Please use `torch.amp.autocast('cuda', args...)` instead.
  with autocast(enabled=use_amp):
 Iter-01 | MAE=0.095 | MAPE=0.12%
/data/quyhv/oil_forecast_tail_risk/scripts/training/train_unified.py:290: FutureWarning: `torch.cuda.amp.GradScaler(args...)` is deprecated. Please use `torch.amp.GradScaler('cuda', args...)` instead.
  scaler = GradScaler(enabled=use_amp)
/data/quyhv/oil_forecast_tail_risk/scripts/training/train_unified.py:309: FutureWarning: `torch.cuda.amp.autocast(args...)` is deprecated. Please use `torch.amp.autocast('cuda', args...)` instead.
  with autocast(enabled=use_amp):
/data/quyhv/oil_forecast_tail_risk/scripts/training/train_unified.py:349: FutureWarning: `torch.cuda.amp.autocast(args...)` is deprecated. Please use `torch.amp.autocast('cuda', args...)` instead.
  with autocast(enabled=use_amp):
 Iter-02 | MAE=0.393 | MAPE=0.50%
/data/quyhv/oil_forecast_tail_risk/scripts/training/train_unified.py:290: FutureWarning: `torch.cuda.amp.GradScaler(args...)` is deprecated. Please use `torch.amp.GradScaler('cuda', args...)` instead.
  scaler = GradScaler(enabled=use_amp)
/data/quyhv/oil_forecast_tail_risk/scripts/training/train_unified.py:309: FutureWarning: `torch.cuda.amp.autocast(args...)` is deprecated. Please use `torch.amp.autocast('cuda', args...)` instead.
  with autocast(enabled=use_amp):
/data/quyhv/oil_forecast_tail_risk/scripts/training/train_unified.py:349: FutureWarning: `torch.cuda.amp.autocast(args...)` is deprecated. Please use `torch.amp.autocast('cuda', args...)` instead.
  with autocast(enabled=use_amp):
 Iter-03 | MAE=0.346 | MAPE=0.44%
/data/quyhv/oil_forecast_tail_risk/scripts/training/train_unified.py:290: FutureWarning: `torch.cuda.amp.GradScaler(args...)` is deprecated. Please use `torch.amp.GradScaler('cuda', args...)` instead.
  scaler = GradScaler(enabled=use_amp)
/data/quyhv/oil_forecast_tail_risk/scripts/training/train_unified.py:309: FutureWarning: `torch.cuda.amp.autocast(args...)` is deprecated. Please use `torch.amp.autocast('cuda', args...)` instead.
  with autocast(enabled=use_amp):
/data/quyhv/oil_forecast_tail_risk/scripts/training/train_unified.py:349: FutureWarning: `torch.cuda.amp.autocast(args...)` is deprecated. Please use `torch.amp.autocast('cuda', args...)` instead.
  with autocast(enabled=use_amp):
 Iter-04 | MAE=2.345 | MAPE=3.12%
/data/quyhv/oil_forecast_tail_risk/scripts/training/train_unified.py:290: FutureWarning: `torch.cuda.amp.GradScaler(args...)` is deprecated. Please use `torch.amp.GradScaler('cuda', args...)` instead.
  scaler = GradScaler(enabled=use_amp)
/data/quyhv/oil_forecast_tail_risk/scripts/training/train_unified.py:309: FutureWarning: `torch.cuda.amp.autocast(args...)` is deprecated. Please use `torch.amp.autocast('cuda', args...)` instead.
  with autocast(enabled=use_amp):
/data/quyhv/oil_forecast_tail_risk/scripts/training/train_unified.py:349: FutureWarning: `torch.cuda.amp.autocast(args...)` is deprecated. Please use `torch.amp.autocast('cuda', args...)` instead.
  with autocast(enabled=use_amp):
 Iter-05 | MAE=0.361 | MAPE=0.49%
/data/quyhv/oil_forecast_tail_risk/scripts/training/train_unified.py:290: FutureWarning: `torch.cuda.amp.GradScaler(args...)` is deprecated. Please use `torch.amp.GradScaler('cuda', args...)` instead.
  scaler = GradScaler(enabled=use_amp)
/data/quyhv/oil_forecast_tail_risk/scripts/training/train_unified.py:309: FutureWarning: `torch.cuda.amp.autocast(args...)` is deprecated. Please use `torch.amp.autocast('cuda', args...)` instead.
  with autocast(enabled=use_amp):
/data/quyhv/oil_forecast_tail_risk/scripts/training/train_unified.py:349: FutureWarning: `torch.cuda.amp.autocast(args...)` is deprecated. Please use `torch.amp.autocast('cuda', args...)` instead.
  with autocast(enabled=use_amp):
 Iter-06 | MAE=1.125 | MAPE=1.51%
/data/quyhv/oil_forecast_tail_risk/scripts/training/train_unified.py:290: FutureWarning: `torch.cuda.amp.GradScaler(args...)` is deprecated. Please use `torch.amp.GradScaler('cuda', args...)` instead.
  scaler = GradScaler(enabled=use_amp)
/data/quyhv/oil_forecast_tail_risk/scripts/training/train_unified.py:309: FutureWarning: `torch.cuda.amp.autocast(args...)` is deprecated. Please use `torch.amp.autocast('cuda', args...)` instead.
  with autocast(enabled=use_amp):
/data/quyhv/oil_forecast_tail_risk/scripts/training/train_unified.py:349: FutureWarning: `torch.cuda.amp.autocast(args...)` is deprecated. Please use `torch.amp.autocast('cuda', args...)` instead.
  with autocast(enabled=use_amp):
 Iter-07 | MAE=1.533 | MAPE=2.09%
/data/quyhv/oil_forecast_tail_risk/scripts/training/train_unified.py:290: FutureWarning: `torch.cuda.amp.GradScaler(args...)` is deprecated. Please use `torch.amp.GradScaler('cuda', args...)` instead.
  scaler = GradScaler(enabled=use_amp)
/data/quyhv/oil_forecast_tail_risk/scripts/training/train_unified.py:309: FutureWarning: `torch.cuda.amp.autocast(args...)` is deprecated. Please use `torch.amp.autocast('cuda', args...)` instead.
  with autocast(enabled=use_amp):
/data/quyhv/oil_forecast_tail_risk/scripts/training/train_unified.py:349: FutureWarning: `torch.cuda.amp.autocast(args...)` is deprecated. Please use `torch.amp.autocast('cuda', args...)` instead.
  with autocast(enabled=use_amp):
 Iter-08 | MAE=0.495 | MAPE=0.68%
/data/quyhv/oil_forecast_tail_risk/scripts/training/train_unified.py:290: FutureWarning: `torch.cuda.amp.GradScaler(args...)` is deprecated. Please use `torch.amp.GradScaler('cuda', args...)` instead.
  scaler = GradScaler(enabled=use_amp)
/data/quyhv/oil_forecast_tail_risk/scripts/training/train_unified.py:309: FutureWarning: `torch.cuda.amp.autocast(args...)` is deprecated. Please use `torch.amp.autocast('cuda', args...)` instead.
  with autocast(enabled=use_amp):
/data/quyhv/oil_forecast_tail_risk/scripts/training/train_unified.py:349: FutureWarning: `torch.cuda.amp.autocast(args...)` is deprecated. Please use `torch.amp.autocast('cuda', args...)` instead.
  with autocast(enabled=use_amp):
 Iter-09 | MAE=1.064 | MAPE=1.44%
/data/quyhv/oil_forecast_tail_risk/scripts/training/train_unified.py:290: FutureWarning: `torch.cuda.amp.GradScaler(args...)` is deprecated. Please use `torch.amp.GradScaler('cuda', args...)` instead.
  scaler = GradScaler(enabled=use_amp)
/data/quyhv/oil_forecast_tail_risk/scripts/training/train_unified.py:309: FutureWarning: `torch.cuda.amp.autocast(args...)` is deprecated. Please use `torch.amp.autocast('cuda', args...)` instead.
  with autocast(enabled=use_amp):
/data/quyhv/oil_forecast_tail_risk/scripts/training/train_unified.py:349: FutureWarning: `torch.cuda.amp.autocast(args...)` is deprecated. Please use `torch.amp.autocast('cuda', args...)` instead.
  with autocast(enabled=use_amp):
 Iter-10 | MAE=0.625 | MAPE=0.85%
/data/quyhv/oil_forecast_tail_risk/scripts/training/train_unified.py:290: FutureWarning: `torch.cuda.amp.GradScaler(args...)` is deprecated. Please use `torch.amp.GradScaler('cuda', args...)` instead.
  scaler = GradScaler(enabled=use_amp)
/data/quyhv/oil_forecast_tail_risk/scripts/training/train_unified.py:309: FutureWarning: `torch.cuda.amp.autocast(args...)` is deprecated. Please use `torch.amp.autocast('cuda', args...)` instead.
  with autocast(enabled=use_amp):
/data/quyhv/oil_forecast_tail_risk/scripts/training/train_unified.py:349: FutureWarning: `torch.cuda.amp.autocast(args...)` is deprecated. Please use `torch.amp.autocast('cuda', args...)` instead.
  with autocast(enabled=use_amp):
 Iter-11 | MAE=0.352 | MAPE=0.48%
/data/quyhv/oil_forecast_tail_risk/scripts/training/train_unified.py:290: FutureWarning: `torch.cuda.amp.GradScaler(args...)` is deprecated. Please use `torch.amp.GradScaler('cuda', args...)` instead.
  scaler = GradScaler(enabled=use_amp)
/data/quyhv/oil_forecast_tail_risk/scripts/training/train_unified.py:309: FutureWarning: `torch.cuda.amp.autocast(args...)` is deprecated. Please use `torch.amp.autocast('cuda', args...)` instead.
  with autocast(enabled=use_amp):
/data/quyhv/oil_forecast_tail_risk/scripts/training/train_unified.py:349: FutureWarning: `torch.cuda.amp.autocast(args...)` is deprecated. Please use `torch.amp.autocast('cuda', args...)` instead.
  with autocast(enabled=use_amp):
 Iter-12 | MAE=0.334 | MAPE=0.46%
/data/quyhv/oil_forecast_tail_risk/scripts/training/train_unified.py:290: FutureWarning: `torch.cuda.amp.GradScaler(args...)` is deprecated. Please use `torch.amp.GradScaler('cuda', args...)` instead.
  scaler = GradScaler(enabled=use_amp)
/data/quyhv/oil_forecast_tail_risk/scripts/training/train_unified.py:309: FutureWarning: `torch.cuda.amp.autocast(args...)` is deprecated. Please use `torch.amp.autocast('cuda', args...)` instead.
  with autocast(enabled=use_amp):
/data/quyhv/oil_forecast_tail_risk/scripts/training/train_unified.py:349: FutureWarning: `torch.cuda.amp.autocast(args...)` is deprecated. Please use `torch.amp.autocast('cuda', args...)` instead.
  with autocast(enabled=use_amp):
 Iter-13 | MAE=0.083 | MAPE=0.12%
/data/quyhv/oil_forecast_tail_risk/scripts/training/train_unified.py:290: FutureWarning: `torch.cuda.amp.GradScaler(args...)` is deprecated. Please use `torch.amp.GradScaler('cuda', args...)` instead.
  scaler = GradScaler(enabled=use_amp)
/data/quyhv/oil_forecast_tail_risk/scripts/training/train_unified.py:309: FutureWarning: `torch.cuda.amp.autocast(args...)` is deprecated. Please use `torch.amp.autocast('cuda', args...)` instead.
  with autocast(enabled=use_amp):
/data/quyhv/oil_forecast_tail_risk/scripts/training/train_unified.py:349: FutureWarning: `torch.cuda.amp.autocast(args...)` is deprecated. Please use `torch.amp.autocast('cuda', args...)` instead.
  with autocast(enabled=use_amp):
 Iter-14 | MAE=0.176 | MAPE=0.24%
/data/quyhv/oil_forecast_tail_risk/scripts/training/train_unified.py:290: FutureWarning: `torch.cuda.amp.GradScaler(args...)` is deprecated. Please use `torch.amp.GradScaler('cuda', args...)` instead.
  scaler = GradScaler(enabled=use_amp)
/data/quyhv/oil_forecast_tail_risk/scripts/training/train_unified.py:309: FutureWarning: `torch.cuda.amp.autocast(args...)` is deprecated. Please use `torch.amp.autocast('cuda', args...)` instead.
  with autocast(enabled=use_amp):
/data/quyhv/oil_forecast_tail_risk/scripts/training/train_unified.py:349: FutureWarning: `torch.cuda.amp.autocast(args...)` is deprecated. Please use `torch.amp.autocast('cuda', args...)` instead.
  with autocast(enabled=use_amp):
 Iter-15 | MAE=0.407 | MAPE=0.56%
/data/quyhv/oil_forecast_tail_risk/scripts/training/train_unified.py:290: FutureWarning: `torch.cuda.amp.GradScaler(args...)` is deprecated. Please use `torch.amp.GradScaler('cuda', args...)` instead.
  scaler = GradScaler(enabled=use_amp)
/data/quyhv/oil_forecast_tail_risk/scripts/training/train_unified.py:309: FutureWarning: `torch.cuda.amp.autocast(args...)` is deprecated. Please use `torch.amp.autocast('cuda', args...)` instead.
  with autocast(enabled=use_amp):
/data/quyhv/oil_forecast_tail_risk/scripts/training/train_unified.py:349: FutureWarning: `torch.cuda.amp.autocast(args...)` is deprecated. Please use `torch.amp.autocast('cuda', args...)` instead.
  with autocast(enabled=use_amp):
 Iter-16 | MAE=0.366 | MAPE=0.50%
/data/quyhv/oil_forecast_tail_risk/scripts/training/train_unified.py:290: FutureWarning: `torch.cuda.amp.GradScaler(args...)` is deprecated. Please use `torch.amp.GradScaler('cuda', args...)` instead.
  scaler = GradScaler(enabled=use_amp)
/data/quyhv/oil_forecast_tail_risk/scripts/training/train_unified.py:309: FutureWarning: `torch.cuda.amp.autocast(args...)` is deprecated. Please use `torch.amp.autocast('cuda', args...)` instead.
  with autocast(enabled=use_amp):
/data/quyhv/oil_forecast_tail_risk/scripts/training/train_unified.py:349: FutureWarning: `torch.cuda.amp.autocast(args...)` is deprecated. Please use `torch.amp.autocast('cuda', args...)` instead.
  with autocast(enabled=use_amp):
 Iter-17 | MAE=0.609 | MAPE=0.84%
/data/quyhv/oil_forecast_tail_risk/scripts/training/train_unified.py:290: FutureWarning: `torch.cuda.amp.GradScaler(args...)` is deprecated. Please use `torch.amp.GradScaler('cuda', args...)` instead.
  scaler = GradScaler(enabled=use_amp)
/data/quyhv/oil_forecast_tail_risk/scripts/training/train_unified.py:309: FutureWarning: `torch.cuda.amp.autocast(args...)` is deprecated. Please use `torch.amp.autocast('cuda', args...)` instead.
  with autocast(enabled=use_amp):
/data/quyhv/oil_forecast_tail_risk/scripts/training/train_unified.py:349: FutureWarning: `torch.cuda.amp.autocast(args...)` is deprecated. Please use `torch.amp.autocast('cuda', args...)` instead.
  with autocast(enabled=use_amp):
 Iter-18 | MAE=1.582 | MAPE=2.24%
/data/quyhv/oil_forecast_tail_risk/scripts/training/train_unified.py:290: FutureWarning: `torch.cuda.amp.GradScaler(args...)` is deprecated. Please use `torch.amp.GradScaler('cuda', args...)` instead.
  scaler = GradScaler(enabled=use_amp)
/data/quyhv/oil_forecast_tail_risk/scripts/training/train_unified.py:309: FutureWarning: `torch.cuda.amp.autocast(args...)` is deprecated. Please use `torch.amp.autocast('cuda', args...)` instead.
  with autocast(enabled=use_amp):
/data/quyhv/oil_forecast_tail_risk/scripts/training/train_unified.py:349: FutureWarning: `torch.cuda.amp.autocast(args...)` is deprecated. Please use `torch.amp.autocast('cuda', args...)` instead.
  with autocast(enabled=use_amp):
 Iter-19 | MAE=0.075 | MAPE=0.10%
/data/quyhv/oil_forecast_tail_risk/scripts/training/train_unified.py:290: FutureWarning: `torch.cuda.amp.GradScaler(args...)` is deprecated. Please use `torch.amp.GradScaler('cuda', args...)` instead.
  scaler = GradScaler(enabled=use_amp)
/data/quyhv/oil_forecast_tail_risk/scripts/training/train_unified.py:309: FutureWarning: `torch.cuda.amp.autocast(args...)` is deprecated. Please use `torch.amp.autocast('cuda', args...)` instead.
  with autocast(enabled=use_amp):
/data/quyhv/oil_forecast_tail_risk/scripts/training/train_unified.py:349: FutureWarning: `torch.cuda.amp.autocast(args...)` is deprecated. Please use `torch.amp.autocast('cuda', args...)` instead.
  with autocast(enabled=use_amp):
 Iter-20 | MAE=0.517 | MAPE=0.74%
/data/quyhv/oil_forecast_tail_risk/scripts/training/train_unified.py:290: FutureWarning: `torch.cuda.amp.GradScaler(args...)` is deprecated. Please use `torch.amp.GradScaler('cuda', args...)` instead.
  scaler = GradScaler(enabled=use_amp)
/data/quyhv/oil_forecast_tail_risk/scripts/training/train_unified.py:309: FutureWarning: `torch.cuda.amp.autocast(args...)` is deprecated. Please use `torch.amp.autocast('cuda', args...)` instead.
  with autocast(enabled=use_amp):
/data/quyhv/oil_forecast_tail_risk/scripts/training/train_unified.py:349: FutureWarning: `torch.cuda.amp.autocast(args...)` is deprecated. Please use `torch.amp.autocast('cuda', args...)` instead.
  with autocast(enabled=use_amp):
 Iter-21 | MAE=1.115 | MAPE=1.58%
/data/quyhv/oil_forecast_tail_risk/scripts/training/train_unified.py:290: FutureWarning: `torch.cuda.amp.GradScaler(args...)` is deprecated. Please use `torch.amp.GradScaler('cuda', args...)` instead.
  scaler = GradScaler(enabled=use_amp)
/data/quyhv/oil_forecast_tail_risk/scripts/training/train_unified.py:309: FutureWarning: `torch.cuda.amp.autocast(args...)` is deprecated. Please use `torch.amp.autocast('cuda', args...)` instead.
  with autocast(enabled=use_amp):
/data/quyhv/oil_forecast_tail_risk/scripts/training/train_unified.py:349: FutureWarning: `torch.cuda.amp.autocast(args...)` is deprecated. Please use `torch.amp.autocast('cuda', args...)` instead.
  with autocast(enabled=use_amp):
 Iter-22 | MAE=1.239 | MAPE=1.71%
/data/quyhv/oil_forecast_tail_risk/scripts/training/train_unified.py:290: FutureWarning: `torch.cuda.amp.GradScaler(args...)` is deprecated. Please use `torch.amp.GradScaler('cuda', args...)` instead.
  scaler = GradScaler(enabled=use_amp)
/data/quyhv/oil_forecast_tail_risk/scripts/training/train_unified.py:309: FutureWarning: `torch.cuda.amp.autocast(args...)` is deprecated. Please use `torch.amp.autocast('cuda', args...)` instead.
  with autocast(enabled=use_amp):
/data/quyhv/oil_forecast_tail_risk/scripts/training/train_unified.py:349: FutureWarning: `torch.cuda.amp.autocast(args...)` is deprecated. Please use `torch.amp.autocast('cuda', args...)` instead.
  with autocast(enabled=use_amp):
 Iter-23 | MAE=0.378 | MAPE=0.52%
/data/quyhv/oil_forecast_tail_risk/scripts/training/train_unified.py:290: FutureWarning: `torch.cuda.amp.GradScaler(args...)` is deprecated. Please use `torch.amp.GradScaler('cuda', args...)` instead.
  scaler = GradScaler(enabled=use_amp)
/data/quyhv/oil_forecast_tail_risk/scripts/training/train_unified.py:309: FutureWarning: `torch.cuda.amp.autocast(args...)` is deprecated. Please use `torch.amp.autocast('cuda', args...)` instead.
  with autocast(enabled=use_amp):
/data/quyhv/oil_forecast_tail_risk/scripts/training/train_unified.py:349: FutureWarning: `torch.cuda.amp.autocast(args...)` is deprecated. Please use `torch.amp.autocast('cuda', args...)` instead.
  with autocast(enabled=use_amp):
 Iter-24 | MAE=0.253 | MAPE=0.35%
/data/quyhv/oil_forecast_tail_risk/scripts/training/train_unified.py:290: FutureWarning: `torch.cuda.amp.GradScaler(args...)` is deprecated. Please use `torch.amp.GradScaler('cuda', args...)` instead.
  scaler = GradScaler(enabled=use_amp)
/data/quyhv/oil_forecast_tail_risk/scripts/training/train_unified.py:309: FutureWarning: `torch.cuda.amp.autocast(args...)` is deprecated. Please use `torch.amp.autocast('cuda', args...)` instead.
  with autocast(enabled=use_amp):
/data/quyhv/oil_forecast_tail_risk/scripts/training/train_unified.py:349: FutureWarning: `torch.cuda.amp.autocast(args...)` is deprecated. Please use `torch.amp.autocast('cuda', args...)` instead.
  with autocast(enabled=use_amp):
 Iter-25 | MAE=1.441 | MAPE=1.98%
/data/quyhv/oil_forecast_tail_risk/scripts/training/train_unified.py:290: FutureWarning: `torch.cuda.amp.GradScaler(args...)` is deprecated. Please use `torch.amp.GradScaler('cuda', args...)` instead.
  scaler = GradScaler(enabled=use_amp)
/data/quyhv/oil_forecast_tail_risk/scripts/training/train_unified.py:309: FutureWarning: `torch.cuda.amp.autocast(args...)` is deprecated. Please use `torch.amp.autocast('cuda', args...)` instead.
  with autocast(enabled=use_amp):
/data/quyhv/oil_forecast_tail_risk/scripts/training/train_unified.py:349: FutureWarning: `torch.cuda.amp.autocast(args...)` is deprecated. Please use `torch.amp.autocast('cuda', args...)` instead.
  with autocast(enabled=use_amp):
 Iter-26 | MAE=1.440 | MAPE=2.00%
/data/quyhv/oil_forecast_tail_risk/scripts/training/train_unified.py:290: FutureWarning: `torch.cuda.amp.GradScaler(args...)` is deprecated. Please use `torch.amp.GradScaler('cuda', args...)` instead.
  scaler = GradScaler(enabled=use_amp)
/data/quyhv/oil_forecast_tail_risk/scripts/training/train_unified.py:309: FutureWarning: `torch.cuda.amp.autocast(args...)` is deprecated. Please use `torch.amp.autocast('cuda', args...)` instead.
  with autocast(enabled=use_amp):
/data/quyhv/oil_forecast_tail_risk/scripts/training/train_unified.py:349: FutureWarning: `torch.cuda.amp.autocast(args...)` is deprecated. Please use `torch.amp.autocast('cuda', args...)` instead.
  with autocast(enabled=use_amp):
 Iter-27 | MAE=1.143 | MAPE=1.61%
/data/quyhv/oil_forecast_tail_risk/scripts/training/train_unified.py:290: FutureWarning: `torch.cuda.amp.GradScaler(args...)` is deprecated. Please use `torch.amp.GradScaler('cuda', args...)` instead.
  scaler = GradScaler(enabled=use_amp)
/data/quyhv/oil_forecast_tail_risk/scripts/training/train_unified.py:309: FutureWarning: `torch.cuda.amp.autocast(args...)` is deprecated. Please use `torch.amp.autocast('cuda', args...)` instead.
  with autocast(enabled=use_amp):
/data/quyhv/oil_forecast_tail_risk/scripts/training/train_unified.py:349: FutureWarning: `torch.cuda.amp.autocast(args...)` is deprecated. Please use `torch.amp.autocast('cuda', args...)` instead.
  with autocast(enabled=use_amp):
 Iter-28 | MAE=0.099 | MAPE=0.14%
/data/quyhv/oil_forecast_tail_risk/scripts/training/train_unified.py:290: FutureWarning: `torch.cuda.amp.GradScaler(args...)` is deprecated. Please use `torch.amp.GradScaler('cuda', args...)` instead.
  scaler = GradScaler(enabled=use_amp)
/data/quyhv/oil_forecast_tail_risk/scripts/training/train_unified.py:309: FutureWarning: `torch.cuda.amp.autocast(args...)` is deprecated. Please use `torch.amp.autocast('cuda', args...)` instead.
  with autocast(enabled=use_amp):
/data/quyhv/oil_forecast_tail_risk/scripts/training/train_unified.py:349: FutureWarning: `torch.cuda.amp.autocast(args...)` is deprecated. Please use `torch.amp.autocast('cuda', args...)` instead.
  with autocast(enabled=use_amp):
 Iter-29 | MAE=0.548 | MAPE=0.76%
/data/quyhv/oil_forecast_tail_risk/scripts/training/train_unified.py:290: FutureWarning: `torch.cuda.amp.GradScaler(args...)` is deprecated. Please use `torch.amp.GradScaler('cuda', args...)` instead.
  scaler = GradScaler(enabled=use_amp)
/data/quyhv/oil_forecast_tail_risk/scripts/training/train_unified.py:309: FutureWarning: `torch.cuda.amp.autocast(args...)` is deprecated. Please use `torch.amp.autocast('cuda', args...)` instead.
  with autocast(enabled=use_amp):
/data/quyhv/oil_forecast_tail_risk/scripts/training/train_unified.py:349: FutureWarning: `torch.cuda.amp.autocast(args...)` is deprecated. Please use `torch.amp.autocast('cuda', args...)` instead.
  with autocast(enabled=use_amp):
 Iter-30 | MAE=0.665 | MAPE=0.92%
/data/quyhv/oil_forecast_tail_risk/scripts/training/train_unified.py:290: FutureWarning: `torch.cuda.amp.GradScaler(args...)` is deprecated. Please use `torch.amp.GradScaler('cuda', args...)` instead.
  scaler = GradScaler(enabled=use_amp)
/data/quyhv/oil_forecast_tail_risk/scripts/training/train_unified.py:309: FutureWarning: `torch.cuda.amp.autocast(args...)` is deprecated. Please use `torch.amp.autocast('cuda', args...)` instead.
  with autocast(enabled=use_amp):
/data/quyhv/oil_forecast_tail_risk/scripts/training/train_unified.py:349: FutureWarning: `torch.cuda.amp.autocast(args...)` is deprecated. Please use `torch.amp.autocast('cuda', args...)` instead.
  with autocast(enabled=use_amp):
 Iter-31 | MAE=0.784 | MAPE=1.07%
/data/quyhv/oil_forecast_tail_risk/scripts/training/train_unified.py:290: FutureWarning: `torch.cuda.amp.GradScaler(args...)` is deprecated. Please use `torch.amp.GradScaler('cuda', args...)` instead.
  scaler = GradScaler(enabled=use_amp)
/data/quyhv/oil_forecast_tail_risk/scripts/training/train_unified.py:309: FutureWarning: `torch.cuda.amp.autocast(args...)` is deprecated. Please use `torch.amp.autocast('cuda', args...)` instead.
  with autocast(enabled=use_amp):
/data/quyhv/oil_forecast_tail_risk/scripts/training/train_unified.py:349: FutureWarning: `torch.cuda.amp.autocast(args...)` is deprecated. Please use `torch.amp.autocast('cuda', args...)` instead.
  with autocast(enabled=use_amp):
 Iter-32 | MAE=0.634 | MAPE=0.87%
/data/quyhv/oil_forecast_tail_risk/scripts/training/train_unified.py:290: FutureWarning: `torch.cuda.amp.GradScaler(args...)` is deprecated. Please use `torch.amp.GradScaler('cuda', args...)` instead.
  scaler = GradScaler(enabled=use_amp)
/data/quyhv/oil_forecast_tail_risk/scripts/training/train_unified.py:309: FutureWarning: `torch.cuda.amp.autocast(args...)` is deprecated. Please use `torch.amp.autocast('cuda', args...)` instead.
  with autocast(enabled=use_amp):
/data/quyhv/oil_forecast_tail_risk/scripts/training/train_unified.py:349: FutureWarning: `torch.cuda.amp.autocast(args...)` is deprecated. Please use `torch.amp.autocast('cuda', args...)` instead.
  with autocast(enabled=use_amp):
 Iter-33 | MAE=1.079 | MAPE=1.48%
/data/quyhv/oil_forecast_tail_risk/scripts/training/train_unified.py:290: FutureWarning: `torch.cuda.amp.GradScaler(args...)` is deprecated. Please use `torch.amp.GradScaler('cuda', args...)` instead.
  scaler = GradScaler(enabled=use_amp)
/data/quyhv/oil_forecast_tail_risk/scripts/training/train_unified.py:309: FutureWarning: `torch.cuda.amp.autocast(args...)` is deprecated. Please use `torch.amp.autocast('cuda', args...)` instead.
  with autocast(enabled=use_amp):
/data/quyhv/oil_forecast_tail_risk/scripts/training/train_unified.py:349: FutureWarning: `torch.cuda.amp.autocast(args...)` is deprecated. Please use `torch.amp.autocast('cuda', args...)` instead.
  with autocast(enabled=use_amp):
 Iter-34 | MAE=0.975 | MAPE=1.37%
/data/quyhv/oil_forecast_tail_risk/scripts/training/train_unified.py:290: FutureWarning: `torch.cuda.amp.GradScaler(args...)` is deprecated. Please use `torch.amp.GradScaler('cuda', args...)` instead.
  scaler = GradScaler(enabled=use_amp)
/data/quyhv/oil_forecast_tail_risk/scripts/training/train_unified.py:309: FutureWarning: `torch.cuda.amp.autocast(args...)` is deprecated. Please use `torch.amp.autocast('cuda', args...)` instead.
  with autocast(enabled=use_amp):
/data/quyhv/oil_forecast_tail_risk/scripts/training/train_unified.py:349: FutureWarning: `torch.cuda.amp.autocast(args...)` is deprecated. Please use `torch.amp.autocast('cuda', args...)` instead.
  with autocast(enabled=use_amp):
 Iter-35 | MAE=0.958 | MAPE=1.31%
/data/quyhv/oil_forecast_tail_risk/scripts/training/train_unified.py:290: FutureWarning: `torch.cuda.amp.GradScaler(args...)` is deprecated. Please use `torch.amp.GradScaler('cuda', args...)` instead.
  scaler = GradScaler(enabled=use_amp)
/data/quyhv/oil_forecast_tail_risk/scripts/training/train_unified.py:309: FutureWarning: `torch.cuda.amp.autocast(args...)` is deprecated. Please use `torch.amp.autocast('cuda', args...)` instead.
  with autocast(enabled=use_amp):
/data/quyhv/oil_forecast_tail_risk/scripts/training/train_unified.py:349: FutureWarning: `torch.cuda.amp.autocast(args...)` is deprecated. Please use `torch.amp.autocast('cuda', args...)` instead.
  with autocast(enabled=use_amp):
 Iter-36 | MAE=0.944 | MAPE=1.26%
/data/quyhv/oil_forecast_tail_risk/scripts/training/train_unified.py:290: FutureWarning: `torch.cuda.amp.GradScaler(args...)` is deprecated. Please use `torch.amp.GradScaler('cuda', args...)` instead.
  scaler = GradScaler(enabled=use_amp)
/data/quyhv/oil_forecast_tail_risk/scripts/training/train_unified.py:309: FutureWarning: `torch.cuda.amp.autocast(args...)` is deprecated. Please use `torch.amp.autocast('cuda', args...)` instead.
  with autocast(enabled=use_amp):
/data/quyhv/oil_forecast_tail_risk/scripts/training/train_unified.py:349: FutureWarning: `torch.cuda.amp.autocast(args...)` is deprecated. Please use `torch.amp.autocast('cuda', args...)` instead.
  with autocast(enabled=use_amp):
 Iter-37 | MAE=1.077 | MAPE=1.45%
/data/quyhv/oil_forecast_tail_risk/scripts/training/train_unified.py:290: FutureWarning: `torch.cuda.amp.GradScaler(args...)` is deprecated. Please use `torch.amp.GradScaler('cuda', args...)` instead.
  scaler = GradScaler(enabled=use_amp)
/data/quyhv/oil_forecast_tail_risk/scripts/training/train_unified.py:309: FutureWarning: `torch.cuda.amp.autocast(args...)` is deprecated. Please use `torch.amp.autocast('cuda', args...)` instead.
  with autocast(enabled=use_amp):
/data/quyhv/oil_forecast_tail_risk/scripts/training/train_unified.py:349: FutureWarning: `torch.cuda.amp.autocast(args...)` is deprecated. Please use `torch.amp.autocast('cuda', args...)` instead.
  with autocast(enabled=use_amp):
 Iter-38 | MAE=2.918 | MAPE=4.07%
/data/quyhv/oil_forecast_tail_risk/scripts/training/train_unified.py:290: FutureWarning: `torch.cuda.amp.GradScaler(args...)` is deprecated. Please use `torch.amp.GradScaler('cuda', args...)` instead.
  scaler = GradScaler(enabled=use_amp)
/data/quyhv/oil_forecast_tail_risk/scripts/training/train_unified.py:309: FutureWarning: `torch.cuda.amp.autocast(args...)` is deprecated. Please use `torch.amp.autocast('cuda', args...)` instead.
  with autocast(enabled=use_amp):
/data/quyhv/oil_forecast_tail_risk/scripts/training/train_unified.py:349: FutureWarning: `torch.cuda.amp.autocast(args...)` is deprecated. Please use `torch.amp.autocast('cuda', args...)` instead.
  with autocast(enabled=use_amp):
 Iter-39 | MAE=1.062 | MAPE=1.47%
/data/quyhv/oil_forecast_tail_risk/scripts/training/train_unified.py:290: FutureWarning: `torch.cuda.amp.GradScaler(args...)` is deprecated. Please use `torch.amp.GradScaler('cuda', args...)` instead.
  scaler = GradScaler(enabled=use_amp)
/data/quyhv/oil_forecast_tail_risk/scripts/training/train_unified.py:309: FutureWarning: `torch.cuda.amp.autocast(args...)` is deprecated. Please use `torch.amp.autocast('cuda', args...)` instead.
  with autocast(enabled=use_amp):
/data/quyhv/oil_forecast_tail_risk/scripts/training/train_unified.py:349: FutureWarning: `torch.cuda.amp.autocast(args...)` is deprecated. Please use `torch.amp.autocast('cuda', args...)` instead.
  with autocast(enabled=use_amp):
 Iter-40 | MAE=1.017 | MAPE=1.38%
/data/quyhv/oil_forecast_tail_risk/scripts/training/train_unified.py:290: FutureWarning: `torch.cuda.amp.GradScaler(args...)` is deprecated. Please use `torch.amp.GradScaler('cuda', args...)` instead.
  scaler = GradScaler(enabled=use_amp)
/data/quyhv/oil_forecast_tail_risk/scripts/training/train_unified.py:309: FutureWarning: `torch.cuda.amp.autocast(args...)` is deprecated. Please use `torch.amp.autocast('cuda', args...)` instead.
  with autocast(enabled=use_amp):
/data/quyhv/oil_forecast_tail_risk/scripts/training/train_unified.py:349: FutureWarning: `torch.cuda.amp.autocast(args...)` is deprecated. Please use `torch.amp.autocast('cuda', args...)` instead.
  with autocast(enabled=use_amp):
 Iter-41 | MAE=0.159 | MAPE=0.21%
/data/quyhv/oil_forecast_tail_risk/scripts/training/train_unified.py:290: FutureWarning: `torch.cuda.amp.GradScaler(args...)` is deprecated. Please use `torch.amp.GradScaler('cuda', args...)` instead.
  scaler = GradScaler(enabled=use_amp)
/data/quyhv/oil_forecast_tail_risk/scripts/training/train_unified.py:309: FutureWarning: `torch.cuda.amp.autocast(args...)` is deprecated. Please use `torch.amp.autocast('cuda', args...)` instead.
  with autocast(enabled=use_amp):
/data/quyhv/oil_forecast_tail_risk/scripts/training/train_unified.py:349: FutureWarning: `torch.cuda.amp.autocast(args...)` is deprecated. Please use `torch.amp.autocast('cuda', args...)` instead.
  with autocast(enabled=use_amp):
 Iter-42 | MAE=0.809 | MAPE=1.09%
/data/quyhv/oil_forecast_tail_risk/scripts/training/train_unified.py:290: FutureWarning: `torch.cuda.amp.GradScaler(args...)` is deprecated. Please use `torch.amp.GradScaler('cuda', args...)` instead.
  scaler = GradScaler(enabled=use_amp)
/data/quyhv/oil_forecast_tail_risk/scripts/training/train_unified.py:309: FutureWarning: `torch.cuda.amp.autocast(args...)` is deprecated. Please use `torch.amp.autocast('cuda', args...)` instead.
  with autocast(enabled=use_amp):
/data/quyhv/oil_forecast_tail_risk/scripts/training/train_unified.py:349: FutureWarning: `torch.cuda.amp.autocast(args...)` is deprecated. Please use `torch.amp.autocast('cuda', args...)` instead.
  with autocast(enabled=use_amp):
 Iter-43 | MAE=0.713 | MAPE=0.94%
/data/quyhv/oil_forecast_tail_risk/scripts/training/train_unified.py:290: FutureWarning: `torch.cuda.amp.GradScaler(args...)` is deprecated. Please use `torch.amp.GradScaler('cuda', args...)` instead.
  scaler = GradScaler(enabled=use_amp)
/data/quyhv/oil_forecast_tail_risk/scripts/training/train_unified.py:309: FutureWarning: `torch.cuda.amp.autocast(args...)` is deprecated. Please use `torch.amp.autocast('cuda', args...)` instead.
  with autocast(enabled=use_amp):
/data/quyhv/oil_forecast_tail_risk/scripts/training/train_unified.py:349: FutureWarning: `torch.cuda.amp.autocast(args...)` is deprecated. Please use `torch.amp.autocast('cuda', args...)` instead.
  with autocast(enabled=use_amp):
 Iter-44 | MAE=1.165 | MAPE=1.50%
/data/quyhv/oil_forecast_tail_risk/scripts/training/train_unified.py:290: FutureWarning: `torch.cuda.amp.GradScaler(args...)` is deprecated. Please use `torch.amp.GradScaler('cuda', args...)` instead.
  scaler = GradScaler(enabled=use_amp)
/data/quyhv/oil_forecast_tail_risk/scripts/training/train_unified.py:309: FutureWarning: `torch.cuda.amp.autocast(args...)` is deprecated. Please use `torch.amp.autocast('cuda', args...)` instead.
  with autocast(enabled=use_amp):
/data/quyhv/oil_forecast_tail_risk/scripts/training/train_unified.py:349: FutureWarning: `torch.cuda.amp.autocast(args...)` is deprecated. Please use `torch.amp.autocast('cuda', args...)` instead.
  with autocast(enabled=use_amp):
 Iter-45 | MAE=0.157 | MAPE=0.21%
/data/quyhv/oil_forecast_tail_risk/scripts/training/train_unified.py:290: FutureWarning: `torch.cuda.amp.GradScaler(args...)` is deprecated. Please use `torch.amp.GradScaler('cuda', args...)` instead.
  scaler = GradScaler(enabled=use_amp)
/data/quyhv/oil_forecast_tail_risk/scripts/training/train_unified.py:309: FutureWarning: `torch.cuda.amp.autocast(args...)` is deprecated. Please use `torch.amp.autocast('cuda', args...)` instead.
  with autocast(enabled=use_amp):
/data/quyhv/oil_forecast_tail_risk/scripts/training/train_unified.py:349: FutureWarning: `torch.cuda.amp.autocast(args...)` is deprecated. Please use `torch.amp.autocast('cuda', args...)` instead.
  with autocast(enabled=use_amp):
 Iter-46 | MAE=1.507 | MAPE=1.98%
/data/quyhv/oil_forecast_tail_risk/scripts/training/train_unified.py:290: FutureWarning: `torch.cuda.amp.GradScaler(args...)` is deprecated. Please use `torch.amp.GradScaler('cuda', args...)` instead.
  scaler = GradScaler(enabled=use_amp)
/data/quyhv/oil_forecast_tail_risk/scripts/training/train_unified.py:309: FutureWarning: `torch.cuda.amp.autocast(args...)` is deprecated. Please use `torch.amp.autocast('cuda', args...)` instead.
  with autocast(enabled=use_amp):
/data/quyhv/oil_forecast_tail_risk/scripts/training/train_unified.py:349: FutureWarning: `torch.cuda.amp.autocast(args...)` is deprecated. Please use `torch.amp.autocast('cuda', args...)` instead.
  with autocast(enabled=use_amp):
 Iter-47 | MAE=2.181 | MAPE=2.99%
/data/quyhv/oil_forecast_tail_risk/scripts/training/train_unified.py:290: FutureWarning: `torch.cuda.amp.GradScaler(args...)` is deprecated. Please use `torch.amp.GradScaler('cuda', args...)` instead.
  scaler = GradScaler(enabled=use_amp)
/data/quyhv/oil_forecast_tail_risk/scripts/training/train_unified.py:309: FutureWarning: `torch.cuda.amp.autocast(args...)` is deprecated. Please use `torch.amp.autocast('cuda', args...)` instead.
  with autocast(enabled=use_amp):
/data/quyhv/oil_forecast_tail_risk/scripts/training/train_unified.py:349: FutureWarning: `torch.cuda.amp.autocast(args...)` is deprecated. Please use `torch.amp.autocast('cuda', args...)` instead.
  with autocast(enabled=use_amp):
 Iter-48 | MAE=0.431 | MAPE=0.59%
/data/quyhv/oil_forecast_tail_risk/scripts/training/train_unified.py:290: FutureWarning: `torch.cuda.amp.GradScaler(args...)` is deprecated. Please use `torch.amp.GradScaler('cuda', args...)` instead.
  scaler = GradScaler(enabled=use_amp)
/data/quyhv/oil_forecast_tail_risk/scripts/training/train_unified.py:309: FutureWarning: `torch.cuda.amp.autocast(args...)` is deprecated. Please use `torch.amp.autocast('cuda', args...)` instead.
  with autocast(enabled=use_amp):
/data/quyhv/oil_forecast_tail_risk/scripts/training/train_unified.py:349: FutureWarning: `torch.cuda.amp.autocast(args...)` is deprecated. Please use `torch.amp.autocast('cuda', args...)` instead.
  with autocast(enabled=use_amp):
 Iter-49 | MAE=0.380 | MAPE=0.52%
/data/quyhv/oil_forecast_tail_risk/scripts/training/train_unified.py:290: FutureWarning: `torch.cuda.amp.GradScaler(args...)` is deprecated. Please use `torch.amp.GradScaler('cuda', args...)` instead.
  scaler = GradScaler(enabled=use_amp)
/data/quyhv/oil_forecast_tail_risk/scripts/training/train_unified.py:309: FutureWarning: `torch.cuda.amp.autocast(args...)` is deprecated. Please use `torch.amp.autocast('cuda', args...)` instead.
  with autocast(enabled=use_amp):
/data/quyhv/oil_forecast_tail_risk/scripts/training/train_unified.py:349: FutureWarning: `torch.cuda.amp.autocast(args...)` is deprecated. Please use `torch.amp.autocast('cuda', args...)` instead.
  with autocast(enabled=use_amp):
 Iter-50 | MAE=0.472 | MAPE=0.65%
/data/quyhv/oil_forecast_tail_risk/scripts/training/train_unified.py:290: FutureWarning: `torch.cuda.amp.GradScaler(args...)` is deprecated. Please use `torch.amp.GradScaler('cuda', args...)` instead.
  scaler = GradScaler(enabled=use_amp)
/data/quyhv/oil_forecast_tail_risk/scripts/training/train_unified.py:309: FutureWarning: `torch.cuda.amp.autocast(args...)` is deprecated. Please use `torch.amp.autocast('cuda', args...)` instead.
  with autocast(enabled=use_amp):
/data/quyhv/oil_forecast_tail_risk/scripts/training/train_unified.py:349: FutureWarning: `torch.cuda.amp.autocast(args...)` is deprecated. Please use `torch.amp.autocast('cuda', args...)` instead.
  with autocast(enabled=use_amp):
 Iter-51 | MAE=3.135 | MAPE=4.07%
/data/quyhv/oil_forecast_tail_risk/scripts/training/train_unified.py:290: FutureWarning: `torch.cuda.amp.GradScaler(args...)` is deprecated. Please use `torch.amp.GradScaler('cuda', args...)` instead.
  scaler = GradScaler(enabled=use_amp)
/data/quyhv/oil_forecast_tail_risk/scripts/training/train_unified.py:309: FutureWarning: `torch.cuda.amp.autocast(args...)` is deprecated. Please use `torch.amp.autocast('cuda', args...)` instead.
  with autocast(enabled=use_amp):
/data/quyhv/oil_forecast_tail_risk/scripts/training/train_unified.py:349: FutureWarning: `torch.cuda.amp.autocast(args...)` is deprecated. Please use `torch.amp.autocast('cuda', args...)` instead.
  with autocast(enabled=use_amp):
 Iter-52 | MAE=1.458 | MAPE=1.85%
/data/quyhv/oil_forecast_tail_risk/scripts/training/train_unified.py:290: FutureWarning: `torch.cuda.amp.GradScaler(args...)` is deprecated. Please use `torch.amp.GradScaler('cuda', args...)` instead.
  scaler = GradScaler(enabled=use_amp)
/data/quyhv/oil_forecast_tail_risk/scripts/training/train_unified.py:309: FutureWarning: `torch.cuda.amp.autocast(args...)` is deprecated. Please use `torch.amp.autocast('cuda', args...)` instead.
  with autocast(enabled=use_amp):
/data/quyhv/oil_forecast_tail_risk/scripts/training/train_unified.py:349: FutureWarning: `torch.cuda.amp.autocast(args...)` is deprecated. Please use `torch.amp.autocast('cuda', args...)` instead.
  with autocast(enabled=use_amp):
 Iter-53 | MAE=0.375 | MAPE=0.47%
/data/quyhv/oil_forecast_tail_risk/scripts/training/train_unified.py:290: FutureWarning: `torch.cuda.amp.GradScaler(args...)` is deprecated. Please use `torch.amp.GradScaler('cuda', args...)` instead.
  scaler = GradScaler(enabled=use_amp)
/data/quyhv/oil_forecast_tail_risk/scripts/training/train_unified.py:309: FutureWarning: `torch.cuda.amp.autocast(args...)` is deprecated. Please use `torch.amp.autocast('cuda', args...)` instead.
  with autocast(enabled=use_amp):
/data/quyhv/oil_forecast_tail_risk/scripts/training/train_unified.py:349: FutureWarning: `torch.cuda.amp.autocast(args...)` is deprecated. Please use `torch.amp.autocast('cuda', args...)` instead.
  with autocast(enabled=use_amp):
 Iter-54 | MAE=1.852 | MAPE=2.31%
/data/quyhv/oil_forecast_tail_risk/scripts/training/train_unified.py:290: FutureWarning: `torch.cuda.amp.GradScaler(args...)` is deprecated. Please use `torch.amp.GradScaler('cuda', args...)` instead.
  scaler = GradScaler(enabled=use_amp)
/data/quyhv/oil_forecast_tail_risk/scripts/training/train_unified.py:309: FutureWarning: `torch.cuda.amp.autocast(args...)` is deprecated. Please use `torch.amp.autocast('cuda', args...)` instead.
  with autocast(enabled=use_amp):
/data/quyhv/oil_forecast_tail_risk/scripts/training/train_unified.py:349: FutureWarning: `torch.cuda.amp.autocast(args...)` is deprecated. Please use `torch.amp.autocast('cuda', args...)` instead.
  with autocast(enabled=use_amp):
 Iter-55 | MAE=0.909 | MAPE=1.13%
/data/quyhv/oil_forecast_tail_risk/scripts/training/train_unified.py:290: FutureWarning: `torch.cuda.amp.GradScaler(args...)` is deprecated. Please use `torch.amp.GradScaler('cuda', args...)` instead.
  scaler = GradScaler(enabled=use_amp)
/data/quyhv/oil_forecast_tail_risk/scripts/training/train_unified.py:309: FutureWarning: `torch.cuda.amp.autocast(args...)` is deprecated. Please use `torch.amp.autocast('cuda', args...)` instead.
  with autocast(enabled=use_amp):
/data/quyhv/oil_forecast_tail_risk/scripts/training/train_unified.py:349: FutureWarning: `torch.cuda.amp.autocast(args...)` is deprecated. Please use `torch.amp.autocast('cuda', args...)` instead.
  with autocast(enabled=use_amp):
 Iter-56 | MAE=0.843 | MAPE=1.05%
/data/quyhv/oil_forecast_tail_risk/scripts/training/train_unified.py:290: FutureWarning: `torch.cuda.amp.GradScaler(args...)` is deprecated. Please use `torch.amp.GradScaler('cuda', args...)` instead.
  scaler = GradScaler(enabled=use_amp)
/data/quyhv/oil_forecast_tail_risk/scripts/training/train_unified.py:309: FutureWarning: `torch.cuda.amp.autocast(args...)` is deprecated. Please use `torch.amp.autocast('cuda', args...)` instead.
  with autocast(enabled=use_amp):
/data/quyhv/oil_forecast_tail_risk/scripts/training/train_unified.py:349: FutureWarning: `torch.cuda.amp.autocast(args...)` is deprecated. Please use `torch.amp.autocast('cuda', args...)` instead.
  with autocast(enabled=use_amp):
 Iter-57 | MAE=0.551 | MAPE=0.68%
/data/quyhv/oil_forecast_tail_risk/scripts/training/train_unified.py:290: FutureWarning: `torch.cuda.amp.GradScaler(args...)` is deprecated. Please use `torch.amp.GradScaler('cuda', args...)` instead.
  scaler = GradScaler(enabled=use_amp)
/data/quyhv/oil_forecast_tail_risk/scripts/training/train_unified.py:309: FutureWarning: `torch.cuda.amp.autocast(args...)` is deprecated. Please use `torch.amp.autocast('cuda', args...)` instead.
  with autocast(enabled=use_amp):
/data/quyhv/oil_forecast_tail_risk/scripts/training/train_unified.py:349: FutureWarning: `torch.cuda.amp.autocast(args...)` is deprecated. Please use `torch.amp.autocast('cuda', args...)` instead.
  with autocast(enabled=use_amp):
 Iter-58 | MAE=10.256 | MAPE=11.20%
/data/quyhv/oil_forecast_tail_risk/scripts/training/train_unified.py:290: FutureWarning: `torch.cuda.amp.GradScaler(args...)` is deprecated. Please use `torch.amp.GradScaler('cuda', args...)` instead.
  scaler = GradScaler(enabled=use_amp)
/data/quyhv/oil_forecast_tail_risk/scripts/training/train_unified.py:309: FutureWarning: `torch.cuda.amp.autocast(args...)` is deprecated. Please use `torch.amp.autocast('cuda', args...)` instead.
  with autocast(enabled=use_amp):
/data/quyhv/oil_forecast_tail_risk/scripts/training/train_unified.py:349: FutureWarning: `torch.cuda.amp.autocast(args...)` is deprecated. Please use `torch.amp.autocast('cuda', args...)` instead.
  with autocast(enabled=use_amp):
 Iter-59 | MAE=6.832 | MAPE=7.03%
/data/quyhv/oil_forecast_tail_risk/scripts/training/train_unified.py:290: FutureWarning: `torch.cuda.amp.GradScaler(args...)` is deprecated. Please use `torch.amp.GradScaler('cuda', args...)` instead.
  scaler = GradScaler(enabled=use_amp)
/data/quyhv/oil_forecast_tail_risk/scripts/training/train_unified.py:309: FutureWarning: `torch.cuda.amp.autocast(args...)` is deprecated. Please use `torch.amp.autocast('cuda', args...)` instead.
  with autocast(enabled=use_amp):
/data/quyhv/oil_forecast_tail_risk/scripts/training/train_unified.py:349: FutureWarning: `torch.cuda.amp.autocast(args...)` is deprecated. Please use `torch.amp.autocast('cuda', args...)` instead.
  with autocast(enabled=use_amp):
 Iter-60 | MAE=4.809 | MAPE=4.70%
/data/quyhv/oil_forecast_tail_risk/scripts/training/train_unified.py:290: FutureWarning: `torch.cuda.amp.GradScaler(args...)` is deprecated. Please use `torch.amp.GradScaler('cuda', args...)` instead.
  scaler = GradScaler(enabled=use_amp)
/data/quyhv/oil_forecast_tail_risk/scripts/training/train_unified.py:309: FutureWarning: `torch.cuda.amp.autocast(args...)` is deprecated. Please use `torch.amp.autocast('cuda', args...)` instead.
  with autocast(enabled=use_amp):
/data/quyhv/oil_forecast_tail_risk/scripts/training/train_unified.py:349: FutureWarning: `torch.cuda.amp.autocast(args...)` is deprecated. Please use `torch.amp.autocast('cuda', args...)` instead.
  with autocast(enabled=use_amp):
 Iter-61 | MAE=7.797 | MAPE=7.19%
/data/quyhv/oil_forecast_tail_risk/scripts/training/train_unified.py:290: FutureWarning: `torch.cuda.amp.GradScaler(args...)` is deprecated. Please use `torch.amp.GradScaler('cuda', args...)` instead.
  scaler = GradScaler(enabled=use_amp)
/data/quyhv/oil_forecast_tail_risk/scripts/training/train_unified.py:309: FutureWarning: `torch.cuda.amp.autocast(args...)` is deprecated. Please use `torch.amp.autocast('cuda', args...)` instead.
  with autocast(enabled=use_amp):
/data/quyhv/oil_forecast_tail_risk/scripts/training/train_unified.py:349: FutureWarning: `torch.cuda.amp.autocast(args...)` is deprecated. Please use `torch.amp.autocast('cuda', args...)` instead.
  with autocast(enabled=use_amp):
 Iter-62 | MAE=3.186 | MAPE=2.69%
/data/quyhv/oil_forecast_tail_risk/scripts/training/train_unified.py:290: FutureWarning: `torch.cuda.amp.GradScaler(args...)` is deprecated. Please use `torch.amp.GradScaler('cuda', args...)` instead.
  scaler = GradScaler(enabled=use_amp)
/data/quyhv/oil_forecast_tail_risk/scripts/training/train_unified.py:309: FutureWarning: `torch.cuda.amp.autocast(args...)` is deprecated. Please use `torch.amp.autocast('cuda', args...)` instead.
  with autocast(enabled=use_amp):
/data/quyhv/oil_forecast_tail_risk/scripts/training/train_unified.py:349: FutureWarning: `torch.cuda.amp.autocast(args...)` is deprecated. Please use `torch.amp.autocast('cuda', args...)` instead.
  with autocast(enabled=use_amp):
 Iter-63 | MAE=20.154 | MAPE=14.01%
/data/quyhv/oil_forecast_tail_risk/scripts/training/train_unified.py:290: FutureWarning: `torch.cuda.amp.GradScaler(args...)` is deprecated. Please use `torch.amp.GradScaler('cuda', args...)` instead.
  scaler = GradScaler(enabled=use_amp)
/data/quyhv/oil_forecast_tail_risk/scripts/training/train_unified.py:309: FutureWarning: `torch.cuda.amp.autocast(args...)` is deprecated. Please use `torch.amp.autocast('cuda', args...)` instead.
  with autocast(enabled=use_amp):
/data/quyhv/oil_forecast_tail_risk/scripts/training/train_unified.py:349: FutureWarning: `torch.cuda.amp.autocast(args...)` is deprecated. Please use `torch.amp.autocast('cuda', args...)` instead.
  with autocast(enabled=use_amp):
 Iter-64 | MAE=21.166 | MAPE=17.16%
/data/quyhv/oil_forecast_tail_risk/scripts/training/train_unified.py:290: FutureWarning: `torch.cuda.amp.GradScaler(args...)` is deprecated. Please use `torch.amp.GradScaler('cuda', args...)` instead.
  scaler = GradScaler(enabled=use_amp)
/data/quyhv/oil_forecast_tail_risk/scripts/training/train_unified.py:309: FutureWarning: `torch.cuda.amp.autocast(args...)` is deprecated. Please use `torch.amp.autocast('cuda', args...)` instead.
  with autocast(enabled=use_amp):
/data/quyhv/oil_forecast_tail_risk/scripts/training/train_unified.py:349: FutureWarning: `torch.cuda.amp.autocast(args...)` is deprecated. Please use `torch.amp.autocast('cuda', args...)` instead.
  with autocast(enabled=use_amp):
 Iter-65 | MAE=4.014 | MAPE=3.15%
/data/quyhv/oil_forecast_tail_risk/scripts/training/train_unified.py:290: FutureWarning: `torch.cuda.amp.GradScaler(args...)` is deprecated. Please use `torch.amp.GradScaler('cuda', args...)` instead.
  scaler = GradScaler(enabled=use_amp)
/data/quyhv/oil_forecast_tail_risk/scripts/training/train_unified.py:309: FutureWarning: `torch.cuda.amp.autocast(args...)` is deprecated. Please use `torch.amp.autocast('cuda', args...)` instead.
  with autocast(enabled=use_amp):
/data/quyhv/oil_forecast_tail_risk/scripts/training/train_unified.py:349: FutureWarning: `torch.cuda.amp.autocast(args...)` is deprecated. Please use `torch.amp.autocast('cuda', args...)` instead.
  with autocast(enabled=use_amp):
 Iter-66 | MAE=13.105 | MAPE=9.67%
/data/quyhv/oil_forecast_tail_risk/scripts/training/train_unified.py:290: FutureWarning: `torch.cuda.amp.GradScaler(args...)` is deprecated. Please use `torch.amp.GradScaler('cuda', args...)` instead.
  scaler = GradScaler(enabled=use_amp)
/data/quyhv/oil_forecast_tail_risk/scripts/training/train_unified.py:309: FutureWarning: `torch.cuda.amp.autocast(args...)` is deprecated. Please use `torch.amp.autocast('cuda', args...)` instead.
  with autocast(enabled=use_amp):
/data/quyhv/oil_forecast_tail_risk/scripts/training/train_unified.py:349: FutureWarning: `torch.cuda.amp.autocast(args...)` is deprecated. Please use `torch.amp.autocast('cuda', args...)` instead.
  with autocast(enabled=use_amp):
 Iter-67 | MAE=2.056 | MAPE=1.46%
/data/quyhv/oil_forecast_tail_risk/scripts/training/train_unified.py:290: FutureWarning: `torch.cuda.amp.GradScaler(args...)` is deprecated. Please use `torch.amp.GradScaler('cuda', args...)` instead.
  scaler = GradScaler(enabled=use_amp)
/data/quyhv/oil_forecast_tail_risk/scripts/training/train_unified.py:309: FutureWarning: `torch.cuda.amp.autocast(args...)` is deprecated. Please use `torch.amp.autocast('cuda', args...)` instead.
  with autocast(enabled=use_amp):
/data/quyhv/oil_forecast_tail_risk/scripts/training/train_unified.py:349: FutureWarning: `torch.cuda.amp.autocast(args...)` is deprecated. Please use `torch.amp.autocast('cuda', args...)` instead.
  with autocast(enabled=use_amp):
 Iter-68 | MAE=2.517 | MAPE=1.67%
/data/quyhv/oil_forecast_tail_risk/scripts/training/train_unified.py:290: FutureWarning: `torch.cuda.amp.GradScaler(args...)` is deprecated. Please use `torch.amp.GradScaler('cuda', args...)` instead.
  scaler = GradScaler(enabled=use_amp)
/data/quyhv/oil_forecast_tail_risk/scripts/training/train_unified.py:309: FutureWarning: `torch.cuda.amp.autocast(args...)` is deprecated. Please use `torch.amp.autocast('cuda', args...)` instead.
  with autocast(enabled=use_amp):
/data/quyhv/oil_forecast_tail_risk/scripts/training/train_unified.py:349: FutureWarning: `torch.cuda.amp.autocast(args...)` is deprecated. Please use `torch.amp.autocast('cuda', args...)` instead.
  with autocast(enabled=use_amp):
 Iter-69 | MAE=10.104 | MAPE=6.93%
/data/quyhv/oil_forecast_tail_risk/scripts/training/train_unified.py:290: FutureWarning: `torch.cuda.amp.GradScaler(args...)` is deprecated. Please use `torch.amp.GradScaler('cuda', args...)` instead.
  scaler = GradScaler(enabled=use_amp)
/data/quyhv/oil_forecast_tail_risk/scripts/training/train_unified.py:309: FutureWarning: `torch.cuda.amp.autocast(args...)` is deprecated. Please use `torch.amp.autocast('cuda', args...)` instead.
  with autocast(enabled=use_amp):
/data/quyhv/oil_forecast_tail_risk/scripts/training/train_unified.py:349: FutureWarning: `torch.cuda.amp.autocast(args...)` is deprecated. Please use `torch.amp.autocast('cuda', args...)` instead.
  with autocast(enabled=use_amp):
 Iter-70 | MAE=3.553 | MAPE=2.42%
/data/quyhv/oil_forecast_tail_risk/scripts/training/train_unified.py:290: FutureWarning: `torch.cuda.amp.GradScaler(args...)` is deprecated. Please use `torch.amp.GradScaler('cuda', args...)` instead.
  scaler = GradScaler(enabled=use_amp)
/data/quyhv/oil_forecast_tail_risk/scripts/training/train_unified.py:309: FutureWarning: `torch.cuda.amp.autocast(args...)` is deprecated. Please use `torch.amp.autocast('cuda', args...)` instead.
  with autocast(enabled=use_amp):
/data/quyhv/oil_forecast_tail_risk/scripts/training/train_unified.py:349: FutureWarning: `torch.cuda.amp.autocast(args...)` is deprecated. Please use `torch.amp.autocast('cuda', args...)` instead.
  with autocast(enabled=use_amp):
 Iter-71 | MAE=6.692 | MAPE=4.23%
/data/quyhv/oil_forecast_tail_risk/scripts/training/train_unified.py:290: FutureWarning: `torch.cuda.amp.GradScaler(args...)` is deprecated. Please use `torch.amp.GradScaler('cuda', args...)` instead.
  scaler = GradScaler(enabled=use_amp)
/data/quyhv/oil_forecast_tail_risk/scripts/training/train_unified.py:309: FutureWarning: `torch.cuda.amp.autocast(args...)` is deprecated. Please use `torch.amp.autocast('cuda', args...)` instead.
  with autocast(enabled=use_amp):
/data/quyhv/oil_forecast_tail_risk/scripts/training/train_unified.py:349: FutureWarning: `torch.cuda.amp.autocast(args...)` is deprecated. Please use `torch.amp.autocast('cuda', args...)` instead.
  with autocast(enabled=use_amp):
 Iter-72 | MAE=1.638 | MAPE=1.05%
/data/quyhv/oil_forecast_tail_risk/scripts/training/train_unified.py:290: FutureWarning: `torch.cuda.amp.GradScaler(args...)` is deprecated. Please use `torch.amp.GradScaler('cuda', args...)` instead.
  scaler = GradScaler(enabled=use_amp)
/data/quyhv/oil_forecast_tail_risk/scripts/training/train_unified.py:309: FutureWarning: `torch.cuda.amp.autocast(args...)` is deprecated. Please use `torch.amp.autocast('cuda', args...)` instead.
  with autocast(enabled=use_amp):
/data/quyhv/oil_forecast_tail_risk/scripts/training/train_unified.py:349: FutureWarning: `torch.cuda.amp.autocast(args...)` is deprecated. Please use `torch.amp.autocast('cuda', args...)` instead.
  with autocast(enabled=use_amp):
 Iter-73 | MAE=3.787 | MAPE=2.32%
/data/quyhv/oil_forecast_tail_risk/scripts/training/train_unified.py:290: FutureWarning: `torch.cuda.amp.GradScaler(args...)` is deprecated. Please use `torch.amp.GradScaler('cuda', args...)` instead.
  scaler = GradScaler(enabled=use_amp)
/data/quyhv/oil_forecast_tail_risk/scripts/training/train_unified.py:309: FutureWarning: `torch.cuda.amp.autocast(args...)` is deprecated. Please use `torch.amp.autocast('cuda', args...)` instead.
  with autocast(enabled=use_amp):
/data/quyhv/oil_forecast_tail_risk/scripts/training/train_unified.py:349: FutureWarning: `torch.cuda.amp.autocast(args...)` is deprecated. Please use `torch.amp.autocast('cuda', args...)` instead.
  with autocast(enabled=use_amp):
 Iter-74 | MAE=12.007 | MAPE=8.29%
/data/quyhv/oil_forecast_tail_risk/scripts/training/train_unified.py:290: FutureWarning: `torch.cuda.amp.GradScaler(args...)` is deprecated. Please use `torch.amp.GradScaler('cuda', args...)` instead.
  scaler = GradScaler(enabled=use_amp)
/data/quyhv/oil_forecast_tail_risk/scripts/training/train_unified.py:309: FutureWarning: `torch.cuda.amp.autocast(args...)` is deprecated. Please use `torch.amp.autocast('cuda', args...)` instead.
  with autocast(enabled=use_amp):
/data/quyhv/oil_forecast_tail_risk/scripts/training/train_unified.py:349: FutureWarning: `torch.cuda.amp.autocast(args...)` is deprecated. Please use `torch.amp.autocast('cuda', args...)` instead.
  with autocast(enabled=use_amp):
 Iter-75 | MAE=15.309 | MAPE=11.50%
/data/quyhv/oil_forecast_tail_risk/scripts/training/train_unified.py:290: FutureWarning: `torch.cuda.amp.GradScaler(args...)` is deprecated. Please use `torch.amp.GradScaler('cuda', args...)` instead.
  scaler = GradScaler(enabled=use_amp)
/data/quyhv/oil_forecast_tail_risk/scripts/training/train_unified.py:309: FutureWarning: `torch.cuda.amp.autocast(args...)` is deprecated. Please use `torch.amp.autocast('cuda', args...)` instead.
  with autocast(enabled=use_amp):
/data/quyhv/oil_forecast_tail_risk/scripts/training/train_unified.py:349: FutureWarning: `torch.cuda.amp.autocast(args...)` is deprecated. Please use `torch.amp.autocast('cuda', args...)` instead.
  with autocast(enabled=use_amp):
 Iter-76 | MAE=4.406 | MAPE=3.40%
/data/quyhv/oil_forecast_tail_risk/scripts/training/train_unified.py:290: FutureWarning: `torch.cuda.amp.GradScaler(args...)` is deprecated. Please use `torch.amp.GradScaler('cuda', args...)` instead.
  scaler = GradScaler(enabled=use_amp)
/data/quyhv/oil_forecast_tail_risk/scripts/training/train_unified.py:309: FutureWarning: `torch.cuda.amp.autocast(args...)` is deprecated. Please use `torch.amp.autocast('cuda', args...)` instead.
  with autocast(enabled=use_amp):
/data/quyhv/oil_forecast_tail_risk/scripts/training/train_unified.py:349: FutureWarning: `torch.cuda.amp.autocast(args...)` is deprecated. Please use `torch.amp.autocast('cuda', args...)` instead.
  with autocast(enabled=use_amp):
 Iter-77 | MAE=0.743 | MAPE=0.55%
/data/quyhv/oil_forecast_tail_risk/scripts/training/train_unified.py:290: FutureWarning: `torch.cuda.amp.GradScaler(args...)` is deprecated. Please use `torch.amp.GradScaler('cuda', args...)` instead.
  scaler = GradScaler(enabled=use_amp)
/data/quyhv/oil_forecast_tail_risk/scripts/training/train_unified.py:309: FutureWarning: `torch.cuda.amp.autocast(args...)` is deprecated. Please use `torch.amp.autocast('cuda', args...)` instead.
  with autocast(enabled=use_amp):
/data/quyhv/oil_forecast_tail_risk/scripts/training/train_unified.py:349: FutureWarning: `torch.cuda.amp.autocast(args...)` is deprecated. Please use `torch.amp.autocast('cuda', args...)` instead.
  with autocast(enabled=use_amp):
 Iter-78 | MAE=6.888 | MAPE=4.80%
/data/quyhv/oil_forecast_tail_risk/scripts/training/train_unified.py:290: FutureWarning: `torch.cuda.amp.GradScaler(args...)` is deprecated. Please use `torch.amp.GradScaler('cuda', args...)` instead.
  scaler = GradScaler(enabled=use_amp)
/data/quyhv/oil_forecast_tail_risk/scripts/training/train_unified.py:309: FutureWarning: `torch.cuda.amp.autocast(args...)` is deprecated. Please use `torch.amp.autocast('cuda', args...)` instead.
  with autocast(enabled=use_amp):
/data/quyhv/oil_forecast_tail_risk/scripts/training/train_unified.py:349: FutureWarning: `torch.cuda.amp.autocast(args...)` is deprecated. Please use `torch.amp.autocast('cuda', args...)` instead.
  with autocast(enabled=use_amp):
 Iter-79 | MAE=2.297 | MAPE=1.62%
/data/quyhv/oil_forecast_tail_risk/scripts/training/train_unified.py:290: FutureWarning: `torch.cuda.amp.GradScaler(args...)` is deprecated. Please use `torch.amp.GradScaler('cuda', args...)` instead.
  scaler = GradScaler(enabled=use_amp)
/data/quyhv/oil_forecast_tail_risk/scripts/training/train_unified.py:309: FutureWarning: `torch.cuda.amp.autocast(args...)` is deprecated. Please use `torch.amp.autocast('cuda', args...)` instead.
  with autocast(enabled=use_amp):
/data/quyhv/oil_forecast_tail_risk/scripts/training/train_unified.py:349: FutureWarning: `torch.cuda.amp.autocast(args...)` is deprecated. Please use `torch.amp.autocast('cuda', args...)` instead.
  with autocast(enabled=use_amp):
 Iter-80 | MAE=2.540 | MAPE=1.82%
/data/quyhv/oil_forecast_tail_risk/scripts/training/train_unified.py:290: FutureWarning: `torch.cuda.amp.GradScaler(args...)` is deprecated. Please use `torch.amp.GradScaler('cuda', args...)` instead.
  scaler = GradScaler(enabled=use_amp)
/data/quyhv/oil_forecast_tail_risk/scripts/training/train_unified.py:309: FutureWarning: `torch.cuda.amp.autocast(args...)` is deprecated. Please use `torch.amp.autocast('cuda', args...)` instead.
  with autocast(enabled=use_amp):
/data/quyhv/oil_forecast_tail_risk/scripts/training/train_unified.py:349: FutureWarning: `torch.cuda.amp.autocast(args...)` is deprecated. Please use `torch.amp.autocast('cuda', args...)` instead.
  with autocast(enabled=use_amp):
 Iter-81 | MAE=7.936 | MAPE=5.36%
/data/quyhv/oil_forecast_tail_risk/scripts/training/train_unified.py:290: FutureWarning: `torch.cuda.amp.GradScaler(args...)` is deprecated. Please use `torch.amp.GradScaler('cuda', args...)` instead.
  scaler = GradScaler(enabled=use_amp)
/data/quyhv/oil_forecast_tail_risk/scripts/training/train_unified.py:309: FutureWarning: `torch.cuda.amp.autocast(args...)` is deprecated. Please use `torch.amp.autocast('cuda', args...)` instead.
  with autocast(enabled=use_amp):
/data/quyhv/oil_forecast_tail_risk/scripts/training/train_unified.py:349: FutureWarning: `torch.cuda.amp.autocast(args...)` is deprecated. Please use `torch.amp.autocast('cuda', args...)` instead.
  with autocast(enabled=use_amp):
 Iter-82 | MAE=4.309 | MAPE=2.97%
/data/quyhv/oil_forecast_tail_risk/scripts/training/train_unified.py:290: FutureWarning: `torch.cuda.amp.GradScaler(args...)` is deprecated. Please use `torch.amp.GradScaler('cuda', args...)` instead.
  scaler = GradScaler(enabled=use_amp)
/data/quyhv/oil_forecast_tail_risk/scripts/training/train_unified.py:309: FutureWarning: `torch.cuda.amp.autocast(args...)` is deprecated. Please use `torch.amp.autocast('cuda', args...)` instead.
  with autocast(enabled=use_amp):
/data/quyhv/oil_forecast_tail_risk/scripts/training/train_unified.py:349: FutureWarning: `torch.cuda.amp.autocast(args...)` is deprecated. Please use `torch.amp.autocast('cuda', args...)` instead.
  with autocast(enabled=use_amp):
 Iter-83 | MAE=4.529 | MAPE=3.18%
/data/quyhv/oil_forecast_tail_risk/scripts/training/train_unified.py:290: FutureWarning: `torch.cuda.amp.GradScaler(args...)` is deprecated. Please use `torch.amp.GradScaler('cuda', args...)` instead.
  scaler = GradScaler(enabled=use_amp)
/data/quyhv/oil_forecast_tail_risk/scripts/training/train_unified.py:309: FutureWarning: `torch.cuda.amp.autocast(args...)` is deprecated. Please use `torch.amp.autocast('cuda', args...)` instead.
  with autocast(enabled=use_amp):
/data/quyhv/oil_forecast_tail_risk/scripts/training/train_unified.py:349: FutureWarning: `torch.cuda.amp.autocast(args...)` is deprecated. Please use `torch.amp.autocast('cuda', args...)` instead.
  with autocast(enabled=use_amp):
 Iter-84 | MAE=22.028 | MAPE=17.94%
/data/quyhv/oil_forecast_tail_risk/scripts/training/train_unified.py:290: FutureWarning: `torch.cuda.amp.GradScaler(args...)` is deprecated. Please use `torch.amp.GradScaler('cuda', args...)` instead.
  scaler = GradScaler(enabled=use_amp)
/data/quyhv/oil_forecast_tail_risk/scripts/training/train_unified.py:309: FutureWarning: `torch.cuda.amp.autocast(args...)` is deprecated. Please use `torch.amp.autocast('cuda', args...)` instead.
  with autocast(enabled=use_amp):
/data/quyhv/oil_forecast_tail_risk/scripts/training/train_unified.py:349: FutureWarning: `torch.cuda.amp.autocast(args...)` is deprecated. Please use `torch.amp.autocast('cuda', args...)` instead.
  with autocast(enabled=use_amp):
 Iter-85 | MAE=11.494 | MAPE=8.65%
/data/quyhv/oil_forecast_tail_risk/scripts/training/train_unified.py:290: FutureWarning: `torch.cuda.amp.GradScaler(args...)` is deprecated. Please use `torch.amp.GradScaler('cuda', args...)` instead.
  scaler = GradScaler(enabled=use_amp)
/data/quyhv/oil_forecast_tail_risk/scripts/training/train_unified.py:309: FutureWarning: `torch.cuda.amp.autocast(args...)` is deprecated. Please use `torch.amp.autocast('cuda', args...)` instead.
  with autocast(enabled=use_amp):
/data/quyhv/oil_forecast_tail_risk/scripts/training/train_unified.py:349: FutureWarning: `torch.cuda.amp.autocast(args...)` is deprecated. Please use `torch.amp.autocast('cuda', args...)` instead.
  with autocast(enabled=use_amp):
 Iter-86 | MAE=1.732 | MAPE=1.34%
/data/quyhv/oil_forecast_tail_risk/scripts/training/train_unified.py:290: FutureWarning: `torch.cuda.amp.GradScaler(args...)` is deprecated. Please use `torch.amp.GradScaler('cuda', args...)` instead.
  scaler = GradScaler(enabled=use_amp)
/data/quyhv/oil_forecast_tail_risk/scripts/training/train_unified.py:309: FutureWarning: `torch.cuda.amp.autocast(args...)` is deprecated. Please use `torch.amp.autocast('cuda', args...)` instead.
  with autocast(enabled=use_amp):
/data/quyhv/oil_forecast_tail_risk/scripts/training/train_unified.py:349: FutureWarning: `torch.cuda.amp.autocast(args...)` is deprecated. Please use `torch.amp.autocast('cuda', args...)` instead.
  with autocast(enabled=use_amp):
 Iter-87 | MAE=1.949 | MAPE=1.46%
/data/quyhv/oil_forecast_tail_risk/scripts/training/train_unified.py:290: FutureWarning: `torch.cuda.amp.GradScaler(args...)` is deprecated. Please use `torch.amp.GradScaler('cuda', args...)` instead.
  scaler = GradScaler(enabled=use_amp)
/data/quyhv/oil_forecast_tail_risk/scripts/training/train_unified.py:309: FutureWarning: `torch.cuda.amp.autocast(args...)` is deprecated. Please use `torch.amp.autocast('cuda', args...)` instead.
  with autocast(enabled=use_amp):
/data/quyhv/oil_forecast_tail_risk/scripts/training/train_unified.py:349: FutureWarning: `torch.cuda.amp.autocast(args...)` is deprecated. Please use `torch.amp.autocast('cuda', args...)` instead.
  with autocast(enabled=use_amp):
 Iter-88 | MAE=5.769 | MAPE=4.55%
/data/quyhv/oil_forecast_tail_risk/scripts/training/train_unified.py:290: FutureWarning: `torch.cuda.amp.GradScaler(args...)` is deprecated. Please use `torch.amp.GradScaler('cuda', args...)` instead.
  scaler = GradScaler(enabled=use_amp)
/data/quyhv/oil_forecast_tail_risk/scripts/training/train_unified.py:309: FutureWarning: `torch.cuda.amp.autocast(args...)` is deprecated. Please use `torch.amp.autocast('cuda', args...)` instead.
  with autocast(enabled=use_amp):
/data/quyhv/oil_forecast_tail_risk/scripts/training/train_unified.py:349: FutureWarning: `torch.cuda.amp.autocast(args...)` is deprecated. Please use `torch.amp.autocast('cuda', args...)` instead.
  with autocast(enabled=use_amp):
 Iter-89 | MAE=4.666 | MAPE=3.84%
/data/quyhv/oil_forecast_tail_risk/scripts/training/train_unified.py:290: FutureWarning: `torch.cuda.amp.GradScaler(args...)` is deprecated. Please use `torch.amp.GradScaler('cuda', args...)` instead.
  scaler = GradScaler(enabled=use_amp)
/data/quyhv/oil_forecast_tail_risk/scripts/training/train_unified.py:309: FutureWarning: `torch.cuda.amp.autocast(args...)` is deprecated. Please use `torch.amp.autocast('cuda', args...)` instead.
  with autocast(enabled=use_amp):
/data/quyhv/oil_forecast_tail_risk/scripts/training/train_unified.py:349: FutureWarning: `torch.cuda.amp.autocast(args...)` is deprecated. Please use `torch.amp.autocast('cuda', args...)` instead.
  with autocast(enabled=use_amp):
 Iter-90 | MAE=2.590 | MAPE=2.13%
/data/quyhv/oil_forecast_tail_risk/scripts/training/train_unified.py:290: FutureWarning: `torch.cuda.amp.GradScaler(args...)` is deprecated. Please use `torch.amp.GradScaler('cuda', args...)` instead.
  scaler = GradScaler(enabled=use_amp)
/data/quyhv/oil_forecast_tail_risk/scripts/training/train_unified.py:309: FutureWarning: `torch.cuda.amp.autocast(args...)` is deprecated. Please use `torch.amp.autocast('cuda', args...)` instead.
  with autocast(enabled=use_amp):
/data/quyhv/oil_forecast_tail_risk/scripts/training/train_unified.py:349: FutureWarning: `torch.cuda.amp.autocast(args...)` is deprecated. Please use `torch.amp.autocast('cuda', args...)` instead.
  with autocast(enabled=use_amp):
 Iter-91 | MAE=3.388 | MAPE=2.65%
/data/quyhv/oil_forecast_tail_risk/scripts/training/train_unified.py:290: FutureWarning: `torch.cuda.amp.GradScaler(args...)` is deprecated. Please use `torch.amp.GradScaler('cuda', args...)` instead.
  scaler = GradScaler(enabled=use_amp)
/data/quyhv/oil_forecast_tail_risk/scripts/training/train_unified.py:309: FutureWarning: `torch.cuda.amp.autocast(args...)` is deprecated. Please use `torch.amp.autocast('cuda', args...)` instead.
  with autocast(enabled=use_amp):
/data/quyhv/oil_forecast_tail_risk/scripts/training/train_unified.py:349: FutureWarning: `torch.cuda.amp.autocast(args...)` is deprecated. Please use `torch.amp.autocast('cuda', args...)` instead.
  with autocast(enabled=use_amp):
 Iter-92 | MAE=2.563 | MAPE=2.15%
/data/quyhv/oil_forecast_tail_risk/scripts/training/train_unified.py:290: FutureWarning: `torch.cuda.amp.GradScaler(args...)` is deprecated. Please use `torch.amp.GradScaler('cuda', args...)` instead.
  scaler = GradScaler(enabled=use_amp)
/data/quyhv/oil_forecast_tail_risk/scripts/training/train_unified.py:309: FutureWarning: `torch.cuda.amp.autocast(args...)` is deprecated. Please use `torch.amp.autocast('cuda', args...)` instead.
  with autocast(enabled=use_amp):
/data/quyhv/oil_forecast_tail_risk/scripts/training/train_unified.py:349: FutureWarning: `torch.cuda.amp.autocast(args...)` is deprecated. Please use `torch.amp.autocast('cuda', args...)` instead.
  with autocast(enabled=use_amp):
 Iter-93 | MAE=1.727 | MAPE=1.43%
/data/quyhv/oil_forecast_tail_risk/scripts/training/train_unified.py:290: FutureWarning: `torch.cuda.amp.GradScaler(args...)` is deprecated. Please use `torch.amp.GradScaler('cuda', args...)` instead.
  scaler = GradScaler(enabled=use_amp)
/data/quyhv/oil_forecast_tail_risk/scripts/training/train_unified.py:309: FutureWarning: `torch.cuda.amp.autocast(args...)` is deprecated. Please use `torch.amp.autocast('cuda', args...)` instead.
  with autocast(enabled=use_amp):
/data/quyhv/oil_forecast_tail_risk/scripts/training/train_unified.py:349: FutureWarning: `torch.cuda.amp.autocast(args...)` is deprecated. Please use `torch.amp.autocast('cuda', args...)` instead.
  with autocast(enabled=use_amp):
 Iter-94 | MAE=4.510 | MAPE=3.59%
/data/quyhv/oil_forecast_tail_risk/scripts/training/train_unified.py:290: FutureWarning: `torch.cuda.amp.GradScaler(args...)` is deprecated. Please use `torch.amp.GradScaler('cuda', args...)` instead.
  scaler = GradScaler(enabled=use_amp)
/data/quyhv/oil_forecast_tail_risk/scripts/training/train_unified.py:309: FutureWarning: `torch.cuda.amp.autocast(args...)` is deprecated. Please use `torch.amp.autocast('cuda', args...)` instead.
  with autocast(enabled=use_amp):
/data/quyhv/oil_forecast_tail_risk/scripts/training/train_unified.py:349: FutureWarning: `torch.cuda.amp.autocast(args...)` is deprecated. Please use `torch.amp.autocast('cuda', args...)` instead.
  with autocast(enabled=use_amp):
 Iter-95 | MAE=2.427 | MAPE=1.89%
/data/quyhv/oil_forecast_tail_risk/scripts/training/train_unified.py:290: FutureWarning: `torch.cuda.amp.GradScaler(args...)` is deprecated. Please use `torch.amp.GradScaler('cuda', args...)` instead.
  scaler = GradScaler(enabled=use_amp)
/data/quyhv/oil_forecast_tail_risk/scripts/training/train_unified.py:309: FutureWarning: `torch.cuda.amp.autocast(args...)` is deprecated. Please use `torch.amp.autocast('cuda', args...)` instead.
  with autocast(enabled=use_amp):
/data/quyhv/oil_forecast_tail_risk/scripts/training/train_unified.py:349: FutureWarning: `torch.cuda.amp.autocast(args...)` is deprecated. Please use `torch.amp.autocast('cuda', args...)` instead.
  with autocast(enabled=use_amp):
 Iter-96 | MAE=1.156 | MAPE=0.91%
/data/quyhv/oil_forecast_tail_risk/scripts/training/train_unified.py:290: FutureWarning: `torch.cuda.amp.GradScaler(args...)` is deprecated. Please use `torch.amp.GradScaler('cuda', args...)` instead.
  scaler = GradScaler(enabled=use_amp)
/data/quyhv/oil_forecast_tail_risk/scripts/training/train_unified.py:309: FutureWarning: `torch.cuda.amp.autocast(args...)` is deprecated. Please use `torch.amp.autocast('cuda', args...)` instead.
  with autocast(enabled=use_amp):
/data/quyhv/oil_forecast_tail_risk/scripts/training/train_unified.py:349: FutureWarning: `torch.cuda.amp.autocast(args...)` is deprecated. Please use `torch.amp.autocast('cuda', args...)` instead.
  with autocast(enabled=use_amp):
 Iter-97 | MAE=2.231 | MAPE=1.72%
/data/quyhv/oil_forecast_tail_risk/scripts/training/train_unified.py:290: FutureWarning: `torch.cuda.amp.GradScaler(args...)` is deprecated. Please use `torch.amp.GradScaler('cuda', args...)` instead.
  scaler = GradScaler(enabled=use_amp)
/data/quyhv/oil_forecast_tail_risk/scripts/training/train_unified.py:309: FutureWarning: `torch.cuda.amp.autocast(args...)` is deprecated. Please use `torch.amp.autocast('cuda', args...)` instead.
  with autocast(enabled=use_amp):
/data/quyhv/oil_forecast_tail_risk/scripts/training/train_unified.py:349: FutureWarning: `torch.cuda.amp.autocast(args...)` is deprecated. Please use `torch.amp.autocast('cuda', args...)` instead.
  with autocast(enabled=use_amp):
 Iter-98 | MAE=0.805 | MAPE=0.63%
/data/quyhv/oil_forecast_tail_risk/scripts/training/train_unified.py:290: FutureWarning: `torch.cuda.amp.GradScaler(args...)` is deprecated. Please use `torch.amp.GradScaler('cuda', args...)` instead.
  scaler = GradScaler(enabled=use_amp)
/data/quyhv/oil_forecast_tail_risk/scripts/training/train_unified.py:309: FutureWarning: `torch.cuda.amp.autocast(args...)` is deprecated. Please use `torch.amp.autocast('cuda', args...)` instead.
  with autocast(enabled=use_amp):
/data/quyhv/oil_forecast_tail_risk/scripts/training/train_unified.py:349: FutureWarning: `torch.cuda.amp.autocast(args...)` is deprecated. Please use `torch.amp.autocast('cuda', args...)` instead.
  with autocast(enabled=use_amp):
 Iter-99 | MAE=3.159 | MAPE=2.40%
/data/quyhv/oil_forecast_tail_risk/scripts/training/train_unified.py:290: FutureWarning: `torch.cuda.amp.GradScaler(args...)` is deprecated. Please use `torch.amp.GradScaler('cuda', args...)` instead.
  scaler = GradScaler(enabled=use_amp)
/data/quyhv/oil_forecast_tail_risk/scripts/training/train_unified.py:309: FutureWarning: `torch.cuda.amp.autocast(args...)` is deprecated. Please use `torch.amp.autocast('cuda', args...)` instead.
  with autocast(enabled=use_amp):
/data/quyhv/oil_forecast_tail_risk/scripts/training/train_unified.py:349: FutureWarning: `torch.cuda.amp.autocast(args...)` is deprecated. Please use `torch.amp.autocast('cuda', args...)` instead.
  with autocast(enabled=use_amp):
 Iter-100 | MAE=4.066 | MAPE=2.99%

 OVERALL: MAE=3.086, MAPE=2.68%, R2=0.9683 (2509.5s)
Saved model checkpoint: /data/quyhv/oil_forecast_tail_risk/results_v4/walkforward/RLinear/XANG_H1_seed777/model_checkpoint.pth
Saved processor/scaler: /data/quyhv/oil_forecast_tail_risk/results_v4/walkforward/RLinear/XANG_H1_seed777/processor.pkl

 All 1 experiments completed!

================================================================================
 [1/1] LTSF_Linear | XANG | H1 | walkforward
================================================================================

 Using GPU: Tesla T4
================================================================================
 LTSF_Linear | XANG | H1 | walkforward | seed=777
================================================================================
Data: 4513 rows | Features: 15
/data/quyhv/oil_forecast_tail_risk/scripts/training/train_unified.py:290: FutureWarning: `torch.cuda.amp.GradScaler(args...)` is deprecated. Please use `torch.amp.GradScaler('cuda', args...)` instead.
  scaler = GradScaler(enabled=use_amp)
/data/quyhv/oil_forecast_tail_risk/scripts/training/train_unified.py:309: FutureWarning: `torch.cuda.amp.autocast(args...)` is deprecated. Please use `torch.amp.autocast('cuda', args...)` instead.
  with autocast(enabled=use_amp):
/data/quyhv/oil_forecast_tail_risk/scripts/training/train_unified.py:349: FutureWarning: `torch.cuda.amp.autocast(args...)` is deprecated. Please use `torch.amp.autocast('cuda', args...)` instead.
  with autocast(enabled=use_amp):
 Iter-01 | MAE=0.216 | MAPE=0.28%
/data/quyhv/oil_forecast_tail_risk/scripts/training/train_unified.py:290: FutureWarning: `torch.cuda.amp.GradScaler(args...)` is deprecated. Please use `torch.amp.GradScaler('cuda', args...)` instead.
  scaler = GradScaler(enabled=use_amp)
/data/quyhv/oil_forecast_tail_risk/scripts/training/train_unified.py:309: FutureWarning: `torch.cuda.amp.autocast(args...)` is deprecated. Please use `torch.amp.autocast('cuda', args...)` instead.
  with autocast(enabled=use_amp):
/data/quyhv/oil_forecast_tail_risk/scripts/training/train_unified.py:349: FutureWarning: `torch.cuda.amp.autocast(args...)` is deprecated. Please use `torch.amp.autocast('cuda', args...)` instead.
  with autocast(enabled=use_amp):
 Iter-02 | MAE=0.243 | MAPE=0.31%
/data/quyhv/oil_forecast_tail_risk/scripts/training/train_unified.py:290: FutureWarning: `torch.cuda.amp.GradScaler(args...)` is deprecated. Please use `torch.amp.GradScaler('cuda', args...)` instead.
  scaler = GradScaler(enabled=use_amp)
/data/quyhv/oil_forecast_tail_risk/scripts/training/train_unified.py:309: FutureWarning: `torch.cuda.amp.autocast(args...)` is deprecated. Please use `torch.amp.autocast('cuda', args...)` instead.
  with autocast(enabled=use_amp):
/data/quyhv/oil_forecast_tail_risk/scripts/training/train_unified.py:349: FutureWarning: `torch.cuda.amp.autocast(args...)` is deprecated. Please use `torch.amp.autocast('cuda', args...)` instead.
  with autocast(enabled=use_amp):
 Iter-03 | MAE=0.299 | MAPE=0.38%
/data/quyhv/oil_forecast_tail_risk/scripts/training/train_unified.py:290: FutureWarning: `torch.cuda.amp.GradScaler(args...)` is deprecated. Please use `torch.amp.GradScaler('cuda', args...)` instead.
  scaler = GradScaler(enabled=use_amp)
/data/quyhv/oil_forecast_tail_risk/scripts/training/train_unified.py:309: FutureWarning: `torch.cuda.amp.autocast(args...)` is deprecated. Please use `torch.amp.autocast('cuda', args...)` instead.
  with autocast(enabled=use_amp):
/data/quyhv/oil_forecast_tail_risk/scripts/training/train_unified.py:349: FutureWarning: `torch.cuda.amp.autocast(args...)` is deprecated. Please use `torch.amp.autocast('cuda', args...)` instead.
  with autocast(enabled=use_amp):
 Iter-04 | MAE=2.559 | MAPE=3.40%
/data/quyhv/oil_forecast_tail_risk/scripts/training/train_unified.py:290: FutureWarning: `torch.cuda.amp.GradScaler(args...)` is deprecated. Please use `torch.amp.GradScaler('cuda', args...)` instead.
  scaler = GradScaler(enabled=use_amp)
/data/quyhv/oil_forecast_tail_risk/scripts/training/train_unified.py:309: FutureWarning: `torch.cuda.amp.autocast(args...)` is deprecated. Please use `torch.amp.autocast('cuda', args...)` instead.
  with autocast(enabled=use_amp):
/data/quyhv/oil_forecast_tail_risk/scripts/training/train_unified.py:349: FutureWarning: `torch.cuda.amp.autocast(args...)` is deprecated. Please use `torch.amp.autocast('cuda', args...)` instead.
  with autocast(enabled=use_amp):
 Iter-05 | MAE=0.427 | MAPE=0.57%
/data/quyhv/oil_forecast_tail_risk/scripts/training/train_unified.py:290: FutureWarning: `torch.cuda.amp.GradScaler(args...)` is deprecated. Please use `torch.amp.GradScaler('cuda', args...)` instead.
  scaler = GradScaler(enabled=use_amp)
/data/quyhv/oil_forecast_tail_risk/scripts/training/train_unified.py:309: FutureWarning: `torch.cuda.amp.autocast(args...)` is deprecated. Please use `torch.amp.autocast('cuda', args...)` instead.
  with autocast(enabled=use_amp):
/data/quyhv/oil_forecast_tail_risk/scripts/training/train_unified.py:349: FutureWarning: `torch.cuda.amp.autocast(args...)` is deprecated. Please use `torch.amp.autocast('cuda', args...)` instead.
  with autocast(enabled=use_amp):
 Iter-06 | MAE=0.564 | MAPE=0.76%
/data/quyhv/oil_forecast_tail_risk/scripts/training/train_unified.py:290: FutureWarning: `torch.cuda.amp.GradScaler(args...)` is deprecated. Please use `torch.amp.GradScaler('cuda', args...)` instead.
  scaler = GradScaler(enabled=use_amp)
/data/quyhv/oil_forecast_tail_risk/scripts/training/train_unified.py:309: FutureWarning: `torch.cuda.amp.autocast(args...)` is deprecated. Please use `torch.amp.autocast('cuda', args...)` instead.
  with autocast(enabled=use_amp):
/data/quyhv/oil_forecast_tail_risk/scripts/training/train_unified.py:349: FutureWarning: `torch.cuda.amp.autocast(args...)` is deprecated. Please use `torch.amp.autocast('cuda', args...)` instead.
  with autocast(enabled=use_amp):
 Iter-07 | MAE=1.119 | MAPE=1.52%
/data/quyhv/oil_forecast_tail_risk/scripts/training/train_unified.py:290: FutureWarning: `torch.cuda.amp.GradScaler(args...)` is deprecated. Please use `torch.amp.GradScaler('cuda', args...)` instead.
  scaler = GradScaler(enabled=use_amp)
/data/quyhv/oil_forecast_tail_risk/scripts/training/train_unified.py:309: FutureWarning: `torch.cuda.amp.autocast(args...)` is deprecated. Please use `torch.amp.autocast('cuda', args...)` instead.
  with autocast(enabled=use_amp):
/data/quyhv/oil_forecast_tail_risk/scripts/training/train_unified.py:349: FutureWarning: `torch.cuda.amp.autocast(args...)` is deprecated. Please use `torch.amp.autocast('cuda', args...)` instead.
  with autocast(enabled=use_amp):
 Iter-08 | MAE=0.442 | MAPE=0.60%
/data/quyhv/oil_forecast_tail_risk/scripts/training/train_unified.py:290: FutureWarning: `torch.cuda.amp.GradScaler(args...)` is deprecated. Please use `torch.amp.GradScaler('cuda', args...)` instead.
  scaler = GradScaler(enabled=use_amp)
/data/quyhv/oil_forecast_tail_risk/scripts/training/train_unified.py:309: FutureWarning: `torch.cuda.amp.autocast(args...)` is deprecated. Please use `torch.amp.autocast('cuda', args...)` instead.
  with autocast(enabled=use_amp):
/data/quyhv/oil_forecast_tail_risk/scripts/training/train_unified.py:349: FutureWarning: `torch.cuda.amp.autocast(args...)` is deprecated. Please use `torch.amp.autocast('cuda', args...)` instead.
  with autocast(enabled=use_amp):
 Iter-09 | MAE=1.158 | MAPE=1.57%
/data/quyhv/oil_forecast_tail_risk/scripts/training/train_unified.py:290: FutureWarning: `torch.cuda.amp.GradScaler(args...)` is deprecated. Please use `torch.amp.GradScaler('cuda', args...)` instead.
  scaler = GradScaler(enabled=use_amp)
/data/quyhv/oil_forecast_tail_risk/scripts/training/train_unified.py:309: FutureWarning: `torch.cuda.amp.autocast(args...)` is deprecated. Please use `torch.amp.autocast('cuda', args...)` instead.
  with autocast(enabled=use_amp):
/data/quyhv/oil_forecast_tail_risk/scripts/training/train_unified.py:349: FutureWarning: `torch.cuda.amp.autocast(args...)` is deprecated. Please use `torch.amp.autocast('cuda', args...)` instead.
  with autocast(enabled=use_amp):
 Iter-10 | MAE=0.849 | MAPE=1.15%
/data/quyhv/oil_forecast_tail_risk/scripts/training/train_unified.py:290: FutureWarning: `torch.cuda.amp.GradScaler(args...)` is deprecated. Please use `torch.amp.GradScaler('cuda', args...)` instead.
  scaler = GradScaler(enabled=use_amp)
/data/quyhv/oil_forecast_tail_risk/scripts/training/train_unified.py:309: FutureWarning: `torch.cuda.amp.autocast(args...)` is deprecated. Please use `torch.amp.autocast('cuda', args...)` instead.
  with autocast(enabled=use_amp):
/data/quyhv/oil_forecast_tail_risk/scripts/training/train_unified.py:349: FutureWarning: `torch.cuda.amp.autocast(args...)` is deprecated. Please use `torch.amp.autocast('cuda', args...)` instead.
  with autocast(enabled=use_amp):
 Iter-11 | MAE=0.326 | MAPE=0.44%
/data/quyhv/oil_forecast_tail_risk/scripts/training/train_unified.py:290: FutureWarning: `torch.cuda.amp.GradScaler(args...)` is deprecated. Please use `torch.amp.GradScaler('cuda', args...)` instead.
  scaler = GradScaler(enabled=use_amp)
/data/quyhv/oil_forecast_tail_risk/scripts/training/train_unified.py:309: FutureWarning: `torch.cuda.amp.autocast(args...)` is deprecated. Please use `torch.amp.autocast('cuda', args...)` instead.
  with autocast(enabled=use_amp):
/data/quyhv/oil_forecast_tail_risk/scripts/training/train_unified.py:349: FutureWarning: `torch.cuda.amp.autocast(args...)` is deprecated. Please use `torch.amp.autocast('cuda', args...)` instead.
  with autocast(enabled=use_amp):
 Iter-12 | MAE=0.665 | MAPE=0.91%
/data/quyhv/oil_forecast_tail_risk/scripts/training/train_unified.py:290: FutureWarning: `torch.cuda.amp.GradScaler(args...)` is deprecated. Please use `torch.amp.GradScaler('cuda', args...)` instead.
  scaler = GradScaler(enabled=use_amp)
/data/quyhv/oil_forecast_tail_risk/scripts/training/train_unified.py:309: FutureWarning: `torch.cuda.amp.autocast(args...)` is deprecated. Please use `torch.amp.autocast('cuda', args...)` instead.
  with autocast(enabled=use_amp):
/data/quyhv/oil_forecast_tail_risk/scripts/training/train_unified.py:349: FutureWarning: `torch.cuda.amp.autocast(args...)` is deprecated. Please use `torch.amp.autocast('cuda', args...)` instead.
  with autocast(enabled=use_amp):
 Iter-13 | MAE=0.704 | MAPE=0.97%
/data/quyhv/oil_forecast_tail_risk/scripts/training/train_unified.py:290: FutureWarning: `torch.cuda.amp.GradScaler(args...)` is deprecated. Please use `torch.amp.GradScaler('cuda', args...)` instead.
  scaler = GradScaler(enabled=use_amp)
/data/quyhv/oil_forecast_tail_risk/scripts/training/train_unified.py:309: FutureWarning: `torch.cuda.amp.autocast(args...)` is deprecated. Please use `torch.amp.autocast('cuda', args...)` instead.
  with autocast(enabled=use_amp):
/data/quyhv/oil_forecast_tail_risk/scripts/training/train_unified.py:349: FutureWarning: `torch.cuda.amp.autocast(args...)` is deprecated. Please use `torch.amp.autocast('cuda', args...)` instead.
  with autocast(enabled=use_amp):
 Iter-14 | MAE=0.221 | MAPE=0.31%
/data/quyhv/oil_forecast_tail_risk/scripts/training/train_unified.py:290: FutureWarning: `torch.cuda.amp.GradScaler(args...)` is deprecated. Please use `torch.amp.GradScaler('cuda', args...)` instead.
  scaler = GradScaler(enabled=use_amp)
/data/quyhv/oil_forecast_tail_risk/scripts/training/train_unified.py:309: FutureWarning: `torch.cuda.amp.autocast(args...)` is deprecated. Please use `torch.amp.autocast('cuda', args...)` instead.
  with autocast(enabled=use_amp):
/data/quyhv/oil_forecast_tail_risk/scripts/training/train_unified.py:349: FutureWarning: `torch.cuda.amp.autocast(args...)` is deprecated. Please use `torch.amp.autocast('cuda', args...)` instead.
  with autocast(enabled=use_amp):
 Iter-15 | MAE=0.271 | MAPE=0.37%
/data/quyhv/oil_forecast_tail_risk/scripts/training/train_unified.py:290: FutureWarning: `torch.cuda.amp.GradScaler(args...)` is deprecated. Please use `torch.amp.GradScaler('cuda', args...)` instead.
  scaler = GradScaler(enabled=use_amp)
/data/quyhv/oil_forecast_tail_risk/scripts/training/train_unified.py:309: FutureWarning: `torch.cuda.amp.autocast(args...)` is deprecated. Please use `torch.amp.autocast('cuda', args...)` instead.
  with autocast(enabled=use_amp):
/data/quyhv/oil_forecast_tail_risk/scripts/training/train_unified.py:349: FutureWarning: `torch.cuda.amp.autocast(args...)` is deprecated. Please use `torch.amp.autocast('cuda', args...)` instead.
  with autocast(enabled=use_amp):
 Iter-16 | MAE=0.463 | MAPE=0.64%
/data/quyhv/oil_forecast_tail_risk/scripts/training/train_unified.py:290: FutureWarning: `torch.cuda.amp.GradScaler(args...)` is deprecated. Please use `torch.amp.GradScaler('cuda', args...)` instead.
  scaler = GradScaler(enabled=use_amp)
/data/quyhv/oil_forecast_tail_risk/scripts/training/train_unified.py:309: FutureWarning: `torch.cuda.amp.autocast(args...)` is deprecated. Please use `torch.amp.autocast('cuda', args...)` instead.
  with autocast(enabled=use_amp):
/data/quyhv/oil_forecast_tail_risk/scripts/training/train_unified.py:349: FutureWarning: `torch.cuda.amp.autocast(args...)` is deprecated. Please use `torch.amp.autocast('cuda', args...)` instead.
  with autocast(enabled=use_amp):
 Iter-17 | MAE=0.541 | MAPE=0.75%
/data/quyhv/oil_forecast_tail_risk/scripts/training/train_unified.py:290: FutureWarning: `torch.cuda.amp.GradScaler(args...)` is deprecated. Please use `torch.amp.GradScaler('cuda', args...)` instead.
  scaler = GradScaler(enabled=use_amp)
/data/quyhv/oil_forecast_tail_risk/scripts/training/train_unified.py:309: FutureWarning: `torch.cuda.amp.autocast(args...)` is deprecated. Please use `torch.amp.autocast('cuda', args...)` instead.
  with autocast(enabled=use_amp):
/data/quyhv/oil_forecast_tail_risk/scripts/training/train_unified.py:349: FutureWarning: `torch.cuda.amp.autocast(args...)` is deprecated. Please use `torch.amp.autocast('cuda', args...)` instead.
  with autocast(enabled=use_amp):
 Iter-18 | MAE=1.462 | MAPE=2.07%
/data/quyhv/oil_forecast_tail_risk/scripts/training/train_unified.py:290: FutureWarning: `torch.cuda.amp.GradScaler(args...)` is deprecated. Please use `torch.amp.GradScaler('cuda', args...)` instead.
  scaler = GradScaler(enabled=use_amp)
/data/quyhv/oil_forecast_tail_risk/scripts/training/train_unified.py:309: FutureWarning: `torch.cuda.amp.autocast(args...)` is deprecated. Please use `torch.amp.autocast('cuda', args...)` instead.
  with autocast(enabled=use_amp):
/data/quyhv/oil_forecast_tail_risk/scripts/training/train_unified.py:349: FutureWarning: `torch.cuda.amp.autocast(args...)` is deprecated. Please use `torch.amp.autocast('cuda', args...)` instead.
  with autocast(enabled=use_amp):
 Iter-19 | MAE=0.135 | MAPE=0.19%
/data/quyhv/oil_forecast_tail_risk/scripts/training/train_unified.py:290: FutureWarning: `torch.cuda.amp.GradScaler(args...)` is deprecated. Please use `torch.amp.GradScaler('cuda', args...)` instead.
  scaler = GradScaler(enabled=use_amp)
/data/quyhv/oil_forecast_tail_risk/scripts/training/train_unified.py:309: FutureWarning: `torch.cuda.amp.autocast(args...)` is deprecated. Please use `torch.amp.autocast('cuda', args...)` instead.
  with autocast(enabled=use_amp):
/data/quyhv/oil_forecast_tail_risk/scripts/training/train_unified.py:349: FutureWarning: `torch.cuda.amp.autocast(args...)` is deprecated. Please use `torch.amp.autocast('cuda', args...)` instead.
  with autocast(enabled=use_amp):
 Iter-20 | MAE=0.809 | MAPE=1.15%
/data/quyhv/oil_forecast_tail_risk/scripts/training/train_unified.py:290: FutureWarning: `torch.cuda.amp.GradScaler(args...)` is deprecated. Please use `torch.amp.GradScaler('cuda', args...)` instead.
  scaler = GradScaler(enabled=use_amp)
/data/quyhv/oil_forecast_tail_risk/scripts/training/train_unified.py:309: FutureWarning: `torch.cuda.amp.autocast(args...)` is deprecated. Please use `torch.amp.autocast('cuda', args...)` instead.
  with autocast(enabled=use_amp):
/data/quyhv/oil_forecast_tail_risk/scripts/training/train_unified.py:349: FutureWarning: `torch.cuda.amp.autocast(args...)` is deprecated. Please use `torch.amp.autocast('cuda', args...)` instead.
  with autocast(enabled=use_amp):
 Iter-21 | MAE=1.124 | MAPE=1.59%
/data/quyhv/oil_forecast_tail_risk/scripts/training/train_unified.py:290: FutureWarning: `torch.cuda.amp.GradScaler(args...)` is deprecated. Please use `torch.amp.GradScaler('cuda', args...)` instead.
  scaler = GradScaler(enabled=use_amp)
/data/quyhv/oil_forecast_tail_risk/scripts/training/train_unified.py:309: FutureWarning: `torch.cuda.amp.autocast(args...)` is deprecated. Please use `torch.amp.autocast('cuda', args...)` instead.
  with autocast(enabled=use_amp):
/data/quyhv/oil_forecast_tail_risk/scripts/training/train_unified.py:349: FutureWarning: `torch.cuda.amp.autocast(args...)` is deprecated. Please use `torch.amp.autocast('cuda', args...)` instead.
  with autocast(enabled=use_amp):
 Iter-22 | MAE=0.624 | MAPE=0.86%
/data/quyhv/oil_forecast_tail_risk/scripts/training/train_unified.py:290: FutureWarning: `torch.cuda.amp.GradScaler(args...)` is deprecated. Please use `torch.amp.GradScaler('cuda', args...)` instead.
  scaler = GradScaler(enabled=use_amp)
/data/quyhv/oil_forecast_tail_risk/scripts/training/train_unified.py:309: FutureWarning: `torch.cuda.amp.autocast(args...)` is deprecated. Please use `torch.amp.autocast('cuda', args...)` instead.
  with autocast(enabled=use_amp):
/data/quyhv/oil_forecast_tail_risk/scripts/training/train_unified.py:349: FutureWarning: `torch.cuda.amp.autocast(args...)` is deprecated. Please use `torch.amp.autocast('cuda', args...)` instead.
  with autocast(enabled=use_amp):
 Iter-23 | MAE=1.049 | MAPE=1.45%
/data/quyhv/oil_forecast_tail_risk/scripts/training/train_unified.py:290: FutureWarning: `torch.cuda.amp.GradScaler(args...)` is deprecated. Please use `torch.amp.GradScaler('cuda', args...)` instead.
  scaler = GradScaler(enabled=use_amp)
/data/quyhv/oil_forecast_tail_risk/scripts/training/train_unified.py:309: FutureWarning: `torch.cuda.amp.autocast(args...)` is deprecated. Please use `torch.amp.autocast('cuda', args...)` instead.
  with autocast(enabled=use_amp):
/data/quyhv/oil_forecast_tail_risk/scripts/training/train_unified.py:349: FutureWarning: `torch.cuda.amp.autocast(args...)` is deprecated. Please use `torch.amp.autocast('cuda', args...)` instead.
  with autocast(enabled=use_amp):
 Iter-24 | MAE=0.235 | MAPE=0.32%
/data/quyhv/oil_forecast_tail_risk/scripts/training/train_unified.py:290: FutureWarning: `torch.cuda.amp.GradScaler(args...)` is deprecated. Please use `torch.amp.GradScaler('cuda', args...)` instead.
  scaler = GradScaler(enabled=use_amp)
/data/quyhv/oil_forecast_tail_risk/scripts/training/train_unified.py:309: FutureWarning: `torch.cuda.amp.autocast(args...)` is deprecated. Please use `torch.amp.autocast('cuda', args...)` instead.
  with autocast(enabled=use_amp):
/data/quyhv/oil_forecast_tail_risk/scripts/training/train_unified.py:349: FutureWarning: `torch.cuda.amp.autocast(args...)` is deprecated. Please use `torch.amp.autocast('cuda', args...)` instead.
  with autocast(enabled=use_amp):
 Iter-25 | MAE=1.513 | MAPE=2.09%
/data/quyhv/oil_forecast_tail_risk/scripts/training/train_unified.py:290: FutureWarning: `torch.cuda.amp.GradScaler(args...)` is deprecated. Please use `torch.amp.GradScaler('cuda', args...)` instead.
  scaler = GradScaler(enabled=use_amp)
/data/quyhv/oil_forecast_tail_risk/scripts/training/train_unified.py:309: FutureWarning: `torch.cuda.amp.autocast(args...)` is deprecated. Please use `torch.amp.autocast('cuda', args...)` instead.
  with autocast(enabled=use_amp):
/data/quyhv/oil_forecast_tail_risk/scripts/training/train_unified.py:349: FutureWarning: `torch.cuda.amp.autocast(args...)` is deprecated. Please use `torch.amp.autocast('cuda', args...)` instead.
  with autocast(enabled=use_amp):
 Iter-26 | MAE=1.817 | MAPE=2.52%
/data/quyhv/oil_forecast_tail_risk/scripts/training/train_unified.py:290: FutureWarning: `torch.cuda.amp.GradScaler(args...)` is deprecated. Please use `torch.amp.GradScaler('cuda', args...)` instead.
  scaler = GradScaler(enabled=use_amp)
/data/quyhv/oil_forecast_tail_risk/scripts/training/train_unified.py:309: FutureWarning: `torch.cuda.amp.autocast(args...)` is deprecated. Please use `torch.amp.autocast('cuda', args...)` instead.
  with autocast(enabled=use_amp):
/data/quyhv/oil_forecast_tail_risk/scripts/training/train_unified.py:349: FutureWarning: `torch.cuda.amp.autocast(args...)` is deprecated. Please use `torch.amp.autocast('cuda', args...)` instead.
  with autocast(enabled=use_amp):
 Iter-27 | MAE=0.387 | MAPE=0.54%
/data/quyhv/oil_forecast_tail_risk/scripts/training/train_unified.py:290: FutureWarning: `torch.cuda.amp.GradScaler(args...)` is deprecated. Please use `torch.amp.GradScaler('cuda', args...)` instead.
  scaler = GradScaler(enabled=use_amp)
/data/quyhv/oil_forecast_tail_risk/scripts/training/train_unified.py:309: FutureWarning: `torch.cuda.amp.autocast(args...)` is deprecated. Please use `torch.amp.autocast('cuda', args...)` instead.
  with autocast(enabled=use_amp):
/data/quyhv/oil_forecast_tail_risk/scripts/training/train_unified.py:349: FutureWarning: `torch.cuda.amp.autocast(args...)` is deprecated. Please use `torch.amp.autocast('cuda', args...)` instead.
  with autocast(enabled=use_amp):
 Iter-28 | MAE=0.325 | MAPE=0.46%
/data/quyhv/oil_forecast_tail_risk/scripts/training/train_unified.py:290: FutureWarning: `torch.cuda.amp.GradScaler(args...)` is deprecated. Please use `torch.amp.GradScaler('cuda', args...)` instead.
  scaler = GradScaler(enabled=use_amp)
/data/quyhv/oil_forecast_tail_risk/scripts/training/train_unified.py:309: FutureWarning: `torch.cuda.amp.autocast(args...)` is deprecated. Please use `torch.amp.autocast('cuda', args...)` instead.
  with autocast(enabled=use_amp):
/data/quyhv/oil_forecast_tail_risk/scripts/training/train_unified.py:349: FutureWarning: `torch.cuda.amp.autocast(args...)` is deprecated. Please use `torch.amp.autocast('cuda', args...)` instead.
  with autocast(enabled=use_amp):
 Iter-29 | MAE=0.691 | MAPE=0.96%
/data/quyhv/oil_forecast_tail_risk/scripts/training/train_unified.py:290: FutureWarning: `torch.cuda.amp.GradScaler(args...)` is deprecated. Please use `torch.amp.GradScaler('cuda', args...)` instead.
  scaler = GradScaler(enabled=use_amp)
/data/quyhv/oil_forecast_tail_risk/scripts/training/train_unified.py:309: FutureWarning: `torch.cuda.amp.autocast(args...)` is deprecated. Please use `torch.amp.autocast('cuda', args...)` instead.
  with autocast(enabled=use_amp):
/data/quyhv/oil_forecast_tail_risk/scripts/training/train_unified.py:349: FutureWarning: `torch.cuda.amp.autocast(args...)` is deprecated. Please use `torch.amp.autocast('cuda', args...)` instead.
  with autocast(enabled=use_amp):
 Iter-30 | MAE=0.318 | MAPE=0.44%
/data/quyhv/oil_forecast_tail_risk/scripts/training/train_unified.py:290: FutureWarning: `torch.cuda.amp.GradScaler(args...)` is deprecated. Please use `torch.amp.GradScaler('cuda', args...)` instead.
  scaler = GradScaler(enabled=use_amp)
/data/quyhv/oil_forecast_tail_risk/scripts/training/train_unified.py:309: FutureWarning: `torch.cuda.amp.autocast(args...)` is deprecated. Please use `torch.amp.autocast('cuda', args...)` instead.
  with autocast(enabled=use_amp):
/data/quyhv/oil_forecast_tail_risk/scripts/training/train_unified.py:349: FutureWarning: `torch.cuda.amp.autocast(args...)` is deprecated. Please use `torch.amp.autocast('cuda', args...)` instead.
  with autocast(enabled=use_amp):
 Iter-31 | MAE=0.501 | MAPE=0.69%
/data/quyhv/oil_forecast_tail_risk/scripts/training/train_unified.py:290: FutureWarning: `torch.cuda.amp.GradScaler(args...)` is deprecated. Please use `torch.amp.GradScaler('cuda', args...)` instead.
  scaler = GradScaler(enabled=use_amp)
/data/quyhv/oil_forecast_tail_risk/scripts/training/train_unified.py:309: FutureWarning: `torch.cuda.amp.autocast(args...)` is deprecated. Please use `torch.amp.autocast('cuda', args...)` instead.
  with autocast(enabled=use_amp):
/data/quyhv/oil_forecast_tail_risk/scripts/training/train_unified.py:349: FutureWarning: `torch.cuda.amp.autocast(args...)` is deprecated. Please use `torch.amp.autocast('cuda', args...)` instead.
  with autocast(enabled=use_amp):
 Iter-32 | MAE=0.668 | MAPE=0.93%
/data/quyhv/oil_forecast_tail_risk/scripts/training/train_unified.py:290: FutureWarning: `torch.cuda.amp.GradScaler(args...)` is deprecated. Please use `torch.amp.GradScaler('cuda', args...)` instead.
  scaler = GradScaler(enabled=use_amp)
/data/quyhv/oil_forecast_tail_risk/scripts/training/train_unified.py:309: FutureWarning: `torch.cuda.amp.autocast(args...)` is deprecated. Please use `torch.amp.autocast('cuda', args...)` instead.
  with autocast(enabled=use_amp):
/data/quyhv/oil_forecast_tail_risk/scripts/training/train_unified.py:349: FutureWarning: `torch.cuda.amp.autocast(args...)` is deprecated. Please use `torch.amp.autocast('cuda', args...)` instead.
  with autocast(enabled=use_amp):
 Iter-33 | MAE=0.944 | MAPE=1.29%
/data/quyhv/oil_forecast_tail_risk/scripts/training/train_unified.py:290: FutureWarning: `torch.cuda.amp.GradScaler(args...)` is deprecated. Please use `torch.amp.GradScaler('cuda', args...)` instead.
  scaler = GradScaler(enabled=use_amp)
/data/quyhv/oil_forecast_tail_risk/scripts/training/train_unified.py:309: FutureWarning: `torch.cuda.amp.autocast(args...)` is deprecated. Please use `torch.amp.autocast('cuda', args...)` instead.
  with autocast(enabled=use_amp):
/data/quyhv/oil_forecast_tail_risk/scripts/training/train_unified.py:349: FutureWarning: `torch.cuda.amp.autocast(args...)` is deprecated. Please use `torch.amp.autocast('cuda', args...)` instead.
  with autocast(enabled=use_amp):
 Iter-34 | MAE=1.206 | MAPE=1.69%
/data/quyhv/oil_forecast_tail_risk/scripts/training/train_unified.py:290: FutureWarning: `torch.cuda.amp.GradScaler(args...)` is deprecated. Please use `torch.amp.GradScaler('cuda', args...)` instead.
  scaler = GradScaler(enabled=use_amp)
/data/quyhv/oil_forecast_tail_risk/scripts/training/train_unified.py:309: FutureWarning: `torch.cuda.amp.autocast(args...)` is deprecated. Please use `torch.amp.autocast('cuda', args...)` instead.
  with autocast(enabled=use_amp):
/data/quyhv/oil_forecast_tail_risk/scripts/training/train_unified.py:349: FutureWarning: `torch.cuda.amp.autocast(args...)` is deprecated. Please use `torch.amp.autocast('cuda', args...)` instead.
  with autocast(enabled=use_amp):
 Iter-35 | MAE=0.467 | MAPE=0.64%
/data/quyhv/oil_forecast_tail_risk/scripts/training/train_unified.py:290: FutureWarning: `torch.cuda.amp.GradScaler(args...)` is deprecated. Please use `torch.amp.GradScaler('cuda', args...)` instead.
  scaler = GradScaler(enabled=use_amp)
/data/quyhv/oil_forecast_tail_risk/scripts/training/train_unified.py:309: FutureWarning: `torch.cuda.amp.autocast(args...)` is deprecated. Please use `torch.amp.autocast('cuda', args...)` instead.
  with autocast(enabled=use_amp):
/data/quyhv/oil_forecast_tail_risk/scripts/training/train_unified.py:349: FutureWarning: `torch.cuda.amp.autocast(args...)` is deprecated. Please use `torch.amp.autocast('cuda', args...)` instead.
  with autocast(enabled=use_amp):
 Iter-36 | MAE=0.746 | MAPE=1.00%
/data/quyhv/oil_forecast_tail_risk/scripts/training/train_unified.py:290: FutureWarning: `torch.cuda.amp.GradScaler(args...)` is deprecated. Please use `torch.amp.GradScaler('cuda', args...)` instead.
  scaler = GradScaler(enabled=use_amp)
/data/quyhv/oil_forecast_tail_risk/scripts/training/train_unified.py:309: FutureWarning: `torch.cuda.amp.autocast(args...)` is deprecated. Please use `torch.amp.autocast('cuda', args...)` instead.
  with autocast(enabled=use_amp):
/data/quyhv/oil_forecast_tail_risk/scripts/training/train_unified.py:349: FutureWarning: `torch.cuda.amp.autocast(args...)` is deprecated. Please use `torch.amp.autocast('cuda', args...)` instead.
  with autocast(enabled=use_amp):
 Iter-37 | MAE=0.930 | MAPE=1.25%
/data/quyhv/oil_forecast_tail_risk/scripts/training/train_unified.py:290: FutureWarning: `torch.cuda.amp.GradScaler(args...)` is deprecated. Please use `torch.amp.GradScaler('cuda', args...)` instead.
  scaler = GradScaler(enabled=use_amp)
/data/quyhv/oil_forecast_tail_risk/scripts/training/train_unified.py:309: FutureWarning: `torch.cuda.amp.autocast(args...)` is deprecated. Please use `torch.amp.autocast('cuda', args...)` instead.
  with autocast(enabled=use_amp):
/data/quyhv/oil_forecast_tail_risk/scripts/training/train_unified.py:349: FutureWarning: `torch.cuda.amp.autocast(args...)` is deprecated. Please use `torch.amp.autocast('cuda', args...)` instead.
  with autocast(enabled=use_amp):
 Iter-38 | MAE=3.396 | MAPE=4.73%
/data/quyhv/oil_forecast_tail_risk/scripts/training/train_unified.py:290: FutureWarning: `torch.cuda.amp.GradScaler(args...)` is deprecated. Please use `torch.amp.GradScaler('cuda', args...)` instead.
  scaler = GradScaler(enabled=use_amp)
/data/quyhv/oil_forecast_tail_risk/scripts/training/train_unified.py:309: FutureWarning: `torch.cuda.amp.autocast(args...)` is deprecated. Please use `torch.amp.autocast('cuda', args...)` instead.
  with autocast(enabled=use_amp):
/data/quyhv/oil_forecast_tail_risk/scripts/training/train_unified.py:349: FutureWarning: `torch.cuda.amp.autocast(args...)` is deprecated. Please use `torch.amp.autocast('cuda', args...)` instead.
  with autocast(enabled=use_amp):
 Iter-39 | MAE=2.209 | MAPE=3.07%
/data/quyhv/oil_forecast_tail_risk/scripts/training/train_unified.py:290: FutureWarning: `torch.cuda.amp.GradScaler(args...)` is deprecated. Please use `torch.amp.GradScaler('cuda', args...)` instead.
  scaler = GradScaler(enabled=use_amp)
/data/quyhv/oil_forecast_tail_risk/scripts/training/train_unified.py:309: FutureWarning: `torch.cuda.amp.autocast(args...)` is deprecated. Please use `torch.amp.autocast('cuda', args...)` instead.
  with autocast(enabled=use_amp):
/data/quyhv/oil_forecast_tail_risk/scripts/training/train_unified.py:349: FutureWarning: `torch.cuda.amp.autocast(args...)` is deprecated. Please use `torch.amp.autocast('cuda', args...)` instead.
  with autocast(enabled=use_amp):
 Iter-40 | MAE=1.203 | MAPE=1.63%
/data/quyhv/oil_forecast_tail_risk/scripts/training/train_unified.py:290: FutureWarning: `torch.cuda.amp.GradScaler(args...)` is deprecated. Please use `torch.amp.GradScaler('cuda', args...)` instead.
  scaler = GradScaler(enabled=use_amp)
/data/quyhv/oil_forecast_tail_risk/scripts/training/train_unified.py:309: FutureWarning: `torch.cuda.amp.autocast(args...)` is deprecated. Please use `torch.amp.autocast('cuda', args...)` instead.
  with autocast(enabled=use_amp):
/data/quyhv/oil_forecast_tail_risk/scripts/training/train_unified.py:349: FutureWarning: `torch.cuda.amp.autocast(args...)` is deprecated. Please use `torch.amp.autocast('cuda', args...)` instead.
  with autocast(enabled=use_amp):
 Iter-41 | MAE=0.437 | MAPE=0.59%
/data/quyhv/oil_forecast_tail_risk/scripts/training/train_unified.py:290: FutureWarning: `torch.cuda.amp.GradScaler(args...)` is deprecated. Please use `torch.amp.GradScaler('cuda', args...)` instead.
  scaler = GradScaler(enabled=use_amp)
/data/quyhv/oil_forecast_tail_risk/scripts/training/train_unified.py:309: FutureWarning: `torch.cuda.amp.autocast(args...)` is deprecated. Please use `torch.amp.autocast('cuda', args...)` instead.
  with autocast(enabled=use_amp):
/data/quyhv/oil_forecast_tail_risk/scripts/training/train_unified.py:349: FutureWarning: `torch.cuda.amp.autocast(args...)` is deprecated. Please use `torch.amp.autocast('cuda', args...)` instead.
  with autocast(enabled=use_amp):
 Iter-42 | MAE=0.768 | MAPE=1.03%
/data/quyhv/oil_forecast_tail_risk/scripts/training/train_unified.py:290: FutureWarning: `torch.cuda.amp.GradScaler(args...)` is deprecated. Please use `torch.amp.GradScaler('cuda', args...)` instead.
  scaler = GradScaler(enabled=use_amp)
/data/quyhv/oil_forecast_tail_risk/scripts/training/train_unified.py:309: FutureWarning: `torch.cuda.amp.autocast(args...)` is deprecated. Please use `torch.amp.autocast('cuda', args...)` instead.
  with autocast(enabled=use_amp):
/data/quyhv/oil_forecast_tail_risk/scripts/training/train_unified.py:349: FutureWarning: `torch.cuda.amp.autocast(args...)` is deprecated. Please use `torch.amp.autocast('cuda', args...)` instead.
  with autocast(enabled=use_amp):
 Iter-43 | MAE=1.060 | MAPE=1.40%
/data/quyhv/oil_forecast_tail_risk/scripts/training/train_unified.py:290: FutureWarning: `torch.cuda.amp.GradScaler(args...)` is deprecated. Please use `torch.amp.GradScaler('cuda', args...)` instead.
  scaler = GradScaler(enabled=use_amp)
/data/quyhv/oil_forecast_tail_risk/scripts/training/train_unified.py:309: FutureWarning: `torch.cuda.amp.autocast(args...)` is deprecated. Please use `torch.amp.autocast('cuda', args...)` instead.
  with autocast(enabled=use_amp):
/data/quyhv/oil_forecast_tail_risk/scripts/training/train_unified.py:349: FutureWarning: `torch.cuda.amp.autocast(args...)` is deprecated. Please use `torch.amp.autocast('cuda', args...)` instead.
  with autocast(enabled=use_amp):
 Iter-44 | MAE=1.231 | MAPE=1.59%
/data/quyhv/oil_forecast_tail_risk/scripts/training/train_unified.py:290: FutureWarning: `torch.cuda.amp.GradScaler(args...)` is deprecated. Please use `torch.amp.GradScaler('cuda', args...)` instead.
  scaler = GradScaler(enabled=use_amp)
/data/quyhv/oil_forecast_tail_risk/scripts/training/train_unified.py:309: FutureWarning: `torch.cuda.amp.autocast(args...)` is deprecated. Please use `torch.amp.autocast('cuda', args...)` instead.
  with autocast(enabled=use_amp):
/data/quyhv/oil_forecast_tail_risk/scripts/training/train_unified.py:349: FutureWarning: `torch.cuda.amp.autocast(args...)` is deprecated. Please use `torch.amp.autocast('cuda', args...)` instead.
  with autocast(enabled=use_amp):
 Iter-45 | MAE=0.300 | MAPE=0.40%
/data/quyhv/oil_forecast_tail_risk/scripts/training/train_unified.py:290: FutureWarning: `torch.cuda.amp.GradScaler(args...)` is deprecated. Please use `torch.amp.GradScaler('cuda', args...)` instead.
  scaler = GradScaler(enabled=use_amp)
/data/quyhv/oil_forecast_tail_risk/scripts/training/train_unified.py:309: FutureWarning: `torch.cuda.amp.autocast(args...)` is deprecated. Please use `torch.amp.autocast('cuda', args...)` instead.
  with autocast(enabled=use_amp):
/data/quyhv/oil_forecast_tail_risk/scripts/training/train_unified.py:349: FutureWarning: `torch.cuda.amp.autocast(args...)` is deprecated. Please use `torch.amp.autocast('cuda', args...)` instead.
  with autocast(enabled=use_amp):
 Iter-46 | MAE=1.088 | MAPE=1.44%
/data/quyhv/oil_forecast_tail_risk/scripts/training/train_unified.py:290: FutureWarning: `torch.cuda.amp.GradScaler(args...)` is deprecated. Please use `torch.amp.GradScaler('cuda', args...)` instead.
  scaler = GradScaler(enabled=use_amp)
/data/quyhv/oil_forecast_tail_risk/scripts/training/train_unified.py:309: FutureWarning: `torch.cuda.amp.autocast(args...)` is deprecated. Please use `torch.amp.autocast('cuda', args...)` instead.
  with autocast(enabled=use_amp):
/data/quyhv/oil_forecast_tail_risk/scripts/training/train_unified.py:349: FutureWarning: `torch.cuda.amp.autocast(args...)` is deprecated. Please use `torch.amp.autocast('cuda', args...)` instead.
  with autocast(enabled=use_amp):
 Iter-47 | MAE=2.265 | MAPE=3.11%
/data/quyhv/oil_forecast_tail_risk/scripts/training/train_unified.py:290: FutureWarning: `torch.cuda.amp.GradScaler(args...)` is deprecated. Please use `torch.amp.GradScaler('cuda', args...)` instead.
  scaler = GradScaler(enabled=use_amp)
/data/quyhv/oil_forecast_tail_risk/scripts/training/train_unified.py:309: FutureWarning: `torch.cuda.amp.autocast(args...)` is deprecated. Please use `torch.amp.autocast('cuda', args...)` instead.
  with autocast(enabled=use_amp):
/data/quyhv/oil_forecast_tail_risk/scripts/training/train_unified.py:349: FutureWarning: `torch.cuda.amp.autocast(args...)` is deprecated. Please use `torch.amp.autocast('cuda', args...)` instead.
  with autocast(enabled=use_amp):
 Iter-48 | MAE=0.295 | MAPE=0.40%
/data/quyhv/oil_forecast_tail_risk/scripts/training/train_unified.py:290: FutureWarning: `torch.cuda.amp.GradScaler(args...)` is deprecated. Please use `torch.amp.GradScaler('cuda', args...)` instead.
  scaler = GradScaler(enabled=use_amp)
/data/quyhv/oil_forecast_tail_risk/scripts/training/train_unified.py:309: FutureWarning: `torch.cuda.amp.autocast(args...)` is deprecated. Please use `torch.amp.autocast('cuda', args...)` instead.
  with autocast(enabled=use_amp):
/data/quyhv/oil_forecast_tail_risk/scripts/training/train_unified.py:349: FutureWarning: `torch.cuda.amp.autocast(args...)` is deprecated. Please use `torch.amp.autocast('cuda', args...)` instead.
  with autocast(enabled=use_amp):
 Iter-49 | MAE=0.556 | MAPE=0.76%
/data/quyhv/oil_forecast_tail_risk/scripts/training/train_unified.py:290: FutureWarning: `torch.cuda.amp.GradScaler(args...)` is deprecated. Please use `torch.amp.GradScaler('cuda', args...)` instead.
  scaler = GradScaler(enabled=use_amp)
/data/quyhv/oil_forecast_tail_risk/scripts/training/train_unified.py:309: FutureWarning: `torch.cuda.amp.autocast(args...)` is deprecated. Please use `torch.amp.autocast('cuda', args...)` instead.
  with autocast(enabled=use_amp):
/data/quyhv/oil_forecast_tail_risk/scripts/training/train_unified.py:349: FutureWarning: `torch.cuda.amp.autocast(args...)` is deprecated. Please use `torch.amp.autocast('cuda', args...)` instead.
  with autocast(enabled=use_amp):
 Iter-50 | MAE=0.387 | MAPE=0.53%
/data/quyhv/oil_forecast_tail_risk/scripts/training/train_unified.py:290: FutureWarning: `torch.cuda.amp.GradScaler(args...)` is deprecated. Please use `torch.amp.GradScaler('cuda', args...)` instead.
  scaler = GradScaler(enabled=use_amp)
/data/quyhv/oil_forecast_tail_risk/scripts/training/train_unified.py:309: FutureWarning: `torch.cuda.amp.autocast(args...)` is deprecated. Please use `torch.amp.autocast('cuda', args...)` instead.
  with autocast(enabled=use_amp):
/data/quyhv/oil_forecast_tail_risk/scripts/training/train_unified.py:349: FutureWarning: `torch.cuda.amp.autocast(args...)` is deprecated. Please use `torch.amp.autocast('cuda', args...)` instead.
  with autocast(enabled=use_amp):
 Iter-51 | MAE=2.543 | MAPE=3.30%
/data/quyhv/oil_forecast_tail_risk/scripts/training/train_unified.py:290: FutureWarning: `torch.cuda.amp.GradScaler(args...)` is deprecated. Please use `torch.amp.GradScaler('cuda', args...)` instead.
  scaler = GradScaler(enabled=use_amp)
/data/quyhv/oil_forecast_tail_risk/scripts/training/train_unified.py:309: FutureWarning: `torch.cuda.amp.autocast(args...)` is deprecated. Please use `torch.amp.autocast('cuda', args...)` instead.
  with autocast(enabled=use_amp):
/data/quyhv/oil_forecast_tail_risk/scripts/training/train_unified.py:349: FutureWarning: `torch.cuda.amp.autocast(args...)` is deprecated. Please use `torch.amp.autocast('cuda', args...)` instead.
  with autocast(enabled=use_amp):
 Iter-52 | MAE=1.445 | MAPE=1.83%
/data/quyhv/oil_forecast_tail_risk/scripts/training/train_unified.py:290: FutureWarning: `torch.cuda.amp.GradScaler(args...)` is deprecated. Please use `torch.amp.GradScaler('cuda', args...)` instead.
  scaler = GradScaler(enabled=use_amp)
/data/quyhv/oil_forecast_tail_risk/scripts/training/train_unified.py:309: FutureWarning: `torch.cuda.amp.autocast(args...)` is deprecated. Please use `torch.amp.autocast('cuda', args...)` instead.
  with autocast(enabled=use_amp):
/data/quyhv/oil_forecast_tail_risk/scripts/training/train_unified.py:349: FutureWarning: `torch.cuda.amp.autocast(args...)` is deprecated. Please use `torch.amp.autocast('cuda', args...)` instead.
  with autocast(enabled=use_amp):
 Iter-53 | MAE=0.261 | MAPE=0.33%
/data/quyhv/oil_forecast_tail_risk/scripts/training/train_unified.py:290: FutureWarning: `torch.cuda.amp.GradScaler(args...)` is deprecated. Please use `torch.amp.GradScaler('cuda', args...)` instead.
  scaler = GradScaler(enabled=use_amp)
/data/quyhv/oil_forecast_tail_risk/scripts/training/train_unified.py:309: FutureWarning: `torch.cuda.amp.autocast(args...)` is deprecated. Please use `torch.amp.autocast('cuda', args...)` instead.
  with autocast(enabled=use_amp):
/data/quyhv/oil_forecast_tail_risk/scripts/training/train_unified.py:349: FutureWarning: `torch.cuda.amp.autocast(args...)` is deprecated. Please use `torch.amp.autocast('cuda', args...)` instead.
  with autocast(enabled=use_amp):
 Iter-54 | MAE=1.743 | MAPE=2.17%
/data/quyhv/oil_forecast_tail_risk/scripts/training/train_unified.py:290: FutureWarning: `torch.cuda.amp.GradScaler(args...)` is deprecated. Please use `torch.amp.GradScaler('cuda', args...)` instead.
  scaler = GradScaler(enabled=use_amp)
/data/quyhv/oil_forecast_tail_risk/scripts/training/train_unified.py:309: FutureWarning: `torch.cuda.amp.autocast(args...)` is deprecated. Please use `torch.amp.autocast('cuda', args...)` instead.
  with autocast(enabled=use_amp):
/data/quyhv/oil_forecast_tail_risk/scripts/training/train_unified.py:349: FutureWarning: `torch.cuda.amp.autocast(args...)` is deprecated. Please use `torch.amp.autocast('cuda', args...)` instead.
  with autocast(enabled=use_amp):
 Iter-55 | MAE=0.882 | MAPE=1.10%
/data/quyhv/oil_forecast_tail_risk/scripts/training/train_unified.py:290: FutureWarning: `torch.cuda.amp.GradScaler(args...)` is deprecated. Please use `torch.amp.GradScaler('cuda', args...)` instead.
  scaler = GradScaler(enabled=use_amp)
/data/quyhv/oil_forecast_tail_risk/scripts/training/train_unified.py:309: FutureWarning: `torch.cuda.amp.autocast(args...)` is deprecated. Please use `torch.amp.autocast('cuda', args...)` instead.
  with autocast(enabled=use_amp):
/data/quyhv/oil_forecast_tail_risk/scripts/training/train_unified.py:349: FutureWarning: `torch.cuda.amp.autocast(args...)` is deprecated. Please use `torch.amp.autocast('cuda', args...)` instead.
  with autocast(enabled=use_amp):
 Iter-56 | MAE=0.675 | MAPE=0.84%
/data/quyhv/oil_forecast_tail_risk/scripts/training/train_unified.py:290: FutureWarning: `torch.cuda.amp.GradScaler(args...)` is deprecated. Please use `torch.amp.GradScaler('cuda', args...)` instead.
  scaler = GradScaler(enabled=use_amp)
/data/quyhv/oil_forecast_tail_risk/scripts/training/train_unified.py:309: FutureWarning: `torch.cuda.amp.autocast(args...)` is deprecated. Please use `torch.amp.autocast('cuda', args...)` instead.
  with autocast(enabled=use_amp):
/data/quyhv/oil_forecast_tail_risk/scripts/training/train_unified.py:349: FutureWarning: `torch.cuda.amp.autocast(args...)` is deprecated. Please use `torch.amp.autocast('cuda', args...)` instead.
  with autocast(enabled=use_amp):
 Iter-57 | MAE=0.166 | MAPE=0.21%
/data/quyhv/oil_forecast_tail_risk/scripts/training/train_unified.py:290: FutureWarning: `torch.cuda.amp.GradScaler(args...)` is deprecated. Please use `torch.amp.GradScaler('cuda', args...)` instead.
  scaler = GradScaler(enabled=use_amp)
/data/quyhv/oil_forecast_tail_risk/scripts/training/train_unified.py:309: FutureWarning: `torch.cuda.amp.autocast(args...)` is deprecated. Please use `torch.amp.autocast('cuda', args...)` instead.
  with autocast(enabled=use_amp):
/data/quyhv/oil_forecast_tail_risk/scripts/training/train_unified.py:349: FutureWarning: `torch.cuda.amp.autocast(args...)` is deprecated. Please use `torch.amp.autocast('cuda', args...)` instead.
  with autocast(enabled=use_amp):
 Iter-58 | MAE=10.313 | MAPE=11.27%
/data/quyhv/oil_forecast_tail_risk/scripts/training/train_unified.py:290: FutureWarning: `torch.cuda.amp.GradScaler(args...)` is deprecated. Please use `torch.amp.GradScaler('cuda', args...)` instead.
  scaler = GradScaler(enabled=use_amp)
/data/quyhv/oil_forecast_tail_risk/scripts/training/train_unified.py:309: FutureWarning: `torch.cuda.amp.autocast(args...)` is deprecated. Please use `torch.amp.autocast('cuda', args...)` instead.
  with autocast(enabled=use_amp):
/data/quyhv/oil_forecast_tail_risk/scripts/training/train_unified.py:349: FutureWarning: `torch.cuda.amp.autocast(args...)` is deprecated. Please use `torch.amp.autocast('cuda', args...)` instead.
  with autocast(enabled=use_amp):
 Iter-59 | MAE=6.847 | MAPE=7.05%
/data/quyhv/oil_forecast_tail_risk/scripts/training/train_unified.py:290: FutureWarning: `torch.cuda.amp.GradScaler(args...)` is deprecated. Please use `torch.amp.GradScaler('cuda', args...)` instead.
  scaler = GradScaler(enabled=use_amp)
/data/quyhv/oil_forecast_tail_risk/scripts/training/train_unified.py:309: FutureWarning: `torch.cuda.amp.autocast(args...)` is deprecated. Please use `torch.amp.autocast('cuda', args...)` instead.
  with autocast(enabled=use_amp):
/data/quyhv/oil_forecast_tail_risk/scripts/training/train_unified.py:349: FutureWarning: `torch.cuda.amp.autocast(args...)` is deprecated. Please use `torch.amp.autocast('cuda', args...)` instead.
  with autocast(enabled=use_amp):
 Iter-60 | MAE=2.852 | MAPE=2.76%
/data/quyhv/oil_forecast_tail_risk/scripts/training/train_unified.py:290: FutureWarning: `torch.cuda.amp.GradScaler(args...)` is deprecated. Please use `torch.amp.GradScaler('cuda', args...)` instead.
  scaler = GradScaler(enabled=use_amp)
/data/quyhv/oil_forecast_tail_risk/scripts/training/train_unified.py:309: FutureWarning: `torch.cuda.amp.autocast(args...)` is deprecated. Please use `torch.amp.autocast('cuda', args...)` instead.
  with autocast(enabled=use_amp):
/data/quyhv/oil_forecast_tail_risk/scripts/training/train_unified.py:349: FutureWarning: `torch.cuda.amp.autocast(args...)` is deprecated. Please use `torch.amp.autocast('cuda', args...)` instead.
  with autocast(enabled=use_amp):
 Iter-61 | MAE=14.011 | MAPE=12.88%
/data/quyhv/oil_forecast_tail_risk/scripts/training/train_unified.py:290: FutureWarning: `torch.cuda.amp.GradScaler(args...)` is deprecated. Please use `torch.amp.GradScaler('cuda', args...)` instead.
  scaler = GradScaler(enabled=use_amp)
/data/quyhv/oil_forecast_tail_risk/scripts/training/train_unified.py:309: FutureWarning: `torch.cuda.amp.autocast(args...)` is deprecated. Please use `torch.amp.autocast('cuda', args...)` instead.
  with autocast(enabled=use_amp):
/data/quyhv/oil_forecast_tail_risk/scripts/training/train_unified.py:349: FutureWarning: `torch.cuda.amp.autocast(args...)` is deprecated. Please use `torch.amp.autocast('cuda', args...)` instead.
  with autocast(enabled=use_amp):
 Iter-62 | MAE=5.889 | MAPE=4.97%
/data/quyhv/oil_forecast_tail_risk/scripts/training/train_unified.py:290: FutureWarning: `torch.cuda.amp.GradScaler(args...)` is deprecated. Please use `torch.amp.GradScaler('cuda', args...)` instead.
  scaler = GradScaler(enabled=use_amp)
/data/quyhv/oil_forecast_tail_risk/scripts/training/train_unified.py:309: FutureWarning: `torch.cuda.amp.autocast(args...)` is deprecated. Please use `torch.amp.autocast('cuda', args...)` instead.
  with autocast(enabled=use_amp):
/data/quyhv/oil_forecast_tail_risk/scripts/training/train_unified.py:349: FutureWarning: `torch.cuda.amp.autocast(args...)` is deprecated. Please use `torch.amp.autocast('cuda', args...)` instead.
  with autocast(enabled=use_amp):
 Iter-63 | MAE=20.093 | MAPE=14.00%
/data/quyhv/oil_forecast_tail_risk/scripts/training/train_unified.py:290: FutureWarning: `torch.cuda.amp.GradScaler(args...)` is deprecated. Please use `torch.amp.GradScaler('cuda', args...)` instead.
  scaler = GradScaler(enabled=use_amp)
/data/quyhv/oil_forecast_tail_risk/scripts/training/train_unified.py:309: FutureWarning: `torch.cuda.amp.autocast(args...)` is deprecated. Please use `torch.amp.autocast('cuda', args...)` instead.
  with autocast(enabled=use_amp):
/data/quyhv/oil_forecast_tail_risk/scripts/training/train_unified.py:349: FutureWarning: `torch.cuda.amp.autocast(args...)` is deprecated. Please use `torch.amp.autocast('cuda', args...)` instead.
  with autocast(enabled=use_amp):
 Iter-64 | MAE=17.669 | MAPE=14.32%
/data/quyhv/oil_forecast_tail_risk/scripts/training/train_unified.py:290: FutureWarning: `torch.cuda.amp.GradScaler(args...)` is deprecated. Please use `torch.amp.GradScaler('cuda', args...)` instead.
  scaler = GradScaler(enabled=use_amp)
/data/quyhv/oil_forecast_tail_risk/scripts/training/train_unified.py:309: FutureWarning: `torch.cuda.amp.autocast(args...)` is deprecated. Please use `torch.amp.autocast('cuda', args...)` instead.
  with autocast(enabled=use_amp):
/data/quyhv/oil_forecast_tail_risk/scripts/training/train_unified.py:349: FutureWarning: `torch.cuda.amp.autocast(args...)` is deprecated. Please use `torch.amp.autocast('cuda', args...)` instead.
  with autocast(enabled=use_amp):
 Iter-65 | MAE=1.661 | MAPE=1.35%
/data/quyhv/oil_forecast_tail_risk/scripts/training/train_unified.py:290: FutureWarning: `torch.cuda.amp.GradScaler(args...)` is deprecated. Please use `torch.amp.GradScaler('cuda', args...)` instead.
  scaler = GradScaler(enabled=use_amp)
/data/quyhv/oil_forecast_tail_risk/scripts/training/train_unified.py:309: FutureWarning: `torch.cuda.amp.autocast(args...)` is deprecated. Please use `torch.amp.autocast('cuda', args...)` instead.
  with autocast(enabled=use_amp):
/data/quyhv/oil_forecast_tail_risk/scripts/training/train_unified.py:349: FutureWarning: `torch.cuda.amp.autocast(args...)` is deprecated. Please use `torch.amp.autocast('cuda', args...)` instead.
  with autocast(enabled=use_amp):
 Iter-66 | MAE=12.283 | MAPE=8.99%
/data/quyhv/oil_forecast_tail_risk/scripts/training/train_unified.py:290: FutureWarning: `torch.cuda.amp.GradScaler(args...)` is deprecated. Please use `torch.amp.GradScaler('cuda', args...)` instead.
  scaler = GradScaler(enabled=use_amp)
/data/quyhv/oil_forecast_tail_risk/scripts/training/train_unified.py:309: FutureWarning: `torch.cuda.amp.autocast(args...)` is deprecated. Please use `torch.amp.autocast('cuda', args...)` instead.
  with autocast(enabled=use_amp):
/data/quyhv/oil_forecast_tail_risk/scripts/training/train_unified.py:349: FutureWarning: `torch.cuda.amp.autocast(args...)` is deprecated. Please use `torch.amp.autocast('cuda', args...)` instead.
  with autocast(enabled=use_amp):
 Iter-67 | MAE=6.390 | MAPE=4.47%
/data/quyhv/oil_forecast_tail_risk/scripts/training/train_unified.py:290: FutureWarning: `torch.cuda.amp.GradScaler(args...)` is deprecated. Please use `torch.amp.GradScaler('cuda', args...)` instead.
  scaler = GradScaler(enabled=use_amp)
/data/quyhv/oil_forecast_tail_risk/scripts/training/train_unified.py:309: FutureWarning: `torch.cuda.amp.autocast(args...)` is deprecated. Please use `torch.amp.autocast('cuda', args...)` instead.
  with autocast(enabled=use_amp):
/data/quyhv/oil_forecast_tail_risk/scripts/training/train_unified.py:349: FutureWarning: `torch.cuda.amp.autocast(args...)` is deprecated. Please use `torch.amp.autocast('cuda', args...)` instead.
  with autocast(enabled=use_amp):
 Iter-68 | MAE=2.334 | MAPE=1.59%
/data/quyhv/oil_forecast_tail_risk/scripts/training/train_unified.py:290: FutureWarning: `torch.cuda.amp.GradScaler(args...)` is deprecated. Please use `torch.amp.GradScaler('cuda', args...)` instead.
  scaler = GradScaler(enabled=use_amp)
/data/quyhv/oil_forecast_tail_risk/scripts/training/train_unified.py:309: FutureWarning: `torch.cuda.amp.autocast(args...)` is deprecated. Please use `torch.amp.autocast('cuda', args...)` instead.
  with autocast(enabled=use_amp):
/data/quyhv/oil_forecast_tail_risk/scripts/training/train_unified.py:349: FutureWarning: `torch.cuda.amp.autocast(args...)` is deprecated. Please use `torch.amp.autocast('cuda', args...)` instead.
  with autocast(enabled=use_amp):
 Iter-69 | MAE=0.469 | MAPE=0.32%
/data/quyhv/oil_forecast_tail_risk/scripts/training/train_unified.py:290: FutureWarning: `torch.cuda.amp.GradScaler(args...)` is deprecated. Please use `torch.amp.GradScaler('cuda', args...)` instead.
  scaler = GradScaler(enabled=use_amp)
/data/quyhv/oil_forecast_tail_risk/scripts/training/train_unified.py:309: FutureWarning: `torch.cuda.amp.autocast(args...)` is deprecated. Please use `torch.amp.autocast('cuda', args...)` instead.
  with autocast(enabled=use_amp):
/data/quyhv/oil_forecast_tail_risk/scripts/training/train_unified.py:349: FutureWarning: `torch.cuda.amp.autocast(args...)` is deprecated. Please use `torch.amp.autocast('cuda', args...)` instead.
  with autocast(enabled=use_amp):
 Iter-70 | MAE=1.248 | MAPE=0.85%
/data/quyhv/oil_forecast_tail_risk/scripts/training/train_unified.py:290: FutureWarning: `torch.cuda.amp.GradScaler(args...)` is deprecated. Please use `torch.amp.GradScaler('cuda', args...)` instead.
  scaler = GradScaler(enabled=use_amp)
/data/quyhv/oil_forecast_tail_risk/scripts/training/train_unified.py:309: FutureWarning: `torch.cuda.amp.autocast(args...)` is deprecated. Please use `torch.amp.autocast('cuda', args...)` instead.
  with autocast(enabled=use_amp):
/data/quyhv/oil_forecast_tail_risk/scripts/training/train_unified.py:349: FutureWarning: `torch.cuda.amp.autocast(args...)` is deprecated. Please use `torch.amp.autocast('cuda', args...)` instead.
  with autocast(enabled=use_amp):
 Iter-71 | MAE=5.109 | MAPE=3.23%
/data/quyhv/oil_forecast_tail_risk/scripts/training/train_unified.py:290: FutureWarning: `torch.cuda.amp.GradScaler(args...)` is deprecated. Please use `torch.amp.GradScaler('cuda', args...)` instead.
  scaler = GradScaler(enabled=use_amp)
/data/quyhv/oil_forecast_tail_risk/scripts/training/train_unified.py:309: FutureWarning: `torch.cuda.amp.autocast(args...)` is deprecated. Please use `torch.amp.autocast('cuda', args...)` instead.
  with autocast(enabled=use_amp):
/data/quyhv/oil_forecast_tail_risk/scripts/training/train_unified.py:349: FutureWarning: `torch.cuda.amp.autocast(args...)` is deprecated. Please use `torch.amp.autocast('cuda', args...)` instead.
  with autocast(enabled=use_amp):
 Iter-72 | MAE=1.861 | MAPE=1.20%
/data/quyhv/oil_forecast_tail_risk/scripts/training/train_unified.py:290: FutureWarning: `torch.cuda.amp.GradScaler(args...)` is deprecated. Please use `torch.amp.GradScaler('cuda', args...)` instead.
  scaler = GradScaler(enabled=use_amp)
/data/quyhv/oil_forecast_tail_risk/scripts/training/train_unified.py:309: FutureWarning: `torch.cuda.amp.autocast(args...)` is deprecated. Please use `torch.amp.autocast('cuda', args...)` instead.
  with autocast(enabled=use_amp):
/data/quyhv/oil_forecast_tail_risk/scripts/training/train_unified.py:349: FutureWarning: `torch.cuda.amp.autocast(args...)` is deprecated. Please use `torch.amp.autocast('cuda', args...)` instead.
  with autocast(enabled=use_amp):
 Iter-73 | MAE=4.402 | MAPE=2.68%
/data/quyhv/oil_forecast_tail_risk/scripts/training/train_unified.py:290: FutureWarning: `torch.cuda.amp.GradScaler(args...)` is deprecated. Please use `torch.amp.GradScaler('cuda', args...)` instead.
  scaler = GradScaler(enabled=use_amp)
/data/quyhv/oil_forecast_tail_risk/scripts/training/train_unified.py:309: FutureWarning: `torch.cuda.amp.autocast(args...)` is deprecated. Please use `torch.amp.autocast('cuda', args...)` instead.
  with autocast(enabled=use_amp):
/data/quyhv/oil_forecast_tail_risk/scripts/training/train_unified.py:349: FutureWarning: `torch.cuda.amp.autocast(args...)` is deprecated. Please use `torch.amp.autocast('cuda', args...)` instead.
  with autocast(enabled=use_amp):
 Iter-74 | MAE=9.744 | MAPE=6.72%
/data/quyhv/oil_forecast_tail_risk/scripts/training/train_unified.py:290: FutureWarning: `torch.cuda.amp.GradScaler(args...)` is deprecated. Please use `torch.amp.GradScaler('cuda', args...)` instead.
  scaler = GradScaler(enabled=use_amp)
/data/quyhv/oil_forecast_tail_risk/scripts/training/train_unified.py:309: FutureWarning: `torch.cuda.amp.autocast(args...)` is deprecated. Please use `torch.amp.autocast('cuda', args...)` instead.
  with autocast(enabled=use_amp):
/data/quyhv/oil_forecast_tail_risk/scripts/training/train_unified.py:349: FutureWarning: `torch.cuda.amp.autocast(args...)` is deprecated. Please use `torch.amp.autocast('cuda', args...)` instead.
  with autocast(enabled=use_amp):
 Iter-75 | MAE=16.784 | MAPE=12.59%
/data/quyhv/oil_forecast_tail_risk/scripts/training/train_unified.py:290: FutureWarning: `torch.cuda.amp.GradScaler(args...)` is deprecated. Please use `torch.amp.GradScaler('cuda', args...)` instead.
  scaler = GradScaler(enabled=use_amp)
/data/quyhv/oil_forecast_tail_risk/scripts/training/train_unified.py:309: FutureWarning: `torch.cuda.amp.autocast(args...)` is deprecated. Please use `torch.amp.autocast('cuda', args...)` instead.
  with autocast(enabled=use_amp):
/data/quyhv/oil_forecast_tail_risk/scripts/training/train_unified.py:349: FutureWarning: `torch.cuda.amp.autocast(args...)` is deprecated. Please use `torch.amp.autocast('cuda', args...)` instead.
  with autocast(enabled=use_amp):
 Iter-76 | MAE=8.315 | MAPE=6.41%
/data/quyhv/oil_forecast_tail_risk/scripts/training/train_unified.py:290: FutureWarning: `torch.cuda.amp.GradScaler(args...)` is deprecated. Please use `torch.amp.GradScaler('cuda', args...)` instead.
  scaler = GradScaler(enabled=use_amp)
/data/quyhv/oil_forecast_tail_risk/scripts/training/train_unified.py:309: FutureWarning: `torch.cuda.amp.autocast(args...)` is deprecated. Please use `torch.amp.autocast('cuda', args...)` instead.
  with autocast(enabled=use_amp):
/data/quyhv/oil_forecast_tail_risk/scripts/training/train_unified.py:349: FutureWarning: `torch.cuda.amp.autocast(args...)` is deprecated. Please use `torch.amp.autocast('cuda', args...)` instead.
  with autocast(enabled=use_amp):
 Iter-77 | MAE=1.320 | MAPE=1.00%
/data/quyhv/oil_forecast_tail_risk/scripts/training/train_unified.py:290: FutureWarning: `torch.cuda.amp.GradScaler(args...)` is deprecated. Please use `torch.amp.GradScaler('cuda', args...)` instead.
  scaler = GradScaler(enabled=use_amp)
/data/quyhv/oil_forecast_tail_risk/scripts/training/train_unified.py:309: FutureWarning: `torch.cuda.amp.autocast(args...)` is deprecated. Please use `torch.amp.autocast('cuda', args...)` instead.
  with autocast(enabled=use_amp):
/data/quyhv/oil_forecast_tail_risk/scripts/training/train_unified.py:349: FutureWarning: `torch.cuda.amp.autocast(args...)` is deprecated. Please use `torch.amp.autocast('cuda', args...)` instead.
  with autocast(enabled=use_amp):
 Iter-78 | MAE=8.136 | MAPE=5.65%
/data/quyhv/oil_forecast_tail_risk/scripts/training/train_unified.py:290: FutureWarning: `torch.cuda.amp.GradScaler(args...)` is deprecated. Please use `torch.amp.GradScaler('cuda', args...)` instead.
  scaler = GradScaler(enabled=use_amp)
/data/quyhv/oil_forecast_tail_risk/scripts/training/train_unified.py:309: FutureWarning: `torch.cuda.amp.autocast(args...)` is deprecated. Please use `torch.amp.autocast('cuda', args...)` instead.
  with autocast(enabled=use_amp):
/data/quyhv/oil_forecast_tail_risk/scripts/training/train_unified.py:349: FutureWarning: `torch.cuda.amp.autocast(args...)` is deprecated. Please use `torch.amp.autocast('cuda', args...)` instead.
  with autocast(enabled=use_amp):
 Iter-79 | MAE=1.827 | MAPE=1.28%
/data/quyhv/oil_forecast_tail_risk/scripts/training/train_unified.py:290: FutureWarning: `torch.cuda.amp.GradScaler(args...)` is deprecated. Please use `torch.amp.GradScaler('cuda', args...)` instead.
  scaler = GradScaler(enabled=use_amp)
/data/quyhv/oil_forecast_tail_risk/scripts/training/train_unified.py:309: FutureWarning: `torch.cuda.amp.autocast(args...)` is deprecated. Please use `torch.amp.autocast('cuda', args...)` instead.
  with autocast(enabled=use_amp):
/data/quyhv/oil_forecast_tail_risk/scripts/training/train_unified.py:349: FutureWarning: `torch.cuda.amp.autocast(args...)` is deprecated. Please use `torch.amp.autocast('cuda', args...)` instead.
  with autocast(enabled=use_amp):
 Iter-80 | MAE=4.775 | MAPE=3.41%
/data/quyhv/oil_forecast_tail_risk/scripts/training/train_unified.py:290: FutureWarning: `torch.cuda.amp.GradScaler(args...)` is deprecated. Please use `torch.amp.GradScaler('cuda', args...)` instead.
  scaler = GradScaler(enabled=use_amp)
/data/quyhv/oil_forecast_tail_risk/scripts/training/train_unified.py:309: FutureWarning: `torch.cuda.amp.autocast(args...)` is deprecated. Please use `torch.amp.autocast('cuda', args...)` instead.
  with autocast(enabled=use_amp):
/data/quyhv/oil_forecast_tail_risk/scripts/training/train_unified.py:349: FutureWarning: `torch.cuda.amp.autocast(args...)` is deprecated. Please use `torch.amp.autocast('cuda', args...)` instead.
  with autocast(enabled=use_amp):
 Iter-81 | MAE=10.428 | MAPE=7.04%
/data/quyhv/oil_forecast_tail_risk/scripts/training/train_unified.py:290: FutureWarning: `torch.cuda.amp.GradScaler(args...)` is deprecated. Please use `torch.amp.GradScaler('cuda', args...)` instead.
  scaler = GradScaler(enabled=use_amp)
/data/quyhv/oil_forecast_tail_risk/scripts/training/train_unified.py:309: FutureWarning: `torch.cuda.amp.autocast(args...)` is deprecated. Please use `torch.amp.autocast('cuda', args...)` instead.
  with autocast(enabled=use_amp):
/data/quyhv/oil_forecast_tail_risk/scripts/training/train_unified.py:349: FutureWarning: `torch.cuda.amp.autocast(args...)` is deprecated. Please use `torch.amp.autocast('cuda', args...)` instead.
  with autocast(enabled=use_amp):
 Iter-82 | MAE=3.255 | MAPE=2.24%
/data/quyhv/oil_forecast_tail_risk/scripts/training/train_unified.py:290: FutureWarning: `torch.cuda.amp.GradScaler(args...)` is deprecated. Please use `torch.amp.GradScaler('cuda', args...)` instead.
  scaler = GradScaler(enabled=use_amp)
/data/quyhv/oil_forecast_tail_risk/scripts/training/train_unified.py:309: FutureWarning: `torch.cuda.amp.autocast(args...)` is deprecated. Please use `torch.amp.autocast('cuda', args...)` instead.
  with autocast(enabled=use_amp):
/data/quyhv/oil_forecast_tail_risk/scripts/training/train_unified.py:349: FutureWarning: `torch.cuda.amp.autocast(args...)` is deprecated. Please use `torch.amp.autocast('cuda', args...)` instead.
  with autocast(enabled=use_amp):
 Iter-83 | MAE=4.114 | MAPE=2.89%
/data/quyhv/oil_forecast_tail_risk/scripts/training/train_unified.py:290: FutureWarning: `torch.cuda.amp.GradScaler(args...)` is deprecated. Please use `torch.amp.GradScaler('cuda', args...)` instead.
  scaler = GradScaler(enabled=use_amp)
/data/quyhv/oil_forecast_tail_risk/scripts/training/train_unified.py:309: FutureWarning: `torch.cuda.amp.autocast(args...)` is deprecated. Please use `torch.amp.autocast('cuda', args...)` instead.
  with autocast(enabled=use_amp):
/data/quyhv/oil_forecast_tail_risk/scripts/training/train_unified.py:349: FutureWarning: `torch.cuda.amp.autocast(args...)` is deprecated. Please use `torch.amp.autocast('cuda', args...)` instead.
  with autocast(enabled=use_amp):
 Iter-84 | MAE=24.159 | MAPE=19.68%
/data/quyhv/oil_forecast_tail_risk/scripts/training/train_unified.py:290: FutureWarning: `torch.cuda.amp.GradScaler(args...)` is deprecated. Please use `torch.amp.GradScaler('cuda', args...)` instead.
  scaler = GradScaler(enabled=use_amp)
/data/quyhv/oil_forecast_tail_risk/scripts/training/train_unified.py:309: FutureWarning: `torch.cuda.amp.autocast(args...)` is deprecated. Please use `torch.amp.autocast('cuda', args...)` instead.
  with autocast(enabled=use_amp):
/data/quyhv/oil_forecast_tail_risk/scripts/training/train_unified.py:349: FutureWarning: `torch.cuda.amp.autocast(args...)` is deprecated. Please use `torch.amp.autocast('cuda', args...)` instead.
  with autocast(enabled=use_amp):
 Iter-85 | MAE=11.587 | MAPE=8.69%
/data/quyhv/oil_forecast_tail_risk/scripts/training/train_unified.py:290: FutureWarning: `torch.cuda.amp.GradScaler(args...)` is deprecated. Please use `torch.amp.GradScaler('cuda', args...)` instead.
  scaler = GradScaler(enabled=use_amp)
/data/quyhv/oil_forecast_tail_risk/scripts/training/train_unified.py:309: FutureWarning: `torch.cuda.amp.autocast(args...)` is deprecated. Please use `torch.amp.autocast('cuda', args...)` instead.
  with autocast(enabled=use_amp):
/data/quyhv/oil_forecast_tail_risk/scripts/training/train_unified.py:349: FutureWarning: `torch.cuda.amp.autocast(args...)` is deprecated. Please use `torch.amp.autocast('cuda', args...)` instead.
  with autocast(enabled=use_amp):
 Iter-86 | MAE=0.985 | MAPE=0.76%
/data/quyhv/oil_forecast_tail_risk/scripts/training/train_unified.py:290: FutureWarning: `torch.cuda.amp.GradScaler(args...)` is deprecated. Please use `torch.amp.GradScaler('cuda', args...)` instead.
  scaler = GradScaler(enabled=use_amp)
/data/quyhv/oil_forecast_tail_risk/scripts/training/train_unified.py:309: FutureWarning: `torch.cuda.amp.autocast(args...)` is deprecated. Please use `torch.amp.autocast('cuda', args...)` instead.
  with autocast(enabled=use_amp):
/data/quyhv/oil_forecast_tail_risk/scripts/training/train_unified.py:349: FutureWarning: `torch.cuda.amp.autocast(args...)` is deprecated. Please use `torch.amp.autocast('cuda', args...)` instead.
  with autocast(enabled=use_amp):
 Iter-87 | MAE=0.789 | MAPE=0.58%
/data/quyhv/oil_forecast_tail_risk/scripts/training/train_unified.py:290: FutureWarning: `torch.cuda.amp.GradScaler(args...)` is deprecated. Please use `torch.amp.GradScaler('cuda', args...)` instead.
  scaler = GradScaler(enabled=use_amp)
/data/quyhv/oil_forecast_tail_risk/scripts/training/train_unified.py:309: FutureWarning: `torch.cuda.amp.autocast(args...)` is deprecated. Please use `torch.amp.autocast('cuda', args...)` instead.
  with autocast(enabled=use_amp):
/data/quyhv/oil_forecast_tail_risk/scripts/training/train_unified.py:349: FutureWarning: `torch.cuda.amp.autocast(args...)` is deprecated. Please use `torch.amp.autocast('cuda', args...)` instead.
  with autocast(enabled=use_amp):
 Iter-88 | MAE=6.977 | MAPE=5.50%
/data/quyhv/oil_forecast_tail_risk/scripts/training/train_unified.py:290: FutureWarning: `torch.cuda.amp.GradScaler(args...)` is deprecated. Please use `torch.amp.GradScaler('cuda', args...)` instead.
  scaler = GradScaler(enabled=use_amp)
/data/quyhv/oil_forecast_tail_risk/scripts/training/train_unified.py:309: FutureWarning: `torch.cuda.amp.autocast(args...)` is deprecated. Please use `torch.amp.autocast('cuda', args...)` instead.
  with autocast(enabled=use_amp):
/data/quyhv/oil_forecast_tail_risk/scripts/training/train_unified.py:349: FutureWarning: `torch.cuda.amp.autocast(args...)` is deprecated. Please use `torch.amp.autocast('cuda', args...)` instead.
  with autocast(enabled=use_amp):
 Iter-89 | MAE=3.332 | MAPE=2.74%
/data/quyhv/oil_forecast_tail_risk/scripts/training/train_unified.py:290: FutureWarning: `torch.cuda.amp.GradScaler(args...)` is deprecated. Please use `torch.amp.GradScaler('cuda', args...)` instead.
  scaler = GradScaler(enabled=use_amp)
/data/quyhv/oil_forecast_tail_risk/scripts/training/train_unified.py:309: FutureWarning: `torch.cuda.amp.autocast(args...)` is deprecated. Please use `torch.amp.autocast('cuda', args...)` instead.
  with autocast(enabled=use_amp):
/data/quyhv/oil_forecast_tail_risk/scripts/training/train_unified.py:349: FutureWarning: `torch.cuda.amp.autocast(args...)` is deprecated. Please use `torch.amp.autocast('cuda', args...)` instead.
  with autocast(enabled=use_amp):
 Iter-90 | MAE=2.398 | MAPE=1.97%
/data/quyhv/oil_forecast_tail_risk/scripts/training/train_unified.py:290: FutureWarning: `torch.cuda.amp.GradScaler(args...)` is deprecated. Please use `torch.amp.GradScaler('cuda', args...)` instead.
  scaler = GradScaler(enabled=use_amp)
/data/quyhv/oil_forecast_tail_risk/scripts/training/train_unified.py:309: FutureWarning: `torch.cuda.amp.autocast(args...)` is deprecated. Please use `torch.amp.autocast('cuda', args...)` instead.
  with autocast(enabled=use_amp):
/data/quyhv/oil_forecast_tail_risk/scripts/training/train_unified.py:349: FutureWarning: `torch.cuda.amp.autocast(args...)` is deprecated. Please use `torch.amp.autocast('cuda', args...)` instead.
  with autocast(enabled=use_amp):
 Iter-91 | MAE=2.564 | MAPE=2.01%
/data/quyhv/oil_forecast_tail_risk/scripts/training/train_unified.py:290: FutureWarning: `torch.cuda.amp.GradScaler(args...)` is deprecated. Please use `torch.amp.GradScaler('cuda', args...)` instead.
  scaler = GradScaler(enabled=use_amp)
/data/quyhv/oil_forecast_tail_risk/scripts/training/train_unified.py:309: FutureWarning: `torch.cuda.amp.autocast(args...)` is deprecated. Please use `torch.amp.autocast('cuda', args...)` instead.
  with autocast(enabled=use_amp):
/data/quyhv/oil_forecast_tail_risk/scripts/training/train_unified.py:349: FutureWarning: `torch.cuda.amp.autocast(args...)` is deprecated. Please use `torch.amp.autocast('cuda', args...)` instead.
  with autocast(enabled=use_amp):
 Iter-92 | MAE=1.524 | MAPE=1.28%
/data/quyhv/oil_forecast_tail_risk/scripts/training/train_unified.py:290: FutureWarning: `torch.cuda.amp.GradScaler(args...)` is deprecated. Please use `torch.amp.GradScaler('cuda', args...)` instead.
  scaler = GradScaler(enabled=use_amp)
/data/quyhv/oil_forecast_tail_risk/scripts/training/train_unified.py:309: FutureWarning: `torch.cuda.amp.autocast(args...)` is deprecated. Please use `torch.amp.autocast('cuda', args...)` instead.
  with autocast(enabled=use_amp):
/data/quyhv/oil_forecast_tail_risk/scripts/training/train_unified.py:349: FutureWarning: `torch.cuda.amp.autocast(args...)` is deprecated. Please use `torch.amp.autocast('cuda', args...)` instead.
  with autocast(enabled=use_amp):
 Iter-93 | MAE=1.572 | MAPE=1.29%
/data/quyhv/oil_forecast_tail_risk/scripts/training/train_unified.py:290: FutureWarning: `torch.cuda.amp.GradScaler(args...)` is deprecated. Please use `torch.amp.GradScaler('cuda', args...)` instead.
  scaler = GradScaler(enabled=use_amp)
/data/quyhv/oil_forecast_tail_risk/scripts/training/train_unified.py:309: FutureWarning: `torch.cuda.amp.autocast(args...)` is deprecated. Please use `torch.amp.autocast('cuda', args...)` instead.
  with autocast(enabled=use_amp):
/data/quyhv/oil_forecast_tail_risk/scripts/training/train_unified.py:349: FutureWarning: `torch.cuda.amp.autocast(args...)` is deprecated. Please use `torch.amp.autocast('cuda', args...)` instead.
  with autocast(enabled=use_amp):
 Iter-94 | MAE=5.099 | MAPE=4.04%
/data/quyhv/oil_forecast_tail_risk/scripts/training/train_unified.py:290: FutureWarning: `torch.cuda.amp.GradScaler(args...)` is deprecated. Please use `torch.amp.GradScaler('cuda', args...)` instead.
  scaler = GradScaler(enabled=use_amp)
/data/quyhv/oil_forecast_tail_risk/scripts/training/train_unified.py:309: FutureWarning: `torch.cuda.amp.autocast(args...)` is deprecated. Please use `torch.amp.autocast('cuda', args...)` instead.
  with autocast(enabled=use_amp):
/data/quyhv/oil_forecast_tail_risk/scripts/training/train_unified.py:349: FutureWarning: `torch.cuda.amp.autocast(args...)` is deprecated. Please use `torch.amp.autocast('cuda', args...)` instead.
  with autocast(enabled=use_amp):
 Iter-95 | MAE=0.192 | MAPE=0.15%
/data/quyhv/oil_forecast_tail_risk/scripts/training/train_unified.py:290: FutureWarning: `torch.cuda.amp.GradScaler(args...)` is deprecated. Please use `torch.amp.GradScaler('cuda', args...)` instead.
  scaler = GradScaler(enabled=use_amp)
/data/quyhv/oil_forecast_tail_risk/scripts/training/train_unified.py:309: FutureWarning: `torch.cuda.amp.autocast(args...)` is deprecated. Please use `torch.amp.autocast('cuda', args...)` instead.
  with autocast(enabled=use_amp):
/data/quyhv/oil_forecast_tail_risk/scripts/training/train_unified.py:349: FutureWarning: `torch.cuda.amp.autocast(args...)` is deprecated. Please use `torch.amp.autocast('cuda', args...)` instead.
  with autocast(enabled=use_amp):
 Iter-96 | MAE=1.030 | MAPE=0.80%
/data/quyhv/oil_forecast_tail_risk/scripts/training/train_unified.py:290: FutureWarning: `torch.cuda.amp.GradScaler(args...)` is deprecated. Please use `torch.amp.GradScaler('cuda', args...)` instead.
  scaler = GradScaler(enabled=use_amp)
/data/quyhv/oil_forecast_tail_risk/scripts/training/train_unified.py:309: FutureWarning: `torch.cuda.amp.autocast(args...)` is deprecated. Please use `torch.amp.autocast('cuda', args...)` instead.
  with autocast(enabled=use_amp):
/data/quyhv/oil_forecast_tail_risk/scripts/training/train_unified.py:349: FutureWarning: `torch.cuda.amp.autocast(args...)` is deprecated. Please use `torch.amp.autocast('cuda', args...)` instead.
  with autocast(enabled=use_amp):
 Iter-97 | MAE=1.792 | MAPE=1.38%
/data/quyhv/oil_forecast_tail_risk/scripts/training/train_unified.py:290: FutureWarning: `torch.cuda.amp.GradScaler(args...)` is deprecated. Please use `torch.amp.GradScaler('cuda', args...)` instead.
  scaler = GradScaler(enabled=use_amp)
/data/quyhv/oil_forecast_tail_risk/scripts/training/train_unified.py:309: FutureWarning: `torch.cuda.amp.autocast(args...)` is deprecated. Please use `torch.amp.autocast('cuda', args...)` instead.
  with autocast(enabled=use_amp):
/data/quyhv/oil_forecast_tail_risk/scripts/training/train_unified.py:349: FutureWarning: `torch.cuda.amp.autocast(args...)` is deprecated. Please use `torch.amp.autocast('cuda', args...)` instead.
  with autocast(enabled=use_amp):
 Iter-98 | MAE=1.101 | MAPE=0.85%
/data/quyhv/oil_forecast_tail_risk/scripts/training/train_unified.py:290: FutureWarning: `torch.cuda.amp.GradScaler(args...)` is deprecated. Please use `torch.amp.GradScaler('cuda', args...)` instead.
  scaler = GradScaler(enabled=use_amp)
/data/quyhv/oil_forecast_tail_risk/scripts/training/train_unified.py:309: FutureWarning: `torch.cuda.amp.autocast(args...)` is deprecated. Please use `torch.amp.autocast('cuda', args...)` instead.
  with autocast(enabled=use_amp):
/data/quyhv/oil_forecast_tail_risk/scripts/training/train_unified.py:349: FutureWarning: `torch.cuda.amp.autocast(args...)` is deprecated. Please use `torch.amp.autocast('cuda', args...)` instead.
  with autocast(enabled=use_amp):
 Iter-99 | MAE=1.517 | MAPE=1.15%
/data/quyhv/oil_forecast_tail_risk/scripts/training/train_unified.py:290: FutureWarning: `torch.cuda.amp.GradScaler(args...)` is deprecated. Please use `torch.amp.GradScaler('cuda', args...)` instead.
  scaler = GradScaler(enabled=use_amp)
/data/quyhv/oil_forecast_tail_risk/scripts/training/train_unified.py:309: FutureWarning: `torch.cuda.amp.autocast(args...)` is deprecated. Please use `torch.amp.autocast('cuda', args...)` instead.
  with autocast(enabled=use_amp):
/data/quyhv/oil_forecast_tail_risk/scripts/training/train_unified.py:349: FutureWarning: `torch.cuda.amp.autocast(args...)` is deprecated. Please use `torch.amp.autocast('cuda', args...)` instead.
  with autocast(enabled=use_amp):
 Iter-100 | MAE=2.047 | MAPE=1.51%

 OVERALL: MAE=3.007, MAPE=2.63%, R2=0.9677 (2970.5s)
Saved model checkpoint: /data/quyhv/oil_forecast_tail_risk/results_v4/walkforward/LTSF_Linear/XANG_H1_seed777/model_checkpoint.pth
Saved processor/scaler: /data/quyhv/oil_forecast_tail_risk/results_v4/walkforward/LTSF_Linear/XANG_H1_seed777/processor.pkl

 All 1 experiments completed!

================================================================================
 [1/1] NBEATS | XANG | H1 | walkforward
================================================================================

 Using GPU: Tesla T4
================================================================================
 NBEATS | XANG | H1 | walkforward | seed=777
================================================================================
Data: 4513 rows | Features: 15
/data/quyhv/oil_forecast_tail_risk/scripts/training/train_unified.py:290: FutureWarning: `torch.cuda.amp.GradScaler(args...)` is deprecated. Please use `torch.amp.GradScaler('cuda', args...)` instead.
  scaler = GradScaler(enabled=use_amp)
/data/quyhv/oil_forecast_tail_risk/scripts/training/train_unified.py:309: FutureWarning: `torch.cuda.amp.autocast(args...)` is deprecated. Please use `torch.amp.autocast('cuda', args...)` instead.
  with autocast(enabled=use_amp):
/data/quyhv/oil_forecast_tail_risk/scripts/training/train_unified.py:349: FutureWarning: `torch.cuda.amp.autocast(args...)` is deprecated. Please use `torch.amp.autocast('cuda', args...)` instead.
  with autocast(enabled=use_amp):
 Iter-01 | MAE=0.332 | MAPE=0.42%
/data/quyhv/oil_forecast_tail_risk/scripts/training/train_unified.py:290: FutureWarning: `torch.cuda.amp.GradScaler(args...)` is deprecated. Please use `torch.amp.GradScaler('cuda', args...)` instead.
  scaler = GradScaler(enabled=use_amp)
/data/quyhv/oil_forecast_tail_risk/scripts/training/train_unified.py:309: FutureWarning: `torch.cuda.amp.autocast(args...)` is deprecated. Please use `torch.amp.autocast('cuda', args...)` instead.
  with autocast(enabled=use_amp):
/data/quyhv/oil_forecast_tail_risk/scripts/training/train_unified.py:349: FutureWarning: `torch.cuda.amp.autocast(args...)` is deprecated. Please use `torch.amp.autocast('cuda', args...)` instead.
  with autocast(enabled=use_amp):
 Iter-02 | MAE=0.252 | MAPE=0.32%
/data/quyhv/oil_forecast_tail_risk/scripts/training/train_unified.py:290: FutureWarning: `torch.cuda.amp.GradScaler(args...)` is deprecated. Please use `torch.amp.GradScaler('cuda', args...)` instead.
  scaler = GradScaler(enabled=use_amp)
/data/quyhv/oil_forecast_tail_risk/scripts/training/train_unified.py:309: FutureWarning: `torch.cuda.amp.autocast(args...)` is deprecated. Please use `torch.amp.autocast('cuda', args...)` instead.
  with autocast(enabled=use_amp):
/data/quyhv/oil_forecast_tail_risk/scripts/training/train_unified.py:349: FutureWarning: `torch.cuda.amp.autocast(args...)` is deprecated. Please use `torch.amp.autocast('cuda', args...)` instead.
  with autocast(enabled=use_amp):
 Iter-03 | MAE=0.646 | MAPE=0.83%
/data/quyhv/oil_forecast_tail_risk/scripts/training/train_unified.py:290: FutureWarning: `torch.cuda.amp.GradScaler(args...)` is deprecated. Please use `torch.amp.GradScaler('cuda', args...)` instead.
  scaler = GradScaler(enabled=use_amp)
/data/quyhv/oil_forecast_tail_risk/scripts/training/train_unified.py:309: FutureWarning: `torch.cuda.amp.autocast(args...)` is deprecated. Please use `torch.amp.autocast('cuda', args...)` instead.
  with autocast(enabled=use_amp):
/data/quyhv/oil_forecast_tail_risk/scripts/training/train_unified.py:349: FutureWarning: `torch.cuda.amp.autocast(args...)` is deprecated. Please use `torch.amp.autocast('cuda', args...)` instead.
  with autocast(enabled=use_amp):
 Iter-04 | MAE=2.523 | MAPE=3.36%
/data/quyhv/oil_forecast_tail_risk/scripts/training/train_unified.py:290: FutureWarning: `torch.cuda.amp.GradScaler(args...)` is deprecated. Please use `torch.amp.GradScaler('cuda', args...)` instead.
  scaler = GradScaler(enabled=use_amp)
/data/quyhv/oil_forecast_tail_risk/scripts/training/train_unified.py:309: FutureWarning: `torch.cuda.amp.autocast(args...)` is deprecated. Please use `torch.amp.autocast('cuda', args...)` instead.
  with autocast(enabled=use_amp):
/data/quyhv/oil_forecast_tail_risk/scripts/training/train_unified.py:349: FutureWarning: `torch.cuda.amp.autocast(args...)` is deprecated. Please use `torch.amp.autocast('cuda', args...)` instead.
  with autocast(enabled=use_amp):
 Iter-05 | MAE=0.296 | MAPE=0.40%
/data/quyhv/oil_forecast_tail_risk/scripts/training/train_unified.py:290: FutureWarning: `torch.cuda.amp.GradScaler(args...)` is deprecated. Please use `torch.amp.GradScaler('cuda', args...)` instead.
  scaler = GradScaler(enabled=use_amp)
/data/quyhv/oil_forecast_tail_risk/scripts/training/train_unified.py:309: FutureWarning: `torch.cuda.amp.autocast(args...)` is deprecated. Please use `torch.amp.autocast('cuda', args...)` instead.
  with autocast(enabled=use_amp):
/data/quyhv/oil_forecast_tail_risk/scripts/training/train_unified.py:349: FutureWarning: `torch.cuda.amp.autocast(args...)` is deprecated. Please use `torch.amp.autocast('cuda', args...)` instead.
  with autocast(enabled=use_amp):
 Iter-06 | MAE=0.653 | MAPE=0.88%
/data/quyhv/oil_forecast_tail_risk/scripts/training/train_unified.py:290: FutureWarning: `torch.cuda.amp.GradScaler(args...)` is deprecated. Please use `torch.amp.GradScaler('cuda', args...)` instead.
  scaler = GradScaler(enabled=use_amp)
/data/quyhv/oil_forecast_tail_risk/scripts/training/train_unified.py:309: FutureWarning: `torch.cuda.amp.autocast(args...)` is deprecated. Please use `torch.amp.autocast('cuda', args...)` instead.
  with autocast(enabled=use_amp):
/data/quyhv/oil_forecast_tail_risk/scripts/training/train_unified.py:349: FutureWarning: `torch.cuda.amp.autocast(args...)` is deprecated. Please use `torch.amp.autocast('cuda', args...)` instead.
  with autocast(enabled=use_amp):
 Iter-07 | MAE=1.788 | MAPE=2.44%
/data/quyhv/oil_forecast_tail_risk/scripts/training/train_unified.py:290: FutureWarning: `torch.cuda.amp.GradScaler(args...)` is deprecated. Please use `torch.amp.GradScaler('cuda', args...)` instead.
  scaler = GradScaler(enabled=use_amp)
/data/quyhv/oil_forecast_tail_risk/scripts/training/train_unified.py:309: FutureWarning: `torch.cuda.amp.autocast(args...)` is deprecated. Please use `torch.amp.autocast('cuda', args...)` instead.
  with autocast(enabled=use_amp):
/data/quyhv/oil_forecast_tail_risk/scripts/training/train_unified.py:349: FutureWarning: `torch.cuda.amp.autocast(args...)` is deprecated. Please use `torch.amp.autocast('cuda', args...)` instead.
  with autocast(enabled=use_amp):
 Iter-08 | MAE=0.427 | MAPE=0.58%
/data/quyhv/oil_forecast_tail_risk/scripts/training/train_unified.py:290: FutureWarning: `torch.cuda.amp.GradScaler(args...)` is deprecated. Please use `torch.amp.GradScaler('cuda', args...)` instead.
  scaler = GradScaler(enabled=use_amp)
/data/quyhv/oil_forecast_tail_risk/scripts/training/train_unified.py:309: FutureWarning: `torch.cuda.amp.autocast(args...)` is deprecated. Please use `torch.amp.autocast('cuda', args...)` instead.
  with autocast(enabled=use_amp):
/data/quyhv/oil_forecast_tail_risk/scripts/training/train_unified.py:349: FutureWarning: `torch.cuda.amp.autocast(args...)` is deprecated. Please use `torch.amp.autocast('cuda', args...)` instead.
  with autocast(enabled=use_amp):
 Iter-09 | MAE=1.336 | MAPE=1.81%
/data/quyhv/oil_forecast_tail_risk/scripts/training/train_unified.py:290: FutureWarning: `torch.cuda.amp.GradScaler(args...)` is deprecated. Please use `torch.amp.GradScaler('cuda', args...)` instead.
  scaler = GradScaler(enabled=use_amp)
/data/quyhv/oil_forecast_tail_risk/scripts/training/train_unified.py:309: FutureWarning: `torch.cuda.amp.autocast(args...)` is deprecated. Please use `torch.amp.autocast('cuda', args...)` instead.
  with autocast(enabled=use_amp):
/data/quyhv/oil_forecast_tail_risk/scripts/training/train_unified.py:349: FutureWarning: `torch.cuda.amp.autocast(args...)` is deprecated. Please use `torch.amp.autocast('cuda', args...)` instead.
  with autocast(enabled=use_amp):
 Iter-10 | MAE=0.361 | MAPE=0.49%
/data/quyhv/oil_forecast_tail_risk/scripts/training/train_unified.py:290: FutureWarning: `torch.cuda.amp.GradScaler(args...)` is deprecated. Please use `torch.amp.GradScaler('cuda', args...)` instead.
  scaler = GradScaler(enabled=use_amp)
/data/quyhv/oil_forecast_tail_risk/scripts/training/train_unified.py:309: FutureWarning: `torch.cuda.amp.autocast(args...)` is deprecated. Please use `torch.amp.autocast('cuda', args...)` instead.
  with autocast(enabled=use_amp):
/data/quyhv/oil_forecast_tail_risk/scripts/training/train_unified.py:349: FutureWarning: `torch.cuda.amp.autocast(args...)` is deprecated. Please use `torch.amp.autocast('cuda', args...)` instead.
  with autocast(enabled=use_amp):
 Iter-11 | MAE=0.567 | MAPE=0.77%
/data/quyhv/oil_forecast_tail_risk/scripts/training/train_unified.py:290: FutureWarning: `torch.cuda.amp.GradScaler(args...)` is deprecated. Please use `torch.amp.GradScaler('cuda', args...)` instead.
  scaler = GradScaler(enabled=use_amp)
/data/quyhv/oil_forecast_tail_risk/scripts/training/train_unified.py:309: FutureWarning: `torch.cuda.amp.autocast(args...)` is deprecated. Please use `torch.amp.autocast('cuda', args...)` instead.
  with autocast(enabled=use_amp):
/data/quyhv/oil_forecast_tail_risk/scripts/training/train_unified.py:349: FutureWarning: `torch.cuda.amp.autocast(args...)` is deprecated. Please use `torch.amp.autocast('cuda', args...)` instead.
  with autocast(enabled=use_amp):
 Iter-12 | MAE=0.614 | MAPE=0.84%
/data/quyhv/oil_forecast_tail_risk/scripts/training/train_unified.py:290: FutureWarning: `torch.cuda.amp.GradScaler(args...)` is deprecated. Please use `torch.amp.GradScaler('cuda', args...)` instead.
  scaler = GradScaler(enabled=use_amp)
/data/quyhv/oil_forecast_tail_risk/scripts/training/train_unified.py:309: FutureWarning: `torch.cuda.amp.autocast(args...)` is deprecated. Please use `torch.amp.autocast('cuda', args...)` instead.
  with autocast(enabled=use_amp):
/data/quyhv/oil_forecast_tail_risk/scripts/training/train_unified.py:349: FutureWarning: `torch.cuda.amp.autocast(args...)` is deprecated. Please use `torch.amp.autocast('cuda', args...)` instead.
  with autocast(enabled=use_amp):
 Iter-13 | MAE=0.763 | MAPE=1.05%
/data/quyhv/oil_forecast_tail_risk/scripts/training/train_unified.py:290: FutureWarning: `torch.cuda.amp.GradScaler(args...)` is deprecated. Please use `torch.amp.GradScaler('cuda', args...)` instead.
  scaler = GradScaler(enabled=use_amp)
/data/quyhv/oil_forecast_tail_risk/scripts/training/train_unified.py:309: FutureWarning: `torch.cuda.amp.autocast(args...)` is deprecated. Please use `torch.amp.autocast('cuda', args...)` instead.
  with autocast(enabled=use_amp):
/data/quyhv/oil_forecast_tail_risk/scripts/training/train_unified.py:349: FutureWarning: `torch.cuda.amp.autocast(args...)` is deprecated. Please use `torch.amp.autocast('cuda', args...)` instead.
  with autocast(enabled=use_amp):
 Iter-14 | MAE=0.293 | MAPE=0.40%
/data/quyhv/oil_forecast_tail_risk/scripts/training/train_unified.py:290: FutureWarning: `torch.cuda.amp.GradScaler(args...)` is deprecated. Please use `torch.amp.GradScaler('cuda', args...)` instead.
  scaler = GradScaler(enabled=use_amp)
/data/quyhv/oil_forecast_tail_risk/scripts/training/train_unified.py:309: FutureWarning: `torch.cuda.amp.autocast(args...)` is deprecated. Please use `torch.amp.autocast('cuda', args...)` instead.
  with autocast(enabled=use_amp):
/data/quyhv/oil_forecast_tail_risk/scripts/training/train_unified.py:349: FutureWarning: `torch.cuda.amp.autocast(args...)` is deprecated. Please use `torch.amp.autocast('cuda', args...)` instead.
  with autocast(enabled=use_amp):
 Iter-15 | MAE=0.202 | MAPE=0.28%
/data/quyhv/oil_forecast_tail_risk/scripts/training/train_unified.py:290: FutureWarning: `torch.cuda.amp.GradScaler(args...)` is deprecated. Please use `torch.amp.GradScaler('cuda', args...)` instead.
  scaler = GradScaler(enabled=use_amp)
/data/quyhv/oil_forecast_tail_risk/scripts/training/train_unified.py:309: FutureWarning: `torch.cuda.amp.autocast(args...)` is deprecated. Please use `torch.amp.autocast('cuda', args...)` instead.
  with autocast(enabled=use_amp):
/data/quyhv/oil_forecast_tail_risk/scripts/training/train_unified.py:349: FutureWarning: `torch.cuda.amp.autocast(args...)` is deprecated. Please use `torch.amp.autocast('cuda', args...)` instead.
  with autocast(enabled=use_amp):
 Iter-16 | MAE=0.195 | MAPE=0.27%
/data/quyhv/oil_forecast_tail_risk/scripts/training/train_unified.py:290: FutureWarning: `torch.cuda.amp.GradScaler(args...)` is deprecated. Please use `torch.amp.GradScaler('cuda', args...)` instead.
  scaler = GradScaler(enabled=use_amp)
/data/quyhv/oil_forecast_tail_risk/scripts/training/train_unified.py:309: FutureWarning: `torch.cuda.amp.autocast(args...)` is deprecated. Please use `torch.amp.autocast('cuda', args...)` instead.
  with autocast(enabled=use_amp):
/data/quyhv/oil_forecast_tail_risk/scripts/training/train_unified.py:349: FutureWarning: `torch.cuda.amp.autocast(args...)` is deprecated. Please use `torch.amp.autocast('cuda', args...)` instead.
  with autocast(enabled=use_amp):
 Iter-17 | MAE=0.591 | MAPE=0.82%
/data/quyhv/oil_forecast_tail_risk/scripts/training/train_unified.py:290: FutureWarning: `torch.cuda.amp.GradScaler(args...)` is deprecated. Please use `torch.amp.GradScaler('cuda', args...)` instead.
  scaler = GradScaler(enabled=use_amp)
/data/quyhv/oil_forecast_tail_risk/scripts/training/train_unified.py:309: FutureWarning: `torch.cuda.amp.autocast(args...)` is deprecated. Please use `torch.amp.autocast('cuda', args...)` instead.
  with autocast(enabled=use_amp):
/data/quyhv/oil_forecast_tail_risk/scripts/training/train_unified.py:349: FutureWarning: `torch.cuda.amp.autocast(args...)` is deprecated. Please use `torch.amp.autocast('cuda', args...)` instead.
  with autocast(enabled=use_amp):
 Iter-18 | MAE=1.132 | MAPE=1.60%
/data/quyhv/oil_forecast_tail_risk/scripts/training/train_unified.py:290: FutureWarning: `torch.cuda.amp.GradScaler(args...)` is deprecated. Please use `torch.amp.GradScaler('cuda', args...)` instead.
  scaler = GradScaler(enabled=use_amp)
/data/quyhv/oil_forecast_tail_risk/scripts/training/train_unified.py:309: FutureWarning: `torch.cuda.amp.autocast(args...)` is deprecated. Please use `torch.amp.autocast('cuda', args...)` instead.
  with autocast(enabled=use_amp):
/data/quyhv/oil_forecast_tail_risk/scripts/training/train_unified.py:349: FutureWarning: `torch.cuda.amp.autocast(args...)` is deprecated. Please use `torch.amp.autocast('cuda', args...)` instead.
  with autocast(enabled=use_amp):
 Iter-19 | MAE=0.201 | MAPE=0.28%
/data/quyhv/oil_forecast_tail_risk/scripts/training/train_unified.py:290: FutureWarning: `torch.cuda.amp.GradScaler(args...)` is deprecated. Please use `torch.amp.GradScaler('cuda', args...)` instead.
  scaler = GradScaler(enabled=use_amp)
/data/quyhv/oil_forecast_tail_risk/scripts/training/train_unified.py:309: FutureWarning: `torch.cuda.amp.autocast(args...)` is deprecated. Please use `torch.amp.autocast('cuda', args...)` instead.
  with autocast(enabled=use_amp):
/data/quyhv/oil_forecast_tail_risk/scripts/training/train_unified.py:349: FutureWarning: `torch.cuda.amp.autocast(args...)` is deprecated. Please use `torch.amp.autocast('cuda', args...)` instead.
  with autocast(enabled=use_amp):
 Iter-20 | MAE=1.375 | MAPE=1.96%
/data/quyhv/oil_forecast_tail_risk/scripts/training/train_unified.py:290: FutureWarning: `torch.cuda.amp.GradScaler(args...)` is deprecated. Please use `torch.amp.GradScaler('cuda', args...)` instead.
  scaler = GradScaler(enabled=use_amp)
/data/quyhv/oil_forecast_tail_risk/scripts/training/train_unified.py:309: FutureWarning: `torch.cuda.amp.autocast(args...)` is deprecated. Please use `torch.amp.autocast('cuda', args...)` instead.
  with autocast(enabled=use_amp):
/data/quyhv/oil_forecast_tail_risk/scripts/training/train_unified.py:349: FutureWarning: `torch.cuda.amp.autocast(args...)` is deprecated. Please use `torch.amp.autocast('cuda', args...)` instead.
  with autocast(enabled=use_amp):
 Iter-21 | MAE=0.700 | MAPE=0.99%
/data/quyhv/oil_forecast_tail_risk/scripts/training/train_unified.py:290: FutureWarning: `torch.cuda.amp.GradScaler(args...)` is deprecated. Please use `torch.amp.GradScaler('cuda', args...)` instead.
  scaler = GradScaler(enabled=use_amp)
/data/quyhv/oil_forecast_tail_risk/scripts/training/train_unified.py:309: FutureWarning: `torch.cuda.amp.autocast(args...)` is deprecated. Please use `torch.amp.autocast('cuda', args...)` instead.
  with autocast(enabled=use_amp):
/data/quyhv/oil_forecast_tail_risk/scripts/training/train_unified.py:349: FutureWarning: `torch.cuda.amp.autocast(args...)` is deprecated. Please use `torch.amp.autocast('cuda', args...)` instead.
  with autocast(enabled=use_amp):
 Iter-22 | MAE=1.145 | MAPE=1.58%
/data/quyhv/oil_forecast_tail_risk/scripts/training/train_unified.py:290: FutureWarning: `torch.cuda.amp.GradScaler(args...)` is deprecated. Please use `torch.amp.GradScaler('cuda', args...)` instead.
  scaler = GradScaler(enabled=use_amp)
/data/quyhv/oil_forecast_tail_risk/scripts/training/train_unified.py:309: FutureWarning: `torch.cuda.amp.autocast(args...)` is deprecated. Please use `torch.amp.autocast('cuda', args...)` instead.
  with autocast(enabled=use_amp):
/data/quyhv/oil_forecast_tail_risk/scripts/training/train_unified.py:349: FutureWarning: `torch.cuda.amp.autocast(args...)` is deprecated. Please use `torch.amp.autocast('cuda', args...)` instead.
  with autocast(enabled=use_amp):
 Iter-23 | MAE=1.224 | MAPE=1.69%
/data/quyhv/oil_forecast_tail_risk/scripts/training/train_unified.py:290: FutureWarning: `torch.cuda.amp.GradScaler(args...)` is deprecated. Please use `torch.amp.GradScaler('cuda', args...)` instead.
  scaler = GradScaler(enabled=use_amp)
/data/quyhv/oil_forecast_tail_risk/scripts/training/train_unified.py:309: FutureWarning: `torch.cuda.amp.autocast(args...)` is deprecated. Please use `torch.amp.autocast('cuda', args...)` instead.
  with autocast(enabled=use_amp):
/data/quyhv/oil_forecast_tail_risk/scripts/training/train_unified.py:349: FutureWarning: `torch.cuda.amp.autocast(args...)` is deprecated. Please use `torch.amp.autocast('cuda', args...)` instead.
  with autocast(enabled=use_amp):
 Iter-24 | MAE=0.403 | MAPE=0.55%
/data/quyhv/oil_forecast_tail_risk/scripts/training/train_unified.py:290: FutureWarning: `torch.cuda.amp.GradScaler(args...)` is deprecated. Please use `torch.amp.GradScaler('cuda', args...)` instead.
  scaler = GradScaler(enabled=use_amp)
/data/quyhv/oil_forecast_tail_risk/scripts/training/train_unified.py:309: FutureWarning: `torch.cuda.amp.autocast(args...)` is deprecated. Please use `torch.amp.autocast('cuda', args...)` instead.
  with autocast(enabled=use_amp):
/data/quyhv/oil_forecast_tail_risk/scripts/training/train_unified.py:349: FutureWarning: `torch.cuda.amp.autocast(args...)` is deprecated. Please use `torch.amp.autocast('cuda', args...)` instead.
  with autocast(enabled=use_amp):
 Iter-25 | MAE=0.921 | MAPE=1.27%
/data/quyhv/oil_forecast_tail_risk/scripts/training/train_unified.py:290: FutureWarning: `torch.cuda.amp.GradScaler(args...)` is deprecated. Please use `torch.amp.GradScaler('cuda', args...)` instead.
  scaler = GradScaler(enabled=use_amp)
/data/quyhv/oil_forecast_tail_risk/scripts/training/train_unified.py:309: FutureWarning: `torch.cuda.amp.autocast(args...)` is deprecated. Please use `torch.amp.autocast('cuda', args...)` instead.
  with autocast(enabled=use_amp):
/data/quyhv/oil_forecast_tail_risk/scripts/training/train_unified.py:349: FutureWarning: `torch.cuda.amp.autocast(args...)` is deprecated. Please use `torch.amp.autocast('cuda', args...)` instead.
  with autocast(enabled=use_amp):
 Iter-26 | MAE=1.714 | MAPE=2.38%
/data/quyhv/oil_forecast_tail_risk/scripts/training/train_unified.py:290: FutureWarning: `torch.cuda.amp.GradScaler(args...)` is deprecated. Please use `torch.amp.GradScaler('cuda', args...)` instead.
  scaler = GradScaler(enabled=use_amp)
/data/quyhv/oil_forecast_tail_risk/scripts/training/train_unified.py:309: FutureWarning: `torch.cuda.amp.autocast(args...)` is deprecated. Please use `torch.amp.autocast('cuda', args...)` instead.
  with autocast(enabled=use_amp):
/data/quyhv/oil_forecast_tail_risk/scripts/training/train_unified.py:349: FutureWarning: `torch.cuda.amp.autocast(args...)` is deprecated. Please use `torch.amp.autocast('cuda', args...)` instead.
  with autocast(enabled=use_amp):
 Iter-27 | MAE=0.685 | MAPE=0.96%
/data/quyhv/oil_forecast_tail_risk/scripts/training/train_unified.py:290: FutureWarning: `torch.cuda.amp.GradScaler(args...)` is deprecated. Please use `torch.amp.GradScaler('cuda', args...)` instead.
  scaler = GradScaler(enabled=use_amp)
/data/quyhv/oil_forecast_tail_risk/scripts/training/train_unified.py:309: FutureWarning: `torch.cuda.amp.autocast(args...)` is deprecated. Please use `torch.amp.autocast('cuda', args...)` instead.
  with autocast(enabled=use_amp):
/data/quyhv/oil_forecast_tail_risk/scripts/training/train_unified.py:349: FutureWarning: `torch.cuda.amp.autocast(args...)` is deprecated. Please use `torch.amp.autocast('cuda', args...)` instead.
  with autocast(enabled=use_amp):
 Iter-28 | MAE=0.183 | MAPE=0.26%
/data/quyhv/oil_forecast_tail_risk/scripts/training/train_unified.py:290: FutureWarning: `torch.cuda.amp.GradScaler(args...)` is deprecated. Please use `torch.amp.GradScaler('cuda', args...)` instead.
  scaler = GradScaler(enabled=use_amp)
/data/quyhv/oil_forecast_tail_risk/scripts/training/train_unified.py:309: FutureWarning: `torch.cuda.amp.autocast(args...)` is deprecated. Please use `torch.amp.autocast('cuda', args...)` instead.
  with autocast(enabled=use_amp):
/data/quyhv/oil_forecast_tail_risk/scripts/training/train_unified.py:349: FutureWarning: `torch.cuda.amp.autocast(args...)` is deprecated. Please use `torch.amp.autocast('cuda', args...)` instead.
  with autocast(enabled=use_amp):
 Iter-29 | MAE=0.586 | MAPE=0.82%
/data/quyhv/oil_forecast_tail_risk/scripts/training/train_unified.py:290: FutureWarning: `torch.cuda.amp.GradScaler(args...)` is deprecated. Please use `torch.amp.GradScaler('cuda', args...)` instead.
  scaler = GradScaler(enabled=use_amp)
/data/quyhv/oil_forecast_tail_risk/scripts/training/train_unified.py:309: FutureWarning: `torch.cuda.amp.autocast(args...)` is deprecated. Please use `torch.amp.autocast('cuda', args...)` instead.
  with autocast(enabled=use_amp):
/data/quyhv/oil_forecast_tail_risk/scripts/training/train_unified.py:349: FutureWarning: `torch.cuda.amp.autocast(args...)` is deprecated. Please use `torch.amp.autocast('cuda', args...)` instead.
  with autocast(enabled=use_amp):
 Iter-30 | MAE=0.253 | MAPE=0.35%
/data/quyhv/oil_forecast_tail_risk/scripts/training/train_unified.py:290: FutureWarning: `torch.cuda.amp.GradScaler(args...)` is deprecated. Please use `torch.amp.GradScaler('cuda', args...)` instead.
  scaler = GradScaler(enabled=use_amp)
/data/quyhv/oil_forecast_tail_risk/scripts/training/train_unified.py:309: FutureWarning: `torch.cuda.amp.autocast(args...)` is deprecated. Please use `torch.amp.autocast('cuda', args...)` instead.
  with autocast(enabled=use_amp):
/data/quyhv/oil_forecast_tail_risk/scripts/training/train_unified.py:349: FutureWarning: `torch.cuda.amp.autocast(args...)` is deprecated. Please use `torch.amp.autocast('cuda', args...)` instead.
  with autocast(enabled=use_amp):
 Iter-31 | MAE=0.040 | MAPE=0.05%
/data/quyhv/oil_forecast_tail_risk/scripts/training/train_unified.py:290: FutureWarning: `torch.cuda.amp.GradScaler(args...)` is deprecated. Please use `torch.amp.GradScaler('cuda', args...)` instead.
  scaler = GradScaler(enabled=use_amp)
/data/quyhv/oil_forecast_tail_risk/scripts/training/train_unified.py:309: FutureWarning: `torch.cuda.amp.autocast(args...)` is deprecated. Please use `torch.amp.autocast('cuda', args...)` instead.
  with autocast(enabled=use_amp):
/data/quyhv/oil_forecast_tail_risk/scripts/training/train_unified.py:349: FutureWarning: `torch.cuda.amp.autocast(args...)` is deprecated. Please use `torch.amp.autocast('cuda', args...)` instead.
  with autocast(enabled=use_amp):
 Iter-32 | MAE=0.684 | MAPE=0.95%
/data/quyhv/oil_forecast_tail_risk/scripts/training/train_unified.py:290: FutureWarning: `torch.cuda.amp.GradScaler(args...)` is deprecated. Please use `torch.amp.GradScaler('cuda', args...)` instead.
  scaler = GradScaler(enabled=use_amp)
/data/quyhv/oil_forecast_tail_risk/scripts/training/train_unified.py:309: FutureWarning: `torch.cuda.amp.autocast(args...)` is deprecated. Please use `torch.amp.autocast('cuda', args...)` instead.
  with autocast(enabled=use_amp):
/data/quyhv/oil_forecast_tail_risk/scripts/training/train_unified.py:349: FutureWarning: `torch.cuda.amp.autocast(args...)` is deprecated. Please use `torch.amp.autocast('cuda', args...)` instead.
  with autocast(enabled=use_amp):
 Iter-33 | MAE=0.493 | MAPE=0.67%
/data/quyhv/oil_forecast_tail_risk/scripts/training/train_unified.py:290: FutureWarning: `torch.cuda.amp.GradScaler(args...)` is deprecated. Please use `torch.amp.GradScaler('cuda', args...)` instead.
  scaler = GradScaler(enabled=use_amp)
/data/quyhv/oil_forecast_tail_risk/scripts/training/train_unified.py:309: FutureWarning: `torch.cuda.amp.autocast(args...)` is deprecated. Please use `torch.amp.autocast('cuda', args...)` instead.
  with autocast(enabled=use_amp):
/data/quyhv/oil_forecast_tail_risk/scripts/training/train_unified.py:349: FutureWarning: `torch.cuda.amp.autocast(args...)` is deprecated. Please use `torch.amp.autocast('cuda', args...)` instead.
  with autocast(enabled=use_amp):
 Iter-34 | MAE=1.243 | MAPE=1.74%
/data/quyhv/oil_forecast_tail_risk/scripts/training/train_unified.py:290: FutureWarning: `torch.cuda.amp.GradScaler(args...)` is deprecated. Please use `torch.amp.GradScaler('cuda', args...)` instead.
  scaler = GradScaler(enabled=use_amp)
/data/quyhv/oil_forecast_tail_risk/scripts/training/train_unified.py:309: FutureWarning: `torch.cuda.amp.autocast(args...)` is deprecated. Please use `torch.amp.autocast('cuda', args...)` instead.
  with autocast(enabled=use_amp):
/data/quyhv/oil_forecast_tail_risk/scripts/training/train_unified.py:349: FutureWarning: `torch.cuda.amp.autocast(args...)` is deprecated. Please use `torch.amp.autocast('cuda', args...)` instead.
  with autocast(enabled=use_amp):
 Iter-35 | MAE=1.028 | MAPE=1.40%
/data/quyhv/oil_forecast_tail_risk/scripts/training/train_unified.py:290: FutureWarning: `torch.cuda.amp.GradScaler(args...)` is deprecated. Please use `torch.amp.GradScaler('cuda', args...)` instead.
  scaler = GradScaler(enabled=use_amp)
/data/quyhv/oil_forecast_tail_risk/scripts/training/train_unified.py:309: FutureWarning: `torch.cuda.amp.autocast(args...)` is deprecated. Please use `torch.amp.autocast('cuda', args...)` instead.
  with autocast(enabled=use_amp):
/data/quyhv/oil_forecast_tail_risk/scripts/training/train_unified.py:349: FutureWarning: `torch.cuda.amp.autocast(args...)` is deprecated. Please use `torch.amp.autocast('cuda', args...)` instead.
  with autocast(enabled=use_amp):
 Iter-36 | MAE=0.612 | MAPE=0.82%
/data/quyhv/oil_forecast_tail_risk/scripts/training/train_unified.py:290: FutureWarning: `torch.cuda.amp.GradScaler(args...)` is deprecated. Please use `torch.amp.GradScaler('cuda', args...)` instead.
  scaler = GradScaler(enabled=use_amp)
/data/quyhv/oil_forecast_tail_risk/scripts/training/train_unified.py:309: FutureWarning: `torch.cuda.amp.autocast(args...)` is deprecated. Please use `torch.amp.autocast('cuda', args...)` instead.
  with autocast(enabled=use_amp):
/data/quyhv/oil_forecast_tail_risk/scripts/training/train_unified.py:349: FutureWarning: `torch.cuda.amp.autocast(args...)` is deprecated. Please use `torch.amp.autocast('cuda', args...)` instead.
  with autocast(enabled=use_amp):
 Iter-37 | MAE=1.637 | MAPE=2.20%
/data/quyhv/oil_forecast_tail_risk/scripts/training/train_unified.py:290: FutureWarning: `torch.cuda.amp.GradScaler(args...)` is deprecated. Please use `torch.amp.GradScaler('cuda', args...)` instead.
  scaler = GradScaler(enabled=use_amp)
/data/quyhv/oil_forecast_tail_risk/scripts/training/train_unified.py:309: FutureWarning: `torch.cuda.amp.autocast(args...)` is deprecated. Please use `torch.amp.autocast('cuda', args...)` instead.
  with autocast(enabled=use_amp):
/data/quyhv/oil_forecast_tail_risk/scripts/training/train_unified.py:349: FutureWarning: `torch.cuda.amp.autocast(args...)` is deprecated. Please use `torch.amp.autocast('cuda', args...)` instead.
  with autocast(enabled=use_amp):
 Iter-38 | MAE=2.989 | MAPE=4.17%
/data/quyhv/oil_forecast_tail_risk/scripts/training/train_unified.py:290: FutureWarning: `torch.cuda.amp.GradScaler(args...)` is deprecated. Please use `torch.amp.GradScaler('cuda', args...)` instead.
  scaler = GradScaler(enabled=use_amp)
/data/quyhv/oil_forecast_tail_risk/scripts/training/train_unified.py:309: FutureWarning: `torch.cuda.amp.autocast(args...)` is deprecated. Please use `torch.amp.autocast('cuda', args...)` instead.
  with autocast(enabled=use_amp):
/data/quyhv/oil_forecast_tail_risk/scripts/training/train_unified.py:349: FutureWarning: `torch.cuda.amp.autocast(args...)` is deprecated. Please use `torch.amp.autocast('cuda', args...)` instead.
  with autocast(enabled=use_amp):
 Iter-39 | MAE=2.257 | MAPE=3.13%
/data/quyhv/oil_forecast_tail_risk/scripts/training/train_unified.py:290: FutureWarning: `torch.cuda.amp.GradScaler(args...)` is deprecated. Please use `torch.amp.GradScaler('cuda', args...)` instead.
  scaler = GradScaler(enabled=use_amp)
/data/quyhv/oil_forecast_tail_risk/scripts/training/train_unified.py:309: FutureWarning: `torch.cuda.amp.autocast(args...)` is deprecated. Please use `torch.amp.autocast('cuda', args...)` instead.
  with autocast(enabled=use_amp):
/data/quyhv/oil_forecast_tail_risk/scripts/training/train_unified.py:349: FutureWarning: `torch.cuda.amp.autocast(args...)` is deprecated. Please use `torch.amp.autocast('cuda', args...)` instead.
  with autocast(enabled=use_amp):
 Iter-40 | MAE=1.352 | MAPE=1.83%
/data/quyhv/oil_forecast_tail_risk/scripts/training/train_unified.py:290: FutureWarning: `torch.cuda.amp.GradScaler(args...)` is deprecated. Please use `torch.amp.GradScaler('cuda', args...)` instead.
  scaler = GradScaler(enabled=use_amp)
/data/quyhv/oil_forecast_tail_risk/scripts/training/train_unified.py:309: FutureWarning: `torch.cuda.amp.autocast(args...)` is deprecated. Please use `torch.amp.autocast('cuda', args...)` instead.
  with autocast(enabled=use_amp):
/data/quyhv/oil_forecast_tail_risk/scripts/training/train_unified.py:349: FutureWarning: `torch.cuda.amp.autocast(args...)` is deprecated. Please use `torch.amp.autocast('cuda', args...)` instead.
  with autocast(enabled=use_amp):
 Iter-41 | MAE=0.703 | MAPE=0.95%
/data/quyhv/oil_forecast_tail_risk/scripts/training/train_unified.py:290: FutureWarning: `torch.cuda.amp.GradScaler(args...)` is deprecated. Please use `torch.amp.GradScaler('cuda', args...)` instead.
  scaler = GradScaler(enabled=use_amp)
/data/quyhv/oil_forecast_tail_risk/scripts/training/train_unified.py:309: FutureWarning: `torch.cuda.amp.autocast(args...)` is deprecated. Please use `torch.amp.autocast('cuda', args...)` instead.
  with autocast(enabled=use_amp):
/data/quyhv/oil_forecast_tail_risk/scripts/training/train_unified.py:349: FutureWarning: `torch.cuda.amp.autocast(args...)` is deprecated. Please use `torch.amp.autocast('cuda', args...)` instead.
  with autocast(enabled=use_amp):
 Iter-42 | MAE=0.808 | MAPE=1.09%
/data/quyhv/oil_forecast_tail_risk/scripts/training/train_unified.py:290: FutureWarning: `torch.cuda.amp.GradScaler(args...)` is deprecated. Please use `torch.amp.GradScaler('cuda', args...)` instead.
  scaler = GradScaler(enabled=use_amp)
/data/quyhv/oil_forecast_tail_risk/scripts/training/train_unified.py:309: FutureWarning: `torch.cuda.amp.autocast(args...)` is deprecated. Please use `torch.amp.autocast('cuda', args...)` instead.
  with autocast(enabled=use_amp):
/data/quyhv/oil_forecast_tail_risk/scripts/training/train_unified.py:349: FutureWarning: `torch.cuda.amp.autocast(args...)` is deprecated. Please use `torch.amp.autocast('cuda', args...)` instead.
  with autocast(enabled=use_amp):
 Iter-43 | MAE=1.151 | MAPE=1.52%
/data/quyhv/oil_forecast_tail_risk/scripts/training/train_unified.py:290: FutureWarning: `torch.cuda.amp.GradScaler(args...)` is deprecated. Please use `torch.amp.GradScaler('cuda', args...)` instead.
  scaler = GradScaler(enabled=use_amp)
/data/quyhv/oil_forecast_tail_risk/scripts/training/train_unified.py:309: FutureWarning: `torch.cuda.amp.autocast(args...)` is deprecated. Please use `torch.amp.autocast('cuda', args...)` instead.
  with autocast(enabled=use_amp):
/data/quyhv/oil_forecast_tail_risk/scripts/training/train_unified.py:349: FutureWarning: `torch.cuda.amp.autocast(args...)` is deprecated. Please use `torch.amp.autocast('cuda', args...)` instead.
  with autocast(enabled=use_amp):
 Iter-44 | MAE=1.562 | MAPE=2.02%
/data/quyhv/oil_forecast_tail_risk/scripts/training/train_unified.py:290: FutureWarning: `torch.cuda.amp.GradScaler(args...)` is deprecated. Please use `torch.amp.GradScaler('cuda', args...)` instead.
  scaler = GradScaler(enabled=use_amp)
/data/quyhv/oil_forecast_tail_risk/scripts/training/train_unified.py:309: FutureWarning: `torch.cuda.amp.autocast(args...)` is deprecated. Please use `torch.amp.autocast('cuda', args...)` instead.
  with autocast(enabled=use_amp):
/data/quyhv/oil_forecast_tail_risk/scripts/training/train_unified.py:349: FutureWarning: `torch.cuda.amp.autocast(args...)` is deprecated. Please use `torch.amp.autocast('cuda', args...)` instead.
  with autocast(enabled=use_amp):
 Iter-45 | MAE=0.188 | MAPE=0.24%
/data/quyhv/oil_forecast_tail_risk/scripts/training/train_unified.py:290: FutureWarning: `torch.cuda.amp.GradScaler(args...)` is deprecated. Please use `torch.amp.GradScaler('cuda', args...)` instead.
  scaler = GradScaler(enabled=use_amp)
/data/quyhv/oil_forecast_tail_risk/scripts/training/train_unified.py:309: FutureWarning: `torch.cuda.amp.autocast(args...)` is deprecated. Please use `torch.amp.autocast('cuda', args...)` instead.
  with autocast(enabled=use_amp):
/data/quyhv/oil_forecast_tail_risk/scripts/training/train_unified.py:349: FutureWarning: `torch.cuda.amp.autocast(args...)` is deprecated. Please use `torch.amp.autocast('cuda', args...)` instead.
  with autocast(enabled=use_amp):
 Iter-46 | MAE=1.884 | MAPE=2.48%
/data/quyhv/oil_forecast_tail_risk/scripts/training/train_unified.py:290: FutureWarning: `torch.cuda.amp.GradScaler(args...)` is deprecated. Please use `torch.amp.GradScaler('cuda', args...)` instead.
  scaler = GradScaler(enabled=use_amp)
/data/quyhv/oil_forecast_tail_risk/scripts/training/train_unified.py:309: FutureWarning: `torch.cuda.amp.autocast(args...)` is deprecated. Please use `torch.amp.autocast('cuda', args...)` instead.
  with autocast(enabled=use_amp):
/data/quyhv/oil_forecast_tail_risk/scripts/training/train_unified.py:349: FutureWarning: `torch.cuda.amp.autocast(args...)` is deprecated. Please use `torch.amp.autocast('cuda', args...)` instead.
  with autocast(enabled=use_amp):
 Iter-47 | MAE=2.767 | MAPE=3.81%
/data/quyhv/oil_forecast_tail_risk/scripts/training/train_unified.py:290: FutureWarning: `torch.cuda.amp.GradScaler(args...)` is deprecated. Please use `torch.amp.GradScaler('cuda', args...)` instead.
  scaler = GradScaler(enabled=use_amp)
/data/quyhv/oil_forecast_tail_risk/scripts/training/train_unified.py:309: FutureWarning: `torch.cuda.amp.autocast(args...)` is deprecated. Please use `torch.amp.autocast('cuda', args...)` instead.
  with autocast(enabled=use_amp):
/data/quyhv/oil_forecast_tail_risk/scripts/training/train_unified.py:349: FutureWarning: `torch.cuda.amp.autocast(args...)` is deprecated. Please use `torch.amp.autocast('cuda', args...)` instead.
  with autocast(enabled=use_amp):
 Iter-48 | MAE=0.185 | MAPE=0.26%
/data/quyhv/oil_forecast_tail_risk/scripts/training/train_unified.py:290: FutureWarning: `torch.cuda.amp.GradScaler(args...)` is deprecated. Please use `torch.amp.GradScaler('cuda', args...)` instead.
  scaler = GradScaler(enabled=use_amp)
/data/quyhv/oil_forecast_tail_risk/scripts/training/train_unified.py:309: FutureWarning: `torch.cuda.amp.autocast(args...)` is deprecated. Please use `torch.amp.autocast('cuda', args...)` instead.
  with autocast(enabled=use_amp):
/data/quyhv/oil_forecast_tail_risk/scripts/training/train_unified.py:349: FutureWarning: `torch.cuda.amp.autocast(args...)` is deprecated. Please use `torch.amp.autocast('cuda', args...)` instead.
  with autocast(enabled=use_amp):
 Iter-49 | MAE=0.230 | MAPE=0.32%
/data/quyhv/oil_forecast_tail_risk/scripts/training/train_unified.py:290: FutureWarning: `torch.cuda.amp.GradScaler(args...)` is deprecated. Please use `torch.amp.GradScaler('cuda', args...)` instead.
  scaler = GradScaler(enabled=use_amp)
/data/quyhv/oil_forecast_tail_risk/scripts/training/train_unified.py:309: FutureWarning: `torch.cuda.amp.autocast(args...)` is deprecated. Please use `torch.amp.autocast('cuda', args...)` instead.
  with autocast(enabled=use_amp):
/data/quyhv/oil_forecast_tail_risk/scripts/training/train_unified.py:349: FutureWarning: `torch.cuda.amp.autocast(args...)` is deprecated. Please use `torch.amp.autocast('cuda', args...)` instead.
  with autocast(enabled=use_amp):
 Iter-50 | MAE=0.324 | MAPE=0.45%
/data/quyhv/oil_forecast_tail_risk/scripts/training/train_unified.py:290: FutureWarning: `torch.cuda.amp.GradScaler(args...)` is deprecated. Please use `torch.amp.GradScaler('cuda', args...)` instead.
  scaler = GradScaler(enabled=use_amp)
/data/quyhv/oil_forecast_tail_risk/scripts/training/train_unified.py:309: FutureWarning: `torch.cuda.amp.autocast(args...)` is deprecated. Please use `torch.amp.autocast('cuda', args...)` instead.
  with autocast(enabled=use_amp):
/data/quyhv/oil_forecast_tail_risk/scripts/training/train_unified.py:349: FutureWarning: `torch.cuda.amp.autocast(args...)` is deprecated. Please use `torch.amp.autocast('cuda', args...)` instead.
  with autocast(enabled=use_amp):
 Iter-51 | MAE=2.963 | MAPE=3.84%
/data/quyhv/oil_forecast_tail_risk/scripts/training/train_unified.py:290: FutureWarning: `torch.cuda.amp.GradScaler(args...)` is deprecated. Please use `torch.amp.GradScaler('cuda', args...)` instead.
  scaler = GradScaler(enabled=use_amp)
/data/quyhv/oil_forecast_tail_risk/scripts/training/train_unified.py:309: FutureWarning: `torch.cuda.amp.autocast(args...)` is deprecated. Please use `torch.amp.autocast('cuda', args...)` instead.
  with autocast(enabled=use_amp):
/data/quyhv/oil_forecast_tail_risk/scripts/training/train_unified.py:349: FutureWarning: `torch.cuda.amp.autocast(args...)` is deprecated. Please use `torch.amp.autocast('cuda', args...)` instead.
  with autocast(enabled=use_amp):
 Iter-52 | MAE=0.719 | MAPE=0.91%
/data/quyhv/oil_forecast_tail_risk/scripts/training/train_unified.py:290: FutureWarning: `torch.cuda.amp.GradScaler(args...)` is deprecated. Please use `torch.amp.GradScaler('cuda', args...)` instead.
  scaler = GradScaler(enabled=use_amp)
/data/quyhv/oil_forecast_tail_risk/scripts/training/train_unified.py:309: FutureWarning: `torch.cuda.amp.autocast(args...)` is deprecated. Please use `torch.amp.autocast('cuda', args...)` instead.
  with autocast(enabled=use_amp):
/data/quyhv/oil_forecast_tail_risk/scripts/training/train_unified.py:349: FutureWarning: `torch.cuda.amp.autocast(args...)` is deprecated. Please use `torch.amp.autocast('cuda', args...)` instead.
  with autocast(enabled=use_amp):
 Iter-53 | MAE=0.043 | MAPE=0.06%
/data/quyhv/oil_forecast_tail_risk/scripts/training/train_unified.py:290: FutureWarning: `torch.cuda.amp.GradScaler(args...)` is deprecated. Please use `torch.amp.GradScaler('cuda', args...)` instead.
  scaler = GradScaler(enabled=use_amp)
/data/quyhv/oil_forecast_tail_risk/scripts/training/train_unified.py:309: FutureWarning: `torch.cuda.amp.autocast(args...)` is deprecated. Please use `torch.amp.autocast('cuda', args...)` instead.
  with autocast(enabled=use_amp):
/data/quyhv/oil_forecast_tail_risk/scripts/training/train_unified.py:349: FutureWarning: `torch.cuda.amp.autocast(args...)` is deprecated. Please use `torch.amp.autocast('cuda', args...)` instead.
  with autocast(enabled=use_amp):
 Iter-54 | MAE=2.410 | MAPE=3.01%
/data/quyhv/oil_forecast_tail_risk/scripts/training/train_unified.py:290: FutureWarning: `torch.cuda.amp.GradScaler(args...)` is deprecated. Please use `torch.amp.GradScaler('cuda', args...)` instead.
  scaler = GradScaler(enabled=use_amp)
/data/quyhv/oil_forecast_tail_risk/scripts/training/train_unified.py:309: FutureWarning: `torch.cuda.amp.autocast(args...)` is deprecated. Please use `torch.amp.autocast('cuda', args...)` instead.
  with autocast(enabled=use_amp):
/data/quyhv/oil_forecast_tail_risk/scripts/training/train_unified.py:349: FutureWarning: `torch.cuda.amp.autocast(args...)` is deprecated. Please use `torch.amp.autocast('cuda', args...)` instead.
  with autocast(enabled=use_amp):
 Iter-55 | MAE=0.738 | MAPE=0.92%
/data/quyhv/oil_forecast_tail_risk/scripts/training/train_unified.py:290: FutureWarning: `torch.cuda.amp.GradScaler(args...)` is deprecated. Please use `torch.amp.GradScaler('cuda', args...)` instead.
  scaler = GradScaler(enabled=use_amp)
/data/quyhv/oil_forecast_tail_risk/scripts/training/train_unified.py:309: FutureWarning: `torch.cuda.amp.autocast(args...)` is deprecated. Please use `torch.amp.autocast('cuda', args...)` instead.
  with autocast(enabled=use_amp):
/data/quyhv/oil_forecast_tail_risk/scripts/training/train_unified.py:349: FutureWarning: `torch.cuda.amp.autocast(args...)` is deprecated. Please use `torch.amp.autocast('cuda', args...)` instead.
  with autocast(enabled=use_amp):
 Iter-56 | MAE=0.895 | MAPE=1.11%
/data/quyhv/oil_forecast_tail_risk/scripts/training/train_unified.py:290: FutureWarning: `torch.cuda.amp.GradScaler(args...)` is deprecated. Please use `torch.amp.GradScaler('cuda', args...)` instead.
  scaler = GradScaler(enabled=use_amp)
/data/quyhv/oil_forecast_tail_risk/scripts/training/train_unified.py:309: FutureWarning: `torch.cuda.amp.autocast(args...)` is deprecated. Please use `torch.amp.autocast('cuda', args...)` instead.
  with autocast(enabled=use_amp):
/data/quyhv/oil_forecast_tail_risk/scripts/training/train_unified.py:349: FutureWarning: `torch.cuda.amp.autocast(args...)` is deprecated. Please use `torch.amp.autocast('cuda', args...)` instead.
  with autocast(enabled=use_amp):
 Iter-57 | MAE=0.396 | MAPE=0.49%
/data/quyhv/oil_forecast_tail_risk/scripts/training/train_unified.py:290: FutureWarning: `torch.cuda.amp.GradScaler(args...)` is deprecated. Please use `torch.amp.GradScaler('cuda', args...)` instead.
  scaler = GradScaler(enabled=use_amp)
/data/quyhv/oil_forecast_tail_risk/scripts/training/train_unified.py:309: FutureWarning: `torch.cuda.amp.autocast(args...)` is deprecated. Please use `torch.amp.autocast('cuda', args...)` instead.
  with autocast(enabled=use_amp):
/data/quyhv/oil_forecast_tail_risk/scripts/training/train_unified.py:349: FutureWarning: `torch.cuda.amp.autocast(args...)` is deprecated. Please use `torch.amp.autocast('cuda', args...)` instead.
  with autocast(enabled=use_amp):
 Iter-58 | MAE=10.830 | MAPE=11.83%
/data/quyhv/oil_forecast_tail_risk/scripts/training/train_unified.py:290: FutureWarning: `torch.cuda.amp.GradScaler(args...)` is deprecated. Please use `torch.amp.GradScaler('cuda', args...)` instead.
  scaler = GradScaler(enabled=use_amp)
/data/quyhv/oil_forecast_tail_risk/scripts/training/train_unified.py:309: FutureWarning: `torch.cuda.amp.autocast(args...)` is deprecated. Please use `torch.amp.autocast('cuda', args...)` instead.
  with autocast(enabled=use_amp):
/data/quyhv/oil_forecast_tail_risk/scripts/training/train_unified.py:349: FutureWarning: `torch.cuda.amp.autocast(args...)` is deprecated. Please use `torch.amp.autocast('cuda', args...)` instead.
  with autocast(enabled=use_amp):
 Iter-59 | MAE=6.243 | MAPE=6.43%
/data/quyhv/oil_forecast_tail_risk/scripts/training/train_unified.py:290: FutureWarning: `torch.cuda.amp.GradScaler(args...)` is deprecated. Please use `torch.amp.GradScaler('cuda', args...)` instead.
  scaler = GradScaler(enabled=use_amp)
/data/quyhv/oil_forecast_tail_risk/scripts/training/train_unified.py:309: FutureWarning: `torch.cuda.amp.autocast(args...)` is deprecated. Please use `torch.amp.autocast('cuda', args...)` instead.
  with autocast(enabled=use_amp):
/data/quyhv/oil_forecast_tail_risk/scripts/training/train_unified.py:349: FutureWarning: `torch.cuda.amp.autocast(args...)` is deprecated. Please use `torch.amp.autocast('cuda', args...)` instead.
  with autocast(enabled=use_amp):
 Iter-60 | MAE=3.261 | MAPE=3.18%
/data/quyhv/oil_forecast_tail_risk/scripts/training/train_unified.py:290: FutureWarning: `torch.cuda.amp.GradScaler(args...)` is deprecated. Please use `torch.amp.GradScaler('cuda', args...)` instead.
  scaler = GradScaler(enabled=use_amp)
/data/quyhv/oil_forecast_tail_risk/scripts/training/train_unified.py:309: FutureWarning: `torch.cuda.amp.autocast(args...)` is deprecated. Please use `torch.amp.autocast('cuda', args...)` instead.
  with autocast(enabled=use_amp):
/data/quyhv/oil_forecast_tail_risk/scripts/training/train_unified.py:349: FutureWarning: `torch.cuda.amp.autocast(args...)` is deprecated. Please use `torch.amp.autocast('cuda', args...)` instead.
  with autocast(enabled=use_amp):
 Iter-61 | MAE=13.666 | MAPE=12.60%
/data/quyhv/oil_forecast_tail_risk/scripts/training/train_unified.py:290: FutureWarning: `torch.cuda.amp.GradScaler(args...)` is deprecated. Please use `torch.amp.GradScaler('cuda', args...)` instead.
  scaler = GradScaler(enabled=use_amp)
/data/quyhv/oil_forecast_tail_risk/scripts/training/train_unified.py:309: FutureWarning: `torch.cuda.amp.autocast(args...)` is deprecated. Please use `torch.amp.autocast('cuda', args...)` instead.
  with autocast(enabled=use_amp):
/data/quyhv/oil_forecast_tail_risk/scripts/training/train_unified.py:349: FutureWarning: `torch.cuda.amp.autocast(args...)` is deprecated. Please use `torch.amp.autocast('cuda', args...)` instead.
  with autocast(enabled=use_amp):
 Iter-62 | MAE=5.245 | MAPE=4.40%
/data/quyhv/oil_forecast_tail_risk/scripts/training/train_unified.py:290: FutureWarning: `torch.cuda.amp.GradScaler(args...)` is deprecated. Please use `torch.amp.GradScaler('cuda', args...)` instead.
  scaler = GradScaler(enabled=use_amp)
/data/quyhv/oil_forecast_tail_risk/scripts/training/train_unified.py:309: FutureWarning: `torch.cuda.amp.autocast(args...)` is deprecated. Please use `torch.amp.autocast('cuda', args...)` instead.
  with autocast(enabled=use_amp):
/data/quyhv/oil_forecast_tail_risk/scripts/training/train_unified.py:349: FutureWarning: `torch.cuda.amp.autocast(args...)` is deprecated. Please use `torch.amp.autocast('cuda', args...)` instead.
  with autocast(enabled=use_amp):
 Iter-63 | MAE=20.750 | MAPE=14.47%
/data/quyhv/oil_forecast_tail_risk/scripts/training/train_unified.py:290: FutureWarning: `torch.cuda.amp.GradScaler(args...)` is deprecated. Please use `torch.amp.GradScaler('cuda', args...)` instead.
  scaler = GradScaler(enabled=use_amp)
/data/quyhv/oil_forecast_tail_risk/scripts/training/train_unified.py:309: FutureWarning: `torch.cuda.amp.autocast(args...)` is deprecated. Please use `torch.amp.autocast('cuda', args...)` instead.
  with autocast(enabled=use_amp):
/data/quyhv/oil_forecast_tail_risk/scripts/training/train_unified.py:349: FutureWarning: `torch.cuda.amp.autocast(args...)` is deprecated. Please use `torch.amp.autocast('cuda', args...)` instead.
  with autocast(enabled=use_amp):
 Iter-64 | MAE=20.481 | MAPE=16.63%
/data/quyhv/oil_forecast_tail_risk/scripts/training/train_unified.py:290: FutureWarning: `torch.cuda.amp.GradScaler(args...)` is deprecated. Please use `torch.amp.GradScaler('cuda', args...)` instead.
  scaler = GradScaler(enabled=use_amp)
/data/quyhv/oil_forecast_tail_risk/scripts/training/train_unified.py:309: FutureWarning: `torch.cuda.amp.autocast(args...)` is deprecated. Please use `torch.amp.autocast('cuda', args...)` instead.
  with autocast(enabled=use_amp):
/data/quyhv/oil_forecast_tail_risk/scripts/training/train_unified.py:349: FutureWarning: `torch.cuda.amp.autocast(args...)` is deprecated. Please use `torch.amp.autocast('cuda', args...)` instead.
  with autocast(enabled=use_amp):
 Iter-65 | MAE=2.201 | MAPE=1.80%
/data/quyhv/oil_forecast_tail_risk/scripts/training/train_unified.py:290: FutureWarning: `torch.cuda.amp.GradScaler(args...)` is deprecated. Please use `torch.amp.GradScaler('cuda', args...)` instead.
  scaler = GradScaler(enabled=use_amp)
/data/quyhv/oil_forecast_tail_risk/scripts/training/train_unified.py:309: FutureWarning: `torch.cuda.amp.autocast(args...)` is deprecated. Please use `torch.amp.autocast('cuda', args...)` instead.
  with autocast(enabled=use_amp):
/data/quyhv/oil_forecast_tail_risk/scripts/training/train_unified.py:349: FutureWarning: `torch.cuda.amp.autocast(args...)` is deprecated. Please use `torch.amp.autocast('cuda', args...)` instead.
  with autocast(enabled=use_amp):
 Iter-66 | MAE=15.661 | MAPE=11.48%
/data/quyhv/oil_forecast_tail_risk/scripts/training/train_unified.py:290: FutureWarning: `torch.cuda.amp.GradScaler(args...)` is deprecated. Please use `torch.amp.GradScaler('cuda', args...)` instead.
  scaler = GradScaler(enabled=use_amp)
/data/quyhv/oil_forecast_tail_risk/scripts/training/train_unified.py:309: FutureWarning: `torch.cuda.amp.autocast(args...)` is deprecated. Please use `torch.amp.autocast('cuda', args...)` instead.
  with autocast(enabled=use_amp):
/data/quyhv/oil_forecast_tail_risk/scripts/training/train_unified.py:349: FutureWarning: `torch.cuda.amp.autocast(args...)` is deprecated. Please use `torch.amp.autocast('cuda', args...)` instead.
  with autocast(enabled=use_amp):
 Iter-67 | MAE=2.287 | MAPE=1.62%
/data/quyhv/oil_forecast_tail_risk/scripts/training/train_unified.py:290: FutureWarning: `torch.cuda.amp.GradScaler(args...)` is deprecated. Please use `torch.amp.GradScaler('cuda', args...)` instead.
  scaler = GradScaler(enabled=use_amp)
/data/quyhv/oil_forecast_tail_risk/scripts/training/train_unified.py:309: FutureWarning: `torch.cuda.amp.autocast(args...)` is deprecated. Please use `torch.amp.autocast('cuda', args...)` instead.
  with autocast(enabled=use_amp):
/data/quyhv/oil_forecast_tail_risk/scripts/training/train_unified.py:349: FutureWarning: `torch.cuda.amp.autocast(args...)` is deprecated. Please use `torch.amp.autocast('cuda', args...)` instead.
  with autocast(enabled=use_amp):
 Iter-68 | MAE=1.636 | MAPE=1.13%
/data/quyhv/oil_forecast_tail_risk/scripts/training/train_unified.py:290: FutureWarning: `torch.cuda.amp.GradScaler(args...)` is deprecated. Please use `torch.amp.GradScaler('cuda', args...)` instead.
  scaler = GradScaler(enabled=use_amp)
/data/quyhv/oil_forecast_tail_risk/scripts/training/train_unified.py:309: FutureWarning: `torch.cuda.amp.autocast(args...)` is deprecated. Please use `torch.amp.autocast('cuda', args...)` instead.
  with autocast(enabled=use_amp):
/data/quyhv/oil_forecast_tail_risk/scripts/training/train_unified.py:349: FutureWarning: `torch.cuda.amp.autocast(args...)` is deprecated. Please use `torch.amp.autocast('cuda', args...)` instead.
  with autocast(enabled=use_amp):
 Iter-69 | MAE=0.829 | MAPE=0.57%
/data/quyhv/oil_forecast_tail_risk/scripts/training/train_unified.py:290: FutureWarning: `torch.cuda.amp.GradScaler(args...)` is deprecated. Please use `torch.amp.GradScaler('cuda', args...)` instead.
  scaler = GradScaler(enabled=use_amp)
/data/quyhv/oil_forecast_tail_risk/scripts/training/train_unified.py:309: FutureWarning: `torch.cuda.amp.autocast(args...)` is deprecated. Please use `torch.amp.autocast('cuda', args...)` instead.
  with autocast(enabled=use_amp):
/data/quyhv/oil_forecast_tail_risk/scripts/training/train_unified.py:349: FutureWarning: `torch.cuda.amp.autocast(args...)` is deprecated. Please use `torch.amp.autocast('cuda', args...)` instead.
  with autocast(enabled=use_amp):
 Iter-70 | MAE=1.806 | MAPE=1.24%
/data/quyhv/oil_forecast_tail_risk/scripts/training/train_unified.py:290: FutureWarning: `torch.cuda.amp.GradScaler(args...)` is deprecated. Please use `torch.amp.GradScaler('cuda', args...)` instead.
  scaler = GradScaler(enabled=use_amp)
/data/quyhv/oil_forecast_tail_risk/scripts/training/train_unified.py:309: FutureWarning: `torch.cuda.amp.autocast(args...)` is deprecated. Please use `torch.amp.autocast('cuda', args...)` instead.
  with autocast(enabled=use_amp):
/data/quyhv/oil_forecast_tail_risk/scripts/training/train_unified.py:349: FutureWarning: `torch.cuda.amp.autocast(args...)` is deprecated. Please use `torch.amp.autocast('cuda', args...)` instead.
  with autocast(enabled=use_amp):
 Iter-71 | MAE=10.558 | MAPE=6.70%
/data/quyhv/oil_forecast_tail_risk/scripts/training/train_unified.py:290: FutureWarning: `torch.cuda.amp.GradScaler(args...)` is deprecated. Please use `torch.amp.GradScaler('cuda', args...)` instead.
  scaler = GradScaler(enabled=use_amp)
/data/quyhv/oil_forecast_tail_risk/scripts/training/train_unified.py:309: FutureWarning: `torch.cuda.amp.autocast(args...)` is deprecated. Please use `torch.amp.autocast('cuda', args...)` instead.
  with autocast(enabled=use_amp):
/data/quyhv/oil_forecast_tail_risk/scripts/training/train_unified.py:349: FutureWarning: `torch.cuda.amp.autocast(args...)` is deprecated. Please use `torch.amp.autocast('cuda', args...)` instead.
  with autocast(enabled=use_amp):
 Iter-72 | MAE=1.069 | MAPE=0.66%
/data/quyhv/oil_forecast_tail_risk/scripts/training/train_unified.py:290: FutureWarning: `torch.cuda.amp.GradScaler(args...)` is deprecated. Please use `torch.amp.GradScaler('cuda', args...)` instead.
  scaler = GradScaler(enabled=use_amp)
/data/quyhv/oil_forecast_tail_risk/scripts/training/train_unified.py:309: FutureWarning: `torch.cuda.amp.autocast(args...)` is deprecated. Please use `torch.amp.autocast('cuda', args...)` instead.
  with autocast(enabled=use_amp):
/data/quyhv/oil_forecast_tail_risk/scripts/training/train_unified.py:349: FutureWarning: `torch.cuda.amp.autocast(args...)` is deprecated. Please use `torch.amp.autocast('cuda', args...)` instead.
  with autocast(enabled=use_amp):
 Iter-73 | MAE=3.051 | MAPE=1.88%
/data/quyhv/oil_forecast_tail_risk/scripts/training/train_unified.py:290: FutureWarning: `torch.cuda.amp.GradScaler(args...)` is deprecated. Please use `torch.amp.GradScaler('cuda', args...)` instead.
  scaler = GradScaler(enabled=use_amp)
/data/quyhv/oil_forecast_tail_risk/scripts/training/train_unified.py:309: FutureWarning: `torch.cuda.amp.autocast(args...)` is deprecated. Please use `torch.amp.autocast('cuda', args...)` instead.
  with autocast(enabled=use_amp):
/data/quyhv/oil_forecast_tail_risk/scripts/training/train_unified.py:349: FutureWarning: `torch.cuda.amp.autocast(args...)` is deprecated. Please use `torch.amp.autocast('cuda', args...)` instead.
  with autocast(enabled=use_amp):
 Iter-74 | MAE=11.493 | MAPE=7.93%
/data/quyhv/oil_forecast_tail_risk/scripts/training/train_unified.py:290: FutureWarning: `torch.cuda.amp.GradScaler(args...)` is deprecated. Please use `torch.amp.GradScaler('cuda', args...)` instead.
  scaler = GradScaler(enabled=use_amp)
/data/quyhv/oil_forecast_tail_risk/scripts/training/train_unified.py:309: FutureWarning: `torch.cuda.amp.autocast(args...)` is deprecated. Please use `torch.amp.autocast('cuda', args...)` instead.
  with autocast(enabled=use_amp):
/data/quyhv/oil_forecast_tail_risk/scripts/training/train_unified.py:349: FutureWarning: `torch.cuda.amp.autocast(args...)` is deprecated. Please use `torch.amp.autocast('cuda', args...)` instead.
  with autocast(enabled=use_amp):
 Iter-75 | MAE=16.172 | MAPE=12.13%
/data/quyhv/oil_forecast_tail_risk/scripts/training/train_unified.py:290: FutureWarning: `torch.cuda.amp.GradScaler(args...)` is deprecated. Please use `torch.amp.GradScaler('cuda', args...)` instead.
  scaler = GradScaler(enabled=use_amp)
/data/quyhv/oil_forecast_tail_risk/scripts/training/train_unified.py:309: FutureWarning: `torch.cuda.amp.autocast(args...)` is deprecated. Please use `torch.amp.autocast('cuda', args...)` instead.
  with autocast(enabled=use_amp):
/data/quyhv/oil_forecast_tail_risk/scripts/training/train_unified.py:349: FutureWarning: `torch.cuda.amp.autocast(args...)` is deprecated. Please use `torch.amp.autocast('cuda', args...)` instead.
  with autocast(enabled=use_amp):
 Iter-76 | MAE=5.139 | MAPE=3.96%
/data/quyhv/oil_forecast_tail_risk/scripts/training/train_unified.py:290: FutureWarning: `torch.cuda.amp.GradScaler(args...)` is deprecated. Please use `torch.amp.GradScaler('cuda', args...)` instead.
  scaler = GradScaler(enabled=use_amp)
/data/quyhv/oil_forecast_tail_risk/scripts/training/train_unified.py:309: FutureWarning: `torch.cuda.amp.autocast(args...)` is deprecated. Please use `torch.amp.autocast('cuda', args...)` instead.
  with autocast(enabled=use_amp):
/data/quyhv/oil_forecast_tail_risk/scripts/training/train_unified.py:349: FutureWarning: `torch.cuda.amp.autocast(args...)` is deprecated. Please use `torch.amp.autocast('cuda', args...)` instead.
  with autocast(enabled=use_amp):
 Iter-77 | MAE=1.188 | MAPE=0.89%
/data/quyhv/oil_forecast_tail_risk/scripts/training/train_unified.py:290: FutureWarning: `torch.cuda.amp.GradScaler(args...)` is deprecated. Please use `torch.amp.GradScaler('cuda', args...)` instead.
  scaler = GradScaler(enabled=use_amp)
/data/quyhv/oil_forecast_tail_risk/scripts/training/train_unified.py:309: FutureWarning: `torch.cuda.amp.autocast(args...)` is deprecated. Please use `torch.amp.autocast('cuda', args...)` instead.
  with autocast(enabled=use_amp):
/data/quyhv/oil_forecast_tail_risk/scripts/training/train_unified.py:349: FutureWarning: `torch.cuda.amp.autocast(args...)` is deprecated. Please use `torch.amp.autocast('cuda', args...)` instead.
  with autocast(enabled=use_amp):
 Iter-78 | MAE=6.874 | MAPE=4.77%
/data/quyhv/oil_forecast_tail_risk/scripts/training/train_unified.py:290: FutureWarning: `torch.cuda.amp.GradScaler(args...)` is deprecated. Please use `torch.amp.GradScaler('cuda', args...)` instead.
  scaler = GradScaler(enabled=use_amp)
/data/quyhv/oil_forecast_tail_risk/scripts/training/train_unified.py:309: FutureWarning: `torch.cuda.amp.autocast(args...)` is deprecated. Please use `torch.amp.autocast('cuda', args...)` instead.
  with autocast(enabled=use_amp):
/data/quyhv/oil_forecast_tail_risk/scripts/training/train_unified.py:349: FutureWarning: `torch.cuda.amp.autocast(args...)` is deprecated. Please use `torch.amp.autocast('cuda', args...)` instead.
  with autocast(enabled=use_amp):
 Iter-79 | MAE=0.344 | MAPE=0.25%
/data/quyhv/oil_forecast_tail_risk/scripts/training/train_unified.py:290: FutureWarning: `torch.cuda.amp.GradScaler(args...)` is deprecated. Please use `torch.amp.GradScaler('cuda', args...)` instead.
  scaler = GradScaler(enabled=use_amp)
/data/quyhv/oil_forecast_tail_risk/scripts/training/train_unified.py:309: FutureWarning: `torch.cuda.amp.autocast(args...)` is deprecated. Please use `torch.amp.autocast('cuda', args...)` instead.
  with autocast(enabled=use_amp):
/data/quyhv/oil_forecast_tail_risk/scripts/training/train_unified.py:349: FutureWarning: `torch.cuda.amp.autocast(args...)` is deprecated. Please use `torch.amp.autocast('cuda', args...)` instead.
  with autocast(enabled=use_amp):
 Iter-80 | MAE=2.742 | MAPE=1.97%
/data/quyhv/oil_forecast_tail_risk/scripts/training/train_unified.py:290: FutureWarning: `torch.cuda.amp.GradScaler(args...)` is deprecated. Please use `torch.amp.GradScaler('cuda', args...)` instead.
  scaler = GradScaler(enabled=use_amp)
/data/quyhv/oil_forecast_tail_risk/scripts/training/train_unified.py:309: FutureWarning: `torch.cuda.amp.autocast(args...)` is deprecated. Please use `torch.amp.autocast('cuda', args...)` instead.
  with autocast(enabled=use_amp):
/data/quyhv/oil_forecast_tail_risk/scripts/training/train_unified.py:349: FutureWarning: `torch.cuda.amp.autocast(args...)` is deprecated. Please use `torch.amp.autocast('cuda', args...)` instead.
  with autocast(enabled=use_amp):
 Iter-81 | MAE=8.404 | MAPE=5.68%
/data/quyhv/oil_forecast_tail_risk/scripts/training/train_unified.py:290: FutureWarning: `torch.cuda.amp.GradScaler(args...)` is deprecated. Please use `torch.amp.GradScaler('cuda', args...)` instead.
  scaler = GradScaler(enabled=use_amp)
/data/quyhv/oil_forecast_tail_risk/scripts/training/train_unified.py:309: FutureWarning: `torch.cuda.amp.autocast(args...)` is deprecated. Please use `torch.amp.autocast('cuda', args...)` instead.
  with autocast(enabled=use_amp):
/data/quyhv/oil_forecast_tail_risk/scripts/training/train_unified.py:349: FutureWarning: `torch.cuda.amp.autocast(args...)` is deprecated. Please use `torch.amp.autocast('cuda', args...)` instead.
  with autocast(enabled=use_amp):
 Iter-82 | MAE=4.469 | MAPE=3.07%
/data/quyhv/oil_forecast_tail_risk/scripts/training/train_unified.py:290: FutureWarning: `torch.cuda.amp.GradScaler(args...)` is deprecated. Please use `torch.amp.GradScaler('cuda', args...)` instead.
  scaler = GradScaler(enabled=use_amp)
/data/quyhv/oil_forecast_tail_risk/scripts/training/train_unified.py:309: FutureWarning: `torch.cuda.amp.autocast(args...)` is deprecated. Please use `torch.amp.autocast('cuda', args...)` instead.
  with autocast(enabled=use_amp):
/data/quyhv/oil_forecast_tail_risk/scripts/training/train_unified.py:349: FutureWarning: `torch.cuda.amp.autocast(args...)` is deprecated. Please use `torch.amp.autocast('cuda', args...)` instead.
  with autocast(enabled=use_amp):
 Iter-83 | MAE=5.422 | MAPE=3.80%
/data/quyhv/oil_forecast_tail_risk/scripts/training/train_unified.py:290: FutureWarning: `torch.cuda.amp.GradScaler(args...)` is deprecated. Please use `torch.amp.GradScaler('cuda', args...)` instead.
  scaler = GradScaler(enabled=use_amp)
/data/quyhv/oil_forecast_tail_risk/scripts/training/train_unified.py:309: FutureWarning: `torch.cuda.amp.autocast(args...)` is deprecated. Please use `torch.amp.autocast('cuda', args...)` instead.
  with autocast(enabled=use_amp):
/data/quyhv/oil_forecast_tail_risk/scripts/training/train_unified.py:349: FutureWarning: `torch.cuda.amp.autocast(args...)` is deprecated. Please use `torch.amp.autocast('cuda', args...)` instead.
  with autocast(enabled=use_amp):
 Iter-84 | MAE=21.140 | MAPE=17.23%
/data/quyhv/oil_forecast_tail_risk/scripts/training/train_unified.py:290: FutureWarning: `torch.cuda.amp.GradScaler(args...)` is deprecated. Please use `torch.amp.GradScaler('cuda', args...)` instead.
  scaler = GradScaler(enabled=use_amp)
/data/quyhv/oil_forecast_tail_risk/scripts/training/train_unified.py:309: FutureWarning: `torch.cuda.amp.autocast(args...)` is deprecated. Please use `torch.amp.autocast('cuda', args...)` instead.
  with autocast(enabled=use_amp):
/data/quyhv/oil_forecast_tail_risk/scripts/training/train_unified.py:349: FutureWarning: `torch.cuda.amp.autocast(args...)` is deprecated. Please use `torch.amp.autocast('cuda', args...)` instead.
  with autocast(enabled=use_amp):
 Iter-85 | MAE=11.116 | MAPE=8.38%
/data/quyhv/oil_forecast_tail_risk/scripts/training/train_unified.py:290: FutureWarning: `torch.cuda.amp.GradScaler(args...)` is deprecated. Please use `torch.amp.GradScaler('cuda', args...)` instead.
  scaler = GradScaler(enabled=use_amp)
/data/quyhv/oil_forecast_tail_risk/scripts/training/train_unified.py:309: FutureWarning: `torch.cuda.amp.autocast(args...)` is deprecated. Please use `torch.amp.autocast('cuda', args...)` instead.
  with autocast(enabled=use_amp):
/data/quyhv/oil_forecast_tail_risk/scripts/training/train_unified.py:349: FutureWarning: `torch.cuda.amp.autocast(args...)` is deprecated. Please use `torch.amp.autocast('cuda', args...)` instead.
  with autocast(enabled=use_amp):
 Iter-86 | MAE=0.646 | MAPE=0.49%
/data/quyhv/oil_forecast_tail_risk/scripts/training/train_unified.py:290: FutureWarning: `torch.cuda.amp.GradScaler(args...)` is deprecated. Please use `torch.amp.GradScaler('cuda', args...)` instead.
  scaler = GradScaler(enabled=use_amp)
/data/quyhv/oil_forecast_tail_risk/scripts/training/train_unified.py:309: FutureWarning: `torch.cuda.amp.autocast(args...)` is deprecated. Please use `torch.amp.autocast('cuda', args...)` instead.
  with autocast(enabled=use_amp):
/data/quyhv/oil_forecast_tail_risk/scripts/training/train_unified.py:349: FutureWarning: `torch.cuda.amp.autocast(args...)` is deprecated. Please use `torch.amp.autocast('cuda', args...)` instead.
  with autocast(enabled=use_amp):
 Iter-87 | MAE=0.868 | MAPE=0.65%
/data/quyhv/oil_forecast_tail_risk/scripts/training/train_unified.py:290: FutureWarning: `torch.cuda.amp.GradScaler(args...)` is deprecated. Please use `torch.amp.GradScaler('cuda', args...)` instead.
  scaler = GradScaler(enabled=use_amp)
/data/quyhv/oil_forecast_tail_risk/scripts/training/train_unified.py:309: FutureWarning: `torch.cuda.amp.autocast(args...)` is deprecated. Please use `torch.amp.autocast('cuda', args...)` instead.
  with autocast(enabled=use_amp):
/data/quyhv/oil_forecast_tail_risk/scripts/training/train_unified.py:349: FutureWarning: `torch.cuda.amp.autocast(args...)` is deprecated. Please use `torch.amp.autocast('cuda', args...)` instead.
  with autocast(enabled=use_amp):
 Iter-88 | MAE=5.292 | MAPE=4.17%
/data/quyhv/oil_forecast_tail_risk/scripts/training/train_unified.py:290: FutureWarning: `torch.cuda.amp.GradScaler(args...)` is deprecated. Please use `torch.amp.GradScaler('cuda', args...)` instead.
  scaler = GradScaler(enabled=use_amp)
/data/quyhv/oil_forecast_tail_risk/scripts/training/train_unified.py:309: FutureWarning: `torch.cuda.amp.autocast(args...)` is deprecated. Please use `torch.amp.autocast('cuda', args...)` instead.
  with autocast(enabled=use_amp):
/data/quyhv/oil_forecast_tail_risk/scripts/training/train_unified.py:349: FutureWarning: `torch.cuda.amp.autocast(args...)` is deprecated. Please use `torch.amp.autocast('cuda', args...)` instead.
  with autocast(enabled=use_amp):
 Iter-89 | MAE=2.469 | MAPE=2.04%
/data/quyhv/oil_forecast_tail_risk/scripts/training/train_unified.py:290: FutureWarning: `torch.cuda.amp.GradScaler(args...)` is deprecated. Please use `torch.amp.GradScaler('cuda', args...)` instead.
  scaler = GradScaler(enabled=use_amp)
/data/quyhv/oil_forecast_tail_risk/scripts/training/train_unified.py:309: FutureWarning: `torch.cuda.amp.autocast(args...)` is deprecated. Please use `torch.amp.autocast('cuda', args...)` instead.
  with autocast(enabled=use_amp):
/data/quyhv/oil_forecast_tail_risk/scripts/training/train_unified.py:349: FutureWarning: `torch.cuda.amp.autocast(args...)` is deprecated. Please use `torch.amp.autocast('cuda', args...)` instead.
  with autocast(enabled=use_amp):
 Iter-90 | MAE=2.329 | MAPE=1.91%
/data/quyhv/oil_forecast_tail_risk/scripts/training/train_unified.py:290: FutureWarning: `torch.cuda.amp.GradScaler(args...)` is deprecated. Please use `torch.amp.GradScaler('cuda', args...)` instead.
  scaler = GradScaler(enabled=use_amp)
/data/quyhv/oil_forecast_tail_risk/scripts/training/train_unified.py:309: FutureWarning: `torch.cuda.amp.autocast(args...)` is deprecated. Please use `torch.amp.autocast('cuda', args...)` instead.
  with autocast(enabled=use_amp):
/data/quyhv/oil_forecast_tail_risk/scripts/training/train_unified.py:349: FutureWarning: `torch.cuda.amp.autocast(args...)` is deprecated. Please use `torch.amp.autocast('cuda', args...)` instead.
  with autocast(enabled=use_amp):
 Iter-91 | MAE=1.522 | MAPE=1.19%
/data/quyhv/oil_forecast_tail_risk/scripts/training/train_unified.py:290: FutureWarning: `torch.cuda.amp.GradScaler(args...)` is deprecated. Please use `torch.amp.GradScaler('cuda', args...)` instead.
  scaler = GradScaler(enabled=use_amp)
/data/quyhv/oil_forecast_tail_risk/scripts/training/train_unified.py:309: FutureWarning: `torch.cuda.amp.autocast(args...)` is deprecated. Please use `torch.amp.autocast('cuda', args...)` instead.
  with autocast(enabled=use_amp):
/data/quyhv/oil_forecast_tail_risk/scripts/training/train_unified.py:349: FutureWarning: `torch.cuda.amp.autocast(args...)` is deprecated. Please use `torch.amp.autocast('cuda', args...)` instead.
  with autocast(enabled=use_amp):
 Iter-92 | MAE=1.795 | MAPE=1.48%
/data/quyhv/oil_forecast_tail_risk/scripts/training/train_unified.py:290: FutureWarning: `torch.cuda.amp.GradScaler(args...)` is deprecated. Please use `torch.amp.GradScaler('cuda', args...)` instead.
  scaler = GradScaler(enabled=use_amp)
/data/quyhv/oil_forecast_tail_risk/scripts/training/train_unified.py:309: FutureWarning: `torch.cuda.amp.autocast(args...)` is deprecated. Please use `torch.amp.autocast('cuda', args...)` instead.
  with autocast(enabled=use_amp):
/data/quyhv/oil_forecast_tail_risk/scripts/training/train_unified.py:349: FutureWarning: `torch.cuda.amp.autocast(args...)` is deprecated. Please use `torch.amp.autocast('cuda', args...)` instead.
  with autocast(enabled=use_amp):
 Iter-93 | MAE=1.118 | MAPE=0.93%
/data/quyhv/oil_forecast_tail_risk/scripts/training/train_unified.py:290: FutureWarning: `torch.cuda.amp.GradScaler(args...)` is deprecated. Please use `torch.amp.GradScaler('cuda', args...)` instead.
  scaler = GradScaler(enabled=use_amp)
/data/quyhv/oil_forecast_tail_risk/scripts/training/train_unified.py:309: FutureWarning: `torch.cuda.amp.autocast(args...)` is deprecated. Please use `torch.amp.autocast('cuda', args...)` instead.
  with autocast(enabled=use_amp):
/data/quyhv/oil_forecast_tail_risk/scripts/training/train_unified.py:349: FutureWarning: `torch.cuda.amp.autocast(args...)` is deprecated. Please use `torch.amp.autocast('cuda', args...)` instead.
  with autocast(enabled=use_amp):
 Iter-94 | MAE=5.265 | MAPE=4.17%
/data/quyhv/oil_forecast_tail_risk/scripts/training/train_unified.py:290: FutureWarning: `torch.cuda.amp.GradScaler(args...)` is deprecated. Please use `torch.amp.GradScaler('cuda', args...)` instead.
  scaler = GradScaler(enabled=use_amp)
/data/quyhv/oil_forecast_tail_risk/scripts/training/train_unified.py:309: FutureWarning: `torch.cuda.amp.autocast(args...)` is deprecated. Please use `torch.amp.autocast('cuda', args...)` instead.
  with autocast(enabled=use_amp):
/data/quyhv/oil_forecast_tail_risk/scripts/training/train_unified.py:349: FutureWarning: `torch.cuda.amp.autocast(args...)` is deprecated. Please use `torch.amp.autocast('cuda', args...)` instead.
  with autocast(enabled=use_amp):
 Iter-95 | MAE=1.192 | MAPE=0.93%
/data/quyhv/oil_forecast_tail_risk/scripts/training/train_unified.py:290: FutureWarning: `torch.cuda.amp.GradScaler(args...)` is deprecated. Please use `torch.amp.GradScaler('cuda', args...)` instead.
  scaler = GradScaler(enabled=use_amp)
/data/quyhv/oil_forecast_tail_risk/scripts/training/train_unified.py:309: FutureWarning: `torch.cuda.amp.autocast(args...)` is deprecated. Please use `torch.amp.autocast('cuda', args...)` instead.
  with autocast(enabled=use_amp):
/data/quyhv/oil_forecast_tail_risk/scripts/training/train_unified.py:349: FutureWarning: `torch.cuda.amp.autocast(args...)` is deprecated. Please use `torch.amp.autocast('cuda', args...)` instead.
  with autocast(enabled=use_amp):
 Iter-96 | MAE=1.363 | MAPE=1.07%
/data/quyhv/oil_forecast_tail_risk/scripts/training/train_unified.py:290: FutureWarning: `torch.cuda.amp.GradScaler(args...)` is deprecated. Please use `torch.amp.GradScaler('cuda', args...)` instead.
  scaler = GradScaler(enabled=use_amp)
/data/quyhv/oil_forecast_tail_risk/scripts/training/train_unified.py:309: FutureWarning: `torch.cuda.amp.autocast(args...)` is deprecated. Please use `torch.amp.autocast('cuda', args...)` instead.
  with autocast(enabled=use_amp):
/data/quyhv/oil_forecast_tail_risk/scripts/training/train_unified.py:349: FutureWarning: `torch.cuda.amp.autocast(args...)` is deprecated. Please use `torch.amp.autocast('cuda', args...)` instead.
  with autocast(enabled=use_amp):
 Iter-97 | MAE=1.020 | MAPE=0.79%
/data/quyhv/oil_forecast_tail_risk/scripts/training/train_unified.py:290: FutureWarning: `torch.cuda.amp.GradScaler(args...)` is deprecated. Please use `torch.amp.GradScaler('cuda', args...)` instead.
  scaler = GradScaler(enabled=use_amp)
/data/quyhv/oil_forecast_tail_risk/scripts/training/train_unified.py:309: FutureWarning: `torch.cuda.amp.autocast(args...)` is deprecated. Please use `torch.amp.autocast('cuda', args...)` instead.
  with autocast(enabled=use_amp):
/data/quyhv/oil_forecast_tail_risk/scripts/training/train_unified.py:349: FutureWarning: `torch.cuda.amp.autocast(args...)` is deprecated. Please use `torch.amp.autocast('cuda', args...)` instead.
  with autocast(enabled=use_amp):
 Iter-98 | MAE=1.054 | MAPE=0.82%
/data/quyhv/oil_forecast_tail_risk/scripts/training/train_unified.py:290: FutureWarning: `torch.cuda.amp.GradScaler(args...)` is deprecated. Please use `torch.amp.GradScaler('cuda', args...)` instead.
  scaler = GradScaler(enabled=use_amp)
/data/quyhv/oil_forecast_tail_risk/scripts/training/train_unified.py:309: FutureWarning: `torch.cuda.amp.autocast(args...)` is deprecated. Please use `torch.amp.autocast('cuda', args...)` instead.
  with autocast(enabled=use_amp):
/data/quyhv/oil_forecast_tail_risk/scripts/training/train_unified.py:349: FutureWarning: `torch.cuda.amp.autocast(args...)` is deprecated. Please use `torch.amp.autocast('cuda', args...)` instead.
  with autocast(enabled=use_amp):
 Iter-99 | MAE=2.159 | MAPE=1.64%
/data/quyhv/oil_forecast_tail_risk/scripts/training/train_unified.py:290: FutureWarning: `torch.cuda.amp.GradScaler(args...)` is deprecated. Please use `torch.amp.GradScaler('cuda', args...)` instead.
  scaler = GradScaler(enabled=use_amp)
/data/quyhv/oil_forecast_tail_risk/scripts/training/train_unified.py:309: FutureWarning: `torch.cuda.amp.autocast(args...)` is deprecated. Please use `torch.amp.autocast('cuda', args...)` instead.
  with autocast(enabled=use_amp):
/data/quyhv/oil_forecast_tail_risk/scripts/training/train_unified.py:349: FutureWarning: `torch.cuda.amp.autocast(args...)` is deprecated. Please use `torch.amp.autocast('cuda', args...)` instead.
  with autocast(enabled=use_amp):
 Iter-100 | MAE=3.390 | MAPE=2.50%

 OVERALL: MAE=2.982, MAPE=2.63%, R2=0.9676 (1998.1s)
Saved model checkpoint: /data/quyhv/oil_forecast_tail_risk/results_v4/walkforward/NBEATS/XANG_H1_seed777/model_checkpoint.pth
Saved processor/scaler: /data/quyhv/oil_forecast_tail_risk/results_v4/walkforward/NBEATS/XANG_H1_seed777/processor.pkl

 All 1 experiments completed!

================================================================================
 [1/1] NHits | XANG | H1 | walkforward
================================================================================

 Using GPU: Tesla T4
================================================================================
 NHits | XANG | H1 | walkforward | seed=777
================================================================================
Data: 4513 rows | Features: 15
/data/quyhv/oil_forecast_tail_risk/scripts/training/train_unified.py:290: FutureWarning: `torch.cuda.amp.GradScaler(args...)` is deprecated. Please use `torch.amp.GradScaler('cuda', args...)` instead.
  scaler = GradScaler(enabled=use_amp)
/data/quyhv/oil_forecast_tail_risk/scripts/training/train_unified.py:309: FutureWarning: `torch.cuda.amp.autocast(args...)` is deprecated. Please use `torch.amp.autocast('cuda', args...)` instead.
  with autocast(enabled=use_amp):
/data/quyhv/oil_forecast_tail_risk/scripts/training/train_unified.py:349: FutureWarning: `torch.cuda.amp.autocast(args...)` is deprecated. Please use `torch.amp.autocast('cuda', args...)` instead.
  with autocast(enabled=use_amp):
 Iter-01 | MAE=0.102 | MAPE=0.13%
/data/quyhv/oil_forecast_tail_risk/scripts/training/train_unified.py:290: FutureWarning: `torch.cuda.amp.GradScaler(args...)` is deprecated. Please use `torch.amp.GradScaler('cuda', args...)` instead.
  scaler = GradScaler(enabled=use_amp)
/data/quyhv/oil_forecast_tail_risk/scripts/training/train_unified.py:309: FutureWarning: `torch.cuda.amp.autocast(args...)` is deprecated. Please use `torch.amp.autocast('cuda', args...)` instead.
  with autocast(enabled=use_amp):
/data/quyhv/oil_forecast_tail_risk/scripts/training/train_unified.py:349: FutureWarning: `torch.cuda.amp.autocast(args...)` is deprecated. Please use `torch.amp.autocast('cuda', args...)` instead.
  with autocast(enabled=use_amp):
 Iter-02 | MAE=0.218 | MAPE=0.28%
/data/quyhv/oil_forecast_tail_risk/scripts/training/train_unified.py:290: FutureWarning: `torch.cuda.amp.GradScaler(args...)` is deprecated. Please use `torch.amp.GradScaler('cuda', args...)` instead.
  scaler = GradScaler(enabled=use_amp)
/data/quyhv/oil_forecast_tail_risk/scripts/training/train_unified.py:309: FutureWarning: `torch.cuda.amp.autocast(args...)` is deprecated. Please use `torch.amp.autocast('cuda', args...)` instead.
  with autocast(enabled=use_amp):
/data/quyhv/oil_forecast_tail_risk/scripts/training/train_unified.py:349: FutureWarning: `torch.cuda.amp.autocast(args...)` is deprecated. Please use `torch.amp.autocast('cuda', args...)` instead.
  with autocast(enabled=use_amp):
 Iter-03 | MAE=0.724 | MAPE=0.93%
/data/quyhv/oil_forecast_tail_risk/scripts/training/train_unified.py:290: FutureWarning: `torch.cuda.amp.GradScaler(args...)` is deprecated. Please use `torch.amp.GradScaler('cuda', args...)` instead.
  scaler = GradScaler(enabled=use_amp)
/data/quyhv/oil_forecast_tail_risk/scripts/training/train_unified.py:309: FutureWarning: `torch.cuda.amp.autocast(args...)` is deprecated. Please use `torch.amp.autocast('cuda', args...)` instead.
  with autocast(enabled=use_amp):
/data/quyhv/oil_forecast_tail_risk/scripts/training/train_unified.py:349: FutureWarning: `torch.cuda.amp.autocast(args...)` is deprecated. Please use `torch.amp.autocast('cuda', args...)` instead.
  with autocast(enabled=use_amp):
 Iter-04 | MAE=2.739 | MAPE=3.64%
/data/quyhv/oil_forecast_tail_risk/scripts/training/train_unified.py:290: FutureWarning: `torch.cuda.amp.GradScaler(args...)` is deprecated. Please use `torch.amp.GradScaler('cuda', args...)` instead.
  scaler = GradScaler(enabled=use_amp)
/data/quyhv/oil_forecast_tail_risk/scripts/training/train_unified.py:309: FutureWarning: `torch.cuda.amp.autocast(args...)` is deprecated. Please use `torch.amp.autocast('cuda', args...)` instead.
  with autocast(enabled=use_amp):
/data/quyhv/oil_forecast_tail_risk/scripts/training/train_unified.py:349: FutureWarning: `torch.cuda.amp.autocast(args...)` is deprecated. Please use `torch.amp.autocast('cuda', args...)` instead.
  with autocast(enabled=use_amp):
 Iter-05 | MAE=0.465 | MAPE=0.62%
/data/quyhv/oil_forecast_tail_risk/scripts/training/train_unified.py:290: FutureWarning: `torch.cuda.amp.GradScaler(args...)` is deprecated. Please use `torch.amp.GradScaler('cuda', args...)` instead.
  scaler = GradScaler(enabled=use_amp)
/data/quyhv/oil_forecast_tail_risk/scripts/training/train_unified.py:309: FutureWarning: `torch.cuda.amp.autocast(args...)` is deprecated. Please use `torch.amp.autocast('cuda', args...)` instead.
  with autocast(enabled=use_amp):
/data/quyhv/oil_forecast_tail_risk/scripts/training/train_unified.py:349: FutureWarning: `torch.cuda.amp.autocast(args...)` is deprecated. Please use `torch.amp.autocast('cuda', args...)` instead.
  with autocast(enabled=use_amp):
 Iter-06 | MAE=0.813 | MAPE=1.09%
/data/quyhv/oil_forecast_tail_risk/scripts/training/train_unified.py:290: FutureWarning: `torch.cuda.amp.GradScaler(args...)` is deprecated. Please use `torch.amp.GradScaler('cuda', args...)` instead.
  scaler = GradScaler(enabled=use_amp)
/data/quyhv/oil_forecast_tail_risk/scripts/training/train_unified.py:309: FutureWarning: `torch.cuda.amp.autocast(args...)` is deprecated. Please use `torch.amp.autocast('cuda', args...)` instead.
  with autocast(enabled=use_amp):
/data/quyhv/oil_forecast_tail_risk/scripts/training/train_unified.py:349: FutureWarning: `torch.cuda.amp.autocast(args...)` is deprecated. Please use `torch.amp.autocast('cuda', args...)` instead.
  with autocast(enabled=use_amp):
 Iter-07 | MAE=1.614 | MAPE=2.20%
/data/quyhv/oil_forecast_tail_risk/scripts/training/train_unified.py:290: FutureWarning: `torch.cuda.amp.GradScaler(args...)` is deprecated. Please use `torch.amp.GradScaler('cuda', args...)` instead.
  scaler = GradScaler(enabled=use_amp)
/data/quyhv/oil_forecast_tail_risk/scripts/training/train_unified.py:309: FutureWarning: `torch.cuda.amp.autocast(args...)` is deprecated. Please use `torch.amp.autocast('cuda', args...)` instead.
  with autocast(enabled=use_amp):
/data/quyhv/oil_forecast_tail_risk/scripts/training/train_unified.py:349: FutureWarning: `torch.cuda.amp.autocast(args...)` is deprecated. Please use `torch.amp.autocast('cuda', args...)` instead.
  with autocast(enabled=use_amp):
 Iter-08 | MAE=0.478 | MAPE=0.65%
/data/quyhv/oil_forecast_tail_risk/scripts/training/train_unified.py:290: FutureWarning: `torch.cuda.amp.GradScaler(args...)` is deprecated. Please use `torch.amp.GradScaler('cuda', args...)` instead.
  scaler = GradScaler(enabled=use_amp)
/data/quyhv/oil_forecast_tail_risk/scripts/training/train_unified.py:309: FutureWarning: `torch.cuda.amp.autocast(args...)` is deprecated. Please use `torch.amp.autocast('cuda', args...)` instead.
  with autocast(enabled=use_amp):
/data/quyhv/oil_forecast_tail_risk/scripts/training/train_unified.py:349: FutureWarning: `torch.cuda.amp.autocast(args...)` is deprecated. Please use `torch.amp.autocast('cuda', args...)` instead.
  with autocast(enabled=use_amp):
 Iter-09 | MAE=0.921 | MAPE=1.25%
/data/quyhv/oil_forecast_tail_risk/scripts/training/train_unified.py:290: FutureWarning: `torch.cuda.amp.GradScaler(args...)` is deprecated. Please use `torch.amp.GradScaler('cuda', args...)` instead.
  scaler = GradScaler(enabled=use_amp)
/data/quyhv/oil_forecast_tail_risk/scripts/training/train_unified.py:309: FutureWarning: `torch.cuda.amp.autocast(args...)` is deprecated. Please use `torch.amp.autocast('cuda', args...)` instead.
  with autocast(enabled=use_amp):
/data/quyhv/oil_forecast_tail_risk/scripts/training/train_unified.py:349: FutureWarning: `torch.cuda.amp.autocast(args...)` is deprecated. Please use `torch.amp.autocast('cuda', args...)` instead.
  with autocast(enabled=use_amp):
 Iter-10 | MAE=0.757 | MAPE=1.02%
/data/quyhv/oil_forecast_tail_risk/scripts/training/train_unified.py:290: FutureWarning: `torch.cuda.amp.GradScaler(args...)` is deprecated. Please use `torch.amp.GradScaler('cuda', args...)` instead.
  scaler = GradScaler(enabled=use_amp)
/data/quyhv/oil_forecast_tail_risk/scripts/training/train_unified.py:309: FutureWarning: `torch.cuda.amp.autocast(args...)` is deprecated. Please use `torch.amp.autocast('cuda', args...)` instead.
  with autocast(enabled=use_amp):
/data/quyhv/oil_forecast_tail_risk/scripts/training/train_unified.py:349: FutureWarning: `torch.cuda.amp.autocast(args...)` is deprecated. Please use `torch.amp.autocast('cuda', args...)` instead.
  with autocast(enabled=use_amp):
 Iter-11 | MAE=0.771 | MAPE=1.04%
/data/quyhv/oil_forecast_tail_risk/scripts/training/train_unified.py:290: FutureWarning: `torch.cuda.amp.GradScaler(args...)` is deprecated. Please use `torch.amp.GradScaler('cuda', args...)` instead.
  scaler = GradScaler(enabled=use_amp)
/data/quyhv/oil_forecast_tail_risk/scripts/training/train_unified.py:309: FutureWarning: `torch.cuda.amp.autocast(args...)` is deprecated. Please use `torch.amp.autocast('cuda', args...)` instead.
  with autocast(enabled=use_amp):
/data/quyhv/oil_forecast_tail_risk/scripts/training/train_unified.py:349: FutureWarning: `torch.cuda.amp.autocast(args...)` is deprecated. Please use `torch.amp.autocast('cuda', args...)` instead.
  with autocast(enabled=use_amp):
 Iter-12 | MAE=0.905 | MAPE=1.24%
/data/quyhv/oil_forecast_tail_risk/scripts/training/train_unified.py:290: FutureWarning: `torch.cuda.amp.GradScaler(args...)` is deprecated. Please use `torch.amp.GradScaler('cuda', args...)` instead.
  scaler = GradScaler(enabled=use_amp)
/data/quyhv/oil_forecast_tail_risk/scripts/training/train_unified.py:309: FutureWarning: `torch.cuda.amp.autocast(args...)` is deprecated. Please use `torch.amp.autocast('cuda', args...)` instead.
  with autocast(enabled=use_amp):
/data/quyhv/oil_forecast_tail_risk/scripts/training/train_unified.py:349: FutureWarning: `torch.cuda.amp.autocast(args...)` is deprecated. Please use `torch.amp.autocast('cuda', args...)` instead.
  with autocast(enabled=use_amp):
 Iter-13 | MAE=1.079 | MAPE=1.49%
/data/quyhv/oil_forecast_tail_risk/scripts/training/train_unified.py:290: FutureWarning: `torch.cuda.amp.GradScaler(args...)` is deprecated. Please use `torch.amp.GradScaler('cuda', args...)` instead.
  scaler = GradScaler(enabled=use_amp)
/data/quyhv/oil_forecast_tail_risk/scripts/training/train_unified.py:309: FutureWarning: `torch.cuda.amp.autocast(args...)` is deprecated. Please use `torch.amp.autocast('cuda', args...)` instead.
  with autocast(enabled=use_amp):
/data/quyhv/oil_forecast_tail_risk/scripts/training/train_unified.py:349: FutureWarning: `torch.cuda.amp.autocast(args...)` is deprecated. Please use `torch.amp.autocast('cuda', args...)` instead.
  with autocast(enabled=use_amp):
 Iter-14 | MAE=0.184 | MAPE=0.25%
/data/quyhv/oil_forecast_tail_risk/scripts/training/train_unified.py:290: FutureWarning: `torch.cuda.amp.GradScaler(args...)` is deprecated. Please use `torch.amp.GradScaler('cuda', args...)` instead.
  scaler = GradScaler(enabled=use_amp)
/data/quyhv/oil_forecast_tail_risk/scripts/training/train_unified.py:309: FutureWarning: `torch.cuda.amp.autocast(args...)` is deprecated. Please use `torch.amp.autocast('cuda', args...)` instead.
  with autocast(enabled=use_amp):
/data/quyhv/oil_forecast_tail_risk/scripts/training/train_unified.py:349: FutureWarning: `torch.cuda.amp.autocast(args...)` is deprecated. Please use `torch.amp.autocast('cuda', args...)` instead.
  with autocast(enabled=use_amp):
 Iter-15 | MAE=0.135 | MAPE=0.19%
/data/quyhv/oil_forecast_tail_risk/scripts/training/train_unified.py:290: FutureWarning: `torch.cuda.amp.GradScaler(args...)` is deprecated. Please use `torch.amp.GradScaler('cuda', args...)` instead.
  scaler = GradScaler(enabled=use_amp)
/data/quyhv/oil_forecast_tail_risk/scripts/training/train_unified.py:309: FutureWarning: `torch.cuda.amp.autocast(args...)` is deprecated. Please use `torch.amp.autocast('cuda', args...)` instead.
  with autocast(enabled=use_amp):
/data/quyhv/oil_forecast_tail_risk/scripts/training/train_unified.py:349: FutureWarning: `torch.cuda.amp.autocast(args...)` is deprecated. Please use `torch.amp.autocast('cuda', args...)` instead.
  with autocast(enabled=use_amp):
 Iter-16 | MAE=0.578 | MAPE=0.79%
/data/quyhv/oil_forecast_tail_risk/scripts/training/train_unified.py:290: FutureWarning: `torch.cuda.amp.GradScaler(args...)` is deprecated. Please use `torch.amp.GradScaler('cuda', args...)` instead.
  scaler = GradScaler(enabled=use_amp)
/data/quyhv/oil_forecast_tail_risk/scripts/training/train_unified.py:309: FutureWarning: `torch.cuda.amp.autocast(args...)` is deprecated. Please use `torch.amp.autocast('cuda', args...)` instead.
  with autocast(enabled=use_amp):
/data/quyhv/oil_forecast_tail_risk/scripts/training/train_unified.py:349: FutureWarning: `torch.cuda.amp.autocast(args...)` is deprecated. Please use `torch.amp.autocast('cuda', args...)` instead.
  with autocast(enabled=use_amp):
 Iter-17 | MAE=0.978 | MAPE=1.35%
/data/quyhv/oil_forecast_tail_risk/scripts/training/train_unified.py:290: FutureWarning: `torch.cuda.amp.GradScaler(args...)` is deprecated. Please use `torch.amp.GradScaler('cuda', args...)` instead.
  scaler = GradScaler(enabled=use_amp)
/data/quyhv/oil_forecast_tail_risk/scripts/training/train_unified.py:309: FutureWarning: `torch.cuda.amp.autocast(args...)` is deprecated. Please use `torch.amp.autocast('cuda', args...)` instead.
  with autocast(enabled=use_amp):
/data/quyhv/oil_forecast_tail_risk/scripts/training/train_unified.py:349: FutureWarning: `torch.cuda.amp.autocast(args...)` is deprecated. Please use `torch.amp.autocast('cuda', args...)` instead.
  with autocast(enabled=use_amp):
 Iter-18 | MAE=1.258 | MAPE=1.78%
/data/quyhv/oil_forecast_tail_risk/scripts/training/train_unified.py:290: FutureWarning: `torch.cuda.amp.GradScaler(args...)` is deprecated. Please use `torch.amp.GradScaler('cuda', args...)` instead.
  scaler = GradScaler(enabled=use_amp)
/data/quyhv/oil_forecast_tail_risk/scripts/training/train_unified.py:309: FutureWarning: `torch.cuda.amp.autocast(args...)` is deprecated. Please use `torch.amp.autocast('cuda', args...)` instead.
  with autocast(enabled=use_amp):
/data/quyhv/oil_forecast_tail_risk/scripts/training/train_unified.py:349: FutureWarning: `torch.cuda.amp.autocast(args...)` is deprecated. Please use `torch.amp.autocast('cuda', args...)` instead.
  with autocast(enabled=use_amp):
 Iter-19 | MAE=0.141 | MAPE=0.20%
/data/quyhv/oil_forecast_tail_risk/scripts/training/train_unified.py:290: FutureWarning: `torch.cuda.amp.GradScaler(args...)` is deprecated. Please use `torch.amp.GradScaler('cuda', args...)` instead.
  scaler = GradScaler(enabled=use_amp)
/data/quyhv/oil_forecast_tail_risk/scripts/training/train_unified.py:309: FutureWarning: `torch.cuda.amp.autocast(args...)` is deprecated. Please use `torch.amp.autocast('cuda', args...)` instead.
  with autocast(enabled=use_amp):
/data/quyhv/oil_forecast_tail_risk/scripts/training/train_unified.py:349: FutureWarning: `torch.cuda.amp.autocast(args...)` is deprecated. Please use `torch.amp.autocast('cuda', args...)` instead.
  with autocast(enabled=use_amp):
 Iter-20 | MAE=1.765 | MAPE=2.52%
/data/quyhv/oil_forecast_tail_risk/scripts/training/train_unified.py:290: FutureWarning: `torch.cuda.amp.GradScaler(args...)` is deprecated. Please use `torch.amp.GradScaler('cuda', args...)` instead.
  scaler = GradScaler(enabled=use_amp)
/data/quyhv/oil_forecast_tail_risk/scripts/training/train_unified.py:309: FutureWarning: `torch.cuda.amp.autocast(args...)` is deprecated. Please use `torch.amp.autocast('cuda', args...)` instead.
  with autocast(enabled=use_amp):
/data/quyhv/oil_forecast_tail_risk/scripts/training/train_unified.py:349: FutureWarning: `torch.cuda.amp.autocast(args...)` is deprecated. Please use `torch.amp.autocast('cuda', args...)` instead.
  with autocast(enabled=use_amp):
 Iter-21 | MAE=0.518 | MAPE=0.73%
/data/quyhv/oil_forecast_tail_risk/scripts/training/train_unified.py:290: FutureWarning: `torch.cuda.amp.GradScaler(args...)` is deprecated. Please use `torch.amp.GradScaler('cuda', args...)` instead.
  scaler = GradScaler(enabled=use_amp)
/data/quyhv/oil_forecast_tail_risk/scripts/training/train_unified.py:309: FutureWarning: `torch.cuda.amp.autocast(args...)` is deprecated. Please use `torch.amp.autocast('cuda', args...)` instead.
  with autocast(enabled=use_amp):
/data/quyhv/oil_forecast_tail_risk/scripts/training/train_unified.py:349: FutureWarning: `torch.cuda.amp.autocast(args...)` is deprecated. Please use `torch.amp.autocast('cuda', args...)` instead.
  with autocast(enabled=use_amp):
 Iter-22 | MAE=1.192 | MAPE=1.65%
/data/quyhv/oil_forecast_tail_risk/scripts/training/train_unified.py:290: FutureWarning: `torch.cuda.amp.GradScaler(args...)` is deprecated. Please use `torch.amp.GradScaler('cuda', args...)` instead.
  scaler = GradScaler(enabled=use_amp)
/data/quyhv/oil_forecast_tail_risk/scripts/training/train_unified.py:309: FutureWarning: `torch.cuda.amp.autocast(args...)` is deprecated. Please use `torch.amp.autocast('cuda', args...)` instead.
  with autocast(enabled=use_amp):
/data/quyhv/oil_forecast_tail_risk/scripts/training/train_unified.py:349: FutureWarning: `torch.cuda.amp.autocast(args...)` is deprecated. Please use `torch.amp.autocast('cuda', args...)` instead.
  with autocast(enabled=use_amp):
