date,product,true,pred
2024-01-10,MG95,91.68,90.99377679347991
2024-01-10,MG92,87.36,85.62847855091094
2024-01-11,MG95,91.48,89.34701340198517
2024-01-11,MG92,87.16,85.01617932915687
2024-01-12,MG95,95.45,87.39702803373336
2024-01-12,MG92,90.36,85.690574324131
2024-01-15,MG95,94.05,89.78047362327575
2024-01-15,MG92,88.96,85.10498105287552
2024-01-16,MG95,94.9,89.351240568161
2024-01-16,MG92,89.81,84.75890439748764
2024-01-17,MG95,93.09,89.35693712711334
2024-01-17,MG92,88.0,85.0171684384346
2024-01-18,MG95,95.56,88.92491967916487
2024-01-18,MG92,90.17,85.45738800764083
2024-01-19,MG95,97.74,89.67408106803893
2024-01-19,MG92,92.24,84.7112597644329
2024-01-22,MG95,97.16,89.80399455547332
2024-01-22,MG92,91.91,85.56477991342544
2024-01-23,MG95,101.07,88.12400478601455
2024-01-23,MG92,95.39,85.33062984943389
2024-01-24,MG95,100.72,87.4516138458252
2024-01-24,MG92,95.05,85.46699504852295
2024-01-25,MG95,101.96,87.02504273414611
2024-01-25,MG92,96.49,85.79768217802047
2024-01-26,MG95,102.8,89.36119623661041
2024-01-26,MG92,97.55,85.07923884987831
2024-01-29,MG95,105.17,91.34421632289886
2024-01-29,MG92,100.3,84.69542387127876
2024-01-30,MG95,101.74,87.52862919330596
2024-01-30,MG92,97.1,85.1171952843666
2024-01-31,MG95,101.3,85.89709744215011
2024-01-31,MG92,96.66,85.36729283332824
2024-02-01,MG95,100.01,89.24747268915176
2024-02-01,MG92,95.37,85.13143845796584
2024-02-02,MG95,98.45,89.4029355096817
2024-02-02,MG92,93.62,85.28288884162902
2024-02-05,MG95,97.0,88.22514266490936
2024-02-05,MG92,92.17,85.0461670935154
2024-02-06,MG95,98.21,90.05822080135344
2024-02-06,MG92,93.38,85.01500254273414
2024-02-07,MG95,98.09,87.97875850439071
2024-02-07,MG92,93.26,85.25915021896361
2024-02-08,MG95,99.61,88.15107675075531
2024-02-08,MG92,95.45,85.6153310060501
2024-02-09,MG95,101.05,90.76059054851531
2024-02-09,MG92,96.89,84.9494068443775
2024-02-12,MG95,101.05,89.38448291778563
2024-02-12,MG92,96.89,84.92740803956985
2024-02-13,MG95,102.91,89.75688880443572
2024-02-13,MG92,98.69,85.08524451851844
2024-02-14,MG95,103.66,88.80257675886153
2024-02-14,MG92,99.44,85.5143607020378
2024-02-15,MG95,99.92,87.23333448410034
2024-02-15,MG92,95.56,85.489526450634
2024-02-16,MG95,100.76,89.98336695194244
2024-02-16,MG92,96.4,84.68087635636329
2024-02-19,MG95,100.24,88.95232172489166
2024-02-19,MG92,95.65,85.5495932817459
2024-02-20,MG95,99.02,90.96136497020721
2024-02-20,MG92,94.35,85.27465133666992
2024-02-21,MG95,98.6,88.18198191404342
2024-02-21,MG92,93.93,85.24076800346374
2024-02-22,MG95,100.78,89.36744647979735
2024-02-22,MG92,96.11,85.2146047949791
2024-02-23,MG95,101.23,90.27886396884918
2024-02-23,MG92,96.56,84.9098779797554
2024-02-26,MG95,99.18,88.60990529298782
2024-02-26,MG92,94.51,85.14801491498946
2024-02-27,MG95,101.65,88.9335177564621
2024-02-27,MG92,96.98,85.43570876121521
2024-02-28,MG95,102.04,91.56035548210143
2024-02-28,MG92,97.37,84.47226560115814
2024-02-29,MG95,100.8,88.66077503204345
2024-02-29,MG92,96.13,84.82980577945709
2024-03-01,MG95,99.03,88.40794896841048
2024-03-01,MG92,94.59,85.03466299176216
2024-03-04,MG95,98.26,88.08542790174484
2024-03-04,MG92,93.82,84.64275760650634
2024-03-05,MG95,98.94,90.99282914161681
2024-03-05,MG92,94.5,85.54688464403152
2024-03-06,MG95,97.08,89.79180285453796
2024-03-06,MG92,93.64,85.62248302698134
2024-03-07,MG95,98.14,88.17772280454635
2024-03-07,MG92,94.2,85.63388568162918
2024-03-08,MG95,99.79,87.5030425930023
2024-03-08,MG92,95.41,85.09194002747535
2024-03-11,MG95,98.19,88.71607424497604
2024-03-11,MG92,93.78,85.37774188518523
2024-03-12,MG95,99.19,87.9676528763771
2024-03-12,MG92,94.68,85.48426134586333
2024-03-13,MG95,98.51,89.07712960481643
2024-03-13,MG92,94.13,84.66983891129493
2024-03-14,MG95,99.8,89.18608294963836
2024-03-14,MG92,95.93,85.16127405166625
2024-03-15,MG95,100.94,88.50458283901214
2024-03-15,MG92,97.07,85.0519546508789
2024-03-18,MG95,103.56,87.74566276550293
2024-03-18,MG92,99.21,85.43796088695525
2024-03-19,MG95,103.3,86.780250415802
2024-03-19,MG92,99.29,85.69100040197372
2024-03-20,MG95,104.4,88.63957531452178
2024-03-20,MG92,100.2,84.70921053290367
2024-03-21,MG95,104.78,87.79049521684647
2024-03-21,MG92,100.55,85.17446217536926
2024-03-22,MG95,105.55,87.82695319414138
2024-03-22,MG92,100.94,86.00935156345366
2024-03-25,MG95,105.67,89.12938887834548
2024-03-25,MG92,101.06,85.42941904067993
2024-03-26,MG95,105.19,88.82428756952285
2024-03-26,MG92,100.58,85.4000501036644
2024-03-27,MG95,103.9,87.9035160112381
2024-03-27,MG92,99.29,85.03504341840744
2024-03-28,MG95,104.58,87.7977676463127
2024-03-28,MG92,99.97,85.41903085708617
2024-04-01,MG95,106.58,88.32444912672042
2024-04-01,MG92,103.25,85.64069278240203
2024-04-02,MG95,106.91,88.44828805923461
2024-04-02,MG92,102.56,85.47965564727782
2024-04-03,MG95,107.09,89.5835536956787
2024-04-03,MG92,102.74,85.05616470575332
2024-02-07,MG95,98.09,97.9244003099203
2024-02-07,MG92,93.26,92.38749753594398
2024-02-08,MG95,99.61,99.26591513037681
2024-02-08,MG92,95.45,92.57723844408989
2024-02-09,MG95,101.05,99.47311524987221
2024-02-09,MG92,96.89,90.71530072689056
2024-02-12,MG95,101.05,98.44800266861915
2024-02-12,MG92,96.89,92.29520965099334
2024-02-13,MG95,102.91,97.57673892736435
2024-02-13,MG92,98.69,91.71864552855492
2024-02-14,MG95,103.66,97.9687894642353
2024-02-14,MG92,99.44,92.01353707432746
2024-02-15,MG95,99.92,97.19792962312698
2024-02-15,MG92,95.56,91.47689145565033
2024-02-16,MG95,100.76,96.11862281918525
2024-02-16,MG92,96.4,90.82663505911826
2024-02-19,MG95,100.24,96.7860874825716
2024-02-19,MG92,95.65,91.61576020479202
2024-02-20,MG95,99.02,94.9221937417984
2024-02-20,MG92,94.35,90.97705857872963
2024-02-21,MG95,98.6,96.81053283512591
2024-02-21,MG92,93.93,89.61700754880904
2024-02-22,MG95,100.78,97.68116436898708
2024-02-22,MG92,96.11,90.32970757246017
2024-02-23,MG95,101.23,95.40928612351416
2024-02-23,MG92,96.56,90.55470834136008
2024-02-26,MG95,99.18,94.6846593749523
2024-02-26,MG92,94.51,90.97458732724189
2024-02-27,MG95,101.65,96.76686954855919
2024-02-27,MG92,96.98,89.56456024527549
2024-02-28,MG95,102.04,94.51043940782546
2024-02-28,MG92,97.37,87.7317153918743
2024-02-29,MG95,100.8,94.69786548495291
2024-02-29,MG92,96.13,88.2003960287571
2024-03-01,MG95,99.03,93.70391838669777
2024-03-01,MG92,94.59,86.5271917951107
2024-03-04,MG95,98.26,94.85451828181743
2024-03-04,MG92,93.82,87.1555575788021
2024-03-05,MG95,98.94,92.51501140654086
2024-03-05,MG92,94.5,87.67706956505775
2024-03-06,MG95,97.08,93.40854875087737
2024-03-06,MG92,93.64,86.7214021062851
2024-03-07,MG95,98.14,94.0528617453575
2024-03-07,MG92,94.2,88.65978720903396
2024-03-08,MG95,99.79,92.17789852142333
2024-03-08,MG92,95.41,86.2726695895195
2024-03-11,MG95,98.19,92.48192588627337
2024-03-11,MG92,93.78,87.0740341091156
2024-03-12,MG95,99.19,90.78574271798134
2024-03-12,MG92,94.68,85.32196133136749
2024-03-13,MG95,98.51,92.46459286689758
2024-03-13,MG92,94.13,86.50151081681251
2024-03-14,MG95,99.8,93.5356809747219
2024-03-14,MG92,95.93,88.03266818284987
2024-03-15,MG95,100.94,92.2328303194046
2024-03-15,MG92,97.07,84.32252934455872
2024-03-18,MG95,103.56,92.3853093767166
2024-03-18,MG92,99.21,87.01421757817268
2024-03-19,MG95,103.3,92.08468890726566
2024-03-19,MG92,99.29,87.3374617254734
2024-03-20,MG95,104.4,93.26084637165069
2024-03-20,MG92,100.2,84.06919267177581
2024-03-21,MG95,104.78,91.31301539182662
2024-03-21,MG92,100.55,88.77016420960426
2024-03-22,MG95,105.55,92.65227065622805
2024-03-22,MG92,100.94,86.97797812223435
2024-03-25,MG95,105.67,89.92593480885029
2024-03-25,MG92,101.06,84.2539409840107
2024-03-26,MG95,105.19,91.17326828897
2024-03-26,MG92,100.58,86.77503494262695
2024-03-27,MG95,103.9,91.52904885351657
2024-03-27,MG92,99.29,84.06098299622535
2024-03-28,MG95,104.58,91.33118550062179
2024-03-28,MG92,99.97,85.75220398902893
2024-04-01,MG95,106.58,90.24275266587733
2024-04-01,MG92,103.25,85.5348451757431
2024-04-02,MG95,106.91,90.16137352526188
2024-04-02,MG92,102.56,83.98355601549149
2024-04-03,MG95,107.09,90.0150116598606
2024-04-03,MG92,102.74,83.78687445282935
2024-04-04,MG95,106.36,91.02548395693302
2024-04-04,MG92,102.01,87.76736486434936
2024-04-05,MG95,107.02,91.45650890886783
2024-04-05,MG92,102.67,85.46420300483703
2024-04-08,MG95,106.27,89.93730283439159
2024-04-08,MG92,101.92,88.49798702716826
2024-04-09,MG95,106.43,90.52783137023448
2024-04-09,MG92,101.97,84.43737018227577
2024-04-10,MG95,106.43,89.07224994540213
2024-04-10,MG92,101.97,83.5661093199253
2024-04-11,MG95,107.79,90.04138875722884
2024-04-11,MG92,103.38,85.71353224277496
2024-04-12,MG95,108.62,91.1815982067585
2024-04-12,MG92,104.21,84.49809951782227
2024-04-15,MG95,107.89,88.48336046576499
2024-04-15,MG92,103.48,84.09337086200713
2024-04-16,MG95,108.46,91.03911739230155
2024-04-16,MG92,104.05,85.90600043296814
2024-04-17,MG95,108.41,89.47230258882045
2024-04-17,MG92,104.0,85.47248503684997
2024-04-18,MG95,105.32,91.70029510438442
2024-04-18,MG92,100.91,83.90720324993133
2024-04-19,MG95,105.41,91.06120367467403
2024-04-19,MG92,101.0,87.07155729174613
2024-04-22,MG95,104.36,88.34140649080275
2024-04-22,MG92,99.95,84.24688344597816
2024-04-23,MG95,104.94,87.6800999957323
2024-04-23,MG92,100.53,85.4634905719757
2024-04-24,MG95,105.05,88.96999625325202
2024-04-24,MG92,100.64,83.61232840180396
2024-04-25,MG95,105.56,88.34613633871078
2024-04-25,MG92,101.15,84.10360095262527
2024-04-26,MG95,106.1,92.72121638476848
2024-04-26,MG92,101.69,89.19091703891753
2024-04-29,MG95,106.05,88.1730402958393
2024-04-29,MG92,101.64,84.50860233664513
2024-04-30,MG95,105.3,91.24493016779422
2024-04-30,MG92,100.89,85.9126460957527
2024-05-01,MG95,105.3,90.105739274621
2024-05-01,MG92,100.89,83.55491633176803
2024-03-06,MG95,97.08,99.23514724731444
2024-03-06,MG92,93.64,94.50113779306412
2024-03-07,MG95,98.14,98.52060288548469
2024-03-07,MG92,94.2,94.5995963215828
2024-03-08,MG95,99.79,100.96972705364227
2024-03-08,MG92,95.41,96.94449770450592
2024-03-11,MG95,98.19,99.03342476606369
2024-03-11,MG92,93.78,95.75120061635971
2024-03-12,MG95,99.19,99.18021994829178
2024-03-12,MG92,94.68,95.65153670310974
2024-03-13,MG95,98.51,97.52911619067191
2024-03-13,MG92,94.13,96.14631897211075
2024-03-14,MG95,99.8,97.25432046890259
2024-03-14,MG92,95.93,97.16534221172333
2024-03-15,MG95,100.94,95.71443947911263
2024-03-15,MG92,97.07,98.81990736722946
2024-03-18,MG95,103.56,98.31845579981804
2024-03-18,MG92,99.21,94.97287130355835
2024-03-19,MG95,103.3,98.28125573515892
2024-03-19,MG92,99.29,95.22245353460312
2024-03-20,MG95,104.4,96.60139682292937
2024-03-20,MG92,100.2,96.4818440079689
2024-03-21,MG95,104.78,99.53685227394104
2024-03-21,MG92,100.55,96.16546994447708
2024-03-22,MG95,105.55,97.72518907427788
2024-03-22,MG92,100.94,95.95927029848099
2024-03-25,MG95,105.67,98.34967012166976
2024-03-25,MG92,101.06,94.1480220258236
2024-03-26,MG95,105.19,99.31559798955917
2024-03-26,MG92,100.58,96.29115664958954
2024-03-27,MG95,103.9,98.08737074375152
2024-03-27,MG92,99.29,93.7406639456749
2024-03-28,MG95,104.58,98.65154027223586
2024-03-28,MG92,99.97,94.79410260915756
2024-04-01,MG95,106.58,94.539706492424
2024-04-01,MG92,103.25,96.63839757442474
2024-04-02,MG95,106.91,99.69438051223754
2024-04-02,MG92,102.56,95.29392045736313
2024-04-03,MG95,107.09,98.99874873876571
2024-04-03,MG92,102.74,95.22834527492523
2024-04-04,MG95,106.36,97.18203746438026
2024-04-04,MG92,102.01,95.19834583997726
2024-04-05,MG95,107.02,100.09610346794128
2024-04-05,MG92,102.67,96.32717174291611
2024-04-08,MG95,106.27,101.2372160410881
2024-04-08,MG92,101.92,98.28329712152481
2024-04-09,MG95,106.43,100.47374191761017
2024-04-09,MG92,101.97,95.51770520210266
2024-04-10,MG95,106.43,98.2520052087307
2024-04-10,MG92,101.97,95.18736219406128
2024-04-11,MG95,107.79,96.37405064463616
2024-04-11,MG92,103.38,96.70657503604889
2024-04-12,MG95,108.62,97.59635701775551
2024-04-12,MG92,104.21,95.51314276456833
2024-04-15,MG95,107.89,94.78039822340011
2024-04-15,MG92,103.48,94.57757270336151
2024-04-16,MG95,108.46,96.62480314135551
2024-04-16,MG92,104.05,94.46514523029327
2024-04-17,MG95,108.41,99.15355243206024
2024-04-17,MG92,104.0,98.2013647556305
2024-04-18,MG95,105.32,98.2235979938507
2024-04-18,MG92,100.91,96.07337629795074
2024-04-19,MG95,105.41,96.64509569406509
2024-04-19,MG92,101.0,94.40412122011185
2024-04-22,MG95,104.36,96.72608898639679
2024-04-22,MG92,99.95,92.4592273235321
2024-04-23,MG95,104.94,99.90005417346954
2024-04-23,MG92,100.53,93.25089472532272
2024-04-24,MG95,105.05,97.91951636195182
2024-04-24,MG92,100.64,94.9814892411232
2024-04-25,MG95,105.56,99.65777017593383
2024-04-25,MG92,101.15,95.19430160522461
2024-04-26,MG95,106.1,97.91712796211243
2024-04-26,MG92,101.69,93.68451780080795
2024-04-29,MG95,106.05,97.04149930000305
2024-04-29,MG92,101.64,95.01419234275818
2024-04-30,MG95,105.3,96.1523068857193
2024-04-30,MG92,100.89,94.72070932388306
2024-05-01,MG95,105.3,95.2657387626171
2024-05-01,MG92,100.89,93.49448946118355
2024-05-02,MG95,100.51,98.15586769223214
2024-05-02,MG92,96.1,94.83250594139099
2024-05-03,MG95,98.84,96.63894482731818
2024-05-03,MG92,95.37,94.82868701219559
2024-05-06,MG95,98.2,96.8274986743927
2024-05-06,MG92,94.3,94.62597960233688
2024-05-07,MG95,98.51,94.9661803472042
2024-05-07,MG92,93.98,95.05958014726639
2024-05-08,MG95,95.84,97.02900885343551
2024-05-08,MG92,90.88,95.69078493118286
2024-05-09,MG95,96.86,97.71381911158562
2024-05-09,MG92,91.9,94.26585119962692
2024-05-10,MG95,97.03,96.9137818300724
2024-05-10,MG92,92.07,94.16064476966858
2024-05-13,MG95,96.4,96.7133095729351
2024-05-13,MG92,91.44,95.40028721094131
2024-05-14,MG95,95.49,94.83204073548316
2024-05-14,MG92,90.53,96.4909576177597
2024-05-15,MG95,94.93,96.2196479666233
2024-05-15,MG92,89.97,97.69482153654099
2024-05-16,MG95,96.38,95.37822354912758
2024-05-16,MG92,91.42,94.51873415708542
2024-05-17,MG95,97.35,96.23117715597152
2024-05-17,MG92,92.39,95.68446511030197
2024-05-20,MG95,97.43,99.42843661308288
2024-05-20,MG92,93.46,93.12127643823624
2024-05-21,MG95,95.4,99.67615790605545
2024-05-21,MG92,91.42,95.81208944320679
2024-05-22,MG95,95.4,94.34206493139267
2024-05-22,MG92,91.42,94.25033327937126
2024-05-23,MG95,93.75,94.81670779824256
2024-05-23,MG92,90.22,95.08451020717621
2024-05-24,MG95,92.47,99.17132684469223
2024-05-24,MG92,88.81,94.62704980373383
2024-05-27,MG95,92.46,95.55695841908455
2024-05-27,MG92,88.8,94.5900884270668
2024-05-28,MG95,92.45,97.78044662117958
2024-05-28,MG92,88.92,95.24720335006714
2024-05-29,MG95,93.52,99.73096725940704
2024-05-29,MG92,89.23,94.44393834471703
2024-04-04,MG95,106.36,107.44625142335892
2024-04-04,MG92,102.01,102.389137955904
2024-04-05,MG95,107.02,103.77481662988663
2024-04-05,MG92,102.67,108.88515320062636
2024-04-08,MG95,106.27,104.40245029211044
2024-04-08,MG92,101.92,103.77805439949036
2024-04-09,MG95,106.43,106.03214161574842
2024-04-09,MG92,101.97,105.12804196596146
2024-04-10,MG95,106.43,107.68786306381226
2024-04-10,MG92,101.97,105.58949337482451
2024-04-11,MG95,107.79,107.40672750711441
2024-04-11,MG92,103.38,106.40449516773224
2024-04-12,MG95,108.62,106.26369355142117
2024-04-12,MG92,104.21,104.0038872027397
2024-04-15,MG95,107.89,107.9393301510811
2024-04-15,MG92,103.48,99.92337908267974
2024-04-16,MG95,108.46,107.76094911694527
2024-04-16,MG92,104.05,102.06338953852654
2024-04-17,MG95,108.41,107.78049405097961
2024-04-17,MG92,104.0,102.9113923883438
2024-04-18,MG95,105.32,106.24185709834099
2024-04-18,MG92,100.91,105.41016456604004
2024-04-19,MG95,105.41,107.2426062321663
2024-04-19,MG92,101.0,103.57459789276122
2024-04-22,MG95,104.36,105.29069796860219
2024-04-22,MG92,99.95,100.37928234577178
2024-04-23,MG95,104.94,105.13686618864537
2024-04-23,MG92,100.53,103.69717149734497
2024-04-24,MG95,105.05,108.40073612809182
2024-04-24,MG92,100.64,102.12985705971717
2024-04-25,MG95,105.56,107.38171867251397
2024-04-25,MG92,101.15,104.51926462888717
2024-04-26,MG95,106.1,105.29672996163369
2024-04-26,MG92,101.69,100.31606655240059
2024-04-29,MG95,106.05,107.35382469415666
2024-04-29,MG92,101.64,99.98496595025063
2024-04-30,MG95,105.3,108.15792447209358
2024-04-30,MG92,100.89,101.94526792287826
2024-05-01,MG95,105.3,104.17326008915902
2024-05-01,MG92,100.89,102.01517088532448
2024-05-02,MG95,100.51,104.93554443180561
2024-05-02,MG92,96.1,103.48439459562302
2024-05-03,MG95,98.84,108.23178925871849
2024-05-03,MG92,95.37,98.7106377005577
2024-05-06,MG95,98.2,104.62544254243375
2024-05-06,MG92,94.3,102.2390685737133
2024-05-07,MG95,98.51,108.9522198677063
2024-05-07,MG92,93.98,99.08703591227531
2024-05-08,MG95,95.84,107.17069466233254
2024-05-08,MG92,90.88,98.44101373791695
2024-05-09,MG95,96.86,107.94964517831802
2024-05-09,MG92,91.9,101.32247325062751
2024-05-10,MG95,97.03,106.47148134946823
2024-05-10,MG92,92.07,99.79150345444678
2024-05-13,MG95,96.4,108.95147943258286
2024-05-13,MG92,91.44,101.44211968779564
2024-05-14,MG95,95.49,107.75875334382057
2024-05-14,MG92,90.53,98.94527037739753
2024-05-15,MG95,94.93,107.85886527895927
2024-05-15,MG92,89.97,102.6665023779869
2024-05-16,MG95,96.38,104.52273270130158
2024-05-16,MG92,91.42,105.11998306989669
2024-05-17,MG95,97.35,109.73742578387261
2024-05-17,MG92,92.39,100.54403655529022
2024-05-20,MG95,97.43,106.50794777929784
2024-05-20,MG92,93.46,100.4261353957653
2024-05-21,MG95,95.4,106.20143317043781
2024-05-21,MG92,91.42,103.9038368654251
2024-05-22,MG95,95.4,109.60677728295326
2024-05-22,MG92,91.42,101.96500486969947
2024-05-23,MG95,93.75,105.4719896787405
2024-05-23,MG92,90.22,101.69531966924667
2024-05-24,MG95,92.47,107.14919651150704
2024-05-24,MG92,88.81,103.04956938743591
2024-05-27,MG95,92.46,108.98538625478744
2024-05-27,MG92,88.8,107.02044957637786
2024-05-28,MG95,92.45,106.36445017576219
2024-05-28,MG92,88.92,102.136268658638
2024-05-29,MG95,93.52,105.60932762801647
2024-05-29,MG92,89.23,104.46056206226348
2024-05-30,MG95,90.86,108.12133676409722
2024-05-30,MG92,86.57,99.98287161707877
2024-05-31,MG95,90.78,108.2201593208313
2024-05-31,MG92,85.96,100.7338002872467
2024-06-03,MG95,91.38,105.98834104835987
2024-06-03,MG92,86.43,105.18647508621216
2024-06-04,MG95,88.04,106.35766498148442
2024-06-04,MG92,83.24,99.53438425302505
2024-06-05,MG95,89.43,108.05677848100663
2024-06-05,MG92,84.63,101.99639537215232
2024-06-06,MG95,89.87,106.16136669397355
2024-06-06,MG92,85.14,102.49652458310126
2024-06-07,MG95,91.12,106.96623882234097
2024-06-07,MG92,85.88,102.490339564085
2024-06-10,MG95,91.67,104.96858315765859
2024-06-10,MG92,86.43,100.3923443710804
2024-06-11,MG95,92.62,107.74547657608986
2024-06-11,MG92,87.38,103.36898581504822
2024-06-12,MG95,92.14,105.42527205228807
2024-06-12,MG92,86.9,100.75238596320152
2024-06-13,MG95,91.15,107.36795679211617
2024-06-13,MG92,85.91,99.31081112504005
2024-06-14,MG95,91.78,106.8161985808611
2024-06-14,MG92,86.54,100.16531743049622
2024-06-17,MG95,91.78,109.07430230021477
2024-06-17,MG92,86.54,103.15461673021316
2024-06-18,MG95,93.26,107.99275637507439
2024-06-18,MG92,88.02,100.0354014122486
2024-06-19,MG95,94.52,109.00378223776818
2024-06-19,MG92,89.28,99.17120116114616
2024-06-20,MG95,94.85,107.26532993078231
2024-06-20,MG92,89.61,103.14647210121154
2024-06-21,MG95,95.95,108.24884479880333
2024-06-21,MG92,90.71,101.0290094077587
2024-06-24,MG95,95.52,106.69862897276879
2024-06-24,MG92,90.28,100.52188071489334
2024-06-25,MG95,95.57,108.75499603629113
2024-06-25,MG92,90.33,99.90522819519042
2024-06-26,MG95,95.65,109.03033577322961
2024-06-26,MG92,90.41,100.89531501650809
2024-05-02,MG95,100.51,106.37992461919784
2024-05-02,MG92,96.1,102.42298868894576
2024-05-03,MG95,98.84,104.86778411865234
2024-05-03,MG92,95.37,101.62916894316673
2024-05-06,MG95,98.2,105.92206349372863
2024-05-06,MG92,94.3,101.62515191674233
2024-05-07,MG95,98.51,105.46189266443253
2024-05-07,MG92,93.98,101.96165605545043
2024-05-08,MG95,95.84,105.40578192472458
2024-05-08,MG92,90.88,100.68834286808968
2024-05-09,MG95,96.86,103.46090460419654
2024-05-09,MG92,91.9,101.44639424085616
2024-05-10,MG95,97.03,103.86807777285576
2024-05-10,MG92,92.07,102.17226129412651
2024-05-13,MG95,96.4,105.78969486951827
2024-05-13,MG92,91.44,100.71780306637287
2024-05-14,MG95,95.49,106.12120013236999
2024-05-14,MG92,90.53,101.49404531478882
2024-05-15,MG95,94.93,104.77479971051216
2024-05-15,MG92,89.97,100.86811682760715
2024-05-16,MG95,96.38,105.83956689834595
2024-05-16,MG92,91.42,99.93192717075348
2024-05-17,MG95,97.35,107.72443585395813
2024-05-17,MG92,92.39,102.09513198137283
2024-05-20,MG95,97.43,105.389664208889
2024-05-20,MG92,93.46,102.47152976274491
2024-05-21,MG95,95.4,106.23799080848694
2024-05-21,MG92,91.42,102.78836971521378
2024-05-22,MG95,95.4,104.50504764318465
2024-05-22,MG92,91.42,100.24932637989521
2024-05-23,MG95,93.75,108.26707817316056
2024-05-23,MG92,90.22,101.93548524856567
2024-05-24,MG95,92.47,103.86691036820412
2024-05-24,MG92,88.81,101.61630002617837
2024-05-27,MG95,92.46,105.20652603507041
2024-05-27,MG92,88.8,100.17676132321358
2024-05-28,MG95,92.45,105.57236931324005
2024-05-28,MG92,88.92,101.27515345573426
2024-05-29,MG95,93.52,104.34036199450493
2024-05-29,MG92,89.23,99.46014906585216
2024-05-30,MG95,90.86,105.99078973531722
2024-05-30,MG92,86.57,101.10633010268211
2024-05-31,MG95,90.78,106.08045394420624
2024-05-31,MG92,85.96,101.73721973776817
2024-06-03,MG95,91.38,104.78358035087585
2024-06-03,MG92,86.43,98.78177072167396
2024-06-04,MG95,88.04,104.9510401546955
2024-06-04,MG92,83.24,100.03335107445717
2024-06-05,MG95,89.43,105.22661669254303
2024-06-05,MG92,84.63,102.25861533522605
2024-06-06,MG95,89.87,104.66542770266533
2024-06-06,MG92,85.14,99.7435418611765
2024-06-07,MG95,91.12,107.13133152723312
2024-06-07,MG92,85.88,101.13306617975235
2024-06-10,MG95,91.67,106.32160459756851
2024-06-10,MG92,86.43,101.30940642356873
2024-06-11,MG95,92.62,103.63976857066154
2024-06-11,MG92,87.38,100.50490667939187
2024-06-12,MG95,92.14,104.25219156146049
2024-06-12,MG92,86.9,102.26369073987007
2024-06-13,MG95,91.15,106.24542202949523
2024-06-13,MG92,85.91,102.83249687075615
2024-06-14,MG95,91.78,109.32221113443374
2024-06-14,MG92,86.54,103.95930886387825
2024-06-17,MG95,91.78,104.96002163887023
2024-06-17,MG92,86.54,100.65269476532936
2024-06-18,MG95,93.26,106.91615248918534
2024-06-18,MG92,88.02,102.52110516071319
2024-06-19,MG95,94.52,105.53742249011994
2024-06-19,MG92,89.28,103.07137764573098
2024-06-20,MG95,94.85,105.50481047630309
2024-06-20,MG92,89.61,100.1962030094862
2024-06-21,MG95,95.95,106.06780078411101
2024-06-21,MG92,90.71,102.25593330860139
2024-06-24,MG95,95.52,107.81928434371947
2024-06-24,MG92,90.28,103.99531777739524
2024-06-25,MG95,95.57,105.49716585874557
2024-06-25,MG92,90.33,102.48485570669175
2024-06-26,MG95,95.65,105.19376617670059
2024-06-26,MG92,90.41,99.62816059470177
2024-06-27,MG95,96.51,104.05336874127387
2024-06-27,MG92,91.27,99.48252534627915
2024-06-28,MG95,97.45,105.19714286327361
2024-06-28,MG92,92.37,100.78116143524647
2024-07-01,MG95,97.87,105.22357265353203
2024-07-01,MG92,93.14,100.97278201460838
2024-07-02,MG95,99.67,106.90210597515106
2024-07-02,MG92,95.23,103.4884027183056
2024-07-03,MG95,99.3,104.48360128998756
2024-07-03,MG92,94.88,99.77668232917786
2024-07-04,MG95,99.01,103.33331229686736
2024-07-04,MG92,94.59,100.85877784252166
2024-07-05,MG95,99.01,104.66552184820175
2024-07-05,MG92,94.59,101.06395889282227
2024-07-08,MG95,98.17,106.17169979810714
2024-07-08,MG92,93.75,100.50627776026725
2024-07-09,MG95,97.03,105.56151119470596
2024-07-09,MG92,92.61,101.7428844666481
2024-07-10,MG95,95.6,106.1442093014717
2024-07-10,MG92,91.18,101.73173541426658
2024-07-11,MG95,96.48,103.78662933111191
2024-07-11,MG92,92.06,102.10187914252282
2024-07-12,MG95,98.5,105.45712262392044
2024-07-12,MG92,94.08,103.3907793545723
2024-07-15,MG95,97.85,104.7530646443367
2024-07-15,MG92,93.43,101.95743456959724
2024-07-16,MG95,96.55,104.59230800271034
2024-07-16,MG92,92.13,101.90500876665115
2024-07-17,MG95,96.37,103.79301239848137
2024-07-17,MG92,91.95,98.95452691197396
2024-07-18,MG95,97.64,105.29039715528488
2024-07-18,MG92,93.22,101.63978880643845
2024-07-19,MG95,96.84,108.51267249584198
2024-07-19,MG92,92.42,103.85355523109436
2024-07-22,MG95,95.04,105.35574671030044
2024-07-22,MG92,90.62,102.99903508901596
2024-07-23,MG95,94.99,106.38128031492234
2024-07-23,MG92,90.57,102.20063304662705
2024-07-24,MG95,93.51,104.69432410597801
2024-07-24,MG92,89.09,101.0742660534382
2024-05-30,MG95,90.86,91.77284235477447
2024-05-30,MG92,86.57,92.33385779261589
2024-05-31,MG95,90.78,93.9136072731018
2024-05-31,MG92,85.96,89.44916567325592
2024-06-03,MG95,91.38,91.95830244064331
2024-06-03,MG92,86.43,90.16293266057968
2024-06-04,MG95,88.04,92.33509784698487
2024-06-04,MG92,83.24,91.74560793519021
2024-06-05,MG95,89.43,92.86748663425445
2024-06-05,MG92,84.63,88.11329111456871
2024-06-06,MG95,89.87,91.07792584896087
2024-06-06,MG92,85.14,91.94564820170403
2024-06-07,MG95,91.12,92.64000245571135
2024-06-07,MG92,85.88,90.56905503511429
2024-06-10,MG95,91.67,92.81004423141479
2024-06-10,MG92,86.43,91.88558080911636
2024-06-11,MG95,92.62,92.26645682334899
2024-06-11,MG92,87.38,90.86145676255227
2024-06-12,MG95,92.14,95.33533600807189
2024-06-12,MG92,86.9,88.73410628497601
2024-06-13,MG95,91.15,92.56890877246856
2024-06-13,MG92,85.91,90.55403552770615
2024-06-14,MG95,91.78,94.17919686317444
2024-06-14,MG92,86.54,88.85364007711411
2024-06-17,MG95,91.78,93.36793510437012
2024-06-17,MG92,86.54,90.0569876933098
2024-06-18,MG95,93.26,90.79524568080902
2024-06-18,MG92,88.02,91.73026931643487
2024-06-19,MG95,94.52,90.93903842449188
2024-06-19,MG92,89.28,91.51255028128624
2024-06-20,MG95,94.85,93.0466143989563
2024-06-20,MG92,89.61,93.15500574827195
2024-06-21,MG95,95.95,92.78366141796111
2024-06-21,MG92,90.71,90.93883062720299
2024-06-24,MG95,95.52,93.33097798347472
2024-06-24,MG92,90.28,90.47535330653191
2024-06-25,MG95,95.57,93.18579168319702
2024-06-25,MG92,90.33,90.83664053678513
2024-06-26,MG95,95.65,93.483533411026
2024-06-26,MG92,90.41,91.47416118621827
2024-06-27,MG95,96.51,92.99025897026061
2024-06-27,MG92,91.27,89.4256578040123
2024-06-28,MG95,97.45,92.94902084350585
2024-06-28,MG92,92.37,91.42429471969605
2024-07-01,MG95,97.87,91.22855816841125
2024-07-01,MG92,93.14,90.51541241765023
2024-07-02,MG95,99.67,91.85535205364226
2024-07-02,MG92,95.23,90.52191165208816
2024-07-03,MG95,99.3,96.08385427474975
2024-07-03,MG92,94.88,89.24424300312997
2024-07-04,MG95,99.01,93.38547162055968
2024-07-04,MG92,94.59,90.9801555466652
2024-07-05,MG95,99.01,93.75310299873351
2024-07-05,MG92,94.59,90.19619470000268
2024-07-08,MG95,98.17,93.66540926933288
2024-07-08,MG92,93.75,91.70495314955711
2024-07-09,MG95,97.03,92.50199575901031
2024-07-09,MG92,92.61,86.89146695137025
2024-07-10,MG95,95.6,94.1890520954132
2024-07-10,MG92,91.18,92.56340522170068
2024-07-11,MG95,96.48,93.57682366371155
2024-07-11,MG92,92.06,88.46354241073132
2024-07-12,MG95,98.5,92.14998893737793
2024-07-12,MG92,94.08,90.72435589075089
2024-07-15,MG95,97.85,91.89098808288574
2024-07-15,MG92,93.43,90.426933478117
2024-07-16,MG95,96.55,92.49063548564911
2024-07-16,MG92,92.13,89.76800045728685
2024-07-17,MG95,96.37,95.75949004173279
2024-07-17,MG92,91.95,91.10017332434654
2024-07-18,MG95,97.64,94.97957773208618
2024-07-18,MG92,93.22,90.28820513844491
2024-07-19,MG95,96.84,91.905743060112
2024-07-19,MG92,92.42,90.14841309428215
2024-07-22,MG95,95.04,92.2929678440094
2024-07-22,MG92,90.62,89.66605501890183
2024-07-23,MG95,94.99,92.74489824771881
2024-07-23,MG92,90.57,88.43367358863354
2024-07-24,MG95,93.51,94.27294420242309
2024-07-24,MG92,89.09,89.18515953719616
2024-07-25,MG95,94.15,94.63176830291748
2024-07-25,MG92,89.73,90.47728924870492
2024-07-26,MG95,95.36,90.6216586971283
2024-07-26,MG92,90.94,89.93000265121461
2024-07-29,MG95,95.11,93.62865282058715
2024-07-29,MG92,90.69,91.56924573063851
2024-07-30,MG95,93.01,92.7193348455429
2024-07-30,MG92,88.91,90.03872388720512
2024-07-31,MG95,93.39,94.66269411087036
2024-07-31,MG92,89.28,91.61030472397805
2024-08-01,MG95,93.51,93.96911541938782
2024-08-01,MG92,89.4,89.91990809559823
2024-08-02,MG95,92.86,90.82103762626647
2024-08-02,MG92,87.7,91.63958850860597
2024-08-05,MG95,87.55,91.78988276481628
2024-08-05,MG92,82.85,91.14448725342751
2024-08-06,MG95,87.23,89.80571458816527
2024-08-06,MG92,83.27,89.63393114328385
2024-08-07,MG95,87.3,92.59933847427368
2024-08-07,MG92,82.76,90.5899674654007
2024-08-08,MG95,89.62,92.87057475566864
2024-08-08,MG92,85.03,91.35467526078224
2024-08-09,MG95,89.62,90.78847299575806
2024-08-09,MG92,85.03,90.01451397299768
2024-08-12,MG95,91.37,92.07207797527313
2024-08-12,MG92,86.89,89.66281072020531
2024-08-13,MG95,91.98,94.27789411544799
2024-08-13,MG92,87.5,88.57890116274358
2024-08-14,MG95,90.6,90.92335812568665
2024-08-14,MG92,86.12,91.73726849198341
2024-08-15,MG95,88.66,92.80626490592957
2024-08-15,MG92,83.84,90.07310281634331
2024-08-16,MG95,90.15,91.24729871749878
2024-08-16,MG92,85.99,89.89797450900078
2024-08-19,MG95,88.79,92.16512853622436
2024-08-19,MG92,84.63,92.07660086154938
2024-08-20,MG95,87.02,89.91504746437073
2024-08-20,MG92,82.86,90.46818393826486
2024-08-21,MG95,87.66,89.80720848083496
2024-08-21,MG92,83.5,90.20151322245599
2024-06-27,MG95,96.51,96.15279884338379
2024-06-27,MG92,91.27,91.27716391921044
2024-06-28,MG95,97.45,96.44934024214746
2024-06-28,MG92,92.37,90.55516500115394
2024-07-01,MG95,97.87,95.48839993178845
2024-07-01,MG92,93.14,91.02495468378066
2024-07-02,MG95,99.67,96.08804479241371
2024-07-02,MG92,95.23,91.2644677746296
2024-07-03,MG95,99.3,95.58928238749505
2024-07-03,MG92,94.88,91.65084874510765
2024-07-04,MG95,99.01,96.94565113782883
2024-07-04,MG92,94.59,90.93066048264504
2024-07-05,MG95,99.01,95.62480646669866
2024-07-05,MG92,94.59,90.31970971882343
2024-07-08,MG95,98.17,95.37258607447149
2024-07-08,MG92,93.75,91.28725185751915
2024-07-09,MG95,97.03,94.62306278049947
2024-07-09,MG92,92.61,90.7194927740097
2024-07-10,MG95,95.6,95.7638184428215
2024-07-10,MG92,91.18,90.93900243163108
2024-07-11,MG95,96.48,93.68722478449345
2024-07-11,MG92,92.06,90.33535895645618
2024-07-12,MG95,98.5,96.36312693357468
2024-07-12,MG92,94.08,91.48691974759102
2024-07-15,MG95,97.85,94.78756475150585
2024-07-15,MG92,93.43,90.65841548085213
2024-07-16,MG95,96.55,96.50973858833314
2024-07-16,MG92,92.13,90.10965211451054
2024-07-17,MG95,96.37,94.88431954979897
2024-07-17,MG92,91.95,91.34804893016815
2024-07-18,MG95,97.64,94.03683850765229
2024-07-18,MG92,93.22,90.54229641318321
2024-07-19,MG95,96.84,95.87475208640099
2024-07-19,MG92,92.42,91.17387032866478
2024-07-22,MG95,95.04,94.78261612355709
2024-07-22,MG92,90.62,90.28834657728672
2024-07-23,MG95,94.99,94.27419591248037
2024-07-23,MG92,90.57,91.18933634519577
2024-07-24,MG95,93.51,95.68316949009896
2024-07-24,MG92,89.09,90.64910353779793
2024-07-25,MG95,94.15,96.45288637876511
2024-07-25,MG92,89.73,91.02398468971252
2024-07-26,MG95,95.36,95.07435712516309
2024-07-26,MG92,90.94,91.56725681185722
2024-07-29,MG95,95.11,95.72221119999887
2024-07-29,MG92,90.69,91.98015095353126
2024-07-30,MG95,93.01,94.20685922503472
2024-07-30,MG92,88.91,91.4481523180008
2024-07-31,MG95,93.39,98.2176195561886
2024-07-31,MG92,89.28,90.69028517484665
2024-08-01,MG95,93.51,94.11272127032281
2024-08-01,MG92,89.4,90.51173082232475
2024-08-02,MG95,92.86,94.0156301021576
2024-08-02,MG92,87.7,90.52781116843224
2024-08-05,MG95,87.55,95.25250203013421
2024-08-05,MG92,82.85,91.13844398975372
2024-08-06,MG95,87.23,95.08654055595399
2024-08-06,MG92,83.27,90.55409800767899
2024-08-07,MG95,87.3,94.3187791734934
2024-08-07,MG92,82.76,91.68435665130615
2024-08-08,MG95,89.62,96.2454316854477
2024-08-08,MG92,85.03,90.64199024796486
2024-08-09,MG95,89.62,94.81163515150547
2024-08-09,MG92,85.03,90.59004167675971
2024-08-12,MG95,91.37,96.79041929244995
2024-08-12,MG92,86.89,91.3419810783863
2024-08-13,MG95,91.98,94.43459303081036
2024-08-13,MG92,87.5,91.58834879398346
2024-08-14,MG95,90.6,96.77691888809204
2024-08-14,MG92,86.12,90.72315719604492
2024-08-15,MG95,88.66,95.78933694362641
2024-08-15,MG92,83.84,91.21592496037483
2024-08-16,MG95,90.15,96.18218274712564
2024-08-16,MG92,85.99,91.31211603879929
2024-08-19,MG95,88.79,95.05917487144471
2024-08-19,MG92,84.63,91.29613269209861
2024-08-20,MG95,87.02,95.85591537356378
2024-08-20,MG92,82.86,90.4586290359497
2024-08-21,MG95,87.66,95.88804724812508
2024-08-21,MG92,83.5,90.28433187961578
2024-08-22,MG95,85.72,95.21247401535511
2024-08-22,MG92,81.82,91.28749974489212
2024-08-23,MG95,87.27,95.957772731781
2024-08-23,MG92,83.04,90.84687455058098
2024-08-26,MG95,89.06,95.47520739138128
2024-08-26,MG92,85.58,90.00171333014964
2024-08-27,MG95,89.58,93.59673558771611
2024-08-27,MG92,86.1,90.46017024874686
2024-08-28,MG95,86.67,96.57165344953538
2024-08-28,MG92,83.14,90.891386500597
2024-08-29,MG95,86.07,96.18547803163528
2024-08-29,MG92,81.88,91.40222848773003
2024-08-30,MG95,89.03,96.04252653717995
2024-08-30,MG92,84.84,90.0428518563509
2024-09-02,MG95,86.59,95.21685822606088
2024-09-02,MG92,82.4,90.52221753597259
2024-09-03,MG95,87.9,95.64845497906208
2024-09-03,MG92,83.71,90.43974648475647
2024-09-04,MG95,81.98,96.569429987669
2024-09-04,MG92,77.79,90.72552829265594
2024-09-05,MG95,80.92,95.19377413094044
2024-09-05,MG92,77.08,91.13598667144775
2024-09-06,MG95,80.78,95.78378399014474
2024-09-06,MG92,76.35,90.8568223786354
2024-09-09,MG95,81.59,95.40542489588262
2024-09-09,MG92,77.16,91.31073649168015
2024-09-10,MG95,80.21,96.98025732636452
2024-09-10,MG92,76.35,90.92246942162514
2024-09-11,MG95,79.47,95.46476282179356
2024-09-11,MG92,75.61,91.5837143778801
2024-09-12,MG95,80.35,94.768254840374
2024-09-12,MG92,76.49,90.8148863017559
2024-09-13,MG95,80.31,95.8733495950699
2024-09-13,MG92,75.89,90.18997840106486
2024-09-16,MG95,80.46,96.37333205342293
2024-09-16,MG92,76.04,90.73154225587845
2024-09-17,MG95,82.54,95.95595975518228
2024-09-17,MG92,77.43,90.97030090689658
2024-09-18,MG95,83.86,97.05125987529755
2024-09-18,MG92,79.24,91.14201141238212
2024-07-25,MG95,94.15,94.84264386534691
2024-07-25,MG92,89.73,87.85804937005044
2024-07-26,MG95,95.36,92.42319782137871
2024-07-26,MG92,90.94,87.99692645013333
2024-07-29,MG95,95.11,93.351552836895
2024-07-29,MG92,90.69,88.63395130991935
2024-07-30,MG95,93.01,94.79176776766778
2024-07-30,MG92,88.91,88.72240294158459
2024-07-31,MG95,93.39,94.37712311267853
2024-07-31,MG92,89.28,89.00960921823979
2024-08-01,MG95,93.51,93.92934879899026
2024-08-01,MG92,89.4,88.79646399140358
2024-08-02,MG95,92.86,92.346833512187
2024-08-02,MG92,87.7,90.21016076683999
2024-08-05,MG95,87.55,93.55855746746063
2024-08-05,MG92,82.85,88.2465207374096
2024-08-06,MG95,87.23,94.98432554841042
2024-08-06,MG92,83.27,88.89281716763973
2024-08-07,MG95,87.3,91.05955899775029
2024-08-07,MG92,82.76,90.0220211672783
2024-08-08,MG95,89.62,94.11378022670746
2024-08-08,MG92,85.03,88.61690032899381
2024-08-09,MG95,89.62,93.09958573043347
2024-08-09,MG92,85.03,90.7753654718399
2024-08-12,MG95,91.37,91.90784323990346
2024-08-12,MG92,86.89,88.87114102184773
2024-08-13,MG95,91.98,92.29615806519986
2024-08-13,MG92,87.5,89.59249150514603
2024-08-14,MG95,90.6,92.55980192720891
2024-08-14,MG92,86.12,90.95144034743309
2024-08-15,MG95,88.66,92.86091173231603
2024-08-15,MG92,83.84,89.92405900716781
2024-08-16,MG95,90.15,94.37947518467904
2024-08-16,MG92,85.99,87.24229708254337
2024-08-19,MG95,88.79,92.92851429462434
2024-08-19,MG92,84.63,91.31218196630478
2024-08-20,MG95,87.02,92.99871974229814
2024-08-20,MG92,82.86,87.46135253727437
2024-08-21,MG95,87.66,93.05559863984585
2024-08-21,MG92,83.5,89.1527131998539
2024-08-22,MG95,85.72,91.69272340357304
2024-08-22,MG92,81.82,89.64008131861686
2024-08-23,MG95,87.27,92.57064821183683
2024-08-23,MG92,83.04,91.10363004326821
2024-08-26,MG95,89.06,92.38362504601479
2024-08-26,MG92,85.58,89.05999749541283
2024-08-27,MG95,89.58,92.3560021340847
2024-08-27,MG92,86.1,90.71410726070404
2024-08-28,MG95,86.67,93.93591453552247
2024-08-28,MG92,83.14,89.79094347000122
2024-08-29,MG95,86.07,93.38214649379253
2024-08-29,MG92,81.88,88.23339928805828
2024-08-30,MG95,89.03,93.73913194298744
2024-08-30,MG92,84.84,88.82499557673931
2024-09-02,MG95,86.59,91.95156836986543
2024-09-02,MG92,82.4,86.96948669791222
2024-09-03,MG95,87.9,93.00656184017659
2024-09-03,MG92,83.71,87.75964646518231
2024-09-04,MG95,81.98,92.33854552388192
2024-09-04,MG92,77.79,90.77083057999612
2024-09-05,MG95,80.92,94.61606464505196
2024-09-05,MG92,77.08,89.50153877973557
2024-09-06,MG95,80.78,91.84083705604077
2024-09-06,MG92,76.35,91.86467410564423
2024-09-09,MG95,81.59,90.31019554674626
2024-09-09,MG92,77.16,91.07421165823936
2024-09-10,MG95,80.21,94.79537948012353
2024-09-10,MG92,76.35,90.18020074367523
2024-09-11,MG95,79.47,90.8846194624901
2024-09-11,MG92,75.61,90.49645369291306
2024-09-12,MG95,80.35,93.19270994603635
2024-09-12,MG92,76.49,93.01965901851655
2024-09-13,MG95,80.31,93.45994322597981
2024-09-13,MG92,75.89,91.44788887023927
2024-09-16,MG95,80.46,92.22746864497663
2024-09-16,MG92,76.04,90.53589769363404
2024-09-17,MG95,82.54,91.25076795995236
2024-09-17,MG92,77.43,90.14175505638123
2024-09-18,MG95,83.86,93.47240586340428
2024-09-18,MG92,79.24,91.72709801912308
2024-09-19,MG95,86.33,91.38946217715741
2024-09-19,MG92,81.71,89.12574811697007
2024-09-20,MG95,85.86,94.50665428161622
2024-09-20,MG92,81.24,90.67581025838852
2024-09-23,MG95,85.82,91.1852555090189
2024-09-23,MG92,81.16,90.97005783081055
2024-09-24,MG95,85.14,92.68171394348145
2024-09-24,MG92,80.48,91.65590977549553
2024-09-25,MG95,84.78,91.32256189227105
2024-09-25,MG92,80.12,87.84093997716904
2024-09-26,MG95,81.86,92.18964041590691
2024-09-26,MG92,77.2,90.60025704860688
2024-09-27,MG95,81.67,94.79162285327912
2024-09-27,MG92,77.01,89.35939594030381
2024-09-30,MG95,81.6,91.19539951622487
2024-09-30,MG92,76.94,88.79103698968888
2024-10-01,MG95,79.71,91.52175786674023
2024-10-01,MG92,73.6,92.17937648296356
2024-10-02,MG95,84.21,92.66383931100368
2024-10-02,MG92,78.2,92.50817207217217
2024-10-03,MG95,84.86,91.84320584893227
2024-10-03,MG92,78.85,91.17147287487984
2024-10-04,MG95,88.97,92.48255698442459
2024-10-04,MG92,82.55,92.46549948334695
2024-10-07,MG95,88.88,91.35341193616391
2024-10-07,MG92,82.46,92.10144431352616
2024-10-08,MG95,90.15,93.75602004289628
2024-10-08,MG92,83.73,92.16312733888627
2024-10-09,MG95,88.5,91.31979179799558
2024-10-09,MG92,82.08,90.98346071958542
2024-10-10,MG95,88.37,91.28273830354215
2024-10-10,MG92,81.95,90.6294842672348
2024-10-11,MG95,89.88,93.57515573859216
2024-10-11,MG92,83.46,91.33898774385453
2024-10-14,MG95,89.17,94.82299124479295
2024-10-14,MG92,82.75,92.97871754765511
2024-10-15,MG95,84.88,90.86644385397435
2024-10-15,MG92,78.39,90.66787685275078
2024-10-16,MG95,84.95,91.22618825018407
2024-10-16,MG92,78.46,91.23106369018555
2024-08-22,MG95,85.72,90.16293587207794
2024-08-22,MG92,81.82,83.970862865448
2024-08-23,MG95,87.27,87.41073363661766
2024-08-23,MG92,83.04,83.94304150342941
2024-08-26,MG95,89.06,88.62711607933043
2024-08-26,MG92,85.58,83.12915468215942
2024-08-27,MG95,89.58,88.37148051023483
2024-08-27,MG92,86.1,83.44041550159454
2024-08-28,MG95,86.67,85.41478444933891
2024-08-28,MG92,83.14,81.33655315637589
2024-08-29,MG95,86.07,85.89645105957985
2024-08-29,MG92,81.88,83.3551796078682
2024-08-30,MG95,89.03,86.67518181324004
2024-08-30,MG92,84.84,81.67955720424652
2024-09-02,MG95,86.59,87.24821177959441
2024-09-02,MG92,82.4,81.17607018351555
2024-09-03,MG95,87.9,83.08324761271476
2024-09-03,MG92,83.71,80.2114851474762
2024-09-04,MG95,81.98,82.62974867105484
2024-09-04,MG92,77.79,80.81471100449562
2024-09-05,MG95,80.92,85.22717764019966
2024-09-05,MG92,77.08,80.40877294540405
2024-09-06,MG95,80.78,84.49542957544327
2024-09-06,MG92,76.35,80.11369729042053
2024-09-09,MG95,81.59,83.53507979750633
2024-09-09,MG92,77.16,81.12893810868263
2024-09-10,MG95,80.21,82.1291468667984
2024-09-10,MG92,76.35,79.13757559657097
2024-09-11,MG95,79.47,83.98236105680465
2024-09-11,MG92,75.61,78.48135477304459
2024-09-12,MG95,80.35,80.10963318586349
2024-09-12,MG92,76.49,77.26225653290749
2024-09-13,MG95,80.31,84.48462439298629
2024-09-13,MG92,75.89,78.90252739191055
2024-09-16,MG95,80.46,82.79672740459442
2024-09-16,MG92,76.04,76.67468827962875
2024-09-17,MG95,82.54,79.1020917212963
2024-09-17,MG92,77.43,77.17200383543968
2024-09-18,MG95,83.86,80.46010669827461
2024-09-18,MG92,79.24,75.96219763159752
2024-09-19,MG95,86.33,80.41349498033523
2024-09-19,MG92,81.71,76.58857643604279
2024-09-20,MG95,85.86,80.44011084079742
2024-09-20,MG92,81.24,77.07711258530617
2024-09-23,MG95,85.82,79.99241158604622
2024-09-23,MG92,81.16,75.52298840880394
2024-09-24,MG95,85.14,80.68266837716102
2024-09-24,MG92,80.48,76.79281210899353
2024-09-25,MG95,84.78,78.64828973293304
2024-09-25,MG92,80.12,75.64814472198486
2024-09-26,MG95,81.86,77.16772893905639
2024-09-26,MG92,77.2,74.54953935742378
2024-09-27,MG95,81.67,78.94996227622032
2024-09-27,MG92,77.01,75.41904899477959
2024-09-30,MG95,81.6,76.65625925302506
2024-09-30,MG92,76.94,73.93839013576508
2024-10-01,MG95,79.71,74.8981912779808
2024-10-01,MG92,73.6,72.98163887858391
2024-10-02,MG95,84.21,79.7263783800602
2024-10-02,MG92,78.2,75.70879927277565
2024-10-03,MG95,84.86,75.33299014806747
2024-10-03,MG92,78.85,72.9228954911232
2024-10-04,MG95,88.97,77.71992705702782
2024-10-04,MG92,82.55,72.45388904213905
2024-10-07,MG95,88.88,76.74836455106735
2024-10-07,MG92,82.46,71.86638051271439
2024-10-08,MG95,90.15,76.81559911966323
2024-10-08,MG92,83.73,73.72864991426468
2024-10-09,MG95,88.5,74.46773433566094
2024-10-09,MG92,82.08,71.43931514024734
2024-10-10,MG95,88.37,74.3954002225399
2024-10-10,MG92,81.95,71.45860096812248
2024-10-11,MG95,89.88,75.1626465511322
2024-10-11,MG92,83.46,71.16594910621643
2024-10-14,MG95,89.17,75.82704509854317
2024-10-14,MG92,82.75,72.19282612204552
2024-10-15,MG95,84.88,76.13832631230353
2024-10-15,MG92,78.39,71.90313556790352
2024-10-16,MG95,84.95,75.07603789329528
2024-10-16,MG92,78.46,73.58250564336777
2024-10-17,MG95,85.98,75.51722686886787
2024-10-17,MG92,79.49,71.24593925476074
2024-10-18,MG95,87.47,73.24171187281608
2024-10-18,MG92,80.98,71.43682664632797
2024-10-21,MG95,85.8,76.73860435724258
2024-10-21,MG92,79.31,72.1875704228878
2024-10-22,MG95,84.73,73.36124812245369
2024-10-22,MG92,79.06,69.64672356843948
2024-10-23,MG95,85.75,72.96370309710503
2024-10-23,MG92,79.75,69.37644326686859
2024-10-24,MG95,85.97,74.00237999796867
2024-10-24,MG92,79.98,70.39770624041557
2024-10-25,MG95,84.63,74.82094571828841
2024-10-25,MG92,78.9,68.57668113708496
2024-10-28,MG95,82.69,73.59409771442414
2024-10-28,MG92,76.96,71.12033501267433
2024-10-29,MG95,82.16,73.76350082159043
2024-10-29,MG92,76.43,71.71120300889015
2024-10-30,MG95,82.79,74.4833516907692
2024-10-30,MG92,77.26,69.73439818620682
2024-10-31,MG95,82.79,72.81264476537704
2024-10-31,MG92,77.26,68.15117356181145
2024-11-01,MG95,84.91,74.64269155740737
2024-11-01,MG92,79.38,69.62071880698204
2024-11-04,MG95,85.84,73.19772307634354
2024-11-04,MG92,80.31,69.31957620382309
2024-11-05,MG95,86.73,72.76358777403831
2024-11-05,MG92,81.2,70.05272135138512
2024-11-06,MG95,84.52,74.04415864348411
2024-11-06,MG92,78.99,68.94418689608574
2024-11-07,MG95,85.19,72.59218873858451
2024-11-07,MG92,79.66,69.76075631380081
2024-11-08,MG95,85.81,71.83748227357864
2024-11-08,MG92,79.85,69.2506996691227
2024-11-11,MG95,84.45,74.70103849768638
2024-11-11,MG92,78.49,69.95658087730408
2024-11-12,MG95,82.87,73.9473508965969
2024-11-12,MG92,76.91,70.87957322597504
2024-11-13,MG95,82.32,72.5360414993763
2024-11-13,MG92,76.36,67.46928641200066
2024-09-19,MG95,86.33,85.24695866346359
2024-09-19,MG92,81.71,78.55173977136612
2024-09-20,MG95,85.86,85.42826227903366
2024-09-20,MG92,81.24,79.51032030582428
2024-09-23,MG95,85.82,87.82074822902679
2024-09-23,MG92,81.16,81.44123496055603
2024-09-24,MG95,85.14,84.17152311801911
2024-09-24,MG92,80.48,78.18025598526
2024-09-25,MG95,84.78,85.65000331878662
2024-09-25,MG92,80.12,79.26984981536864
2024-09-26,MG95,81.86,84.52158425092698
2024-09-26,MG92,77.2,79.24424131870269
2024-09-27,MG95,81.67,83.18252069234848
2024-09-27,MG92,77.01,77.89588454008101
2024-09-30,MG95,81.6,84.7470841217041
2024-09-30,MG92,76.94,79.29325736045837
2024-10-01,MG95,79.71,84.48601531267165
2024-10-01,MG92,73.6,78.67141297101973
2024-10-02,MG95,84.21,85.13651301145553
2024-10-02,MG92,78.2,79.23581063508986
2024-10-03,MG95,84.86,86.59585916280746
2024-10-03,MG92,78.85,80.91087175369262
2024-10-04,MG95,88.97,85.18521786451339
2024-10-04,MG92,82.55,78.64108612537383
2024-10-07,MG95,88.88,84.24017176866532
2024-10-07,MG92,82.46,79.28986619472504
2024-10-08,MG95,90.15,83.93396699666977
2024-10-08,MG92,83.73,77.7785728764534
2024-10-09,MG95,88.5,86.74125394582748
2024-10-09,MG92,82.08,79.42171547412872
2024-10-10,MG95,88.37,83.44273976564408
2024-10-10,MG92,81.95,77.94178807735443
2024-10-11,MG95,89.88,83.7911714053154
2024-10-11,MG92,83.46,78.4344470000267
2024-10-14,MG95,89.17,84.57517758369445
2024-10-14,MG92,82.75,79.82434792041778
2024-10-15,MG95,84.88,82.44131120443345
2024-10-15,MG92,78.39,76.8739392709732
2024-10-16,MG95,84.95,83.04683788895606
2024-10-16,MG92,78.46,77.95034628391265
2024-10-17,MG95,85.98,85.29719304084777
2024-10-17,MG92,79.49,80.31491452217101
2024-10-18,MG95,87.47,82.30505357980728
2024-10-18,MG92,80.98,77.36972014427185
2024-10-21,MG95,85.8,83.10598949313163
2024-10-21,MG92,79.31,77.41596846580505
2024-10-22,MG95,84.73,84.41887619256973
2024-10-22,MG92,79.06,78.12056107759476
2024-10-23,MG95,85.75,84.45780408620834
2024-10-23,MG92,79.75,79.37039457321167
2024-10-24,MG95,85.97,86.77782257318496
2024-10-24,MG92,79.98,79.728365650177
2024-10-25,MG95,84.63,80.62079737424851
2024-10-25,MG92,78.9,76.15335906028747
2024-10-28,MG95,82.69,81.96583407521248
2024-10-28,MG92,76.96,76.97997696161269
2024-10-29,MG95,82.16,85.20573148488998
2024-10-29,MG92,76.43,79.02783015727996
2024-10-30,MG95,82.79,84.87278502941132
2024-10-30,MG92,77.26,79.36605879306792
2024-10-31,MG95,82.79,83.28230466008186
2024-10-31,MG92,77.26,78.87128865718842
2024-11-01,MG95,84.91,85.09537580490112
2024-11-01,MG92,79.38,79.90570755958557
2024-11-04,MG95,85.84,83.4583499109745
2024-11-04,MG92,80.31,77.9405506324768
2024-11-05,MG95,86.73,83.77231726884843
2024-11-05,MG92,81.2,78.15679176330566
2024-11-06,MG95,84.52,84.40849941968918
2024-11-06,MG92,78.99,78.78323642492293
2024-11-07,MG95,85.19,84.88977974414826
2024-11-07,MG92,79.66,78.63441242456436
2024-11-08,MG95,85.81,85.943252120018
2024-11-08,MG92,79.85,78.61963393211364
2024-11-11,MG95,84.45,84.55476393222808
2024-11-11,MG92,78.49,78.7056599664688
2024-11-12,MG95,82.87,84.29274541854858
2024-11-12,MG92,76.91,78.781970641613
2024-11-13,MG95,82.32,83.84745390176774
2024-11-13,MG92,76.36,78.58567504405976
2024-11-14,MG95,82.48,85.95398878097534
2024-11-14,MG92,76.52,79.85885468482971
2024-11-15,MG95,82.19,82.0978380227089
2024-11-15,MG92,76.23,77.21458611965178
2024-11-18,MG95,83.44,82.10457592725754
2024-11-18,MG92,77.28,77.00672371864319
2024-11-19,MG95,84.69,84.00649444103242
2024-11-19,MG92,78.56,78.34837373495101
2024-11-20,MG95,85.43,86.91849882364274
2024-11-20,MG92,79.3,79.97622302532196
2024-11-21,MG95,85.13,82.72017447948456
2024-11-21,MG92,79.38,77.77978670597076
2024-11-22,MG95,86.07,85.87742259263992
2024-11-22,MG92,80.32,79.70174641609191
2024-11-25,MG95,86.12,82.28535970449448
2024-11-25,MG92,81.55,77.32833186388015
2024-11-26,MG95,84.78,84.1526589846611
2024-11-26,MG92,80.31,78.76589330434798
2024-11-27,MG95,84.71,82.33608892798424
2024-11-27,MG92,80.24,77.42444638013839
2024-11-28,MG95,83.13,85.39040405273437
2024-11-28,MG92,79.73,78.92208529710769
2024-11-29,MG95,83.87,83.36084523439408
2024-11-29,MG92,80.27,78.8795256948471
2024-12-02,MG95,83.6,82.8571618771553
2024-12-02,MG92,80.44,77.76652431964874
2024-12-03,MG95,83.69,82.50112760186195
2024-12-03,MG92,80.83,78.2299001955986
2024-12-04,MG95,85.39,83.98177212953567
2024-12-04,MG92,82.53,78.9611498260498
2024-12-05,MG95,84.16,82.87199726343155
2024-12-05,MG92,80.81,78.5550081372261
2024-12-06,MG95,83.27,82.8113361287117
2024-12-06,MG92,79.85,77.87508885383606
2024-12-09,MG95,83.41,80.13731273531914
2024-12-09,MG92,80.06,74.85344683170318
2024-12-10,MG95,84.31,84.17884084224701
2024-12-10,MG92,80.96,78.8860010266304
2024-12-11,MG95,85.42,82.82310746788978
2024-12-11,MG92,82.07,77.40130332708358
2024-10-17,MG95,85.98,84.76303848028184
2024-10-17,MG92,79.49,79.82673998355865
2024-10-18,MG95,87.47,85.99655715823174
2024-10-18,MG92,80.98,79.06283927679061
2024-10-21,MG95,85.8,85.62593546509743
2024-10-21,MG92,79.31,79.017513859272
2024-10-22,MG95,84.73,85.0019405066967
2024-10-22,MG92,79.06,78.99645054101943
2024-10-23,MG95,85.75,86.78705744147301
2024-10-23,MG92,79.75,78.78050476312637
2024-10-24,MG95,85.97,84.81287260651588
2024-10-24,MG92,79.98,80.38743391752243
2024-10-25,MG95,84.63,85.74715360999107
2024-10-25,MG92,78.9,79.45349274635315
2024-10-28,MG95,82.69,85.3807953119278
2024-10-28,MG92,76.96,79.45733689546584
2024-10-29,MG95,82.16,86.46764712333679
2024-10-29,MG92,76.43,79.31470119237899
2024-10-30,MG95,82.79,84.42174408435822
2024-10-30,MG92,77.26,81.2263843870163
2024-10-31,MG95,82.79,85.62835577726365
2024-10-31,MG92,77.26,80.08203450918197
2024-11-01,MG95,84.91,86.16364983916283
2024-11-01,MG92,79.38,77.89418053388594
2024-11-04,MG95,85.84,84.2179669648409
2024-11-04,MG92,80.31,81.62902860879898
2024-11-05,MG95,86.73,84.55952972173691
2024-11-05,MG92,81.2,80.55026309490204
2024-11-06,MG95,84.52,86.4396464407444
2024-11-06,MG92,78.99,78.76262151956557
2024-11-07,MG95,85.19,85.2354550600052
2024-11-07,MG92,79.66,80.69901576519011
2024-11-08,MG95,85.81,86.3049191057682
2024-11-08,MG92,79.85,78.2845159959793
2024-11-11,MG95,84.45,86.66605195999146
2024-11-11,MG92,78.49,79.93629355669022
2024-11-12,MG95,82.87,86.61963057518005
2024-11-12,MG92,76.91,78.19540375590324
2024-11-13,MG95,82.32,84.24382075965404
2024-11-13,MG92,76.36,80.79459571599959
2024-11-14,MG95,82.48,85.4422347843647
2024-11-14,MG92,76.52,79.26456825017928
2024-11-15,MG95,82.19,86.58405502438545
2024-11-15,MG92,76.23,79.0778417468071
2024-11-18,MG95,83.44,85.98530625104904
2024-11-18,MG92,77.28,80.29085317850112
2024-11-19,MG95,84.69,83.8987642467022
2024-11-19,MG92,78.56,79.67599509000777
2024-11-20,MG95,85.43,85.47931923270225
2024-11-20,MG92,79.3,79.53380833864212
2024-11-21,MG95,85.13,85.37116469740867
2024-11-21,MG92,79.38,79.3496352481842
2024-11-22,MG95,86.07,82.79801336228847
2024-11-22,MG92,80.32,81.6336490702629
2024-11-25,MG95,86.12,87.00950337052346
2024-11-25,MG92,81.55,80.18925914525985
2024-11-26,MG95,84.78,85.14550856351853
2024-11-26,MG92,80.31,80.28211732625961
2024-11-27,MG95,84.71,85.3659696340561
2024-11-27,MG92,80.24,78.56573748350142
2024-11-28,MG95,83.13,85.32742692232132
2024-11-28,MG92,79.73,79.11956619739532
2024-11-29,MG95,83.87,84.60289280414581
2024-11-29,MG92,80.27,81.02679728746413
2024-12-02,MG95,83.6,84.354096865654
2024-12-02,MG92,80.44,80.5675945019722
2024-12-03,MG95,83.69,86.45246700644493
2024-12-03,MG92,80.83,77.82367640733719
2024-12-04,MG95,85.39,85.8245124578476
2024-12-04,MG92,82.53,78.86054911375045
2024-12-05,MG95,84.16,85.86260958909989
2024-12-05,MG92,80.81,80.22524075508117
2024-12-06,MG95,83.27,84.0816244006157
2024-12-06,MG92,79.85,79.1630864548683
2024-12-09,MG95,83.41,84.83376425504684
2024-12-09,MG92,80.06,79.55550767183303
2024-12-10,MG95,84.31,84.8162144601345
2024-12-10,MG92,80.96,80.73818680286406
2024-12-11,MG95,85.42,85.74576623439789
2024-12-11,MG92,82.07,79.09803522109985
2024-12-12,MG95,86.79,85.79753458499908
2024-12-12,MG92,83.44,78.47476864099502
2024-12-13,MG95,86.87,83.58808325529098
2024-12-13,MG92,83.52,81.51965274572372
2024-12-16,MG95,86.48,85.08173992037773
2024-12-16,MG92,83.13,80.80101198434829
2024-12-17,MG95,85.54,85.41173277497292
2024-12-17,MG92,82.19,79.2992778301239
2024-12-18,MG95,85.4,86.70646813511848
2024-12-18,MG92,82.05,80.13250416517258
2024-12-19,MG95,84.0,84.7787553191185
2024-12-19,MG92,80.65,80.23742792367935
2024-12-20,MG95,83.06,85.45105525255204
2024-12-20,MG92,79.71,80.06360878229141
2024-12-23,MG95,83.86,85.68769899606706
2024-12-23,MG92,80.51,80.88024260997771
2024-12-24,MG95,83.77,85.50560848116875
2024-12-24,MG92,80.42,80.39693672895432
2024-12-26,MG95,84.46,86.04405198693276
2024-12-26,MG92,81.11,78.48689033746719
2024-12-27,MG95,84.02,85.38224344849587
2024-12-27,MG92,80.67,79.94555318593979
2024-12-30,MG95,84.54,85.13152341246605
2024-12-30,MG92,81.29,79.43169988155364
2024-12-31,MG95,85.4,84.54106344878674
2024-12-31,MG92,82.15,80.29274251699447
2025-01-02,MG95,85.92,87.1038955450058
2025-01-02,MG92,82.95,78.64144196748732
2025-01-03,MG95,86.22,84.5357063561678
2025-01-03,MG92,83.74,79.90317401409149
2025-01-06,MG95,86.09,83.7721333116293
2025-01-06,MG92,83.61,81.78604012012481
2025-01-07,MG95,85.84,85.5834635436535
2025-01-07,MG92,83.15,78.44430071949958
2025-01-08,MG95,85.89,85.20625941157341
2025-01-08,MG92,83.35,78.7622380399704
2025-01-09,MG95,84.21,84.14895768761635
2025-01-09,MG92,82.78,78.92968767881393
2025-01-10,MG95,85.86,85.9753920853138
2025-01-10,MG92,84.01,80.33825499773025
2024-11-14,MG95,82.48,82.61434038162231
2024-11-14,MG92,76.52,75.3324507689476
2024-11-15,MG95,82.19,80.87052523612975
2024-11-15,MG92,76.23,76.84995025634765
2024-11-18,MG95,83.44,83.0144878578186
2024-11-18,MG92,77.28,76.23010729074478
2024-11-19,MG95,84.69,81.64745470046996
2024-11-19,MG92,78.56,75.0928872680664
2024-11-20,MG95,85.43,82.62726450920104
2024-11-20,MG92,79.3,76.25665566921234
2024-11-21,MG95,85.13,81.90419048309326
2024-11-21,MG92,79.38,76.80814099788665
2024-11-22,MG95,86.07,80.20812689781188
2024-11-22,MG92,80.32,75.71947997570038
2024-11-25,MG95,86.12,82.95198689460754
2024-11-25,MG92,81.55,75.95789196968079
2024-11-26,MG95,84.78,82.65159170150756
2024-11-26,MG92,80.31,76.79736325740814
2024-11-27,MG95,84.71,83.15185455322265
2024-11-27,MG92,80.24,77.55084019184112
2024-11-28,MG95,83.13,82.60361443519592
2024-11-28,MG92,79.73,75.23789976358414
2024-11-29,MG95,83.87,81.38015979766845
2024-11-29,MG92,80.27,75.45205273866654
2024-12-02,MG95,83.6,82.030448513031
2024-12-02,MG92,80.44,76.03115147590637
2024-12-03,MG95,83.69,82.54803185462951
2024-12-03,MG92,80.83,76.93300439834594
2024-12-04,MG95,85.39,83.49893165588378
2024-12-04,MG92,82.53,76.46914282798767
2024-12-05,MG95,84.16,81.44445168972015
2024-12-05,MG92,80.81,76.78783260345459
2024-12-06,MG95,83.27,82.71448519706725
2024-12-06,MG92,79.85,76.36647210597992
2024-12-09,MG95,83.41,81.3446454334259
2024-12-09,MG92,80.06,74.99506379842758
2024-12-10,MG95,84.31,82.63394737243652
2024-12-10,MG92,80.96,75.36437891483307
2024-12-11,MG95,85.42,81.98211796760559
2024-12-11,MG92,82.07,76.03486542701721
2024-12-12,MG95,86.79,82.34981283187865
2024-12-12,MG92,83.44,75.87386382579804
2024-12-13,MG95,86.87,81.101432390213
2024-12-13,MG92,83.52,74.26152204275131
2024-12-16,MG95,86.48,82.04153755187987
2024-12-16,MG92,83.13,75.09754336118698
2024-12-17,MG95,85.54,81.91564752101897
2024-12-17,MG92,82.19,75.69494787216186
2024-12-18,MG95,85.4,84.03768230438232
2024-12-18,MG92,82.05,76.08215913534164
2024-12-19,MG95,84.0,80.8877721261978
2024-12-19,MG92,80.65,75.80081823587417
2024-12-20,MG95,83.06,81.40281872749328
2024-12-20,MG92,79.71,76.47992056846618
2024-12-23,MG95,83.86,82.64801965713501
2024-12-23,MG92,80.51,75.28546655654907
2024-12-24,MG95,83.77,82.0972477054596
2024-12-24,MG92,80.42,75.59891310691833
2024-12-26,MG95,84.46,80.58998727321624
2024-12-26,MG92,81.11,75.27557634115219
2024-12-27,MG95,84.02,80.44556971549987
2024-12-27,MG92,80.67,74.31417276144028
2024-12-30,MG95,84.54,82.52101581573486
2024-12-30,MG92,81.29,75.64026722431183
2024-12-31,MG95,85.4,80.28407209396362
2024-12-31,MG92,82.15,75.38169248104096
2025-01-02,MG95,85.92,80.43577603340148
2025-01-02,MG92,82.95,75.22656219959259
2025-01-03,MG95,86.22,81.95369862556457
2025-01-03,MG92,83.74,75.76738357305527
2025-01-06,MG95,86.09,81.1457787322998
2025-01-06,MG92,83.61,74.87597613811492
2025-01-07,MG95,85.84,81.51245791912078
2025-01-07,MG92,83.15,74.44169873714446
2025-01-08,MG95,85.89,80.92575944423675
2025-01-08,MG92,83.35,73.82716726779938
2025-01-09,MG95,84.21,81.21994771957397
2025-01-09,MG92,82.78,75.16436717271804
2025-01-10,MG95,85.86,81.09224222660065
2025-01-10,MG92,84.01,76.2069178533554
2025-01-13,MG95,89.09,80.84900465011596
2025-01-13,MG92,87.14,74.5587655711174
2025-01-14,MG95,88.44,81.55963049411773
2025-01-14,MG92,86.3,74.81603405952454
2025-01-15,MG95,88.1,82.85545337677001
2025-01-15,MG92,86.34,76.35960857868194
2025-01-16,MG95,88.92,81.44097777843474
2025-01-16,MG92,86.78,76.58030648231507
2025-01-17,MG95,87.72,80.41924551486969
2025-01-17,MG92,85.58,75.64457285881042
2025-01-20,MG95,86.93,81.11035268783569
2025-01-20,MG92,84.54,76.44857045173644
2025-01-21,MG95,85.82,80.49107402801513
2025-01-21,MG92,83.43,77.57884047031402
2025-01-22,MG95,85.75,80.81136570453643
2025-01-22,MG92,83.26,75.62617605686188
2025-01-23,MG95,86.31,81.56397288322448
2025-01-23,MG92,83.9,74.92397986650467
2025-01-24,MG95,86.31,80.79783805847167
2025-01-24,MG92,83.9,74.39077300310134
2025-01-27,MG95,87.49,81.15264804840088
2025-01-27,MG92,85.08,76.5227493429184
2025-01-28,MG95,87.02,81.15178447723387
2025-01-28,MG92,84.91,75.74446266889572
2025-01-29,MG95,87.02,82.65909888267517
2025-01-29,MG92,84.91,76.49271003246308
2025-01-30,MG95,87.02,81.53332592010497
2025-01-30,MG92,84.91,76.19166607618332
2025-01-31,MG95,87.06,83.48258268356322
2025-01-31,MG92,84.88,76.0197820520401
2025-02-03,MG95,87.84,82.03842673301696
2025-02-03,MG92,86.41,76.58518559455871
2025-02-04,MG95,84.87,80.35620481967925
2025-02-04,MG92,83.3,75.44588102579117
2025-02-05,MG95,85.97,82.06377941608429
2025-02-05,MG92,84.06,76.89390778064728
2025-02-06,MG95,84.77,80.71230035305022
2025-02-06,MG92,83.21,75.8563226890564
2025-02-07,MG95,85.49,80.48794358253478
2025-02-07,MG92,83.86,76.56031668663024
2024-12-12,MG95,86.79,84.98305358409881
2024-12-12,MG92,83.44,81.76829133808612
2024-12-13,MG95,86.87,86.95492321014405
2024-12-13,MG92,83.52,80.59618324637412
2024-12-16,MG95,86.48,86.21378429174423
2024-12-16,MG92,83.13,81.29142366945743
2024-12-17,MG95,85.54,84.17531877756119
2024-12-17,MG92,82.19,80.56265516996383
2024-12-18,MG95,85.4,85.2132319867611
2024-12-18,MG92,82.05,80.33815794050693
2024-12-19,MG95,84.0,84.01607416033745
2024-12-19,MG92,80.65,79.76162080049514
2024-12-20,MG95,83.06,82.74212740540504
2024-12-20,MG92,79.71,81.94951611876488
2024-12-23,MG95,83.86,84.8850639462471
2024-12-23,MG92,80.51,82.09936030268669
2024-12-24,MG95,83.77,83.7624039053917
2024-12-24,MG92,80.42,82.08525248646735
2024-12-26,MG95,84.46,85.5467256617546
2024-12-26,MG92,81.11,78.17079331040382
2024-12-27,MG95,84.02,84.86280421972275
2024-12-27,MG92,80.67,80.88892532467841
2024-12-30,MG95,84.54,82.9239525091648
2024-12-30,MG92,81.29,80.54237885296344
2024-12-31,MG95,85.4,84.95889475464821
2024-12-31,MG92,82.15,79.16576123535633
2025-01-02,MG95,85.92,85.7237953710556
2025-01-02,MG92,82.95,78.79745135366916
2025-01-03,MG95,86.22,82.38473965525627
2025-01-03,MG92,83.74,80.57844574928284
2025-01-06,MG95,86.09,83.78326858043671
2025-01-06,MG92,83.61,80.4453069025278
2025-01-07,MG95,85.84,84.44978751897813
2025-01-07,MG92,83.15,79.208549400568
2025-01-08,MG95,85.89,83.50771027326584
2025-01-08,MG92,83.35,77.99379011273383
2025-01-09,MG95,84.21,82.90094943404198
2025-01-09,MG92,82.78,79.04169169902801
2025-01-10,MG95,85.86,82.38532007813454
2025-01-10,MG92,84.01,78.33481379508972
2025-01-13,MG95,89.09,83.82886741638184
2025-01-13,MG92,87.14,77.75545411348342
2025-01-14,MG95,88.44,85.65433809995652
2025-01-14,MG92,86.3,84.77331000208854
2025-01-15,MG95,88.1,83.96602541565895
2025-01-15,MG92,86.34,79.42903539240359
2025-01-16,MG95,88.92,84.43820960998535
2025-01-16,MG92,86.78,76.53975560903548
2025-01-17,MG95,87.72,85.39917605638504
2025-01-17,MG92,85.58,78.13348880052565
2025-01-20,MG95,86.93,83.76257701396942
2025-01-20,MG92,84.54,77.49839737474917
2025-01-21,MG95,85.82,82.91601497173309
2025-01-21,MG92,83.43,79.72897813141346
2025-01-22,MG95,85.75,80.94869199156761
2025-01-22,MG92,83.26,76.71427868783474
2025-01-23,MG95,86.31,83.68878693699837
2025-01-23,MG92,83.9,77.87549773693084
2025-01-24,MG95,86.31,82.02733663082122
2025-01-24,MG92,83.9,75.40991715669631
2025-01-27,MG95,87.49,81.4212071287632
2025-01-27,MG92,85.08,78.00959047555922
2025-01-28,MG95,87.02,83.80355283260346
2025-01-28,MG92,84.91,76.02238422393798
2025-01-29,MG95,87.02,81.61746134161949
2025-01-29,MG92,84.91,74.6564404118061
2025-01-30,MG95,87.02,82.88432082772255
2025-01-30,MG92,84.91,79.00672544717789
2025-01-31,MG95,87.06,82.71197087287904
2025-01-31,MG92,84.88,76.01160769164562
2025-02-03,MG95,87.84,86.67918161153794
2025-02-03,MG92,86.41,79.87514860868453
2025-02-04,MG95,84.87,84.10397258639335
2025-02-04,MG92,83.3,77.41855907082557
2025-02-05,MG95,85.97,82.72433795332908
2025-02-05,MG92,84.06,77.77941881239414
2025-02-06,MG95,84.77,83.14026695132256
2025-02-06,MG92,83.21,77.14024766445159
2025-02-07,MG95,85.49,84.12203697562218
2025-02-07,MG92,83.86,73.34113113701343
2025-02-10,MG95,86.48,81.84399937272072
2025-02-10,MG92,85.04,73.05046805381774
2025-02-11,MG95,87.44,82.54480399250984
2025-02-11,MG92,86.0,74.7444870775938
2025-02-12,MG95,87.69,80.5249578332901
2025-02-12,MG92,86.17,74.7230220645666
2025-02-13,MG95,86.03,83.1757236611843
2025-02-13,MG92,84.59,75.99999466955661
2025-02-14,MG95,86.95,80.80530717492104
2025-02-14,MG92,85.55,76.35743507564067
2025-02-17,MG95,87.68,83.52571356534958
2025-02-17,MG92,86.29,74.95099243879318
2025-02-18,MG95,87.99,80.34666108965874
2025-02-18,MG92,86.6,74.40263668894767
2025-02-19,MG95,88.43,81.24850077390671
2025-02-19,MG92,87.04,74.24628158152103
2025-02-20,MG95,88.11,81.13132154107095
2025-02-20,MG92,86.72,78.01750044047832
2025-02-21,MG95,86.91,81.37916720151901
2025-02-21,MG92,85.52,75.07056156218052
2025-02-24,MG95,85.82,81.84359205842019
2025-02-24,MG92,84.43,76.76777490079402
2025-02-25,MG95,86.01,81.07016839027405
2025-02-25,MG92,84.62,75.78556955993174
2025-02-26,MG95,83.78,79.82040592193604
2025-02-26,MG92,82.55,76.59001348137855
2025-02-27,MG95,83.41,81.10877160310746
2025-02-27,MG92,81.94,73.8044779998064
2025-02-28,MG95,84.34,83.45971846580505
2025-02-28,MG92,82.75,74.46224270164966
2025-03-03,MG95,83.79,82.14200578927993
2025-03-03,MG92,82.2,78.12334330439568
2025-03-04,MG95,80.03,79.87456854104995
2025-03-04,MG92,78.44,73.20463165581226
2025-03-05,MG95,79.94,83.15544450044632
2025-03-05,MG92,78.3,76.2520716035366
2025-03-06,MG95,78.59,80.06386786222458
2025-03-06,MG92,77.03,75.19421529948711
2025-03-07,MG95,78.69,81.05365688681603
2025-03-07,MG92,76.98,76.77213345289229
2025-01-13,MG95,89.09,86.72605048656463
2025-01-13,MG92,87.14,82.1892442715168
2025-01-14,MG95,88.44,87.31925832509994
2025-01-14,MG92,86.3,84.80334022641182
2025-01-15,MG95,88.1,86.32894094467163
2025-01-15,MG92,86.34,86.00689554572106
2025-01-16,MG95,88.92,86.2681432056427
2025-01-16,MG92,86.78,83.09198587179185
2025-01-17,MG95,87.72,87.1683079791069
2025-01-17,MG92,85.58,84.0522723543644
2025-01-20,MG95,86.93,86.59809888124465
2025-01-20,MG92,84.54,82.41954898536206
2025-01-21,MG95,85.82,85.36993849396706
2025-01-21,MG92,83.43,84.84126616954804
2025-01-22,MG95,85.75,87.07413289546966
2025-01-22,MG92,83.26,84.9786988914013
2025-01-23,MG95,86.31,86.59705487966538
2025-01-23,MG92,83.9,84.44062519907952
2025-01-24,MG95,86.31,85.50839152693749
2025-01-24,MG92,83.9,87.8707548546791
2025-01-27,MG95,87.49,86.96944614887238
2025-01-27,MG92,85.08,85.11059344410897
2025-01-28,MG95,87.02,85.50578152298927
2025-01-28,MG92,84.91,84.91743852853776
2025-01-29,MG95,87.02,87.55232656002045
2025-01-29,MG92,84.91,83.8087231040001
2025-01-30,MG95,87.02,85.66933153510094
2025-01-30,MG92,84.91,84.332615878582
2025-01-31,MG95,87.06,85.13870749711991
2025-01-31,MG92,84.88,84.16174383163452
2025-02-03,MG95,87.84,87.50733213901519
2025-02-03,MG92,86.41,86.18960505366326
2025-02-04,MG95,84.87,86.1042451930046
2025-02-04,MG92,83.3,85.34380744934083
2025-02-05,MG95,85.97,85.61650198459625
2025-02-05,MG92,84.06,85.88733919262887
2025-02-06,MG95,84.77,85.25131125569344
2025-02-06,MG92,83.21,84.381487967968
2025-02-07,MG95,85.49,83.90779381155967
2025-02-07,MG92,83.86,84.49663782119751
2025-02-10,MG95,86.48,88.0017487692833
2025-02-10,MG92,85.04,83.127232863307
2025-02-11,MG95,87.44,85.05266948461532
2025-02-11,MG92,86.0,85.0918558049202
2025-02-12,MG95,87.69,86.15164491176606
2025-02-12,MG92,86.17,83.83451114296913
2025-02-13,MG95,86.03,85.69308768868446
2025-02-13,MG92,84.59,84.6744501054287
2025-02-14,MG95,86.95,86.67667535305023
2025-02-14,MG92,85.55,83.74317141115667
2025-02-17,MG95,87.68,86.76538478136062
2025-02-17,MG92,86.29,85.92190017223359
2025-02-18,MG95,87.99,86.30956550359726
2025-02-18,MG92,86.6,82.86958782076836
2025-02-19,MG95,88.43,84.95602257370949
2025-02-19,MG92,87.04,84.78695605874061
2025-02-20,MG95,88.11,86.82706275701523
2025-02-20,MG92,86.72,84.1915177500248
2025-02-21,MG95,86.91,86.70665457487107
2025-02-21,MG92,85.52,84.73519971489907
2025-02-24,MG95,85.82,87.58438354969024
2025-02-24,MG92,84.43,83.90918128609658
2025-02-25,MG95,86.01,86.88812661409378
2025-02-25,MG92,84.62,84.44623347163201
2025-02-26,MG95,83.78,86.353188393116
2025-02-26,MG92,82.55,84.2840642619133
2025-02-27,MG95,83.41,84.77932018876076
2025-02-27,MG92,81.94,85.5182447552681
2025-02-28,MG95,84.34,86.64894789934158
2025-02-28,MG92,82.75,84.36684637069703
2025-03-03,MG95,83.79,86.4013557600975
2025-03-03,MG92,82.2,85.37625531196595
2025-03-04,MG95,80.03,85.89102322340011
2025-03-04,MG92,78.44,85.30558106303215
2025-03-05,MG95,79.94,86.18216660499573
2025-03-05,MG92,78.3,84.93691726088524
2025-03-06,MG95,78.59,84.0633961057663
2025-03-06,MG92,77.03,87.41190802693367
2025-03-07,MG95,78.69,86.87280435562134
2025-03-07,MG92,76.98,85.1398165500164
2025-03-10,MG95,78.55,85.29484202742576
2025-03-10,MG92,77.31,85.99830287098885
2025-03-11,MG95,77.98,85.34075250864029
2025-03-11,MG92,76.64,84.99880855441094
2025-03-12,MG95,79.15,86.19580003738403
2025-03-12,MG92,77.74,85.00982480406762
2025-03-13,MG95,80.46,85.37506638407707
2025-03-13,MG92,79.08,84.25893719792367
2025-03-14,MG95,80.05,84.26894671082496
2025-03-14,MG92,78.62,88.32417367577553
2025-03-17,MG95,81.04,84.99139068603516
2025-03-17,MG92,79.61,85.88271236777307
2025-03-18,MG95,81.95,86.83361335515976
2025-03-18,MG92,80.52,85.83871747255326
2025-03-19,MG95,80.27,86.29370077371597
2025-03-19,MG92,78.84,85.74603075385095
2025-03-20,MG95,80.97,86.22118360519408
2025-03-20,MG92,79.54,85.72657205104828
2025-03-21,MG95,81.9,85.89499452352524
2025-03-21,MG92,80.56,87.12502485632896
2025-03-24,MG95,82.07,84.93485083580018
2025-03-24,MG92,80.73,85.50625707268715
2025-03-25,MG95,83.15,85.17125066399574
2025-03-25,MG92,81.91,85.99580919265748
2025-03-26,MG95,83.45,87.87339798688889
2025-03-26,MG92,82.34,86.35813364386559
2025-03-27,MG95,83.88,85.73384980916977
2025-03-27,MG92,82.36,85.09787468314171
2025-03-28,MG95,84.1,86.53193783998489
2025-03-28,MG92,82.41,85.96828859806061
2025-03-31,MG95,84.1,84.39222077965736
2025-03-31,MG92,82.41,87.41957934260368
2025-04-01,MG95,85.57,85.50642634749413
2025-04-01,MG92,83.69,84.91994222164155
2025-04-02,MG95,85.91,86.76567137002945
2025-04-02,MG92,84.03,83.18362604677678
2025-04-03,MG95,83.12,85.17749932050705
2025-04-03,MG92,81.61,85.67325340270996
2025-04-04,MG95,77.52,87.71143444776536
2025-04-04,MG92,76.34,86.45177176594734
2025-02-10,MG95,86.48,86.3775823700428
2025-02-10,MG92,85.04,82.93241347432136
2025-02-11,MG95,87.44,84.4888061082363
2025-02-11,MG92,86.0,82.32017387747764
2025-02-12,MG95,87.69,85.3296210515499
2025-02-12,MG92,86.17,81.47374711155891
2025-02-13,MG95,86.03,86.78631072402
2025-02-13,MG92,84.59,83.71007662534714
2025-02-14,MG95,86.95,86.60675193309784
2025-02-14,MG92,85.55,83.89647865533829
2025-02-17,MG95,87.68,84.57711287498473
2025-02-17,MG92,86.29,82.44002660393714
2025-02-18,MG95,87.99,88.34957998871803
2025-02-18,MG92,86.6,84.16387549638748
2025-02-19,MG95,88.43,85.16830960810184
2025-02-19,MG92,87.04,83.77891021847725
2025-02-20,MG95,88.11,86.33140603303909
2025-02-20,MG92,86.72,84.73215876340866
2025-02-21,MG95,86.91,85.76323632121085
2025-02-21,MG92,85.52,83.7027888917923
2025-02-24,MG95,85.82,86.05738498926162
2025-02-24,MG92,84.43,82.31493550658226
2025-02-25,MG95,86.01,86.79644077897072
2025-02-25,MG92,84.62,83.77523136258125
2025-02-26,MG95,83.78,85.60547651171684
2025-02-26,MG92,82.55,82.57818363785744
2025-02-27,MG95,83.41,86.42984285473823
2025-02-27,MG92,81.94,83.62496809363365
2025-02-28,MG95,84.34,85.47583422899245
2025-02-28,MG92,82.75,82.55265657663345
2025-03-03,MG95,83.79,85.55899443864821
2025-03-03,MG92,82.2,83.52502917408943
2025-03-04,MG95,80.03,85.60860521078109
2025-03-04,MG92,78.44,82.4471793794632
2025-03-05,MG95,79.94,85.18738753855227
2025-03-05,MG92,78.3,80.79038463354111
2025-03-06,MG95,78.59,86.04388164639472
2025-03-06,MG92,77.03,84.33685170173645
2025-03-07,MG95,78.69,84.12306934058665
2025-03-07,MG92,76.98,80.33203217864036
2025-03-10,MG95,78.55,86.95301840901374
2025-03-10,MG92,77.31,84.8126937174797
2025-03-11,MG95,77.98,85.18107918441295
2025-03-11,MG92,76.64,82.7121369791031
2025-03-12,MG95,79.15,85.62824365735054
2025-03-12,MG92,77.74,83.36540381669998
2025-03-13,MG95,80.46,86.19283625721931
2025-03-13,MG92,79.08,83.59081871390343
2025-03-14,MG95,80.05,84.45305027544498
2025-03-14,MG92,78.62,83.60251007795334
2025-03-17,MG95,81.04,84.33650368750095
2025-03-17,MG92,79.61,82.53194801688194
2025-03-18,MG95,81.95,85.73635192990302
2025-03-18,MG92,80.52,82.89463522315025
2025-03-19,MG95,80.27,84.90024532198906
2025-03-19,MG92,78.84,82.06403853416442
2025-03-20,MG95,80.97,86.26416448116302
2025-03-20,MG92,79.54,82.99097526192665
2025-03-21,MG95,81.9,84.69486202478409
2025-03-21,MG92,80.56,82.81764416694641
2025-03-24,MG95,82.07,86.00309645533561
2025-03-24,MG92,80.73,84.29623433351517
2025-03-25,MG95,83.15,85.8922977054119
2025-03-25,MG92,81.91,82.67120470881461
2025-03-26,MG95,83.45,85.02606590390205
2025-03-26,MG92,82.34,81.78596001505852
2025-03-27,MG95,83.88,86.2500496661663
2025-03-27,MG92,82.36,83.64479692697525
2025-03-28,MG95,84.1,84.8027664732933
2025-03-28,MG92,82.41,83.14504234790802
2025-03-31,MG95,84.1,86.41409744739532
2025-03-31,MG92,82.41,83.77330196261406
2025-04-01,MG95,85.57,84.42929967880248
2025-04-01,MG92,83.69,82.4102358686924
2025-04-02,MG95,85.91,85.49656313419341
2025-04-02,MG92,84.03,82.92909950494766
2025-04-03,MG95,83.12,86.078389056921
2025-04-03,MG92,81.61,83.53667555212975
2025-04-04,MG95,77.52,84.99219544351101
2025-04-04,MG92,76.34,83.05612500071526
2025-04-07,MG95,72.28,85.81643439650536
2025-04-07,MG92,71.39,81.49759969353676
2025-04-08,MG95,73.41,84.45006425321101
2025-04-08,MG92,72.72,82.80227894544602
2025-04-09,MG95,70.34,84.91586333930492
2025-04-09,MG92,68.86,83.50479046821594
2025-04-10,MG95,72.44,86.7221367239952
2025-04-10,MG92,70.96,84.40176151514054
2025-04-11,MG95,71.93,86.39194177389145
2025-04-11,MG92,70.37,83.21928425908088
2025-04-14,MG95,74.29,83.90838657140732
2025-04-14,MG92,72.8,81.44877487778663
2025-04-15,MG95,74.65,85.81379487514495
2025-04-15,MG92,73.16,84.01846071958542
2025-04-16,MG95,75.04,84.02672171533108
2025-04-16,MG92,73.79,81.48965216517449
2025-04-17,MG95,76.74,83.95242275595665
2025-04-17,MG92,74.96,82.20751391410828
2025-04-21,MG95,76.84,84.10091876268386
2025-04-21,MG92,75.54,82.92402608275414
2025-04-22,MG95,77.15,84.73689563810825
2025-04-22,MG92,75.85,82.36170096278191
2025-04-23,MG95,78.76,83.15317772626877
2025-04-23,MG92,77.55,82.35430826187134
2025-04-24,MG95,77.62,85.1028566122055
2025-04-24,MG92,76.19,81.84191261410713
2025-04-25,MG95,78.45,84.4960775309801
2025-04-25,MG92,76.62,81.28245160341262
2025-04-25,MG95,78.45,86.17848704457282
2025-04-25,MG92,76.62,82.44030151844025
2025-04-25,MG95,78.45,84.3504146784544
2025-04-25,MG92,76.62,80.71384843587876
2025-04-25,MG95,78.45,86.67234251022339
2025-04-25,MG92,76.62,82.71263682365418
2025-04-28,MG95,78.17,85.11850010752677
2025-04-28,MG92,76.29,82.66177264213562
2025-04-29,MG95,76.83,83.90933944880962
2025-04-29,MG92,75.3,81.28191177129746
2025-04-30,MG95,74.78,86.41659429192542
2025-04-30,MG92,73.34,83.73937751293182
2025-03-10,MG95,78.55,79.93859258651733
2025-03-10,MG92,77.31,76.09603761076927
2025-03-11,MG95,77.98,81.39761032104492
2025-03-11,MG92,76.64,76.53403839826585
2025-03-12,MG95,79.15,81.18035611152649
2025-03-12,MG92,77.74,77.80552955389024
2025-03-13,MG95,80.46,80.99115921378136
2025-03-13,MG92,79.08,77.33177163362504
2025-03-14,MG95,80.05,79.61610704183579
2025-03-14,MG92,78.62,75.99210195422172
2025-03-17,MG95,81.04,78.71242896437644
2025-03-17,MG92,79.61,76.61268298387527
2025-03-18,MG95,81.95,79.42236056327819
2025-03-18,MG92,80.52,77.13999630689621
2025-03-19,MG95,80.27,80.69541769981385
2025-03-19,MG92,78.84,77.33319402694703
2025-03-20,MG95,80.97,80.38372920155525
2025-03-20,MG92,79.54,76.91781388163567
2025-03-21,MG95,81.9,80.58982052206993
2025-03-21,MG92,80.56,77.45202351808548
2025-03-24,MG95,82.07,79.94959600567817
2025-03-24,MG92,80.73,76.51954833984375
2025-03-25,MG95,83.15,80.50380061268807
2025-03-25,MG92,81.91,76.38168630838395
2025-03-26,MG95,83.45,81.33629885673523
2025-03-26,MG92,82.34,76.72915405511857
2025-03-27,MG95,83.88,80.4774693274498
2025-03-27,MG92,82.36,75.87970076322556
2025-03-28,MG95,84.1,81.34553872704505
2025-03-28,MG92,82.41,78.62573660373688
2025-03-31,MG95,84.1,80.516417491436
2025-03-31,MG92,82.41,75.47431407809258
2025-04-01,MG95,85.57,79.90073256969451
2025-04-01,MG92,83.69,75.42366311073303
2025-04-02,MG95,85.91,80.8123747587204
2025-04-02,MG92,84.03,75.04527895689012
2025-04-03,MG95,83.12,80.2542584502697
2025-04-03,MG92,81.61,76.2016113138199
2025-04-04,MG95,77.52,81.07838921785354
2025-04-04,MG92,76.34,76.64683418869973
2025-04-07,MG95,72.28,81.18654729366303
2025-04-07,MG92,71.39,76.84675386428833
2025-04-08,MG95,73.41,80.18236569285392
2025-04-08,MG92,72.72,76.64030953288079
2025-04-09,MG95,70.34,80.39538926124573
2025-04-09,MG92,68.86,75.80970524668695
2025-04-10,MG95,72.44,80.91454802513123
2025-04-10,MG92,70.96,74.01707211971284
2025-04-11,MG95,71.93,80.98872026324273
2025-04-11,MG92,70.37,77.19019302606583
2025-04-14,MG95,74.29,80.6275867331028
2025-04-14,MG92,72.8,76.59554543852806
2025-04-15,MG95,74.65,80.20400668859482
2025-04-15,MG92,73.16,76.18713043212891
2025-04-16,MG95,75.04,80.59680905342101
2025-04-16,MG92,73.79,76.27081304311753
2025-04-17,MG95,76.74,80.19108025074004
2025-04-17,MG92,74.96,75.29878615379334
2025-04-21,MG95,76.84,81.32792199969292
2025-04-21,MG92,75.54,75.93635331273079
2025-04-22,MG95,77.15,80.88091864943505
2025-04-22,MG92,75.85,76.40097579717637
2025-04-23,MG95,78.76,80.46831388235091
2025-04-23,MG92,77.55,76.20759913086891
2025-04-24,MG95,77.62,81.48805786371231
2025-04-24,MG92,76.19,74.94773948192596
2025-04-25,MG95,78.45,80.62283077955246
2025-04-25,MG92,76.62,74.49673526644708
2025-04-25,MG95,78.45,80.91840344309807
2025-04-25,MG92,76.62,79.03093516588211
2025-04-25,MG95,78.45,80.76158830404282
2025-04-25,MG92,76.62,75.69673968672753
2025-04-25,MG95,78.45,78.81770720243453
2025-04-25,MG92,76.62,76.28010448336602
2025-04-28,MG95,78.17,80.64775497794152
2025-04-28,MG92,76.29,76.7503614807129
2025-04-29,MG95,76.83,79.75137499094009
2025-04-29,MG92,75.3,76.38203961253167
2025-04-30,MG95,74.78,80.45375522375106
2025-04-30,MG92,73.34,75.09048353433609
2025-05-01,MG95,74.78,80.78902649760246
2025-05-01,MG92,73.34,76.79476309418679
2025-05-02,MG95,75.24,79.9697454893589
2025-05-02,MG92,73.73,75.76155035018921
2025-05-05,MG95,73.1,79.24469239711762
2025-05-05,MG92,71.59,77.27952850341798
2025-05-06,MG95,74.97,80.30451021194457
2025-05-06,MG92,73.46,75.5856645333767
2025-05-07,MG95,76.52,81.97020086288452
2025-05-07,MG92,74.79,77.04990833759308
2025-05-08,MG95,74.88,80.43014430642128
2025-05-08,MG92,73.38,77.60150329113007
2025-05-09,MG95,76.72,81.4550288450718
2025-05-09,MG92,75.22,76.98990169286728
2025-05-12,MG95,76.72,79.46574574112891
2025-05-12,MG92,75.22,76.12607764005661
2025-05-13,MG95,77.69,80.5630764913559
2025-05-13,MG92,76.19,75.36062814474106
2025-05-14,MG95,78.68,79.92677305698395
2025-05-14,MG92,77.18,76.1610272204876
2025-05-15,MG95,76.57,80.85608825683593
2025-05-15,MG92,75.07,76.23352798461914
2025-05-16,MG95,76.6,80.834541066885
2025-05-16,MG92,75.1,77.07381372213364
2025-05-19,MG95,76.59,80.14294849991798
2025-05-19,MG92,75.09,75.77531544685364
2025-05-20,MG95,76.33,80.67099067211151
2025-05-20,MG92,74.8,76.8049446773529
2025-05-21,MG95,77.54,80.73846517682075
2025-05-21,MG92,76.05,75.61326814055444
2025-05-22,MG95,77.12,79.10625381231307
2025-05-22,MG92,75.87,76.458582726717
2025-05-23,MG95,76.75,81.41541465997696
2025-05-23,MG92,75.5,75.63243374347687
2025-05-26,MG95,77.26,78.88383090376854
2025-05-26,MG92,76.01,75.75876521229745
2025-05-27,MG95,76.86,79.30525341510773
2025-05-27,MG92,75.61,74.69263553380966
2025-05-28,MG95,76.5,78.92399854302406
2025-05-28,MG92,75.17,74.50470066905022
2025-04-07,MG95,72.28,77.97138173103332
2025-04-07,MG92,71.39,76.56898519992829
2025-04-08,MG95,73.41,77.4578535747528
2025-04-08,MG92,72.72,77.22728352308273
2025-04-09,MG95,70.34,77.23056399822235
2025-04-09,MG92,68.86,77.35927626371384
2025-04-10,MG95,72.44,77.52561859130859
2025-04-10,MG92,70.96,76.54049173116684
2025-04-11,MG95,71.93,77.63811979293823
2025-04-11,MG92,70.37,76.60125535011292
2025-04-14,MG95,74.29,77.05586554527282
2025-04-14,MG92,72.8,75.67334292531014
2025-04-15,MG95,74.65,77.70884196281433
2025-04-15,MG92,73.16,76.68110258579254
2025-04-16,MG95,75.04,77.79861928939819
2025-04-16,MG92,73.79,75.61484531521798
2025-04-17,MG95,76.74,77.11757301807403
2025-04-17,MG92,74.96,76.91410107851028
2025-04-21,MG95,76.84,77.50294092178345
2025-04-21,MG92,75.54,77.15673693418503
2025-04-22,MG95,77.15,77.16749808311462
2025-04-22,MG92,75.85,77.89247997760774
2025-04-23,MG95,78.76,77.44620054244994
2025-04-23,MG92,77.55,76.98403793811798
2025-04-24,MG95,77.62,77.20222153186798
2025-04-24,MG92,76.19,76.65366476774216
2025-04-25,MG95,78.45,78.16115704536438
2025-04-25,MG92,76.62,76.67722579956055
2025-04-25,MG95,78.45,77.24115430355072
2025-04-25,MG92,76.62,76.05495610713959
2025-04-25,MG95,78.45,77.68359526634215
2025-04-25,MG92,76.62,76.90713014364243
2025-04-25,MG95,78.45,77.50415150642395
2025-04-25,MG92,76.62,76.74881893873216
2025-04-28,MG95,78.17,77.51072655200957
2025-04-28,MG92,76.29,75.65394534349441
2025-04-29,MG95,76.83,77.54459981918335
2025-04-29,MG92,75.3,75.80053973555565
2025-04-30,MG95,74.78,77.32120998859405
2025-04-30,MG92,73.34,75.97646028637887
2025-05-01,MG95,74.78,77.58187843322753
2025-05-01,MG92,73.34,77.1278066444397
2025-05-02,MG95,75.24,77.20384334564208
2025-05-02,MG92,73.73,76.3876771903038
2025-05-05,MG95,73.1,77.70163390159607
2025-05-05,MG92,71.59,75.76259091258049
2025-05-06,MG95,74.97,77.73419031143187
2025-05-06,MG92,73.46,77.20014601945877
2025-05-07,MG95,76.52,77.54654045104981
2025-05-07,MG92,74.79,76.17203778147697
2025-05-08,MG95,74.88,76.90545271396637
2025-05-08,MG92,73.38,76.16266888141632
2025-05-09,MG95,76.72,78.88755403518677
2025-05-09,MG92,75.22,75.80477598905564
2025-05-12,MG95,76.72,77.10495429039001
2025-05-12,MG92,75.22,76.52345571279525
2025-05-13,MG95,77.69,77.47470010757446
2025-05-13,MG92,76.19,76.95288714170457
2025-05-14,MG95,78.68,78.3373664188385
2025-05-14,MG92,77.18,75.3608703148365
2025-05-15,MG95,76.57,78.0626561164856
2025-05-15,MG92,75.07,75.12216129779816
2025-05-16,MG95,76.6,77.54459981918335
2025-05-16,MG92,75.1,75.6383972465992
2025-05-19,MG95,76.59,77.33519639968871
2025-05-19,MG92,75.09,76.18205736279488
2025-05-20,MG95,76.33,78.55803474426268
2025-05-20,MG92,74.8,76.82434346675873
2025-05-21,MG95,77.54,77.55206663131713
2025-05-21,MG92,76.05,76.39879792451859
2025-05-22,MG95,77.12,78.05933856010437
2025-05-22,MG92,75.87,76.67848165988923
2025-05-23,MG95,76.75,77.54146708488464
2025-05-23,MG92,75.5,75.74205577611923
2025-05-26,MG95,77.26,77.82737760543823
2025-05-26,MG92,76.01,76.00626876831055
2025-05-27,MG95,76.86,78.00251501083373
2025-05-27,MG92,75.61,75.07904342651368
2025-05-28,MG95,76.5,79.02567157745361
2025-05-28,MG92,75.17,76.30426713347435
2025-05-29,MG95,77.4,77.12359821796417
2025-05-29,MG92,76.07,76.87264858722688
2025-05-30,MG95,76.02,76.99703205585479
2025-05-30,MG92,74.69,75.8722739315033
2025-06-02,MG95,77.31,77.77914828300476
2025-06-02,MG92,75.47,76.08818180322648
2025-06-03,MG95,77.7,77.51574447154998
2025-06-03,MG92,75.86,75.2232944560051
2025-06-04,MG95,78.1,78.2425988960266
2025-06-04,MG92,76.26,76.73803492069244
2025-06-05,MG95,77.06,77.78230874061585
2025-06-05,MG92,75.22,77.29193302869797
2025-06-06,MG95,77.44,77.87006226539611
2025-06-06,MG92,75.6,75.75632071137429
2025-06-09,MG95,78.69,77.59066672325135
2025-06-09,MG92,76.85,76.42003834486007
2025-06-10,MG95,80.06,78.30311888694763
2025-06-10,MG92,78.18,74.85967738866806
2025-06-11,MG95,80.07,78.38792449951171
2025-06-11,MG92,77.89,74.9431420481205
2025-06-12,MG95,81.75,78.7755426120758
2025-06-12,MG92,79.62,77.00928255081178
2025-06-13,MG95,85.44,78.60349173545838
2025-06-13,MG92,83.31,75.21808900594712
2025-06-16,MG95,85.14,78.33516703605652
2025-06-16,MG92,83.01,75.20596722364427
2025-06-17,MG95,85.82,77.93295722007751
2025-06-17,MG92,83.91,75.64681970119477
2025-06-18,MG95,87.49,78.01603474617004
2025-06-18,MG92,85.59,75.4044432079792
2025-06-19,MG95,88.68,78.1235272693634
2025-06-19,MG92,86.69,74.9938542342186
2025-06-20,MG95,89.81,78.26564620971679
2025-06-20,MG92,88.0,75.94959124565125
2025-06-23,MG95,89.27,78.62070791244507
2025-06-23,MG92,87.46,76.11525560379029
2025-06-24,MG95,82.55,78.96279510498046
2025-06-24,MG92,80.74,75.27719634532929
2025-06-25,MG95,81.1,77.6460763835907
2025-06-25,MG92,79.29,76.54326736450196
2025-05-01,MG95,74.78,75.43238770723343
2025-05-01,MG92,73.34,72.4564254641533
2025-05-02,MG95,75.24,75.6831428527832
2025-05-02,MG92,73.73,73.07257494926453
2025-05-05,MG95,73.1,73.7267508327961
2025-05-05,MG92,71.59,72.18121931314468
2025-05-06,MG95,74.97,74.49571753025054
2025-05-06,MG92,73.46,71.99069164156914
2025-05-07,MG95,76.52,72.71671010494232
2025-05-07,MG92,74.79,70.54303542137146
2025-05-08,MG95,74.88,74.75487456440926
2025-05-08,MG92,73.38,70.13103927612305
2025-05-09,MG95,76.72,76.28677731990814
2025-05-09,MG92,75.22,71.4620576775074
2025-05-12,MG95,76.72,74.68674126505852
2025-05-12,MG92,75.22,72.4925114095211
2025-05-13,MG95,77.69,73.08700384497642
2025-05-13,MG92,76.19,70.60851469159127
2025-05-14,MG95,78.68,74.29229376673699
2025-05-14,MG92,77.18,71.37209854125977
2025-05-15,MG95,76.57,74.39262167692185
2025-05-15,MG92,75.07,70.6914183807373
2025-05-16,MG95,76.6,74.49330170869827
2025-05-16,MG92,75.1,71.27355833768846
2025-05-19,MG95,76.59,73.89658041357994
2025-05-19,MG92,75.09,69.96599689364433
2025-05-20,MG95,76.33,77.34069061517715
2025-05-20,MG92,74.8,72.01164378404617
2025-05-21,MG95,77.54,74.76842010259628
2025-05-21,MG92,76.05,72.7052720451355
2025-05-22,MG95,77.12,75.74405543088913
2025-05-22,MG92,75.87,70.94728543758393
2025-05-23,MG95,76.75,74.19505917787552
2025-05-23,MG92,75.5,70.74207858920097
2025-05-26,MG95,77.26,75.80372889757156
2025-05-26,MG92,76.01,71.56652987718583
2025-05-27,MG95,76.86,75.37588779211045
2025-05-27,MG92,75.61,71.29352691411972
2025-05-28,MG95,76.5,72.74867293953896
2025-05-28,MG92,75.17,70.440661495924
2025-05-29,MG95,77.4,76.74776242733002
2025-05-29,MG92,76.07,71.44470757246017
2025-05-30,MG95,76.02,74.89903492689133
2025-05-30,MG92,74.69,71.14674826025963
2025-06-02,MG95,77.31,74.5488477754593
2025-06-02,MG92,75.47,70.15400226473808
2025-06-03,MG95,77.7,75.23425468206406
2025-06-03,MG92,75.86,71.92480145931245
2025-06-04,MG95,78.1,74.7752485871315
2025-06-04,MG92,76.26,71.56185247421266
2025-06-05,MG95,77.06,76.47661097288132
2025-06-05,MG92,75.22,73.34618990898133
2025-06-06,MG95,77.44,77.70301036119461
2025-06-06,MG92,75.6,73.1760460972786
2025-06-09,MG95,78.69,75.44103474378586
2025-06-09,MG92,76.85,72.63762455821038
2025-06-10,MG95,80.06,75.83826355695724
2025-06-10,MG92,78.18,72.41320538640022
2025-06-11,MG95,80.07,74.52138229131698
2025-06-11,MG92,77.89,71.03430698990822
2025-06-12,MG95,81.75,74.7334308052063
2025-06-12,MG92,79.62,71.60606486082078
2025-06-13,MG95,85.44,74.33308638453484
2025-06-13,MG92,83.31,72.38834083676339
2025-06-16,MG95,85.14,74.32754604101181
2025-06-16,MG92,83.01,71.14104357719421
2025-06-17,MG95,85.82,74.64858733057976
2025-06-17,MG92,83.91,72.44162388801576
2025-06-18,MG95,87.49,75.85558437347412
2025-06-18,MG92,85.59,70.08020421147347
2025-06-19,MG95,88.68,73.14791642308235
2025-06-19,MG92,86.69,71.38025121092797
2025-06-20,MG95,89.81,74.6102996790409
2025-06-20,MG92,88.0,70.38780684232712
2025-06-23,MG95,89.27,78.26233990907669
2025-06-23,MG92,87.46,73.6107997751236
2025-06-24,MG95,82.55,74.78619555711747
2025-06-24,MG92,80.74,70.81820660114289
2025-06-25,MG95,81.1,74.0470254778862
2025-06-25,MG92,79.29,70.60875949025154
2025-06-26,MG95,79.86,72.31733290433884
2025-06-26,MG92,78.05,69.85783522844315
2025-06-27,MG95,79.59,75.419738073349
2025-06-27,MG92,77.78,71.6548016512394
2025-06-30,MG95,79.2,73.96069774389267
2025-06-30,MG92,77.39,70.1096106505394
2025-07-01,MG95,79.36,74.44257837057114
2025-07-01,MG92,77.65,69.43931257605553
2025-07-02,MG95,80.1,73.35827564477921
2025-07-02,MG92,78.26,69.97472658872604
2025-07-03,MG95,80.19,75.88989617109299
2025-07-03,MG92,78.83,72.79713711380958
2025-07-04,MG95,80.68,72.97007273316383
2025-07-04,MG92,79.32,70.73434557437898
2025-07-07,MG95,80.11,76.49134659290314
2025-07-07,MG92,78.42,72.32314133644104
2025-07-08,MG95,79.99,74.79063496351242
2025-07-08,MG92,78.3,71.99481387615204
2025-07-09,MG95,81.39,75.72536178588868
2025-07-09,MG92,79.7,72.77372824192048
2025-07-10,MG95,80.3,74.66863151788712
2025-07-10,MG92,78.61,71.38262925505639
2025-07-11,MG95,79.29,75.0599678659439
2025-07-11,MG92,77.6,70.52950592398643
2025-07-14,MG95,80.84,74.58746526241302
2025-07-14,MG92,79.15,70.58164366722107
2025-07-15,MG95,78.87,72.90873671770096
2025-07-15,MG92,77.18,69.06683392882347
2025-07-16,MG95,79.2,74.51568148732186
2025-07-16,MG92,77.51,70.68362416625023
2025-07-17,MG95,79.08,76.16949854373932
2025-07-17,MG92,77.39,72.73389600276947
2025-07-18,MG95,79.42,78.16970964431763
2025-07-18,MG92,77.73,73.30548338890075
2025-07-21,MG95,78.69,76.87448162794114
2025-07-21,MG92,77.0,72.11920219540596
2025-07-22,MG95,78.08,75.21576606988907
2025-07-22,MG92,76.39,71.97711843013764
2025-07-23,MG95,77.26,75.49239100933075
2025-07-23,MG92,75.57,73.58148513555527
2025-05-29,MG95,77.4,75.41920575499535
2025-05-29,MG92,76.07,75.09864385724067
2025-05-30,MG95,76.02,77.17457020282745
2025-05-30,MG92,74.69,76.6293464756012
2025-06-02,MG95,77.31,76.05447998642921
2025-06-02,MG92,75.47,75.76727501988411
2025-06-03,MG95,77.7,76.74194973707199
2025-06-03,MG92,75.86,77.09156187176704
2025-06-04,MG95,78.1,75.14390596747398
2025-06-04,MG92,76.26,76.00969593286514
2025-06-05,MG95,77.06,75.77680456638336
2025-06-05,MG92,75.22,76.31038998365402
2025-06-06,MG95,77.44,76.82238382101059
2025-06-06,MG92,75.6,76.89337226867676
2025-06-09,MG95,78.69,74.69102194905281
2025-06-09,MG92,76.85,75.35759774565697
2025-06-10,MG95,80.06,75.97497609257698
2025-06-10,MG92,78.18,75.98344031333923
2025-06-11,MG95,80.07,75.53805121779442
2025-06-11,MG92,77.89,75.10496133565903
2025-06-12,MG95,81.75,74.57779410481453
2025-06-12,MG92,79.62,75.08651071429253
2025-06-13,MG95,85.44,77.43606305122375
2025-06-13,MG92,83.31,76.97538299560547
2025-06-16,MG95,85.14,76.5697368979454
2025-06-16,MG92,83.01,76.57807184934616
2025-06-17,MG95,85.82,75.94150748848915
2025-06-17,MG92,83.91,76.19433656096459
2025-06-18,MG95,87.49,75.55913096666336
2025-06-18,MG92,85.59,76.0761952340603
2025-06-19,MG95,88.68,75.33438062667847
2025-06-19,MG92,86.69,75.55020466923713
2025-06-20,MG95,89.81,75.76897090673447
2025-06-20,MG92,88.0,76.33273862361908
2025-06-23,MG95,89.27,74.31729528307915
2025-06-23,MG92,87.46,75.31307072401047
2025-06-24,MG95,82.55,75.89720946550369
2025-06-24,MG92,80.74,75.72514953613282
2025-06-25,MG95,81.1,76.27562811970711
2025-06-25,MG92,79.29,75.95811663389206
2025-06-26,MG95,79.86,73.70880049467087
2025-06-26,MG92,78.05,75.12354637145997
2025-06-27,MG95,79.59,74.66845116019249
2025-06-27,MG92,77.78,75.48216408252716
2025-06-30,MG95,79.2,76.11004972457886
2025-06-30,MG92,77.39,76.26813904643059
2025-07-01,MG95,79.36,75.13532450795174
2025-07-01,MG92,77.65,76.35951397895813
2025-07-02,MG95,80.1,78.35437041521072
2025-07-02,MG92,78.26,77.64785841107368
2025-07-03,MG95,80.19,77.01463222503662
2025-07-03,MG92,78.83,77.20668335437774
2025-07-04,MG95,80.68,75.01653376221657
2025-07-04,MG92,79.32,74.81542368292808
2025-07-07,MG95,80.11,77.72661066055298
2025-07-07,MG92,78.42,78.04574305891991
2025-07-08,MG95,79.99,76.63395649194717
2025-07-08,MG92,78.3,77.01252618432045
2025-07-09,MG95,81.39,76.18208929896355
2025-07-09,MG92,79.7,77.18408380746841
2025-07-10,MG95,80.3,74.65839233994484
2025-07-10,MG92,78.61,75.424123929739
2025-07-11,MG95,79.29,73.29297816753387
2025-07-11,MG92,77.6,74.27078087508679
2025-07-14,MG95,80.84,75.78043413162231
2025-07-14,MG92,79.15,77.2615244436264
2025-07-15,MG95,78.87,76.57168847322464
2025-07-15,MG92,77.18,76.25819237828254
2025-07-16,MG95,79.2,77.24809169769287
2025-07-16,MG92,77.51,77.42065321207046
2025-07-17,MG95,79.08,76.93084216117859
2025-07-17,MG92,77.39,76.53143900156022
2025-07-18,MG95,79.42,74.7609549164772
2025-07-18,MG92,77.73,75.90864316105842
2025-07-21,MG95,78.69,72.79377615451813
2025-07-21,MG92,77.0,74.88598230004311
2025-07-22,MG95,78.08,73.22313183546066
2025-07-22,MG92,76.39,74.71064315080643
2025-07-23,MG95,77.26,74.64585301280022
2025-07-23,MG92,75.57,75.52980055809022
2025-07-24,MG95,78.14,74.49855923652649
2025-07-24,MG92,76.45,76.76467492818833
2025-07-25,MG95,78.22,76.62979799509048
2025-07-25,MG92,76.53,76.71763883709907
2025-07-28,MG95,77.92,75.72302681207657
2025-07-28,MG92,76.23,76.47830945611
2025-07-29,MG95,79.49,76.1487802863121
2025-07-29,MG92,77.8,76.7717630493641
2025-07-30,MG95,81.72,76.04927730560303
2025-07-30,MG92,80.03,76.88235924601555
2025-07-31,MG95,82.4,73.99994999170303
2025-07-31,MG92,80.71,75.23054026126862
2025-08-01,MG95,81.46,73.27721053361893
2025-08-01,MG92,79.77,74.5649020600319
2025-08-04,MG95,79.18,74.915986597538
2025-08-04,MG92,77.49,75.90125932812691
2025-08-05,MG95,79.02,73.49598303437233
2025-08-05,MG92,77.33,74.95787610054016
2025-08-06,MG95,78.93,76.29037436842918
2025-08-06,MG92,77.24,76.67637360572814
2025-08-07,MG95,77.92,75.05285221338272
2025-08-07,MG92,76.23,75.70549814581871
2025-08-08,MG95,78.6,74.74873021245003
2025-08-08,MG92,76.45,75.57131669640542
2025-08-11,MG95,79.23,75.27306559681892
2025-08-11,MG92,77.08,75.50298935890198
2025-08-12,MG95,80.53,75.60874566435814
2025-08-12,MG92,78.38,76.48561264038086
2025-08-13,MG95,79.43,73.61004531383514
2025-08-13,MG92,77.01,74.73552774310112
2025-08-14,MG95,79.84,75.25853821635246
2025-08-14,MG92,77.42,76.17065273761749
2025-08-15,MG95,80.6,74.2383294403553
2025-08-15,MG92,78.18,75.69454784989357
2025-08-18,MG95,79.42,71.78409585356712
2025-08-18,MG92,76.71,73.51834679305554
2025-08-19,MG95,79.65,74.14372363686562
2025-08-19,MG92,76.94,76.42870156884193
2025-08-20,MG95,80.77,76.59808033704758
2025-08-20,MG92,78.16,77.14757684707642
2025-06-26,MG95,79.86,80.85891707539558
2025-06-26,MG92,78.05,79.56505624294282
2025-06-27,MG95,79.59,80.55432589054107
2025-06-27,MG92,77.78,78.65585830450058
2025-06-30,MG95,79.2,81.10185623168945
2025-06-30,MG92,77.39,78.96573610067368
2025-07-01,MG95,79.36,81.22923046350479
2025-07-01,MG92,77.65,78.4922045660019
2025-07-02,MG95,80.1,81.99911222457885
2025-07-02,MG92,78.26,78.7380254495144
2025-07-03,MG95,80.19,81.02647098898888
2025-07-03,MG92,78.83,77.8250088608265
2025-07-04,MG95,80.68,80.58241106271743
2025-07-04,MG92,79.32,78.4516597634554
2025-07-07,MG95,80.11,80.87444368004799
2025-07-07,MG92,78.42,80.10496990799905
2025-07-08,MG95,79.99,81.01133593320846
2025-07-08,MG92,78.3,77.10886070609094
2025-07-09,MG95,81.39,81.09534491896629
2025-07-09,MG92,79.7,79.86173890113831
2025-07-10,MG95,80.3,81.81183584928512
2025-07-10,MG92,78.61,78.66699760973454
2025-07-11,MG95,79.29,81.68957592248915
2025-07-11,MG92,77.6,78.7045271909237
2025-07-14,MG95,80.84,81.1612266421318
2025-07-14,MG92,79.15,77.8365546065569
2025-07-15,MG95,78.87,81.21387788057326
2025-07-15,MG92,77.18,78.42750963628292
2025-07-16,MG95,79.2,80.68979213237762
2025-07-16,MG92,77.51,78.37961109638215
2025-07-17,MG95,79.08,79.55314992666244
2025-07-17,MG92,77.39,78.3916199952364
2025-07-18,MG95,79.42,80.67514047026634
2025-07-18,MG92,77.73,77.98878547668458
2025-07-21,MG95,78.69,80.69408950209618
2025-07-21,MG92,77.0,76.90856588423253
2025-07-22,MG95,78.08,82.0225471496582
2025-07-22,MG92,76.39,77.68481997191907
2025-07-23,MG95,77.26,80.92099449038506
2025-07-23,MG92,75.57,78.61732680022718
2025-07-24,MG95,78.14,82.11284508705138
2025-07-24,MG92,76.45,80.01642259240151
2025-07-25,MG95,78.22,82.4084499835968
2025-07-25,MG92,76.53,77.95013582110406
2025-07-28,MG95,77.92,80.5750538110733
2025-07-28,MG92,76.23,77.40772207438947
2025-07-29,MG95,79.49,81.9701859474182
2025-07-29,MG92,77.8,78.743422601223
2025-07-30,MG95,81.72,80.9934503674507
2025-07-30,MG92,80.03,79.23745575070382
2025-07-31,MG95,82.4,81.65258663892746
2025-07-31,MG92,80.71,81.0959096467495
2025-08-01,MG95,81.46,81.61589705944061
2025-08-01,MG92,79.77,79.58337442159653
2025-08-04,MG95,79.18,83.13839375972748
2025-08-04,MG92,77.49,78.75222723662854
2025-08-05,MG95,79.02,81.06661199927329
2025-08-05,MG92,77.33,79.33523777246477
2025-08-06,MG95,78.93,82.89334217309951
2025-08-06,MG92,77.24,79.56762721538544
2025-08-07,MG95,77.92,81.37973024845122
2025-08-07,MG92,76.23,78.14857803046704
2025-08-08,MG95,78.6,80.5500430226326
2025-08-08,MG92,76.45,77.78721462070942
2025-08-11,MG95,79.23,81.39052926301956
2025-08-11,MG92,77.08,77.81786779582501
2025-08-12,MG95,80.53,81.92327742576599
2025-08-12,MG92,78.38,79.31815781950951
2025-08-13,MG95,79.43,81.2153570652008
2025-08-13,MG92,77.01,77.57281253278256
2025-08-14,MG95,79.84,80.96724076271056
2025-08-14,MG92,77.42,79.17914099156857
2025-08-15,MG95,80.6,81.42317767143248
2025-08-15,MG92,78.18,79.64777161002159
2025-08-18,MG95,79.42,79.19484887123107
2025-08-18,MG92,76.71,77.17171720147134
2025-08-19,MG95,79.65,82.20152848958969
2025-08-19,MG92,76.94,79.23085345566274
2025-08-20,MG95,80.77,81.65392080545425
2025-08-20,MG92,78.16,77.63123126506807
2025-08-21,MG95,81.77,80.59639080762862
2025-08-21,MG92,79.01,79.46141391634941
2025-08-22,MG95,82.69,81.43928434848785
2025-08-22,MG92,79.93,77.00987354099752
2025-08-25,MG95,81.54,82.00110380649566
2025-08-25,MG92,79.6,78.35381157696247
2025-08-26,MG95,81.12,81.6647681593895
2025-08-26,MG92,79.18,78.28138955175878
2025-08-27,MG95,79.35,81.50337268114089
2025-08-27,MG92,77.41,78.17677365839482
2025-08-28,MG95,80.24,80.87902625203132
2025-08-28,MG92,78.3,76.92080635964871
2025-08-29,MG95,81.37,81.78052160739898
2025-08-29,MG92,79.43,79.09808446884156
2025-09-01,MG95,81.25,82.3485478401184
2025-09-01,MG92,79.31,78.09513110518456
2025-09-02,MG95,82.72,82.06450572013854
2025-09-02,MG92,80.78,79.81694537758828
2025-09-03,MG95,82.95,82.20603371858596
2025-09-03,MG92,80.73,78.87463199079038
2025-09-04,MG95,81.45,80.65615276694297
2025-09-04,MG92,79.28,78.36062654435635
2025-09-05,MG95,81.6,81.14023768901825
2025-09-05,MG92,79.24,78.01289779543878
2025-09-08,MG95,81.23,81.28047986030577
2025-09-08,MG92,78.87,79.47617810368538
2025-09-09,MG95,81.58,82.13986679315566
2025-09-09,MG92,79.22,78.21760202407837
2025-09-10,MG95,81.84,81.91362888813018
2025-09-10,MG92,79.48,79.41699847698213
2025-09-11,MG95,82.05,84.84456071853637
2025-09-11,MG92,79.69,77.73622051656247
2025-09-12,MG95,81.4,81.81156514883041
2025-09-12,MG92,79.14,78.72973595380783
2025-09-15,MG95,83.32,81.0866825044155
2025-09-15,MG92,81.06,79.3493497645855
2025-09-16,MG95,83.4,82.2350760102272
2025-09-16,MG92,81.14,79.24993252873422
2025-09-17,MG95,83.21,82.08370611667632
2025-09-17,MG92,81.74,78.70454609513284
2025-07-24,MG95,78.14,78.1411864566803
2025-07-24,MG92,76.45,75.61262891292571
2025-07-25,MG95,78.22,78.39577230930328
2025-07-25,MG92,76.53,76.8001486301422
2025-07-28,MG95,77.92,78.56488834381103
2025-07-28,MG92,76.23,74.87864947915077
2025-07-29,MG95,79.49,77.96750220775604
2025-07-29,MG92,77.8,75.4120153748989
2025-07-30,MG95,81.72,77.64528651952745
2025-07-30,MG92,80.03,74.78532891511917
2025-07-31,MG95,82.4,77.50537574291229
2025-07-31,MG92,80.71,75.65305971622466
2025-08-01,MG95,81.46,76.18261057615281
2025-08-01,MG92,79.77,75.30730337798595
2025-08-04,MG95,79.18,77.96702328205109
2025-08-04,MG92,77.49,73.49618716657162
2025-08-05,MG95,79.02,76.23196294903755
2025-08-05,MG92,77.33,74.78743243396282
2025-08-06,MG95,78.93,77.83285961389542
2025-08-06,MG92,77.24,76.40373217105865
2025-08-07,MG95,77.92,77.46098301410676
2025-08-07,MG92,76.23,75.72553427338599
2025-08-08,MG95,78.6,77.34342517375947
2025-08-08,MG92,76.45,75.01189636230468
2025-08-11,MG95,79.23,76.61874611139298
2025-08-11,MG92,77.08,75.71209337353706
2025-08-12,MG95,80.53,78.33718680143357
2025-08-12,MG92,78.38,75.71369691252708
2025-08-13,MG95,79.43,76.13947042226792
2025-08-13,MG92,77.01,74.73574532747269
2025-08-14,MG95,79.84,78.31005381822587
2025-08-14,MG92,77.42,76.27837686181067
2025-08-15,MG95,80.6,76.91069737911225
2025-08-15,MG92,78.18,74.9893702429533
2025-08-18,MG95,79.42,76.8924797821045
2025-08-18,MG92,76.71,75.4203438681364
2025-08-19,MG95,79.65,76.6256030380726
2025-08-19,MG92,76.94,74.82343999207019
2025-08-20,MG95,80.77,77.6073592877388
2025-08-20,MG92,78.16,75.62589864850044
2025-08-21,MG95,81.77,77.02486129403115
2025-08-21,MG92,79.01,74.71124631464481
2025-08-22,MG95,82.69,78.66177869796753
2025-08-22,MG92,79.93,75.39956993043423
2025-08-25,MG95,81.54,76.59139669060707
2025-08-25,MG92,79.6,74.18230816841125
2025-08-26,MG95,81.12,77.83252804994584
2025-08-26,MG92,79.18,74.6184032088518
2025-08-27,MG95,79.35,77.2034545314312
2025-08-27,MG92,77.41,76.15363414049148
2025-08-28,MG95,80.24,76.40955228447915
2025-08-28,MG92,78.3,75.77010905385016
2025-08-29,MG95,81.37,76.5690667796135
2025-08-29,MG92,79.43,74.22177504658698
2025-09-01,MG95,81.25,77.63349757909775
2025-09-01,MG92,79.31,75.97059647083282
2025-09-02,MG95,82.72,76.22430013775826
2025-09-02,MG92,80.78,73.64843328416347
2025-09-03,MG95,82.95,77.35168664216995
2025-09-03,MG92,80.73,75.26740858912467
2025-09-04,MG95,81.45,78.38094403266908
2025-09-04,MG92,79.28,75.68513950467108
2025-09-05,MG95,81.6,77.43687094688416
2025-09-05,MG92,79.24,75.24336451292038
2025-09-08,MG95,81.23,77.5151937198639
2025-09-08,MG92,78.87,77.09077655911445
2025-09-09,MG95,81.58,77.68721093893052
2025-09-09,MG92,79.22,75.68238285899162
2025-09-10,MG95,81.84,77.16545822381974
2025-09-10,MG92,79.48,75.39476381778717
2025-09-11,MG95,82.05,76.38263113379479
2025-09-11,MG92,79.69,75.19480791091918
2025-09-12,MG95,81.4,77.74132033348084
2025-09-12,MG92,79.14,75.82716981768607
2025-09-15,MG95,83.32,77.62340329885484
2025-09-15,MG92,81.06,74.7286194884777
2025-09-16,MG95,83.4,76.66955828666687
2025-09-16,MG92,81.14,75.17879053831099
2025-09-17,MG95,83.21,76.04150248527527
2025-09-17,MG92,81.74,74.1904429757595
2025-09-18,MG95,82.22,76.63511708140373
2025-09-18,MG92,80.53,76.46484682559966
2025-09-19,MG95,80.89,76.49622402191163
2025-09-19,MG92,79.2,75.57350436329841
2025-09-22,MG95,79.8,76.8555794775486
2025-09-22,MG92,77.81,76.41581276535987
2025-09-23,MG95,79.23,77.39296635389329
2025-09-23,MG92,77.24,74.86387529969215
2025-09-24,MG95,80.23,77.67406811237336
2025-09-24,MG92,78.24,75.08334393382071
2025-09-25,MG95,81.05,76.67466989755631
2025-09-25,MG92,79.25,75.71433652639388
2025-09-26,MG95,81.84,77.54980531215668
2025-09-26,MG92,80.15,75.57915278434753
2025-09-29,MG95,81.78,77.04435449123383
2025-09-29,MG92,79.91,75.84566456794738
2025-09-30,MG95,79.2,77.58356957435609
2025-09-30,MG92,77.33,75.28289445161819
2025-10-01,MG95,79.57,76.90455423593522
2025-10-01,MG92,76.94,75.12648633956908
2025-10-02,MG95,78.13,75.3968086206913
2025-10-02,MG92,76.23,75.22788315474986
2025-10-03,MG95,77.05,76.037054002285
2025-10-03,MG92,75.25,75.86790691494942
2025-10-06,MG95,78.05,75.77410997509956
2025-10-06,MG92,75.75,75.41490264594555
2025-10-07,MG95,78.93,76.11401367902756
2025-10-07,MG92,76.47,74.34881046831607
2025-10-08,MG95,79.45,75.63810889005661
2025-10-08,MG92,76.99,75.72908367991447
2025-10-09,MG95,80.3,76.36051766037941
2025-10-09,MG92,77.55,75.23237846910953
2025-10-10,MG95,79.46,78.35786349773407
2025-10-10,MG92,76.59,75.82354834198951
2025-10-13,MG95,78.69,76.78820291996003
2025-10-13,MG92,75.95,75.0554756873846
2025-10-14,MG95,78.36,76.83962756752969
2025-10-14,MG92,75.62,75.5718377637863
2025-10-15,MG95,78.5,77.81165794134141
2025-10-15,MG92,75.76,76.18427254557609
2025-08-21,MG95,81.77,84.26550458431244
2025-08-21,MG92,79.01,78.69386827468871
2025-08-22,MG95,82.69,80.52804937541484
2025-08-22,MG92,79.93,78.91699200630188
2025-08-25,MG95,81.54,80.95679356575012
2025-08-25,MG92,79.6,78.76769001960754
2025-08-26,MG95,81.12,80.32418441832066
2025-08-26,MG92,79.18,79.2908339691162
2025-08-27,MG95,79.35,83.01200421571731
2025-08-27,MG92,77.41,80.00289748191832
2025-08-28,MG95,80.24,81.4431212055683
2025-08-28,MG92,78.3,79.86701254844665
2025-08-29,MG95,81.37,81.35426909089088
2025-08-29,MG92,79.43,78.1165296792984
2025-09-01,MG95,81.25,80.0277940607071
2025-09-01,MG92,79.31,79.58590664863586
2025-09-02,MG95,82.72,82.93321391940117
2025-09-02,MG92,80.78,78.81246943473816
2025-09-03,MG95,82.95,83.34631655573844
2025-09-03,MG92,80.73,79.19121234893798
2025-09-04,MG95,81.45,83.12259756088257
2025-09-04,MG92,79.28,78.63654764175415
2025-09-05,MG95,81.6,81.91212711215019
2025-09-05,MG92,79.24,78.25718046188354
2025-09-08,MG95,81.23,81.51437235951423
2025-09-08,MG92,78.87,80.95909545898436
2025-09-09,MG95,81.58,81.17668040394783
2025-09-09,MG92,79.22,78.4195547580719
2025-09-10,MG95,81.84,82.14144028544426
2025-09-10,MG92,79.48,78.82148867607117
2025-09-11,MG95,82.05,81.56451776623726
2025-09-11,MG92,79.69,80.30160394668579
2025-09-12,MG95,81.4,81.17259790539741
2025-09-12,MG92,79.14,80.89208473205566
2025-09-15,MG95,83.32,79.7500638025999
2025-09-15,MG92,81.06,78.97521642684936
2025-09-16,MG95,83.4,80.57334200084209
2025-09-16,MG92,81.14,79.95787581443787
2025-09-17,MG95,83.21,82.23258399128913
2025-09-17,MG92,81.74,79.53164212226868
2025-09-18,MG95,82.22,80.88261533737182
2025-09-18,MG92,80.53,80.43392963409424
2025-09-19,MG95,80.89,80.2501746892929
2025-09-19,MG92,79.2,80.13962098121642
2025-09-22,MG95,79.8,77.23724743068217
2025-09-22,MG92,77.81,78.25533561706543
2025-09-23,MG95,79.23,82.27870467066765
2025-09-23,MG92,77.24,80.87944102287292
2025-09-24,MG95,80.23,80.97160225152969
2025-09-24,MG92,78.24,79.7298511314392
2025-09-25,MG95,81.05,81.32786764979362
2025-09-25,MG92,79.25,79.4405086517334
2025-09-26,MG95,81.84,83.03795311570167
2025-09-26,MG92,80.15,77.49505922794341
2025-09-29,MG95,81.78,82.14280753731727
2025-09-29,MG92,79.91,79.88947679519653
2025-09-30,MG95,79.2,81.10912660717963
2025-09-30,MG92,77.33,79.49006789207458
2025-10-01,MG95,79.57,81.00093076705932
2025-10-01,MG92,76.94,79.57797754287719
2025-10-02,MG95,78.13,81.83481961011886
2025-10-02,MG92,76.23,79.2913557434082
2025-10-03,MG95,77.05,82.62629475951195
2025-10-03,MG92,75.25,80.65604708671569
2025-10-06,MG95,78.05,79.65179016709327
2025-10-06,MG92,75.75,77.8094002866745
2025-10-07,MG95,78.93,81.45377999305725
2025-10-07,MG92,76.47,78.43754665374756
2025-10-08,MG95,79.45,76.73469571053981
2025-10-08,MG92,76.99,80.19160274505614
2025-10-09,MG95,80.3,79.51321148693562
2025-10-09,MG92,77.55,80.95594617843628
2025-10-10,MG95,79.46,81.83108373880385
2025-10-10,MG92,76.59,78.94790713310242
2025-10-13,MG95,78.69,81.59907457590103
2025-10-13,MG92,75.95,79.77106198310852
2025-10-14,MG95,78.36,78.72148118138313
2025-10-14,MG92,75.62,80.47173031806946
2025-10-15,MG95,78.5,80.78820755839348
2025-10-15,MG92,75.76,79.47580295562744
2025-10-16,MG95,78.98,80.8963456273079
2025-10-16,MG92,76.24,78.8868036365509
2025-10-17,MG95,77.59,81.75520125985145
2025-10-17,MG92,74.81,80.15178950309753
2025-10-20,MG95,77.59,80.24612107634545
2025-10-20,MG92,74.81,78.45547332763671
2025-10-21,MG95,77.65,79.56576884150505
2025-10-21,MG92,74.87,80.32617392539977
2025-10-22,MG95,78.59,78.54633332788944
2025-10-22,MG92,75.58,78.15647336483002
2025-10-23,MG95,81.1,79.06545094132423
2025-10-23,MG92,78.09,79.68386977195739
2025-10-24,MG95,82.82,80.13237438619136
2025-10-24,MG92,79.91,81.63095439910889
2025-10-27,MG95,82.51,79.94919633507727
2025-10-27,MG92,79.91,81.56842534065247
2025-10-28,MG95,82.08,78.55408429801464
2025-10-28,MG92,79.26,78.96949554443358
2025-10-29,MG95,82.28,79.86677608132362
2025-10-29,MG92,79.46,78.69687779426575
2025-10-30,MG95,82.62,82.6898719716072
2025-10-30,MG92,79.8,83.1814905643463
2025-10-31,MG95,81.78,78.83997955322265
2025-10-31,MG92,78.96,80.78234441757202
2025-11-03,MG95,82.63,77.76690347492695
2025-11-03,MG92,79.81,78.18228721618652
2025-11-04,MG95,81.13,79.60449962079525
2025-11-04,MG92,78.41,81.4458736038208
2025-11-05,MG95,80.8,80.11509116709232
2025-11-05,MG92,78.08,82.14219071388244
2025-11-06,MG95,81.25,78.37255272626876
2025-11-06,MG92,78.53,78.73438963890075
2025-11-07,MG95,81.88,79.61762331306934
2025-11-07,MG92,79.16,78.4494077014923
2025-11-10,MG95,82.8,79.0767211407423
2025-11-10,MG92,80.08,81.77050107002258
2025-11-11,MG95,83.15,79.60025343716144
2025-11-11,MG92,80.06,80.68711129188537
2025-11-12,MG95,83.79,81.81258732438087
2025-11-12,MG92,81.48,79.01240216255188
2025-09-18,MG95,82.22,81.88960816383361
2025-09-18,MG92,80.53,79.7286138522625
2025-09-19,MG95,80.89,80.48081955015658
2025-09-19,MG92,79.2,80.90629391551018
2025-09-22,MG95,79.8,81.76858150362968
2025-09-22,MG92,77.81,80.4377358853817
2025-09-23,MG95,79.23,83.8211940574646
2025-09-23,MG92,77.24,82.51129956483841
2025-09-24,MG95,80.23,82.42105020523071
2025-09-24,MG92,78.24,82.83355866670608
2025-09-25,MG95,81.05,82.38634220719337
2025-09-25,MG92,79.25,83.06514829158782
2025-09-26,MG95,81.84,81.71460010170937
2025-09-26,MG92,80.15,78.03199841380119
2025-09-29,MG95,81.78,82.35188715398311
2025-09-29,MG92,79.91,82.05280725955963
2025-09-30,MG95,79.2,82.81838685095309
2025-09-30,MG92,77.33,79.44138015985489
2025-10-01,MG95,79.57,81.06826655209063
2025-10-01,MG92,76.94,80.3036756312847
2025-10-02,MG95,78.13,82.41243520200251
2025-10-02,MG92,76.23,82.9943666601181
2025-10-03,MG95,77.05,81.2974395251274
2025-10-03,MG92,75.25,78.63700889110565
2025-10-06,MG95,78.05,79.86835580885409
2025-10-06,MG92,75.75,82.80605088233948
2025-10-07,MG95,78.93,81.50375818908213
2025-10-07,MG92,76.47,79.6074305152893
2025-10-08,MG95,79.45,81.2465182596445
2025-10-08,MG92,76.99,78.44953598380089
2025-10-09,MG95,80.3,80.54515185117721
2025-10-09,MG92,77.55,79.96844704270363
2025-10-10,MG95,79.46,83.29545567393302
2025-10-10,MG92,76.59,81.69755440711974
2025-10-13,MG95,78.69,80.87085551381111
2025-10-13,MG92,75.95,78.11811249256134
2025-10-14,MG95,78.36,80.1513217151165
2025-10-14,MG92,75.62,82.22325223445891
2025-10-15,MG95,78.5,81.78651578783989
2025-10-15,MG92,75.76,76.10272149205207
2025-10-16,MG95,78.98,82.03966396272182
2025-10-16,MG92,76.24,82.22569802045821
2025-10-17,MG95,77.59,79.81130435109138
2025-10-17,MG92,74.81,80.01397666454315
2025-10-20,MG95,77.59,81.40110226690769
2025-10-20,MG92,74.81,80.45784784674645
2025-10-21,MG95,77.65,80.43293858230113
2025-10-21,MG92,74.87,79.06743799448013
2025-10-22,MG95,78.59,80.37230621933936
2025-10-22,MG92,75.58,78.07350856661796
2025-10-23,MG95,81.1,80.63569122016429
2025-10-23,MG92,78.09,79.95780641198158
2025-10-24,MG95,82.82,81.48483692407608
2025-10-24,MG92,79.91,76.84424775362014
2025-10-27,MG95,82.51,81.39145068585871
2025-10-27,MG92,79.91,80.04435410618781
2025-10-28,MG95,82.08,81.45892247855663
2025-10-28,MG92,79.26,80.65605882644653
2025-10-29,MG95,82.28,80.44160318255423
2025-10-29,MG92,79.46,83.25579292535781
2025-10-30,MG95,82.62,80.88744571864605
2025-10-30,MG92,79.8,78.8687739109993
2025-10-31,MG95,81.78,79.984884018898
2025-10-31,MG92,78.96,80.64535973072051
2025-11-03,MG95,82.63,79.44727210760117
2025-11-03,MG92,79.81,80.9677942276001
2025-11-04,MG95,81.13,80.47274019479751
2025-11-04,MG92,78.41,77.97471245408057
2025-11-05,MG95,80.8,80.53102661848068
2025-11-05,MG92,78.08,78.5919567334652
2025-11-06,MG95,81.25,83.23221946716308
2025-11-06,MG92,78.53,78.80745386600493
2025-11-07,MG95,81.88,82.28498572707176
2025-11-07,MG92,79.16,79.80318596482276
2025-11-10,MG95,82.8,81.74512211084365
2025-11-10,MG92,80.08,78.06447085142135
2025-11-11,MG95,83.15,82.33049099743366
2025-11-11,MG92,80.06,82.74473083734512
2025-11-12,MG95,83.79,81.52361683785915
2025-11-12,MG92,81.48,79.88139752388
2025-11-13,MG95,81.53,78.51758083522319
2025-11-13,MG92,79.22,76.58652427196502
2025-11-14,MG95,83.15,81.06469060659408
2025-11-14,MG92,80.31,81.04991319775581
2025-11-17,MG95,83.32,81.38584126234053
2025-11-17,MG92,80.48,81.19629982352257
2025-11-18,MG95,82.73,82.20026904881
2025-11-18,MG92,79.89,80.0448169541359
2025-11-19,MG95,81.03,82.59847364246845
2025-11-19,MG92,78.17,76.67826560735702
2025-11-20,MG95,79.42,80.30004831373691
2025-11-20,MG92,76.56,81.01871237397194
2025-11-21,MG95,79.01,79.39361308634281
2025-11-21,MG92,76.15,79.64373728275298
2025-11-24,MG95,78.93,80.69660628616809
2025-11-24,MG92,76.07,78.50381586790084
2025-11-25,MG95,79.26,81.02207188308239
2025-11-25,MG92,76.4,80.78196808457373
2025-11-26,MG95,81.16,80.48739115595816
2025-11-26,MG92,78.3,79.59078747749328
2025-11-27,MG95,81.44,83.55558215022087
2025-11-27,MG92,78.52,81.25700111389159
2025-11-28,MG95,81.86,82.5838177216053
2025-11-28,MG92,79.04,78.31147087693213
2025-12-01,MG95,82.51,81.42458645820616
2025-12-01,MG92,79.78,80.6811939060688
2025-12-02,MG95,82.55,79.95873646736145
2025-12-02,MG92,80.7,78.24580980539321
2025-12-03,MG95,80.8,83.59166894555091
2025-12-03,MG92,79.51,78.81254519343376
2025-12-04,MG95,80.04,79.85491501510143
2025-12-04,MG92,78.67,80.7978900539875
2025-12-05,MG95,79.94,80.82285551309585
2025-12-05,MG92,78.57,80.57461220383644
2025-12-08,MG95,80.6,81.26402104973792
2025-12-08,MG92,79.38,79.45113894343376
2025-12-09,MG95,79.45,80.60939983725547
2025-12-09,MG92,77.63,77.3004745399952
2025-12-10,MG95,79.42,80.65929940402508
2025-12-10,MG92,77.59,79.36486895799636
2025-10-16,MG95,78.98,78.14573687314987
2025-10-16,MG92,76.24,75.46469017505646
2025-10-17,MG95,77.59,78.57747429609299
2025-10-17,MG92,74.81,76.84369227409363
2025-10-20,MG95,77.59,78.62490028142929
2025-10-20,MG92,74.81,77.33417291641236
2025-10-21,MG95,77.65,78.65636163949966
2025-10-21,MG92,74.87,76.24196413040161
2025-10-22,MG95,78.59,78.00606042146683
2025-10-22,MG92,75.58,75.55420837879181
2025-10-23,MG95,81.1,78.89584976434708
2025-10-23,MG92,78.09,75.66481917381287
2025-10-24,MG95,82.82,78.35454034805298
2025-10-24,MG92,79.91,75.92588684082031
2025-10-27,MG95,82.51,78.571812748909
2025-10-27,MG92,79.91,76.14806574821473
2025-10-28,MG95,82.08,78.14852085709572
2025-10-28,MG92,79.26,75.3906516122818
2025-10-29,MG95,82.28,78.3646188378334
2025-10-29,MG92,79.46,77.22485811233521
2025-10-30,MG95,82.62,78.23044484853745
2025-10-30,MG92,79.8,75.03583457946777
2025-10-31,MG95,81.78,79.03112798929214
2025-10-31,MG92,78.96,75.88189539909364
2025-11-03,MG95,82.63,78.82038742303848
2025-11-03,MG92,79.81,77.08318417549134
2025-11-04,MG95,81.13,78.51364386081696
2025-11-04,MG92,78.41,76.4429465866089
2025-11-05,MG95,80.8,78.39972510933876
2025-11-05,MG92,78.08,76.4846350479126
2025-11-06,MG95,81.25,78.72282165288925
2025-11-06,MG92,78.53,76.15653710365297
2025-11-07,MG95,81.88,79.02939677238464
2025-11-07,MG92,79.16,76.65441437721253
2025-11-10,MG95,82.8,78.84621530771255
2025-11-10,MG92,80.08,75.37934442996979
2025-11-11,MG95,83.15,78.19276982545853
2025-11-11,MG92,80.06,75.64036242485047
2025-11-12,MG95,83.79,79.00032168626785
2025-11-12,MG92,81.48,75.62967388629914
2025-11-13,MG95,81.53,78.66195768117905
2025-11-13,MG92,79.22,76.21124869346619
2025-11-14,MG95,83.15,77.89064440131187
2025-11-14,MG92,80.31,75.28496287345887
2025-11-17,MG95,83.32,78.5630350112915
2025-11-17,MG92,80.48,76.61290654182434
2025-11-18,MG95,82.73,78.62844693660736
2025-11-18,MG92,79.89,75.64772744655609
2025-11-19,MG95,81.03,77.8660751581192
2025-11-19,MG92,78.17,74.45887476444246
2025-11-20,MG95,79.42,78.87127584218979
2025-11-20,MG92,76.56,75.40236520290375
2025-11-21,MG95,79.01,78.80164349079132
2025-11-21,MG92,76.15,74.31744467258454
2025-11-24,MG95,78.93,78.00157329440117
2025-11-24,MG92,76.07,75.92820788383484
2025-11-25,MG95,79.26,78.47990852594376
2025-11-25,MG92,76.4,74.90450147628785
2025-11-26,MG95,81.16,78.50397711992264
2025-11-26,MG92,78.3,74.79627042770386
2025-11-27,MG95,81.44,79.60317820310593
2025-11-27,MG92,78.52,76.49989793777466
2025-11-28,MG95,81.86,78.34495314955711
2025-11-28,MG92,79.04,74.51243937969208
2025-12-01,MG95,82.51,78.48952379822731
2025-12-01,MG92,79.78,74.76534727096558
2025-12-02,MG95,82.55,78.46319058537483
2025-12-02,MG92,80.7,75.63807299137116
2025-12-03,MG95,80.8,78.92177122831345
2025-12-03,MG92,79.51,75.86236070632935
2025-12-04,MG95,80.04,78.16338124871254
2025-12-04,MG92,78.67,75.9519963169098
2025-12-05,MG95,79.94,77.70767349004745
2025-12-05,MG92,78.57,74.67170628070832
2025-12-08,MG95,80.6,77.8972932100296
2025-12-08,MG92,79.38,75.33225073814393
2025-12-09,MG95,79.45,78.64904373884201
2025-12-09,MG92,77.63,74.37480243206025
2025-12-10,MG95,79.42,76.30567321181297
2025-12-10,MG92,77.59,76.27491932868958
2025-12-11,MG95,79.63,78.42319011688232
2025-12-11,MG92,77.61,74.87114438533783
2025-12-12,MG95,79.25,78.62439495325089
2025-12-12,MG92,77.61,75.12495540618897
2025-12-15,MG95,78.52,78.41232088208199
2025-12-15,MG92,77.43,74.05397468090058
2025-12-16,MG95,75.72,78.56283849477768
2025-12-16,MG92,74.64,74.13345911502839
2025-12-17,MG95,74.53,78.6129782795906
2025-12-17,MG92,74.27,74.4897347021103
2025-12-18,MG95,74.63,78.57600510120392
2025-12-18,MG92,74.15,75.11086658477784
2025-12-19,MG95,73.56,77.44765874743462
2025-12-19,MG92,73.15,73.38573104381562
2025-12-22,MG95,74.61,77.89287626743317
2025-12-22,MG92,73.33,74.94106016159058
2025-12-23,MG95,74.56,77.75672775506973
2025-12-23,MG92,73.28,76.249460105896
2025-12-24,MG95,74.49,77.69798335433006
2025-12-24,MG92,73.21,75.6870858335495
2025-12-25,MG95,74.49,77.23940271139145
2025-12-25,MG92,73.21,75.06309554576875
2025-12-26,MG95,74.54,78.51323211193085
2025-12-26,MG92,72.58,74.50136701107026
2025-12-29,MG95,73.6,77.7389664053917
2025-12-29,MG92,71.54,74.70496854305267
2025-12-30,MG95,73.8,78.40727227926254
2025-12-30,MG92,71.74,73.36902314662935
2025-12-31,MG95,73.81,76.98682284355164
2025-12-31,MG92,71.75,74.69375618934632
2026-01-01,MG95,73.81,78.03584671020508
2026-01-01,MG92,71.75,74.23732804775238
2026-01-02,MG95,72.58,78.3916819691658
2026-01-02,MG92,71.57,74.41103147506715
2026-01-05,MG95,71.36,78.60370457172394
2026-01-05,MG92,70.2,74.63154410839081
2026-01-06,MG95,72.57,78.58526945114136
2026-01-06,MG92,71.21,75.7502191066742
2026-01-07,MG95,70.58,78.13796511292458
2026-01-07,MG92,69.56,75.09472314357758
2025-11-13,MG95,81.53,83.08426924467088
2025-11-13,MG92,79.22,81.24319770097733
2025-11-14,MG95,83.15,83.62815558314324
2025-11-14,MG92,80.31,81.95039925098419
2025-11-17,MG95,83.32,84.53714326858521
2025-11-17,MG92,80.48,82.20303887844086
2025-11-18,MG95,82.73,83.89990397572518
2025-11-18,MG92,79.89,81.35317510128021
2025-11-19,MG95,81.03,82.97444018304348
2025-11-19,MG92,78.17,82.32700810432435
2025-11-20,MG95,79.42,83.19857317507268
2025-11-20,MG92,76.56,81.7217220211029
2025-11-21,MG95,79.01,84.14426377415657
2025-11-21,MG92,76.15,81.27977751016617
2025-11-24,MG95,78.93,82.94515376508237
2025-11-24,MG92,76.07,81.2355000114441
2025-11-25,MG95,79.26,83.68937038958073
2025-11-25,MG92,76.4,81.57569417953492
2025-11-26,MG95,81.16,83.8020761525631
2025-11-26,MG92,78.3,82.05806005954743
2025-11-27,MG95,81.44,84.02613922476769
2025-11-27,MG92,78.52,82.51705604553223
2025-11-28,MG95,81.86,83.40076632499695
2025-11-28,MG92,79.04,81.6060672712326
2025-12-01,MG95,82.51,84.6399353992939
2025-12-01,MG92,79.78,83.12547948360444
2025-12-02,MG95,82.55,84.12981034755707
2025-12-02,MG92,80.7,81.52663294315339
2025-12-03,MG95,80.8,83.34571944594384
2025-12-03,MG92,79.51,82.11385252475739
2025-12-04,MG95,80.04,83.8826437675953
2025-12-04,MG92,78.67,82.69556473731996
2025-12-05,MG95,79.94,85.20546691775323
2025-12-05,MG92,78.57,81.98352117061616
2025-12-08,MG95,80.6,82.7609799528122
2025-12-08,MG92,79.38,81.23091539382935
2025-12-09,MG95,79.45,84.79553697466851
2025-12-09,MG92,77.63,83.59498512268067
2025-12-10,MG95,79.42,83.20198925793171
2025-12-10,MG92,77.59,81.57811275959016
2025-12-11,MG95,79.63,85.47370933055878
2025-12-11,MG92,77.61,81.94867030620576
2025-12-12,MG95,79.25,83.6101112741232
2025-12-12,MG92,77.61,80.06019151926041
2025-12-15,MG95,78.52,82.58315885603429
2025-12-15,MG92,77.43,80.85432596683502
2025-12-16,MG95,75.72,83.92874090909959
2025-12-16,MG92,74.64,81.91633515357971
2025-12-17,MG95,74.53,82.49104448139668
2025-12-17,MG92,74.27,81.13992238998414
2025-12-18,MG95,74.63,82.75136597692968
2025-12-18,MG92,74.15,81.64636722564698
2025-12-19,MG95,73.56,83.54240890681744
2025-12-19,MG92,73.15,81.03045978784561
2025-12-22,MG95,74.61,84.0483237862587
2025-12-22,MG92,73.33,82.08198360443116
2025-12-23,MG95,74.56,83.14369610130788
2025-12-23,MG92,73.28,81.21940042734147
2025-12-24,MG95,74.49,83.68721785783768
2025-12-24,MG92,73.21,80.31471550226212
2025-12-25,MG95,74.49,83.64703893005849
2025-12-25,MG92,73.21,81.22742350816728
2025-12-26,MG95,74.54,84.65871386647225
2025-12-26,MG92,72.58,81.26399846076966
2025-12-29,MG95,73.6,83.32636663734914
2025-12-29,MG92,71.54,80.89459678173066
2025-12-30,MG95,73.8,83.04217251598836
2025-12-30,MG92,71.74,81.06223643302918
2025-12-31,MG95,73.81,84.81779145598412
2025-12-31,MG92,71.75,82.12052547454834
2026-01-01,MG95,73.81,84.49680951833726
2026-01-01,MG92,71.75,81.23490750789642
2026-01-02,MG95,72.58,82.87509909510614
2026-01-02,MG92,71.57,80.360459690094
2026-01-05,MG95,71.36,84.23834589242936
2026-01-05,MG92,70.2,80.02174678087235
2026-01-06,MG95,72.57,84.0376160645485
2026-01-06,MG92,71.21,80.86313581466675
2026-01-07,MG95,70.58,83.7485275554657
2026-01-07,MG92,69.56,80.69274733543396
2026-01-08,MG95,71.16,82.85271975696088
2026-01-08,MG92,69.91,80.36647700071335
2026-01-09,MG95,73.03,84.6254120528698
2026-01-09,MG92,71.94,80.1584888291359
2026-01-12,MG95,72.9,83.63663086473943
2026-01-12,MG92,71.81,80.99697362422944
2026-01-13,MG95,73.45,84.60706309318543
2026-01-13,MG92,72.36,80.47084504365921
2026-01-14,MG95,73.42,84.30737673640252
2026-01-14,MG92,71.84,82.44820907592774
2026-01-15,MG95,72.55,84.20642249822617
2026-01-15,MG92,71.4,82.44248801708221
2026-01-16,MG95,71.76,84.51356031060219
2026-01-16,MG92,70.44,80.64990738630296
2026-01-19,MG95,71.95,82.89402739048005
2026-01-19,MG92,70.6,79.70085754394532
2026-01-20,MG95,72.36,83.55478971004487
2026-01-20,MG92,70.99,81.90960392475128
2026-01-21,MG95,73.22,84.72969247698785
2026-01-21,MG92,71.85,82.5616783618927
2026-01-22,MG95,73.64,83.11859488427639
2026-01-22,MG92,72.27,81.47420123577119
2026-01-23,MG95,73.5,82.72677917003632
2026-01-23,MG92,70.76,78.90598489522934
2026-01-26,MG95,73.88,83.94297458767892
2026-01-26,MG92,71.64,79.91415882110596
2026-01-27,MG95,72.35,83.13347781836987
2026-01-27,MG92,70.21,80.10698472976685
2026-01-28,MG95,74.54,83.40297379374505
2026-01-28,MG92,72.46,81.1222444152832
2026-01-29,MG95,75.75,83.1664699870348
2026-01-29,MG92,73.67,79.90840376615525
2026-01-30,MG95,75.44,83.02473251402378
2026-01-30,MG92,73.43,81.05548092126847
2026-02-02,MG95,72.54,82.83908539116383
2026-02-02,MG92,70.93,80.5644314646721
2026-02-03,MG95,72.82,82.27589119255543
2026-02-03,MG92,71.15,79.98343802690506
2026-02-04,MG95,74.68,82.09995793104173
2026-02-04,MG92,72.95,79.96563863754272
2025-12-11,MG95,79.63,78.02784123063087
2025-12-11,MG92,77.61,77.94438338041306
2025-12-12,MG95,79.25,82.38375699520111
2025-12-12,MG92,77.61,77.34876512646676
2025-12-15,MG95,78.52,82.68273439168931
2025-12-15,MG92,77.43,77.6089243721962
2025-12-16,MG95,75.72,78.95498453736306
2025-12-16,MG92,74.64,77.78278626084328
2025-12-17,MG95,74.53,79.15103016734123
2025-12-17,MG92,74.27,76.97271028757096
2025-12-18,MG95,74.63,79.59124051332473
2025-12-18,MG92,74.15,76.27586606621743
2025-12-19,MG95,73.56,78.77332966208458
2025-12-19,MG92,73.15,77.43520122528076
2025-12-22,MG95,74.61,79.20713990926743
2025-12-22,MG92,73.33,78.44283617496491
2025-12-23,MG95,74.56,80.7081240272522
2025-12-23,MG92,73.28,77.46068345665932
2025-12-24,MG95,74.49,80.31811563968658
2025-12-24,MG92,73.21,77.37734129846096
2025-12-25,MG95,74.49,78.35213499426843
2025-12-25,MG92,73.21,77.77844826936722
2025-12-26,MG95,74.54,80.42101900339127
2025-12-26,MG92,72.58,76.03319290339947
2025-12-29,MG95,73.6,79.81158000946046
2025-12-29,MG92,71.54,77.30339195549489
2025-12-30,MG95,73.8,79.17497846603393
2025-12-30,MG92,71.74,78.42342158198358
2025-12-31,MG95,73.81,81.06336738109589
2025-12-31,MG92,71.75,74.88516982018947
2026-01-01,MG95,73.81,80.0442368555069
2026-01-01,MG92,71.75,76.74666763365269
2026-01-02,MG95,72.58,80.23037937402725
2026-01-02,MG92,71.57,76.35510146915912
2026-01-05,MG95,71.36,79.57770184278489
2026-01-05,MG92,70.2,75.11514811456203
2026-01-06,MG95,72.57,78.90148311972618
2026-01-06,MG92,71.21,79.83030898809433
2026-01-07,MG95,70.58,79.63140208005905
2026-01-07,MG92,69.56,77.50478482842446
2026-01-08,MG95,71.16,79.45759584665299
2026-01-08,MG92,69.91,74.85103935420514
2026-01-09,MG95,73.03,79.12580847620964
2026-01-09,MG92,71.94,77.01587284028531
2026-01-12,MG95,72.9,80.36742290973663
2026-01-12,MG92,71.81,77.31056952774524
2026-01-13,MG95,73.45,77.92359346747399
2026-01-13,MG92,72.36,76.37406746387482
2026-01-14,MG95,73.42,77.94084817171097
2026-01-14,MG92,71.84,76.87225202441216
2026-01-15,MG95,72.55,80.7789038181305
2026-01-15,MG92,71.4,78.01496592402458
2026-01-16,MG95,71.76,78.59278249621391
2026-01-16,MG92,70.44,78.1761190700531
2026-01-19,MG95,71.95,81.25075015544891
2026-01-19,MG92,70.6,79.52797225594522
2026-01-20,MG95,72.36,79.21774362325668
2026-01-20,MG92,70.99,78.86888428449632
2026-01-21,MG95,73.22,77.9166489815712
2026-01-21,MG92,71.85,80.10186355471612
2026-01-22,MG95,73.64,80.6250552892685
2026-01-22,MG92,72.27,75.78447985053063
2026-01-23,MG95,73.5,82.37938296318055
2026-01-23,MG92,70.76,76.02526150107384
2026-01-26,MG95,73.88,77.76245488524437
2026-01-26,MG92,71.64,78.47642092347145
2026-01-27,MG95,72.35,79.0476676249504
2026-01-27,MG92,70.21,79.3711756002903
2026-01-28,MG95,74.54,78.2721242916584
2026-01-28,MG92,72.46,77.22156670689583
2026-01-29,MG95,75.75,80.5639513874054
2026-01-29,MG92,73.67,77.91186231851579
2026-01-30,MG95,75.44,78.07552007317543
2026-01-30,MG92,73.43,80.6547771036625
2026-02-02,MG95,72.54,78.09314401388168
2026-02-02,MG92,70.93,76.80367198646069
2026-02-03,MG95,72.82,80.16972044944764
2026-02-03,MG92,71.15,76.90752479732036
2026-02-04,MG95,74.68,79.80191358804703
2026-02-04,MG92,72.95,78.01496592402458
2026-02-05,MG95,75.06,77.76758159160615
2026-02-05,MG92,73.33,78.06807625889779
2026-02-06,MG95,75.24,77.64603652000427
2026-02-06,MG92,73.51,75.85211181998253
2026-02-09,MG95,76.56,81.00607892274857
2026-02-09,MG92,74.83,78.07032387495042
2026-02-10,MG95,78.41,80.34692555189133
2026-02-10,MG92,76.68,78.73207568764687
2026-02-11,MG95,77.63,78.00054613471032
2026-02-11,MG92,75.55,76.4060381835699
2026-02-12,MG95,77.16,78.40140912771226
2026-02-12,MG92,74.83,76.07105089724064
2026-02-13,MG95,73.85,77.50484617471695
2026-02-13,MG92,71.58,79.41856052637101
2026-02-16,MG95,73.8,81.07617704629898
2026-02-16,MG92,71.79,79.57990791082382
2026-02-17,MG95,73.8,78.82930212378503
2026-02-17,MG92,71.79,76.64338828861713
2026-02-18,MG95,73.8,80.03027214288711
2026-02-18,MG92,71.79,77.44099600493908
2026-02-19,MG95,78.09,77.77890957713127
2026-02-19,MG92,76.08,77.51741495072842
2026-02-20,MG95,79.95,79.40764477968216
2026-02-20,MG92,77.63,78.32672784447671
2026-02-23,MG95,79.75,78.6862513947487
2026-02-23,MG92,77.43,76.93022756934167
2026-02-24,MG95,81.35,79.77054742336273
2026-02-24,MG92,78.89,76.22773655951023
2026-02-25,MG95,81.46,78.08391783595086
2026-02-25,MG92,79.0,79.45215452432633
2026-02-26,MG95,81.74,79.10975615739822
2026-02-26,MG92,79.28,77.87053578138352
2026-02-27,MG95,82.09,80.45784797430039
2026-02-27,MG92,79.63,77.6370334470272
2026-03-02,MG95,92.78,79.60835793733597
2026-03-02,MG92,90.32,77.73368093729019
2026-03-03,MG95,98.65,81.45751311063766
2026-03-03,MG92,95.56,76.41597671627999
2026-03-04,MG95,104.35,81.41191714048385
2026-03-04,MG92,99.68,76.56788503825665
2026-01-08,MG95,71.16,70.87118450164795
2026-01-08,MG92,69.91,69.15596264362335
2026-01-09,MG95,73.03,71.00089992761612
2026-01-09,MG92,71.94,69.23479657173156
2026-01-12,MG95,72.9,70.93020725011826
2026-01-12,MG92,71.81,69.74270200252533
2026-01-13,MG95,73.45,70.58561199903488
2026-01-13,MG92,72.36,69.60661873817445
2026-01-14,MG95,73.42,70.55525083184241
2026-01-14,MG92,71.84,69.64481260299682
2026-01-15,MG95,72.55,70.40355858206749
2026-01-15,MG92,71.4,69.68755888462067
2026-01-16,MG95,71.76,71.76674848556519
2026-01-16,MG92,70.44,69.12648387908936
2026-01-19,MG95,71.95,70.65072633266449
2026-01-19,MG92,70.6,69.94053726673127
2026-01-20,MG95,72.36,70.30101970314979
2026-01-20,MG92,70.99,69.15461516141892
2026-01-21,MG95,73.22,70.09920649647712
2026-01-21,MG92,71.85,69.24473062515258
2026-01-22,MG95,73.64,70.80556534051895
2026-01-22,MG92,72.27,69.06815655708313
2026-01-23,MG95,73.5,71.71317787408829
2026-01-23,MG92,70.76,70.19071288585663
2026-01-26,MG95,73.88,70.61189668416976
2026-01-26,MG92,71.64,68.44653606653213
2026-01-27,MG95,72.35,70.86606050252914
2026-01-27,MG92,70.21,70.40220540046693
2026-01-28,MG95,74.54,71.96578514099122
2026-01-28,MG92,72.46,71.4681923532486
2026-01-29,MG95,75.75,70.47099512219428
2026-01-29,MG92,73.67,69.8560895204544
2026-01-30,MG95,75.44,71.17665562152862
2026-01-30,MG92,73.43,70.9313139820099
2026-02-02,MG95,72.54,70.45086512565612
2026-02-02,MG92,70.93,69.14992592334748
2026-02-03,MG95,72.82,69.89808742761612
2026-02-03,MG92,71.15,70.47246519565583
2026-02-04,MG95,74.68,70.8513111257553
2026-02-04,MG92,72.95,69.32030571937561
2026-02-05,MG95,75.06,69.70740987420082
2026-02-05,MG92,73.33,67.94477100849151
2026-02-06,MG95,75.24,69.66915236353874
2026-02-06,MG92,73.51,69.34849090099335
2026-02-09,MG95,76.56,70.39288989424705
2026-02-09,MG92,74.83,69.47921740531922
2026-02-10,MG95,78.41,69.92054804444312
2026-02-10,MG92,76.68,68.32985239982605
2026-02-11,MG95,77.63,71.72746449232102
2026-02-11,MG92,75.55,69.71083508491516
2026-02-12,MG95,77.16,70.49476408362388
2026-02-12,MG92,74.83,69.92564447879792
2026-02-13,MG95,73.85,70.01497182130814
2026-02-13,MG92,71.58,69.45477200508118
2026-02-16,MG95,73.8,70.28369149923324
2026-02-16,MG92,71.79,69.42812088012695
2026-02-17,MG95,73.8,69.40770640850067
2026-02-17,MG92,71.79,69.36832169294358
2026-02-18,MG95,73.8,70.82982230186462
2026-02-18,MG92,71.79,70.52925846099853
2026-02-19,MG95,78.09,69.87479805231094
2026-02-19,MG92,76.08,69.28922656059265
2026-02-20,MG95,79.95,69.378207654953
2026-02-20,MG92,77.63,68.80618943214417
2026-02-23,MG95,79.75,71.4334108877182
2026-02-23,MG92,77.43,70.27559182643891
2026-02-24,MG95,81.35,70.76676934719086
2026-02-24,MG92,78.89,70.53118225097657
2026-02-25,MG95,81.46,69.01609909653664
2026-02-25,MG92,79.0,68.30578014850617
2026-02-26,MG95,81.74,69.03977971315383
2026-02-26,MG92,79.28,69.98029006481171
2026-02-27,MG95,82.09,71.33376635313034
2026-02-27,MG92,79.63,70.20274486541749
2026-03-02,MG95,92.78,69.70693028807639
2026-03-02,MG92,90.32,68.44131198167801
2026-03-03,MG95,98.65,71.503051841259
2026-03-03,MG92,95.56,70.3312075996399
2026-03-04,MG95,104.35,70.2606292963028
2026-03-04,MG92,99.68,70.55669734477998
2026-03-05,MG95,110.97,69.48831473946571
2026-03-05,MG92,106.3,70.1051539850235
2026-03-06,MG95,121.36,70.48113794803619
2026-03-06,MG92,113.16,69.47004208803178
2026-03-09,MG95,147.5,70.04147947192192
2026-03-09,MG92,139.3,69.08521360874177
2026-03-10,MG95,127.42,70.80997416734695
2026-03-10,MG92,119.22,70.8658387851715
2026-03-11,MG95,129.17,70.3177168726921
2026-03-11,MG92,116.76,69.58987679004669
2026-03-12,MG95,143.44,69.41336047649384
2026-03-12,MG92,130.12,68.33274223089218
2026-03-13,MG95,149.76,69.3693311047554
2026-03-13,MG92,136.44,69.62059938430787
2026-03-16,MG95,153.48,69.95632348656655
2026-03-16,MG92,140.16,67.88447014331818
2026-03-17,MG95,152.16,69.74873421192169
2026-03-17,MG92,138.84,71.16029474258423
2026-03-18,MG95,153.12,69.7706900012493
2026-03-18,MG92,139.8,69.77639320373535
2026-03-19,MG95,165.25,69.32448980212212
2026-03-19,MG92,151.93,68.53117867946625
2026-03-20,MG95,163.93,68.83219464540481
2026-03-20,MG92,150.61,68.49052617788315
2026-03-23,MG95,170.52,69.83394488692284
2026-03-23,MG92,157.2,69.89434143066407
2026-03-24,MG95,146.36,70.66933763980866
2026-03-24,MG92,141.81,70.82412902832031
2026-03-25,MG95,135.6,69.42527440547943
2026-03-25,MG92,131.05,68.7498646759987
2026-03-26,MG95,132.03,69.43286364555358
2026-03-26,MG92,127.48,69.72163981914521
2026-03-27,MG95,135.07,69.04373840212821
2026-03-27,MG92,130.52,68.11685899734498
2026-03-30,MG95,147.0,69.02766385316849
2026-03-30,MG92,139.66,68.7946052312851
2026-03-31,MG95,145.8,68.24950591802597
2026-03-31,MG92,138.46,69.48995165586472
2026-04-01,MG95,143.29,69.94562114357949
2026-04-01,MG92,136.05,70.4636340045929
2026-02-05,MG95,75.06,75.10725116729736
2026-02-05,MG92,73.33,72.72889177501202
2026-02-06,MG95,75.24,74.67437358856202
2026-02-06,MG92,73.51,72.53250283300876
2026-02-09,MG95,76.56,74.8855509710312
2026-02-09,MG92,74.83,72.67101343274116
2026-02-10,MG95,78.41,74.60967875957489
2026-02-10,MG92,76.68,72.78565264046192
2026-02-11,MG95,77.63,74.8056683921814
2026-02-11,MG92,75.55,72.85142723917961
2026-02-12,MG95,77.16,75.4693979883194
2026-02-12,MG92,74.83,72.47482885420322
2026-02-13,MG95,73.85,74.84734122753144
2026-02-13,MG92,71.58,72.67530506551266
2026-02-16,MG95,73.8,74.5889491724968
2026-02-16,MG92,71.79,72.44288727939129
2026-02-17,MG95,73.8,74.80551704883577
2026-02-17,MG92,71.79,72.79792749285699
2026-02-18,MG95,73.8,75.02978117942811
2026-02-18,MG92,71.79,72.31794728338718
2026-02-19,MG95,78.09,74.92404559612275
2026-02-19,MG92,76.08,72.81590278148651
2026-02-20,MG95,79.95,74.7825395679474
2026-02-20,MG92,77.63,72.8832427173853
2026-02-23,MG95,79.75,75.43842601776123
2026-02-23,MG92,77.43,72.75656780600548
2026-02-24,MG95,81.35,75.04565442562104
2026-02-24,MG92,78.89,72.6688523977995
2026-02-25,MG95,81.46,74.74443665504457
2026-02-25,MG92,79.0,72.71426022052765
2026-02-26,MG95,81.74,74.82317970752717
2026-02-26,MG92,79.28,72.94629971683025
2026-02-27,MG95,82.09,74.84364666938782
2026-02-27,MG92,79.63,72.61493088006974
2026-03-02,MG95,92.78,74.92600415706636
2026-03-02,MG92,90.32,72.43717814683914
2026-03-03,MG95,98.65,74.91459108829498
2026-03-03,MG92,95.56,72.92172827124595
2026-03-04,MG95,104.35,74.56831751346589
2026-03-04,MG92,99.68,72.72973966598511
2026-03-05,MG95,110.97,75.6769075202942
2026-03-05,MG92,106.3,72.73475744128227
2026-03-06,MG95,121.36,74.58079888820649
2026-03-06,MG92,113.16,73.0439115345478
2026-03-09,MG95,147.5,75.4810603284836
2026-03-09,MG92,139.3,72.40423649549484
2026-03-10,MG95,127.42,75.19192331790924
2026-03-10,MG92,119.22,72.59041596055032
2026-03-11,MG95,129.17,75.23482470512391
2026-03-11,MG92,116.76,73.25620604157449
2026-03-12,MG95,143.44,75.82252652645111
2026-03-12,MG92,130.12,72.42093777358532
2026-03-13,MG95,149.76,74.65829113245012
2026-03-13,MG92,136.44,72.64058501720429
2026-03-16,MG95,153.48,75.3674281835556
2026-03-16,MG92,140.16,73.46161306500436
2026-03-17,MG95,152.16,75.08402441501619
2026-03-17,MG92,138.84,73.28650401234627
2026-03-18,MG95,153.12,75.18508615970612
2026-03-18,MG92,139.8,72.51512759029866
2026-03-19,MG95,165.25,74.95539147377015
2026-03-19,MG92,151.93,73.10910782814027
2026-03-20,MG95,163.93,75.47044848918915
2026-03-20,MG92,150.61,72.7738604336977
2026-03-23,MG95,170.52,74.89785429477692
2026-03-23,MG92,157.2,72.35801991522312
2026-03-24,MG95,146.36,75.33528107643129
2026-03-24,MG92,141.81,73.22840391397476
2026-03-25,MG95,135.6,75.05118290901184
2026-03-25,MG92,131.05,72.83575212657452
2026-03-26,MG95,132.03,75.43542585849762
2026-03-26,MG92,127.48,73.23508268594742
2026-03-27,MG95,135.07,75.06004094600678
2026-03-27,MG92,130.52,72.87124614715576
2026-03-30,MG95,147.0,74.83984528064728
2026-03-30,MG92,139.66,73.14008411169053
2026-03-31,MG95,145.8,74.74265614509584
2026-03-31,MG92,138.46,72.62179227471351
2026-04-01,MG95,143.29,75.45267899990083
2026-04-01,MG92,136.05,72.9431125164032
2026-04-02,MG95,151.74,75.31140443801881
2026-04-02,MG92,144.5,72.8433787971735
2026-04-06,MG95,150.88,74.78481862068178
2026-04-06,MG92,141.87,73.01783997416497
2026-04-07,MG95,147.22,74.2751921606064
2026-04-07,MG92,138.21,72.89216079115867
2026-04-08,MG95,125.82,74.83004357337953
2026-04-08,MG92,119.46,73.00437807440758
2026-04-09,MG95,135.04,75.08635688304902
2026-04-09,MG92,130.98,73.03175408244134
2026-04-10,MG95,133.88,75.72969073772431
2026-04-10,MG92,128.17,72.81015451550483
2026-04-13,MG95,135.93,75.474169754982
2026-04-13,MG92,128.49,72.62289670705796
2026-04-14,MG95,128.99,74.60190238237382
2026-04-14,MG92,123.87,72.78271328508855
2026-04-15,MG95,125.23,74.5248819732666
2026-04-15,MG92,119.01,72.21240007579327
2026-04-16,MG95,122.29,75.33884209632875
2026-04-16,MG92,120.88,73.19654930233956
2026-04-17,MG95,128.19,75.07424941539765
2026-04-17,MG92,122.19,72.58943762481213
2026-04-20,MG95,124.43,75.794643740654
2026-04-20,MG92,118.67,72.96330536603928
2026-04-21,MG95,123.98,74.83948027610779
2026-04-21,MG92,118.22,72.90784025192261
2026-04-22,MG95,128.89,75.63938327312471
2026-04-22,MG92,124.24,72.62890586256981
2026-04-23,MG95,130.57,74.84881014823914
2026-04-23,MG92,125.92,72.92131084799767
2026-04-24,MG95,131.72,74.99742931365968
2026-04-24,MG92,124.69,72.91655396223068
2026-04-27,MG95,133.04,74.57598260879517
2026-04-27,MG92,128.03,73.0020126760006
2026-04-28,MG95,131.54,74.50564801454544
2026-04-28,MG92,126.52,72.56263992190361
2026-04-29,MG95,134.06,75.02691455841065
2026-04-29,MG92,129.82,72.92812006473541
2026-04-30,MG95,137.61,75.05818031311036
2026-04-30,MG92,134.27,72.66823061108589
