date,product,true,pred
2024-01-10,MG95,91.68,89.29306645631789
2024-01-10,MG92,87.36,85.7846766591072
2024-01-11,MG95,91.48,89.70312819480895
2024-01-11,MG92,87.16,86.25543180704116
2024-01-12,MG95,95.45,89.81879496097564
2024-01-12,MG92,90.36,86.12596501111983
2024-01-15,MG95,94.05,89.32372672080993
2024-01-15,MG92,88.96,86.63924678564071
2024-01-16,MG95,94.9,91.24645911216736
2024-01-16,MG92,89.81,86.94147800207138
2024-01-17,MG95,93.09,90.65575256824492
2024-01-17,MG92,88.0,86.83429913520813
2024-01-18,MG95,95.56,90.22980967521667
2024-01-18,MG92,90.17,85.7507628917694
2024-01-19,MG95,97.74,90.90416512966155
2024-01-19,MG92,92.24,86.6411337018013
2024-01-22,MG95,97.16,90.26956846237182
2024-01-22,MG92,91.91,86.6041866660118
2024-01-23,MG95,101.07,89.62149171352385
2024-01-23,MG92,95.39,86.24522622823714
2024-01-24,MG95,100.72,91.37822531223297
2024-01-24,MG92,95.05,87.30873681306838
2024-01-25,MG95,101.96,92.11314530372618
2024-01-25,MG92,96.49,87.43917750120163
2024-01-26,MG95,102.8,90.49778219699859
2024-01-26,MG92,97.55,86.84930316209793
2024-01-29,MG95,105.17,89.89965415477752
2024-01-29,MG92,100.3,85.95318030118942
2024-01-30,MG95,101.74,91.12330696105957
2024-01-30,MG92,97.1,87.56685882806778
2024-01-31,MG95,101.3,89.49840344905853
2024-01-31,MG92,96.66,85.02895659208298
2024-02-01,MG95,100.01,90.11516509532927
2024-02-01,MG92,95.37,86.27442270517349
2024-02-02,MG95,98.45,87.64670768022536
2024-02-02,MG92,93.62,84.134213411808
2024-02-05,MG95,97.0,89.82041342258452
2024-02-05,MG92,92.17,86.11004796028136
2024-02-06,MG95,98.21,87.97429708719253
2024-02-06,MG92,93.38,84.0454928457737
2024-02-07,MG95,98.09,87.8931131362915
2024-02-07,MG92,93.26,83.24344695806502
2024-02-08,MG95,99.61,88.33185465335845
2024-02-08,MG92,95.45,84.82841088175773
2024-02-09,MG95,101.05,89.64568345546722
2024-02-09,MG92,96.89,84.95771536231041
2024-02-12,MG95,101.05,88.57821751832961
2024-02-12,MG92,96.89,84.60792067050933
2024-02-13,MG95,102.91,88.20435288667679
2024-02-13,MG92,98.69,84.4680403292179
2024-02-14,MG95,103.66,88.30413317441939
2024-02-14,MG92,99.44,83.13323989510536
2024-02-15,MG95,99.92,87.08858332395553
2024-02-15,MG92,95.56,83.67331892251968
2024-02-16,MG95,100.76,86.65713020801543
2024-02-16,MG92,96.4,82.76023917794227
2024-02-19,MG95,100.24,85.24482014656066
2024-02-19,MG92,95.65,82.26144405007362
2024-02-20,MG95,99.02,84.80124986410141
2024-02-20,MG92,94.35,81.42624017596245
2024-02-21,MG95,98.6,85.6799254488945
2024-02-21,MG92,93.93,82.38853191137314
2024-02-22,MG95,100.78,86.62989852666854
2024-02-22,MG92,96.11,82.39618102312087
2024-02-23,MG95,101.23,86.12125437498092
2024-02-23,MG92,96.56,82.2055923461914
2024-02-26,MG95,99.18,85.91321284770964
2024-02-26,MG92,94.51,81.92933158874511
2024-02-27,MG95,101.65,85.22305077314377
2024-02-27,MG92,96.98,81.01871193647384
2024-02-28,MG95,102.04,83.5422996878624
2024-02-28,MG92,97.37,80.12578465938567
2024-02-29,MG95,100.8,83.42283166646956
2024-02-29,MG92,96.13,79.49261269569396
2024-03-01,MG95,99.03,84.29794557094573
2024-03-01,MG92,94.59,80.14175243377684
2024-03-04,MG95,98.26,83.13745003461837
2024-03-04,MG92,93.82,80.30448880791664
2024-03-05,MG95,98.94,83.2527760720253
2024-03-05,MG92,94.5,79.3789615035057
2024-03-06,MG95,97.08,82.71457902431487
2024-03-06,MG92,93.64,79.33311755657195
2024-03-07,MG95,98.14,80.89698275089263
2024-03-07,MG92,94.2,78.45118207335472
2024-03-08,MG95,99.79,82.26446568489074
2024-03-08,MG92,95.41,79.30722318291663
2024-03-11,MG95,98.19,82.30101949214935
2024-03-11,MG92,93.78,79.55219765305519
2024-03-12,MG95,99.19,81.31291673660277
2024-03-12,MG92,94.68,78.40759025216101
2024-03-13,MG95,98.51,82.00168927669525
2024-03-13,MG92,94.13,78.96695437431335
2024-03-14,MG95,99.8,80.56200911283493
2024-03-14,MG92,95.93,78.05279421806335
2024-03-15,MG95,100.94,81.43791627645491
2024-03-15,MG92,97.07,77.40121974945068
2024-03-18,MG95,103.56,78.90007264375686
2024-03-18,MG92,99.21,76.36031665205955
2024-03-19,MG95,103.3,80.29267899990082
2024-03-19,MG92,99.29,77.34593614935875
2024-03-20,MG95,104.4,80.01755649805068
2024-03-20,MG92,100.2,76.17361847162246
2024-03-21,MG95,104.78,80.03274022340774
2024-03-21,MG92,100.55,76.80956501364707
2024-03-22,MG95,105.55,79.0738123679161
2024-03-22,MG92,100.94,75.96015347242354
2024-03-25,MG95,105.67,79.16082597494125
2024-03-25,MG92,101.06,76.15786373615265
2024-03-26,MG95,105.19,78.91674173355102
2024-03-26,MG92,100.58,75.78414781689644
2024-03-27,MG95,103.9,79.07680971622466
2024-03-27,MG92,99.29,76.01622835993766
2024-03-28,MG95,104.58,77.48451501131058
2024-03-28,MG92,99.97,74.3879921734333
2024-04-01,MG95,106.58,78.33898288249969
2024-04-01,MG92,103.25,75.02249816656112
2024-04-02,MG95,106.91,77.59474608898162
2024-04-02,MG92,102.56,75.04227527976036
2024-04-03,MG95,107.09,77.62303722381591
2024-04-03,MG92,102.74,75.14201300144195
2024-02-07,MG95,98.09,99.87724797248839
2024-02-07,MG92,93.26,93.51999305725097
2024-02-08,MG95,99.61,97.23666403353214
2024-02-08,MG92,95.45,92.52148500680923
2024-02-09,MG95,101.05,96.9659095096588
2024-02-09,MG92,96.89,92.0993462729454
2024-02-12,MG95,101.05,99.06002625584601
2024-02-12,MG92,96.89,92.83312429070472
2024-02-13,MG95,102.91,95.8096548706293
2024-02-13,MG92,98.69,90.99540929079055
2024-02-14,MG95,103.66,95.333040741086
2024-02-14,MG92,99.44,90.46417927503586
2024-02-15,MG95,99.92,96.04272866308689
2024-02-15,MG92,95.56,90.14303346514701
2024-02-16,MG95,100.76,96.46465685307979
2024-02-16,MG92,96.4,91.33994293570518
2024-02-19,MG95,100.24,94.40506565511227
2024-02-19,MG92,95.65,90.03590693950653
2024-02-20,MG95,99.02,96.32266775548457
2024-02-20,MG92,94.35,90.83625846862793
2024-02-21,MG95,98.6,95.17100247383117
2024-02-21,MG92,93.93,89.71354776740074
2024-02-22,MG95,100.78,94.5880487191677
2024-02-22,MG92,96.11,89.31558722376823
2024-02-23,MG95,101.23,93.2877386009693
2024-02-23,MG92,96.56,88.26288974881172
2024-02-26,MG95,99.18,93.25221791148185
2024-02-26,MG92,94.51,87.92635427594185
2024-02-27,MG95,101.65,92.98459515571594
2024-02-27,MG92,96.98,88.56984256029129
2024-02-28,MG95,102.04,93.14984714388846
2024-02-28,MG92,97.37,88.97589033007621
2024-02-29,MG95,100.8,90.85811290323734
2024-02-29,MG92,96.13,86.56077632546425
2024-03-01,MG95,99.03,91.30465035140514
2024-03-01,MG92,94.59,85.64793276071548
2024-03-04,MG95,98.26,90.83062944293022
2024-03-04,MG92,93.82,86.26956382751465
2024-03-05,MG95,98.94,89.18015252768993
2024-03-05,MG92,94.5,85.21130603671074
2024-03-06,MG95,97.08,89.57882953464984
2024-03-06,MG92,93.64,84.76459950089455
2024-03-07,MG95,98.14,89.03123841762542
2024-03-07,MG92,94.2,84.7905810368061
2024-03-08,MG95,99.79,90.05849933326243
2024-03-08,MG92,95.41,85.60100681185722
2024-03-11,MG95,98.19,89.03770098209381
2024-03-11,MG92,93.78,84.100606508255
2024-03-12,MG95,99.19,87.91378843426703
2024-03-12,MG92,94.68,83.63515408277512
2024-03-13,MG95,98.51,90.52155027270317
2024-03-13,MG92,94.13,86.57403982162475
2024-03-14,MG95,99.8,87.62354670286177
2024-03-14,MG92,95.93,83.75433630824088
2024-03-15,MG95,100.94,87.84922132730483
2024-03-15,MG92,97.07,83.7999932360649
2024-03-18,MG95,103.56,87.62560137689113
2024-03-18,MG92,99.21,83.94568019032478
2024-03-19,MG95,103.3,88.223043217659
2024-03-19,MG92,99.29,83.14325815320015
2024-03-20,MG95,104.4,86.90524788200855
2024-03-20,MG92,100.2,82.79245732545853
2024-03-21,MG95,104.78,87.23620845258236
2024-03-21,MG92,100.55,82.87929064631462
2024-03-22,MG95,105.55,86.74414621829986
2024-03-22,MG92,100.94,83.00864730358123
2024-03-25,MG95,105.67,85.79447119891643
2024-03-25,MG92,101.06,82.03692784190177
2024-03-26,MG95,105.19,86.17558688938617
2024-03-26,MG92,100.58,82.16789860486983
2024-03-27,MG95,103.9,84.79256882429122
2024-03-27,MG92,99.29,81.08856838583945
2024-03-28,MG95,104.58,84.84629474520683
2024-03-28,MG92,99.97,80.58679858207702
2024-04-01,MG95,106.58,83.74369578182697
2024-04-01,MG92,103.25,79.88408931612967
2024-04-02,MG95,106.91,84.35822478353977
2024-04-02,MG92,102.56,80.88130051612853
2024-04-03,MG95,107.09,83.48180972278118
2024-04-03,MG92,102.74,79.83881643414497
2024-04-04,MG95,106.36,83.15059744000435
2024-04-04,MG92,102.01,79.80521520614623
2024-04-05,MG95,107.02,83.39488120615482
2024-04-05,MG92,102.67,79.48580038547516
2024-04-08,MG95,106.27,82.9935992705822
2024-04-08,MG92,101.92,79.0440307867527
2024-04-09,MG95,106.43,83.28714252948761
2024-04-09,MG92,101.97,79.0658935701847
2024-04-10,MG95,106.43,82.97711504817009
2024-04-10,MG92,101.97,78.91938843131065
2024-04-11,MG95,107.79,82.47752486288547
2024-04-11,MG92,103.38,79.01673570275307
2024-04-12,MG95,108.62,82.12072574198245
2024-04-12,MG92,104.21,77.61173461198807
2024-04-15,MG95,107.89,82.45223071336746
2024-04-15,MG92,103.48,79.56596021413803
2024-04-16,MG95,108.46,81.51735988378525
2024-04-16,MG92,104.05,77.93784518837928
2024-04-17,MG95,108.41,83.40860244810581
2024-04-17,MG92,104.0,79.32199648618698
2024-04-18,MG95,105.32,82.23107520103454
2024-04-18,MG92,100.91,78.79943254828453
2024-04-19,MG95,105.41,82.41066307723521
2024-04-19,MG92,101.0,78.95472621440886
2024-04-22,MG95,104.36,82.57034812808037
2024-04-22,MG92,99.95,79.04762634634972
2024-04-23,MG95,104.94,81.88512897372246
2024-04-23,MG92,100.53,78.40705458402633
2024-04-24,MG95,105.05,81.75152833163737
2024-04-24,MG92,100.64,78.7457663166523
2024-04-25,MG95,105.56,81.40595089197159
2024-04-25,MG92,101.15,76.67023232221602
2024-04-26,MG95,106.1,81.34280625164509
2024-04-26,MG92,101.69,77.80200427889824
2024-04-29,MG95,106.05,81.24166477620601
2024-04-29,MG92,101.64,77.42606792926787
2024-04-30,MG95,105.3,79.98256521403789
2024-04-30,MG92,100.89,77.11338782548904
2024-05-01,MG95,105.3,80.01491901278496
2024-05-01,MG92,100.89,77.17457356333732
2024-03-06,MG95,97.08,100.16672933578491
2024-03-06,MG92,93.64,94.79647958278656
2024-03-07,MG95,98.14,98.75076796531677
2024-03-07,MG92,94.2,93.53974771499634
2024-03-08,MG95,99.79,98.75032566905021
2024-03-08,MG92,95.41,93.348074644804
2024-03-11,MG95,98.19,98.0351326060295
2024-03-11,MG92,93.78,92.97907483577728
2024-03-12,MG95,99.19,100.28955795764922
2024-03-12,MG92,94.68,94.09608346223831
2024-03-13,MG95,98.51,100.27239686250687
2024-03-13,MG92,94.13,95.84698927402496
2024-03-14,MG95,99.8,99.89353177785873
2024-03-14,MG92,95.93,94.13773682713509
2024-03-15,MG95,100.94,98.98767364025116
2024-03-15,MG92,97.07,92.70870816707611
2024-03-18,MG95,103.56,97.9131237065792
2024-03-18,MG92,99.21,93.69208243489265
2024-03-19,MG95,103.3,96.39829437732696
2024-03-19,MG92,99.29,91.38893580436707
2024-03-20,MG95,104.4,96.50202169775963
2024-03-20,MG92,100.2,92.10591441392899
2024-03-21,MG95,104.78,96.69251575112342
2024-03-21,MG92,100.55,90.55088925361633
2024-03-22,MG95,105.55,97.81127172231675
2024-03-22,MG92,100.94,92.3129645884037
2024-03-25,MG95,105.67,96.10330045938491
2024-03-25,MG92,101.06,90.75958979129791
2024-03-26,MG95,105.19,98.13880095362663
2024-03-26,MG92,100.58,92.61593860387802
2024-03-27,MG95,103.9,93.77752387404442
2024-03-27,MG92,99.29,88.6784536242485
2024-03-28,MG95,104.58,95.45751252651215
2024-03-28,MG92,99.97,90.73039019107819
2024-04-01,MG95,106.58,94.75867263078689
2024-04-01,MG92,103.25,89.02297961711884
2024-04-02,MG95,106.91,95.32099041223526
2024-04-02,MG92,102.56,89.27981668710709
2024-04-03,MG95,107.09,90.84828415989875
2024-04-03,MG92,102.74,86.54862329363823
2024-04-04,MG95,106.36,90.32312516212463
2024-04-04,MG92,102.01,85.96082925796509
2024-04-05,MG95,107.02,89.7049542081356
2024-04-05,MG92,102.67,86.92248407006264
2024-04-08,MG95,106.27,92.75969401359558
2024-04-08,MG92,101.92,86.73635351657867
2024-04-09,MG95,106.43,89.00024651527404
2024-04-09,MG92,101.97,84.66321006417274
2024-04-10,MG95,106.43,89.12025623559951
2024-04-10,MG92,101.97,86.1350467801094
2024-04-11,MG95,107.79,91.30649129748345
2024-04-11,MG92,103.38,87.38906371593475
2024-04-12,MG95,108.62,90.33750273942947
2024-04-12,MG92,104.21,86.35664042830467
2024-04-15,MG95,107.89,87.8359694123268
2024-04-15,MG92,103.48,84.14771094918251
2024-04-16,MG95,108.46,90.88683470249175
2024-04-16,MG92,104.05,87.28055092692375
2024-04-17,MG95,108.41,88.99133571982384
2024-04-17,MG92,104.0,85.09569534659386
2024-04-18,MG95,105.32,87.97611835598946
2024-04-18,MG92,100.91,84.95997127890587
2024-04-19,MG95,105.41,85.2864911699295
2024-04-19,MG92,101.0,81.51150074601173
2024-04-22,MG95,104.36,85.71147890925407
2024-04-22,MG92,99.95,82.50448429584503
2024-04-23,MG95,104.94,88.99607123851776
2024-04-23,MG92,100.53,84.84976306557655
2024-04-24,MG95,105.05,85.07721426844597
2024-04-24,MG92,100.64,81.76233342289925
2024-04-25,MG95,105.56,85.95706538558007
2024-04-25,MG92,101.15,82.51436957716942
2024-04-26,MG95,106.1,86.44388024568558
2024-04-26,MG92,101.69,84.29691392183304
2024-04-29,MG95,106.05,86.83989463090896
2024-04-29,MG92,101.64,83.57689368724823
2024-04-30,MG95,105.3,85.5425040435791
2024-04-30,MG92,100.89,82.62855443358421
2024-05-01,MG95,105.3,85.74932177782058
2024-05-01,MG92,100.89,82.1539257466793
2024-05-02,MG95,100.51,88.36474934220314
2024-05-02,MG92,96.1,85.99736255407333
2024-05-03,MG95,98.84,85.4149222111702
2024-05-03,MG92,95.37,82.85542586445808
2024-05-06,MG95,98.2,84.36164967656136
2024-05-06,MG92,94.3,81.6723463833332
2024-05-07,MG95,98.51,86.61532017588615
2024-05-07,MG92,93.98,82.83811676502228
2024-05-08,MG95,95.84,86.29112290978432
2024-05-08,MG92,90.88,83.61203008890152
2024-05-09,MG95,96.86,83.72646505951882
2024-05-09,MG92,91.9,81.99497267603874
2024-05-10,MG95,97.03,86.81903004169465
2024-05-10,MG92,92.07,84.78067874908447
2024-05-13,MG95,96.4,88.47089454889297
2024-05-13,MG92,91.44,84.53997355699539
2024-05-14,MG95,95.49,85.86916637420654
2024-05-14,MG92,90.53,82.25211390852928
2024-05-15,MG95,94.93,86.30850220441818
2024-05-15,MG92,89.97,83.66466709971428
2024-05-16,MG95,96.38,86.89191456913947
2024-05-16,MG92,91.42,83.53506007790565
2024-05-17,MG95,97.35,85.78059507250785
2024-05-17,MG92,92.39,83.50509443879128
2024-05-20,MG95,97.43,85.73609417080878
2024-05-20,MG92,93.46,82.27453744411469
2024-05-21,MG95,95.4,85.4683692920208
2024-05-21,MG92,91.42,84.5326454937458
2024-05-22,MG95,95.4,85.59458295464516
2024-05-22,MG92,91.42,82.73094454407692
2024-05-23,MG95,93.75,85.78011739253998
2024-05-23,MG92,90.22,82.48125529289246
2024-05-24,MG95,92.47,85.89024326562881
2024-05-24,MG92,88.81,84.6128261089325
2024-05-27,MG95,92.46,83.26363445162772
2024-05-27,MG92,88.8,81.47487732768059
2024-05-28,MG95,92.45,84.74918966531753
2024-05-28,MG92,88.92,83.00541740655899
2024-05-29,MG95,93.52,85.01443178772927
2024-05-29,MG92,89.23,83.54633098840714
2024-04-04,MG95,106.36,107.0120883524418
2024-04-04,MG92,102.01,104.23432508945464
2024-04-05,MG95,107.02,104.32364501595498
2024-04-05,MG92,102.67,101.06156955242156
2024-04-08,MG95,106.27,105.08952302217484
2024-04-08,MG92,101.92,101.65037111520766
2024-04-09,MG95,106.43,105.54540765106678
2024-04-09,MG92,101.97,103.0982779431343
2024-04-10,MG95,106.43,104.60174223542214
2024-04-10,MG92,101.97,99.50890932321548
2024-04-11,MG95,107.79,104.7991703248024
2024-04-11,MG92,103.38,100.52134794592857
2024-04-12,MG95,108.62,104.36357106506824
2024-04-12,MG92,104.21,101.47899709820747
2024-04-15,MG95,107.89,104.40864824473859
2024-04-15,MG92,103.48,100.10385916233062
2024-04-16,MG95,108.46,106.5440439915657
2024-04-16,MG92,104.05,102.57765243649482
2024-04-17,MG95,108.41,106.17306046247482
2024-04-17,MG92,104.0,102.70967503547668
2024-04-18,MG95,105.32,102.69237069308758
2024-04-18,MG92,100.91,99.66720906734466
2024-04-19,MG95,105.41,102.80791048765182
2024-04-19,MG92,101.0,99.10169624447822
2024-04-22,MG95,104.36,104.72939069747925
2024-04-22,MG92,99.95,101.02410425901412
2024-04-23,MG95,104.94,105.17298793315888
2024-04-23,MG92,100.53,101.26478110790252
2024-04-24,MG95,105.05,102.47091676056385
2024-04-24,MG92,100.64,99.09132868289947
2024-04-25,MG95,105.56,105.48806222736836
2024-04-25,MG92,101.15,102.06343240499496
2024-04-26,MG95,106.1,103.96737444341183
2024-04-26,MG92,101.69,98.75972593069076
2024-04-29,MG95,106.05,104.60114222764969
2024-04-29,MG92,101.64,101.123382999897
2024-04-30,MG95,105.3,104.96978955626489
2024-04-30,MG92,100.89,102.00628527879715
2024-05-01,MG95,105.3,104.71426922500135
2024-05-01,MG92,100.89,99.9695768880844
2024-05-02,MG95,100.51,102.86817297041416
2024-05-02,MG92,96.1,99.46525901079177
2024-05-03,MG95,98.84,103.65259377002717
2024-05-03,MG92,95.37,99.35419811487198
2024-05-06,MG95,98.2,104.56195023059846
2024-05-06,MG92,94.3,99.86179221510886
2024-05-07,MG95,98.51,104.24919937074185
2024-05-07,MG92,93.98,100.26849702000618
2024-05-08,MG95,95.84,102.72660943448544
2024-05-08,MG92,90.88,99.36101388335227
2024-05-09,MG95,96.86,106.074850679636
2024-05-09,MG92,91.9,99.83743793725966
2024-05-10,MG95,97.03,104.02768799066544
2024-05-10,MG92,92.07,99.04507576346397
2024-05-13,MG95,96.4,103.96185947835446
2024-05-13,MG92,91.44,100.32907958745956
2024-05-14,MG95,95.49,104.6215169596672
2024-05-14,MG92,90.53,99.52189786314963
2024-05-15,MG95,94.93,102.21400492191314
2024-05-15,MG92,89.97,98.20187395811081
2024-05-16,MG95,96.38,103.10549519360066
2024-05-16,MG92,91.42,98.3794758605957
2024-05-17,MG95,97.35,103.6908666062355
2024-05-17,MG92,92.39,98.92592535257339
2024-05-20,MG95,97.43,102.98388510763645
2024-05-20,MG92,93.46,98.5238991165161
2024-05-21,MG95,95.4,104.0233347427845
2024-05-21,MG92,91.42,100.4699265551567
2024-05-22,MG95,95.4,103.23065426170827
2024-05-22,MG92,91.42,98.59528403401374
2024-05-23,MG95,93.75,102.34204275071622
2024-05-23,MG92,90.22,98.85089678525924
2024-05-24,MG95,92.47,103.52066227376461
2024-05-24,MG92,88.81,100.18564838409424
2024-05-27,MG95,92.46,103.06878620743751
2024-05-27,MG92,88.8,99.00149281263351
2024-05-28,MG95,92.45,102.23400943636895
2024-05-28,MG92,88.92,97.80047234773636
2024-05-29,MG95,93.52,102.78408890247346
2024-05-29,MG92,89.23,98.27616767168044
2024-05-30,MG95,90.86,103.26769516706467
2024-05-30,MG92,86.57,100.10128717422485
2024-05-31,MG95,90.78,101.8414830750227
2024-05-31,MG92,85.96,97.49365866184235
2024-06-03,MG95,91.38,102.50608104586601
2024-06-03,MG92,86.43,99.09257181048393
2024-06-04,MG95,88.04,100.71683233618737
2024-06-04,MG92,83.24,97.4205223429203
2024-06-05,MG95,89.43,104.44251676857472
2024-06-05,MG92,84.63,98.02117954611778
2024-06-06,MG95,89.87,102.47246146142483
2024-06-06,MG92,85.14,98.99179886698722
2024-06-07,MG95,91.12,102.50952789902688
2024-06-07,MG92,85.88,97.1618660724163
2024-06-10,MG95,91.67,103.6977475464344
2024-06-10,MG92,86.43,98.74039927721023
2024-06-11,MG95,92.62,103.85516660690308
2024-06-11,MG92,87.38,98.20297623872756
2024-06-12,MG95,92.14,102.21665389239789
2024-06-12,MG92,86.9,97.45717929720878
2024-06-13,MG95,91.15,101.70911114752293
2024-06-13,MG92,85.91,96.9839579808712
2024-06-14,MG95,91.78,103.17907912552357
2024-06-14,MG92,86.54,99.0075737273693
2024-06-17,MG95,91.78,102.45913362920285
2024-06-17,MG92,86.54,98.5240338397026
2024-06-18,MG95,93.26,102.49364684224129
2024-06-18,MG92,88.02,97.10708884954452
2024-06-19,MG95,94.52,99.85251475691796
2024-06-19,MG92,89.28,94.9839800298214
2024-06-20,MG95,94.85,102.18569604456425
2024-06-20,MG92,89.61,97.38633939623833
2024-06-21,MG95,95.95,101.00039345622064
2024-06-21,MG92,90.71,97.75290281534194
2024-06-24,MG95,95.52,102.2409222918749
2024-06-24,MG92,90.28,97.93313181996345
2024-06-25,MG95,95.57,102.50060437917709
2024-06-25,MG92,90.33,97.33711031913757
2024-06-26,MG95,95.65,102.12660166203976
2024-06-26,MG92,90.41,95.8272308254242
2024-05-02,MG95,100.51,105.09606193900107
2024-05-02,MG92,96.1,100.22500172138214
2024-05-03,MG95,98.84,106.63111746311188
2024-05-03,MG92,95.37,101.94724767923356
2024-05-06,MG95,98.2,104.80928835868835
2024-05-06,MG92,94.3,102.41042044758797
2024-05-07,MG95,98.51,105.43538128137588
2024-05-07,MG92,93.98,101.24044346094132
2024-05-08,MG95,95.84,105.4392475247383
2024-05-08,MG92,90.88,101.86191593527793
2024-05-09,MG95,96.86,103.9143283367157
2024-05-09,MG92,91.9,99.5451741206646
2024-05-10,MG95,97.03,101.94245635271072
2024-05-10,MG92,92.07,99.93388156235218
2024-05-13,MG95,96.4,104.9351985991001
2024-05-13,MG92,91.44,99.70978801488876
2024-05-14,MG95,95.49,102.50748648047447
2024-05-14,MG92,90.53,99.51615290880203
2024-05-15,MG95,94.93,102.95388695597649
2024-05-15,MG92,89.97,99.08170067667962
2024-05-16,MG95,96.38,105.59955854415894
2024-05-16,MG92,91.42,101.63423232078553
2024-05-17,MG95,97.35,105.05726142525673
2024-05-17,MG92,92.39,102.34698991656303
2024-05-20,MG95,97.43,103.89503477811813
2024-05-20,MG92,93.46,101.49426180124283
2024-05-21,MG95,95.4,103.42544939517974
2024-05-21,MG92,91.42,100.54670660555362
2024-05-22,MG95,95.4,103.73487439155578
2024-05-22,MG92,91.42,98.41278158783912
2024-05-23,MG95,93.75,102.16342847943305
2024-05-23,MG92,90.22,98.14726696550846
2024-05-24,MG95,92.47,102.76717752814292
2024-05-24,MG92,88.81,99.5697814142704
2024-05-27,MG95,92.46,100.39751554727555
2024-05-27,MG92,88.8,98.12198615849019
2024-05-28,MG95,92.45,102.3132516860962
2024-05-28,MG92,88.92,97.73602087855339
2024-05-29,MG95,93.52,101.17849043011665
2024-05-29,MG92,89.23,96.81891811072826
2024-05-30,MG95,90.86,100.5672850549221
2024-05-30,MG92,86.57,96.22148765981197
2024-05-31,MG95,90.78,100.0265695810318
2024-05-31,MG92,85.96,96.18690394878388
2024-06-03,MG95,91.38,103.45346710681915
2024-06-03,MG92,86.43,98.23029553413392
2024-06-04,MG95,88.04,100.65168966650963
2024-06-04,MG92,83.24,96.02298762202263
2024-06-05,MG95,89.43,103.02956113815307
2024-06-05,MG92,84.63,97.48997801005841
2024-06-06,MG95,89.87,99.22650825977325
2024-06-06,MG92,85.14,94.64965769290924
2024-06-07,MG95,91.12,99.85140239596366
2024-06-07,MG92,85.88,96.47949140489102
2024-06-10,MG95,91.67,99.29317585229873
2024-06-10,MG92,86.43,95.74540387988091
2024-06-11,MG95,92.62,98.91788663864135
2024-06-11,MG92,87.38,94.96861440181732
2024-06-12,MG95,92.14,100.60708978772163
2024-06-12,MG92,86.9,96.55524362325669
2024-06-13,MG95,91.15,97.34093007445335
2024-06-13,MG92,85.91,94.7412976115942
2024-06-14,MG95,91.78,97.0120420575142
2024-06-14,MG92,86.54,93.09388981819153
2024-06-17,MG95,91.78,97.47606657743454
2024-06-17,MG92,86.54,94.42270772695541
2024-06-18,MG95,93.26,97.00028641819954
2024-06-18,MG92,88.02,93.11375245034695
2024-06-19,MG95,94.52,98.21955270767212
2024-06-19,MG92,89.28,94.29631571888923
2024-06-20,MG95,94.85,98.27173444032668
2024-06-20,MG92,89.61,92.41991336524487
2024-06-21,MG95,95.95,97.00535772442818
2024-06-21,MG92,90.71,93.25811283409595
2024-06-24,MG95,95.52,96.13936942219733
2024-06-24,MG92,90.28,90.71647767484188
2024-06-25,MG95,95.57,96.34953364133834
2024-06-25,MG92,90.33,91.62250956594944
2024-06-26,MG95,95.65,97.18205634355544
2024-06-26,MG92,90.41,93.06416502535343
2024-06-27,MG95,96.51,95.24489268064498
2024-06-27,MG92,91.27,90.96758392095566
2024-06-28,MG95,97.45,92.99297538399696
2024-06-28,MG92,92.37,89.65336682081222
2024-07-01,MG95,97.87,94.86424344778061
2024-07-01,MG92,93.14,89.57104784667492
2024-07-02,MG95,99.67,94.01509464383125
2024-07-02,MG92,95.23,89.39238638699055
2024-07-03,MG95,99.3,94.71705631613732
2024-07-03,MG92,94.88,89.78197180151939
2024-07-04,MG95,99.01,93.71935840845107
2024-07-04,MG92,94.59,90.5066060847044
2024-07-05,MG95,99.01,94.25813448429108
2024-07-05,MG92,94.59,90.01740082025528
2024-07-08,MG95,98.17,93.44869626760483
2024-07-08,MG92,93.75,89.17636898696422
2024-07-09,MG95,97.03,93.04839572310448
2024-07-09,MG92,92.61,89.17781824350357
2024-07-10,MG95,95.6,93.66859513521194
2024-07-10,MG92,91.18,90.75528287172318
2024-07-11,MG95,96.48,93.44262074232101
2024-07-11,MG92,92.06,90.07978500008583
2024-07-12,MG95,98.5,92.32796269655228
2024-07-12,MG92,94.08,88.71701479911805
2024-07-15,MG95,97.85,93.3679570555687
2024-07-15,MG92,93.43,88.77504519581795
2024-07-16,MG95,96.55,93.8739391028881
2024-07-16,MG92,92.13,90.29695699453355
2024-07-17,MG95,96.37,95.84106615185738
2024-07-17,MG92,91.95,90.17183383762837
2024-07-18,MG95,97.64,91.94739505648613
2024-07-18,MG92,93.22,88.46304010748864
2024-07-19,MG95,96.84,92.93984591960907
2024-07-19,MG92,92.42,90.24118166506291
2024-07-22,MG95,95.04,91.13822044730186
2024-07-22,MG92,90.62,87.60931374907494
2024-07-23,MG95,94.99,90.82902767658233
2024-07-23,MG92,90.57,87.1372530090809
2024-07-24,MG95,93.51,90.4739169895649
2024-07-24,MG92,89.09,88.19203514814377
2024-05-30,MG95,90.86,95.1104494190216
2024-05-30,MG92,86.57,89.73181323051453
2024-05-31,MG95,90.78,93.40868269920348
2024-05-31,MG92,85.96,88.66317315101624
2024-06-03,MG95,91.38,94.37369277000427
2024-06-03,MG92,86.43,88.15357360363006
2024-06-04,MG95,88.04,93.3946412229538
2024-06-04,MG92,83.24,87.68458629369736
2024-06-05,MG95,89.43,93.00010862827301
2024-06-05,MG92,84.63,87.98449777483941
2024-06-06,MG95,89.87,94.29273270606994
2024-06-06,MG92,85.14,89.34139113426208
2024-06-07,MG95,91.12,92.83654967784881
2024-06-07,MG92,85.88,87.72967672705651
2024-06-10,MG95,91.67,91.0016871547699
2024-06-10,MG92,86.43,86.18034858822823
2024-06-11,MG95,92.62,91.51142786026
2024-06-11,MG92,87.38,85.72400872468948
2024-06-12,MG95,92.14,90.24293460845946
2024-06-12,MG92,86.9,84.97215047955514
2024-06-13,MG95,91.15,93.18744165420532
2024-06-13,MG92,85.91,87.66275375902653
2024-06-14,MG95,91.78,93.7672838306427
2024-06-14,MG92,86.54,88.28069160878658
2024-06-17,MG95,91.78,90.82612689495086
2024-06-17,MG92,86.54,85.65570294082166
2024-06-18,MG95,93.26,93.65670232772827
2024-06-18,MG92,88.02,87.83139878749847
2024-06-19,MG95,94.52,89.75978296279906
2024-06-19,MG92,89.28,84.11006585657597
2024-06-20,MG95,94.85,87.60437455177306
2024-06-20,MG92,89.61,82.97593349158764
2024-06-21,MG95,95.95,87.38079790592194
2024-06-21,MG92,90.71,82.44823501229287
2024-06-24,MG95,95.52,87.7705756855011
2024-06-24,MG92,90.28,83.05692395150662
2024-06-25,MG95,95.57,90.3460466480255
2024-06-25,MG92,90.33,85.51851697266102
2024-06-26,MG95,95.65,89.04265316486358
2024-06-26,MG92,90.41,84.28443893373013
2024-06-27,MG95,96.51,86.29202886104584
2024-06-27,MG92,91.27,81.15569577455521
2024-06-28,MG95,97.45,86.6696882724762
2024-06-28,MG92,92.37,82.00813259780408
2024-07-01,MG95,97.87,85.41380949497223
2024-07-01,MG92,93.14,80.38803088068963
2024-07-02,MG95,99.67,86.64377926826477
2024-07-02,MG92,95.23,81.69462165474891
2024-07-03,MG95,99.3,85.10564396381378
2024-07-03,MG92,94.88,80.49052412688732
2024-07-04,MG95,99.01,87.14373720645904
2024-07-04,MG92,94.59,82.76441585361958
2024-07-05,MG95,99.01,85.86555037498474
2024-07-05,MG92,94.59,81.19454758107662
2024-07-08,MG95,98.17,84.80531579494476
2024-07-08,MG92,93.75,80.36213499486446
2024-07-09,MG95,97.03,86.78042585372924
2024-07-09,MG92,92.61,81.56891305804253
2024-07-10,MG95,95.6,87.89687093257903
2024-07-10,MG92,91.18,83.19946567177773
2024-07-11,MG95,96.48,86.2387448310852
2024-07-11,MG92,92.06,81.4353277295828
2024-07-12,MG95,98.5,83.2280271244049
2024-07-12,MG92,94.08,79.56969110488892
2024-07-15,MG95,97.85,84.85755187034607
2024-07-15,MG92,93.43,80.5794764149189
2024-07-16,MG95,96.55,84.66781077861785
2024-07-16,MG92,92.13,80.96842528045178
2024-07-17,MG95,96.37,85.55323204517364
2024-07-17,MG92,91.95,81.3920881420374
2024-07-18,MG95,97.64,84.68434950828552
2024-07-18,MG92,93.22,79.37158146202565
2024-07-19,MG95,96.84,85.26212364673614
2024-07-19,MG92,92.42,80.5503628230095
2024-07-22,MG95,95.04,81.49583070278167
2024-07-22,MG92,90.62,77.58511104404927
2024-07-23,MG95,94.99,85.71081542491912
2024-07-23,MG92,90.57,81.76916074693203
2024-07-24,MG95,93.51,83.28480062007904
2024-07-24,MG92,89.09,79.07750440001487
2024-07-25,MG95,94.15,82.46395119190215
2024-07-25,MG92,89.73,77.82131194472313
2024-07-26,MG95,95.36,80.55706966400146
2024-07-26,MG92,90.94,76.9565467864275
2024-07-29,MG95,95.11,82.28802860736846
2024-07-29,MG92,90.69,78.31097235143184
2024-07-30,MG95,93.01,81.73684910297393
2024-07-30,MG92,88.91,77.13104218959809
2024-07-31,MG95,93.39,80.61885438919067
2024-07-31,MG92,89.28,76.85214419066907
2024-08-01,MG95,93.51,79.02530570030213
2024-08-01,MG92,89.4,75.0286515378952
2024-08-02,MG95,92.86,79.94374868392944
2024-08-02,MG92,87.7,76.31649983882905
2024-08-05,MG95,87.55,77.9265866613388
2024-08-05,MG92,82.85,74.47507312834263
2024-08-06,MG95,87.23,80.30057163715362
2024-08-06,MG92,83.27,76.43670376479626
2024-08-07,MG95,87.3,79.14865218162537
2024-08-07,MG92,82.76,75.32256904423237
2024-08-08,MG95,89.62,80.78183919429779
2024-08-08,MG92,85.03,76.3382951438427
2024-08-09,MG95,89.62,81.40844913005829
2024-08-09,MG92,85.03,77.5261605411768
2024-08-12,MG95,91.37,79.07203444004058
2024-08-12,MG92,86.89,75.50461674928665
2024-08-13,MG95,91.98,78.57121807098389
2024-08-13,MG92,87.5,75.39408189713956
2024-08-14,MG95,90.6,78.19234347820282
2024-08-14,MG92,86.12,74.33800948619843
2024-08-15,MG95,88.66,79.77065223217011
2024-08-15,MG92,83.84,75.98027880489826
2024-08-16,MG95,90.15,77.79256553649903
2024-08-16,MG92,85.99,74.3175331747532
2024-08-19,MG95,88.79,76.97392350196839
2024-08-19,MG92,84.63,73.06260120928287
2024-08-20,MG95,87.02,79.36434687137603
2024-08-20,MG92,82.86,75.16794364094734
2024-08-21,MG95,87.66,79.83195757389068
2024-08-21,MG92,83.5,75.73569059431553
2024-06-27,MG95,96.51,97.48776534795762
2024-06-27,MG92,91.27,92.63279529571533
2024-06-28,MG95,97.45,97.2192281663418
2024-06-28,MG92,92.37,92.58688224315642
2024-07-01,MG95,97.87,96.36202090382577
2024-07-01,MG92,93.14,91.19508086562156
2024-07-02,MG95,99.67,96.41214571595192
2024-07-02,MG92,95.23,91.89107316493988
2024-07-03,MG95,99.3,96.75454744100571
2024-07-03,MG92,94.88,91.961516289711
2024-07-04,MG95,99.01,98.13226142525673
2024-07-04,MG92,94.59,92.22344702124596
2024-07-05,MG95,99.01,95.62001177072526
2024-07-05,MG92,94.59,91.95822908759116
2024-07-08,MG95,98.17,97.99793012142182
2024-07-08,MG92,93.75,92.67641269564628
2024-07-09,MG95,97.03,93.90375006198883
2024-07-09,MG92,92.61,89.22728084385395
2024-07-10,MG95,95.6,97.57430932521821
2024-07-10,MG92,91.18,92.0780449104309
2024-07-11,MG95,96.48,95.13813057243824
2024-07-11,MG92,92.06,90.54562672615052
2024-07-12,MG95,98.5,92.61548765897751
2024-07-12,MG92,94.08,89.43063471138477
2024-07-15,MG95,97.85,94.39757524132729
2024-07-15,MG92,93.43,89.51779945611953
2024-07-16,MG95,96.55,94.65116391777993
2024-07-16,MG92,92.13,89.750802809
2024-07-17,MG95,96.37,96.27315084338188
2024-07-17,MG92,91.95,92.03273540973663
2024-07-18,MG95,97.64,92.83079288303853
2024-07-18,MG92,93.22,88.80902479052543
2024-07-19,MG95,96.84,95.8406476020813
2024-07-19,MG92,92.42,90.96680892825127
2024-07-22,MG95,95.04,95.39419926404953
2024-07-22,MG92,90.62,90.40851267576217
2024-07-23,MG95,94.99,93.61250506341457
2024-07-23,MG92,90.57,89.35990597724914
2024-07-24,MG95,93.51,95.06067998409272
2024-07-24,MG92,89.09,90.08617825806141
2024-07-25,MG95,94.15,95.49752182662488
2024-07-25,MG92,89.73,90.42035738110542
2024-07-26,MG95,95.36,92.50103638470173
2024-07-26,MG92,90.94,88.47676948904991
2024-07-29,MG95,95.11,93.29676777720452
2024-07-29,MG92,90.69,89.36173818826676
2024-07-30,MG95,93.01,93.76750316023828
2024-07-30,MG92,88.91,88.80655669450759
2024-07-31,MG95,93.39,92.00796376168728
2024-07-31,MG92,89.28,87.59468382775783
2024-08-01,MG95,93.51,93.75622051656246
2024-08-01,MG92,89.4,89.73081015348434
2024-08-02,MG95,92.86,91.74928962886334
2024-08-02,MG92,87.7,87.59327733635902
2024-08-05,MG95,87.55,93.02930241823196
2024-08-05,MG92,82.85,89.15679999709128
2024-08-06,MG95,87.23,93.36682963073254
2024-08-06,MG92,83.27,88.95032059311866
2024-08-07,MG95,87.3,90.28760290145874
2024-08-07,MG92,82.76,86.57824859917163
2024-08-08,MG95,89.62,91.07106534540654
2024-08-08,MG92,85.03,87.20893874228
2024-08-09,MG95,89.62,90.64000450372697
2024-08-09,MG92,85.03,86.54178221106528
2024-08-12,MG95,91.37,90.80666152238847
2024-08-12,MG92,86.89,86.9768946057558
2024-08-13,MG95,91.98,91.90596387386323
2024-08-13,MG92,87.5,87.36706394195556
2024-08-14,MG95,90.6,92.58127485215664
2024-08-14,MG92,86.12,88.47653776824474
2024-08-15,MG95,88.66,92.1830129235983
2024-08-15,MG92,83.84,87.80368521630764
2024-08-16,MG95,90.15,91.886186465621
2024-08-16,MG92,85.99,87.41413020968437
2024-08-19,MG95,88.79,92.65345184504986
2024-08-19,MG92,84.63,88.04468024253845
2024-08-20,MG95,87.02,91.00501142442226
2024-08-20,MG92,82.86,86.11118028879166
2024-08-21,MG95,87.66,88.61844437718392
2024-08-21,MG92,83.5,84.86739461719989
2024-08-22,MG95,85.72,91.1539320588112
2024-08-22,MG92,81.82,87.36885843098163
2024-08-23,MG95,87.27,89.93716250658036
2024-08-23,MG92,83.04,85.62330021679401
2024-08-26,MG95,89.06,91.60574521124363
2024-08-26,MG92,85.58,87.17192269086837
2024-08-27,MG95,89.58,88.63476116657257
2024-08-27,MG92,86.1,84.74772429347038
2024-08-28,MG95,86.67,91.14004967510701
2024-08-28,MG92,83.14,86.66201836466789
2024-08-29,MG95,86.07,91.67075581550598
2024-08-29,MG92,81.88,87.36819560170173
2024-08-30,MG95,89.03,89.05826793909074
2024-08-30,MG92,84.84,85.37189392089843
2024-09-02,MG95,86.59,86.65890173316002
2024-09-02,MG92,82.4,82.87781822860241
2024-09-03,MG95,87.9,87.67374103963375
2024-09-03,MG92,83.71,83.50966697573662
2024-09-04,MG95,81.98,88.32176044881345
2024-09-04,MG92,77.79,84.2997379219532
2024-09-05,MG95,80.92,86.98642336726189
2024-09-05,MG92,77.08,84.1590618377924
2024-09-06,MG95,80.78,89.54323347806931
2024-09-06,MG92,76.35,86.58887003421783
2024-09-09,MG95,81.59,86.87633920013906
2024-09-09,MG92,77.16,83.4672081798315
2024-09-10,MG95,80.21,88.03419841527939
2024-09-10,MG92,76.35,84.55661390662193
2024-09-11,MG95,79.47,88.36086487174035
2024-09-11,MG92,75.61,85.11350366771221
2024-09-12,MG95,80.35,89.14153943657875
2024-09-12,MG92,76.49,84.51759320080279
2024-09-13,MG95,80.31,88.08701988756657
2024-09-13,MG92,75.89,84.71840891718864
2024-09-16,MG95,80.46,88.4468729376793
2024-09-16,MG92,76.04,85.06015938282013
2024-09-17,MG95,82.54,85.71049832701684
2024-09-17,MG92,77.43,82.83494449079036
2024-09-18,MG95,83.86,86.75459040999414
2024-09-18,MG92,79.24,83.78965037465095
2024-07-25,MG95,94.15,94.60537442207337
2024-07-25,MG92,89.73,90.8287964808941
2024-07-26,MG95,95.36,94.2334572172165
2024-07-26,MG92,90.94,89.76394652605057
2024-07-29,MG95,95.11,92.21735250592232
2024-07-29,MG92,90.69,88.59807574868202
2024-07-30,MG95,93.01,93.09463077306748
2024-07-30,MG92,88.91,88.48951447367668
2024-07-31,MG95,93.39,93.38639917373658
2024-07-31,MG92,89.28,89.36385648965836
2024-08-01,MG95,93.51,91.43920682787896
2024-08-01,MG92,89.4,87.80186237871648
2024-08-02,MG95,92.86,94.72439372420311
2024-08-02,MG92,87.7,91.8171055328846
2024-08-05,MG95,87.55,92.25162475883961
2024-08-05,MG92,82.85,88.76161329448223
2024-08-06,MG95,87.23,93.6504443371296
2024-08-06,MG92,83.27,89.05582369565964
2024-08-07,MG95,87.3,92.81356931626797
2024-08-07,MG92,82.76,87.38211406409741
2024-08-08,MG95,89.62,92.47746825993062
2024-08-08,MG92,85.03,88.07172561466695
2024-08-09,MG95,89.62,93.2996177494526
2024-08-09,MG92,85.03,89.22367841601373
2024-08-12,MG95,91.37,92.7545668655634
2024-08-12,MG92,86.89,88.48090136528016
2024-08-13,MG95,91.98,92.10911260485649
2024-08-13,MG92,87.5,87.79858599901199
2024-08-14,MG95,90.6,92.77939738869668
2024-08-14,MG92,86.12,88.0555773639679
2024-08-15,MG95,88.66,92.27939258515835
2024-08-15,MG92,83.84,88.63276714026928
2024-08-16,MG95,90.15,91.28282190799713
2024-08-16,MG92,85.99,87.157084659338
2024-08-19,MG95,88.79,91.63860902667047
2024-08-19,MG92,84.63,87.1598831230402
2024-08-20,MG95,87.02,93.46979740440845
2024-08-20,MG92,82.86,88.29974464952946
2024-08-21,MG95,87.66,91.1366534525156
2024-08-21,MG92,83.5,86.1111336272955
2024-08-22,MG95,85.72,89.8937394618988
2024-08-22,MG92,81.82,85.15145174384118
2024-08-23,MG95,87.27,92.45458293378354
2024-08-23,MG92,83.04,88.62317695915699
2024-08-26,MG95,89.06,91.40677387297154
2024-08-26,MG92,85.58,87.10256506383419
2024-08-27,MG95,89.58,92.12788459181786
2024-08-27,MG92,86.1,87.35161771297456
2024-08-28,MG95,86.67,92.03303255081177
2024-08-28,MG92,83.14,88.17663879752159
2024-08-29,MG95,86.07,91.39212637245656
2024-08-29,MG92,81.88,87.21485939383507
2024-08-30,MG95,89.03,89.66193217635156
2024-08-30,MG92,84.84,84.18138846278191
2024-09-02,MG95,86.59,90.1629903960228
2024-09-02,MG92,82.4,85.77602954685689
2024-09-03,MG95,87.9,91.11293208181858
2024-09-03,MG92,83.71,86.59216139376164
2024-09-04,MG95,81.98,91.20734380602838
2024-09-04,MG92,77.79,86.63694743335247
2024-09-05,MG95,80.92,91.61446963369846
2024-09-05,MG92,77.08,88.02285604834557
2024-09-06,MG95,80.78,91.74316475808621
2024-09-06,MG92,76.35,87.32949020206928
2024-09-09,MG95,81.59,92.17680991888047
2024-09-09,MG92,77.16,87.58018900632858
2024-09-10,MG95,80.21,90.49088149487973
2024-09-10,MG92,76.35,85.23700401842595
2024-09-11,MG95,79.47,90.21145868539811
2024-09-11,MG92,75.61,84.89770489752293
2024-09-12,MG95,80.35,91.06185533344747
2024-09-12,MG92,76.49,86.76639363765717
2024-09-13,MG95,80.31,89.19478949725628
2024-09-13,MG92,75.89,83.87956326663495
2024-09-16,MG95,80.46,89.68857412934304
2024-09-16,MG92,76.04,84.37682955682278
2024-09-17,MG95,82.54,89.94677812814713
2024-09-17,MG92,77.43,85.42711369395256
2024-09-18,MG95,83.86,89.06036468088628
2024-09-18,MG92,79.24,83.9252414160967
2024-09-19,MG95,86.33,89.67730982244015
2024-09-19,MG92,81.71,84.5685004246235
2024-09-20,MG95,85.86,91.34935433328152
2024-09-20,MG92,81.24,85.80548510313034
2024-09-23,MG95,85.82,89.55766070008278
2024-09-23,MG92,81.16,84.77683463037015
2024-09-24,MG95,85.14,89.84926746547222
2024-09-24,MG92,80.48,84.61282447874547
2024-09-25,MG95,84.78,89.59635841548443
2024-09-25,MG92,80.12,83.52293703556062
2024-09-26,MG95,81.86,87.8496328318119
2024-09-26,MG92,77.2,82.47964640259742
2024-09-27,MG95,81.67,89.6178559076786
2024-09-27,MG92,77.01,83.93007367789745
2024-09-30,MG95,81.6,87.30279281258584
2024-09-30,MG92,76.94,82.06212836265564
2024-10-01,MG95,79.71,88.37683137774468
2024-10-01,MG92,73.6,82.3314605808258
2024-10-02,MG95,84.21,88.87564342439175
2024-10-02,MG92,78.2,83.07308532297611
2024-10-03,MG95,84.86,88.91678796350956
2024-10-03,MG92,78.85,83.26145326018334
2024-10-04,MG95,88.97,88.98768454134465
2024-10-04,MG92,82.55,83.95654491424561
2024-10-07,MG95,88.88,88.88555891275406
2024-10-07,MG92,82.46,82.80858536660672
2024-10-08,MG95,90.15,89.52417990267277
2024-10-08,MG92,83.73,84.89646762609482
2024-10-09,MG95,88.5,88.41091412723065
2024-10-09,MG92,82.08,82.54682015180587
2024-10-10,MG95,88.37,89.18176949679852
2024-10-10,MG92,81.95,83.097703307271
2024-10-11,MG95,89.88,89.50651706814766
2024-10-11,MG92,83.46,85.19497396111488
2024-10-14,MG95,89.17,87.48906911194325
2024-10-14,MG92,82.75,82.23311077773572
2024-10-15,MG95,84.88,88.48839316248895
2024-10-15,MG92,78.39,82.82048547506332
2024-10-16,MG95,84.95,87.329161657691
2024-10-16,MG92,78.46,80.96914508581162
2024-08-22,MG95,85.72,86.41566933631897
2024-08-22,MG92,81.82,81.16916710138321
2024-08-23,MG95,87.27,86.76689524054527
2024-08-23,MG92,83.04,81.17040637135506
2024-08-26,MG95,89.06,87.19109270095825
2024-08-26,MG92,85.58,81.51355972886086
2024-08-27,MG95,89.58,87.71369151592255
2024-08-27,MG92,86.1,81.76835164427757
2024-08-28,MG95,86.67,87.7102535033226
2024-08-28,MG92,83.14,81.00203984975815
2024-08-29,MG95,86.07,88.93384114265442
2024-08-29,MG92,81.88,82.84909957647324
2024-08-30,MG95,89.03,88.82566391944884
2024-08-30,MG92,84.84,82.55792587995529
2024-09-02,MG95,86.59,88.01904764413834
2024-09-02,MG92,82.4,81.82550737261772
2024-09-03,MG95,87.9,88.4458732509613
2024-09-03,MG92,83.71,82.53155779838562
2024-09-04,MG95,81.98,85.96933901667595
2024-09-04,MG92,77.79,80.77463629841805
2024-09-05,MG95,80.92,87.25002483487128
2024-09-05,MG92,77.08,81.23543071746826
2024-09-06,MG95,80.78,87.59649604082107
2024-09-06,MG92,76.35,81.68314063549042
2024-09-09,MG95,81.59,88.96543114900588
2024-09-09,MG92,77.16,82.52848201990128
2024-09-10,MG95,80.21,87.88738952636719
2024-09-10,MG92,76.35,82.83124214410782
2024-09-11,MG95,79.47,86.55550971508026
2024-09-11,MG92,75.61,81.6057833135128
2024-09-12,MG95,80.35,87.75091401100158
2024-09-12,MG92,76.49,82.29985412955284
2024-09-13,MG95,80.31,86.56577672839164
2024-09-13,MG92,75.89,80.63404136896133
2024-09-16,MG95,80.46,88.68111064195632
2024-09-16,MG92,76.04,81.49905180931091
2024-09-17,MG95,82.54,85.7181968986988
2024-09-17,MG92,77.43,80.53968265652657
2024-09-18,MG95,83.86,87.40140711307525
2024-09-18,MG92,79.24,81.72427543997765
2024-09-19,MG95,86.33,84.88421237111092
2024-09-19,MG92,81.71,79.25911363959312
2024-09-20,MG95,85.86,86.01280531883239
2024-09-20,MG92,81.24,80.35819679498672
2024-09-23,MG95,85.82,84.9894113767147
2024-09-23,MG92,81.16,79.58576828241348
2024-09-24,MG95,85.14,86.83025812625884
2024-09-24,MG92,80.48,81.23306167125702
2024-09-25,MG95,84.78,86.35892645359039
2024-09-25,MG92,80.12,80.41294863820076
2024-09-26,MG95,81.86,85.15237735390663
2024-09-26,MG92,77.2,80.6788541674614
2024-09-27,MG95,81.67,86.29962857365608
2024-09-27,MG92,77.01,80.56231799721718
2024-09-30,MG95,81.6,87.40222742915154
2024-09-30,MG92,76.94,81.32749006152153
2024-10-01,MG95,79.71,84.92346214413642
2024-10-01,MG92,73.6,80.08391001820564
2024-10-02,MG95,84.21,86.06394706249236
2024-10-02,MG92,78.2,80.93963339924812
2024-10-03,MG95,84.86,86.7916039967537
2024-10-03,MG92,78.85,81.81676778197289
2024-10-04,MG95,88.97,85.52377153873444
2024-10-04,MG92,82.55,79.89158427715302
2024-10-07,MG95,88.88,85.53922169566154
2024-10-07,MG92,82.46,81.08379682898521
2024-10-08,MG95,90.15,85.17906636357307
2024-10-08,MG92,83.73,80.60485631227493
2024-10-09,MG95,88.5,84.88909246802329
2024-10-09,MG92,82.08,79.71934565901756
2024-10-10,MG95,88.37,84.33219190120697
2024-10-10,MG92,81.95,79.83558320999146
2024-10-11,MG95,89.88,83.28111098527908
2024-10-11,MG92,83.46,79.4752741754055
2024-10-14,MG95,89.17,84.18298319935798
2024-10-14,MG92,82.75,80.35827642679214
2024-10-15,MG95,84.88,83.94767788410186
2024-10-15,MG92,78.39,79.67000877857208
2024-10-16,MG95,84.95,83.86546340346337
2024-10-16,MG92,78.46,80.31349846720695
2024-10-17,MG95,85.98,83.65510196685791
2024-10-17,MG92,79.49,79.63504046201706
2024-10-18,MG95,87.47,81.70588467121124
2024-10-18,MG92,80.98,78.58312422037125
2024-10-21,MG95,85.8,82.35874131917953
2024-10-21,MG92,79.31,79.30351334810257
2024-10-22,MG95,84.73,82.55740933299064
2024-10-22,MG92,79.06,79.24533236026764
2024-10-23,MG95,85.75,82.11112603783607
2024-10-23,MG92,79.75,78.66723531484604
2024-10-24,MG95,85.97,81.93033255457878
2024-10-24,MG92,79.98,78.74840500950813
2024-10-25,MG95,84.63,82.36624433755874
2024-10-25,MG92,78.9,79.81293293833733
2024-10-28,MG95,82.69,83.26660131812095
2024-10-28,MG92,76.96,79.75469720363617
2024-10-29,MG95,82.16,81.5353895509243
2024-10-29,MG92,76.43,78.14813548326492
2024-10-30,MG95,82.79,83.70726257443428
2024-10-30,MG92,77.26,79.56667655706406
2024-10-31,MG95,82.79,82.39398878574372
2024-10-31,MG92,77.26,80.01740252971649
2024-11-01,MG95,84.91,82.30698303222655
2024-11-01,MG92,79.38,79.0708341896534
2024-11-04,MG95,85.84,82.65077906727791
2024-11-04,MG92,80.31,80.0725624859333
2024-11-05,MG95,86.73,81.1249441409111
2024-11-05,MG92,81.2,79.60430258512497
2024-11-06,MG95,84.52,79.74065292477607
2024-11-06,MG92,78.99,77.47812342643738
2024-11-07,MG95,85.19,80.9130883705616
2024-11-07,MG92,79.66,78.74772813916206
2024-11-08,MG95,85.81,80.2970989215374
2024-11-08,MG92,79.85,78.79106277227402
2024-11-11,MG95,84.45,81.1925131058693
2024-11-11,MG92,78.49,78.66456267237663
2024-11-12,MG95,82.87,80.69035949349403
2024-11-12,MG92,76.91,78.34216833114624
2024-11-13,MG95,82.32,82.32931443929672
2024-11-13,MG92,76.36,80.37142065167427
2024-09-19,MG95,86.33,84.29660421848297
2024-09-19,MG92,81.71,80.99354440689086
2024-09-20,MG95,85.86,83.72580173492432
2024-09-20,MG92,81.24,80.68764992237091
2024-09-23,MG95,85.82,83.78872716546059
2024-09-23,MG92,81.16,80.23839130878449
2024-09-24,MG95,85.14,82.9700617659092
2024-09-24,MG92,80.48,79.95547929286957
2024-09-25,MG95,84.78,83.16049754142762
2024-09-25,MG92,80.12,79.14372489929198
2024-09-26,MG95,81.86,82.33658377408982
2024-09-26,MG92,77.2,78.73864117860793
2024-09-27,MG95,81.67,83.68060579061508
2024-09-27,MG92,77.01,80.43042197227477
2024-09-30,MG95,81.6,82.97413050055503
2024-09-30,MG92,76.94,79.12528602600098
2024-10-01,MG95,79.71,81.99935365080833
2024-10-01,MG92,73.6,78.34993234872817
2024-10-02,MG95,84.21,83.69588104009628
2024-10-02,MG92,78.2,79.24353285789489
2024-10-03,MG95,84.86,81.14822834610939
2024-10-03,MG92,78.85,78.00209226131439
2024-10-04,MG95,88.97,83.50984389662743
2024-10-04,MG92,82.55,79.77814682960509
2024-10-07,MG95,88.88,80.86356687426567
2024-10-07,MG92,82.46,77.07360714197158
2024-10-08,MG95,90.15,81.56550357580186
2024-10-08,MG92,83.73,77.63574717760086
2024-10-09,MG95,88.5,81.10774093747139
2024-10-09,MG92,82.08,76.58468416929244
2024-10-10,MG95,88.37,81.20517063736915
2024-10-10,MG92,81.95,77.53598172664641
2024-10-11,MG95,89.88,82.33305987000465
2024-10-11,MG92,83.46,78.56742981672286
2024-10-14,MG95,89.17,81.54718927145004
2024-10-14,MG92,82.75,78.24295476675033
2024-10-15,MG95,84.88,80.95971697211266
2024-10-15,MG92,78.39,77.31912187337875
2024-10-16,MG95,84.95,81.25510510802269
2024-10-16,MG92,78.46,77.4057099533081
2024-10-17,MG95,85.98,80.93471974611282
2024-10-17,MG92,79.49,77.96231927156448
2024-10-18,MG95,87.47,80.36615656614303
2024-10-18,MG92,80.98,76.17143898010254
2024-10-21,MG95,85.8,79.72541083455086
2024-10-21,MG92,79.31,76.2519248509407
2024-10-22,MG95,84.73,79.99685141801834
2024-10-22,MG92,79.06,76.32798520326614
2024-10-23,MG95,85.75,81.1314885520935
2024-10-23,MG92,79.75,76.47540172815323
2024-10-24,MG95,85.97,81.62701444625854
2024-10-24,MG92,79.98,78.26224379301071
2024-10-25,MG95,84.63,78.80875091075897
2024-10-25,MG92,78.9,75.1246692442894
2024-10-28,MG95,82.69,80.6923851108551
2024-10-28,MG92,76.96,76.93222670316696
2024-10-29,MG95,82.16,81.11458880782128
2024-10-29,MG92,76.43,76.7489195537567
2024-10-30,MG95,82.79,80.52080847024918
2024-10-30,MG92,77.26,76.9579249382019
2024-10-31,MG95,82.79,79.4226949775219
2024-10-31,MG92,77.26,75.73543802976607
2024-11-01,MG95,84.91,79.76206943392754
2024-11-01,MG92,79.38,75.30425461292266
2024-11-04,MG95,85.84,80.73380722880363
2024-11-04,MG92,80.31,76.55356857061386
2024-11-05,MG95,86.73,79.64372623801232
2024-11-05,MG92,81.2,75.48891256093978
2024-11-06,MG95,84.52,80.00057026147843
2024-11-06,MG92,78.99,75.38448071479797
2024-11-07,MG95,85.19,80.45868778944015
2024-11-07,MG92,79.66,76.98523846387863
2024-11-08,MG95,85.81,79.58094576239586
2024-11-08,MG92,79.85,75.73105501890181
2024-11-11,MG95,84.45,81.01892355918885
2024-11-11,MG92,78.49,76.68103483915328
2024-11-12,MG95,82.87,78.50734464645386
2024-11-12,MG92,76.91,73.99633677721023
2024-11-13,MG95,82.32,79.66422486305237
2024-11-13,MG92,76.36,75.23574645280837
2024-11-14,MG95,82.48,77.7088429760933
2024-11-14,MG92,76.52,73.37853061437606
2024-11-15,MG95,82.19,78.93870549559593
2024-11-15,MG92,76.23,74.69672585487365
2024-11-18,MG95,83.44,77.39514053583144
2024-11-18,MG92,77.28,73.73558069229125
2024-11-19,MG95,84.69,77.8222577047348
2024-11-19,MG92,78.56,73.70274117231368
2024-11-20,MG95,85.43,78.16769027709961
2024-11-20,MG92,79.3,73.42586524248122
2024-11-21,MG95,85.13,78.04893720865249
2024-11-21,MG92,79.38,74.58895007371902
2024-11-22,MG95,86.07,78.93172266721726
2024-11-22,MG92,80.32,74.02502943992614
2024-11-25,MG95,86.12,76.76927517652511
2024-11-25,MG92,81.55,73.10941941499709
2024-11-26,MG95,84.78,78.69280696868897
2024-11-26,MG92,80.31,74.82855624198913
2024-11-27,MG95,84.71,76.79251794815063
2024-11-27,MG92,80.24,72.47629160642623
2024-11-28,MG95,83.13,77.1672813987732
2024-11-28,MG92,79.73,72.80181045532225
2024-11-29,MG95,83.87,76.35442419290543
2024-11-29,MG92,80.27,72.061837310791
2024-12-02,MG95,83.6,77.39157664418221
2024-12-02,MG92,80.44,73.30070383310317
2024-12-03,MG95,83.69,78.46882162690163
2024-12-03,MG92,80.83,73.92108879327773
2024-12-04,MG95,85.39,77.79844511032104
2024-12-04,MG92,82.53,73.26872863531112
2024-12-05,MG95,84.16,76.35085030436515
2024-12-05,MG92,80.81,72.58104462146758
2024-12-06,MG95,83.27,76.35330454111099
2024-12-06,MG92,79.85,72.06269690990447
2024-12-09,MG95,83.41,77.03644708752633
2024-12-09,MG92,80.06,72.8369453883171
2024-12-10,MG95,84.31,75.26537288188935
2024-12-10,MG92,80.96,71.31554941892624
2024-12-11,MG95,85.42,77.01660325884819
2024-12-11,MG92,82.07,72.891884162426
2024-10-17,MG95,85.98,82.74213858246803
2024-10-17,MG92,79.49,76.39955010533332
2024-10-18,MG95,87.47,83.83309682309628
2024-10-18,MG92,80.98,77.16380155563354
2024-10-21,MG95,85.8,84.19415372610092
2024-10-21,MG92,79.31,77.26487648844719
2024-10-22,MG95,84.73,82.78553204536438
2024-10-22,MG92,79.06,76.69072803258895
2024-10-23,MG95,85.75,82.38950720131398
2024-10-23,MG92,79.75,76.3614453279972
2024-10-24,MG95,85.97,84.01172396242619
2024-10-24,MG92,79.98,76.98809307575225
2024-10-25,MG95,84.63,85.05776971578598
2024-10-25,MG92,78.9,78.35752676963806
2024-10-28,MG95,82.69,83.58259451389313
2024-10-28,MG92,76.96,77.11893444299697
2024-10-29,MG95,82.16,82.3071963340044
2024-10-29,MG92,76.43,76.0489936363697
2024-10-30,MG95,82.79,82.92369237542152
2024-10-30,MG92,77.26,76.53700415730476
2024-10-31,MG95,82.79,83.22701116204261
2024-10-31,MG92,77.26,75.96570373892783
2024-11-01,MG95,84.91,82.28849208056927
2024-11-01,MG92,79.38,75.57850158572197
2024-11-04,MG95,85.84,81.48419905602933
2024-11-04,MG92,80.31,75.52770924568176
2024-11-05,MG95,86.73,81.59884488880634
2024-11-05,MG92,81.2,75.20719045281409
2024-11-06,MG95,84.52,82.16505616009236
2024-11-06,MG92,78.99,75.58624600291252
2024-11-07,MG95,85.19,81.36559869647026
2024-11-07,MG92,79.66,74.77304946184158
2024-11-08,MG95,85.81,81.45740346610546
2024-11-08,MG92,79.85,74.55894625663757
2024-11-11,MG95,84.45,79.77511435449124
2024-11-11,MG92,78.49,73.00530673623085
2024-11-12,MG95,82.87,80.59584828615189
2024-11-12,MG92,76.91,74.67911566734314
2024-11-13,MG95,82.32,80.99000473022461
2024-11-13,MG92,76.36,74.87428807497024
2024-11-14,MG95,82.48,80.89831135571004
2024-11-14,MG92,76.52,74.41138143777847
2024-11-15,MG95,82.19,79.73834383785724
2024-11-15,MG92,76.23,72.79067507743835
2024-11-18,MG95,83.44,80.0288623124361
2024-11-18,MG92,77.28,73.76399305582046
2024-11-19,MG95,84.69,79.09219644069672
2024-11-19,MG92,78.56,73.02534588336944
2024-11-20,MG95,85.43,79.8385994464159
2024-11-20,MG92,79.3,73.92290793538093
2024-11-21,MG95,85.13,78.52144328653813
2024-11-21,MG92,79.38,73.39718079328536
2024-11-22,MG95,86.07,80.46727806329727
2024-11-22,MG92,80.32,73.96686311483383
2024-11-25,MG95,86.12,80.16359977424145
2024-11-25,MG92,81.55,73.82123440027236
2024-11-26,MG95,84.78,80.69057970941067
2024-11-26,MG92,80.31,73.7133223068714
2024-11-27,MG95,84.71,78.61202777326108
2024-11-27,MG92,80.24,73.34713202953338
2024-11-28,MG95,83.13,78.89094596505166
2024-11-28,MG92,79.73,72.77596255540847
2024-11-29,MG95,83.87,79.41870566606522
2024-11-29,MG92,80.27,73.36319140672683
2024-12-02,MG95,83.6,79.83594115376472
2024-12-02,MG92,80.44,73.6441322994232
2024-12-03,MG95,83.69,79.708084872365
2024-12-03,MG92,80.83,73.27384066104888
2024-12-04,MG95,85.39,80.32966458201409
2024-12-04,MG92,82.53,74.0115384876728
2024-12-05,MG95,84.16,78.60276172459126
2024-12-05,MG92,80.81,73.26027857780456
2024-12-06,MG95,83.27,77.98412385880947
2024-12-06,MG92,79.85,72.4237271940708
2024-12-09,MG95,83.41,78.61320754885674
2024-12-09,MG92,80.06,72.4289041686058
2024-12-10,MG95,84.31,78.45933037996292
2024-12-10,MG92,80.96,72.55629421949386
2024-12-11,MG95,85.42,78.91431362330914
2024-12-11,MG92,82.07,72.91913606524467
2024-12-12,MG95,86.79,78.75485150814056
2024-12-12,MG92,83.44,72.24792050600051
2024-12-13,MG95,86.87,78.25163924098015
2024-12-13,MG92,83.52,71.74087162613868
2024-12-16,MG95,86.48,78.39750102460384
2024-12-16,MG92,83.13,71.88793137431144
2024-12-17,MG95,85.54,78.32969684004784
2024-12-17,MG92,82.19,72.22802165627479
2024-12-18,MG95,85.4,78.37745496630669
2024-12-18,MG92,82.05,72.74414310216903
2024-12-19,MG95,84.0,78.16787517368793
2024-12-19,MG92,80.65,71.97299837231635
2024-12-20,MG95,83.06,77.47023791372776
2024-12-20,MG92,79.71,71.89804214119911
2024-12-23,MG95,83.86,78.51964577436448
2024-12-23,MG92,80.51,72.26527997255324
2024-12-24,MG95,83.77,79.52573105990886
2024-12-24,MG92,80.42,72.6476371884346
2024-12-26,MG95,84.46,76.72704511284829
2024-12-26,MG92,81.11,70.97100827932357
2024-12-27,MG95,84.02,76.24309913814068
2024-12-27,MG92,80.67,70.89270829319953
2024-12-30,MG95,84.54,77.02320929467679
2024-12-30,MG92,81.29,71.60359060764313
2024-12-31,MG95,85.4,77.9871011465788
2024-12-31,MG92,82.15,72.078095164299
2025-01-02,MG95,85.92,77.94238613247872
2025-01-02,MG92,82.95,71.03140163898468
2025-01-03,MG95,86.22,76.85844072103501
2025-01-03,MG92,83.74,71.84839088678359
2025-01-06,MG95,86.09,77.85443968474866
2025-01-06,MG92,83.61,72.10456928610802
2025-01-07,MG95,85.84,78.21352691948414
2025-01-07,MG92,83.15,72.71565805077552
2025-01-08,MG95,85.89,77.08871975243092
2025-01-08,MG92,83.35,70.47233983159065
2025-01-09,MG95,84.21,77.58829142451286
2025-01-09,MG92,82.78,71.39079684495925
2025-01-10,MG95,85.86,77.2242977410555
2025-01-10,MG92,84.01,71.31391853928565
2024-11-14,MG95,82.48,82.09545186996459
2024-11-14,MG92,76.52,76.52645419120789
2024-11-15,MG95,82.19,82.54145693778992
2024-11-15,MG92,76.23,76.71350806713104
2024-11-18,MG95,83.44,81.88303298950194
2024-11-18,MG92,77.28,76.03781474113464
2024-11-19,MG95,84.69,81.92632440090179
2024-11-19,MG92,78.56,76.11327713012695
2024-11-20,MG95,85.43,81.23137531757354
2024-11-20,MG92,79.3,75.31884205102921
2024-11-21,MG95,85.13,81.73566162586212
2024-11-21,MG92,79.38,76.21589323520661
2024-11-22,MG95,86.07,81.55466495990753
2024-11-22,MG92,80.32,75.67157182693481
2024-11-25,MG95,86.12,82.15091178417205
2024-11-25,MG92,81.55,76.5509862947464
2024-11-26,MG95,84.78,80.96011583805084
2024-11-26,MG92,80.31,74.91896421194076
2024-11-27,MG95,84.71,82.17175525188445
2024-11-27,MG92,80.24,76.49456700801849
2024-11-28,MG95,83.13,80.91083830833435
2024-11-28,MG92,79.73,75.06248839616775
2024-11-29,MG95,83.87,81.19380015850066
2024-11-29,MG92,80.27,75.13037268638611
2024-12-02,MG95,83.6,80.44267969608306
2024-12-02,MG92,80.44,74.91647459030152
2024-12-03,MG95,83.69,81.35075912475585
2024-12-03,MG92,80.83,75.59347417116165
2024-12-04,MG95,85.39,80.35895745277404
2024-12-04,MG92,82.53,75.10100243330002
2024-12-05,MG95,84.16,80.71106387615202
2024-12-05,MG92,80.81,75.45283558130264
2024-12-06,MG95,83.27,80.99300514221191
2024-12-06,MG92,79.85,75.3730721092224
2024-12-09,MG95,83.41,80.80838736534118
2024-12-09,MG92,80.06,75.1375047469139
2024-12-10,MG95,84.31,80.35568471431732
2024-12-10,MG92,80.96,74.70403749704361
2024-12-11,MG95,85.42,80.27437163829802
2024-12-11,MG92,82.07,74.87506130456924
2024-12-12,MG95,86.79,79.58201817512511
2024-12-12,MG92,83.44,74.00606501579284
2024-12-13,MG95,86.87,79.41686509609222
2024-12-13,MG92,83.52,74.02164449453353
2024-12-16,MG95,86.48,79.80809227466582
2024-12-16,MG92,83.13,74.37726896762848
2024-12-17,MG95,85.54,80.57017910957336
2024-12-17,MG92,82.19,74.63329492092133
2024-12-18,MG95,85.4,80.12261863231659
2024-12-18,MG92,82.05,74.48711726427078
2024-12-19,MG95,84.0,79.84945046424865
2024-12-19,MG92,80.65,73.81870619535447
2024-12-20,MG95,83.06,79.02034363746642
2024-12-20,MG92,79.71,73.4685388636589
2024-12-23,MG95,83.86,78.80298866271973
2024-12-23,MG92,80.51,73.3911967420578
2024-12-24,MG95,83.77,79.4228708410263
2024-12-24,MG92,80.42,73.99168710947036
2024-12-26,MG95,84.46,79.27280572414398
2024-12-26,MG92,81.11,73.73793231010437
2024-12-27,MG95,84.02,80.15606729507445
2024-12-27,MG92,80.67,74.25974699258805
2024-12-30,MG95,84.54,79.56917746067046
2024-12-30,MG92,81.29,73.68645585536957
2024-12-31,MG95,85.4,79.71462050914764
2024-12-31,MG92,82.15,74.35387926816941
2025-01-02,MG95,85.92,78.5137315750122
2025-01-02,MG92,82.95,72.79323695898056
2025-01-03,MG95,86.22,78.6032142305374
2025-01-03,MG92,83.74,73.15744539260864
2025-01-06,MG95,86.09,80.34261338710785
2025-01-06,MG92,83.61,75.03038729667664
2025-01-07,MG95,85.84,78.92870205402373
2025-01-07,MG92,83.15,73.4796852684021
2025-01-08,MG95,85.89,80.30997922897338
2025-01-08,MG92,83.35,75.05710407733918
2025-01-09,MG95,84.21,79.56195486545562
2025-01-09,MG92,82.78,73.68281472682953
2025-01-10,MG95,85.86,79.5066078042984
2025-01-10,MG92,84.01,73.93473985910416
2025-01-13,MG95,89.09,80.11533715724944
2025-01-13,MG92,87.14,74.54051896572113
2025-01-14,MG95,88.44,79.5678330373764
2025-01-14,MG92,86.3,74.22979415893555
2025-01-15,MG95,88.1,78.61517174720764
2025-01-15,MG92,86.34,72.84036681652069
2025-01-16,MG95,88.92,79.56004127025604
2025-01-16,MG92,86.78,73.84984694719314
2025-01-17,MG95,87.72,79.71130361080169
2025-01-17,MG92,85.58,73.78634566545486
2025-01-20,MG95,86.93,79.90122548103332
2025-01-20,MG92,84.54,74.55461923599243
2025-01-21,MG95,85.82,79.88583821296692
2025-01-21,MG92,83.43,74.66172758340835
2025-01-22,MG95,85.75,78.9275882434845
2025-01-22,MG92,83.26,73.37945410251618
2025-01-23,MG95,86.31,79.76724437713622
2025-01-23,MG92,83.9,73.80975812196732
2025-01-24,MG95,86.31,79.18872529506683
2025-01-24,MG92,83.9,73.8099265241623
2025-01-27,MG95,87.49,79.56126302719116
2025-01-27,MG92,85.08,74.2675799703598
2025-01-28,MG95,87.02,80.0817805480957
2025-01-28,MG92,84.91,74.67401639223098
2025-01-29,MG95,87.02,79.00365610599518
2025-01-29,MG92,84.91,73.48062741041183
2025-01-30,MG95,87.02,79.22197769165038
2025-01-30,MG92,84.91,73.68383424282074
2025-01-31,MG95,87.06,78.8022919178009
2025-01-31,MG92,84.88,73.17285646915435
2025-02-03,MG95,87.84,80.52872278690337
2025-02-03,MG92,86.41,74.88503799676896
2025-02-04,MG95,84.87,78.71539506912231
2025-02-04,MG92,83.3,73.26317011117935
2025-02-05,MG95,85.97,78.41482323646545
2025-02-05,MG92,84.06,72.90433689355851
2025-02-06,MG95,84.77,78.82512748718261
2025-02-06,MG92,83.21,73.11938649654388
2025-02-07,MG95,85.49,79.07809986591339
2025-02-07,MG92,83.86,73.5275479030609
2024-12-12,MG95,86.79,86.43665649414062
2024-12-12,MG92,83.44,83.07869907617568
2024-12-13,MG95,86.87,86.77075604915619
2024-12-13,MG92,83.52,83.4913282418251
2024-12-16,MG95,86.48,87.47057293176651
2024-12-16,MG92,83.13,84.66125950336456
2024-12-17,MG95,85.54,87.09256489515305
2024-12-17,MG92,82.19,82.87778498888015
2024-12-18,MG95,85.4,87.09400067806244
2024-12-18,MG92,82.05,82.56841094970703
2024-12-19,MG95,84.0,86.07093916654587
2024-12-19,MG92,80.65,82.86655352354049
2024-12-20,MG95,83.06,85.31854819059372
2024-12-20,MG92,79.71,81.60563076078891
2024-12-23,MG95,83.86,85.63153868198395
2024-12-23,MG92,80.51,81.77670026183128
2024-12-24,MG95,83.77,85.62317855596542
2024-12-24,MG92,80.42,83.00968622207641
2024-12-26,MG95,84.46,84.81397741794586
2024-12-26,MG92,81.11,80.81663988769054
2024-12-27,MG95,84.02,85.57304834842682
2024-12-27,MG92,80.67,81.41431918501853
2024-12-30,MG95,84.54,84.28821102738381
2024-12-30,MG92,81.29,80.66648752331733
2024-12-31,MG95,85.4,86.2028377199173
2024-12-31,MG92,82.15,82.29856227636337
2025-01-02,MG95,85.92,86.57075454473495
2025-01-02,MG92,82.95,82.79991806149482
2025-01-03,MG95,86.22,84.93320849657059
2025-01-03,MG92,83.74,81.13453046917914
2025-01-06,MG95,86.09,85.2491418337822
2025-01-06,MG92,83.61,80.9716399794817
2025-01-07,MG95,85.84,85.8351143693924
2025-01-07,MG92,83.15,81.13145844817161
2025-01-08,MG95,85.89,83.7075081205368
2025-01-08,MG92,83.35,81.3497186923027
2025-01-09,MG95,84.21,83.76152308821678
2025-01-09,MG92,82.78,80.69942369759082
2025-01-10,MG95,85.86,82.4720831155777
2025-01-10,MG92,84.01,79.66729801535605
2025-01-13,MG95,89.09,83.26702825307846
2025-01-13,MG92,87.14,80.40078705668449
2025-01-14,MG95,88.44,83.49528718709946
2025-01-14,MG92,86.3,79.30897709369658
2025-01-15,MG95,88.1,81.7695219528675
2025-01-15,MG92,86.34,78.62334896564484
2025-01-16,MG95,88.92,82.70099884390831
2025-01-16,MG92,86.78,79.04544856548308
2025-01-17,MG95,87.72,80.76049241900444
2025-01-17,MG92,85.58,77.93650768280028
2025-01-20,MG95,86.93,81.80176597118378
2025-01-20,MG92,84.54,77.94843377709388
2025-01-21,MG95,85.82,81.12763534665108
2025-01-21,MG92,83.43,78.14599701344966
2025-01-22,MG95,85.75,82.27248383402825
2025-01-22,MG92,83.26,79.09241917967796
2025-01-23,MG95,86.31,81.32866022825242
2025-01-23,MG92,83.9,78.39955614864826
2025-01-24,MG95,86.31,81.30182330727577
2025-01-24,MG92,83.9,78.00775117635726
2025-01-27,MG95,87.49,80.38846171975136
2025-01-27,MG92,85.08,76.99481584191322
2025-01-28,MG95,87.02,79.89968455910683
2025-01-28,MG92,84.91,76.58193230509757
2025-01-29,MG95,87.02,80.8582427597046
2025-01-29,MG92,84.91,76.66792443454266
2025-01-30,MG95,87.02,79.27753233075143
2025-01-30,MG92,84.91,75.77125629007816
2025-01-31,MG95,87.06,78.89366405963898
2025-01-31,MG92,84.88,76.10887042045593
2025-02-03,MG95,87.84,80.9609368777275
2025-02-03,MG92,86.41,77.29114846706389
2025-02-04,MG95,84.87,79.58245799899102
2025-02-04,MG92,83.3,76.46190824866294
2025-02-05,MG95,85.97,80.16646524310111
2025-02-05,MG92,84.06,76.31757707059383
2025-02-06,MG95,84.77,79.28626413106919
2025-02-06,MG92,83.21,76.62780227482318
2025-02-07,MG95,85.49,79.46623086333275
2025-02-07,MG92,83.86,75.56399759888649
2025-02-10,MG95,86.48,77.12720303535461
2025-02-10,MG92,85.04,74.51338598132133
2025-02-11,MG95,87.44,77.66901251792908
2025-02-11,MG92,86.0,74.90735310852527
2025-02-12,MG95,87.69,77.62700823068619
2025-02-12,MG92,86.17,74.21862850069999
2025-02-13,MG95,86.03,78.54509975552558
2025-02-13,MG92,84.59,75.71628276765345
2025-02-14,MG95,86.95,77.37662703871727
2025-02-14,MG92,85.55,74.05467160880565
2025-02-17,MG95,87.68,78.49181286215783
2025-02-17,MG92,86.29,75.04623487353324
2025-02-18,MG95,87.99,77.5289676785469
2025-02-18,MG92,86.6,74.12320017933845
2025-02-19,MG95,88.43,76.90885202169419
2025-02-19,MG92,87.04,73.57143487751483
2025-02-20,MG95,88.11,78.89309891104698
2025-02-20,MG92,86.72,75.61229387819766
2025-02-21,MG95,86.91,77.04119862079621
2025-02-21,MG92,85.52,75.39196931421756
2025-02-24,MG95,85.82,77.16551603674888
2025-02-24,MG92,84.43,73.78548332214355
2025-02-25,MG95,86.01,77.56517791986465
2025-02-25,MG92,84.62,74.4450530809164
2025-02-26,MG95,83.78,77.81110411167145
2025-02-26,MG92,82.55,73.82776274502277
2025-02-27,MG95,83.41,76.55778782606124
2025-02-27,MG92,81.94,72.47673388838767
2025-02-28,MG95,84.34,76.39260660290718
2025-02-28,MG92,82.75,73.13577044606208
2025-03-03,MG95,83.79,77.02913193464279
2025-03-03,MG92,82.2,74.2335092139244
2025-03-04,MG95,80.03,76.8367013847828
2025-03-04,MG92,78.44,74.15109784781932
2025-03-05,MG95,79.94,76.90542549014091
2025-03-05,MG92,78.3,73.75883305072784
2025-03-06,MG95,78.59,76.48438978910447
2025-03-06,MG92,77.03,73.13219457447528
2025-03-07,MG95,78.69,77.07136024475098
2025-03-07,MG92,76.98,74.5783827060461
2025-01-13,MG95,89.09,84.91326968550682
2025-01-13,MG92,87.14,84.3846025621891
2025-01-14,MG95,88.44,85.83093683838844
2025-01-14,MG92,86.3,84.90536071300507
2025-01-15,MG95,88.1,85.94479954004288
2025-01-15,MG92,86.34,84.73420825242997
2025-01-16,MG95,88.92,85.64633279442788
2025-01-16,MG92,86.78,84.56345638275147
2025-01-17,MG95,87.72,84.82419178605079
2025-01-17,MG92,85.58,84.04743521928788
2025-01-20,MG95,86.93,85.48470190286636
2025-01-20,MG92,84.54,84.58513836503029
2025-01-21,MG95,85.82,87.13298592567443
2025-01-21,MG92,83.43,86.04079555034637
2025-01-22,MG95,85.75,86.62855916261672
2025-01-22,MG92,83.26,86.0735739004612
2025-01-23,MG95,86.31,86.66205933094025
2025-01-23,MG92,83.9,85.52384301304818
2025-01-24,MG95,86.31,87.2200474691391
2025-01-24,MG92,83.9,85.77463294386864
2025-01-27,MG95,87.49,86.07710115194321
2025-01-27,MG92,85.08,84.60408631443978
2025-01-28,MG95,87.02,87.22931042432785
2025-01-28,MG92,84.91,85.07887665987015
2025-01-29,MG95,87.02,86.92728690862656
2025-01-29,MG92,84.91,85.31156989693642
2025-01-30,MG95,87.02,85.96754239797592
2025-01-30,MG92,84.91,84.47171105265618
2025-01-31,MG95,87.06,88.62070864677429
2025-01-31,MG92,84.88,87.25529701590538
2025-02-03,MG95,87.84,87.00879067897796
2025-02-03,MG92,86.41,85.98489309072495
2025-02-04,MG95,84.87,87.33932976722717
2025-02-04,MG92,83.3,84.83038011193275
2025-02-05,MG95,85.97,86.65262237548828
2025-02-05,MG92,84.06,85.25887216448784
2025-02-06,MG95,84.77,87.05193250894547
2025-02-06,MG92,83.21,84.75796329259873
2025-02-07,MG95,85.49,88.26370104789734
2025-02-07,MG92,83.86,86.34927057027818
2025-02-10,MG95,86.48,87.35424261331558
2025-02-10,MG92,85.04,85.11593131780624
2025-02-11,MG95,87.44,88.39841819286346
2025-02-11,MG92,86.0,86.22722053885461
2025-02-12,MG95,87.69,87.65451589107514
2025-02-12,MG92,86.17,86.52236589670181
2025-02-13,MG95,86.03,88.63354372501374
2025-02-13,MG92,84.59,86.86035445094109
2025-02-14,MG95,86.95,86.8576049208641
2025-02-14,MG92,85.55,84.67514112472534
2025-02-17,MG95,87.68,87.1942442536354
2025-02-17,MG92,86.29,84.72484444022179
2025-02-18,MG95,87.99,87.03976272583007
2025-02-18,MG92,86.6,84.4852009510994
2025-02-19,MG95,88.43,86.66130191802978
2025-02-19,MG92,87.04,84.18717133879662
2025-02-20,MG95,88.11,88.91927262783051
2025-02-20,MG92,86.72,86.14896510720253
2025-02-21,MG95,86.91,89.26146973371506
2025-02-21,MG92,85.52,86.56895461797714
2025-02-24,MG95,85.82,87.74020590305328
2025-02-24,MG92,84.43,84.94575029015542
2025-02-25,MG95,86.01,88.5530020737648
2025-02-25,MG92,84.62,85.79377117395401
2025-02-26,MG95,83.78,88.55617501974106
2025-02-26,MG92,82.55,85.5650838458538
2025-02-27,MG95,83.41,88.58718800783157
2025-02-27,MG92,81.94,85.02046049237252
2025-02-28,MG95,84.34,88.88330574989318
2025-02-28,MG92,82.75,85.48054915189743
2025-03-03,MG95,83.79,90.21097893476487
2025-03-03,MG92,82.2,86.23697492718698
2025-03-04,MG95,80.03,88.69341005086899
2025-03-04,MG92,78.44,85.41755623340607
2025-03-05,MG95,79.94,89.02853455781937
2025-03-05,MG92,78.3,85.10028824329376
2025-03-06,MG95,78.59,89.69544686079026
2025-03-06,MG92,77.03,86.74868973851204
2025-03-07,MG95,78.69,89.81797375202179
2025-03-07,MG92,76.98,86.23216783642769
2025-03-10,MG95,78.55,90.7319050168991
2025-03-10,MG92,77.31,86.80643491625786
2025-03-11,MG95,77.98,88.99810498237609
2025-03-11,MG92,76.64,85.40465720653535
2025-03-12,MG95,79.15,88.80263103961944
2025-03-12,MG92,77.74,85.02416595816612
2025-03-13,MG95,80.46,88.95016279220582
2025-03-13,MG92,79.08,85.44571777343751
2025-03-14,MG95,80.05,89.61944968700409
2025-03-14,MG92,78.62,85.19740149140358
2025-03-17,MG95,81.04,90.36441646099091
2025-03-17,MG92,79.61,86.77870401144028
2025-03-18,MG95,81.95,88.50077128887176
2025-03-18,MG92,80.52,84.48329814434052
2025-03-19,MG95,80.27,88.71906997203827
2025-03-19,MG92,78.84,85.43325939655304
2025-03-20,MG95,80.97,89.81669433832168
2025-03-20,MG92,79.54,85.51120437026024
2025-03-21,MG95,81.9,88.6467984509468
2025-03-21,MG92,80.56,84.89315270543099
2025-03-24,MG95,82.07,89.2016545844078
2025-03-24,MG92,80.73,85.04988389372826
2025-03-25,MG95,83.15,89.7181283068657
2025-03-25,MG92,81.91,85.62022518277169
2025-03-26,MG95,83.45,90.78830157279968
2025-03-26,MG92,82.34,86.30584651708604
2025-03-27,MG95,83.88,88.77143381595612
2025-03-27,MG92,82.36,84.39626977205278
2025-03-28,MG95,84.1,89.40773230791092
2025-03-28,MG92,82.41,84.29784458875656
2025-03-31,MG95,84.1,90.5739844250679
2025-03-31,MG92,82.41,86.63037521719933
2025-04-01,MG95,85.57,90.91216928958893
2025-04-01,MG92,83.69,86.68817046880723
2025-04-02,MG95,85.91,89.30407932758331
2025-04-02,MG92,84.03,84.93785864949227
2025-04-03,MG95,83.12,88.78516960144043
2025-04-03,MG92,81.61,84.78519345879555
2025-04-04,MG95,77.52,89.57101620197297
2025-04-04,MG92,76.34,84.91175013780594
2025-02-10,MG95,86.48,86.69476315498352
2025-02-10,MG92,85.04,84.13295511245728
2025-02-11,MG95,87.44,87.0770555305481
2025-02-11,MG92,86.0,84.57420788526535
2025-02-12,MG95,87.69,86.17575580239296
2025-02-12,MG92,86.17,83.75830162763596
2025-02-13,MG95,86.03,86.54134479761123
2025-02-13,MG92,84.59,83.46012435913086
2025-02-14,MG95,86.95,87.52111678242683
2025-02-14,MG92,85.55,84.50518934965133
2025-02-17,MG95,87.68,86.53147971391677
2025-02-17,MG92,86.29,83.85399686694146
2025-02-18,MG95,87.99,85.93840270400047
2025-02-18,MG92,86.6,83.61982969164848
2025-02-19,MG95,88.43,86.1796997976303
2025-02-19,MG92,87.04,84.37086112499237
2025-02-20,MG95,88.11,86.74110255122184
2025-02-20,MG92,86.72,83.77565123200417
2025-02-21,MG95,86.91,86.18422469139098
2025-02-21,MG92,85.52,84.89464823007583
2025-02-24,MG95,85.82,85.87465673446654
2025-02-24,MG92,84.43,84.83906551599503
2025-02-25,MG95,86.01,86.99483291149139
2025-02-25,MG92,84.62,85.23767155170441
2025-02-26,MG95,83.78,86.68903569936752
2025-02-26,MG92,82.55,85.59823941707612
2025-02-27,MG95,83.41,85.53495339274406
2025-02-27,MG92,81.94,84.36376333236694
2025-02-28,MG95,84.34,87.51919064521789
2025-02-28,MG92,82.75,85.44903581857682
2025-03-03,MG95,83.79,87.79863340854644
2025-03-03,MG92,82.2,86.39778076410293
2025-03-04,MG95,80.03,87.50381212115288
2025-03-04,MG92,78.44,85.70792530536652
2025-03-05,MG95,79.94,86.86400844931602
2025-03-05,MG92,78.3,85.91557072877883
2025-03-06,MG95,78.59,87.62665687203406
2025-03-06,MG92,77.03,85.97853114843369
2025-03-07,MG95,78.69,86.5415486216545
2025-03-07,MG92,76.98,85.35869391441345
2025-03-10,MG95,78.55,85.15294127523899
2025-03-10,MG92,77.31,84.34964772224426
2025-03-11,MG95,77.98,86.39765903830528
2025-03-11,MG92,76.64,85.21818761110306
2025-03-12,MG95,79.15,85.80010809063911
2025-03-12,MG92,77.74,85.56564955234528
2025-03-13,MG95,80.46,86.71121175527573
2025-03-13,MG92,79.08,85.63073930978776
2025-03-14,MG95,80.05,86.72979031682014
2025-03-14,MG92,78.62,85.73681632041931
2025-03-17,MG95,81.04,86.98356144189835
2025-03-17,MG92,79.61,86.64032533407212
2025-03-18,MG95,81.95,85.9772719490528
2025-03-18,MG92,80.52,85.85437975883484
2025-03-19,MG95,80.27,87.17226174116134
2025-03-19,MG92,78.84,86.19158488988876
2025-03-20,MG95,80.97,86.37409697890281
2025-03-20,MG92,79.54,86.26126322031021
2025-03-21,MG95,81.9,87.00422919988631
2025-03-21,MG92,80.56,87.35522300481796
2025-03-24,MG95,82.07,86.78469032287597
2025-03-24,MG92,80.73,85.86355690479279
2025-03-25,MG95,83.15,85.5847985625267
2025-03-25,MG92,81.91,86.0776803135872
2025-03-26,MG95,83.45,86.88857943773269
2025-03-26,MG92,82.34,86.54308557510376
2025-03-27,MG95,83.88,86.61020675063132
2025-03-27,MG92,82.36,85.60635689258575
2025-03-28,MG95,84.1,86.61584248542785
2025-03-28,MG92,82.41,85.1799295091629
2025-03-31,MG95,84.1,85.9307287287712
2025-03-31,MG92,82.41,86.60939495325088
2025-04-01,MG95,85.57,87.16012401938438
2025-04-01,MG92,83.69,87.04365989923477
2025-04-02,MG95,85.91,86.53718678712845
2025-04-02,MG92,84.03,86.06735352516175
2025-04-03,MG95,83.12,86.5881224155426
2025-04-03,MG92,81.61,85.68500243425369
2025-04-04,MG95,77.52,86.20480072855949
2025-04-04,MG92,76.34,86.22340499401092
2025-04-07,MG95,72.28,87.33474007725715
2025-04-07,MG92,71.39,87.80329365730286
2025-04-08,MG95,73.41,85.40208559453487
2025-04-08,MG92,72.72,85.86132759809495
2025-04-09,MG95,70.34,86.45951963543891
2025-04-09,MG92,68.86,86.91883871793748
2025-04-10,MG95,72.44,86.0123908317089
2025-04-10,MG92,70.96,86.1168381357193
2025-04-11,MG95,71.93,86.82111367940902
2025-04-11,MG92,70.37,86.46901860952377
2025-04-14,MG95,74.29,86.34592849612235
2025-04-14,MG92,72.8,87.20130087375641
2025-04-15,MG95,74.65,85.49745995998381
2025-04-15,MG92,73.16,85.26939168691635
2025-04-16,MG95,75.04,86.16748054623604
2025-04-16,MG92,73.79,87.1206859445572
2025-04-17,MG95,76.74,86.71532900094985
2025-04-17,MG92,74.96,87.16608182668686
2025-04-21,MG95,76.84,86.65272444605827
2025-04-21,MG92,75.54,87.34036762475968
2025-04-22,MG95,77.15,86.01398065924644
2025-04-22,MG92,75.85,87.22240431070328
2025-04-23,MG95,78.76,86.05902577280997
2025-04-23,MG92,77.55,86.48936228275299
2025-04-24,MG95,77.62,85.24012191414833
2025-04-24,MG92,76.19,85.58612318515777
2025-04-25,MG95,78.45,86.38403340101242
2025-04-25,MG92,76.62,86.99970356941223
2025-04-25,MG95,78.45,86.47090320825576
2025-04-25,MG92,76.62,86.95813649654389
2025-04-25,MG95,78.45,85.08175572812557
2025-04-25,MG92,76.62,86.66268837928772
2025-04-25,MG95,78.45,87.55706115245819
2025-04-25,MG92,76.62,87.5965079665184
2025-04-28,MG95,78.17,87.03765634298324
2025-04-28,MG92,76.29,87.82496691703797
2025-04-29,MG95,76.83,85.79899724960326
2025-04-29,MG92,75.3,85.92239860534669
2025-04-30,MG95,74.78,86.76202508926391
2025-04-30,MG92,73.34,87.88978675842286
2025-03-10,MG95,78.55,79.12993039369583
2025-03-10,MG92,77.31,76.53377686142922
2025-03-11,MG95,77.98,79.08019456386566
2025-03-11,MG92,76.64,76.80334333777428
2025-03-12,MG95,79.15,80.25356428742408
2025-03-12,MG92,77.74,77.37912356615067
2025-03-13,MG95,80.46,79.39378731966019
2025-03-13,MG92,79.08,76.67807178139687
2025-03-14,MG95,80.05,78.27599283635617
2025-03-14,MG92,78.62,76.17069031834603
2025-03-17,MG95,81.04,79.15837230920792
2025-03-17,MG92,79.61,76.60613079786302
2025-03-18,MG95,81.95,79.06281235098838
2025-03-18,MG92,80.52,76.33711951375008
2025-03-19,MG95,80.27,78.69537507176399
2025-03-19,MG92,78.84,75.96461764454843
2025-03-20,MG95,80.97,78.29993676424026
2025-03-20,MG92,79.54,75.68950383424759
2025-03-21,MG95,81.9,79.43160981416702
2025-03-21,MG92,80.56,76.92648589253426
2025-03-24,MG95,82.07,77.91542683124543
2025-03-24,MG92,80.73,75.62104083180428
2025-03-25,MG95,83.15,79.54099674582481
2025-03-25,MG92,81.91,76.45639407634735
2025-03-26,MG95,83.45,77.14999972701072
2025-03-26,MG92,82.34,74.80005375981331
2025-03-27,MG95,83.88,77.70540504813194
2025-03-27,MG92,82.36,75.42808170676231
2025-03-28,MG95,84.1,76.44228663504123
2025-03-28,MG92,82.41,74.38011277914048
2025-03-31,MG95,84.1,77.81283612906932
2025-03-31,MG92,82.41,75.2308232831955
2025-04-01,MG95,85.57,77.34308018445968
2025-04-01,MG92,83.69,74.76443886637688
2025-04-02,MG95,85.91,76.7681257367134
2025-04-02,MG92,84.03,74.64946360230446
2025-04-03,MG95,83.12,76.64705060362816
2025-04-03,MG92,81.61,74.57214505434037
2025-04-04,MG95,77.52,76.27271390855311
2025-04-04,MG92,76.34,74.05760574102402
2025-04-07,MG95,72.28,76.85635008215904
2025-04-07,MG92,71.39,74.77462962627412
2025-04-08,MG95,73.41,75.41896865308284
2025-04-08,MG92,72.72,73.50216114878656
2025-04-09,MG95,70.34,76.35700779139995
2025-04-09,MG92,68.86,74.45746344566345
2025-04-10,MG95,72.44,75.07792363286018
2025-04-10,MG92,70.96,73.21893969655038
2025-04-11,MG95,71.93,74.60739848077297
2025-04-11,MG92,70.37,72.64549035787583
2025-04-14,MG95,74.29,74.83089077532291
2025-04-14,MG92,72.8,73.32731230258942
2025-04-15,MG95,74.65,75.37022247433663
2025-04-15,MG92,73.16,73.34634025454521
2025-04-16,MG95,75.04,74.39294437408446
2025-04-16,MG92,73.79,72.8359396469593
2025-04-17,MG95,76.74,74.14071467578411
2025-04-17,MG92,74.96,72.15748556256294
2025-04-21,MG95,76.84,73.91203961133957
2025-04-21,MG92,75.54,71.99475000143052
2025-04-22,MG95,77.15,73.69669434964656
2025-04-22,MG92,75.85,71.7624731719494
2025-04-23,MG95,78.76,73.43541239261627
2025-04-23,MG92,77.55,71.73975158572198
2025-04-24,MG95,77.62,74.42156452059746
2025-04-24,MG92,76.19,72.345094653368
2025-04-25,MG95,78.45,73.75690359592437
2025-04-25,MG92,76.62,72.04403822422027
2025-04-25,MG95,78.45,72.09407871186733
2025-04-25,MG92,76.62,70.4087493288517
2025-04-25,MG95,78.45,73.95680842459201
2025-04-25,MG92,76.62,71.97385458469391
2025-04-25,MG95,78.45,72.35954440712929
2025-04-25,MG92,76.62,70.57143441796303
2025-04-28,MG95,78.17,72.47508499860763
2025-04-28,MG92,76.29,70.74133700609208
2025-04-29,MG95,76.83,73.1706736922264
2025-04-29,MG92,75.3,71.7282347881794
2025-04-30,MG95,74.78,72.00592472076416
2025-04-30,MG92,73.34,70.52514698624611
2025-05-01,MG95,74.78,72.27955151975155
2025-05-01,MG92,73.34,70.62218174099922
2025-05-02,MG95,75.24,71.13360122859478
2025-05-02,MG92,73.73,70.05801925420761
2025-05-05,MG95,73.1,72.87758219182491
2025-05-05,MG92,71.59,71.01613880753517
2025-05-06,MG95,74.97,72.29986985385418
2025-05-06,MG92,73.46,70.57353130102157
2025-05-07,MG95,76.52,72.04967105090618
2025-05-07,MG92,74.79,70.48378745913506
2025-05-08,MG95,74.88,71.08541319429874
2025-05-08,MG92,73.38,69.64180402636528
2025-05-09,MG95,76.72,70.75465866923332
2025-05-09,MG92,75.22,69.30889057517052
2025-05-12,MG95,76.72,71.1596370255947
2025-05-12,MG92,75.22,69.84875766634941
2025-05-13,MG95,77.69,70.57530199885367
2025-05-13,MG92,76.19,68.88110348939895
2025-05-14,MG95,78.68,69.50742157638072
2025-05-14,MG92,77.18,68.23533233284951
2025-05-15,MG95,76.57,71.11092836916447
2025-05-15,MG92,75.07,69.69419857263566
2025-05-16,MG95,76.6,70.25781161248683
2025-05-16,MG92,75.1,69.31564006090164
2025-05-19,MG95,76.59,70.89957923412322
2025-05-19,MG92,75.09,69.88208755373955
2025-05-20,MG95,76.33,69.59171076893806
2025-05-20,MG92,74.8,68.22851861000062
2025-05-21,MG95,77.54,70.90561094641686
2025-05-21,MG92,76.05,69.52179073691369
2025-05-22,MG95,77.12,70.60232275664806
2025-05-22,MG92,75.87,69.81611144542694
2025-05-23,MG95,76.75,70.30553530812263
2025-05-23,MG92,75.5,69.59438326835632
2025-05-26,MG95,77.26,69.52701291561127
2025-05-26,MG92,76.01,68.50555953383446
2025-05-27,MG95,76.86,69.35553593158721
2025-05-27,MG92,75.61,68.06465889930726
2025-05-28,MG95,76.5,68.23449107766152
2025-05-28,MG92,75.17,67.16933112859726
2025-04-07,MG95,72.28,77.9387513923645
2025-04-07,MG92,71.39,76.2806469488144
2025-04-08,MG95,73.41,77.7208923625946
2025-04-08,MG92,72.72,76.01823129296304
2025-04-09,MG95,70.34,76.44389190673827
2025-04-09,MG92,68.86,74.91375673651696
2025-04-10,MG95,72.44,77.69716120719909
2025-04-10,MG92,70.96,76.20024458646775
2025-04-11,MG95,71.93,78.20299152374267
2025-04-11,MG92,70.37,76.65127135276795
2025-04-14,MG95,74.29,76.47131026268005
2025-04-14,MG92,72.8,74.92970980286599
2025-04-15,MG95,74.65,77.11198215007782
2025-04-15,MG92,73.16,75.77065845012665
2025-04-16,MG95,75.04,77.76014857292175
2025-04-16,MG92,73.79,76.20642833352089
2025-04-17,MG95,76.74,77.12874089241028
2025-04-17,MG92,74.96,75.85025087356567
2025-04-21,MG95,76.84,76.75438376426696
2025-04-21,MG92,75.54,75.6375327050686
2025-04-22,MG95,77.15,77.74942889213561
2025-04-22,MG92,75.85,76.45714082717896
2025-04-23,MG95,78.76,76.74015708446503
2025-04-23,MG92,77.55,75.43743229269981
2025-04-24,MG95,77.62,76.19798150539398
2025-04-24,MG92,76.19,74.99682552695275
2025-04-25,MG95,78.45,77.2175479030609
2025-04-25,MG92,76.62,75.82877384185791
2025-04-25,MG95,78.45,74.59105052947997
2025-04-25,MG92,76.62,72.75879141688347
2025-04-25,MG95,78.45,76.7609079837799
2025-04-25,MG92,76.62,75.44213266849518
2025-04-25,MG95,78.45,75.34218133449554
2025-04-25,MG92,76.62,74.27046048402786
2025-04-28,MG95,78.17,77.00540911674499
2025-04-28,MG92,76.29,75.74312962770462
2025-04-29,MG95,76.83,75.04099064826966
2025-04-29,MG92,75.3,73.77957380294801
2025-04-30,MG95,74.78,74.42781566619873
2025-04-30,MG92,73.34,72.90101759910584
2025-05-01,MG95,74.78,75.38323493957519
2025-05-01,MG92,73.34,74.13153321027757
2025-05-02,MG95,75.24,76.11487163543701
2025-05-02,MG92,73.73,74.83204391121865
2025-05-05,MG95,73.1,74.82005895137786
2025-05-05,MG92,71.59,73.65300492286683
2025-05-06,MG95,74.97,75.9034305524826
2025-05-06,MG92,73.46,74.6450663292408
2025-05-07,MG95,76.52,73.60934031486511
2025-05-07,MG92,74.79,72.06445536255836
2025-05-08,MG95,74.88,74.45149137496948
2025-05-08,MG92,73.38,73.0026285302639
2025-05-09,MG95,76.72,72.67826210975646
2025-05-09,MG92,75.22,71.26527772188187
2025-05-12,MG95,76.72,74.68849335193633
2025-05-12,MG92,75.22,73.40594625473022
2025-05-13,MG95,77.69,74.46801446914672
2025-05-13,MG92,76.19,73.23017586112023
2025-05-14,MG95,78.68,75.53774158000945
2025-05-14,MG92,77.18,74.23109654307366
2025-05-15,MG95,76.57,75.44486386299133
2025-05-15,MG92,75.07,74.23387672662736
2025-05-16,MG95,76.6,73.14354708194732
2025-05-16,MG92,75.1,71.7675672507286
2025-05-19,MG95,76.59,74.27399748802185
2025-05-19,MG92,75.09,72.84035863518716
2025-05-20,MG95,76.33,71.50635149002075
2025-05-20,MG92,74.8,70.13032125115394
2025-05-21,MG95,77.54,73.93432222366333
2025-05-21,MG92,76.05,72.58707071781159
2025-05-22,MG95,77.12,72.45467359542846
2025-05-22,MG92,75.87,71.06790744066238
2025-05-23,MG95,76.75,72.39686586856841
2025-05-23,MG92,75.5,71.21804190278054
2025-05-26,MG95,77.26,72.09391013145446
2025-05-26,MG92,76.01,70.61402768731118
2025-05-27,MG95,76.86,72.78121263027191
2025-05-27,MG92,75.61,71.611840569973
2025-05-28,MG95,76.5,72.11018833637237
2025-05-28,MG92,75.17,70.7830865085125
2025-05-29,MG95,77.4,70.71468920230865
2025-05-29,MG92,76.07,69.38017221570016
2025-05-30,MG95,76.02,71.98497599601745
2025-05-30,MG92,74.69,70.95839277982712
2025-06-02,MG95,77.31,72.55030054092407
2025-06-02,MG92,75.47,71.25600437641144
2025-06-03,MG95,77.7,70.85962667942047
2025-06-03,MG92,75.86,69.7064365386963
2025-06-04,MG95,78.1,71.36317906379699
2025-06-04,MG92,76.26,70.20640545606614
2025-06-05,MG95,77.06,70.13158939361571
2025-06-05,MG92,75.22,68.97233157396317
2025-06-06,MG95,77.44,70.36346255779266
2025-06-06,MG92,75.6,69.30139428138733
2025-06-09,MG95,78.69,69.05764833927154
2025-06-09,MG92,76.85,67.84799986362458
2025-06-10,MG95,80.06,69.00330140590667
2025-06-10,MG92,78.18,67.79940807938576
2025-06-11,MG95,80.07,69.73706817626953
2025-06-11,MG92,77.89,68.5252498471737
2025-06-12,MG95,81.75,68.60545339107513
2025-06-12,MG92,79.62,67.16964872717858
2025-06-13,MG95,85.44,69.73994678020478
2025-06-13,MG92,83.31,68.73502857446671
2025-06-16,MG95,85.14,69.96731952667236
2025-06-16,MG92,83.01,69.00472458004951
2025-06-17,MG95,85.82,70.67820070266723
2025-06-17,MG92,83.91,69.4630453467369
2025-06-18,MG95,87.49,70.22383409500122
2025-06-18,MG92,85.59,69.14921222090722
2025-06-19,MG95,88.68,67.27879586219787
2025-06-19,MG92,86.69,66.31571375608445
2025-06-20,MG95,89.81,68.04683326721191
2025-06-20,MG92,88.0,66.77475345730782
2025-06-23,MG95,89.27,66.76927372455597
2025-06-23,MG92,87.46,65.57299977779388
2025-06-24,MG95,82.55,67.4348919725418
2025-06-24,MG92,80.74,66.32930980920791
2025-06-25,MG95,81.1,66.70404539108276
2025-06-25,MG92,79.29,65.58488039851188
2025-05-01,MG95,74.78,74.46722242474556
2025-05-01,MG92,73.34,73.71558234453201
2025-05-02,MG95,75.24,74.66357701301575
2025-05-02,MG92,73.73,73.64642672300339
2025-05-05,MG95,73.1,75.15125204563141
2025-05-05,MG92,71.59,74.37113567113877
2025-05-06,MG95,74.97,75.01834620237351
2025-05-06,MG92,73.46,73.11894243836403
2025-05-07,MG95,76.52,75.49519906759262
2025-05-07,MG92,74.79,73.96008374929428
2025-05-08,MG95,74.88,72.55585739612579
2025-05-08,MG92,73.38,71.56720744490624
2025-05-09,MG95,76.72,73.22183521389961
2025-05-09,MG92,75.22,72.50632504820824
2025-05-12,MG95,76.72,72.72744758486748
2025-05-12,MG92,75.22,70.98419320702553
2025-05-13,MG95,77.69,73.07768376588821
2025-05-13,MG92,76.19,72.29178525090218
2025-05-14,MG95,78.68,74.51519119143487
2025-05-14,MG92,77.18,72.93909847974777
2025-05-15,MG95,76.57,73.98777099132538
2025-05-15,MG92,75.07,72.74323769450189
2025-05-16,MG95,76.6,73.18808948516846
2025-05-16,MG92,75.1,72.7516482770443
2025-05-19,MG95,76.59,74.09827476978302
2025-05-19,MG92,75.09,72.8580744946003
2025-05-20,MG95,76.33,73.67914310216904
2025-05-20,MG92,74.8,72.57939307689666
2025-05-21,MG95,77.54,72.93627351760864
2025-05-21,MG92,76.05,72.19884918808937
2025-05-22,MG95,77.12,73.05141727805137
2025-05-22,MG92,75.87,71.30473082423211
2025-05-23,MG95,76.75,72.6985112130642
2025-05-23,MG92,75.5,71.95280467748643
2025-05-26,MG95,77.26,73.96285504579544
2025-05-26,MG92,76.01,72.09080992221833
2025-05-27,MG95,76.86,74.73089018106461
2025-05-27,MG92,75.61,73.0757791888714
2025-05-28,MG95,76.5,74.53189245223999
2025-05-28,MG92,75.17,72.63022814154625
2025-05-29,MG95,77.4,73.45690534830094
2025-05-29,MG92,76.07,72.1488009762764
2025-05-30,MG95,76.02,72.72541508555412
2025-05-30,MG92,74.69,70.93921145319939
2025-06-02,MG95,77.31,73.81930978178978
2025-06-02,MG92,75.47,71.93191373467445
2025-06-03,MG95,77.7,72.86672281742096
2025-06-03,MG92,75.86,71.38370462059974
2025-06-04,MG95,78.1,72.12362145662308
2025-06-04,MG92,76.26,70.50510474324227
2025-06-05,MG95,77.06,71.7681881392002
2025-06-05,MG92,75.22,70.96218755602837
2025-06-06,MG95,77.44,71.73150954961777
2025-06-06,MG92,75.6,70.02561848163604
2025-06-09,MG95,78.69,70.81370239257812
2025-06-09,MG92,76.85,69.85674674868584
2025-06-10,MG95,80.06,72.21554302096366
2025-06-10,MG92,78.18,70.16201067805291
2025-06-11,MG95,80.07,70.02273032426834
2025-06-11,MG92,77.89,69.48041689395905
2025-06-12,MG95,81.75,72.52942153334618
2025-06-12,MG92,79.62,70.61037690997124
2025-06-13,MG95,85.44,71.82556612968445
2025-06-13,MG92,83.31,70.23013901948929
2025-06-16,MG95,85.14,71.3079964196682
2025-06-16,MG92,83.01,70.6322820186615
2025-06-17,MG95,85.82,71.17529115200043
2025-06-17,MG92,83.91,70.40532306075096
2025-06-18,MG95,87.49,72.3774164366722
2025-06-18,MG92,85.59,71.07029676437378
2025-06-19,MG95,88.68,71.97444224715233
2025-06-19,MG92,86.69,69.84410901784898
2025-06-20,MG95,89.81,70.83615348696709
2025-06-20,MG92,88.0,69.23506306529046
2025-06-23,MG95,89.27,70.08104879140853
2025-06-23,MG92,87.46,68.49130353569984
2025-06-24,MG95,82.55,70.89202047467232
2025-06-24,MG92,80.74,69.21733264803886
2025-06-25,MG95,81.1,71.51110817670822
2025-06-25,MG92,79.29,70.13572542190552
2025-06-26,MG95,79.86,72.24726962208749
2025-06-26,MG92,78.05,70.29354187250138
2025-06-27,MG95,79.59,69.96866851687432
2025-06-27,MG92,77.78,68.56212903380394
2025-06-30,MG95,79.2,70.97108291506767
2025-06-30,MG92,77.39,69.51620558381082
2025-07-01,MG95,79.36,70.45264850139618
2025-07-01,MG92,77.65,68.57270783305168
2025-07-02,MG95,80.1,70.27486275553703
2025-07-02,MG92,78.26,68.53126691699029
2025-07-03,MG95,80.19,71.36333745360375
2025-07-03,MG92,78.83,69.91176087617875
2025-07-04,MG95,80.68,69.51086587548257
2025-07-04,MG92,79.32,68.43239448666573
2025-07-07,MG95,80.11,70.1893685245514
2025-07-07,MG92,78.42,68.50912575244904
2025-07-08,MG95,79.99,70.14400278329849
2025-07-08,MG92,78.3,68.68072961330414
2025-07-09,MG95,81.39,70.60708724856377
2025-07-09,MG92,79.7,68.26930612206459
2025-07-10,MG95,80.3,69.5612950360775
2025-07-10,MG92,78.61,68.00534759521484
2025-07-11,MG95,79.29,69.65870345711708
2025-07-11,MG92,77.6,67.60738365888596
2025-07-14,MG95,80.84,68.83809523105622
2025-07-14,MG92,79.15,67.11714811325074
2025-07-15,MG95,78.87,70.36095871329307
2025-07-15,MG92,77.18,68.33054950118066
2025-07-16,MG95,79.2,70.04849314451218
2025-07-16,MG92,77.51,68.42612152099609
2025-07-17,MG95,79.08,70.55309675693512
2025-07-17,MG92,77.39,68.83326103568078
2025-07-18,MG95,79.42,68.71935893893242
2025-07-18,MG92,77.73,67.04351617336273
2025-07-21,MG95,78.69,69.94989018440246
2025-07-21,MG92,77.0,68.27539548873902
2025-07-22,MG95,78.08,70.36171198606492
2025-07-22,MG92,76.39,68.01283143997193
2025-07-23,MG95,77.26,68.7823396742344
2025-07-23,MG92,75.57,67.08784658789635
2025-05-29,MG95,77.4,76.31034609675407
2025-05-29,MG92,76.07,75.05068926751613
2025-05-30,MG95,76.02,76.54839724302292
2025-05-30,MG92,74.69,75.00398473203182
2025-06-02,MG95,77.31,75.82146736979485
2025-06-02,MG92,75.47,74.28902539432049
2025-06-03,MG95,77.7,76.27854180335999
2025-06-03,MG92,75.86,75.34934469938278
2025-06-04,MG95,78.1,77.16409188508987
2025-06-04,MG92,76.26,75.8184421145916
2025-06-05,MG95,77.06,75.23031333088875
2025-06-05,MG92,75.22,73.82700713932515
2025-06-06,MG95,77.44,76.10477864742279
2025-06-06,MG92,75.6,74.68609907507897
2025-06-09,MG95,78.69,76.70863616466522
2025-06-09,MG92,76.85,75.17535865545273
2025-06-10,MG95,80.06,76.34429803490639
2025-06-10,MG92,78.18,75.36875414371491
2025-06-11,MG95,80.07,76.32711231708527
2025-06-11,MG92,77.89,75.45485106945038
2025-06-12,MG95,81.75,75.44930469989777
2025-06-12,MG92,79.62,73.83038094162941
2025-06-13,MG95,85.44,74.32631903886795
2025-06-13,MG92,83.31,72.82590187311173
2025-06-16,MG95,85.14,74.09425485134125
2025-06-16,MG92,83.01,72.65992244899273
2025-06-17,MG95,85.82,74.61755061149597
2025-06-17,MG92,83.91,73.80324714779854
2025-06-18,MG95,87.49,74.13699799776077
2025-06-18,MG92,85.59,72.3777775901556
2025-06-19,MG95,88.68,74.21933805942535
2025-06-19,MG92,86.69,73.07868613898755
2025-06-20,MG95,89.81,73.27683207392693
2025-06-20,MG92,88.0,72.0239808768034
2025-06-23,MG95,89.27,74.41904166340828
2025-06-23,MG92,87.46,73.19793414473534
2025-06-24,MG95,82.55,73.39863681793213
2025-06-24,MG92,80.74,71.80489430963993
2025-06-25,MG95,81.1,73.96686896681786
2025-06-25,MG92,79.29,72.92025632560254
2025-06-26,MG95,79.86,73.80999970436096
2025-06-26,MG92,78.05,72.68682325780392
2025-06-27,MG95,79.59,72.72197824716568
2025-06-27,MG92,77.78,71.0376611983776
2025-06-30,MG95,79.2,73.44194081425667
2025-06-30,MG92,77.39,72.2570286232233
2025-07-01,MG95,79.36,73.88290563225746
2025-07-01,MG92,77.65,72.12033810436726
2025-07-02,MG95,80.1,73.71696245670319
2025-07-02,MG92,78.26,71.69430707395077
2025-07-03,MG95,80.19,73.26886162161827
2025-07-03,MG92,78.83,71.72548674225807
2025-07-04,MG95,80.68,72.87889766693115
2025-07-04,MG92,79.32,71.67841928780079
2025-07-07,MG95,80.11,73.41476011276245
2025-07-07,MG92,78.42,71.52857855677605
2025-07-08,MG95,79.99,73.76014333963394
2025-07-08,MG92,78.3,72.41749705553055
2025-07-09,MG95,81.39,73.68881508708
2025-07-09,MG92,79.7,72.04145923376083
2025-07-10,MG95,80.3,72.6266520023346
2025-07-10,MG92,78.61,70.79441139638423
2025-07-11,MG95,79.29,73.667958766222
2025-07-11,MG92,77.6,72.05484243094921
2025-07-14,MG95,80.84,72.88754296302795
2025-07-14,MG92,79.15,71.34660381495952
2025-07-15,MG95,78.87,72.48895195126534
2025-07-15,MG92,77.18,70.54661390602588
2025-07-16,MG95,79.2,72.41637432575226
2025-07-16,MG92,77.51,71.00086300671101
2025-07-17,MG95,79.08,72.70668938755989
2025-07-17,MG92,77.39,71.34266995251178
2025-07-18,MG95,79.42,72.19711849093437
2025-07-18,MG92,77.73,70.46851015865803
2025-07-21,MG95,78.69,72.47577425837517
2025-07-21,MG92,77.0,71.12327871263027
2025-07-22,MG95,78.08,70.83577618002892
2025-07-22,MG92,76.39,69.47773240149021
2025-07-23,MG95,77.26,71.74143022298813
2025-07-23,MG92,75.57,70.12313226938248
2025-07-24,MG95,78.14,71.90533518791199
2025-07-24,MG92,76.45,69.58527290999889
2025-07-25,MG95,78.22,71.40467405319214
2025-07-25,MG92,76.53,69.808987814188
2025-07-28,MG95,77.92,71.54355052113533
2025-07-28,MG92,76.23,69.88197933256626
2025-07-29,MG95,79.49,72.08793514966965
2025-07-29,MG92,77.8,70.3869474798441
2025-07-30,MG95,81.72,72.20310544967651
2025-07-30,MG92,80.03,70.75186026692391
2025-07-31,MG95,82.4,71.68889272212982
2025-07-31,MG92,80.71,70.27890067696572
2025-08-01,MG95,81.46,70.74474066495895
2025-08-01,MG92,79.77,68.43879395246506
2025-08-04,MG95,79.18,70.63629600405693
2025-08-04,MG92,77.49,69.21859481334687
2025-08-05,MG95,79.02,70.93625038862228
2025-08-05,MG92,77.33,69.81510367095471
2025-08-06,MG95,78.93,70.52584049105644
2025-08-06,MG92,77.24,68.24829285502435
2025-08-07,MG95,77.92,70.91671639680862
2025-08-07,MG92,76.23,68.71326374709606
2025-08-08,MG95,78.6,70.50716373324394
2025-08-08,MG92,76.45,68.20987272918225
2025-08-11,MG95,79.23,71.02330523729324
2025-08-11,MG92,77.08,68.94997652709485
2025-08-12,MG95,80.53,70.1840138733387
2025-08-12,MG92,78.38,68.55131675601005
2025-08-13,MG95,79.43,71.52429011464119
2025-08-13,MG92,77.01,69.53911947369576
2025-08-14,MG95,79.84,69.25189957022667
2025-08-14,MG92,77.42,68.07064625799656
2025-08-15,MG95,80.6,70.1053079366684
2025-08-15,MG92,78.18,68.77884454965591
2025-08-18,MG95,79.42,70.91361120343208
2025-08-18,MG92,76.71,69.18079299390317
2025-08-19,MG95,79.65,70.49098572134972
2025-08-19,MG92,76.94,68.52037903368473
2025-08-20,MG95,80.77,69.72710359096527
2025-08-20,MG92,78.16,68.44556843996048
2025-06-26,MG95,79.86,81.71937230825424
2025-06-26,MG92,78.05,79.60834688186647
2025-06-27,MG95,79.59,81.30662178993225
2025-06-27,MG92,77.78,79.57466903328896
2025-06-30,MG95,79.2,81.20020750761032
2025-06-30,MG92,77.39,79.40193182229996
2025-07-01,MG95,79.36,80.45829490423202
2025-07-01,MG92,77.65,78.5682845556736
2025-07-02,MG95,80.1,79.52665028572082
2025-07-02,MG92,78.26,78.06335785567761
2025-07-03,MG95,80.19,79.33239853978156
2025-07-03,MG92,78.83,77.63331545412541
2025-07-04,MG95,80.68,78.9608911693096
2025-07-04,MG92,79.32,77.47579613149166
2025-07-07,MG95,80.11,78.06395421624183
2025-07-07,MG92,78.42,76.91554153740407
2025-07-08,MG95,79.99,78.7562416255474
2025-07-08,MG92,78.3,77.84858240962029
2025-07-09,MG95,81.39,76.8862380504608
2025-07-09,MG92,79.7,75.84140910029411
2025-07-10,MG95,80.3,77.84632071852684
2025-07-10,MG92,78.61,76.60431681632996
2025-07-11,MG95,79.29,77.26335278749465
2025-07-11,MG92,77.6,76.73968985795976
2025-07-14,MG95,80.84,76.30554206967354
2025-07-14,MG92,79.15,75.5138747727871
2025-07-15,MG95,78.87,77.2235646545887
2025-07-15,MG92,77.18,76.35615181088448
2025-07-16,MG95,79.2,76.06854865550994
2025-07-16,MG92,77.51,75.61878368139267
2025-07-17,MG95,79.08,76.80903041362762
2025-07-17,MG92,77.39,76.4774790251255
2025-07-18,MG95,79.42,75.51402360796928
2025-07-18,MG92,77.73,75.14973244428636
2025-07-21,MG95,78.69,76.0021303653717
2025-07-21,MG92,77.0,75.27388583779336
2025-07-22,MG95,78.08,74.91952673792838
2025-07-22,MG92,76.39,74.44423208534718
2025-07-23,MG95,77.26,74.31323506236076
2025-07-23,MG92,75.57,73.62827443242074
2025-07-24,MG95,78.14,76.34607462882995
2025-07-24,MG92,76.45,75.77864239990711
2025-07-25,MG95,78.22,76.01180790662765
2025-07-25,MG92,76.53,75.25448539316655
2025-07-28,MG95,77.92,76.15449121594429
2025-07-28,MG92,76.23,75.61593387186528
2025-07-29,MG95,79.49,76.46163955330849
2025-07-29,MG92,77.8,75.94973967075349
2025-07-30,MG95,81.72,75.90015847086906
2025-07-30,MG92,80.03,75.13872546851636
2025-07-31,MG95,82.4,75.66495361328124
2025-07-31,MG92,80.71,75.46140614032745
2025-08-01,MG95,81.46,75.10533843040466
2025-08-01,MG92,79.77,74.94097326278687
2025-08-04,MG95,79.18,75.06119492053985
2025-08-04,MG92,77.49,74.93095403194428
2025-08-05,MG95,79.02,74.52989210486412
2025-08-05,MG92,77.33,74.1061303049326
2025-08-06,MG95,78.93,75.45553297400474
2025-08-06,MG92,77.24,75.59002565324307
2025-08-07,MG95,77.92,73.97727162837981
2025-08-07,MG92,76.23,73.76770715296269
2025-08-08,MG95,78.6,74.72069725394249
2025-08-08,MG92,76.45,74.25102634191514
2025-08-11,MG95,79.23,74.96841233968735
2025-08-11,MG92,77.08,74.03100970387459
2025-08-12,MG95,80.53,74.9200729727745
2025-08-12,MG92,78.38,74.95759951472283
2025-08-13,MG95,79.43,74.19071410298346
2025-08-13,MG92,77.01,74.10856894791127
2025-08-14,MG95,79.84,74.59572548866271
2025-08-14,MG92,77.42,74.44693066120148
2025-08-15,MG95,80.6,74.38914720416068
2025-08-15,MG92,78.18,74.32548529565335
2025-08-18,MG95,79.42,74.96655610799789
2025-08-18,MG92,76.71,74.10538358867169
2025-08-19,MG95,79.65,73.69951362609862
2025-08-19,MG92,76.94,73.14622655153275
2025-08-20,MG95,80.77,74.06643842458725
2025-08-20,MG92,78.16,73.93581755876542
2025-08-21,MG95,81.77,73.90211841464043
2025-08-21,MG92,79.01,73.92389372885228
2025-08-22,MG95,82.69,72.43011701703071
2025-08-22,MG92,79.93,71.95826714515687
2025-08-25,MG95,81.54,73.5347488939762
2025-08-25,MG92,79.6,73.30079681754113
2025-08-26,MG95,81.12,72.61345856785773
2025-08-26,MG92,79.18,72.12711481511593
2025-08-27,MG95,79.35,72.7926235973835
2025-08-27,MG92,77.41,72.17974885940552
2025-08-28,MG95,80.24,72.50036861896514
2025-08-28,MG92,78.3,71.80596538424493
2025-08-29,MG95,81.37,72.11312678456306
2025-08-29,MG92,79.43,71.71847670435906
2025-09-01,MG95,81.25,72.17259387373923
2025-09-01,MG92,79.31,71.60212129712106
2025-09-02,MG95,82.72,72.53704369664192
2025-09-02,MG92,80.78,72.3393003845215
2025-09-03,MG95,82.95,72.93121256232261
2025-09-03,MG92,80.73,72.65734007298947
2025-09-04,MG95,81.45,73.07521553635597
2025-09-04,MG92,79.28,72.82153730750085
2025-09-05,MG95,81.6,72.1154374063015
2025-09-05,MG92,79.24,71.84074912905693
2025-09-08,MG95,81.23,72.604216080904
2025-09-08,MG92,78.87,72.47431897222997
2025-09-09,MG95,81.58,72.78181008100509
2025-09-09,MG92,79.22,72.48844986855984
2025-09-10,MG95,81.84,72.23149055838584
2025-09-10,MG92,79.48,72.03445110797882
2025-09-11,MG95,82.05,71.88916082978248
2025-09-11,MG92,79.69,71.45983404099943
2025-09-12,MG95,81.4,71.17172244787216
2025-09-12,MG92,79.14,70.8308484685421
2025-09-15,MG95,83.32,72.21206780076027
2025-09-15,MG92,81.06,72.22090332269669
2025-09-16,MG95,83.4,72.03511188030242
2025-09-16,MG92,81.14,71.44546684205532
2025-09-17,MG95,83.21,72.15447144508362
2025-09-17,MG92,81.74,72.036166664958
2025-07-24,MG95,78.14,76.8371408379078
2025-07-24,MG92,76.45,75.6196016049385
2025-07-25,MG95,78.22,78.77559723377229
2025-07-25,MG92,76.53,77.38053965806961
2025-07-28,MG95,77.92,76.49039402246476
2025-07-28,MG92,76.23,75.14312080442905
2025-07-29,MG95,79.49,76.9874820637703
2025-07-29,MG92,77.8,76.14472458958625
2025-07-30,MG95,81.72,76.77235232114792
2025-07-30,MG92,80.03,75.89032042622566
2025-07-31,MG95,82.4,76.8818052649498
2025-07-31,MG92,80.71,75.76530744552612
2025-08-01,MG95,81.46,78.17412180900574
2025-08-01,MG92,79.77,77.27895816564559
2025-08-04,MG95,79.18,77.45028086662293
2025-08-04,MG92,77.49,76.59986841201781
2025-08-05,MG95,79.02,78.17983207702638
2025-08-05,MG92,77.33,76.9702048408985
2025-08-06,MG95,78.93,76.4397015786171
2025-08-06,MG92,77.24,75.86935730695724
2025-08-07,MG95,77.92,76.64412456870079
2025-08-07,MG92,76.23,75.91757158041
2025-08-08,MG95,78.6,77.28835792779923
2025-08-08,MG92,76.45,76.38199430823326
2025-08-11,MG95,79.23,76.65886534929275
2025-08-11,MG92,77.08,75.35767972648144
2025-08-12,MG95,80.53,77.0994908130169
2025-08-12,MG92,78.38,76.18867777347565
2025-08-13,MG95,79.43,75.72399776816368
2025-08-13,MG92,77.01,74.82441743016243
2025-08-14,MG95,79.84,76.7845142710209
2025-08-14,MG92,77.42,75.66151883482932
2025-08-15,MG95,80.6,76.46929366111756
2025-08-15,MG92,78.18,75.87097886323929
2025-08-18,MG95,79.42,75.15502482056618
2025-08-18,MG92,76.71,74.08527604222297
2025-08-19,MG95,79.65,75.07722702383995
2025-08-19,MG92,76.94,74.76715847611426
2025-08-20,MG95,80.77,76.23532003402711
2025-08-20,MG92,78.16,75.50194418370722
2025-08-21,MG95,81.77,75.52105300068855
2025-08-21,MG92,79.01,74.58916564822196
2025-08-22,MG95,82.69,77.54363453865052
2025-08-22,MG92,79.93,76.39548025131225
2025-08-25,MG95,81.54,74.6489891576767
2025-08-25,MG92,79.6,73.73692070960998
2025-08-26,MG95,81.12,74.74311187386513
2025-08-26,MG92,79.18,73.77864425361156
2025-08-27,MG95,79.35,75.48259618759155
2025-08-27,MG92,77.41,74.92837720513343
2025-08-28,MG95,80.24,74.67935949444771
2025-08-28,MG92,78.3,74.18484410226344
2025-08-29,MG95,81.37,76.64927762508393
2025-08-29,MG92,79.43,75.72663332819938
2025-09-01,MG95,81.25,74.45230265974999
2025-09-01,MG92,79.31,73.08178494572638
2025-09-02,MG95,82.72,74.48536234855652
2025-09-02,MG92,80.78,73.64418570756912
2025-09-03,MG95,82.95,73.98937031030655
2025-09-03,MG92,80.73,73.24370184481143
2025-09-04,MG95,81.45,73.37026673555374
2025-09-04,MG92,79.28,72.52959548413753
2025-09-05,MG95,81.6,75.51111529231072
2025-09-05,MG92,79.24,74.24754878282546
2025-09-08,MG95,81.23,74.10905108094217
2025-09-08,MG92,78.87,73.21950462162494
2025-09-09,MG95,81.58,75.28250655412674
2025-09-09,MG92,79.22,74.52780776023864
2025-09-10,MG95,81.84,72.72446305274964
2025-09-10,MG92,79.48,71.84098809599875
2025-09-11,MG95,82.05,72.83921180963517
2025-09-11,MG92,79.69,71.93842561125754
2025-09-12,MG95,81.4,73.1421507382393
2025-09-12,MG92,79.14,72.29834354102611
2025-09-15,MG95,83.32,72.30175585746765
2025-09-15,MG92,81.06,71.0314621567726
2025-09-16,MG95,83.4,72.65561287760735
2025-09-16,MG92,81.14,71.99214416742325
2025-09-17,MG95,83.21,73.05536387443543
2025-09-17,MG92,81.74,72.37592600047587
2025-09-18,MG95,82.22,73.19732850551605
2025-09-18,MG92,80.53,71.65750449836254
2025-09-19,MG95,80.89,72.02525915384292
2025-09-19,MG92,79.2,70.50855529904365
2025-09-22,MG95,79.8,71.45763548731804
2025-09-22,MG92,77.81,70.43823380827904
2025-09-23,MG95,79.23,73.05940250754357
2025-09-23,MG92,77.24,71.44063035428523
2025-09-24,MG95,80.23,71.31433999538422
2025-09-24,MG92,78.24,70.15036252498626
2025-09-25,MG95,81.05,71.70384935021401
2025-09-25,MG92,79.25,70.162064756155
2025-09-26,MG95,81.84,72.11832270741463
2025-09-26,MG92,80.15,70.47558815896511
2025-09-29,MG95,81.78,72.47328494071961
2025-09-29,MG92,79.91,71.23721512734889
2025-09-30,MG95,79.2,72.52247153162956
2025-09-30,MG92,77.33,70.71082192361354
2025-10-01,MG95,79.57,71.81325624346734
2025-10-01,MG92,76.94,70.7206233304739
2025-10-02,MG95,78.13,72.31051467180252
2025-10-02,MG92,76.23,70.99021156668663
2025-10-03,MG95,77.05,70.19374134182931
2025-10-03,MG92,75.25,69.30672534763812
2025-10-06,MG95,78.05,70.39995109319688
2025-10-06,MG92,75.75,69.01502538979052
2025-10-07,MG95,78.93,70.07932875394822
2025-10-07,MG92,76.47,68.5846643525362
2025-10-08,MG95,79.45,71.19643677592278
2025-10-08,MG92,76.99,69.60014595687389
2025-10-09,MG95,80.3,71.8068552172184
2025-10-09,MG92,77.55,70.35708392500877
2025-10-10,MG95,79.46,70.36701113581658
2025-10-10,MG92,76.59,68.91250699818134
2025-10-13,MG95,78.69,72.3227595126629
2025-10-13,MG92,75.95,71.1193820375204
2025-10-14,MG95,78.36,72.31449343919755
2025-10-14,MG92,75.62,70.6386581647396
2025-10-15,MG95,78.5,71.38578742146493
2025-10-15,MG92,75.76,69.57553884029387
2025-08-21,MG95,81.77,81.4601540827751
2025-08-21,MG92,79.01,78.64909817695617
2025-08-22,MG95,82.69,81.12277986884116
2025-08-22,MG92,79.93,79.00026159286499
2025-08-25,MG95,81.54,81.90543528079986
2025-08-25,MG92,79.6,79.49968344688415
2025-08-26,MG95,81.12,82.15622971415519
2025-08-26,MG92,79.18,79.31053094863891
2025-08-27,MG95,79.35,81.38094975948333
2025-08-27,MG92,77.41,79.2249226951599
2025-08-28,MG95,80.24,80.85639683842659
2025-08-28,MG92,78.3,78.64330275535583
2025-08-29,MG95,81.37,80.93764241099358
2025-08-29,MG92,79.43,78.1736313533783
2025-09-01,MG95,81.25,81.31931751132011
2025-09-01,MG92,79.31,78.84554619789124
2025-09-02,MG95,82.72,82.0030108475685
2025-09-02,MG92,80.78,79.5108643245697
2025-09-03,MG95,82.95,82.65034683823585
2025-09-03,MG92,80.73,79.05972522735595
2025-09-04,MG95,81.45,81.00187436342239
2025-09-04,MG92,79.28,77.96702270984649
2025-09-05,MG95,81.6,80.15108744263648
2025-09-05,MG92,79.24,77.68640597343445
2025-09-08,MG95,81.23,80.17246760308743
2025-09-08,MG92,78.87,77.72173288822174
2025-09-09,MG95,81.58,80.78938223958015
2025-09-09,MG92,79.22,78.12430970668792
2025-09-10,MG95,81.84,80.562769870162
2025-09-10,MG92,79.48,77.67429335594177
2025-09-11,MG95,82.05,79.41012358427048
2025-09-11,MG92,79.69,76.4563277387619
2025-09-12,MG95,81.4,79.93206717252731
2025-09-12,MG92,79.14,76.69754119873046
2025-09-15,MG95,83.32,79.67625627279281
2025-09-15,MG92,81.06,77.04280204296111
2025-09-16,MG95,83.4,80.8445826268196
2025-09-16,MG92,81.14,77.70779871940613
2025-09-17,MG95,83.21,78.89751967430114
2025-09-17,MG92,81.74,76.4165051794052
2025-09-18,MG95,82.22,79.53178492963313
2025-09-18,MG92,80.53,76.12106446266174
2025-09-19,MG95,80.89,76.90024391531944
2025-09-19,MG92,79.2,73.86525716781615
2025-09-22,MG95,79.8,77.2800944083929
2025-09-22,MG92,77.81,74.08848339080811
2025-09-23,MG95,79.23,77.57865118622779
2025-09-23,MG92,77.24,74.25259072303771
2025-09-24,MG95,80.23,79.66630999684334
2025-09-24,MG92,78.24,76.07047099113464
2025-09-25,MG95,81.05,74.17045333683491
2025-09-25,MG92,79.25,71.24126822948456
2025-09-26,MG95,81.84,78.21948310196399
2025-09-26,MG92,80.15,75.03345390319824
2025-09-29,MG95,81.78,78.185648432374
2025-09-29,MG92,79.91,74.6895021533966
2025-09-30,MG95,79.2,76.84686813533305
2025-09-30,MG92,77.33,73.75087678909301
2025-10-01,MG95,79.57,74.6887236392498
2025-10-01,MG92,76.94,71.36721149921416
2025-10-02,MG95,78.13,76.78473520338535
2025-10-02,MG92,76.23,73.77823732852936
2025-10-03,MG95,77.05,76.55954785704613
2025-10-03,MG92,75.25,74.0226233625412
2025-10-06,MG95,78.05,75.70907867789268
2025-10-06,MG92,75.75,72.24896346569061
2025-10-07,MG95,78.93,75.69716818094253
2025-10-07,MG92,76.47,72.29842487335205
2025-10-08,MG95,79.45,76.15287708163261
2025-10-08,MG92,76.99,73.1912878370285
2025-10-09,MG95,80.3,73.6863787740469
2025-10-09,MG92,77.55,70.47855999946594
2025-10-10,MG95,79.46,75.26490957558154
2025-10-10,MG92,76.59,71.7122207736969
2025-10-13,MG95,78.69,76.94795811712741
2025-10-13,MG92,75.95,73.5227402973175
2025-10-14,MG95,78.36,74.71345934391022
2025-10-14,MG92,75.62,71.1267807006836
2025-10-15,MG95,78.5,75.99521464645862
2025-10-15,MG92,75.76,72.88074361801146
2025-10-16,MG95,78.98,74.78853784024714
2025-10-16,MG92,76.24,71.07229255676269
2025-10-17,MG95,77.59,73.44619498550891
2025-10-17,MG92,74.81,69.58800309181213
2025-10-20,MG95,77.59,71.87209812402725
2025-10-20,MG92,74.81,68.2828545808792
2025-10-21,MG95,77.65,72.76210206508637
2025-10-21,MG92,74.87,68.91294362545013
2025-10-22,MG95,78.59,71.53340480089187
2025-10-22,MG92,75.58,67.78041854858398
2025-10-23,MG95,81.1,73.41037683784961
2025-10-23,MG92,78.09,70.33360457897186
2025-10-24,MG95,82.82,71.3161128526926
2025-10-24,MG92,79.91,67.80338127613068
2025-10-27,MG95,82.51,71.47706343233585
2025-10-27,MG92,79.91,68.01215155601501
2025-10-28,MG95,82.08,72.39289591670035
2025-10-28,MG92,79.26,68.58400220394134
2025-10-29,MG95,82.28,72.01995871126651
2025-10-29,MG92,79.46,68.8888907623291
2025-10-30,MG95,82.62,72.53290924847126
2025-10-30,MG92,79.8,68.83322396755219
2025-10-31,MG95,81.78,72.234766497612
2025-10-31,MG92,78.96,68.73685411930084
2025-11-03,MG95,82.63,68.84546464681625
2025-11-03,MG92,79.81,65.8484700345993
2025-11-04,MG95,81.13,72.31369159340858
2025-11-04,MG92,78.41,68.54526978015899
2025-11-05,MG95,80.8,72.18910317361355
2025-11-05,MG92,78.08,68.44211220741272
2025-11-06,MG95,81.25,69.44718064188957
2025-11-06,MG92,78.53,66.12774040699004
2025-11-07,MG95,81.88,67.71436220645904
2025-11-07,MG92,79.16,64.0446310853958
2025-11-10,MG95,82.8,70.0315363895893
2025-11-10,MG92,80.08,66.24752953529358
2025-11-11,MG95,83.15,69.5691597288847
2025-11-11,MG92,80.06,66.1527622795105
2025-11-12,MG95,83.79,68.4630481493473
2025-11-12,MG92,81.48,64.70274220466614
2025-09-18,MG95,82.22,82.00841287732123
2025-09-18,MG92,80.53,80.87301758408546
2025-09-19,MG95,80.89,82.29240544199943
2025-09-19,MG92,79.2,81.17411722660064
2025-09-22,MG95,79.8,82.10347053527832
2025-09-22,MG92,77.81,80.98956756949424
2025-09-23,MG95,79.23,81.51650462448596
2025-09-23,MG92,77.24,80.24845056295395
2025-09-24,MG95,80.23,80.89928452849388
2025-09-24,MG92,78.24,79.7792396736145
2025-09-25,MG95,81.05,80.76538744032382
2025-09-25,MG92,79.25,79.71576616764068
2025-09-26,MG95,81.84,82.44704896569252
2025-09-26,MG92,80.15,81.70746909737586
2025-09-29,MG95,81.78,80.59443641483783
2025-09-29,MG92,79.91,79.71683315396308
2025-09-30,MG95,79.2,81.63767015635966
2025-09-30,MG92,77.33,80.93946306109427
2025-10-01,MG95,79.57,79.13540601491927
2025-10-01,MG92,76.94,77.78535892248154
2025-10-02,MG95,78.13,82.42745814085006
2025-10-02,MG92,76.23,81.42018181204796
2025-10-03,MG95,77.05,80.98017231643199
2025-10-03,MG92,75.25,80.26460639238357
2025-10-06,MG95,78.05,81.63225912094116
2025-10-06,MG92,75.75,81.37499323606491
2025-10-07,MG95,78.93,81.37486544072627
2025-10-07,MG92,76.47,80.23994390487671
2025-10-08,MG95,79.45,80.09045128643513
2025-10-08,MG92,76.99,79.09734284400939
2025-10-09,MG95,80.3,80.53657156586647
2025-10-09,MG92,77.55,79.98968445539474
2025-10-10,MG95,79.46,82.26681833684444
2025-10-10,MG92,76.59,81.6070505809784
2025-10-13,MG95,78.69,81.68657282292843
2025-10-13,MG92,75.95,80.93378221154212
2025-10-14,MG95,78.36,82.69712708473205
2025-10-14,MG92,75.62,82.039029006958
2025-10-15,MG95,78.5,82.18530562639236
2025-10-15,MG92,75.76,81.062073918581
2025-10-16,MG95,78.98,80.57880839228629
2025-10-16,MG92,76.24,79.37674709796904
2025-10-17,MG95,77.59,80.7687749171257
2025-10-17,MG92,74.81,79.62103824496269
2025-10-20,MG95,77.59,80.08238681018352
2025-10-20,MG92,74.81,78.86038418292999
2025-10-21,MG95,77.65,80.21643268942832
2025-10-21,MG92,74.87,79.05506290197371
2025-10-22,MG95,78.59,80.53045625269412
2025-10-22,MG92,75.58,79.3589201438427
2025-10-23,MG95,81.1,82.92096837759017
2025-10-23,MG92,78.09,81.83728576660155
2025-10-24,MG95,82.82,79.70486913561821
2025-10-24,MG92,79.91,78.59356452107428
2025-10-27,MG95,82.51,79.6483582854271
2025-10-27,MG92,79.91,78.14251188755036
2025-10-28,MG95,82.08,81.27732793152332
2025-10-28,MG92,79.26,80.45755064964294
2025-10-29,MG95,82.28,78.33371474444866
2025-10-29,MG92,79.46,76.95128743171692
2025-10-30,MG95,82.62,79.40965276420116
2025-10-30,MG92,79.8,77.9350536930561
2025-10-31,MG95,81.78,81.18618347883223
2025-10-31,MG92,78.96,80.54629565358161
2025-11-03,MG95,82.63,81.09596153080463
2025-11-03,MG92,79.81,80.53469035029411
2025-11-04,MG95,81.13,80.26235953450202
2025-11-04,MG92,78.41,79.31086678266524
2025-11-05,MG95,80.8,79.92331427216529
2025-11-05,MG92,78.08,78.91273472189903
2025-11-06,MG95,81.25,79.99445128500462
2025-11-06,MG92,78.53,79.02469033241272
2025-11-07,MG95,81.88,79.85949778020381
2025-11-07,MG92,79.16,79.00052966952323
2025-11-10,MG95,82.8,79.77019337713718
2025-11-10,MG92,80.08,78.90334134459495
2025-11-11,MG95,83.15,80.74735396206378
2025-11-11,MG92,80.06,79.7178709077835
2025-11-12,MG95,83.79,80.10264223515986
2025-11-12,MG92,81.48,78.9682959640026
2025-11-13,MG95,81.53,79.06200737774371
2025-11-13,MG92,79.22,77.73627267956734
2025-11-14,MG95,83.15,80.02217106223105
2025-11-14,MG92,80.31,79.05612988829613
2025-11-17,MG95,83.32,80.94368378520011
2025-11-17,MG92,80.48,79.98426669836044
2025-11-18,MG95,82.73,80.39915804862976
2025-11-18,MG92,79.89,79.85497134208678
2025-11-19,MG95,81.03,80.14322748064994
2025-11-19,MG92,78.17,79.13116972088814
2025-11-20,MG95,79.42,80.80754987120628
2025-11-20,MG92,76.56,79.68022431731224
2025-11-21,MG95,79.01,80.31094478011131
2025-11-21,MG92,76.15,79.82617245554924
2025-11-24,MG95,78.93,79.68961805045605
2025-11-24,MG92,76.07,78.88449612498283
2025-11-25,MG95,79.26,77.71973829388618
2025-11-25,MG92,76.4,76.68688432335853
2025-11-26,MG95,81.16,78.18347047686576
2025-11-26,MG92,78.3,77.01556483149528
2025-11-27,MG95,81.44,78.71315678358077
2025-11-27,MG92,78.52,77.72767345190047
2025-11-28,MG95,81.86,80.41520764589309
2025-11-28,MG92,79.04,79.91977492690086
2025-12-01,MG95,82.51,78.45714686036109
2025-12-01,MG92,79.78,77.48022032260894
2025-12-02,MG95,82.55,78.79243266820907
2025-12-02,MG92,80.7,77.77450392007827
2025-12-03,MG95,80.8,79.35158456742764
2025-12-03,MG92,79.51,78.16355928897858
2025-12-04,MG95,80.04,78.83520514249801
2025-12-04,MG92,78.67,77.79780222415924
2025-12-05,MG95,79.94,79.95618718028068
2025-12-05,MG92,78.57,79.29115920424461
2025-12-08,MG95,80.6,78.69605572938919
2025-12-08,MG92,79.38,77.60788840293884
2025-12-09,MG95,79.45,79.06314810931681
2025-12-09,MG92,77.63,78.18847512483596
2025-12-10,MG95,79.42,78.70680836439132
2025-12-10,MG92,77.59,77.78102276802062
2025-10-16,MG95,78.98,76.62136763334274
2025-10-16,MG92,76.24,75.93465622901917
2025-10-17,MG95,77.59,76.52699291706085
2025-10-17,MG92,74.81,75.47174361705781
2025-10-20,MG95,77.59,78.07424229383469
2025-10-20,MG92,74.81,76.67522248268128
2025-10-21,MG95,77.65,76.39186441898346
2025-10-21,MG92,74.87,75.41593472480774
2025-10-22,MG95,78.59,76.59334063529968
2025-10-22,MG92,75.58,76.27070171356202
2025-10-23,MG95,81.1,76.25666573643684
2025-10-23,MG92,78.09,75.30017157554627
2025-10-24,MG95,82.82,77.01144823431969
2025-10-24,MG92,79.91,76.0705411052704
2025-10-27,MG95,82.51,76.11643716692924
2025-10-27,MG92,79.91,74.86388322353363
2025-10-28,MG95,82.08,75.55206981301308
2025-10-28,MG92,79.26,73.93808960914612
2025-10-29,MG95,82.28,75.62191271781921
2025-10-29,MG92,79.46,74.29233767032623
2025-10-30,MG95,82.62,75.97101026773453
2025-10-30,MG92,79.8,74.90252362251282
2025-10-31,MG95,81.78,76.10948890447617
2025-10-31,MG92,78.96,74.431835064888
2025-11-03,MG95,82.63,77.1397220492363
2025-11-03,MG92,79.81,75.75722287654877
2025-11-04,MG95,81.13,75.22200629115105
2025-11-04,MG92,78.41,73.95328476428986
2025-11-05,MG95,80.8,76.49658432602882
2025-11-05,MG92,78.08,75.04575545787812
2025-11-06,MG95,81.25,74.70135450363159
2025-11-06,MG92,78.53,73.57786283016205
2025-11-07,MG95,81.88,74.7373263835907
2025-11-07,MG92,79.16,73.48422183990479
2025-11-10,MG95,82.8,74.98119401931763
2025-11-10,MG92,80.08,73.19346830368042
2025-11-11,MG95,83.15,74.18900319933891
2025-11-11,MG92,80.06,72.75033874511719
2025-11-12,MG95,83.79,74.47960901260376
2025-11-12,MG92,81.48,72.50867933273317
2025-11-13,MG95,81.53,74.17723560333252
2025-11-13,MG92,79.22,72.32991837978363
2025-11-14,MG95,83.15,74.73482781648636
2025-11-14,MG92,80.31,72.629274225235
2025-11-17,MG95,83.32,72.49917641282082
2025-11-17,MG92,80.48,70.68004965782166
2025-11-18,MG95,82.73,73.45099478960037
2025-11-18,MG92,79.89,72.25645330429077
2025-11-19,MG95,81.03,73.5241691172123
2025-11-19,MG92,78.17,72.21565442562104
2025-11-20,MG95,79.42,72.69601109623909
2025-11-20,MG92,76.56,70.28782499790192
2025-11-21,MG95,79.01,74.33419147133827
2025-11-21,MG92,76.15,71.27323419570924
2025-11-24,MG95,78.93,73.82072189450264
2025-11-24,MG92,76.07,72.06255138397218
2025-11-25,MG95,79.26,74.13241112232208
2025-11-25,MG92,76.4,72.31500771045685
2025-11-26,MG95,81.16,75.1439798772335
2025-11-26,MG92,78.3,72.97774225711824
2025-11-27,MG95,81.44,74.00453969836235
2025-11-27,MG92,78.52,71.16444320678711
2025-11-28,MG95,81.86,73.24650999903679
2025-11-28,MG92,79.04,70.32470880985261
2025-12-01,MG95,82.51,73.95996788144112
2025-12-01,MG92,79.78,71.56171184539795
2025-12-02,MG95,82.55,72.38614666461945
2025-12-02,MG92,80.7,70.26380175113678
2025-12-03,MG95,80.8,72.47640857100487
2025-12-03,MG92,79.51,69.96320861816406
2025-12-04,MG95,80.04,73.70000460743904
2025-12-04,MG92,78.67,70.83704970359803
2025-12-05,MG95,79.94,73.18692338466644
2025-12-05,MG92,78.57,70.53765321731568
2025-12-08,MG95,80.6,72.42957213521004
2025-12-08,MG92,79.38,70.19603090763093
2025-12-09,MG95,79.45,73.15281373262405
2025-12-09,MG92,77.63,70.72753169536591
2025-12-10,MG95,79.42,72.05322429537773
2025-12-10,MG92,77.59,69.03625899791717
2025-12-11,MG95,79.63,72.49262118339539
2025-12-11,MG92,77.61,69.9372526741028
2025-12-12,MG95,79.25,73.3263190984726
2025-12-12,MG92,77.61,70.06755620956422
2025-12-15,MG95,78.52,71.86853152513504
2025-12-15,MG92,77.43,69.53735141277313
2025-12-16,MG95,75.72,71.5835311114788
2025-12-16,MG92,74.64,68.69815437793733
2025-12-17,MG95,74.53,72.40031456947327
2025-12-17,MG92,74.27,69.47037080764771
2025-12-18,MG95,74.63,71.72751688957214
2025-12-18,MG92,74.15,68.86602358818055
2025-12-19,MG95,73.56,71.56978431344032
2025-12-19,MG92,73.15,68.97580350399018
2025-12-22,MG95,74.61,72.69027936458588
2025-12-22,MG92,73.33,69.5053806257248
2025-12-23,MG95,74.56,72.28400486707687
2025-12-23,MG92,73.28,69.33116693019868
2025-12-24,MG95,74.49,74.24944138526917
2025-12-24,MG92,73.21,71.21434111595154
2025-12-25,MG95,74.49,71.64044135808945
2025-12-25,MG92,73.21,68.35542121887208
2025-12-26,MG95,74.54,73.30954968929291
2025-12-26,MG92,72.58,70.4807425069809
2025-12-29,MG95,73.6,72.15560939908028
2025-12-29,MG92,71.54,68.59028458118439
2025-12-30,MG95,73.8,71.99598184227943
2025-12-30,MG92,71.74,68.8102869462967
2025-12-31,MG95,73.81,72.67257884144783
2025-12-31,MG92,71.75,69.09535528182984
2026-01-01,MG95,73.81,71.67243611812592
2026-01-01,MG92,71.75,69.04907440662384
2026-01-02,MG95,72.58,72.71172773838043
2026-01-02,MG92,71.57,68.77919219493866
2026-01-05,MG95,71.36,70.66345950961113
2026-01-05,MG92,70.2,67.79278503894807
2026-01-06,MG95,72.57,71.23267894983292
2026-01-06,MG92,71.21,67.94456951141358
2026-01-07,MG95,70.58,73.12426736950874
2026-01-07,MG92,69.56,69.72184272289276
2025-11-13,MG95,81.53,82.64779473960401
2025-11-13,MG92,79.22,81.27228865385057
2025-11-14,MG95,83.15,83.74110606551172
2025-11-14,MG92,80.31,82.1725395154953
2025-11-17,MG95,83.32,83.2914167135954
2025-11-17,MG92,80.48,82.33171899318695
2025-11-18,MG95,82.73,83.68753749132156
2025-11-18,MG92,79.89,82.16936330795288
2025-11-19,MG95,81.03,82.88507265865803
2025-11-19,MG92,78.17,81.5658158826828
2025-11-20,MG95,79.42,83.06096596598626
2025-11-20,MG92,76.56,82.16347712516784
2025-11-21,MG95,79.01,84.02441120624543
2025-11-21,MG92,76.15,83.10238155841827
2025-11-24,MG95,78.93,84.87170962929726
2025-11-24,MG92,76.07,83.39899271965027
2025-11-25,MG95,79.26,84.30090415835382
2025-11-25,MG92,76.4,82.40471348762513
2025-11-26,MG95,81.16,84.38067268967629
2025-11-26,MG92,78.3,82.7819634103775
2025-11-27,MG95,81.44,85.20525715827942
2025-11-27,MG92,78.52,84.11776751518249
2025-11-28,MG95,81.86,84.89603173971177
2025-11-28,MG92,79.04,82.93456707000733
2025-12-01,MG95,82.51,84.10837492704393
2025-12-01,MG92,79.78,82.29766460895539
2025-12-02,MG95,82.55,83.49194177627564
2025-12-02,MG92,80.7,81.66888236045838
2025-12-03,MG95,80.8,84.83762870907785
2025-12-03,MG92,79.51,82.99395340919494
2025-12-04,MG95,80.04,85.65403255820274
2025-12-04,MG92,78.67,84.16046662330628
2025-12-05,MG95,79.94,84.55776961684228
2025-12-05,MG92,78.57,83.66349213123321
2025-12-08,MG95,80.6,84.02405161857605
2025-12-08,MG92,79.38,82.79658173561097
2025-12-09,MG95,79.45,84.09030564665795
2025-12-09,MG92,77.63,83.17669704437256
2025-12-10,MG95,79.42,84.07431398391724
2025-12-10,MG92,77.59,82.83339466094971
2025-12-11,MG95,79.63,84.63592000365257
2025-12-11,MG92,77.61,83.04529724121095
2025-12-12,MG95,79.25,83.83362997055055
2025-12-12,MG92,77.61,81.98781439304352
2025-12-15,MG95,78.52,82.75575094878674
2025-12-15,MG92,77.43,80.86682196378709
2025-12-16,MG95,75.72,83.48116413474084
2025-12-16,MG92,74.64,82.0268127822876
2025-12-17,MG95,74.53,83.82662799954414
2025-12-17,MG92,74.27,82.4535707473755
2025-12-18,MG95,74.63,82.50019898414612
2025-12-18,MG92,74.15,81.33545827388764
2025-12-19,MG95,73.56,81.82973279178144
2025-12-19,MG92,73.15,81.00137369155884
2025-12-22,MG95,74.61,82.95670052468778
2025-12-22,MG92,73.33,81.24937042236328
2025-12-23,MG95,74.56,82.61663546919823
2025-12-23,MG92,73.28,80.74055557250976
2025-12-24,MG95,74.49,82.60584783911706
2025-12-24,MG92,73.21,80.76623234510423
2025-12-25,MG95,74.49,82.14093094825745
2025-12-25,MG92,73.21,80.47213689565659
2025-12-26,MG95,74.54,80.51848137259483
2025-12-26,MG92,72.58,79.2634442281723
2025-12-29,MG95,73.6,81.35463757216931
2025-12-29,MG92,71.54,80.02168850183487
2025-12-30,MG95,73.8,79.94453450381756
2025-12-30,MG92,71.74,79.22058485269547
2025-12-31,MG95,73.81,80.80217606663705
2025-12-31,MG92,71.75,79.25309484243394
2026-01-01,MG95,73.81,81.81607345461846
2026-01-01,MG92,71.75,80.57293049097062
2026-01-02,MG95,72.58,81.27094853639603
2026-01-02,MG92,71.57,79.71107094526292
2026-01-05,MG95,71.36,80.06702904224396
2026-01-05,MG92,70.2,79.07656278133393
2026-01-06,MG95,72.57,81.29605974197388
2026-01-06,MG92,71.21,79.7204295873642
2026-01-07,MG95,70.58,79.78154140412808
2026-01-07,MG92,69.56,78.60971855163575
2026-01-08,MG95,71.16,81.36227881014348
2026-01-08,MG92,69.91,79.81352063655854
2026-01-09,MG95,73.03,79.64089268267155
2026-01-09,MG92,71.94,78.15539945840835
2026-01-12,MG95,72.9,80.07936489701272
2026-01-12,MG92,71.81,78.59982082843781
2026-01-13,MG95,73.45,78.82652649700643
2026-01-13,MG92,72.36,77.60073357582093
2026-01-14,MG95,73.42,78.9011509269476
2026-01-14,MG92,71.84,77.0344215989113
2026-01-15,MG95,72.55,79.99826788902283
2026-01-15,MG92,71.4,78.92365801334381
2026-01-16,MG95,71.76,79.24583069086076
2026-01-16,MG92,70.44,77.68712739229203
2026-01-19,MG95,71.95,79.2445221912861
2026-01-19,MG92,70.6,78.20148846387863
2026-01-20,MG95,72.36,80.44001135230064
2026-01-20,MG92,70.99,79.06192017316819
2026-01-21,MG95,73.22,78.72986233949662
2026-01-21,MG92,71.85,77.38435807943344
2026-01-22,MG95,73.64,78.0230028784275
2026-01-22,MG92,72.27,77.20199325799942
2026-01-23,MG95,73.5,78.7103047657013
2026-01-23,MG92,70.76,77.19052200078964
2026-01-26,MG95,73.88,78.88023491084576
2026-01-26,MG92,71.64,78.17417016506195
2026-01-27,MG95,72.35,79.5668925368786
2026-01-27,MG92,70.21,77.97239356756211
2026-01-28,MG95,74.54,79.57190179288388
2026-01-28,MG92,72.46,78.43090875148773
2026-01-29,MG95,75.75,79.24535124063492
2026-01-29,MG92,73.67,78.31043141126634
2026-01-30,MG95,75.44,77.57237959742547
2026-01-30,MG92,73.43,76.53681089401246
2026-02-02,MG95,72.54,78.4539736944437
2026-02-02,MG92,70.93,77.0456451702118
2026-02-03,MG95,72.82,78.52748939573766
2026-02-03,MG92,71.15,77.40018083810807
2026-02-04,MG95,74.68,78.30325651824475
2026-02-04,MG92,72.95,76.71127890586854
2025-12-11,MG95,79.63,80.15506460189819
2025-12-11,MG92,77.61,78.99752561807632
2025-12-12,MG95,79.25,80.86841052532196
2025-12-12,MG92,77.61,80.20940689563751
2025-12-15,MG95,78.52,80.71480815410614
2025-12-15,MG92,77.43,79.84046488285065
2025-12-16,MG95,75.72,79.27414686083794
2025-12-16,MG92,74.64,78.4802964425087
2025-12-17,MG95,74.53,78.44239437580109
2025-12-17,MG92,74.27,77.55590190708638
2025-12-18,MG95,74.63,77.9386942923069
2025-12-18,MG92,74.15,77.19941890180111
2025-12-19,MG95,73.56,77.8464656496048
2025-12-19,MG92,73.15,77.16264309346676
2025-12-22,MG95,74.61,77.38590469360352
2025-12-22,MG92,73.33,76.64294431507588
2025-12-23,MG95,74.56,75.38545724391938
2025-12-23,MG92,73.28,74.80314570844173
2025-12-24,MG95,74.49,75.8115419280529
2025-12-24,MG92,73.21,74.90164308845998
2025-12-25,MG95,74.49,79.02082224011421
2025-12-25,MG92,73.21,78.21632642388344
2025-12-26,MG95,74.54,78.40308015942574
2025-12-26,MG92,72.58,77.36765250086785
2025-12-29,MG95,73.6,76.06351268172264
2025-12-29,MG92,71.54,75.112359405756
2025-12-30,MG95,73.8,77.21920862913132
2025-12-30,MG92,71.74,76.39270510315896
2025-12-31,MG95,73.81,76.47029765963555
2025-12-31,MG92,71.75,76.25819499433041
2026-01-01,MG95,73.81,75.91271272063256
2026-01-01,MG92,71.75,74.73477378308773
2026-01-02,MG95,72.58,75.44000009775162
2026-01-02,MG92,71.57,74.41453474283219
2026-01-05,MG95,71.36,74.65487555146217
2026-01-05,MG92,70.2,73.55512220978737
2026-01-06,MG95,72.57,75.01401482343674
2026-01-06,MG92,71.21,74.12302449047566
2026-01-07,MG95,70.58,75.53630927681922
2026-01-07,MG92,69.56,74.74385211706162
2026-01-08,MG95,71.16,75.02077469110489
2026-01-08,MG92,69.91,74.0612566715479
2026-01-09,MG95,73.03,73.57835242390632
2026-01-09,MG92,71.94,73.35425193071366
2026-01-12,MG95,72.9,74.22199312925339
2026-01-12,MG92,71.81,73.19398673176765
2026-01-13,MG95,73.45,72.65565415620804
2026-01-13,MG92,72.36,71.57307170569896
2026-01-14,MG95,73.42,72.54285714864731
2026-01-14,MG92,71.84,71.16129087090492
2026-01-15,MG95,72.55,73.16238860607147
2026-01-15,MG92,71.4,72.13358367681504
2026-01-16,MG95,71.76,72.5481353366375
2026-01-16,MG92,70.44,71.65195562958718
2026-01-19,MG95,71.95,73.0081755745411
2026-01-19,MG92,70.6,72.11168560683727
2026-01-20,MG95,72.36,73.10609897971153
2026-01-20,MG92,70.99,71.91487121105195
2026-01-21,MG95,73.22,72.69744888424873
2026-01-21,MG92,71.85,71.70824315011501
2026-01-22,MG95,73.64,73.10747178196907
2026-01-22,MG92,72.27,71.88919936597348
2026-01-23,MG95,73.5,73.29334447383881
2026-01-23,MG92,70.76,72.36699814140798
2026-01-26,MG95,73.88,72.6315212392807
2026-01-26,MG92,71.64,71.89575260043145
2026-01-27,MG95,72.35,72.24982067227364
2026-01-27,MG92,70.21,70.71892673373223
2026-01-28,MG95,74.54,71.97581407546997
2026-01-28,MG92,72.46,70.75135530114174
2026-01-29,MG95,75.75,73.97201057195663
2026-01-29,MG92,73.67,72.90594964742661
2026-01-30,MG95,75.44,74.79208477020264
2026-01-30,MG92,73.43,73.45738328456879
2026-02-02,MG95,72.54,73.92925961613655
2026-02-02,MG92,70.93,73.25292884409428
2026-02-03,MG95,72.82,72.69353403091431
2026-02-03,MG92,71.15,71.63254103660584
2026-02-04,MG95,74.68,72.51765912652016
2026-02-04,MG92,72.95,71.15073724985123
2026-02-05,MG95,75.06,73.10968720078469
2026-02-05,MG92,73.33,72.06983647584916
2026-02-06,MG95,75.24,71.62466545939445
2026-02-06,MG92,73.51,70.78796924412251
2026-02-09,MG95,76.56,71.39318732976913
2026-02-09,MG92,74.83,70.64353910148144
2026-02-10,MG95,78.41,71.67671360015869
2026-02-10,MG92,76.68,70.65955452203751
2026-02-11,MG95,77.63,73.19058785796166
2026-02-11,MG92,75.55,71.82550303697586
2026-02-12,MG95,77.16,71.82042706131935
2026-02-12,MG92,74.83,70.56701841175557
2026-02-13,MG95,73.85,73.0159058713913
2026-02-13,MG92,71.58,72.04930732429028
2026-02-16,MG95,73.8,71.39453172922134
2026-02-16,MG92,71.79,70.28734745383262
2026-02-17,MG95,73.8,73.5060388815403
2026-02-17,MG92,71.79,72.50807998359204
2026-02-18,MG95,73.8,74.17179117083549
2026-02-18,MG92,71.79,73.0208139270544
2026-02-19,MG95,78.09,73.63965041160584
2026-02-19,MG92,76.08,72.67688242375851
2026-02-20,MG95,79.95,73.62656618595123
2026-02-20,MG92,77.63,72.5114791560173
2026-02-23,MG95,79.75,73.00029852986336
2026-02-23,MG92,77.43,71.91593027293682
2026-02-24,MG95,81.35,72.60597764968873
2026-02-24,MG92,78.89,71.60443658649922
2026-02-25,MG95,81.46,71.85755426168441
2026-02-25,MG92,79.0,70.39566774845123
2026-02-26,MG95,81.74,71.12779151678086
2026-02-26,MG92,79.28,70.45956294059754
2026-02-27,MG95,82.09,72.80521386146546
2026-02-27,MG92,79.63,71.60219359517097
2026-03-02,MG95,92.78,72.94383848667145
2026-03-02,MG92,90.32,71.62599705159664
2026-03-03,MG95,98.65,73.81958691716194
2026-03-03,MG92,95.56,72.8193563079834
2026-03-04,MG95,104.35,73.73009441137314
2026-03-04,MG92,99.68,72.280312307477
2026-01-08,MG95,71.16,70.11019070148468
2026-01-08,MG92,69.91,68.3568476510048
2026-01-09,MG95,73.03,69.89408666968346
2026-01-09,MG92,71.94,67.56708625793458
2026-01-12,MG95,72.9,70.29744804859162
2026-01-12,MG92,71.81,67.51137927055359
2026-01-13,MG95,73.45,70.58339917182923
2026-01-13,MG92,72.36,68.57996997356415
2026-01-14,MG95,73.42,70.1300009739399
2026-01-14,MG92,71.84,67.62172769784928
2026-01-15,MG95,72.55,70.40340713381767
2026-01-15,MG92,71.4,68.42554022073746
2026-01-16,MG95,71.76,69.2787061548233
2026-01-16,MG92,70.44,67.52525211811066
2026-01-19,MG95,71.95,69.76638213992119
2026-01-19,MG92,70.6,67.53145882844925
2026-01-20,MG95,72.36,69.05131922841072
2026-01-20,MG92,70.99,67.54861124038696
2026-01-21,MG95,73.22,70.50945456385612
2026-01-21,MG92,71.85,68.36637124061585
2026-01-22,MG95,73.64,70.69867653131485
2026-01-22,MG92,72.27,68.77000642538071
2026-01-23,MG95,73.5,69.15643693447113
2026-01-23,MG92,70.76,67.6557754635811
2026-01-26,MG95,73.88,69.70012773752212
2026-01-26,MG92,71.64,68.14484516620637
2026-01-27,MG95,72.35,69.0607132267952
2026-01-27,MG92,70.21,68.05086139202118
2026-01-28,MG95,74.54,68.91644614815712
2026-01-28,MG92,72.46,66.99830365419388
2026-01-29,MG95,75.75,68.866922570467
2026-01-29,MG92,73.67,67.00959762811661
2026-01-30,MG95,75.44,67.14505693554878
2026-01-30,MG92,73.43,65.38169815778733
2026-02-02,MG95,72.54,67.80329309821128
2026-02-02,MG92,70.93,66.6760646867752
2026-02-03,MG95,72.82,70.22511468172073
2026-02-03,MG92,71.15,69.06602546215058
2026-02-04,MG95,74.68,68.63663709282875
2026-02-04,MG92,72.95,67.72089409589768
2026-02-05,MG95,75.06,67.98864472150802
2026-02-05,MG92,73.33,66.70499616622925
2026-02-06,MG95,75.24,66.01680112957955
2026-02-06,MG92,73.51,65.42267405509949
2026-02-09,MG95,76.56,67.54061872959137
2026-02-09,MG92,74.83,66.7947260427475
2026-02-10,MG95,78.41,66.7691539657116
2026-02-10,MG92,76.68,65.5662244439125
2026-02-11,MG95,77.63,66.47113325834275
2026-02-11,MG92,75.55,65.231634247303
2026-02-12,MG95,77.16,67.1114606654644
2026-02-12,MG92,74.83,66.82558545827865
2026-02-13,MG95,73.85,67.36497662186622
2026-02-13,MG92,71.58,66.84101723909379
2026-02-16,MG95,73.8,67.66548360466957
2026-02-16,MG92,71.79,66.93666359901428
2026-02-17,MG95,73.8,68.61801737189293
2026-02-17,MG92,71.79,67.73098155498505
2026-02-18,MG95,73.8,65.97084499955177
2026-02-18,MG92,71.79,66.43809932947158
2026-02-19,MG95,78.09,66.62182426691055
2026-02-19,MG92,76.08,66.41521286249161
2026-02-20,MG95,79.95,67.4857271528244
2026-02-20,MG92,77.63,67.01121046066284
2026-02-23,MG95,79.75,65.05069170951843
2026-02-23,MG92,77.43,64.8698207640648
2026-02-24,MG95,81.35,66.64880729675293
2026-02-24,MG92,78.89,66.17286922454834
2026-02-25,MG95,81.46,67.10357694268227
2026-02-25,MG92,79.0,66.40904346704484
2026-02-26,MG95,81.74,68.49038015246391
2026-02-26,MG92,79.28,68.36382138967514
2026-02-27,MG95,82.09,65.77658737778664
2026-02-27,MG92,79.63,66.20093416929245
2026-03-02,MG95,92.78,66.2979185295105
2026-03-02,MG92,90.32,65.9775879573822
2026-03-03,MG95,98.65,66.24159660816193
2026-03-03,MG92,95.56,66.1394060587883
2026-03-04,MG95,104.35,66.64944674491882
2026-03-04,MG92,99.68,67.15803212165832
2026-03-05,MG95,110.97,67.17641513705253
2026-03-05,MG92,106.3,67.08601438045503
2026-03-06,MG95,121.36,66.63244247198105
2026-03-06,MG92,113.16,67.13026569604874
2026-03-09,MG95,147.5,67.40502627015114
2026-03-09,MG92,139.3,67.71423546075822
2026-03-10,MG95,127.42,67.04151260852814
2026-03-10,MG92,119.22,66.84917676210404
2026-03-11,MG95,129.17,66.77595651626586
2026-03-11,MG92,116.76,66.49021164894104
2026-03-12,MG95,143.44,66.15660048484803
2026-03-12,MG92,130.12,66.52913937330246
2026-03-13,MG95,149.76,65.41880350828171
2026-03-13,MG92,136.44,65.60632966041565
2026-03-16,MG95,153.48,65.33503579854965
2026-03-16,MG92,140.16,65.49285507440567
2026-03-17,MG95,152.16,65.77894744634628
2026-03-17,MG92,138.84,65.94181541442872
2026-03-18,MG95,153.12,64.99371351242065
2026-03-18,MG92,139.8,65.36669757127763
2026-03-19,MG95,165.25,65.73729076385497
2026-03-19,MG92,151.93,66.06519088506698
2026-03-20,MG95,163.93,63.67698035955429
2026-03-20,MG92,150.61,64.52351369142532
2026-03-23,MG95,170.52,63.82169757604599
2026-03-23,MG92,157.2,64.28097933292389
2026-03-24,MG95,146.36,66.30924349308013
2026-03-24,MG92,141.81,66.6358972787857
2026-03-25,MG95,135.6,64.82471830010414
2026-03-25,MG92,131.05,65.70654916763306
2026-03-26,MG95,132.03,65.97801775693894
2026-03-26,MG92,127.48,65.90619213104249
2026-03-27,MG95,135.07,66.30194452881813
2026-03-27,MG92,130.52,67.75132646322251
2026-03-30,MG95,147.0,65.84757033109665
2026-03-30,MG92,139.66,67.11016955375672
2026-03-31,MG95,145.8,65.58826568603516
2026-03-31,MG92,138.46,66.65473715305329
2026-04-01,MG95,143.29,63.732351522445676
2026-04-01,MG92,136.05,65.59704239845276
2026-02-05,MG95,75.06,76.14877826690675
2026-02-05,MG92,73.33,74.06278950572015
2026-02-06,MG95,75.24,75.29944831371309
2026-02-06,MG92,73.51,72.51550153195858
2026-02-09,MG95,76.56,75.1569184923172
2026-02-09,MG92,74.83,72.8836862295866
2026-02-10,MG95,78.41,77.13010632514954
2026-02-10,MG92,76.68,74.10362741351128
2026-02-11,MG95,77.63,75.2971069431305
2026-02-11,MG92,75.55,73.47188341617584
2026-02-12,MG95,77.16,75.65506956577302
2026-02-12,MG92,74.83,73.58423984050751
2026-02-13,MG95,73.85,76.26355884075166
2026-02-13,MG92,71.58,73.52507879137993
2026-02-16,MG95,73.8,76.04938129901886
2026-02-16,MG92,71.79,74.12662917375565
2026-02-17,MG95,73.8,77.00502550125123
2026-02-17,MG92,71.79,74.87853019237518
2026-02-18,MG95,73.8,73.92446731090547
2026-02-18,MG92,71.79,71.51060289144516
2026-02-19,MG95,78.09,74.9259329366684
2026-02-19,MG92,76.08,72.65401647984982
2026-02-20,MG95,79.95,75.58148999214173
2026-02-20,MG92,77.63,72.86414560377598
2026-02-23,MG95,79.75,74.39644043684007
2026-02-23,MG92,77.43,72.0834467291832
2026-02-24,MG95,81.35,74.18392767190934
2026-02-24,MG92,78.89,72.05825784504414
2026-02-25,MG95,81.46,72.78816366672517
2026-02-25,MG92,79.0,70.9523906081915
2026-02-26,MG95,81.74,74.8899755382538
2026-02-26,MG92,79.28,73.30261828899384
2026-02-27,MG95,82.09,75.12910692691804
2026-02-27,MG92,79.63,73.06660892367363
2026-03-02,MG95,92.78,76.46913651943207
2026-03-02,MG92,90.32,73.74118228554725
2026-03-03,MG95,98.65,72.31129413843155
2026-03-03,MG92,95.56,70.4041834384203
2026-03-04,MG95,104.35,71.58201506853105
2026-03-04,MG92,99.68,69.06925084590912
2026-03-05,MG95,110.97,73.41084805727006
2026-03-05,MG92,106.3,71.08740094006062
2026-03-06,MG95,121.36,74.80709280014038
2026-03-06,MG92,113.16,72.96930582523346
2026-03-09,MG95,147.5,74.94686283111572
2026-03-09,MG92,139.3,73.0390676856041
2026-03-10,MG95,127.42,75.61589834690095
2026-03-10,MG92,119.22,73.7126322746277
2026-03-11,MG95,129.17,75.14513151645662
2026-03-11,MG92,116.76,73.32137624621392
2026-03-12,MG95,143.44,75.92399778842926
2026-03-12,MG92,130.12,74.45029742121697
2026-03-13,MG95,149.76,73.44183338165284
2026-03-13,MG92,136.44,71.48951866924763
2026-03-16,MG95,153.48,75.92101543426514
2026-03-16,MG92,140.16,73.5242613375187
2026-03-17,MG95,152.16,71.5423185992241
2026-03-17,MG92,138.84,69.7725872784853
2026-03-18,MG95,153.12,73.86621347665788
2026-03-18,MG92,139.8,71.74393813908101
2026-03-19,MG95,165.25,72.84085340738297
2026-03-19,MG92,151.93,70.23559662401676
2026-03-20,MG95,163.93,73.6094550395012
2026-03-20,MG92,150.61,70.62762227654457
2026-03-23,MG95,170.52,72.71317303895951
2026-03-23,MG92,157.2,70.72959094941616
2026-03-24,MG95,146.36,74.38257471561433
2026-03-24,MG92,141.81,72.09231697320938
2026-03-25,MG95,135.6,73.10664793252946
2026-03-25,MG92,131.05,71.15755413472652
2026-03-26,MG95,132.03,75.07812202453614
2026-03-26,MG92,127.48,72.42920362353325
2026-03-27,MG95,135.07,72.6518567276001
2026-03-27,MG92,130.52,71.38598465919495
2026-03-30,MG95,147.0,74.99171387672425
2026-03-30,MG92,139.66,73.11715192198754
2026-03-31,MG95,145.8,73.82132682085037
2026-03-31,MG92,138.46,71.53557001948357
2026-04-01,MG95,143.29,74.10288776159287
2026-04-01,MG92,136.05,71.52735634744168
2026-04-02,MG95,151.74,72.10487962007524
2026-04-02,MG92,144.5,69.99248671531677
2026-04-06,MG95,150.88,72.53539802312852
2026-04-06,MG92,141.87,70.36064532399178
2026-04-07,MG95,147.22,74.59385892868043
2026-04-07,MG92,138.21,72.64347219467163
2026-04-08,MG95,125.82,71.60498364686967
2026-04-08,MG92,119.46,69.39141463041305
2026-04-09,MG95,135.04,71.26474154949189
2026-04-09,MG92,130.98,69.78285762965679
2026-04-10,MG95,133.88,72.69432188987733
2026-04-10,MG92,128.17,70.73884817957878
2026-04-13,MG95,135.93,74.01386671543122
2026-04-13,MG92,128.49,72.04073041677475
2026-04-14,MG95,128.99,72.94758162498475
2026-04-14,MG92,123.87,70.60772075355054
2026-04-15,MG95,125.23,74.01461007833481
2026-04-15,MG92,119.01,72.18843302428722
2026-04-16,MG95,122.29,72.188999812603
2026-04-16,MG92,120.88,70.7769815325737
2026-04-17,MG95,128.19,72.41069110631943
2026-04-17,MG92,122.19,70.04057735204697
2026-04-20,MG95,124.43,71.23919568300248
2026-04-20,MG92,118.67,69.14773076474667
2026-04-21,MG95,123.98,71.30124200344086
2026-04-21,MG92,118.22,69.20203926861286
2026-04-22,MG95,128.89,71.11680788040162
2026-04-22,MG92,124.24,69.79665433764458
2026-04-23,MG95,130.57,72.92166630268098
2026-04-23,MG92,125.92,71.03854067921638
2026-04-24,MG95,131.72,70.81982772350312
2026-04-24,MG92,124.69,69.5622624874115
2026-04-27,MG95,133.04,71.97300169944764
2026-04-27,MG92,128.03,69.55551414489746
2026-04-28,MG95,131.54,70.37216746091843
2026-04-28,MG92,126.52,68.1919576227665
2026-04-29,MG95,134.06,73.42944993495942
2026-04-29,MG92,129.82,71.90345904231071
2026-04-30,MG95,137.61,69.55784233331681
2026-04-30,MG92,134.27,68.00545204579831
