date,product,true,pred
2024-01-10,MG95,91.68,90.21099505901336
2024-01-10,MG92,87.36,86.25592889785766
2024-01-11,MG95,91.48,89.19219477176665
2024-01-11,MG92,87.16,84.65685875415801
2024-01-12,MG95,95.45,90.0468809223175
2024-01-12,MG92,90.36,86.5043119907379
2024-01-15,MG95,94.05,89.13629928350448
2024-01-15,MG92,88.96,86.11155952215194
2024-01-16,MG95,94.9,91.22268263339996
2024-01-16,MG92,89.81,86.60643879175186
2024-01-17,MG95,93.09,91.22451405048369
2024-01-17,MG92,88.0,87.5663921713829
2024-01-18,MG95,95.56,88.64923284530639
2024-01-18,MG92,90.17,84.8326462984085
2024-01-19,MG95,97.74,88.61851401805878
2024-01-19,MG92,92.24,85.71259849071502
2024-01-22,MG95,97.16,90.04076910018921
2024-01-22,MG92,91.91,85.59473724365233
2024-01-23,MG95,101.07,90.28377259254455
2024-01-23,MG92,95.39,85.8717385649681
2024-01-24,MG95,100.72,90.17587870121001
2024-01-24,MG92,95.05,87.46088718175888
2024-01-25,MG95,101.96,91.01823472976685
2024-01-25,MG92,96.49,86.2868195414543
2024-01-26,MG95,102.8,90.55948604583739
2024-01-26,MG92,97.55,87.73558565378188
2024-01-29,MG95,105.17,89.84874714851378
2024-01-29,MG92,100.3,86.88415024280548
2024-01-30,MG95,101.74,90.43258587837218
2024-01-30,MG92,97.1,86.7179697394371
2024-01-31,MG95,101.3,90.85720844745636
2024-01-31,MG92,96.66,88.43049832582473
2024-02-01,MG95,100.01,91.57495357990264
2024-02-01,MG92,95.37,86.39085354804992
2024-02-02,MG95,98.45,91.13143121242523
2024-02-02,MG92,93.62,87.43756449222565
2024-02-05,MG95,97.0,90.18008457183838
2024-02-05,MG92,92.17,85.72270262241364
2024-02-06,MG95,98.21,90.11700716018676
2024-02-06,MG92,93.38,85.68721642494201
2024-02-07,MG95,98.09,88.43349297761917
2024-02-07,MG92,93.26,86.40855606794356
2024-02-08,MG95,99.61,89.0207602906227
2024-02-08,MG92,95.45,86.34560813903808
2024-02-09,MG95,101.05,91.40704883575438
2024-02-09,MG92,96.89,86.44100899696349
2024-02-12,MG95,101.05,90.92093537330626
2024-02-12,MG92,96.89,88.12921056747436
2024-02-13,MG95,102.91,90.78371751308441
2024-02-13,MG92,98.69,88.10761247873306
2024-02-14,MG95,103.66,93.91291720390319
2024-02-14,MG92,99.44,89.18414887189864
2024-02-15,MG95,99.92,92.07798635482787
2024-02-15,MG92,95.56,88.3001083612442
2024-02-16,MG95,100.76,89.0416565465927
2024-02-16,MG92,96.4,85.84811153411864
2024-02-19,MG95,100.24,93.21201684951781
2024-02-19,MG92,95.65,89.95369617938995
2024-02-20,MG95,99.02,89.15842535734176
2024-02-20,MG92,94.35,88.42209850549698
2024-02-21,MG95,98.6,91.71025484085082
2024-02-21,MG92,93.93,89.22973920106887
2024-02-22,MG95,100.78,90.51634126663207
2024-02-22,MG92,96.11,88.92403849363326
2024-02-23,MG95,101.23,91.78201018810272
2024-02-23,MG92,96.56,88.20471764802932
2024-02-26,MG95,99.18,89.14473764419554
2024-02-26,MG92,94.51,85.83896100521088
2024-02-27,MG95,101.65,92.98429291248321
2024-02-27,MG92,96.98,88.26345552206038
2024-02-28,MG95,102.04,92.44193790912628
2024-02-28,MG92,97.37,89.41650332212447
2024-02-29,MG95,100.8,89.88898508548736
2024-02-29,MG92,96.13,86.94767642021179
2024-03-01,MG95,99.03,90.74638641834258
2024-03-01,MG92,94.59,86.74651695489882
2024-03-04,MG95,98.26,89.26167149543761
2024-03-04,MG92,93.82,86.47698214054107
2024-03-05,MG95,98.94,89.67150430679321
2024-03-05,MG92,94.5,85.8108500123024
2024-03-06,MG95,97.08,91.65365127563476
2024-03-06,MG92,93.64,87.77780793905258
2024-03-07,MG95,98.14,90.81165727138519
2024-03-07,MG92,94.2,89.06107324361801
2024-03-08,MG95,99.79,89.96806610107421
2024-03-08,MG92,95.41,87.78065860271454
2024-03-11,MG95,98.19,87.92007862329483
2024-03-11,MG92,93.78,87.44112528562545
2024-03-12,MG95,99.19,89.27855886459349
2024-03-12,MG92,94.68,87.08004460334777
2024-03-13,MG95,98.51,90.03158007144927
2024-03-13,MG92,94.13,89.03986065387726
2024-03-14,MG95,99.8,88.34787955284118
2024-03-14,MG92,95.93,87.28334460258483
2024-03-15,MG95,100.94,87.68668474674224
2024-03-15,MG92,97.07,87.01863867044449
2024-03-18,MG95,103.56,87.36783183813094
2024-03-18,MG92,99.21,85.85863159894943
2024-03-19,MG95,103.3,91.19335866451263
2024-03-19,MG92,99.29,85.6289147734642
2024-03-20,MG95,104.4,90.9779542016983
2024-03-20,MG92,100.2,87.30093553066253
2024-03-21,MG95,104.78,87.33010677576064
2024-03-21,MG92,100.55,86.71589007377624
2024-03-22,MG95,105.55,90.64050495624542
2024-03-22,MG92,100.94,87.03881649971008
2024-03-25,MG95,105.67,88.89110767364501
2024-03-25,MG92,101.06,84.6772090435028
2024-03-26,MG95,105.19,89.11916701555252
2024-03-26,MG92,100.58,86.56355710029601
2024-03-27,MG95,103.9,87.78969130992888
2024-03-27,MG92,99.29,86.46362155675888
2024-03-28,MG95,104.58,90.36540907382964
2024-03-28,MG92,99.97,86.1053306698799
2024-04-01,MG95,106.58,87.90668904781342
2024-04-01,MG92,103.25,84.72991588711739
2024-04-02,MG95,106.91,87.11753994464874
2024-04-02,MG92,102.56,86.05252745151519
2024-04-03,MG95,107.09,86.37171130895614
2024-04-03,MG92,102.74,85.26064149141311
2024-02-07,MG95,98.09,98.22868524074553
2024-02-07,MG92,93.26,93.40829694271088
2024-02-08,MG95,99.61,98.26554059028625
2024-02-08,MG92,95.45,93.74202721118927
2024-02-09,MG95,101.05,98.92924127817153
2024-02-09,MG92,96.89,94.49511327266693
2024-02-12,MG95,101.05,98.07260025978088
2024-02-12,MG92,96.89,93.42730999469757
2024-02-13,MG95,102.91,98.05291987776755
2024-02-13,MG92,98.69,93.61230877161026
2024-02-14,MG95,103.66,97.85753267049789
2024-02-14,MG92,99.44,93.20860423803329
2024-02-15,MG95,99.92,99.03192814946173
2024-02-15,MG92,95.56,94.48775517702103
2024-02-16,MG95,100.76,98.10402916252612
2024-02-16,MG92,96.4,93.6933034825325
2024-02-19,MG95,100.24,98.72174847006796
2024-02-19,MG92,95.65,94.18733114480972
2024-02-20,MG95,99.02,97.94062111258506
2024-02-20,MG92,94.35,93.47104669332504
2024-02-21,MG95,98.6,97.82181295275687
2024-02-21,MG92,93.93,93.4188498544693
2024-02-22,MG95,100.78,98.48386287689209
2024-02-22,MG92,96.11,94.31476757287979
2024-02-23,MG95,101.23,97.45955811619758
2024-02-23,MG92,96.56,93.30417599320411
2024-02-26,MG95,99.18,98.15106422185897
2024-02-26,MG92,94.51,94.01014686584472
2024-02-27,MG95,101.65,96.85381562650203
2024-02-27,MG92,96.98,92.97132513403892
2024-02-28,MG95,102.04,96.96228017091751
2024-02-28,MG92,97.37,92.92466078162192
2024-02-29,MG95,100.8,97.88075458467006
2024-02-29,MG92,96.13,93.61313252210617
2024-03-01,MG95,99.03,96.99691694080829
2024-03-01,MG92,94.59,92.76070660352707
2024-03-04,MG95,98.26,97.04135292530059
2024-03-04,MG92,93.82,93.01035866260528
2024-03-05,MG95,98.94,97.61162740945815
2024-03-05,MG92,94.5,93.23838170528411
2024-03-06,MG95,97.08,97.85948783040045
2024-03-06,MG92,93.64,93.71882861614228
2024-03-07,MG95,98.14,98.03561027348042
2024-03-07,MG92,94.2,93.81135583400726
2024-03-08,MG95,99.79,97.34826034605503
2024-03-08,MG92,95.41,93.24669156670569
2024-03-11,MG95,98.19,96.28884465992451
2024-03-11,MG92,93.78,92.34321538090705
2024-03-12,MG95,99.19,97.33832649469375
2024-03-12,MG92,94.68,93.1408062326908
2024-03-13,MG95,98.51,97.2571697974205
2024-03-13,MG92,94.13,93.09266135573387
2024-03-14,MG95,99.8,96.76187042713164
2024-03-14,MG92,95.93,92.52771322846412
2024-03-15,MG95,100.94,98.0246110355854
2024-03-15,MG92,97.07,94.01357544898987
2024-03-18,MG95,103.56,97.86069370746613
2024-03-18,MG92,99.21,93.74114780187607
2024-03-19,MG95,103.3,97.0041756182909
2024-03-19,MG92,99.29,92.58302139520644
2024-03-20,MG95,104.4,96.1864914536476
2024-03-20,MG92,100.2,91.99554814457893
2024-03-21,MG95,104.78,97.35523804247379
2024-03-21,MG92,100.55,93.3242576944828
2024-03-22,MG95,105.55,96.95337072968482
2024-03-22,MG92,100.94,93.02446260690688
2024-03-25,MG95,105.67,95.66089295864104
2024-03-25,MG92,101.06,91.69894787311553
2024-03-26,MG95,105.19,96.49331106781959
2024-03-26,MG92,100.58,92.65750402450561
2024-03-27,MG95,103.9,96.8016292476654
2024-03-27,MG92,99.29,92.74457111239433
2024-03-28,MG95,104.58,95.96867844522
2024-03-28,MG92,99.97,92.10338710308075
2024-04-01,MG95,106.58,97.11666755795478
2024-04-01,MG92,103.25,93.50074623823166
2024-04-02,MG95,106.91,96.346328702569
2024-04-02,MG92,102.56,92.32498711824417
2024-04-03,MG95,107.09,96.88503964722156
2024-04-03,MG92,102.74,92.80616872549056
2024-04-04,MG95,106.36,95.97971865952015
2024-04-04,MG92,102.01,91.91645139932632
2024-04-05,MG95,107.02,96.38806024432182
2024-04-05,MG92,102.67,92.34900946378707
2024-04-08,MG95,106.27,95.98995105326175
2024-04-08,MG92,101.92,91.89960904121398
2024-04-09,MG95,106.43,96.06536520004272
2024-04-09,MG92,101.97,91.88400230884551
2024-04-10,MG95,106.43,96.45229954004287
2024-04-10,MG92,101.97,92.47322324633598
2024-04-11,MG95,107.79,97.83199266254901
2024-04-11,MG92,103.38,93.69673206567764
2024-04-12,MG95,108.62,96.63862510800361
2024-04-12,MG92,104.21,92.47085218071938
2024-04-15,MG95,107.89,96.46111532092094
2024-04-15,MG92,103.48,92.3458814382553
2024-04-16,MG95,108.46,95.00617781102656
2024-04-16,MG92,104.05,91.10781783819198
2024-04-17,MG95,108.41,94.34861773014067
2024-04-17,MG92,104.0,90.53038543820381
2024-04-18,MG95,105.32,97.34646323800087
2024-04-18,MG92,100.91,93.3754526746273
2024-04-19,MG95,105.41,95.42123952627182
2024-04-19,MG92,101.0,91.7874175632
2024-04-22,MG95,104.36,95.93134308636188
2024-04-22,MG92,99.95,91.97460373163223
2024-04-23,MG95,104.94,96.17181019306182
2024-04-23,MG92,100.53,92.09867836713791
2024-04-24,MG95,105.05,95.905803078413
2024-04-24,MG92,100.64,92.31760119318962
2024-04-25,MG95,105.56,97.27139446377754
2024-04-25,MG92,101.15,93.49308758497237
2024-04-26,MG95,106.1,95.58564857125282
2024-04-26,MG92,101.69,91.66613700032234
2024-04-29,MG95,106.05,95.76637207925319
2024-04-29,MG92,101.64,91.67604983568191
2024-04-30,MG95,105.3,94.96980832457542
2024-04-30,MG92,100.89,90.96682292222977
2024-05-01,MG95,105.3,96.77151744365692
2024-05-01,MG92,100.89,92.74187722563744
2024-03-06,MG95,97.08,99.65082317590714
2024-03-06,MG92,93.64,94.51649236679077
2024-03-07,MG95,98.14,97.33864572644234
2024-03-07,MG92,94.2,93.3378457725048
2024-03-08,MG95,99.79,98.32192929983138
2024-03-08,MG92,95.41,93.66528233885765
2024-03-11,MG95,98.19,97.17372229456902
2024-03-11,MG92,93.78,92.78076088428497
2024-03-12,MG95,99.19,96.29646598219871
2024-03-12,MG92,94.68,91.57209232449532
2024-03-13,MG95,98.51,97.3401908147335
2024-03-13,MG92,94.13,92.01468819379807
2024-03-14,MG95,99.8,97.96172322034836
2024-03-14,MG92,95.93,92.59259694814682
2024-03-15,MG95,100.94,97.50601063370705
2024-03-15,MG92,97.07,90.81449112296104
2024-03-18,MG95,103.56,99.31768562793731
2024-03-18,MG92,99.21,92.67668661475182
2024-03-19,MG95,103.3,96.12663011312485
2024-03-19,MG92,99.29,91.41424325108528
2024-03-20,MG95,104.4,96.08141564011574
2024-03-20,MG92,100.2,90.63451704382896
2024-03-21,MG95,104.78,95.75894627809524
2024-03-21,MG92,100.55,89.70633137226105
2024-03-22,MG95,105.55,96.71401134967803
2024-03-22,MG92,100.94,92.03071305155754
2024-03-25,MG95,105.67,96.2862341952324
2024-03-25,MG92,101.06,88.7594453394413
2024-03-26,MG95,105.19,94.25962680459023
2024-03-26,MG92,100.58,89.8076681792736
2024-03-27,MG95,103.9,96.16150664806366
2024-03-27,MG92,99.29,91.38372561335564
2024-03-28,MG95,104.58,97.00796144843102
2024-03-28,MG92,99.97,89.381288677454
2024-04-01,MG95,106.58,92.88328928232193
2024-04-01,MG92,103.25,90.19470369815826
2024-04-02,MG95,106.91,95.33236037492752
2024-04-02,MG92,102.56,90.52519315481186
2024-04-03,MG95,107.09,95.40871250510216
2024-04-03,MG92,102.74,89.55774235725403
2024-04-04,MG95,106.36,94.72002773165703
2024-04-04,MG92,102.01,91.31616774201393
2024-04-05,MG95,107.02,93.80515264749526
2024-04-05,MG92,102.67,88.11869323253632
2024-04-08,MG95,106.27,93.71992510557175
2024-04-08,MG92,101.92,88.06724470853806
2024-04-09,MG95,106.43,95.58895118236542
2024-04-09,MG92,101.97,88.7551589012146
2024-04-10,MG95,106.43,93.65614008665085
2024-04-10,MG92,101.97,88.05132123827934
2024-04-11,MG95,107.79,95.3972776722908
2024-04-11,MG92,103.38,90.0820903480053
2024-04-12,MG95,108.62,95.45060091018676
2024-04-12,MG92,104.21,90.08265924453735
2024-04-15,MG95,107.89,93.43642499327659
2024-04-15,MG92,103.48,87.3067821264267
2024-04-16,MG95,108.46,96.1651216828823
2024-04-16,MG92,104.05,87.71867448091507
2024-04-17,MG95,108.41,96.32097509264946
2024-04-17,MG92,104.0,90.31335523724556
2024-04-18,MG95,105.32,95.41699818849564
2024-04-18,MG92,100.91,87.43722277879715
2024-04-19,MG95,105.41,95.41797713756561
2024-04-19,MG92,101.0,87.51445752382278
2024-04-22,MG95,104.36,92.5608376121521
2024-04-22,MG92,99.95,86.85484170913696
2024-04-23,MG95,104.94,93.47974643826484
2024-04-23,MG92,100.53,86.3376077413559
2024-04-24,MG95,105.05,93.50077025413513
2024-04-24,MG92,100.64,88.85032233595848
2024-04-25,MG95,105.56,94.86316659808159
2024-04-25,MG92,101.15,90.06043285131454
2024-04-26,MG95,106.1,92.78064706206321
2024-04-26,MG92,101.69,87.90835922956467
2024-04-29,MG95,106.05,94.14781430840492
2024-04-29,MG92,101.64,88.25294718146324
2024-04-30,MG95,105.3,93.35538452267646
2024-04-30,MG92,100.89,89.46256202459335
2024-05-01,MG95,105.3,93.7485151362419
2024-05-01,MG92,100.89,87.83401402831078
2024-05-02,MG95,100.51,93.76945049285888
2024-05-02,MG92,96.1,89.52358040213585
2024-05-03,MG95,98.84,92.72708793282509
2024-05-03,MG92,95.37,88.81655466556549
2024-05-06,MG95,98.2,91.6744758939743
2024-05-06,MG92,94.3,89.57103538513184
2024-05-07,MG95,98.51,91.19384138703346
2024-05-07,MG92,93.98,86.88413706421852
2024-05-08,MG95,95.84,94.80106820225716
2024-05-08,MG92,90.88,87.34382236003876
2024-05-09,MG95,96.86,91.0963298034668
2024-05-09,MG92,91.9,89.76905643939972
2024-05-10,MG95,97.03,92.30823336839676
2024-05-10,MG92,92.07,86.795828551054
2024-05-13,MG95,96.4,95.41747586846351
2024-05-13,MG92,91.44,90.90062543749809
2024-05-14,MG95,95.49,92.33264222502709
2024-05-14,MG92,90.53,85.99053579568863
2024-05-15,MG95,94.93,94.49366050243377
2024-05-15,MG92,89.97,90.61033049225807
2024-05-16,MG95,96.38,92.95569612979888
2024-05-16,MG92,91.42,88.94469156861305
2024-05-17,MG95,97.35,91.78483176112175
2024-05-17,MG92,92.39,86.01328039169312
2024-05-20,MG95,97.43,90.07329264163971
2024-05-20,MG92,93.46,86.99630543589592
2024-05-21,MG95,95.4,93.20238539814949
2024-05-21,MG92,91.42,88.05670604109764
2024-05-22,MG95,95.4,91.55442489266396
2024-05-22,MG92,91.42,91.03557220101357
2024-05-23,MG95,93.75,91.3352228629589
2024-05-23,MG92,90.22,87.0950343310833
2024-05-24,MG95,92.47,94.00778331041336
2024-05-24,MG92,88.81,89.38544556498528
2024-05-27,MG95,92.46,90.59656450867652
2024-05-27,MG92,88.8,87.98976212739944
2024-05-28,MG95,92.45,92.74442004919052
2024-05-28,MG92,88.92,92.50099897384644
2024-05-29,MG95,93.52,90.24235596656798
2024-05-29,MG92,89.23,86.28377097845078
2024-04-04,MG95,106.36,106.51162442266941
2024-04-04,MG92,102.01,102.77439115524291
2024-04-05,MG95,107.02,106.59643615961075
2024-04-05,MG92,102.67,102.3509929227829
2024-04-08,MG95,106.27,107.21287393212319
2024-04-08,MG92,101.92,104.48105223417282
2024-04-09,MG95,106.43,107.12196637153626
2024-04-09,MG92,101.97,103.49447433948517
2024-04-10,MG95,106.43,106.16621782064438
2024-04-10,MG92,101.97,102.2808327615261
2024-04-11,MG95,107.79,105.59909558057785
2024-04-11,MG92,103.38,101.46713533401488
2024-04-12,MG95,108.62,106.89470385313034
2024-04-12,MG92,104.21,103.76221830129623
2024-04-15,MG95,107.89,106.81871350705624
2024-04-15,MG92,103.48,103.59513705492019
2024-04-16,MG95,108.46,106.22213343858719
2024-04-16,MG92,104.05,102.49572849154472
2024-04-17,MG95,108.41,106.27254047453404
2024-04-17,MG92,104.0,103.71793111562728
2024-04-18,MG95,105.32,104.96601716697216
2024-04-18,MG92,100.91,101.3813166642189
2024-04-19,MG95,105.41,106.53110552608968
2024-04-19,MG92,101.0,103.0785716152191
2024-04-22,MG95,104.36,106.09410199284554
2024-04-22,MG92,99.95,102.70237548828125
2024-04-23,MG95,104.94,104.31232146501542
2024-04-23,MG92,100.53,100.92488063216209
2024-04-24,MG95,105.05,104.88879489004613
2024-04-24,MG92,100.64,101.7706054353714
2024-04-25,MG95,105.56,107.13067286729813
2024-04-25,MG92,101.15,103.88318747520447
2024-04-26,MG95,106.1,106.22849735081196
2024-04-26,MG92,101.69,102.11184089541435
2024-04-29,MG95,106.05,105.2970235824585
2024-04-29,MG92,101.64,101.2637278175354
2024-04-30,MG95,105.3,104.69388810992241
2024-04-30,MG92,100.89,100.58424530267715
2024-05-01,MG95,105.3,104.78448928356171
2024-05-01,MG92,100.89,101.41476475715636
2024-05-02,MG95,100.51,104.44957005143166
2024-05-02,MG92,96.1,101.246324031353
2024-05-03,MG95,98.84,104.53755416989327
2024-05-03,MG92,95.37,102.15739570379257
2024-05-06,MG95,98.2,105.25866138339043
2024-05-06,MG92,94.3,101.37309242606163
2024-05-07,MG95,98.51,102.76877593815327
2024-05-07,MG92,93.98,99.58589750051497
2024-05-08,MG95,95.84,104.39087141871453
2024-05-08,MG92,90.88,101.60754751324653
2024-05-09,MG95,96.86,102.98791281938553
2024-05-09,MG92,91.9,99.35126482367515
2024-05-10,MG95,97.03,102.79033791959286
2024-05-10,MG92,92.07,99.63148905158043
2024-05-13,MG95,96.4,103.03105593144895
2024-05-13,MG92,91.44,99.97859109401702
2024-05-14,MG95,95.49,103.4220312088728
2024-05-14,MG92,90.53,99.92891498088836
2024-05-15,MG95,94.93,102.92652691781521
2024-05-15,MG92,89.97,98.91976482868193
2024-05-16,MG95,96.38,104.35880291819572
2024-05-16,MG92,91.42,100.41719467520713
2024-05-17,MG95,97.35,104.18361341476441
2024-05-17,MG92,92.39,101.38410298466682
2024-05-20,MG95,97.43,102.52422170639038
2024-05-20,MG92,93.46,99.38727265715599
2024-05-21,MG95,95.4,103.25490989506245
2024-05-21,MG92,91.42,99.71479084730147
2024-05-22,MG95,95.4,102.37926238179207
2024-05-22,MG92,91.42,99.3131871521473
2024-05-23,MG95,93.75,103.52869216501713
2024-05-23,MG92,90.22,99.3464086651802
2024-05-24,MG95,92.47,104.5284263920784
2024-05-24,MG92,88.81,100.79806324720383
2024-05-27,MG95,92.46,103.879792457819
2024-05-27,MG92,88.8,99.75670200586319
2024-05-28,MG95,92.45,103.404867156744
2024-05-28,MG92,88.92,100.02180049419403
2024-05-29,MG95,93.52,102.35237692713739
2024-05-29,MG92,89.23,99.12523605942725
2024-05-30,MG95,90.86,103.17346203148365
2024-05-30,MG92,86.57,99.41121051788329
2024-05-31,MG95,90.78,101.42186061799526
2024-05-31,MG92,85.96,98.10606740117072
2024-06-03,MG95,91.38,102.80227424442768
2024-06-03,MG92,86.43,99.68201024651528
2024-06-04,MG95,88.04,104.5280753237009
2024-06-04,MG92,83.24,102.02028424263
2024-06-05,MG95,89.43,101.92361392617227
2024-06-05,MG92,84.63,98.4698200047016
2024-06-06,MG95,89.87,103.4003990137577
2024-06-06,MG92,85.14,99.1637240242958
2024-06-07,MG95,91.12,101.82536584496498
2024-06-07,MG92,85.88,98.7845884823799
2024-06-10,MG95,91.67,102.59335664451123
2024-06-10,MG92,86.43,99.60218675851822
2024-06-11,MG95,92.62,102.36309408724308
2024-06-11,MG92,87.38,99.03992566347122
2024-06-12,MG95,92.14,103.4107459563017
2024-06-12,MG92,86.9,100.08228508114814
2024-06-13,MG95,91.15,103.62951261997223
2024-06-13,MG92,85.91,100.09562880039215
2024-06-14,MG95,91.78,101.33997870624066
2024-06-14,MG92,86.54,98.37970244050025
2024-06-17,MG95,91.78,101.18808099389076
2024-06-17,MG92,86.54,98.11566949009895
2024-06-18,MG95,93.26,101.68673213422299
2024-06-18,MG92,88.02,98.75017895579337
2024-06-19,MG95,94.52,102.80494874715805
2024-06-19,MG92,89.28,99.39591331243514
2024-06-20,MG95,94.85,101.68254484593868
2024-06-20,MG92,89.61,97.92832465171813
2024-06-21,MG95,95.95,103.23071809232235
2024-06-21,MG92,90.71,99.94488580226897
2024-06-24,MG95,95.52,100.54568331062794
2024-06-24,MG92,90.28,97.48029044747352
2024-06-25,MG95,95.57,101.9563462650776
2024-06-25,MG92,90.33,98.28529210567474
2024-06-26,MG95,95.65,100.82836356818676
2024-06-26,MG92,90.41,98.41406297683716
2024-05-02,MG95,100.51,103.26919918656348
2024-05-02,MG92,96.1,99.11704209029675
2024-05-03,MG95,98.84,104.85410163402557
2024-05-03,MG92,95.37,99.22168923676014
2024-05-06,MG95,98.2,105.29715052843093
2024-05-06,MG92,94.3,100.5568874824047
2024-05-07,MG95,98.51,105.18262562155724
2024-05-07,MG92,93.98,100.76745664000511
2024-05-08,MG95,95.84,102.00001065731048
2024-05-08,MG92,90.88,98.24914188265801
2024-05-09,MG95,96.86,102.05704402327537
2024-05-09,MG92,91.9,98.7506928884983
2024-05-10,MG95,97.03,102.10125476717948
2024-05-10,MG92,92.07,98.06013116776943
2024-05-13,MG95,96.4,102.920967400074
2024-05-13,MG92,91.44,98.29497086226941
2024-05-14,MG95,95.49,103.17740101218223
2024-05-14,MG92,90.53,97.19215278446674
2024-05-15,MG95,94.93,101.24343202114105
2024-05-15,MG92,89.97,98.3931835502386
2024-05-16,MG95,96.38,102.65602930784225
2024-05-16,MG92,91.42,99.02238338828087
2024-05-17,MG95,97.35,102.03291766047478
2024-05-17,MG92,92.39,98.16655230045319
2024-05-20,MG95,97.43,101.97136530876159
2024-05-20,MG92,93.46,98.07761846244335
2024-05-21,MG95,95.4,101.40753396749496
2024-05-21,MG92,91.42,98.61716284096241
2024-05-22,MG95,95.4,100.78620480895042
2024-05-22,MG92,91.42,96.80643405854703
2024-05-23,MG95,93.75,102.08292149305343
2024-05-23,MG92,90.22,97.32580911576748
2024-05-24,MG95,92.47,102.14968950748444
2024-05-24,MG92,88.81,98.42910226106643
2024-05-27,MG95,92.46,100.2927754998207
2024-05-27,MG92,88.8,98.13455439984799
2024-05-28,MG95,92.45,101.71109055876731
2024-05-28,MG92,88.92,97.99881739318371
2024-05-29,MG95,93.52,99.90073465704917
2024-05-29,MG92,89.23,97.78554215490819
2024-05-30,MG95,90.86,99.62080231904983
2024-05-30,MG92,86.57,97.43972909867763
2024-05-31,MG95,90.78,101.32961284518241
2024-05-31,MG92,85.96,98.84113010466099
2024-06-03,MG95,91.38,98.98992680311203
2024-06-03,MG92,86.43,97.63910109579564
2024-06-04,MG95,88.04,99.96251295804977
2024-06-04,MG92,83.24,97.48018801152706
2024-06-05,MG95,89.43,100.04843645095825
2024-06-05,MG92,84.63,94.7176464664936
2024-06-06,MG95,89.87,100.61313393115996
2024-06-06,MG92,85.14,98.52662339508534
2024-06-07,MG95,91.12,99.21622756719589
2024-06-07,MG92,85.88,96.87047796785832
2024-06-10,MG95,91.67,100.40078553557396
2024-06-10,MG92,86.43,97.19700568914413
2024-06-11,MG95,92.62,97.35180702209472
2024-06-11,MG92,87.38,95.70940699338912
2024-06-12,MG95,92.14,100.42793083190918
2024-06-12,MG92,86.9,96.53825545012951
2024-06-13,MG95,91.15,99.0054357111454
2024-06-13,MG92,85.91,98.11564791619777
2024-06-14,MG95,91.78,100.97863200902938
2024-06-14,MG92,86.54,98.86077023684979
2024-06-17,MG95,91.78,100.18367965221405
2024-06-17,MG92,86.54,98.59716791152954
2024-06-18,MG95,93.26,96.54170351028442
2024-06-18,MG92,88.02,95.1632297104597
2024-06-19,MG95,94.52,100.42955013513564
2024-06-19,MG92,89.28,97.52480827510357
2024-06-20,MG95,94.85,100.75260112881661
2024-06-20,MG92,89.61,98.57007703721523
2024-06-21,MG95,95.95,99.72187696695327
2024-06-21,MG92,90.71,97.39390613257885
2024-06-24,MG95,95.52,101.2505557000637
2024-06-24,MG92,90.28,98.94360637307167
2024-06-25,MG95,95.57,99.94768189787864
2024-06-25,MG92,90.33,97.70808209896087
2024-06-26,MG95,95.65,99.95547087192536
2024-06-26,MG92,90.41,96.65669759452344
2024-06-27,MG95,96.51,100.8127977848053
2024-06-27,MG92,91.27,97.32330148100853
2024-06-28,MG95,97.45,100.81003618240356
2024-06-28,MG92,92.37,99.2756785529852
2024-07-01,MG95,97.87,99.3992151081562
2024-07-01,MG92,93.14,98.27575768947601
2024-07-02,MG95,99.67,100.38543353676796
2024-07-02,MG92,95.23,98.17165175914765
2024-07-03,MG95,99.3,99.6547135412693
2024-07-03,MG92,94.88,97.93877246975899
2024-07-04,MG95,99.01,99.443802434206
2024-07-04,MG92,94.59,98.20369175434112
2024-07-05,MG95,99.01,101.82066341042518
2024-07-05,MG92,94.59,96.92397417604923
2024-07-08,MG95,98.17,102.61185622215271
2024-07-08,MG92,93.75,98.2596414756775
2024-07-09,MG95,97.03,100.6051817715168
2024-07-09,MG92,92.61,100.77573123335839
2024-07-10,MG95,95.6,101.31630066633224
2024-07-10,MG92,91.18,101.14795563697815
2024-07-11,MG95,96.48,100.30391605496406
2024-07-11,MG92,92.06,99.22330687165261
2024-07-12,MG95,98.5,100.54388675093651
2024-07-12,MG92,94.08,98.94375069737434
2024-07-15,MG95,97.85,100.11243031024932
2024-07-15,MG92,93.43,98.5764513605833
2024-07-16,MG95,96.55,100.75351747870445
2024-07-16,MG92,92.13,100.2371309763193
2024-07-17,MG95,96.37,99.68104290962219
2024-07-17,MG92,91.95,98.51033880293369
2024-07-18,MG95,97.64,100.75717032551765
2024-07-18,MG92,93.22,97.13957063019275
2024-07-19,MG95,96.84,102.55497976541518
2024-07-19,MG92,92.42,101.64782285928726
2024-07-22,MG95,95.04,100.44918261766433
2024-07-22,MG92,90.62,98.76636410236358
2024-07-23,MG95,94.99,101.88818458914757
2024-07-23,MG92,90.57,98.99567136526107
2024-07-24,MG95,93.51,98.48137772083282
2024-07-24,MG92,89.09,97.15258988499642
2024-05-30,MG95,90.86,94.00959545135498
2024-05-30,MG92,86.57,89.95498906970025
2024-05-31,MG95,90.78,92.14176137924194
2024-05-31,MG92,85.96,87.91078305363655
2024-06-03,MG95,91.38,94.43041609764099
2024-06-03,MG92,86.43,88.87729154646397
2024-06-04,MG95,88.04,92.11142086505889
2024-06-04,MG92,83.24,92.4290380704403
2024-06-05,MG95,89.43,90.42926427364348
2024-06-05,MG92,84.63,88.93920978486538
2024-06-06,MG95,89.87,94.6963624382019
2024-06-06,MG92,85.14,90.13351059436799
2024-06-07,MG95,91.12,93.79517725944518
2024-06-07,MG92,85.88,90.70557086944581
2024-06-10,MG95,91.67,93.20031811714172
2024-06-10,MG92,86.43,91.3664823806286
2024-06-11,MG95,92.62,92.38616890907288
2024-06-11,MG92,87.38,90.42014704346657
2024-06-12,MG95,92.14,95.72300115585327
2024-06-12,MG92,86.9,90.31226613402367
2024-06-13,MG95,91.15,93.54324452400208
2024-06-13,MG92,85.91,91.12506400942803
2024-06-14,MG95,91.78,94.99598825454711
2024-06-14,MG92,86.54,89.13135204553605
2024-06-17,MG95,91.78,91.10789846420288
2024-06-17,MG92,86.54,91.5113589322567
2024-06-18,MG95,93.26,95.43696530342102
2024-06-18,MG92,88.02,88.53211943924427
2024-06-19,MG95,94.52,94.7642119216919
2024-06-19,MG92,89.28,91.8456174314022
2024-06-20,MG95,94.85,95.64808355331421
2024-06-20,MG92,89.61,91.37290715575219
2024-06-21,MG95,95.95,98.29605290412903
2024-06-21,MG92,90.71,90.62374008297921
2024-06-24,MG95,95.52,94.7356161403656
2024-06-24,MG92,90.28,90.89371891975404
2024-06-25,MG95,95.57,93.14936411380768
2024-06-25,MG92,90.33,90.62592067718506
2024-06-26,MG95,95.65,93.25006808757782
2024-06-26,MG92,90.41,92.40313686609268
2024-06-27,MG95,96.51,92.98068244934082
2024-06-27,MG92,91.27,90.26017652511597
2024-06-28,MG95,97.45,95.25175605773926
2024-06-28,MG92,92.37,92.52639894247055
2024-07-01,MG95,97.87,92.03239505767822
2024-07-01,MG92,93.14,89.56807719826699
2024-07-02,MG95,99.67,92.81882921218872
2024-07-02,MG92,95.23,90.53752683401108
2024-07-03,MG95,99.3,94.90202909469605
2024-07-03,MG92,94.88,90.47484272837639
2024-07-04,MG95,99.01,95.0318082332611
2024-07-04,MG92,94.59,89.42648749351501
2024-07-05,MG95,99.01,91.68229462146759
2024-07-05,MG92,94.59,90.05238185286522
2024-07-08,MG95,98.17,95.26263694763183
2024-07-08,MG92,93.75,90.06608236670495
2024-07-09,MG95,97.03,93.17094751834868
2024-07-09,MG92,92.61,91.58244630336762
2024-07-10,MG95,95.6,98.20171469688415
2024-07-10,MG92,91.18,90.26356974244118
2024-07-11,MG95,96.48,95.76127379417419
2024-07-11,MG92,92.06,90.70848541975022
2024-07-12,MG95,98.5,98.17745566368103
2024-07-12,MG92,94.08,91.5890199971199
2024-07-15,MG95,97.85,95.53797028541564
2024-07-15,MG92,93.43,90.5875528562069
2024-07-16,MG95,96.55,98.23087904930114
2024-07-16,MG92,92.13,89.51529618144036
2024-07-17,MG95,96.37,96.64362923622132
2024-07-17,MG92,91.95,90.6118265926838
2024-07-18,MG95,97.64,94.9404801082611
2024-07-18,MG92,93.22,91.30025613904
2024-07-19,MG95,96.84,97.7912955570221
2024-07-19,MG92,92.42,89.18623387873173
2024-07-22,MG95,95.04,97.06553128242493
2024-07-22,MG92,90.62,90.21061853289605
2024-07-23,MG95,94.99,94.45750683784485
2024-07-23,MG92,90.57,92.57484004497529
2024-07-24,MG95,93.51,95.95603726387023
2024-07-24,MG92,89.09,90.11417244672775
2024-07-25,MG95,94.15,99.88189801216124
2024-07-25,MG92,89.73,90.9195563018322
2024-07-26,MG95,95.36,101.02207257270813
2024-07-26,MG92,90.94,92.12669070601464
2024-07-29,MG95,95.11,95.97448795318603
2024-07-29,MG92,90.69,90.33174256324769
2024-07-30,MG95,93.01,93.47402935504913
2024-07-30,MG92,88.91,90.44867559790612
2024-07-31,MG95,93.39,97.49000862121582
2024-07-31,MG92,89.28,92.11137336134911
2024-08-01,MG95,93.51,93.09487047672272
2024-08-01,MG92,89.4,90.86573285460473
2024-08-02,MG95,92.86,95.07749459266662
2024-08-02,MG92,87.7,90.30920266509057
2024-08-05,MG95,87.55,94.1227745437622
2024-08-05,MG92,82.85,92.15030494570732
2024-08-06,MG95,87.23,92.35346492290496
2024-08-06,MG92,83.27,90.97768775224687
2024-08-07,MG95,87.3,91.02954156398773
2024-08-07,MG92,82.76,90.2394768357277
2024-08-08,MG95,89.62,94.47415147781372
2024-08-08,MG92,85.03,87.84512057542801
2024-08-09,MG95,89.62,96.74834665298461
2024-08-09,MG92,85.03,88.30141257226468
2024-08-12,MG95,91.37,94.27809478759765
2024-08-12,MG92,86.89,89.04435697376728
2024-08-13,MG95,91.98,94.36256661415099
2024-08-13,MG92,87.5,89.23313792824746
2024-08-14,MG95,90.6,92.86505627155303
2024-08-14,MG92,86.12,88.92770582079888
2024-08-15,MG95,88.66,94.33872007369995
2024-08-15,MG92,83.84,89.67539434432983
2024-08-16,MG95,90.15,94.38994721412658
2024-08-16,MG92,85.99,88.98560857474804
2024-08-19,MG95,88.79,93.14807089328765
2024-08-19,MG92,84.63,89.13693117558957
2024-08-20,MG95,87.02,96.11111224174499
2024-08-20,MG92,82.86,91.45354659318924
2024-08-21,MG95,87.66,90.6662357854843
2024-08-21,MG92,83.5,88.30817241430283
2024-06-27,MG95,96.51,92.83120336830616
2024-06-27,MG92,91.27,90.77116112470627
2024-06-28,MG95,97.45,96.97454473972321
2024-06-28,MG92,92.37,94.69964787840843
2024-07-01,MG95,97.87,94.80578003525734
2024-07-01,MG92,93.14,91.915366127491
2024-07-02,MG95,99.67,96.57461806535721
2024-07-02,MG92,95.23,93.13839931488037
2024-07-03,MG95,99.3,93.69396358430386
2024-07-03,MG92,94.88,91.94016564249992
2024-07-04,MG95,99.01,96.06299378871918
2024-07-04,MG92,94.59,91.58039484262466
2024-07-05,MG95,99.01,94.60418615937233
2024-07-05,MG92,94.59,92.42371846318244
2024-07-08,MG95,98.17,93.34517653286457
2024-07-08,MG92,93.75,93.38478858590126
2024-07-09,MG95,97.03,95.02618781924248
2024-07-09,MG92,92.61,91.66828708291054
2024-07-10,MG95,95.6,95.74759287238122
2024-07-10,MG92,91.18,92.31445402026176
2024-07-11,MG95,96.48,94.22095825374127
2024-07-11,MG92,92.06,91.01746417403221
2024-07-12,MG95,98.5,92.7566090732813
2024-07-12,MG92,94.08,91.81754761457442
2024-07-15,MG95,97.85,93.50804796516896
2024-07-15,MG92,93.43,91.5033018696308
2024-07-16,MG95,96.55,94.82543201744556
2024-07-16,MG92,92.13,94.29623812317848
2024-07-17,MG95,96.37,91.68964954018594
2024-07-17,MG92,91.95,88.96591055333614
2024-07-18,MG95,97.64,97.70211847424508
2024-07-18,MG92,93.22,93.04132446408272
2024-07-19,MG95,96.84,96.43666080832482
2024-07-19,MG92,92.42,92.44094124674797
2024-07-22,MG95,95.04,96.26004952192307
2024-07-22,MG92,90.62,89.9685934215784
2024-07-23,MG95,94.99,95.3141546368599
2024-07-23,MG92,90.57,90.76555671453475
2024-07-24,MG95,93.51,97.17398356795312
2024-07-24,MG92,89.09,89.61630774259567
2024-07-25,MG95,94.15,91.69398244023324
2024-07-25,MG92,89.73,92.67549659013748
2024-07-26,MG95,95.36,95.09801703989507
2024-07-26,MG92,90.94,93.15067512869834
2024-07-29,MG95,95.11,95.52045198976994
2024-07-29,MG92,90.69,90.91173482060432
2024-07-30,MG95,93.01,97.12815744876862
2024-07-30,MG92,88.91,93.18813845515251
2024-07-31,MG95,93.39,93.67330819368362
2024-07-31,MG92,89.28,87.98667998611927
2024-08-01,MG95,93.51,94.99648464918137
2024-08-01,MG92,89.4,91.72704716801643
2024-08-02,MG95,92.86,95.52992165684701
2024-08-02,MG92,87.7,88.56697354853154
2024-08-05,MG95,87.55,97.83852500915528
2024-08-05,MG92,82.85,92.68113333344459
2024-08-06,MG95,87.23,96.5905927836895
2024-08-06,MG92,83.27,95.0386500275135
2024-08-07,MG95,87.3,95.14965266585351
2024-08-07,MG92,82.76,90.06499466538429
2024-08-08,MG95,89.62,94.81863620579243
2024-08-08,MG92,85.03,88.11187388718128
2024-08-09,MG95,89.62,96.20409809947014
2024-08-09,MG92,85.03,93.00716989517211
2024-08-12,MG95,91.37,94.91402842104435
2024-08-12,MG92,86.89,91.2678304207325
2024-08-13,MG95,91.98,97.63523218035698
2024-08-13,MG92,87.5,94.71548033714294
2024-08-14,MG95,90.6,96.76065911054611
2024-08-14,MG92,86.12,89.60617130458354
2024-08-15,MG95,88.66,93.50217004418374
2024-08-15,MG92,83.84,90.35294818222522
2024-08-16,MG95,90.15,94.9441648811102
2024-08-16,MG92,85.99,91.36209228873253
2024-08-19,MG95,88.79,94.23243473768235
2024-08-19,MG92,84.63,91.60288792729378
2024-08-20,MG95,87.02,97.55554102659227
2024-08-20,MG92,82.86,89.49706852734089
2024-08-21,MG95,87.66,94.01527092754841
2024-08-21,MG92,83.5,90.07447366297245
2024-08-22,MG95,85.72,97.14587672948838
2024-08-22,MG92,81.82,93.26290344238281
2024-08-23,MG95,87.27,100.2230681359768
2024-08-23,MG92,83.04,92.82458467841148
2024-08-26,MG95,89.06,90.12743383049965
2024-08-26,MG92,85.58,89.3087926787138
2024-08-27,MG95,89.58,99.73452225327492
2024-08-27,MG92,86.1,91.95433833360671
2024-08-28,MG95,86.67,95.45749951303006
2024-08-28,MG92,83.14,88.50168755888939
2024-08-29,MG95,86.07,98.13635487556458
2024-08-29,MG92,81.88,89.784434658885
2024-08-30,MG95,89.03,93.6329951196909
2024-08-30,MG92,84.84,88.22391897976398
2024-09-02,MG95,86.59,93.71727002561093
2024-09-02,MG92,82.4,91.91399735808372
2024-09-03,MG95,87.9,96.65375050306321
2024-09-03,MG92,83.71,92.3347592294216
2024-09-04,MG95,81.98,93.61843999624253
2024-09-04,MG92,77.79,89.28394466400147
2024-09-05,MG95,80.92,95.41316140294076
2024-09-05,MG92,77.08,90.02786005914211
2024-09-06,MG95,80.78,93.55170193314552
2024-09-06,MG92,76.35,88.9694079208374
2024-09-09,MG95,81.59,96.76715846061707
2024-09-09,MG92,77.16,93.49793300509452
2024-09-10,MG95,80.21,94.8471535295248
2024-09-10,MG92,76.35,90.51617123961448
2024-09-11,MG95,79.47,94.82472507059575
2024-09-11,MG92,75.61,89.73615050971507
2024-09-12,MG95,80.35,91.58731328248979
2024-09-12,MG92,76.49,85.51550154268742
2024-09-13,MG95,80.31,98.94514768123628
2024-09-13,MG92,75.89,91.7523101246357
2024-09-16,MG95,80.46,97.95237765908242
2024-09-16,MG92,76.04,88.9454329007864
2024-09-17,MG95,82.54,91.29918683171273
2024-09-17,MG92,77.43,88.81213954925536
2024-09-18,MG95,83.86,94.03617146909238
2024-09-18,MG92,79.24,90.09016062259674
2024-07-25,MG95,94.15,93.55743159413338
2024-07-25,MG92,89.73,89.34381587862968
2024-07-26,MG95,95.36,93.08972040474416
2024-07-26,MG92,90.94,88.69831597507
2024-07-29,MG95,95.11,92.9545431482792
2024-07-29,MG92,90.69,88.83425652682782
2024-07-30,MG95,93.01,92.89048541486264
2024-07-30,MG92,88.91,88.73336845874786
2024-07-31,MG95,93.39,92.4097988140583
2024-07-31,MG92,89.28,87.94752586603165
2024-08-01,MG95,93.51,92.49037678778173
2024-08-01,MG92,89.4,87.95563450753689
2024-08-02,MG95,92.86,93.3269564062357
2024-08-02,MG92,87.7,88.69873547911644
2024-08-05,MG95,87.55,92.78231797099114
2024-08-05,MG92,82.85,88.07220353066921
2024-08-06,MG95,87.23,92.65591918230058
2024-08-06,MG92,83.27,88.35401466667652
2024-08-07,MG95,87.3,91.8845900541544
2024-08-07,MG92,82.76,87.26693099737167
2024-08-08,MG95,89.62,92.31567134499551
2024-08-08,MG92,85.03,87.85245775282384
2024-08-09,MG95,89.62,91.83009109675885
2024-08-09,MG92,85.03,87.08327849805356
2024-08-12,MG95,91.37,93.5457604122162
2024-08-12,MG92,86.89,88.53342964410783
2024-08-13,MG95,91.98,92.6011972796917
2024-08-13,MG92,87.5,87.66656966865062
2024-08-14,MG95,90.6,91.11780900835991
2024-08-14,MG92,86.12,86.33217508852482
2024-08-15,MG95,88.66,92.6695076930523
2024-08-15,MG92,83.84,87.63394924640656
2024-08-16,MG95,90.15,92.14173506319523
2024-08-16,MG92,85.99,87.26386171460152
2024-08-19,MG95,88.79,91.48105364441872
2024-08-19,MG92,84.63,86.61303039252758
2024-08-20,MG95,87.02,92.07542000949384
2024-08-20,MG92,82.86,87.13859462022782
2024-08-21,MG95,87.66,93.14312135696412
2024-08-21,MG92,83.5,88.48522916018963
2024-08-22,MG95,85.72,93.02622003436089
2024-08-22,MG92,81.82,87.66596961855889
2024-08-23,MG95,87.27,91.72864545106889
2024-08-23,MG92,83.04,86.96079924702644
2024-08-26,MG95,89.06,91.23264808773995
2024-08-26,MG92,85.58,86.27549425065517
2024-08-27,MG95,89.58,92.53580187499524
2024-08-27,MG92,86.1,88.07044586181641
2024-08-28,MG95,86.67,91.32973515450955
2024-08-28,MG92,83.14,86.43619085133076
2024-08-29,MG95,86.07,91.62962433457375
2024-08-29,MG92,81.88,87.26859839320183
2024-08-30,MG95,89.03,91.19842599749566
2024-08-30,MG92,84.84,86.290920317173
2024-09-02,MG95,86.59,91.30381219983101
2024-09-02,MG92,82.4,86.81733948349952
2024-09-03,MG95,87.9,91.56422892987729
2024-09-03,MG92,83.71,87.44415287137032
2024-09-04,MG95,81.98,92.28796482861043
2024-09-04,MG92,77.79,87.60200321674347
2024-09-05,MG95,80.92,91.29009549558164
2024-09-05,MG92,77.08,86.61020537793637
2024-09-06,MG95,80.78,91.11069705605507
2024-09-06,MG92,76.35,85.72708032786846
2024-09-09,MG95,81.59,91.09863572001457
2024-09-09,MG92,77.16,86.54393435895443
2024-09-10,MG95,80.21,91.37814770758152
2024-09-10,MG92,76.35,86.80859362065793
2024-09-11,MG95,79.47,91.39378731429578
2024-09-11,MG92,75.61,85.90007530033589
2024-09-12,MG95,80.35,91.51636816620827
2024-09-12,MG92,76.49,86.88566554129125
2024-09-13,MG95,80.31,91.81503672122956
2024-09-13,MG92,75.89,86.62866355597973
2024-09-16,MG95,80.46,91.63115708291531
2024-09-16,MG92,76.04,86.64920332372189
2024-09-17,MG95,82.54,90.51085181236267
2024-09-17,MG92,77.43,85.64405038774014
2024-09-18,MG95,83.86,91.00907305419446
2024-09-18,MG92,79.24,86.03212880194188
2024-09-19,MG95,86.33,91.43370008111
2024-09-19,MG92,81.71,86.17064478993416
2024-09-20,MG95,85.86,89.41573377728463
2024-09-20,MG92,81.24,84.46793627738953
2024-09-23,MG95,85.82,90.50767484307289
2024-09-23,MG92,81.16,84.9174003469944
2024-09-24,MG95,85.14,91.48076381564141
2024-09-24,MG92,80.48,86.34494606614113
2024-09-25,MG95,84.78,90.21393895089626
2024-09-25,MG92,80.12,85.01107188344002
2024-09-26,MG95,81.86,91.06668767094612
2024-09-26,MG92,77.2,85.53748573958875
2024-09-27,MG95,81.67,89.85072775661946
2024-09-27,MG92,77.01,84.66748744904996
2024-09-30,MG95,81.6,89.85559353590013
2024-09-30,MG92,76.94,83.8403582239151
2024-10-01,MG95,79.71,90.2190889853239
2024-10-01,MG92,73.6,84.56442751824856
2024-10-02,MG95,84.21,89.21955313682557
2024-10-02,MG92,78.2,84.02776501893997
2024-10-03,MG95,84.86,90.2023903888464
2024-10-03,MG92,78.85,84.32698291778564
2024-10-04,MG95,88.97,90.68880110800266
2024-10-04,MG92,82.55,85.00656354248524
2024-10-07,MG95,88.88,88.18806366562843
2024-10-07,MG92,82.46,82.57422066926956
2024-10-08,MG95,90.15,88.93906019032002
2024-10-08,MG92,83.73,83.46268775820732
2024-10-09,MG95,88.5,90.69656517505646
2024-10-09,MG92,82.08,84.94094036519527
2024-10-10,MG95,88.37,89.13517394721508
2024-10-10,MG92,81.95,83.46621371626854
2024-10-11,MG95,89.88,88.96277041375637
2024-10-11,MG92,83.46,83.31243627727032
2024-10-14,MG95,89.17,87.96773805856705
2024-10-14,MG92,82.75,82.35149057149887
2024-10-15,MG95,84.88,89.73136288940907
2024-10-15,MG92,78.39,84.04496468484402
2024-10-16,MG95,84.95,88.14327397227288
2024-10-16,MG92,78.46,82.78711100757123
2024-08-22,MG95,85.72,87.93899106502532
2024-08-22,MG92,81.82,83.62880444526672
2024-08-23,MG95,87.27,87.9682089471817
2024-08-23,MG92,83.04,83.81919413805008
2024-08-26,MG95,89.06,88.28026345252991
2024-08-26,MG92,85.58,84.03809201717377
2024-08-27,MG95,89.58,87.65984847664832
2024-08-27,MG92,86.1,83.72824466228485
2024-08-28,MG95,86.67,87.93509325742721
2024-08-28,MG92,83.14,83.87815153598785
2024-08-29,MG95,86.07,88.31232370376587
2024-08-29,MG92,81.88,84.1764025092125
2024-08-30,MG95,89.03,88.51210463047028
2024-08-30,MG92,84.84,84.47362822294235
2024-09-02,MG95,86.59,88.10843597173691
2024-09-02,MG92,82.4,84.16946458816528
2024-09-03,MG95,87.9,88.2784138226509
2024-09-03,MG92,83.71,84.15865457057953
2024-09-04,MG95,81.98,88.3829022359848
2024-09-04,MG92,77.79,84.4522072672844
2024-09-05,MG95,80.92,88.05098249673843
2024-09-05,MG92,77.08,83.88709020614624
2024-09-06,MG95,80.78,88.53019338369369
2024-09-06,MG92,76.35,84.50344038009644
2024-09-09,MG95,81.59,88.86641847610473
2024-09-09,MG92,77.16,85.03913348913193
2024-09-10,MG95,80.21,88.55165745019913
2024-09-10,MG92,76.35,84.7260212302208
2024-09-11,MG95,79.47,88.4336782336235
2024-09-11,MG92,75.61,84.51025885343552
2024-09-12,MG95,80.35,88.6605975151062
2024-09-12,MG92,76.49,84.89714002609253
2024-09-13,MG95,80.31,88.88186340808868
2024-09-13,MG92,75.89,85.14542204141617
2024-09-16,MG95,80.46,89.09469624280929
2024-09-16,MG92,76.04,85.26042032241821
2024-09-17,MG95,82.54,89.45265709877013
2024-09-17,MG92,77.43,85.7380518913269
2024-09-18,MG95,83.86,88.62013555526732
2024-09-18,MG92,79.24,85.06386911869049
2024-09-19,MG95,86.33,89.08822776317596
2024-09-19,MG92,81.71,85.14607900381088
2024-09-20,MG95,85.86,88.51399605989455
2024-09-20,MG92,81.24,84.9729495048523
2024-09-23,MG95,85.82,88.49909452199935
2024-09-23,MG92,81.16,84.83622169494629
2024-09-24,MG95,85.14,88.57864950656891
2024-09-24,MG92,80.48,84.74350041151047
2024-09-25,MG95,84.78,88.08151706457137
2024-09-25,MG92,80.12,84.59855061769485
2024-09-26,MG95,81.86,88.43817168474197
2024-09-26,MG92,77.2,84.85629886388779
2024-09-27,MG95,81.67,88.51767441987991
2024-09-27,MG92,77.01,85.0624058842659
2024-09-30,MG95,81.6,89.53520075082778
2024-09-30,MG92,76.94,85.74563682079315
2024-10-01,MG95,79.71,89.1366525363922
2024-10-01,MG92,73.6,85.29481130838394
2024-10-02,MG95,84.21,90.0204203224182
2024-10-02,MG92,78.2,86.20247453451157
2024-10-03,MG95,84.86,89.84758965253829
2024-10-03,MG92,78.85,85.83520269393921
2024-10-04,MG95,88.97,89.69255513906478
2024-10-04,MG92,82.55,85.93796753883362
2024-10-07,MG95,88.88,90.46873089551926
2024-10-07,MG92,82.46,86.73013478517532
2024-10-08,MG95,90.15,90.15132604837417
2024-10-08,MG92,83.73,86.42147195339203
2024-10-09,MG95,88.5,88.7693599319458
2024-10-09,MG92,82.08,85.20653945207596
2024-10-10,MG95,88.37,89.63731703996658
2024-10-10,MG92,81.95,85.93545913696289
2024-10-11,MG95,89.88,90.64918998241424
2024-10-11,MG92,83.46,86.89227509498596
2024-10-14,MG95,89.17,89.21747195720673
2024-10-14,MG92,82.75,85.53652369976044
2024-10-15,MG95,84.88,88.99474308013916
2024-10-15,MG92,78.39,85.30781120061874
2024-10-16,MG95,84.95,89.39396008729935
2024-10-16,MG92,78.46,85.84292697906494
2024-10-17,MG95,85.98,88.95521116018296
2024-10-17,MG92,79.49,85.39059841632843
2024-10-18,MG95,87.47,90.00991818666458
2024-10-18,MG92,80.98,86.56032991409302
2024-10-21,MG95,85.8,89.49718406438828
2024-10-21,MG92,79.31,85.96432566642761
2024-10-22,MG95,84.73,89.19093969583511
2024-10-22,MG92,79.06,85.82154583930969
2024-10-23,MG95,85.75,90.27084139823913
2024-10-23,MG92,79.75,86.92497390508652
2024-10-24,MG95,85.97,89.19290427446364
2024-10-24,MG92,79.98,85.4954137802124
2024-10-25,MG95,84.63,90.85945214509964
2024-10-25,MG92,78.9,87.19949460029602
2024-10-28,MG95,82.69,88.71467567682267
2024-10-28,MG92,76.96,85.17227786779404
2024-10-29,MG95,82.16,89.56467988014221
2024-10-29,MG92,76.43,85.91014617681503
2024-10-30,MG95,82.79,90.82053676843643
2024-10-30,MG92,77.26,87.36785614490509
2024-10-31,MG95,82.79,89.67308700084686
2024-10-31,MG92,77.26,86.22979819774628
2024-11-01,MG95,84.91,89.38976968288421
2024-11-01,MG92,79.38,85.84443002939224
2024-11-04,MG95,85.84,89.59702227830887
2024-11-04,MG92,80.31,85.71292805671692
2024-11-05,MG95,86.73,90.34625822782516
2024-11-05,MG92,81.2,86.72883081436157
2024-11-06,MG95,84.52,89.01946751117706
2024-11-06,MG92,78.99,85.48463362455368
2024-11-07,MG95,85.19,89.83399435043334
2024-11-07,MG92,79.66,86.74648916721344
2024-11-08,MG95,85.81,90.6833820104599
2024-11-08,MG92,79.85,86.95083433389664
2024-11-11,MG95,84.45,89.0080039858818
2024-11-11,MG92,78.49,85.64976012706757
2024-11-12,MG95,82.87,89.13108274698257
2024-11-12,MG92,76.91,85.34290891885757
2024-11-13,MG95,82.32,88.40192102909087
2024-11-13,MG92,76.36,85.229562997818
2024-09-19,MG95,86.33,83.52256494045257
2024-09-19,MG92,81.71,78.74088936090469
2024-09-20,MG95,85.86,83.28346429944038
2024-09-20,MG92,81.24,78.4861079621315
2024-09-23,MG95,85.82,83.49307411193847
2024-09-23,MG92,81.16,78.75823248147964
2024-09-24,MG95,85.14,83.35005359053612
2024-09-24,MG92,80.48,78.51202345848083
2024-09-25,MG95,84.78,83.30443277835846
2024-09-25,MG92,80.12,78.34673482894897
2024-09-26,MG95,81.86,84.01228264093399
2024-09-26,MG92,77.2,79.06575170278549
2024-09-27,MG95,81.67,84.10304441452027
2024-09-27,MG92,77.01,79.36949718952178
2024-09-30,MG95,81.6,84.21941822290421
2024-09-30,MG92,76.94,79.25271450996398
2024-10-01,MG95,79.71,83.93895544528961
2024-10-01,MG92,73.6,78.84361145496368
2024-10-02,MG95,84.21,84.48490565776825
2024-10-02,MG92,78.2,79.27555528640747
2024-10-03,MG95,84.86,84.18544878721237
2024-10-03,MG92,78.85,78.86194642066955
2024-10-04,MG95,88.97,85.09553575515747
2024-10-04,MG92,82.55,80.08325728416442
2024-10-07,MG95,88.88,84.31161954879761
2024-10-07,MG92,82.46,79.21011240005492
2024-10-08,MG95,90.15,84.32247617244721
2024-10-08,MG92,83.73,79.15240118265152
2024-10-09,MG95,88.5,84.15184923648835
2024-10-09,MG92,82.08,78.92670446157454
2024-10-10,MG95,88.37,83.96249812364579
2024-10-10,MG92,81.95,78.45945566654204
2024-10-11,MG95,89.88,84.28762701034546
2024-10-11,MG92,83.46,79.19263231039047
2024-10-14,MG95,89.17,83.74669023871422
2024-10-14,MG92,82.75,78.73235949277877
2024-10-15,MG95,84.88,84.46738110780716
2024-10-15,MG92,78.39,79.39747666835784
2024-10-16,MG95,84.95,84.14232219934463
2024-10-16,MG92,78.46,79.24185144424438
2024-10-17,MG95,85.98,83.95218133211135
2024-10-17,MG92,79.49,78.84970421791076
2024-10-18,MG95,87.47,83.6546638584137
2024-10-18,MG92,80.98,78.7177840924263
2024-10-21,MG95,85.8,84.18848784208298
2024-10-21,MG92,79.31,78.97586691856384
2024-10-22,MG95,84.73,82.87580607891083
2024-10-22,MG92,79.06,77.6346986556053
2024-10-23,MG95,85.75,82.54696834564209
2024-10-23,MG92,79.75,77.09208379983902
2024-10-24,MG95,85.97,84.29681415319443
2024-10-24,MG92,79.98,79.11008718013763
2024-10-25,MG95,84.63,83.76389988660813
2024-10-25,MG92,78.9,78.3806512093544
2024-10-28,MG95,82.69,83.58443070054054
2024-10-28,MG92,76.96,78.16451870918273
2024-10-29,MG95,82.16,84.35419630765915
2024-10-29,MG92,76.43,79.04672244548797
2024-10-30,MG95,82.79,84.16975366830826
2024-10-30,MG92,77.26,79.0634468436241
2024-10-31,MG95,82.79,84.2788097524643
2024-10-31,MG92,77.26,79.03175975322723
2024-11-01,MG95,84.91,84.31158955812454
2024-11-01,MG92,79.38,79.45992512702941
2024-11-04,MG95,85.84,84.08445019721985
2024-11-04,MG92,80.31,78.94393422842025
2024-11-05,MG95,86.73,84.45240576505661
2024-11-05,MG92,81.2,79.28510533809661
2024-11-06,MG95,84.52,83.3795794081688
2024-11-06,MG92,78.99,78.12249753713607
2024-11-07,MG95,85.19,83.6964408659935
2024-11-07,MG92,79.66,78.38905355453491
2024-11-08,MG95,85.81,84.09311750173569
2024-11-08,MG92,79.85,78.51970317363738
2024-11-11,MG95,84.45,84.46326238870621
2024-11-11,MG92,78.49,79.42147932052612
2024-11-12,MG95,82.87,84.23691278219223
2024-11-12,MG92,76.91,78.81388443946838
2024-11-13,MG95,82.32,83.98794021129608
2024-11-13,MG92,76.36,79.06059883117675
2024-11-14,MG95,82.48,83.84810869812965
2024-11-14,MG92,76.52,79.00877728462218
2024-11-15,MG95,82.19,84.16744438648225
2024-11-15,MG92,76.23,79.2966107416153
2024-11-18,MG95,83.44,83.99169904232025
2024-11-18,MG92,77.28,79.22426744699477
2024-11-19,MG95,84.69,83.9971473479271
2024-11-19,MG92,78.56,78.94398145914077
2024-11-20,MG95,85.43,84.74973329782486
2024-11-20,MG92,79.3,79.99895989418029
2024-11-21,MG95,85.13,83.70489823579788
2024-11-21,MG92,79.38,79.16984821081161
2024-11-22,MG95,86.07,83.18580467104911
2024-11-22,MG92,80.32,78.19424100160599
2024-11-25,MG95,86.12,83.63241577744483
2024-11-25,MG92,81.55,78.91482121229171
2024-11-26,MG95,84.78,83.68563422679901
2024-11-26,MG92,80.31,78.91313035249709
2024-11-27,MG95,84.71,83.39217049241066
2024-11-27,MG92,80.24,78.02325162410736
2024-11-28,MG95,83.13,83.70342869281768
2024-11-28,MG92,79.73,78.76738107204437
2024-11-29,MG95,83.87,82.82540675282478
2024-11-29,MG92,80.27,77.85041080236435
2024-12-02,MG95,83.6,84.23265410661698
2024-12-02,MG92,80.44,79.34538118362427
2024-12-03,MG95,83.69,83.65865261793137
2024-12-03,MG92,80.83,78.54602485418319
2024-12-04,MG95,85.39,85.23879120349883
2024-12-04,MG92,82.53,80.87866984844207
2024-12-05,MG95,84.16,83.73970241189004
2024-12-05,MG92,80.81,79.0765061378479
2024-12-06,MG95,83.27,84.44446823358535
2024-12-06,MG92,79.85,79.73682939529418
2024-12-09,MG95,83.41,83.952011384964
2024-12-09,MG92,80.06,79.28045783519744
2024-12-10,MG95,84.31,82.63658047676087
2024-12-10,MG92,80.96,77.66354245662689
2024-12-11,MG95,85.42,84.30541147947311
2024-12-11,MG92,82.07,79.59988864421844
2024-10-17,MG95,85.98,84.57982388734818
2024-10-17,MG92,79.49,78.38804613351822
2024-10-18,MG95,87.47,85.54315876364709
2024-10-18,MG92,80.98,79.18823710441589
2024-10-21,MG95,85.8,84.76872469484806
2024-10-21,MG92,79.31,78.56638285160064
2024-10-22,MG95,84.73,84.53324047327042
2024-10-22,MG92,79.06,78.3697419977188
2024-10-23,MG95,85.75,84.13007621467113
2024-10-23,MG92,79.75,77.99825315475464
2024-10-24,MG95,85.97,83.55245707035066
2024-10-24,MG92,79.98,77.47339118003845
2024-10-25,MG95,84.63,83.74979858994485
2024-10-25,MG92,78.9,77.65778406977653
2024-10-28,MG95,82.69,83.56348012387753
2024-10-28,MG92,76.96,77.55034898757934
2024-10-29,MG95,82.16,83.1135754853487
2024-10-29,MG92,76.43,77.13889408826827
2024-10-30,MG95,82.79,83.29430900514126
2024-10-30,MG92,77.26,77.32922155857085
2024-10-31,MG95,82.79,82.64919960796833
2024-10-31,MG92,77.26,76.84838023543357
2024-11-01,MG95,84.91,83.12091237306595
2024-11-01,MG92,79.38,77.24750766873359
2024-11-04,MG95,85.84,83.5882554113865
2024-11-04,MG92,80.31,77.7667764532566
2024-11-05,MG95,86.73,83.7575962483883
2024-11-05,MG92,81.2,77.92307244777679
2024-11-06,MG95,84.52,83.52184872925282
2024-11-06,MG92,78.99,77.72927495479583
2024-11-07,MG95,85.19,83.64501122534276
2024-11-07,MG92,79.66,77.82399441480636
2024-11-08,MG95,85.81,83.09053694903851
2024-11-08,MG92,79.85,77.36973009824752
2024-11-11,MG95,84.45,82.73998156785966
2024-11-11,MG92,78.49,77.00544786572456
2024-11-12,MG95,82.87,82.1978367060423
2024-11-12,MG92,76.91,76.4806700694561
2024-11-13,MG95,82.32,82.6703191101551
2024-11-13,MG92,76.36,76.83305508136749
2024-11-14,MG95,82.48,82.47152945399284
2024-11-14,MG92,76.52,76.60596501231193
2024-11-15,MG95,82.19,82.57566363811493
2024-11-15,MG92,76.23,76.76853697776794
2024-11-18,MG95,83.44,82.77593181133271
2024-11-18,MG92,77.28,76.97662142395973
2024-11-19,MG95,84.69,82.65612129569054
2024-11-19,MG92,78.56,76.84823058485985
2024-11-20,MG95,85.43,83.1971319526434
2024-11-20,MG92,79.3,77.25708530545234
2024-11-21,MG95,85.13,82.93249258995057
2024-11-21,MG92,79.38,77.15672121286391
2024-11-22,MG95,86.07,82.94458402395249
2024-11-22,MG92,80.32,77.16821624755859
2024-11-25,MG95,86.12,83.31570193171501
2024-11-25,MG92,81.55,77.53177828669547
2024-11-26,MG95,84.78,81.98037317693233
2024-11-26,MG92,80.31,76.1892068707943
2024-11-27,MG95,84.71,81.53034701645375
2024-11-27,MG92,80.24,75.81027758836746
2024-11-28,MG95,83.13,81.36024160385132
2024-11-28,MG92,79.73,75.5835429394245
2024-11-29,MG95,83.87,81.31481264829635
2024-11-29,MG92,80.27,75.42023207426071
2024-12-02,MG95,83.6,80.38913438618184
2024-12-02,MG92,80.44,74.64004751443862
2024-12-03,MG95,83.69,80.8078382641077
2024-12-03,MG92,80.83,75.0423035800457
2024-12-04,MG95,85.39,80.53608986735344
2024-12-04,MG92,82.53,74.67016469240188
2024-12-05,MG95,84.16,80.3373710989952
2024-12-05,MG92,80.81,74.42400820493698
2024-12-06,MG95,83.27,80.125148203969
2024-12-06,MG92,79.85,74.20093064188957
2024-12-09,MG95,83.41,80.06992154121399
2024-12-09,MG92,80.06,74.17359602928161
2024-12-10,MG95,84.31,79.09299646019936
2024-12-10,MG92,80.96,73.27963494420051
2024-12-11,MG95,85.42,78.73580294251443
2024-12-11,MG92,82.07,72.90863714218139
2024-12-12,MG95,86.79,78.68474346995355
2024-12-12,MG92,83.44,72.89948039770125
2024-12-13,MG95,86.87,78.3988934636116
2024-12-13,MG92,83.52,72.64626695036887
2024-12-16,MG95,86.48,77.92498317658901
2024-12-16,MG92,83.13,72.17643429756164
2024-12-17,MG95,85.54,77.41687458753586
2024-12-17,MG92,82.19,71.70410435080528
2024-12-18,MG95,85.4,77.30128695964814
2024-12-18,MG92,82.05,71.65591686606406
2024-12-19,MG95,84.0,76.58211499750614
2024-12-19,MG92,80.65,71.03836506724357
2024-12-20,MG95,83.06,76.94696439802647
2024-12-20,MG92,79.71,71.25844494223594
2024-12-23,MG95,83.86,76.13444838821889
2024-12-23,MG92,80.51,70.48832438349723
2024-12-24,MG95,83.77,75.80398463606835
2024-12-24,MG92,80.42,70.24026452779769
2024-12-26,MG95,84.46,76.0603908866644
2024-12-26,MG92,81.11,70.48135160207748
2024-12-27,MG95,84.02,76.04479050636292
2024-12-27,MG92,80.67,70.49990827322006
2024-12-30,MG95,84.54,75.88193084001541
2024-12-30,MG92,81.29,70.26082277536392
2024-12-31,MG95,85.4,76.30540445446968
2024-12-31,MG92,82.15,70.76909224271773
2025-01-02,MG95,85.92,75.87223946452141
2025-01-02,MG92,82.95,70.41914372920989
2025-01-03,MG95,86.22,75.81535706520081
2025-01-03,MG92,83.74,70.35425149917602
2025-01-06,MG95,86.09,75.8144355237484
2025-01-06,MG92,83.61,70.4047492146492
2025-01-07,MG95,85.84,75.66014821827412
2025-01-07,MG92,83.15,70.20401635289191
2025-01-08,MG95,85.89,75.3761818021536
2025-01-08,MG92,83.35,69.97983511686324
2025-01-09,MG95,84.21,75.25604722797871
2025-01-09,MG92,82.78,69.87911560416221
2025-01-10,MG95,85.86,75.19781289696694
2025-01-10,MG92,84.01,69.67726503968238
2024-11-14,MG95,82.48,82.74606442451477
2024-11-14,MG92,76.52,76.69045062065125
2024-11-15,MG95,82.19,82.31864085674285
2024-11-15,MG92,76.23,76.37509247779846
2024-11-18,MG95,83.44,82.39864385604858
2024-11-18,MG92,77.28,76.50393381118775
2024-11-19,MG95,84.69,82.2623762512207
2024-11-19,MG92,78.56,76.23050326347351
2024-11-20,MG95,85.43,81.90080489158629
2024-11-20,MG92,79.3,75.95736400604248
2024-11-21,MG95,85.13,81.84569825649261
2024-11-21,MG92,79.38,75.66011137485503
2024-11-22,MG95,86.07,81.25705674648285
2024-11-22,MG92,80.32,75.29571178197861
2024-11-25,MG95,86.12,80.7680841064453
2024-11-25,MG92,81.55,74.95926695346832
2024-11-26,MG95,84.78,80.31169165134429
2024-11-26,MG92,80.31,74.29171154975892
2024-11-27,MG95,84.71,79.5873468017578
2024-11-27,MG92,80.24,73.77701072216034
2024-11-28,MG95,83.13,80.56182798385619
2024-11-28,MG92,79.73,74.3066538310051
2024-11-29,MG95,83.87,80.16514460563658
2024-11-29,MG92,80.27,74.23128702163696
2024-12-02,MG95,83.6,80.45466174602508
2024-12-02,MG92,80.44,74.61752883434296
2024-12-03,MG95,83.69,80.80317159175873
2024-12-03,MG92,80.83,74.46189334630967
2024-12-04,MG95,85.39,80.31300172805786
2024-12-04,MG92,82.53,74.25267410039902
2024-12-05,MG95,84.16,79.93116588592528
2024-12-05,MG92,80.81,74.05912536144257
2024-12-06,MG95,83.27,80.17995779514312
2024-12-06,MG92,79.85,74.0710500574112
2024-12-09,MG95,83.41,80.5367157268524
2024-12-09,MG92,80.06,74.45812022686005
2024-12-10,MG95,84.31,80.1338646841049
2024-12-10,MG92,80.96,73.9440520453453
2024-12-11,MG95,85.42,79.20306253910064
2024-12-11,MG92,82.07,73.34381200551987
2024-12-12,MG95,86.79,79.34980585098266
2024-12-12,MG92,83.44,73.53471182346344
2024-12-13,MG95,86.87,79.45038735866547
2024-12-13,MG92,83.52,73.43904117107391
2024-12-16,MG95,86.48,77.90272062778472
2024-12-16,MG92,83.13,72.45274137496948
2024-12-17,MG95,85.54,78.63103986740111
2024-12-17,MG92,82.19,72.8809517455101
2024-12-18,MG95,85.4,78.76739579200743
2024-12-18,MG92,82.05,73.05599900007248
2024-12-19,MG95,84.0,78.77138490200042
2024-12-19,MG92,80.65,73.03367888212203
2024-12-20,MG95,83.06,78.58955901145934
2024-12-20,MG92,79.71,72.81567996501923
2024-12-23,MG95,83.86,78.40058412551879
2024-12-23,MG92,80.51,72.92140468358994
2024-12-24,MG95,83.77,78.23755072116852
2024-12-24,MG92,80.42,72.65546575784683
2024-12-26,MG95,84.46,78.29962480545043
2024-12-26,MG92,81.11,72.74194256067275
2024-12-27,MG95,84.02,78.4295873594284
2024-12-27,MG92,80.67,72.49836926698684
2024-12-30,MG95,84.54,77.28842222213744
2024-12-30,MG92,81.29,71.50644847869873
2024-12-31,MG95,85.4,77.03296707630157
2024-12-31,MG92,82.15,71.71197197914124
2025-01-02,MG95,85.92,77.08881952285766
2025-01-02,MG92,82.95,71.5496140575409
2025-01-03,MG95,86.22,77.60740872859954
2025-01-03,MG92,83.74,71.89268118858337
2025-01-06,MG95,86.09,78.06933098316192
2025-01-06,MG92,83.61,72.16639392375946
2025-01-07,MG95,85.84,77.46417858123779
2025-01-07,MG92,83.15,71.6780867266655
2025-01-08,MG95,85.89,77.57725733757019
2025-01-08,MG92,83.35,72.12814386844634
2025-01-09,MG95,84.21,77.20168729305267
2025-01-09,MG92,82.78,71.78371586561202
2025-01-10,MG95,85.86,78.03252126216888
2025-01-10,MG92,84.01,72.40101459264756
2025-01-13,MG95,89.09,77.47736766815184
2025-01-13,MG92,87.14,71.57197513818741
2025-01-14,MG95,88.44,78.46065629482268
2025-01-14,MG92,86.3,72.476376850605
2025-01-15,MG95,88.1,78.51460495948791
2025-01-15,MG92,86.34,72.90813732147217
2025-01-16,MG95,88.92,78.06543509960174
2025-01-16,MG92,86.78,72.65845148324966
2025-01-17,MG95,87.72,77.52369629859923
2025-01-17,MG92,85.58,72.03326516151428
2025-01-20,MG95,86.93,78.0413434267044
2025-01-20,MG92,84.54,72.31965812683106
2025-01-21,MG95,85.82,77.77589342594146
2025-01-21,MG92,83.43,72.29346020698547
2025-01-22,MG95,85.75,77.5881206703186
2025-01-22,MG92,83.26,72.18738958120346
2025-01-23,MG95,86.31,76.72250833511352
2025-01-23,MG92,83.9,71.18982049226761
2025-01-24,MG95,86.31,77.3077789735794
2025-01-24,MG92,83.9,71.73280833721161
2025-01-27,MG95,87.49,76.94852846145629
2025-01-27,MG92,85.08,71.45644212961197
2025-01-28,MG95,87.02,77.56583955287932
2025-01-28,MG92,84.91,72.00904255390166
2025-01-29,MG95,87.02,76.45102805614471
2025-01-29,MG92,84.91,71.21795731306077
2025-01-30,MG95,87.02,76.89709200382232
2025-01-30,MG92,84.91,71.69440808534623
2025-01-31,MG95,87.06,76.59295794010161
2025-01-31,MG92,84.88,71.44811304807664
2025-02-03,MG95,87.84,77.43612233161926
2025-02-03,MG92,86.41,71.95553161859512
2025-02-04,MG95,84.87,77.68281909942627
2025-02-04,MG92,83.3,71.91039527893066
2025-02-05,MG95,85.97,77.35475037574767
2025-02-05,MG92,84.06,71.76384895801544
2025-02-06,MG95,84.77,77.60655497074127
2025-02-06,MG92,83.21,71.78588688850402
2025-02-07,MG95,85.49,77.1629934167862
2025-02-07,MG92,83.86,72.03540887594222
2024-12-12,MG95,86.79,84.79723170876503
2024-12-12,MG92,83.44,81.49410367965697
2024-12-13,MG95,86.87,84.11507699251175
2024-12-13,MG92,83.52,80.41484106361865
2024-12-16,MG95,86.48,85.14655463576317
2024-12-16,MG92,83.13,81.77286023557186
2024-12-17,MG95,85.54,84.67523598432541
2024-12-17,MG92,82.19,81.06903478562832
2024-12-18,MG95,85.4,84.57789804935456
2024-12-18,MG92,82.05,81.59943290948867
2024-12-19,MG95,84.0,84.13623697042465
2024-12-19,MG92,80.65,80.64277230381965
2024-12-20,MG95,83.06,84.78971166849136
2024-12-20,MG92,79.71,81.63790165662765
2024-12-23,MG95,83.86,84.83818207025529
2024-12-23,MG92,80.51,82.01975191116333
2024-12-24,MG95,83.77,85.49186042547227
2024-12-24,MG92,80.42,81.50324636638163
2024-12-26,MG95,84.46,85.54421049594879
2024-12-26,MG92,81.11,82.0381106609106
2024-12-27,MG95,84.02,85.24135194778442
2024-12-27,MG92,80.67,82.56079938173293
2024-12-30,MG95,84.54,84.95325854301453
2024-12-30,MG92,81.29,82.15158465981483
2024-12-31,MG95,85.4,85.10742700576782
2024-12-31,MG92,82.15,81.34459702670574
2025-01-02,MG95,85.92,85.53190960407257
2025-01-02,MG92,82.95,82.36134303689002
2025-01-03,MG95,86.22,86.97487142801285
2025-01-03,MG92,83.74,83.27522036910057
2025-01-06,MG95,86.09,86.56794407606125
2025-01-06,MG92,83.61,83.76944397807121
2025-01-07,MG95,85.84,85.03576514601707
2025-01-07,MG92,83.15,82.35183346867561
2025-01-08,MG95,85.89,86.8579009437561
2025-01-08,MG92,83.35,83.1781777691841
2025-01-09,MG95,84.21,86.8212019252777
2025-01-09,MG92,82.78,83.09016534566878
2025-01-10,MG95,85.86,85.64111056804657
2025-01-10,MG92,84.01,83.16244589090347
2025-01-13,MG95,89.09,86.86409212112427
2025-01-13,MG92,87.14,83.46815111517905
2025-01-14,MG95,88.44,87.3960955119133
2025-01-14,MG92,86.3,83.56291415810584
2025-01-15,MG95,88.1,87.45227433681488
2025-01-15,MG92,86.34,83.69367072105408
2025-01-16,MG95,88.92,87.29573326826096
2025-01-16,MG92,86.78,83.16546899437904
2025-01-17,MG95,87.72,87.19180702447892
2025-01-17,MG92,85.58,83.81961379885672
2025-01-20,MG95,86.93,86.69729691505432
2025-01-20,MG92,84.54,83.1483967757225
2025-01-21,MG95,85.82,87.93177491426468
2025-01-21,MG92,83.43,84.08582300782203
2025-01-22,MG95,85.75,87.4446270108223
2025-01-22,MG92,83.26,83.83550221323966
2025-01-23,MG95,86.31,87.23129614591599
2025-01-23,MG92,83.9,83.87452862024307
2025-01-24,MG95,86.31,88.40408639431
2025-01-24,MG92,83.9,84.90132718324661
2025-01-27,MG95,87.49,88.3153631567955
2025-01-27,MG92,85.08,84.79573379874229
2025-01-28,MG95,87.02,89.02115737676621
2025-01-28,MG92,84.91,85.33490283608435
2025-01-29,MG95,87.02,87.66980053901672
2025-01-29,MG92,84.91,84.77952252864837
2025-01-30,MG95,87.02,88.23258670806885
2025-01-30,MG92,84.91,84.61534550786018
2025-01-31,MG95,87.06,88.10798926353455
2025-01-31,MG92,84.88,84.83395795822143
2025-02-03,MG95,87.84,88.66492028951644
2025-02-03,MG92,86.41,85.21710941910743
2025-02-04,MG95,84.87,88.15771215677262
2025-02-04,MG92,83.3,84.41274865746497
2025-02-05,MG95,85.97,87.44027893066406
2025-02-05,MG92,84.06,83.72066341519356
2025-02-06,MG95,84.77,86.81202717065811
2025-02-06,MG92,83.21,83.44651978254318
2025-02-07,MG95,85.49,87.33886785268784
2025-02-07,MG92,83.86,84.27181724786757
2025-02-10,MG95,86.48,87.69281379699707
2025-02-10,MG92,85.04,84.61104076504706
2025-02-11,MG95,87.44,87.3568915104866
2025-02-11,MG92,86.0,84.61654887914656
2025-02-12,MG95,87.69,87.65230638980866
2025-02-12,MG92,86.17,84.43822490811347
2025-02-13,MG95,86.03,87.10417335271835
2025-02-13,MG92,84.59,84.09400201916694
2025-02-14,MG95,86.95,87.57890835285187
2025-02-14,MG92,85.55,84.20793095111846
2025-02-17,MG95,87.68,86.59830935716629
2025-02-17,MG92,86.29,84.53156934261321
2025-02-18,MG95,87.99,87.30702605724335
2025-02-18,MG92,86.6,84.17770969986915
2025-02-19,MG95,88.43,87.07408300876618
2025-02-19,MG92,87.04,84.18994886636733
2025-02-20,MG95,88.11,88.66001215219498
2025-02-20,MG92,86.72,85.73248496890068
2025-02-21,MG95,86.91,87.47087841749192
2025-02-21,MG92,85.52,84.51126856684684
2025-02-24,MG95,85.82,87.10171928405762
2025-02-24,MG92,84.43,83.79644645571707
2025-02-25,MG95,86.01,85.78138961315155
2025-02-25,MG92,84.62,83.47590943574905
2025-02-26,MG95,83.78,88.1019610118866
2025-02-26,MG92,82.55,84.66609255552291
2025-02-27,MG95,83.41,88.66378999233245
2025-02-27,MG92,81.94,85.80418828725814
2025-02-28,MG95,84.34,90.31152908086777
2025-02-28,MG92,82.75,86.57127388954162
2025-03-03,MG95,83.79,88.82526974678039
2025-03-03,MG92,82.2,85.94531536698341
2025-03-04,MG95,80.03,88.2530949831009
2025-03-04,MG92,78.44,85.49973535180091
2025-03-05,MG95,79.94,88.31173805952072
2025-03-05,MG92,78.3,85.2819447159767
2025-03-06,MG95,78.59,87.98231243610383
2025-03-06,MG92,77.03,84.89163172841072
2025-03-07,MG95,78.69,87.08232094049454
2025-03-07,MG92,76.98,84.32130222320556
2025-01-13,MG95,89.09,86.36778394460678
2025-01-13,MG92,87.14,84.44187704563141
2025-01-14,MG95,88.44,86.18468449115753
2025-01-14,MG92,86.3,84.02397060751916
2025-01-15,MG95,88.1,85.97768558979034
2025-01-15,MG92,86.34,84.097058416605
2025-01-16,MG95,88.92,85.97202546358109
2025-01-16,MG92,86.78,84.07720913767815
2025-01-17,MG95,87.72,86.45822314023971
2025-01-17,MG92,85.58,84.35125337004662
2025-01-20,MG95,86.93,85.45949233531952
2025-01-20,MG92,84.54,83.35496378064155
2025-01-21,MG95,85.82,84.85561418652534
2025-01-21,MG92,83.43,83.06668855667115
2025-01-22,MG95,85.75,85.1744594335556
2025-01-22,MG92,83.26,83.43757063090801
2025-01-23,MG95,86.31,84.77973471879959
2025-01-23,MG92,83.9,83.695441005826
2025-01-24,MG95,86.31,84.89726166129113
2025-01-24,MG92,83.9,83.2669389384985
2025-01-27,MG95,87.49,84.64113327383996
2025-01-27,MG92,85.08,82.9554895311594
2025-01-28,MG95,87.02,84.27842460751533
2025-01-28,MG92,84.91,82.98930941760541
2025-01-29,MG95,87.02,84.3643142080307
2025-01-29,MG92,84.91,82.11728312432767
2025-01-30,MG95,87.02,84.71719697713851
2025-01-30,MG92,84.91,83.23315410375595
2025-01-31,MG95,87.06,83.93793168067933
2025-01-31,MG92,84.88,82.5342531812191
2025-02-03,MG95,87.84,85.34786604881286
2025-02-03,MG92,86.41,83.50636711001397
2025-02-04,MG95,84.87,84.28225261330604
2025-02-04,MG92,83.3,82.92539013266564
2025-02-05,MG95,85.97,84.9993998157978
2025-02-05,MG92,84.06,83.61401089131833
2025-02-06,MG95,84.77,85.45013214468956
2025-02-06,MG92,83.21,82.7215244179964
2025-02-07,MG95,85.49,84.58645624995232
2025-02-07,MG92,83.86,82.47361874163151
2025-02-10,MG95,86.48,84.6357085597515
2025-02-10,MG92,85.04,83.11439392507077
2025-02-11,MG95,87.44,84.40937004089355
2025-02-11,MG92,86.0,83.14497904002667
2025-02-12,MG95,87.69,85.12529412388801
2025-02-12,MG92,86.17,83.7756342959404
2025-02-13,MG95,86.03,85.13656831741334
2025-02-13,MG92,84.59,83.1035178822279
2025-02-14,MG95,86.95,84.40934445261955
2025-02-14,MG92,85.55,82.41472186505796
2025-02-17,MG95,87.68,83.77671020150184
2025-02-17,MG92,86.29,82.61261877536774
2025-02-18,MG95,87.99,84.95444633603095
2025-02-18,MG92,86.6,83.38274976670742
2025-02-19,MG95,88.43,86.14311889886856
2025-02-19,MG92,87.04,83.7537720477581
2025-02-20,MG95,88.11,84.38928836345673
2025-02-20,MG92,86.72,82.41235837876798
2025-02-21,MG95,86.91,85.5234834909439
2025-02-21,MG92,85.52,83.20708565115929
2025-02-24,MG95,85.82,84.33432475090027
2025-02-24,MG92,84.43,82.6014873558283
2025-02-25,MG95,86.01,85.48050030827523
2025-02-25,MG92,84.62,83.60626947224141
2025-02-26,MG95,83.78,84.22417746663093
2025-02-26,MG92,82.55,83.00403113305569
2025-02-27,MG95,83.41,85.55249547600746
2025-02-27,MG92,81.94,84.31304701328278
2025-02-28,MG95,84.34,84.25652616262435
2025-02-28,MG92,82.75,82.0489373099804
2025-03-03,MG95,83.79,84.6479346370697
2025-03-03,MG92,82.2,82.56543918251992
2025-03-04,MG95,80.03,84.5357658791542
2025-03-04,MG92,78.44,82.54399254739285
2025-03-05,MG95,79.94,84.9166268670559
2025-03-05,MG92,78.3,82.94926535010339
2025-03-06,MG95,78.59,85.92465645074844
2025-03-06,MG92,77.03,84.15882953286172
2025-03-07,MG95,78.69,84.70628101944924
2025-03-07,MG92,76.98,83.1076089167595
2025-03-10,MG95,78.55,85.89470793485641
2025-03-10,MG92,77.31,84.1084852719307
2025-03-11,MG95,77.98,85.47597630143166
2025-03-11,MG92,76.64,83.6460932147503
2025-03-12,MG95,79.15,85.66170111179352
2025-03-12,MG92,77.74,83.83940836668015
2025-03-13,MG95,80.46,85.41146826267243
2025-03-13,MG92,79.08,83.88425451755525
2025-03-14,MG95,80.05,85.73869622826577
2025-03-14,MG92,78.62,83.63085573852062
2025-03-17,MG95,81.04,85.45028055667878
2025-03-17,MG92,79.61,83.09163034737111
2025-03-18,MG95,81.95,84.20546220302582
2025-03-18,MG92,80.52,82.26404961407185
2025-03-19,MG95,80.27,85.69241727590561
2025-03-19,MG92,78.84,82.6277160447836
2025-03-20,MG95,80.97,85.9944305562973
2025-03-20,MG92,79.54,83.96240479409695
2025-03-21,MG95,81.9,85.16526300787926
2025-03-21,MG92,80.56,83.55145361542702
2025-03-24,MG95,82.07,84.04806872963906
2025-03-24,MG92,80.73,81.94434302687645
2025-03-25,MG95,83.15,85.08460876822471
2025-03-25,MG92,81.91,83.09494523704052
2025-03-26,MG95,83.45,84.38376641392708
2025-03-26,MG92,82.34,82.26982313036919
2025-03-27,MG95,83.88,84.67489444255828
2025-03-27,MG92,82.36,82.26906200766564
2025-03-28,MG95,84.1,85.70406505823135
2025-03-28,MG92,82.41,84.19709597826005
2025-03-31,MG95,84.1,84.67559044361114
2025-03-31,MG92,82.41,82.25313351213933
2025-04-01,MG95,85.57,86.12059098243714
2025-04-01,MG92,83.69,83.52803407013417
2025-04-02,MG95,85.91,84.49194340109825
2025-04-02,MG92,84.03,82.63726012289524
2025-04-03,MG95,83.12,84.8304353249073
2025-04-03,MG92,81.61,82.628377019763
2025-04-04,MG95,77.52,84.71750915408134
2025-04-04,MG92,76.34,83.03295379579068
2025-02-10,MG95,86.48,83.87847539305686
2025-02-10,MG92,85.04,84.12567737579346
2025-02-11,MG95,87.44,87.10814888834953
2025-02-11,MG92,86.0,83.2266019833088
2025-02-12,MG95,87.69,84.72857961714267
2025-02-12,MG92,86.17,81.88106043934822
2025-02-13,MG95,86.03,84.44010744869709
2025-02-13,MG92,84.59,84.52436338663101
2025-02-14,MG95,86.95,84.77488334417343
2025-02-14,MG92,85.55,84.11574046611786
2025-02-17,MG95,87.68,85.31851773679256
2025-02-17,MG92,86.29,83.10494481801986
2025-02-18,MG95,87.99,85.3638176304102
2025-02-18,MG92,86.6,81.6965578186512
2025-02-19,MG95,88.43,85.56300977230072
2025-02-19,MG92,87.04,82.89011662840844
2025-02-20,MG95,88.11,84.73464338243006
2025-02-20,MG92,86.72,84.59799048900604
2025-02-21,MG95,86.91,84.40845867037773
2025-02-21,MG92,85.52,83.55498485803604
2025-02-24,MG95,85.82,85.15358841657638
2025-02-24,MG92,84.43,84.08034147500992
2025-02-25,MG95,86.01,85.43884016513825
2025-02-25,MG92,84.62,83.86318900823593
2025-02-26,MG95,83.78,85.57139713168144
2025-02-26,MG92,82.55,83.66155171632766
2025-02-27,MG95,83.41,84.51710707664489
2025-02-27,MG92,81.94,84.18173994064331
2025-02-28,MG95,84.34,84.62491470873356
2025-02-28,MG92,82.75,85.40856840372085
2025-03-03,MG95,83.79,86.25680643320084
2025-03-03,MG92,82.2,84.55281453847886
2025-03-04,MG95,80.03,85.36468388259411
2025-03-04,MG92,78.44,84.79380959033966
2025-03-05,MG95,79.94,85.65898032307625
2025-03-05,MG92,78.3,85.8403741145134
2025-03-06,MG95,78.59,85.4042359381914
2025-03-06,MG92,77.03,84.20656222105026
2025-03-07,MG95,78.69,86.4796268773079
2025-03-07,MG92,76.98,82.47347620129585
2025-03-10,MG95,78.55,84.5767307049036
2025-03-10,MG92,77.31,87.54117517471313
2025-03-11,MG95,77.98,85.93335805892944
2025-03-11,MG92,76.64,83.76746877670288
2025-03-12,MG95,79.15,84.07001394212246
2025-03-12,MG92,77.74,87.26743030786514
2025-03-13,MG95,80.46,85.10559294998646
2025-03-13,MG92,79.08,85.20243251085282
2025-03-14,MG95,80.05,85.54351400256157
2025-03-14,MG92,78.62,86.65782989025116
2025-03-17,MG95,81.04,84.2294196307659
2025-03-17,MG92,79.61,86.60955490350723
2025-03-18,MG95,81.95,84.24991923391819
2025-03-18,MG92,80.52,86.84195262908935
2025-03-19,MG95,80.27,85.93698612689971
2025-03-19,MG92,78.84,84.90225586414337
2025-03-20,MG95,80.97,84.91672959148883
2025-03-20,MG92,79.54,84.0253985619545
2025-03-21,MG95,81.9,86.7560734272003
2025-03-21,MG92,80.56,82.71776023030282
2025-03-24,MG95,82.07,85.30149842917919
2025-03-24,MG92,80.73,83.34138128757476
2025-03-25,MG95,83.15,85.31423743188381
2025-03-25,MG92,81.91,85.17500104188919
2025-03-26,MG95,83.45,84.9663148856163
2025-03-26,MG92,82.34,85.2794485592842
2025-03-27,MG95,83.88,85.9733992922306
2025-03-27,MG92,82.36,87.11649724721909
2025-03-28,MG95,84.1,87.0186905157566
2025-03-28,MG92,82.41,82.59487344741821
2025-03-31,MG95,84.1,85.5391521680355
2025-03-31,MG92,82.41,84.35299668073654
2025-04-01,MG95,85.57,84.56327322244644
2025-04-01,MG92,83.69,83.29756491422653
2025-04-02,MG95,85.91,85.40664106190204
2025-04-02,MG92,84.03,85.0209689450264
2025-04-03,MG95,83.12,86.84524644613265
2025-04-03,MG92,81.61,84.53336058855056
2025-04-04,MG95,77.52,84.82108515918254
2025-04-04,MG92,76.34,84.32231622219085
2025-04-07,MG95,72.28,84.12084765851498
2025-04-07,MG92,71.39,85.5179543852806
2025-04-08,MG95,73.41,84.2263622701168
2025-04-08,MG92,72.72,87.3260220861435
2025-04-09,MG95,70.34,85.58556290268898
2025-04-09,MG92,68.86,87.74196273088455
2025-04-10,MG95,72.44,84.44834703564644
2025-04-10,MG92,70.96,85.08980753660202
2025-04-11,MG95,71.93,84.48872967422008
2025-04-11,MG92,70.37,88.18915365695953
2025-04-14,MG95,74.29,81.95200187444686
2025-04-14,MG92,72.8,85.8484216117859
2025-04-15,MG95,74.65,84.7980530422926
2025-04-15,MG92,73.16,83.95489048957825
2025-04-16,MG95,75.04,84.94617707014083
2025-04-16,MG92,73.79,82.35887684106827
2025-04-17,MG95,76.74,84.84056564211845
2025-04-17,MG92,74.96,84.91441208362579
2025-04-21,MG95,76.84,83.8724320101738
2025-04-21,MG92,75.54,84.23949198007584
2025-04-22,MG95,77.15,83.51897054553031
2025-04-22,MG92,75.85,86.58415280342102
2025-04-23,MG95,78.76,84.08895938694477
2025-04-23,MG92,77.55,85.43432039499282
2025-04-24,MG95,77.62,82.11452607095241
2025-04-24,MG92,76.19,84.59761060714722
2025-04-25,MG95,78.45,83.3303874450922
2025-04-25,MG92,76.62,86.92963536024094
2025-04-25,MG95,78.45,84.2469943588972
2025-04-25,MG92,76.62,85.35132620573044
2025-04-25,MG95,78.45,82.7570711761713
2025-04-25,MG92,76.62,87.08437723636627
2025-04-25,MG95,78.45,84.90811293005943
2025-04-25,MG92,76.62,84.78413259983063
2025-04-28,MG95,78.17,84.12349737107753
2025-04-28,MG92,76.29,83.5228948378563
2025-04-29,MG95,76.83,85.07111101746558
2025-04-29,MG92,75.3,85.23622200250625
2025-04-30,MG95,74.78,84.13659816145896
2025-04-30,MG92,73.34,84.43734045028687
2025-03-10,MG95,78.55,78.3315071028471
2025-03-10,MG92,77.31,76.51979611158372
2025-03-11,MG95,77.98,78.70300148248673
2025-03-11,MG92,76.64,76.97393418073655
2025-03-12,MG95,79.15,78.61522271454334
2025-03-12,MG92,77.74,76.69931132555008
2025-03-13,MG95,80.46,78.97764607429504
2025-03-13,MG92,79.08,77.07455703735351
2025-03-14,MG95,80.05,78.9784246623516
2025-03-14,MG92,78.62,77.0731162905693
2025-03-17,MG95,81.04,79.20852088451386
2025-03-17,MG92,79.61,77.2265145277977
2025-03-18,MG95,81.95,78.83396374583243
2025-03-18,MG92,80.52,76.95614508748055
2025-03-19,MG95,80.27,78.89688866972924
2025-03-19,MG92,78.84,76.85513680815697
2025-03-20,MG95,80.97,78.54650997340678
2025-03-20,MG92,79.54,76.6063143324852
2025-03-21,MG95,81.9,78.87469421982765
2025-03-21,MG92,80.56,77.06017709970475
2025-03-24,MG95,82.07,78.4256787353754
2025-03-24,MG92,80.73,76.46788793206215
2025-03-25,MG95,83.15,79.25047083377838
2025-03-25,MG92,81.91,77.3011213517189
2025-03-26,MG95,83.45,79.12777286052703
2025-03-26,MG92,82.34,77.24543694734574
2025-03-27,MG95,83.88,78.46789134085178
2025-03-27,MG92,82.36,76.63578540444375
2025-03-28,MG95,84.1,79.50535992622375
2025-03-28,MG92,82.41,77.65909645557404
2025-03-31,MG95,84.1,79.37171481728554
2025-03-31,MG92,82.41,77.52860333919526
2025-04-01,MG95,85.57,79.54255392193794
2025-04-01,MG92,83.69,77.71174336194993
2025-04-02,MG95,85.91,79.56108994603157
2025-04-02,MG92,84.03,77.64740530014039
2025-04-03,MG95,83.12,78.82120615839958
2025-04-03,MG92,81.61,77.05806645154954
2025-04-04,MG95,77.52,79.28280568957328
2025-04-04,MG92,76.34,77.3655144739151
2025-04-07,MG95,72.28,79.17607346177101
2025-04-07,MG92,71.39,77.17828162908555
2025-04-08,MG95,73.41,79.76227522373199
2025-04-08,MG92,72.72,77.87872316122055
2025-04-09,MG95,70.34,79.26533905148506
2025-04-09,MG92,68.86,77.48174695014954
2025-04-10,MG95,72.44,78.46408751606941
2025-04-10,MG92,70.96,76.56628084301948
2025-04-11,MG95,71.93,79.31236389398575
2025-04-11,MG92,70.37,77.4416446352005
2025-04-14,MG95,74.29,79.84676609873772
2025-04-14,MG92,72.8,77.96438794612885
2025-04-15,MG95,74.65,79.2107628428936
2025-04-15,MG92,73.16,77.39074130773545
2025-04-16,MG95,75.04,79.52658817648887
2025-04-16,MG92,73.79,77.71166994810105
2025-04-17,MG95,76.74,79.53371741652488
2025-04-17,MG92,74.96,77.5715871477127
2025-04-21,MG95,76.84,79.91413741707801
2025-04-21,MG92,75.54,78.04882304906846
2025-04-22,MG95,77.15,79.68711802482605
2025-04-22,MG92,75.85,77.61312103271484
2025-04-23,MG95,78.76,78.9982645869255
2025-04-23,MG92,77.55,77.11316354513168
2025-04-24,MG95,77.62,79.84300448656082
2025-04-24,MG92,76.19,77.8990771508217
2025-04-25,MG95,78.45,79.42814838051795
2025-04-25,MG92,76.62,77.35648457050324
2025-04-25,MG95,78.45,79.5161663532257
2025-04-25,MG92,76.62,77.55366499185563
2025-04-25,MG95,78.45,79.01380820631981
2025-04-25,MG92,76.62,76.9663037288189
2025-04-25,MG95,78.45,79.74213512063027
2025-04-25,MG92,76.62,77.8515692138672
2025-04-28,MG95,78.17,78.95777800798416
2025-04-28,MG92,76.29,77.0475407409668
2025-04-29,MG95,76.83,79.73664748191834
2025-04-29,MG92,75.3,77.79262706995011
2025-04-30,MG95,74.78,79.62567523241043
2025-04-30,MG92,73.34,77.66152828931808
2025-05-01,MG95,74.78,79.34510211467743
2025-05-01,MG92,73.34,77.38090385198593
2025-05-02,MG95,75.24,79.60453140735626
2025-05-02,MG92,73.73,77.64852486133576
2025-05-05,MG95,73.1,79.36920082211495
2025-05-05,MG92,71.59,77.07980612754822
2025-05-06,MG95,74.97,79.70714556097984
2025-05-06,MG92,73.46,77.57769885063172
2025-05-07,MG95,76.52,78.27840364515781
2025-05-07,MG92,74.79,76.14158172726631
2025-05-08,MG95,74.88,79.12894543290138
2025-05-08,MG92,73.38,77.10924508094789
2025-05-09,MG95,76.72,78.1345524662733
2025-05-09,MG92,75.22,75.98936728835106
2025-05-12,MG95,76.72,78.60658789157867
2025-05-12,MG92,75.22,76.51921338915825
2025-05-13,MG95,77.69,78.80354252815246
2025-05-13,MG92,76.19,76.61172860383988
2025-05-14,MG95,78.68,78.67111220419406
2025-05-14,MG92,77.18,76.52355857133865
2025-05-15,MG95,76.57,78.00072443604469
2025-05-15,MG92,75.07,75.91454481124879
2025-05-16,MG95,76.6,78.55745241880416
2025-05-16,MG92,75.1,76.48632857322693
2025-05-19,MG95,76.59,78.15912020266056
2025-05-19,MG92,75.09,76.00655530571937
2025-05-20,MG95,76.33,77.92740114033222
2025-05-20,MG92,74.8,75.70812801003457
2025-05-21,MG95,77.54,78.04445669531822
2025-05-21,MG92,76.05,75.86572919011117
2025-05-22,MG95,77.12,77.99911566674709
2025-05-22,MG92,75.87,75.83875877738
2025-05-23,MG95,76.75,78.12025646388531
2025-05-23,MG92,75.5,75.805231590271
2025-05-26,MG95,77.26,77.23423732638359
2025-05-26,MG92,76.01,75.029614276886
2025-05-27,MG95,76.86,77.3300083476305
2025-05-27,MG92,75.61,75.13062255620957
2025-05-28,MG95,76.5,77.37652663886547
2025-05-28,MG92,75.17,75.24478109121323
2025-04-07,MG95,72.28,77.72340594291687
2025-04-07,MG92,71.39,76.74028272867203
2025-04-08,MG95,73.41,77.47512519836425
2025-04-08,MG92,72.72,76.19685012340545
2025-04-09,MG95,70.34,77.61766922950744
2025-04-09,MG92,68.86,76.20577310204506
2025-04-10,MG95,72.44,76.59117662429809
2025-04-10,MG92,70.96,75.51172826170922
2025-04-11,MG95,71.93,76.75741946697235
2025-04-11,MG92,70.37,75.47665517687798
2025-04-14,MG95,74.29,77.02552237987518
2025-04-14,MG92,72.8,75.82548403382302
2025-04-15,MG95,74.65,76.50359405994415
2025-04-15,MG92,73.16,75.68099639296533
2025-04-16,MG95,75.04,77.17222952842712
2025-04-16,MG92,73.79,76.02091137170792
2025-04-17,MG95,76.74,75.89540927410125
2025-04-17,MG92,74.96,75.51347554564477
2025-04-21,MG95,76.84,75.05857184886932
2025-04-21,MG92,75.54,74.37174379944801
2025-04-22,MG95,77.15,75.69156899929047
2025-04-22,MG92,75.85,75.18389866352082
2025-04-23,MG95,78.76,76.10979826927185
2025-04-23,MG92,77.55,75.21023077845574
2025-04-24,MG95,77.62,75.1281850862503
2025-04-24,MG92,76.19,74.66489618182183
2025-04-25,MG95,78.45,75.12324571609497
2025-04-25,MG92,76.62,74.7880751490593
2025-04-25,MG95,78.45,74.53723033905028
2025-04-25,MG92,76.62,73.85878855824471
2025-04-25,MG95,78.45,75.50159038066863
2025-04-25,MG92,76.62,74.73324956536294
2025-04-25,MG95,78.45,75.33028341293334
2025-04-25,MG92,76.62,74.6045284318924
2025-04-28,MG95,78.17,73.93419746875763
2025-04-28,MG92,76.29,73.73221057772636
2025-04-29,MG95,76.83,74.89255541324616
2025-04-29,MG92,75.3,74.12829800486566
2025-04-30,MG95,74.78,75.32463247776032
2025-04-30,MG92,73.34,74.41646334767341
2025-05-01,MG95,74.78,75.07984025001525
2025-05-01,MG92,73.34,74.42158234357834
2025-05-02,MG95,75.24,73.88812594413757
2025-05-02,MG92,73.73,73.95060741901398
2025-05-05,MG95,73.1,74.69527170181274
2025-05-05,MG92,71.59,74.28104884266854
2025-05-06,MG95,74.97,73.97003909111022
2025-05-06,MG92,73.46,73.62070747137071
2025-05-07,MG95,76.52,74.93184396743774
2025-05-07,MG92,74.79,73.85349210381509
2025-05-08,MG95,74.88,74.2206347322464
2025-05-08,MG92,73.38,73.581980561018
2025-05-09,MG95,76.72,74.82943405151367
2025-05-09,MG92,75.22,74.3227697968483
2025-05-12,MG95,76.72,74.29696625232697
2025-05-12,MG92,75.22,73.32921591877938
2025-05-13,MG95,77.69,74.3267364692688
2025-05-13,MG92,76.19,73.67148791074753
2025-05-14,MG95,78.68,74.23670501232147
2025-05-14,MG92,77.18,73.96811210989952
2025-05-15,MG95,76.57,73.55402768611907
2025-05-15,MG92,75.07,72.98529674768449
2025-05-16,MG95,76.6,73.75118664264679
2025-05-16,MG92,75.1,73.31063737630845
2025-05-19,MG95,76.59,73.47343601703643
2025-05-19,MG92,75.09,72.92224436879158
2025-05-20,MG95,76.33,73.55593135356902
2025-05-20,MG92,74.8,73.53591869831085
2025-05-21,MG95,77.54,74.19335499286652
2025-05-21,MG92,76.05,74.14388705372811
2025-05-22,MG95,77.12,74.64447335243224
2025-05-22,MG92,75.87,74.50569313406945
2025-05-23,MG95,76.75,73.36890526771545
2025-05-23,MG92,75.5,73.8585610473156
2025-05-26,MG95,77.26,73.03487169742584
2025-05-26,MG92,76.01,72.6526166164875
2025-05-27,MG95,76.86,73.28630827903747
2025-05-27,MG92,75.61,72.85546081066131
2025-05-28,MG95,76.5,74.26854523658751
2025-05-28,MG92,75.17,74.01356879353524
2025-05-29,MG95,77.4,73.7874625968933
2025-05-29,MG92,76.07,73.48770003199577
2025-05-30,MG95,76.02,72.7471684026718
2025-05-30,MG92,74.69,72.32641144633294
2025-06-02,MG95,77.31,73.82822510719299
2025-06-02,MG92,75.47,73.55238593935967
2025-06-03,MG95,77.7,73.7424214553833
2025-06-03,MG92,75.86,73.29735073804855
2025-06-04,MG95,78.1,73.99267979621887
2025-06-04,MG92,76.26,73.80358985662461
2025-06-05,MG95,77.06,73.13882487773895
2025-06-05,MG92,75.22,73.15013751626014
2025-06-06,MG95,77.44,73.33537392139435
2025-06-06,MG92,75.6,72.90411629796029
2025-06-09,MG95,78.69,72.77940599441528
2025-06-09,MG92,76.85,72.32429104447365
2025-06-10,MG95,80.06,73.09902806282044
2025-06-10,MG92,78.18,72.63783295631409
2025-06-11,MG95,80.07,74.06043557167052
2025-06-11,MG92,77.89,73.6531914818287
2025-06-12,MG95,81.75,73.9840855693817
2025-06-12,MG92,79.62,74.09138663172722
2025-06-13,MG95,85.44,74.08510469913482
2025-06-13,MG92,83.31,73.54208424448967
2025-06-16,MG95,85.14,74.99455872058869
2025-06-16,MG92,83.01,74.10530120015144
2025-06-17,MG95,85.82,73.00981906414032
2025-06-17,MG92,83.91,72.61296601176262
2025-06-18,MG95,87.49,73.1270701932907
2025-06-18,MG92,85.59,72.69613035678864
2025-06-19,MG95,88.68,73.44999133586883
2025-06-19,MG92,86.69,73.313604118824
2025-06-20,MG95,89.81,72.92074406147003
2025-06-20,MG92,88.0,72.66139398813247
2025-06-23,MG95,89.27,72.90328761577605
2025-06-23,MG92,87.46,72.25872239470482
2025-06-24,MG95,82.55,72.06550297737121
2025-06-24,MG92,80.74,72.2242044365406
2025-06-25,MG95,81.1,71.40625185012817
2025-06-25,MG92,79.29,71.13948692917825
2025-05-01,MG95,74.78,77.61827831745148
2025-05-01,MG92,73.34,73.876152780056
2025-05-02,MG95,75.24,76.7518987417221
2025-05-02,MG92,73.73,72.63937312006951
2025-05-05,MG95,73.1,73.10934796571732
2025-05-05,MG92,71.59,72.7088828253746
2025-05-06,MG95,74.97,72.45877435326577
2025-05-06,MG92,73.46,73.6550471329689
2025-05-07,MG95,76.52,75.00361949682235
2025-05-07,MG92,74.79,73.48559400320053
2025-05-08,MG95,74.88,76.11865040302277
2025-05-08,MG92,73.38,72.43432364225387
2025-05-09,MG95,76.72,76.7713946890831
2025-05-09,MG92,75.22,71.15397419214248
2025-05-12,MG95,76.72,75.49268518686294
2025-05-12,MG92,75.22,72.68888364911079
2025-05-13,MG95,77.69,74.96596477270127
2025-05-13,MG92,76.19,71.74228220105172
2025-05-14,MG95,78.68,75.20825117111207
2025-05-14,MG92,77.18,72.24399268388748
2025-05-15,MG95,76.57,75.35866503477097
2025-05-15,MG92,75.07,71.62708257436752
2025-05-16,MG95,76.6,74.56173810005188
2025-05-16,MG92,75.1,71.76379825472831
2025-05-19,MG95,76.59,73.30625079393387
2025-05-19,MG92,75.09,71.86870322346688
2025-05-20,MG95,76.33,72.66117740988732
2025-05-20,MG92,74.8,72.89573851704598
2025-05-21,MG95,77.54,72.52315911769867
2025-05-21,MG92,76.05,72.20853184938431
2025-05-22,MG95,77.12,76.33769677639008
2025-05-22,MG92,75.87,72.7621221625805
2025-05-23,MG95,76.75,72.68844231843948
2025-05-23,MG92,75.5,72.17440429329872
2025-05-26,MG95,77.26,74.28235413193703
2025-05-26,MG92,76.01,70.97928411960602
2025-05-27,MG95,76.86,73.3770718061924
2025-05-27,MG92,75.61,71.34026160120965
2025-05-28,MG95,76.5,76.878270277977
2025-05-28,MG92,75.17,71.18816294789315
2025-05-29,MG95,77.4,71.60675598978996
2025-05-29,MG92,76.07,71.35954823851586
2025-05-30,MG95,76.02,74.5879778444767
2025-05-30,MG92,74.69,71.3963948082924
2025-06-02,MG95,77.31,75.27937081813812
2025-06-02,MG92,75.47,72.03801646828651
2025-06-03,MG95,77.7,75.73252010583877
2025-06-03,MG92,75.86,71.43968919992447
2025-06-04,MG95,78.1,74.13006822943687
2025-06-04,MG92,76.26,70.9508568751812
2025-06-05,MG95,77.06,72.62063885450364
2025-06-05,MG92,75.22,71.97123451948167
2025-06-06,MG95,77.44,73.73431921839715
2025-06-06,MG92,75.6,72.15395049095154
2025-06-09,MG95,78.69,70.16677479863166
2025-06-09,MG92,76.85,71.6484587430954
2025-06-10,MG95,80.06,70.60085603356362
2025-06-10,MG92,78.18,72.82999696254731
2025-06-11,MG95,80.07,73.25521990656853
2025-06-11,MG92,77.89,70.83340160369873
2025-06-12,MG95,81.75,75.93510145187378
2025-06-12,MG92,79.62,73.12892672657966
2025-06-13,MG95,85.44,74.11001958489418
2025-06-13,MG92,83.31,73.40435581922532
2025-06-16,MG95,85.14,72.36618866086006
2025-06-16,MG92,83.01,74.08608511686326
2025-06-17,MG95,85.82,74.47036031842232
2025-06-17,MG92,83.91,73.24302475929261
2025-06-18,MG95,87.49,71.79234189748765
2025-06-18,MG92,85.59,71.36561137676239
2025-06-19,MG95,88.68,71.96743101596833
2025-06-19,MG92,86.69,71.41236354947091
2025-06-20,MG95,89.81,71.88821702957154
2025-06-20,MG92,88.0,71.15664074897767
2025-06-23,MG95,89.27,70.80160099864005
2025-06-23,MG92,87.46,72.49328077673913
2025-06-24,MG95,82.55,72.41683176875115
2025-06-24,MG92,80.74,71.33219635963441
2025-06-25,MG95,81.1,73.23991376042366
2025-06-25,MG92,79.29,72.36704772472382
2025-06-26,MG95,79.86,72.45050172448158
2025-06-26,MG92,78.05,71.25872616171837
2025-06-27,MG95,79.59,73.23076751351357
2025-06-27,MG92,77.78,73.44090076208116
2025-06-30,MG95,79.2,72.91569446206093
2025-06-30,MG92,77.39,73.37897544384003
2025-07-01,MG95,79.36,74.33365691065788
2025-07-01,MG92,77.65,71.3874465429783
2025-07-02,MG95,80.1,74.09608626723289
2025-07-02,MG92,78.26,71.63792365789413
2025-07-03,MG95,80.19,73.96085374712945
2025-07-03,MG92,78.83,71.30709575414657
2025-07-04,MG95,80.68,72.67348829388618
2025-07-04,MG92,79.32,72.2103678393364
2025-07-07,MG95,80.11,71.42600618243218
2025-07-07,MG92,78.42,71.38030803918839
2025-07-08,MG95,79.99,73.15700918316841
2025-07-08,MG92,78.3,72.34870531082154
2025-07-09,MG95,81.39,71.53916647315026
2025-07-09,MG92,79.7,70.3731713795662
2025-07-10,MG95,80.3,69.4281797027588
2025-07-10,MG92,78.61,70.99271744608879
2025-07-11,MG95,79.29,72.14719577431678
2025-07-11,MG92,77.6,72.57373210787773
2025-07-14,MG95,80.84,69.71580509901047
2025-07-14,MG92,79.15,72.44108620524406
2025-07-15,MG95,78.87,74.74899101376533
2025-07-15,MG92,77.18,71.1145266366005
2025-07-16,MG95,79.2,70.94889925479889
2025-07-16,MG92,77.51,71.4537126660347
2025-07-17,MG95,79.08,73.69317447900772
2025-07-17,MG92,77.39,73.13535706281662
2025-07-18,MG95,79.42,73.20381906867027
2025-07-18,MG92,77.73,71.53242854952812
2025-07-21,MG95,78.69,69.83578941702842
2025-07-21,MG92,77.0,72.88250190377235
2025-07-22,MG95,78.08,70.61430351257324
2025-07-22,MG92,76.39,71.99993716239929
2025-07-23,MG95,77.26,71.22744080543518
2025-07-23,MG92,75.57,72.52703676342965
2025-05-29,MG95,77.4,75.8991382420063
2025-05-29,MG92,76.07,74.55046146929264
2025-05-30,MG95,76.02,75.267333984375
2025-05-30,MG92,74.69,75.01897642195225
2025-06-02,MG95,77.31,74.82018613815308
2025-06-02,MG92,75.47,74.19068331360818
2025-06-03,MG95,77.7,75.18564140796661
2025-06-03,MG92,75.86,74.92793752551079
2025-06-04,MG95,78.1,75.79908809065819
2025-06-04,MG92,76.26,75.0204729026556
2025-06-05,MG95,77.06,75.41034159064293
2025-06-05,MG92,75.22,74.66040351569653
2025-06-06,MG95,77.44,75.54511883854866
2025-06-06,MG92,75.6,74.4551750767231
2025-06-09,MG95,78.69,74.36739787459373
2025-06-09,MG92,76.85,74.76169823348522
2025-06-10,MG95,80.06,73.92256182432175
2025-06-10,MG92,78.18,73.4491188788414
2025-06-11,MG95,80.07,74.84348648786545
2025-06-11,MG92,77.89,74.23340918183327
2025-06-12,MG95,81.75,74.60169178247452
2025-06-12,MG92,79.62,73.71743249237538
2025-06-13,MG95,85.44,74.42157232761383
2025-06-13,MG92,83.31,73.98776232242584
2025-06-16,MG95,85.14,75.24372813105583
2025-06-16,MG92,83.01,73.88198264300823
2025-06-17,MG95,85.82,75.88451510667801
2025-06-17,MG92,83.91,74.52720777213574
2025-06-18,MG95,87.49,74.37110951542854
2025-06-18,MG92,85.59,74.10367236971855
2025-06-19,MG95,88.68,74.19853645563126
2025-06-19,MG92,86.69,73.65674437522888
2025-06-20,MG95,89.81,74.72544354200363
2025-06-20,MG92,88.0,74.25421205580234
2025-06-23,MG95,89.27,74.51936084032059
2025-06-23,MG92,87.46,73.73996483206749
2025-06-24,MG95,82.55,73.08188885450363
2025-06-24,MG92,80.74,72.7795423346758
2025-06-25,MG95,81.1,74.75723871588707
2025-06-25,MG92,79.29,73.49473465740681
2025-06-26,MG95,79.86,73.45463061332703
2025-06-26,MG92,78.05,73.40256219923496
2025-06-27,MG95,79.59,72.17934912443161
2025-06-27,MG92,77.78,72.6580899322033
2025-06-30,MG95,79.2,72.84162622690201
2025-06-30,MG92,77.39,72.78184978246689
2025-07-01,MG95,79.36,73.89943018555641
2025-07-01,MG92,77.65,72.26317584335804
2025-07-02,MG95,80.1,72.37982332706451
2025-07-02,MG92,78.26,71.48840208232403
2025-07-03,MG95,80.19,73.59135031700134
2025-07-03,MG92,78.83,72.17088241219521
2025-07-04,MG95,80.68,73.9887421131134
2025-07-04,MG92,79.32,72.19572219967843
2025-07-07,MG95,80.11,72.15731182694435
2025-07-07,MG92,78.42,72.46901362776757
2025-07-08,MG95,79.99,71.47794476151466
2025-07-08,MG92,78.3,70.7065446805954
2025-07-09,MG95,81.39,74.03837049007416
2025-07-09,MG92,79.7,72.25783959031105
2025-07-10,MG95,80.3,70.87394133210182
2025-07-10,MG92,78.61,70.73884446918964
2025-07-11,MG95,79.29,70.42744553089142
2025-07-11,MG92,77.6,70.90402636766434
2025-07-14,MG95,80.84,71.62974813580513
2025-07-14,MG92,79.15,71.2269122415781
2025-07-15,MG95,78.87,71.62562611699104
2025-07-15,MG92,77.18,71.22542472183704
2025-07-16,MG95,79.2,71.61087074875832
2025-07-16,MG92,77.51,71.01441646218301
2025-07-17,MG95,79.08,72.30466488003731
2025-07-17,MG92,77.39,71.0108051943779
2025-07-18,MG95,79.42,71.12331435084343
2025-07-18,MG92,77.73,69.77030333995819
2025-07-21,MG95,78.69,71.37694618105888
2025-07-21,MG92,77.0,70.95609851956368
2025-07-22,MG95,78.08,71.43440365791321
2025-07-22,MG92,76.39,70.45773012101651
2025-07-23,MG95,77.26,70.85287526249886
2025-07-23,MG92,75.57,70.56853241980076
2025-07-24,MG95,78.14,72.53439447283745
2025-07-24,MG92,76.45,71.44194397330284
2025-07-25,MG95,78.22,71.97440180182457
2025-07-25,MG92,76.53,71.52461333096028
2025-07-28,MG95,77.92,71.66428372263908
2025-07-28,MG92,76.23,71.75322988152504
2025-07-29,MG95,79.49,71.24719378352165
2025-07-29,MG92,77.8,70.09223487138749
2025-07-30,MG95,81.72,69.98765712976456
2025-07-30,MG92,80.03,69.6076170694828
2025-07-31,MG95,82.4,69.41171899437904
2025-07-31,MG92,80.71,69.22821888685226
2025-08-01,MG95,81.46,70.62061956524849
2025-08-01,MG92,79.77,70.54298023581505
2025-08-04,MG95,79.18,70.1441205739975
2025-08-04,MG92,77.49,69.35507026910783
2025-08-05,MG95,79.02,70.29154202342033
2025-08-05,MG92,77.33,70.55743874847889
2025-08-06,MG95,78.93,70.00739631056786
2025-08-06,MG92,77.24,69.33296805560589
2025-08-07,MG95,77.92,71.00941622257233
2025-08-07,MG92,76.23,70.32591884613038
2025-08-08,MG95,78.6,71.83748602867126
2025-08-08,MG92,76.45,70.84528725981713
2025-08-11,MG95,79.23,69.76515018939972
2025-08-11,MG92,77.08,69.92064588487149
2025-08-12,MG95,80.53,68.97009301185608
2025-08-12,MG92,78.38,69.38187250733375
2025-08-13,MG95,79.43,69.83801963925362
2025-08-13,MG92,77.01,69.67258852660656
2025-08-14,MG95,79.84,69.00533080101013
2025-08-14,MG92,77.42,69.08489277541638
2025-08-15,MG95,80.6,69.1934799849987
2025-08-15,MG92,78.18,69.70714199721813
2025-08-18,MG95,79.42,69.69724175333977
2025-08-18,MG92,76.71,69.61371500432492
2025-08-19,MG95,79.65,69.62824353575706
2025-08-19,MG92,76.94,69.81404179692268
2025-08-20,MG95,80.77,70.06124246120453
2025-08-20,MG92,78.16,69.21175759911537
2025-06-26,MG95,79.86,82.35501564741134
2025-06-26,MG92,78.05,80.25393507599831
2025-06-27,MG95,79.59,82.96664398908615
2025-06-27,MG92,77.78,80.47593665599824
2025-06-30,MG95,79.2,80.13589066267014
2025-06-30,MG92,77.39,78.57050107419491
2025-07-01,MG95,79.36,84.03677122592926
2025-07-01,MG92,77.65,82.01339708089829
2025-07-02,MG95,80.1,83.42137241363525
2025-07-02,MG92,78.26,81.17429594993592
2025-07-03,MG95,80.19,80.62683494091033
2025-07-03,MG92,78.83,79.2105928695202
2025-07-04,MG95,80.68,85.03715442419052
2025-07-04,MG92,79.32,81.71890731096268
2025-07-07,MG95,80.11,82.37625596523284
2025-07-07,MG92,78.42,80.02099741101266
2025-07-08,MG95,79.99,85.82065821886061
2025-07-08,MG92,78.3,82.4917491889
2025-07-09,MG95,81.39,81.49207093715667
2025-07-09,MG92,79.7,80.44082208752633
2025-07-10,MG95,80.3,82.74144054651259
2025-07-10,MG92,78.61,81.56408183813096
2025-07-11,MG95,79.29,81.9351882457733
2025-07-11,MG92,77.6,80.56476753473282
2025-07-14,MG95,80.84,86.98560795783996
2025-07-14,MG92,79.15,83.7063351738453
2025-07-15,MG95,78.87,79.92544522881508
2025-07-15,MG92,77.18,78.88826192557812
2025-07-16,MG95,79.2,81.78263887166976
2025-07-16,MG92,77.51,80.05859788298608
2025-07-17,MG95,79.08,82.24296499490737
2025-07-17,MG92,77.39,81.05628642439842
2025-07-18,MG95,79.42,80.39154307246207
2025-07-18,MG92,77.73,78.45784143984318
2025-07-21,MG95,78.69,79.65463359355925
2025-07-21,MG92,77.0,79.3911847794056
2025-07-22,MG95,78.08,81.02086845636367
2025-07-22,MG92,76.39,79.70118545293809
2025-07-23,MG95,77.26,81.69297901391982
2025-07-23,MG92,75.57,79.3499830555916
2025-07-24,MG95,78.14,77.38158121109008
2025-07-24,MG92,76.45,77.24435662508012
2025-07-25,MG95,78.22,82.89918156862258
2025-07-25,MG92,76.53,82.247516258955
2025-07-28,MG95,77.92,82.41927800178527
2025-07-28,MG92,76.23,81.79884375929834
2025-07-29,MG95,79.49,82.36365872621536
2025-07-29,MG92,77.8,81.62055816292764
2025-07-30,MG95,81.72,80.23632053136825
2025-07-30,MG92,80.03,80.44763705492021
2025-07-31,MG95,82.4,78.74353320598601
2025-07-31,MG92,80.71,79.31440533399582
2025-08-01,MG95,81.46,82.7918004989624
2025-08-01,MG92,79.77,81.1632937002182
2025-08-04,MG95,79.18,81.32009880542755
2025-08-04,MG92,77.49,80.69698357343674
2025-08-05,MG95,79.02,81.83395594358444
2025-08-05,MG92,77.33,80.46473591208459
2025-08-06,MG95,78.93,79.1410423219204
2025-08-06,MG92,77.24,79.94803661584855
2025-08-07,MG95,77.92,75.06279011964797
2025-08-07,MG92,76.23,76.66133663713933
2025-08-08,MG95,78.6,81.64017308950423
2025-08-08,MG92,76.45,80.73611528635026
2025-08-11,MG95,79.23,78.10873580574989
2025-08-11,MG92,77.08,80.09144394636155
2025-08-12,MG95,80.53,81.00192909240722
2025-08-12,MG92,78.38,79.72099706411362
2025-08-13,MG95,79.43,80.21580047011375
2025-08-13,MG92,77.01,80.04474109768869
2025-08-14,MG95,79.84,81.90999376773834
2025-08-14,MG92,77.42,82.35279379963876
2025-08-15,MG95,80.6,80.47247284054755
2025-08-15,MG92,78.18,80.90924948573114
2025-08-18,MG95,79.42,80.51627797484397
2025-08-18,MG92,76.71,82.00462552785874
2025-08-19,MG95,79.65,78.69930268526076
2025-08-19,MG92,76.94,79.85512242794037
2025-08-20,MG95,80.77,80.40669263005256
2025-08-20,MG92,78.16,81.03942386984826
2025-08-21,MG95,81.77,79.11242541670799
2025-08-21,MG92,79.01,79.75887164711953
2025-08-22,MG95,82.69,80.11771022677421
2025-08-22,MG92,79.93,79.87802487730981
2025-08-25,MG95,81.54,77.84354120492935
2025-08-25,MG92,79.6,80.18918815970422
2025-08-26,MG95,81.12,77.00735233426093
2025-08-26,MG92,79.18,78.67562265515328
2025-08-27,MG95,79.35,78.50116445422172
2025-08-27,MG92,77.41,80.62887170791626
2025-08-28,MG95,80.24,77.9092295706272
2025-08-28,MG92,78.3,80.08821132659912
2025-08-29,MG95,81.37,75.1744733929634
2025-08-29,MG92,79.43,78.02859301507473
2025-09-01,MG95,81.25,77.54168602824211
2025-09-01,MG92,79.31,78.91149992465974
2025-09-02,MG95,82.72,78.06328229904175
2025-09-02,MG92,80.78,80.27076927423478
2025-09-03,MG95,82.95,72.4361691057682
2025-09-03,MG92,80.73,75.58293184876443
2025-09-04,MG95,81.45,73.57541196942329
2025-09-04,MG92,79.28,76.70375768244267
2025-09-05,MG95,81.6,77.28019905686378
2025-09-05,MG92,79.24,78.97187051653863
2025-09-08,MG95,81.23,74.95145972371101
2025-09-08,MG92,78.87,78.40793905377389
2025-09-09,MG95,81.58,78.14197395443915
2025-09-09,MG92,79.22,79.96029599547387
2025-09-10,MG95,81.84,73.60414972305297
2025-09-10,MG92,79.48,77.32207182884217
2025-09-11,MG95,82.05,77.635198533535
2025-09-11,MG92,79.69,81.05619190335274
2025-09-12,MG95,81.4,74.54173524975776
2025-09-12,MG92,79.14,79.01186709702016
2025-09-15,MG95,83.32,74.40113053321838
2025-09-15,MG92,81.06,78.5417146897316
2025-09-16,MG95,83.4,76.50561387538909
2025-09-16,MG92,81.14,78.12441372513771
2025-09-17,MG95,83.21,74.16908223628997
2025-09-17,MG92,81.74,79.0527569013834
2025-07-24,MG95,78.14,78.25631282806397
2025-07-24,MG92,76.45,75.52503334343433
2025-07-25,MG95,78.22,79.06434338331223
2025-07-25,MG92,76.53,75.89709492802619
2025-07-28,MG95,77.92,78.07505786895753
2025-07-28,MG92,76.23,73.55998639762402
2025-07-29,MG95,79.49,81.1825765156746
2025-07-29,MG92,77.8,74.53333906888962
2025-07-30,MG95,81.72,78.99692538022995
2025-07-30,MG92,80.03,75.37408897519111
2025-07-31,MG95,82.4,80.06414684295655
2025-07-31,MG92,80.71,72.70074624538421
2025-08-01,MG95,81.46,78.87444013118744
2025-08-01,MG92,79.77,74.21630679845809
2025-08-04,MG95,79.18,77.81416309118272
2025-08-04,MG92,77.49,73.62985745608806
2025-08-05,MG95,79.02,78.96124541521073
2025-08-05,MG92,77.33,74.58019754111766
2025-08-06,MG95,78.93,76.82105998635292
2025-08-06,MG92,77.24,73.98579356431961
2025-08-07,MG95,77.92,77.94075604915619
2025-08-07,MG92,76.23,73.70833177149295
2025-08-08,MG95,78.6,81.15141871452332
2025-08-08,MG92,76.45,73.11580609738826
2025-08-11,MG95,79.23,77.22397005081177
2025-08-11,MG92,77.08,73.05706071674823
2025-08-12,MG95,80.53,78.8953286600113
2025-08-12,MG92,78.38,73.74487534403801
2025-08-13,MG95,79.43,78.63748242855073
2025-08-13,MG92,77.01,73.2543095254898
2025-08-14,MG95,79.84,79.07433635234834
2025-08-14,MG92,77.42,75.73447085022926
2025-08-15,MG95,80.6,80.63578151226044
2025-08-15,MG92,78.18,72.75313152194022
2025-08-18,MG95,79.42,78.21225166320801
2025-08-18,MG92,76.71,76.26708902835846
2025-08-19,MG95,79.65,78.69874807834626
2025-08-19,MG92,76.94,74.8854960501194
2025-08-20,MG95,80.77,75.5465327692032
2025-08-20,MG92,78.16,72.97113174676895
2025-08-21,MG95,81.77,75.4885735487938
2025-08-21,MG92,79.01,72.93123695790767
2025-08-22,MG95,82.69,76.98995958328247
2025-08-22,MG92,79.93,73.92978681206702
2025-08-25,MG95,81.54,79.37694371700287
2025-08-25,MG92,79.6,73.19832529485225
2025-08-26,MG95,81.12,78.69709946870805
2025-08-26,MG92,79.18,73.08654151082038
2025-08-27,MG95,79.35,76.70141145110131
2025-08-27,MG92,77.41,70.65094595789908
2025-08-28,MG95,80.24,78.3467745256424
2025-08-28,MG92,78.3,72.40390235066413
2025-08-29,MG95,81.37,79.50206305742265
2025-08-29,MG92,79.43,73.53434328675269
2025-09-01,MG95,81.25,79.00949717998505
2025-09-01,MG92,79.31,70.65767091214656
2025-09-02,MG95,82.72,75.58499418735505
2025-09-02,MG92,80.78,72.25300752997397
2025-09-03,MG95,82.95,78.221802546978
2025-09-03,MG92,80.73,71.99806735217571
2025-09-04,MG95,81.45,76.99657704710961
2025-09-04,MG92,79.28,71.50650607824325
2025-09-05,MG95,81.6,74.37759945988655
2025-09-05,MG92,79.24,67.2738297843933
2025-09-08,MG95,81.23,76.83957230687142
2025-09-08,MG92,78.87,70.8090296781063
2025-09-09,MG95,81.58,78.80851416587831
2025-09-09,MG92,79.22,71.97817175745963
2025-09-10,MG95,81.84,76.91521493792534
2025-09-10,MG92,79.48,71.59230892717838
2025-09-11,MG95,82.05,76.20627134799958
2025-09-11,MG92,79.69,71.2459490096569
2025-09-12,MG95,81.4,78.2667570924759
2025-09-12,MG92,79.14,72.8007196944952
2025-09-15,MG95,83.32,80.82252569675445
2025-09-15,MG92,81.06,72.26520073235034
2025-09-16,MG95,83.4,77.53417575597764
2025-09-16,MG92,81.14,70.56853035986423
2025-09-17,MG95,83.21,78.67861477851868
2025-09-17,MG92,81.74,70.39036636769771
2025-09-18,MG95,82.22,77.83815542697907
2025-09-18,MG92,80.53,71.64272581458091
2025-09-19,MG95,80.89,79.12233023405075
2025-09-19,MG92,79.2,71.28977607250214
2025-09-22,MG95,79.8,78.04016997337342
2025-09-22,MG92,77.81,71.75328892707824
2025-09-23,MG95,79.23,77.75065017461777
2025-09-23,MG92,77.24,71.39151521623134
2025-09-24,MG95,80.23,78.07200011253357
2025-09-24,MG92,78.24,70.27974920332431
2025-09-25,MG95,81.05,78.11072862386705
2025-09-25,MG92,79.25,71.49673169732093
2025-09-26,MG95,81.84,77.5098610663414
2025-09-26,MG92,80.15,71.31297784030437
2025-09-29,MG95,81.78,78.30877361297608
2025-09-29,MG92,79.91,70.69618287384509
2025-09-30,MG95,79.2,76.92516646146775
2025-09-30,MG92,77.33,68.41795034945011
2025-10-01,MG95,79.57,77.6381947350502
2025-10-01,MG92,76.94,68.27532997012138
2025-10-02,MG95,78.13,75.47945554018021
2025-10-02,MG92,76.23,71.893553545475
2025-10-03,MG95,77.05,76.72363084077836
2025-10-03,MG92,75.25,67.56922779142856
2025-10-06,MG95,78.05,76.79392700314523
2025-10-06,MG92,75.75,70.25969595730304
2025-10-07,MG95,78.93,77.95997754812241
2025-10-07,MG92,76.47,69.35783139646053
2025-10-08,MG95,79.45,75.61235742330551
2025-10-08,MG92,76.99,69.96017199039458
2025-10-09,MG95,80.3,80.24453605175019
2025-10-09,MG92,77.55,68.68521435499191
2025-10-10,MG95,79.46,76.57753087043763
2025-10-10,MG92,76.59,69.65674727976321
2025-10-13,MG95,78.69,78.02128003835679
2025-10-13,MG92,75.95,68.11193565309047
2025-10-14,MG95,78.36,76.10898956418038
2025-10-14,MG92,75.62,68.95451431453228
2025-10-15,MG95,78.5,78.32527812957764
2025-10-15,MG92,75.76,68.46050268888473
2025-08-21,MG95,81.77,80.7247121888399
2025-08-21,MG92,79.01,79.39347442626953
2025-08-22,MG95,82.69,80.78766836047173
2025-08-22,MG92,79.93,80.83418642044067
2025-08-25,MG95,81.54,81.23791788220406
2025-08-25,MG92,79.6,78.30852864265441
2025-08-26,MG95,81.12,81.66934361934662
2025-08-26,MG92,79.18,78.75630415916443
2025-08-27,MG95,79.35,80.38313993394374
2025-08-27,MG92,77.41,78.59037061691284
2025-08-28,MG95,80.24,81.09824636340142
2025-08-28,MG92,78.3,79.32268083572387
2025-08-29,MG95,81.37,81.31692963480948
2025-08-29,MG92,79.43,77.34132215976715
2025-09-01,MG95,81.25,80.84896360993385
2025-09-01,MG92,79.31,79.97630562782287
2025-09-02,MG95,82.72,82.34645103812217
2025-09-02,MG92,80.78,79.67712397575379
2025-09-03,MG95,82.95,81.85413444995879
2025-09-03,MG92,80.73,79.55997632980346
2025-09-04,MG95,81.45,81.61380623340607
2025-09-04,MG92,79.28,77.77878797531127
2025-09-05,MG95,81.6,81.12855698943137
2025-09-05,MG92,79.24,78.92602056503296
2025-09-08,MG95,81.23,81.6453396832943
2025-09-08,MG92,78.87,77.98973386764526
2025-09-09,MG95,81.58,81.68628983974456
2025-09-09,MG92,79.22,78.28528173446655
2025-09-10,MG95,81.84,81.80675243258476
2025-09-10,MG92,79.48,78.99468047142028
2025-09-11,MG95,82.05,82.51470967531203
2025-09-11,MG92,79.69,76.90532383441925
2025-09-12,MG95,81.4,82.3291485619545
2025-09-12,MG92,79.14,78.89718321800231
2025-09-15,MG95,83.32,82.47126572847365
2025-09-15,MG92,81.06,79.83064674377441
2025-09-16,MG95,83.4,81.76116132259368
2025-09-16,MG92,81.14,78.03532389640807
2025-09-17,MG95,83.21,82.54471218824386
2025-09-17,MG92,81.74,79.23139828681946
2025-09-18,MG95,82.22,82.39981237530708
2025-09-18,MG92,80.53,77.78443431854248
2025-09-19,MG95,80.89,82.43134582519531
2025-09-19,MG92,79.2,77.55317649841308
2025-09-22,MG95,79.8,82.39051121115683
2025-09-22,MG92,77.81,77.25068717002868
2025-09-23,MG95,79.23,82.54356639266014
2025-09-23,MG92,77.24,77.26346598148345
2025-09-24,MG95,80.23,82.75508603453636
2025-09-24,MG92,78.24,76.45127770900726
2025-09-25,MG95,81.05,82.72668185830116
2025-09-25,MG92,79.25,77.57722470283508
2025-09-26,MG95,81.84,82.808408857584
2025-09-26,MG92,80.15,79.54773326873779
2025-09-29,MG95,81.78,82.46215713500976
2025-09-29,MG92,79.91,77.56247992038726
2025-09-30,MG95,79.2,82.63073351383208
2025-09-30,MG92,77.33,79.13696645736694
2025-10-01,MG95,79.57,83.06834077000617
2025-10-01,MG92,76.94,76.9626537847519
2025-10-02,MG95,78.13,82.73968037962914
2025-10-02,MG92,76.23,77.17272384166718
2025-10-03,MG95,77.05,82.92631026029586
2025-10-03,MG92,75.25,75.49116642475128
2025-10-06,MG95,78.05,83.0960228061676
2025-10-06,MG92,75.75,76.59069859504699
2025-10-07,MG95,78.93,84.35924799442292
2025-10-07,MG92,76.47,74.97257868289947
2025-10-08,MG95,79.45,83.2626638495922
2025-10-08,MG92,76.99,78.41351708412171
2025-10-09,MG95,80.3,82.8893848311901
2025-10-09,MG92,77.55,74.97551832199096
2025-10-10,MG95,79.46,82.73372994542122
2025-10-10,MG92,76.59,77.11165295600891
2025-10-13,MG95,78.69,83.9912839269638
2025-10-13,MG92,75.95,75.17526004314422
2025-10-14,MG95,78.36,83.2654946386814
2025-10-14,MG92,75.62,74.94086691856384
2025-10-15,MG95,78.5,84.00003626465796
2025-10-15,MG92,75.76,75.71014391422271
2025-10-16,MG95,78.98,82.58121396183967
2025-10-16,MG92,76.24,75.5553819322586
2025-10-17,MG95,77.59,84.69636223793029
2025-10-17,MG92,74.81,75.33812350273132
2025-10-20,MG95,77.59,83.60677803754807
2025-10-20,MG92,74.81,74.80459065437317
2025-10-21,MG95,77.65,84.52238425135612
2025-10-21,MG92,74.87,75.13792522907256
2025-10-22,MG95,78.59,83.53508397102355
2025-10-22,MG92,75.58,74.11774933815002
2025-10-23,MG95,81.1,84.34303354263305
2025-10-23,MG92,78.09,75.4559326839447
2025-10-24,MG95,82.82,84.72062614440918
2025-10-24,MG92,79.91,75.13705405235291
2025-10-27,MG95,82.51,83.74384022355079
2025-10-27,MG92,79.91,74.53547158718109
2025-10-28,MG95,82.08,84.67140507698059
2025-10-28,MG92,79.26,74.35767233848571
2025-10-29,MG95,82.28,84.24677708506584
2025-10-29,MG92,79.46,73.58620109558105
2025-10-30,MG95,82.62,83.38347306966782
2025-10-30,MG92,79.8,76.96371596813202
2025-10-31,MG95,81.78,83.49435527086257
2025-10-31,MG92,78.96,76.1870083475113
2025-11-03,MG95,82.63,85.32791706085204
2025-11-03,MG92,79.81,75.21463070869446
2025-11-04,MG95,81.13,85.08753107309342
2025-11-04,MG92,78.41,77.29692009925841
2025-11-05,MG95,80.8,85.46912914514542
2025-11-05,MG92,78.08,74.55300693035126
2025-11-06,MG95,81.25,85.20423853754997
2025-11-06,MG92,78.53,74.10966183662414
2025-11-07,MG95,81.88,83.77296653985977
2025-11-07,MG92,79.16,76.13767738342285
2025-11-10,MG95,82.8,83.65075155377387
2025-11-10,MG92,80.08,75.62440521717072
2025-11-11,MG95,83.15,85.20194694638252
2025-11-11,MG92,80.06,74.76146973609924
2025-11-12,MG95,83.79,83.68293011546135
2025-11-12,MG92,81.48,79.63763684272766
2025-09-18,MG95,82.22,82.93675511062145
2025-09-18,MG92,80.53,81.3776144170761
2025-09-19,MG95,80.89,83.09271295547485
2025-09-19,MG92,79.2,81.9691633272171
2025-09-22,MG95,79.8,82.46745318174362
2025-09-22,MG92,77.81,81.35184596657753
2025-09-23,MG95,79.23,83.01484066665172
2025-09-23,MG92,77.24,81.61116749167442
2025-09-24,MG95,80.23,82.41342714250086
2025-09-24,MG92,78.24,81.10375459432602
2025-09-25,MG95,81.05,82.53582268059253
2025-09-25,MG92,79.25,81.27016548395156
2025-09-26,MG95,81.84,82.30744325995444
2025-09-26,MG92,80.15,81.18201000213622
2025-09-29,MG95,81.78,83.22631742119789
2025-09-29,MG92,79.91,81.9236288332939
2025-09-30,MG95,79.2,83.17449844956397
2025-09-30,MG92,77.33,82.17635355710983
2025-10-01,MG95,79.57,84.00682580232619
2025-10-01,MG92,76.94,82.69748136997222
2025-10-02,MG95,78.13,83.69416615724563
2025-10-02,MG92,76.23,82.48536059141159
2025-10-03,MG95,77.05,83.36640917778014
2025-10-03,MG92,75.25,82.17077014923095
2025-10-06,MG95,78.05,83.60964290738106
2025-10-06,MG92,75.75,82.33824315309523
2025-10-07,MG95,78.93,82.37388343453406
2025-10-07,MG92,76.47,81.1462489080429
2025-10-08,MG95,79.45,83.90666957020758
2025-10-08,MG92,76.99,82.55921163558959
2025-10-09,MG95,80.3,82.73626905679703
2025-10-09,MG92,77.55,81.94664455652236
2025-10-10,MG95,79.46,82.31486793458461
2025-10-10,MG92,76.59,81.7052474272251
2025-10-13,MG95,78.69,82.68916180253028
2025-10-13,MG92,75.95,81.33754152894019
2025-10-14,MG95,78.36,82.71524983763695
2025-10-14,MG92,75.62,82.09694833755492
2025-10-15,MG95,78.5,83.61604092359542
2025-10-15,MG92,75.76,82.76030201673507
2025-10-16,MG95,78.98,82.74593551695347
2025-10-16,MG92,76.24,81.9500842475891
2025-10-17,MG95,77.59,82.94892622053622
2025-10-17,MG92,74.81,82.22557134628295
2025-10-20,MG95,77.59,82.64320023953914
2025-10-20,MG92,74.81,81.24047500610351
2025-10-21,MG95,77.65,83.37286671042442
2025-10-21,MG92,74.87,82.2002852320671
2025-10-22,MG95,78.59,81.82544449269771
2025-10-22,MG92,75.58,80.82097398638724
2025-10-23,MG95,81.1,83.42975449800491
2025-10-23,MG92,78.09,81.84018952846526
2025-10-24,MG95,82.82,82.689330432415
2025-10-24,MG92,79.91,81.14788592815398
2025-10-27,MG95,82.51,83.07043893158435
2025-10-27,MG92,79.91,81.85064502000809
2025-10-28,MG95,82.08,81.65000989615916
2025-10-28,MG92,79.26,80.26515206575394
2025-10-29,MG95,82.28,82.84201983332633
2025-10-29,MG92,79.46,81.63721365094185
2025-10-30,MG95,82.62,82.8035771793127
2025-10-30,MG92,79.8,81.29968543887138
2025-10-31,MG95,81.78,82.80353750169276
2025-10-31,MG92,78.96,82.12336477518082
2025-11-03,MG95,82.63,83.95666337132454
2025-11-03,MG92,79.81,83.03895596981049
2025-11-04,MG95,81.13,81.70680344939231
2025-11-04,MG92,78.41,80.36410408496856
2025-11-05,MG95,80.8,82.69265343308449
2025-11-05,MG92,78.08,81.40062526822089
2025-11-06,MG95,81.25,82.15932670474052
2025-11-06,MG92,78.53,81.4708709704876
2025-11-07,MG95,81.88,83.58583633542061
2025-11-07,MG92,79.16,82.40916120290755
2025-11-10,MG95,82.8,82.67485306084156
2025-11-10,MG92,80.08,81.05842960000038
2025-11-11,MG95,83.15,82.73240048885344
2025-11-11,MG92,80.06,81.27608019351959
2025-11-12,MG95,83.79,82.60908244609833
2025-11-12,MG92,81.48,81.43401365756988
2025-11-13,MG95,81.53,82.2820644623041
2025-11-13,MG92,79.22,81.46088319897652
2025-11-14,MG95,83.15,83.42472535967826
2025-11-14,MG92,80.31,83.33165126800536
2025-11-17,MG95,83.32,83.03372721374035
2025-11-17,MG92,80.48,81.66748877882956
2025-11-18,MG95,82.73,82.5655709761381
2025-11-18,MG92,79.89,81.02401807308196
2025-11-19,MG95,81.03,82.0064488351345
2025-11-19,MG92,78.17,80.92457884550095
2025-11-20,MG95,79.42,83.1795424669981
2025-11-20,MG92,76.56,81.50811805009842
2025-11-21,MG95,79.01,83.8767526447773
2025-11-21,MG92,76.15,82.94493449926375
2025-11-24,MG95,78.93,82.96727711975574
2025-11-24,MG92,76.07,82.47884174346923
2025-11-25,MG95,79.26,82.5590192091465
2025-11-25,MG92,76.4,81.77797302007674
2025-11-26,MG95,81.16,82.32801114618778
2025-11-26,MG92,78.3,81.40154121994972
2025-11-27,MG95,81.44,83.49201860308646
2025-11-27,MG92,78.52,82.5137063741684
2025-11-28,MG95,81.86,83.08752510666847
2025-11-28,MG92,79.04,82.4066959285736
2025-12-01,MG95,82.51,83.37766770243644
2025-12-01,MG92,79.78,82.71206838846206
2025-12-02,MG95,82.55,82.95368257522583
2025-12-02,MG92,80.7,82.10252200126648
2025-12-03,MG95,80.8,83.10031121969223
2025-12-03,MG92,79.51,81.86971435546874
2025-12-04,MG95,80.04,83.11095474123954
2025-12-04,MG92,78.67,81.77892794847487
2025-12-05,MG95,79.94,84.90539494156837
2025-12-05,MG92,78.57,83.76159316301346
2025-12-08,MG95,80.6,83.11564166009425
2025-12-08,MG92,79.38,81.33874006152152
2025-12-09,MG95,79.45,81.73463729977607
2025-12-09,MG92,77.63,80.44453244209289
2025-12-10,MG95,79.42,82.25691877067088
2025-12-10,MG92,77.59,81.06162081480026
2025-10-16,MG95,78.98,77.95939710736275
2025-10-16,MG92,76.24,75.50948991775513
2025-10-17,MG95,77.59,77.9726011455059
2025-10-17,MG92,74.81,75.4202291059494
2025-10-20,MG95,77.59,77.54977715015411
2025-10-20,MG92,74.81,75.08472549915314
2025-10-21,MG95,77.65,77.51750633120537
2025-10-21,MG92,74.87,75.20403343200684
2025-10-22,MG95,78.59,78.10175460577011
2025-10-22,MG92,75.58,75.52277495384217
2025-10-23,MG95,81.1,78.24993741512299
2025-10-23,MG92,78.09,75.61933756828309
2025-10-24,MG95,82.82,77.03098759055138
2025-10-24,MG92,79.91,74.78088109970093
2025-10-27,MG95,82.51,77.42701515555382
2025-10-27,MG92,79.91,75.25780576705934
2025-10-28,MG95,82.08,77.29305171966553
2025-10-28,MG92,79.26,75.29433735847473
2025-10-29,MG95,82.28,77.91396903991699
2025-10-29,MG92,79.46,75.77565123558045
2025-10-30,MG95,82.62,77.3386107981205
2025-10-30,MG92,79.8,75.20490946769715
2025-10-31,MG95,81.78,77.24563977122307
2025-10-31,MG92,78.96,75.09317427635193
2025-11-03,MG95,82.63,77.67786380648613
2025-11-03,MG92,79.81,75.71901146411896
2025-11-04,MG95,81.13,77.29595267772675
2025-11-04,MG92,78.41,75.25723227977753
2025-11-05,MG95,80.8,77.76380702853203
2025-11-05,MG92,78.08,75.60360505104066
2025-11-06,MG95,81.25,77.6502251625061
2025-11-06,MG92,78.53,75.47479619503022
2025-11-07,MG95,81.88,76.42707362771034
2025-11-07,MG92,79.16,74.42811868667603
2025-11-10,MG95,82.8,76.72830536961555
2025-11-10,MG92,80.08,74.6980776643753
2025-11-11,MG95,83.15,76.33424764871597
2025-11-11,MG92,80.06,74.21209460735322
2025-11-12,MG95,83.79,77.42903646826744
2025-11-12,MG92,81.48,75.72464699268342
2025-11-13,MG95,81.53,76.44917237758636
2025-11-13,MG92,79.22,74.49275115489961
2025-11-14,MG95,83.15,75.74163338541985
2025-11-14,MG92,80.31,73.84573557853699
2025-11-17,MG95,83.32,76.201641112566
2025-11-17,MG92,80.48,74.59471448421479
2025-11-18,MG95,82.73,77.22087869048119
2025-11-18,MG92,79.89,75.78601916313171
2025-11-19,MG95,81.03,75.8759009540081
2025-11-19,MG92,78.17,74.39496479988098
2025-11-20,MG95,79.42,77.02396446466446
2025-11-20,MG92,76.56,75.59886362075807
2025-11-21,MG95,79.01,76.39480748772621
2025-11-21,MG92,76.15,75.10229136943818
2025-11-24,MG95,78.93,76.9691269993782
2025-11-24,MG92,76.07,75.42540403842926
2025-11-25,MG95,79.26,76.92046108841896
2025-11-25,MG92,76.4,75.45713549613953
2025-11-26,MG95,81.16,76.2093520462513
2025-11-26,MG92,78.3,74.66026814460754
2025-11-27,MG95,81.44,76.06319990754128
2025-11-27,MG92,78.52,74.40512952327728
2025-11-28,MG95,81.86,75.73414236307144
2025-11-28,MG92,79.04,74.11084475040437
2025-12-01,MG95,82.51,76.87173435091972
2025-12-01,MG92,79.78,75.14876641750337
2025-12-02,MG95,82.55,75.77869546413422
2025-12-02,MG92,80.7,74.43944393157959
2025-12-03,MG95,80.8,76.7517656981945
2025-12-03,MG92,79.51,75.42572916507721
2025-12-04,MG95,80.04,75.47269117832184
2025-12-04,MG92,78.67,74.13791154384613
2025-12-05,MG95,79.94,76.77267131209373
2025-12-05,MG92,78.57,75.39411962985993
2025-12-08,MG95,80.6,76.29924431443214
2025-12-08,MG92,79.38,74.67596905231477
2025-12-09,MG95,79.45,76.92483124136925
2025-12-09,MG92,77.63,75.09402321815492
2025-12-10,MG95,79.42,75.51696354150772
2025-12-10,MG92,77.59,74.0410870218277
2025-12-11,MG95,79.63,76.24689137935638
2025-12-11,MG92,77.61,74.81917379379273
2025-12-12,MG95,79.25,76.17997282743454
2025-12-12,MG92,77.61,74.83304586410523
2025-12-15,MG95,78.52,76.2550795674324
2025-12-15,MG92,77.43,74.84028444766999
2025-12-16,MG95,75.72,76.42049968242645
2025-12-16,MG92,74.64,74.82554537296296
2025-12-17,MG95,74.53,76.38255327939987
2025-12-17,MG92,74.27,74.88273153781891
2025-12-18,MG95,74.63,77.06797948479652
2025-12-18,MG92,74.15,75.66584422588349
2025-12-19,MG95,73.56,76.48423185944557
2025-12-19,MG92,73.15,75.23822591781617
2025-12-22,MG95,74.61,76.12862119078636
2025-12-22,MG92,73.33,74.79668135166169
2025-12-23,MG95,74.56,76.28823471069336
2025-12-23,MG92,73.28,75.24325183391572
2025-12-24,MG95,74.49,77.12132903933525
2025-12-24,MG92,73.21,75.81859504699707
2025-12-25,MG95,74.49,76.73344287276268
2025-12-25,MG92,73.21,75.02923270225526
2025-12-26,MG95,74.54,76.23731353878975
2025-12-26,MG92,72.58,75.5596813440323
2025-12-29,MG95,73.6,76.94047302007675
2025-12-29,MG92,71.54,75.83061570167543
2025-12-30,MG95,73.8,76.3400168120861
2025-12-30,MG92,71.74,75.64313051700593
2025-12-31,MG95,73.81,75.97384572029114
2025-12-31,MG92,71.75,75.3478929424286
2026-01-01,MG95,73.81,75.20832031965256
2026-01-01,MG92,71.75,74.2989260005951
2026-01-02,MG95,72.58,76.35050237178802
2026-01-02,MG92,71.57,75.57228451728821
2026-01-05,MG95,71.36,75.34175503253937
2026-01-05,MG92,70.2,74.69623528003693
2026-01-06,MG95,72.57,75.36723667383194
2026-01-06,MG92,71.21,74.02133557796479
2026-01-07,MG95,70.58,75.79600295424461
2026-01-07,MG92,69.56,74.71687630653382
2025-11-13,MG95,81.53,82.99532123923302
2025-11-13,MG92,79.22,80.02265496253968
2025-11-14,MG95,83.15,86.13502102017404
2025-11-14,MG92,80.31,84.57598644733429
2025-11-17,MG95,83.32,82.53215234398843
2025-11-17,MG92,80.48,81.80225393772126
2025-11-18,MG95,82.73,83.32601204395294
2025-11-18,MG92,79.89,81.84420513153077
2025-11-19,MG95,81.03,82.51291440367699
2025-11-19,MG92,78.17,81.40357675552369
2025-11-20,MG95,79.42,82.577585247159
2025-11-20,MG92,76.56,81.41132786750794
2025-11-21,MG95,79.01,81.86709494948387
2025-11-21,MG92,76.15,80.31729434967042
2025-11-24,MG95,78.93,82.27367872953415
2025-11-24,MG92,76.07,82.65804275035859
2025-11-25,MG95,79.26,84.78642742037773
2025-11-25,MG92,76.4,82.20028033733368
2025-11-26,MG95,81.16,85.14578535318375
2025-11-26,MG92,78.3,81.85887202262879
2025-11-27,MG95,81.44,83.01362025618553
2025-11-27,MG92,78.52,81.7271905374527
2025-11-28,MG95,81.86,84.53059078216553
2025-11-28,MG92,79.04,83.71114495754243
2025-12-01,MG95,82.51,80.91671972215177
2025-12-01,MG92,79.78,82.14475012779236
2025-12-02,MG95,82.55,80.85067545354367
2025-12-02,MG92,80.7,80.38378101825714
2025-12-03,MG95,80.8,82.52625910162926
2025-12-03,MG92,79.51,82.10647051334381
2025-12-04,MG95,80.04,84.76375342011453
2025-12-04,MG92,78.67,83.17737696647644
2025-12-05,MG95,79.94,82.76475562334062
2025-12-05,MG92,78.57,83.0540585231781
2025-12-08,MG95,80.6,88.14739348053934
2025-12-08,MG92,79.38,84.2941781616211
2025-12-09,MG95,79.45,81.90637990236283
2025-12-09,MG92,77.63,82.88937167644501
2025-12-10,MG95,79.42,81.9173423320055
2025-12-10,MG92,77.59,81.75627177715302
2025-12-11,MG95,79.63,79.94755603909493
2025-12-11,MG92,77.61,81.3618003988266
2025-12-12,MG95,79.25,83.81930639505387
2025-12-12,MG92,77.61,83.7229173231125
2025-12-15,MG95,78.52,82.09208196222782
2025-12-15,MG92,77.43,81.1700089430809
2025-12-16,MG95,75.72,84.08085648179055
2025-12-16,MG92,74.64,82.67912033557893
2025-12-17,MG95,74.53,81.3516659796238
2025-12-17,MG92,74.27,79.47329247236252
2025-12-18,MG95,74.63,83.56538755774498
2025-12-18,MG92,74.15,83.95009872436523
2025-12-19,MG95,73.56,84.61555335760117
2025-12-19,MG92,73.15,83.7734355354309
2025-12-22,MG95,74.61,83.94735955953598
2025-12-22,MG92,73.33,83.11665020942688
2025-12-23,MG95,74.56,81.90123080670834
2025-12-23,MG92,73.28,82.18221383571625
2025-12-24,MG95,74.49,83.48511959910394
2025-12-24,MG92,73.21,82.74211026191712
2025-12-25,MG95,74.49,85.12702686309815
2025-12-25,MG92,73.21,83.63234198570252
2025-12-26,MG95,74.54,81.00666658222676
2025-12-26,MG92,72.58,80.50770653486252
2025-12-29,MG95,73.6,85.60338063955308
2025-12-29,MG92,71.54,84.80511048316956
2025-12-30,MG95,73.8,81.18344387590886
2025-12-30,MG92,71.74,80.5941586303711
2025-12-31,MG95,73.81,83.63903311014177
2025-12-31,MG92,71.75,80.321951816082
2026-01-01,MG95,73.81,81.57547434389592
2026-01-01,MG92,71.75,82.8888277387619
2026-01-02,MG95,72.58,85.20366897940636
2026-01-02,MG92,71.57,84.4200900220871
2026-01-05,MG95,71.36,83.2138906109333
2026-01-05,MG92,70.2,82.23527689933778
2026-01-06,MG95,72.57,81.57290229320527
2026-01-06,MG92,71.21,81.59607241630555
2026-01-07,MG95,70.58,81.58014898359777
2026-01-07,MG92,69.56,80.44143355607987
2026-01-08,MG95,71.16,82.57809466302396
2026-01-08,MG92,69.91,81.23854509115219
2026-01-09,MG95,73.03,79.03646077036858
2026-01-09,MG92,71.94,80.20345596313477
2026-01-12,MG95,72.9,79.95465789556503
2026-01-12,MG92,71.81,81.52029995441437
2026-01-13,MG95,73.45,81.05794777929783
2026-01-13,MG92,72.36,80.34187353372575
2026-01-14,MG95,73.42,81.21442335247994
2026-01-14,MG92,71.84,80.24010862112046
2026-01-15,MG95,72.55,81.91535960555078
2026-01-15,MG92,71.4,81.56574789047242
2026-01-16,MG95,71.76,81.65883875191213
2026-01-16,MG92,70.44,81.9688251399994
2026-01-19,MG95,71.95,82.28313788294793
2026-01-19,MG92,70.6,82.44370216369629
2026-01-20,MG95,72.36,80.09471229851246
2026-01-20,MG92,70.99,80.40791825294495
2026-01-21,MG95,73.22,80.93162263333798
2026-01-21,MG92,71.85,81.49208318710328
2026-01-22,MG95,73.64,81.05128042459488
2026-01-22,MG92,72.27,79.55465972185135
2026-01-23,MG95,73.5,84.1671475338936
2026-01-23,MG92,70.76,82.48320563793183
2026-01-26,MG95,73.88,82.24969622969628
2026-01-26,MG92,71.64,81.02575861215591
2026-01-27,MG95,72.35,80.24031533896924
2026-01-27,MG92,70.21,81.31629904031755
2026-01-28,MG95,74.54,80.90287559688092
2026-01-28,MG92,72.46,80.64617752790451
2026-01-29,MG95,75.75,80.41065002024175
2026-01-29,MG92,73.67,81.88855547904969
2026-01-30,MG95,75.44,83.71155994534493
2026-01-30,MG92,73.43,82.1833211374283
2026-02-02,MG95,72.54,83.3072335767746
2026-02-02,MG92,70.93,82.68145149707794
2026-02-03,MG95,72.82,84.11992168664933
2026-02-03,MG92,71.15,82.29922842979431
2026-02-04,MG95,74.68,84.04661574482918
2026-02-04,MG92,72.95,83.0502023935318
2025-12-11,MG95,79.63,79.320197275877
2025-12-11,MG92,77.61,77.78052939534187
2025-12-12,MG95,79.25,79.6686570930481
2025-12-12,MG92,77.61,77.91689401865005
2025-12-15,MG95,78.52,80.34480480909347
2025-12-15,MG92,77.43,78.49331966638566
2025-12-16,MG95,75.72,79.84283256292343
2025-12-16,MG92,74.64,77.8899688732624
2025-12-17,MG95,74.53,79.76449762582779
2025-12-17,MG92,74.27,78.01571512937547
2025-12-18,MG95,74.63,79.38400891184807
2025-12-18,MG92,74.15,77.62206783890724
2025-12-19,MG95,73.56,79.15740186333656
2025-12-19,MG92,73.15,77.50909969627858
2025-12-22,MG95,74.61,79.18154898166657
2025-12-22,MG92,73.33,77.72851974487305
2025-12-23,MG95,74.56,79.25959515690803
2025-12-23,MG92,73.28,77.8650138604641
2025-12-24,MG95,74.49,79.72792428016663
2025-12-24,MG92,73.21,78.39977999091148
2025-12-25,MG95,74.49,79.27630074024201
2025-12-25,MG92,73.21,77.86310847401619
2025-12-26,MG95,74.54,79.41648278594018
2025-12-26,MG92,72.58,78.11461023569107
2025-12-29,MG95,73.6,79.68732720375061
2025-12-29,MG92,71.54,78.27072243213654
2025-12-30,MG95,73.8,79.86751460075378
2025-12-30,MG92,71.74,78.20032487750053
2025-12-31,MG95,73.81,79.60574487924576
2025-12-31,MG92,71.75,78.25466538906097
2026-01-01,MG95,73.81,79.9447134256363
2026-01-01,MG92,71.75,78.63558543801308
2026-01-02,MG95,72.58,79.94686257123948
2026-01-02,MG92,71.57,78.45141966342926
2026-01-05,MG95,71.36,79.88044734477997
2026-01-05,MG92,70.2,78.52050379633904
2026-01-06,MG95,72.57,79.87108388662338
2026-01-06,MG92,71.21,78.66436047315598
2026-01-07,MG95,70.58,78.93957128167152
2026-01-07,MG92,69.56,77.81108032464981
2026-01-08,MG95,71.16,79.52965376377107
2026-01-08,MG92,69.91,78.44185573339463
2026-01-09,MG95,73.03,79.6861058831215
2026-01-09,MG92,71.94,78.59985481739045
2026-01-12,MG95,72.9,79.9740913939476
2026-01-12,MG92,71.81,78.80010538339616
2026-01-13,MG95,73.45,79.71843774318695
2026-01-13,MG92,72.36,78.90989634037018
2026-01-14,MG95,73.42,79.43245936393738
2026-01-14,MG92,71.84,78.55183167934418
2026-01-15,MG95,72.55,79.6824135184288
2026-01-15,MG92,71.4,78.6557492363453
2026-01-16,MG95,71.76,79.42609713554383
2026-01-16,MG92,70.44,78.42682537913323
2026-01-19,MG95,71.95,80.45326565504074
2026-01-19,MG92,70.6,79.29776272535324
2026-01-20,MG95,72.36,79.64279160499574
2026-01-20,MG92,70.99,78.71993116140366
2026-01-21,MG95,73.22,80.43921573400497
2026-01-21,MG92,71.85,79.44913920402527
2026-01-22,MG95,73.64,80.52181109189988
2026-01-22,MG92,72.27,79.35835586428642
2026-01-23,MG95,73.5,81.17316315889359
2026-01-23,MG92,70.76,80.04422098994256
2026-01-26,MG95,73.88,80.01581511497498
2026-01-26,MG92,71.64,79.20370508074761
2026-01-27,MG95,72.35,79.6688937830925
2026-01-27,MG92,70.21,78.96792738199234
2026-01-28,MG95,74.54,79.64115370988846
2026-01-28,MG92,72.46,79.01588577389717
2026-01-29,MG95,75.75,79.44086659431457
2026-01-29,MG92,73.67,78.99881129145622
2026-01-30,MG95,75.44,80.01765182971954
2026-01-30,MG92,73.43,79.57208287715912
2026-02-02,MG95,72.54,80.5643868970871
2026-02-02,MG92,70.93,79.74251322031022
2026-02-03,MG95,72.82,80.76524206876755
2026-02-03,MG92,71.15,79.83983592033387
2026-02-04,MG95,74.68,80.14223600149155
2026-02-04,MG92,72.95,79.33924650311471
2026-02-05,MG95,75.06,81.04098597049713
2026-02-05,MG92,73.33,80.60355365633964
2026-02-06,MG95,75.24,80.80948417186737
2026-02-06,MG92,73.51,79.82603574275971
2026-02-09,MG95,76.56,80.45528225421906
2026-02-09,MG92,74.83,80.26885310292245
2026-02-10,MG95,78.41,79.29943482518196
2026-02-10,MG92,76.68,79.00536915063859
2026-02-11,MG95,77.63,80.66620148658752
2026-02-11,MG92,75.55,80.03683068037033
2026-02-12,MG95,77.16,79.59742285728454
2026-02-12,MG92,74.83,79.47480642437935
2026-02-13,MG95,73.85,81.18509233713151
2026-02-13,MG92,71.58,81.18492775917053
2026-02-16,MG95,73.8,81.8121884083748
2026-02-16,MG92,71.79,81.5813961315155
2026-02-17,MG95,73.8,81.84845879077912
2026-02-17,MG92,71.79,81.33380688667297
2026-02-18,MG95,73.8,80.77409427642823
2026-02-18,MG92,71.79,80.31975281953812
2026-02-19,MG95,78.09,81.2788310623169
2026-02-19,MG92,76.08,80.9879237496853
2026-02-20,MG95,79.95,81.11317643404007
2026-02-20,MG92,77.63,80.63247668266297
2026-02-23,MG95,79.75,80.7780706691742
2026-02-23,MG92,77.43,80.28624206662178
2026-02-24,MG95,81.35,80.26893144845963
2026-02-24,MG92,78.89,79.96309407472611
2026-02-25,MG95,81.46,81.294178044796
2026-02-25,MG92,79.0,80.98943140983582
2026-02-26,MG95,81.74,80.08946358919144
2026-02-26,MG92,79.28,80.24616420507431
2026-02-27,MG95,82.09,81.07539123535156
2026-02-27,MG92,79.63,81.26412153959275
2026-03-02,MG95,92.78,80.1582741189003
2026-03-02,MG92,90.32,80.35922021746636
2026-03-03,MG95,98.65,79.82747611284256
2026-03-03,MG92,95.56,79.56700492978096
2026-03-04,MG95,104.35,80.50616114616395
2026-03-04,MG92,99.68,80.47898208022119
2026-01-08,MG95,71.16,71.43235916376113
2026-01-08,MG92,69.91,70.16548801898956
2026-01-09,MG95,73.03,71.03220764636993
2026-01-09,MG92,71.94,69.87829602718354
2026-01-12,MG95,72.9,71.33825090408325
2026-01-12,MG92,71.81,70.21120290756225
2026-01-13,MG95,73.45,71.67064615726471
2026-01-13,MG92,72.36,70.51157120227813
2026-01-14,MG95,73.42,71.48423018932343
2026-01-14,MG92,71.84,70.37499040603637
2026-01-15,MG95,72.55,71.61069789171219
2026-01-15,MG92,71.4,70.44612917423248
2026-01-16,MG95,71.76,71.60819058179855
2026-01-16,MG92,70.44,70.4017742061615
2026-01-19,MG95,71.95,72.19686151504517
2026-01-19,MG92,70.6,70.92089898109437
2026-01-20,MG95,72.36,72.01662127017974
2026-01-20,MG92,70.99,70.78658195495606
2026-01-21,MG95,73.22,72.63084488868714
2026-01-21,MG92,71.85,71.34792231082916
2026-01-22,MG95,73.64,72.59854434251785
2026-01-22,MG92,72.27,71.28126962184906
2026-01-23,MG95,73.5,72.66140377998352
2026-01-23,MG92,70.76,71.4272786474228
2026-01-26,MG95,73.88,72.56028683185578
2026-01-26,MG92,71.64,71.08810286521911
2026-01-27,MG95,72.35,72.60745454788209
2026-01-27,MG92,70.21,71.2105952167511
2026-01-28,MG95,74.54,72.59937730789184
2026-01-28,MG92,72.46,71.15478872299195
2026-01-29,MG95,75.75,72.6147408914566
2026-01-29,MG92,73.67,71.18533718109131
2026-01-30,MG95,75.44,72.28615708589554
2026-01-30,MG92,73.43,71.03409577846527
2026-02-02,MG95,72.54,72.79448472261429
2026-02-02,MG92,70.93,71.45817537784576
2026-02-03,MG95,72.82,72.81307920217513
2026-02-03,MG92,71.15,71.64712140560151
2026-02-04,MG95,74.68,72.60479578971862
2026-02-04,MG92,72.95,71.41094301700592
2026-02-05,MG95,75.06,73.13240783691406
2026-02-05,MG92,73.33,71.8630087852478
2026-02-06,MG95,75.24,72.66815164089202
2026-02-06,MG92,73.51,71.48347487449647
2026-02-09,MG95,76.56,72.47173167467118
2026-02-09,MG92,74.83,71.2189537525177
2026-02-10,MG95,78.41,73.28632974147797
2026-02-10,MG92,76.68,71.81177129268646
2026-02-11,MG95,77.63,74.09836160182952
2026-02-11,MG92,75.55,72.63971411228181
2026-02-12,MG95,77.16,73.86178260803223
2026-02-12,MG92,74.83,72.36701688289642
2026-02-13,MG95,73.85,73.66074347019196
2026-02-13,MG92,71.58,72.3141458272934
2026-02-16,MG95,73.8,73.2741970539093
2026-02-16,MG92,71.79,71.97245750904084
2026-02-17,MG95,73.8,73.73640028476714
2026-02-17,MG92,71.79,72.40303819179535
2026-02-18,MG95,73.8,73.75109076499939
2026-02-18,MG92,71.79,72.41861923217773
2026-02-19,MG95,78.09,73.07563157081604
2026-02-19,MG92,76.08,71.85870513439178
2026-02-20,MG95,79.95,73.46666253805161
2026-02-20,MG92,77.63,72.2031879234314
2026-02-23,MG95,79.75,72.81539299488067
2026-02-23,MG92,77.43,71.6417563533783
2026-02-24,MG95,81.35,72.75138928174972
2026-02-24,MG92,78.89,71.53371730327606
2026-02-25,MG95,81.46,72.77018569231033
2026-02-25,MG92,79.0,71.45251180648803
2026-02-26,MG95,81.74,73.08690605163574
2026-02-26,MG92,79.28,71.80187870025635
2026-02-27,MG95,82.09,73.35560890197753
2026-02-27,MG92,79.63,71.95126265048981
2026-03-02,MG95,92.78,72.83619188785553
2026-03-02,MG92,90.32,71.45348199367524
2026-03-03,MG95,98.65,73.14428811073303
2026-03-03,MG92,95.56,71.91073038578034
2026-03-04,MG95,104.35,72.85646912574768
2026-03-04,MG92,99.68,71.45252009868622
2026-03-05,MG95,110.97,72.79957506656646
2026-03-05,MG92,106.3,71.64220413208008
2026-03-06,MG95,121.36,73.77554124355316
2026-03-06,MG92,113.16,72.39828676223755
2026-03-09,MG95,147.5,72.63042419910431
2026-03-09,MG92,139.3,71.60732714653015
2026-03-10,MG95,127.42,72.35123776435852
2026-03-10,MG92,119.22,71.28441236495972
2026-03-11,MG95,129.17,73.20750092744827
2026-03-11,MG92,116.76,71.96828653335571
2026-03-12,MG95,143.44,72.62773178577423
2026-03-12,MG92,130.12,71.2405134677887
2026-03-13,MG95,149.76,72.91060346126557
2026-03-13,MG92,136.44,71.58522843837738
2026-03-16,MG95,153.48,73.41267123699188
2026-03-16,MG92,140.16,72.36215765476227
2026-03-17,MG95,152.16,72.98958372354507
2026-03-17,MG92,138.84,71.9854928445816
2026-03-18,MG95,153.12,72.3698827266693
2026-03-18,MG92,139.8,71.21738652706146
2026-03-19,MG95,165.25,73.58062734603881
2026-03-19,MG92,151.93,72.48771811962128
2026-03-20,MG95,163.93,73.06620812416077
2026-03-20,MG92,150.61,71.98102334976197
2026-03-23,MG95,170.52,73.48237950086593
2026-03-23,MG92,157.2,72.38132092475891
2026-03-24,MG95,146.36,72.81719354629516
2026-03-24,MG92,141.81,71.7865049648285
2026-03-25,MG95,135.6,73.22103030443192
2026-03-25,MG92,131.05,72.13342566013337
2026-03-26,MG95,132.03,72.88108788013459
2026-03-26,MG92,127.48,71.85578628063202
2026-03-27,MG95,135.07,73.25525760889053
2026-03-27,MG92,130.52,72.10737986564637
2026-03-30,MG95,147.0,73.33905055999756
2026-03-30,MG92,139.66,72.24960764884949
2026-03-31,MG95,145.8,71.82770640611649
2026-03-31,MG92,138.46,70.63480155944825
2026-04-01,MG95,143.29,73.3136493229866
2026-04-01,MG92,136.05,72.17558319568634
2026-02-05,MG95,75.06,75.4941559791565
2026-02-05,MG92,73.33,73.70472732186317
2026-02-06,MG95,75.24,74.82658938407899
2026-02-06,MG92,73.51,73.24665748476983
2026-02-09,MG95,76.56,74.8572052526474
2026-02-09,MG92,74.83,73.25440590381622
2026-02-10,MG95,78.41,75.02590857028962
2026-02-10,MG92,76.68,73.6143812775612
2026-02-11,MG95,77.63,75.19539531230927
2026-02-11,MG92,75.55,73.863687312603
2026-02-12,MG95,77.16,75.52290231227876
2026-02-12,MG92,74.83,74.03462213277817
2026-02-13,MG95,73.85,74.85038589954377
2026-02-13,MG92,71.58,73.59600595831871
2026-02-16,MG95,73.8,75.10180280685425
2026-02-16,MG92,71.79,73.87580997943878
2026-02-17,MG95,73.8,75.7889728164673
2026-02-17,MG92,71.79,74.86130278706551
2026-02-18,MG95,73.8,76.48963909149171
2026-02-18,MG92,71.79,75.19774592518807
2026-02-19,MG95,78.09,75.3776661157608
2026-02-19,MG92,76.08,74.44271423220634
2026-02-20,MG95,79.95,76.13327892780305
2026-02-20,MG92,77.63,75.1219662129879
2026-02-23,MG95,79.75,75.44267253398895
2026-02-23,MG92,77.43,74.18940789103509
2026-02-24,MG95,81.35,74.96375987052919
2026-02-24,MG92,78.89,74.07022485733033
2026-02-25,MG95,81.46,75.15290344238282
2026-02-25,MG92,79.0,74.36004703640938
2026-02-26,MG95,81.74,75.10182951450349
2026-02-26,MG92,79.28,74.19201678633691
2026-02-27,MG95,82.09,75.56126339912416
2026-02-27,MG92,79.63,74.70579523444177
2026-03-02,MG95,92.78,75.76578167438508
2026-03-02,MG92,90.32,74.7101868748665
2026-03-03,MG95,98.65,75.2536892080307
2026-03-03,MG92,95.56,74.41283368468285
2026-03-04,MG95,104.35,74.81723280429841
2026-03-04,MG92,99.68,73.95258107185364
2026-03-05,MG95,110.97,75.71513506889345
2026-03-05,MG92,106.3,74.86865117549897
2026-03-06,MG95,121.36,74.93148812770845
2026-03-06,MG92,113.16,74.06381567120552
2026-03-09,MG95,147.5,75.94595147609711
2026-03-09,MG92,139.3,75.03231587409974
2026-03-10,MG95,127.42,74.92070713996888
2026-03-10,MG92,119.22,73.73531227111816
2026-03-11,MG95,129.17,75.43627160072327
2026-03-11,MG92,116.76,74.53057312965393
2026-03-12,MG95,143.44,75.26284993171693
2026-03-12,MG92,130.12,74.43493102788925
2026-03-13,MG95,149.76,74.79834159374238
2026-03-13,MG92,136.44,73.98994045257568
2026-03-16,MG95,153.48,76.36978406429292
2026-03-16,MG92,140.16,75.67050384283066
2026-03-17,MG95,152.16,75.20696862697602
2026-03-17,MG92,138.84,74.3583512544632
2026-03-18,MG95,153.12,75.43071640968323
2026-03-18,MG92,139.8,74.64520798921585
2026-03-19,MG95,165.25,75.29589619636536
2026-03-19,MG92,151.93,74.41169446706772
2026-03-20,MG95,163.93,76.20952926635744
2026-03-20,MG92,150.61,75.24920203685761
2026-03-23,MG95,170.52,75.72000476360321
2026-03-23,MG92,157.2,74.64271214604378
2026-03-24,MG95,146.36,75.82795708179475
2026-03-24,MG92,141.81,74.94693542718888
2026-03-25,MG95,135.6,75.95490744113923
2026-03-25,MG92,131.05,75.40227462053299
2026-03-26,MG95,132.03,75.15517359256745
2026-03-26,MG92,127.48,74.50652781128883
2026-03-27,MG95,135.07,75.48382902145386
2026-03-27,MG92,130.52,74.38659689426423
2026-03-30,MG95,147.0,75.81806634902955
2026-03-30,MG92,139.66,74.85752858519554
2026-03-31,MG95,145.8,74.84190176963807
2026-03-31,MG92,138.46,73.79496901035309
2026-04-01,MG95,143.29,74.45773894309998
2026-04-01,MG92,136.05,73.51710426807404
2026-04-02,MG95,151.74,75.36479302883149
2026-04-02,MG92,144.5,74.68563717007638
2026-04-06,MG95,150.88,75.90981602668762
2026-04-06,MG92,141.87,75.06962307691575
2026-04-07,MG95,147.22,74.49784492969513
2026-04-07,MG92,138.21,73.28536479473114
2026-04-08,MG95,125.82,73.93363248586655
2026-04-08,MG92,119.46,73.01670075654984
2026-04-09,MG95,135.04,75.42703075408936
2026-04-09,MG92,130.98,74.35857735872268
2026-04-10,MG95,133.88,74.37659220218659
2026-04-10,MG92,128.17,73.83353717923164
2026-04-13,MG95,135.93,75.14027072429657
2026-04-13,MG92,128.49,74.42345188856125
2026-04-14,MG95,128.99,75.30995332241059
2026-04-14,MG92,123.87,74.7555903494358
2026-04-15,MG95,125.23,75.16353308677674
2026-04-15,MG92,119.01,74.74927682280541
2026-04-16,MG95,122.29,75.01409488677979
2026-04-16,MG92,120.88,73.94772852659226
2026-04-17,MG95,128.19,74.80969234466554
2026-04-17,MG92,122.19,73.92674431204796
2026-04-20,MG95,124.43,75.25275444030763
2026-04-20,MG92,118.67,74.72103987932205
2026-04-21,MG95,123.98,75.17316564559937
2026-04-21,MG92,118.22,73.98514008522034
2026-04-22,MG95,128.89,76.20631544589997
2026-04-22,MG92,124.24,75.14495058059693
2026-04-23,MG95,130.57,75.4553853750229
2026-04-23,MG92,125.92,74.4623418211937
2026-04-24,MG95,131.72,75.35366484165192
2026-04-24,MG92,124.69,74.44048797488213
2026-04-27,MG95,133.04,74.95301449298859
2026-04-27,MG92,128.03,74.07586876749993
2026-04-28,MG95,131.54,75.34264348506929
2026-04-28,MG92,126.52,74.47242085337639
2026-04-29,MG95,134.06,73.21162234783174
2026-04-29,MG92,129.82,72.67831833958626
2026-04-30,MG95,137.61,74.03805939435959
2026-04-30,MG92,134.27,73.73033797740936
