date,product,true,pred
2024-01-10,DO 0.001%,100.67,98.77190216660499
2024-01-10,DO 0.05%,99.35,97.25246766626834
2024-01-11,DO 0.001%,100.14,99.3194285583496
2024-01-11,DO 0.05%,98.77,97.94169970750808
2024-01-12,DO 0.001%,104.42,98.1584519958496
2024-01-12,DO 0.05%,103.01,97.70475346207618
2024-01-15,DO 0.001%,102.12,98.0979313212633
2024-01-15,DO 0.05%,100.69,97.78756069898606
2024-01-16,DO 0.001%,103.0,98.43667349100112
2024-01-16,DO 0.05%,101.74,97.62808548271656
2024-01-17,DO 0.001%,101.48,97.96483780145644
2024-01-17,DO 0.05%,100.01,97.88355424642562
2024-01-18,DO 0.001%,102.51,98.2105579996109
2024-01-18,DO 0.05%,101.01,97.63699468016624
2024-01-19,DO 0.001%,103.82,97.69948337137699
2024-01-19,DO 0.05%,102.11,97.50197174847125
2024-01-22,DO 0.001%,101.78,97.76931037664413
2024-01-22,DO 0.05%,100.1,97.90138427972794
2024-01-23,DO 0.001%,104.47,98.5448832052946
2024-01-23,DO 0.05%,102.79,97.85874117136001
2024-01-24,DO 0.001%,103.91,97.97207737088203
2024-01-24,DO 0.05%,102.23,97.74201962828636
2024-01-25,DO 0.001%,104.56,98.45116443991661
2024-01-25,DO 0.05%,102.85,97.78569855451583
2024-01-26,DO 0.001%,107.18,97.78384856581687
2024-01-26,DO 0.05%,105.69,97.92292696356773
2024-01-29,DO 0.001%,108.85,97.52587542593479
2024-01-29,DO 0.05%,106.99,97.90393308997153
2024-01-30,DO 0.001%,108.16,98.4214739382267
2024-01-30,DO 0.05%,106.38,97.85203745126724
2024-01-31,DO 0.001%,107.46,98.49066320002078
2024-01-31,DO 0.05%,105.68,97.83319487690925
2024-02-01,DO 0.001%,108.05,97.90671456992625
2024-02-01,DO 0.05%,106.25,97.57101657390594
2024-02-02,DO 0.001%,105.54,97.85936802208423
2024-02-02,DO 0.05%,103.77,97.73038122534751
2024-02-05,DO 0.001%,104.12,97.9642413932085
2024-02-05,DO 0.05%,102.41,97.61468968093395
2024-02-06,DO 0.001%,106.12,97.28497373402118
2024-02-06,DO 0.05%,104.41,97.65231081843376
2024-02-07,DO 0.001%,106.84,98.3714996510744
2024-02-07,DO 0.05%,105.08,97.97910553455353
2024-02-08,DO 0.001%,107.9,98.00971014082431
2024-02-08,DO 0.05%,106.32,97.99641183972358
2024-02-09,DO 0.001%,109.26,98.38460291743277
2024-02-09,DO 0.05%,107.62,98.2406437253952
2024-02-12,DO 0.001%,109.26,97.86811927974223
2024-02-12,DO 0.05%,107.62,97.62443102419375
2024-02-13,DO 0.001%,111.57,96.90363856732844
2024-02-13,DO 0.05%,109.85,98.07935873746871
2024-02-14,DO 0.001%,110.49,97.93019888281822
2024-02-14,DO 0.05%,108.84,97.53212103128433
2024-02-15,DO 0.001%,107.27,97.27269717216491
2024-02-15,DO 0.05%,105.61,97.72019762277603
2024-02-16,DO 0.001%,107.23,98.24957845211028
2024-02-16,DO 0.05%,105.57,98.058560911417
2024-02-19,DO 0.001%,106.49,97.49202187657356
2024-02-19,DO 0.05%,104.97,98.13060262560845
2024-02-20,DO 0.001%,107.11,97.842456009984
2024-02-20,DO 0.05%,105.66,97.76552920222282
2024-02-21,DO 0.001%,104.78,97.87478015601634
2024-02-21,DO 0.05%,103.36,98.0105292224884
2024-02-22,DO 0.001%,105.43,98.01758745372295
2024-02-22,DO 0.05%,104.09,97.71394780039788
2024-02-23,DO 0.001%,105.83,97.51770876646042
2024-02-23,DO 0.05%,104.61,97.97997841477394
2024-02-26,DO 0.001%,103.58,97.16693804621696
2024-02-26,DO 0.05%,102.4,97.12622009038925
2024-02-27,DO 0.001%,105.84,97.46800020575523
2024-02-27,DO 0.05%,104.49,97.83217069745064
2024-02-28,DO 0.001%,104.3,97.90615359187126
2024-02-28,DO 0.05%,102.97,98.01626695513725
2024-02-29,DO 0.001%,102.71,97.77088702023029
2024-02-29,DO 0.05%,101.38,97.739424264431
2024-03-01,DO 0.001%,103.64,97.30361592054366
2024-03-01,DO 0.05%,102.24,98.05598882436752
2024-03-04,DO 0.001%,104.74,97.65540230631828
2024-03-04,DO 0.05%,103.56,97.97680113077163
2024-03-05,DO 0.001%,102.3,97.52803076267242
2024-03-05,DO 0.05%,101.08,97.4901645886898
2024-03-06,DO 0.001%,101.74,97.57509386897087
2024-03-06,DO 0.05%,100.57,97.60067704379559
2024-03-07,DO 0.001%,102.89,96.39951416194438
2024-03-07,DO 0.05%,101.79,97.67332977414131
2024-03-08,DO 0.001%,104.89,97.3814678645134
2024-03-08,DO 0.05%,104.01,97.79193673849106
2024-03-11,DO 0.001%,102.43,97.37516719520092
2024-03-11,DO 0.05%,101.74,98.00007793664932
2024-03-12,DO 0.001%,103.48,97.2578046810627
2024-03-12,DO 0.05%,102.89,97.77969313859938
2024-03-13,DO 0.001%,101.83,97.69498373687267
2024-03-13,DO 0.05%,100.94,97.98310914516449
2024-03-14,DO 0.001%,104.44,96.3721915781498
2024-03-14,DO 0.05%,103.47,97.65864210963248
2024-03-15,DO 0.001%,104.43,97.22781302273273
2024-03-15,DO 0.05%,103.34,97.64002066493033
2024-03-18,DO 0.001%,106.52,97.23185796976088
2024-03-18,DO 0.05%,105.54,97.969119784832
2024-03-19,DO 0.001%,107.55,97.72385934412479
2024-03-19,DO 0.05%,106.65,98.20128264665603
2024-03-20,DO 0.001%,105.52,97.25712560236454
2024-03-20,DO 0.05%,104.45,97.67362073421478
2024-03-21,DO 0.001%,104.41,97.40388336658476
2024-03-21,DO 0.05%,103.5,97.8805515384674
2024-03-22,DO 0.001%,104.19,97.4965746563673
2024-03-22,DO 0.05%,103.24,98.01000549435615
2024-03-25,DO 0.001%,103.42,97.47970988452434
2024-03-25,DO 0.05%,102.4,97.63152463078498
2024-03-26,DO 0.001%,103.98,97.11362741589545
2024-03-26,DO 0.05%,102.94,97.91468697428702
2024-03-27,DO 0.001%,102.06,97.3109322553873
2024-03-27,DO 0.05%,101.24,98.10076176047325
2024-03-28,DO 0.001%,102.72,96.72899133622646
2024-03-28,DO 0.05%,101.9,97.76927676796913
2024-04-01,DO 0.001%,104.13,96.59328188717365
2024-04-01,DO 0.05%,103.21,98.04162703514099
2024-04-02,DO 0.001%,104.86,97.14755773067473
2024-04-02,DO 0.05%,103.96,97.85740275502205
2024-04-03,DO 0.001%,107.56,96.74182887613773
2024-04-03,DO 0.05%,106.51,97.82282505989075
2024-02-07,DO 0.001%,106.84,105.8477741098404
2024-02-07,DO 0.05%,105.08,103.86236642539501
2024-02-08,DO 0.001%,107.9,105.50151122808457
2024-02-08,DO 0.05%,106.32,103.5701379430294
2024-02-09,DO 0.001%,109.26,105.28283486127854
2024-02-09,DO 0.05%,107.62,103.18979968249798
2024-02-12,DO 0.001%,109.26,105.20516085386276
2024-02-12,DO 0.05%,107.62,102.73703441262245
2024-02-13,DO 0.001%,111.57,105.58429603338242
2024-02-13,DO 0.05%,109.85,103.48618534326553
2024-02-14,DO 0.001%,110.49,104.70678215742112
2024-02-14,DO 0.05%,108.84,102.43676539957524
2024-02-15,DO 0.001%,107.27,105.29318928718567
2024-02-15,DO 0.05%,105.61,103.291121571064
2024-02-16,DO 0.001%,107.23,104.96126573562623
2024-02-16,DO 0.05%,105.57,102.61443498969078
2024-02-19,DO 0.001%,106.49,105.58365085840225
2024-02-19,DO 0.05%,104.97,103.37745147943497
2024-02-20,DO 0.001%,107.11,104.6723032474518
2024-02-20,DO 0.05%,105.66,102.31204382419585
2024-02-21,DO 0.001%,104.78,104.45431633234024
2024-02-21,DO 0.05%,103.36,101.96254211902618
2024-02-22,DO 0.001%,105.43,103.96343305110932
2024-02-22,DO 0.05%,104.09,101.24422774374484
2024-02-23,DO 0.001%,105.83,104.1946207523346
2024-02-23,DO 0.05%,104.61,101.91222656905651
2024-02-26,DO 0.001%,103.58,104.29930355548859
2024-02-26,DO 0.05%,102.4,101.66061770260333
2024-02-27,DO 0.001%,105.84,104.47214719772339
2024-02-27,DO 0.05%,104.49,102.06723704755306
2024-02-28,DO 0.001%,104.3,104.21819494009019
2024-02-28,DO 0.05%,102.97,101.71370263040066
2024-02-29,DO 0.001%,102.71,104.25578587055207
2024-02-29,DO 0.05%,101.38,101.67682323038578
2024-03-01,DO 0.001%,103.64,104.48069260358811
2024-03-01,DO 0.05%,102.24,102.08867016494274
2024-03-04,DO 0.001%,104.74,104.1236451792717
2024-03-04,DO 0.05%,103.56,101.79081580042839
2024-03-05,DO 0.001%,102.3,103.93858748912811
2024-03-05,DO 0.05%,101.08,101.37141375422478
2024-03-06,DO 0.001%,101.74,104.21814433813095
2024-03-06,DO 0.05%,100.57,101.96026438355446
2024-03-07,DO 0.001%,102.89,104.34364984750748
2024-03-07,DO 0.05%,101.79,101.89347570300102
2024-03-08,DO 0.001%,104.89,103.7403479886055
2024-03-08,DO 0.05%,104.01,101.08764898836613
2024-03-11,DO 0.001%,102.43,104.0576096224785
2024-03-11,DO 0.05%,101.74,101.60131567716599
2024-03-12,DO 0.001%,103.48,104.04871000289917
2024-03-12,DO 0.05%,102.89,101.38641195774078
2024-03-13,DO 0.001%,101.83,103.5660938167572
2024-03-13,DO 0.05%,100.94,100.86975807487964
2024-03-14,DO 0.001%,104.44,103.5985612988472
2024-03-14,DO 0.05%,103.47,100.92437393963337
2024-03-15,DO 0.001%,104.43,104.12011569261551
2024-03-15,DO 0.05%,103.34,101.71326699793339
2024-03-18,DO 0.001%,106.52,103.26142574548722
2024-03-18,DO 0.05%,105.54,100.18492516636849
2024-03-19,DO 0.001%,107.55,103.78448554754257
2024-03-19,DO 0.05%,106.65,101.08184262990952
2024-03-20,DO 0.001%,105.52,103.32251496076584
2024-03-20,DO 0.05%,104.45,100.5665889942646
2024-03-21,DO 0.001%,104.41,104.23656345129014
2024-03-21,DO 0.05%,103.5,101.68121689498425
2024-03-22,DO 0.001%,104.19,103.18748995780945
2024-03-22,DO 0.05%,103.24,100.36116961598395
2024-03-25,DO 0.001%,103.42,103.53026762962342
2024-03-25,DO 0.05%,102.4,100.77395627200603
2024-03-26,DO 0.001%,103.98,102.60850866556169
2024-03-26,DO 0.05%,102.94,99.53942364633083
2024-03-27,DO 0.001%,102.06,103.71577441215516
2024-03-27,DO 0.05%,101.24,101.01914267122746
2024-03-28,DO 0.001%,102.72,102.95093844890594
2024-03-28,DO 0.05%,101.9,100.02578862607479
2024-04-01,DO 0.001%,104.13,103.2488005566597
2024-04-01,DO 0.05%,103.21,100.42601662039756
2024-04-02,DO 0.001%,104.86,103.56664411306382
2024-04-02,DO 0.05%,103.96,100.81520444333553
2024-04-03,DO 0.001%,107.56,102.76646268129349
2024-04-03,DO 0.05%,106.51,99.89018868565559
2024-04-04,DO 0.001%,107.66,103.04973877429963
2024-04-04,DO 0.05%,106.71,100.22670231997967
2024-04-05,DO 0.001%,108.93,103.76168936491013
2024-04-05,DO 0.05%,108.05,100.90389921367168
2024-04-08,DO 0.001%,108.66,103.08515382051468
2024-04-08,DO 0.05%,107.73,100.18206866204739
2024-04-09,DO 0.001%,108.38,102.66102084875108
2024-04-09,DO 0.05%,107.38,99.76273507237434
2024-04-10,DO 0.001%,108.38,102.95873115062714
2024-04-10,DO 0.05%,107.38,99.94001259326934
2024-04-11,DO 0.001%,108.14,102.5563823223114
2024-04-11,DO 0.05%,107.04,99.64133052706718
2024-04-12,DO 0.001%,107.67,103.13368742465974
2024-04-12,DO 0.05%,106.57,100.38452573955058
2024-04-15,DO 0.001%,106.25,103.63961213827133
2024-04-15,DO 0.05%,105.13,101.06106296122074
2024-04-16,DO 0.001%,106.3,102.53884241819382
2024-04-16,DO 0.05%,105.18,99.75262217581272
2024-04-17,DO 0.001%,105.88,102.25262508630753
2024-04-17,DO 0.05%,104.48,99.01652777254581
2024-04-18,DO 0.001%,101.86,102.2914494395256
2024-04-18,DO 0.05%,100.25,99.16537093997002
2024-04-19,DO 0.001%,100.68,102.81151107549668
2024-04-19,DO 0.05%,99.17,99.81280168950558
2024-04-22,DO 0.001%,100.58,102.26462407588959
2024-04-22,DO 0.05%,99.16,99.32649894297123
2024-04-23,DO 0.001%,102.67,102.79970816850663
2024-04-23,DO 0.05%,101.39,99.78559955358504
2024-04-24,DO 0.001%,102.13,102.45768320083619
2024-04-24,DO 0.05%,100.9,99.5219547843933
2024-04-25,DO 0.001%,102.19,102.66047687768936
2024-04-25,DO 0.05%,100.9,99.8941280478239
2024-04-26,DO 0.001%,101.78,103.35990348339081
2024-04-26,DO 0.05%,100.49,100.55520031690597
2024-04-29,DO 0.001%,101.28,102.82017666101456
2024-04-29,DO 0.05%,99.91,99.94849497973918
2024-04-30,DO 0.001%,101.21,103.37624159097672
2024-04-30,DO 0.05%,99.84,100.43018624544143
2024-05-01,DO 0.001%,101.21,102.45854975938798
2024-05-01,DO 0.05%,99.84,99.52932319641113
2024-03-06,DO 0.001%,101.74,101.98237835168838
2024-03-06,DO 0.05%,100.57,100.67049179553986
2024-03-07,DO 0.001%,102.89,102.12315870523453
2024-03-07,DO 0.05%,101.79,100.92855365991592
2024-03-08,DO 0.001%,104.89,101.80933583378791
2024-03-08,DO 0.05%,104.01,100.68227035284042
2024-03-11,DO 0.001%,102.43,102.00400637984275
2024-03-11,DO 0.05%,101.74,100.7540442419052
2024-03-12,DO 0.001%,103.48,101.72138469815253
2024-03-12,DO 0.05%,102.89,100.50671863794327
2024-03-13,DO 0.001%,101.83,102.04614048600196
2024-03-13,DO 0.05%,100.94,100.72909538984298
2024-03-14,DO 0.001%,104.44,101.68799448609352
2024-03-14,DO 0.05%,103.47,100.4137975692749
2024-03-15,DO 0.001%,104.43,101.87360406517982
2024-03-15,DO 0.05%,103.34,100.58914443969726
2024-03-18,DO 0.001%,106.52,101.84031751155852
2024-03-18,DO 0.05%,105.54,100.56456912755966
2024-03-19,DO 0.001%,107.55,101.7131895840168
2024-03-19,DO 0.05%,106.65,100.35685683012008
2024-03-20,DO 0.001%,105.52,101.71609202027321
2024-03-20,DO 0.05%,104.45,100.46042981147765
2024-03-21,DO 0.001%,104.41,101.92211621403693
2024-03-21,DO 0.05%,103.5,100.55994205236435
2024-03-22,DO 0.001%,104.19,101.48739711642266
2024-03-22,DO 0.05%,103.24,100.27719642877578
2024-03-25,DO 0.001%,103.42,101.21658639907837
2024-03-25,DO 0.05%,102.4,99.8956555199623
2024-03-26,DO 0.001%,103.98,101.31093387007714
2024-03-26,DO 0.05%,102.94,99.90144538879395
2024-03-27,DO 0.001%,102.06,101.28626316189765
2024-03-27,DO 0.05%,101.24,99.85546985387802
2024-03-28,DO 0.001%,102.72,101.24599490761757
2024-03-28,DO 0.05%,101.9,99.8554879283905
2024-04-01,DO 0.001%,104.13,100.90319645404816
2024-04-01,DO 0.05%,103.21,99.52389292240143
2024-04-02,DO 0.001%,104.86,100.80683069229126
2024-04-02,DO 0.05%,103.96,99.23489954233169
2024-04-03,DO 0.001%,107.56,101.1160316169262
2024-04-03,DO 0.05%,106.51,99.66214486837387
2024-04-04,DO 0.001%,107.66,101.24086686372756
2024-04-04,DO 0.05%,106.71,99.6880637192726
2024-04-05,DO 0.001%,108.93,100.93872081041336
2024-04-05,DO 0.05%,108.05,99.33815320730208
2024-04-08,DO 0.001%,108.66,101.01917805075645
2024-04-08,DO 0.05%,107.73,99.355510764122
2024-04-09,DO 0.001%,108.38,100.82430628538131
2024-04-09,DO 0.05%,107.38,99.30247411966323
2024-04-10,DO 0.001%,108.38,100.5547516644001
2024-04-10,DO 0.05%,107.38,98.92778345108032
2024-04-11,DO 0.001%,108.14,100.68417837023735
2024-04-11,DO 0.05%,107.04,99.15272075891495
2024-04-12,DO 0.001%,107.67,100.55098947286605
2024-04-12,DO 0.05%,106.57,98.71663699626923
2024-04-15,DO 0.001%,106.25,100.41803228259086
2024-04-15,DO 0.05%,105.13,98.5811384010315
2024-04-16,DO 0.001%,106.3,100.30728848576545
2024-04-16,DO 0.05%,105.18,98.66914320230484
2024-04-17,DO 0.001%,105.88,100.24509952068328
2024-04-17,DO 0.05%,104.48,98.41545536994934
2024-04-18,DO 0.001%,101.86,100.05736189484595
2024-04-18,DO 0.05%,100.25,98.1162920641899
2024-04-19,DO 0.001%,100.68,100.26453242897988
2024-04-19,DO 0.05%,99.17,98.46963673353196
2024-04-22,DO 0.001%,100.58,99.85703281760216
2024-04-22,DO 0.05%,99.16,98.1001997232437
2024-04-23,DO 0.001%,102.67,100.13131914138793
2024-04-23,DO 0.05%,101.39,98.22285938978195
2024-04-24,DO 0.001%,102.13,99.8256852865219
2024-04-24,DO 0.05%,100.9,97.90675424098968
2024-04-25,DO 0.001%,102.19,99.88897790908813
2024-04-25,DO 0.05%,100.9,98.13104689121246
2024-04-26,DO 0.001%,101.78,100.08334357738495
2024-04-26,DO 0.05%,100.49,98.19197004795075
2024-04-29,DO 0.001%,101.28,99.94094737172126
2024-04-29,DO 0.05%,99.91,97.993307056427
2024-04-30,DO 0.001%,101.21,99.92841079831123
2024-04-30,DO 0.05%,99.84,97.9941927075386
2024-05-01,DO 0.001%,101.21,99.89487424492836
2024-05-01,DO 0.05%,99.84,97.88629389286041
2024-05-02,DO 0.001%,97.79,99.61145988106728
2024-05-02,DO 0.05%,96.42,97.43398524284363
2024-05-03,DO 0.001%,97.12,99.54859408736229
2024-05-03,DO 0.05%,95.75,97.34626963376999
2024-05-06,DO 0.001%,97.2,99.33870404362678
2024-05-06,DO 0.05%,95.83,97.14072627782822
2024-05-07,DO 0.001%,97.76,99.4604905128479
2024-05-07,DO 0.05%,96.6,97.29851677179336
2024-05-08,DO 0.001%,96.5,99.28486263155936
2024-05-08,DO 0.05%,95.22,97.15114924669265
2024-05-09,DO 0.001%,98.98,99.26642362475395
2024-05-09,DO 0.05%,97.62,97.22288698673248
2024-05-10,DO 0.001%,98.72,99.13566155433655
2024-05-10,DO 0.05%,97.3,97.10637265443802
2024-05-13,DO 0.001%,97.09,99.07647868394851
2024-05-13,DO 0.05%,95.67,96.88176671266555
2024-05-14,DO 0.001%,97.22,98.97774707078933
2024-05-14,DO 0.05%,94.86,96.97613374233245
2024-05-15,DO 0.001%,96.97,99.0432104229927
2024-05-15,DO 0.05%,94.65,96.78353776216507
2024-05-16,DO 0.001%,96.84,99.16860054731369
2024-05-16,DO 0.05%,94.73,97.18425572872162
2024-05-17,DO 0.001%,97.96,99.01911898255348
2024-05-17,DO 0.05%,96.15,96.82333783864975
2024-05-20,DO 0.001%,98.57,98.83350940346718
2024-05-20,DO 0.05%,96.87,96.5727527976036
2024-05-21,DO 0.001%,97.51,98.70734488964081
2024-05-21,DO 0.05%,95.87,96.40981106758117
2024-05-22,DO 0.001%,97.51,98.63599129915237
2024-05-22,DO 0.05%,95.87,96.41776385307311
2024-05-23,DO 0.001%,95.97,98.31465014219283
2024-05-23,DO 0.05%,94.23,96.07146824359894
2024-05-24,DO 0.001%,95.17,98.46942438483238
2024-05-24,DO 0.05%,93.59,96.05994875431061
2024-05-27,DO 0.001%,95.92,98.4718146264553
2024-05-27,DO 0.05%,94.47,96.15412298917771
2024-05-28,DO 0.001%,97.93,98.3348574399948
2024-05-28,DO 0.05%,96.5,95.9635152053833
2024-05-29,DO 0.001%,99.3,98.58427793383598
2024-05-29,DO 0.05%,97.87,96.15762341976166
2024-04-04,DO 0.001%,107.66,107.61310935020447
2024-04-04,DO 0.05%,106.71,106.51276794195175
2024-04-05,DO 0.001%,108.93,107.54677395105362
2024-04-05,DO 0.05%,108.05,106.096395829916
2024-04-08,DO 0.001%,108.66,107.6354711818695
2024-04-08,DO 0.05%,107.73,106.51704682469368
2024-04-09,DO 0.001%,108.38,107.64413895606995
2024-04-09,DO 0.05%,107.38,106.6522061920166
2024-04-10,DO 0.001%,108.38,107.37872683763504
2024-04-10,DO 0.05%,107.38,106.3188278990984
2024-04-11,DO 0.001%,108.14,107.46850754022599
2024-04-11,DO 0.05%,107.04,106.10010969698429
2024-04-12,DO 0.001%,107.67,107.6894524383545
2024-04-12,DO 0.05%,106.57,106.25569850742818
2024-04-15,DO 0.001%,106.25,107.2081537604332
2024-04-15,DO 0.05%,105.13,106.08267674148084
2024-04-16,DO 0.001%,106.3,107.36793058633805
2024-04-16,DO 0.05%,105.18,105.71362627923489
2024-04-17,DO 0.001%,105.88,107.1702130150795
2024-04-17,DO 0.05%,104.48,105.60290860116483
2024-04-18,DO 0.001%,101.86,107.35558926582337
2024-04-18,DO 0.05%,100.25,105.94475578069688
2024-04-19,DO 0.001%,100.68,106.84120302677155
2024-04-19,DO 0.05%,99.17,105.12225802063942
2024-04-22,DO 0.001%,100.58,107.17164909601212
2024-04-22,DO 0.05%,99.16,105.59226218223573
2024-04-23,DO 0.001%,102.67,107.26107077836991
2024-04-23,DO 0.05%,101.39,105.3841015201807
2024-04-24,DO 0.001%,102.13,107.38731126785278
2024-04-24,DO 0.05%,100.9,105.67425293982029
2024-04-25,DO 0.001%,102.19,106.92098886251449
2024-04-25,DO 0.05%,100.9,104.99361855328084
2024-04-26,DO 0.001%,101.78,106.97742556095123
2024-04-26,DO 0.05%,100.49,104.89445512831212
2024-04-29,DO 0.001%,101.28,107.15267231225968
2024-04-29,DO 0.05%,99.91,105.0003669989109
2024-04-30,DO 0.001%,101.21,107.02295701980592
2024-04-30,DO 0.05%,99.84,104.99982737720013
2024-05-01,DO 0.001%,101.21,107.0331955075264
2024-05-01,DO 0.05%,99.84,104.7363142246008
2024-05-02,DO 0.001%,97.79,106.73863222837448
2024-05-02,DO 0.05%,96.42,104.48940872371197
2024-05-03,DO 0.001%,97.12,106.75825011968612
2024-05-03,DO 0.05%,95.75,104.35991221010686
2024-05-06,DO 0.001%,97.2,106.66802064180375
2024-05-06,DO 0.05%,95.83,104.30109344363213
2024-05-07,DO 0.001%,97.76,106.82232882022858
2024-05-07,DO 0.05%,96.6,104.56778084158898
2024-05-08,DO 0.001%,96.5,106.80656398534775
2024-05-08,DO 0.05%,95.22,104.56002933442593
2024-05-09,DO 0.001%,98.98,106.56655254840851
2024-05-09,DO 0.05%,97.62,103.88956523001194
2024-05-10,DO 0.001%,98.72,106.1575195145607
2024-05-10,DO 0.05%,97.3,103.26601647198201
2024-05-13,DO 0.001%,97.09,105.7795673751831
2024-05-13,DO 0.05%,95.67,102.67381021261215
2024-05-14,DO 0.001%,97.22,105.77995203971864
2024-05-14,DO 0.05%,94.86,102.75458205997944
2024-05-15,DO 0.001%,96.97,106.09094049453735
2024-05-15,DO 0.05%,94.65,103.00515064001084
2024-05-16,DO 0.001%,96.84,105.97675282716752
2024-05-16,DO 0.05%,94.73,102.743453155756
2024-05-17,DO 0.001%,97.96,105.80199331760407
2024-05-17,DO 0.05%,96.15,102.43677026629449
2024-05-20,DO 0.001%,98.57,105.34657615184784
2024-05-20,DO 0.05%,96.87,101.84227220177651
2024-05-21,DO 0.001%,97.51,105.71645033597946
2024-05-21,DO 0.05%,95.87,102.1211867928505
2024-05-22,DO 0.001%,97.51,105.26278980493545
2024-05-22,DO 0.05%,95.87,101.25758890390397
2024-05-23,DO 0.001%,95.97,105.2123346400261
2024-05-23,DO 0.05%,94.23,101.62329371154308
2024-05-24,DO 0.001%,95.17,105.07921506643295
2024-05-24,DO 0.05%,93.59,101.31295409142972
2024-05-27,DO 0.001%,95.92,105.07733662128449
2024-05-27,DO 0.05%,94.47,101.0772028887272
2024-05-28,DO 0.001%,97.93,105.17766354322434
2024-05-28,DO 0.05%,96.5,101.12794002652169
2024-05-29,DO 0.001%,99.3,104.80745598316193
2024-05-29,DO 0.05%,97.87,100.67803518652916
2024-05-30,DO 0.001%,97.24,104.55452622890472
2024-05-30,DO 0.05%,95.97,100.40520879805088
2024-05-31,DO 0.001%,95.92,104.61627770900726
2024-05-31,DO 0.05%,94.65,100.36716864168645
2024-06-03,DO 0.001%,95.41,104.42324022293091
2024-06-03,DO 0.05%,94.18,99.88733701646328
2024-06-04,DO 0.001%,91.71,104.41866271495819
2024-06-04,DO 0.05%,90.88,99.74594977974893
2024-06-05,DO 0.001%,92.36,104.42538793325424
2024-06-05,DO 0.05%,91.77,99.8167100572586
2024-06-06,DO 0.001%,92.68,104.10830254554749
2024-06-06,DO 0.05%,92.15,99.47964329123498
2024-06-07,DO 0.001%,94.26,104.03743451595307
2024-06-07,DO 0.05%,93.62,99.18516854941845
2024-06-10,DO 0.001%,94.38,104.34758311986923
2024-06-10,DO 0.05%,93.97,99.4060134959221
2024-06-11,DO 0.001%,96.65,103.94501886129379
2024-06-11,DO 0.05%,96.22,98.88347557365894
2024-06-12,DO 0.001%,98.31,103.80132742404938
2024-06-12,DO 0.05%,97.88,98.64404859483243
2024-06-13,DO 0.001%,97.71,103.90925147056579
2024-06-13,DO 0.05%,97.36,98.73429873883725
2024-06-14,DO 0.001%,98.48,103.74834629535675
2024-06-14,DO 0.05%,98.33,98.59785697638989
2024-06-17,DO 0.001%,98.48,103.80306482553482
2024-06-17,DO 0.05%,98.33,98.64939402401448
2024-06-18,DO 0.001%,99.14,103.3938779258728
2024-06-18,DO 0.05%,98.97,97.90905208230019
2024-06-19,DO 0.001%,101.06,103.60321877717972
2024-06-19,DO 0.05%,100.81,98.54513910949231
2024-06-20,DO 0.001%,101.81,103.29808363437652
2024-06-20,DO 0.05%,101.39,97.54034443855286
2024-06-21,DO 0.001%,100.93,103.0659642314911
2024-06-21,DO 0.05%,100.51,97.64216153264046
2024-06-24,DO 0.001%,100.54,103.14569877862931
2024-06-24,DO 0.05%,100.0,97.22668455779552
2024-06-25,DO 0.001%,101.15,102.83980712890626
2024-06-25,DO 0.05%,100.82,96.85279654562474
2024-06-26,DO 0.001%,101.21,102.80705935478211
2024-06-26,DO 0.05%,100.96,97.08910006701947
2024-05-02,DO 0.001%,97.79,101.11651301324368
2024-05-02,DO 0.05%,96.42,99.73759048461915
2024-05-03,DO 0.001%,97.12,100.64511467039584
2024-05-03,DO 0.05%,95.75,99.54204895019532
2024-05-06,DO 0.001%,97.2,100.24046689271927
2024-05-06,DO 0.05%,95.83,99.37846984863282
2024-05-07,DO 0.001%,97.76,100.3048345863819
2024-05-07,DO 0.05%,96.6,99.56260345458985
2024-05-08,DO 0.001%,96.5,100.27848425030707
2024-05-08,DO 0.05%,95.22,99.44353134155274
2024-05-09,DO 0.001%,98.98,99.17977537691593
2024-05-09,DO 0.05%,97.62,99.15818435668946
2024-05-10,DO 0.001%,98.72,98.95645507216453
2024-05-10,DO 0.05%,97.3,99.17192504882813
2024-05-13,DO 0.001%,97.09,98.25096825838088
2024-05-13,DO 0.05%,95.67,98.87645553588868
2024-05-14,DO 0.001%,97.22,98.91613929927348
2024-05-14,DO 0.05%,94.86,98.94316543579102
2024-05-15,DO 0.001%,96.97,98.51769302010536
2024-05-15,DO 0.05%,94.65,98.90305618286133
2024-05-16,DO 0.001%,96.84,98.74745009422301
2024-05-16,DO 0.05%,94.73,99.15255477905274
2024-05-17,DO 0.001%,97.96,98.09641943514346
2024-05-17,DO 0.05%,96.15,98.72057098388672
2024-05-20,DO 0.001%,98.57,98.2170651245117
2024-05-20,DO 0.05%,96.87,98.69307174682618
2024-05-21,DO 0.001%,97.51,97.4826942884922
2024-05-21,DO 0.05%,95.87,98.46050354003907
2024-05-22,DO 0.001%,97.51,96.77166352808474
2024-05-22,DO 0.05%,95.87,98.30139953613282
2024-05-23,DO 0.001%,95.97,97.53489425599574
2024-05-23,DO 0.05%,94.23,98.55428421020508
2024-05-24,DO 0.001%,95.17,97.04579630553722
2024-05-24,DO 0.05%,93.59,98.40535034179688
2024-05-27,DO 0.001%,95.92,95.8172299838066
2024-05-27,DO 0.05%,94.47,97.97979354858398
2024-05-28,DO 0.001%,97.93,97.06402074813842
2024-05-28,DO 0.05%,96.5,98.10535217285157
2024-05-29,DO 0.001%,99.3,97.83278939008711
2024-05-29,DO 0.05%,97.87,98.61985748291016
2024-05-30,DO 0.001%,97.24,96.68856465458869
2024-05-30,DO 0.05%,95.97,98.08780288696289
2024-05-31,DO 0.001%,95.92,95.87947420716286
2024-05-31,DO 0.05%,94.65,97.90447860717774
2024-06-03,DO 0.001%,95.41,97.40492218852043
2024-06-03,DO 0.05%,94.18,98.23964080810548
2024-06-04,DO 0.001%,91.71,95.53905537366866
2024-06-04,DO 0.05%,90.88,97.73850723266602
2024-06-05,DO 0.001%,92.36,97.10654444754122
2024-06-05,DO 0.05%,91.77,98.55518875122071
2024-06-06,DO 0.001%,92.68,96.29860019147395
2024-06-06,DO 0.05%,92.15,97.97366409301758
2024-06-07,DO 0.001%,94.26,95.85430625796317
2024-06-07,DO 0.05%,93.62,97.7804672241211
2024-06-10,DO 0.001%,94.38,96.09848724544048
2024-06-10,DO 0.05%,93.97,98.01884948730469
2024-06-11,DO 0.001%,96.65,95.35131526172161
2024-06-11,DO 0.05%,96.22,97.57799880981446
2024-06-12,DO 0.001%,98.31,96.43314495921135
2024-06-12,DO 0.05%,97.88,98.06462997436523
2024-06-13,DO 0.001%,97.71,97.41007401704788
2024-06-13,DO 0.05%,97.36,98.39932800292969
2024-06-14,DO 0.001%,98.48,96.58275309443474
2024-06-14,DO 0.05%,98.33,98.25524414062501
2024-06-17,DO 0.001%,98.48,95.36699395298957
2024-06-17,DO 0.05%,98.33,97.31517608642578
2024-06-18,DO 0.001%,99.14,95.98343979597091
2024-06-18,DO 0.05%,98.97,97.87179611206055
2024-06-19,DO 0.001%,101.06,96.5828616809845
2024-06-19,DO 0.05%,100.81,98.07820404052735
2024-06-20,DO 0.001%,101.81,95.33394744634627
2024-06-20,DO 0.05%,101.39,97.48380752563477
2024-06-21,DO 0.001%,100.93,94.76627506196499
2024-06-21,DO 0.05%,100.51,97.14356918334961
2024-06-24,DO 0.001%,100.54,93.90097297728062
2024-06-24,DO 0.05%,100.0,97.04169525146484
2024-06-25,DO 0.001%,101.15,94.21696586966515
2024-06-25,DO 0.05%,100.82,97.16961639404298
2024-06-26,DO 0.001%,101.21,94.64556301414966
2024-06-26,DO 0.05%,100.96,97.20895202636719
2024-06-27,DO 0.001%,102.61,94.75982019484043
2024-06-27,DO 0.05%,102.36,97.52403579711914
2024-06-28,DO 0.001%,103.22,95.03981061339378
2024-06-28,DO 0.05%,103.02,97.55630767822267
2024-07-01,DO 0.001%,101.78,93.91192212104797
2024-07-01,DO 0.05%,101.58,97.03613708496094
2024-07-02,DO 0.001%,103.9,95.05053655147552
2024-07-02,DO 0.05%,103.58,97.37238830566406
2024-07-03,DO 0.001%,103.17,95.63785706877708
2024-07-03,DO 0.05%,102.75,97.71772659301759
2024-07-04,DO 0.001%,102.49,95.68105038523673
2024-07-04,DO 0.05%,102.05,97.81242965698243
2024-07-05,DO 0.001%,103.55,94.3862161052227
2024-07-05,DO 0.05%,103.22,97.13905242919923
2024-07-08,DO 0.001%,101.58,92.52524171769619
2024-07-08,DO 0.05%,101.29,96.89956329345704
2024-07-09,DO 0.001%,100.78,94.64563540518283
2024-07-09,DO 0.05%,100.42,97.49967864990235
2024-07-10,DO 0.001%,99.47,95.6140102559328
2024-07-10,DO 0.05%,99.09,97.56697174072266
2024-07-11,DO 0.001%,100.41,94.20244543492794
2024-07-11,DO 0.05%,100.1,97.37283462524414
2024-07-12,DO 0.001%,100.72,95.27065958559513
2024-07-12,DO 0.05%,100.45,97.55434387207032
2024-07-15,DO 0.001%,99.66,93.89407169878483
2024-07-15,DO 0.05%,99.36,97.06840301513672
2024-07-16,DO 0.001%,99.13,95.21895429015159
2024-07-16,DO 0.05%,98.77,97.71003799438476
2024-07-17,DO 0.001%,98.14,93.5865063291788
2024-07-17,DO 0.05%,97.86,97.18151229858398
2024-07-18,DO 0.001%,99.76,93.48965315937996
2024-07-18,DO 0.05%,99.55,97.19246200561524
2024-07-19,DO 0.001%,98.79,95.46057746112346
2024-07-19,DO 0.05%,98.55,97.53620544433593
2024-07-22,DO 0.001%,96.71,94.61318009197711
2024-07-22,DO 0.05%,96.49,97.56600769042969
2024-07-23,DO 0.001%,97.01,95.44182818353175
2024-07-23,DO 0.05%,96.83,97.69204833984375
2024-07-24,DO 0.001%,96.31,93.77243666529655
2024-07-24,DO 0.05%,96.13,97.31214111328126
2024-05-30,DO 0.001%,97.24,99.5755765914917
2024-05-30,DO 0.05%,95.97,97.71082693934441
2024-05-31,DO 0.001%,95.92,99.66058155298232
2024-05-31,DO 0.05%,94.65,97.68486783504487
2024-06-03,DO 0.001%,95.41,99.60807048082351
2024-06-03,DO 0.05%,94.18,97.48236932098865
2024-06-04,DO 0.001%,91.71,99.49870398044585
2024-06-04,DO 0.05%,90.88,97.4614270323515
2024-06-05,DO 0.001%,92.36,99.52333778142929
2024-06-05,DO 0.05%,91.77,97.40584538161755
2024-06-06,DO 0.001%,92.68,99.44204978942871
2024-06-06,DO 0.05%,92.15,97.06375105500221
2024-06-07,DO 0.001%,94.26,99.38353711366653
2024-06-07,DO 0.05%,93.62,97.0099602907896
2024-06-10,DO 0.001%,94.38,99.408407664299
2024-06-10,DO 0.05%,93.97,96.9495368295908
2024-06-11,DO 0.001%,96.65,99.36872842311858
2024-06-11,DO 0.05%,96.22,97.00126253247261
2024-06-12,DO 0.001%,98.31,99.33514548540116
2024-06-12,DO 0.05%,97.88,96.98552956521512
2024-06-13,DO 0.001%,97.71,99.24605659246444
2024-06-13,DO 0.05%,97.36,97.01466209709645
2024-06-14,DO 0.001%,98.48,99.20686268806458
2024-06-14,DO 0.05%,98.33,96.681084690094
2024-06-17,DO 0.001%,98.48,99.19974836111068
2024-06-17,DO 0.05%,98.33,96.35197574913502
2024-06-18,DO 0.001%,99.14,99.21499503850937
2024-06-18,DO 0.05%,98.97,96.42595044612885
2024-06-19,DO 0.001%,101.06,99.0335264325142
2024-06-19,DO 0.05%,100.81,96.35447832345963
2024-06-20,DO 0.001%,101.81,99.12380499243736
2024-06-20,DO 0.05%,101.39,96.47298600971699
2024-06-21,DO 0.001%,100.93,99.11139339208603
2024-06-21,DO 0.05%,100.51,96.04593832671642
2024-06-24,DO 0.001%,100.54,98.96913052797318
2024-06-24,DO 0.05%,100.0,95.8616111856699
2024-06-25,DO 0.001%,101.15,98.95364118218421
2024-06-25,DO 0.05%,100.82,95.97903383970261
2024-06-26,DO 0.001%,101.21,98.81926208138465
2024-06-26,DO 0.05%,100.96,95.79586173295975
2024-06-27,DO 0.001%,102.61,98.81150261163711
2024-06-27,DO 0.05%,102.36,95.5589630305767
2024-06-28,DO 0.001%,103.22,98.79660513997078
2024-06-28,DO 0.05%,103.02,95.64587644517422
2024-07-01,DO 0.001%,101.78,98.78227586746216
2024-07-01,DO 0.05%,101.58,95.33769812583924
2024-07-02,DO 0.001%,103.9,98.8860846698284
2024-07-02,DO 0.05%,103.58,95.5588930284977
2024-07-03,DO 0.001%,103.17,98.63268560171127
2024-07-03,DO 0.05%,102.75,95.2918409305811
2024-07-04,DO 0.001%,102.49,98.69959697127342
2024-07-04,DO 0.05%,102.05,95.32917537271977
2024-07-05,DO 0.001%,103.55,98.61434342265129
2024-07-05,DO 0.05%,103.22,95.07542366981507
2024-07-08,DO 0.001%,101.58,98.51988623142242
2024-07-08,DO 0.05%,101.29,95.15592022717
2024-07-09,DO 0.001%,100.78,98.61241983175277
2024-07-09,DO 0.05%,100.42,95.04028262615205
2024-07-10,DO 0.001%,99.47,98.63236598968506
2024-07-10,DO 0.05%,99.09,95.14639994442463
2024-07-11,DO 0.001%,100.41,98.53156390786171
2024-07-11,DO 0.05%,100.1,94.66419062316419
2024-07-12,DO 0.001%,100.72,98.41721974611282
2024-07-12,DO 0.05%,100.45,94.75094653308392
2024-07-15,DO 0.001%,99.66,98.58460766673088
2024-07-15,DO 0.05%,99.36,94.8310580790043
2024-07-16,DO 0.001%,99.13,98.52118835449218
2024-07-16,DO 0.05%,98.77,94.85501045703889
2024-07-17,DO 0.001%,98.14,98.43041853904724
2024-07-17,DO 0.05%,97.86,94.56681189775468
2024-07-18,DO 0.001%,99.76,98.39619637727738
2024-07-18,DO 0.05%,99.55,94.6299887740612
2024-07-19,DO 0.001%,98.79,98.35418515205383
2024-07-19,DO 0.05%,98.55,94.4481992083788
2024-07-22,DO 0.001%,96.71,98.35771272182464
2024-07-22,DO 0.05%,96.49,94.53702601313591
2024-07-23,DO 0.001%,97.01,98.25857380628585
2024-07-23,DO 0.05%,96.83,94.24154140412809
2024-07-24,DO 0.001%,96.31,98.2468132674694
2024-07-24,DO 0.05%,96.13,94.07356558203698
2024-07-25,DO 0.001%,96.57,98.1624238550663
2024-07-25,DO 0.05%,96.38,94.02791255950928
2024-07-26,DO 0.001%,97.8,98.29996356368065
2024-07-26,DO 0.05%,97.35,94.21143467664719
2024-07-29,DO 0.001%,96.53,98.25170806646346
2024-07-29,DO 0.05%,96.1,94.23683376431465
2024-07-30,DO 0.001%,94.57,98.1631045103073
2024-07-30,DO 0.05%,94.2,93.83241425335407
2024-07-31,DO 0.001%,95.13,98.16399232149124
2024-07-31,DO 0.05%,94.76,93.75536529839039
2024-08-01,DO 0.001%,96.76,98.07326985597611
2024-08-01,DO 0.05%,96.2,93.93533481001855
2024-08-02,DO 0.001%,95.25,98.05101538896561
2024-08-02,DO 0.05%,94.28,93.83142255723477
2024-08-05,DO 0.001%,90.96,97.97365152239799
2024-08-05,DO 0.05%,89.79,93.67370203971863
2024-08-06,DO 0.001%,91.32,97.96946105360985
2024-08-06,DO 0.05%,89.93,93.29565581202507
2024-08-07,DO 0.001%,91.37,97.98871471881866
2024-08-07,DO 0.05%,89.44,93.37671238601209
2024-08-08,DO 0.001%,92.84,97.99668726325035
2024-08-08,DO 0.05%,91.32,93.35074161469937
2024-08-09,DO 0.001%,92.84,97.92750309705734
2024-08-09,DO 0.05%,91.32,93.19838792324066
2024-08-12,DO 0.001%,93.65,98.0013985812664
2024-08-12,DO 0.05%,91.88,93.41780360639096
2024-08-13,DO 0.001%,95.84,97.88985990285873
2024-08-13,DO 0.05%,94.14,93.45052374482155
2024-08-14,DO 0.001%,95.36,97.89128040075302
2024-08-14,DO 0.05%,93.48,93.2746435213089
2024-08-15,DO 0.001%,94.48,97.86754624843597
2024-08-15,DO 0.05%,92.65,93.08480955004693
2024-08-16,DO 0.001%,94.49,97.85946124792099
2024-08-16,DO 0.05%,92.64,93.01901926279068
2024-08-19,DO 0.001%,92.19,97.77348561286927
2024-08-19,DO 0.05%,90.53,93.13099925518037
2024-08-20,DO 0.001%,89.37,97.60323302149773
2024-08-20,DO 0.05%,87.73,92.83343791782856
2024-08-21,DO 0.001%,90.43,97.73780152201653
2024-08-21,DO 0.05%,88.9,92.64469481229783
2024-06-27,DO 0.001%,102.61,101.24545954108238
2024-06-27,DO 0.05%,102.36,100.99945194244384
2024-06-28,DO 0.001%,103.22,101.23180176615715
2024-06-28,DO 0.05%,103.02,101.1095394706726
2024-07-01,DO 0.001%,101.78,100.82725050985813
2024-07-01,DO 0.05%,101.58,100.61490983963012
2024-07-02,DO 0.001%,103.9,100.69207835316658
2024-07-02,DO 0.05%,103.58,100.44872545242309
2024-07-03,DO 0.001%,103.17,100.36023785710334
2024-07-03,DO 0.05%,102.75,99.94913123130797
2024-07-04,DO 0.001%,102.49,100.36576370596885
2024-07-04,DO 0.05%,102.05,100.00315198898315
2024-07-05,DO 0.001%,103.55,100.0471948993206
2024-07-05,DO 0.05%,103.22,99.48195427894592
2024-07-08,DO 0.001%,101.58,99.78900624692439
2024-07-08,DO 0.05%,101.29,99.19769689559936
2024-07-09,DO 0.001%,100.78,99.76020668089389
2024-07-09,DO 0.05%,100.42,99.13088253974914
2024-07-10,DO 0.001%,99.47,99.69673784255981
2024-07-10,DO 0.05%,99.09,99.12755475997925
2024-07-11,DO 0.001%,100.41,99.62789397001266
2024-07-11,DO 0.05%,100.1,99.09977712631225
2024-07-12,DO 0.001%,100.72,99.48843264460562
2024-07-12,DO 0.05%,100.45,98.97179300308227
2024-07-15,DO 0.001%,99.66,99.26947993218899
2024-07-15,DO 0.05%,99.36,98.56446192741393
2024-07-16,DO 0.001%,99.13,99.05636073052882
2024-07-16,DO 0.05%,98.77,98.26419750213623
2024-07-17,DO 0.001%,98.14,99.0955484098196
2024-07-17,DO 0.05%,97.86,98.41976669311522
2024-07-18,DO 0.001%,99.76,98.87447222709655
2024-07-18,DO 0.05%,99.55,98.11881023406981
2024-07-19,DO 0.001%,98.79,98.70062516093253
2024-07-19,DO 0.05%,98.55,97.82578508377074
2024-07-22,DO 0.001%,96.71,98.51530411601065
2024-07-22,DO 0.05%,96.49,97.55384590148925
2024-07-23,DO 0.001%,97.01,98.41172461271286
2024-07-23,DO 0.05%,96.83,97.46767265319824
2024-07-24,DO 0.001%,96.31,98.39193169772625
2024-07-24,DO 0.05%,96.13,97.49250763893127
2024-07-25,DO 0.001%,96.57,98.4472625774145
2024-07-25,DO 0.05%,96.38,97.62268219947815
2024-07-26,DO 0.001%,97.8,98.38601976335048
2024-07-26,DO 0.05%,97.35,97.55162537574768
2024-07-29,DO 0.001%,96.53,98.26402880728244
2024-07-29,DO 0.05%,96.1,97.29544651031493
2024-07-30,DO 0.001%,94.57,98.03562906503677
2024-07-30,DO 0.05%,94.2,97.03216075897217
2024-07-31,DO 0.001%,95.13,97.88955602526664
2024-07-31,DO 0.05%,94.76,96.87688643455505
2024-08-01,DO 0.001%,96.76,97.87076451957225
2024-08-01,DO 0.05%,96.2,96.77618649482726
2024-08-02,DO 0.001%,95.25,97.65477380692958
2024-08-02,DO 0.05%,94.28,96.47788383483886
2024-08-05,DO 0.001%,90.96,97.50369975328445
2024-08-05,DO 0.05%,89.79,96.33679319381713
2024-08-06,DO 0.001%,91.32,97.39169272720814
2024-08-06,DO 0.05%,89.93,96.21910532951354
2024-08-07,DO 0.001%,91.37,97.29869437992572
2024-08-07,DO 0.05%,89.44,96.02455959320068
2024-08-08,DO 0.001%,92.84,97.06058820664882
2024-08-08,DO 0.05%,91.32,95.82663793563842
2024-08-09,DO 0.001%,92.84,97.06245830833912
2024-08-09,DO 0.05%,91.32,95.81146735191345
2024-08-12,DO 0.001%,93.65,96.89294867157936
2024-08-12,DO 0.05%,91.88,95.4874872303009
2024-08-13,DO 0.001%,95.84,96.9721022337675
2024-08-13,DO 0.05%,94.14,95.66449743270873
2024-08-14,DO 0.001%,95.36,96.77611557662486
2024-08-14,DO 0.05%,93.48,95.44673546791076
2024-08-15,DO 0.001%,94.48,96.55961812674998
2024-08-15,DO 0.05%,92.65,95.21518698692321
2024-08-16,DO 0.001%,94.49,96.5482225716114
2024-08-16,DO 0.05%,92.64,95.13404452323913
2024-08-19,DO 0.001%,92.19,96.3016587126255
2024-08-19,DO 0.05%,90.53,94.86730462074279
2024-08-20,DO 0.001%,89.37,96.29492634654045
2024-08-20,DO 0.05%,87.73,94.86336303710937
2024-08-21,DO 0.001%,90.43,96.18045802533626
2024-08-21,DO 0.05%,88.9,94.78666162490845
2024-08-22,DO 0.001%,88.73,96.23352668523788
2024-08-22,DO 0.05%,87.26,94.99796661376952
2024-08-23,DO 0.001%,90.15,95.81573993504047
2024-08-23,DO 0.05%,88.58,94.38147284507751
2024-08-26,DO 0.001%,92.15,95.89905598163604
2024-08-26,DO 0.05%,90.62,94.53429797172547
2024-08-27,DO 0.001%,92.83,95.68312559485435
2024-08-27,DO 0.05%,91.33,94.21070899963378
2024-08-28,DO 0.001%,89.04,95.66217442333698
2024-08-28,DO 0.05%,87.54,94.16274805068969
2024-08-29,DO 0.001%,88.29,95.58664644539355
2024-08-29,DO 0.05%,86.79,94.09335812568663
2024-08-30,DO 0.001%,90.99,95.44776424825191
2024-08-30,DO 0.05%,89.5,93.92152313232421
2024-09-02,DO 0.001%,88.31,95.48890648543833
2024-09-02,DO 0.05%,86.86,94.01191477775573
2024-09-03,DO 0.001%,89.01,95.21309664905071
2024-09-03,DO 0.05%,87.61,93.58735507011413
2024-09-04,DO 0.001%,85.52,95.07008816301823
2024-09-04,DO 0.05%,84.07,93.44226266860962
2024-09-05,DO 0.001%,85.16,95.05892787873745
2024-09-05,DO 0.05%,83.81,93.49163777351379
2024-09-06,DO 0.001%,84.77,94.85760238289832
2024-09-06,DO 0.05%,83.44,93.27368926048278
2024-09-09,DO 0.001%,84.01,94.9221751844883
2024-09-09,DO 0.05%,82.66,93.35782853126526
2024-09-10,DO 0.001%,82.8,94.8095709323883
2024-09-10,DO 0.05%,81.43,93.1520477771759
2024-09-11,DO 0.001%,81.22,94.72191142380237
2024-09-11,DO 0.05%,79.91,93.02223427772522
2024-09-12,DO 0.001%,82.68,94.5302199679613
2024-09-12,DO 0.05%,81.37,92.78958456039427
2024-09-13,DO 0.001%,82.93,94.35802583038806
2024-09-13,DO 0.05%,81.89,92.57379639625549
2024-09-16,DO 0.001%,81.84,94.22948348581791
2024-09-16,DO 0.05%,81.1,92.44291776657104
2024-09-17,DO 0.001%,82.16,94.08438169240951
2024-09-17,DO 0.05%,81.45,92.25355325698852
2024-09-18,DO 0.001%,83.47,94.00684486329556
2024-09-18,DO 0.05%,82.86,92.20381709098815
2024-07-25,DO 0.001%,96.57,96.4014006125927
2024-07-25,DO 0.05%,96.38,96.20347888469695
2024-07-26,DO 0.001%,97.8,96.27020095169544
2024-07-26,DO 0.05%,97.35,96.10141405522823
2024-07-29,DO 0.001%,96.53,96.16733077347278
2024-07-29,DO 0.05%,96.1,95.83261793553828
2024-07-30,DO 0.001%,94.57,96.1436625957489
2024-07-30,DO 0.05%,94.2,95.86752957344055
2024-07-31,DO 0.001%,95.13,96.19373144030571
2024-07-31,DO 0.05%,94.76,95.86049911558628
2024-08-01,DO 0.001%,96.76,96.10669936597347
2024-08-01,DO 0.05%,96.2,95.86376509845256
2024-08-02,DO 0.001%,95.25,96.00778440833092
2024-08-02,DO 0.05%,94.28,95.81425967395305
2024-08-05,DO 0.001%,90.96,95.77187760174274
2024-08-05,DO 0.05%,89.79,95.48025276303291
2024-08-06,DO 0.001%,91.32,95.66664806842805
2024-08-06,DO 0.05%,89.93,95.34246839463711
2024-08-07,DO 0.001%,91.37,95.51855404734611
2024-08-07,DO 0.05%,89.44,95.28747955679893
2024-08-08,DO 0.001%,92.84,95.68304874360561
2024-08-08,DO 0.05%,91.32,95.35836284458637
2024-08-09,DO 0.001%,92.84,95.46311781346799
2024-08-09,DO 0.05%,91.32,95.1745051985979
2024-08-12,DO 0.001%,93.65,95.47562067329883
2024-08-12,DO 0.05%,91.88,95.08288005471229
2024-08-13,DO 0.001%,95.84,95.32856568694115
2024-08-13,DO 0.05%,94.14,94.98690026700496
2024-08-14,DO 0.001%,95.36,95.21022479832173
2024-08-14,DO 0.05%,93.48,94.95499104142189
2024-08-15,DO 0.001%,94.48,95.18260714054108
2024-08-15,DO 0.05%,92.65,94.81060594975948
2024-08-16,DO 0.001%,94.49,94.90990357935429
2024-08-16,DO 0.05%,92.64,94.5990504771471
2024-08-19,DO 0.001%,92.19,94.99027664661408
2024-08-19,DO 0.05%,90.53,94.57030409812927
2024-08-20,DO 0.001%,89.37,94.63626431286335
2024-08-20,DO 0.05%,87.73,94.31324832737445
2024-08-21,DO 0.001%,90.43,94.9281527030468
2024-08-21,DO 0.05%,88.9,94.5163466233015
2024-08-22,DO 0.001%,88.73,94.5476880377531
2024-08-22,DO 0.05%,87.26,94.20036564588547
2024-08-23,DO 0.001%,90.15,94.69081650614739
2024-08-23,DO 0.05%,88.58,94.23566690981387
2024-08-26,DO 0.001%,92.15,94.57482349157334
2024-08-26,DO 0.05%,90.62,94.20616419792175
2024-08-27,DO 0.001%,92.83,94.47186146497727
2024-08-27,DO 0.05%,91.33,94.21541208624839
2024-08-28,DO 0.001%,89.04,94.46171796023846
2024-08-28,DO 0.05%,87.54,94.05666239976883
2024-08-29,DO 0.001%,88.29,94.42745277643203
2024-08-29,DO 0.05%,86.79,94.04326041042805
2024-08-30,DO 0.001%,90.99,94.38531159460545
2024-08-30,DO 0.05%,89.5,93.98677036643028
2024-09-02,DO 0.001%,88.31,94.06351507782936
2024-09-02,DO 0.05%,86.86,93.65994288802146
2024-09-03,DO 0.001%,89.01,94.04728661835193
2024-09-03,DO 0.05%,87.61,93.65309578359127
2024-09-04,DO 0.001%,85.52,93.72449125051499
2024-09-04,DO 0.05%,84.07,93.3210713815689
2024-09-05,DO 0.001%,85.16,93.6136015611887
2024-09-05,DO 0.05%,83.81,93.27190974473953
2024-09-06,DO 0.001%,84.77,93.62654070079327
2024-09-06,DO 0.05%,83.44,93.30624267339707
2024-09-09,DO 0.001%,84.01,93.5862020432949
2024-09-09,DO 0.05%,82.66,93.1870744073391
2024-09-10,DO 0.001%,82.8,93.53612745821476
2024-09-10,DO 0.05%,81.43,93.08716398060321
2024-09-11,DO 0.001%,81.22,93.7749791532755
2024-09-11,DO 0.05%,79.91,93.34672367155551
2024-09-12,DO 0.001%,82.68,93.52828016281128
2024-09-12,DO 0.05%,81.37,93.07903340220452
2024-09-13,DO 0.001%,82.93,93.43764878034592
2024-09-13,DO 0.05%,81.89,92.9932469189167
2024-09-16,DO 0.001%,81.84,93.15700607538224
2024-09-16,DO 0.05%,81.1,92.71938566088676
2024-09-17,DO 0.001%,82.16,93.28798759639264
2024-09-17,DO 0.05%,81.45,92.84363625466823
2024-09-18,DO 0.001%,83.47,93.13543318867684
2024-09-18,DO 0.05%,82.86,92.65153916418552
2024-09-19,DO 0.001%,84.96,92.85516361773014
2024-09-19,DO 0.05%,84.46,92.38188930511474
2024-09-20,DO 0.001%,84.32,92.95296491384507
2024-09-20,DO 0.05%,83.81,92.38425571024418
2024-09-23,DO 0.001%,84.39,92.73613386631013
2024-09-23,DO 0.05%,83.88,92.26496138870715
2024-09-24,DO 0.001%,84.98,92.81355630457402
2024-09-24,DO 0.05%,84.47,92.26881754040717
2024-09-25,DO 0.001%,86.23,92.7239524757862
2024-09-25,DO 0.05%,85.61,92.23826627612114
2024-09-26,DO 0.001%,83.26,92.7275001192093
2024-09-26,DO 0.05%,82.6,92.08385977387428
2024-09-27,DO 0.001%,84.23,92.52967594444752
2024-09-27,DO 0.05%,83.41,92.01069029808043
2024-09-30,DO 0.001%,84.66,92.75759768307209
2024-09-30,DO 0.05%,83.82,92.05336007773876
2024-10-01,DO 0.001%,83.05,92.4545267534256
2024-10-01,DO 0.05%,82.4,91.87739808857441
2024-10-02,DO 0.001%,87.45,92.42544526219368
2024-10-02,DO 0.05%,86.86,91.72302596509456
2024-10-03,DO 0.001%,86.45,92.37236264288426
2024-10-03,DO 0.05%,85.92,91.81568820178508
2024-10-04,DO 0.001%,90.98,92.3959332317114
2024-10-04,DO 0.05%,90.45,91.79960466861725
2024-10-07,DO 0.001%,91.76,92.4203074938059
2024-10-07,DO 0.05%,91.25,91.72578199625015
2024-10-08,DO 0.001%,92.38,92.32520998418332
2024-10-08,DO 0.05%,91.89,91.5158194065094
2024-10-09,DO 0.001%,90.87,92.22340754330159
2024-10-09,DO 0.05%,90.36,91.47899974703789
2024-10-10,DO 0.001%,90.38,91.98530785679817
2024-10-10,DO 0.05%,89.86,91.30810289621353
2024-10-11,DO 0.001%,91.86,92.08541110277176
2024-10-11,DO 0.05%,91.29,91.36326362788677
2024-10-14,DO 0.001%,90.97,91.97875217914581
2024-10-14,DO 0.05%,90.35,91.2372425276041
2024-10-15,DO 0.001%,86.8,91.7063586062193
2024-10-15,DO 0.05%,86.22,91.03844730734825
2024-10-16,DO 0.001%,86.0,91.81836195707321
2024-10-16,DO 0.05%,85.48,91.11637824237346
2024-08-22,DO 0.001%,88.73,90.43026950240136
2024-08-22,DO 0.05%,87.26,88.80870606303216
2024-08-23,DO 0.001%,90.15,90.56667005777359
2024-08-23,DO 0.05%,88.58,88.8711212515831
2024-08-26,DO 0.001%,92.15,90.43309388756752
2024-08-26,DO 0.05%,90.62,88.74203589558601
2024-08-27,DO 0.001%,92.83,90.26357687711716
2024-08-27,DO 0.05%,91.33,88.48495674729348
2024-08-28,DO 0.001%,89.04,90.20798392176629
2024-08-28,DO 0.05%,87.54,88.4766269505024
2024-08-29,DO 0.001%,88.29,90.24700247943402
2024-08-29,DO 0.05%,86.79,88.407773655653
2024-08-30,DO 0.001%,90.99,90.07497370660306
2024-08-30,DO 0.05%,89.5,88.08186770677567
2024-09-02,DO 0.001%,88.31,90.11310290634633
2024-09-02,DO 0.05%,86.86,88.10213052034379
2024-09-03,DO 0.001%,89.01,90.03350806713105
2024-09-03,DO 0.05%,87.61,88.0390582740307
2024-09-04,DO 0.001%,85.52,90.00061799407005
2024-09-04,DO 0.05%,84.07,87.94446845054627
2024-09-05,DO 0.001%,85.16,89.81209567427636
2024-09-05,DO 0.05%,83.81,87.80302087068559
2024-09-06,DO 0.001%,84.77,89.6727413725853
2024-09-06,DO 0.05%,83.44,87.49097672104836
2024-09-09,DO 0.001%,84.01,89.61770359218121
2024-09-09,DO 0.05%,82.66,87.5144983291626
2024-09-10,DO 0.001%,82.8,89.51133099436761
2024-09-10,DO 0.05%,81.43,87.40014908313752
2024-09-11,DO 0.001%,81.22,89.38580216586591
2024-09-11,DO 0.05%,79.91,87.24185115098953
2024-09-12,DO 0.001%,82.68,89.11321665704251
2024-09-12,DO 0.05%,81.37,86.90981972813607
2024-09-13,DO 0.001%,82.93,89.00364776074888
2024-09-13,DO 0.05%,81.89,86.85621653199196
2024-09-16,DO 0.001%,81.84,88.97586745321752
2024-09-16,DO 0.05%,81.1,86.81399527192116
2024-09-17,DO 0.001%,82.16,88.99758934676647
2024-09-17,DO 0.05%,81.45,86.70761550068856
2024-09-18,DO 0.001%,83.47,88.97455767154695
2024-09-18,DO 0.05%,82.86,86.66249576807023
2024-09-19,DO 0.001%,84.96,88.87252945244313
2024-09-19,DO 0.05%,84.46,86.61243220567704
2024-09-20,DO 0.001%,84.32,88.7669276314974
2024-09-20,DO 0.05%,83.81,86.3711489379406
2024-09-23,DO 0.001%,84.39,88.68039580047132
2024-09-23,DO 0.05%,83.88,86.3777301132679
2024-09-24,DO 0.001%,84.98,88.47392462074757
2024-09-24,DO 0.05%,84.47,86.08924466371536
2024-09-25,DO 0.001%,86.23,88.47531525313855
2024-09-25,DO 0.05%,85.61,86.0638313651085
2024-09-26,DO 0.001%,83.26,88.39653431117536
2024-09-26,DO 0.05%,82.6,86.03484134078026
2024-09-27,DO 0.001%,84.23,88.16223431348801
2024-09-27,DO 0.05%,83.41,85.74397140741348
2024-09-30,DO 0.001%,84.66,88.24152191996575
2024-09-30,DO 0.05%,83.82,85.78865133523942
2024-10-01,DO 0.001%,83.05,88.06790847301484
2024-10-01,DO 0.05%,82.4,85.65212109088898
2024-10-02,DO 0.001%,87.45,88.01938187062741
2024-10-02,DO 0.05%,86.86,85.42368224263191
2024-10-03,DO 0.001%,86.45,87.91755847334862
2024-10-03,DO 0.05%,85.92,85.45933292508126
2024-10-04,DO 0.001%,90.98,87.9197252726555
2024-10-04,DO 0.05%,90.45,85.39204809069633
2024-10-07,DO 0.001%,91.76,87.68495095074178
2024-10-07,DO 0.05%,91.25,85.08907027840615
2024-10-08,DO 0.001%,92.38,87.69545615434647
2024-10-08,DO 0.05%,91.89,85.15488733053208
2024-10-09,DO 0.001%,90.87,87.53642817735673
2024-10-09,DO 0.05%,90.36,84.88441268205644
2024-10-10,DO 0.001%,90.38,87.4504245710373
2024-10-10,DO 0.05%,89.86,84.87700488567353
2024-10-11,DO 0.001%,91.86,87.3121159386635
2024-10-11,DO 0.05%,91.29,84.62977100610733
2024-10-14,DO 0.001%,90.97,87.32801658034326
2024-10-14,DO 0.05%,90.35,84.8487884938717
2024-10-15,DO 0.001%,86.8,87.21581195056439
2024-10-15,DO 0.05%,86.22,84.67689900398256
2024-10-16,DO 0.001%,86.0,87.00805793941022
2024-10-16,DO 0.05%,85.48,84.40335631966592
2024-10-17,DO 0.001%,86.14,87.0917007046938
2024-10-17,DO 0.05%,85.51,84.49665322303773
2024-10-18,DO 0.001%,86.42,86.93508207917215
2024-10-18,DO 0.05%,85.79,84.31084894537926
2024-10-21,DO 0.001%,85.74,86.98551136851312
2024-10-21,DO 0.05%,85.24,84.20775446295738
2024-10-22,DO 0.001%,85.81,86.95024967432023
2024-10-22,DO 0.05%,85.35,84.32897102236748
2024-10-23,DO 0.001%,88.12,86.68920425832272
2024-10-23,DO 0.05%,87.78,84.00898389220238
2024-10-24,DO 0.001%,88.64,86.64048900425435
2024-10-24,DO 0.05%,88.3,83.97194491028786
2024-10-25,DO 0.001%,87.02,86.6139645779133
2024-10-25,DO 0.05%,86.62,83.94094132184983
2024-10-28,DO 0.001%,85.69,86.53139443218708
2024-10-28,DO 0.05%,85.37,83.88306195139886
2024-10-29,DO 0.001%,85.33,86.37254971683026
2024-10-29,DO 0.05%,85.08,83.78687187433243
2024-10-30,DO 0.001%,86.28,86.30387511491776
2024-10-30,DO 0.05%,86.0,83.6043263912201
2024-10-31,DO 0.001%,86.28,86.241328997612
2024-10-31,DO 0.05%,86.0,83.59710405468941
2024-11-01,DO 0.001%,90.87,86.01587406873703
2024-11-01,DO 0.05%,90.6,83.30529092550279
2024-11-04,DO 0.001%,91.02,86.12946394085884
2024-11-04,DO 0.05%,90.75,83.37485426664352
2024-11-05,DO 0.001%,91.47,86.03529441177845
2024-11-05,DO 0.05%,91.13,83.20664218068123
2024-11-06,DO 0.001%,90.57,85.85819899380208
2024-11-06,DO 0.05%,90.29,83.21113560795784
2024-11-07,DO 0.001%,90.13,85.8481357741356
2024-11-07,DO 0.05%,89.92,83.0962034881115
2024-11-08,DO 0.001%,90.21,85.6943792641163
2024-11-08,DO 0.05%,89.97,82.96176629066468
2024-11-11,DO 0.001%,89.16,85.73412547826767
2024-11-11,DO 0.05%,89.0,82.79542469978333
2024-11-12,DO 0.001%,87.15,85.66224379777908
2024-11-12,DO 0.05%,87.0,82.95578918457032
2024-11-13,DO 0.001%,87.42,85.47172716021538
2024-11-13,DO 0.05%,87.3,82.65807843208313
2024-09-19,DO 0.001%,84.96,83.65524658560753
2024-09-19,DO 0.05%,84.46,83.05631892442703
2024-09-20,DO 0.001%,84.32,83.56341434955597
2024-09-20,DO 0.05%,83.81,82.84170159459114
2024-09-23,DO 0.001%,84.39,83.49097544193268
2024-09-23,DO 0.05%,83.88,82.66583934903144
2024-09-24,DO 0.001%,84.98,83.45778588473797
2024-09-24,DO 0.05%,84.47,82.54614654064179
2024-09-25,DO 0.001%,86.23,83.25496689379216
2024-09-25,DO 0.05%,85.61,82.15610158324242
2024-09-26,DO 0.001%,83.26,83.02900824904442
2024-09-26,DO 0.05%,82.6,81.9071444928646
2024-09-27,DO 0.001%,84.23,83.14565678119659
2024-09-27,DO 0.05%,83.41,81.95326832771302
2024-09-30,DO 0.001%,84.66,82.98240555346013
2024-09-30,DO 0.05%,83.82,81.61738269925118
2024-10-01,DO 0.001%,83.05,82.78678070127964
2024-10-01,DO 0.05%,82.4,81.37824896335601
2024-10-02,DO 0.001%,87.45,82.68949564635753
2024-10-02,DO 0.05%,86.86,81.16160670876504
2024-10-03,DO 0.001%,86.45,82.76365099787712
2024-10-03,DO 0.05%,85.92,81.12354306221009
2024-10-04,DO 0.001%,90.98,82.694883787632
2024-10-04,DO 0.05%,90.45,81.13148965716361
2024-10-07,DO 0.001%,91.76,82.55870759665966
2024-10-07,DO 0.05%,91.25,80.78697093486785
2024-10-08,DO 0.001%,92.38,82.55775235831737
2024-10-08,DO 0.05%,91.89,80.72176341891289
2024-10-09,DO 0.001%,90.87,82.6107979375124
2024-10-09,DO 0.05%,90.36,80.63676102876663
2024-10-10,DO 0.001%,90.38,82.61767863869667
2024-10-10,DO 0.05%,89.86,80.56457986950875
2024-10-11,DO 0.001%,91.86,82.33432609021663
2024-10-11,DO 0.05%,91.29,80.29036554694176
2024-10-14,DO 0.001%,90.97,82.36351558685303
2024-10-14,DO 0.05%,90.35,80.24588634610176
2024-10-15,DO 0.001%,86.8,82.12122336149216
2024-10-15,DO 0.05%,86.22,79.98312025666237
2024-10-16,DO 0.001%,86.0,82.07790927290917
2024-10-16,DO 0.05%,85.48,79.8144193303585
2024-10-17,DO 0.001%,86.14,82.07782966971398
2024-10-17,DO 0.05%,85.51,79.72552513360976
2024-10-18,DO 0.001%,86.42,82.07122757971287
2024-10-18,DO 0.05%,85.79,79.62499008893967
2024-10-21,DO 0.001%,85.74,81.89969761967659
2024-10-21,DO 0.05%,85.24,79.43162953019142
2024-10-22,DO 0.001%,85.81,82.01758000135422
2024-10-22,DO 0.05%,85.35,79.4837293624878
2024-10-23,DO 0.001%,88.12,82.09648169338703
2024-10-23,DO 0.05%,87.78,79.40542404055596
2024-10-24,DO 0.001%,88.64,82.04225201666355
2024-10-24,DO 0.05%,88.3,79.31734475255013
2024-10-25,DO 0.001%,87.02,82.06875490546227
2024-10-25,DO 0.05%,86.62,79.25596977710724
2024-10-28,DO 0.001%,85.69,81.91604612588883
2024-10-28,DO 0.05%,85.37,79.08278932213783
2024-10-29,DO 0.001%,85.33,81.76923295795918
2024-10-29,DO 0.05%,85.08,78.86015131473542
2024-10-30,DO 0.001%,86.28,81.67557482361794
2024-10-30,DO 0.05%,86.0,78.82011213183402
2024-10-31,DO 0.001%,86.28,81.7498645055294
2024-10-31,DO 0.05%,86.0,78.67310259461402
2024-11-01,DO 0.001%,90.87,81.88976712107659
2024-11-01,DO 0.05%,90.6,78.74050295591354
2024-11-04,DO 0.001%,91.02,81.76975535392761
2024-11-04,DO 0.05%,90.75,78.5593907225132
2024-11-05,DO 0.001%,91.47,81.81929341733455
2024-11-05,DO 0.05%,91.13,78.47684787511825
2024-11-06,DO 0.001%,90.57,81.54331909000874
2024-11-06,DO 0.05%,90.29,78.16866914391518
2024-11-07,DO 0.001%,90.13,81.4686811441183
2024-11-07,DO 0.05%,89.92,78.09501127123832
2024-11-08,DO 0.001%,90.21,81.44753157019615
2024-11-08,DO 0.05%,89.97,77.91470406889916
2024-11-11,DO 0.001%,89.16,81.47764147877693
2024-11-11,DO 0.05%,89.0,77.93050342082977
2024-11-12,DO 0.001%,87.15,81.56824981570244
2024-11-12,DO 0.05%,87.0,77.77823401808739
2024-11-13,DO 0.001%,87.42,81.3672567230463
2024-11-13,DO 0.05%,87.3,77.61095547795296
2024-11-14,DO 0.001%,87.85,81.12411373853683
2024-11-14,DO 0.05%,87.75,77.33697328090668
2024-11-15,DO 0.001%,86.5,81.21629921376704
2024-11-15,DO 0.05%,86.46,77.30317679286003
2024-11-18,DO 0.001%,87.24,81.16400986492634
2024-11-18,DO 0.05%,87.2,77.20363445520401
2024-11-19,DO 0.001%,89.91,81.19731385171413
2024-11-19,DO 0.05%,89.88,77.09248090267181
2024-11-20,DO 0.001%,89.75,81.14384538054466
2024-11-20,DO 0.05%,89.72,76.92997822165489
2024-11-21,DO 0.001%,89.94,80.88204539716244
2024-11-21,DO 0.05%,89.91,76.71246673107147
2024-11-22,DO 0.001%,91.23,80.90793633639812
2024-11-22,DO 0.05%,91.2,76.5523742043972
2024-11-25,DO 0.001%,90.01,80.99038037061692
2024-11-25,DO 0.05%,89.94,76.63950029611587
2024-11-26,DO 0.001%,89.31,80.98169367194176
2024-11-26,DO 0.05%,89.28,76.53837259054184
2024-11-27,DO 0.001%,88.4,80.61526523888111
2024-11-27,DO 0.05%,88.33,76.1930932867527
2024-11-28,DO 0.001%,87.58,80.76375504910946
2024-11-28,DO 0.05%,87.45,76.2432966041565
2024-11-29,DO 0.001%,88.1,80.68647527217865
2024-11-29,DO 0.05%,87.97,76.02389353752136
2024-12-02,DO 0.001%,87.71,80.86518444538116
2024-12-02,DO 0.05%,87.58,76.08291268587112
2024-12-03,DO 0.001%,87.2,80.76986956954002
2024-12-03,DO 0.05%,87.08,75.99388514041901
2024-12-04,DO 0.001%,88.1,80.81361152529716
2024-12-04,DO 0.05%,87.92,75.8625761783123
2024-12-05,DO 0.001%,86.86,80.7601331037283
2024-12-05,DO 0.05%,86.68,75.79853422880173
2024-12-06,DO 0.001%,86.46,80.64924585282803
2024-12-06,DO 0.05%,86.35,75.76213003277779
2024-12-09,DO 0.001%,86.98,80.69484853327275
2024-12-09,DO 0.05%,86.86,75.65093696951867
2024-12-10,DO 0.001%,87.18,80.661047026515
2024-12-10,DO 0.05%,87.06,75.43459104537963
2024-12-11,DO 0.001%,87.54,80.40819742739201
2024-12-11,DO 0.05%,87.42,75.18913559317589
2024-10-17,DO 0.001%,86.14,86.01230239868164
2024-10-17,DO 0.05%,85.51,85.54772280693055
2024-10-18,DO 0.001%,86.42,86.05961537361145
2024-10-18,DO 0.05%,85.79,85.60969844818116
2024-10-21,DO 0.001%,85.74,86.31425452232361
2024-10-21,DO 0.05%,85.24,85.72608874320984
2024-10-22,DO 0.001%,85.81,85.96671175956726
2024-10-22,DO 0.05%,85.35,85.42365943431855
2024-10-23,DO 0.001%,88.12,85.84028923511505
2024-10-23,DO 0.05%,87.78,85.30996949195863
2024-10-24,DO 0.001%,88.64,85.94598734378815
2024-10-24,DO 0.05%,88.3,85.36564261198045
2024-10-25,DO 0.001%,87.02,85.66768145561218
2024-10-25,DO 0.05%,86.62,85.04146272659302
2024-10-28,DO 0.001%,85.69,85.58478379249573
2024-10-28,DO 0.05%,85.37,85.01226325273514
2024-10-29,DO 0.001%,85.33,85.31227028369904
2024-10-29,DO 0.05%,85.08,84.721659450531
2024-10-30,DO 0.001%,86.28,85.24459683895111
2024-10-30,DO 0.05%,86.0,84.57624291181564
2024-10-31,DO 0.001%,86.28,84.84620416164398
2024-10-31,DO 0.05%,86.0,84.27015538930894
2024-11-01,DO 0.001%,90.87,84.83486545085907
2024-11-01,DO 0.05%,90.6,84.192013297081
2024-11-04,DO 0.001%,91.02,84.99542200565338
2024-11-04,DO 0.05%,90.75,84.32659276008606
2024-11-05,DO 0.001%,91.47,84.66836786270142
2024-11-05,DO 0.05%,91.13,84.01958304166794
2024-11-06,DO 0.001%,90.57,84.50440764427185
2024-11-06,DO 0.05%,90.29,83.87919017791748
2024-11-07,DO 0.001%,90.13,84.45194816589355
2024-11-07,DO 0.05%,89.92,83.7947965145111
2024-11-08,DO 0.001%,90.21,84.40201580524445
2024-11-08,DO 0.05%,89.97,83.73473150014878
2024-11-11,DO 0.001%,89.16,84.2760956287384
2024-11-11,DO 0.05%,89.0,83.56172041416168
2024-11-12,DO 0.001%,87.15,84.13500249385834
2024-11-12,DO 0.05%,87.0,83.46926645278931
2024-11-13,DO 0.001%,87.42,84.13409006595612
2024-11-13,DO 0.05%,87.3,83.44486137866974
2024-11-14,DO 0.001%,87.85,84.01199388504028
2024-11-14,DO 0.05%,87.75,83.30390296936035
2024-11-15,DO 0.001%,86.5,84.00658082962036
2024-11-15,DO 0.05%,86.46,83.21852596998215
2024-11-18,DO 0.001%,87.24,83.892906665802
2024-11-18,DO 0.05%,87.2,83.14912181138993
2024-11-19,DO 0.001%,89.91,83.69503283500671
2024-11-19,DO 0.05%,89.88,82.89812148332597
2024-11-20,DO 0.001%,89.75,83.57431554794312
2024-11-20,DO 0.05%,89.72,82.77211181879044
2024-11-21,DO 0.001%,89.94,83.51144516468048
2024-11-21,DO 0.05%,89.91,82.71503247737886
2024-11-22,DO 0.001%,91.23,83.39924216270447
2024-11-22,DO 0.05%,91.2,82.58846236228943
2024-11-25,DO 0.001%,90.01,83.19743156433105
2024-11-25,DO 0.05%,89.94,82.42938102006913
2024-11-26,DO 0.001%,89.31,82.95622253417969
2024-11-26,DO 0.05%,89.28,82.17165528535843
2024-11-27,DO 0.001%,88.4,82.9030249118805
2024-11-27,DO 0.05%,88.33,82.13932238340378
2024-11-28,DO 0.001%,87.58,82.64384925365448
2024-11-28,DO 0.05%,87.45,81.86052880287171
2024-11-29,DO 0.001%,88.1,82.79239046573639
2024-11-29,DO 0.05%,87.97,81.89087465286255
2024-12-02,DO 0.001%,87.71,82.61422610282898
2024-12-02,DO 0.05%,87.58,81.75734476089478
2024-12-03,DO 0.001%,87.2,82.47901248931885
2024-12-03,DO 0.05%,87.08,81.62651012659073
2024-12-04,DO 0.001%,88.1,82.44282805919647
2024-12-04,DO 0.05%,87.92,81.59694890737534
2024-12-05,DO 0.001%,86.86,82.277299284935
2024-12-05,DO 0.05%,86.68,81.40236557006837
2024-12-06,DO 0.001%,86.46,82.14424884319305
2024-12-06,DO 0.05%,86.35,81.34161273002626
2024-12-09,DO 0.001%,86.98,82.20047080516815
2024-12-09,DO 0.05%,86.86,81.32255741119386
2024-12-10,DO 0.001%,87.18,82.22028279304504
2024-12-10,DO 0.05%,87.06,81.31622941493988
2024-12-11,DO 0.001%,87.54,82.11366200447083
2024-12-11,DO 0.05%,87.42,81.19768393278122
2024-12-12,DO 0.001%,89.7,81.97269701957703
2024-12-12,DO 0.05%,89.53,81.03688557386398
2024-12-13,DO 0.001%,90.03,81.96518230438232
2024-12-13,DO 0.05%,89.67,81.05214511394502
2024-12-16,DO 0.001%,90.75,81.88650846481323
2024-12-16,DO 0.05%,90.19,80.89672198534012
2024-12-17,DO 0.001%,89.99,81.70390498638153
2024-12-17,DO 0.05%,89.32,80.75346572875976
2024-12-18,DO 0.001%,89.79,81.65124046802521
2024-12-18,DO 0.05%,89.12,80.6928351688385
2024-12-19,DO 0.001%,89.87,81.76000392436981
2024-12-19,DO 0.05%,89.2,80.79827120304108
2024-12-20,DO 0.001%,89.1,81.52231132984161
2024-12-20,DO 0.05%,88.43,80.5345741224289
2024-12-23,DO 0.001%,89.97,81.43573319911957
2024-12-23,DO 0.05%,89.3,80.44144252538682
2024-12-24,DO 0.001%,89.01,81.25429332256317
2024-12-24,DO 0.05%,88.32,80.20762255430222
2024-12-26,DO 0.001%,89.2,81.15597665309906
2024-12-26,DO 0.05%,88.48,80.1627865099907
2024-12-27,DO 0.001%,89.02,80.97358846664429
2024-12-27,DO 0.05%,88.31,79.97406752347946
2024-12-30,DO 0.001%,90.69,81.13549315929413
2024-12-30,DO 0.05%,89.98,80.1046270275116
2024-12-31,DO 0.001%,91.85,80.84052777290344
2024-12-31,DO 0.05%,91.14,79.80639090776444
2025-01-02,DO 0.001%,92.29,80.88410902023315
2025-01-02,DO 0.05%,91.58,79.8262308573723
2025-01-03,DO 0.001%,93.47,80.77659118175507
2025-01-03,DO 0.05%,92.76,79.69150873422623
2025-01-06,DO 0.001%,92.73,80.51533436775208
2025-01-06,DO 0.05%,92.07,79.47802802324296
2025-01-07,DO 0.001%,92.39,80.50018191337585
2025-01-07,DO 0.05%,91.74,79.42532019615173
2025-01-08,DO 0.001%,93.58,80.41641795635223
2025-01-08,DO 0.05%,92.94,79.33064481258393
2025-01-09,DO 0.001%,92.36,80.35446000099182
2025-01-09,DO 0.05%,91.75,79.30830831050874
2025-01-10,DO 0.001%,94.09,80.32665145397186
2025-01-10,DO 0.05%,93.54,79.22206006526947
2024-11-14,DO 0.001%,87.85,87.17736142873764
2024-11-14,DO 0.05%,87.75,87.295551019907
2024-11-15,DO 0.001%,86.5,87.16611687183381
2024-11-15,DO 0.05%,86.46,87.37886402606964
2024-11-18,DO 0.001%,87.24,87.08073014616967
2024-11-18,DO 0.05%,87.2,87.27875937223435
2024-11-19,DO 0.001%,89.91,86.95416895866394
2024-11-19,DO 0.05%,89.88,87.15137284398078
2024-11-20,DO 0.001%,89.75,86.83713802814484
2024-11-20,DO 0.05%,89.72,86.97762846350669
2024-11-21,DO 0.001%,89.94,86.7559979724884
2024-11-21,DO 0.05%,89.91,86.96085242629051
2024-11-22,DO 0.001%,91.23,86.62936383605003
2024-11-22,DO 0.05%,91.2,86.82452110648155
2024-11-25,DO 0.001%,90.01,86.63226095080375
2024-11-25,DO 0.05%,89.94,86.76281297206879
2024-11-26,DO 0.001%,89.31,86.44542310237885
2024-11-26,DO 0.05%,89.28,86.54392315149308
2024-11-27,DO 0.001%,88.4,86.18948698282242
2024-11-27,DO 0.05%,88.33,86.23735460042953
2024-11-28,DO 0.001%,87.58,86.25072761178016
2024-11-28,DO 0.05%,87.45,86.33601268529891
2024-11-29,DO 0.001%,88.1,86.10539249539376
2024-11-29,DO 0.05%,87.97,86.08529834747314
2024-12-02,DO 0.001%,87.71,85.92763678908348
2024-12-02,DO 0.05%,87.58,85.91231887936591
2024-12-03,DO 0.001%,87.2,85.83252701282501
2024-12-03,DO 0.05%,87.08,85.75868597030639
2024-12-04,DO 0.001%,88.1,85.77135412216187
2024-12-04,DO 0.05%,87.92,85.58062790036202
2024-12-05,DO 0.001%,86.86,85.69058402180671
2024-12-05,DO 0.05%,86.68,85.59610306620597
2024-12-06,DO 0.001%,86.46,85.62250182509422
2024-12-06,DO 0.05%,86.35,85.4711205482483
2024-12-09,DO 0.001%,86.98,85.57200032114983
2024-12-09,DO 0.05%,86.86,85.44017021656036
2024-12-10,DO 0.001%,87.18,85.49814994812012
2024-12-10,DO 0.05%,87.06,85.3285242319107
2024-12-11,DO 0.001%,87.54,85.43103693008423
2024-12-11,DO 0.05%,87.42,85.3021997988224
2024-12-12,DO 0.001%,89.7,85.34833368301392
2024-12-12,DO 0.05%,89.53,85.2807926595211
2024-12-13,DO 0.001%,90.03,85.2664745593071
2024-12-13,DO 0.05%,89.67,85.15115302205085
2024-12-16,DO 0.001%,90.75,85.14791691184044
2024-12-16,DO 0.05%,90.19,84.91395733952523
2024-12-17,DO 0.001%,89.99,85.11178113698959
2024-12-17,DO 0.05%,89.32,84.95950865149497
2024-12-18,DO 0.001%,89.79,85.00616671442985
2024-12-18,DO 0.05%,89.12,84.79928812980651
2024-12-19,DO 0.001%,89.87,84.97618470311166
2024-12-19,DO 0.05%,89.2,84.66383099555969
2024-12-20,DO 0.001%,89.1,84.8289529144764
2024-12-20,DO 0.05%,88.43,84.65857027173043
2024-12-23,DO 0.001%,89.97,84.79423964381218
2024-12-23,DO 0.05%,89.3,84.48111060261726
2024-12-24,DO 0.001%,89.01,84.62517528176308
2024-12-24,DO 0.05%,88.32,84.21744999289513
2024-12-26,DO 0.001%,89.2,84.65159842729568
2024-12-26,DO 0.05%,88.48,84.35449419021606
2024-12-27,DO 0.001%,89.02,84.62669678807259
2024-12-27,DO 0.05%,88.31,84.33200472593307
2024-12-30,DO 0.001%,90.69,84.44096880555153
2024-12-30,DO 0.05%,89.98,84.10156837105751
2024-12-31,DO 0.001%,91.85,84.35338319063187
2024-12-31,DO 0.05%,91.14,84.00879022479057
2025-01-02,DO 0.001%,92.29,84.22550892233849
2025-01-02,DO 0.05%,91.58,83.69487435221671
2025-01-03,DO 0.001%,93.47,84.1844126200676
2025-01-03,DO 0.05%,92.76,83.79219514131546
2025-01-06,DO 0.001%,92.73,84.17888934373856
2025-01-06,DO 0.05%,92.07,83.7871165394783
2025-01-07,DO 0.001%,92.39,84.08323766112328
2025-01-07,DO 0.05%,91.74,83.6678058207035
2025-01-08,DO 0.001%,93.58,83.92066575407982
2025-01-08,DO 0.05%,92.94,83.44559617638588
2025-01-09,DO 0.001%,92.36,83.87802189230919
2025-01-09,DO 0.05%,91.75,83.427737814188
2025-01-10,DO 0.001%,94.09,83.87149296283722
2025-01-10,DO 0.05%,93.54,83.46086840629577
2025-01-13,DO 0.001%,99.13,83.8279372394085
2025-01-13,DO 0.05%,98.56,83.30214128494262
2025-01-14,DO 0.001%,96.7,83.6558090221882
2025-01-14,DO 0.05%,96.18,83.11811481714248
2025-01-15,DO 0.001%,97.61,83.60331705451011
2025-01-15,DO 0.05%,97.09,82.99755526185035
2025-01-16,DO 0.001%,99.56,83.59727271437644
2025-01-16,DO 0.05%,99.01,83.05208778977394
2025-01-17,DO 0.001%,100.19,83.49864575743675
2025-01-17,DO 0.05%,99.55,82.92636117339134
2025-01-20,DO 0.001%,99.77,83.32871642947197
2025-01-20,DO 0.05%,99.02,82.69602368474007
2025-01-21,DO 0.001%,97.7,83.2311055469513
2025-01-21,DO 0.05%,96.95,82.50431166887283
2025-01-22,DO 0.001%,96.85,83.19779393792153
2025-01-22,DO 0.05%,96.1,82.52844543457032
2025-01-23,DO 0.001%,95.61,83.13786117911339
2025-01-23,DO 0.05%,94.86,82.4041289627552
2025-01-24,DO 0.001%,95.03,83.06944550156594
2025-01-24,DO 0.05%,94.25,82.30189608335495
2025-01-27,DO 0.001%,93.29,83.02038213372231
2025-01-27,DO 0.05%,92.63,82.31668959259987
2025-01-28,DO 0.001%,93.0,82.8245350921154
2025-01-28,DO 0.05%,92.41,82.027604752779
2025-01-29,DO 0.001%,93.0,82.7819277048111
2025-01-29,DO 0.05%,92.41,81.96800923347473
2025-01-30,DO 0.001%,93.0,82.70630050420762
2025-01-30,DO 0.05%,92.41,81.80564487576484
2025-01-31,DO 0.001%,92.89,82.6168963766098
2025-01-31,DO 0.05%,92.3,81.67610930800437
2025-02-03,DO 0.001%,93.44,82.60701700687409
2025-02-03,DO 0.05%,93.07,81.70555062890053
2025-02-04,DO 0.001%,91.37,82.5735803425312
2025-02-04,DO 0.05%,90.89,81.64249999523163
2025-02-05,DO 0.001%,92.1,82.49206512093544
2025-02-05,DO 0.05%,91.55,81.54742711186408
2025-02-06,DO 0.001%,90.63,82.4200697350502
2025-02-06,DO 0.05%,89.93,81.46236053109169
2025-02-07,DO 0.001%,91.48,82.3912809598446
2025-02-07,DO 0.05%,90.71,81.31430055499077
2024-12-12,DO 0.001%,89.7,87.62523782730104
2024-12-12,DO 0.05%,89.53,87.52399391412735
2024-12-13,DO 0.001%,90.03,87.48081981897354
2024-12-13,DO 0.05%,89.67,87.33618688702583
2024-12-16,DO 0.001%,90.75,87.34282491087914
2024-12-16,DO 0.05%,90.19,87.10800783634186
2024-12-17,DO 0.001%,89.99,87.30442718982697
2024-12-17,DO 0.05%,89.32,86.98067026376724
2024-12-18,DO 0.001%,89.79,87.10535282492638
2024-12-18,DO 0.05%,89.12,86.69228750109673
2024-12-19,DO 0.001%,89.87,86.93891052246094
2024-12-19,DO 0.05%,89.2,86.61254910707474
2024-12-20,DO 0.001%,89.1,86.82830379724503
2024-12-20,DO 0.05%,88.43,86.37676252484322
2024-12-23,DO 0.001%,89.97,86.72858660101892
2024-12-23,DO 0.05%,89.3,86.21496179223061
2024-12-24,DO 0.001%,89.01,86.65845949530602
2024-12-24,DO 0.05%,88.32,86.18611570000648
2024-12-26,DO 0.001%,89.2,86.52921482205392
2024-12-26,DO 0.05%,88.48,86.01238781690597
2024-12-27,DO 0.001%,89.02,86.37272806406021
2024-12-27,DO 0.05%,88.31,85.83377235531808
2024-12-30,DO 0.001%,90.69,86.27510320186616
2024-12-30,DO 0.05%,89.98,85.6443812942505
2024-12-31,DO 0.001%,91.85,86.28471437215806
2024-12-31,DO 0.05%,91.14,85.5485368180275
2025-01-02,DO 0.001%,92.29,86.12029657244683
2025-01-02,DO 0.05%,91.58,85.419636054039
2025-01-03,DO 0.001%,93.47,86.05968149900437
2025-01-03,DO 0.05%,92.76,85.24012436270714
2025-01-06,DO 0.001%,92.73,85.91954729676247
2025-01-06,DO 0.05%,92.07,85.0407705616951
2025-01-07,DO 0.001%,92.39,85.86490137577057
2025-01-07,DO 0.05%,91.74,84.96450245261192
2025-01-08,DO 0.001%,93.58,85.86772420048715
2025-01-08,DO 0.05%,92.94,85.00267558693886
2025-01-09,DO 0.001%,92.36,85.69844863772393
2025-01-09,DO 0.05%,91.75,84.80174817323685
2025-01-10,DO 0.001%,94.09,85.54429944992066
2025-01-10,DO 0.05%,93.54,84.51411053180695
2025-01-13,DO 0.001%,99.13,85.50288584589958
2025-01-13,DO 0.05%,98.56,84.48092918872834
2025-01-14,DO 0.001%,96.7,85.28808506011964
2025-01-14,DO 0.05%,96.18,84.27701086878777
2025-01-15,DO 0.001%,97.61,85.27539017558098
2025-01-15,DO 0.05%,97.09,84.22748896479607
2025-01-16,DO 0.001%,99.56,85.15893430709839
2025-01-16,DO 0.05%,99.01,84.07201915740967
2025-01-17,DO 0.001%,100.19,85.06260345697403
2025-01-17,DO 0.05%,99.55,83.98104662775994
2025-01-20,DO 0.001%,99.77,84.98067892670632
2025-01-20,DO 0.05%,99.02,83.87428586483001
2025-01-21,DO 0.001%,97.7,84.88461940169336
2025-01-21,DO 0.05%,96.95,83.80496353626252
2025-01-22,DO 0.001%,96.85,84.8235869050026
2025-01-22,DO 0.05%,96.1,83.58241718530655
2025-01-23,DO 0.001%,95.61,84.7105591249466
2025-01-23,DO 0.05%,94.86,83.44360578775407
2025-01-24,DO 0.001%,95.03,84.56117377996445
2025-01-24,DO 0.05%,94.25,83.32508982539177
2025-01-27,DO 0.001%,93.29,84.55003379702569
2025-01-27,DO 0.05%,92.63,83.33079547405244
2025-01-28,DO 0.001%,93.0,84.6004063475132
2025-01-28,DO 0.05%,92.41,83.31761777043343
2025-01-29,DO 0.001%,93.0,84.47372882723809
2025-01-29,DO 0.05%,92.41,83.16449796080589
2025-01-30,DO 0.001%,93.0,84.45072358846664
2025-01-30,DO 0.05%,92.41,83.07861622452737
2025-01-31,DO 0.001%,92.89,84.54857281565667
2025-01-31,DO 0.05%,92.3,83.16354441404343
2025-02-03,DO 0.001%,93.44,84.39282698392869
2025-02-03,DO 0.05%,93.07,82.92390717029572
2025-02-04,DO 0.001%,91.37,84.29013042926789
2025-02-04,DO 0.05%,90.89,82.80865306735039
2025-02-05,DO 0.001%,92.1,84.26130213618279
2025-02-05,DO 0.05%,91.55,82.7711833691597
2025-02-06,DO 0.001%,90.63,84.23107547521592
2025-02-06,DO 0.05%,89.93,82.88619257211685
2025-02-07,DO 0.001%,91.48,84.09386323571206
2025-02-07,DO 0.05%,90.71,82.6527559876442
2025-02-10,DO 0.001%,91.81,84.0984966337681
2025-02-10,DO 0.05%,90.82,82.60738175153732
2025-02-11,DO 0.001%,93.28,84.02273953199388
2025-02-11,DO 0.05%,92.29,82.60401567935943
2025-02-12,DO 0.001%,93.87,83.96834928274156
2025-02-12,DO 0.05%,92.66,82.4645685839653
2025-02-13,DO 0.001%,91.99,83.88581948876381
2025-02-13,DO 0.05%,90.8,82.35580172538758
2025-02-14,DO 0.001%,92.42,83.7828150844574
2025-02-14,DO 0.05%,91.18,82.30037095785141
2025-02-17,DO 0.001%,91.92,83.72334270715714
2025-02-17,DO 0.05%,90.65,82.23882811188697
2025-02-18,DO 0.001%,92.16,83.6091043996811
2025-02-18,DO 0.05%,90.84,82.08818335533142
2025-02-19,DO 0.001%,92.75,83.56104333043099
2025-02-19,DO 0.05%,91.38,82.01494783759118
2025-02-20,DO 0.001%,93.2,83.54913111448289
2025-02-20,DO 0.05%,91.89,81.98025019884109
2025-02-21,DO 0.001%,93.22,83.51669732809067
2025-02-21,DO 0.05%,91.92,81.87469830393792
2025-02-24,DO 0.001%,90.82,83.41816978812219
2025-02-24,DO 0.05%,89.51,81.6850102365017
2025-02-25,DO 0.001%,91.2,83.26200653314591
2025-02-25,DO 0.05%,89.99,81.4424133503437
2025-02-26,DO 0.001%,89.16,83.21732659220696
2025-02-26,DO 0.05%,87.84,81.45570568799972
2025-02-27,DO 0.001%,88.2,83.16296243190766
2025-02-27,DO 0.05%,86.84,81.38299644470214
2025-02-28,DO 0.001%,89.1,83.10491451144219
2025-02-28,DO 0.05%,87.74,81.39239122509956
2025-03-03,DO 0.001%,88.65,83.0666211462021
2025-03-03,DO 0.05%,87.29,81.36533238172531
2025-03-04,DO 0.001%,86.88,83.03108277440072
2025-03-04,DO 0.05%,85.44,81.25098492980004
2025-03-05,DO 0.001%,86.92,82.81319305658342
2025-03-05,DO 0.05%,85.41,81.03169522762299
2025-03-06,DO 0.001%,86.06,82.77934524893762
2025-03-06,DO 0.05%,84.55,81.02139379620552
2025-03-07,DO 0.001%,86.13,82.72808567404748
2025-03-07,DO 0.05%,84.64,80.87949770092965
2025-01-13,DO 0.001%,99.13,93.75484269022942
2025-01-13,DO 0.05%,98.56,93.07742983102798
2025-01-14,DO 0.001%,96.7,93.65854427039623
2025-01-14,DO 0.05%,96.18,93.01613925576211
2025-01-15,DO 0.001%,97.61,93.61096429288388
2025-01-15,DO 0.05%,97.09,92.99244372725488
2025-01-16,DO 0.001%,99.56,93.64763071119786
2025-01-16,DO 0.05%,99.01,93.02599102020264
2025-01-17,DO 0.001%,100.19,93.41455948472023
2025-01-17,DO 0.05%,99.55,92.85886785149575
2025-01-20,DO 0.001%,99.77,93.19160545289517
2025-01-20,DO 0.05%,99.02,92.6172905445099
2025-01-21,DO 0.001%,97.7,93.10766189992428
2025-01-21,DO 0.05%,96.95,92.58999887108803
2025-01-22,DO 0.001%,96.85,93.1120194721222
2025-01-22,DO 0.05%,96.1,92.51159176111221
2025-01-23,DO 0.001%,95.61,92.98236347258091
2025-01-23,DO 0.05%,94.86,92.40507339119912
2025-01-24,DO 0.001%,95.03,92.75593796432018
2025-01-24,DO 0.05%,94.25,92.28293269872665
2025-01-27,DO 0.001%,93.29,92.6272409671545
2025-01-27,DO 0.05%,92.63,92.10781995534897
2025-01-28,DO 0.001%,93.0,92.7292934012413
2025-01-28,DO 0.05%,92.41,92.27568465471268
2025-01-29,DO 0.001%,93.0,92.54378532767296
2025-01-29,DO 0.05%,92.41,92.09508569955827
2025-01-30,DO 0.001%,93.0,92.53655635654927
2025-01-30,DO 0.05%,92.41,92.1280364227295
2025-01-31,DO 0.001%,92.89,92.36810282230377
2025-01-31,DO 0.05%,92.3,91.97482949852945
2025-02-03,DO 0.001%,93.44,92.27873613893986
2025-02-03,DO 0.05%,93.07,91.83973710894585
2025-02-04,DO 0.001%,91.37,92.0093013370037
2025-02-04,DO 0.05%,90.89,91.59785315394402
2025-02-05,DO 0.001%,92.1,91.89823652386666
2025-02-05,DO 0.05%,91.55,91.50452064871789
2025-02-06,DO 0.001%,90.63,91.67213629126549
2025-02-06,DO 0.05%,89.93,91.27115035772324
2025-02-07,DO 0.001%,91.48,91.54434782266617
2025-02-07,DO 0.05%,90.71,91.16953278064729
2025-02-10,DO 0.001%,91.81,91.38179972410202
2025-02-10,DO 0.05%,90.82,91.06992235422135
2025-02-11,DO 0.001%,93.28,91.39344795763493
2025-02-11,DO 0.05%,92.29,90.99890824913979
2025-02-12,DO 0.001%,93.87,91.02198315441609
2025-02-12,DO 0.05%,92.66,90.70497218728066
2025-02-13,DO 0.001%,91.99,91.06687680363656
2025-02-13,DO 0.05%,90.8,90.66602788925171
2025-02-14,DO 0.001%,92.42,90.92267313063145
2025-02-14,DO 0.05%,91.18,90.61431030750275
2025-02-17,DO 0.001%,91.92,90.99964008152486
2025-02-17,DO 0.05%,90.65,90.66218085050583
2025-02-18,DO 0.001%,92.16,90.84427608847618
2025-02-18,DO 0.05%,90.84,90.59995918035507
2025-02-19,DO 0.001%,92.75,90.69141896128654
2025-02-19,DO 0.05%,91.38,90.31416322946549
2025-02-20,DO 0.001%,93.2,90.687762414217
2025-02-20,DO 0.05%,91.89,90.42121683955193
2025-02-21,DO 0.001%,93.22,90.7135377061367
2025-02-21,DO 0.05%,91.92,90.36473785042763
2025-02-24,DO 0.001%,90.82,90.61688036143781
2025-02-24,DO 0.05%,89.51,90.31493263721467
2025-02-25,DO 0.001%,91.2,90.47520598709583
2025-02-25,DO 0.05%,89.99,90.18958607912064
2025-02-26,DO 0.001%,89.16,90.37159447312355
2025-02-26,DO 0.05%,87.84,90.05807868361474
2025-02-27,DO 0.001%,88.2,90.27673175275326
2025-02-27,DO 0.05%,86.84,90.04973228216171
2025-02-28,DO 0.001%,89.1,90.19043275535107
2025-02-28,DO 0.05%,87.74,89.87741282343865
2025-03-03,DO 0.001%,88.65,90.07423083007336
2025-03-03,DO 0.05%,87.29,89.7913673901558
2025-03-04,DO 0.001%,86.88,89.87347966611385
2025-03-04,DO 0.05%,85.44,89.61784364104271
2025-03-05,DO 0.001%,86.92,89.71157651066781
2025-03-05,DO 0.05%,85.41,89.41406209588051
2025-03-06,DO 0.001%,86.06,89.48001949846744
2025-03-06,DO 0.05%,84.55,89.24469760894776
2025-03-07,DO 0.001%,86.13,89.4529655367136
2025-03-07,DO 0.05%,84.64,89.15741443276406
2025-03-10,DO 0.001%,86.32,89.25946016848087
2025-03-10,DO 0.05%,84.73,88.98091898560524
2025-03-11,DO 0.001%,85.24,89.23404940962791
2025-03-11,DO 0.05%,83.65,88.92992063283921
2025-03-12,DO 0.001%,85.54,89.06612304627896
2025-03-12,DO 0.05%,83.95,88.86195628166199
2025-03-13,DO 0.001%,85.81,89.04760476648808
2025-03-13,DO 0.05%,84.48,88.76522277116776
2025-03-14,DO 0.001%,84.93,89.03985423266889
2025-03-14,DO 0.05%,83.65,88.86172768950463
2025-03-17,DO 0.001%,85.55,88.98969448268414
2025-03-17,DO 0.05%,84.27,88.8008106672764
2025-03-18,DO 0.001%,86.01,88.83110016584396
2025-03-18,DO 0.05%,84.73,88.52271436929703
2025-03-19,DO 0.001%,84.83,88.65450913190843
2025-03-19,DO 0.05%,83.55,88.4458181977272
2025-03-20,DO 0.001%,86.18,88.63458319365978
2025-03-20,DO 0.05%,84.93,88.37429672956468
2025-03-21,DO 0.001%,86.73,88.40408613145351
2025-03-21,DO 0.05%,85.57,88.17502012252808
2025-03-24,DO 0.001%,86.77,88.26197431743145
2025-03-24,DO 0.05%,85.61,88.07396566271782
2025-03-25,DO 0.001%,87.09,88.12739431738854
2025-03-25,DO 0.05%,85.95,87.9945326757431
2025-03-26,DO 0.001%,87.88,88.21936320602894
2025-03-26,DO 0.05%,86.74,88.05224940776826
2025-03-27,DO 0.001%,87.83,88.0286899793148
2025-03-27,DO 0.05%,86.58,87.93528827905655
2025-03-28,DO 0.001%,88.19,87.86128517866135
2025-03-28,DO 0.05%,86.85,87.65060741186143
2025-03-31,DO 0.001%,88.19,87.6778184902668
2025-03-31,DO 0.05%,86.85,87.47256199836731
2025-04-01,DO 0.001%,89.19,87.73891423225403
2025-04-01,DO 0.05%,87.87,87.49459047675133
2025-04-02,DO 0.001%,88.8,87.68799176692963
2025-04-02,DO 0.05%,87.49,87.48625522613526
2025-04-03,DO 0.001%,87.2,87.38256913900376
2025-04-03,DO 0.05%,85.92,87.1750632441044
2025-04-04,DO 0.001%,82.67,87.33679500222206
2025-04-04,DO 0.05%,81.53,87.10776236772537
2025-02-10,DO 0.001%,91.81,91.54594414234161
2025-02-10,DO 0.05%,90.82,90.53409720778464
2025-02-11,DO 0.001%,93.28,91.27610424518586
2025-02-11,DO 0.05%,92.29,90.29470850586891
2025-02-12,DO 0.001%,93.87,91.34439301967622
2025-02-12,DO 0.05%,92.66,90.3468240469694
2025-02-13,DO 0.001%,91.99,91.23402627706528
2025-02-13,DO 0.05%,90.8,90.25193040013313
2025-02-14,DO 0.001%,92.42,90.99170036554337
2025-02-14,DO 0.05%,91.18,90.03993763625621
2025-02-17,DO 0.001%,91.92,90.88649181365967
2025-02-17,DO 0.05%,90.65,89.91764264464378
2025-02-18,DO 0.001%,92.16,90.83166558980942
2025-02-18,DO 0.05%,90.84,89.86905229628086
2025-02-19,DO 0.001%,92.75,90.61649379014969
2025-02-19,DO 0.05%,91.38,89.68316326022148
2025-02-20,DO 0.001%,93.2,90.54352665662766
2025-02-20,DO 0.05%,91.89,89.55688890993595
2025-02-21,DO 0.001%,93.22,90.41301243543626
2025-02-21,DO 0.05%,91.92,89.46151947021484
2025-02-24,DO 0.001%,90.82,90.31056836843491
2025-02-24,DO 0.05%,89.51,89.39560593545436
2025-02-25,DO 0.001%,91.2,90.18123736858368
2025-02-25,DO 0.05%,89.99,89.24608261466025
2025-02-26,DO 0.001%,89.16,90.3047722196579
2025-02-26,DO 0.05%,87.84,89.30455647885799
2025-02-27,DO 0.001%,88.2,90.30649525165558
2025-02-27,DO 0.05%,86.84,89.30864937901497
2025-02-28,DO 0.001%,89.1,90.03181886911392
2025-02-28,DO 0.05%,87.74,89.0644324606657
2025-03-03,DO 0.001%,88.65,89.91400928258896
2025-03-03,DO 0.05%,87.29,88.97742183685303
2025-03-04,DO 0.001%,86.88,89.9205088210106
2025-03-04,DO 0.05%,85.44,88.94151028752326
2025-03-05,DO 0.001%,86.92,89.77647207021714
2025-03-05,DO 0.05%,85.41,88.854737560153
2025-03-06,DO 0.001%,86.06,89.7510082745552
2025-03-06,DO 0.05%,84.55,88.80174612760543
2025-03-07,DO 0.001%,86.13,89.60132259607316
2025-03-07,DO 0.05%,84.64,88.68006750404834
2025-03-10,DO 0.001%,86.32,89.40729610681534
2025-03-10,DO 0.05%,84.73,88.45735318005084
2025-03-11,DO 0.001%,85.24,89.3462756919861
2025-03-11,DO 0.05%,83.65,88.4511678725481
2025-03-12,DO 0.001%,85.54,89.38613443851472
2025-03-12,DO 0.05%,83.95,88.42145244419574
2025-03-13,DO 0.001%,85.81,89.16257648944855
2025-03-13,DO 0.05%,84.48,88.27787653446197
2025-03-14,DO 0.001%,84.93,89.14712918043136
2025-03-14,DO 0.05%,83.65,88.23723949670791
2025-03-17,DO 0.001%,85.55,89.0282345199585
2025-03-17,DO 0.05%,84.27,88.13321387052535
2025-03-18,DO 0.001%,86.01,88.85317774057388
2025-03-18,DO 0.05%,84.73,87.95334253311157
2025-03-19,DO 0.001%,84.83,88.80615423440933
2025-03-19,DO 0.05%,83.55,87.88540687859057
2025-03-20,DO 0.001%,86.18,88.6434367632866
2025-03-20,DO 0.05%,84.93,87.66857508480548
2025-03-21,DO 0.001%,86.73,88.63771149873735
2025-03-21,DO 0.05%,85.57,87.6735384696722
2025-03-24,DO 0.001%,86.77,88.56747068166733
2025-03-24,DO 0.05%,85.61,87.60699775338172
2025-03-25,DO 0.001%,87.09,88.26272848129273
2025-03-25,DO 0.05%,85.95,87.32389558017253
2025-03-26,DO 0.001%,87.88,88.31930500030518
2025-03-26,DO 0.05%,86.74,87.3271828764677
2025-03-27,DO 0.001%,87.83,88.09307526111603
2025-03-27,DO 0.05%,86.58,87.16594856262206
2025-03-28,DO 0.001%,88.19,87.98539121389389
2025-03-28,DO 0.05%,86.85,87.0069634515047
2025-03-31,DO 0.001%,88.19,87.75290185213089
2025-03-31,DO 0.05%,86.85,86.811661285758
2025-04-01,DO 0.001%,89.19,87.72285239219666
2025-04-01,DO 0.05%,87.87,86.7614651364088
2025-04-02,DO 0.001%,88.8,87.55910982608796
2025-04-02,DO 0.05%,87.49,86.62615612804889
2025-04-03,DO 0.001%,87.2,87.46329070806503
2025-04-03,DO 0.05%,85.92,86.51838903963565
2025-04-04,DO 0.001%,82.67,87.21274222612381
2025-04-04,DO 0.05%,81.53,86.26344515442848
2025-04-07,DO 0.001%,78.22,87.31964654684067
2025-04-07,DO 0.05%,76.97,86.38201490402221
2025-04-08,DO 0.001%,79.52,87.18101880788804
2025-04-08,DO 0.05%,78.31,86.2581357383728
2025-04-09,DO 0.001%,75.9,87.07191707611085
2025-04-09,DO 0.05%,74.69,86.15731090068816
2025-04-10,DO 0.001%,78.98,86.76293272733689
2025-04-10,DO 0.05%,77.7,85.87202981233597
2025-04-11,DO 0.001%,78.55,86.82021263599397
2025-04-11,DO 0.05%,77.27,85.88309199690818
2025-04-14,DO 0.001%,79.97,86.58102744102479
2025-04-14,DO 0.05%,78.69,85.58241252064704
2025-04-15,DO 0.001%,80.72,86.49735133647918
2025-04-15,DO 0.05%,79.43,85.56938769042492
2025-04-16,DO 0.001%,80.93,86.29092010736466
2025-04-16,DO 0.05%,79.51,85.34474316120148
2025-04-17,DO 0.001%,81.93,86.15986607551575
2025-04-17,DO 0.05%,80.56,85.23903063297271
2025-04-21,DO 0.001%,81.89,86.02553501129151
2025-04-21,DO 0.05%,80.41,85.08019691050052
2025-04-22,DO 0.001%,82.08,85.97684845209122
2025-04-22,DO 0.05%,80.59,85.06753433167934
2025-04-23,DO 0.001%,83.43,85.79111541748047
2025-04-23,DO 0.05%,82.05,84.87424887895584
2025-04-24,DO 0.001%,81.85,85.78573912143708
2025-04-24,DO 0.05%,80.45,84.87386500060558
2025-04-25,DO 0.001%,82.61,85.80357468366623
2025-04-25,DO 0.05%,81.23,84.84957793653011
2025-04-25,DO 0.001%,82.61,85.6550013422966
2025-04-25,DO 0.05%,81.23,84.71100325882435
2025-04-25,DO 0.001%,82.61,85.52850025892258
2025-04-25,DO 0.05%,81.23,84.63841240346432
2025-04-25,DO 0.001%,82.61,85.35489933252335
2025-04-25,DO 0.05%,81.23,84.50231401145457
2025-04-28,DO 0.001%,82.54,85.16700160264969
2025-04-28,DO 0.05%,81.26,84.30376780331135
2025-04-29,DO 0.001%,81.26,85.08607907772064
2025-04-29,DO 0.05%,80.28,84.21800613582134
2025-04-30,DO 0.001%,79.02,84.980810546875
2025-04-30,DO 0.05%,77.86,84.12830295681952
2025-03-10,DO 0.001%,86.32,86.02927072942256
2025-03-10,DO 0.05%,84.73,84.33741980552674
2025-03-11,DO 0.001%,85.24,85.97292271077633
2025-03-11,DO 0.05%,83.65,84.23378670692443
2025-03-12,DO 0.001%,85.54,86.05250607311726
2025-03-12,DO 0.05%,83.95,84.30840637207031
2025-03-13,DO 0.001%,85.81,85.91144094407558
2025-03-13,DO 0.05%,84.48,84.14694820404053
2025-03-14,DO 0.001%,84.93,85.8298554199934
2025-03-14,DO 0.05%,83.65,84.0736200428009
2025-03-17,DO 0.001%,85.55,85.73802806854248
2025-03-17,DO 0.05%,84.27,83.88154415130616
2025-03-18,DO 0.001%,86.01,85.66628393948078
2025-03-18,DO 0.05%,84.73,83.81066782951355
2025-03-19,DO 0.001%,84.83,85.51748738586902
2025-03-19,DO 0.05%,83.55,83.62951422691346
2025-03-20,DO 0.001%,86.18,85.42687159895897
2025-03-20,DO 0.05%,84.93,83.5302904033661
2025-03-21,DO 0.001%,86.73,85.31414475917816
2025-03-21,DO 0.05%,85.57,83.38416884422303
2025-03-24,DO 0.001%,86.77,85.23172243416309
2025-03-24,DO 0.05%,85.61,83.24489326477051
2025-03-25,DO 0.001%,87.09,85.0253816986084
2025-03-25,DO 0.05%,85.95,83.0238745689392
2025-03-26,DO 0.001%,87.88,85.00057029426097
2025-03-26,DO 0.05%,86.74,83.02238631248474
2025-03-27,DO 0.001%,87.83,84.78146192729473
2025-03-27,DO 0.05%,86.58,82.75491888046265
2025-03-28,DO 0.001%,88.19,84.76077805638313
2025-03-28,DO 0.05%,86.85,82.75473726272583
2025-03-31,DO 0.001%,88.19,84.63770158052444
2025-03-31,DO 0.05%,86.85,82.64329460144043
2025-04-01,DO 0.001%,89.19,84.54773264586925
2025-04-01,DO 0.05%,87.87,82.53234129905701
2025-04-02,DO 0.001%,88.8,84.5542833083868
2025-04-02,DO 0.05%,87.49,82.46914337158204
2025-04-03,DO 0.001%,87.2,84.41754079520702
2025-04-03,DO 0.05%,85.92,82.27485779762269
2025-04-04,DO 0.001%,82.67,84.35315332710742
2025-04-04,DO 0.05%,81.53,82.20923830032349
2025-04-07,DO 0.001%,78.22,84.23015385746956
2025-04-07,DO 0.05%,76.97,82.12930631637573
2025-04-08,DO 0.001%,79.52,84.14981583416461
2025-04-08,DO 0.05%,78.31,81.98413825035095
2025-04-09,DO 0.001%,75.9,84.08709170043468
2025-04-09,DO 0.05%,74.69,81.8979808139801
2025-04-10,DO 0.001%,78.98,84.0259744298458
2025-04-10,DO 0.05%,77.7,81.7565863609314
2025-04-11,DO 0.001%,78.55,84.00250806748866
2025-04-11,DO 0.05%,77.27,81.72323932647706
2025-04-14,DO 0.001%,79.97,83.98445780932903
2025-04-14,DO 0.05%,78.69,81.70955241203308
2025-04-15,DO 0.001%,80.72,83.68373824954033
2025-04-15,DO 0.05%,79.43,81.35725436210632
2025-04-16,DO 0.001%,80.93,83.61330835998058
2025-04-16,DO 0.05%,79.51,81.25565941810608
2025-04-17,DO 0.001%,81.93,83.50099735379219
2025-04-17,DO 0.05%,80.56,81.10657143592834
2025-04-21,DO 0.001%,81.89,83.37684279084205
2025-04-21,DO 0.05%,80.41,81.00252969741821
2025-04-22,DO 0.001%,82.08,83.24790357470512
2025-04-22,DO 0.05%,80.59,80.86461120605469
2025-04-23,DO 0.001%,83.43,83.14872982978821
2025-04-23,DO 0.05%,82.05,80.73102127075195
2025-04-24,DO 0.001%,81.85,83.0600032621622
2025-04-24,DO 0.05%,80.45,80.65100856781005
2025-04-25,DO 0.001%,82.61,83.03549474895
2025-04-25,DO 0.05%,81.23,80.57190395355225
2025-04-25,DO 0.001%,82.61,83.04426832437515
2025-04-25,DO 0.05%,81.23,80.61111320495606
2025-04-25,DO 0.001%,82.61,82.86255931198596
2025-04-25,DO 0.05%,81.23,80.3736026096344
2025-04-25,DO 0.001%,82.61,82.77670250952244
2025-04-25,DO 0.05%,81.23,80.32508544921875
2025-04-28,DO 0.001%,82.54,82.84319481432438
2025-04-28,DO 0.05%,81.26,80.34563852310181
2025-04-29,DO 0.001%,81.26,82.7019602715969
2025-04-29,DO 0.05%,80.28,80.21065618515014
2025-04-30,DO 0.001%,79.02,82.63825559198855
2025-04-30,DO 0.05%,77.86,80.10610995292663
2025-05-01,DO 0.001%,79.02,82.63505213320255
2025-05-01,DO 0.05%,77.86,80.12638051033021
2025-05-02,DO 0.001%,78.35,82.68941339135169
2025-05-02,DO 0.05%,77.24,80.0854711151123
2025-05-05,DO 0.001%,76.5,82.60651876151562
2025-05-05,DO 0.05%,75.37,80.05558995246888
2025-05-06,DO 0.001%,77.7,82.51917317211627
2025-05-06,DO 0.05%,76.98,79.88816866874694
2025-05-07,DO 0.001%,78.59,82.33993862628937
2025-05-07,DO 0.05%,77.96,79.70784748077392
2025-05-08,DO 0.001%,77.13,82.22932689070701
2025-05-08,DO 0.05%,76.33,79.61903136253358
2025-05-09,DO 0.001%,78.92,82.23141119241714
2025-05-09,DO 0.05%,78.13,79.64067414283753
2025-05-12,DO 0.001%,78.92,82.03957329511643
2025-05-12,DO 0.05%,78.13,79.42432201385498
2025-05-13,DO 0.001%,80.87,82.01851466059685
2025-05-13,DO 0.05%,80.14,79.38725181579589
2025-05-14,DO 0.001%,82.49,81.93444953620434
2025-05-14,DO 0.05%,81.85,79.27571330070495
2025-05-15,DO 0.001%,80.85,81.87316285192966
2025-05-15,DO 0.05%,80.21,79.10612773895264
2025-05-16,DO 0.001%,80.48,81.81780051290988
2025-05-16,DO 0.05%,80.01,79.04801006317139
2025-05-19,DO 0.001%,80.33,81.75636494994163
2025-05-19,DO 0.05%,79.99,79.04196118354797
2025-05-20,DO 0.001%,80.35,81.61696828901768
2025-05-20,DO 0.05%,80.01,78.83710646629333
2025-05-21,DO 0.001%,80.86,81.60329711794853
2025-05-21,DO 0.05%,80.52,78.81828380584717
2025-05-22,DO 0.001%,78.91,81.57264864206314
2025-05-22,DO 0.05%,78.62,78.69221082687378
2025-05-23,DO 0.001%,78.34,81.55454191267489
2025-05-23,DO 0.05%,78.09,78.71279921531678
2025-05-26,DO 0.001%,79.19,81.49796800911426
2025-05-26,DO 0.05%,78.96,78.64341619491577
2025-05-27,DO 0.001%,79.08,81.46468592047691
2025-05-27,DO 0.05%,78.83,78.57932026863098
2025-05-28,DO 0.001%,78.91,81.30924629688262
2025-05-28,DO 0.05%,78.75,78.43426319122314
2025-04-07,DO 0.001%,78.22,82.6368378174305
2025-04-07,DO 0.05%,76.97,81.55387991070748
2025-04-08,DO 0.001%,79.52,82.60056637227535
2025-04-08,DO 0.05%,78.31,81.51606762230396
2025-04-09,DO 0.001%,75.9,82.51736526489258
2025-04-09,DO 0.05%,74.69,81.47508203685284
2025-04-10,DO 0.001%,78.98,82.51632555902005
2025-04-10,DO 0.05%,77.7,81.41467276334762
2025-04-11,DO 0.001%,78.55,82.29111344099044
2025-04-11,DO 0.05%,77.27,81.232040528059
2025-04-14,DO 0.001%,79.97,82.39738025069236
2025-04-14,DO 0.05%,78.69,81.29685742855072
2025-04-15,DO 0.001%,80.72,82.08814905762672
2025-04-15,DO 0.05%,79.43,81.03831876158715
2025-04-16,DO 0.001%,80.93,82.22372473239899
2025-04-16,DO 0.05%,79.51,81.10334948301315
2025-04-17,DO 0.001%,81.93,82.23912814736366
2025-04-17,DO 0.05%,80.56,81.17930936992168
2025-04-21,DO 0.001%,81.89,82.0058940333128
2025-04-21,DO 0.05%,80.41,80.91035665154457
2025-04-22,DO 0.001%,82.08,81.99283118844032
2025-04-22,DO 0.05%,80.59,80.88335689902306
2025-04-23,DO 0.001%,83.43,81.98802686035633
2025-04-23,DO 0.05%,82.05,80.89493238687515
2025-04-24,DO 0.001%,81.85,81.85376190483571
2025-04-24,DO 0.05%,80.45,80.77155284821987
2025-04-25,DO 0.001%,82.61,81.99148597657681
2025-04-25,DO 0.05%,81.23,80.8560752916336
2025-04-25,DO 0.001%,82.61,81.75294492781163
2025-04-25,DO 0.05%,81.23,80.67618385195732
2025-04-25,DO 0.001%,82.61,81.66154443383218
2025-04-25,DO 0.05%,81.23,80.61089557349682
2025-04-25,DO 0.001%,82.61,81.61094377219678
2025-04-25,DO 0.05%,81.23,80.5199244850874
2025-04-28,DO 0.001%,82.54,81.64998448133468
2025-04-28,DO 0.05%,81.26,80.6040387248993
2025-04-29,DO 0.001%,81.26,81.53910058915615
2025-04-29,DO 0.05%,80.28,80.45162813484669
2025-04-30,DO 0.001%,79.02,81.28909321069717
2025-04-30,DO 0.05%,77.86,80.25090859234334
2025-05-01,DO 0.001%,79.02,81.31048848509789
2025-05-01,DO 0.05%,77.86,80.19831836163998
2025-05-02,DO 0.001%,78.35,81.41904166221619
2025-05-02,DO 0.05%,77.24,80.35725534975529
2025-05-05,DO 0.001%,76.5,81.17482411503792
2025-05-05,DO 0.05%,75.37,80.08639768123626
2025-05-06,DO 0.001%,77.7,81.21451525628567
2025-05-06,DO 0.05%,76.98,80.08802563607694
2025-05-07,DO 0.001%,78.59,81.06644340097904
2025-05-07,DO 0.05%,77.96,80.00702151894569
2025-05-08,DO 0.001%,77.13,81.06536920249462
2025-05-08,DO 0.05%,76.33,80.00875152468682
2025-05-09,DO 0.001%,78.92,80.85516629815102
2025-05-09,DO 0.05%,78.13,79.81673546612262
2025-05-12,DO 0.001%,78.92,80.94386651337147
2025-05-12,DO 0.05%,78.13,79.84934801816941
2025-05-13,DO 0.001%,80.87,80.77359127104283
2025-05-13,DO 0.05%,80.14,79.75392556667327
2025-05-14,DO 0.001%,82.49,80.71895990133285
2025-05-14,DO 0.05%,81.85,79.67748944222927
2025-05-15,DO 0.001%,80.85,80.72988420426846
2025-05-15,DO 0.05%,80.21,79.68537651896477
2025-05-16,DO 0.001%,80.48,80.61206236958503
2025-05-16,DO 0.05%,80.01,79.53555121839047
2025-05-19,DO 0.001%,80.33,80.59147520780563
2025-05-19,DO 0.05%,79.99,79.52722192108631
2025-05-20,DO 0.001%,80.35,80.54527974545955
2025-05-20,DO 0.05%,80.01,79.48390860319138
2025-05-21,DO 0.001%,80.86,80.45807749509811
2025-05-21,DO 0.05%,80.52,79.42435461342335
2025-05-22,DO 0.001%,78.91,80.5446933710575
2025-05-22,DO 0.05%,78.62,79.54356464385987
2025-05-23,DO 0.001%,78.34,80.25019545078278
2025-05-23,DO 0.05%,78.09,79.2251561152935
2025-05-26,DO 0.001%,79.19,80.22653351902962
2025-05-26,DO 0.05%,78.96,79.23975911319256
2025-05-27,DO 0.001%,79.08,80.17586387217045
2025-05-27,DO 0.05%,78.83,79.19108083367348
2025-05-28,DO 0.001%,78.91,80.15734133958817
2025-05-28,DO 0.05%,78.75,79.14275244295597
2025-05-29,DO 0.001%,80.62,80.0328131556511
2025-05-29,DO 0.05%,80.46,79.04634835898877
2025-05-30,DO 0.001%,78.82,80.22454280257226
2025-05-30,DO 0.05%,78.57,79.14039069354534
2025-06-02,DO 0.001%,80.02,79.92540316224098
2025-06-02,DO 0.05%,79.74,78.88853393077851
2025-06-03,DO 0.001%,80.23,79.80415177643299
2025-06-03,DO 0.05%,79.96,78.816505433321
2025-06-04,DO 0.001%,81.26,79.78679706513881
2025-06-04,DO 0.05%,81.01,78.77256523132324
2025-06-05,DO 0.001%,80.43,79.67809606254102
2025-06-05,DO 0.05%,80.17,78.69629433214665
2025-06-06,DO 0.001%,81.04,79.62390816926957
2025-06-06,DO 0.05%,80.73,78.6540501189232
2025-06-09,DO 0.001%,82.35,79.55406555771827
2025-06-09,DO 0.05%,82.01,78.6080494606495
2025-06-10,DO 0.001%,82.73,79.54602877914905
2025-06-10,DO 0.05%,82.43,78.53464570581913
2025-06-11,DO 0.001%,82.51,79.48534641981125
2025-06-11,DO 0.05%,82.19,78.508622726202
2025-06-12,DO 0.001%,84.64,79.43105012118816
2025-06-12,DO 0.05%,84.32,78.46474083900452
2025-06-13,DO 0.001%,88.37,79.28161334395409
2025-06-13,DO 0.05%,88.02,78.33990343034267
2025-06-16,DO 0.001%,90.66,79.35516637504101
2025-06-16,DO 0.05%,90.28,78.35265979290008
2025-06-17,DO 0.001%,91.64,79.09112543106079
2025-06-17,DO 0.05%,91.18,78.1937956982851
2025-06-18,DO 0.001%,94.52,79.2435827755928
2025-06-18,DO 0.05%,93.98,78.23700210571289
2025-06-19,DO 0.001%,98.07,79.12259747564792
2025-06-19,DO 0.05%,97.51,78.14201215565205
2025-06-20,DO 0.001%,97.82,79.18061404883862
2025-06-20,DO 0.05%,97.26,78.22259835004806
2025-06-23,DO 0.001%,94.73,79.09078543245792
2025-06-23,DO 0.05%,94.04,78.15142513632775
2025-06-24,DO 0.001%,86.85,79.06799567103386
2025-06-24,DO 0.05%,86.16,78.04440775871277
2025-06-25,DO 0.001%,87.73,78.97947284638882
2025-06-25,DO 0.05%,87.11,78.02298678874969
2025-05-01,DO 0.001%,79.02,79.58672111034393
2025-05-01,DO 0.05%,77.86,78.30989942550659
2025-05-02,DO 0.001%,78.35,79.53139793157577
2025-05-02,DO 0.05%,77.24,78.22549223423005
2025-05-05,DO 0.001%,76.5,79.29313994407653
2025-05-05,DO 0.05%,75.37,78.10495163679123
2025-05-06,DO 0.001%,77.7,79.27553411722182
2025-05-06,DO 0.05%,76.98,78.03023447275162
2025-05-07,DO 0.001%,78.59,79.19268593788146
2025-05-07,DO 0.05%,77.96,77.95851527690887
2025-05-08,DO 0.001%,77.13,79.203236246109
2025-05-08,DO 0.05%,76.33,77.98235051631927
2025-05-09,DO 0.001%,78.92,79.12048226594925
2025-05-09,DO 0.05%,78.13,77.95490472078323
2025-05-12,DO 0.001%,78.92,78.96939149022101
2025-05-12,DO 0.05%,78.13,77.81537389755249
2025-05-13,DO 0.001%,80.87,78.8020089662075
2025-05-13,DO 0.05%,80.14,77.73860085129738
2025-05-14,DO 0.001%,82.49,78.73474133133888
2025-05-14,DO 0.05%,81.85,77.640118060112
2025-05-15,DO 0.001%,80.85,78.62931360840797
2025-05-15,DO 0.05%,80.21,77.53478078126908
2025-05-16,DO 0.001%,80.48,78.41300873994827
2025-05-16,DO 0.05%,80.01,77.41252308130264
2025-05-19,DO 0.001%,80.33,78.50822056174277
2025-05-19,DO 0.05%,79.99,77.44332882881164
2025-05-20,DO 0.001%,80.35,78.36546170353888
2025-05-20,DO 0.05%,80.01,77.3315129685402
2025-05-21,DO 0.001%,80.86,78.32550712108612
2025-05-21,DO 0.05%,80.52,77.24067360401153
2025-05-22,DO 0.001%,78.91,78.14367444276809
2025-05-22,DO 0.05%,78.62,77.08781435251235
2025-05-23,DO 0.001%,78.34,78.05938972592354
2025-05-23,DO 0.05%,78.09,77.03855207324028
2025-05-26,DO 0.001%,79.19,77.97639553785324
2025-05-26,DO 0.05%,78.96,76.95060857892037
2025-05-27,DO 0.001%,79.08,77.893255341053
2025-05-27,DO 0.05%,78.83,76.88216115951538
2025-05-28,DO 0.001%,78.91,77.72507212400436
2025-05-28,DO 0.05%,78.75,76.73250871300698
2025-05-29,DO 0.001%,80.62,77.68459944605827
2025-05-29,DO 0.05%,80.46,76.73442072987557
2025-05-30,DO 0.001%,78.82,77.5837074136734
2025-05-30,DO 0.05%,78.57,76.60409264802932
2025-06-02,DO 0.001%,80.02,77.63225296139717
2025-06-02,DO 0.05%,79.74,76.65163782477379
2025-06-03,DO 0.001%,80.23,77.38684525609015
2025-06-03,DO 0.05%,79.96,76.50704386949539
2025-06-04,DO 0.001%,81.26,77.39839878559113
2025-06-04,DO 0.05%,81.01,76.47234911680222
2025-06-05,DO 0.001%,80.43,77.37312514543532
2025-06-05,DO 0.05%,80.17,76.39368261694908
2025-06-06,DO 0.001%,81.04,77.2185960996151
2025-06-06,DO 0.05%,80.73,76.29086066126824
2025-06-09,DO 0.001%,82.35,77.12921991705895
2025-06-09,DO 0.05%,82.01,76.22204197645188
2025-06-10,DO 0.001%,82.73,77.06018133759498
2025-06-10,DO 0.05%,82.43,76.18452560663223
2025-06-11,DO 0.001%,82.51,76.95057588100433
2025-06-11,DO 0.05%,82.19,76.04310597062111
2025-06-12,DO 0.001%,84.64,76.85078126907348
2025-06-12,DO 0.05%,84.32,75.9868035709858
2025-06-13,DO 0.001%,88.37,76.77957139849663
2025-06-13,DO 0.05%,88.02,75.91566447734833
2025-06-16,DO 0.001%,90.66,76.64659983515739
2025-06-16,DO 0.05%,90.28,75.81931182146073
2025-06-17,DO 0.001%,91.64,76.63452350020408
2025-06-17,DO 0.05%,91.18,75.74253413438797
2025-06-18,DO 0.001%,94.52,76.54928737163543
2025-06-18,DO 0.05%,93.98,75.71751084566117
2025-06-19,DO 0.001%,98.07,76.51836649060249
2025-06-19,DO 0.05%,97.51,75.65498046875
2025-06-20,DO 0.001%,97.82,76.39131063580513
2025-06-20,DO 0.05%,97.26,75.56357028365134
2025-06-23,DO 0.001%,94.73,76.32160324215889
2025-06-23,DO 0.05%,94.04,75.47403034806251
2025-06-24,DO 0.001%,86.85,76.20514479517936
2025-06-24,DO 0.05%,86.16,75.38782716035843
2025-06-25,DO 0.001%,87.73,76.16801618814468
2025-06-25,DO 0.05%,87.11,75.42826724529266
2025-06-26,DO 0.001%,86.99,76.10636282444
2025-06-26,DO 0.05%,86.37,75.37752454519271
2025-06-27,DO 0.001%,87.98,76.10491686701774
2025-06-27,DO 0.05%,87.36,75.32179296612739
2025-06-30,DO 0.001%,87.11,76.01491425991058
2025-06-30,DO 0.05%,86.49,75.19920576810837
2025-07-01,DO 0.001%,87.06,75.908601064682
2025-07-01,DO 0.05%,86.44,75.1835754942894
2025-07-02,DO 0.001%,88.6,75.9389379107952
2025-07-02,DO 0.05%,88.0,75.17122163772584
2025-07-03,DO 0.001%,89.65,75.81531090617179
2025-07-03,DO 0.05%,88.78,75.12187582373619
2025-07-04,DO 0.001%,89.1,75.66254809498787
2025-07-04,DO 0.05%,88.31,74.99483808159827
2025-07-07,DO 0.001%,90.21,75.64442888259887
2025-07-07,DO 0.05%,89.4,74.91124303340912
2025-07-08,DO 0.001%,89.76,75.43023878574371
2025-07-08,DO 0.05%,88.96,74.80071267962455
2025-07-09,DO 0.001%,91.84,75.45459398388863
2025-07-09,DO 0.05%,91.04,74.73108185172082
2025-07-10,DO 0.001%,90.43,75.42491653203963
2025-07-10,DO 0.05%,89.46,74.75430450320243
2025-07-11,DO 0.001%,89.68,75.34268535733223
2025-07-11,DO 0.05%,88.33,74.67530386447906
2025-07-14,DO 0.001%,92.57,75.27060885429383
2025-07-14,DO 0.05%,91.08,74.58387975692749
2025-07-15,DO 0.001%,89.76,75.21706604003906
2025-07-15,DO 0.05%,88.35,74.50384885668754
2025-07-16,DO 0.001%,89.99,75.16423442959785
2025-07-16,DO 0.05%,88.68,74.53336445689202
2025-07-17,DO 0.001%,90.44,75.09184235930442
2025-07-17,DO 0.05%,89.22,74.48853415846824
2025-07-18,DO 0.001%,93.88,75.03001943707466
2025-07-18,DO 0.05%,92.7,74.40600185751914
2025-07-21,DO 0.001%,91.89,75.00147237539291
2025-07-21,DO 0.05%,91.0,74.33086701989174
2025-07-22,DO 0.001%,92.47,74.87682330965995
2025-07-22,DO 0.05%,91.75,74.27805451512337
2025-07-23,DO 0.001%,90.89,74.81485908865928
2025-07-23,DO 0.05%,90.09,74.22427207946777
2025-05-29,DO 0.001%,80.62,78.93590634107589
2025-05-29,DO 0.05%,80.46,78.8363952934742
2025-05-30,DO 0.001%,78.82,78.70569830477237
2025-05-30,DO 0.05%,78.57,78.67294549942017
2025-06-02,DO 0.001%,80.02,78.5804043650627
2025-06-02,DO 0.05%,79.74,78.53099830448627
2025-06-03,DO 0.001%,80.23,78.41657544851303
2025-06-03,DO 0.05%,79.96,78.35010141134262
2025-06-04,DO 0.001%,81.26,78.44828108489513
2025-06-04,DO 0.05%,81.01,78.40452209115028
2025-06-05,DO 0.001%,80.43,78.05833138883114
2025-06-05,DO 0.05%,80.17,78.04371871054173
2025-06-06,DO 0.001%,81.04,77.84178203344345
2025-06-06,DO 0.05%,80.73,77.82392844557762
2025-06-09,DO 0.001%,82.35,77.6569712382555
2025-06-09,DO 0.05%,82.01,77.60667756199837
2025-06-10,DO 0.001%,82.73,77.54991239011288
2025-06-10,DO 0.05%,82.43,77.53367856144905
2025-06-11,DO 0.001%,82.51,77.48583323419093
2025-06-11,DO 0.05%,82.19,77.48656623065472
2025-06-12,DO 0.001%,84.64,77.3970706218481
2025-06-12,DO 0.05%,84.32,77.35652267932892
2025-06-13,DO 0.001%,88.37,77.18979637622833
2025-06-13,DO 0.05%,88.02,77.11472287774086
2025-06-16,DO 0.001%,90.66,77.05501567363739
2025-06-16,DO 0.05%,90.28,77.03319512307644
2025-06-17,DO 0.001%,91.64,76.9584877437353
2025-06-17,DO 0.05%,91.18,76.8809026479721
2025-06-18,DO 0.001%,94.52,77.02550182282924
2025-06-18,DO 0.05%,93.98,76.9998686760664
2025-06-19,DO 0.001%,98.07,76.9037119179964
2025-06-19,DO 0.05%,97.51,76.77965596318245
2025-06-20,DO 0.001%,97.82,76.75377214908599
2025-06-20,DO 0.05%,97.26,76.76759742200375
2025-06-23,DO 0.001%,94.73,76.61418927252292
2025-06-23,DO 0.05%,94.04,76.55275449156761
2025-06-24,DO 0.001%,86.85,76.62934363543987
2025-06-24,DO 0.05%,86.16,76.61293923854828
2025-06-25,DO 0.001%,87.73,76.56115370571612
2025-06-25,DO 0.05%,87.11,76.48438833653927
2025-06-26,DO 0.001%,86.99,76.49435598313808
2025-06-26,DO 0.05%,86.37,76.51186622679234
2025-06-27,DO 0.001%,87.98,76.38164834856987
2025-06-27,DO 0.05%,87.36,76.39713875949383
2025-06-30,DO 0.001%,87.11,76.40850948035717
2025-06-30,DO 0.05%,86.49,76.39607325196266
2025-07-01,DO 0.001%,87.06,76.3105893433094
2025-07-01,DO 0.05%,86.44,76.25997930765152
2025-07-02,DO 0.001%,88.6,76.28683245718479
2025-07-02,DO 0.05%,88.0,76.24098792672157
2025-07-03,DO 0.001%,89.65,76.20971076607704
2025-07-03,DO 0.05%,88.78,76.24374322593212
2025-07-04,DO 0.001%,89.1,76.13012449204922
2025-07-04,DO 0.05%,88.31,76.10271602869034
2025-07-07,DO 0.001%,90.21,76.0671271187067
2025-07-07,DO 0.05%,89.4,76.07638344168663
2025-07-08,DO 0.001%,89.76,75.9841967254877
2025-07-08,DO 0.05%,88.96,75.97388818860054
2025-07-09,DO 0.001%,91.84,75.94086427807808
2025-07-09,DO 0.05%,91.04,75.82899793982506
2025-07-10,DO 0.001%,90.43,75.78003142893314
2025-07-10,DO 0.05%,89.46,75.70504702627659
2025-07-11,DO 0.001%,89.68,75.75023537397384
2025-07-11,DO 0.05%,88.33,75.69454215466976
2025-07-14,DO 0.001%,92.57,75.7070675456524
2025-07-14,DO 0.05%,91.08,75.66688120365143
2025-07-15,DO 0.001%,89.76,75.56819958627224
2025-07-15,DO 0.05%,88.35,75.53408235311508
2025-07-16,DO 0.001%,89.99,75.53670089960097
2025-07-16,DO 0.05%,88.68,75.49597285687923
2025-07-17,DO 0.001%,90.44,75.44996545374393
2025-07-17,DO 0.05%,89.22,75.32796062529087
2025-07-18,DO 0.001%,93.88,75.37115053772926
2025-07-18,DO 0.05%,92.7,75.33171571791172
2025-07-21,DO 0.001%,91.89,75.2821621620655
2025-07-21,DO 0.05%,91.0,75.30029967427254
2025-07-22,DO 0.001%,92.47,75.03389776349067
2025-07-22,DO 0.05%,91.75,75.03556564450264
2025-07-23,DO 0.001%,90.89,75.19454247653483
2025-07-23,DO 0.05%,90.09,75.08341960608959
2025-07-24,DO 0.001%,91.63,75.18788716197014
2025-07-24,DO 0.05%,90.71,75.08291736245155
2025-07-25,DO 0.001%,91.61,74.95155059218406
2025-07-25,DO 0.05%,90.56,74.93927098810673
2025-07-28,DO 0.001%,90.89,74.9660652923584
2025-07-28,DO 0.05%,89.58,74.9199416488409
2025-07-29,DO 0.001%,91.75,74.89592815399169
2025-07-29,DO 0.05%,90.35,74.78774830698967
2025-07-30,DO 0.001%,92.84,74.67057402908802
2025-07-30,DO 0.05%,91.3,74.66547779738903
2025-07-31,DO 0.001%,93.5,74.69171582341194
2025-07-31,DO 0.05%,91.74,74.63270053267479
2025-08-01,DO 0.001%,92.68,74.68747805774211
2025-08-01,DO 0.05%,90.88,74.58046719431877
2025-08-04,DO 0.001%,89.41,74.6078447496891
2025-08-04,DO 0.05%,87.68,74.48817640542984
2025-08-05,DO 0.001%,89.41,74.52258617222309
2025-08-05,DO 0.05%,87.77,74.50289636850357
2025-08-06,DO 0.001%,87.91,74.43948645651341
2025-08-06,DO 0.05%,86.27,74.43844020366669
2025-08-07,DO 0.001%,86.27,74.32988306760788
2025-08-07,DO 0.05%,84.83,74.29178036749363
2025-08-08,DO 0.001%,86.64,74.29648420631885
2025-08-08,DO 0.05%,85.2,74.28564548492432
2025-08-11,DO 0.001%,85.45,74.23354327380657
2025-08-11,DO 0.05%,84.21,74.15979824960232
2025-08-12,DO 0.001%,86.89,74.07737149655819
2025-08-12,DO 0.05%,85.61,74.02427695691586
2025-08-13,DO 0.001%,84.95,73.99614843845367
2025-08-13,DO 0.05%,83.73,73.99582274258137
2025-08-14,DO 0.001%,84.66,73.98957308173179
2025-08-14,DO 0.05%,83.62,73.91184478998184
2025-08-15,DO 0.001%,83.61,73.93185762941837
2025-08-15,DO 0.05%,83.03,73.86700429022312
2025-08-18,DO 0.001%,83.09,73.87237840116023
2025-08-18,DO 0.05%,82.78,73.83988313376904
2025-08-19,DO 0.001%,83.85,73.81478523731231
2025-08-19,DO 0.05%,83.43,73.78632143139839
2025-08-20,DO 0.001%,85.35,73.81711812496185
2025-08-20,DO 0.05%,85.02,73.75348784029484
2025-06-26,DO 0.001%,86.99,87.61744328916073
2025-06-26,DO 0.05%,86.37,87.1117134130001
2025-06-27,DO 0.001%,87.98,87.5409936207533
2025-06-27,DO 0.05%,87.36,87.04226307272911
2025-06-30,DO 0.001%,87.11,87.32166882991791
2025-06-30,DO 0.05%,86.49,86.84193394005298
2025-07-01,DO 0.001%,87.06,87.11564690887928
2025-07-01,DO 0.05%,86.44,86.7302038359642
2025-07-02,DO 0.001%,88.6,87.0200011575222
2025-07-02,DO 0.05%,88.0,86.70527108073235
2025-07-03,DO 0.001%,89.65,86.76933304846287
2025-07-03,DO 0.05%,88.78,86.4345829796791
2025-07-04,DO 0.001%,89.1,86.84373813271523
2025-07-04,DO 0.05%,88.31,86.43029944717884
2025-07-07,DO 0.001%,90.21,86.73165204226972
2025-07-07,DO 0.05%,89.4,86.40056394338608
2025-07-08,DO 0.001%,89.76,86.49688044428825
2025-07-08,DO 0.05%,88.96,86.18413911283017
2025-07-09,DO 0.001%,91.84,86.31786167562008
2025-07-09,DO 0.05%,91.04,86.04957907855511
2025-07-10,DO 0.001%,90.43,86.39236611306667
2025-07-10,DO 0.05%,89.46,86.05608485579491
2025-07-11,DO 0.001%,89.68,86.32062264859677
2025-07-11,DO 0.05%,88.33,86.01255378127098
2025-07-14,DO 0.001%,92.57,86.05363969922067
2025-07-14,DO 0.05%,91.08,85.77416091918946
2025-07-15,DO 0.001%,89.76,86.15685720980167
2025-07-15,DO 0.05%,88.35,85.81720393061637
2025-07-16,DO 0.001%,89.99,85.91502630591393
2025-07-16,DO 0.05%,88.68,85.65996973097324
2025-07-17,DO 0.001%,90.44,85.71623625159263
2025-07-17,DO 0.05%,89.22,85.49278735160827
2025-07-18,DO 0.001%,93.88,85.73581928908825
2025-07-18,DO 0.05%,92.7,85.46692519962788
2025-07-21,DO 0.001%,91.89,85.72688795983792
2025-07-21,DO 0.05%,91.0,85.40469196259976
2025-07-22,DO 0.001%,92.47,85.69016388177872
2025-07-22,DO 0.05%,91.75,85.40287470638752
2025-07-23,DO 0.001%,90.89,85.48692385017873
2025-07-23,DO 0.05%,90.09,85.27091075241566
2025-07-24,DO 0.001%,91.63,85.35017202198506
2025-07-24,DO 0.05%,90.71,85.14150653362275
2025-07-25,DO 0.001%,91.61,85.51819918990135
2025-07-25,DO 0.05%,90.56,85.30390174090863
2025-07-28,DO 0.001%,90.89,85.32218579590321
2025-07-28,DO 0.05%,89.58,85.04517637789249
2025-07-29,DO 0.001%,91.75,85.25995932161808
2025-07-29,DO 0.05%,90.35,85.05245059490204
2025-07-30,DO 0.001%,92.84,84.86511404037476
2025-07-30,DO 0.05%,91.3,84.77113414108753
2025-07-31,DO 0.001%,93.5,84.89357088685036
2025-07-31,DO 0.05%,91.74,84.78164826631546
2025-08-01,DO 0.001%,92.68,85.05064305782318
2025-08-01,DO 0.05%,90.88,84.8692763608694
2025-08-04,DO 0.001%,89.41,84.92199635863305
2025-08-04,DO 0.05%,87.68,84.79312294125558
2025-08-05,DO 0.001%,89.41,84.9425101786852
2025-08-05,DO 0.05%,87.77,84.82133194983005
2025-08-06,DO 0.001%,87.91,84.98019641399384
2025-08-06,DO 0.05%,86.27,84.81595287144184
2025-08-07,DO 0.001%,86.27,84.76615825891496
2025-08-07,DO 0.05%,84.83,84.66698978364468
2025-08-08,DO 0.001%,86.64,84.72140225946903
2025-08-08,DO 0.05%,85.2,84.63573816895484
2025-08-11,DO 0.001%,85.45,84.61454528450966
2025-08-11,DO 0.05%,84.21,84.51579406678677
2025-08-12,DO 0.001%,86.89,84.83895800471306
2025-08-12,DO 0.05%,85.61,84.60237334489823
2025-08-13,DO 0.001%,84.95,84.50140291273594
2025-08-13,DO 0.05%,83.73,84.38238669216632
2025-08-14,DO 0.001%,84.66,84.40241052746774
2025-08-14,DO 0.05%,83.62,84.33729277729988
2025-08-15,DO 0.001%,83.61,84.22058372378349
2025-08-15,DO 0.05%,83.03,84.20024569809436
2025-08-18,DO 0.001%,83.09,84.1835615861416
2025-08-18,DO 0.05%,82.78,84.09843262076377
2025-08-19,DO 0.001%,83.85,84.26636985898018
2025-08-19,DO 0.05%,83.43,84.13306433200836
2025-08-20,DO 0.001%,85.35,84.16653035700321
2025-08-20,DO 0.05%,85.02,84.07973045825958
2025-08-21,DO 0.001%,85.66,83.86637912809849
2025-08-21,DO 0.05%,85.36,83.89679506361485
2025-08-22,DO 0.001%,86.78,83.72452368319036
2025-08-22,DO 0.05%,86.49,83.79691347002984
2025-08-25,DO 0.001%,86.89,83.82533580064774
2025-08-25,DO 0.05%,86.6,83.81820132851601
2025-08-26,DO 0.001%,86.72,83.56683970570565
2025-08-26,DO 0.05%,86.31,83.67203162312508
2025-08-27,DO 0.001%,85.53,83.56679264366628
2025-08-27,DO 0.05%,85.08,83.64989744246006
2025-08-28,DO 0.001%,85.75,83.36944059610367
2025-08-28,DO 0.05%,85.25,83.44086624860763
2025-08-29,DO 0.001%,86.33,83.30566107451916
2025-08-29,DO 0.05%,85.83,83.41447449624539
2025-09-01,DO 0.001%,86.22,83.27501322865487
2025-09-01,DO 0.05%,85.62,83.37608885288239
2025-09-02,DO 0.001%,88.12,83.10819398641587
2025-09-02,DO 0.05%,87.42,83.17045333206653
2025-09-03,DO 0.001%,89.85,83.00349140703679
2025-09-03,DO 0.05%,89.15,83.06371289432049
2025-09-04,DO 0.001%,88.45,82.87362632393837
2025-09-04,DO 0.05%,87.73,82.97356140971183
2025-09-05,DO 0.001%,88.49,82.78793680846691
2025-09-05,DO 0.05%,87.51,82.92291707515716
2025-09-08,DO 0.001%,88.18,82.63271574437618
2025-09-08,DO 0.05%,87.13,82.76221970438957
2025-09-09,DO 0.001%,88.86,82.62791541635991
2025-09-09,DO 0.05%,87.97,82.76731321394443
2025-09-10,DO 0.001%,88.82,82.53817856550216
2025-09-10,DO 0.05%,87.88,82.65965895593166
2025-09-11,DO 0.001%,89.18,82.54455808639527
2025-09-11,DO 0.05%,88.2,82.66091545879841
2025-09-12,DO 0.001%,88.0,82.27213162779809
2025-09-12,DO 0.05%,86.87,82.51021818935871
2025-09-15,DO 0.001%,88.78,82.20591533839703
2025-09-15,DO 0.05%,87.64,82.44110533952713
2025-09-16,DO 0.001%,88.98,82.1140972995758
2025-09-16,DO 0.05%,87.93,82.34001916468144
2025-09-17,DO 0.001%,90.61,82.14919512271881
2025-09-17,DO 0.05%,89.75,82.31732942283153
2025-07-24,DO 0.001%,91.63,90.70298365056514
2025-07-24,DO 0.05%,90.71,90.08895289242268
2025-07-25,DO 0.001%,91.61,90.45702526926995
2025-07-25,DO 0.05%,90.56,89.93701489806176
2025-07-28,DO 0.001%,90.89,90.34448824465275
2025-07-28,DO 0.05%,89.58,89.8651779484749
2025-07-29,DO 0.001%,91.75,90.53145041942597
2025-07-29,DO 0.05%,90.35,90.04903929948807
2025-07-30,DO 0.001%,92.84,90.65492530822753
2025-07-30,DO 0.05%,91.3,89.99731218516827
2025-07-31,DO 0.001%,93.5,90.57314865648746
2025-07-31,DO 0.05%,91.74,90.01558555483818
2025-08-01,DO 0.001%,92.68,90.64746545732021
2025-08-01,DO 0.05%,90.88,90.08008201181889
2025-08-04,DO 0.001%,89.41,90.47637104094028
2025-08-04,DO 0.05%,87.68,89.93198341190815
2025-08-05,DO 0.001%,89.41,90.3420666372776
2025-08-05,DO 0.05%,87.77,89.77232904016972
2025-08-06,DO 0.001%,87.91,90.32622054874896
2025-08-06,DO 0.05%,86.27,89.81337028741837
2025-08-07,DO 0.001%,86.27,90.28904047846794
2025-08-07,DO 0.05%,84.83,89.79641788423062
2025-08-08,DO 0.001%,86.64,90.33282985746861
2025-08-08,DO 0.05%,85.2,89.81440128564834
2025-08-11,DO 0.001%,85.45,90.232330442667
2025-08-11,DO 0.05%,84.21,89.71232709109783
2025-08-12,DO 0.001%,86.89,89.97579174995423
2025-08-12,DO 0.05%,85.61,89.5354786759615
2025-08-13,DO 0.001%,84.95,89.74996467292308
2025-08-13,DO 0.05%,83.73,89.33787605166435
2025-08-14,DO 0.001%,84.66,89.54828866004944
2025-08-14,DO 0.05%,83.62,89.27377695858479
2025-08-15,DO 0.001%,83.61,89.51645021140575
2025-08-15,DO 0.05%,83.03,89.24816846609116
2025-08-18,DO 0.001%,83.09,89.40822007238864
2025-08-18,DO 0.05%,82.78,89.18974523305893
2025-08-19,DO 0.001%,83.85,89.39713051915169
2025-08-19,DO 0.05%,83.43,89.13665419399739
2025-08-20,DO 0.001%,85.35,89.01952771008014
2025-08-20,DO 0.05%,85.02,88.89544893622399
2025-08-21,DO 0.001%,85.66,89.05084608197213
2025-08-21,DO 0.05%,85.36,88.88588535368443
2025-08-22,DO 0.001%,86.78,88.95499485313893
2025-08-22,DO 0.05%,86.49,88.89733372986316
2025-08-25,DO 0.001%,86.89,88.98421124815941
2025-08-25,DO 0.05%,86.6,88.86352557957173
2025-08-26,DO 0.001%,86.72,88.92237628936768
2025-08-26,DO 0.05%,86.31,88.82087876737118
2025-08-27,DO 0.001%,85.53,88.82174143791198
2025-08-27,DO 0.05%,85.08,88.69654682457447
2025-08-28,DO 0.001%,85.75,88.79414486527443
2025-08-28,DO 0.05%,85.25,88.74259807884694
2025-08-29,DO 0.001%,86.33,88.6519959706068
2025-08-29,DO 0.05%,85.83,88.59858588337899
2025-09-01,DO 0.001%,86.22,88.5489503467083
2025-09-01,DO 0.05%,85.62,88.53711798369885
2025-09-02,DO 0.001%,88.12,88.57357814788818
2025-09-02,DO 0.05%,87.42,88.48533717155456
2025-09-03,DO 0.001%,89.85,88.39626989781857
2025-09-03,DO 0.05%,89.15,88.42889001846314
2025-09-04,DO 0.001%,88.45,88.1996917206049
2025-09-04,DO 0.05%,87.73,88.30986342072487
2025-09-05,DO 0.001%,88.49,88.09314099609851
2025-09-05,DO 0.05%,87.51,88.25233157157898
2025-09-08,DO 0.001%,88.18,88.21119841873646
2025-09-08,DO 0.05%,87.13,88.33075724422932
2025-09-09,DO 0.001%,88.86,88.00664573132993
2025-09-09,DO 0.05%,87.97,88.22593909084797
2025-09-10,DO 0.001%,88.82,88.09263175427914
2025-09-10,DO 0.05%,87.88,88.13562471985817
2025-09-11,DO 0.001%,89.18,87.8332109695673
2025-09-11,DO 0.05%,88.2,88.00979997754098
2025-09-12,DO 0.001%,88.0,87.7237889879942
2025-09-12,DO 0.05%,86.87,87.96953197896481
2025-09-15,DO 0.001%,88.78,87.70689191102981
2025-09-15,DO 0.05%,87.64,87.88925373136998
2025-09-16,DO 0.001%,88.98,87.71837693929672
2025-09-16,DO 0.05%,87.93,87.9417916828394
2025-09-17,DO 0.001%,90.61,87.65477588653565
2025-09-17,DO 0.05%,89.75,87.84232720255852
2025-09-18,DO 0.001%,89.43,87.47323117792607
2025-09-18,DO 0.05%,88.57,87.78974092304706
2025-09-19,DO 0.001%,88.75,87.499549228549
2025-09-19,DO 0.05%,87.96,87.78604114294052
2025-09-22,DO 0.001%,88.16,87.46661645174026
2025-09-22,DO 0.05%,87.44,87.78401136517525
2025-09-23,DO 0.001%,87.56,87.25747517049312
2025-09-23,DO 0.05%,86.85,87.59629451036453
2025-09-24,DO 0.001%,89.37,87.23578363597393
2025-09-24,DO 0.05%,88.69,87.5913382011652
2025-09-25,DO 0.001%,90.75,87.04143745481969
2025-09-25,DO 0.05%,89.96,87.46868700027466
2025-09-26,DO 0.001%,92.58,87.01396548390389
2025-09-26,DO 0.05%,91.7,87.41969847500324
2025-09-29,DO 0.001%,91.87,86.88280321061612
2025-09-29,DO 0.05%,90.96,87.36861036479473
2025-09-30,DO 0.001%,88.78,86.74019924879074
2025-09-30,DO 0.05%,87.96,87.27898332595825
2025-10-01,DO 0.001%,90.2,86.76865719854831
2025-10-01,DO 0.05%,89.26,87.22595672428608
2025-10-02,DO 0.001%,89.5,86.59899841070175
2025-10-02,DO 0.05%,88.59,87.16266309857369
2025-10-03,DO 0.001%,88.01,86.54647065877914
2025-10-03,DO 0.05%,87.16,87.16460159003735
2025-10-06,DO 0.001%,87.83,86.42196645140648
2025-10-06,DO 0.05%,87.3,87.05971899926662
2025-10-07,DO 0.001%,87.7,86.27871239364147
2025-10-07,DO 0.05%,87.17,86.94549835681916
2025-10-08,DO 0.001%,88.55,86.17386275351048
2025-10-08,DO 0.05%,88.08,86.86841512978077
2025-10-09,DO 0.001%,89.56,86.37683354079724
2025-10-09,DO 0.05%,89.0,86.97308829903604
2025-10-10,DO 0.001%,88.23,86.31778857707977
2025-10-10,DO 0.05%,87.78,86.92862113058567
2025-10-13,DO 0.001%,86.89,86.25074743330478
2025-10-13,DO 0.05%,86.25,86.92196797013283
2025-10-14,DO 0.001%,85.63,86.02328428149224
2025-10-14,DO 0.05%,84.85,86.68589085459709
2025-10-15,DO 0.001%,85.23,85.89785910487176
2025-10-15,DO 0.05%,84.43,86.57120841085911
2025-08-21,DO 0.001%,85.66,85.8619713127613
2025-08-21,DO 0.05%,85.36,85.47544430494308
2025-08-22,DO 0.001%,86.78,85.70307594537735
2025-08-22,DO 0.05%,86.49,85.33930865049362
2025-08-25,DO 0.001%,86.89,85.67507568597793
2025-08-25,DO 0.05%,86.6,85.22719335794449
2025-08-26,DO 0.001%,86.72,85.55675627589225
2025-08-26,DO 0.05%,86.31,85.17349720716476
2025-08-27,DO 0.001%,85.53,85.42003117203711
2025-08-27,DO 0.05%,85.08,85.03809128522873
2025-08-28,DO 0.001%,85.75,85.38237529993057
2025-08-28,DO 0.05%,85.25,84.9776653790474
2025-08-29,DO 0.001%,86.33,85.40474905371666
2025-08-29,DO 0.05%,85.83,84.98788163423538
2025-09-01,DO 0.001%,86.22,85.06663981676101
2025-09-01,DO 0.05%,85.62,84.78057172179221
2025-09-02,DO 0.001%,88.12,85.04257709383964
2025-09-02,DO 0.05%,87.42,84.65628408551216
2025-09-03,DO 0.001%,89.85,84.99527069628238
2025-09-03,DO 0.05%,89.15,84.62631437659263
2025-09-04,DO 0.001%,88.45,84.80962653458118
2025-09-04,DO 0.05%,87.73,84.47245230317115
2025-09-05,DO 0.001%,88.49,84.85954778194427
2025-09-05,DO 0.05%,87.51,84.46268706321716
2025-09-08,DO 0.001%,88.18,84.67452426552772
2025-09-08,DO 0.05%,87.13,84.33396022081375
2025-09-09,DO 0.001%,88.86,84.62378396987914
2025-09-09,DO 0.05%,87.97,84.23539565563202
2025-09-10,DO 0.001%,88.82,84.59504605829716
2025-09-10,DO 0.05%,87.88,84.19322826504707
2025-09-11,DO 0.001%,89.18,84.54908269643784
2025-09-11,DO 0.05%,88.2,84.13489020466804
2025-09-12,DO 0.001%,88.0,84.53474172055721
2025-09-12,DO 0.05%,86.87,84.15981766462326
2025-09-15,DO 0.001%,88.78,84.37043859958648
2025-09-15,DO 0.05%,87.64,84.02156882643699
2025-09-16,DO 0.001%,88.98,84.41678859293461
2025-09-16,DO 0.05%,87.93,84.00325456738472
2025-09-17,DO 0.001%,90.61,84.35437304377555
2025-09-17,DO 0.05%,89.75,83.9935552060604
2025-09-18,DO 0.001%,89.43,84.22079186439514
2025-09-18,DO 0.05%,88.57,83.86554289340972
2025-09-19,DO 0.001%,88.75,84.09477543532847
2025-09-19,DO 0.05%,87.96,83.7902284169197
2025-09-22,DO 0.001%,88.16,84.22714076042175
2025-09-22,DO 0.05%,87.44,83.82356807112693
2025-09-23,DO 0.001%,87.56,84.15701801776885
2025-09-23,DO 0.05%,86.85,83.75840397119522
2025-09-24,DO 0.001%,89.37,84.0501093238592
2025-09-24,DO 0.05%,88.69,83.68819762229919
2025-09-25,DO 0.001%,90.75,83.78825806081295
2025-09-25,DO 0.05%,89.96,83.52300949215889
2025-09-26,DO 0.001%,92.58,83.85462640821933
2025-09-26,DO 0.05%,91.7,83.49524418354034
2025-09-29,DO 0.001%,91.87,83.8698118686676
2025-09-29,DO 0.05%,90.96,83.49599925398826
2025-09-30,DO 0.001%,88.78,83.69655517637729
2025-09-30,DO 0.05%,87.96,83.36820991516113
2025-10-01,DO 0.001%,90.2,83.67758988440036
2025-10-01,DO 0.05%,89.26,83.36730281710625
2025-10-02,DO 0.001%,89.5,83.553038585186
2025-10-02,DO 0.05%,88.59,83.15137293934822
2025-10-03,DO 0.001%,88.01,83.47491358816623
2025-10-03,DO 0.05%,87.16,83.08844364523887
2025-10-06,DO 0.001%,87.83,83.40887082517146
2025-10-06,DO 0.05%,87.3,83.02876267433166
2025-10-07,DO 0.001%,87.7,83.5157947808504
2025-10-07,DO 0.05%,87.17,83.11148089528083
2025-10-08,DO 0.001%,88.55,83.39010393619537
2025-10-08,DO 0.05%,88.08,82.99373044610023
2025-10-09,DO 0.001%,89.56,83.26636151075363
2025-10-09,DO 0.05%,89.0,82.90630443692207
2025-10-10,DO 0.001%,88.23,83.15273255109787
2025-10-10,DO 0.05%,87.78,82.79708780407906
2025-10-13,DO 0.001%,86.89,83.13068946897982
2025-10-13,DO 0.05%,86.25,82.79272967934608
2025-10-14,DO 0.001%,85.63,83.17807217538356
2025-10-14,DO 0.05%,84.85,82.78498133897781
2025-10-15,DO 0.001%,85.23,83.1863084435463
2025-10-15,DO 0.05%,84.43,82.76648971438408
2025-10-16,DO 0.001%,84.7,83.06335963010787
2025-10-16,DO 0.05%,83.7,82.6905721950531
2025-10-17,DO 0.001%,83.37,82.95258970856666
2025-10-17,DO 0.05%,82.32,82.56242305755615
2025-10-20,DO 0.001%,83.37,82.88826643824576
2025-10-20,DO 0.05%,82.32,82.49886031508446
2025-10-21,DO 0.001%,84.44,82.6962326824665
2025-10-21,DO 0.05%,83.05,82.40653901696204
2025-10-22,DO 0.001%,86.13,82.74396640956401
2025-10-22,DO 0.05%,84.86,82.36766555786133
2025-10-23,DO 0.001%,90.52,82.71863695979118
2025-10-23,DO 0.05%,89.1,82.32352687597275
2025-10-24,DO 0.001%,92.91,82.61022243797778
2025-10-24,DO 0.05%,91.45,82.30213659167289
2025-10-27,DO 0.001%,93.42,82.54069999158382
2025-10-27,DO 0.05%,92.01,82.26046075701713
2025-10-28,DO 0.001%,93.7,82.64132592380047
2025-10-28,DO 0.05%,91.89,82.2402714908123
2025-10-29,DO 0.001%,92.15,82.61249135434628
2025-10-29,DO 0.05%,90.26,82.12993492126465
2025-10-30,DO 0.001%,92.83,82.54417458772659
2025-10-30,DO 0.05%,90.86,82.1094061267376
2025-10-31,DO 0.001%,94.09,82.46474725306034
2025-10-31,DO 0.05%,92.02,82.09167464017868
2025-11-03,DO 0.001%,94.24,82.29972682893276
2025-11-03,DO 0.05%,91.95,81.91597126722336
2025-11-04,DO 0.001%,93.03,82.35168297886848
2025-11-04,DO 0.05%,90.87,81.99105263471603
2025-11-05,DO 0.001%,94.43,82.23758599162102
2025-11-05,DO 0.05%,92.43,81.86294910550117
2025-11-06,DO 0.001%,94.8,82.31177345216274
2025-11-06,DO 0.05%,92.85,81.91266213297844
2025-11-07,DO 0.001%,97.15,82.22767092883586
2025-11-07,DO 0.05%,95.19,81.81222762823104
2025-11-10,DO 0.001%,95.83,82.04302895665168
2025-11-10,DO 0.05%,94.06,81.68772208571434
2025-11-11,DO 0.001%,96.48,82.05298980474471
2025-11-11,DO 0.05%,94.51,81.65803616166114
2025-11-12,DO 0.001%,98.45,82.07811067700385
2025-11-12,DO 0.05%,96.48,81.66592639446259
2025-09-18,DO 0.001%,89.43,90.854352748394
2025-09-18,DO 0.05%,88.57,89.9296367764473
2025-09-19,DO 0.001%,88.75,90.80191120505333
2025-09-19,DO 0.05%,87.96,89.89089557528496
2025-09-22,DO 0.001%,88.16,90.62519778609276
2025-09-22,DO 0.05%,87.44,89.82001447677612
2025-09-23,DO 0.001%,87.56,90.46206732094288
2025-09-23,DO 0.05%,86.85,89.65432924032211
2025-09-24,DO 0.001%,89.37,90.31280605077744
2025-09-24,DO 0.05%,88.69,89.54565380513668
2025-09-25,DO 0.001%,90.75,90.29631747901439
2025-09-25,DO 0.05%,89.96,89.54917913675308
2025-09-26,DO 0.001%,92.58,90.28030417561531
2025-09-26,DO 0.05%,91.7,89.67532609403133
2025-09-29,DO 0.001%,91.87,90.09429061889648
2025-09-29,DO 0.05%,90.96,89.47987079620361
2025-09-30,DO 0.001%,88.78,90.04422541737556
2025-09-30,DO 0.05%,87.96,89.5724923312664
2025-10-01,DO 0.001%,90.2,89.90549566209316
2025-10-01,DO 0.05%,89.26,89.52525074779987
2025-10-02,DO 0.001%,89.5,89.88168363690376
2025-10-02,DO 0.05%,88.59,89.61792042851448
2025-10-03,DO 0.001%,88.01,89.70563451349736
2025-10-03,DO 0.05%,87.16,89.53787025809288
2025-10-06,DO 0.001%,87.83,89.56079107880592
2025-10-06,DO 0.05%,87.3,89.41873651742935
2025-10-07,DO 0.001%,87.7,89.3581215262413
2025-10-07,DO 0.05%,87.17,89.34679621458054
2025-10-08,DO 0.001%,88.55,89.24104348540305
2025-10-08,DO 0.05%,88.08,89.23306548595428
2025-10-09,DO 0.001%,89.56,89.09920288264752
2025-10-09,DO 0.05%,89.0,89.13306161761284
2025-10-10,DO 0.001%,88.23,88.99463844180107
2025-10-10,DO 0.05%,87.78,89.07755503058434
2025-10-13,DO 0.001%,86.89,88.81266466617585
2025-10-13,DO 0.05%,86.25,88.97498874366283
2025-10-14,DO 0.001%,85.63,88.74956198930741
2025-10-14,DO 0.05%,84.85,88.9432821571827
2025-10-15,DO 0.001%,85.23,88.66743237555026
2025-10-15,DO 0.05%,84.43,88.8070246130228
2025-10-16,DO 0.001%,84.7,88.52205966472626
2025-10-16,DO 0.05%,83.7,88.70538914203644
2025-10-17,DO 0.001%,83.37,88.46067983567714
2025-10-17,DO 0.05%,82.32,88.64982371032238
2025-10-20,DO 0.001%,83.37,88.46575656592846
2025-10-20,DO 0.05%,82.32,88.76001305878162
2025-10-21,DO 0.001%,84.44,88.28248120307923
2025-10-21,DO 0.05%,83.05,88.64059579372406
2025-10-22,DO 0.001%,86.13,88.23829204678536
2025-10-22,DO 0.05%,84.86,88.68954387307167
2025-10-23,DO 0.001%,90.52,88.1811626291275
2025-10-23,DO 0.05%,89.1,88.67418541014194
2025-10-24,DO 0.001%,92.91,88.09693751394748
2025-10-24,DO 0.05%,91.45,88.62099516391754
2025-10-27,DO 0.001%,93.42,88.0835003811121
2025-10-27,DO 0.05%,92.01,88.69376464188099
2025-10-28,DO 0.001%,93.7,87.91276562213898
2025-10-28,DO 0.05%,91.89,88.59626969695091
2025-10-29,DO 0.001%,92.15,87.8198398554325
2025-10-29,DO 0.05%,90.26,88.55829882621765
2025-10-30,DO 0.001%,92.83,87.75339409768581
2025-10-30,DO 0.05%,90.86,88.49649050831795
2025-10-31,DO 0.001%,94.09,87.7189425420761
2025-10-31,DO 0.05%,92.02,88.5036695599556
2025-11-03,DO 0.001%,94.24,87.66217497646808
2025-11-03,DO 0.05%,91.95,88.47817911207676
2025-11-04,DO 0.001%,93.03,87.6106407636404
2025-11-04,DO 0.05%,90.87,88.44038477540016
2025-11-05,DO 0.001%,94.43,87.52178718268871
2025-11-05,DO 0.05%,92.43,88.4506665468216
2025-11-06,DO 0.001%,94.8,87.34020766377449
2025-11-06,DO 0.05%,92.85,88.17603304982185
2025-11-07,DO 0.001%,97.15,87.20518824219704
2025-11-07,DO 0.05%,95.19,88.16415177285671
2025-11-10,DO 0.001%,95.83,87.1101507717371
2025-11-10,DO 0.05%,94.06,88.07075990736485
2025-11-11,DO 0.001%,96.48,87.07960397779941
2025-11-11,DO 0.05%,94.51,88.07308159768581
2025-11-12,DO 0.001%,98.45,86.98550624251365
2025-11-12,DO 0.05%,96.48,88.07410870492458
2025-11-13,DO 0.001%,94.69,86.92080493569374
2025-11-13,DO 0.05%,92.97,88.05209544301033
2025-11-14,DO 0.001%,95.02,86.75729101538658
2025-11-14,DO 0.05%,93.35,87.93022809922695
2025-11-17,DO 0.001%,95.43,86.84046837985515
2025-11-17,DO 0.05%,93.64,88.10589018464088
2025-11-18,DO 0.001%,96.81,86.6981741118431
2025-11-18,DO 0.05%,94.7,88.10996116697788
2025-11-19,DO 0.001%,99.49,86.49756765604019
2025-11-19,DO 0.05%,97.07,87.93734830617905
2025-11-20,DO 0.001%,97.33,86.39447222650051
2025-11-20,DO 0.05%,95.01,87.93441142141819
2025-11-21,DO 0.001%,91.44,86.32505604147912
2025-11-21,DO 0.05%,88.71,87.86342868208885
2025-11-24,DO 0.001%,88.52,86.21468036472797
2025-11-24,DO 0.05%,86.68,87.8121375143528
2025-11-25,DO 0.001%,88.12,86.14532358825207
2025-11-25,DO 0.05%,86.84,87.8429988771677
2025-11-26,DO 0.001%,86.41,86.1671535283327
2025-11-26,DO 0.05%,85.33,87.8843345940113
2025-11-27,DO 0.001%,86.49,86.00083120405674
2025-11-27,DO 0.05%,85.41,87.75639554858208
2025-11-28,DO 0.001%,87.81,85.94726629912853
2025-11-28,DO 0.05%,87.06,87.69265070557594
2025-12-01,DO 0.001%,87.8,85.8057443422079
2025-12-01,DO 0.05%,86.97,87.53593660891056
2025-12-02,DO 0.001%,86.96,85.78656618356705
2025-12-02,DO 0.05%,86.13,87.57464036345482
2025-12-03,DO 0.001%,85.67,85.62840983390808
2025-12-03,DO 0.05%,84.92,87.45440462231636
2025-12-04,DO 0.001%,85.69,85.6080489051342
2025-12-04,DO 0.05%,85.06,87.45775876939297
2025-12-05,DO 0.001%,85.89,85.53265406012535
2025-12-05,DO 0.05%,85.33,87.4719403386116
2025-12-08,DO 0.001%,86.63,85.48780060827733
2025-12-08,DO 0.05%,86.2,87.34092532098293
2025-12-09,DO 0.001%,84.5,85.45395934045315
2025-12-09,DO 0.05%,84.18,87.38954173028469
2025-12-10,DO 0.001%,83.64,85.38480779349804
2025-12-10,DO 0.05%,83.37,87.42267128825188
2025-10-16,DO 0.001%,84.7,85.15027284979821
2025-10-16,DO 0.05%,83.7,84.70203250408173
2025-10-17,DO 0.001%,83.37,85.07004784941674
2025-10-17,DO 0.05%,82.32,84.70547467947007
2025-10-20,DO 0.001%,83.37,85.08561328768731
2025-10-20,DO 0.05%,82.32,84.67483730554581
2025-10-21,DO 0.001%,84.44,85.0207200407982
2025-10-21,DO 0.05%,83.05,84.63379288673401
2025-10-22,DO 0.001%,86.13,85.14471521615982
2025-10-22,DO 0.05%,84.86,84.58626671075821
2025-10-23,DO 0.001%,90.52,85.09767345428467
2025-10-23,DO 0.05%,89.1,84.53981747269631
2025-10-24,DO 0.001%,92.91,84.98177596449852
2025-10-24,DO 0.05%,91.45,84.50529507040979
2025-10-27,DO 0.001%,93.42,84.85907113552094
2025-10-27,DO 0.05%,92.01,84.36004935979844
2025-10-28,DO 0.001%,93.7,84.85023175477981
2025-10-28,DO 0.05%,91.89,84.33832440197469
2025-10-29,DO 0.001%,92.15,84.80453622043133
2025-10-29,DO 0.05%,90.26,84.15015214741231
2025-10-30,DO 0.001%,92.83,84.84136697351933
2025-10-30,DO 0.05%,90.86,84.23221582293512
2025-10-31,DO 0.001%,94.09,84.70157267510892
2025-10-31,DO 0.05%,92.02,84.11252474188805
2025-11-03,DO 0.001%,94.24,84.67483608841897
2025-11-03,DO 0.05%,91.95,84.15248215794564
2025-11-04,DO 0.001%,93.03,84.76752258360386
2025-11-04,DO 0.05%,90.87,84.15824931144715
2025-11-05,DO 0.001%,94.43,84.67924561858177
2025-11-05,DO 0.05%,92.43,84.07748400032521
2025-11-06,DO 0.001%,94.8,84.6557247376442
2025-11-06,DO 0.05%,92.85,84.07400659799576
2025-11-07,DO 0.001%,97.15,84.57376234173775
2025-11-07,DO 0.05%,95.19,84.03819086372853
2025-11-10,DO 0.001%,95.83,84.53349743843079
2025-11-10,DO 0.05%,94.06,83.93679766237736
2025-11-11,DO 0.001%,96.48,84.57982290565968
2025-11-11,DO 0.05%,94.51,83.90719696700573
2025-11-12,DO 0.001%,98.45,84.50828996300697
2025-11-12,DO 0.05%,96.48,83.98459558904172
2025-11-13,DO 0.001%,94.69,84.46869055330754
2025-11-13,DO 0.05%,92.97,83.82397583484651
2025-11-14,DO 0.001%,95.02,84.39074651956558
2025-11-14,DO 0.05%,93.35,83.64894826173783
2025-11-17,DO 0.001%,95.43,84.35222917199135
2025-11-17,DO 0.05%,93.64,83.74561098814011
2025-11-18,DO 0.001%,96.81,84.19644270658493
2025-11-18,DO 0.05%,94.7,83.61733459830285
2025-11-19,DO 0.001%,99.49,84.13226575434209
2025-11-19,DO 0.05%,97.07,83.4737697160244
2025-11-20,DO 0.001%,97.33,84.18789797186852
2025-11-20,DO 0.05%,95.01,83.39210863411427
2025-11-21,DO 0.001%,91.44,84.1182395875454
2025-11-21,DO 0.05%,88.71,83.31656697511674
2025-11-24,DO 0.001%,88.52,84.08855146050453
2025-11-24,DO 0.05%,86.68,83.28827974140644
2025-11-25,DO 0.001%,88.12,83.89839809238912
2025-11-25,DO 0.05%,86.84,83.22558585107328
2025-11-26,DO 0.001%,86.41,83.98713226675987
2025-11-26,DO 0.05%,85.33,83.16233839452268
2025-11-27,DO 0.001%,86.49,83.82022545397282
2025-11-27,DO 0.05%,85.41,83.00868350982667
2025-11-28,DO 0.001%,87.81,83.85044699192048
2025-11-28,DO 0.05%,87.06,83.06304371237755
2025-12-01,DO 0.001%,87.8,83.68450539886952
2025-12-01,DO 0.05%,86.97,82.84851667344572
2025-12-02,DO 0.001%,86.96,83.71969019830227
2025-12-02,DO 0.05%,86.13,82.86401149511337
2025-12-03,DO 0.001%,85.67,83.64809629440308
2025-12-03,DO 0.05%,84.92,82.70940045058728
2025-12-04,DO 0.001%,85.69,83.58419366776944
2025-12-04,DO 0.05%,85.06,82.72230860829355
2025-12-05,DO 0.001%,85.89,83.56575797080994
2025-12-05,DO 0.05%,85.33,82.53481573045255
2025-12-08,DO 0.001%,86.63,83.50506088972092
2025-12-08,DO 0.05%,86.2,82.50582395792009
2025-12-09,DO 0.001%,84.5,83.44238764822484
2025-12-09,DO 0.05%,84.18,82.48896535038949
2025-12-10,DO 0.001%,83.64,83.25762427031994
2025-12-10,DO 0.05%,83.37,82.28532846868039
2025-12-11,DO 0.001%,82.58,83.34091257333756
2025-12-11,DO 0.05%,82.31,82.36954098761082
2025-12-12,DO 0.001%,82.8,83.18512610793114
2025-12-12,DO 0.05%,82.54,82.18569661438465
2025-12-15,DO 0.001%,81.6,83.17971579730511
2025-12-15,DO 0.05%,81.34,82.15840076744557
2025-12-16,DO 0.001%,80.08,83.13806402564049
2025-12-16,DO 0.05%,79.85,82.11129228234292
2025-12-17,DO 0.001%,79.39,83.12627310454846
2025-12-17,DO 0.05%,79.1,82.09459471225739
2025-12-18,DO 0.001%,80.23,83.12480495452881
2025-12-18,DO 0.05%,80.07,82.10936989784241
2025-12-19,DO 0.001%,78.92,83.04085623800755
2025-12-19,DO 0.05%,78.76,81.93652136266232
2025-12-22,DO 0.001%,79.3,83.02183632910253
2025-12-22,DO 0.05%,79.26,81.99605489313603
2025-12-23,DO 0.001%,79.87,82.89699785649776
2025-12-23,DO 0.05%,79.83,81.78730004012586
2025-12-24,DO 0.001%,81.09,82.91801424622535
2025-12-24,DO 0.05%,81.05,81.84921390533448
2025-12-25,DO 0.001%,81.09,82.75521723747254
2025-12-25,DO 0.05%,81.05,81.54215575695038
2025-12-26,DO 0.001%,80.56,82.67687187552453
2025-12-26,DO 0.05%,80.52,81.51391884744169
2025-12-29,DO 0.001%,79.38,82.61476760566235
2025-12-29,DO 0.05%,79.34,81.35836170792581
2025-12-30,DO 0.001%,79.74,82.55927255094052
2025-12-30,DO 0.05%,79.7,81.35468300879002
2025-12-31,DO 0.001%,80.28,82.45449540853501
2025-12-31,DO 0.05%,80.24,81.23157994687558
2026-01-01,DO 0.001%,80.28,82.51072199821472
2026-01-01,DO 0.05%,80.24,81.30400150537491
2026-01-02,DO 0.001%,79.4,82.31387813329697
2026-01-02,DO 0.05%,79.31,81.0982610720396
2026-01-05,DO 0.001%,78.1,82.36107229828835
2026-01-05,DO 0.05%,77.95,81.09262979388238
2026-01-06,DO 0.001%,79.56,82.3055823236704
2026-01-06,DO 0.05%,79.49,81.10643875479698
2026-01-07,DO 0.001%,77.33,82.26045576095582
2026-01-07,DO 0.05%,77.26,81.10447611093522
2025-11-13,DO 0.001%,94.69,99.01833502054215
2025-11-13,DO 0.05%,92.97,96.84435007095337
2025-11-14,DO 0.001%,95.02,99.06542047262192
2025-11-14,DO 0.05%,93.35,97.3592638206482
2025-11-17,DO 0.001%,95.43,98.74436622858047
2025-11-17,DO 0.05%,93.64,96.76952253341675
2025-11-18,DO 0.001%,96.81,98.47071431279183
2025-11-18,DO 0.05%,94.7,96.52637329101563
2025-11-19,DO 0.001%,99.49,98.20444443821907
2025-11-19,DO 0.05%,97.07,96.23651721954346
2025-11-20,DO 0.001%,97.33,98.21613364815713
2025-11-20,DO 0.05%,95.01,96.11612148284912
2025-11-21,DO 0.001%,91.44,98.00276449024678
2025-11-21,DO 0.05%,88.71,95.9878415966034
2025-11-24,DO 0.001%,88.52,97.75259075164796
2025-11-24,DO 0.05%,86.68,95.763784532547
2025-11-25,DO 0.001%,88.12,97.58023945391179
2025-11-25,DO 0.05%,86.84,95.57202890396118
2025-11-26,DO 0.001%,86.41,97.32550035119057
2025-11-26,DO 0.05%,85.33,95.33335942268371
2025-11-27,DO 0.001%,86.49,97.2551714450121
2025-11-27,DO 0.05%,85.41,95.45238650321961
2025-11-28,DO 0.001%,87.81,96.92158298790456
2025-11-28,DO 0.05%,87.06,94.89001833915711
2025-12-01,DO 0.001%,87.8,96.90342715680599
2025-12-01,DO 0.05%,86.97,95.01143194198609
2025-12-02,DO 0.001%,86.96,96.73721973598003
2025-12-02,DO 0.05%,86.13,94.76947308540345
2025-12-03,DO 0.001%,85.67,96.69118466973305
2025-12-03,DO 0.05%,84.92,94.57096043586732
2025-12-04,DO 0.001%,85.69,96.59809935986996
2025-12-04,DO 0.05%,85.06,94.66213133811951
2025-12-05,DO 0.001%,85.89,96.34996184408665
2025-12-05,DO 0.05%,85.33,94.33129034042359
2025-12-08,DO 0.001%,86.63,96.08747687935829
2025-12-08,DO 0.05%,86.2,93.97341550827026
2025-12-09,DO 0.001%,84.5,96.06248473823071
2025-12-09,DO 0.05%,84.18,94.09547318458557
2025-12-10,DO 0.001%,83.64,95.9553395152092
2025-12-10,DO 0.05%,83.37,93.91512685775757
2025-12-11,DO 0.001%,82.58,95.92473749220372
2025-12-11,DO 0.05%,82.31,93.89715605735779
2025-12-12,DO 0.001%,82.8,95.65659570097924
2025-12-12,DO 0.05%,82.54,93.72780498504639
2025-12-15,DO 0.001%,81.6,95.7156813710928
2025-12-15,DO 0.05%,81.34,93.7875773048401
2025-12-16,DO 0.001%,80.08,95.71456056833267
2025-12-16,DO 0.05%,79.85,93.6927029800415
2025-12-17,DO 0.001%,79.39,95.46356529891492
2025-12-17,DO 0.05%,79.1,93.40185779571533
2025-12-18,DO 0.001%,80.23,95.18560034632684
2025-12-18,DO 0.05%,80.07,93.1376438999176
2025-12-19,DO 0.001%,78.92,95.2409539192915
2025-12-19,DO 0.05%,78.76,93.21496147155761
2025-12-22,DO 0.001%,79.3,95.01333120167256
2025-12-22,DO 0.05%,79.26,93.03670263290405
2025-12-23,DO 0.001%,79.87,95.07350833415985
2025-12-23,DO 0.05%,79.83,93.07161486625672
2025-12-24,DO 0.001%,81.09,94.88729076981545
2025-12-24,DO 0.05%,81.05,92.92094192504884
2025-12-25,DO 0.001%,81.09,94.96374008059502
2025-12-25,DO 0.05%,81.05,93.08452508926392
2025-12-26,DO 0.001%,80.56,94.70317397713661
2025-12-26,DO 0.05%,80.52,92.75754278182984
2025-12-29,DO 0.001%,79.38,94.73119404613972
2025-12-29,DO 0.05%,79.34,92.88091735839843
2025-12-30,DO 0.001%,79.74,94.61854456663131
2025-12-30,DO 0.05%,79.7,92.6445366382599
2025-12-31,DO 0.001%,80.28,94.427391949296
2025-12-31,DO 0.05%,80.24,92.4793260383606
2026-01-01,DO 0.001%,80.28,94.45386284589767
2026-01-01,DO 0.05%,80.24,92.5420829486847
2026-01-02,DO 0.001%,79.4,94.2546709626913
2026-01-02,DO 0.05%,79.31,92.29792734146119
2026-01-05,DO 0.001%,78.1,94.25254671871663
2026-01-05,DO 0.05%,77.95,92.327002658844
2026-01-06,DO 0.001%,79.56,93.93391012251378
2026-01-06,DO 0.05%,79.49,92.09527421951294
2026-01-07,DO 0.001%,77.33,93.86486045718193
2026-01-07,DO 0.05%,77.26,91.81138157844543
2026-01-08,DO 0.001%,77.11,93.97672361433506
2026-01-08,DO 0.05%,77.01,92.24601041793824
2026-01-09,DO 0.001%,79.58,93.6618484556675
2026-01-09,DO 0.05%,79.53,91.79256543159485
2026-01-12,DO 0.001%,79.98,93.5726302087307
2026-01-12,DO 0.05%,79.93,91.67712676048279
2026-01-13,DO 0.001%,81.31,93.40341246426105
2026-01-13,DO 0.05%,81.26,91.44312106132507
2026-01-14,DO 0.001%,82.47,93.37859636545181
2026-01-14,DO 0.05%,82.42,91.4276402950287
2026-01-15,DO 0.001%,81.77,93.18841198086739
2026-01-15,DO 0.05%,81.72,91.22733919143677
2026-01-16,DO 0.001%,81.69,93.09303225278855
2026-01-16,DO 0.05%,81.64,91.04584273338318
2026-01-19,DO 0.001%,82.11,93.00325067043305
2026-01-19,DO 0.05%,82.06,91.03345582008362
2026-01-20,DO 0.001%,82.53,92.8795046567917
2026-01-20,DO 0.05%,82.48,90.94773078918458
2026-01-21,DO 0.001%,83.93,92.81813043653965
2026-01-21,DO 0.05%,83.88,91.04412903785706
2026-01-22,DO 0.001%,85.38,92.62859154045582
2026-01-22,DO 0.05%,85.33,90.72175300598145
2026-01-23,DO 0.001%,84.16,92.65837790071964
2026-01-23,DO 0.05%,84.12,90.71213215827942
2026-01-26,DO 0.001%,85.79,92.40977680683136
2026-01-26,DO 0.05%,85.75,90.37850209236146
2026-01-27,DO 0.001%,84.04,92.26097997128964
2026-01-27,DO 0.05%,84.0,90.27759532928467
2026-01-28,DO 0.001%,86.7,92.24117521047593
2026-01-28,DO 0.05%,86.57,90.23577080726623
2026-01-29,DO 0.001%,88.6,92.20841373503208
2026-01-29,DO 0.05%,88.46,90.20852994918823
2026-01-30,DO 0.001%,88.81,91.98817892670631
2026-01-30,DO 0.05%,88.63,89.87301366806031
2026-02-02,DO 0.001%,87.39,91.93035489320755
2026-02-02,DO 0.05%,86.69,90.0067624282837
2026-02-03,DO 0.001%,86.72,91.78898704349994
2026-02-03,DO 0.05%,85.73,89.62882930755616
2026-02-04,DO 0.001%,88.3,91.7604388475418
2026-02-04,DO 0.05%,87.06,89.75697692871094
2025-12-11,DO 0.001%,82.58,83.6785266494751
2025-12-11,DO 0.05%,82.31,83.50537201523781
2025-12-12,DO 0.001%,82.8,84.01950345039367
2025-12-12,DO 0.05%,82.54,83.7875949883461
2025-12-15,DO 0.001%,81.6,83.91768301963806
2025-12-15,DO 0.05%,81.34,83.7013687491417
2025-12-16,DO 0.001%,80.08,84.1980082654953
2025-12-16,DO 0.05%,79.85,84.02667502641678
2025-12-17,DO 0.001%,79.39,84.18739947795868
2025-12-17,DO 0.05%,79.1,83.97490549206734
2025-12-18,DO 0.001%,80.23,84.06998492717743
2025-12-18,DO 0.05%,80.07,83.74879516839981
2025-12-19,DO 0.001%,78.92,84.2683911895752
2025-12-19,DO 0.05%,78.76,83.72141466021539
2025-12-22,DO 0.001%,79.3,84.25149091243743
2025-12-22,DO 0.05%,79.26,83.80634889721871
2025-12-23,DO 0.001%,79.87,84.25592785835266
2025-12-23,DO 0.05%,79.83,83.93337259054185
2025-12-24,DO 0.001%,81.09,84.28595950126648
2025-12-24,DO 0.05%,81.05,83.80906210184098
2025-12-25,DO 0.001%,81.09,84.18670153141022
2025-12-25,DO 0.05%,81.05,83.76872181773186
2025-12-26,DO 0.001%,80.56,84.3498016691208
2025-12-26,DO 0.05%,80.52,83.86256093144418
2025-12-29,DO 0.001%,79.38,84.27191083431244
2025-12-29,DO 0.05%,79.34,83.74084438562393
2025-12-30,DO 0.001%,79.74,84.29216125488281
2025-12-30,DO 0.05%,79.7,83.81315675497055
2025-12-31,DO 0.001%,80.28,84.23391263008118
2025-12-31,DO 0.05%,80.24,83.73500056028367
2026-01-01,DO 0.001%,80.28,84.39968490600586
2026-01-01,DO 0.05%,80.24,83.89571569561959
2026-01-02,DO 0.001%,79.4,84.35186559677125
2026-01-02,DO 0.05%,79.31,83.79293195128442
2026-01-05,DO 0.001%,78.1,84.43180041790009
2026-01-05,DO 0.05%,77.95,83.9339788377285
2026-01-06,DO 0.001%,79.56,84.58456097602844
2026-01-06,DO 0.05%,79.49,84.01655765533448
2026-01-07,DO 0.001%,77.33,84.43236874580383
2026-01-07,DO 0.05%,77.26,83.75077292561531
2026-01-08,DO 0.001%,77.11,84.42443209648133
2026-01-08,DO 0.05%,77.01,83.77438675045967
2026-01-09,DO 0.001%,79.58,84.54177685260773
2026-01-09,DO 0.05%,79.53,83.92773747324944
2026-01-12,DO 0.001%,79.98,84.57363312721253
2026-01-12,DO 0.05%,79.93,83.8815036714077
2026-01-13,DO 0.001%,81.31,84.55945484161377
2026-01-13,DO 0.05%,81.26,83.8277464413643
2026-01-14,DO 0.001%,82.47,84.48957045078278
2026-01-14,DO 0.05%,82.42,83.84869675397873
2026-01-15,DO 0.001%,81.77,84.59803134441376
2026-01-15,DO 0.05%,81.72,83.9035273396969
2026-01-16,DO 0.001%,81.69,84.5500525045395
2026-01-16,DO 0.05%,81.64,83.87255904078484
2026-01-19,DO 0.001%,82.11,84.73510804653168
2026-01-19,DO 0.05%,82.06,83.87005454421043
2026-01-20,DO 0.001%,82.53,84.65567175865174
2026-01-20,DO 0.05%,82.48,83.99625334382057
2026-01-21,DO 0.001%,83.93,84.58358385086059
2026-01-21,DO 0.05%,83.88,83.81280890822411
2026-01-22,DO 0.001%,85.38,84.73470921993255
2026-01-22,DO 0.05%,85.33,84.04492207288743
2026-01-23,DO 0.001%,84.16,84.67514446735382
2026-01-23,DO 0.05%,84.12,83.9727786576748
2026-01-26,DO 0.001%,85.79,84.81379653453827
2026-01-26,DO 0.05%,85.75,83.9491747713089
2026-01-27,DO 0.001%,84.04,84.69066879272461
2026-01-27,DO 0.05%,84.0,83.99290407657624
2026-01-28,DO 0.001%,86.7,84.89091962814331
2026-01-28,DO 0.05%,86.57,83.97759881973268
2026-01-29,DO 0.001%,88.6,84.90218647956848
2026-01-29,DO 0.05%,88.46,84.028414260149
2026-01-30,DO 0.001%,88.81,84.86058886528015
2026-01-30,DO 0.05%,88.63,83.98786526799202
2026-02-02,DO 0.001%,87.39,84.82054667472839
2026-02-02,DO 0.05%,86.69,83.97547198534012
2026-02-03,DO 0.001%,86.72,84.67280136108398
2026-02-03,DO 0.05%,85.73,83.90013831853867
2026-02-04,DO 0.001%,88.3,84.72200659275055
2026-02-04,DO 0.05%,87.06,83.85553442716599
2026-02-05,DO 0.001%,88.56,84.84784635543824
2026-02-05,DO 0.05%,87.32,84.03435747027397
2026-02-06,DO 0.001%,89.53,84.83651968002319
2026-02-06,DO 0.05%,88.0,83.96150842308998
2026-02-09,DO 0.001%,88.18,84.89914542675018
2026-02-09,DO 0.05%,86.64,83.90619085192681
2026-02-10,DO 0.001%,88.82,84.77461182117462
2026-02-10,DO 0.05%,87.4,83.9934805083275
2026-02-11,DO 0.001%,89.72,84.94173013687134
2026-02-11,DO 0.05%,88.3,84.01567313075066
2026-02-12,DO 0.001%,89.69,84.88389030933381
2026-02-12,DO 0.05%,88.37,83.83688984155656
2026-02-13,DO 0.001%,87.47,84.83218244075775
2026-02-13,DO 0.05%,86.18,84.04707872271538
2026-02-16,DO 0.001%,87.04,85.2837139749527
2026-02-16,DO 0.05%,85.76,84.20700871825218
2026-02-17,DO 0.001%,87.04,84.82360766887665
2026-02-17,DO 0.05%,85.76,83.95562484383584
2026-02-18,DO 0.001%,87.04,85.01650015354157
2026-02-18,DO 0.05%,85.76,84.18993441224099
2026-02-19,DO 0.001%,91.87,84.99925090312958
2026-02-19,DO 0.05%,90.71,84.06206594824792
2026-02-20,DO 0.001%,93.14,85.06943441390992
2026-02-20,DO 0.05%,92.09,84.09657234549523
2026-02-23,DO 0.001%,91.86,85.07155816555023
2026-02-23,DO 0.05%,91.02,83.92711134910584
2026-02-24,DO 0.001%,92.6,85.01158461570739
2026-02-24,DO 0.05%,91.88,84.06649850964547
2026-02-25,DO 0.001%,92.41,84.97810312271118
2026-02-25,DO 0.05%,91.7,83.94288371443749
2026-02-26,DO 0.001%,92.61,85.12382439136505
2026-02-26,DO 0.05%,91.9,84.20982130765915
2026-02-27,DO 0.001%,92.88,84.88654250621796
2026-02-27,DO 0.05%,92.26,83.95069535851479
2026-03-02,DO 0.001%,115.15,85.10293584823609
2026-03-02,DO 0.05%,114.53,84.02750985860825
2026-03-03,DO 0.001%,125.87,85.27798084259034
2026-03-03,DO 0.05%,125.25,84.19202149271966
2026-03-04,DO 0.001%,145.14,85.25735153675079
2026-03-04,DO 0.05%,140.6,84.11648905634881
2026-01-08,DO 0.001%,77.11,76.98117829620838
2026-01-08,DO 0.05%,77.01,77.33331247329713
2026-01-09,DO 0.001%,79.58,76.94399566054344
2026-01-09,DO 0.05%,79.53,77.59869257450104
2026-01-12,DO 0.001%,79.98,76.3359925031662
2026-01-12,DO 0.05%,79.93,77.30798467159272
2026-01-13,DO 0.001%,81.31,76.66981117248535
2026-01-13,DO 0.05%,81.26,77.35647589921952
2026-01-14,DO 0.001%,82.47,76.45674503684043
2026-01-14,DO 0.05%,82.42,77.63521986961365
2026-01-15,DO 0.001%,81.77,76.49072425961494
2026-01-15,DO 0.05%,81.72,77.61268273115158
2026-01-16,DO 0.001%,81.69,75.97272087216378
2026-01-16,DO 0.05%,81.64,77.42438203811646
2026-01-19,DO 0.001%,82.11,75.69126302361488
2026-01-19,DO 0.05%,82.06,77.60175954103471
2026-01-20,DO 0.001%,82.53,75.96616194188594
2026-01-20,DO 0.05%,82.48,77.44586001396179
2026-01-21,DO 0.001%,83.93,75.8790383297205
2026-01-21,DO 0.05%,83.88,77.39077434778214
2026-01-22,DO 0.001%,85.38,76.26330038130283
2026-01-22,DO 0.05%,85.33,77.48432143211365
2026-01-23,DO 0.001%,84.16,75.82374143123627
2026-01-23,DO 0.05%,84.12,77.44076682329178
2026-01-26,DO 0.001%,85.79,75.62576590538025
2026-01-26,DO 0.05%,85.75,77.55082763433457
2026-01-27,DO 0.001%,84.04,75.70203478753567
2026-01-27,DO 0.05%,84.0,77.73246020793916
2026-01-28,DO 0.001%,86.7,75.13949243783951
2026-01-28,DO 0.05%,86.57,77.661791036129
2026-01-29,DO 0.001%,88.6,75.97061445534229
2026-01-29,DO 0.05%,88.46,77.64203535079956
2026-01-30,DO 0.001%,88.81,75.35626439213753
2026-01-30,DO 0.05%,88.63,77.73654028654099
2026-02-02,DO 0.001%,87.39,74.77797692239284
2026-02-02,DO 0.05%,86.69,77.64712854146958
2026-02-03,DO 0.001%,86.72,75.67246659517288
2026-02-03,DO 0.05%,85.73,77.61263668060303
2026-02-04,DO 0.001%,88.3,75.2065566933155
2026-02-04,DO 0.05%,87.06,77.7287209033966
2026-02-05,DO 0.001%,88.56,75.5701417517662
2026-02-05,DO 0.05%,87.32,77.52571166515351
2026-02-06,DO 0.001%,89.53,75.07142798006534
2026-02-06,DO 0.05%,88.0,77.77226630210878
2026-02-09,DO 0.001%,88.18,75.4735830515623
2026-02-09,DO 0.05%,86.64,77.65725966215135
2026-02-10,DO 0.001%,88.82,74.78079316020012
2026-02-10,DO 0.05%,87.4,77.62297042369843
2026-02-11,DO 0.001%,89.72,75.39987689971923
2026-02-11,DO 0.05%,88.3,77.73230363607406
2026-02-12,DO 0.001%,89.69,75.07164461374283
2026-02-12,DO 0.05%,88.37,77.66604610681534
2026-02-13,DO 0.001%,87.47,74.71324493587016
2026-02-13,DO 0.05%,86.18,77.62093498945237
2026-02-16,DO 0.001%,87.04,75.07829111933708
2026-02-16,DO 0.05%,85.76,77.83435165166856
2026-02-17,DO 0.001%,87.04,74.93827201604843
2026-02-17,DO 0.05%,85.76,77.83630419492722
2026-02-18,DO 0.001%,87.04,74.68890360713004
2026-02-18,DO 0.05%,85.76,77.7402519607544
2026-02-19,DO 0.001%,91.87,75.03208361685276
2026-02-19,DO 0.05%,90.71,77.62627685308458
2026-02-20,DO 0.001%,93.14,73.82852682471275
2026-02-20,DO 0.05%,92.09,78.02480751037598
2026-02-23,DO 0.001%,91.86,74.74456002533435
2026-02-23,DO 0.05%,91.02,77.69809728860855
2026-02-24,DO 0.001%,92.6,74.17789241731167
2026-02-24,DO 0.05%,91.88,77.93216301679611
2026-02-25,DO 0.001%,92.41,74.57544748008252
2026-02-25,DO 0.05%,91.7,77.91135737895966
2026-02-26,DO 0.001%,92.61,74.70563049256802
2026-02-26,DO 0.05%,91.9,77.79730859041214
2026-02-27,DO 0.001%,92.88,74.47979679763317
2026-02-27,DO 0.05%,92.26,77.80469509840012
2026-03-02,DO 0.001%,115.15,74.44325023531914
2026-03-02,DO 0.05%,114.53,77.70987701892854
2026-03-03,DO 0.001%,125.87,74.53673458099365
2026-03-03,DO 0.05%,125.25,77.87523532867432
2026-03-04,DO 0.001%,145.14,74.7291790342331
2026-03-04,DO 0.05%,140.6,77.83142283678055
2026-03-05,DO 0.001%,153.21,74.41964177370072
2026-03-05,DO 0.05%,152.21,77.85594935894012
2026-03-06,DO 0.001%,155.76,74.31272614002228
2026-03-06,DO 0.05%,154.76,77.8961422777176
2026-03-09,DO 0.001%,185.43,74.75450673758984
2026-03-09,DO 0.05%,184.43,77.90371298789978
2026-03-10,DO 0.001%,161.4,73.79084639251232
2026-03-10,DO 0.05%,160.4,78.09018086910248
2026-03-11,DO 0.001%,164.56,73.09096750974655
2026-03-11,DO 0.05%,163.56,77.93712726593019
2026-03-12,DO 0.001%,194.5,74.60523691534996
2026-03-12,DO 0.05%,193.5,78.02693504571916
2026-03-13,DO 0.001%,192.48,74.56786530137062
2026-03-13,DO 0.05%,191.48,77.97499923706056
2026-03-16,DO 0.001%,190.93,73.9475555074215
2026-03-16,DO 0.05%,189.93,78.0399028801918
2026-03-17,DO 0.001%,198.2,74.45270836949348
2026-03-17,DO 0.05%,197.2,77.97501765727998
2026-03-18,DO 0.001%,198.88,74.28582208096981
2026-03-18,DO 0.05%,197.88,77.99499438524246
2026-03-19,DO 0.001%,224.5,73.80835223734378
2026-03-19,DO 0.05%,223.5,78.01493427276611
2026-03-20,DO 0.001%,223.02,74.08497039735317
2026-03-20,DO 0.05%,222.02,77.95216737508774
2026-03-23,DO 0.001%,242.91,74.5288113194704
2026-03-23,DO 0.05%,241.91,77.91499537229538
2026-03-24,DO 0.001%,219.93,73.21222705841065
2026-03-24,DO 0.05%,218.93,78.31221819400788
2026-03-25,DO 0.001%,205.62,73.58198848128319
2026-03-25,DO 0.05%,204.62,78.01863673686982
2026-03-26,DO 0.001%,216.56,74.21132775127887
2026-03-26,DO 0.05%,215.56,78.03461627721786
2026-03-27,DO 0.001%,237.81,73.65040784955025
2026-03-27,DO 0.05%,236.81,78.06337944984436
2026-03-30,DO 0.001%,252.15,73.63563066720963
2026-03-30,DO 0.05%,251.15,78.09835944652558
2026-03-31,DO 0.001%,238.89,73.45281949877739
2026-03-31,DO 0.05%,237.89,77.9200793528557
2026-04-01,DO 0.001%,246.0,73.65215013742447
2026-04-01,DO 0.05%,245.0,78.1049262547493
2026-02-05,DO 0.001%,88.56,88.63567988872528
2026-02-05,DO 0.05%,87.32,87.34627670288086
2026-02-06,DO 0.001%,89.53,88.54362844228744
2026-02-06,DO 0.05%,88.0,87.32420192956924
2026-02-09,DO 0.001%,88.18,88.62304847240448
2026-02-09,DO 0.05%,86.64,87.33701920509338
2026-02-10,DO 0.001%,88.82,88.6160485625267
2026-02-10,DO 0.05%,87.4,87.22831625461579
2026-02-11,DO 0.001%,89.72,88.34583098888398
2026-02-11,DO 0.05%,88.3,87.00649955034257
2026-02-12,DO 0.001%,89.69,88.34980988502502
2026-02-12,DO 0.05%,88.37,86.95646028399467
2026-02-13,DO 0.001%,87.47,88.1864277780056
2026-02-13,DO 0.05%,86.18,86.87821263313293
2026-02-16,DO 0.001%,87.04,88.27500558495521
2026-02-16,DO 0.05%,85.76,86.86772529959678
2026-02-17,DO 0.001%,87.04,88.20108022093773
2026-02-17,DO 0.05%,85.76,86.91920196890831
2026-02-18,DO 0.001%,87.04,87.87887384295463
2026-02-18,DO 0.05%,85.76,86.48740508079528
2026-02-19,DO 0.001%,91.87,87.88408430218696
2026-02-19,DO 0.05%,90.71,86.45830415725709
2026-02-20,DO 0.001%,93.14,87.6811290204525
2026-02-20,DO 0.05%,92.09,86.27890900254249
2026-02-23,DO 0.001%,91.86,87.58953546285629
2026-02-23,DO 0.05%,91.02,86.32466719508172
2026-02-24,DO 0.001%,92.6,87.3666593849659
2026-02-24,DO 0.05%,91.88,86.07179843544961
2026-02-25,DO 0.001%,92.41,87.21818234920501
2026-02-25,DO 0.05%,91.7,85.84740789771081
2026-02-26,DO 0.001%,92.61,86.93649650216102
2026-02-26,DO 0.05%,91.9,85.85376983284951
2026-02-27,DO 0.001%,92.88,86.89529703259468
2026-02-27,DO 0.05%,92.26,85.65152152776719
2026-03-02,DO 0.001%,115.15,86.87610780596732
2026-03-02,DO 0.05%,114.53,85.77099721670152
2026-03-03,DO 0.001%,125.87,86.5822379052639
2026-03-03,DO 0.05%,125.25,85.49766751885414
2026-03-04,DO 0.001%,145.14,86.58426945805549
2026-03-04,DO 0.05%,140.6,85.45741504669189
2026-03-05,DO 0.001%,153.21,86.52545442581176
2026-03-05,DO 0.05%,152.21,85.32612878322601
2026-03-06,DO 0.001%,155.76,86.34462517499924
2026-03-06,DO 0.05%,154.76,85.1724719631672
2026-03-09,DO 0.001%,185.43,86.17911151647567
2026-03-09,DO 0.05%,184.43,85.01257255911827
2026-03-10,DO 0.001%,161.4,86.09153895974158
2026-03-10,DO 0.05%,160.4,85.00341365575791
2026-03-11,DO 0.001%,164.56,86.13043319582938
2026-03-11,DO 0.05%,163.56,85.02951523303986
2026-03-12,DO 0.001%,194.5,85.96122484803199
2026-03-12,DO 0.05%,193.5,84.82347363710403
2026-03-13,DO 0.001%,192.48,85.81090573072433
2026-03-13,DO 0.05%,191.48,84.70910410165787
2026-03-16,DO 0.001%,190.93,85.69100201129913
2026-03-16,DO 0.05%,189.93,84.66696276783944
2026-03-17,DO 0.001%,198.2,85.61486088633536
2026-03-17,DO 0.05%,197.2,84.53717617750168
2026-03-18,DO 0.001%,198.88,85.50017815232276
2026-03-18,DO 0.05%,197.88,84.39822549462319
2026-03-19,DO 0.001%,224.5,85.49695187807083
2026-03-19,DO 0.05%,223.5,84.48236805438995
2026-03-20,DO 0.001%,223.02,85.41635291576385
2026-03-20,DO 0.05%,222.02,84.30045614719391
2026-03-23,DO 0.001%,242.91,85.11440943479538
2026-03-23,DO 0.05%,241.91,84.17731170773506
2026-03-24,DO 0.001%,219.93,85.10800425410271
2026-03-24,DO 0.05%,218.93,84.00309016585351
2026-03-25,DO 0.001%,205.62,85.11875674724578
2026-03-25,DO 0.05%,204.62,84.09766297817231
2026-03-26,DO 0.001%,216.56,84.98485847115516
2026-03-26,DO 0.05%,215.56,83.96984308719635
2026-03-27,DO 0.001%,237.81,85.00556346774101
2026-03-27,DO 0.05%,236.81,83.89935845017433
2026-03-30,DO 0.001%,252.15,84.91164888739586
2026-03-30,DO 0.05%,251.15,83.78004362583161
2026-03-31,DO 0.001%,238.89,84.75570878982543
2026-03-31,DO 0.05%,237.89,83.74301882386207
2026-04-01,DO 0.001%,246.0,84.60568966865539
2026-04-01,DO 0.05%,245.0,83.56505588293076
2026-04-02,DO 0.001%,292.82,84.66498364210129
2026-04-02,DO 0.05%,291.82,83.52506286978722
2026-04-06,DO 0.001%,272.64,84.61254221200943
2026-04-06,DO 0.05%,264.02,83.5549110352993
2026-04-07,DO 0.001%,255.36,84.72519339323044
2026-04-07,DO 0.05%,234.99,83.59111075758935
2026-04-08,DO 0.001%,198.36,84.44311807751656
2026-04-08,DO 0.05%,183.29,83.47227852702142
2026-04-09,DO 0.001%,211.03,84.22064199447631
2026-04-09,DO 0.05%,181.78,83.29131105065346
2026-04-10,DO 0.001%,210.16,84.13790621757506
2026-04-10,DO 0.05%,182.08,83.17482432961464
2026-04-13,DO 0.001%,203.24,83.95827695131301
2026-04-13,DO 0.05%,176.9,83.05315361738205
2026-04-14,DO 0.001%,191.77,83.8686833679676
2026-04-14,DO 0.05%,168.23,82.96672781825066
2026-04-15,DO 0.001%,173.33,84.0143814921379
2026-04-15,DO 0.05%,155.37,83.0475441133976
2026-04-16,DO 0.001%,172.2,83.99667119383811
2026-04-16,DO 0.05%,158.6,82.93264009237289
2026-04-17,DO 0.001%,170.31,83.5722556054592
2026-04-17,DO 0.05%,156.71,82.73440821290016
2026-04-20,DO 0.001%,155.07,83.64232312440872
2026-04-20,DO 0.05%,141.47,82.74041209459305
2026-04-21,DO 0.001%,152.84,83.39304738640784
2026-04-21,DO 0.05%,139.24,82.70637107133865
2026-04-22,DO 0.001%,167.21,83.49453555345535
2026-04-22,DO 0.05%,153.61,82.52557483792305
2026-04-23,DO 0.001%,171.29,83.28786979317665
2026-04-23,DO 0.05%,157.69,82.40619255423546
2026-04-24,DO 0.001%,172.84,83.25430180430412
2026-04-24,DO 0.05%,159.24,82.36016452431679
2026-04-27,DO 0.001%,174.03,83.01823115944862
2026-04-27,DO 0.05%,160.43,82.31968372821808
2026-04-28,DO 0.001%,167.39,82.89538010954857
2026-04-28,DO 0.05%,153.79,81.98469618916512
2026-04-29,DO 0.001%,169.48,82.71068248748779
2026-04-29,DO 0.05%,156.43,81.87816231608392
2026-04-30,DO 0.001%,178.67,82.74500309824943
2026-04-30,DO 0.05%,165.62,82.00312815785408
