date,product,true,pred
2024-01-10,MG95,91.68,88.1975702548027
2024-01-10,MG92,87.36,85.00775921940803
2024-01-11,MG95,91.48,88.05806312322616
2024-01-11,MG92,87.16,84.69367898106574
2024-01-12,MG95,95.45,88.47462532758712
2024-01-12,MG92,90.36,84.46174046397209
2024-01-15,MG95,94.05,90.23299335956573
2024-01-15,MG92,88.96,86.66158543825149
2024-01-16,MG95,94.9,90.02725707530975
2024-01-16,MG92,89.81,87.23537026643753
2024-01-17,MG95,93.09,90.26984530448912
2024-01-17,MG92,88.0,86.68726170063019
2024-01-18,MG95,95.56,90.14308355808258
2024-01-18,MG92,90.17,86.0148094177246
2024-01-19,MG95,97.74,91.66215884685516
2024-01-19,MG92,92.24,87.46378856897354
2024-01-22,MG95,97.16,88.91229674339294
2024-01-22,MG92,91.91,84.98843861818312
2024-01-23,MG95,101.07,88.76294042110442
2024-01-23,MG92,95.39,85.99825325012206
2024-01-24,MG95,100.72,88.96547704935074
2024-01-24,MG92,95.05,85.38148528337479
2024-01-25,MG95,101.96,84.9491793847084
2024-01-25,MG92,96.49,80.65660156607628
2024-01-26,MG95,102.8,87.99818004369735
2024-01-26,MG92,97.55,83.71117390990257
2024-01-29,MG95,105.17,89.26012224435806
2024-01-29,MG92,100.3,85.86731547117233
2024-01-30,MG95,101.74,88.1515239572525
2024-01-30,MG92,97.1,84.27197350859642
2024-01-31,MG95,101.3,86.3339543032646
2024-01-31,MG92,96.66,82.67586562037468
2024-02-01,MG95,100.01,87.43126062631606
2024-02-01,MG92,95.37,83.64554777741432
2024-02-02,MG95,98.45,86.55021591186522
2024-02-02,MG92,93.62,83.92284329533577
2024-02-05,MG95,97.0,86.32839616537093
2024-02-05,MG92,92.17,82.47121130228042
2024-02-06,MG95,98.21,87.10300573348998
2024-02-06,MG92,93.38,84.58384727239608
2024-02-07,MG95,98.09,87.12482302188873
2024-02-07,MG92,93.26,83.96322938799858
2024-02-08,MG95,99.61,86.17539830446242
2024-02-08,MG92,95.45,83.78183689117431
2024-02-09,MG95,101.05,88.68111760377883
2024-02-09,MG92,96.89,85.45600832700728
2024-02-12,MG95,101.05,86.41913649320601
2024-02-12,MG92,96.89,82.56834183335303
2024-02-13,MG95,102.91,86.37894114732741
2024-02-13,MG92,98.69,83.49788137078285
2024-02-14,MG95,103.66,86.42282062292098
2024-02-14,MG92,99.44,83.45017079710959
2024-02-15,MG95,99.92,84.65826623439789
2024-02-15,MG92,95.56,81.66447855830192
2024-02-16,MG95,100.76,85.49569234371185
2024-02-16,MG92,96.4,83.18441488742828
2024-02-19,MG95,100.24,85.61798734903334
2024-02-19,MG92,95.65,81.53948050737381
2024-02-20,MG95,99.02,86.70408689022064
2024-02-20,MG92,94.35,83.92220925092697
2024-02-21,MG95,98.6,83.76605200529097
2024-02-21,MG92,93.93,81.99653522372245
2024-02-22,MG95,100.78,84.5980051589012
2024-02-22,MG92,96.11,81.76425685882568
2024-02-23,MG95,101.23,85.88677442550659
2024-02-23,MG92,96.56,83.14925839304924
2024-02-26,MG95,99.18,84.60431396484374
2024-02-26,MG92,94.51,81.39127643108367
2024-02-27,MG95,101.65,85.7678920316696
2024-02-27,MG92,96.98,83.18236565589905
2024-02-28,MG95,102.04,85.39339385747908
2024-02-28,MG92,97.37,82.1591244995594
2024-02-29,MG95,100.8,84.62292094945907
2024-02-29,MG92,96.13,82.00941393375396
2024-03-01,MG95,99.03,84.29623660326003
2024-03-01,MG92,94.59,81.31963448524475
2024-03-04,MG95,98.26,84.42430802583694
2024-03-04,MG92,93.82,81.81855642199515
2024-03-05,MG95,98.94,83.50571926116943
2024-03-05,MG92,94.5,80.52901661396027
2024-03-06,MG95,97.08,84.7137624311447
2024-03-06,MG92,93.64,81.38048753142357
2024-03-07,MG95,98.14,81.54892464160919
2024-03-07,MG92,94.2,79.16559287905693
2024-03-08,MG95,99.79,81.18680450439453
2024-03-08,MG92,95.41,78.84962572455406
2024-03-11,MG95,98.19,81.80273030042648
2024-03-11,MG92,93.78,78.43745120763778
2024-03-12,MG95,99.19,82.34068244934082
2024-03-12,MG92,94.68,79.07839401960372
2024-03-13,MG95,98.51,82.46429777860641
2024-03-13,MG92,94.13,78.81664019823074
2024-03-14,MG95,99.8,82.71994550228118
2024-03-14,MG92,95.93,79.24847516417503
2024-03-15,MG95,100.94,80.62634828567504
2024-03-15,MG92,97.07,78.31937184929848
2024-03-18,MG95,103.56,82.71524451017379
2024-03-18,MG92,99.21,79.43763343691825
2024-03-19,MG95,103.3,82.98676274061202
2024-03-19,MG92,99.29,80.31591682434082
2024-03-20,MG95,104.4,82.56862998962401
2024-03-20,MG92,100.2,79.53296328186988
2024-03-21,MG95,104.78,81.44318692445755
2024-03-21,MG92,100.55,79.59146275520324
2024-03-22,MG95,105.55,80.75263088226318
2024-03-22,MG92,100.94,77.9912259697914
2024-03-25,MG95,105.67,81.72460226058959
2024-03-25,MG92,101.06,79.49018303751944
2024-03-26,MG95,105.19,81.65353901863098
2024-03-26,MG92,100.58,79.42483588457107
2024-03-27,MG95,103.9,79.95592185974121
2024-03-27,MG92,99.29,77.52023749351501
2024-03-28,MG95,104.58,80.08565433502197
2024-03-28,MG92,99.97,77.22408295869826
2024-04-01,MG95,106.58,80.79613236188888
2024-04-01,MG92,103.25,78.96574208140373
2024-04-02,MG95,106.91,79.29628695249556
2024-04-02,MG92,102.56,76.43081224560737
2024-04-03,MG95,107.09,82.72761722326278
2024-04-03,MG92,102.74,79.82155493497848
2024-02-07,MG95,98.09,96.53922805666923
2024-02-07,MG92,93.26,89.97451526403427
2024-02-08,MG95,99.61,96.5709086716175
2024-02-08,MG92,95.45,90.16402240514755
2024-02-09,MG95,101.05,97.81532697319984
2024-02-09,MG92,96.89,91.83766634345054
2024-02-12,MG95,101.05,95.13886526465416
2024-02-12,MG92,96.89,89.97907372117042
2024-02-13,MG95,102.91,97.08506304204464
2024-02-13,MG92,98.69,90.68210580825806
2024-02-14,MG95,103.66,95.33483784914016
2024-02-14,MG92,99.44,89.89224040031432
2024-02-15,MG95,99.92,96.7821537476778
2024-02-15,MG92,95.56,90.51974903821944
2024-02-16,MG95,100.76,96.24000078499317
2024-02-16,MG92,96.4,89.81287092685699
2024-02-19,MG95,100.24,96.30863040983677
2024-02-19,MG92,95.65,90.38273929357528
2024-02-20,MG95,99.02,94.61487070322036
2024-02-20,MG92,94.35,88.21510665416717
2024-02-21,MG95,98.6,93.80241395711899
2024-02-21,MG92,93.93,87.95304824471474
2024-02-22,MG95,100.78,93.56775964617728
2024-02-22,MG92,96.11,87.58892269611358
2024-02-23,MG95,101.23,95.23486712813377
2024-02-23,MG92,96.56,89.30221240997314
2024-02-26,MG95,99.18,94.64036388099193
2024-02-26,MG92,94.51,89.00071972846985
2024-02-27,MG95,101.65,91.68862268269062
2024-02-27,MG92,96.98,86.01626055002212
2024-02-28,MG95,102.04,92.30960254132746
2024-02-28,MG92,97.37,86.87515402317047
2024-02-29,MG95,100.8,92.32280865132807
2024-02-29,MG92,96.13,86.42034912943839
2024-03-01,MG95,99.03,92.27901658177375
2024-03-01,MG92,94.59,86.9683213174343
2024-03-04,MG95,98.26,91.92903710544108
2024-03-04,MG92,93.82,86.01309356331825
2024-03-05,MG95,98.94,91.66937547981739
2024-03-05,MG92,94.5,86.16514788627624
2024-03-06,MG95,97.08,89.72944709241389
2024-03-06,MG92,93.64,84.63054523944854
2024-03-07,MG95,98.14,89.68841214954853
2024-03-07,MG92,94.2,84.53212931871414
2024-03-08,MG95,99.79,90.64797419011592
2024-03-08,MG92,95.41,84.94444427132606
2024-03-11,MG95,98.19,88.90110906243324
2024-03-11,MG92,93.78,83.80732350230217
2024-03-12,MG95,99.19,90.87169950842856
2024-03-12,MG92,94.68,85.40619538545609
2024-03-13,MG95,98.51,90.62977481245994
2024-03-13,MG92,94.13,84.30275933265686
2024-03-14,MG95,99.8,89.85321925103663
2024-03-14,MG92,95.93,84.12744518995285
2024-03-15,MG95,100.94,89.21508783996104
2024-03-15,MG92,97.07,83.39103451013564
2024-03-18,MG95,103.56,89.7048202729225
2024-03-18,MG92,99.21,83.57190340280532
2024-03-19,MG95,103.3,89.58155739247799
2024-03-19,MG92,99.29,83.45903288722037
2024-03-20,MG95,104.4,88.37240806818008
2024-03-20,MG92,100.2,82.94831314563751
2024-03-21,MG95,104.78,87.06388510763645
2024-03-21,MG92,100.55,81.22365790128707
2024-03-22,MG95,105.55,87.85906151831149
2024-03-22,MG92,100.94,82.95121853590011
2024-03-25,MG95,105.67,88.66166636586189
2024-03-25,MG92,101.06,83.08268466234206
2024-03-26,MG95,105.19,87.84604272902011
2024-03-26,MG92,100.58,82.30086195349693
2024-03-27,MG95,103.9,86.50010831058025
2024-03-27,MG92,99.29,81.11303600192069
2024-03-28,MG95,104.58,87.47161790013313
2024-03-28,MG92,99.97,81.55504493355751
2024-04-01,MG95,106.58,86.65853480041027
2024-04-01,MG92,103.25,80.89039516687393
2024-04-02,MG95,106.91,86.11388813078403
2024-04-02,MG92,102.56,81.30806449770927
2024-04-03,MG95,107.09,86.51202073693275
2024-04-03,MG92,102.74,81.40794981122016
2024-04-04,MG95,106.36,86.48436166346073
2024-04-04,MG92,102.01,81.17087107896805
2024-04-05,MG95,107.02,85.40854370772838
2024-04-05,MG92,102.67,80.47321563363074
2024-04-08,MG95,106.27,85.57603183686733
2024-04-08,MG92,101.92,80.38667730450629
2024-04-09,MG95,106.43,85.31034082591533
2024-04-09,MG92,101.97,80.09018835067748
2024-04-10,MG95,106.43,87.43650112092494
2024-04-10,MG92,101.97,82.82265223383904
2024-04-11,MG95,107.79,84.69935335636139
2024-04-11,MG92,103.38,79.74185320854187
2024-04-12,MG95,108.62,83.82990428447722
2024-04-12,MG92,104.21,78.73893141388892
2024-04-15,MG95,107.89,85.01488923728465
2024-04-15,MG92,103.48,79.9465997338295
2024-04-16,MG95,108.46,85.38876966536044
2024-04-16,MG92,104.05,80.12105673074721
2024-04-17,MG95,108.41,83.8795735412836
2024-04-17,MG92,104.0,78.29428982019424
2024-04-18,MG95,105.32,85.66196521222591
2024-04-18,MG92,100.91,80.97445111274719
2024-04-19,MG95,105.41,84.67622510254382
2024-04-19,MG92,101.0,79.5405964910984
2024-04-22,MG95,104.36,84.43706338703632
2024-04-22,MG92,99.95,79.70347088813782
2024-04-23,MG95,104.94,83.18888696372508
2024-04-23,MG92,100.53,78.42642941832543
2024-04-24,MG95,105.05,83.23065948188304
2024-04-24,MG92,100.64,78.50780260920524
2024-04-25,MG95,105.56,83.57634228944778
2024-04-25,MG92,101.15,78.72661411762238
2024-04-26,MG95,106.1,84.50468030929565
2024-04-26,MG92,101.69,78.49804005265236
2024-04-29,MG95,106.05,83.31182788670063
2024-04-29,MG92,101.64,78.17633208870888
2024-04-30,MG95,105.3,82.84559249520301
2024-04-30,MG92,100.89,77.80211559653281
2024-05-01,MG95,105.3,83.34661685466766
2024-05-01,MG92,100.89,78.68924478769301
2024-03-06,MG95,97.08,98.4159555888176
2024-03-06,MG92,93.64,94.58955895900726
2024-03-07,MG95,98.14,100.4658277630806
2024-03-07,MG92,94.2,95.78563857078552
2024-03-08,MG95,99.79,95.57097036480903
2024-03-08,MG92,95.41,92.10435980558395
2024-03-11,MG95,98.19,96.86298852682114
2024-03-11,MG92,93.78,92.56309881806374
2024-03-12,MG95,99.19,98.73246279716491
2024-03-12,MG92,94.68,94.66057527065277
2024-03-13,MG95,98.51,95.79260207533837
2024-03-13,MG92,94.13,91.54195207357407
2024-03-14,MG95,99.8,98.74456402301789
2024-03-14,MG92,95.93,94.25586453080177
2024-03-15,MG95,100.94,96.56802409529686
2024-03-15,MG92,97.07,92.58587720990181
2024-03-18,MG95,103.56,97.1071655523777
2024-03-18,MG92,99.21,92.29247304797173
2024-03-19,MG95,103.3,95.56567460417747
2024-03-19,MG92,99.29,92.20199596881866
2024-03-20,MG95,104.4,94.97764466643333
2024-03-20,MG92,100.2,91.43974220752716
2024-03-21,MG95,104.78,95.67019216060638
2024-03-21,MG92,100.55,91.43039765954018
2024-03-22,MG95,105.55,95.5270179104805
2024-03-22,MG92,100.94,91.45888754725456
2024-03-25,MG95,105.67,95.24358266830444
2024-03-25,MG92,101.06,91.16600722074509
2024-03-26,MG95,105.19,94.42551739096642
2024-03-26,MG92,100.58,90.32921674847603
2024-03-27,MG95,103.9,93.08232260227203
2024-03-27,MG92,99.29,89.99098804593086
2024-03-28,MG95,104.58,94.41612301826477
2024-03-28,MG92,99.97,89.9089768230915
2024-04-01,MG95,106.58,93.97637437820434
2024-04-01,MG92,103.25,89.89071017503738
2024-04-02,MG95,106.91,94.31015473008155
2024-04-02,MG92,102.56,90.68753144145012
2024-04-03,MG95,107.09,93.37888519763946
2024-04-03,MG92,102.74,88.7703050673008
2024-04-04,MG95,106.36,92.93905989289283
2024-04-04,MG92,102.01,88.82972377538681
2024-04-05,MG95,107.02,91.1458080124855
2024-04-05,MG92,102.67,86.77191236615181
2024-04-08,MG95,106.27,92.74585898637771
2024-04-08,MG92,101.92,89.2627103626728
2024-04-09,MG95,106.43,92.93203622817992
2024-04-09,MG92,101.97,89.5491469502449
2024-04-10,MG95,106.43,91.55518564224244
2024-04-10,MG92,101.97,87.06792443990707
2024-04-11,MG95,107.79,90.73950286746025
2024-04-11,MG92,103.38,86.45367953181267
2024-04-12,MG95,108.62,91.70162109017372
2024-04-12,MG92,104.21,87.80993449687958
2024-04-15,MG95,107.89,91.99986441135407
2024-04-15,MG92,103.48,88.3490963280201
2024-04-16,MG95,108.46,91.40060014843941
2024-04-16,MG92,104.05,87.83898201584816
2024-04-17,MG95,108.41,91.33366008281708
2024-04-17,MG92,104.0,86.99730804562569
2024-04-18,MG95,105.32,88.72079783678055
2024-04-18,MG92,100.91,85.37581211328506
2024-04-19,MG95,105.41,89.89219885826111
2024-04-19,MG92,101.0,85.63369685411453
2024-04-22,MG95,104.36,89.88696207046509
2024-04-22,MG92,99.95,86.36123102903366
2024-04-23,MG95,104.94,88.7344028699398
2024-04-23,MG92,100.53,85.00907099246979
2024-04-24,MG95,105.05,90.81754162073135
2024-04-24,MG92,100.64,86.16274246573448
2024-04-25,MG95,105.56,89.0552917599678
2024-04-25,MG92,101.15,85.01165074110031
2024-04-26,MG95,106.1,89.86508904576301
2024-04-26,MG92,101.69,85.38843485713005
2024-04-29,MG95,106.05,88.81931785583495
2024-04-29,MG92,101.64,84.3091536462307
2024-04-30,MG95,105.3,88.8361604976654
2024-04-30,MG92,100.89,84.58715254068375
2024-05-01,MG95,105.3,88.36569880485534
2024-05-01,MG92,100.89,84.00166788697243
2024-05-02,MG95,100.51,87.03431037783622
2024-05-02,MG92,96.1,82.99134144186974
2024-05-03,MG95,98.84,87.43833917140961
2024-05-03,MG92,95.37,83.05938935279846
2024-05-06,MG95,98.2,88.51175092935561
2024-05-06,MG92,94.3,84.05877721309662
2024-05-07,MG95,98.51,87.46172190070152
2024-05-07,MG92,93.98,83.46991297602654
2024-05-08,MG95,95.84,88.44386729836464
2024-05-08,MG92,90.88,84.1262055337429
2024-05-09,MG95,96.86,87.57493205308914
2024-05-09,MG92,91.9,83.95985680818558
2024-05-10,MG95,97.03,86.45530918121338
2024-05-10,MG92,92.07,82.54657137393951
2024-05-13,MG95,96.4,87.06249349594115
2024-05-13,MG92,91.44,82.16894236207008
2024-05-14,MG95,95.49,86.019818379879
2024-05-14,MG92,90.53,81.81805711984634
2024-05-15,MG95,94.93,85.13271360397339
2024-05-15,MG92,89.97,80.5888237953186
2024-05-16,MG95,96.38,85.77842487215996
2024-05-16,MG92,91.42,81.70343291759491
2024-05-17,MG95,97.35,87.83740245223045
2024-05-17,MG92,92.39,83.60852095484734
2024-05-20,MG95,97.43,87.14467214226723
2024-05-20,MG92,93.46,82.60203033685684
2024-05-21,MG95,95.4,87.68594251871109
2024-05-21,MG92,91.42,82.94471445679665
2024-05-22,MG95,95.4,86.33262799143792
2024-05-22,MG92,91.42,82.20866936445236
2024-05-23,MG95,93.75,86.61964288473129
2024-05-23,MG92,90.22,81.85803759098053
2024-05-24,MG95,92.47,86.08782585382461
2024-05-24,MG92,88.81,81.37680745124817
2024-05-27,MG95,92.46,85.96896020650864
2024-05-27,MG92,88.8,82.37163850665092
2024-05-28,MG95,92.45,85.96733845353127
2024-05-28,MG92,88.92,81.61816039681435
2024-05-29,MG95,93.52,85.88527185559272
2024-05-29,MG92,89.23,81.58556994795799
2024-04-04,MG95,106.36,105.29128521025181
2024-04-04,MG92,102.01,99.75552623987197
2024-04-05,MG95,107.02,105.63693436861038
2024-04-05,MG92,102.67,100.81556501388549
2024-04-08,MG95,106.27,105.65056858778
2024-04-08,MG92,101.92,100.73184680104255
2024-04-09,MG95,106.43,104.7037371736765
2024-04-09,MG92,101.97,100.09546958208084
2024-04-10,MG95,106.43,104.60275075912476
2024-04-10,MG92,101.97,98.90395322561264
2024-04-11,MG95,107.79,105.12609158098698
2024-04-11,MG92,103.38,99.82165082931517
2024-04-12,MG95,108.62,103.29959770798683
2024-04-12,MG92,104.21,98.31995270729064
2024-04-15,MG95,107.89,104.54919687390328
2024-04-15,MG92,103.48,98.3542642533779
2024-04-16,MG95,108.46,102.31527219116688
2024-04-16,MG92,104.05,97.90144125223159
2024-04-17,MG95,108.41,103.95464661896229
2024-04-17,MG92,104.0,99.55669318795204
2024-04-18,MG95,105.32,104.32244500041008
2024-04-18,MG92,100.91,98.13604943394661
2024-04-19,MG95,105.41,100.47500367164612
2024-04-19,MG92,101.0,95.52738600254058
2024-04-22,MG95,104.36,102.17960660398006
2024-04-22,MG92,99.95,96.49896063327789
2024-04-23,MG95,104.94,101.42999263823033
2024-04-23,MG92,100.53,96.18214068889617
2024-04-24,MG95,105.05,99.93708393752576
2024-04-24,MG92,100.64,94.49835193276405
2024-04-25,MG95,105.56,102.42893536567688
2024-04-25,MG92,101.15,96.3377582168579
2024-04-26,MG95,106.1,100.89382824599743
2024-04-26,MG92,101.69,96.0434125494957
2024-04-29,MG95,106.05,101.4340905636549
2024-04-29,MG92,101.64,95.88254081726073
2024-04-30,MG95,105.3,102.74968420147896
2024-04-30,MG92,100.89,96.30674126505852
2024-05-01,MG95,105.3,100.38590251743794
2024-05-01,MG92,100.89,94.31027836441993
2024-05-02,MG95,100.51,98.23804703474045
2024-05-02,MG92,96.1,92.77501579761504
2024-05-03,MG95,98.84,100.33644017457962
2024-05-03,MG92,95.37,95.15136746525764
2024-05-06,MG95,98.2,99.8981727951765
2024-05-06,MG92,94.3,93.90863792657852
2024-05-07,MG95,98.51,98.15529064357281
2024-05-07,MG92,93.98,91.95975068211555
2024-05-08,MG95,95.84,98.61544554054737
2024-05-08,MG92,90.88,94.77034579873084
2024-05-09,MG95,96.86,98.68359748721123
2024-05-09,MG92,91.9,93.14430429935454
2024-05-10,MG95,97.03,96.72076780557633
2024-05-10,MG92,92.07,91.2360422194004
2024-05-13,MG95,96.4,98.57550672531129
2024-05-13,MG92,91.44,92.4146618926525
2024-05-14,MG95,95.49,96.37354841411114
2024-05-14,MG92,90.53,89.699744733572
2024-05-15,MG95,94.93,96.13439425230027
2024-05-15,MG92,89.97,91.5197814977169
2024-05-16,MG95,96.38,95.65369866371155
2024-05-16,MG92,91.42,91.22849159717559
2024-05-17,MG95,97.35,95.53085664689542
2024-05-17,MG92,92.39,90.18379289507865
2024-05-20,MG95,97.43,96.39860193014145
2024-05-20,MG92,93.46,91.86955350875854
2024-05-21,MG95,95.4,96.79901137232781
2024-05-21,MG92,91.42,91.75765977859497
2024-05-22,MG95,95.4,94.37392676651478
2024-05-22,MG92,91.42,89.85884056925774
2024-05-23,MG95,93.75,95.7520616400242
2024-05-23,MG92,90.22,89.53275534391403
2024-05-24,MG95,92.47,96.10593856453896
2024-05-24,MG92,88.81,90.44391274929046
2024-05-27,MG95,92.46,95.05978671491147
2024-05-27,MG92,88.8,89.51492289304733
2024-05-28,MG95,92.45,95.93450868427753
2024-05-28,MG92,88.92,91.07270872712135
2024-05-29,MG95,93.52,95.68009262263776
2024-05-29,MG92,89.23,90.13024042844772
2024-05-30,MG95,90.86,96.20428239166736
2024-05-30,MG92,86.57,91.33105268478393
2024-05-31,MG95,90.78,94.90377831101418
2024-05-31,MG92,85.96,89.43439517021179
2024-06-03,MG95,91.38,95.01903086781502
2024-06-03,MG92,86.43,89.52129162549971
2024-06-04,MG95,88.04,93.57365682542324
2024-06-04,MG92,83.24,89.82346960902214
2024-06-05,MG95,89.43,94.21968008756637
2024-06-05,MG92,84.63,88.16467812776565
2024-06-06,MG95,89.87,94.53324159622193
2024-06-06,MG92,85.14,89.07722563147544
2024-06-07,MG95,91.12,92.2446013110876
2024-06-07,MG92,85.88,88.0722580218315
2024-06-10,MG95,91.67,94.69880544304849
2024-06-10,MG92,86.43,89.26401320576667
2024-06-11,MG95,92.62,93.38999061644077
2024-06-11,MG92,87.38,89.19704353451728
2024-06-12,MG95,92.14,94.2526932811737
2024-06-12,MG92,86.9,88.42973374962806
2024-06-13,MG95,91.15,94.49988371729852
2024-06-13,MG92,85.91,87.75266400456428
2024-06-14,MG95,91.78,94.25186348319053
2024-06-14,MG92,86.54,88.1570478963852
2024-06-17,MG95,91.78,95.0012093603611
2024-06-17,MG92,86.54,88.67295196771622
2024-06-18,MG95,93.26,92.26386539041997
2024-06-18,MG92,88.02,87.20149307727813
2024-06-19,MG95,94.52,93.79255753338337
2024-06-19,MG92,89.28,87.45645670771599
2024-06-20,MG95,94.85,95.04805464804173
2024-06-20,MG92,89.61,88.94764029741287
2024-06-21,MG95,95.95,93.845083745718
2024-06-21,MG92,90.71,87.99098319768905
2024-06-24,MG95,95.52,94.17330076336862
2024-06-24,MG92,90.28,88.08976591229438
2024-06-25,MG95,95.57,93.10969762384892
2024-06-25,MG92,90.33,87.73857930779457
2024-06-26,MG95,95.65,93.0931463456154
2024-06-26,MG92,90.41,87.01538524270057
2024-05-02,MG95,100.51,102.90591666698455
2024-05-02,MG92,96.1,101.47678653359414
2024-05-03,MG95,98.84,105.52945150136948
2024-05-03,MG92,95.37,103.5055171751976
2024-05-06,MG95,98.2,104.62357059717178
2024-05-06,MG92,94.3,101.25470751285553
2024-05-07,MG95,98.51,103.28792787194251
2024-05-07,MG92,93.98,100.51609782636166
2024-05-08,MG95,95.84,103.71264349222183
2024-05-08,MG92,90.88,102.16057102560997
2024-05-09,MG95,96.86,102.73194826841355
2024-05-09,MG92,91.9,100.13888220727443
2024-05-10,MG95,97.03,101.4607261955738
2024-05-10,MG92,92.07,98.40678010225297
2024-05-13,MG95,96.4,101.62555620074272
2024-05-13,MG92,91.44,98.61727108418941
2024-05-14,MG95,95.49,102.91879577636719
2024-05-14,MG92,90.53,100.51532208323479
2024-05-15,MG95,94.93,102.9136617064476
2024-05-15,MG92,89.97,99.8148801612854
2024-05-16,MG95,96.38,103.21847984790801
2024-05-16,MG92,91.42,99.2495438271761
2024-05-17,MG95,97.35,100.123790538311
2024-05-17,MG92,92.39,97.39299809217454
2024-05-20,MG95,97.43,102.78614471554756
2024-05-20,MG92,93.46,99.93223987340927
2024-05-21,MG95,95.4,100.49535158872604
2024-05-21,MG92,91.42,97.76067026674748
2024-05-22,MG95,95.4,102.81740103363991
2024-05-22,MG92,91.42,99.2306493705511
2024-05-23,MG95,93.75,100.49018613696099
2024-05-23,MG92,90.22,98.29772505104542
2024-05-24,MG95,92.47,101.12086080908774
2024-05-24,MG92,88.81,98.91172272920609
2024-05-27,MG95,92.46,99.74671255946159
2024-05-27,MG92,88.8,96.51992626369
2024-05-28,MG95,92.45,99.92530036568641
2024-05-28,MG92,88.92,97.59586394011974
2024-05-29,MG95,93.52,100.19279294013977
2024-05-29,MG92,89.23,97.62157170653343
2024-05-30,MG95,90.86,100.22921470999718
2024-05-30,MG92,86.57,97.29885655224324
2024-05-31,MG95,90.78,99.31877716183662
2024-05-31,MG92,85.96,96.80307250499726
2024-06-03,MG95,91.38,97.65303508043289
2024-06-03,MG92,86.43,94.7736623364687
2024-06-04,MG95,88.04,97.37893348932266
2024-06-04,MG92,83.24,94.53523858845234
2024-06-05,MG95,89.43,98.00969603061675
2024-06-05,MG92,84.63,94.83491597592831
2024-06-06,MG95,89.87,97.04975048303604
2024-06-06,MG92,85.14,93.1347937309742
2024-06-07,MG95,91.12,96.6257880270481
2024-06-07,MG92,85.88,92.48193673431874
2024-06-10,MG95,91.67,95.19042634963989
2024-06-10,MG92,86.43,92.6609108966589
2024-06-11,MG95,92.62,95.09614273309707
2024-06-11,MG92,87.38,92.02368903279304
2024-06-12,MG95,92.14,95.34228937625885
2024-06-12,MG92,86.9,92.3905734372139
2024-06-13,MG95,91.15,95.65587560534478
2024-06-13,MG92,85.91,92.9064847111702
2024-06-14,MG95,91.78,96.22583268284798
2024-06-14,MG92,86.54,91.42144777178764
2024-06-17,MG95,91.78,94.20088144540786
2024-06-17,MG92,86.54,90.17262762129307
2024-06-18,MG95,93.26,94.81582126021385
2024-06-18,MG92,88.02,91.68262063801289
2024-06-19,MG95,94.52,95.68828049898147
2024-06-19,MG92,89.28,91.20713820934296
2024-06-20,MG95,94.85,94.27201781272888
2024-06-20,MG92,89.61,89.18587033689022
2024-06-21,MG95,95.95,94.66616751551628
2024-06-21,MG92,90.71,90.36715272724628
2024-06-24,MG95,95.52,93.44334880113601
2024-06-24,MG92,90.28,90.17975964725018
2024-06-25,MG95,95.57,94.29719860553742
2024-06-25,MG92,90.33,90.25700321674347
2024-06-26,MG95,95.65,94.29935140013694
2024-06-26,MG92,90.41,89.85049577772618
2024-06-27,MG95,96.51,94.33038176894188
2024-06-27,MG92,91.27,90.21176356136799
2024-06-28,MG95,97.45,94.3393695294857
2024-06-28,MG92,92.37,90.42881528556347
2024-07-01,MG95,97.87,92.68488725423812
2024-07-01,MG92,93.14,88.22185014367103
2024-07-02,MG95,99.67,93.3842818915844
2024-07-02,MG92,95.23,89.17276689291
2024-07-03,MG95,99.3,93.02062906622886
2024-07-03,MG92,94.88,89.41451611340047
2024-07-04,MG95,99.01,92.65918552279471
2024-07-04,MG92,94.59,88.60514542400837
2024-07-05,MG95,99.01,91.76065424680709
2024-07-05,MG92,94.59,88.05902827620507
2024-07-08,MG95,98.17,91.68066819906234
2024-07-08,MG92,93.75,87.60531476318836
2024-07-09,MG95,97.03,92.74336418509483
2024-07-09,MG92,92.61,88.94871544003486
2024-07-10,MG95,95.6,92.97861505150794
2024-07-10,MG92,91.18,88.43674903035163
2024-07-11,MG95,96.48,91.74415367245673
2024-07-11,MG92,92.06,87.49637998223305
2024-07-12,MG95,98.5,93.15727189779281
2024-07-12,MG92,94.08,88.58186110317708
2024-07-15,MG95,97.85,91.58075467944145
2024-07-15,MG92,93.43,87.48731761872769
2024-07-16,MG95,96.55,91.68796133995056
2024-07-16,MG92,92.13,87.5175295060873
2024-07-17,MG95,96.37,91.3735591828823
2024-07-17,MG92,91.95,87.89644093573094
2024-07-18,MG95,97.64,92.783608263731
2024-07-18,MG92,93.22,88.1500728571415
2024-07-19,MG95,96.84,90.54028331637382
2024-07-19,MG92,92.42,87.46335978448391
2024-07-22,MG95,95.04,92.11454731822013
2024-07-22,MG92,90.62,86.54232417941094
2024-07-23,MG95,94.99,90.69728668928146
2024-07-23,MG92,90.57,85.93237359523773
2024-07-24,MG95,93.51,90.96941750049591
2024-07-24,MG92,89.09,86.47320486545563
2024-05-30,MG95,90.86,94.13487061500548
2024-05-30,MG92,86.57,89.43335902452469
2024-05-31,MG95,90.78,93.26025219917297
2024-05-31,MG92,85.96,89.09592004895211
2024-06-03,MG95,91.38,93.34346982479094
2024-06-03,MG92,86.43,88.47855128109455
2024-06-04,MG95,88.04,91.16008437156677
2024-06-04,MG92,83.24,86.41425188720227
2024-06-05,MG95,89.43,90.29812502384185
2024-06-05,MG92,84.63,86.9972470444441
2024-06-06,MG95,89.87,91.8314553451538
2024-06-06,MG92,85.14,88.81657529413701
2024-06-07,MG95,91.12,91.06149302959442
2024-06-07,MG92,85.88,85.22374850273133
2024-06-10,MG95,91.67,90.19837424278259
2024-06-10,MG92,86.43,85.78122007071973
2024-06-11,MG95,92.62,89.99554486751556
2024-06-11,MG92,87.38,86.674843531847
2024-06-12,MG95,92.14,90.31081753730774
2024-06-12,MG92,86.9,85.02531974852086
2024-06-13,MG95,91.15,89.53915508270264
2024-06-13,MG92,85.91,85.5196817290783
2024-06-14,MG95,91.78,91.00784667491912
2024-06-14,MG92,86.54,86.27321530878544
2024-06-17,MG95,91.78,89.6645250082016
2024-06-17,MG92,86.54,85.75085130751134
2024-06-18,MG95,93.26,89.25656410217285
2024-06-18,MG92,88.02,86.33819169759751
2024-06-19,MG95,94.52,88.70430877208709
2024-06-19,MG92,89.28,85.56686766028405
2024-06-20,MG95,94.85,89.15490136146545
2024-06-20,MG92,89.61,85.7822465455532
2024-06-21,MG95,95.95,90.6668600988388
2024-06-21,MG92,90.71,86.41167772233487
2024-06-24,MG95,95.52,86.03004022121429
2024-06-24,MG92,90.28,83.20147075474263
2024-06-25,MG95,95.57,87.56721675872802
2024-06-25,MG92,90.33,84.08343601465225
2024-06-26,MG95,95.65,86.98610923290252
2024-06-26,MG92,90.41,83.9959622758627
2024-06-27,MG95,96.51,87.32041231155395
2024-06-27,MG92,91.27,83.8343270599842
2024-06-28,MG95,97.45,87.19303009033203
2024-06-28,MG92,92.37,83.63204237699509
2024-07-01,MG95,97.87,85.56383422374725
2024-07-01,MG92,93.14,83.00858921945095
2024-07-02,MG95,99.67,87.74148937225341
2024-07-02,MG92,95.23,83.93563427567483
2024-07-03,MG95,99.3,86.78552627086638
2024-07-03,MG92,94.88,83.87215239167215
2024-07-04,MG95,99.01,89.00985441684722
2024-07-04,MG92,94.59,84.20459727466107
2024-07-05,MG95,99.01,87.0316172170639
2024-07-05,MG92,94.59,82.82439283132554
2024-07-08,MG95,98.17,85.79786811828613
2024-07-08,MG92,93.75,81.3412164747715
2024-07-09,MG95,97.03,85.61281495094299
2024-07-09,MG92,92.61,83.03742624819279
2024-07-10,MG95,95.6,86.15630759716034
2024-07-10,MG92,91.18,81.67101273357869
2024-07-11,MG95,96.48,84.21971544265747
2024-07-11,MG92,92.06,80.4336425292492
2024-07-12,MG95,98.5,83.11209436416625
2024-07-12,MG92,94.08,79.93857318520546
2024-07-15,MG95,97.85,83.76541599273682
2024-07-15,MG92,93.43,80.94569391548634
2024-07-16,MG95,96.55,84.42359834671021
2024-07-16,MG92,92.13,80.75165294229984
2024-07-17,MG95,96.37,84.90443668842315
2024-07-17,MG92,91.95,82.37269071936608
2024-07-18,MG95,97.64,83.00812946796417
2024-07-18,MG92,93.22,80.54879385888577
2024-07-19,MG95,96.84,82.44370002746582
2024-07-19,MG92,92.42,80.53220006883144
2024-07-22,MG95,95.04,82.96941089153289
2024-07-22,MG92,90.62,80.36393265545368
2024-07-23,MG95,94.99,84.0724053621292
2024-07-23,MG92,90.57,81.86883517622948
2024-07-24,MG95,93.51,81.78788114547729
2024-07-24,MG92,89.09,78.90283348560334
2024-07-25,MG95,94.15,84.07344216823577
2024-07-25,MG92,89.73,81.13217726826669
2024-07-26,MG95,95.36,83.18612009048462
2024-07-26,MG92,90.94,79.76574779808521
2024-07-29,MG95,95.11,81.67103978633881
2024-07-29,MG92,90.69,79.39655724346638
2024-07-30,MG95,93.01,81.78488221168517
2024-07-30,MG92,88.91,78.45984843194485
2024-07-31,MG95,93.39,79.7480375957489
2024-07-31,MG92,89.28,77.06560308933258
2024-08-01,MG95,93.51,81.52314441204071
2024-08-01,MG92,89.4,78.8963342511654
2024-08-02,MG95,92.86,82.43900095462799
2024-08-02,MG92,87.7,78.90171127736569
2024-08-05,MG95,87.55,79.7333773803711
2024-08-05,MG92,82.85,77.7056553554535
2024-08-06,MG95,87.23,81.36503705501556
2024-08-06,MG92,83.27,79.70119157254696
2024-08-07,MG95,87.3,80.321190700531
2024-08-07,MG92,82.76,77.8102547365427
2024-08-08,MG95,89.62,80.70452467441558
2024-08-08,MG92,85.03,78.13716303765774
2024-08-09,MG95,89.62,82.98370878219605
2024-08-09,MG92,85.03,81.06185044586658
2024-08-12,MG95,91.37,80.48350659847259
2024-08-12,MG92,86.89,77.30913291394711
2024-08-13,MG95,91.98,80.62237730026244
2024-08-13,MG92,87.5,77.46903429150582
2024-08-14,MG95,90.6,80.99253380298615
2024-08-14,MG92,86.12,77.3795288771391
2024-08-15,MG95,88.66,80.33024881839752
2024-08-15,MG92,83.84,76.82163182735444
2024-08-16,MG95,90.15,80.00992032527924
2024-08-16,MG92,85.99,78.28284268617631
2024-08-19,MG95,88.79,79.8617072200775
2024-08-19,MG92,84.63,77.31222829401493
2024-08-20,MG95,87.02,79.98089532852173
2024-08-20,MG92,82.86,77.33067292988301
2024-08-21,MG95,87.66,79.39157696723937
2024-08-21,MG92,83.5,77.2099211961031
2024-06-27,MG95,96.51,96.54279405474664
2024-06-27,MG92,91.27,90.06471983373164
2024-06-28,MG95,97.45,96.13994837403298
2024-06-28,MG92,92.37,89.48335388898849
2024-07-01,MG95,97.87,96.78669071793557
2024-07-01,MG92,93.14,90.64379012584686
2024-07-02,MG95,99.67,95.84093266129494
2024-07-02,MG92,95.23,89.14517623484134
2024-07-03,MG95,99.3,95.8345359325409
2024-07-03,MG92,94.88,90.88026390194892
2024-07-04,MG95,99.01,97.78640478253365
2024-07-04,MG92,94.59,89.08087101697922
2024-07-05,MG95,99.01,93.95488398373128
2024-07-05,MG92,94.59,88.75778215944767
2024-07-08,MG95,98.17,95.3010077059269
2024-07-08,MG92,93.75,89.02779617488383
2024-07-09,MG95,97.03,94.96249418854714
2024-07-09,MG92,92.61,89.72088926970959
2024-07-10,MG95,95.6,94.17155749201775
2024-07-10,MG92,91.18,88.9636472338438
2024-07-11,MG95,96.48,94.78097988367081
2024-07-11,MG92,92.06,89.26909297704697
2024-07-12,MG95,98.5,93.6698190689087
2024-07-12,MG92,94.08,87.8357650756836
2024-07-15,MG95,97.85,94.92722096145154
2024-07-15,MG92,93.43,90.7119160425663
2024-07-16,MG95,96.55,94.4368050903082
2024-07-16,MG92,92.13,89.44999687075615
2024-07-17,MG95,96.37,95.34519758522511
2024-07-17,MG92,91.95,89.92187742948532
2024-07-18,MG95,97.64,93.34558701813222
2024-07-18,MG92,93.22,87.92786601245403
2024-07-19,MG95,96.84,93.2187926799059
2024-07-19,MG92,92.42,89.27388905882835
2024-07-22,MG95,95.04,97.07910445928574
2024-07-22,MG92,90.62,90.1449706763029
2024-07-23,MG95,94.99,94.37290051579475
2024-07-23,MG92,90.57,89.50518414437771
2024-07-24,MG95,93.51,93.5987481057644
2024-07-24,MG92,89.09,88.31749646306038
2024-07-25,MG95,94.15,93.68245289325715
2024-07-25,MG92,89.73,89.29211416959762
2024-07-26,MG95,95.36,92.68493948578835
2024-07-26,MG92,90.94,88.44528240382671
2024-07-29,MG95,95.11,94.2561402618885
2024-07-29,MG92,90.69,90.2131073707342
2024-07-30,MG95,93.01,94.69920209646226
2024-07-30,MG92,88.91,89.33627584397793
2024-07-31,MG95,93.39,93.22947099804878
2024-07-31,MG92,89.28,88.44344480395317
2024-08-01,MG95,93.51,93.72385489344597
2024-08-01,MG92,89.4,89.25503345191478
2024-08-02,MG95,92.86,93.05540243983269
2024-08-02,MG92,87.7,88.0738878417015
2024-08-05,MG95,87.55,94.31104836761952
2024-08-05,MG92,82.85,88.60831146240234
2024-08-06,MG95,87.23,93.30868895351887
2024-08-06,MG92,83.27,89.49496687352656
2024-08-07,MG95,87.3,93.06142289042474
2024-08-07,MG92,82.76,88.12559930324554
2024-08-08,MG95,89.62,93.06557905375958
2024-08-08,MG92,85.03,89.11992405593395
2024-08-09,MG95,89.62,91.8827315479517
2024-08-09,MG92,85.03,87.55967781960963
2024-08-12,MG95,91.37,93.36571789979935
2024-08-12,MG92,86.89,86.73636302113533
2024-08-13,MG95,91.98,93.51527706682683
2024-08-13,MG92,87.5,89.29215189158916
2024-08-14,MG95,90.6,93.16002487242223
2024-08-14,MG92,86.12,89.149541208148
2024-08-15,MG95,88.66,92.12645147442818
2024-08-15,MG92,83.84,88.27362578690051
2024-08-16,MG95,90.15,92.77594749033452
2024-08-16,MG92,85.99,88.81151983082295
2024-08-19,MG95,88.79,92.02538087964058
2024-08-19,MG92,84.63,88.14956893444061
2024-08-20,MG95,87.02,92.45421825945378
2024-08-20,MG92,82.86,89.56161624372005
2024-08-21,MG95,87.66,92.5190464258194
2024-08-21,MG92,83.5,88.48992907524108
2024-08-22,MG95,85.72,93.18078858554364
2024-08-22,MG92,81.82,88.38720670342445
2024-08-23,MG95,87.27,92.11865795552731
2024-08-23,MG92,83.04,88.94557301104068
2024-08-26,MG95,89.06,92.70053222477436
2024-08-26,MG92,85.58,87.53267426252364
2024-08-27,MG95,89.58,92.52583083510399
2024-08-27,MG92,86.1,89.1758819359541
2024-08-28,MG95,86.67,92.82911673486234
2024-08-28,MG92,83.14,89.65668105125427
2024-08-29,MG95,86.07,91.89480665624143
2024-08-29,MG92,81.88,88.3979466933012
2024-08-30,MG95,89.03,92.09305393695831
2024-08-30,MG92,84.84,87.54032643795013
2024-09-02,MG95,86.59,91.23152517676354
2024-09-02,MG92,82.4,89.37142735123633
2024-09-03,MG95,87.9,92.80395740866662
2024-09-03,MG92,83.71,89.46560838639736
2024-09-04,MG95,81.98,92.3078859627247
2024-09-04,MG92,77.79,88.92814006209373
2024-09-05,MG95,80.92,92.60638286769391
2024-09-05,MG92,77.08,88.12011883676051
2024-09-06,MG95,80.78,91.02846039533615
2024-09-06,MG92,76.35,87.78355783939361
2024-09-09,MG95,81.59,90.39937461912632
2024-09-09,MG92,77.16,86.94003483116626
2024-09-10,MG95,80.21,90.74966108202935
2024-09-10,MG92,76.35,87.60868946433067
2024-09-11,MG95,79.47,89.82897683382035
2024-09-11,MG92,75.61,88.26809143185615
2024-09-12,MG95,80.35,90.7564340889454
2024-09-12,MG92,76.49,88.39284344673156
2024-09-13,MG95,80.31,89.61765103638173
2024-09-13,MG92,75.89,87.10340338766575
2024-09-16,MG95,80.46,89.43231123685837
2024-09-16,MG92,76.04,86.68295945882797
2024-09-17,MG95,82.54,90.53309019505978
2024-09-17,MG92,77.43,86.80106701433658
2024-09-18,MG95,83.86,90.39467684328557
2024-09-18,MG92,79.24,86.97718021512031
2024-07-25,MG95,94.15,93.74578685760498
2024-07-25,MG92,89.73,89.67925981044769
2024-07-26,MG95,95.36,93.01351215720177
2024-07-26,MG92,90.94,89.00048633277416
2024-07-29,MG95,95.11,92.37420561075211
2024-07-29,MG92,90.69,88.8417279469967
2024-07-30,MG95,93.01,91.03177445054055
2024-07-30,MG92,88.91,88.51301732063294
2024-07-31,MG95,93.39,91.6198537606001
2024-07-31,MG92,89.28,87.55394079744816
2024-08-01,MG95,93.51,92.93358629822731
2024-08-01,MG92,89.4,88.76281870484353
2024-08-02,MG95,92.86,92.5079170024395
2024-08-02,MG92,87.7,88.7533347272873
2024-08-05,MG95,87.55,91.0474140572548
2024-08-05,MG92,82.85,87.23563280940056
2024-08-06,MG95,87.23,92.89401909649372
2024-08-06,MG92,83.27,88.90583241343498
2024-08-07,MG95,87.3,91.65334013164043
2024-08-07,MG92,82.76,87.43732929289341
2024-08-08,MG95,89.62,90.30523501574994
2024-08-08,MG92,85.03,87.52855814754963
2024-08-09,MG95,89.62,90.40228864073754
2024-08-09,MG92,85.03,87.04318665564061
2024-08-12,MG95,91.37,91.89177446365358
2024-08-12,MG92,86.89,88.44291235327721
2024-08-13,MG95,91.98,89.95263043999672
2024-08-13,MG92,87.5,85.76176109910011
2024-08-14,MG95,90.6,90.19110936105251
2024-08-14,MG92,86.12,86.10392240583897
2024-08-15,MG95,88.66,90.73593172609806
2024-08-15,MG92,83.84,87.1119959396124
2024-08-16,MG95,90.15,90.33333168625832
2024-08-16,MG92,85.99,86.50958281874657
2024-08-19,MG95,88.79,89.41955171406269
2024-08-19,MG92,84.63,86.78664134562015
2024-08-20,MG95,87.02,89.48958437919617
2024-08-20,MG92,82.86,85.9968957722187
2024-08-21,MG95,87.66,90.3456605565548
2024-08-21,MG92,83.5,86.46415955781937
2024-08-22,MG95,85.72,88.16672223508358
2024-08-22,MG92,81.82,84.23588681757451
2024-08-23,MG95,87.27,88.81004179537297
2024-08-23,MG92,83.04,85.32115971624852
2024-08-26,MG95,89.06,90.51158195793629
2024-08-26,MG92,85.58,86.94223486542703
2024-08-27,MG95,89.58,89.74933784723282
2024-08-27,MG92,86.1,86.49913238883019
2024-08-28,MG95,86.67,89.2445787370205
2024-08-28,MG92,83.14,86.1593606621027
2024-08-29,MG95,86.07,88.73760132193566
2024-08-29,MG92,81.88,85.16376073598862
2024-08-30,MG95,89.03,88.06616837024688
2024-08-30,MG92,84.84,84.53974581182004
2024-09-02,MG95,86.59,86.43466644644738
2024-09-02,MG92,82.4,83.53591511011123
2024-09-03,MG95,87.9,85.47102477729321
2024-09-03,MG92,83.71,82.86856382489205
2024-09-04,MG95,81.98,86.03597909510137
2024-09-04,MG92,77.79,82.80059885919094
2024-09-05,MG95,80.92,88.05350508213044
2024-09-05,MG92,77.08,84.50536241054536
2024-09-06,MG95,80.78,86.47275663614273
2024-09-06,MG92,76.35,82.9692607265711
2024-09-09,MG95,81.59,86.29816266596318
2024-09-09,MG92,77.16,83.70510268509388
2024-09-10,MG95,80.21,86.74609861493111
2024-09-10,MG92,76.35,83.87671701133252
2024-09-11,MG95,79.47,86.32416922509671
2024-09-11,MG92,75.61,82.60428689599037
2024-09-12,MG95,80.35,86.58720556139946
2024-09-12,MG92,76.49,83.28748906195165
2024-09-13,MG95,80.31,87.94027678191662
2024-09-13,MG92,75.89,84.00977413654327
2024-09-16,MG95,80.46,86.66053224205972
2024-09-16,MG92,76.04,83.35238474488258
2024-09-17,MG95,82.54,86.07859507262707
2024-09-17,MG92,77.43,82.72129666388035
2024-09-18,MG95,83.86,86.40642486155033
2024-09-18,MG92,79.24,84.01910411894322
2024-09-19,MG95,86.33,85.76581408560277
2024-09-19,MG92,81.71,83.42883537471295
2024-09-20,MG95,85.86,85.53974763929844
2024-09-20,MG92,81.24,82.28820918262005
2024-09-23,MG95,85.82,85.0766179740429
2024-09-23,MG92,81.16,81.78629117667676
2024-09-24,MG95,85.14,85.25504660189152
2024-09-24,MG92,80.48,81.96481935441494
2024-09-25,MG95,84.78,83.82890508770943
2024-09-25,MG92,80.12,81.03799154102802
2024-09-26,MG95,81.86,85.464358715415
2024-09-26,MG92,77.2,82.37844503402711
2024-09-27,MG95,81.67,85.76948710799218
2024-09-27,MG92,77.01,82.35736362814903
2024-09-30,MG95,81.6,83.97097692489625
2024-09-30,MG92,76.94,81.45918953418732
2024-10-01,MG95,79.71,83.43074165761472
2024-10-01,MG92,73.6,80.74029766321182
2024-10-02,MG95,84.21,84.11980400204659
2024-10-02,MG92,78.2,80.28257626712322
2024-10-03,MG95,84.86,84.34815563678742
2024-10-03,MG92,78.85,81.35382498621941
2024-10-04,MG95,88.97,82.79645695209504
2024-10-04,MG92,82.55,80.09165413439274
2024-10-07,MG95,88.88,84.04950380265713
2024-10-07,MG92,82.46,81.27260581672192
2024-10-08,MG95,90.15,85.60549975633622
2024-10-08,MG92,83.73,81.86321972250938
2024-10-09,MG95,88.5,83.6442507147789
2024-10-09,MG92,82.08,80.81978040456772
2024-10-10,MG95,88.37,84.33510219454766
2024-10-10,MG92,81.95,81.27562730789185
2024-10-11,MG95,89.88,83.78037548840047
2024-10-11,MG92,83.46,80.67957046985626
2024-10-14,MG95,89.17,83.76618502557278
2024-10-14,MG92,82.75,80.9280602401495
2024-10-15,MG95,84.88,83.55526213288307
2024-10-15,MG92,78.39,80.43187191605568
2024-10-16,MG95,84.95,85.34244669914246
2024-10-16,MG92,78.46,82.35142684936524
2024-08-22,MG95,85.72,86.77728765249252
2024-08-22,MG92,81.82,82.84084275364876
2024-08-23,MG95,87.27,87.95519883871079
2024-08-23,MG92,83.04,83.5901631116867
2024-08-26,MG95,89.06,87.6527216541767
2024-08-26,MG92,85.58,82.89571404457092
2024-08-27,MG95,89.58,85.98143476009369
2024-08-27,MG92,86.1,81.00861445069313
2024-08-28,MG95,86.67,85.89224498033524
2024-08-28,MG92,83.14,81.38812470436096
2024-08-29,MG95,86.07,86.84390045285224
2024-08-29,MG92,81.88,82.1357230246067
2024-08-30,MG95,89.03,85.60626294136047
2024-08-30,MG92,84.84,81.31897443532944
2024-09-02,MG95,86.59,84.72273027777672
2024-09-02,MG92,82.4,80.03590697050095
2024-09-03,MG95,87.9,83.42698617339134
2024-09-03,MG92,83.71,79.48342150449753
2024-09-04,MG95,81.98,85.32067799806595
2024-09-04,MG92,77.79,80.70115604996681
2024-09-05,MG95,80.92,85.31840514779091
2024-09-05,MG92,77.08,80.73774188756943
2024-09-06,MG95,80.78,85.6945174562931
2024-09-06,MG92,76.35,81.148741543293
2024-09-09,MG95,81.59,85.5307050383091
2024-09-09,MG92,77.16,81.14220178127289
2024-09-10,MG95,80.21,83.80435769319534
2024-09-10,MG92,76.35,79.58648496866226
2024-09-11,MG95,79.47,85.91674473881721
2024-09-11,MG92,75.61,81.84230470657349
2024-09-12,MG95,80.35,84.40327725291252
2024-09-12,MG92,76.49,80.74265915155411
2024-09-13,MG95,80.31,81.63027451872826
2024-09-13,MG92,75.89,77.5396688580513
2024-09-16,MG95,80.46,83.88471209406852
2024-09-16,MG92,76.04,79.52618378400803
2024-09-17,MG95,82.54,85.20799687385559
2024-09-17,MG92,77.43,80.90684500336647
2024-09-18,MG95,83.86,83.81385663986205
2024-09-18,MG92,79.24,79.73835775256157
2024-09-19,MG95,86.33,83.02081999182701
2024-09-19,MG92,81.71,78.92092233896255
2024-09-20,MG95,85.86,82.812193236351
2024-09-20,MG92,81.24,78.98394593596458
2024-09-23,MG95,85.82,83.44311557292937
2024-09-23,MG92,81.16,78.88061371445656
2024-09-24,MG95,85.14,82.9495151925087
2024-09-24,MG92,80.48,78.7566867172718
2024-09-25,MG95,84.78,81.54505569577216
2024-09-25,MG92,80.12,77.45914617180824
2024-09-26,MG95,81.86,83.03663589477539
2024-09-26,MG92,77.2,78.72970148921013
2024-09-27,MG95,81.67,83.38922550916672
2024-09-27,MG92,77.01,79.30300071835518
2024-09-30,MG95,81.6,80.40968599677086
2024-09-30,MG92,76.94,76.46343007683754
2024-10-01,MG95,79.71,82.24244453430175
2024-10-01,MG92,73.6,78.27641236782074
2024-10-02,MG95,84.21,83.57090200781822
2024-10-02,MG92,78.2,78.74389088153839
2024-10-03,MG95,84.86,81.13062365412712
2024-10-03,MG92,78.85,77.28039267659187
2024-10-04,MG95,88.97,81.86549100995063
2024-10-04,MG92,82.55,77.85731017589569
2024-10-07,MG95,88.88,82.91034901857375
2024-10-07,MG92,82.46,79.17973068356514
2024-10-08,MG95,90.15,81.1849264883995
2024-10-08,MG92,83.73,77.11711263656616
2024-10-09,MG95,88.5,82.00736911654472
2024-10-09,MG92,82.08,77.82331237196922
2024-10-10,MG95,88.37,82.17058589100837
2024-10-10,MG92,81.95,78.01484677195549
2024-10-11,MG95,89.88,82.34542816400527
2024-10-11,MG92,83.46,78.54361689090729
2024-10-14,MG95,89.17,80.1015763235092
2024-10-14,MG92,82.75,76.50874555110931
2024-10-15,MG95,84.88,84.28072098612785
2024-10-15,MG92,78.39,80.28215339779854
2024-10-16,MG95,84.95,82.39613623738289
2024-10-16,MG92,78.46,78.63825929164886
2024-10-17,MG95,85.98,82.69306975722313
2024-10-17,MG92,79.49,78.97734147310257
2024-10-18,MG95,87.47,81.53654426336288
2024-10-18,MG92,80.98,77.33763799071312
2024-10-21,MG95,85.8,81.89904036998749
2024-10-21,MG92,79.31,77.25109314918518
2024-10-22,MG95,84.73,82.39003350377082
2024-10-22,MG92,79.06,78.27990621328354
2024-10-23,MG95,85.75,80.64414487123489
2024-10-23,MG92,79.75,77.33935007452965
2024-10-24,MG95,85.97,83.37044706344604
2024-10-24,MG92,79.98,79.11285987496376
2024-10-25,MG95,84.63,81.99897785782814
2024-10-25,MG92,78.9,77.43616741895676
2024-10-28,MG95,82.69,82.23720391631126
2024-10-28,MG92,76.96,77.90009236335754
2024-10-29,MG95,82.16,82.24943550825118
2024-10-29,MG92,76.43,78.33093526959419
2024-10-30,MG95,82.79,80.78477944135666
2024-10-30,MG92,77.26,77.61231297254562
2024-10-31,MG95,82.79,80.30727188587188
2024-10-31,MG92,77.26,76.21663618087769
2024-11-01,MG95,84.91,82.41476315975189
2024-11-01,MG92,79.38,78.60204175114632
2024-11-04,MG95,85.84,81.69065918684005
2024-11-04,MG92,80.31,77.92140382528305
2024-11-05,MG95,86.73,82.48666360259055
2024-11-05,MG92,81.2,78.5242862701416
2024-11-06,MG95,84.52,82.10596901893615
2024-11-06,MG92,78.99,78.51860255002975
2024-11-07,MG95,85.19,82.79374918699264
2024-11-07,MG92,79.66,79.48307311534882
2024-11-08,MG95,85.81,81.07027033567428
2024-11-08,MG92,79.85,77.14877125620842
2024-11-11,MG95,84.45,80.76722363233566
2024-11-11,MG92,78.49,76.59772911667824
2024-11-12,MG95,82.87,82.33937767982482
2024-11-12,MG92,76.91,78.96416240930557
2024-11-13,MG95,82.32,81.39674568414688
2024-11-13,MG92,76.36,77.85116857290268
2024-09-19,MG95,86.33,86.73742513656616
2024-09-19,MG92,81.71,81.49632487297058
2024-09-20,MG95,85.86,84.5483259344101
2024-09-20,MG92,81.24,79.38989141464234
2024-09-23,MG95,85.82,86.57990412473679
2024-09-23,MG92,81.16,81.18736039161682
2024-09-24,MG95,85.14,84.82444006443023
2024-09-24,MG92,80.48,80.26095814704894
2024-09-25,MG95,84.78,84.68761261701584
2024-09-25,MG92,80.12,79.76499779701233
2024-09-26,MG95,81.86,83.95821945428848
2024-09-26,MG92,77.2,79.14933590888977
2024-09-27,MG95,81.67,84.17599172830582
2024-09-27,MG92,77.01,80.00099081516265
2024-09-30,MG95,81.6,85.1738114118576
2024-09-30,MG92,76.94,80.35001639366149
2024-10-01,MG95,79.71,84.35816507339477
2024-10-01,MG92,73.6,79.30993925094604
2024-10-02,MG95,84.21,82.81987347364425
2024-10-02,MG92,78.2,78.62870223045348
2024-10-03,MG95,84.86,83.31084578394889
2024-10-03,MG92,78.85,77.99345848560333
2024-10-04,MG95,88.97,84.29693411588669
2024-10-04,MG92,82.55,79.35288142204284
2024-10-07,MG95,88.88,84.27776007890701
2024-10-07,MG92,82.46,80.05805497169494
2024-10-08,MG95,90.15,83.04155453205108
2024-10-08,MG92,83.73,77.97028237104415
2024-10-09,MG95,88.5,83.01691219568252
2024-10-09,MG92,82.08,78.38935583114623
2024-10-10,MG95,88.37,83.53312665581703
2024-10-10,MG92,81.95,79.06620039463043
2024-10-11,MG95,89.88,81.853124127388
2024-10-11,MG92,83.46,77.8696431517601
2024-10-14,MG95,89.17,84.01407208442689
2024-10-14,MG92,82.75,79.34011968135833
2024-10-15,MG95,84.88,83.42835923790932
2024-10-15,MG92,78.39,79.51567626953124
2024-10-16,MG95,84.95,82.60129145145416
2024-10-16,MG92,78.46,78.31986054897308
2024-10-17,MG95,85.98,80.74675320267677
2024-10-17,MG92,79.49,76.87392510175704
2024-10-18,MG95,87.47,80.48478467345238
2024-10-18,MG92,80.98,76.56872490882873
2024-10-21,MG95,85.8,81.15606091022491
2024-10-21,MG92,79.31,77.11304951667785
2024-10-22,MG95,84.73,80.8920180261135
2024-10-22,MG92,79.06,76.416618373394
2024-10-23,MG95,85.75,79.85191649198532
2024-10-23,MG92,79.75,75.73779484272002
2024-10-24,MG95,85.97,79.7569060397148
2024-10-24,MG92,79.98,76.22930133581161
2024-10-25,MG95,84.63,81.34231798529625
2024-10-25,MG92,78.9,77.43478990793227
2024-10-28,MG95,82.69,77.90302758574485
2024-10-28,MG92,76.96,74.73529918432236
2024-10-29,MG95,82.16,80.35460016012192
2024-10-29,MG92,76.43,76.64718458175659
2024-10-30,MG95,82.79,78.12055993437767
2024-10-30,MG92,77.26,74.99450610160827
2024-10-31,MG95,82.79,76.75783873319625
2024-10-31,MG92,77.26,73.66478184223175
2024-11-01,MG95,84.91,79.55012034893036
2024-11-01,MG92,79.38,75.69421033382416
2024-11-04,MG95,85.84,77.00109308242797
2024-11-04,MG92,80.31,73.72356992006301
2024-11-05,MG95,86.73,79.5525795841217
2024-11-05,MG92,81.2,75.55482303142547
2024-11-06,MG95,84.52,77.18532078862191
2024-11-06,MG92,78.99,73.71424657583236
2024-11-07,MG95,85.19,75.76967604637146
2024-11-07,MG92,79.66,73.0540886259079
2024-11-08,MG95,85.81,77.20678911209106
2024-11-08,MG92,79.85,73.90856792926787
2024-11-11,MG95,84.45,76.91010138034821
2024-11-11,MG92,78.49,72.84692051649093
2024-11-12,MG95,82.87,76.8394783437252
2024-11-12,MG92,76.91,73.97876694917679
2024-11-13,MG95,82.32,75.24671368479729
2024-11-13,MG92,76.36,72.30405061483383
2024-11-14,MG95,82.48,76.83827371835709
2024-11-14,MG92,76.52,73.6500458574295
2024-11-15,MG95,82.19,74.43645567059517
2024-11-15,MG92,76.23,72.45615715026855
2024-11-18,MG95,83.44,75.7130136680603
2024-11-18,MG92,77.28,73.1497544503212
2024-11-19,MG95,84.69,76.31901520490646
2024-11-19,MG92,78.56,73.56661278963088
2024-11-20,MG95,85.43,75.08745321393013
2024-11-20,MG92,79.3,72.83532537460327
2024-11-21,MG95,85.13,75.98418933391571
2024-11-21,MG92,79.38,72.99873422145843
2024-11-22,MG95,86.07,74.5698941719532
2024-11-22,MG92,80.32,71.6996626996994
2024-11-25,MG95,86.12,73.08864983081817
2024-11-25,MG92,81.55,69.890848903656
2024-11-26,MG95,84.78,73.30415780901909
2024-11-26,MG92,80.31,70.42338944673537
2024-11-27,MG95,84.71,73.80145315289498
2024-11-27,MG92,80.24,70.63994230031966
2024-11-28,MG95,83.13,73.97152526140214
2024-11-28,MG92,79.73,70.523716943264
2024-11-29,MG95,83.87,74.2240967130661
2024-11-29,MG92,80.27,72.19197211503982
2024-12-02,MG95,83.6,73.70122432351113
2024-12-02,MG92,80.44,71.03758245944977
2024-12-03,MG95,83.69,74.54434211850166
2024-12-03,MG92,80.83,71.49389261960982
2024-12-04,MG95,85.39,75.78170730471611
2024-12-04,MG92,82.53,73.56557371377944
2024-12-05,MG95,84.16,73.91238365411759
2024-12-05,MG92,80.81,71.52304342031478
2024-12-06,MG95,83.27,75.10822675347328
2024-12-06,MG92,79.85,72.18822671890258
2024-12-09,MG95,83.41,74.49228830695152
2024-12-09,MG92,80.06,72.0668862748146
2024-12-10,MG95,84.31,72.9593800330162
2024-12-10,MG92,80.96,70.57853291749954
2024-12-11,MG95,85.42,74.01375712752342
2024-12-11,MG92,82.07,71.63013907909392
2024-10-17,MG95,85.98,84.29920945167542
2024-10-17,MG92,79.49,79.10021450757979
2024-10-18,MG95,87.47,82.79898047447205
2024-10-18,MG92,80.98,77.1885313129425
2024-10-21,MG95,85.8,82.77078738212586
2024-10-21,MG92,79.31,77.83796803712845
2024-10-22,MG95,84.73,82.6088796377182
2024-10-22,MG92,79.06,78.04474304080009
2024-10-23,MG95,85.75,83.66303191781044
2024-10-23,MG92,79.75,78.92523557424545
2024-10-24,MG95,85.97,84.02945097684861
2024-10-24,MG92,79.98,78.51986958265304
2024-10-25,MG95,84.63,83.52377789020538
2024-10-25,MG92,78.9,78.16739103913307
2024-10-28,MG95,82.69,82.1944897890091
2024-10-28,MG92,76.96,77.57932507991791
2024-10-29,MG95,82.16,82.84390815198422
2024-10-29,MG92,76.43,77.47480350732803
2024-10-30,MG95,82.79,83.66774595677853
2024-10-30,MG92,77.26,78.2284812092781
2024-10-31,MG95,82.79,83.64612011313439
2024-10-31,MG92,77.26,77.62856479525566
2024-11-01,MG95,84.91,82.6901474416256
2024-11-01,MG92,79.38,76.97117788434028
2024-11-04,MG95,85.84,81.66872507333755
2024-11-04,MG92,80.31,75.69373252749442
2024-11-05,MG95,86.73,82.43100694715977
2024-11-05,MG92,81.2,75.7208613705635
2024-11-06,MG95,84.52,83.34026961922646
2024-11-06,MG92,78.99,76.8376895725727
2024-11-07,MG95,85.19,81.16266716718674
2024-11-07,MG92,79.66,74.7230661702156
2024-11-08,MG95,85.81,81.66852253675461
2024-11-08,MG92,79.85,75.91063232779503
2024-11-11,MG95,84.45,81.90354598760605
2024-11-11,MG92,78.49,75.3236513352394
2024-11-12,MG95,82.87,80.95134049654007
2024-11-12,MG92,76.91,75.11566977381706
2024-11-13,MG95,82.32,80.00697317123414
2024-11-13,MG92,76.36,73.86635872483252
2024-11-14,MG95,82.48,81.1643482208252
2024-11-14,MG92,76.52,75.02349905014037
2024-11-15,MG95,82.19,81.23741329312325
2024-11-15,MG92,76.23,75.3881787919998
2024-11-18,MG95,83.44,81.39048537909984
2024-11-18,MG92,77.28,75.60114091157912
2024-11-19,MG95,84.69,80.99536182284355
2024-11-19,MG92,78.56,75.30993492484092
2024-11-20,MG95,85.43,80.74590257704259
2024-11-20,MG92,79.3,75.14852742791176
2024-11-21,MG95,85.13,82.01366512775421
2024-11-21,MG92,79.38,76.23000068187713
2024-11-22,MG95,86.07,79.52907291352749
2024-11-22,MG92,80.32,73.09139322876929
2024-11-25,MG95,86.12,80.47286300957204
2024-11-25,MG92,81.55,73.43505174160003
2024-11-26,MG95,84.78,81.01237489581108
2024-11-26,MG92,80.31,74.62112139344215
2024-11-27,MG95,84.71,79.8345031440258
2024-11-27,MG92,80.24,73.70450227618217
2024-11-28,MG95,83.13,80.51519315540791
2024-11-28,MG92,79.73,74.58848821520805
2024-11-29,MG95,83.87,80.24452832937241
2024-11-29,MG92,80.27,74.06428096175193
2024-12-02,MG95,83.6,77.92852250337602
2024-12-02,MG92,80.44,71.94800672650337
2024-12-03,MG95,83.69,80.60389911532403
2024-12-03,MG92,80.83,74.5026121687889
2024-12-04,MG95,85.39,79.22778455615044
2024-12-04,MG92,82.53,73.3280749642849
2024-12-05,MG95,84.16,82.13592127263546
2024-12-05,MG92,80.81,75.50236217975616
2024-12-06,MG95,83.27,78.8991081893444
2024-12-06,MG92,79.85,71.75396137475967
2024-12-09,MG95,83.41,81.16962936222554
2024-12-09,MG92,80.06,74.30460107684135
2024-12-10,MG95,84.31,79.36046627163887
2024-12-10,MG92,80.96,72.97155585527419
2024-12-11,MG95,85.42,78.82144047319889
2024-12-11,MG92,82.07,72.29395676374435
2024-12-12,MG95,86.79,77.43802447021008
2024-12-12,MG92,83.44,71.17255486607552
2024-12-13,MG95,86.87,78.48330058455467
2024-12-13,MG92,83.52,72.29106196045875
2024-12-16,MG95,86.48,79.58431476652622
2024-12-16,MG92,83.13,73.53552339553832
2024-12-17,MG95,85.54,77.66390339434147
2024-12-17,MG92,82.19,70.83218866586685
2024-12-18,MG95,85.4,79.32619708180428
2024-12-18,MG92,82.05,72.71746321082115
2024-12-19,MG95,84.0,79.44386577308178
2024-12-19,MG92,80.65,72.52571406006813
2024-12-20,MG95,83.06,78.50212635993958
2024-12-20,MG92,79.71,71.36108652949332
2024-12-23,MG95,83.86,77.85556882619858
2024-12-23,MG92,80.51,71.13222403645514
2024-12-24,MG95,83.77,78.9334735840559
2024-12-24,MG92,80.42,71.62234837174415
2024-12-26,MG95,84.46,77.55101456642151
2024-12-26,MG92,81.11,70.47146531105041
2024-12-27,MG95,84.02,77.84083935320378
2024-12-27,MG92,80.67,70.6650757408142
2024-12-30,MG95,84.54,77.61765922904014
2024-12-30,MG92,81.29,70.82900391459465
2024-12-31,MG95,85.4,78.45373530685902
2024-12-31,MG92,82.15,70.87663956284523
2025-01-02,MG95,85.92,77.99754697084427
2025-01-02,MG92,82.95,71.29256527304649
2025-01-03,MG95,86.22,78.03264149725437
2025-01-03,MG92,83.74,70.91177938818932
2025-01-06,MG95,86.09,79.1565625667572
2025-01-06,MG92,83.61,72.2952521765232
2025-01-07,MG95,85.84,79.03673686087132
2025-01-07,MG92,83.15,72.08209831714629
2025-01-08,MG95,85.89,78.42707136571407
2025-01-08,MG92,83.35,71.46867593884467
2025-01-09,MG95,84.21,78.88769525289536
2025-01-09,MG92,82.78,71.78921811461448
2025-01-10,MG95,85.86,79.64813404381276
2025-01-10,MG92,84.01,71.57658803224562
2024-11-14,MG95,82.48,82.44692533493041
2024-11-14,MG92,76.52,76.09379709243774
2024-11-15,MG95,82.19,82.3610098171234
2024-11-15,MG92,76.23,76.40068961143494
2024-11-18,MG95,83.44,82.01561569690703
2024-11-18,MG92,77.28,76.10410148620605
2024-11-19,MG95,84.69,81.67771894454955
2024-11-19,MG92,78.56,75.53482924461365
2024-11-20,MG95,85.43,82.56410605430602
2024-11-20,MG92,79.3,76.14161876440048
2024-11-21,MG95,85.13,80.6234604692459
2024-11-21,MG92,79.38,75.17760722637176
2024-11-22,MG95,86.07,80.96394302845
2024-11-22,MG92,80.32,74.7638885474205
2024-11-25,MG95,86.12,81.5186353969574
2024-11-25,MG92,81.55,75.39716727733612
2024-11-26,MG95,84.78,80.7682705593109
2024-11-26,MG92,80.31,75.21908878326416
2024-11-27,MG95,84.71,79.61583974361419
2024-11-27,MG92,80.24,74.66582840442658
2024-11-28,MG95,83.13,79.69262397766113
2024-11-28,MG92,79.73,74.31377678871155
2024-11-29,MG95,83.87,79.88204536914824
2024-11-29,MG92,80.27,74.29861603975296
2024-12-02,MG95,83.6,80.95606784820556
2024-12-02,MG92,80.44,74.87597613811492
2024-12-03,MG95,83.69,80.05177635669708
2024-12-03,MG92,80.83,74.62290860176087
2024-12-04,MG95,85.39,79.48234930515288
2024-12-04,MG92,82.53,74.05739582538605
2024-12-05,MG95,84.16,79.45266895294189
2024-12-05,MG92,80.81,74.01864966630936
2024-12-06,MG95,83.27,79.87965582847595
2024-12-06,MG92,79.85,74.00492716312408
2024-12-09,MG95,83.41,78.79936755180358
2024-12-09,MG92,80.06,73.33624300956726
2024-12-10,MG95,84.31,79.2457111787796
2024-12-10,MG92,80.96,73.759451379776
2024-12-11,MG95,85.42,80.27729600429534
2024-12-11,MG92,82.07,74.78560332775116
2024-12-12,MG95,86.79,79.98621364116669
2024-12-12,MG92,83.44,74.2748940873146
2024-12-13,MG95,86.87,79.62716430187224
2024-12-13,MG92,83.52,74.27874002933503
2024-12-16,MG95,86.48,80.42685082912445
2024-12-16,MG92,83.13,73.95699625730515
2024-12-17,MG95,85.54,79.36869156360626
2024-12-17,MG92,82.19,74.85566319227219
2024-12-18,MG95,85.4,78.82138370990752
2024-12-18,MG92,82.05,74.24720785617828
2024-12-19,MG95,84.0,79.55182753086089
2024-12-19,MG92,80.65,74.50470846652985
2024-12-20,MG95,83.06,79.45616739749907
2024-12-20,MG92,79.71,74.10166739702224
2024-12-23,MG95,83.86,78.81468612670898
2024-12-23,MG92,80.51,73.85864937543869
2024-12-24,MG95,83.77,79.25398870468139
2024-12-24,MG92,80.42,73.13258558750152
2024-12-26,MG95,84.46,80.16392775535583
2024-12-26,MG92,81.11,74.10137610673904
2024-12-27,MG95,84.02,79.11424228191375
2024-12-27,MG92,80.67,73.94939995288848
2024-12-30,MG95,84.54,78.06656363010406
2024-12-30,MG92,81.29,72.98273949384689
2024-12-31,MG95,85.4,79.0602151107788
2024-12-31,MG92,82.15,72.84671603441238
2025-01-02,MG95,85.92,79.01352829456329
2025-01-02,MG92,82.95,73.58586512804031
2025-01-03,MG95,86.22,79.2854747056961
2025-01-03,MG92,83.74,74.03477076292037
2025-01-06,MG95,86.09,78.8983151435852
2025-01-06,MG92,83.61,73.43053913593292
2025-01-07,MG95,85.84,79.1910019826889
2025-01-07,MG92,83.15,73.48517426967621
2025-01-08,MG95,85.89,78.22158446788787
2025-01-08,MG92,83.35,72.68353430747986
2025-01-09,MG95,84.21,80.08753605365753
2025-01-09,MG92,82.78,73.70180321216583
2025-01-10,MG95,85.86,78.67527826309204
2025-01-10,MG92,84.01,72.66124149799347
2025-01-13,MG95,89.09,78.2144109392166
2025-01-13,MG92,87.14,72.75433605194091
2025-01-14,MG95,88.44,78.38829295635223
2025-01-14,MG92,86.3,72.76681146860123
2025-01-15,MG95,88.1,78.98398532867431
2025-01-15,MG92,86.34,73.28290502786636
2025-01-16,MG95,88.92,79.05800711631774
2025-01-16,MG92,86.78,73.51099897384644
2025-01-17,MG95,87.72,78.19819444656372
2025-01-17,MG92,85.58,72.95833938121795
2025-01-20,MG95,86.93,78.55799941062926
2025-01-20,MG92,84.54,73.20582233667373
2025-01-21,MG95,85.82,79.43138388633727
2025-01-21,MG92,83.43,73.93267351865768
2025-01-22,MG95,85.75,79.4210063123703
2025-01-22,MG92,83.26,73.81278025865555
2025-01-23,MG95,86.31,78.12593414783477
2025-01-23,MG92,83.9,72.31310864686967
2025-01-24,MG95,86.31,78.07479699611663
2025-01-24,MG92,83.9,73.53240425825119
2025-01-27,MG95,87.49,78.91226476192473
2025-01-27,MG92,85.08,73.35806702375412
2025-01-28,MG95,87.02,79.06237894535064
2025-01-28,MG92,84.91,73.70144820213318
2025-01-29,MG95,87.02,78.91085164546966
2025-01-29,MG92,84.91,73.90698990821838
2025-01-30,MG95,87.02,78.73049775123596
2025-01-30,MG92,84.91,73.1918176460266
2025-01-31,MG95,87.06,78.35602189064025
2025-01-31,MG92,84.88,73.45913109779357
2025-02-03,MG95,87.84,79.09910034656524
2025-02-03,MG92,86.41,73.86606817483901
2025-02-04,MG95,84.87,79.09110249996185
2025-02-04,MG92,83.3,73.74182831764222
2025-02-05,MG95,85.97,78.65386562347412
2025-02-05,MG92,84.06,73.70305485010147
2025-02-06,MG95,84.77,78.31040963172912
2025-02-06,MG92,83.21,73.66657984495163
2025-02-07,MG95,85.49,80.08544581890105
2025-02-07,MG92,83.86,74.16224667310715
2024-12-12,MG95,86.79,86.46005670070649
2024-12-12,MG92,83.44,81.96277766168117
2024-12-13,MG95,86.87,85.56797728538514
2024-12-13,MG92,83.52,80.80094714343547
2024-12-16,MG95,86.48,87.59070010185242
2024-12-16,MG92,83.13,82.70714107036589
2024-12-17,MG95,85.54,85.25640221118927
2024-12-17,MG92,82.19,80.87282656490802
2024-12-18,MG95,85.4,86.80207851886749
2024-12-18,MG92,82.05,81.79382628977298
2024-12-19,MG95,84.0,86.72993297338486
2024-12-19,MG92,80.65,81.8025874197483
2024-12-20,MG95,83.06,86.1662914443016
2024-12-20,MG92,79.71,81.44901639044284
2024-12-23,MG95,83.86,87.29451132535935
2024-12-23,MG92,80.51,82.93000934600829
2024-12-24,MG95,83.77,86.73296746492386
2024-12-24,MG92,80.42,82.28518822312354
2024-12-26,MG95,84.46,86.58595755100251
2024-12-26,MG92,81.11,82.00877970874309
2024-12-27,MG95,84.02,87.09294166088104
2024-12-27,MG92,80.67,82.50949467420577
2024-12-30,MG95,84.54,87.02083684682846
2024-12-30,MG92,81.29,82.8443449640274
2024-12-31,MG95,85.4,87.65202126979828
2024-12-31,MG92,82.15,83.68576564788818
2025-01-02,MG95,85.92,88.2393684911728
2025-01-02,MG92,82.95,83.74062176823615
2025-01-03,MG95,86.22,87.43036082744598
2025-01-03,MG92,83.74,83.34731502771376
2025-01-06,MG95,86.09,86.5744305562973
2025-01-06,MG92,83.61,82.69644769787787
2025-01-07,MG95,85.84,87.81639295578003
2025-01-07,MG92,83.15,83.74775394439696
2025-01-08,MG95,85.89,87.99515301942826
2025-01-08,MG92,83.35,84.46747759222984
2025-01-09,MG95,84.21,87.00689651489257
2025-01-09,MG92,82.78,82.94620104908942
2025-01-10,MG95,85.86,90.34409385919571
2025-01-10,MG92,84.01,85.88182041049002
2025-01-13,MG95,89.09,89.02394747972488
2025-01-13,MG92,87.14,84.88007740736008
2025-01-14,MG95,88.44,87.35380610466004
2025-01-14,MG92,86.3,83.45361282467842
2025-01-15,MG95,88.1,88.65405518054962
2025-01-15,MG92,86.34,84.97869515180587
2025-01-16,MG95,88.92,88.10718481779098
2025-01-16,MG92,86.78,83.51584570884704
2025-01-17,MG95,87.72,88.1846254491806
2025-01-17,MG92,85.58,84.86813174605369
2025-01-20,MG95,86.93,87.58376557588578
2025-01-20,MG92,84.54,84.2212854373455
2025-01-21,MG95,85.82,87.55333919763565
2025-01-21,MG92,83.43,84.37271454930305
2025-01-22,MG95,85.75,88.40070568561553
2025-01-22,MG92,83.26,84.60655013561248
2025-01-23,MG95,86.31,87.27050014734269
2025-01-23,MG92,83.9,83.99698876976966
2025-01-24,MG95,86.31,88.02175064325333
2025-01-24,MG92,83.9,84.3826154577732
2025-01-27,MG95,87.49,89.94755302190781
2025-01-27,MG92,85.08,86.65102903366088
2025-01-28,MG95,87.02,89.37438033819198
2025-01-28,MG92,84.91,85.66439176440238
2025-01-29,MG95,87.02,88.75642344713211
2025-01-29,MG92,84.91,86.20277812123298
2025-01-30,MG95,87.02,89.97797940015793
2025-01-30,MG92,84.91,87.22678838491439
2025-01-31,MG95,87.06,90.01924033880233
2025-01-31,MG92,84.88,86.85224640965461
2025-02-03,MG95,87.84,89.07081917285919
2025-02-03,MG92,86.41,86.33902323126792
2025-02-04,MG95,84.87,87.26337214708329
2025-02-04,MG92,83.3,84.62280053973197
2025-02-05,MG95,85.97,88.56661498308182
2025-02-05,MG92,84.06,85.95708492517471
2025-02-06,MG95,84.77,88.782501745224
2025-02-06,MG92,83.21,86.36637791514396
2025-02-07,MG95,85.49,87.6528664469719
2025-02-07,MG92,83.86,84.330762873888
2025-02-10,MG95,86.48,88.131083984375
2025-02-10,MG92,85.04,85.4935032582283
2025-02-11,MG95,87.44,88.1140887951851
2025-02-11,MG92,86.0,85.4665301311016
2025-02-12,MG95,87.69,88.21402335882188
2025-02-12,MG92,86.17,85.97538986563681
2025-02-13,MG95,86.03,88.63642865419388
2025-02-13,MG92,84.59,85.10879621982573
2025-02-14,MG95,86.95,87.94889229774475
2025-02-14,MG92,85.55,84.97168037772178
2025-02-17,MG95,87.68,88.65459487199783
2025-02-17,MG92,86.29,85.6664658677578
2025-02-18,MG95,87.99,88.60598191022873
2025-02-18,MG92,86.6,85.40439508199691
2025-02-19,MG95,88.43,87.75546891927719
2025-02-19,MG92,87.04,84.84601123809814
2025-02-20,MG95,88.11,89.35756844043732
2025-02-20,MG92,86.72,87.09661883234978
2025-02-21,MG95,86.91,88.83765210151672
2025-02-21,MG92,85.52,86.4716484439373
2025-02-24,MG95,85.82,86.99901498317719
2025-02-24,MG92,84.43,84.19427317619324
2025-02-25,MG95,86.01,86.52835312604904
2025-02-25,MG92,84.62,83.70047025799751
2025-02-26,MG95,83.78,86.23200142383575
2025-02-26,MG92,82.55,83.43332183241843
2025-02-27,MG95,83.41,87.8002938580513
2025-02-27,MG92,81.94,85.0443522632122
2025-02-28,MG95,84.34,86.53335290908814
2025-02-28,MG92,82.75,84.27115196943282
2025-03-03,MG95,83.79,85.93545624732971
2025-03-03,MG92,82.2,83.79379512548446
2025-03-04,MG95,80.03,87.41850798130035
2025-03-04,MG92,78.44,85.43693502426147
2025-03-05,MG95,79.94,85.5274596953392
2025-03-05,MG92,78.3,83.27698140025139
2025-03-06,MG95,78.59,89.10588893413544
2025-03-06,MG92,77.03,86.60370621323585
2025-03-07,MG95,78.69,88.73527365207673
2025-03-07,MG92,76.98,85.91601376533508
2025-01-13,MG95,89.09,86.21963807344437
2025-01-13,MG92,87.14,85.32334726929665
2025-01-14,MG95,88.44,86.65792426586151
2025-01-14,MG92,86.3,85.50412392616272
2025-01-15,MG95,88.1,85.36833666801452
2025-01-15,MG92,86.34,83.6861222600937
2025-01-16,MG95,88.92,85.50686646580697
2025-01-16,MG92,86.78,85.07319828391076
2025-01-17,MG95,87.72,85.16225894451141
2025-01-17,MG92,85.58,84.24939311981201
2025-01-20,MG95,86.93,84.4628751218319
2025-01-20,MG92,84.54,83.02902299761773
2025-01-21,MG95,85.82,84.86724149823189
2025-01-21,MG92,83.43,83.43436590373517
2025-01-22,MG95,85.75,85.13906573295593
2025-01-22,MG92,83.26,83.6692824202776
2025-01-23,MG95,86.31,85.30956040263176
2025-01-23,MG92,83.9,84.47631784796715
2025-01-24,MG95,86.31,84.91229221343994
2025-01-24,MG92,83.9,83.5644527900219
2025-01-27,MG95,87.49,85.74927953839303
2025-01-27,MG92,85.08,84.30802961230279
2025-01-28,MG95,87.02,86.1855749630928
2025-01-28,MG92,84.91,84.64885234713554
2025-01-29,MG95,87.02,85.85477487444878
2025-01-29,MG92,84.91,84.12151449084283
2025-01-30,MG95,87.02,85.08484929800034
2025-01-30,MG92,84.91,83.68729398846627
2025-01-31,MG95,87.06,84.59697303056717
2025-01-31,MG92,84.88,82.86246731758118
2025-02-03,MG95,87.84,85.07258739709854
2025-02-03,MG92,86.41,84.35171404957772
2025-02-04,MG95,84.87,85.27950953364372
2025-02-04,MG92,83.3,83.92607119977475
2025-02-05,MG95,85.97,85.54854976415633
2025-02-05,MG92,84.06,84.15690669655801
2025-02-06,MG95,84.77,85.40229230761528
2025-02-06,MG92,83.21,84.12618137478829
2025-02-07,MG95,85.49,85.48202025175094
2025-02-07,MG92,83.86,83.74914021551609
2025-02-10,MG95,86.48,84.42083358764648
2025-02-10,MG92,85.04,82.71732822835446
2025-02-11,MG95,87.44,86.43605345964431
2025-02-11,MG92,86.0,84.80828752398492
2025-02-12,MG95,87.69,84.39401195883751
2025-02-12,MG92,86.17,82.69525566995145
2025-02-13,MG95,86.03,86.34688344240189
2025-02-13,MG92,84.59,83.99629478394986
2025-02-14,MG95,86.95,86.28891064882278
2025-02-14,MG92,85.55,84.51614659786225
2025-02-17,MG95,87.68,84.8909771811962
2025-02-17,MG92,86.29,83.23566781163215
2025-02-18,MG95,87.99,87.16737656593322
2025-02-18,MG92,86.6,85.16045699596405
2025-02-19,MG95,88.43,85.22481715679169
2025-02-19,MG92,87.04,83.30724839746952
2025-02-20,MG95,88.11,85.33544550061225
2025-02-20,MG92,86.72,83.39069648861886
2025-02-21,MG95,86.91,85.03174851179124
2025-02-21,MG92,85.52,82.35872927248478
2025-02-24,MG95,85.82,85.75095812916756
2025-02-24,MG92,84.43,83.94780826330185
2025-02-25,MG95,86.01,84.98033143401146
2025-02-25,MG92,84.62,82.65708436489106
2025-02-26,MG95,83.78,84.85676054120064
2025-02-26,MG92,82.55,82.92426347076893
2025-02-27,MG95,83.41,84.56207062482834
2025-02-27,MG92,81.94,82.03629866719247
2025-02-28,MG95,84.34,86.41667801856994
2025-02-28,MG92,82.75,83.90856037020684
2025-03-03,MG95,83.79,85.39061381936074
2025-03-03,MG92,82.2,83.19261430501939
2025-03-04,MG95,80.03,83.99245005726814
2025-03-04,MG92,78.44,81.92306664288044
2025-03-05,MG95,79.94,85.91709255695343
2025-03-05,MG92,78.3,83.93294634103775
2025-03-06,MG95,78.59,84.44540856599808
2025-03-06,MG92,77.03,82.76912463128568
2025-03-07,MG95,78.69,84.44096644163132
2025-03-07,MG92,76.98,82.9982175576687
2025-03-10,MG95,78.55,84.37868458271026
2025-03-10,MG92,77.31,81.56537903130055
2025-03-11,MG95,77.98,84.97893943190574
2025-03-11,MG92,76.64,82.37658561170102
2025-03-12,MG95,79.15,84.25729381084442
2025-03-12,MG92,77.74,81.66161598682405
2025-03-13,MG95,80.46,84.94987115263939
2025-03-13,MG92,79.08,82.35757256627083
2025-03-14,MG95,80.05,84.27892102003098
2025-03-14,MG92,78.62,82.21146204411984
2025-03-17,MG95,81.04,83.76055376529693
2025-03-17,MG92,79.61,81.7244737058878
2025-03-18,MG95,81.95,83.77101425170899
2025-03-18,MG92,80.52,81.2215268278122
2025-03-19,MG95,80.27,84.86265607953071
2025-03-19,MG92,78.84,82.53230030059815
2025-03-20,MG95,80.97,84.4051377403736
2025-03-20,MG92,79.54,81.87022870361805
2025-03-21,MG95,81.9,84.3668832707405
2025-03-21,MG92,80.56,81.94765290915967
2025-03-24,MG95,82.07,83.65333889722824
2025-03-24,MG92,80.73,80.49950680315494
2025-03-25,MG95,83.15,83.44865829348564
2025-03-25,MG92,81.91,80.99732611775399
2025-03-26,MG95,83.45,83.29971406817437
2025-03-26,MG92,82.34,80.59775172054768
2025-03-27,MG95,83.88,83.98862716913223
2025-03-27,MG92,82.36,81.41430618941784
2025-03-28,MG95,84.1,83.68171629309654
2025-03-28,MG92,82.41,81.14065754055977
2025-03-31,MG95,84.1,84.42310582637786
2025-03-31,MG92,82.41,81.35951036214828
2025-04-01,MG95,85.57,83.08913792610169
2025-04-01,MG92,83.69,80.94774297952652
2025-04-02,MG95,85.91,84.26710435509682
2025-04-02,MG92,84.03,81.34317626833916
2025-04-03,MG95,83.12,84.65237164378166
2025-04-03,MG92,81.61,81.63460113823415
2025-04-04,MG95,77.52,83.89502526283265
2025-04-04,MG92,76.34,81.38568396985531
2025-02-10,MG95,86.48,85.33879313349723
2025-02-10,MG92,85.04,84.18271963596344
2025-02-11,MG95,87.44,87.21975274324417
2025-02-11,MG92,86.0,85.98473921775818
2025-02-12,MG95,87.69,86.48333647489547
2025-02-12,MG92,86.17,85.49275222301483
2025-02-13,MG95,86.03,85.43891659915447
2025-02-13,MG92,84.59,84.12708693742752
2025-02-14,MG95,86.95,88.03227690935134
2025-02-14,MG92,85.55,86.71982061147689
2025-02-17,MG95,87.68,85.97007696032523
2025-02-17,MG92,86.29,84.89193907260895
2025-02-18,MG95,87.99,88.59743002533912
2025-02-18,MG92,86.6,87.67346403360366
2025-02-19,MG95,88.43,85.95594176292418
2025-02-19,MG92,87.04,84.76101978778838
2025-02-20,MG95,88.11,87.40034084558486
2025-02-20,MG92,86.72,86.88727853298187
2025-02-21,MG95,86.91,87.42760231137275
2025-02-21,MG92,85.52,86.01590952396393
2025-02-24,MG95,85.82,86.91203958511352
2025-02-24,MG92,84.43,85.17079235076905
2025-02-25,MG95,86.01,87.58450605988502
2025-02-25,MG92,84.62,85.61303481578827
2025-02-26,MG95,83.78,87.63221107721328
2025-02-26,MG92,82.55,86.11644825696945
2025-02-27,MG95,83.41,87.58622837305069
2025-02-27,MG92,81.94,85.71547295808791
2025-02-28,MG95,84.34,87.42416787624359
2025-02-28,MG92,82.75,86.19797290325165
2025-03-03,MG95,83.79,88.9092298555374
2025-03-03,MG92,82.2,87.40206843614578
2025-03-04,MG95,80.03,86.86057401418685
2025-03-04,MG92,78.44,86.02416695594788
2025-03-05,MG95,79.94,88.80381206035614
2025-03-05,MG92,78.3,87.94056096792221
2025-03-06,MG95,78.59,87.96313979387283
2025-03-06,MG92,77.03,86.58034398794175
2025-03-07,MG95,78.69,88.5245017826557
2025-03-07,MG92,76.98,87.37020834445953
2025-03-10,MG95,78.55,87.1630692768097
2025-03-10,MG92,77.31,85.83601547002792
2025-03-11,MG95,77.98,86.40389605402946
2025-03-11,MG92,76.64,84.73835683584213
2025-03-12,MG95,79.15,86.10700595259667
2025-03-12,MG92,77.74,84.52757238864899
2025-03-13,MG95,80.46,87.4340431511402
2025-03-13,MG92,79.08,85.75597036361694
2025-03-14,MG95,80.05,87.25189579486846
2025-03-14,MG92,78.62,86.03383394956589
2025-03-17,MG95,81.04,86.5297879743576
2025-03-17,MG92,79.61,84.64074719190597
2025-03-18,MG95,81.95,87.9228335893154
2025-03-18,MG92,80.52,86.42352275848388
2025-03-19,MG95,80.27,85.35864049971103
2025-03-19,MG92,78.84,83.1744332075119
2025-03-20,MG95,80.97,86.70526009321212
2025-03-20,MG92,79.54,85.4525247335434
2025-03-21,MG95,81.9,86.51290115237235
2025-03-21,MG92,80.56,85.13167451620102
2025-03-24,MG95,82.07,86.58613513112067
2025-03-24,MG92,80.73,84.82939852237702
2025-03-25,MG95,83.15,86.494078001976
2025-03-25,MG92,81.91,84.387256026268
2025-03-26,MG95,83.45,87.5724702501297
2025-03-26,MG92,82.34,85.72376038074493
2025-03-27,MG95,83.88,87.18646827697754
2025-03-27,MG92,82.36,85.02467779159547
2025-03-28,MG95,84.1,85.95254809260368
2025-03-28,MG92,82.41,84.30288226604462
2025-03-31,MG95,84.1,85.68610930323601
2025-03-31,MG92,82.41,83.96140846252442
2025-04-01,MG95,85.57,86.49196842312813
2025-04-01,MG92,83.69,84.92176979541779
2025-04-02,MG95,85.91,86.36805359601973
2025-04-02,MG92,84.03,84.24897902965546
2025-04-03,MG95,83.12,84.06983559608459
2025-04-03,MG92,81.61,81.71293272614479
2025-04-04,MG95,77.52,84.80348495304584
2025-04-04,MG92,76.34,82.95395177602768
2025-04-07,MG95,72.28,87.12760389328002
2025-04-07,MG92,71.39,84.83381714820862
2025-04-08,MG95,73.41,85.46383918404578
2025-04-08,MG92,72.72,83.21969413161278
2025-04-09,MG95,70.34,84.59003531932831
2025-04-09,MG92,68.86,82.43869201898575
2025-04-10,MG95,72.44,84.73966764509677
2025-04-10,MG92,70.96,82.42644582748413
2025-04-11,MG95,71.93,84.04586079299449
2025-04-11,MG92,70.37,81.75805869221688
2025-04-14,MG95,74.29,85.12170014500617
2025-04-14,MG92,72.8,82.93743691205978
2025-04-15,MG95,74.65,83.82340723216534
2025-04-15,MG92,73.16,81.72892275333405
2025-04-16,MG95,75.04,85.1434226924181
2025-04-16,MG92,73.79,83.605804053545
2025-04-17,MG95,76.74,84.35530645549296
2025-04-17,MG92,74.96,82.29381207585335
2025-04-21,MG95,76.84,85.6218537735939
2025-04-21,MG92,75.54,83.49934716105462
2025-04-22,MG95,77.15,83.55031868338584
2025-04-22,MG92,75.85,81.40234931588172
2025-04-23,MG95,78.76,84.86818379998206
2025-04-23,MG92,77.55,82.56168876767158
2025-04-24,MG95,77.62,82.81038645029068
2025-04-24,MG92,76.19,81.19490882873535
2025-04-25,MG95,78.45,82.73531805515289
2025-04-25,MG92,76.62,80.69642385482788
2025-04-25,MG95,78.45,83.56358253300189
2025-04-25,MG92,76.62,81.75646918654442
2025-04-25,MG95,78.45,83.07759467542171
2025-04-25,MG92,76.62,81.10812081933021
2025-04-25,MG95,78.45,81.84225281834601
2025-04-25,MG92,76.62,79.88866006493568
2025-04-28,MG95,78.17,82.0954685229063
2025-04-28,MG92,76.29,79.78244309782981
2025-04-29,MG95,76.83,81.84220695793628
2025-04-29,MG92,75.3,79.160036662817
2025-04-30,MG95,74.78,82.91417365312576
2025-04-30,MG92,73.34,81.01861865401268
2025-03-10,MG95,78.55,76.29656403064727
2025-03-10,MG92,77.31,74.58061058878899
2025-03-11,MG95,77.98,77.56820469975472
2025-03-11,MG92,76.64,75.60058589816094
2025-03-12,MG95,79.15,78.43972146213055
2025-03-12,MG92,77.74,76.81391952037812
2025-03-13,MG95,80.46,77.04976824045181
2025-03-13,MG92,79.08,75.08060937166215
2025-03-14,MG95,80.05,77.65748436033725
2025-03-14,MG92,78.62,75.74385761260987
2025-03-17,MG95,81.04,77.92091446995735
2025-03-17,MG92,79.61,76.38383825182915
2025-03-18,MG95,81.95,77.1802567845583
2025-03-18,MG92,80.52,75.75332341074945
2025-03-19,MG95,80.27,76.94318610191345
2025-03-19,MG92,78.84,74.95677856206895
2025-03-20,MG95,80.97,77.48908420622348
2025-03-20,MG92,79.54,75.5856140613556
2025-03-21,MG95,81.9,77.55079434514046
2025-03-21,MG92,80.56,75.643996424675
2025-03-24,MG95,82.07,76.22943191707134
2025-03-24,MG92,80.73,74.69766438245773
2025-03-25,MG95,83.15,77.49681380331516
2025-03-25,MG92,81.91,75.9263414990902
2025-03-26,MG95,83.45,75.44983075797558
2025-03-26,MG92,82.34,73.5551980662346
2025-03-27,MG95,83.88,76.08913597762584
2025-03-27,MG92,82.36,74.28285319447518
2025-03-28,MG95,84.1,76.43987113595009
2025-03-28,MG92,82.41,74.20593383431435
2025-03-31,MG95,84.1,75.9501626998186
2025-03-31,MG92,82.41,74.05856012105941
2025-04-01,MG95,85.57,75.06953739523887
2025-04-01,MG92,83.69,72.99747305631638
2025-04-02,MG95,85.91,75.5064378619194
2025-04-02,MG92,84.03,73.6961159491539
2025-04-03,MG95,83.12,73.37538606762885
2025-04-03,MG92,81.61,71.8466329729557
2025-04-04,MG95,77.52,75.22806448996067
2025-04-04,MG92,76.34,72.98231768488884
2025-04-07,MG95,72.28,74.36826876103878
2025-04-07,MG92,71.39,72.55332844734193
2025-04-08,MG95,73.41,73.86485060870648
2025-04-08,MG92,72.72,71.69151868700982
2025-04-09,MG95,70.34,73.52838800132274
2025-04-09,MG92,68.86,72.15863265395164
2025-04-10,MG95,72.44,73.48928505778312
2025-04-10,MG92,70.96,71.92878765821457
2025-04-11,MG95,71.93,74.22908442020416
2025-04-11,MG92,70.37,72.31940898299217
2025-04-14,MG95,74.29,73.90620958149432
2025-04-14,MG92,72.8,71.9907810652256
2025-04-15,MG95,74.65,73.06020330369472
2025-04-15,MG92,73.16,71.00693454623223
2025-04-16,MG95,75.04,74.25766704440116
2025-04-16,MG92,73.79,72.63410203456878
2025-04-17,MG95,76.74,71.62302824735642
2025-04-17,MG92,74.96,69.77916592597961
2025-04-21,MG95,76.84,72.6899471604824
2025-04-21,MG92,75.54,70.97093423008918
2025-04-22,MG95,77.15,71.77544389486313
2025-04-22,MG92,75.85,70.09127572774888
2025-04-23,MG95,78.76,71.49146562695503
2025-04-23,MG92,77.55,69.48110111117363
2025-04-24,MG95,77.62,72.54035506725312
2025-04-24,MG92,76.19,70.71418764710427
2025-04-25,MG95,78.45,70.98478303313254
2025-04-25,MG92,76.62,69.37038385033608
2025-04-25,MG95,78.45,70.80877991974353
2025-04-25,MG92,76.62,69.3527048778534
2025-04-25,MG95,78.45,70.96364858865738
2025-04-25,MG92,76.62,69.19890745282173
2025-04-25,MG95,78.45,70.88491269886494
2025-04-25,MG92,76.62,69.29679105520249
2025-04-28,MG95,78.17,71.50818181872367
2025-04-28,MG92,76.29,69.32450019478799
2025-04-29,MG95,76.83,71.50084620594978
2025-04-29,MG92,75.3,69.88356041908264
2025-04-30,MG95,74.78,69.55489668667316
2025-04-30,MG92,73.34,67.620656529665
2025-05-01,MG95,74.78,70.00899175465106
2025-05-01,MG92,73.34,67.97958601355553
2025-05-02,MG95,75.24,70.73712167680263
2025-05-02,MG92,73.73,69.14303951382638
2025-05-05,MG95,73.1,69.65689172208309
2025-05-05,MG92,71.59,67.85676923274994
2025-05-06,MG95,74.97,68.75094354450702
2025-05-06,MG92,73.46,67.32913013577462
2025-05-07,MG95,76.52,70.3098785161972
2025-05-07,MG92,74.79,68.59511066436768
2025-05-08,MG95,74.88,68.22033578395843
2025-05-08,MG92,73.38,66.18001986622811
2025-05-09,MG95,76.72,68.06242780745029
2025-05-09,MG92,75.22,66.50200841903687
2025-05-12,MG95,76.72,69.92695859134197
2025-05-12,MG92,75.22,68.14238581180572
2025-05-13,MG95,77.69,67.91910194098949
2025-05-13,MG92,76.19,66.25753571391105
2025-05-14,MG95,78.68,68.29273509263992
2025-05-14,MG92,77.18,66.48574725151062
2025-05-15,MG95,76.57,68.0082596540451
2025-05-15,MG92,75.07,66.49037232398987
2025-05-16,MG95,76.6,67.85593312203883
2025-05-16,MG92,75.1,66.62596770286561
2025-05-19,MG95,76.59,68.73134282469749
2025-05-19,MG92,75.09,67.43066148877145
2025-05-20,MG95,76.33,67.36300714731216
2025-05-20,MG92,74.8,66.35142743825912
2025-05-21,MG95,77.54,68.04616188347339
2025-05-21,MG92,76.05,66.8003623008728
2025-05-22,MG95,77.12,67.70724625468254
2025-05-22,MG92,75.87,65.99338809728623
2025-05-23,MG95,76.75,68.18900934040546
2025-05-23,MG92,75.5,66.79261255145073
2025-05-26,MG95,77.26,67.48148386001587
2025-05-26,MG92,76.01,66.24190774083138
2025-05-27,MG95,76.86,66.86947143495082
2025-05-27,MG92,75.61,65.37233905434609
2025-05-28,MG95,76.5,67.42417321264743
2025-05-28,MG92,75.17,66.28002788186073
2025-04-07,MG95,72.28,76.82620562553406
2025-04-07,MG92,71.39,75.44069024920464
2025-04-08,MG95,73.41,76.82797529697417
2025-04-08,MG92,72.72,76.00146828770637
2025-04-09,MG95,70.34,76.28001016616821
2025-04-09,MG92,68.86,75.54873518943786
2025-04-10,MG95,72.44,76.9223777961731
2025-04-10,MG92,70.96,76.07311147928239
2025-04-11,MG95,71.93,78.12172525405883
2025-04-11,MG92,70.37,78.01855743408204
2025-04-14,MG95,74.29,78.22724018096923
2025-04-14,MG92,72.8,78.451847448349
2025-04-15,MG95,74.65,77.53121870040893
2025-04-15,MG92,73.16,77.62797577142716
2025-04-16,MG95,75.04,77.266188454628
2025-04-16,MG92,73.79,77.11323684453964
2025-04-17,MG95,76.74,78.64661072731018
2025-04-17,MG92,74.96,78.57603201389313
2025-04-21,MG95,76.84,77.53717921257018
2025-04-21,MG92,75.54,77.27960193634034
2025-04-22,MG95,77.15,76.75368144035339
2025-04-22,MG92,75.85,77.9681592130661
2025-04-23,MG95,78.76,77.59920550346374
2025-04-23,MG92,77.55,77.50352729320527
2025-04-24,MG95,77.62,76.07025096416473
2025-04-24,MG92,76.19,75.79699511528015
2025-04-25,MG95,78.45,77.31415440559387
2025-04-25,MG92,76.62,76.78548460006714
2025-04-25,MG95,78.45,76.88182783126831
2025-04-25,MG92,76.62,77.03548270940782
2025-04-25,MG95,78.45,75.01643703460692
2025-04-25,MG92,76.62,74.87226784348488
2025-04-25,MG95,78.45,75.5081238412857
2025-04-25,MG92,76.62,75.15028164863587
2025-04-28,MG95,78.17,74.04278968334198
2025-04-28,MG92,76.29,73.03221405148507
2025-04-29,MG95,76.83,74.7640024137497
2025-04-29,MG92,75.3,74.13843589186669
2025-04-30,MG95,74.78,75.157285323143
2025-04-30,MG92,73.34,74.483014844656
2025-05-01,MG95,74.78,73.80733559131622
2025-05-01,MG92,73.34,72.8700761127472
2025-05-02,MG95,75.24,74.76223274230956
2025-05-02,MG92,73.73,74.67527068018913
2025-05-05,MG95,73.1,72.58708013534546
2025-05-05,MG92,71.59,72.23923380851745
2025-05-06,MG95,74.97,73.5139767408371
2025-05-06,MG92,73.46,73.02406461000443
2025-05-07,MG95,76.52,72.03104752063751
2025-05-07,MG92,74.79,71.93806849122048
2025-05-08,MG95,74.88,72.31383454799652
2025-05-08,MG92,73.38,71.57673563361168
2025-05-09,MG95,76.72,72.13936250209808
2025-05-09,MG92,75.22,70.68311365604401
2025-05-12,MG95,76.72,71.47921498775482
2025-05-12,MG92,75.22,70.54215243458748
2025-05-13,MG95,77.69,71.63674808979034
2025-05-13,MG92,76.19,69.54622789263726
2025-05-14,MG95,78.68,70.50397354602813
2025-05-14,MG92,77.18,69.14142224669457
2025-05-15,MG95,76.57,71.0642478275299
2025-05-15,MG92,75.07,70.26085337162019
2025-05-16,MG95,76.6,70.88559880256652
2025-05-16,MG92,75.1,69.66125741839409
2025-05-19,MG95,76.59,71.44517076015472
2025-05-19,MG92,75.09,70.40580058455467
2025-05-20,MG95,76.33,71.46657777786254
2025-05-20,MG92,74.8,69.43203560709954
2025-05-21,MG95,77.54,70.11584717273712
2025-05-21,MG92,76.05,68.78282862067223
2025-05-22,MG95,77.12,70.03440532207489
2025-05-22,MG92,75.87,68.94916186094284
2025-05-23,MG95,76.75,69.77627818107605
2025-05-23,MG92,75.5,67.97363139867782
2025-05-26,MG95,77.26,69.23445838451386
2025-05-26,MG92,76.01,67.71071976900102
2025-05-27,MG95,76.86,70.21467616081237
2025-05-27,MG92,75.61,67.90458183169365
2025-05-28,MG95,76.5,68.46064990997314
2025-05-28,MG92,75.17,66.63518460273743
2025-05-29,MG95,77.4,68.44151158332825
2025-05-29,MG92,76.07,66.77883500337602
2025-05-30,MG95,76.02,68.22955761909485
2025-05-30,MG92,74.69,66.05545490384102
2025-06-02,MG95,77.31,69.06318838119506
2025-06-02,MG92,75.47,67.06663177847862
2025-06-03,MG95,77.7,68.3131434059143
2025-06-03,MG92,75.86,65.98879875183106
2025-06-04,MG95,78.1,68.9116897201538
2025-06-04,MG92,76.26,67.0171481513977
2025-06-05,MG95,77.06,68.99835741519928
2025-06-05,MG92,75.22,66.29325842738152
2025-06-06,MG95,77.44,67.96810368061065
2025-06-06,MG92,75.6,65.81458453297616
2025-06-09,MG95,78.69,68.13420790672302
2025-06-09,MG92,76.85,66.05718398690225
2025-06-10,MG95,80.06,67.80397243022918
2025-06-10,MG92,78.18,65.92024515867233
2025-06-11,MG95,80.07,67.83009703159333
2025-06-11,MG92,77.89,65.90593927145005
2025-06-12,MG95,81.75,67.47601950645446
2025-06-12,MG92,79.62,65.55386610865594
2025-06-13,MG95,85.44,67.63393611431121
2025-06-13,MG92,83.31,65.91187275648117
2025-06-16,MG95,85.14,68.50498410701752
2025-06-16,MG92,83.01,66.28147791147232
2025-06-17,MG95,85.82,67.38618673324585
2025-06-17,MG92,83.91,65.69380353093148
2025-06-18,MG95,87.49,66.72251835823059
2025-06-18,MG92,85.59,65.21713628292083
2025-06-19,MG95,88.68,66.90647639751434
2025-06-19,MG92,86.69,64.33260564208031
2025-06-20,MG95,89.81,66.63194167613983
2025-06-20,MG92,88.0,64.3041030728817
2025-06-23,MG95,89.27,66.83216867923736
2025-06-23,MG92,87.46,64.83928613185883
2025-06-24,MG95,82.55,66.99335201740264
2025-06-24,MG92,80.74,64.43631877422332
2025-06-25,MG95,81.1,66.97095620155334
2025-06-25,MG92,79.29,64.66514471650125
2025-05-01,MG95,74.78,75.05393276929856
2025-05-01,MG92,73.34,73.27683757424354
2025-05-02,MG95,75.24,74.90451732635498
2025-05-02,MG92,73.73,73.04023092627526
2025-05-05,MG95,73.1,74.0952884221077
2025-05-05,MG92,71.59,72.3886249780655
2025-05-06,MG95,74.97,74.354334025383
2025-05-06,MG92,73.46,72.35044512987137
2025-05-07,MG95,76.52,74.52149817943572
2025-05-07,MG92,74.79,72.47887262701988
2025-05-08,MG95,74.88,73.36619615197182
2025-05-08,MG92,73.38,71.33886712312699
2025-05-09,MG95,76.72,74.04773417830468
2025-05-09,MG92,75.22,71.90965454220772
2025-05-12,MG95,76.72,75.01941593885422
2025-05-12,MG92,75.22,72.64440460681915
2025-05-13,MG95,77.69,72.98598952054978
2025-05-13,MG92,76.19,70.91442558884621
2025-05-14,MG95,78.68,72.43343942761422
2025-05-14,MG92,77.18,70.51422349333764
2025-05-15,MG95,76.57,72.79724343299866
2025-05-15,MG92,75.07,70.64786607623101
2025-05-16,MG95,76.6,73.36628529667854
2025-05-16,MG92,75.1,70.8126680314541
2025-05-19,MG95,76.59,74.10024486780166
2025-05-19,MG92,75.09,71.45739776015282
2025-05-20,MG95,76.33,74.80893637180328
2025-05-20,MG92,74.8,71.76273163199426
2025-05-21,MG95,77.54,74.04458291292191
2025-05-21,MG92,76.05,71.0776101243496
2025-05-22,MG95,77.12,72.08190619111062
2025-05-22,MG92,75.87,69.88029550552369
2025-05-23,MG95,76.75,72.7792005443573
2025-05-23,MG92,75.5,70.62652925014496
2025-05-26,MG95,77.26,71.69060550093651
2025-05-26,MG92,76.01,69.4179495215416
2025-05-27,MG95,76.86,72.81942709326744
2025-05-27,MG92,75.61,70.17908538460732
2025-05-28,MG95,76.5,72.26491135954856
2025-05-28,MG92,75.17,69.70039909005166
2025-05-29,MG95,77.4,72.51817592859268
2025-05-29,MG92,76.07,69.90115147709847
2025-05-30,MG95,76.02,72.00064187645913
2025-05-30,MG92,74.69,69.64134141325951
2025-06-02,MG95,77.31,73.19178453326225
2025-06-02,MG92,75.47,70.20331608057022
2025-06-03,MG95,77.7,71.28698501229286
2025-06-03,MG92,75.86,69.03979679107667
2025-06-04,MG95,78.1,72.1857241165638
2025-06-04,MG92,76.26,69.72915856122971
2025-06-05,MG95,77.06,71.62240534305573
2025-06-05,MG92,75.22,69.38052155494691
2025-06-06,MG95,77.44,71.58053853154182
2025-06-06,MG92,75.6,69.3406893157959
2025-06-09,MG95,78.69,71.26864348888397
2025-06-09,MG92,76.85,68.97780153036118
2025-06-10,MG95,80.06,70.54494893074036
2025-06-10,MG92,78.18,68.52582888960839
2025-06-11,MG95,80.07,70.02390703439713
2025-06-11,MG92,77.89,67.74146775364876
2025-06-12,MG95,81.75,69.52015475392342
2025-06-12,MG92,79.62,67.34598240375519
2025-06-13,MG95,85.44,70.02777591466904
2025-06-13,MG92,83.31,68.49042925477028
2025-06-16,MG95,85.14,68.97851151585579
2025-06-16,MG92,83.01,67.35557326555252
2025-06-17,MG95,85.82,69.16032214522362
2025-06-17,MG92,83.91,67.75501473665238
2025-06-18,MG95,87.49,69.70083770275116
2025-06-18,MG92,85.59,67.72040632605552
2025-06-19,MG95,88.68,69.668589605093
2025-06-19,MG92,86.69,68.25685199022294
2025-06-20,MG95,89.81,68.97869426250458
2025-06-20,MG92,88.0,67.56730224967004
2025-06-23,MG95,89.27,68.61635668754577
2025-06-23,MG92,87.46,67.3854124736786
2025-06-24,MG95,82.55,68.29850232124329
2025-06-24,MG92,80.74,67.15831363081932
2025-06-25,MG95,81.1,67.999947783947
2025-06-25,MG92,79.29,66.28972427010537
2025-06-26,MG95,79.86,68.39628515005111
2025-06-26,MG92,78.05,67.30127167701721
2025-06-27,MG95,79.59,68.75977714896202
2025-06-27,MG92,77.78,67.75567044734956
2025-06-30,MG95,79.2,68.0638288807869
2025-06-30,MG92,77.39,66.87311882019043
2025-07-01,MG95,79.36,67.48824825286866
2025-07-01,MG92,77.65,66.5065371978283
2025-07-02,MG95,80.1,67.78745800375938
2025-07-02,MG92,78.26,66.50468809366227
2025-07-03,MG95,80.19,66.44392247080803
2025-07-03,MG92,78.83,65.91530471920967
2025-07-04,MG95,80.68,67.38982803940773
2025-07-04,MG92,79.32,66.45095915913582
2025-07-07,MG95,80.11,67.14517930626869
2025-07-07,MG92,78.42,66.71625970721244
2025-07-08,MG95,79.99,66.4602849817276
2025-07-08,MG92,78.3,65.69468866944314
2025-07-09,MG95,81.39,66.20435052871704
2025-07-09,MG92,79.7,65.63232183933259
2025-07-10,MG95,80.3,65.93055593371392
2025-07-10,MG92,78.61,65.78609036922455
2025-07-11,MG95,79.29,66.52582417011261
2025-07-11,MG92,77.6,66.04138040065766
2025-07-14,MG95,80.84,64.61115187287331
2025-07-14,MG92,79.15,64.29589163899422
2025-07-15,MG95,78.87,65.50971714496613
2025-07-15,MG92,77.18,65.38161741137505
2025-07-16,MG95,79.2,65.49543170571327
2025-07-16,MG92,77.51,65.47579932451248
2025-07-17,MG95,79.08,65.53884517788887
2025-07-17,MG92,77.39,65.79276550412179
2025-07-18,MG95,79.42,64.03653400778771
2025-07-18,MG92,77.73,64.39418704390526
2025-07-21,MG95,78.69,64.03177368044854
2025-07-21,MG92,77.0,64.5456037580967
2025-07-22,MG95,78.08,64.90896650910378
2025-07-22,MG92,76.39,65.4403734612465
2025-07-23,MG95,77.26,64.55690286159515
2025-07-23,MG92,75.57,65.36512847304344
2025-05-29,MG95,77.4,74.35688763856888
2025-05-29,MG92,76.07,72.8955733549595
2025-05-30,MG95,76.02,75.01125812530518
2025-05-30,MG92,74.69,73.31830227077008
2025-06-02,MG95,77.31,77.16828685998917
2025-06-02,MG92,75.47,74.75886208891869
2025-06-03,MG95,77.7,78.76624399423599
2025-06-03,MG92,75.86,76.22583434343338
2025-06-04,MG95,78.1,75.76293379068375
2025-06-04,MG92,76.26,73.57593441724778
2025-06-05,MG95,77.06,76.84539234638214
2025-06-05,MG92,75.22,74.51496261715889
2025-06-06,MG95,77.44,75.66358584165573
2025-06-06,MG92,75.6,73.46929896593095
2025-06-09,MG95,78.69,76.46326661109924
2025-06-09,MG92,76.85,74.10472080230713
2025-06-10,MG95,80.06,76.53823810815811
2025-06-10,MG92,78.18,74.53369102835656
2025-06-11,MG95,80.07,75.87849166989326
2025-06-11,MG92,77.89,73.54547162592411
2025-06-12,MG95,81.75,73.66097322106361
2025-06-12,MG92,79.62,71.74895998299122
2025-06-13,MG95,85.44,76.08076697587967
2025-06-13,MG92,83.31,74.12475303351879
2025-06-16,MG95,85.14,75.44908583164215
2025-06-16,MG92,83.01,73.52065872132778
2025-06-17,MG95,85.82,73.46163895726204
2025-06-17,MG92,83.91,71.97231196820736
2025-06-18,MG95,87.49,72.74868017435074
2025-06-18,MG92,85.59,71.32274973332882
2025-06-19,MG95,88.68,73.00275430083275
2025-06-19,MG92,86.69,71.79534640431405
2025-06-20,MG95,89.81,72.66139733791351
2025-06-20,MG92,88.0,70.77390871465207
2025-06-23,MG95,89.27,73.02359694242477
2025-06-23,MG92,87.46,71.22132508158684
2025-06-24,MG95,82.55,72.89203888177872
2025-06-24,MG92,80.74,71.50483648717403
2025-06-25,MG95,81.1,74.60439571738243
2025-06-25,MG92,79.29,72.68975349247455
2025-06-26,MG95,79.86,74.2017510831356
2025-06-26,MG92,78.05,72.52455815255642
2025-06-27,MG95,79.59,73.64372822642326
2025-06-27,MG92,77.78,71.59671323359012
2025-06-30,MG95,79.2,72.715535312891
2025-06-30,MG92,77.39,70.82239648163319
2025-07-01,MG95,79.36,71.69228062033653
2025-07-01,MG92,77.65,70.3613594520092
2025-07-02,MG95,80.1,72.63606789708138
2025-07-02,MG92,78.26,71.41043722987175
2025-07-03,MG95,80.19,73.50259467959404
2025-07-03,MG92,78.83,72.1962822598219
2025-07-04,MG95,80.68,72.09108594059944
2025-07-04,MG92,79.32,70.91405368447305
2025-07-07,MG95,80.11,72.49817177653313
2025-07-07,MG92,78.42,71.06841970145703
2025-07-08,MG95,79.99,70.43268013000488
2025-07-08,MG92,78.3,69.27399148225784
2025-07-09,MG95,81.39,71.77892053127289
2025-07-09,MG92,79.7,70.42950757026672
2025-07-10,MG95,80.3,71.10985395312309
2025-07-10,MG92,78.61,70.0395578545332
2025-07-11,MG95,79.29,71.1946836411953
2025-07-11,MG92,77.6,69.91676578819752
2025-07-14,MG95,80.84,69.1891755759716
2025-07-14,MG92,79.15,68.37712909042835
2025-07-15,MG95,78.87,70.6479780972004
2025-07-15,MG92,77.18,69.72624228835106
2025-07-16,MG95,79.2,71.09467908740044
2025-07-16,MG92,77.51,70.18390103518963
2025-07-17,MG95,79.08,69.99338418245316
2025-07-17,MG92,77.39,69.51676635324955
2025-07-18,MG95,79.42,69.47040304541588
2025-07-18,MG92,77.73,68.59111687004567
2025-07-21,MG95,78.69,70.51839897036552
2025-07-21,MG92,77.0,69.96847054064274
2025-07-22,MG95,78.08,70.9453653395176
2025-07-22,MG92,76.39,70.50198383331299
2025-07-23,MG95,77.26,69.55045410990715
2025-07-23,MG92,75.57,68.90339744508266
2025-07-24,MG95,78.14,69.60466048121452
2025-07-24,MG92,76.45,69.30972779989243
2025-07-25,MG95,78.22,69.18453830480576
2025-07-25,MG92,76.53,68.705772382617
2025-07-28,MG95,77.92,70.35240563750267
2025-07-28,MG92,76.23,69.9418744045496
2025-07-29,MG95,79.49,69.62269431352615
2025-07-29,MG92,77.8,69.1932532119751
2025-07-30,MG95,81.72,68.43506044149399
2025-07-30,MG92,80.03,68.09495286822319
2025-07-31,MG95,82.4,69.32010895013809
2025-07-31,MG92,80.71,69.11304811894894
2025-08-01,MG95,81.46,68.97585654258728
2025-08-01,MG92,79.77,69.00393048107624
2025-08-04,MG95,79.18,68.01841279864311
2025-08-04,MG92,77.49,68.06220951199532
2025-08-05,MG95,79.02,69.24994799494743
2025-08-05,MG92,77.33,69.09233037412167
2025-08-06,MG95,78.93,68.6302772462368
2025-08-06,MG92,77.24,68.69990295231342
2025-08-07,MG95,77.92,69.45832425355911
2025-08-07,MG92,76.23,69.12962589919567
2025-08-08,MG95,78.6,69.72283110022545
2025-08-08,MG92,76.45,69.29958399057388
2025-08-11,MG95,79.23,70.4131598174572
2025-08-11,MG92,77.08,70.35343796133995
2025-08-12,MG95,80.53,68.73470932245255
2025-08-12,MG92,78.38,69.00810180902481
2025-08-13,MG95,79.43,68.43682962656021
2025-08-13,MG92,77.01,68.68726351499558
2025-08-14,MG95,79.84,67.80173322558403
2025-08-14,MG92,77.42,68.01852930128574
2025-08-15,MG95,80.6,68.7218781709671
2025-08-15,MG92,78.18,68.74813085138798
2025-08-18,MG95,79.42,67.8186043202877
2025-08-18,MG92,76.71,67.95660905182362
2025-08-19,MG95,79.65,67.3418864607811
2025-08-19,MG92,76.94,67.76726391851902
2025-08-20,MG95,80.77,68.99452874064445
2025-08-20,MG92,78.16,68.96355238497257
2025-06-26,MG95,79.86,79.59335861206054
2025-06-26,MG92,78.05,78.46189639270307
2025-06-27,MG95,79.59,80.49417238235473
2025-06-27,MG92,77.78,78.76548381328584
2025-06-30,MG95,79.2,80.24379863142967
2025-06-30,MG92,77.39,79.03800216615201
2025-07-01,MG95,79.36,79.33522155880928
2025-07-01,MG92,77.65,78.44791200399399
2025-07-02,MG95,80.1,80.53264568448066
2025-07-02,MG92,78.26,79.61818652272225
2025-07-03,MG95,80.19,78.1525506079197
2025-07-03,MG92,78.83,77.37566526174545
2025-07-04,MG95,80.68,78.15394761562347
2025-07-04,MG92,79.32,77.26037794232369
2025-07-07,MG95,80.11,79.65356529355049
2025-07-07,MG92,78.42,78.8909983098507
2025-07-08,MG95,79.99,81.4504604101181
2025-07-08,MG92,78.3,79.91750631809235
2025-07-09,MG95,81.39,78.14374800920486
2025-07-09,MG92,79.7,77.4805883485079
2025-07-10,MG95,80.3,79.37670640349387
2025-07-10,MG92,78.61,77.9187501078844
2025-07-11,MG95,79.29,79.02837775945663
2025-07-11,MG92,77.6,77.17059240102769
2025-07-14,MG95,80.84,79.12533202767372
2025-07-14,MG92,79.15,77.85673957586289
2025-07-15,MG95,78.87,79.22968221902846
2025-07-15,MG92,77.18,78.4474015903473
2025-07-16,MG95,79.2,76.97117031812667
2025-07-16,MG92,77.51,75.90266346395016
2025-07-17,MG95,79.08,77.78842465877533
2025-07-17,MG92,77.39,77.05145807504654
2025-07-18,MG95,79.42,76.63808791041373
2025-07-18,MG92,77.73,76.5449859559536
2025-07-21,MG95,78.69,77.10030410289764
2025-07-21,MG92,77.0,76.42609738469125
2025-07-22,MG95,78.08,76.27494808435439
2025-07-22,MG92,76.39,75.58444891154767
2025-07-23,MG95,77.26,78.25391826033592
2025-07-23,MG92,75.57,77.87490179479123
2025-07-24,MG95,78.14,79.39012057781218
2025-07-24,MG92,76.45,78.56381371021271
2025-07-25,MG95,78.22,76.19186721444129
2025-07-25,MG92,76.53,76.17221385598184
2025-07-28,MG95,77.92,75.9752295076847
2025-07-28,MG92,76.23,75.8163137626648
2025-07-29,MG95,79.49,74.58797668814658
2025-07-29,MG92,77.8,73.78663499236107
2025-07-30,MG95,81.72,76.44062159657477
2025-07-30,MG92,80.03,76.29752040624619
2025-07-31,MG95,82.4,75.45604053735732
2025-07-31,MG92,80.71,74.97319548726082
2025-08-01,MG95,81.46,74.93889632225036
2025-08-01,MG92,79.77,73.90485719025136
2025-08-04,MG95,79.18,75.46406003832817
2025-08-04,MG92,77.49,74.01437399983406
2025-08-05,MG95,79.02,75.40572892427444
2025-08-05,MG92,77.33,75.17897252976896
2025-08-06,MG95,78.93,76.61539741158485
2025-08-06,MG92,77.24,76.21800930261612
2025-08-07,MG95,77.92,77.23856919407844
2025-08-07,MG92,76.23,76.22476283133031
2025-08-08,MG95,78.6,74.55342854261397
2025-08-08,MG92,76.45,73.72742228329182
2025-08-11,MG95,79.23,74.5509148955345
2025-08-11,MG92,77.08,73.76112848818303
2025-08-12,MG95,80.53,75.91102516055106
2025-08-12,MG92,78.38,74.6999115139246
2025-08-13,MG95,79.43,76.96931892037391
2025-08-13,MG92,77.01,76.04703018307687
2025-08-14,MG95,79.84,74.41075973510742
2025-08-14,MG92,77.42,73.94814310312272
2025-08-15,MG95,80.6,73.68784933686256
2025-08-15,MG92,78.18,72.91251854002476
2025-08-18,MG95,79.42,74.56335261464119
2025-08-18,MG92,76.71,74.39505751132965
2025-08-19,MG95,79.65,74.38219116926193
2025-08-19,MG92,76.94,74.85433527231217
2025-08-20,MG95,80.77,74.79886201024055
2025-08-20,MG92,78.16,74.85846111595632
2025-08-21,MG95,81.77,74.54202045202254
2025-08-21,MG92,79.01,74.5527280676365
2025-08-22,MG95,82.69,74.11533852815627
2025-08-22,MG92,79.93,73.69952912271023
2025-08-25,MG95,81.54,72.93114972114563
2025-08-25,MG92,79.6,72.74251771330835
2025-08-26,MG95,81.12,73.34341684579849
2025-08-26,MG92,79.18,72.77034943521024
2025-08-27,MG95,79.35,73.31449056863784
2025-08-27,MG92,77.41,73.40392400443554
2025-08-28,MG95,80.24,74.66878560781478
2025-08-28,MG92,78.3,74.45163308322431
2025-08-29,MG95,81.37,73.46645020246505
2025-08-29,MG92,79.43,73.52648944437504
2025-09-01,MG95,81.25,72.69433516263962
2025-09-01,MG92,79.31,72.59123205363751
2025-09-02,MG95,82.72,72.08435035943984
2025-09-02,MG92,80.78,72.3547403973341
2025-09-03,MG95,82.95,72.03791072964668
2025-09-03,MG92,80.73,72.14522032141686
2025-09-04,MG95,81.45,75.11816769838333
2025-09-04,MG92,79.28,74.56521429777146
2025-09-05,MG95,81.6,73.11954756975173
2025-09-05,MG92,79.24,73.8364381313324
2025-09-08,MG95,81.23,71.20584037303924
2025-09-08,MG92,78.87,71.57392566919327
2025-09-09,MG95,81.58,71.86289805173874
2025-09-09,MG92,79.22,71.68890106916429
2025-09-10,MG95,81.84,73.26602068543434
2025-09-10,MG92,79.48,73.33753714799882
2025-09-11,MG95,82.05,71.75404746532439
2025-09-11,MG92,79.69,71.88160112500191
2025-09-12,MG95,81.4,71.22508427500725
2025-09-12,MG92,79.14,71.26831549823285
2025-09-15,MG95,83.32,71.30438500642776
2025-09-15,MG92,81.06,71.50722689330578
2025-09-16,MG95,83.4,72.51986871957779
2025-09-16,MG92,81.14,72.39416512548924
2025-09-17,MG95,83.21,72.2079396188259
2025-09-17,MG92,81.74,72.05803883492948
2025-07-24,MG95,78.14,77.42124139070512
2025-07-24,MG92,76.45,75.44643290698528
2025-07-25,MG95,78.22,77.30879516124726
2025-07-25,MG92,76.53,75.03506209552287
2025-07-28,MG95,77.92,75.87062271475793
2025-07-28,MG92,76.23,73.38959236264228
2025-07-29,MG95,79.49,77.91171657323838
2025-07-29,MG92,77.8,75.5956386065483
2025-07-30,MG95,81.72,76.89496190667153
2025-07-30,MG92,80.03,74.350337433815
2025-07-31,MG95,82.4,78.58205598831178
2025-07-31,MG92,80.71,76.05743981838225
2025-08-01,MG95,81.46,76.88261114954949
2025-08-01,MG92,79.77,74.65667193710803
2025-08-04,MG95,79.18,77.82657831907272
2025-08-04,MG92,77.49,74.95217804789543
2025-08-05,MG95,79.02,77.76104838848114
2025-08-05,MG92,77.33,75.72905665397643
2025-08-06,MG95,78.93,76.29314110279084
2025-08-06,MG92,77.24,74.51177687466144
2025-08-07,MG95,77.92,78.17789795398713
2025-08-07,MG92,76.23,76.05672813534736
2025-08-08,MG95,78.6,77.07526361942291
2025-08-08,MG92,76.45,74.71101208984851
2025-08-11,MG95,79.23,76.99336732387543
2025-08-11,MG92,77.08,74.80644518136978
2025-08-12,MG95,80.53,77.3098727440834
2025-08-12,MG92,78.38,74.5438791847229
2025-08-13,MG95,79.43,77.33684915542604
2025-08-13,MG92,77.01,75.25089574098587
2025-08-14,MG95,79.84,77.2951365685463
2025-08-14,MG92,77.42,75.34984670877456
2025-08-15,MG95,80.6,77.86283852100372
2025-08-15,MG92,78.18,75.20185267210006
2025-08-18,MG95,79.42,77.13223735809326
2025-08-18,MG92,76.71,74.4000966900587
2025-08-19,MG95,79.65,76.281706751585
2025-08-19,MG92,76.94,73.93276867389679
2025-08-20,MG95,80.77,78.32055334329606
2025-08-20,MG92,78.16,75.87842901349067
2025-08-21,MG95,81.77,77.10370443820953
2025-08-21,MG92,79.01,74.6712479263544
2025-08-22,MG95,82.69,75.5000815808773
2025-08-22,MG92,79.93,72.89931482076645
2025-08-25,MG95,81.54,75.23578827261925
2025-08-25,MG92,79.6,73.29376739501953
2025-08-26,MG95,81.12,75.88019662380219
2025-08-26,MG92,79.18,72.96916335761546
2025-08-27,MG95,79.35,76.39959615588188
2025-08-27,MG92,77.41,73.76365386664867
2025-08-28,MG95,80.24,75.79029674291611
2025-08-28,MG92,78.3,73.59311118900776
2025-08-29,MG95,81.37,75.53690359950066
2025-08-29,MG92,79.43,72.91375568032264
2025-09-01,MG95,81.25,75.36315487980843
2025-09-01,MG92,79.31,73.06586216390133
2025-09-02,MG95,82.72,74.74639067292215
2025-09-02,MG92,80.78,72.38606973588466
2025-09-03,MG95,82.95,75.98509977340699
2025-09-03,MG92,80.73,73.12310310065746
2025-09-04,MG95,81.45,75.72034595966339
2025-09-04,MG92,79.28,73.47124222576618
2025-09-05,MG95,81.6,75.20523373365403
2025-09-05,MG92,79.24,72.84576742887496
2025-09-08,MG95,81.23,75.34570632696152
2025-09-08,MG92,78.87,72.88523881137371
2025-09-09,MG95,81.58,74.68491319060327
2025-09-09,MG92,79.22,72.30473967969417
2025-09-10,MG95,81.84,74.1577034854889
2025-09-10,MG92,79.48,71.39006031990051
2025-09-11,MG95,82.05,75.0003087925911
2025-09-11,MG92,79.69,72.57419729053973
2025-09-12,MG95,81.4,73.74136047601701
2025-09-12,MG92,79.14,71.43573415517807
2025-09-15,MG95,83.32,75.31676355719567
2025-09-15,MG92,81.06,72.40408702790737
2025-09-16,MG95,83.4,73.18367451786996
2025-09-16,MG92,81.14,70.83042521238326
2025-09-17,MG95,83.21,74.75558696746826
2025-09-17,MG92,81.74,71.97317195892333
2025-09-18,MG95,82.22,73.40218437075616
2025-09-18,MG92,80.53,70.6791204982996
2025-09-19,MG95,80.89,73.8398487842083
2025-09-19,MG92,79.2,71.81798001408576
2025-09-22,MG95,79.8,72.90208922863008
2025-09-22,MG92,77.81,70.42704056560993
2025-09-23,MG95,79.23,73.1506378543377
2025-09-23,MG92,77.24,70.74545115888118
2025-09-24,MG95,80.23,75.76606494426728
2025-09-24,MG92,78.24,72.83788936793803
2025-09-25,MG95,81.05,73.1873723769188
2025-09-25,MG92,79.25,70.65625205039977
2025-09-26,MG95,81.84,72.67798883914948
2025-09-26,MG92,80.15,70.13667839169501
2025-09-29,MG95,81.78,73.57678963065148
2025-09-29,MG92,79.91,70.90880944132805
2025-09-30,MG95,79.2,71.51423621654511
2025-09-30,MG92,77.33,69.82113254785537
2025-10-01,MG95,79.57,72.35332326173783
2025-10-01,MG92,76.94,69.82128569483757
2025-10-02,MG95,78.13,72.61833495855332
2025-10-02,MG92,76.23,69.87082423925399
2025-10-03,MG95,77.05,72.44967482447625
2025-10-03,MG92,75.25,70.01045825242996
2025-10-06,MG95,78.05,74.51440642952919
2025-10-06,MG92,75.75,72.16985322296618
2025-10-07,MG95,78.93,72.2512384057045
2025-10-07,MG92,76.47,70.07732492744923
2025-10-08,MG95,79.45,72.7637487757206
2025-10-08,MG92,76.99,70.10313469827175
2025-10-09,MG95,80.3,72.4925294649601
2025-10-09,MG92,77.55,69.67265654861926
2025-10-10,MG95,79.46,71.70056594610215
2025-10-10,MG92,76.59,68.82203316628933
2025-10-13,MG95,78.69,72.75704842090607
2025-10-13,MG92,75.95,70.10481481075286
2025-10-14,MG95,78.36,72.36662726521493
2025-10-14,MG92,75.62,69.75326140880584
2025-10-15,MG95,78.5,73.68339665055275
2025-10-15,MG92,75.76,70.82197960674762
2025-08-21,MG95,81.77,80.47327264368533
2025-08-21,MG92,79.01,77.8912443113327
2025-08-22,MG95,82.69,81.17365704417229
2025-08-22,MG92,79.93,78.82524358749389
2025-08-25,MG95,81.54,83.0714700436592
2025-08-25,MG92,79.6,80.57840520858764
2025-08-26,MG95,81.12,87.12858777761458
2025-08-26,MG92,79.18,84.5794170665741
2025-08-27,MG95,79.35,86.57122081160544
2025-08-27,MG92,77.41,83.75621562957764
2025-08-28,MG95,80.24,84.98903116703033
2025-08-28,MG92,78.3,82.40218338966369
2025-08-29,MG95,81.37,80.90641707420349
2025-08-29,MG92,79.43,78.5719780731201
2025-09-01,MG95,81.25,85.36477509021759
2025-09-01,MG92,79.31,82.90332896232604
2025-09-02,MG95,82.72,88.31509280443191
2025-09-02,MG92,80.78,85.72585767745971
2025-09-03,MG95,82.95,85.90462775230408
2025-09-03,MG92,80.73,83.34397666931152
2025-09-04,MG95,81.45,85.9054365491867
2025-09-04,MG92,79.28,83.54556789398193
2025-09-05,MG95,81.6,85.57022875547409
2025-09-05,MG92,79.24,83.70624642372131
2025-09-08,MG95,81.23,87.21814277529717
2025-09-08,MG92,78.87,85.01355191230773
2025-09-09,MG95,81.58,86.83711278676986
2025-09-09,MG92,79.22,85.05431552886962
2025-09-10,MG95,81.84,86.36100102186202
2025-09-10,MG92,79.48,84.18679122924804
2025-09-11,MG95,82.05,87.65463312149048
2025-09-11,MG92,79.69,85.77827735900878
2025-09-12,MG95,81.4,89.89247781038284
2025-09-12,MG92,79.14,87.49134621620178
2025-09-15,MG95,83.32,87.56720602989196
2025-09-15,MG92,81.06,85.2522170639038
2025-09-16,MG95,83.4,87.97064161777496
2025-09-16,MG92,81.14,85.61092757225036
2025-09-17,MG95,83.21,89.19094280004501
2025-09-17,MG92,81.74,86.79527135848998
2025-09-18,MG95,82.22,86.34383334517479
2025-09-18,MG92,80.53,84.08287428855895
2025-09-19,MG95,80.89,89.85359778881073
2025-09-19,MG92,79.2,87.63729393959045
2025-09-22,MG95,79.8,89.19618072271346
2025-09-22,MG92,77.81,86.83494483947753
2025-09-23,MG95,79.23,91.48344867825507
2025-09-23,MG92,77.24,88.99298467636108
2025-09-24,MG95,80.23,91.30564816355705
2025-09-24,MG92,78.24,88.43897218704224
2025-09-25,MG95,81.05,91.99937443256378
2025-09-25,MG92,79.25,89.32667797088622
2025-09-26,MG95,81.84,93.27909330010414
2025-09-26,MG92,80.15,90.04393127441406
2025-09-29,MG95,81.78,90.48930251002311
2025-09-29,MG92,79.91,87.86549565315246
2025-09-30,MG95,79.2,91.75979724168776
2025-09-30,MG92,77.33,88.89641916275023
2025-10-01,MG95,79.57,92.85812415122986
2025-10-01,MG92,76.94,90.09004307746886
2025-10-02,MG95,78.13,92.46660868883133
2025-10-02,MG92,76.23,89.52634981155396
2025-10-03,MG95,77.05,91.9959948170185
2025-10-03,MG92,75.25,89.06873512268066
2025-10-06,MG95,78.05,95.77270074605941
2025-10-06,MG92,75.75,92.53010191917419
2025-10-07,MG95,78.93,96.45778059124946
2025-10-07,MG92,76.47,93.01432709693908
2025-10-08,MG95,79.45,97.17225635170936
2025-10-08,MG92,76.99,94.03249508857726
2025-10-09,MG95,80.3,95.63111314892768
2025-10-09,MG92,77.55,92.82083269119262
2025-10-10,MG95,79.46,96.70333710193634
2025-10-10,MG92,76.59,93.21982231140136
2025-10-13,MG95,78.69,99.8024349284172
2025-10-13,MG92,75.95,96.2430477809906
2025-10-14,MG95,78.36,97.96892128109931
2025-10-14,MG92,75.62,93.96029457092284
2025-10-15,MG95,78.5,98.33923471093178
2025-10-15,MG92,75.76,95.04380547523498
2025-10-16,MG95,78.98,95.86053223609923
2025-10-16,MG92,76.24,92.70383412361144
2025-10-17,MG95,77.59,100.67763018369673
2025-10-17,MG92,74.81,96.25683753013611
2025-10-20,MG95,77.59,99.26193715453148
2025-10-20,MG92,74.81,95.19660148620605
2025-10-21,MG95,77.65,97.24807143092156
2025-10-21,MG92,74.87,93.16592116355896
2025-10-22,MG95,78.59,96.95504624605178
2025-10-22,MG92,75.58,93.45277589797973
2025-10-23,MG95,81.1,103.27446514606476
2025-10-23,MG92,78.09,98.74006387710571
2025-10-24,MG95,82.82,99.1252504813671
2025-10-24,MG92,79.91,94.99638923645018
2025-10-27,MG95,82.51,100.57503815054893
2025-10-27,MG92,79.91,96.1407241153717
2025-10-28,MG95,82.08,101.44210692286491
2025-10-28,MG92,79.26,97.17326885223389
2025-10-29,MG95,82.28,101.69504851937293
2025-10-29,MG92,79.46,97.70806886672973
2025-10-30,MG95,82.62,97.93787888646125
2025-10-30,MG92,79.8,93.87877665519714
2025-10-31,MG95,81.78,95.77704321503639
2025-10-31,MG92,78.96,91.93778560638427
2025-11-03,MG95,82.63,96.92576587319374
2025-11-03,MG92,79.81,92.91139780044556
2025-11-04,MG95,81.13,97.12411368012428
2025-11-04,MG92,78.41,93.56523689270018
2025-11-05,MG95,80.8,103.65119117975235
2025-11-05,MG92,78.08,99.18026434898375
2025-11-06,MG95,81.25,98.13874936938285
2025-11-06,MG92,78.53,94.24152159690857
2025-11-07,MG95,81.88,98.83732841968536
2025-11-07,MG92,79.16,95.14794603347778
2025-11-10,MG95,82.8,99.9663029539585
2025-11-10,MG92,80.08,96.24530259132385
2025-11-11,MG95,83.15,99.91828545331954
2025-11-11,MG92,80.06,96.52689299583434
2025-11-12,MG95,83.79,99.05159219384193
2025-11-12,MG92,81.48,95.24724154472351
2025-09-18,MG95,82.22,82.83703533232212
2025-09-18,MG92,80.53,81.48126312494277
2025-09-19,MG95,80.89,83.07773961365223
2025-09-19,MG92,79.2,82.12436842441558
2025-09-22,MG95,79.8,81.30318782031536
2025-09-22,MG92,77.81,79.65089924573898
2025-09-23,MG95,79.23,82.18947177648543
2025-09-23,MG92,77.24,80.86257670879364
2025-09-24,MG95,80.23,81.48557096004485
2025-09-24,MG92,78.24,80.55988876700401
2025-09-25,MG95,81.05,82.54525603473186
2025-09-25,MG92,79.25,81.68916467905044
2025-09-26,MG95,81.84,83.46295474648475
2025-09-26,MG92,80.15,82.34293009757995
2025-09-29,MG95,81.78,82.6888493412733
2025-09-29,MG92,79.91,81.58708965420722
2025-09-30,MG95,79.2,82.35603842496872
2025-09-30,MG92,77.33,80.95496115922927
2025-10-01,MG95,79.57,82.72595287561415
2025-10-01,MG92,76.94,81.90864230394362
2025-10-02,MG95,78.13,81.0260942018032
2025-10-02,MG92,76.23,80.41395037293434
2025-10-03,MG95,77.05,81.47158955872058
2025-10-03,MG92,75.25,80.99819115757941
2025-10-06,MG95,78.05,82.39079106032848
2025-10-06,MG92,75.75,81.5465734064579
2025-10-07,MG95,78.93,80.16885922312736
2025-10-07,MG92,76.47,78.2769278037548
2025-10-08,MG95,79.45,82.91878114879131
2025-10-08,MG92,76.99,82.06146982431412
2025-10-09,MG95,80.3,80.97245005965232
2025-10-09,MG92,77.55,79.26392425656319
2025-10-10,MG95,79.46,81.7081326496601
2025-10-10,MG92,76.59,80.78192423582077
2025-10-13,MG95,78.69,80.91486791372299
2025-10-13,MG92,75.95,80.11464365720748
2025-10-14,MG95,78.36,81.82050958871841
2025-10-14,MG92,75.62,80.85275458812713
2025-10-15,MG95,78.5,82.08569992125034
2025-10-15,MG92,75.76,81.16277014374732
2025-10-16,MG95,78.98,80.60626530528067
2025-10-16,MG92,76.24,79.53072443008422
2025-10-17,MG95,77.59,81.62944200992584
2025-10-17,MG92,74.81,80.26212650179862
2025-10-20,MG95,77.59,81.7096999156475
2025-10-20,MG92,74.81,81.38733422398566
2025-10-21,MG95,77.65,80.45533659875392
2025-10-21,MG92,74.87,79.35607484698295
2025-10-22,MG95,78.59,80.09734031319617
2025-10-22,MG92,75.58,79.74545177340507
2025-10-23,MG95,81.1,81.88542217493057
2025-10-23,MG92,78.09,81.32485462307929
2025-10-24,MG95,82.82,79.6257767599821
2025-10-24,MG92,79.91,79.85774355769156
2025-10-27,MG95,82.51,82.23710971891879
2025-10-27,MG92,79.91,81.01376720905303
2025-10-28,MG95,82.08,80.56982141137122
2025-10-28,MG92,79.26,79.57354030132294
2025-10-29,MG95,82.28,79.54645127832889
2025-10-29,MG92,79.46,78.68155435204505
2025-10-30,MG95,82.62,80.08536263167858
2025-10-30,MG92,79.8,78.81649158120155
2025-10-31,MG95,81.78,79.48421197175979
2025-10-31,MG92,78.96,79.43423768520354
2025-11-03,MG95,82.63,81.20621075749396
2025-11-03,MG92,79.81,80.83329548597335
2025-11-04,MG95,81.13,80.54168501913547
2025-11-04,MG92,78.41,80.21511576652526
2025-11-05,MG95,80.8,78.69769739091396
2025-11-05,MG92,78.08,78.94214749097823
2025-11-06,MG95,81.25,77.55766017615795
2025-11-06,MG92,78.53,77.89214038014411
2025-11-07,MG95,81.88,78.26583625614643
2025-11-07,MG92,79.16,77.95990619182587
2025-11-10,MG95,82.8,79.55297328710556
2025-11-10,MG92,80.08,79.3260335791111
2025-11-11,MG95,83.15,80.33467199683189
2025-11-11,MG92,80.06,79.69261402606963
2025-11-12,MG95,83.79,78.61724109709262
2025-11-12,MG92,81.48,78.07057557225227
2025-11-13,MG95,81.53,78.28104270398616
2025-11-13,MG92,79.22,77.92550440907478
2025-11-14,MG95,83.15,76.46596518158913
2025-11-14,MG92,80.31,75.70276727199554
2025-11-17,MG95,83.32,77.01566388785838
2025-11-17,MG92,80.48,76.8866641139984
2025-11-18,MG95,82.73,77.74000363826751
2025-11-18,MG92,79.89,76.99651985645293
2025-11-19,MG95,81.03,77.76809043347835
2025-11-19,MG92,78.17,77.13098449349403
2025-11-20,MG95,79.42,78.15065708518027
2025-11-20,MG92,76.56,77.29061831474304
2025-11-21,MG95,79.01,76.8875101351738
2025-11-21,MG92,76.15,77.00726767301559
2025-11-24,MG95,78.93,76.27589450299739
2025-11-24,MG92,76.07,75.89098560810089
2025-11-25,MG95,79.26,78.32311586022377
2025-11-25,MG92,76.4,77.60060950994492
2025-11-26,MG95,81.16,77.50838057219981
2025-11-26,MG92,78.3,77.62596383333205
2025-11-27,MG95,81.44,77.45306005060672
2025-11-27,MG92,78.52,76.67964440703392
2025-11-28,MG95,81.86,75.80013008177279
2025-11-28,MG92,79.04,75.76900812149047
2025-12-01,MG95,82.51,76.65505383908749
2025-12-01,MG92,79.78,76.58033185362815
2025-12-02,MG95,82.55,75.16202467858791
2025-12-02,MG92,80.7,74.84922693490982
2025-12-03,MG95,80.8,74.40759937286376
2025-12-03,MG92,79.51,73.63244840025901
2025-12-04,MG95,80.04,77.03270542562008
2025-12-04,MG92,78.67,76.22835304141044
2025-12-05,MG95,79.94,75.5313737231493
2025-12-05,MG92,78.57,75.60239260435104
2025-12-08,MG95,80.6,76.69112079560756
2025-12-08,MG92,79.38,76.61280429124832
2025-12-09,MG95,79.45,76.32687032520771
2025-12-09,MG92,77.63,75.48665138483047
2025-12-10,MG95,79.42,76.14763659656047
2025-12-10,MG92,77.59,75.57621977090835
2025-10-16,MG95,78.98,77.8837288916111
2025-10-16,MG92,76.24,74.7420645904541
2025-10-17,MG95,77.59,78.88467639684677
2025-10-17,MG92,74.81,74.68859480381012
2025-10-20,MG95,77.59,77.83862367272377
2025-10-20,MG92,74.81,74.20985936164857
2025-10-21,MG95,77.65,79.33450269699097
2025-10-21,MG92,74.87,75.89992186546326
2025-10-22,MG95,78.59,78.75391805171967
2025-10-22,MG92,75.58,75.64435425758363
2025-10-23,MG95,81.1,78.37280702590942
2025-10-23,MG92,78.09,75.53605547428131
2025-10-24,MG95,82.82,78.25950589776039
2025-10-24,MG92,79.91,74.62470290184021
2025-10-27,MG95,82.51,80.54011279344559
2025-10-27,MG92,79.91,76.31629169464112
2025-10-28,MG95,82.08,78.69543099403381
2025-10-28,MG92,79.26,75.47886930942536
2025-10-29,MG95,82.28,79.70214766263962
2025-10-29,MG92,79.46,75.7380268573761
2025-10-30,MG95,82.62,79.16906386613846
2025-10-30,MG92,79.8,75.16658064842224
2025-10-31,MG95,81.78,77.42354336380959
2025-10-31,MG92,78.96,73.94149892330171
2025-11-03,MG95,82.63,78.45360806584358
2025-11-03,MG92,79.81,75.03298972129822
2025-11-04,MG95,81.13,79.36180913448334
2025-11-04,MG92,78.41,75.12746159076691
2025-11-05,MG95,80.8,79.06844741106033
2025-11-05,MG92,78.08,75.92005262374879
2025-11-06,MG95,81.25,81.10627686977386
2025-11-06,MG92,78.53,77.88991370201111
2025-11-07,MG95,81.88,79.88444012403488
2025-11-07,MG92,79.16,75.73553873538971
2025-11-10,MG95,82.8,79.3307033777237
2025-11-10,MG92,80.08,75.28503512382508
2025-11-11,MG95,83.15,78.41948437690735
2025-11-11,MG92,80.06,75.51892310619355
2025-11-12,MG95,83.79,80.45643419027328
2025-11-12,MG92,81.48,76.69754784584046
2025-11-13,MG95,81.53,79.19943970441818
2025-11-13,MG92,79.22,75.30435306549073
2025-11-14,MG95,83.15,80.10294777154922
2025-11-14,MG92,80.31,76.01040170669556
2025-11-17,MG95,83.32,79.19687563180923
2025-11-17,MG92,80.48,75.60799426078798
2025-11-18,MG95,82.73,79.25874090194702
2025-11-18,MG92,79.89,75.74857089519502
2025-11-19,MG95,81.03,79.48068290948868
2025-11-19,MG92,78.17,75.92411670684815
2025-11-20,MG95,79.42,79.49157553911209
2025-11-20,MG92,76.56,76.20629051208496
2025-11-21,MG95,79.01,77.47372058033943
2025-11-21,MG92,76.15,74.71282125473023
2025-11-24,MG95,78.93,78.3361988067627
2025-11-24,MG92,76.07,74.70868943691254
2025-11-25,MG95,79.26,76.44004839658737
2025-11-25,MG92,76.4,73.80905497074127
2025-11-26,MG95,81.16,78.42405572533607
2025-11-26,MG92,78.3,74.57855749607087
2025-11-27,MG95,81.44,77.13352710008621
2025-11-27,MG92,78.52,74.42992946147919
2025-11-28,MG95,81.86,76.64764937758446
2025-11-28,MG92,79.04,73.36117043495179
2025-12-01,MG95,82.51,77.06238812208176
2025-12-01,MG92,79.78,74.36020334243774
2025-12-02,MG95,82.55,77.59409630298615
2025-12-02,MG92,80.7,74.4108960056305
2025-12-03,MG95,80.8,77.08973199129105
2025-12-03,MG92,79.51,74.60632421493531
2025-12-04,MG95,80.04,77.2329363822937
2025-12-04,MG92,78.67,74.26134226322175
2025-12-05,MG95,79.94,76.60526731610298
2025-12-05,MG92,78.57,73.74968323230743
2025-12-08,MG95,80.6,76.98512437939644
2025-12-08,MG92,79.38,73.96034723758699
2025-12-09,MG95,79.45,77.02734735608101
2025-12-09,MG92,77.63,73.84390674114228
2025-12-10,MG95,79.42,75.89504727721214
2025-12-10,MG92,77.59,73.59935279846192
2025-12-11,MG95,79.63,75.43795454502106
2025-12-11,MG92,77.61,72.68317299842835
2025-12-12,MG95,79.25,75.25329452753067
2025-12-12,MG92,77.61,73.48527850151062
2025-12-15,MG95,78.52,75.99476537108421
2025-12-15,MG92,77.43,73.5495677804947
2025-12-16,MG95,75.72,75.63960388302803
2025-12-16,MG92,74.64,72.65019070625306
2025-12-17,MG95,74.53,74.86142188310623
2025-12-17,MG92,74.27,72.3621510744095
2025-12-18,MG95,74.63,74.01384148001671
2025-12-18,MG92,74.15,71.8126147890091
2025-12-19,MG95,73.56,74.75371679663658
2025-12-19,MG92,73.15,71.65805770874024
2025-12-22,MG95,74.61,77.18676435947418
2025-12-22,MG92,73.33,74.62175869941711
2025-12-23,MG95,74.56,75.36326891183853
2025-12-23,MG92,73.28,73.18280234336854
2025-12-24,MG95,74.49,75.56085222959518
2025-12-24,MG92,73.21,72.28673975467683
2025-12-25,MG95,74.49,76.16504693031311
2025-12-25,MG92,73.21,73.25675059318543
2025-12-26,MG95,74.54,74.37527745962143
2025-12-26,MG92,72.58,71.85447936058046
2025-12-29,MG95,73.6,74.48072728514671
2025-12-29,MG92,71.54,71.79994839668275
2025-12-30,MG95,73.8,75.00174403190613
2025-12-30,MG92,71.74,72.88712223529816
2025-12-31,MG95,73.81,76.57961255311966
2025-12-31,MG92,71.75,73.51707317829133
2026-01-01,MG95,73.81,72.93455874919891
2026-01-01,MG92,71.75,71.19481997013092
2026-01-02,MG95,72.58,75.73610284924507
2026-01-02,MG92,71.57,73.11556886196136
2026-01-05,MG95,71.36,75.38341185450554
2026-01-05,MG92,70.2,72.30661763668061
2026-01-06,MG95,72.57,74.05008941888809
2026-01-06,MG92,71.21,71.79053778648377
2026-01-07,MG95,70.58,74.3096549808979
2026-01-07,MG92,69.56,71.92187992095948
2025-11-13,MG95,81.53,81.00128775000573
2025-11-13,MG92,79.22,79.07584400653839
2025-11-14,MG95,83.15,81.65049831569195
2025-11-14,MG92,80.31,78.93578005313874
2025-11-17,MG95,83.32,83.1770079034567
2025-11-17,MG92,80.48,80.49244228363038
2025-11-18,MG95,82.73,84.11371879935265
2025-11-18,MG92,79.89,80.84136373758317
2025-11-19,MG95,81.03,83.82586887001992
2025-11-19,MG92,78.17,80.66801274061203
2025-11-20,MG95,79.42,81.25102138638498
2025-11-20,MG92,76.56,78.49986742258072
2025-11-21,MG95,79.01,80.9883475881815
2025-11-21,MG92,76.15,78.2253634428978
2025-11-24,MG95,78.93,81.61983347833157
2025-11-24,MG92,76.07,79.22428557157517
2025-11-25,MG95,79.26,82.4510353589058
2025-11-25,MG92,76.4,79.82428768873216
2025-11-26,MG95,81.16,80.23716894686223
2025-11-26,MG92,78.3,77.70110464811326
2025-11-27,MG95,81.44,81.5811178725958
2025-11-27,MG92,78.52,78.46579361200332
2025-11-28,MG95,81.86,81.7617807108164
2025-11-28,MG92,79.04,78.77574095964432
2025-12-01,MG95,82.51,81.20444479465485
2025-12-01,MG92,79.78,78.39573735237121
2025-12-02,MG95,82.55,81.25591577410698
2025-12-02,MG92,80.7,79.09291005134583
2025-12-03,MG95,80.8,79.40146223187448
2025-12-03,MG92,79.51,77.72805384635926
2025-12-04,MG95,80.04,80.81851732850076
2025-12-04,MG92,78.67,78.71022560834885
2025-12-05,MG95,79.94,81.73607518672944
2025-12-05,MG92,78.57,79.99521039247513
2025-12-08,MG95,80.6,80.18059881448747
2025-12-08,MG92,79.38,78.22772860050202
2025-12-09,MG95,79.45,81.6882100725174
2025-12-09,MG92,77.63,78.73517389297486
2025-12-10,MG95,79.42,80.97055798709393
2025-12-10,MG92,77.59,79.62321529626847
2025-12-11,MG95,79.63,80.18687661588193
2025-12-11,MG92,77.61,77.4844037604332
2025-12-12,MG95,79.25,78.98180344462395
2025-12-12,MG92,77.61,78.15399104833604
2025-12-15,MG95,78.52,79.60469918489457
2025-12-15,MG92,77.43,78.01015352725983
2025-12-16,MG95,75.72,77.94923746347428
2025-12-16,MG92,74.64,75.79836692333222
2025-12-17,MG95,74.53,79.52833175361157
2025-12-17,MG92,74.27,78.17221781730652
2025-12-18,MG95,74.63,79.08201353609563
2025-12-18,MG92,74.15,77.04270693540573
2025-12-19,MG95,73.56,78.32068653166294
2025-12-19,MG92,73.15,76.37958376407623
2025-12-22,MG95,74.61,78.27992327392101
2025-12-22,MG92,73.33,76.82661312103272
2025-12-23,MG95,74.56,80.6357419127226
2025-12-23,MG92,73.28,79.26824253559113
2025-12-24,MG95,74.49,78.2898019462824
2025-12-24,MG92,73.21,77.86666082382203
2025-12-25,MG95,74.49,78.30987892448903
2025-12-25,MG92,73.21,77.21081281900406
2025-12-26,MG95,74.54,78.30802604913713
2025-12-26,MG92,72.58,77.95145196676255
2025-12-29,MG95,73.6,77.9025410091877
2025-12-29,MG92,71.54,78.31459836244584
2025-12-30,MG95,73.8,78.3492637628317
2025-12-30,MG92,71.74,76.35047338485718
2025-12-31,MG95,73.81,79.22850056290628
2025-12-31,MG92,71.75,76.99707930564881
2026-01-01,MG95,73.81,77.71344783782959
2026-01-01,MG92,71.75,77.32526799201966
2026-01-02,MG95,72.58,78.71924950897694
2026-01-02,MG92,71.57,78.47460345983505
2026-01-05,MG95,71.36,77.88205949485302
2026-01-05,MG92,70.2,77.34233889341355
2026-01-06,MG95,72.57,79.07686943471433
2026-01-06,MG92,71.21,78.47643924951554
2026-01-07,MG95,70.58,78.55796445071698
2026-01-07,MG92,69.56,77.55679118156434
2026-01-08,MG95,71.16,78.74998926043511
2026-01-08,MG92,69.91,77.6133946967125
2026-01-09,MG95,73.03,78.02308778107167
2026-01-09,MG92,71.94,76.50756453037262
2026-01-12,MG95,72.9,77.39542750418187
2026-01-12,MG92,71.81,76.3923128771782
2026-01-13,MG95,73.45,77.22296026825906
2026-01-13,MG92,72.36,76.01057061195374
2026-01-14,MG95,73.42,78.24541284620763
2026-01-14,MG92,71.84,76.56314816236497
2026-01-15,MG95,72.55,78.29839709043503
2026-01-15,MG92,71.4,77.18132848262788
2026-01-16,MG95,71.76,74.72641799390317
2026-01-16,MG92,70.44,73.97472842216492
2026-01-19,MG95,71.95,76.67147264599801
2026-01-19,MG92,70.6,76.15767661571503
2026-01-20,MG95,72.36,76.92613563001156
2026-01-20,MG92,70.99,76.29911012649536
2026-01-21,MG95,73.22,77.46108221948147
2026-01-21,MG92,71.85,76.0451932168007
2026-01-22,MG95,73.64,77.54662912487984
2026-01-22,MG92,72.27,76.4802510881424
2026-01-23,MG95,73.5,76.09219189345838
2026-01-23,MG92,70.76,76.1182168507576
2026-01-26,MG95,73.88,77.57184021592141
2026-01-26,MG92,71.64,76.35543681621552
2026-01-27,MG95,72.35,76.47366946220399
2026-01-27,MG92,70.21,75.24876646041871
2026-01-28,MG95,74.54,76.65498155593873
2026-01-28,MG92,72.46,75.75023815155029
2026-01-29,MG95,75.75,77.44935566604138
2026-01-29,MG92,73.67,76.64582183361054
2026-01-30,MG95,75.44,76.9108981025219
2026-01-30,MG92,73.43,76.79742989301683
2026-02-02,MG95,72.54,78.08861763954164
2026-02-02,MG92,70.93,76.756401450634
2026-02-03,MG95,72.82,76.81341987848282
2026-02-03,MG92,71.15,75.10574484586716
2026-02-04,MG95,74.68,75.41977294027807
2026-02-04,MG92,72.95,74.69044356822968
2025-12-11,MG95,79.63,78.24632034301759
2025-12-11,MG92,77.61,76.77893433570863
2025-12-12,MG95,79.25,77.53965854644775
2025-12-12,MG92,77.61,76.30132979869843
2025-12-15,MG95,78.52,80.31744343996048
2025-12-15,MG92,77.43,77.57316600322724
2025-12-16,MG95,75.72,78.0890540099144
2025-12-16,MG92,74.64,75.54516423761845
2025-12-17,MG95,74.53,77.53965381264686
2025-12-17,MG92,74.27,76.3360337305069
2025-12-18,MG95,74.63,77.86691566944123
2025-12-18,MG92,74.15,75.76184644937516
2025-12-19,MG95,73.56,79.65182369709015
2025-12-19,MG92,73.15,77.42745943665504
2025-12-22,MG95,74.61,78.28027589678764
2025-12-22,MG92,73.33,77.06531576871872
2025-12-23,MG95,74.56,77.50005083441735
2025-12-23,MG92,73.28,75.94040705800057
2025-12-24,MG95,74.49,76.73737397193909
2025-12-24,MG92,73.21,75.57351842284203
2025-12-25,MG95,74.49,77.58172310113908
2025-12-25,MG92,73.21,76.05180741906166
2025-12-26,MG95,74.54,78.79628859639168
2025-12-26,MG92,72.58,76.73391726851463
2025-12-29,MG95,73.6,78.08439121603966
2025-12-29,MG92,71.54,76.17867285847665
2025-12-30,MG95,73.8,78.75541695952415
2025-12-30,MG92,71.74,77.1114612686634
2025-12-31,MG95,73.81,77.41861999154091
2025-12-31,MG92,71.75,75.35166576921941
2026-01-01,MG95,73.81,77.8705748975277
2026-01-01,MG92,71.75,75.25702540934086
2026-01-02,MG95,72.58,76.76008201479912
2026-01-02,MG92,71.57,75.07745661079883
2026-01-05,MG95,71.36,76.38232470393181
2026-01-05,MG92,70.2,74.52889492750168
2026-01-06,MG95,72.57,76.32678301811218
2026-01-06,MG92,71.21,74.38242990612984
2026-01-07,MG95,70.58,75.71612270355224
2026-01-07,MG92,69.56,74.35166161477567
2026-01-08,MG95,71.16,75.20644382953644
2026-01-08,MG92,69.91,73.82270413815975
2026-01-09,MG95,73.03,77.61205256342888
2026-01-09,MG92,71.94,76.0508963483572
2026-01-12,MG95,72.9,76.52994355082512
2026-01-12,MG92,71.81,74.56122175097465
2026-01-13,MG95,73.45,76.4881582903862
2026-01-13,MG92,72.36,74.6693339329958
2026-01-14,MG95,73.42,76.19310048103333
2026-01-14,MG92,71.84,74.2391975671053
2026-01-15,MG95,72.55,75.53419800162315
2026-01-15,MG92,71.4,73.97511193037033
2026-01-16,MG95,71.76,76.70043138980866
2026-01-16,MG92,70.44,74.61628834426404
2026-01-19,MG95,71.95,74.95236653447151
2026-01-19,MG92,70.6,73.07757779419423
2026-01-20,MG95,72.36,76.85718647241593
2026-01-20,MG92,70.99,75.1318618685007
2026-01-21,MG95,73.22,76.44447004199029
2026-01-21,MG92,71.85,75.09305580615998
2026-01-22,MG95,73.64,77.15835561871529
2026-01-22,MG92,72.27,74.95746351182461
2026-01-23,MG95,73.5,76.59592326760293
2026-01-23,MG92,70.76,73.77521284341813
2026-01-26,MG95,73.88,74.71344213604927
2026-01-26,MG92,71.64,72.5784544146061
2026-01-27,MG95,72.35,77.2570837700367
2026-01-27,MG92,70.21,75.45261425316335
2026-01-28,MG95,74.54,74.91056707262993
2026-01-28,MG92,72.46,72.73562104821205
2026-01-29,MG95,75.75,76.2787964785099
2026-01-29,MG92,73.67,74.8970368629694
2026-01-30,MG95,75.44,74.6203708767891
2026-01-30,MG92,73.43,71.98580060899258
2026-02-02,MG95,72.54,76.23278393387794
2026-02-02,MG92,70.93,73.2164767664671
2026-02-03,MG95,72.82,76.95217965483666
2026-02-03,MG92,71.15,74.09306090116502
2026-02-04,MG95,74.68,75.91707255125046
2026-02-04,MG92,72.95,73.57489753127098
2026-02-05,MG95,75.06,77.04841782689094
2026-02-05,MG92,73.33,74.03792493700982
2026-02-06,MG95,75.24,74.62268097162247
2026-02-06,MG92,73.51,72.39538007497788
2026-02-09,MG95,76.56,76.629793612957
2026-02-09,MG92,74.83,74.06641786396504
2026-02-10,MG95,78.41,75.26194291114807
2026-02-10,MG92,76.68,73.71894382178783
2026-02-11,MG95,77.63,73.91091613769531
2026-02-11,MG92,75.55,71.89982698261738
2026-02-12,MG95,77.16,74.35057736277581
2026-02-12,MG92,74.83,72.23319099068642
2026-02-13,MG95,73.85,75.1231904733181
2026-02-13,MG92,71.58,72.25361839830876
2026-02-16,MG95,73.8,73.73902235984802
2026-02-16,MG92,71.79,72.0966460031271
2026-02-17,MG95,73.8,73.6862168109417
2026-02-17,MG92,71.79,70.92789490520954
2026-02-18,MG95,73.8,73.7659955573082
2026-02-18,MG92,71.79,71.3399439740181
2026-02-19,MG95,78.09,74.61387136816978
2026-02-19,MG92,76.08,73.05010693132877
2026-02-20,MG95,79.95,75.14980863571166
2026-02-20,MG92,77.63,73.17189904808998
2026-02-23,MG95,79.75,74.3241722214222
2026-02-23,MG92,77.43,72.30168778359891
2026-02-24,MG95,81.35,73.59357159376144
2026-02-24,MG92,78.89,71.68952689051629
2026-02-25,MG95,81.46,75.81573134183884
2026-02-25,MG92,79.0,73.49638358533383
2026-02-26,MG95,81.74,75.61969044566155
2026-02-26,MG92,79.28,73.06146525442601
2026-02-27,MG95,82.09,73.39282529950142
2026-02-27,MG92,79.63,71.7642393130064
2026-03-02,MG95,92.78,74.91907371282578
2026-03-02,MG92,90.32,72.57378806769849
2026-03-03,MG95,98.65,76.4187323665619
2026-03-03,MG92,95.56,73.16252473175525
2026-03-04,MG95,104.35,72.61250082731247
2026-03-04,MG92,99.68,70.7415231370926
2026-01-08,MG95,71.16,69.80605316758155
2026-01-08,MG92,69.91,67.98473111152649
2026-01-09,MG95,73.03,71.29507132530212
2026-01-09,MG92,71.94,69.44339925527572
2026-01-12,MG95,72.9,69.56236872673034
2026-01-12,MG92,71.81,67.47049873352051
2026-01-13,MG95,73.45,70.93011469841004
2026-01-13,MG92,72.36,68.76249369382859
2026-01-14,MG95,73.42,71.337081387043
2026-01-14,MG92,71.84,69.9675366640091
2026-01-15,MG95,72.55,70.99789620399476
2026-01-15,MG92,71.4,68.78591086149216
2026-01-16,MG95,71.76,68.77595265507698
2026-01-16,MG92,70.44,67.57404755830765
2026-01-19,MG95,71.95,70.18827910184861
2026-01-19,MG92,70.6,68.51054354429245
2026-01-20,MG95,72.36,70.27128957033158
2026-01-20,MG92,70.99,68.36108081817628
2026-01-21,MG95,73.22,70.32284507870673
2026-01-21,MG92,71.85,68.00431728363037
2026-01-22,MG95,73.64,68.59637709975243
2026-01-22,MG92,72.27,67.01163336277008
2026-01-23,MG95,73.5,69.87984212040901
2026-01-23,MG92,70.76,68.71429529190064
2026-01-26,MG95,73.88,69.37429524183273
2026-01-26,MG92,71.64,67.66464811563492
2026-01-27,MG95,72.35,69.47525653481483
2026-01-27,MG92,70.21,67.92105117559433
2026-01-28,MG95,74.54,67.96649120807648
2026-01-28,MG92,72.46,65.99956228256225
2026-01-29,MG95,75.75,69.27153339743614
2026-01-29,MG92,73.67,67.84220480918884
2026-01-30,MG95,75.44,68.42731457710266
2026-01-30,MG92,73.43,66.50337136745453
2026-02-02,MG95,72.54,68.86235388159751
2026-02-02,MG92,70.93,67.14194525718689
2026-02-03,MG95,72.82,67.21072657942771
2026-02-03,MG92,71.15,65.56567715883256
2026-02-04,MG95,74.68,67.98333141207695
2026-02-04,MG92,72.95,66.36293884515763
2026-02-05,MG95,75.06,67.81066357970238
2026-02-05,MG92,73.33,66.70071324586868
2026-02-06,MG95,75.24,69.01989371657372
2026-02-06,MG92,73.51,67.68816064357758
2026-02-09,MG95,76.56,68.58041193008422
2026-02-09,MG92,74.83,67.06985288619995
2026-02-10,MG95,78.41,69.8977424621582
2026-02-10,MG92,76.68,67.93705511808396
2026-02-11,MG95,77.63,67.9203710091114
2026-02-11,MG92,75.55,66.1044295668602
2026-02-12,MG95,77.16,69.76748013973236
2026-02-12,MG92,74.83,68.46277219057083
2026-02-13,MG95,73.85,67.80002013325691
2026-02-13,MG92,71.58,67.19208403348922
2026-02-16,MG95,73.8,67.74135076403617
2026-02-16,MG92,71.79,66.36731712579727
2026-02-17,MG95,73.8,67.30859580397606
2026-02-17,MG92,71.79,65.61353558063507
2026-02-18,MG95,73.8,68.59377303123473
2026-02-18,MG92,71.79,67.44808492183685
2026-02-19,MG95,78.09,67.64412940144538
2026-02-19,MG92,76.08,66.32958347797394
2026-02-20,MG95,79.95,67.37787496447562
2026-02-20,MG92,77.63,65.91377534627915
2026-02-23,MG95,79.75,67.27586194753647
2026-02-23,MG92,77.43,66.44152400732041
2026-02-24,MG95,81.35,68.01290588974952
2026-02-24,MG92,78.89,66.77033868789673
2026-02-25,MG95,81.46,66.88036746382713
2026-02-25,MG92,79.0,65.88567723274231
2026-02-26,MG95,81.74,69.25469319343567
2026-02-26,MG92,79.28,67.49120435237884
2026-02-27,MG95,82.09,66.30345901131629
2026-02-27,MG92,79.63,65.87004229307175
2026-03-02,MG95,92.78,66.75259141683578
2026-03-02,MG92,90.32,65.31486304044724
2026-03-03,MG95,98.65,66.99707096099853
2026-03-03,MG92,95.56,65.28076552152633
2026-03-04,MG95,104.35,66.29451515078544
2026-03-04,MG92,99.68,65.53813462257385
2026-03-05,MG95,110.97,66.55640282988549
2026-03-05,MG92,106.3,65.92262726783753
2026-03-06,MG95,121.36,67.06322439789771
2026-03-06,MG92,113.16,65.82709285259247
2026-03-09,MG95,147.5,66.54241910815239
2026-03-09,MG92,139.3,65.87223143339158
2026-03-10,MG95,127.42,66.51822525024414
2026-03-10,MG92,119.22,65.67223605155945
2026-03-11,MG95,129.17,67.10722432136535
2026-03-11,MG92,116.76,66.60727675676345
2026-03-12,MG95,143.44,66.29923528790474
2026-03-12,MG92,130.12,65.53944064378739
2026-03-13,MG95,149.76,65.08675322055817
2026-03-13,MG92,136.44,64.35582471370697
2026-03-16,MG95,153.48,65.4990163910389
2026-03-16,MG92,140.16,64.9990795493126
2026-03-17,MG95,152.16,66.37302003383637
2026-03-17,MG92,138.84,65.18349803686142
2026-03-18,MG95,153.12,64.780167273283
2026-03-18,MG92,139.8,63.439748265743255
2026-03-19,MG95,165.25,65.48321949720382
2026-03-19,MG92,151.93,64.55310025453568
2026-03-20,MG95,163.93,66.66954729318618
2026-03-20,MG92,150.61,66.35634654760361
2026-03-23,MG95,170.52,65.12875486850739
2026-03-23,MG92,157.2,64.71483128786087
2026-03-24,MG95,146.36,65.02727612733841
2026-03-24,MG92,141.81,63.914928536415104
2026-03-25,MG95,135.6,64.92634007573128
2026-03-25,MG92,131.05,64.69099951028824
2026-03-26,MG95,132.03,65.02295985221862
2026-03-26,MG92,127.48,64.01654942512512
2026-03-27,MG95,135.07,64.25077570915222
2026-03-27,MG92,130.52,63.30423301696778
2026-03-30,MG95,147.0,64.73382410883903
2026-03-30,MG92,139.66,64.25248733997346
2026-03-31,MG95,145.8,65.79048696160316
2026-03-31,MG92,138.46,65.57101318836213
2026-04-01,MG95,143.29,63.73412262558937
2026-04-01,MG92,136.05,62.89181224822998
2026-02-05,MG95,75.06,75.41179849147797
2026-02-05,MG92,73.33,74.6496865928173
2026-02-06,MG95,75.24,73.12627360343934
2026-02-06,MG92,73.51,72.2669172912836
2026-02-09,MG95,76.56,74.43164111852647
2026-02-09,MG92,74.83,73.43602849841118
2026-02-10,MG95,78.41,74.46774095773698
2026-02-10,MG92,76.68,73.51037331819535
2026-02-11,MG95,77.63,74.06603120565416
2026-02-11,MG92,75.55,73.0093175828457
2026-02-12,MG95,77.16,73.9649249482155
2026-02-12,MG92,74.83,72.45577087402344
2026-02-13,MG95,73.85,74.50218937397004
2026-02-13,MG92,71.58,72.49046048521996
2026-02-16,MG95,73.8,73.56173737287521
2026-02-16,MG92,71.79,72.71479069590569
2026-02-17,MG95,73.8,74.52986294984818
2026-02-17,MG92,71.79,72.88126430511475
2026-02-18,MG95,73.8,73.06221530675889
2026-02-18,MG92,71.79,71.71561858057976
2026-02-19,MG95,78.09,73.63232568979264
2026-02-19,MG92,76.08,72.39443574547768
2026-02-20,MG95,79.95,72.31923966407777
2026-02-20,MG92,77.63,71.01969575881958
2026-02-23,MG95,79.75,72.92392309904099
2026-02-23,MG92,77.43,71.2898555636406
2026-02-24,MG95,81.35,71.39257771253587
2026-02-24,MG92,78.89,70.2694513887167
2026-02-25,MG95,81.46,71.5053463101387
2026-02-25,MG92,79.0,70.8692407667637
2026-02-26,MG95,81.74,71.54938722372056
2026-02-26,MG92,79.28,70.82101533710957
2026-02-27,MG95,82.09,72.82529620170594
2026-02-27,MG92,79.63,71.0752260953188
2026-03-02,MG95,92.78,71.71901640653611
2026-03-02,MG92,90.32,69.98016403317452
2026-03-03,MG95,98.65,72.10175037384033
2026-03-03,MG92,95.56,70.12260102033615
2026-03-04,MG95,104.35,72.11018108844758
2026-03-04,MG92,99.68,70.44598228931427
2026-03-05,MG95,110.97,72.09992089986802
2026-03-05,MG92,106.3,69.78701446950436
2026-03-06,MG95,121.36,70.73633516073228
2026-03-06,MG92,113.16,69.19353861808777
2026-03-09,MG95,147.5,70.3602113366127
2026-03-09,MG92,139.3,69.84505369365216
2026-03-10,MG95,127.42,70.43414256095888
2026-03-10,MG92,119.22,68.63544808328152
2026-03-11,MG95,129.17,72.06174676656724
2026-03-11,MG92,116.76,70.33594778180122
2026-03-12,MG95,143.44,70.17462878465653
2026-03-12,MG92,130.12,69.20126094818116
2026-03-13,MG95,149.76,71.4383590745926
2026-03-13,MG92,136.44,68.88764129579067
2026-03-16,MG95,153.48,70.802641351223
2026-03-16,MG92,140.16,69.44090102612972
2026-03-17,MG95,152.16,71.42999512910843
2026-03-17,MG92,138.84,69.13860832750798
2026-03-18,MG95,153.12,70.66816833734514
2026-03-18,MG92,139.8,69.14457400143147
2026-03-19,MG95,165.25,70.69871743679047
2026-03-19,MG92,151.93,68.64141810536385
2026-03-20,MG95,163.93,71.30192304849625
2026-03-20,MG92,150.61,69.23289380371571
2026-03-23,MG95,170.52,71.22728407144547
2026-03-23,MG92,157.2,68.81038320958615
2026-03-24,MG95,146.36,69.48815762519837
2026-03-24,MG92,141.81,67.883812302351
2026-03-25,MG95,135.6,70.35818155527116
2026-03-25,MG92,131.05,67.8927912503481
2026-03-26,MG95,132.03,69.16236881732941
2026-03-26,MG92,127.48,67.20173401832581
2026-03-27,MG95,135.07,69.40965494155884
2026-03-27,MG92,130.52,66.7572043478489
2026-03-30,MG95,147.0,70.28832769870759
2026-03-30,MG92,139.66,68.73168588280679
2026-03-31,MG95,145.8,71.01557698726654
2026-03-31,MG92,138.46,68.46336969733238
2026-04-01,MG95,143.29,70.08847881078721
2026-04-01,MG92,136.05,67.75720696151257
2026-04-02,MG95,151.74,69.36990505695344
2026-04-02,MG92,144.5,67.16263102591039
2026-04-06,MG95,150.88,68.88865102291108
2026-04-06,MG92,141.87,66.64878735542298
2026-04-07,MG95,147.22,70.63135629415513
2026-04-07,MG92,138.21,68.19953646361829
2026-04-08,MG95,125.82,69.9370286345482
2026-04-08,MG92,119.46,66.57100749015808
2026-04-09,MG95,135.04,69.29430905580521
2026-04-09,MG92,130.98,66.63439060151578
2026-04-10,MG95,133.88,70.09539609193803
2026-04-10,MG92,128.17,66.9870436757803
2026-04-13,MG95,135.93,68.46197407007217
2026-04-13,MG92,128.49,65.9435377329588
2026-04-14,MG95,128.99,69.73878220558167
2026-04-14,MG92,123.87,66.86445603370667
2026-04-15,MG95,125.23,69.81922564506532
2026-04-15,MG92,119.01,66.87710482776166
2026-04-16,MG95,122.29,70.46825268030167
2026-04-16,MG92,120.88,67.89920913279057
2026-04-17,MG95,128.19,68.79999498128892
2026-04-17,MG92,122.19,66.6417476862669
2026-04-20,MG95,124.43,69.30107944488526
2026-04-20,MG92,118.67,66.1585150539875
2026-04-21,MG95,123.98,69.71803926467896
2026-04-21,MG92,118.22,66.52685628533364
2026-04-22,MG95,128.89,68.73079546213151
2026-04-22,MG92,124.24,66.74351199567319
2026-04-23,MG95,130.57,68.28675853729249
2026-04-23,MG92,125.92,65.34105249643326
2026-04-24,MG95,131.72,68.33222831010819
2026-04-24,MG92,124.69,65.01849302947521
2026-04-27,MG95,133.04,68.80223397254944
2026-04-27,MG92,128.03,66.30091725587845
2026-04-28,MG95,131.54,68.95289182186127
2026-04-28,MG92,126.52,66.25292227864266
2026-04-29,MG95,134.06,69.08742270231248
2026-04-29,MG92,129.82,65.40079185068608
2026-04-30,MG95,137.61,68.73397812366487
2026-04-30,MG92,134.27,65.73819158375264
