date,product,true,pred,q10,q90
2024-01-10,DO 0.001%,100.67,98.8965455853939,94.95036022007464,102.24246671676634
2024-01-10,DO 0.05%,99.35,97.46616038262843,95.0901978802681,101.5794338452816
2024-01-11,DO 0.001%,100.14,99.80374748587607,94.32958780944347,104.89256247878073
2024-01-11,DO 0.05%,98.77,98.48745933651924,94.17024613916874,103.9531210398674
2024-01-12,DO 0.001%,104.42,100.56314643144607,93.23840872704982,107.55740901112556
2024-01-12,DO 0.05%,103.01,99.28500417470931,92.74061381816864,106.4101391994953
2024-01-15,DO 0.001%,102.12,99.78312711358069,94.29939538002013,104.87827230095863
2024-01-15,DO 0.05%,100.69,98.46788354277611,94.14556690573691,103.94684794068336
2024-01-16,DO 0.001%,103.0,100.0298629772663,94.3311821681261,105.37053940176963
2024-01-16,DO 0.05%,101.74,98.7148388147354,94.09322900772094,104.35548390626907
2024-01-17,DO 0.001%,101.48,100.29119608044624,93.87782922923564,106.36271471500396
2024-01-17,DO 0.05%,100.01,98.99221687197685,93.52104438483714,105.27890971064566
2024-01-18,DO 0.001%,102.51,100.50056490063666,93.33088743567465,107.33728122234344
2024-01-18,DO 0.05%,101.01,99.22077182888984,92.86282868742943,106.20695596098899
2024-01-19,DO 0.001%,103.82,99.83528035759925,94.32949332892895,104.95999794602393
2024-01-19,DO 0.05%,102.11,98.51948822140693,94.15937005162239,104.01005610704422
2024-01-22,DO 0.001%,101.78,100.19448346376419,94.15041732370852,105.89287492632864
2024-01-22,DO 0.05%,100.1,98.88532977938651,93.84398678958415,104.8299815940857
2024-01-23,DO 0.001%,104.47,100.97490432381629,92.31858777284621,109.31939974665642
2024-01-23,DO 0.05%,102.79,99.72298055410384,91.59520293533802,108.07444245815276
2024-01-24,DO 0.001%,103.91,100.46937452077864,93.35837536036968,107.24608390569686
2024-01-24,DO 0.05%,102.23,99.18967401623725,92.90384823858737,106.12502160429953
2024-01-25,DO 0.001%,104.56,100.45559217572212,93.37950356543064,107.19678869724272
2024-01-25,DO 0.05%,102.85,99.1754286110401,92.93150690317154,106.07942234158516
2024-01-26,DO 0.001%,107.18,100.91762551188468,92.07997723340988,109.45062137126922
2024-01-26,DO 0.05%,105.69,99.68643596887588,91.36006064236163,108.23576236128807
2024-01-29,DO 0.001%,108.85,101.15498418450355,91.36964910507201,110.66288904309272
2024-01-29,DO 0.05%,106.99,99.9547593486309,90.49481521427631,109.39931169509887
2024-01-30,DO 0.001%,108.16,100.44330970883368,93.20454336762428,107.34724891662597
2024-01-30,DO 0.05%,106.38,99.17338025212287,92.74980815649032,106.2416849553585
2024-01-31,DO 0.001%,107.46,101.46489208221435,90.96518392741679,111.70171411037444
2024-01-31,DO 0.05%,105.68,100.26593532800673,89.92826357841491,110.35000627756118
2024-02-01,DO 0.001%,108.05,101.39006351470947,90.99162666141986,111.52654723644255
2024-02-01,DO 0.05%,106.25,100.1967682993412,89.9874506765604,110.19938206672668
2024-02-02,DO 0.001%,105.54,101.27280138611793,91.49721551477909,110.76196367263793
2024-02-02,DO 0.05%,103.77,100.05152103066445,90.58687498152256,109.4525923037529
2024-02-05,DO 0.001%,104.12,101.45961298346519,91.26299831926822,111.37598072648048
2024-02-05,DO 0.05%,102.41,100.23728157997131,90.25614648520946,110.01299304366111
2024-02-06,DO 0.001%,106.12,102.17343689084052,88.83943140089511,115.41458575010299
2024-02-06,DO 0.05%,104.41,101.09776690125464,87.27857747733593,113.90159295678139
2024-02-07,DO 0.001%,106.84,101.99503405928611,89.3931462663412,114.44663287878036
2024-02-07,DO 0.05%,105.08,100.88156028985976,87.97248233735561,112.97586274862289
2024-02-08,DO 0.001%,107.9,101.72297741770744,90.00140000879765,113.24579734921454
2024-02-08,DO 0.05%,106.32,100.58097525715827,88.76087939083575,111.84586693048476
2024-02-09,DO 0.001%,109.26,101.8359997332096,90.04184947907925,113.42207436919212
2024-02-09,DO 0.05%,107.62,100.67715501904487,88.75943040966987,111.98108189582824
2024-02-12,DO 0.001%,109.26,101.8361532640457,89.73641759574413,113.75732666492462
2024-02-12,DO 0.05%,107.62,100.70677475452423,88.42031644403934,112.32872099161148
2024-02-13,DO 0.001%,111.57,102.1062730550766,88.9150040024519,115.19880406498908
2024-02-13,DO 0.05%,109.85,101.03041546344757,87.39121976017951,113.70690575242043
2024-02-14,DO 0.001%,110.49,101.99972265481948,89.3357670688629,114.51966631650924
2024-02-14,DO 0.05%,108.84,100.8916391468048,87.90646349668502,113.04947564721107
2024-02-15,DO 0.001%,107.27,102.274578281641,88.45841510593891,116.04471173167228
2024-02-15,DO 0.05%,105.61,101.22993260502815,86.8075829488039,114.50922233581542
2024-02-16,DO 0.001%,107.23,102.37119641780852,87.83088733851909,116.95823201656341
2024-02-16,DO 0.05%,105.57,101.39070550322532,86.05660917997359,115.40897562861441
2024-02-19,DO 0.001%,106.49,102.96623469829558,85.66245323956012,120.74103104710578
2024-02-19,DO 0.05%,104.97,102.22203662514686,83.31418246507644,119.02637747645377
2024-02-20,DO 0.001%,107.11,102.45202449798583,87.7390463733673,117.22236410498618
2024-02-20,DO 0.05%,105.66,101.47322178006172,85.91865337073803,115.64671328544617
2024-02-21,DO 0.001%,104.78,102.28361298084258,88.74392931580543,115.73639819264412
2024-02-21,DO 0.05%,103.36,101.20503806114196,87.12554993629455,114.1875601553917
2024-02-22,DO 0.001%,105.43,102.35695348024367,87.97034648299217,116.76798369050024
2024-02-22,DO 0.05%,104.09,101.3608297228813,86.22096670627593,115.2193627679348
2024-02-23,DO 0.001%,105.83,102.62121547937393,87.1940709555149,118.19487566113472
2024-02-23,DO 0.05%,104.61,101.69309448838233,85.22626732230187,116.5735956954956
2024-02-26,DO 0.001%,103.58,102.71840049862861,86.6342443817854,119.05793154120444
2024-02-26,DO 0.05%,102.4,101.85661404967307,84.54281956732272,117.41552940249443
2024-02-27,DO 0.001%,105.84,102.81521940588951,86.517212549448,119.38812912940978
2024-02-27,DO 0.05%,104.49,101.95857809782028,84.36769069910049,117.71251816868781
2024-02-28,DO 0.001%,104.3,102.76275910019874,86.65827786266803,119.11460803985595
2024-02-28,DO 0.05%,102.97,101.89208790183066,84.55210119366646,117.45512324929237
2024-02-29,DO 0.001%,102.71,102.51193695425987,87.62268771469593,117.47507586121559
2024-02-29,DO 0.05%,101.38,101.54061977148055,85.761278886199,115.88123874306679
2024-03-01,DO 0.001%,103.64,102.51614133715628,87.6660424607992,117.43222894787787
2024-03-01,DO 0.05%,102.24,101.53872271180153,85.80892650783062,115.835523096323
2024-03-04,DO 0.001%,104.74,102.71294424891471,86.86983744978905,118.76179417848586
2024-03-04,DO 0.05%,103.56,101.81830042719841,84.81621147155761,117.11543318271636
2024-03-05,DO 0.001%,102.3,102.6366039931774,87.04405361354351,118.40429172158241
2024-03-05,DO 0.05%,101.08,101.72710190176963,85.04794371247291,116.78146921038628
2024-03-06,DO 0.001%,101.74,102.86168019890785,86.12455743610859,119.96127155065535
2024-03-06,DO 0.05%,100.57,102.05798169732094,83.89438012838363,118.2770738184452
2024-03-07,DO 0.001%,102.89,102.71635735750198,86.63538995802402,119.05260520219802
2024-03-07,DO 0.05%,101.79,101.85465879797935,84.54497849106788,117.41092059493064
2024-03-08,DO 0.001%,104.89,102.83377301692963,86.47661545336246,119.47370485544204
2024-03-08,DO 0.05%,104.01,101.98079580903052,84.31313568532467,117.79211320638656
2024-03-11,DO 0.001%,102.43,102.93524508953094,85.97787643730639,120.28600107908248
2024-03-11,DO 0.05%,101.74,102.14517661213874,83.69375733852387,118.57711184620857
2024-03-12,DO 0.001%,103.48,102.82786798477173,86.23244827866554,119.76237825751303
2024-03-12,DO 0.05%,102.89,102.01192853689193,84.03334265947342,118.08853169083595
2024-03-13,DO 0.001%,101.83,103.23975578784942,84.34680026471614,122.96846822738647
2024-03-13,DO 0.05%,100.94,102.68793353319168,81.65806682288647,121.1653995525837
2024-03-14,DO 0.001%,104.44,102.80396441459655,86.23856589198112,119.70853617429732
2024-03-14,DO 0.05%,103.47,101.99002506256103,84.05032308936119,118.04350270986556
2024-03-15,DO 0.001%,104.43,103.05717219352721,85.53445576250553,121.07885793685912
2024-03-15,DO 0.05%,103.34,102.32270881056785,83.12735700190066,119.33183899998664
2024-03-18,DO 0.001%,106.52,103.12529264450073,84.93191218614578,121.98159563302993
2024-03-18,DO 0.05%,105.54,102.48335368633269,82.3941899895668,120.21716067314148
2024-03-19,DO 0.001%,107.55,103.24713707804679,84.31835572481155,123.02042070031165
2024-03-19,DO 0.05%,106.65,102.69965340495109,81.62142331123351,121.21467655062675
2024-03-20,DO 0.001%,105.52,103.0019837629795,85.40098432064056,121.14108516573906
2024-03-20,DO 0.05%,104.45,102.29581246137619,82.9944057059288,119.41726487755776
2024-03-21,DO 0.001%,104.41,103.21777725815772,84.46989066004753,122.76355180144309
2024-03-21,DO 0.05%,103.5,102.64625641226768,81.81239204585552,120.9680704307556
2024-03-22,DO 0.001%,104.19,103.29586540341377,84.1915156340599,123.28334816217422
2024-03-22,DO 0.05%,103.24,102.76613196253776,81.45143279790878,121.45936233401298
2024-03-25,DO 0.001%,103.42,103.0407207739353,85.31709743380546,121.32301920652388
2024-03-25,DO 0.05%,102.4,102.3437859582901,82.88036099553108,119.58571912169455
2024-03-26,DO 0.001%,103.98,103.19912916660309,84.58996358394623,122.56980769634247
2024-03-26,DO 0.05%,102.94,102.60833849549293,81.96161382913589,120.78050592899322
2024-03-27,DO 0.001%,102.06,103.19767652869224,84.40518331766128,122.80958743214606
2024-03-27,DO 0.05%,101.24,102.6400298666954,81.74429575026035,121.02245668768882
2024-03-28,DO 0.001%,102.72,103.25840387940406,84.24543448269367,123.13886383533477
2024-03-28,DO 0.05%,101.9,102.72294184923172,81.5306146723032,121.32922171235084
2024-04-01,DO 0.001%,104.13,103.15341240763664,84.87861336588858,122.10518795609474
2024-04-01,DO 0.05%,103.21,102.51738437652587,82.32000099003315,120.3305187177658
2024-04-02,DO 0.001%,104.86,103.24829446434974,83.85077165842056,123.64581084609031
2024-04-02,DO 0.05%,103.96,102.78719747185707,81.06710363686085,121.84221923708915
2024-04-03,DO 0.001%,107.56,103.34961300611495,83.9566311699152,123.70138900876044
2024-04-03,DO 0.05%,106.51,102.85763308644295,81.15120273649693,121.85741899132728
2024-02-07,DO 0.001%,106.84,105.44581112146378,100.67512798309326,109.05864552974701
2024-02-07,DO 0.05%,105.08,103.91161778748035,99.4182680338621,108.99739657998084
2024-02-08,DO 0.001%,107.9,105.20721023321153,100.81990651369095,108.37109140872955
2024-02-08,DO 0.05%,106.32,103.63739959597588,99.59571358442307,108.40909360289574
2024-02-09,DO 0.001%,109.26,105.6492056965828,99.90058276891709,110.21493824958802
2024-02-09,DO 0.05%,107.62,104.1705701726675,98.53110251426696,110.02093373179436
2024-02-12,DO 0.001%,109.26,105.29284772396088,100.6870890212059,108.68591149806977
2024-02-12,DO 0.05%,107.62,103.74234968066216,99.44237095594406,108.68201112031936
2024-02-13,DO 0.001%,111.57,105.63012243270875,100.16018979549409,109.94133345603943
2024-02-13,DO 0.05%,109.85,104.13705136597156,98.82437651455402,109.7745400083065
2024-02-14,DO 0.001%,110.49,105.52744473218918,100.26357592344284,109.60644968986512
2024-02-14,DO 0.05%,108.84,104.0230836892128,98.95013116121292,109.48453325152397
2024-02-15,DO 0.001%,107.27,105.68272949457169,99.95315187931061,110.24882891178132
2024-02-15,DO 0.05%,105.61,104.20255804240703,98.58657097399234,110.04705923318862
2024-02-16,DO 0.001%,107.23,105.74655121564865,99.7169609093666,110.61125279426575
2024-02-16,DO 0.05%,105.57,104.27996370851993,98.3143255752325,110.36790876865386
2024-02-19,DO 0.001%,106.49,106.12099938869477,98.52221702575685,112.61295244693757
2024-02-19,DO 0.05%,104.97,104.70122652769088,96.92098624527453,112.13483405590057
2024-02-20,DO 0.001%,107.11,106.20176011562347,98.31874022245408,113.00305560112
2024-02-20,DO 0.05%,105.66,104.78546540021895,96.67942181885242,112.47771414756775
2024-02-21,DO 0.001%,104.78,105.7358109498024,99.60945072174073,110.68151361465455
2024-02-21,DO 0.05%,103.36,104.27431915640831,98.19476935625076,110.43317895889282
2024-02-22,DO 0.001%,105.43,106.39796921253205,97.39705716133118,114.38071924209595
2024-02-22,DO 0.05%,104.09,104.99938583493233,95.60751701653004,113.69382574319839
2024-02-23,DO 0.001%,105.83,106.00968772888184,98.70094947099686,112.1741828584671
2024-02-23,DO 0.05%,104.61,104.58724018096923,97.13831083655357,111.75119121193886
2024-02-26,DO 0.001%,103.58,106.18293618679047,97.96048467636109,113.30006380081177
2024-02-26,DO 0.05%,102.4,104.7812957751751,96.27837856948375,112.74618821382522
2024-02-27,DO 0.001%,105.84,106.31853678703308,97.85255702257157,113.73792255401612
2024-02-27,DO 0.05%,104.49,104.91112669706344,96.13504304111004,113.12617174506187
2024-02-28,DO 0.001%,104.3,106.6908660030365,96.97069137811661,115.5354812526703
2024-02-28,DO 0.05%,102.97,105.27429481506347,95.07282172620296,114.69929037094116
2024-02-29,DO 0.001%,102.71,106.79642168998718,96.32746457338334,116.46010555267334
2024-02-29,DO 0.05%,101.38,105.3845347225666,94.3245296138525,115.51012685894966
2024-03-01,DO 0.001%,103.64,106.67442036628724,97.05343190670014,115.410747423172
2024-03-01,DO 0.05%,102.24,105.25737982869148,95.16948857069015,114.58972258210181
2024-03-04,DO 0.001%,104.74,106.82144435882569,95.97129003286362,116.89612998485566
2024-03-04,DO 0.05%,103.56,105.41568866729736,93.91599970936775,115.89213919281958
2024-03-05,DO 0.001%,102.3,106.96312984466553,95.83572738409043,117.39762070178986
2024-03-05,DO 0.05%,101.08,105.5404164659977,93.73361906528473,116.32520765185356
2024-03-06,DO 0.001%,101.74,106.74053182601929,96.29096791028977,116.3576365852356
2024-03-06,DO 0.05%,100.57,105.3370632302761,94.29407890439033,115.42291323900223
2024-03-07,DO 0.001%,102.89,106.80217766284943,96.03980508565903,116.77543166160584
2024-03-07,DO 0.05%,101.79,105.39728008389473,93.99746920406818,115.78713932156562
2024-03-08,DO 0.001%,104.89,106.8438230752945,95.78855370759965,117.14602776050567
2024-03-08,DO 0.05%,104.01,105.43971068620681,93.70435078680515,116.11014212608337
2024-03-11,DO 0.001%,102.43,106.90587372779846,95.7299123620987,117.36537460327149
2024-03-11,DO 0.05%,101.74,105.49431410431862,93.62535817384719,116.2994306564331
2024-03-12,DO 0.001%,103.48,107.5167279291153,93.61729321479798,121.29107460021973
2024-03-12,DO 0.05%,102.89,106.04891157507896,91.08774926543235,119.6721843445301
2024-03-13,DO 0.001%,101.83,107.24495745658875,94.50790667295456,119.56798933506012
2024-03-13,DO 0.05%,100.94,105.80777033448219,92.16483187079429,118.20076722979545
2024-03-14,DO 0.001%,104.44,107.06986202716828,95.0760022187233,118.4890290594101
2024-03-14,DO 0.05%,103.47,105.6490632033348,92.8488930875063,117.27240954875946
2024-03-15,DO 0.001%,104.43,107.06375184059144,95.32973941802979,118.19663828849794
2024-03-15,DO 0.05%,103.34,105.63792345881461,93.1384082019329,117.01862251996994
2024-03-18,DO 0.001%,106.52,107.31753331661224,94.1605178976059,120.14806489467621
2024-03-18,DO 0.05%,105.54,105.8750568807125,91.75303472280503,118.69787366151809
2024-03-19,DO 0.001%,107.55,107.36273351669313,93.89803920984268,120.56568286418916
2024-03-19,DO 0.05%,106.65,105.91763684272766,91.4436547678709,119.05465665221215
2024-03-20,DO 0.001%,105.52,107.07898303031922,94.96245774745941,118.6370144891739
2024-03-20,DO 0.05%,104.45,105.6593565762043,92.7179046279192,117.40044815421103
2024-03-21,DO 0.001%,104.41,107.34895713329315,94.03605605363846,120.37153579711915
2024-03-21,DO 0.05%,103.5,105.90349745750427,91.60411687552929,118.88887982845306
2024-03-22,DO 0.001%,104.19,107.54533068656922,93.36904000282289,121.65688881397247
2024-03-22,DO 0.05%,103.24,106.07702853918076,90.79763671219348,119.98252891421318
2024-03-25,DO 0.001%,103.42,107.27959449768066,94.26246819496156,119.93425896644592
2024-03-25,DO 0.05%,102.4,105.84167498707771,91.87768161833286,118.51499515175819
2024-03-26,DO 0.001%,103.98,107.66798983573914,92.50580220460893,123.01386890411378
2024-03-26,DO 0.05%,102.94,106.19249603629112,89.78125637948513,121.12607658743858
2024-03-27,DO 0.001%,102.06,107.5767165517807,93.32492141962052,121.79087015151978
2024-03-27,DO 0.05%,101.24,106.10327850699424,90.73979094386101,120.09612941503525
2024-03-28,DO 0.001%,102.72,107.58688754558564,92.98086604833604,122.22666687488557
2024-03-28,DO 0.05%,101.9,106.11815224409104,90.34426778018474,120.46400236368179
2024-04-01,DO 0.001%,104.13,107.10949601173401,94.55421379089356,119.1679681968689
2024-04-01,DO 0.05%,103.21,105.69418228030204,92.24707928061486,117.85854681015014
2024-04-02,DO 0.001%,104.86,107.75453183650971,92.83657456159592,122.84011442661286
2024-04-02,DO 0.05%,103.96,106.25577476382256,90.13851856589316,120.98242989301681
2024-04-03,DO 0.001%,107.56,107.81989691734314,91.93752955198288,124.11738378047944
2024-04-03,DO 0.05%,106.51,106.32470426678657,89.09268325507641,122.04911955237388
2024-04-04,DO 0.001%,107.66,107.91330813407899,91.82604711055755,124.50527309894562
2024-04-04,DO 0.05%,106.71,106.40121377468108,88.94127607941627,122.37354127407073
2024-04-05,DO 0.001%,108.93,108.064165225029,91.50235270261764,125.31751044750214
2024-04-05,DO 0.05%,108.05,106.5268377315998,88.53088540196418,123.04903297781944
2024-04-08,DO 0.001%,108.66,107.90503471374512,91.68350139141083,124.66303735733032
2024-04-08,DO 0.05%,107.73,106.3972059559822,88.77980579376221,122.50345932245254
2024-04-09,DO 0.001%,108.38,108.00017904758454,91.73304070949555,124.85376879215241
2024-04-09,DO 0.05%,107.38,106.47193559408187,88.81230397582054,122.66465578198432
2024-04-10,DO 0.001%,108.38,107.90117631435395,91.69929552793504,124.63280268669129
2024-04-10,DO 0.05%,107.38,106.39385780930519,88.79891138911248,122.47835444569587
2024-04-11,DO 0.001%,108.14,107.89490167140961,92.20095702648163,123.9882981824875
2024-04-11,DO 0.05%,107.04,106.37973087072372,89.37578834891319,121.9445677602291
2024-04-12,DO 0.001%,107.67,107.9117268228531,92.23329800367355,123.99277645587922
2024-04-12,DO 0.05%,106.57,106.39252601861953,89.4085603570938,121.94879961848258
2024-04-15,DO 0.001%,106.25,108.14615304946899,91.33648580551147,125.74941082000733
2024-04-15,DO 0.05%,105.13,106.59467193007468,88.3188195168972,123.40706063270568
2024-04-16,DO 0.001%,106.3,107.97676299095154,91.87676924943925,124.61027216434479
2024-04-16,DO 0.05%,105.18,106.45075140953064,88.98322748601436,122.46274635672569
2024-04-17,DO 0.001%,105.88,107.86341460227966,92.02093423128129,124.12873126983644
2024-04-17,DO 0.05%,104.48,106.35792435407639,89.17740754663944,122.06006015062331
2024-04-18,DO 0.001%,101.86,108.1457988357544,91.04492996692657,126.12568698883057
2024-04-18,DO 0.05%,100.25,106.59966303348541,87.98377458631992,123.7144304549694
2024-04-19,DO 0.001%,100.68,108.51516783714295,89.4088421201706,129.330207862854
2024-04-19,DO 0.05%,99.17,106.92046278238296,85.99659974694252,126.31630137562752
2024-04-22,DO 0.001%,100.58,108.32953454971314,89.98121353149415,128.03634106636048
2024-04-22,DO 0.05%,99.16,106.76384668707847,86.70895840406418,125.2704100549221
2024-04-23,DO 0.001%,102.67,108.20535734176636,90.92864033937455,126.43744565963746
2024-04-23,DO 0.05%,101.39,106.64877748250962,87.8341846203804,123.97161541700363
2024-04-24,DO 0.001%,102.13,108.54961512088776,89.59967475891114,129.15940094947817
2024-04-24,DO 0.05%,100.9,106.94394959568977,86.20759522080421,126.18373219251632
2024-04-25,DO 0.001%,102.19,108.21986745357513,90.71618801355362,126.75554222583771
2024-04-25,DO 0.05%,100.9,106.66406195878982,87.5857869875431,124.23077939510345
2024-04-26,DO 0.001%,101.78,108.10617750167847,90.78614522218705,126.3573174571991
2024-04-26,DO 0.05%,100.49,106.57297743320464,87.69641896426677,123.900706897974
2024-04-29,DO 0.001%,101.28,108.42531140804292,90.18996558904648,128.01363343715667
2024-04-29,DO 0.05%,99.91,106.83537753820418,86.92363186061382,125.25927031040192
2024-04-30,DO 0.001%,101.21,108.40761337280274,89.77597198486329,128.5289764404297
2024-04-30,DO 0.05%,99.84,106.82909198403358,86.45066569089889,125.6702833199501
2024-05-01,DO 0.001%,101.21,108.61998979568482,89.18143691539765,129.9361789751053
2024-05-01,DO 0.05%,99.84,107.00710385680199,85.7040849918127,126.804657818079
2024-03-06,DO 0.001%,101.74,102.50323151350021,96.99004164934158,107.1937026500702
2024-03-06,DO 0.05%,100.57,100.75570107221603,94.49248485803604,105.29556674480438
2024-03-07,DO 0.001%,102.89,102.45212180614472,96.28044476509093,107.80561670064925
2024-03-07,DO 0.05%,101.79,100.83825942039489,93.86202778816222,105.89325472354889
2024-03-08,DO 0.001%,104.89,102.46941447257996,95.96352433562278,108.13444565534591
2024-03-08,DO 0.05%,104.01,100.9239265847206,93.60057996511459,106.25096137523651
2024-03-11,DO 0.001%,102.43,102.46492667198181,96.0045608818531,108.08870179653168
2024-03-11,DO 0.05%,101.74,100.90997306108474,93.63336110591888,106.19956951141357
2024-03-12,DO 0.001%,103.48,102.48890225887298,96.62692004442215,107.52314136028289
2024-03-12,DO 0.05%,102.89,100.81563013076781,94.17660262823105,105.62792088031769
2024-03-13,DO 0.001%,101.83,102.47957299947738,96.4776762843132,107.65383635759353
2024-03-13,DO 0.05%,100.94,100.83451197147369,94.04462253808975,105.7568283033371
2024-03-14,DO 0.001%,104.44,102.4605120420456,96.25151796340943,107.84501910209656
2024-03-14,DO 0.05%,103.47,100.85528561115265,93.84184458255767,105.9412124300003
2024-03-15,DO 0.001%,104.43,102.49173152446747,94.0399529993534,110.025565803051
2024-03-15,DO 0.05%,103.34,101.27309604167938,91.94878039360046,108.24412221431731
2024-03-18,DO 0.001%,106.52,102.52873148918151,93.39963043928147,110.70239442586899
2024-03-18,DO 0.05%,105.54,101.40684743404388,91.40428570508956,108.97791127204894
2024-03-19,DO 0.001%,107.55,102.46575593948364,95.37640904188156,108.69516463279724
2024-03-19,DO 0.05%,106.65,101.02734292030334,93.0948731803894,106.83410539627074
2024-03-20,DO 0.001%,105.52,102.46170716285705,95.93364021778106,108.15247002840042
2024-03-20,DO 0.05%,104.45,100.91934770822525,93.5710582613945,106.2636978816986
2024-03-21,DO 0.001%,104.41,102.50670711994171,93.76944106221198,110.31017528772354
2024-03-21,DO 0.05%,103.5,101.3300307559967,91.71898706674575,108.55234085083008
2024-03-22,DO 0.001%,104.19,102.5691094994545,92.67524698376656,111.46952784061432
2024-03-22,DO 0.05%,103.24,101.54328590393067,90.78334787845611,109.8085194683075
2024-03-25,DO 0.001%,103.42,102.56214609146117,92.87135655283927,111.26736949682235
2024-03-25,DO 0.05%,102.4,101.51299302101135,90.95329046964645,109.59190246105194
2024-03-26,DO 0.001%,103.98,102.57078022956848,92.76998469829559,111.37936939001084
2024-03-26,DO 0.05%,102.94,101.53553796291351,90.86724976539611,109.71488144397735
2024-03-27,DO 0.001%,102.06,102.55301195383072,93.17023431658744,110.96193076372147
2024-03-27,DO 0.05%,101.24,101.46695121288299,91.21240065574646,109.26571775913239
2024-03-28,DO 0.001%,102.72,102.64718259572983,91.68681499958038,112.55781948566437
2024-03-28,DO 0.05%,101.9,101.73897262573242,89.93723175048828,111.00019617557525
2024-04-01,DO 0.001%,104.13,102.75368249416351,90.45069422721862,113.94576938152314
2024-04-01,DO 0.05%,103.21,101.96239769935607,88.8720103573799,112.5259260225296
2024-04-02,DO 0.001%,104.86,102.60702409744262,92.37415580749511,111.82136896848678
2024-04-02,DO 0.05%,103.96,101.62446456432342,90.531250603199,110.20139912128448
2024-04-03,DO 0.001%,107.56,102.60713385343551,92.1796194076538,112.01240537166595
2024-04-03,DO 0.05%,106.51,101.64292466640472,90.3596993803978,110.4023515510559
2024-04-04,DO 0.001%,107.66,102.69643864631652,90.99590712189674,113.31583095788956
2024-04-04,DO 0.05%,106.71,101.85451695919036,89.34012215614318,111.82824984073639
2024-04-05,DO 0.001%,108.93,102.79806050062179,90.03499950170517,114.4295616030693
2024-04-05,DO 0.05%,108.05,102.04107002735138,88.51396631479263,113.06229320526123
2024-04-08,DO 0.001%,108.66,102.77431662082672,90.2999321758747,114.12804969549178
2024-04-08,DO 0.05%,107.73,101.99746225357056,88.74345839977265,112.72993906974793
2024-04-09,DO 0.001%,108.38,102.7767922282219,90.21254811286926,114.21906180381775
2024-04-09,DO 0.05%,107.38,102.00484870433807,88.66642482757568,112.82790292739868
2024-04-10,DO 0.001%,108.38,102.78540197610855,90.1261396586895,114.31874463558196
2024-04-10,DO 0.05%,107.38,102.02024818897247,88.59182528972626,112.93819360256195
2024-04-11,DO 0.001%,108.14,102.80618244409561,89.9396032512188,114.53767125606537
2024-04-11,DO 0.05%,107.04,102.05581882953643,88.43114287376403,113.18134399414062
2024-04-12,DO 0.001%,107.67,102.84171899557113,89.66389009952545,114.86963435411452
2024-04-12,DO 0.05%,106.57,102.11345242500305,88.19443303346634,113.55212454319
2024-04-15,DO 0.001%,106.25,102.78129222393035,90.24599320292472,114.1927203655243
2024-04-15,DO 0.05%,105.13,102.00933118343353,88.69730814456939,112.80216482162476
2024-04-16,DO 0.001%,106.3,102.76558492183685,90.17798107266425,114.23606178760528
2024-04-16,DO 0.05%,105.18,101.99143741607666,88.63287853240966,112.84044663906097
2024-04-17,DO 0.001%,105.88,102.97527984380721,88.57569601535796,116.17976725101471
2024-04-17,DO 0.05%,104.48,102.31621230602265,87.25426316738128,115.01415980815888
2024-04-18,DO 0.001%,101.86,102.83375558853149,89.67310350537299,114.84787827730179
2024-04-18,DO 0.05%,100.25,102.10251132011413,88.20074706315994,113.5251694202423
2024-04-19,DO 0.001%,100.68,102.8262312054634,89.72348150610924,114.78556126356125
2024-04-19,DO 0.05%,99.17,102.09072673797607,88.24377042770385,113.45514875888824
2024-04-22,DO 0.001%,100.58,102.83729217052459,89.57368896603585,114.95321964025497
2024-04-22,DO 0.05%,99.16,102.110536403656,88.11313990116119,113.63926779270172
2024-04-23,DO 0.001%,102.67,102.70712156295777,90.93349864482879,113.39412356615067
2024-04-23,DO 0.05%,101.39,101.87273606777191,89.2877964425087,111.91683905124664
2024-04-24,DO 0.001%,102.13,102.97430423498153,88.57642162442207,116.17745018005371
2024-04-24,DO 0.05%,100.9,102.31488684177398,87.25470900535583,115.01124378681183
2024-04-25,DO 0.001%,102.19,102.97056033611297,88.63430571556091,116.11270633935928
2024-04-25,DO 0.05%,100.9,102.30921144485474,87.30555260896682,114.94011455535889
2024-04-26,DO 0.001%,101.78,103.09648704528809,87.66373347043991,117.30642471313476
2024-04-26,DO 0.05%,100.49,102.48019633293151,86.46396113395691,116.27724288940429
2024-04-29,DO 0.001%,101.28,103.03521881103515,88.07217210531235,116.7889130115509
2024-04-29,DO 0.05%,99.91,102.39942736148834,86.81702866077423,115.6944483089447
2024-04-30,DO 0.001%,101.21,103.03887734413146,88.0673123538494,116.79974226951599
2024-04-30,DO 0.05%,99.84,102.40428338050842,86.81337760925292,115.70757040500641
2024-05-01,DO 0.001%,101.21,102.95717010498046,88.6329642534256,116.09269416332245
2024-05-01,DO 0.05%,99.84,102.29136587619782,87.3016304397583,114.9129545879364
2024-05-02,DO 0.001%,97.79,103.0248163819313,88.11762328147888,116.72574234008789
2024-05-02,DO 0.05%,96.42,102.3854617881775,86.85558762073516,115.62218640804291
2024-05-03,DO 0.001%,97.12,103.11742604970932,87.47687999010085,117.53266839981079
2024-05-03,DO 0.05%,95.75,102.50670561790466,86.30097120523453,116.5300330209732
2024-05-06,DO 0.001%,97.2,103.22101131677627,86.76193554997444,118.44213094711303
2024-05-06,DO 0.05%,95.83,102.63362484455108,85.68031052112579,117.5549542760849
2024-05-07,DO 0.001%,97.76,103.1625601530075,87.12764861583709,117.96683871746063
2024-05-07,DO 0.05%,96.6,102.5625438117981,85.99712057590484,117.01751467227936
2024-05-08,DO 0.001%,96.5,102.99136519432068,88.36486085057258,116.41993775367736
2024-05-08,DO 0.05%,95.22,102.33966097354889,87.06954164981842,115.27913216114044
2024-05-09,DO 0.001%,98.98,103.10856020450592,87.51746531724929,117.47646113634109
2024-05-09,DO 0.05%,97.62,102.49525842666625,86.33563812017441,116.46586850166321
2024-05-10,DO 0.001%,98.72,103.1777430653572,87.08527060747146,118.03544840812683
2024-05-10,DO 0.05%,97.3,102.58206428527832,85.96179695367813,117.09744016647339
2024-05-13,DO 0.001%,97.09,103.08392608165741,87.68849564194679,117.26065646409988
2024-05-13,DO 0.05%,95.67,102.4636280298233,86.48383104801178,116.22297115325928
2024-05-14,DO 0.001%,97.22,103.26265761852264,86.4897589802742,118.79452085494995
2024-05-14,DO 0.05%,94.86,102.68259472370147,85.44395012140274,117.95318398475646
2024-05-15,DO 0.001%,96.97,103.33196243047713,86.0540825664997,119.36614226102829
2024-05-15,DO 0.05%,94.65,102.76206233024597,85.06550597906113,118.60046842575073
2024-05-16,DO 0.001%,96.84,103.29152344465255,86.32096036076545,119.01884990930557
2024-05-16,DO 0.05%,94.73,102.71641816139221,85.29767911672592,118.20764902114868
2024-05-17,DO 0.001%,97.96,103.40610870122909,85.65968660116195,119.90604418516159
2024-05-17,DO 0.05%,96.15,102.84669924736023,84.72395794153213,119.215170545578
2024-05-20,DO 0.001%,98.57,103.4182184457779,85.51995502710342,120.07461719512939
2024-05-20,DO 0.05%,96.87,102.85731501102447,84.60106330633164,119.40408535003662
2024-05-21,DO 0.001%,97.51,103.23114545345307,86.70015512108803,118.5230698943138
2024-05-21,DO 0.05%,95.87,102.64572271823883,85.62678586483001,117.64658000469207
2024-05-22,DO 0.001%,97.51,103.5378890633583,84.86276662945747,120.97804316282271
2024-05-22,DO 0.05%,95.87,102.98716230869293,84.03031237602234,120.43339268684387
2024-05-23,DO 0.001%,95.97,103.40388919115067,85.65387563109398,119.90851979255676
2024-05-23,DO 0.05%,94.23,102.84350608348846,84.71849341392517,119.2172430896759
2024-05-24,DO 0.001%,95.17,103.24319422245026,86.66242344975471,118.58217959403991
2024-05-24,DO 0.05%,93.59,102.66088120937347,85.59496267318725,117.71503420829772
2024-05-27,DO 0.001%,95.92,103.27730394601822,86.40628345012665,118.90599635839462
2024-05-27,DO 0.05%,94.47,102.69986190795898,85.37167617082595,118.07971762180328
2024-05-28,DO 0.001%,97.93,103.30191367864609,86.28009454607964,119.07883765697478
2024-05-28,DO 0.05%,96.5,102.72904622077942,85.26272903442383,118.2765249633789
2024-05-29,DO 0.001%,99.3,103.36132825613022,85.93035097718239,119.54522745609283
2024-05-29,DO 0.05%,97.87,102.7969822883606,84.95922784566879,118.80574668884277
2024-04-04,DO 0.001%,107.66,107.74581861495972,102.90344987630844,112.1239677810669
2024-04-04,DO 0.05%,106.71,106.64641636848451,101.06545183241367,111.79906728148461
2024-04-05,DO 0.001%,108.93,107.88756749629975,102.36565680027009,112.73105817317963
2024-04-05,DO 0.05%,108.05,106.78135988712312,100.57948121666908,112.41912436962129
2024-04-08,DO 0.001%,108.66,107.73876643180847,104.0379666352272,111.20537604808807
2024-04-08,DO 0.05%,107.73,106.62667256236077,102.22733355760575,110.92490550398827
2024-04-09,DO 0.001%,108.38,107.72223867893219,103.18215856552125,111.87005072116852
2024-04-09,DO 0.05%,107.38,106.62103510260583,101.34018276810646,111.55023183941842
2024-04-10,DO 0.001%,108.38,107.87718155384064,102.31903545856476,112.75666400909424
2024-04-10,DO 0.05%,107.38,106.77270054578781,100.52708077430725,112.44001090407372
2024-04-11,DO 0.001%,108.14,107.74036920070648,103.12128540277482,111.94129059314729
2024-04-11,DO 0.05%,107.04,106.63851884603501,101.28621424853802,111.62397590756417
2024-04-12,DO 0.001%,107.67,107.91589162826538,102.2365185046196,112.86998618125915
2024-04-12,DO 0.05%,106.57,106.80818860888482,100.46007245481015,112.55908319592477
2024-04-15,DO 0.001%,106.25,108.28815714359284,100.32730660438538,114.8824484539032
2024-04-15,DO 0.05%,105.13,107.15230219960213,98.67226763606072,114.55504867672921
2024-04-16,DO 0.001%,106.3,108.71037775993348,98.49838701486588,116.91851630687714
2024-04-16,DO 0.05%,105.18,107.5197147512436,96.98392462134362,116.55794670939446
2024-04-17,DO 0.001%,105.88,108.19435028553009,100.63360215187073,114.51842758178711
2024-04-17,DO 0.05%,104.48,107.06958136558534,98.9447512060404,114.18891852021218
2024-04-18,DO 0.001%,101.86,108.57461682319641,99.03568643808364,116.30320691585541
2024-04-18,DO 0.05%,100.25,107.40400715947152,97.47563427269459,115.953189483881
2024-04-19,DO 0.001%,100.68,108.741689453125,98.20720878362656,117.20705317497254
2024-04-19,DO 0.05%,99.17,107.5484861111641,96.70055338978767,116.83298872113228
2024-04-22,DO 0.001%,100.58,108.86357682228089,97.8992271232605,117.61110480308533
2024-04-22,DO 0.05%,99.16,107.64844944596291,96.43575149357319,117.23630833625793
2024-04-23,DO 0.001%,102.67,108.96693618297577,97.48508446216583,118.09005061626435
2024-04-23,DO 0.05%,101.39,107.7344587981701,96.05550229370594,117.70346837401391
2024-04-24,DO 0.001%,102.13,108.78434875011445,98.10202867746354,117.34605811595917
2024-04-24,DO 0.05%,100.9,107.58354247689248,96.61057623088361,116.97205875873566
2024-04-25,DO 0.001%,102.19,109.47268029212952,95.74306059122085,120.21132166385651
2024-04-25,DO 0.05%,100.9,108.14168908357621,94.4795593070984,119.77189552783966
2024-04-26,DO 0.001%,101.78,109.0800788450241,97.0004392027855,118.64546773910523
2024-04-26,DO 0.05%,100.49,107.82821330904962,95.60722266733647,118.24246793270112
2024-04-29,DO 0.001%,101.28,109.01891718387604,97.41279958486557,118.21082245826722
2024-04-29,DO 0.05%,99.91,107.7756097149849,96.00218766868115,117.82708618521691
2024-04-30,DO 0.001%,101.21,109.25508838653565,96.49837505102158,119.28725487232208
2024-04-30,DO 0.05%,99.84,107.96827371120453,95.16432656109333,118.87363487958909
2024-05-01,DO 0.001%,101.21,108.68965716362,98.64060390472412,116.7721001625061
2024-05-01,DO 0.05%,99.84,107.5013422191143,97.12020132303239,116.41708639740945
2024-05-02,DO 0.001%,97.79,109.36226874828338,96.12937277317047,119.73840226173401
2024-05-02,DO 0.05%,96.42,108.05399103283882,94.83027532815933,119.3127599823475
2024-05-03,DO 0.001%,97.12,109.15625524520874,96.88016101360321,118.83588950634002
2024-05-03,DO 0.05%,95.75,107.88807957649232,95.51421727836133,118.43539856553079
2024-05-06,DO 0.001%,97.2,109.44556144237518,95.84219505310058,120.09099859714509
2024-05-06,DO 0.05%,95.83,108.12016770005226,94.57003799676896,119.65537532925606
2024-05-07,DO 0.001%,97.76,109.7927211856842,94.69249686717987,121.53256741046906
2024-05-07,DO 0.05%,96.6,108.39142601132393,93.53146935522557,121.0533637726307
2024-05-08,DO 0.001%,96.5,109.53589349746704,95.55165792942047,120.45572468757629
2024-05-08,DO 0.05%,95.22,108.19123270511628,94.30882934629918,120.01019247531892
2024-05-09,DO 0.001%,98.98,109.65077997207642,95.13523292541504,120.96567446231842
2024-05-09,DO 0.05%,97.62,108.2816098189354,93.92875155568123,120.5032162642479
2024-05-10,DO 0.001%,98.72,109.87986052513122,94.43748992443085,121.86654598236085
2024-05-10,DO 0.05%,97.3,108.45817404270173,93.30433940291405,121.37773355722427
2024-05-13,DO 0.001%,97.09,109.46950039863587,95.76371707677842,120.18887007713317
2024-05-13,DO 0.05%,95.67,108.13906080842018,94.4993348556757,119.75056459903718
2024-05-14,DO 0.001%,97.22,109.49905545711518,95.70865234851837,120.27122675418855
2024-05-14,DO 0.05%,94.86,108.16180110216142,94.45441293537617,119.83263788700104
2024-05-15,DO 0.001%,96.97,109.64936953544617,95.13055925130844,120.96857226848603
2024-05-15,DO 0.05%,94.65,108.28063215136528,93.92350770235062,120.50557790279389
2024-05-16,DO 0.001%,96.84,109.95066444396973,94.22110971212388,122.14764600276948
2024-05-16,DO 0.05%,94.73,108.51227588057519,93.11034222364427,121.65003302097321
2024-05-17,DO 0.001%,97.96,110.10620995998383,93.74080475091934,122.77336698055268
2024-05-17,DO 0.05%,96.15,108.63039589881897,92.67875277936459,122.25506958007813
2024-05-20,DO 0.001%,98.57,110.50245289802551,92.47895120859147,124.42869387626648
2024-05-20,DO 0.05%,96.87,108.92721323370934,91.53792264938355,123.84898514389992
2024-05-21,DO 0.001%,97.51,110.05043360233307,93.88211126804352,122.57822666168214
2024-05-21,DO 0.05%,95.87,108.58853395104408,92.80225631773472,122.06505925297738
2024-05-22,DO 0.001%,97.51,110.09732420921326,93.74917120456696,122.75592885494233
2024-05-22,DO 0.05%,95.87,108.62392043828964,92.68411090552807,122.23733189702034
2024-05-23,DO 0.001%,95.97,110.3125311946869,93.11308351755143,123.60192156791688
2024-05-23,DO 0.05%,94.23,108.7854133450985,92.11488618254663,123.05497941017151
2024-05-24,DO 0.001%,95.17,109.84904889583588,94.50161991357804,121.77300838947296
2024-05-24,DO 0.05%,93.59,108.43495126366616,93.35830157399178,121.28565504789353
2024-05-27,DO 0.001%,95.92,111.02526329040528,91.07512439727783,126.40052275180817
2024-05-27,DO 0.05%,94.47,109.30715770602227,90.29174566447735,125.75166590213776
2024-05-28,DO 0.001%,97.93,110.39572131156922,92.82089874744416,123.97716182231903
2024-05-28,DO 0.05%,96.5,108.84784440279007,91.847659162879,123.41491343975068
2024-05-29,DO 0.001%,99.3,110.10026048183441,93.7709688615799,122.73796502113342
2024-05-29,DO 0.05%,97.87,108.62576150059701,92.70722576022149,122.22140988230706
2024-05-30,DO 0.001%,97.24,110.48041162014007,92.5616540837288,124.32319321632386
2024-05-30,DO 0.05%,95.97,108.91073255181313,91.61416802287103,123.74813302040101
2024-05-31,DO 0.001%,95.92,111.0184803724289,91.06203939199447,126.40703640460968
2024-05-31,DO 0.05%,94.65,109.30257409572602,90.27622360467912,125.75642727017403
2024-06-03,DO 0.001%,95.41,110.93854708194733,91.30407031774521,126.0740964269638
2024-06-03,DO 0.05%,94.18,109.24479013323784,90.49491006433965,125.43697121739388
2024-06-04,DO 0.001%,91.71,110.83984216213227,91.47880418300629,125.79198345661163
2024-06-04,DO 0.05%,90.88,109.17439806818963,90.63895097017289,125.16069759845735
2024-06-05,DO 0.001%,92.36,110.98018060684204,91.18314460992814,126.24198967456817
2024-06-05,DO 0.05%,91.77,109.27486928224565,90.3862302517891,125.598324457407
2024-06-06,DO 0.001%,92.68,110.97547487735748,91.20068531274795,126.21899955749512
2024-06-06,DO 0.05%,92.15,109.27144109725953,90.40245064556599,125.5763967704773
2024-06-07,DO 0.001%,94.26,111.22657106399537,90.45654535770416,127.25522170543671
2024-06-07,DO 0.05%,93.62,109.4518271124363,89.73119297981263,126.57067199230195
2024-06-10,DO 0.001%,94.38,110.77216684818268,91.74503050804138,125.44972177505494
2024-06-10,DO 0.05%,93.97,109.12446084022523,90.8859770923853,124.83467720627786
2024-06-11,DO 0.001%,96.65,110.73235406875611,91.76671276569367,125.3861880159378
2024-06-11,DO 0.05%,96.22,109.0964005112648,90.89450946390629,124.76922426700592
2024-06-12,DO 0.001%,98.31,111.32139087200164,90.16880987405777,127.65754234313965
2024-06-12,DO 0.05%,97.88,109.51948932647706,89.47052395105362,126.95608886361123
2024-06-13,DO 0.001%,97.71,111.33586708068847,90.20859059810638,127.63039784908295
2024-06-13,DO 0.05%,97.36,109.52907554745674,89.5155918866396,126.93361520648003
2024-06-14,DO 0.001%,98.48,111.12794307708741,90.80653238534927,126.78623870372772
2024-06-14,DO 0.05%,98.33,109.3806859254837,90.05351220190525,126.12337003350258
2024-06-17,DO 0.001%,98.48,111.59633625984192,89.56975255966186,128.58284006118774
2024-06-17,DO 0.05%,98.33,109.71231838345528,88.95220142662525,127.85170853972436
2024-06-18,DO 0.001%,99.14,111.17620565414428,90.6639372420311,126.98530260086059
2024-06-18,DO 0.05%,98.97,109.4152851998806,89.92487908303738,126.31434533119203
2024-06-19,DO 0.001%,101.06,111.57853911399842,89.58492116451264,128.5480792093277
2024-06-19,DO 0.05%,100.81,109.70007849335671,88.9618511325121,127.816829931736
2024-06-20,DO 0.001%,101.81,110.8505230140686,91.46563583374024,125.81658916473388
2024-06-20,DO 0.05%,101.39,109.18196546912193,90.6291933399439,125.18516468167306
2024-06-21,DO 0.001%,100.93,111.03376437664032,91.0282722568512,126.45790187835694
2024-06-21,DO 0.05%,100.51,109.31349349975586,90.24709038078785,125.80578043699265
2024-06-24,DO 0.001%,100.54,111.2123641204834,90.46278333425522,127.23392411231995
2024-06-24,DO 0.05%,100.0,109.44198695182801,89.73284358739853,126.5486808204651
2024-06-25,DO 0.001%,101.15,112.43168658733369,87.39637228965759,131.8600408601761
2024-06-25,DO 0.05%,100.82,110.28963743209839,87.0094616919756,130.99970923662187
2024-06-26,DO 0.001%,101.21,111.69451547145843,89.23074129343033,129.05155379772185
2024-06-26,DO 0.05%,100.96,109.78165659904481,88.63981759250164,128.29842643737794
2024-05-02,DO 0.001%,97.79,99.86086641252041,92.08638314425944,104.47859992980956
2024-05-02,DO 0.05%,96.42,98.21758071899414,92.07336090087891,103.11074890136719
2024-05-03,DO 0.001%,97.12,99.8780592828989,91.53698949575424,105.18826129317283
2024-05-03,DO 0.05%,95.75,98.25306610107423,91.53311187744141,103.9631478881836
2024-05-06,DO 0.001%,97.2,99.96527238011359,89.39975886046886,108.02777543902397
2024-05-06,DO 0.05%,95.83,98.4294515991211,89.31238632202148,107.19723907470703
2024-05-07,DO 0.001%,97.76,99.89238667488098,91.34225158393383,105.49769676446914
2024-05-07,DO 0.05%,96.6,98.277625579834,91.33664199829101,104.35083892822266
2024-05-08,DO 0.001%,96.5,99.92841327905654,90.23655697584152,106.9085014796257
2024-05-08,DO 0.05%,95.22,98.35588623046876,90.20180603027345,105.95735137939454
2024-05-09,DO 0.001%,98.98,99.98495670855044,89.18365352869033,108.38355323672295
2024-05-09,DO 0.05%,97.62,98.4633302307129,89.07401596069336,107.61166168212891
2024-05-10,DO 0.001%,98.72,99.89907681286334,90.26471708774567,106.678310059309
2024-05-10,DO 0.05%,97.3,98.31359298706055,90.24149871826172,105.61663696289062
2024-05-13,DO 0.001%,97.09,99.96071174502372,89.2735933548212,108.12807321548462
2024-05-13,DO 0.05%,95.67,98.42584533691407,89.18143615722657,107.27523193359376
2024-05-14,DO 0.001%,97.22,100.10077029645443,87.41397026658058,110.96166336178779
2024-05-14,DO 0.05%,94.86,98.67141036987304,87.09500518798828,110.36830993652345
2024-05-15,DO 0.001%,96.97,99.96652715802192,89.36813001155852,108.06894180655479
2024-05-15,DO 0.05%,94.65,98.43202835083008,89.27841247558594,107.24141876220703
2024-05-16,DO 0.001%,96.84,100.07060736596584,88.10278301239013,110.06080521464347
2024-05-16,DO 0.05%,94.73,98.6134066772461,87.8655729675293,109.47636108398437
2024-05-17,DO 0.001%,97.96,100.19874552726745,86.78615299880504,112.23241555809975
2024-05-17,DO 0.05%,96.15,98.82785430908203,86.33492294311523,111.82673950195313
2024-05-20,DO 0.001%,98.57,100.04388904213904,88.35504163265227,109.62666412353515
2024-05-20,DO 0.05%,96.87,98.56850692749023,88.15479995727539,108.984052734375
2024-05-21,DO 0.001%,97.51,100.05363166868686,88.07236671328545,109.98024605989455
2024-05-21,DO 0.05%,95.87,98.58872817993165,87.84324508666992,109.33449096679688
2024-05-22,DO 0.001%,97.51,100.04051079392433,88.51082713603972,109.44551762819289
2024-05-22,DO 0.05%,95.87,98.56037200927734,88.32447875976563,108.80955963134765
2024-05-23,DO 0.001%,95.97,99.98184389412403,89.18960769116877,108.35638246893882
2024-05-23,DO 0.05%,94.23,98.45859924316406,89.08194259643555,107.5737661743164
2024-05-24,DO 0.001%,95.17,100.06573303639888,88.09780612885952,110.03354999065398
2024-05-24,DO 0.05%,93.59,98.60618225097656,87.8632878112793,109.43188385009766
2024-05-27,DO 0.001%,95.92,100.05888605117798,88.10526843786239,109.98088551402091
2024-05-27,DO 0.05%,94.47,98.59583953857423,87.8756657409668,109.35717590332031
2024-05-28,DO 0.001%,97.93,100.30130552351474,86.01193089902401,113.67440874338149
2024-05-28,DO 0.05%,96.5,98.99202850341797,85.39542617797852,113.3952850341797
2024-05-29,DO 0.001%,99.3,100.21034015774727,86.7905024933815,112.30376898646354
2024-05-29,DO 0.05%,97.87,98.84544525146485,86.33117385864259,111.93646270751954
2024-05-30,DO 0.001%,97.24,100.25987975478172,86.30623061180114,113.11137541770934
2024-05-30,DO 0.05%,95.97,98.92620529174805,85.75606430053712,112.78226806640626
2024-05-31,DO 0.001%,95.92,100.27500948071479,86.09666460335254,113.41950785040855
2024-05-31,DO 0.05%,94.65,98.95125274658203,85.510546875,113.08162353515625
2024-06-03,DO 0.001%,95.41,100.3582229733467,85.5941139858961,114.45962221503257
2024-06-03,DO 0.05%,94.18,99.08181015014648,84.88172424316407,114.23330657958985
2024-06-04,DO 0.001%,91.71,100.3296888411045,85.75067166030406,114.11886555671691
2024-06-04,DO 0.05%,90.88,99.03723770141602,85.08035430908204,113.85191162109375
2024-06-05,DO 0.001%,92.36,100.27650556206703,86.24630290150643,113.27949152708052
2024-06-05,DO 0.05%,91.77,98.95219299316406,85.67645874023438,112.98713470458985
2024-06-06,DO 0.001%,92.68,100.45198745906352,84.96927078306675,115.686819139719
2024-06-06,DO 0.05%,92.15,99.22747100830078,84.10020080566406,115.5400946044922
2024-06-07,DO 0.001%,94.26,100.35515238702297,85.6110414224863,114.42289583086966
2024-06-07,DO 0.05%,93.62,99.07701965332032,84.90322494506836,114.19231658935547
2024-06-10,DO 0.001%,94.38,100.48160745680332,84.8361919337511,116.01074488282202
2024-06-10,DO 0.05%,93.97,99.27313842773438,83.92469009399414,115.90660034179687
2024-06-11,DO 0.001%,96.65,100.42708494365215,85.12287249028682,115.37339009642601
2024-06-11,DO 0.05%,96.22,99.18902206420898,84.29452239990235,115.20427185058594
2024-06-12,DO 0.001%,98.31,100.41077886343001,85.26027067124843,115.13170056700706
2024-06-12,DO 0.05%,97.88,99.16371276855469,84.46304077148437,114.95940307617188
2024-06-13,DO 0.001%,97.71,100.44335482835768,84.99074678957462,115.60956584215164
2024-06-13,DO 0.05%,97.36,99.21417068481446,84.13166931152344,115.44403472900392
2024-06-14,DO 0.001%,98.48,100.52642957150935,84.41947898387909,116.71203301668166
2024-06-14,DO 0.05%,98.33,99.34116348266602,83.41382080078125,116.58561309814453
2024-06-17,DO 0.001%,98.48,100.41819894433021,85.0972943252325,115.34132086873053
2024-06-17,DO 0.05%,98.33,99.1754539489746,84.27290267944336,115.13615753173829
2024-06-18,DO 0.001%,99.14,100.3965479928255,85.23864988267421,115.0610469186306
2024-06-18,DO 0.05%,98.97,99.14195022583009,84.45027603149414,114.83770660400391
2024-06-19,DO 0.001%,101.06,100.54894921541214,84.42130685746669,116.85688747406004
2024-06-19,DO 0.05%,100.81,99.37601211547852,83.39665832519532,116.79950134277344
2024-06-20,DO 0.001%,101.81,100.44143646597861,85.02238167107105,115.56586578845977
2024-06-20,DO 0.05%,101.39,99.21120712280273,84.16904113769532,115.40566314697266
2024-06-21,DO 0.001%,100.93,100.24455095350741,86.40646202981472,112.91149170994758
2024-06-21,DO 0.05%,100.51,98.90186004638672,85.87933181762696,112.55984619140625
2024-06-24,DO 0.001%,100.54,100.58192936360835,84.17190165042877,117.31597934126853
2024-06-24,DO 0.05%,100.0,99.42557739257813,83.08446670532227,117.25752044677735
2024-06-25,DO 0.001%,101.15,100.49711120307445,84.62906912267208,116.31531808972358
2024-06-25,DO 0.05%,100.82,99.29662078857422,83.6768101501465,116.18098571777344
2024-06-26,DO 0.001%,101.21,100.60696459591388,84.09574628353118,117.55427855730056
2024-06-26,DO 0.05%,100.96,99.46396087646485,82.97594558715821,117.53996337890625
2024-06-27,DO 0.001%,102.61,100.65933950841426,83.7780401366949,118.20677513480186
2024-06-27,DO 0.05%,102.36,99.5423941040039,82.56767028808594,118.21381072998047
2024-06-28,DO 0.001%,103.22,100.47808442652224,84.79040460526943,116.03267936587334
2024-06-28,DO 0.05%,103.02,99.26756240844728,83.87582702636719,115.90075653076173
2024-07-01,DO 0.001%,101.78,100.56459171116352,84.21601191997527,117.159880143404
2024-07-01,DO 0.05%,101.58,99.39905410766602,83.14965316772461,117.06723358154298
2024-07-02,DO 0.001%,103.9,100.59485719561576,84.154383020401,117.41776113390922
2024-07-02,DO 0.05%,103.58,99.44557250976563,83.05329574584961,117.39123779296875
2024-07-03,DO 0.001%,103.17,100.69434057295322,83.50414263010025,118.70240034341812
2024-07-03,DO 0.05%,102.75,99.59354232788087,82.22370071411133,118.69138458251953
2024-07-04,DO 0.001%,102.49,100.63665698468685,83.87175032913684,117.96679885983467
2024-07-04,DO 0.05%,102.05,99.50805130004883,82.69460357666016,117.94644744873047
2024-07-05,DO 0.001%,103.55,100.67741313636303,83.644327865839,118.45516083478927
2024-07-05,DO 0.05%,103.22,99.56895904541015,82.39898529052735,118.4569418334961
2024-07-08,DO 0.001%,101.58,100.58170615792274,84.18777941703796,117.29902777433395
2024-07-08,DO 0.05%,101.29,99.42535720825195,83.10275390625,117.2464517211914
2024-07-09,DO 0.001%,100.78,100.69803251564502,83.4931512582302,118.7373290169239
2024-07-09,DO 0.05%,100.42,99.59915405273438,82.20785339355469,118.73233886718751
2024-07-10,DO 0.001%,99.47,100.70341961503028,83.54605100572108,118.72165635824203
2024-07-10,DO 0.05%,99.09,99.60830657958985,82.26355407714844,118.75710662841797
2024-07-11,DO 0.001%,100.41,100.7036548858881,83.53869125068188,118.73027089118956
2024-07-11,DO 0.05%,100.1,99.60856246948242,82.25493713378907,118.76303375244142
2024-07-12,DO 0.001%,100.72,100.71623282790183,83.33701586484908,119.00863854408263
2024-07-12,DO 0.05%,100.45,99.62539169311523,82.01290100097657,118.98584838867188
2024-07-15,DO 0.001%,99.66,100.58206208050251,84.18150552749633,117.30753372073173
2024-07-15,DO 0.05%,99.36,99.42586898803711,83.09528549194336,117.25345001220704
2024-07-16,DO 0.001%,99.13,100.78376762926578,83.08897402226924,119.69333706617354
2024-07-16,DO 0.05%,98.77,99.72671218872071,81.66837799072266,119.7535775756836
2024-07-17,DO 0.001%,98.14,100.73844480991363,83.29349678874016,119.19658979654311
2024-07-17,DO 0.05%,97.86,99.65928222656251,81.94335250854492,119.21952941894531
2024-07-18,DO 0.001%,99.76,100.77732482731342,83.18936832010745,119.55443073868751
2024-07-18,DO 0.05%,99.55,99.71851181030274,81.78915802001953,119.64425903320313
2024-07-19,DO 0.001%,98.79,100.57795992195605,84.21838272631167,117.24467417359351
2024-07-19,DO 0.05%,98.55,99.41976928710938,83.14082794189453,117.19335754394531
2024-07-22,DO 0.001%,96.71,100.7096935045719,83.43587788581847,118.8694667828083
2024-07-22,DO 0.05%,96.49,99.61652481079102,82.1319790649414,118.87298309326172
2024-07-23,DO 0.001%,97.01,100.67987443149089,83.75822912395,118.36184879302978
2024-07-23,DO 0.05%,96.83,99.57442199707032,82.5267576599121,118.42240264892578
2024-07-24,DO 0.001%,96.31,100.76277422964573,83.21992940127849,119.42830142855644
2024-07-24,DO 0.05%,96.13,99.69613037109376,81.83730697631836,119.4890350341797
2024-05-30,DO 0.001%,97.24,98.49505711197853,93.09579788446426,101.76974866390228
2024-05-30,DO 0.05%,95.97,96.69329421937466,90.0105340796709,101.46706849694253
2024-05-31,DO 0.001%,95.92,98.66451659202575,91.02288306355476,104.33026714324951
2024-05-31,DO 0.05%,94.65,96.94824179112912,88.23231210112571,103.83725722312927
2024-06-03,DO 0.001%,95.41,98.68681840896606,90.84365766048431,104.57626186609268
2024-06-03,DO 0.05%,94.18,96.97810351133347,88.07661581039429,104.06708571553231
2024-06-04,DO 0.001%,91.71,98.87217562794685,88.30713967680931,107.83177077770233
2024-06-04,DO 0.05%,90.88,97.24170217335225,85.6916683125496,107.03026205301285
2024-06-05,DO 0.001%,92.36,98.70672905445099,91.73097758889197,103.67829412221909
2024-06-05,DO 0.05%,91.77,96.95779124140739,88.93690636038781,103.26892201066018
2024-06-06,DO 0.001%,92.68,98.66939363479614,91.68456282019615,103.63835445642471
2024-06-06,DO 0.05%,92.15,96.92353689074517,88.86409253120422,103.21791382908822
2024-06-07,DO 0.001%,94.26,98.79849321842194,89.33733801841736,106.49338949918747
2024-06-07,DO 0.05%,93.62,97.14335508584976,86.67828344762326,105.82106947422028
2024-06-10,DO 0.001%,94.38,98.63267376422881,92.13660668134689,103.0752690911293
2024-06-10,DO 0.05%,93.97,96.8650909882784,89.25755088329315,102.69534830927849
2024-06-11,DO 0.001%,96.65,98.71215062141418,91.01441334486007,104.45523544549941
2024-06-11,DO 0.05%,96.22,96.99747658669949,88.25886622309685,103.97012116909028
2024-06-12,DO 0.001%,98.31,98.76889951229096,89.70342400074004,106.01577075719833
2024-06-12,DO 0.05%,97.88,97.10207135975361,87.02171364724636,105.3850381910801
2024-06-13,DO 0.001%,97.71,98.75105450749398,90.37566279172897,105.239326608181
2024-06-13,DO 0.05%,97.36,97.06309770226478,87.66854452431203,104.68824916362763
2024-06-14,DO 0.001%,98.48,98.84154614210128,89.04288656115531,106.9306542634964
2024-06-14,DO 0.05%,98.33,97.19844088852406,86.41134218633175,106.22822489976883
2024-06-17,DO 0.001%,98.48,98.92838591337204,87.46033353209495,108.94153475761414
2024-06-17,DO 0.05%,98.33,97.30854832530022,84.86556794464589,108.02030145645142
2024-06-18,DO 0.001%,99.14,98.75929339528084,89.89487752318382,105.78231192827225
2024-06-18,DO 0.05%,98.97,97.08659506678582,87.20384738981724,105.17393525481225
2024-06-19,DO 0.001%,101.06,98.72716646790504,90.32827734947205,105.23088648319244
2024-06-19,DO 0.05%,100.81,97.03882448136807,87.6062135064602,104.66922026515007
2024-06-20,DO 0.001%,101.81,98.89296816587448,88.32833468914032,107.8637556552887
2024-06-20,DO 0.05%,101.39,97.2671070945263,85.72448178708554,107.07071158766747
2024-06-21,DO 0.001%,100.93,98.90870609879494,87.87987758517265,108.41144045591354
2024-06-21,DO 0.05%,100.51,97.28669017612934,85.28040609836579,107.5531542491913
2024-06-24,DO 0.001%,100.54,98.72321274876595,90.11901433467865,105.44765446186065
2024-06-24,DO 0.05%,100.0,97.04079620659351,87.39960820376874,104.85960258603096
2024-06-25,DO 0.001%,101.15,99.06120838522911,85.65596975684166,111.41341416835785
2024-06-25,DO 0.05%,100.82,97.44110892891884,83.08456921696663,110.19880115628243
2024-06-26,DO 0.001%,101.21,98.88837522268295,88.08270692825317,108.1275184392929
2024-06-26,DO 0.05%,100.96,97.26184527158738,85.4743935263157,107.29576827168465
2024-06-27,DO 0.001%,102.61,98.91308596730232,87.4598245203495,108.90012724399567
2024-06-27,DO 0.05%,102.36,97.28908191382885,84.85723769724369,107.97471843600273
2024-06-28,DO 0.001%,103.22,99.03288128972054,86.13159980177879,110.77079275846481
2024-06-28,DO 0.05%,103.02,97.4186149275303,83.56001167058945,109.64125793099404
2024-07-01,DO 0.001%,101.78,99.04782019257546,86.16651445627213,110.77268675565719
2024-07-01,DO 0.05%,101.58,97.43991889357568,83.60259043514729,109.65418498158455
2024-07-02,DO 0.001%,103.9,99.01896632909775,86.47309341430663,110.33192993402481
2024-07-02,DO 0.05%,103.58,97.4093279850483,83.90336020112038,109.26264001965524
2024-07-03,DO 0.001%,103.17,98.97613239884376,86.58009833693504,110.08638503551482
2024-07-03,DO 0.05%,102.75,97.35500053822994,83.9926303523779,109.02458628296853
2024-07-04,DO 0.001%,102.49,98.9164714872837,87.32994366288185,109.05750657320023
2024-07-04,DO 0.05%,102.05,97.29178282737732,84.72715633392335,108.11121082305908
2024-07-05,DO 0.001%,103.55,98.91237571835518,87.2487977206707,109.13896028995514
2024-07-05,DO 0.05%,103.22,97.28540097117424,84.64268132507802,108.17777113318444
2024-07-08,DO 0.001%,101.58,98.95386609435081,87.16911370754242,109.34482594728469
2024-07-08,DO 0.05%,101.29,97.3375525200367,84.58241536855698,108.38130217790604
2024-07-09,DO 0.001%,100.78,99.1012901008129,85.41089243888855,111.82209141254425
2024-07-09,DO 0.05%,100.42,97.48728696703911,82.849951415658,110.56961383581162
2024-07-10,DO 0.001%,99.47,99.10645716190338,85.16279064416885,112.134328687191
2024-07-10,DO 0.05%,99.09,97.48399686932564,82.59678306341172,110.83164328455925
2024-07-11,DO 0.001%,100.41,98.93115588426589,86.87769856452941,109.61660270690918
2024-07-11,DO 0.05%,100.1,97.3028781569004,84.27457539260388,108.5959052181244
2024-07-12,DO 0.001%,100.72,98.89402762055397,87.98085131049156,108.25757685899734
2024-07-12,DO 0.05%,100.45,97.26867047429086,85.37462889671326,107.41138837218286
2024-07-15,DO 0.001%,99.66,99.09263690114021,85.35709699988365,111.8609183549881
2024-07-15,DO 0.05%,99.36,97.47294237434865,82.79091049551964,110.59468624711037
2024-07-16,DO 0.001%,99.13,98.90933940410613,87.52201273441314,108.81909967660904
2024-07-16,DO 0.05%,98.77,97.28500429272653,84.91837867975235,107.90298963904381
2024-07-17,DO 0.001%,98.14,98.99891955256462,86.1674555361271,110.6317260146141
2024-07-17,DO 0.05%,97.86,97.37386026501656,83.5812514680624,109.49917704463006
2024-07-18,DO 0.001%,99.76,98.93576066493988,87.1376141667366,109.3307511806488
2024-07-18,DO 0.05%,99.55,97.31367014408112,84.54135914921761,108.35684811830521
2024-07-19,DO 0.001%,98.79,99.10497747659683,85.171455681324,112.11950815916062
2024-07-19,DO 0.05%,98.55,97.48227598488332,82.60508414328099,110.81820288538934
2024-07-22,DO 0.001%,96.71,99.28207805156707,83.35520115494728,114.89441528320312
2024-07-22,DO 0.05%,96.49,97.64112820267678,80.80006303548814,113.23203790783883
2024-07-23,DO 0.001%,97.01,99.27673342823982,83.22646261453629,115.04043062925338
2024-07-23,DO 0.05%,96.83,97.62429270267486,80.66496485650539,113.34400623321534
2024-07-24,DO 0.001%,96.31,99.16860986351966,84.2974825143814,113.37052881717682
2024-07-24,DO 0.05%,96.13,97.52953905522824,81.73016315877437,111.89660824656487
2024-07-25,DO 0.001%,96.57,99.02972068190574,85.95702652931213,110.96680963039398
2024-07-25,DO 0.05%,96.38,97.40869213283062,83.37960464596749,109.80256605505944
2024-07-26,DO 0.001%,97.8,99.34274514913558,82.53600593805312,116.13578839302063
2024-07-26,DO 0.05%,97.35,97.67718510687352,79.9747035229206,114.28271077871324
2024-07-29,DO 0.001%,96.53,99.13240492343903,85.3855306327343,111.94402931928634
2024-07-29,DO 0.05%,96.1,97.52999990224839,82.83713520169259,110.69580425024033
2024-07-30,DO 0.001%,94.57,98.9673963367939,86.9230183660984,109.66538497209548
2024-07-30,DO 0.05%,94.2,97.35098708570004,84.33839395463467,108.66278053760529
2024-07-31,DO 0.001%,95.13,99.1635315835476,84.58748899698257,113.00047727823257
2024-07-31,DO 0.05%,94.76,97.53785763561726,82.02735698521137,111.59055915713311
2024-08-01,DO 0.001%,96.76,99.29935485720634,82.63166463375092,115.87230970859527
2024-08-01,DO 0.05%,96.2,97.61640580177307,80.0581985026598,114.02976993322373
2024-08-02,DO 0.001%,95.25,99.2451451063156,83.66745618581771,114.38631502389907
2024-08-02,DO 0.05%,94.28,97.60536880731583,81.10907554626465,112.78848140120506
2024-08-05,DO 0.001%,90.96,99.2458435177803,83.63442369103431,114.42982960939408
2024-08-05,DO 0.05%,89.79,97.60431877613068,81.07518870651722,112.82419412851334
2024-08-06,DO 0.001%,91.32,99.30719718933105,83.08064258694648,115.32221006155014
2024-08-06,DO 0.05%,89.93,97.66108462870122,80.5253223758936,113.5990588080883
2024-08-07,DO 0.001%,91.37,99.12504200935363,84.8221789240837,112.59997973442077
2024-08-07,DO 0.05%,89.44,97.4943630105257,82.25367370665074,111.22983844399452
2024-08-08,DO 0.001%,92.84,99.2536621749401,83.1214286327362,115.10082546472549
2024-08-08,DO 0.05%,91.32,97.58173727214337,80.54789804637433,113.3700703406334
2024-08-09,DO 0.001%,92.84,99.22023312449456,83.89736968874931,114.02256102561951
2024-08-09,DO 0.05%,91.32,97.58230312228203,81.33715982019902,112.47179199576378
2024-08-12,DO 0.001%,93.65,99.32282266616821,82.54542857408524,116.05914069414139
2024-08-12,DO 0.05%,91.88,97.64656503081322,79.97738693594933,114.20170670628548
2024-08-13,DO 0.001%,95.84,99.31867954730987,82.80915584564208,115.70604043006897
2024-08-13,DO 0.05%,94.14,97.65965541958809,80.24866249263287,113.91676324367523
2024-08-14,DO 0.001%,95.36,99.46418588161468,81.00179718732834,118.57814512252807
2024-08-14,DO 0.05%,93.48,97.7484880578518,78.42962930202485,116.33400503396989
2024-08-15,DO 0.001%,94.48,99.20227566361427,83.95971770882606,113.88991019725799
2024-08-15,DO 0.05%,92.65,97.55938910841942,81.3946431940794,112.34809832215309
2024-08-16,DO 0.001%,94.49,99.37008973360061,82.12952454686165,116.75467565059661
2024-08-16,DO 0.05%,92.64,97.68917296290398,79.56383798718453,114.800912835598
2024-08-19,DO 0.001%,92.19,99.31986329555511,82.51349104642868,116.09090065956116
2024-08-19,DO 0.05%,90.53,97.6395006543398,79.94331342399121,114.22392069935799
2024-08-20,DO 0.001%,89.37,99.2257789850235,83.7732832789421,114.19406247138977
2024-08-20,DO 0.05%,87.73,97.58293897449971,81.21106857538224,112.61542459487916
2024-08-21,DO 0.001%,90.43,99.36092752218246,82.40192277431488,116.36885658502578
2024-08-21,DO 0.05%,88.9,97.69575315833092,79.84241709411144,114.48611348628998
2024-06-27,DO 0.001%,102.61,101.7506886267662,95.46032409250736,106.53964503526687
2024-06-27,DO 0.05%,102.36,101.45608591079711,96.5505172920227,107.29163959503173
2024-06-28,DO 0.001%,103.22,102.0802246749401,95.16055885672569,107.4251321530342
2024-06-28,DO 0.05%,103.02,101.82122699737548,96.38328582763671,108.15552640914916
2024-07-01,DO 0.001%,101.78,101.7562627363205,95.38896463155746,106.63093012809753
2024-07-01,DO 0.05%,101.58,101.45837263107299,96.46991641998291,107.3756464767456
2024-07-02,DO 0.001%,103.9,102.07624316811561,95.10177733778953,107.48509605884551
2024-07-02,DO 0.05%,103.58,101.81241710662842,96.31140458106994,108.20946893692016
2024-07-03,DO 0.001%,103.17,102.06215104699135,95.08876504957675,107.47656598210334
2024-07-03,DO 0.05%,102.75,101.794917678833,96.28799578666687,108.19908241271972
2024-07-04,DO 0.001%,102.49,102.70819275736808,94.4469642472267,109.26669971108436
2024-07-04,DO 0.05%,102.05,102.518255443573,95.89120167732239,109.96388887405395
2024-07-05,DO 0.001%,103.55,103.08028266787528,93.49780318319797,110.93122293233871
2024-07-05,DO 0.05%,103.22,102.87987016677856,94.9483688545227,111.56857677459716
2024-07-08,DO 0.001%,101.58,103.44151392340659,93.15946559190749,111.90577515125274
2024-07-08,DO 0.05%,101.29,103.28795345306396,94.73387449264526,112.54658296585082
2024-07-09,DO 0.001%,100.78,103.14527775049208,93.47138648867606,111.06857285261154
2024-07-09,DO 0.05%,100.42,102.95664379119873,94.9523886680603,111.70948688507079
2024-07-10,DO 0.001%,99.47,103.00669718265533,93.25158318161964,111.08034846067427
2024-07-10,DO 0.05%,99.09,102.76656919479369,94.60653426170349,111.68781118392944
2024-07-11,DO 0.001%,100.41,102.56561861753462,94.22412654936313,109.27613467574119
2024-07-11,DO 0.05%,100.1,102.32552103042602,95.54079790115355,109.94143087387084
2024-07-12,DO 0.001%,100.72,103.02484320163727,93.3825083976984,110.96597062826156
2024-07-12,DO 0.05%,100.45,102.80109867095946,94.7765037727356,111.58736398696898
2024-07-15,DO 0.001%,99.66,103.4983167541027,92.34528364181519,112.89569839954376
2024-07-15,DO 0.05%,99.36,103.27010499954223,93.75645201683044,113.4648816871643
2024-07-16,DO 0.001%,99.13,104.10888685822486,91.8780115878582,114.43515404582023
2024-07-16,DO 0.05%,98.77,103.96749450683593,93.49526643753052,115.0290705680847
2024-07-17,DO 0.001%,98.14,103.71533300638198,92.08724580407142,113.5427897799015
2024-07-17,DO 0.05%,97.86,103.50676851272583,93.55031621932983,114.11074777603149
2024-07-18,DO 0.001%,99.76,104.04410894870757,91.63483200967312,114.59566909670829
2024-07-18,DO 0.05%,99.55,103.85959741592407,93.15523715019225,115.15829433441161
2024-07-19,DO 0.001%,98.79,103.97124737381934,91.55610676109791,114.56119889974593
2024-07-19,DO 0.05%,98.55,103.76184614181518,93.01887640953063,115.10785409927368
2024-07-22,DO 0.001%,96.71,103.90721750497818,91.43125032663345,114.59383519053459
2024-07-22,DO 0.05%,96.49,103.6709189224243,92.8297887134552,115.12153831481933
2024-07-23,DO 0.001%,97.01,103.96966683626174,91.55514154732226,114.55963042736053
2024-07-23,DO 0.05%,96.83,103.75981216430664,93.01684844970703,115.10598861694335
2024-07-24,DO 0.001%,96.31,104.02457543492316,91.46760872304439,114.74940352082251
2024-07-24,DO 0.05%,96.13,103.81737733840941,92.93500793457031,115.29389684677123
2024-07-25,DO 0.001%,96.57,104.39579665303229,90.1235123449564,116.89751090884208
2024-07-25,DO 0.05%,96.38,104.12961093902587,91.42192725181579,117.36135675430297
2024-07-26,DO 0.001%,97.8,104.31280033349991,90.50424091875553,116.3210731768608
2024-07-26,DO 0.05%,97.35,104.06691869735717,91.86387806892394,116.80972761154175
2024-07-29,DO 0.001%,96.53,104.52517149448394,89.97091807961463,117.29177660584449
2024-07-29,DO 0.05%,96.1,104.2707015800476,91.28897853851318,117.75721210479736
2024-07-30,DO 0.001%,94.57,104.51118795990944,90.3824852335453,116.79455879449844
2024-07-30,DO 0.05%,94.2,104.29510931015014,91.80483856201171,117.29598062515258
2024-07-31,DO 0.001%,95.13,104.62502285957336,89.95372520923614,117.4804397034645
2024-07-31,DO 0.05%,94.76,104.38969528198241,91.31359688758849,117.95649375915526
2024-08-01,DO 0.001%,96.76,104.15516885876654,90.54267452478408,116.01302520036697
2024-08-01,DO 0.05%,96.2,103.88098426818847,91.83669618606567,116.48702323913574
2024-08-02,DO 0.001%,95.25,104.77084253072738,89.19288338541983,118.61778729081153
2024-08-02,DO 0.05%,94.28,104.49375308990479,90.41114273071288,119.04398571014404
2024-08-05,DO 0.001%,90.96,104.55455018877983,88.51991824328898,119.05587369322777
2024-08-05,DO 0.05%,89.79,104.18422744750976,89.46453080177307,119.40167690277099
2024-08-06,DO 0.001%,91.32,104.72337814331054,89.49234699189662,118.18452695727348
2024-08-06,DO 0.05%,89.93,104.46401369094848,90.77139143943786,118.63120862960815
2024-08-07,DO 0.001%,91.37,104.84007248878478,88.50860111176966,119.55333280801773
2024-08-07,DO 0.05%,89.44,104.51943656921387,89.56962365150451,119.93019813537597
2024-08-08,DO 0.001%,92.84,104.79084658622742,88.08878741264343,119.97978838443755
2024-08-08,DO 0.05%,91.32,104.43094049453735,89.0156897354126,120.3177250099182
2024-08-09,DO 0.001%,92.84,104.77039611935615,89.4271347361803,118.34089158892631
2024-08-09,DO 0.05%,91.32,104.51457427978515,90.70944539070129,118.78757215499877
2024-08-12,DO 0.001%,93.65,104.56581905961036,88.959904910326,118.54737494587897
2024-08-12,DO 0.05%,91.88,104.2303349494934,90.02585443496703,118.92998668670654
2024-08-13,DO 0.001%,95.84,104.82128701567649,89.02010408699512,118.90842522382735
2024-08-13,DO 0.05%,94.14,104.53901811599731,90.21311275482176,119.32581796646117
2024-08-14,DO 0.001%,95.36,105.0741730248928,88.28698802888393,120.22190019488333
2024-08-14,DO 0.05%,93.48,104.78047170639037,89.38439329147339,120.60868007659911
2024-08-15,DO 0.001%,94.48,104.86674858450888,88.04812174975872,120.15884760499
2024-08-15,DO 0.05%,92.65,104.51725816726685,88.99478429794311,120.50216705322265
2024-08-16,DO 0.001%,94.49,105.06884021878241,87.9537962335348,120.62031631112097
2024-08-16,DO 0.05%,92.64,104.74905939102172,88.95625907897949,120.97982681274414
2024-08-19,DO 0.001%,92.19,104.92110218524932,88.58134203493594,119.60366870641708
2024-08-19,DO 0.05%,90.53,104.62148447036742,89.69642229080199,119.99611585617065
2024-08-20,DO 0.001%,89.37,104.89808183670043,88.61557092845439,119.52315781235694
2024-08-20,DO 0.05%,87.73,104.59681196212767,89.73034398078917,119.91568347930908
2024-08-21,DO 0.001%,90.43,104.77944499850273,88.7683099758625,119.13785653829574
2024-08-21,DO 0.05%,88.9,104.46803350448607,89.87442541122437,119.52901111602783
2024-08-22,DO 0.001%,88.73,105.01092739224433,87.98040597081184,120.48831126213074
2024-08-22,DO 0.05%,87.26,104.68244361877441,88.96685020446776,120.84304483413696
2024-08-23,DO 0.001%,90.15,104.77045644521712,88.19820042669772,119.81153955817221
2024-08-23,DO 0.05%,88.58,104.41454832077025,89.14626146316527,120.1556807899475
2024-08-26,DO 0.001%,92.15,104.8804425549507,88.36912772119045,119.79089604854583
2024-08-26,DO 0.05%,90.62,104.55660179138182,89.4088973045349,120.16116891860962
2024-08-27,DO 0.001%,92.83,104.91422503709792,88.44884231388568,119.75192554235457
2024-08-27,DO 0.05%,91.33,104.60278150558472,89.52455720901489,120.13263305664061
2024-08-28,DO 0.001%,89.04,105.12031024336814,87.15024973273277,121.70968070864677
2024-08-28,DO 0.05%,87.54,104.75785724639891,87.95089047431945,122.01545835494994
2024-08-29,DO 0.001%,88.29,105.00122699379921,87.94067535877227,120.52052527189254
2024-08-29,DO 0.05%,86.79,104.66819374084471,88.91226378440857,120.87103910446166
2024-08-30,DO 0.001%,90.99,105.2303566789627,87.53805453002452,121.41311877608298
2024-08-30,DO 0.05%,89.5,104.91135635375976,88.48876920700073,121.76012798309326
2024-09-02,DO 0.001%,88.31,105.26742088794708,86.75875299274921,122.46166669607162
2024-09-02,DO 0.05%,86.86,104.90844379425049,87.5062377166748,122.75757129669189
2024-09-03,DO 0.001%,89.01,105.36506432652473,87.18437003970146,122.09022830486298
2024-09-03,DO 0.05%,87.61,105.04771709442139,88.08760024070739,122.42750127792358
2024-09-04,DO 0.001%,85.52,105.05361397147178,86.39479500830173,122.5592377436161
2024-09-04,DO 0.05%,84.07,104.64360548019408,86.96529598236083,122.80779489517211
2024-09-05,DO 0.001%,85.16,105.14166559815406,86.37231155991553,122.740794454813
2024-09-05,DO 0.05%,83.81,104.7441609954834,86.96813632965087,122.99754453659057
2024-09-06,DO 0.001%,84.77,105.03785685658454,86.43681800305843,122.47777370095253
2024-09-06,DO 0.05%,83.44,104.627213306427,87.01301622390747,122.72721809387207
2024-09-09,DO 0.001%,84.01,105.24127565979957,86.89175945103167,122.24653261065482
2024-09-09,DO 0.05%,82.66,104.88496278762817,87.66645857810974,122.54839656829833
2024-09-10,DO 0.001%,82.8,105.30869584202766,85.03099620401859,124.80987496495246
2024-09-10,DO 0.05%,81.43,104.89497621536255,85.32027755737305,125.01238580703735
2024-09-11,DO 0.001%,81.22,105.10045096993446,85.60080412387848,123.68035767436027
2024-09-11,DO 0.05%,79.91,104.67057674407958,85.97466468811035,123.88859518051147
2024-09-12,DO 0.001%,82.68,105.14175005435943,86.52712581694125,122.54107965946197
2024-09-12,DO 0.05%,81.37,104.75100912094116,87.16511922836303,122.80754215240478
2024-09-13,DO 0.001%,82.93,105.10755735635757,86.80228413403033,122.12919881105422
2024-09-13,DO 0.05%,81.89,104.72442298889159,87.50284976005554,122.40973707199096
2024-09-16,DO 0.001%,81.84,104.91210156679153,86.80022098958491,121.7952107143402
2024-09-16,DO 0.05%,81.1,104.49833856582642,87.42823046684265,122.05438074111937
2024-09-17,DO 0.001%,82.16,105.35398849844933,85.27465235650538,124.56042752981185
2024-09-17,DO 0.05%,81.45,104.95191555023193,85.64455856323242,124.77959768295287
2024-09-18,DO 0.001%,83.47,105.19517463684082,86.74623537659645,122.35239243149756
2024-09-18,DO 0.05%,82.86,104.82352222442627,87.46369268417358,122.63911918640136
2024-07-25,DO 0.001%,96.57,96.05272122502328,91.62542870819568,99.37571500778199
2024-07-25,DO 0.05%,96.38,96.18500602722168,91.48716470420361,100.41417880892753
2024-07-26,DO 0.001%,97.8,96.2447130280733,91.06639932394027,100.1708808195591
2024-07-26,DO 0.05%,97.35,96.25956211328506,90.85745455861091,101.13486090183258
2024-07-29,DO 0.001%,96.53,96.08357653796674,91.47978015005589,99.56131760835648
2024-07-29,DO 0.05%,96.1,96.1736724936962,91.31064119517802,100.5736733686924
2024-07-30,DO 0.001%,94.57,96.04840435147285,91.62732882142068,99.36919377326966
2024-07-30,DO 0.05%,94.2,96.17918455600739,91.48720481276511,100.4064779651165
2024-07-31,DO 0.001%,95.13,96.26827787637711,90.7975935781002,100.48761993527413
2024-07-31,DO 0.05%,94.76,96.19440289020538,90.51504776895045,101.38859912157058
2024-08-01,DO 0.001%,96.76,96.45350160241128,90.34543551683426,101.17980075836182
2024-08-01,DO 0.05%,96.2,96.31629853844642,90.03573326945305,102.02465214967727
2024-08-02,DO 0.001%,95.25,96.31082663536073,90.8242583090067,100.50248789072037
2024-08-02,DO 0.05%,94.28,96.26994450092315,90.57740512251854,101.42601467967033
2024-08-05,DO 0.001%,90.96,96.50292750835419,90.09009129822255,101.51857200264931
2024-08-05,DO 0.05%,89.79,96.30332628369331,89.73133793652057,102.310637652874
2024-08-06,DO 0.001%,91.32,96.58022939562798,89.84730160415172,101.87515035033226
2024-08-06,DO 0.05%,89.93,96.34054702877998,89.46346431374549,102.62645246624946
2024-08-07,DO 0.001%,91.37,96.5409068107605,89.9728411090374,101.69104028582574
2024-08-07,DO 0.05%,89.44,96.32201687335967,89.6022399365902,102.46379505991935
2024-08-08,DO 0.001%,92.84,96.77501683354377,89.11601633608342,102.92990262746811
2024-08-08,DO 0.05%,91.32,96.40704702377319,88.63762903213501,103.53952959895133
2024-08-09,DO 0.001%,92.84,96.82993067979812,88.93611407518387,103.20108494997025
2024-08-09,DO 0.05%,91.32,96.43739201545715,88.44091945707798,103.7766514146328
2024-08-12,DO 0.001%,93.65,96.87878253340722,88.71764697849751,103.51488491773605
2024-08-12,DO 0.05%,91.88,96.44794629693031,88.1897882938385,104.0428347480297
2024-08-13,DO 0.001%,95.84,96.92788697004319,88.48063799142838,103.85463205099106
2024-08-13,DO 0.05%,94.14,96.4552804338932,87.91506183683872,104.32894630670548
2024-08-14,DO 0.001%,95.36,96.9725482416153,88.34899631023407,104.06214048862458
2024-08-14,DO 0.05%,93.48,96.48735582351684,87.7756903153658,104.51148609995842
2024-08-15,DO 0.001%,94.48,96.86544155716896,88.75555165410042,103.45533272862434
2024-08-15,DO 0.05%,92.65,96.43840045928954,88.22977079987525,103.99010917901992
2024-08-16,DO 0.001%,94.49,97.01789837598801,88.13762450039387,104.37117582201958
2024-08-16,DO 0.05%,92.64,96.49898730635643,87.53268400073051,104.77197401762008
2024-08-19,DO 0.001%,92.19,96.984878885746,88.33817542374135,104.08786951422691
2024-08-19,DO 0.05%,90.53,96.50355968236923,87.77072258353233,104.53771709918975
2024-08-20,DO 0.001%,89.37,97.16079148292542,87.609553758502,105.18433243393898
2024-08-20,DO 0.05%,87.73,96.58107234239577,86.95021601080894,105.46919833183289
2024-08-21,DO 0.001%,90.43,97.10927602648735,87.75600024938583,104.94543481469155
2024-08-21,DO 0.05%,88.9,96.53879791855812,87.10227329730988,105.25956807017326
2024-08-22,DO 0.001%,88.73,97.1884148812294,87.43227491676808,105.44114048600197
2024-08-22,DO 0.05%,87.26,96.57904399514197,86.73956011593341,105.6803297996521
2024-08-23,DO 0.001%,90.15,97.23399463653564,87.2628548514843,105.70720226168633
2024-08-23,DO 0.05%,88.58,96.60802529573441,86.55339336276054,105.90759636878967
2024-08-26,DO 0.001%,92.15,97.22198546171188,87.32699945926666,105.61138144612312
2024-08-26,DO 0.05%,90.62,96.60510310053824,86.62794371902942,105.82796368479728
2024-08-27,DO 0.001%,92.83,97.13118186354637,87.6835146611929,105.06000417947769
2024-08-27,DO 0.05%,91.33,96.55401625275611,87.02418192803859,105.35869351506233
2024-08-28,DO 0.001%,89.04,97.54712870359421,85.9219202643633,107.83080554127693
2024-08-28,DO 0.05%,87.54,96.79734916567801,85.0505083733797,107.69383688569069
2024-08-29,DO 0.001%,88.29,97.44370743513107,86.33136309146882,107.16259714365006
2024-08-29,DO 0.05%,86.79,96.72108560085296,85.50176979899406,107.12997926831245
2024-08-30,DO 0.001%,90.99,97.39430449128152,86.60221820414067,106.74480185508729
2024-08-30,DO 0.05%,89.5,96.7031398844719,85.816220921278,106.78441536188124
2024-09-02,DO 0.001%,88.31,97.37083723187448,86.69086910605431,106.60206948280334
2024-09-02,DO 0.05%,86.86,96.68650056123732,85.9133867764473,106.66319582939147
2024-09-03,DO 0.001%,89.01,97.31424715280534,86.946569237113,106.20392974615098
2024-09-03,DO 0.05%,87.61,96.65716401338577,86.20280442655086,106.32921756744385
2024-09-04,DO 0.001%,85.52,97.77685296654701,84.88064673602581,109.54881788492203
2024-09-04,DO 0.05%,84.07,96.96462478637694,83.87980249047278,109.12469262838363
2024-09-05,DO 0.001%,85.16,97.41616440415383,86.5115121948719,106.88930230855942
2024-09-05,DO 0.05%,83.81,96.7171205830574,85.71517026543617,106.90620787382126
2024-09-06,DO 0.001%,84.77,97.4514112174511,86.35004849493504,107.1442504310608
2024-09-06,DO 0.05%,83.44,96.73695713162422,85.53244138896464,107.1194479060173
2024-09-09,DO 0.001%,84.01,97.28663523554802,86.98578849256039,106.12485977768898
2024-09-09,DO 0.05%,82.66,96.62344990253447,86.23223838090897,106.25486775398254
2024-09-10,DO 0.001%,82.8,97.5982882475853,85.654010040164,108.25831379532815
2024-09-10,DO 0.05%,81.43,96.8247146642208,84.7422282397747,108.04744542360305
2024-09-11,DO 0.001%,81.22,97.73017103075982,85.0597912478447,109.24127508759499
2024-09-11,DO 0.05%,79.91,96.92230452418328,84.07485615491866,108.86634765386582
2024-09-12,DO 0.001%,82.68,97.730768045187,85.02216211736203,109.29707297444344
2024-09-12,DO 0.05%,81.37,96.91692997694015,84.02614144206046,108.90980241537093
2024-09-13,DO 0.001%,82.93,97.54767979383469,85.92019236683846,107.83375617027284
2024-09-13,DO 0.05%,81.89,96.79786484718322,85.04870348811149,107.69636945486069
2024-09-16,DO 0.001%,81.84,97.75704816102981,84.9322540408373,109.45405332565308
2024-09-16,DO 0.05%,81.1,96.94255361795425,83.93064868688583,109.04274510741233
2024-09-17,DO 0.001%,82.16,97.42591181278229,86.40061102449894,107.05036991238595
2024-09-17,DO 0.05%,81.45,96.7082508611679,85.57795314669609,107.03501365423202
2024-09-18,DO 0.001%,83.47,97.72224910855293,85.12624354600906,109.13656794190408
2024-09-18,DO 0.05%,82.86,96.92133045911788,84.1551248461008,108.78185610413551
2024-09-19,DO 0.001%,84.96,97.7418242931366,85.04019310116769,109.28096506595612
2024-09-19,DO 0.05%,84.46,96.93696133852005,84.05900181353091,108.90214740991591
2024-09-20,DO 0.001%,84.32,97.70183580756188,85.18313787281514,109.03436366438866
2024-09-20,DO 0.05%,83.81,96.89961453795432,84.2124457103014,108.6938006222248
2024-09-23,DO 0.001%,84.39,97.72056139469147,85.1198371219635,109.14435209155083
2024-09-23,DO 0.05%,83.88,96.91762901186942,84.14532116770744,108.7871504342556
2024-09-24,DO 0.001%,84.98,97.70474051237106,85.19410801291465,109.02110305547714
2024-09-24,DO 0.05%,84.47,96.90597460985184,84.2292168188095,108.68482776403427
2024-09-25,DO 0.001%,86.23,97.78890806555748,84.79127826869488,109.69253762722016
2024-09-25,DO 0.05%,85.61,96.9688304555416,83.77310798704623,109.24115643143654
2024-09-26,DO 0.001%,83.26,97.66207694292069,85.35297125577927,108.75046034216881
2024-09-26,DO 0.05%,82.6,96.86805482983588,84.40139714360237,108.4565756702423
2024-09-27,DO 0.001%,84.23,97.8450159406662,84.55135309576988,110.10334095835687
2024-09-27,DO 0.05%,83.41,97.01793479442595,83.50680432796477,109.58327100157737
2024-09-30,DO 0.001%,84.66,97.96043490290641,83.97706540048122,111.085475615263
2024-09-30,DO 0.05%,83.82,97.11401198863983,82.8542953300476,110.39253571748733
2024-10-01,DO 0.001%,83.05,98.08567016005516,83.34242758333683,112.1960257792473
2024-10-01,DO 0.05%,82.4,97.22883707046509,82.13248446762562,111.30418040156364
2024-10-02,DO 0.001%,87.45,97.91454515933991,84.17560714066029,110.73777211666108
2024-10-02,DO 0.05%,86.86,97.07041971206665,83.07462311804294,110.10405202388763
2024-10-03,DO 0.001%,86.45,97.93088268876076,84.0994418770075,110.86966638088226
2024-10-03,DO 0.05%,85.92,97.08505360722542,82.9889970690012,110.21306709408759
2024-10-04,DO 0.001%,90.98,97.72486678719521,85.11160521149635,109.16042555689812
2024-10-04,DO 0.05%,90.45,96.9228660440445,84.13816465437412,108.80146346092224
2024-10-07,DO 0.001%,91.76,97.89928684830666,84.29783436357975,110.53710638284683
2024-10-07,DO 0.05%,91.25,97.06411693811417,83.2214319127798,109.94218532919884
2024-10-08,DO 0.001%,92.38,97.92242115736008,84.10568182587623,110.85228407621383
2024-10-08,DO 0.05%,91.89,97.07294082164763,82.98990237653256,110.1960839831829
2024-10-09,DO 0.001%,90.87,98.00139927744866,83.7774042582512,111.4331791138649
2024-10-09,DO 0.05%,90.36,97.15116397619246,82.62841537117957,110.67881916999816
2024-10-10,DO 0.001%,90.38,98.09591125369072,83.27062511742115,112.31990627288819
2024-10-10,DO 0.05%,89.86,97.23660667181015,82.04747150659561,111.4043257498741
2024-10-11,DO 0.001%,91.86,98.17793185114861,82.83970125198364,113.09007784605026
2024-10-11,DO 0.05%,91.29,97.31813018798827,81.55556291878223,112.03370929718017
2024-10-14,DO 0.001%,90.97,98.16193875312806,82.93428211450576,112.92168533444405
2024-10-14,DO 0.05%,90.35,97.30280871748924,81.66524837493895,111.89690472364425
2024-10-15,DO 0.001%,86.8,98.11265061974525,83.17502818226815,112.4882987844944
2024-10-15,DO 0.05%,86.22,97.2519854402542,81.93702971756458,111.54150848984717
2024-10-16,DO 0.001%,86.0,98.54228286743164,80.81121844410896,116.8791906428337
2024-10-16,DO 0.05%,85.48,97.7431663441658,79.22971900463104,115.10361859560012
2024-08-22,DO 0.001%,88.73,89.82158215880395,84.14209933280945,95.02930642127991
2024-08-22,DO 0.05%,87.26,88.4233363866806,80.80426414012909,93.41112544536591
2024-08-23,DO 0.001%,90.15,89.90360790967942,84.39803498327733,94.99813038349153
2024-08-23,DO 0.05%,88.58,88.53768033385278,81.16018279194833,93.37581388950349
2024-08-26,DO 0.001%,92.15,89.96825614571571,84.26445342302323,95.295251390934
2024-08-26,DO 0.05%,90.62,88.62099419832231,81.11081337928772,93.67892947196961
2024-08-27,DO 0.001%,92.83,89.90447031736375,83.26648603081703,96.07390850901605
2024-08-27,DO 0.05%,91.33,88.50866911411286,80.03549066185951,94.48105922937394
2024-08-28,DO 0.001%,89.04,89.89580312013626,83.27751406908035,96.04120169758798
2024-08-28,DO 0.05%,87.54,88.49759981036186,80.03632258176805,94.44807916879654
2024-08-29,DO 0.001%,88.29,89.96348595321179,84.3345563876629,95.21597456455231
2024-08-29,DO 0.05%,86.79,88.61612985134126,81.17392271757126,93.59751789569856
2024-08-30,DO 0.001%,90.99,89.88370246231557,83.12006537616253,96.15880176544191
2024-08-30,DO 0.05%,89.5,88.4762401342392,79.86237713694572,94.56855388879777
2024-09-02,DO 0.001%,88.31,89.88509848475456,83.65118453860283,95.66018998265267
2024-09-02,DO 0.05%,86.86,88.49506695866586,80.39919862747193,94.05871945619583
2024-09-03,DO 0.001%,89.01,89.8796814864874,84.07195324778557,95.24660081744194
2024-09-03,DO 0.05%,87.61,88.49890332818032,80.8100451886654,93.63362427949906
2024-09-04,DO 0.001%,85.52,89.89750637531282,82.71975189924241,96.57140994191171
2024-09-04,DO 0.05%,84.07,88.47945653796197,79.46974803209305,94.98762956857682
2024-09-05,DO 0.001%,85.16,89.89324284732342,83.4284677541256,95.89200516819955
2024-09-05,DO 0.05%,83.81,88.4991311788559,80.18563895821572,94.29574774503709
2024-09-06,DO 0.001%,84.77,89.86434679985047,82.70227197349072,96.5035707974434
2024-09-06,DO 0.05%,83.44,88.43518992066384,79.41338413357735,94.92002680301667
2024-09-09,DO 0.001%,84.01,89.91825267016888,82.27224855184555,97.04509814262391
2024-09-09,DO 0.05%,82.66,88.48791880607605,79.03112488389016,95.46639152765275
2024-09-10,DO 0.001%,82.8,89.92598199903966,83.90413410246373,95.52652757167817
2024-09-10,DO 0.05%,81.43,88.5562157213688,80.70165185332299,93.91951858997345
2024-09-11,DO 0.001%,81.22,89.94279355883599,82.84363137304784,96.57062299489975
2024-09-11,DO 0.05%,79.91,88.54386939406396,79.64898173213005,94.98467280864716
2024-09-12,DO 0.001%,82.68,89.89876225650312,82.58364779651166,96.70274385213852
2024-09-12,DO 0.05%,81.37,88.47562546730042,79.3311989247799,95.1207685470581
2024-09-13,DO 0.001%,82.93,89.92406853199006,83.92280522882939,95.50384624958039
2024-09-13,DO 0.05%,81.89,88.55416506528854,80.71786634325981,93.89630961418152
2024-09-16,DO 0.001%,81.84,89.90810320973397,82.75821528196336,96.56222530007364
2024-09-16,DO 0.05%,81.1,88.49491329193116,79.52144364118577,94.97784788608551
2024-09-17,DO 0.001%,82.16,89.91958401203156,83.86532036662102,95.54666479110719
2024-09-17,DO 0.05%,81.45,88.54670957922936,80.65516501665115,93.94056563377382
2024-09-18,DO 0.001%,83.47,89.9469600659609,82.27041593551637,97.11965328693391
2024-09-18,DO 0.05%,82.86,88.52542938590051,79.06121177077294,95.54035291671754
2024-09-19,DO 0.001%,84.96,90.1058209514618,80.5055686801672,99.17548228502274
2024-09-19,DO 0.05%,84.46,88.63832674622536,77.35443004965782,97.59211115837098
2024-09-20,DO 0.001%,84.32,89.95484570622445,82.46217228412628,96.95976290225984
2024-09-20,DO 0.05%,83.81,88.54414493441583,79.26911226511002,95.37835638523103
2024-09-23,DO 0.001%,84.39,89.95558953285217,82.06840232551099,97.33116955161096
2024-09-23,DO 0.05%,83.88,88.52751183509827,78.86007791161538,95.7533350110054
2024-09-24,DO 0.001%,84.98,89.96216000139714,81.67932170867921,97.71298977375031
2024-09-24,DO 0.05%,84.47,88.51727975010873,78.45891235470772,96.13728989362717
2024-09-25,DO 0.001%,86.23,89.96764168024063,81.31444779753686,98.06953067064286
2024-09-25,DO 0.05%,85.61,88.50560107827187,78.07905348539353,96.49482469558717
2024-09-26,DO 0.001%,83.26,90.00741484463215,81.45904661595821,98.03370841145517
2024-09-26,DO 0.05%,82.6,88.56487934589387,78.27427382469178,96.45691670179367
2024-09-27,DO 0.001%,84.23,89.97080024838448,81.26467070400716,98.12425043821335
2024-09-27,DO 0.05%,83.41,88.50705826282501,78.02955690026283,96.54949826002121
2024-09-30,DO 0.001%,84.66,89.9780013525486,81.61412907779217,97.81411785483361
2024-09-30,DO 0.05%,83.82,88.53463349342347,78.40714256167412,96.23810586929322
2024-10-01,DO 0.001%,83.05,90.02443122625351,80.74907487988473,98.74325433373453
2024-10-01,DO 0.05%,82.4,88.54779584407807,77.53480830192566,97.1657760500908
2024-10-02,DO 0.001%,87.45,90.10182692587377,80.23765634298326,99.4177002632618
2024-10-02,DO 0.05%,86.86,88.61688228845597,77.06082060933113,97.83343151807786
2024-10-03,DO 0.001%,86.45,90.09568766117097,80.28209728896618,99.3605657541752
2024-10-03,DO 0.05%,85.92,88.61174769997598,77.10290939807892,97.77695634365082
2024-10-04,DO 0.001%,90.98,90.1345876377821,80.2474123299122,99.49008860826493
2024-10-04,DO 0.05%,90.45,88.65950626134872,77.10339689254761,97.90342936515809
2024-10-07,DO 0.001%,91.76,90.19230966210365,79.74479574143888,100.10757251024246
2024-10-07,DO 0.05%,91.25,88.70131421089172,76.61169513463975,98.5128504395485
2024-10-08,DO 0.001%,92.38,90.12152216136457,80.4061923646927,99.3081205868721
2024-10-08,DO 0.05%,91.89,88.65249587893487,77.26254264116288,97.72320477962495
2024-10-09,DO 0.001%,90.87,90.02853844285012,80.8631175160408,98.64622268915177
2024-10-09,DO 0.05%,90.36,88.55964407920838,77.66122833490373,97.06871166229249
2024-10-10,DO 0.001%,90.38,90.11581410050393,80.43480812966824,99.26696218013764
2024-10-10,DO 0.05%,89.86,88.64690558910371,77.28787645697594,97.68259437084198
2024-10-11,DO 0.001%,91.86,90.11647168636323,80.21767543494703,99.47299137592316
2024-10-11,DO 0.05%,91.29,88.6344373881817,77.05351349115372,97.88754340410233
2024-10-14,DO 0.001%,90.97,90.10001586973668,80.24543418228627,99.40588527798653
2024-10-14,DO 0.05%,90.35,88.61503298878671,77.06746537089349,97.82177404165269
2024-10-15,DO 0.001%,86.8,90.65310486793518,77.46719860732556,103.41818312883377
2024-10-15,DO 0.05%,86.22,89.11535598039627,74.48519127368928,101.74093283414841
2024-10-16,DO 0.001%,86.0,90.37793752610685,78.71774365007877,101.54096954226495
2024-10-16,DO 0.05%,85.48,88.86598666310312,75.65016528367997,99.91702526807785
2024-10-17,DO 0.001%,86.14,90.28845733880998,79.32804800808431,100.74011620640755
2024-10-17,DO 0.05%,85.51,88.7956602871418,76.24406071901322,99.13257248401642
2024-10-18,DO 0.001%,86.42,90.21630615592004,79.3464065116644,100.54423108100892
2024-10-18,DO 0.05%,85.79,88.7054632127285,76.19776464104653,98.9438379406929
2024-10-21,DO 0.001%,85.74,90.17420449078084,79.93206218004228,99.88583671450615
2024-10-21,DO 0.05%,85.24,88.69032438993455,76.79882942438127,98.29403960704803
2024-10-22,DO 0.001%,85.81,90.05732129931451,80.49640559852124,99.06313212394716
2024-10-22,DO 0.05%,85.35,88.57537637352944,77.29630693197251,97.48299717903137
2024-10-23,DO 0.001%,88.12,90.21817650258542,79.59077511906625,100.31731005907059
2024-10-23,DO 0.05%,87.78,88.72413107156754,76.46752924323083,98.71901820898057
2024-10-24,DO 0.001%,88.64,90.20620520591737,79.7054483908415,100.17920624852181
2024-10-24,DO 0.05%,88.3,88.71643713712693,76.58179370760918,98.5829436659813
2024-10-25,DO 0.001%,87.02,90.3752964025736,78.66907151639462,101.58086667776108
2024-10-25,DO 0.05%,86.62,88.85920413136483,75.59384907484055,99.95661829710008
2024-10-28,DO 0.001%,85.69,90.2680290567875,79.4395411515236,100.5839772951603
2024-10-28,DO 0.05%,85.37,88.77733685374261,76.34791293740273,98.97955220937729
2024-10-29,DO 0.001%,85.33,90.08872371912003,80.44604637980461,99.18879570364953
2024-10-29,DO 0.05%,85.08,88.61275978088379,77.27326222062112,97.60639686584473
2024-10-30,DO 0.001%,86.28,90.46553119659424,78.37037122488023,102.08845828056336
2024-10-30,DO 0.05%,86.0,88.95058284997941,75.34023007750511,100.44966596364975
2024-10-31,DO 0.001%,86.28,90.438570176363,78.24983897089959,102.1376047384739
2024-10-31,DO 0.05%,86.0,88.90816023349763,75.18269518017769,100.50039718151093
2024-11-01,DO 0.001%,90.87,90.4500725388527,78.21560677587986,102.19869554281236
2024-11-01,DO 0.05%,90.6,88.92000846862794,75.15442050099374,100.5596171617508
2024-11-04,DO 0.001%,91.02,90.50204338192941,78.12139412641525,102.4168092262745
2024-11-04,DO 0.05%,90.75,88.97778716087342,75.09358966946603,100.76994982957841
2024-11-05,DO 0.001%,91.47,90.20060494601728,79.70971730887891,100.16127894878389
2024-11-05,DO 0.05%,91.13,88.7095910191536,76.58118963837624,98.5655528306961
2024-11-06,DO 0.001%,90.57,90.3763528519869,78.75376534104348,101.50270020127297
2024-11-06,DO 0.05%,90.29,88.86654304265977,75.68871973752977,99.87939281463623
2024-11-07,DO 0.001%,90.13,90.77194464683534,77.03579533338548,104.128300396204
2024-11-07,DO 0.05%,89.92,89.22751150131226,74.09351066350938,102.42631826400758
2024-11-08,DO 0.001%,90.21,90.50691598534584,78.0175440710783,102.52854492187501
2024-11-08,DO 0.05%,89.97,88.97615511417389,74.98162490725518,100.87954070568085
2024-11-11,DO 0.001%,89.16,90.68074503421784,77.21491740942002,103.73081669449807
2024-11-11,DO 0.05%,89.0,89.12995961904527,74.22327427268029,102.04534133672715
2024-11-12,DO 0.001%,87.15,90.74108123183251,77.14660933077336,103.94486628174782
2024-11-12,DO 0.05%,87.0,89.19847378730775,74.19433723688127,102.24944255352021
2024-11-13,DO 0.001%,87.42,90.40796009361745,78.52668261766435,101.79728788614274
2024-11-13,DO 0.05%,87.3,88.8899586737156,75.46437690258027,100.16745965480806
2024-09-19,DO 0.001%,84.96,82.11199934124946,80.02871407032013,84.78098502159119
2024-09-19,DO 0.05%,84.46,81.6189236176014,78.70833134651184,84.0689492225647
2024-09-20,DO 0.001%,84.32,82.16479118525982,79.59183680951595,85.22464347958565
2024-09-20,DO 0.05%,83.81,81.65704159140587,78.30825066447258,84.50738988161088
2024-09-23,DO 0.001%,84.39,82.12549208283424,79.71772428750992,85.0678848874569
2024-09-23,DO 0.05%,83.88,81.61320937871933,78.42007589936256,84.33884699821472
2024-09-24,DO 0.001%,84.98,82.18594573438168,79.41607792973518,85.40572084784507
2024-09-24,DO 0.05%,84.47,81.67197170734406,78.14727902412415,84.68548448324204
2024-09-25,DO 0.001%,86.23,82.17187089443206,79.07766484618188,85.69469039678573
2024-09-25,DO 0.05%,85.61,81.62564044117927,77.82982021093369,84.93684185028076
2024-09-26,DO 0.001%,83.26,82.43148676514626,78.6365487152338,86.40685043215751
2024-09-26,DO 0.05%,82.6,81.94146943688392,77.45207296729087,85.74752294540406
2024-09-27,DO 0.001%,84.23,82.4144218301773,78.48055132865906,86.53322050452232
2024-09-27,DO 0.05%,83.41,81.90576655626298,77.30479179382324,85.85047802209854
2024-09-30,DO 0.001%,84.66,82.44050680220127,78.02567379534244,86.9983519244194
2024-09-30,DO 0.05%,83.82,81.90315884828567,76.88449149727822,86.28414776086807
2024-10-01,DO 0.001%,83.05,82.52211997807026,77.80287937760353,87.31223727345467
2024-10-01,DO 0.05%,82.4,81.99420637965203,76.68665140986442,86.61699600219727
2024-10-02,DO 0.001%,87.45,82.50370178878308,77.49663096010684,87.59239076852798
2024-10-02,DO 0.05%,86.86,81.9434696674347,76.39977389931678,86.85487033367157
2024-10-03,DO 0.001%,86.45,82.59788231909275,77.39491797745228,87.806792024374
2024-10-03,DO 0.05%,85.92,82.06124620556831,76.31573952198029,87.10626721143723
2024-10-04,DO 0.001%,90.98,82.60491227626801,77.19256168007851,88.0189544403553
2024-10-04,DO 0.05%,90.45,82.05334406018257,76.12844879865646,87.2994647884369
2024-10-07,DO 0.001%,91.76,82.67044560670853,76.67841956794261,88.62591885328293
2024-10-07,DO 0.05%,91.25,82.09653916239738,75.65790073513985,87.87959091424942
2024-10-08,DO 0.001%,92.38,82.79265143692493,76.3774697381258,89.09041344761849
2024-10-08,DO 0.05%,91.89,82.23356236338616,75.39120332837105,88.36866456985473
2024-10-09,DO 0.001%,90.87,82.76677044808865,76.30908561825753,89.13150859713554
2024-10-09,DO 0.05%,90.36,82.19295521378517,75.32509694337845,88.38833103418351
2024-10-10,DO 0.001%,90.38,82.77884525775909,76.44021695673466,89.0072082078457
2024-10-10,DO 0.05%,89.86,82.22064235568047,75.4480543255806,88.28634397029877
2024-10-11,DO 0.001%,91.86,82.90725516200065,75.64229940414428,90.02591019749642
2024-10-11,DO 0.05%,91.29,82.32109344005585,74.72054331064224,89.26606183290481
2024-10-14,DO 0.001%,90.97,82.82063196003438,75.70555409312249,89.84992743372916
2024-10-14,DO 0.05%,90.35,82.21110545396805,74.77055401325225,89.05512393951416
2024-10-15,DO 0.001%,86.8,82.89372759401797,75.50761079788208,90.15857887268066
2024-10-15,DO 0.05%,86.22,82.29090230584144,74.59429172158241,89.3735902762413
2024-10-16,DO 0.001%,86.0,82.95135035693646,74.55113363087177,91.32232783436775
2024-10-16,DO 0.05%,85.48,82.28001216173172,73.71309879541397,90.42609677553178
2024-10-17,DO 0.001%,86.14,82.96751478075981,74.96570707142352,90.86162434220314
2024-10-17,DO 0.05%,85.51,82.3400042617321,74.09905439257622,90.03653088569641
2024-10-18,DO 0.001%,86.42,83.12502960324288,74.30287614107132,91.83226590275764
2024-10-18,DO 0.05%,85.79,82.48868312716483,73.49975074768066,90.98546001434326
2024-10-21,DO 0.001%,85.74,83.1447861212492,74.47581408262252,91.65181540966034
2024-10-21,DO 0.05%,85.24,82.53102874875069,73.66186326026916,90.8417199897766
2024-10-22,DO 0.001%,85.81,83.13161676764489,74.60895540177822,91.47883766651154
2024-10-22,DO 0.05%,85.35,82.52580345511437,73.78401067256928,90.68249176025391
2024-10-23,DO 0.001%,88.12,83.13796512246132,74.15034646868706,92.03093557715415
2024-10-23,DO 0.05%,87.78,82.49168100357056,73.35962101578713,91.1663697552681
2024-10-24,DO 0.001%,88.64,83.21617526173591,73.56745207190514,92.84139560818672
2024-10-24,DO 0.05%,88.3,82.54094100236892,72.82680898547173,91.91960225343705
2024-10-25,DO 0.001%,87.02,83.17756771206855,73.93605466723442,92.33967656970025
2024-10-25,DO 0.05%,86.62,82.52433661937714,73.16475411057472,91.46026041984558
2024-10-28,DO 0.001%,85.69,83.27509157657623,73.59325345754624,92.88359525203705
2024-10-28,DO 0.05%,85.37,82.6218046438694,72.85614570021629,91.99594685554504
2024-10-29,DO 0.001%,85.33,83.35054048001766,73.34671738684177,93.28713369965553
2024-10-29,DO 0.05%,85.08,82.6987320291996,72.63459423780441,92.39494593143463
2024-10-30,DO 0.001%,86.28,83.35538632452487,73.07437495529652,93.63899972319602
2024-10-30,DO 0.05%,86.0,82.67923348546029,72.38274298667908,92.70110467672347
2024-10-31,DO 0.001%,86.28,83.32215199053287,72.99899072945118,93.69347815990447
2024-10-31,DO 0.05%,86.0,82.62782509088517,72.3098753285408,92.725058054924
2024-11-01,DO 0.001%,90.87,83.37546623051166,73.02242889523507,93.73104091763496
2024-11-01,DO 0.05%,90.6,82.7009594464302,72.33642159819603,92.79391537427902
2024-11-04,DO 0.001%,91.02,83.48830873489379,72.96017422139644,93.95437763214112
2024-11-04,DO 0.05%,90.75,82.84476367592812,72.2887864780426,93.0624796628952
2024-11-05,DO 0.001%,91.47,83.47425877094268,72.50789374232292,94.52712262153625
2024-11-05,DO 0.05%,91.13,82.78275652885436,71.86860965251923,93.54447102069855
2024-11-06,DO 0.001%,90.57,83.59623076677322,72.4740375083685,94.72779232621193
2024-11-06,DO 0.05%,90.29,82.9412241768837,71.84794554233551,93.79992762565612
2024-11-07,DO 0.001%,90.13,83.60705680131912,72.4606293451786,94.75941469550132
2024-11-07,DO 0.05%,89.92,82.95426271677017,71.83646273732185,93.83440073490142
2024-11-08,DO 0.001%,90.21,83.4949158000946,72.88108844697476,94.06497632145881
2024-11-08,DO 0.05%,89.97,82.84597863078118,72.21611637353897,93.16207632780075
2024-11-11,DO 0.001%,89.16,83.60200199842453,72.15992330014706,95.15572915315627
2024-11-11,DO 0.05%,89.0,82.91858453035354,71.55749231100083,94.17027154684067
2024-11-12,DO 0.001%,87.15,83.598071590662,72.41719585180283,94.80568405270576
2024-11-12,DO 0.05%,87.0,82.93820160627365,71.79545554161072,93.86796509742737
2024-11-13,DO 0.001%,87.42,83.60770357728005,72.3832749402523,94.86320731163025
2024-11-13,DO 0.05%,87.3,82.94769405841828,71.76486436128616,93.9238431429863
2024-11-14,DO 0.001%,87.85,83.74929776072501,71.69868746161461,95.97702516913414
2024-11-14,DO 0.05%,87.75,83.0688339471817,71.14292600870132,94.97309988498688
2024-11-15,DO 0.001%,86.5,83.63673884272575,72.09734523832797,95.28499479174614
2024-11-15,DO 0.05%,86.46,82.9585397529602,71.50254276752472,94.30469691753387
2024-11-18,DO 0.001%,87.24,83.62843025922776,71.96486064553261,95.45465905189513
2024-11-18,DO 0.05%,87.2,82.934685151577,71.37909150123596,94.44383394241333
2024-11-19,DO 0.001%,89.91,83.79946767449378,71.48200258910656,96.34478198051453
2024-11-19,DO 0.05%,89.88,83.11404409646988,70.94644904136658,95.32118938922882
2024-11-20,DO 0.001%,89.75,83.80223388552666,71.13670382916928,96.83909792184829
2024-11-20,DO 0.05%,89.72,83.08384802341462,70.62675787210465,95.74309480905532
2024-11-21,DO 0.001%,89.94,83.76559651494026,71.53270982444286,96.22974541306496
2024-11-21,DO 0.05%,89.91,83.07418765068054,70.99054301261901,95.19970378160477
2024-11-22,DO 0.001%,91.23,83.9466241312027,70.93240222871303,97.32208035826683
2024-11-22,DO 0.05%,91.2,83.25459362983703,70.44964116096496,96.25442288160325
2024-11-25,DO 0.001%,90.01,83.92946964263916,70.77076296567917,97.53593434214592
2024-11-25,DO 0.05%,89.94,83.21601140499115,70.29842867016792,96.42353867053986
2024-11-26,DO 0.001%,89.31,83.95559939146042,70.90812822937966,97.36911589622497
2024-11-26,DO 0.05%,89.28,83.26405644893646,70.42790532231331,96.30060104370118
2024-11-27,DO 0.001%,88.4,83.78115893959999,70.59965092241764,97.59444269061089
2024-11-27,DO 0.05%,88.33,83.00268311262131,70.1271595466137,96.36623823881149
2024-11-28,DO 0.001%,87.58,83.85659291744233,70.36332396149635,98.04556394815445
2024-11-28,DO 0.05%,87.45,83.0790869808197,69.91455726385117,96.80107354402541
2024-11-29,DO 0.001%,88.1,84.10204936981201,70.15719646275043,98.67962329864501
2024-11-29,DO 0.05%,87.97,83.38297385931016,69.74414749860763,97.51267161369324
2024-12-02,DO 0.001%,87.71,84.08543220281601,70.13287271142006,98.69485736012459
2024-12-02,DO 0.05%,87.58,83.35863525152206,69.7202237534523,97.51360999345779
2024-12-03,DO 0.001%,87.2,84.27411167621612,69.39101073384285,100.10177418231964
2024-12-03,DO 0.05%,87.08,83.53308498859406,69.04790428519249,98.83289292097092
2024-12-04,DO 0.001%,88.1,84.17627934932709,69.71944854199886,99.4532768023014
2024-12-04,DO 0.05%,87.92,83.43714306592942,69.34443722963333,98.21736518383027
2024-12-05,DO 0.001%,86.86,84.30118671298027,69.73997124075889,99.58617433667183
2024-12-05,DO 0.05%,86.68,83.60363139152527,69.37369492292405,98.41909707784653
2024-12-06,DO 0.001%,86.46,84.2860322546959,69.54210754871369,99.877452378273
2024-12-06,DO 0.05%,86.35,83.56394286632538,69.18900202989578,98.65325740098953
2024-12-09,DO 0.001%,86.98,84.2568775844574,69.74571262121201,99.51869072794914
2024-12-09,DO 0.05%,86.86,83.54593585252762,69.37540870070457,98.33055353879928
2024-12-10,DO 0.001%,87.18,84.32265967488289,69.21307769179344,100.45176953077316
2024-12-10,DO 0.05%,87.06,83.57907547473907,68.88684868454934,99.16168143510818
2024-12-11,DO 0.001%,87.54,84.28113665819168,69.16574364185333,100.4730335342884
2024-12-11,DO 0.05%,87.42,83.51965134143829,68.8395345890522,99.14898861408234
2024-10-17,DO 0.001%,86.14,85.40020167827606,81.977792263031,89.76486206054688
2024-10-17,DO 0.05%,85.51,84.97822352409364,81.9996173453331,89.21436356067657
2024-10-18,DO 0.001%,86.42,85.32536721229553,82.04987406730652,89.6217954158783
2024-10-18,DO 0.05%,85.79,84.92886821031571,82.1085383629799,89.05406451225281
2024-10-21,DO 0.001%,85.74,85.65377461910248,81.6129287481308,90.37254929542542
2024-10-21,DO 0.05%,85.24,85.13193473100662,81.50504520654678,89.8713848400116
2024-10-22,DO 0.001%,85.81,86.15499997138977,80.82097721099854,91.67147755622864
2024-10-22,DO 0.05%,85.35,85.45560002088547,80.44892708778382,91.27357098579407
2024-10-23,DO 0.001%,88.12,85.62494599819183,81.56676912307739,90.39068508148193
2024-10-23,DO 0.05%,87.78,85.10125261068345,81.47149459838867,89.87574616432191
2024-10-24,DO 0.001%,88.64,86.37990832328796,80.4094671010971,92.32674431800842
2024-10-24,DO 0.05%,88.3,85.60845526695252,79.91521002531051,91.97631484031677
2024-10-25,DO 0.001%,87.02,86.06716084480286,80.9178022146225,91.484450340271
2024-10-25,DO 0.05%,86.62,85.3910106420517,80.59167893886567,91.06378924846649
2024-10-28,DO 0.001%,85.69,86.50811982154846,80.18997180461884,92.6887834072113
2024-10-28,DO 0.05%,85.37,85.70122511863708,79.62569655418396,92.3682837677002
2024-10-29,DO 0.001%,85.33,86.32152318954468,80.37600457668304,92.30423092842102
2024-10-29,DO 0.05%,85.08,85.55391833305359,79.9108894610405,91.93046998500824
2024-10-30,DO 0.001%,86.28,87.17811870574951,78.87532722949982,94.82496166229248
2024-10-30,DO 0.05%,86.0,86.22456365585327,77.93299322128296,94.67142984390259
2024-10-31,DO 0.001%,86.28,87.42787790298462,78.13681423664093,95.94441843032837
2024-10-31,DO 0.05%,86.0,86.4378915166855,77.04493384361267,95.85233992099762
2024-11-01,DO 0.001%,90.87,86.76683926582336,79.54829406738281,93.64807319641113
2024-11-01,DO 0.05%,90.6,85.88327983856202,78.83768779039383,93.37876592636108
2024-11-04,DO 0.001%,91.02,87.15941905975342,78.78461754322052,94.90976619720459
2024-11-04,DO 0.05%,90.75,86.20353147506714,77.85105025529862,94.74422727584839
2024-11-05,DO 0.001%,91.47,87.77299094200134,77.19760298728943,97.44860196113586
2024-11-05,DO 0.05%,91.13,86.76905665397645,75.89443075656891,97.46100624084472
2024-11-06,DO 0.001%,90.57,87.6654269695282,77.57252371311188,96.8730239868164
2024-11-06,DO 0.05%,90.29,86.66145014762878,76.33738539934158,96.85370202064514
2024-11-07,DO 0.001%,90.13,88.02506709098816,76.88867437839508,98.10700583457947
2024-11-07,DO 0.05%,89.92,87.02335854530335,75.43275706529617,98.2153115463257
2024-11-08,DO 0.001%,90.21,87.76650142669678,77.42264974117279,97.16402697563171
2024-11-08,DO 0.05%,89.97,86.76028305530548,76.12700754642486,97.18066887378693
2024-11-11,DO 0.001%,89.16,87.91760563850403,76.81712055206299,98.08070945739746
2024-11-11,DO 0.05%,89.0,86.91891094207764,75.42304089069367,98.14269753456117
2024-11-12,DO 0.001%,87.15,88.09821510314941,76.40347290039062,98.80568981170654
2024-11-12,DO 0.05%,87.0,87.11255170345306,74.89460734844208,98.93506252765656
2024-11-13,DO 0.001%,87.42,87.92907762527466,76.53144347667694,98.45585060119629
2024-11-13,DO 0.05%,87.3,86.93888336181641,75.12560468673706,98.51655881404878
2024-11-14,DO 0.001%,87.85,88.104807138443,76.27043271064758,98.98487424850464
2024-11-14,DO 0.05%,87.75,87.12481028556824,74.75496345043183,99.11500791549683
2024-11-15,DO 0.001%,86.5,87.96846580505371,76.78205358982086,98.18028712272644
2024-11-15,DO 0.05%,86.46,86.97021764278412,75.35742232084274,98.26260338306427
2024-11-18,DO 0.001%,87.24,88.09392976760864,76.41250491142273,98.78934812545776
2024-11-18,DO 0.05%,87.2,87.10790505886078,74.90637171506881,98.91706696987153
2024-11-19,DO 0.001%,89.91,88.2008273601532,75.83535838127136,99.6609525680542
2024-11-19,DO 0.05%,89.88,87.24389074325562,74.25296788930893,99.82711638927461
2024-11-20,DO 0.001%,89.75,88.24397802352905,75.83303117752075,99.71230483055115
2024-11-20,DO 0.05%,89.72,87.28790139675141,74.22432377099992,99.89699947834015
2024-11-21,DO 0.001%,89.94,88.67789387702942,74.01428043842316,102.72242498397827
2024-11-21,DO 0.05%,89.91,87.89639784812928,72.08459998130799,103.11197822570801
2024-11-22,DO 0.001%,91.23,88.73482322692871,73.96868467330933,102.85575222969055
2024-11-22,DO 0.05%,91.2,87.96246987342835,72.00055787324905,103.27246069431305
2024-11-25,DO 0.001%,90.01,88.28919959068298,75.62513601779938,100.03944611549377
2024-11-25,DO 0.05%,89.94,87.34675889492036,73.98414523363114,100.24242043972016
2024-11-26,DO 0.001%,89.31,88.15329909324646,75.93399798870087,99.47782111167908
2024-11-26,DO 0.05%,89.28,87.19017920017242,74.38253386735917,99.6244982290268
2024-11-27,DO 0.001%,88.4,88.47841048240662,74.84064793586731,101.32222747802734
2024-11-27,DO 0.05%,88.33,87.60227339744569,73.06271357297898,101.60968542098999
2024-11-28,DO 0.001%,87.58,88.24011301994324,75.5297462940216,100.1116304397583
2024-11-28,DO 0.05%,87.45,87.30274824142457,73.91677398204804,100.29299345970155
2024-11-29,DO 0.001%,88.1,88.12073874473572,75.97610807418823,99.38621950149536
2024-11-29,DO 0.05%,87.97,87.1550134754181,74.44520752429962,99.5194494152069
2024-12-02,DO 0.001%,87.71,88.58012056350708,74.298783659935,102.20039319992065
2024-12-02,DO 0.05%,87.58,87.7614413547516,72.44093953847886,102.54008429050447
2024-12-03,DO 0.001%,87.2,88.17864203453064,75.94150245189667,99.49621319770813
2024-12-03,DO 0.05%,87.08,87.21546061515808,74.37483531475067,99.65380469799042
2024-12-04,DO 0.001%,88.1,88.34017252922058,75.20615220069885,100.66191673278809
2024-12-04,DO 0.05%,87.92,87.4286152458191,73.52396437883377,100.8865615463257
2024-12-05,DO 0.001%,86.86,88.32022213935852,75.19691002368927,100.65171599388123
2024-12-05,DO 0.05%,86.68,87.40871415615082,73.52689910173416,100.86763869762422
2024-12-06,DO 0.001%,86.46,88.26816248893738,75.47512876987457,100.2166006565094
2024-12-06,DO 0.05%,86.35,87.33514228343964,73.84369122982025,100.40995439529419
2024-12-09,DO 0.001%,86.98,88.59244346618652,74.32932436466217,102.1715440750122
2024-12-09,DO 0.05%,86.86,87.7713154745102,72.4644784617424,102.51632118701936
2024-12-10,DO 0.001%,87.18,88.44193387031555,74.80503761768341,101.3294141292572
2024-12-10,DO 0.05%,87.06,87.5673318529129,73.04915576457978,101.60093220233918
2024-12-11,DO 0.001%,87.54,88.37758207321167,75.07581853866577,100.882488489151
2024-12-11,DO 0.05%,87.42,87.47752729415895,73.36717069387436,101.12392764091493
2024-12-12,DO 0.001%,89.7,88.49842238426208,74.98094141483307,101.15145993232727
2024-12-12,DO 0.05%,89.53,87.61094509601594,73.19418508291245,101.44680830001832
2024-12-13,DO 0.001%,90.03,88.61740708351135,74.27195417881012,102.28235793113708
2024-12-13,DO 0.05%,89.67,87.8037706565857,72.3893628025055,102.63938593864441
2024-12-16,DO 0.001%,90.75,88.53815913200378,74.7284654378891,101.54718708992004
2024-12-16,DO 0.05%,90.19,87.67493835926057,72.90972076177597,101.86233653068543
2024-12-17,DO 0.001%,89.99,88.52139711380005,74.4570540189743,101.90785241127014
2024-12-17,DO 0.05%,89.32,87.6833349275589,72.64134137153626,102.21866080284119
2024-12-18,DO 0.001%,89.79,88.60958480834961,74.16838335990906,102.42071890830994
2024-12-18,DO 0.05%,89.12,87.80657290935517,72.2876665019989,102.77604416370393
2024-12-19,DO 0.001%,89.87,88.70374941825867,73.56866192817688,103.40067672729492
2024-12-19,DO 0.05%,89.2,87.9774899482727,71.60737123966217,103.81294901847839
2024-12-20,DO 0.001%,89.1,88.61417770385742,73.86352479457855,102.86412811279297
2024-12-20,DO 0.05%,88.43,87.84569235801698,71.9704107284546,103.22774693012238
2024-12-23,DO 0.001%,89.97,88.71091556549072,73.44909799098969,103.58505892753601
2024-12-23,DO 0.05%,89.3,88.00043785095215,71.47898730278015,104.00402189731598
2024-12-24,DO 0.001%,89.01,88.75359463691711,73.40073418617249,103.70804190635681
2024-12-24,DO 0.05%,88.32,88.0528756427765,71.40076878547669,104.14833281993866
2024-12-26,DO 0.001%,89.2,88.74029779434204,73.33029270172119,103.79618859291077
2024-12-26,DO 0.05%,88.48,88.04775006771088,71.33661248207093,104.23240040302277
2024-12-27,DO 0.001%,89.02,88.76289319992065,72.80628740787506,104.60871076583862
2024-12-27,DO 0.05%,88.31,88.14540093421937,70.77827635526657,105.07354497432709
2024-12-30,DO 0.001%,90.69,88.75250792503357,73.34647035598755,103.78702330589294
2024-12-30,DO 0.05%,89.98,88.05883679866791,71.34528927564621,104.2284466791153
2024-12-31,DO 0.001%,91.85,88.61636137962341,74.0850704908371,102.5478847026825
2024-12-31,DO 0.05%,91.14,87.82288711547852,72.19742886781692,102.90787232398988
2025-01-02,DO 0.001%,92.29,88.64341640472412,73.88610994815826,102.86631178855896
2025-01-02,DO 0.05%,91.58,87.87432628631592,71.9747007226944,103.24285871505738
2025-01-03,DO 0.001%,93.47,88.58670234680176,74.32470071315765,102.17135953903198
2025-01-03,DO 0.05%,92.76,87.76571096897126,72.4633983206749,102.51361064434052
2025-01-06,DO 0.001%,92.73,88.79132199287415,72.91378474235535,104.48126816749573
2025-01-06,DO 0.05%,92.07,88.16094069957734,70.87078636169434,104.95559560775757
2025-01-07,DO 0.001%,92.39,88.72387409210205,73.28229284286499,103.8474383354187
2025-01-07,DO 0.05%,91.74,88.03633725643158,71.2977783536911,104.27747081756593
2025-01-08,DO 0.001%,93.58,88.48292136192322,74.60159182548523,101.66014361381531
2025-01-08,DO 0.05%,92.94,87.6288591337204,72.81436774253845,101.95190671920777
2025-01-09,DO 0.001%,92.36,88.72967672348022,73.87189555168152,102.98966383934021
2025-01-09,DO 0.05%,91.75,87.96832912921906,71.90388524770736,103.40621476650239
2025-01-10,DO 0.001%,94.09,88.5937557220459,73.97027885913849,102.6858971118927
2025-01-10,DO 0.05%,93.54,87.8116577243805,72.0937251353264,103.03787647247314
2024-11-14,DO 0.001%,87.85,86.02409090995789,81.90365903019905,92.95271800518036
2024-11-14,DO 0.05%,87.75,87.28357779979706,79.46229681372643,91.67064682245254
2024-11-15,DO 0.001%,86.5,85.84513154625893,82.44810817837715,92.30298270463943
2024-11-15,DO 0.05%,86.46,87.1485525548458,79.90693464875221,90.97821900844573
2024-11-18,DO 0.001%,87.24,86.93111188530922,79.52146994948387,95.82636404514312
2024-11-18,DO 0.05%,87.2,87.86115428209304,77.58876625299453,94.71374920606613
2024-11-19,DO 0.001%,89.91,86.31708508729935,81.062219145298,93.9476684975624
2024-11-19,DO 0.05%,89.88,87.47785513401031,78.78238858580589,92.71486147642135
2024-11-20,DO 0.001%,89.75,86.21865613460541,81.33502731084823,93.62228499412537
2024-11-20,DO 0.05%,89.72,87.41318621635436,79.00045105218886,92.37180608510971
2024-11-21,DO 0.001%,89.94,86.38811129450798,80.87895058393478,94.1728305888176
2024-11-21,DO 0.05%,89.91,87.52705929279327,78.63941241502762,92.95808279514313
2024-11-22,DO 0.001%,91.23,86.08811401963234,81.70726487159729,93.17891180276871
2024-11-22,DO 0.05%,91.2,87.32405050992965,79.30020303726197,91.9031905889511
2024-11-25,DO 0.001%,90.01,86.34340402007103,80.98635225534439,94.03568659543991
2024-11-25,DO 0.05%,89.94,87.49327826499939,78.72086777687072,92.8050586938858
2024-11-26,DO 0.001%,89.31,86.68309072494507,80.10624422550201,95.10034500360489
2024-11-26,DO 0.05%,89.28,87.70770349502563,78.03207199573517,93.93314312696457
2024-11-27,DO 0.001%,88.4,86.34308096051217,80.98962974667549,94.0333418083191
2024-11-27,DO 0.05%,88.33,87.49400675296783,78.72416678667068,92.8041220664978
2024-11-28,DO 0.001%,87.58,86.61594123244286,80.27742931723594,94.89348267316818
2024-11-28,DO 0.05%,87.45,87.66722037792205,78.1653748869896,93.71520034074783
2024-11-29,DO 0.001%,88.1,86.62241284489632,80.26164108395577,94.9129913020134
2024-11-29,DO 0.05%,87.97,87.67139357328415,78.15327678322792,93.73619120121002
2024-12-02,DO 0.001%,87.71,86.40055950880051,80.82974131822586,94.22186269283294
2024-12-02,DO 0.05%,87.58,87.52911987304687,78.59605697393417,92.99999166727066
2024-12-03,DO 0.001%,87.2,86.88037590265274,79.62372351050377,95.69093956232071
2024-12-03,DO 0.05%,87.08,87.82633255720138,77.66168269515038,94.56015272140503
2024-12-04,DO 0.001%,88.1,87.64665233373643,77.86934336543084,97.87599978446961
2024-12-04,DO 0.05%,87.92,88.25275819301605,76.34961342215537,96.87932538986206
2024-12-05,DO 0.001%,86.86,88.2025648856163,76.64400451183319,99.4295827817917
2024-12-05,DO 0.05%,86.68,88.53100937604904,75.45278749465942,98.51535326242447
2024-12-06,DO 0.001%,86.46,87.45354608774186,78.26441915273666,97.3639086985588
2024-12-06,DO 0.05%,86.35,88.14290220737458,76.63238123059273,96.32081447839737
2024-12-09,DO 0.001%,86.98,86.86184166312218,79.66077114701271,95.64153229236602
2024-12-09,DO 0.05%,86.86,87.81332384347915,77.68796550035476,94.50375734567642
2024-12-10,DO 0.001%,87.18,87.29963426113129,78.6468018257618,96.9010581421852
2024-12-10,DO 0.05%,87.06,88.06609876155854,76.92539990544319,95.84572584629059
2024-12-11,DO 0.001%,87.54,87.28791553616524,78.66609681844712,96.87361892223359
2024-12-11,DO 0.05%,87.42,88.05799173116684,76.93791428804397,95.8131624341011
2024-12-12,DO 0.001%,89.7,87.23033277511597,78.78885945081711,96.71660155534744
2024-12-12,DO 0.05%,89.53,88.02398175001144,77.02740383148193,95.6422799706459
2024-12-13,DO 0.001%,90.03,87.5367703986168,78.07227687478066,97.60280603170395
2024-12-13,DO 0.05%,89.67,88.18648660182953,76.48881186246872,96.57151840925216
2024-12-16,DO 0.001%,90.75,87.51881453990937,78.13451794624329,97.53414024353027
2024-12-16,DO 0.05%,90.19,88.1813455581665,76.54038360714912,96.50871233940124
2024-12-17,DO 0.001%,89.99,88.25786017656327,76.55645537137985,99.55418998003006
2024-12-17,DO 0.05%,89.32,88.56300040483474,75.39724549055099,98.65951062440872
2024-12-18,DO 0.001%,89.79,87.55486173391343,78.0469531738758,97.64114590644837
2024-12-18,DO 0.05%,89.12,88.1991518855095,76.47391428351402,96.61893256902694
2024-12-19,DO 0.001%,89.87,88.06253419876099,76.9804554104805,99.0120647764206
2024-12-19,DO 0.05%,89.2,88.46806801557541,75.70505247116088,98.08885477781295
2024-12-20,DO 0.001%,89.1,88.93930742025375,75.12513999581337,101.42327711105347
2024-12-20,DO 0.05%,88.43,88.88166185617446,74.37595219016075,100.63334877490998
2024-12-23,DO 0.001%,89.97,87.43462105035782,78.31011644840241,97.30796728849411
2024-12-23,DO 0.05%,89.3,88.13329657316207,76.6670572578907,96.26293090581893
2024-12-24,DO 0.001%,89.01,88.17134274244309,76.69977918148041,99.35351788759232
2024-12-24,DO 0.05%,88.32,88.51384828090667,75.49029421806335,98.43035953044891
2024-12-26,DO 0.001%,89.2,87.07097062110901,79.15959634780884,96.25720044136048
2024-12-26,DO 0.05%,88.48,87.93414877653122,77.30639911293983,95.15528576374054
2024-12-27,DO 0.001%,89.02,88.56820577859878,75.92818789958955,100.37915903806686
2024-12-27,DO 0.05%,88.31,88.71546252965926,74.95368477702141,99.54219868183135
2024-12-30,DO 0.001%,90.69,88.16425627470016,76.73303347349167,99.31783543825149
2024-12-30,DO 0.05%,89.98,88.51339037418366,75.5187989115715,98.40010646581649
2024-12-31,DO 0.001%,91.85,88.52738564014435,76.00445600867272,100.27623851537705
2024-12-31,DO 0.05%,91.14,88.69480469226836,75.00580809116363,99.4297513604164
2025-01-02,DO 0.001%,92.29,88.4660876941681,76.11297275662422,100.12728721618653
2025-01-02,DO 0.05%,91.58,88.66261593103408,75.07830305099488,99.26421808004379
2025-01-03,DO 0.001%,93.47,88.40438331842422,76.22260979175567,99.97707494258881
2025-01-03,DO 0.05%,92.76,88.62993804216384,75.15169821381569,99.09718619585037
2025-01-06,DO 0.001%,92.73,87.97305712223053,77.1071937596798,98.82352304935455
2025-01-06,DO 0.05%,92.07,88.41174548864365,75.78047178983688,97.86157693862914
2025-01-07,DO 0.001%,92.39,89.38803714752197,74.2451570212841,102.61393916845321
2025-01-07,DO 0.05%,91.74,89.08529505729675,73.76733691692353,101.90630865097046
2025-01-08,DO 0.001%,93.58,88.64718863010407,75.77788704514504,100.5810921049118
2025-01-08,DO 0.05%,92.94,88.75464477539062,74.85028111338615,99.76142152547835
2025-01-09,DO 0.001%,92.36,89.1088615822792,74.81144916415215,101.85311306476594
2025-01-09,DO 0.05%,91.75,88.96264890432357,74.1635927438736,101.10100682973861
2025-01-10,DO 0.001%,94.09,89.57468220233918,73.8936473786831,103.09942473649978
2025-01-10,DO 0.05%,93.54,89.16867570877075,73.52860100269318,102.42920690774918
2025-01-13,DO 0.001%,99.13,88.50656393051148,76.01391331672669,100.25093565702439
2025-01-13,DO 0.05%,98.56,88.67963132858276,75.00404410958289,99.3893723130226
2025-01-14,DO 0.001%,96.7,88.86493077278138,75.26697877407074,101.23119215011597
2025-01-14,DO 0.05%,96.18,88.84617408514022,74.47324696183205,100.4257297039032
2025-01-15,DO 0.001%,97.61,89.02660645008088,74.95565357208253,101.65207622766495
2025-01-15,DO 0.05%,97.09,88.92246758937836,74.25898303985595,100.87915102243423
2025-01-16,DO 0.001%,99.56,87.90728844881058,77.26298662662506,98.63002079486847
2025-01-16,DO 0.05%,99.01,88.38076393604278,75.89704547524452,97.66234588623047
2025-01-17,DO 0.001%,100.19,88.33060068368911,76.37326496958732,99.77973765850068
2025-01-17,DO 0.05%,99.55,88.59356567859649,75.25839048027991,98.88629933595656
2025-01-20,DO 0.001%,99.77,88.61693566560746,75.79664534211159,100.53986553668976
2025-01-20,DO 0.05%,99.02,88.73373717069626,74.85258105397224,99.70038464069366
2025-01-21,DO 0.001%,97.7,89.4414357662201,74.18451040506363,102.71293087005616
2025-01-21,DO 0.05%,96.95,89.11481963396072,73.73680806756019,102.0286842226982
2025-01-22,DO 0.001%,96.85,88.82207848548889,75.35344410181045,101.11615168333054
2025-01-22,DO 0.05%,96.1,88.82626554965972,74.53387277126312,100.3032292485237
2025-01-23,DO 0.001%,95.61,88.90086333274841,75.2274873483181,101.29620007038116
2025-01-23,DO 0.05%,94.86,88.86760203838348,74.4539680480957,100.50788233280181
2025-01-24,DO 0.001%,95.03,89.2635758471489,74.50379746198654,102.26783816814422
2025-01-24,DO 0.05%,94.25,89.0320113658905,73.94972428679466,101.542553794384
2025-01-27,DO 0.001%,93.29,89.33738974571229,74.32805827260017,102.49496988058091
2025-01-27,DO 0.05%,92.63,89.06062012910843,73.82033962011337,101.7730682015419
2025-01-28,DO 0.001%,93.0,89.08463211536407,74.8668226146698,101.78137300014497
2025-01-28,DO 0.05%,92.41,88.95269984006882,74.20397179126739,101.02736710309982
2025-01-29,DO 0.001%,93.0,88.85095584154129,75.30984148263931,101.1796797823906
2025-01-29,DO 0.05%,92.41,88.84184478521347,74.50703319311141,100.3766816496849
2025-01-30,DO 0.001%,93.0,89.95614259243011,73.17148941993713,104.10410870075226
2025-01-30,DO 0.05%,92.41,89.33279364109039,73.03805801868438,103.50698404312134
2025-01-31,DO 0.001%,92.89,90.01423078536988,73.11059790372849,104.20774829149246
2025-01-31,DO 0.05%,92.3,89.36361908912659,73.00965739488602,103.63635309934615
2025-02-03,DO 0.001%,93.44,89.58470746994018,73.87183043718338,103.12851051807404
2025-02-03,DO 0.05%,93.07,89.17270320653915,73.51301136016845,102.45937671661376
2025-02-04,DO 0.001%,91.37,89.16917992830277,74.69177122950553,102.01430936336517
2025-02-04,DO 0.05%,90.89,88.98990476131439,74.08042543530463,101.27282592058181
2025-02-05,DO 0.001%,92.1,89.26822373628616,74.4982846069336,102.27665456771851
2025-02-05,DO 0.05%,91.55,89.03458188772201,73.94684155583381,101.55335623025894
2025-02-06,DO 0.001%,90.63,89.0382991218567,74.98761562585831,101.63005607128143
2025-02-06,DO 0.05%,89.93,88.93571566343307,74.29542304873466,100.87722573280334
2025-02-07,DO 0.001%,91.48,89.3149214744568,74.38724591016769,102.42012427568436
2025-02-07,DO 0.05%,90.71,89.05273164510727,73.8651052057743,101.69902260303498
2024-12-12,DO 0.001%,89.7,85.60427273511887,82.7992667734623,88.83535825967789
2024-12-12,DO 0.05%,89.53,85.50628896474838,81.71505477547646,88.62388665676117
2024-12-13,DO 0.001%,90.03,85.65889778494835,81.83147097229958,89.76593034267427
2024-12-13,DO 0.05%,89.67,85.63870169878007,80.80579322576523,89.5821750998497
2024-12-16,DO 0.001%,90.75,85.69105502843857,81.4701911509037,90.1417991065979
2024-12-16,DO 0.05%,90.19,85.69188147068024,80.46884731650353,89.96493814945221
2024-12-17,DO 0.001%,89.99,85.77106984734536,80.74804371356964,90.92755662918091
2024-12-17,DO 0.05%,89.32,85.80509821414948,79.7969928574562,90.76110280036926
2024-12-18,DO 0.001%,89.79,85.81700205802917,80.26167258024216,91.42534428834915
2024-12-18,DO 0.05%,89.12,85.88251266360282,79.33887877106666,91.26799366950989
2024-12-19,DO 0.001%,89.87,85.92280841588975,79.72473583817482,92.12531089782715
2024-12-19,DO 0.05%,89.2,85.98380746722222,78.84841183304786,91.96743845701218
2024-12-20,DO 0.001%,89.1,85.97821613430978,79.25823926925659,92.62449692487718
2024-12-20,DO 0.05%,88.43,86.06483809947967,78.40886846065521,92.47316214323044
2024-12-23,DO 0.001%,89.97,86.03598751187324,78.89453839302064,93.05150003671646
2024-12-23,DO 0.05%,89.3,86.13324856638908,78.06941623449326,92.9028626203537
2024-12-24,DO 0.001%,89.01,86.10928181648255,78.57012748003007,93.48923092603684
2024-12-24,DO 0.05%,88.32,86.20201856732369,77.7713885807991,93.3403269481659
2024-12-26,DO 0.001%,89.2,86.23157639265061,77.86282465696335,94.33582788705826
2024-12-26,DO 0.05%,88.48,86.34352386474609,77.10959065318107,94.19128666877747
2024-12-27,DO 0.001%,89.02,86.30290359020233,77.52852081298829,94.76941585063935
2024-12-27,DO 0.05%,88.31,86.41638421654702,76.79891678094864,94.62560377120973
2024-12-30,DO 0.001%,90.69,86.44864169955254,76.82410342812538,95.66651058912278
2024-12-30,DO 0.05%,89.98,86.57133817076684,76.14136031270027,95.52480357885361
2024-12-31,DO 0.001%,91.85,86.56301045179367,76.3331197679043,96.32179203987123
2024-12-31,DO 0.05%,91.14,86.68640469074249,75.68417371988296,96.18080206632614
2025-01-02,DO 0.001%,92.29,86.48786383152009,76.68190819859505,95.87219589471817
2025-01-02,DO 0.05%,91.58,86.60676008820533,76.01021897435189,95.73032156467438
2025-01-03,DO 0.001%,93.47,86.7335904622078,75.66622351527215,97.24705241203309
2025-01-03,DO 0.05%,92.76,86.85181639552117,75.06414947748185,97.10668034076691
2025-01-06,DO 0.001%,92.73,86.7409110224247,75.67899144887924,97.25595396280289
2025-01-06,DO 0.05%,92.07,86.85290541887284,75.07774403214455,97.11526747226715
2025-01-07,DO 0.001%,92.39,86.80346189618112,75.45240367412568,97.58091796159745
2025-01-07,DO 0.05%,91.74,86.91184815645218,74.86733846783638,97.440515499115
2025-01-08,DO 0.001%,93.58,87.05254878401757,74.54328714609147,98.87711106777192
2025-01-08,DO 0.05%,92.94,87.15169382572174,74.02096931934356,98.73843333005905
2025-01-09,DO 0.001%,92.36,86.89083379983903,75.14881696343423,98.02462843894959
2025-01-09,DO 0.05%,91.75,86.9929986333847,74.58562011122704,97.8846494436264
2025-01-10,DO 0.001%,94.09,87.226165548563,73.99309721589088,99.71607961893082
2025-01-10,DO 0.05%,93.54,87.3098835861683,73.51056648015977,99.57906556606292
2025-01-13,DO 0.001%,99.13,87.47619685649873,73.22467319369316,100.9047027540207
2025-01-13,DO 0.05%,98.56,87.5383023262024,72.79706860184669,100.77125955104827
2025-01-14,DO 0.001%,96.7,87.33872894525528,73.64843083977699,100.25036050558091
2025-01-14,DO 0.05%,96.18,87.41194956421852,73.19077920198441,100.11479210615158
2025-01-15,DO 0.001%,97.61,87.39887963533403,73.47784039378166,100.52542155504227
2025-01-15,DO 0.05%,97.09,87.46484275102615,73.03290729045868,100.39079960346223
2025-01-16,DO 0.001%,99.56,87.34652432441712,73.63182261228562,100.28185508966446
2025-01-16,DO 0.05%,99.01,87.4179730618,73.17564750909806,100.14641025781631
2025-01-17,DO 0.001%,100.19,87.51240310549737,73.1723700606823,101.0317872619629
2025-01-17,DO 0.05%,99.55,87.56286527395248,72.75057928919793,100.899284927845
2025-01-20,DO 0.001%,99.77,87.50788971662521,73.1812768292427,101.01413025856019
2025-01-20,DO 0.05%,99.02,87.55943667411805,72.75867141008378,100.88152707338334
2025-01-21,DO 0.001%,97.7,87.69495794534684,72.63024161696434,101.88468731403351
2025-01-21,DO 0.05%,96.95,87.72992875099182,72.24679917097092,101.75597635030746
2025-01-22,DO 0.001%,96.85,87.73195208072663,72.54410111188889,102.0392800140381
2025-01-22,DO 0.05%,96.1,87.76043182611465,72.16751410245895,101.9116181087494
2025-01-23,DO 0.001%,95.61,87.57916473627091,72.96013642787933,101.35435107707978
2025-01-23,DO 0.05%,94.86,87.62580978155137,72.55292415618896,101.22307397603988
2025-01-24,DO 0.001%,95.03,87.6950414299965,72.63024161696434,101.88486471891405
2025-01-24,DO 0.05%,94.25,87.7299600148201,72.24681480288505,101.75616393327714
2025-01-27,DO 0.001%,93.29,87.85980882167817,72.18683377146722,102.61958181381226
2025-01-27,DO 0.05%,92.63,87.87551397800446,71.83588825464248,102.49529294013978
2025-01-28,DO 0.001%,93.0,87.91680796623231,72.01787127614021,102.88590828180314
2025-01-28,DO 0.05%,92.41,87.9286103796959,71.67864683032036,102.76313015699387
2025-01-29,DO 0.001%,93.0,87.57663932561876,72.93344742894173,101.36871043682099
2025-01-29,DO 0.05%,92.41,87.62867563247681,72.52689180850983,101.2371531200409
2025-01-30,DO 0.001%,93.0,88.01221004962922,71.75671042084694,103.31504025220872
2025-01-30,DO 0.05%,92.41,88.01454422235489,71.4362218952179,103.19517542123795
2025-01-31,DO 0.001%,92.89,88.23801515579224,71.23173807263375,104.25875073194504
2025-01-31,DO 0.05%,92.3,88.20546200037003,70.9514762377739,104.14793016672135
2025-02-03,DO 0.001%,93.44,88.2464157986641,71.20796060085297,104.29720584869385
2025-02-03,DO 0.05%,93.07,88.21326753616333,70.92934665799142,104.18669731378556
2025-02-04,DO 0.001%,91.37,88.22899881362916,71.24467819333077,104.22737093925477
2025-02-04,DO 0.05%,90.89,88.19903207302093,70.96314806699753,104.1160410618782
2025-02-05,DO 0.001%,92.1,88.19801557302476,71.31039104819298,104.1027805352211
2025-02-05,DO 0.05%,91.55,88.17367710828782,71.02362794280052,103.99004783391953
2025-02-06,DO 0.001%,90.63,88.16586354732515,71.36630489230157,103.9831365966797
2025-02-06,DO 0.05%,89.93,88.14929132223129,71.07459319353104,103.86880670785904
2025-02-07,DO 0.001%,91.48,88.56496191501618,70.44716498851777,105.64631778717042
2025-02-07,DO 0.05%,90.71,88.48960851430893,70.22512892603875,105.5507589840889
2025-02-10,DO 0.001%,91.81,88.26415628671647,71.17963843345643,104.3612385749817
2025-02-10,DO 0.05%,90.82,88.22638792276382,70.90364258050919,104.25169481277466
2025-02-11,DO 0.001%,93.28,88.44509882926941,70.76155774354935,105.11605459928514
2025-02-11,DO 0.05%,92.29,88.38079997062684,70.51715392470359,105.01502202272415
2025-02-12,DO 0.001%,93.87,88.78181329250336,70.00056907296181,106.5096429848671
2025-02-12,DO 0.05%,92.66,88.66892741203309,69.81348330974579,106.42718830347061
2025-02-13,DO 0.001%,91.99,88.8061073255539,69.90737933278085,106.64107913017274
2025-02-13,DO 0.05%,90.8,88.69581430435181,69.72611654162407,106.55934050559998
2025-02-14,DO 0.001%,92.42,88.711007874012,70.15079970002175,106.22409417629243
2025-02-14,DO 0.05%,91.18,88.60950529575348,69.95215923070907,106.13728924512863
2025-02-17,DO 0.001%,91.92,88.8013695716858,69.91229449152947,106.62610407114029
2025-02-17,DO 0.05%,90.65,88.69262539386749,69.73047784566879,106.54395870208741
2025-02-18,DO 0.001%,92.16,88.83930290937424,69.83408502817154,106.77736782073976
2025-02-18,DO 0.05%,90.84,88.72420186042785,69.65836261510849,106.69769336700439
2025-02-19,DO 0.001%,92.75,89.31452884197236,68.84511021494866,108.68461638450623
2025-02-19,DO 0.05%,91.38,89.12498329639435,68.74531293153763,108.63905204772949
2025-02-20,DO 0.001%,93.2,89.23417486667634,69.03983294248582,108.33895862817765
2025-02-20,DO 0.05%,91.89,89.05245121479035,68.92595012068749,108.28778209447862
2025-02-21,DO 0.001%,93.22,89.1295581650734,69.2053360426426,107.96127407312395
2025-02-21,DO 0.05%,91.92,88.97205106973648,69.07726704955101,107.90109022378921
2025-02-24,DO 0.001%,90.82,89.25005782127381,68.99221538543702,108.41471051216126
2025-02-24,DO 0.05%,89.51,89.06820818424225,68.88156069517136,108.36442015886307
2025-02-25,DO 0.001%,91.2,89.08420512914658,69.30972837924958,107.77104386329651
2025-02-25,DO 0.05%,89.99,88.93218968868256,69.1739556491375,107.7077859735489
2025-02-26,DO 0.001%,89.16,89.32512095689775,68.84606507062912,108.7083886384964
2025-02-26,DO 0.05%,87.84,89.13040235996246,68.74682922720909,108.66419858694077
2025-02-27,DO 0.001%,88.2,89.53276815176011,68.43331696271896,109.52891751766205
2025-02-27,DO 0.05%,86.84,89.30451061964035,68.36603058815002,109.50229845285416
2025-02-28,DO 0.001%,89.1,89.3801373410225,68.75101779699327,108.91381305456163
2025-02-28,DO 0.05%,87.74,89.17418214082718,68.6595666718483,108.87448951721191
2025-03-03,DO 0.001%,88.65,89.61408220052719,68.29720045924188,109.8296292257309
2025-03-03,DO 0.05%,87.29,89.36897663354874,68.24111075162888,109.81086201667786
2025-03-04,DO 0.001%,86.88,89.53204809665681,68.43942699551583,109.52219700336457
2025-03-04,DO 0.05%,85.44,89.30316627502441,68.37178834319114,109.49562883615494
2025-03-05,DO 0.001%,86.92,89.7329956483841,68.08778443336487,110.27846357345582
2025-03-05,DO 0.05%,85.41,89.46515459060669,68.04853078007699,110.27130525827408
2025-03-06,DO 0.001%,86.06,89.717634472847,68.09129600644113,110.24005019903184
2025-03-06,DO 0.05%,84.55,89.45641113996506,68.05106315016747,110.23078733682632
2025-03-07,DO 0.001%,86.13,89.75194666385651,68.06241031765938,110.34335201740265
2025-03-07,DO 0.05%,84.64,89.47924415588379,68.02542681097984,110.33829322099686
2025-01-13,DO 0.001%,99.13,93.64709232389927,89.67010947227479,99.50219440102578
2025-01-13,DO 0.05%,98.56,93.00036082148553,88.7288766181469,97.83404234647752
2025-01-14,DO 0.001%,96.7,93.57299116373062,89.21186897456646,99.91458785533905
2025-01-14,DO 0.05%,96.18,92.94607854723931,88.25590271830559,98.2327962756157
2025-01-15,DO 0.001%,97.61,93.62107027113439,89.49607577800751,99.6621963763237
2025-01-15,DO 0.05%,97.09,92.98162741541863,88.54872927188873,97.98836992979051
2025-01-16,DO 0.001%,99.56,93.44011044859886,88.2975920021534,100.76815605163574
2025-01-16,DO 0.05%,99.01,92.8573680639267,87.30335919857026,99.06481597423554
2025-01-17,DO 0.001%,100.19,93.51615765452385,89.04188440144063,100.01903499126435
2025-01-17,DO 0.05%,99.55,92.89751107692719,88.08947090148926,98.33566274642945
2025-01-20,DO 0.001%,99.77,93.53169237136841,89.01665871322156,100.07461226344108
2025-01-20,DO 0.05%,99.02,92.91385262846947,88.05707214474678,98.38861807107926
2025-01-21,DO 0.001%,97.7,93.4119292384386,88.01501718521118,101.05432011723519
2025-01-21,DO 0.05%,96.95,92.8439480316639,87.0042379975319,99.3455271434784
2025-01-22,DO 0.001%,96.85,93.4013633877039,87.94973211705685,101.1140586745739
2025-01-22,DO 0.05%,96.1,92.83691185355187,86.93622346758843,99.40434780836107
2025-01-23,DO 0.001%,95.61,93.33804118990898,86.9274243682623,102.21444379806519
2025-01-23,DO 0.05%,94.86,92.83213929533959,85.841545804739,100.4947993040085
2025-01-24,DO 0.001%,95.03,93.30018022477627,86.38174640834332,102.79895294189454
2025-01-24,DO 0.05%,94.25,92.8286769604683,85.25705238461495,101.08045241117478
2025-01-27,DO 0.001%,93.29,93.4073024725914,87.73263304710389,101.3778348016739
2025-01-27,DO 0.05%,92.63,92.85444654464722,86.69869391441345,99.66397274494172
2025-01-28,DO 0.001%,93.0,93.32273080110551,85.88009843468666,103.42397572994233
2025-01-28,DO 0.05%,92.41,92.8850555920601,84.7066024696827,101.71332931280136
2025-01-29,DO 0.001%,93.0,93.31001140117645,85.72602432787419,103.58734262585641
2025-01-29,DO 0.05%,92.41,92.88295923471452,84.54166486501694,101.8788746380806
2025-01-30,DO 0.001%,93.0,93.37903153121472,82.88835312306881,107.10012907028198
2025-01-30,DO 0.05%,92.41,93.18204140782358,81.43419980406762,105.52351454257966
2025-01-31,DO 0.001%,92.89,93.32323553919792,84.50179890930653,105.0632304573059
2025-01-31,DO 0.05%,92.3,92.98794993996621,83.20612354874612,103.39399460792542
2025-02-03,DO 0.001%,93.44,93.31515972971917,84.12634667515755,105.50323869347572
2025-02-03,DO 0.05%,93.07,93.00989478707314,82.79783007860185,103.84910486698152
2025-02-04,DO 0.001%,91.37,93.32120537042618,86.47170195281505,102.72455454707146
2025-02-04,DO 0.05%,90.89,92.84391457915306,85.35011726975442,101.0060428762436
2025-02-05,DO 0.001%,92.1,93.29543007850647,84.87040913820267,104.58263006210328
2025-02-05,DO 0.05%,91.55,92.93096358776093,83.61287262797356,102.8964554142952
2025-02-06,DO 0.001%,90.63,93.29774065732957,85.3337979644537,104.03426016569138
2025-02-06,DO 0.05%,89.93,92.8986763393879,84.11724170923233,102.33417446136475
2025-02-07,DO 0.001%,91.48,93.2893115311861,85.30603176116944,104.05502172589303
2025-02-07,DO 0.05%,90.71,92.89218097686768,84.08863423705101,102.3549484705925
2025-02-10,DO 0.001%,91.81,93.42201839208603,82.28073819100857,107.91203954935074
2025-02-10,DO 0.05%,90.82,93.28270558834076,80.76188239216805,106.38420304298401
2025-02-11,DO 0.001%,93.28,93.35058112740516,83.65797215819359,106.11960241913796
2025-02-11,DO 0.05%,92.29,93.08522984147072,82.28062080860138,104.49365669488907
2025-02-12,DO 0.001%,93.87,93.36171901464462,83.20365740120411,106.68903671860696
2025-02-12,DO 0.05%,92.66,93.13603305459023,81.78200555920601,105.09020416975022
2025-02-13,DO 0.001%,91.99,93.37250358521939,83.08357460081578,106.85111372828484
2025-02-13,DO 0.05%,90.8,93.15778833746911,81.64899280071259,105.26132491350175
2025-02-14,DO 0.001%,92.42,93.40802032232286,82.43643306791783,107.6990512907505
2025-02-14,DO 0.05%,91.18,93.2535628759861,80.93463115811349,106.15761803627015
2025-02-17,DO 0.001%,91.92,93.36091704189778,83.55100133180619,106.26401359558106
2025-02-17,DO 0.05%,90.65,93.10498354911805,82.16212643980981,104.64543073654175
2025-02-18,DO 0.001%,92.16,93.40264766573907,82.71782455444337,107.34294174194336
2025-02-18,DO 0.05%,90.84,93.22192237615586,81.24409476041794,105.7816341161728
2025-02-19,DO 0.001%,92.75,93.51778403282165,81.64199213504791,108.84427958965301
2025-02-19,DO 0.05%,91.38,93.44409165143968,80.04822325229645,107.38471188783646
2025-02-20,DO 0.001%,93.2,93.41317986726762,82.97138253927231,107.04495558857919
2025-02-20,DO 0.05%,91.89,93.2097623884678,81.52052958369255,105.46937722921372
2025-02-21,DO 0.001%,93.22,93.45465251386166,82.17003230273724,108.09472108960152
2025-02-21,DO 0.05%,91.92,93.32701901435853,80.63626821398735,106.58147249937058
2025-02-24,DO 0.001%,90.82,93.43988051235677,82.38949803352357,107.80095230340957
2025-02-24,DO 0.05%,89.51,93.29091817975045,80.87909999012948,106.26908180236818
2025-02-25,DO 0.001%,91.2,93.48105592429638,82.05899553060532,108.26958479762078
2025-02-25,DO 0.05%,89.99,93.36506567001344,80.51110006928444,106.77002200126648
2025-02-26,DO 0.001%,89.16,93.61388055741787,80.9960451489687,109.79737092137337
2025-02-26,DO 0.05%,87.84,93.61008301019669,79.32612850427628,108.41402334451676
2025-02-27,DO 0.001%,88.2,93.38997313141823,83.08672080159188,106.871359333992
2025-02-27,DO 0.05%,86.84,93.17549029111863,81.65000752687455,105.28444059848786
2025-02-28,DO 0.001%,89.1,93.45706964850426,82.27725549817086,107.96417338609696
2025-02-28,DO 0.05%,87.74,93.31931378602982,80.75374785661698,106.44372621059418
2025-03-03,DO 0.001%,88.65,93.58883433163166,80.92800084590912,109.85111992001534
2025-03-03,DO 0.05%,87.29,93.59107083320619,79.25352540493012,108.46754736185075
2025-03-04,DO 0.001%,86.88,93.44405862212182,82.25681921362877,107.9719127035141
2025-03-04,DO 0.05%,85.44,93.30778382062913,80.7329013669491,106.45024945020677
2025-03-05,DO 0.001%,86.92,93.6133421701193,80.92456301867962,109.88857148647308
2025-03-05,DO 0.05%,85.41,93.61701883077622,79.24728093624115,108.51129209518433
2025-03-06,DO 0.001%,86.06,93.5255850404501,81.3539156728983,109.22045528173447
2025-03-06,DO 0.05%,84.55,93.48119606137276,79.73000066757203,107.78586324691773
2025-03-07,DO 0.001%,86.13,93.7097303211689,80.27861042439937,110.85684982657433
2025-03-07,DO 0.05%,84.64,93.78726980924607,78.52408225536347,109.56293867826463
2025-03-10,DO 0.001%,86.32,93.73078350782394,80.08801571249963,111.13539795517922
2025-03-10,DO 0.05%,84.73,93.83045700073242,78.31112357139588,109.86523786783219
2025-03-11,DO 0.001%,85.24,93.57078714072705,81.26971414268017,109.38884712576866
2025-03-11,DO 0.05%,83.65,93.53682758688927,79.63239181637765,107.97178115129472
2025-03-12,DO 0.001%,85.54,93.76637875974178,79.91302301585675,111.41417041182518
2025-03-12,DO 0.05%,83.95,93.88743777751924,78.11411058425904,110.17062583923341
2025-03-13,DO 0.001%,85.81,93.5310418200493,81.54279988348485,108.98781588673592
2025-03-13,DO 0.05%,84.48,93.46778160452844,79.9375511956215,107.53913982868195
2025-03-14,DO 0.001%,84.93,93.62629711449146,80.82934137344361,110.02874286293984
2025-03-14,DO 0.05%,83.65,93.64058054924011,79.14085177302361,108.66305498600006
2025-03-17,DO 0.001%,85.55,93.70492409288883,80.28935012936593,110.83632381081581
2025-03-17,DO 0.05%,84.27,93.78104764223099,78.53638720393181,109.54012406587601
2025-03-18,DO 0.001%,86.01,93.61801940977574,80.87771771550179,109.95519691467285
2025-03-18,DO 0.05%,84.73,93.62682041645051,79.195100594759,108.58319269180299
2025-03-19,DO 0.001%,84.83,93.58583394408227,81.32969946086406,109.33270903348924
2025-03-19,DO 0.05%,83.55,93.5464005804062,79.69691055893898,107.91424283266068
2025-03-20,DO 0.001%,86.18,93.52244444787503,81.58218627929688,108.92626027226449
2025-03-20,DO 0.05%,84.93,93.45490238785744,79.98186462163926,107.4724912762642
2025-03-21,DO 0.001%,86.73,93.8915594148636,79.20818431079388,112.52478489398956
2025-03-21,DO 0.05%,85.57,94.10077558994294,77.32140316128731,111.38795155763627
2025-03-24,DO 0.001%,86.77,93.78997246146203,79.82583231449128,111.5614193379879
2025-03-24,DO 0.05%,85.61,93.92209457874299,78.0154256772995,110.33293742179872
2025-03-25,DO 0.001%,87.09,93.72109253644943,79.99009652256966,111.25147650003434
2025-03-25,DO 0.05%,85.95,93.83125986099243,78.20344551444055,109.98817584514619
2025-03-26,DO 0.001%,87.88,93.79310744583607,79.80667469978333,111.59106428861618
2025-03-26,DO 0.05%,86.74,93.92756963968277,77.99390456199646,110.36533060312271
2025-03-27,DO 0.001%,87.83,93.7642139941454,79.86978939414024,111.46852509617806
2025-03-27,DO 0.05%,86.58,93.89006937503815,78.06634597420693,110.22862134218217
2025-03-28,DO 0.001%,88.19,93.60434100747109,80.8652170354128,109.95289755225183
2025-03-28,DO 0.05%,86.85,93.61386314392091,79.18265068531036,108.57859854698182
2025-03-31,DO 0.001%,88.19,93.66668737828732,80.48452113330364,110.53009360194207
2025-03-31,DO 0.05%,86.85,93.7197180390358,78.75586355209352,109.20575506925583
2025-04-01,DO 0.001%,89.19,93.68963052868844,80.39332056820393,110.67984378576278
2025-04-01,DO 0.05%,87.87,93.75363888502122,78.65285212039949,109.36988423824312
2025-04-02,DO 0.001%,88.8,93.80848513305187,79.71666868150234,111.73132539629937
2025-04-02,DO 0.05%,87.49,93.95401942491532,77.89279992341996,110.5188330245018
2025-04-03,DO 0.001%,87.2,93.72751953482629,80.27066360354424,110.89118323326112
2025-04-03,DO 0.05%,85.92,93.80678377389908,78.51367852449418,109.60272486448288
2025-04-04,DO 0.001%,82.67,93.95148865103722,78.90427028894425,113.01801495790482
2025-04-04,DO 0.05%,81.53,94.20045292139054,76.97877696990967,111.93096386432649
2025-02-10,DO 0.001%,91.81,87.74264544963837,80.6638901925087,91.36089813947677
2025-02-10,DO 0.05%,90.82,86.78837987482547,80.13454614222049,90.37932394504547
2025-02-11,DO 0.001%,93.28,87.67814080238342,80.50280305862427,91.3816454076767
2025-02-11,DO 0.05%,92.29,86.73139286339283,79.91579495668411,90.38178941726684
2025-02-12,DO 0.001%,93.87,87.50806227684022,80.04117225170135,91.6980944108963
2025-02-12,DO 0.05%,92.66,86.59251000165939,79.35367810368537,90.68717275500298
2025-02-13,DO 0.001%,91.99,87.27179969310761,79.39912472724914,92.06612532138824
2025-02-13,DO 0.05%,90.8,86.39482887148857,78.55918508708477,91.02495326280594
2025-02-14,DO 0.001%,92.42,87.04167132139206,78.77197379589082,92.3954207277298
2025-02-14,DO 0.05%,91.18,86.20041881740093,77.77944705665111,91.31581410408019
2025-02-17,DO 0.001%,91.92,86.7944325876236,78.11343205690385,92.68075700759888
2025-02-17,DO 0.05%,90.65,85.99040491938591,76.94636615574359,91.54523278236388
2025-02-18,DO 0.001%,92.16,86.71749593734742,77.87217486143112,92.88117398262024
2025-02-18,DO 0.05%,90.84,85.9259944576025,76.67117944598198,91.74209208846092
2025-02-19,DO 0.001%,92.75,86.43633092164994,77.01891414880753,93.47225029468537
2025-02-19,DO 0.05%,91.38,85.68671929717064,75.66922991812228,92.29471471071243
2025-02-20,DO 0.001%,93.2,86.25933845758439,76.56288319587708,93.61804279327393
2025-02-20,DO 0.05%,91.89,85.5369148260355,75.08084172844886,92.38338520288467
2025-02-21,DO 0.001%,93.22,86.04931939601899,75.91788034439087,94.04239940166474
2025-02-21,DO 0.05%,91.92,85.35695698082446,74.32350381076336,92.76665799856185
2025-02-24,DO 0.001%,90.82,85.89472634792328,75.40205581903459,94.43159743309022
2025-02-24,DO 0.05%,89.51,85.22219945967197,73.73844076454638,93.13062874197959
2025-02-25,DO 0.001%,91.2,85.94730608701707,75.5521013712883,94.35672187805176
2025-02-25,DO 0.05%,89.99,85.266929397583,73.92178863406181,93.07137090086937
2025-02-26,DO 0.001%,89.16,85.71535653591157,74.87887569189073,94.70984529018402
2025-02-26,DO 0.05%,87.84,85.06936721563339,73.10605795323848,93.35585179209708
2025-02-27,DO 0.001%,88.2,85.6380382013321,74.59871941328049,94.93904126167298
2025-02-27,DO 0.05%,86.84,85.0003934675455,72.79730621814727,93.5727268397808
2025-02-28,DO 0.001%,89.1,85.45642190456391,73.94815487623215,95.44478386878967
2025-02-28,DO 0.05%,87.74,84.83805077254772,72.07413888037205,94.04139364480972
2025-03-03,DO 0.001%,88.65,85.33097863197327,73.5893934416771,95.61699982643128
2025-03-03,DO 0.05%,87.29,84.73232743084431,71.63619315683842,94.16735981106757
2025-03-04,DO 0.001%,86.88,85.0867006778717,72.8086418414116,96.10116091251373
2025-03-04,DO 0.05%,85.44,84.52151874244213,70.72660151600837,94.56963188171386
2025-03-05,DO 0.001%,86.92,84.98191197872163,72.34222907543183,96.53226788043976
2025-03-05,DO 0.05%,85.41,84.42052629590034,70.24098999619484,94.98174421429633
2025-03-06,DO 0.001%,86.06,84.9140757727623,72.21125138044357,96.51769844532014
2025-03-06,DO 0.05%,84.55,84.36956238985061,70.05057552099227,94.92915828704834
2025-03-07,DO 0.001%,86.13,84.8572920536995,72.00047440290452,96.67730791568756
2025-03-07,DO 0.05%,84.64,84.31845790863036,69.8175721758604,95.07066341638564
2025-03-10,DO 0.001%,86.32,84.70181567907333,71.51044628381729,96.96650465965271
2025-03-10,DO 0.05%,84.73,84.1864902639389,69.24340911209583,95.29562694311142
2025-03-11,DO 0.001%,85.24,84.4926853966713,70.72745910406113,97.55357873916627
2025-03-11,DO 0.05%,83.65,83.99899542689323,68.37857984960078,95.80415221571921
2025-03-12,DO 0.001%,85.54,84.53931631326675,70.88427682638168,97.45195256710053
2025-03-12,DO 0.05%,83.95,84.03909179091453,68.55821329057216,95.72288895368575
2025-03-13,DO 0.001%,85.81,84.55382576942444,70.82579733848571,97.59065664291383
2025-03-13,DO 0.05%,84.48,84.04161673724651,68.53331526517867,95.87931667804718
2025-03-14,DO 0.001%,84.93,84.21500461339951,69.63740144968033,98.39657759666443
2025-03-14,DO 0.05%,83.65,83.74689007878303,67.18918414533138,96.5310556089878
2025-03-17,DO 0.001%,85.55,84.25059394836425,69.61108704328537,98.54059253692627
2025-03-17,DO 0.05%,84.27,83.76277507305144,67.21396322250365,96.70421177864074
2025-03-18,DO 0.001%,86.01,84.05146924734116,69.00004864215852,98.87961544036865
2025-03-18,DO 0.05%,84.73,83.60003227949142,66.49090942621231,96.93603104829788
2025-03-19,DO 0.001%,84.83,84.01898246049882,68.80534057378769,99.07564849853516
2025-03-19,DO 0.05%,83.55,83.56413695037364,66.29896484434605,97.11997906565665
2025-03-20,DO 0.001%,86.18,84.09044466733933,68.89814983844758,99.13954245090486
2025-03-20,DO 0.05%,84.93,83.60939674854278,66.45977743268013,97.23140110850333
2025-03-21,DO 0.001%,86.73,83.81543022155762,68.01427259206773,99.66777171611787
2025-03-21,DO 0.05%,85.57,83.38338972151278,65.42993995368481,97.60273582816123
2025-03-24,DO 0.001%,86.77,83.81107356786728,67.90408033370971,99.81436029911042
2025-03-24,DO 0.05%,85.61,83.3699593859911,65.33764154076576,97.75089124441146
2025-03-25,DO 0.001%,87.09,83.79946491241455,67.79487500190736,99.93943279266358
2025-03-25,DO 0.05%,85.95,83.3530795520544,65.23725464880467,97.87181833148001
2025-03-26,DO 0.001%,87.88,83.63519344091415,67.07355710029603,100.53025828361511
2025-03-26,DO 0.05%,86.74,83.20022027432918,64.46824358522892,98.36640503525733
2025-03-27,DO 0.001%,87.83,83.6431924533844,67.03627744913102,100.60286554336548
2025-03-27,DO 0.05%,86.58,83.20004185199737,64.44781693160533,98.44557048320769
2025-03-28,DO 0.001%,88.19,83.49921022891999,66.47041956424714,101.02644787788391
2025-03-28,DO 0.05%,86.85,83.0742703282833,63.825890750288956,98.77633304595946
2025-03-31,DO 0.001%,88.19,83.6478926229477,67.10749974012376,100.51525263786317
2025-03-31,DO 0.05%,86.85,83.20969287812709,64.51029178142547,98.35970068097114
2025-04-01,DO 0.001%,89.19,83.60764128684998,66.93218668699265,100.6576317882538
2025-04-01,DO 0.05%,87.87,83.17258643984795,64.32281857132911,98.477199896574
2025-04-02,DO 0.001%,88.8,83.42691922187805,66.02051737070084,101.46739139556885
2025-04-02,DO 0.05%,87.49,82.9941749215126,63.37950510978698,99.16927308797835
2025-04-03,DO 0.001%,87.2,83.42799339056015,66.00654772520066,101.48909287452699
2025-04-03,DO 0.05%,85.92,82.99316926836967,63.369421544671056,99.19174348831176
2025-04-04,DO 0.001%,82.67,83.37774737834931,65.57570248365403,101.95379896640777
2025-04-04,DO 0.05%,81.53,82.92507141172885,62.96231044411659,99.619730001688
2025-04-07,DO 0.001%,78.22,83.23643694400788,65.16911600589752,102.16937426090242
2025-04-07,DO 0.05%,76.97,82.82029424905777,62.471621997952454,99.73318497776984
2025-04-08,DO 0.001%,79.52,83.16245016813278,64.63458894968034,102.7164042043686
2025-04-08,DO 0.05%,78.31,82.7320130419731,61.951358698606484,100.21829907774925
2025-04-09,DO 0.001%,75.9,83.19051486968995,64.76592651844025,102.60509415626527
2025-04-09,DO 0.05%,74.69,82.75786805987357,62.09032266139984,100.12944475650787
2025-04-10,DO 0.001%,78.98,83.18162707805634,64.54848642349243,102.8751739692688
2025-04-10,DO 0.05%,77.7,82.73096954166888,61.90175729036331,100.38752995610237
2025-04-11,DO 0.001%,78.55,83.05432445764542,63.94724640369416,103.38717619895935
2025-04-11,DO 0.05%,77.27,82.61396233916282,61.26578440546989,100.79271085143088
2025-04-14,DO 0.001%,79.97,83.1556125664711,64.46712223529816,102.92435671806336
2025-04-14,DO 0.05%,78.69,82.71134308516979,61.80603100597858,100.41672633767128
2025-04-15,DO 0.001%,80.72,82.942507314682,63.37597950696946,103.8960704278946
2025-04-15,DO 0.05%,79.43,82.50807138860225,60.67069186151027,101.20034640550612
2025-04-16,DO 0.001%,80.93,83.02928596735,63.77572293043137,103.5586396932602
2025-04-16,DO 0.05%,79.51,82.58551208734512,61.09645620584487,100.94006607055664
2025-04-17,DO 0.001%,81.93,82.92092579364777,62.8758149433136,104.50659082889557
2025-04-17,DO 0.05%,80.56,82.44679683446884,60.230194157958024,101.76752396464347
2025-04-21,DO 0.001%,81.89,83.0917077088356,63.83407700777054,103.619458360672
2025-04-21,DO 0.05%,80.41,82.6173091095686,61.21270105838775,101.04480538606643
2025-04-22,DO 0.001%,82.08,82.87055437088013,62.755148177146914,104.55733303070069
2025-04-22,DO 0.05%,80.59,82.41422664880751,60.07557228386402,101.77756968259811
2025-04-23,DO 0.001%,83.43,82.96881081581117,63.353934512138366,103.98238560676575
2025-04-23,DO 0.05%,82.05,82.5163545101881,60.6806186312437,101.30290139913558
2025-04-24,DO 0.001%,81.85,82.85657927274704,62.49799110412598,104.86414177894592
2025-04-24,DO 0.05%,80.45,82.38181866526602,59.84512091875076,102.05764948964118
2025-04-25,DO 0.001%,82.61,82.80819260835648,62.24426373720169,105.0940247821808
2025-04-25,DO 0.05%,81.23,82.33653724014758,59.58079634428024,102.23747757315635
2025-04-25,DO 0.001%,82.61,82.79402666807175,62.30929728984833,104.97945405960084
2025-04-25,DO 0.05%,81.23,82.33782404363154,59.620595337748526,102.11858341932296
2025-04-25,DO 0.001%,82.61,82.72142486095429,61.7059689116478,105.61661602497101
2025-04-25,DO 0.05%,81.23,82.24761263132095,59.035986457467075,102.66025199174881
2025-04-25,DO 0.001%,82.61,82.77998068571091,62.103994755744935,105.2183666229248
2025-04-25,DO 0.05%,81.23,82.31108772754669,59.43305724680423,102.3326794040203
2025-04-28,DO 0.001%,82.54,82.7052905201912,61.63993207454681,105.66965923786164
2025-04-28,DO 0.05%,81.26,82.234722969532,58.96336856842041,102.69715838074683
2025-04-29,DO 0.001%,81.26,82.6187790465355,61.08380168676376,106.21901200294495
2025-04-29,DO 0.05%,80.28,82.14565778553485,58.402452011108394,103.1391483438015
2025-04-30,DO 0.001%,79.02,82.75565103769303,62.042799856662754,105.24774540901184
2025-04-30,DO 0.05%,77.86,82.29540818929672,59.35602205336094,102.34147075891494
2025-03-10,DO 0.001%,86.32,85.29278323352337,80.99110792994499,88.27710798382759
2025-03-10,DO 0.05%,84.73,83.61141803741455,79.69707653999329,85.75949172973633
2025-03-11,DO 0.001%,85.24,85.26210395514964,80.54512383520603,88.6726119339466
2025-03-11,DO 0.05%,83.65,83.58915472984314,79.20997776985169,86.22623922348022
2025-03-12,DO 0.001%,85.54,85.23420203447341,80.02920782446861,89.12365277051926
2025-03-12,DO 0.05%,83.95,83.5710534954071,78.64995443344117,86.7650687789917
2025-03-13,DO 0.001%,85.81,85.21519176542759,79.6595779645443,89.45686382174492
2025-03-13,DO 0.05%,84.48,83.55720514297485,78.24884157180786,87.15776668548584
2025-03-14,DO 0.001%,84.93,85.21792291939258,79.4572774887085,89.59172738313674
2025-03-14,DO 0.05%,83.65,83.57048341751099,78.03577874183655,87.3498879814148
2025-03-17,DO 0.001%,85.55,85.2120191091299,79.12642282783985,89.85947287917136
2025-03-17,DO 0.05%,84.27,83.57431756973267,77.68148289680481,87.6886353302002
2025-03-18,DO 0.001%,86.01,85.19622256636619,78.80871569573878,90.16557774066925
2025-03-18,DO 0.05%,84.73,83.55997985839844,77.33662108421326,88.03913738250732
2025-03-19,DO 0.001%,84.83,85.18635036885738,78.33480401158333,90.58086715579033
2025-03-19,DO 0.05%,83.55,83.55927861213684,76.82798043251037,88.54425666809082
2025-03-20,DO 0.001%,86.18,85.18635036885738,78.27155110180378,90.6320095539093
2025-03-20,DO 0.05%,84.93,83.5612713623047,76.76058007240296,88.60985094070435
2025-03-21,DO 0.001%,86.73,85.17689400494098,77.74797553896903,91.10686071395874
2025-03-21,DO 0.05%,85.57,83.55978310585022,76.19893731117249,89.17982793807984
2025-03-24,DO 0.001%,86.77,85.17260219156742,77.37701090455054,91.44544166564941
2025-03-24,DO 0.05%,85.61,83.56115532875062,75.80186544418335,89.58713598251343
2025-03-25,DO 0.001%,87.09,85.17415258347988,77.23462640225887,91.5640723156929
2025-03-25,DO 0.05%,85.95,83.56699736595154,75.65049715042115,89.73864553451538
2025-03-26,DO 0.001%,87.88,85.1667137825489,76.90971662163734,91.88889482259749
2025-03-26,DO 0.05%,86.74,83.55990922927856,75.30168515205384,90.11130495071411
2025-03-27,DO 0.001%,87.83,85.16364893496036,76.42638450980186,92.35148659229279
2025-03-27,DO 0.05%,86.58,83.561659822464,74.78554772377014,90.65899341583253
2025-03-28,DO 0.001%,88.19,85.16964001893997,76.28182329833507,92.46187244296074
2025-03-28,DO 0.05%,86.85,83.57437306404114,74.63308972358703,90.81033143997192
2025-03-31,DO 0.001%,88.19,85.16595912158489,75.9083739298582,92.84108187675476
2025-03-31,DO 0.05%,86.85,83.5712452030182,74.23430257797241,91.24737434387207
2025-04-01,DO 0.001%,89.19,85.17454274833202,75.63795375108718,93.07051934480667
2025-04-01,DO 0.05%,87.87,83.58885707855225,73.94835049629212,91.54408727645874
2025-04-02,DO 0.001%,88.8,85.17931713402271,75.02629333913326,93.67624001026154
2025-04-02,DO 0.05%,87.49,83.59932532310486,73.29865844726562,92.26092239379882
2025-04-03,DO 0.001%,87.2,85.1772071635723,75.04522660195828,93.66622920155525
2025-04-03,DO 0.05%,85.92,83.59540036201477,73.3183791065216,92.24273035049438
2025-04-04,DO 0.001%,82.67,85.18159138441085,74.76524225056171,93.94200387954712
2025-04-04,DO 0.05%,81.53,83.60322505950928,73.02174689292907,92.57234636306762
2025-04-07,DO 0.001%,78.22,85.18670459747314,74.5274213719368,94.174264909029
2025-04-07,DO 0.05%,76.97,83.61190739631652,72.77014074325561,92.85256235122681
2025-04-08,DO 0.001%,79.52,85.1887067592144,74.25453186035156,94.46400338172911
2025-04-08,DO 0.05%,78.31,83.61408680915832,72.48104062080384,93.18629503250122
2025-04-09,DO 0.001%,75.9,85.19750600337981,73.98454291641711,94.72379156827927
2025-04-09,DO 0.05%,74.69,83.62837911605835,72.19624382972718,93.50534694671632
2025-04-10,DO 0.001%,78.98,85.20720878720283,73.56524404406547,95.15630984187126
2025-04-10,DO 0.05%,77.7,83.64206098556518,71.75380284309388,94.01732734680176
2025-04-11,DO 0.001%,78.55,85.20421581208706,73.6342313504219,95.09092642664909
2025-04-11,DO 0.05%,77.27,83.63729351997375,71.82638939857483,93.93553882598877
2025-04-14,DO 0.001%,79.97,85.22020743727684,73.01921346724033,95.7370496892929
2025-04-14,DO 0.05%,78.69,83.6585024356842,71.17860433578491,94.69756649017334
2025-04-15,DO 0.001%,80.72,85.21552032530307,73.16950394153595,95.58030609369277
2025-04-15,DO 0.05%,79.43,83.65214076995849,71.33669753074646,94.51115606307984
2025-04-16,DO 0.001%,80.93,85.23232308268547,72.6101923584938,96.17472224593162
2025-04-16,DO 0.05%,79.51,83.67388444900513,70.74870001792908,95.21245277404785
2025-04-17,DO 0.001%,81.93,85.23675350725651,72.51618316411971,96.26914214015007
2025-04-17,DO 0.05%,80.56,83.68031674385071,70.6501017665863,95.3284257888794
2025-04-21,DO 0.001%,81.89,85.24988050103187,72.18785430729389,96.61514649152755
2025-04-21,DO 0.05%,80.41,83.69792861938477,70.30580498695373,95.74253440856934
2025-04-22,DO 0.001%,82.08,85.23572162389755,72.55157008945942,96.23046448230743
2025-04-22,DO 0.05%,80.59,83.67910595893859,70.68725772857665,95.28329378128052
2025-04-23,DO 0.001%,83.43,85.2479245430231,72.17685781896114,96.63837156772613
2025-04-23,DO 0.05%,82.05,83.69404401779175,70.29413604736328,95.76187669754029
2025-04-24,DO 0.001%,81.85,85.24857652902602,72.1227891844511,96.7034161555767
2025-04-24,DO 0.05%,80.45,83.69404906272888,70.23740068435669,95.8340697479248
2025-04-25,DO 0.001%,82.61,85.29204397380352,71.16672615051269,97.73445757985114
2025-04-25,DO 0.05%,81.23,83.75057758331299,69.23770603179932,97.06602321624756
2025-04-25,DO 0.001%,82.61,85.28219744503498,71.36381587207318,97.52076018333435
2025-04-25,DO 0.05%,81.23,83.7377836227417,69.44347388267518,96.80982112884521
2025-04-25,DO 0.001%,82.61,85.27675053834915,71.39730844438076,97.50284340262412
2025-04-25,DO 0.05%,81.23,83.72861192703247,69.47834953308106,96.77496061325073
2025-04-25,DO 0.001%,82.61,85.29181808888912,71.18722007274627,97.7083062672615
2025-04-25,DO 0.05%,81.23,83.75071884155274,69.25911170005799,97.03750923156738
2025-04-28,DO 0.001%,82.54,85.2985792350769,70.93072261869906,98.01926765441894
2025-04-28,DO 0.05%,81.26,83.75592521667481,68.9914374256134,97.38753705978394
2025-04-29,DO 0.001%,81.26,85.30882106244563,70.78075043678284,98.17311581611632
2025-04-29,DO 0.05%,80.28,83.77034869194031,68.83515536308289,97.57983997344971
2025-04-30,DO 0.001%,79.02,85.31961733460426,70.54365855038165,98.44556382536888
2025-04-30,DO 0.05%,77.86,83.78296103477479,68.58822082519531,97.8986093711853
2025-05-01,DO 0.001%,79.02,85.33650223195552,70.26412596881389,98.75216152667998
2025-05-01,DO 0.05%,77.86,83.80496705055236,68.29738019943237,98.26934162139892
2025-05-02,DO 0.001%,78.35,85.34602533459663,70.04188088178634,99.01854144573211
2025-05-02,DO 0.05%,77.24,83.81509223937988,68.06643306732178,98.57606370925903
2025-05-05,DO 0.001%,76.5,85.35748386025428,69.81645800471306,99.28379194021224
2025-05-05,DO 0.05%,75.37,83.82835537910462,67.8323984336853,98.88611545562745
2025-05-06,DO 0.001%,77.7,85.3621196347475,69.7569527310133,99.34678302884102
2025-05-06,DO 0.05%,76.98,83.83471199989319,67.7706282234192,98.96485683441162
2025-05-07,DO 0.001%,78.59,85.36995373427868,69.62314158797264,99.5016579401493
2025-05-07,DO 0.05%,77.96,83.84426206588745,67.63181677818298,99.14848245620728
2025-05-08,DO 0.001%,77.13,85.3684957498312,69.60140016496182,99.5399557006359
2025-05-08,DO 0.05%,76.33,83.84089709281922,67.60935167312623,99.1845436668396
2025-05-09,DO 0.001%,78.92,85.40040712773799,69.04566167056561,100.20099763512611
2025-05-09,DO 0.05%,78.13,83.8784314250946,67.0338908290863,99.96081823348999
2025-05-12,DO 0.001%,78.92,85.40698345899581,68.9800575041771,100.26723325252533
2025-05-12,DO 0.05%,78.13,83.88774942398071,66.9659254360199,100.04740953445435
2025-05-13,DO 0.001%,80.87,85.44078918993472,68.49933847010135,100.83031300663947
2025-05-13,DO 0.05%,80.14,83.92975357055664,66.46914038658142,100.7220588874817
2025-05-14,DO 0.001%,82.49,85.43903858184814,68.46237035036087,100.89481341719627
2025-05-14,DO 0.05%,81.85,83.9252837562561,66.431227684021,100.7842326927185
2025-05-15,DO 0.001%,80.85,85.42750304996967,68.67129336118698,100.63257129907608
2025-05-15,DO 0.05%,80.21,83.91275213241578,66.64680289268493,100.48176853179932
2025-05-16,DO 0.001%,80.48,85.45435768604278,68.28153407514095,101.09928033471107
2025-05-16,DO 0.05%,80.01,83.94532224655151,66.24450951576233,101.03630802154541
2025-05-19,DO 0.001%,80.33,85.45082566738128,68.27517336130141,101.12570886969566
2025-05-19,DO 0.05%,79.99,83.93887481689453,66.23819325447083,101.0542982673645
2025-05-20,DO 0.001%,80.35,85.47143766582012,68.01632465064526,101.42891829729079
2025-05-20,DO 0.05%,80.01,83.96496723175049,65.97127067565918,101.42170085906983
2025-05-21,DO 0.001%,80.86,85.47238227546215,67.97062402546405,101.49565702199935
2025-05-21,DO 0.05%,80.52,83.96482092857362,65.92435276031495,101.4930362701416
2025-05-22,DO 0.001%,78.91,85.46315179646015,68.09612363040446,101.3440061044693
2025-05-22,DO 0.05%,78.62,83.95358585357666,66.05364945411682,101.31232662200928
2025-05-23,DO 0.001%,78.34,85.49695752739906,67.67672208309173,101.8416100358963
2025-05-23,DO 0.05%,78.09,83.99596332550048,65.62163635253906,101.91356204986572
2025-05-26,DO 0.001%,79.19,85.51511559426784,67.39926866948605,102.19764573097228
2025-05-26,DO 0.05%,78.96,84.01628433227539,65.33659235954285,102.32679285049439
2025-05-27,DO 0.001%,79.08,85.55371624588966,66.8979581719637,102.8286244368553
2025-05-27,DO 0.05%,78.83,84.06208227157593,64.82209453582763,103.0731206703186
2025-05-28,DO 0.001%,78.91,85.59583864867687,66.3257198113203,103.58098548173903
2025-05-28,DO 0.05%,78.75,84.10978719711304,64.2364933681488,103.94942625045776
2025-04-07,DO 0.001%,78.22,80.14126778244973,76.05362226068974,83.81142951250077
2025-04-07,DO 0.05%,76.97,78.93702268719673,74.80393206119537,82.62692083120346
2025-04-08,DO 0.001%,79.52,80.22504540920258,75.03935715317726,85.0231549680233
2025-04-08,DO 0.05%,78.31,79.05326838195325,73.76375639021397,83.64515555858613
2025-04-09,DO 0.001%,75.9,80.19141018509865,74.94768564581871,85.07843184232712
2025-04-09,DO 0.05%,74.69,79.02166661977768,73.64379798650742,83.70989470601081
2025-04-10,DO 0.001%,78.98,80.25837512731552,74.14763936817646,86.03254676222801
2025-04-10,DO 0.05%,77.7,79.11884337484837,72.79812161266804,84.5579474079609
2025-04-11,DO 0.001%,78.55,80.36639120519162,73.63269423782826,86.72894274115562
2025-04-11,DO 0.05%,77.27,79.25159215807915,72.27269554316997,85.17642446041107
2025-04-14,DO 0.001%,79.97,80.45753546833993,73.02353007435799,87.50930359244347
2025-04-14,DO 0.05%,78.69,79.37156028091907,71.62743741869926,85.8962040400505
2025-04-15,DO 0.001%,80.72,80.41658781051636,73.09976367413998,87.37508791208268
2025-04-15,DO 0.05%,79.43,79.3248695641756,71.6983968114853,85.77839842438698
2025-04-16,DO 0.001%,80.93,80.44350683033467,72.97605345785618,87.54435794115066
2025-04-16,DO 0.05%,79.51,79.3583179616928,71.56990014910699,85.93376849055291
2025-04-17,DO 0.001%,81.93,80.61953248381614,72.24387878537178,88.57060184001922
2025-04-17,DO 0.05%,80.56,79.57560862660408,70.80763823747635,86.88704053044319
2025-04-21,DO 0.001%,81.89,80.74127169370651,71.77693751573563,89.24108893990517
2025-04-21,DO 0.05%,80.41,79.72555055677891,70.31914001524449,87.51967836022376
2025-04-22,DO 0.001%,82.08,80.58750855743885,72.08658262014389,88.70716301798821
2025-04-22,DO 0.05%,80.59,79.54690802574157,70.62345580041409,87.0285122358799
2025-04-23,DO 0.001%,83.43,80.7470073223114,71.51072846472263,89.54780709981918
2025-04-23,DO 0.05%,82.05,79.74207794308663,70.02391647934914,87.82201144218445
2025-04-24,DO 0.001%,81.85,80.78597904622555,71.30549249649049,89.8273943567276
2025-04-24,DO 0.05%,80.45,79.79238903701305,69.80483749389649,88.09148413419723
2025-04-25,DO 0.001%,82.61,80.8435570704937,70.77887408077717,90.49810812234878
2025-04-25,DO 0.05%,81.23,79.87492877721786,69.23252632498742,88.74951805949212
2025-04-25,DO 0.001%,82.61,80.84531619369984,70.81338640272618,90.46060972571374
2025-04-25,DO 0.05%,81.23,79.87562855482102,69.27126193106174,88.71151624798775
2025-04-25,DO 0.001%,82.61,80.9883373451233,70.16544761598111,91.38203550457955
2025-04-25,DO 0.05%,81.23,80.05669115006924,68.5827731013298,89.60970995903016
2025-04-25,DO 0.001%,82.61,81.12420867085457,69.73451170563698,92.05041362762451
2025-04-25,DO 0.05%,81.23,80.22259189724922,68.13226697146892,90.26000745415688
2025-04-28,DO 0.001%,82.54,80.9157057595253,70.12468720376492,91.34239856600762
2025-04-28,DO 0.05%,81.26,79.97750451087951,68.5224464404583,89.58506223678589
2025-04-29,DO 0.001%,81.26,81.31790439665318,69.13820835888386,92.99152976036072
2025-04-29,DO 0.05%,80.28,80.4590827101469,67.50853672742844,91.1818866932392
2025-04-30,DO 0.001%,79.02,81.36886476695538,68.9682681876421,93.25669910550117
2025-04-30,DO 0.05%,77.86,80.52186831176282,67.32985046029091,91.4435160446167
2025-05-01,DO 0.001%,79.02,81.55527269661427,68.47881802499295,94.07417400717735
2025-05-01,DO 0.05%,77.86,80.74727445304394,66.82172444820404,92.24748275756836
2025-05-02,DO 0.001%,78.35,81.47701388776302,68.47453601360321,93.98398075461388
2025-05-02,DO 0.05%,77.24,80.6597828143835,66.8041036593914,92.16922429561615
2025-05-05,DO 0.001%,76.5,81.58320678472519,68.1043120276928,94.56526996016503
2025-05-05,DO 0.05%,75.37,80.79140417814254,66.41445874273776,92.74766823768616
2025-05-06,DO 0.001%,77.7,81.6938886487484,67.83855630815029,95.02766806006431
2025-05-06,DO 0.05%,76.98,80.92473124980927,66.14032086670399,93.20411761760712
2025-05-07,DO 0.001%,78.59,81.94038270831108,67.16087503492832,96.17550334334373
2025-05-07,DO 0.05%,77.96,81.22523227512836,65.43601900696754,94.34635876774789
2025-05-08,DO 0.001%,77.13,81.78988158762455,67.50725969851017,95.55646936535835
2025-05-08,DO 0.05%,76.33,81.04390240371228,65.79220094740391,93.73293566465378
2025-05-09,DO 0.001%,78.92,81.55971731603145,68.16470859110356,94.46261009216309
2025-05-09,DO 0.05%,78.13,80.76300001084805,66.47700622558594,92.6462782382965
2025-05-12,DO 0.001%,78.92,81.73237254858017,67.63147744894027,95.33139029026032
2025-05-12,DO 0.05%,78.13,80.97496945023536,65.91938066720962,93.51078543305397
2025-05-13,DO 0.001%,80.87,82.0360257935524,66.70883457362652,96.86620311379433
2025-05-13,DO 0.05%,80.14,81.34839799284936,64.95719132244587,95.04552406549453
2025-05-14,DO 0.001%,82.49,81.94918817937375,67.04762593507766,96.32915314674378
2025-05-14,DO 0.05%,81.85,81.23897027015686,65.3137231516838,94.5040225493908
2025-05-15,DO 0.001%,80.85,81.87868035316467,67.04088509321213,96.2509041929245
2025-05-15,DO 0.05%,80.21,81.15950663566589,65.29605376720428,94.43596917748451
2025-05-16,DO 0.001%,80.48,81.9842523831129,66.98400677621365,96.4527943778038
2025-05-16,DO 0.05%,80.01,81.28069936931134,65.24944566309452,94.6258616054058
2025-05-19,DO 0.001%,80.33,82.07491374969483,66.54077671349049,97.12909594655036
2025-05-19,DO 0.05%,79.99,81.39799959003925,64.77999694228173,95.31158534169197
2025-05-20,DO 0.001%,80.35,82.07469693899155,66.38108577549458,97.33394264101982
2025-05-20,DO 0.05%,80.01,81.40296120762825,64.60657844543456,95.52479397058487
2025-05-21,DO 0.001%,80.86,82.30188499093056,65.95563911795617,98.16686037778855
2025-05-21,DO 0.05%,80.52,81.6749511551857,64.1770121884346,96.34977344989777
2025-05-22,DO 0.001%,78.91,82.32402924776078,65.96827326893806,98.17801627397537
2025-05-22,DO 0.05%,78.62,81.69966691136361,64.19366106390953,96.35729605913163
2025-05-23,DO 0.001%,78.34,82.02338671505451,66.28473312795163,97.39489601373673
2025-05-23,DO 0.05%,78.09,81.34776138961315,64.49483756899834,95.59819286584855
2025-05-26,DO 0.001%,79.19,81.99018511235714,66.44382290899753,97.14901296615601
2025-05-26,DO 0.05%,78.96,81.30501664102077,64.66267728328705,95.34845001459122
2025-05-27,DO 0.001%,79.08,82.33016400516033,65.62041035056114,98.6409761106968
2025-05-27,DO 0.05%,78.83,81.71824989438058,63.818784370422364,96.83907350063325
2025-05-28,DO 0.001%,78.91,82.0309849447012,66.20204940974712,97.51117553591729
2025-05-28,DO 0.05%,78.75,81.3590210056305,64.40631084263325,95.71797146558762
2025-05-29,DO 0.001%,80.62,82.32039274096489,65.54658137857913,98.72604474663734
2025-05-29,DO 0.05%,80.46,81.70954155087472,63.73788716375828,96.92983076810837
2025-05-30,DO 0.001%,78.82,82.46190114498138,65.25109302759171,99.29405922412873
2025-05-30,DO 0.05%,78.57,81.88067605137825,63.438605889678,97.49617438912392
2025-06-02,DO 0.001%,80.02,82.5532868564129,64.88126817047596,99.90308048963547
2025-06-02,DO 0.05%,79.74,81.99748059630394,63.05361643791199,98.11560391664506
2025-06-03,DO 0.001%,80.23,82.4652863484621,64.95720611929893,99.69076368093491
2025-06-03,DO 0.05%,79.96,81.89436059117317,63.12358447909355,97.91061767458916
2025-06-04,DO 0.001%,81.26,82.46359128296375,65.19318978726864,99.37323455095292
2025-06-04,DO 0.05%,81.01,81.88454426646233,63.37660753786564,97.5786412358284
2025-06-05,DO 0.001%,80.43,82.56840447545052,64.88416554987431,99.9181981086731
2025-06-05,DO 0.05%,80.17,82.01465430498124,63.058670387268066,98.12848176836968
2025-06-06,DO 0.001%,81.04,82.51807482719421,64.90637879192829,99.82513704180718
2025-06-06,DO 0.05%,80.73,81.95638810038567,63.075970444679264,98.04091237664223
2025-06-09,DO 0.001%,82.35,82.59546146571637,64.68460608005523,100.2211713564396
2025-06-09,DO 0.05%,82.01,82.05238398075105,62.84855244278908,98.44044651150703
2025-06-10,DO 0.001%,82.73,82.73885710835457,64.24856526315213,100.99523484230042
2025-06-10,DO 0.05%,82.43,82.23167283415795,62.40141885221004,99.2233421432972
2025-06-11,DO 0.001%,82.51,82.35352535843849,64.808331078887,99.75135241746902
2025-06-11,DO 0.05%,82.19,81.77130664348603,62.94950508117676,97.99672919631004
2025-06-12,DO 0.001%,84.64,82.52201683998108,64.97951791167259,99.73196756958961
2025-06-12,DO 0.05%,84.32,81.95842911839485,63.154870369434356,97.94258390426636
2025-06-13,DO 0.001%,88.37,82.81916576385498,64.01803635537624,101.41362036943435
2025-06-13,DO 0.05%,88.02,82.3319159758091,62.16622068405152,99.64614388346672
2025-06-16,DO 0.001%,90.66,82.88381477355958,64.01922881424427,101.49418525576591
2025-06-16,DO 0.05%,90.28,82.4060243678093,62.1754684394598,99.71773501992226
2025-06-17,DO 0.001%,91.64,82.97523005008698,63.620193642377856,102.16373612761498
2025-06-17,DO 0.05%,91.18,82.52559886574745,61.76352783083916,100.40195229053498
2025-06-18,DO 0.001%,94.52,82.83969379544259,63.877336063981055,101.63395917415619
2025-06-18,DO 0.05%,93.98,82.36052910447121,62.019384016990664,99.87324115395546
2025-06-19,DO 0.001%,98.07,82.88932373642922,63.64068718135357,102.02557843446732
2025-06-19,DO 0.05%,97.51,82.42611381649971,61.77472913205624,100.2743692266941
2025-06-20,DO 0.001%,97.82,82.7554135620594,63.91748546421528,101.47152853727341
2025-06-20,DO 0.05%,97.26,82.26231726169587,62.051539769768716,99.71986351013183
2025-06-23,DO 0.001%,94.73,82.86145370602608,63.799530586600305,101.76936731338502
2025-06-23,DO 0.05%,94.04,82.38831610679627,61.939551055431366,100.01099043130874
2025-06-24,DO 0.001%,86.85,82.99015056848526,63.22641613006592,102.73472682476044
2025-06-24,DO 0.05%,86.16,82.55753593802453,61.34950732767582,100.99881399035453
2025-06-25,DO 0.001%,87.73,83.08681857705116,62.76281571626664,103.51640825033188
2025-06-25,DO 0.05%,87.11,82.68683928847312,60.873804344534875,101.80073968529702
2025-05-01,DO 0.001%,79.02,79.5135942864418,77.68332775712013,80.4654487466812
2025-05-01,DO 0.05%,77.86,77.97264192581177,74.29113698005676,79.2140328001976
2025-05-02,DO 0.001%,78.35,79.46878373622894,77.3218525314331,80.74098134994506
2025-05-02,DO 0.05%,77.24,77.94761863708496,73.99513170838355,79.52676821947098
2025-05-05,DO 0.001%,76.5,79.50544605731963,77.00052970647812,81.1007562804222
2025-05-05,DO 0.05%,75.37,77.99731251239777,73.74118616700173,79.91304203510285
2025-05-06,DO 0.001%,77.7,79.46232167243957,76.81412365794182,81.21131785869598
2025-05-06,DO 0.05%,76.98,77.96303543329239,73.58478597164154,80.04190825939179
2025-05-07,DO 0.001%,78.59,79.57707511425018,76.1092829990387,82.05078327655792
2025-05-07,DO 0.05%,77.96,78.09920630455017,73.02124684453011,80.93045776844025
2025-05-08,DO 0.001%,77.13,79.65398874521254,75.84807809114456,82.41361026048659
2025-05-08,DO 0.05%,76.33,78.18193351984024,72.81259568333626,81.30836883068085
2025-05-09,DO 0.001%,78.92,79.60102996587753,75.45953944087029,82.69856278181075
2025-05-09,DO 0.05%,78.13,78.13883888721466,72.48501428842545,81.62054735183716
2025-05-12,DO 0.001%,78.92,79.66534916639327,75.06157145261764,83.17090573310851
2025-05-12,DO 0.05%,78.13,78.20934218883514,72.15718228936196,82.11344859361648
2025-05-13,DO 0.001%,80.87,79.69844133853913,74.50994576096534,83.73942604780197
2025-05-13,DO 0.05%,80.14,78.24787025690078,71.6948640358448,82.70803943157196
2025-05-14,DO 0.001%,82.49,79.6009169268608,74.8681145954132,83.25300031900406
2025-05-14,DO 0.05%,81.85,78.14754506111144,71.99069759726524,82.20787066936492
2025-05-15,DO 0.001%,80.85,79.74019983530044,74.27807447791099,84.02135477542876
2025-05-15,DO 0.05%,80.21,78.2906400322914,71.50080360531807,82.99851748943328
2025-05-16,DO 0.001%,80.48,79.75673179149628,74.03074510931968,84.27884823560714
2025-05-16,DO 0.05%,80.01,78.30738410234451,71.29158626437187,83.2649282670021
2025-05-19,DO 0.001%,80.33,79.78972034454345,73.32958763837814,84.98696231603623
2025-05-19,DO 0.05%,79.99,78.33576734304428,70.69459612369538,83.99266416311264
2025-05-20,DO 0.001%,80.35,79.8610856437683,73.29830409049987,85.1279690694809
2025-05-20,DO 0.05%,80.01,78.40779283285141,70.66981415748596,84.13267763137817
2025-05-21,DO 0.001%,80.86,79.83516202926636,73.06161451935768,85.309189453125
2025-05-21,DO 0.05%,80.52,78.37802662849427,70.46600336909295,84.31925706386566
2025-05-22,DO 0.001%,78.91,79.95956146717072,72.732840539217,85.8128442120552
2025-05-22,DO 0.05%,78.62,78.49859507083893,70.18559588551521,84.82515259504318
2025-05-23,DO 0.001%,78.34,79.97137404441833,72.54080608963966,86.01184940099716
2025-05-23,DO 0.05%,78.09,78.50638236284256,70.01990477323533,85.02586795806884
2025-05-26,DO 0.001%,79.19,80.05954447746277,72.11409793138503,86.55210054159164
2025-05-26,DO 0.05%,78.96,78.58511847496032,69.65131711363793,85.56635614395141
2025-05-27,DO 0.001%,79.08,80.05077453374862,72.28651540160179,86.37591039419173
2025-05-27,DO 0.05%,78.83,78.58105311870575,69.80086282134056,85.38995866537094
2025-05-28,DO 0.001%,78.91,80.0944923734665,71.5883817243576,87.10250635385513
2025-05-28,DO 0.05%,78.75,78.60292065143585,69.1942244207859,86.11383340120315
2025-05-29,DO 0.001%,80.62,80.25446142196655,71.19668740153313,87.72710344076157
2025-05-29,DO 0.05%,80.46,78.75181664466858,68.85206157684325,86.73065375566482
2025-05-30,DO 0.001%,78.82,80.2358476638794,70.94524152874946,87.93530246973037
2025-05-30,DO 0.05%,78.57,78.72091808080673,68.63191511034965,86.93441349506378
2025-06-02,DO 0.001%,80.02,80.41116175889968,70.29717000603675,88.83178665161132
2025-06-02,DO 0.05%,79.74,78.86840326547623,68.06098780155182,87.81037710666656
2025-06-03,DO 0.001%,80.23,80.22252789974212,70.7069788312912,88.13907413721084
2025-06-03,DO 0.05%,79.96,78.69491093873978,68.4232732307911,87.13281773090362
2025-06-04,DO 0.001%,81.26,80.41126537799835,70.43538375377655,88.70044473409652
2025-06-04,DO 0.05%,81.01,78.87639475345611,68.18268860340119,87.68346002578735
2025-06-05,DO 0.001%,80.43,80.49795688390732,70.20151073813437,89.06269710302352
2025-06-05,DO 0.05%,80.17,78.95312603235244,67.97564780592919,88.03662624835968
2025-06-06,DO 0.001%,81.04,80.49433963537216,69.84160863876342,89.40034464597701
2025-06-06,DO 0.05%,80.73,78.9268775677681,67.65800704240799,88.36047178506851
2025-06-09,DO 0.001%,82.35,80.61555514097213,69.60505094647407,89.82327070713043
2025-06-09,DO 0.05%,82.01,79.03771885633469,67.4467802274227,88.77098923206329
2025-06-10,DO 0.001%,82.73,80.51202082157134,69.76728548526764,89.49997911930083
2025-06-10,DO 0.05%,82.43,78.94041019201279,67.59205638289451,88.45665737152099
2025-06-11,DO 0.001%,82.51,80.6437301158905,69.4181032526493,90.04836906909942
2025-06-11,DO 0.05%,82.19,79.05405453443527,67.28069928646087,88.98665730953216
2025-06-12,DO 0.001%,84.64,80.79457126379013,68.98963827967643,90.70676482200622
2025-06-12,DO 0.05%,84.32,79.1800620150566,66.89743272066116,89.61943279504776
2025-06-13,DO 0.001%,88.37,80.7865549135208,68.94389044761657,90.73782229185105
2025-06-13,DO 0.05%,88.02,79.168033015728,66.85694622755051,89.64797382354736
2025-06-16,DO 0.001%,90.66,80.73020496368407,69.17624685645103,90.4217557811737
2025-06-16,DO 0.05%,90.28,79.12685968160629,67.06451143741607,89.34599581956863
2025-06-17,DO 0.001%,91.64,80.89837876081467,68.54106649160384,91.3109206867218
2025-06-17,DO 0.05%,91.18,79.25239379882812,66.49596022725105,90.19393817424775
2025-06-18,DO 0.001%,94.52,80.85825932979583,68.81305720567703,90.9816286110878
2025-06-18,DO 0.05%,93.98,79.23293020963669,66.73903233289718,89.88267853498459
2025-06-19,DO 0.001%,98.07,80.98534344434738,68.19513413071633,91.79033799648285
2025-06-19,DO 0.05%,97.51,79.31342055082321,66.18539206981659,90.64771732330323
2025-06-20,DO 0.001%,97.82,80.94635440349579,68.45719625115395,91.47124769210815
2025-06-20,DO 0.05%,97.26,79.2957297539711,66.42006893634796,90.3477627158165
2025-06-23,DO 0.001%,94.73,81.01243512868881,68.13583103656768,91.8928832244873
2025-06-23,DO 0.05%,94.04,79.33658751249314,66.1317627811432,90.74540653467179
2025-06-24,DO 0.001%,86.85,81.09167547941207,67.9006580722332,92.25360956668854
2025-06-24,DO 0.05%,86.16,79.39816188097,65.91960316181182,91.0867201089859
2025-06-25,DO 0.001%,87.73,80.9739736032486,67.97204221129417,91.9885142326355
2025-06-25,DO 0.05%,87.11,79.28027583122254,65.98675579309463,90.82946102380753
2025-06-26,DO 0.001%,86.99,81.01595817804336,68.02029574155807,92.01126333475112
2025-06-26,DO 0.05%,86.37,79.32943137168884,66.02856491923332,90.85507833719254
2025-06-27,DO 0.001%,87.98,81.1854225039482,67.42215920448302,92.87844215154648
2025-06-27,DO 0.05%,87.36,79.44925728321076,65.48900025606156,91.67010801315307
2025-06-30,DO 0.001%,87.11,81.47256986618042,66.83453058600425,93.9403495144844
2025-06-30,DO 0.05%,86.49,79.69045913934707,64.9531853735447,92.67121591329574
2025-07-01,DO 0.001%,87.06,81.31013279914856,66.91418070316314,93.58793154001235
2025-07-01,DO 0.05%,86.44,79.5262206029892,65.03004659533501,92.33028288602829
2025-07-02,DO 0.001%,88.6,81.49541316747666,66.5951610481739,94.216937148571
2025-07-02,DO 0.05%,88.0,79.68685786485672,64.73749873280525,92.92321231126785
2025-07-03,DO 0.001%,89.65,81.37104198932647,66.93085866808892,93.67404843091964
2025-07-03,DO 0.05%,88.78,79.5931411933899,65.04291558265686,92.41661137580871
2025-07-04,DO 0.001%,89.1,81.59394551038741,66.35436439275742,94.62388702869414
2025-07-04,DO 0.05%,88.31,79.7630229640007,64.51777458071709,93.30248777389527
2025-07-07,DO 0.001%,90.21,81.6412900185585,66.12660961389541,94.93221978664398
2025-07-07,DO 0.05%,89.4,79.78511325597763,64.31134173035622,93.5847423028946
2025-07-08,DO 0.001%,89.76,81.75550652503966,65.8148903954029,95.44020770788192
2025-07-08,DO 0.05%,88.96,79.86696799755096,64.02673894762992,94.05409603595733
2025-07-09,DO 0.001%,91.84,81.8672173333168,65.5918691253662,95.8566622853279
2025-07-09,DO 0.05%,91.04,79.95687919855118,63.821772595644,94.44085249662399
2025-07-10,DO 0.001%,90.43,81.78619661808014,65.66837769985199,95.64043748617172
2025-07-10,DO 0.05%,89.46,79.88019432783126,63.893705269098284,94.23612746715546
2025-07-11,DO 0.001%,89.68,81.73385013341904,65.90782259702682,95.30966648340225
2025-07-11,DO 0.05%,88.33,79.85603423118592,64.11116934299469,93.9349384021759
2025-07-14,DO 0.001%,92.57,82.20557137012482,64.77311810731888,97.27541498422622
2025-07-14,DO 0.05%,91.08,80.20324164390564,63.07042421936989,95.74366923332214
2025-07-15,DO 0.001%,89.76,82.02856168985366,65.2253825032711,96.50628809452057
2025-07-15,DO 0.05%,88.35,80.07911833524705,63.48535972476005,95.0400098991394
2025-07-16,DO 0.001%,89.99,81.87996248245238,65.40576922416686,96.06701847553252
2025-07-16,DO 0.05%,88.68,79.94470169305801,63.65362649083137,94.6279517006874
2025-07-17,DO 0.001%,90.44,82.04127857923507,65.01557737827301,96.74232298135757
2025-07-17,DO 0.05%,89.22,80.0622164773941,63.29562453627587,95.24833620309829
2025-07-18,DO 0.001%,93.88,82.16677072763443,64.74450981616974,97.23743387460708
2025-07-18,DO 0.05%,92.7,80.15694484710693,63.046097053289415,95.70301567077637
2025-07-21,DO 0.001%,91.89,82.32741801023482,64.37336975455284,97.89980483293533
2025-07-21,DO 0.05%,91.0,80.27269612073898,62.70453287482262,96.30785343408584
2025-07-22,DO 0.001%,92.47,82.45568903446197,64.00324704408645,98.50865181684493
2025-07-22,DO 0.05%,91.75,80.35121875524521,62.364834305047985,96.8575861287117
2025-07-23,DO 0.001%,90.89,82.23823964595795,64.4637632882595,97.65070451974869
2025-07-23,DO 0.05%,90.09,80.1905072402954,62.789770772457125,96.0747080373764
2025-05-29,DO 0.001%,80.62,78.9280046248436,74.84530543267726,83.54032105088234
2025-05-29,DO 0.05%,80.46,79.34786707162857,75.59534668922424,83.80049630999565
2025-05-30,DO 0.001%,78.82,79.01092561125755,74.53683748185634,83.98071944236754
2025-05-30,DO 0.05%,78.57,79.34751972556114,75.21009296178818,84.19050961732864
2025-06-02,DO 0.001%,80.02,78.92110002994536,74.85487215340137,83.52085837125777
2025-06-02,DO 0.05%,79.74,79.35095563530922,75.61193011701107,83.78173023462296
2025-06-03,DO 0.001%,80.23,79.15733312487602,73.98869824886322,84.77168123722076
2025-06-03,DO 0.05%,79.96,79.35155645012856,74.52999874949455,84.89491805434227
2025-06-04,DO 0.001%,81.26,79.09316930770873,74.22504422545433,84.42768378376961
2025-06-04,DO 0.05%,81.01,79.3499605357647,74.82371270656586,84.58765760064125
2025-06-05,DO 0.001%,80.43,79.20976665616035,73.78883656561375,85.06181532502174
2025-06-05,DO 0.05%,80.17,79.35485154390335,74.28419977426529,85.15415087342262
2025-06-06,DO 0.001%,81.04,79.49119944930077,72.74194852948189,86.61801130294799
2025-06-06,DO 0.05%,80.73,79.37596455216408,73.0026476830244,86.55213430523872
2025-06-09,DO 0.001%,82.35,79.44437237381935,72.90767762064934,86.36541977405548
2025-06-09,DO 0.05%,82.01,79.37337353825569,73.20605166256428,86.3243879377842
2025-06-10,DO 0.001%,82.73,79.45537833571434,72.86732242703438,86.42629120945931
2025-06-10,DO 0.05%,82.43,79.37425598502159,73.15679892897606,86.3791935145855
2025-06-11,DO 0.001%,82.51,79.57840053200721,72.38066607177257,87.15143358945846
2025-06-11,DO 0.05%,82.19,79.39341634511948,72.57441692054272,87.03080534934998
2025-06-12,DO 0.001%,84.64,79.44581161499023,72.88211933135986,86.39613299250603
2025-06-12,DO 0.05%,84.32,79.37793597579002,73.1798505038023,86.35096460580826
2025-06-13,DO 0.001%,88.37,79.73505205631255,71.74148307621479,88.1113510096073
2025-06-13,DO 0.05%,88.02,79.42584156990051,71.82106554508209,87.89350971579552
2025-06-16,DO 0.001%,90.66,79.92489078879356,70.95961295843124,89.30542262077331
2025-06-16,DO 0.05%,90.28,79.4717475771904,70.91283537447453,88.96594539284706
2025-06-17,DO 0.001%,91.64,79.62141785144806,72.20568538784981,87.41278285384178
2025-06-17,DO 0.05%,91.18,79.40179020166397,72.36722968518734,87.26564884185791
2025-06-18,DO 0.001%,94.52,79.8827765226364,71.11645261883736,89.05802364826202
2025-06-18,DO 0.05%,93.98,79.4651198387146,71.09703205525875,88.74370962381363
2025-06-19,DO 0.001%,98.07,79.59519167900085,72.31744763851165,87.2474864757061
2025-06-19,DO 0.05%,97.51,79.39550042152405,72.4984185397625,87.11730390787125
2025-06-20,DO 0.001%,97.82,79.56519337773322,72.43529138863086,87.07041277766227
2025-06-20,DO 0.05%,97.26,79.39070329070091,72.63902328908443,86.95806920528412
2025-06-23,DO 0.001%,94.73,79.82859332561493,71.35067265748977,88.70315192818641
2025-06-23,DO 0.05%,94.04,79.44914191961288,71.36647403240204,88.4251557290554
2025-06-24,DO 0.001%,86.85,79.91759110808373,70.9803972941637,89.27008125424385
2025-06-24,DO 0.05%,86.16,79.47212308645248,70.93849673867226,88.93414914608002
2025-06-25,DO 0.001%,87.73,80.15626056551933,69.93173137187958,90.88605747818947
2025-06-25,DO 0.05%,87.11,79.55248206853867,69.75223951041698,90.38144633173943
2025-06-26,DO 0.001%,86.99,80.22178836941718,69.63548756420612,91.34780931711197
2025-06-26,DO 0.05%,86.37,79.57788527011871,69.42264564335346,90.79388692975044
2025-06-27,DO 0.001%,87.98,80.09072335481643,70.22453228890896,90.4320192193985
2025-06-27,DO 0.05%,87.36,79.52848702669144,70.0803454220295,89.97535184025764
2025-06-30,DO 0.001%,87.11,80.16201753020286,69.92159083604813,90.90703465342521
2025-06-30,DO 0.05%,86.49,79.55073595046997,69.73855689167976,90.40001526474953
2025-07-01,DO 0.001%,87.06,80.1334772837162,70.04312205374241,90.71611413836479
2025-07-01,DO 0.05%,86.44,79.54168617725372,69.87538777291775,90.22942140698433
2025-07-02,DO 0.001%,88.6,80.06413972377777,70.35755862236023,90.23159783124923
2025-07-02,DO 0.05%,88.0,79.51539114117622,70.2277421951294,89.79591473937035
2025-07-03,DO 0.001%,89.65,80.06575769424438,70.33746098339557,90.25828493714332
2025-07-03,DO 0.05%,88.78,79.51913684606552,70.20714551210403,89.81984406709671
2025-07-04,DO 0.001%,89.1,80.23619959473609,69.57643634557724,91.44230067372321
2025-07-04,DO 0.05%,88.31,79.5820064842701,69.3562837690115,90.87812304496765
2025-07-07,DO 0.001%,90.21,80.21728250980377,69.65925385713577,91.31174362659453
2025-07-07,DO 0.05%,89.4,79.57527548074722,69.44853700697422,90.76164945960045
2025-07-08,DO 0.001%,89.76,80.25857838392257,69.49773431122303,91.57319636583328
2025-07-08,DO 0.05%,88.96,79.58516076207161,69.2659268528223,90.99447458982468
2025-07-09,DO 0.001%,91.84,80.01612739086151,70.53922754466534,89.9417459475994
2025-07-09,DO 0.05%,91.04,79.50639769434929,70.43797574937344,89.53632518649101
2025-07-10,DO 0.001%,90.43,80.2646739935875,69.4601259046793,91.62895990610123
2025-07-10,DO 0.05%,89.46,79.59010809659958,69.22577552497387,91.04437038302422
2025-07-11,DO 0.001%,89.68,80.14915842771529,69.9710988509655,90.82734960794448
2025-07-11,DO 0.05%,88.33,79.54795718193054,69.79508981108665,90.32888442277908
2025-07-14,DO 0.001%,92.57,80.53083013534545,68.21245902180671,93.60753083705902
2025-07-14,DO 0.05%,91.08,79.71069350838661,67.8685723990202,92.80257046222687
2025-07-15,DO 0.001%,89.76,80.23698035955428,69.57320510804652,91.44746500968932
2025-07-15,DO 0.05%,88.35,79.58223178982735,69.3526554107666,90.88271364569664
2025-07-16,DO 0.001%,89.99,80.50103878378867,68.34765362381935,93.38855922937393
2025-07-16,DO 0.05%,88.68,79.69800129532814,68.01464080810547,92.60887339711189
2025-07-17,DO 0.001%,90.44,80.45119212388992,68.60684402644634,92.98196889519691
2025-07-17,DO 0.05%,89.22,79.66839239001274,68.29151786863804,92.24755838513374
2025-07-18,DO 0.001%,93.88,80.35317321538925,69.03700781404972,92.29008897781371
2025-07-18,DO 0.05%,92.7,79.63145166635513,68.76304484903812,91.63359135389328
2025-07-21,DO 0.001%,91.89,80.42281179308891,68.71451902031899,92.80220485091209
2025-07-21,DO 0.05%,91.0,79.66195240616798,68.41144144535065,92.08879306912422
2025-07-22,DO 0.001%,92.47,80.47574388504027,68.4779849076271,93.1834250319004
2025-07-22,DO 0.05%,91.75,79.6832437813282,68.15384209156036,92.42667630314827
2025-07-23,DO 0.001%,90.89,80.52784817814826,68.25738592267037,93.54525778770446
2025-07-23,DO 0.05%,90.09,79.70125883817673,67.91317351162434,92.74629101157188
2025-07-24,DO 0.001%,91.63,80.47443633913994,68.4779849076271,93.18144019603729
2025-07-24,DO 0.05%,90.71,79.68422010540962,68.15460249781609,92.42512732744217
2025-07-25,DO 0.001%,91.61,80.43131554484367,68.68783191442489,92.8489566719532
2025-07-25,DO 0.05%,90.56,79.6624405682087,68.38081397116184,92.12989255785942
2025-07-28,DO 0.001%,90.89,80.65493411421775,67.62121310472489,94.56480494499206
2025-07-28,DO 0.05%,89.58,79.77180764079094,67.23758071660995,93.64810466766357
2025-07-29,DO 0.001%,91.75,80.47496312022209,68.49133786737919,93.16519464373589
2025-07-29,DO 0.05%,90.35,79.68037113547325,68.16707879304886,92.41019144654274
2025-07-30,DO 0.001%,92.84,80.50832905769347,68.31632425963879,93.43980750322342
2025-07-30,DO 0.05%,91.3,79.70063924789429,67.98054456710815,92.65416920185089
2025-07-31,DO 0.001%,93.5,80.639093054533,67.70971702992915,94.4247846519947
2025-07-31,DO 0.05%,91.74,79.76051419973373,67.33013905584812,93.52408334612846
2025-08-01,DO 0.001%,92.68,80.21786573171616,69.66434764206409,91.30634412050247
2025-08-01,DO 0.05%,90.88,79.57355752587318,69.45304781198502,90.75671151280403
2025-08-04,DO 0.001%,89.41,80.64057932972908,67.70560155272483,94.43246060490608
2025-08-04,DO 0.05%,87.68,79.76046726107597,67.32544049620628,93.53071108460426
2025-08-05,DO 0.001%,89.41,80.53072666049003,68.21944827795028,93.59839682936668
2025-08-05,DO 0.05%,87.77,79.70895677804947,67.87530809640884,92.79424354434013
2025-08-06,DO 0.001%,87.91,80.67179110884666,67.55710572838782,94.67474227547645
2025-08-06,DO 0.05%,86.27,79.77595701813698,67.16782987117767,93.74418810009956
2025-08-07,DO 0.001%,86.27,80.67981511354446,67.50673228740692,94.75321384310722
2025-08-07,DO 0.05%,84.83,79.78315740823746,67.1157655119896,93.81385445594788
2025-08-08,DO 0.001%,86.64,80.77710969805717,67.02133174061775,95.54559606552124
2025-08-08,DO 0.05%,85.2,79.83803808689117,66.60631209611893,94.5111657679081
2025-08-11,DO 0.001%,85.45,80.63795483112335,67.70004213094711,94.43564010500907
2025-08-11,DO 0.05%,84.21,79.7639125585556,67.3215351998806,93.53434413671494
2025-08-12,DO 0.001%,86.89,80.68077460765838,67.5009047716856,94.76233844399452
2025-08-12,DO 0.05%,85.61,79.78398352861404,67.10973389446735,93.8219466805458
2025-08-13,DO 0.001%,84.95,80.77206765055656,67.04560600101948,95.50545722842216
2025-08-13,DO 0.05%,83.73,79.83540013432503,66.63176693022251,94.47595238685608
2025-08-14,DO 0.001%,84.66,80.99397418141365,65.96585529148578,97.31289956212044
2025-08-14,DO 0.05%,83.62,79.9559198319912,65.51117688417435,96.05459332466125
2025-08-15,DO 0.001%,83.61,80.77566105008125,67.0490865188837,95.5064449429512
2025-08-15,DO 0.05%,83.03,79.8317389190197,66.63330651819706,94.47567075490952
2025-08-18,DO 0.001%,83.09,80.75554930090904,67.131113858819,95.36618947982788
2025-08-18,DO 0.05%,82.78,79.82519567012787,66.72092691063881,94.35340493917465
2025-08-19,DO 0.001%,83.85,80.95011965632439,66.19769070506095,96.92637394309044
2025-08-19,DO 0.05%,83.43,79.92685541510582,65.74828281998634,95.71709498763084
2025-08-20,DO 0.001%,85.35,80.82278914332389,66.84269651293754,95.855249273777
2025-08-20,DO 0.05%,85.02,79.85090866684914,66.41520604491234,94.78014305233955
2025-06-26,DO 0.001%,86.99,88.48625559806824,87.92397926807404,87.79603327035905
2025-06-26,DO 0.05%,86.37,87.89320627450942,87.57543566107749,87.23230653524399
2025-06-27,DO 0.001%,87.98,88.59463424563408,87.12745948076248,89.2059701371193
2025-06-27,DO 0.05%,87.36,87.94123376011848,86.8729363310337,88.5611258149147
2025-06-30,DO 0.001%,87.11,88.74564064264298,86.79631005525589,89.99787784457207
2025-06-30,DO 0.05%,86.49,88.05817160129547,86.57709740400314,89.32451880455017
2025-07-01,DO 0.001%,87.06,89.09510243058205,86.47919557571412,91.1900115931034
2025-07-01,DO 0.05%,86.44,88.35293055891991,86.29688688039779,90.51145710349083
2025-07-02,DO 0.001%,88.6,89.13881783604623,86.18928818404675,91.58399407029152
2025-07-02,DO 0.05%,88.0,88.39909925103187,86.01992145717144,90.84136698842049
2025-07-03,DO 0.001%,89.65,89.79298018336297,85.87053176224232,93.32520586133003
2025-07-03,DO 0.05%,88.78,88.99072518348694,85.73097771942615,92.58672216057778
2025-07-04,DO 0.001%,89.1,89.77427040815354,85.7744519942999,93.3798710346222
2025-07-04,DO 0.05%,88.31,88.97728787183762,85.63628309428692,92.61645247220993
2025-07-07,DO 0.001%,90.21,90.27871272087097,85.3788380330801,94.8014897453785
2025-07-07,DO 0.05%,89.4,89.45681505680083,85.2558171415329,93.99698567152024
2025-07-08,DO 0.001%,89.76,90.0323272573948,85.4686271750927,94.21260767579079
2025-07-08,DO 0.05%,88.96,89.22512008190155,85.3407193517685,93.40529743313789
2025-07-09,DO 0.001%,91.84,90.82172498941422,85.29409498751164,95.9689943599701
2025-07-09,DO 0.05%,91.04,89.97001859545708,85.17828260719776,95.1941836798191
2025-07-10,DO 0.001%,90.43,91.45059933423997,85.01830097854138,97.46443772315979
2025-07-10,DO 0.05%,89.46,90.58131243228912,84.90746470212936,96.68584988474846
2025-07-11,DO 0.001%,89.68,91.16232865571976,85.06449498474598,96.8579649090767
2025-07-11,DO 0.05%,88.33,90.30336569070816,84.95199786365032,96.06368366360664
2025-07-14,DO 0.001%,92.57,93.01817311644554,84.77850942969323,100.7034355211258
2025-07-14,DO 0.05%,91.08,92.11628125667572,84.66883819282054,100.02296573400497
2025-07-15,DO 0.001%,89.76,92.56010259985923,84.88956015527249,99.72441960334778
2025-07-15,DO 0.05%,88.35,91.66239296078682,84.78118616402149,99.02142910599709
2025-07-16,DO 0.001%,89.99,93.5045331478119,84.71554042100907,101.68795246839524
2025-07-16,DO 0.05%,88.68,92.59840452194214,84.60415944814682,101.04481409430504
2025-07-17,DO 0.001%,90.44,93.6480200767517,84.52827010810375,102.1363386631012
2025-07-17,DO 0.05%,89.22,92.74867603421211,84.41363830685616,101.4731361913681
2025-07-18,DO 0.001%,93.88,94.51859459757806,84.54339793920518,103.77267531394959
2025-07-18,DO 0.05%,92.7,93.61274501800537,84.4250662523508,103.20800319910049
2025-07-21,DO 0.001%,91.89,94.7235863828659,84.52771059274674,104.17559957861901
2025-07-21,DO 0.05%,91.0,93.81800151109695,84.4079061615467,103.63174581050873
2025-07-22,DO 0.001%,92.47,94.68338494300843,84.47176951527597,104.15211039185525
2025-07-22,DO 0.05%,91.75,93.78038949966431,84.35112469315528,103.59362496733665
2025-07-23,DO 0.001%,90.89,95.19787761569023,84.56240054488183,105.04058940410614
2025-07-23,DO 0.05%,90.09,94.29077888727188,84.44031043589115,104.55923184394837
2025-07-24,DO 0.001%,91.63,96.37059042930603,84.5731672936678,107.25019398570062
2025-07-24,DO 0.05%,90.71,95.46937857627869,84.44216403722763,106.9191311454773
2025-07-25,DO 0.001%,91.61,96.42008923649789,84.32507190942765,107.579534137249
2025-07-25,DO 0.05%,90.56,95.53089529514313,84.18747298300266,107.21310089468956
2025-07-28,DO 0.001%,90.89,95.77338360786439,84.34660540699959,106.33384378790856
2025-07-28,DO 0.05%,89.58,94.87839647173881,84.21538603842258,105.88656616568565
2025-07-29,DO 0.001%,91.75,97.37564734220506,84.45224399805069,109.27140399456025
2025-07-29,DO 0.05%,90.35,96.491434623003,84.30816475629807,109.05760556578636
2025-07-30,DO 0.001%,92.84,97.04405867099763,84.26020473182201,108.82501532196999
2025-07-30,DO 0.05%,91.3,96.1647334933281,84.11452312648296,108.53371656060219
2025-07-31,DO 0.001%,93.5,97.76194301962853,84.44152954041958,110.01574766755104
2025-07-31,DO 0.05%,91.74,96.88385812163352,84.29281672954559,109.85591064333916
2025-08-01,DO 0.001%,92.68,98.34076427102089,84.66812803089618,110.89921718716622
2025-08-01,DO 0.05%,90.88,97.46139253020287,84.51928839087486,110.86321056962014
2025-08-04,DO 0.001%,89.41,98.16500324130058,84.13926574885845,111.07340948224068
2025-08-04,DO 0.05%,87.68,97.30842109441757,83.97680106639862,110.9274272119999
2025-08-05,DO 0.001%,89.41,97.96057620048524,84.58058740854264,110.26007285952569
2025-08-05,DO 0.05%,87.77,97.07898990154267,84.4335917800665,110.15244531989097
2025-08-06,DO 0.001%,87.91,98.3990375339985,84.23083801925183,111.43160389304161
2025-08-06,DO 0.05%,86.27,97.54200601577759,84.06809482634067,111.33449260354043
2025-08-07,DO 0.001%,86.27,98.29065888643265,84.39388184010983,111.06796074390412
2025-08-07,DO 0.05%,84.83,97.42361436963081,84.23744752883911,110.97912036299705
2025-08-08,DO 0.001%,86.64,98.63652304291726,84.24708488106728,111.86916581869126
2025-08-08,DO 0.05%,85.2,97.78310918569565,84.08170867145061,111.811060256958
2025-08-11,DO 0.001%,85.45,99.08362287521362,84.27149962127208,112.69994677066803
2025-08-11,DO 0.05%,84.21,98.23783861160278,84.10079505383969,112.71572155237197
2025-08-12,DO 0.001%,86.89,99.43164142727852,84.3249725562334,113.31412730097772
2025-08-12,DO 0.05%,85.61,98.59052131295203,84.15110189795494,113.39366196274757
2025-08-13,DO 0.001%,84.95,99.62888366341592,84.27558878958226,113.74015379786492
2025-08-13,DO 0.05%,83.73,98.79462514638901,84.09721246302128,113.84470495462418
2025-08-14,DO 0.001%,84.66,99.76180777907372,84.23513635218144,114.03459483265877
2025-08-14,DO 0.05%,83.62,98.93268469691276,84.05342697262763,114.15534153938293
2025-08-15,DO 0.001%,83.61,99.45425212264061,84.09707724511624,113.5791179573536
2025-08-15,DO 0.05%,83.03,98.62542301654815,83.91532069265843,113.63032064318656
2025-08-18,DO 0.001%,83.09,100.4240334224701,84.25512203156948,115.28782556653023
2025-08-18,DO 0.05%,82.78,99.60965936541557,84.06395148217678,115.52295664310455
2025-08-19,DO 0.001%,83.85,99.89502472519875,84.1851460081339,114.33914897680283
2025-08-19,DO 0.05%,83.43,99.07159576177597,83.99972964763641,114.47512671113014
2025-08-20,DO 0.001%,85.35,99.46685429096222,83.98529444336891,113.71207344770433
2025-08-20,DO 0.05%,85.02,98.64420825362205,83.79962897002697,113.75069569468498
2025-08-21,DO 0.001%,85.66,100.02253147721291,83.90957162201406,114.85379852294922
2025-08-21,DO 0.05%,85.36,99.21692433714867,83.71259797394275,114.97573406815529
2025-08-22,DO 0.001%,86.78,99.88142902493477,84.15971681952477,114.3378730726242
2025-08-22,DO 0.05%,86.49,99.05903073310851,83.97362865626812,114.46811729431153
2025-08-25,DO 0.001%,86.89,99.9051587510109,83.91142795801163,114.62614375114441
2025-08-25,DO 0.05%,86.6,99.09662197589874,83.71640901982784,114.72845222711562
2025-08-26,DO 0.001%,86.72,99.73523341417314,83.82413833320142,114.38461090683937
2025-08-26,DO 0.05%,86.31,98.92738869309426,83.62883284687996,114.44788863658906
2025-08-27,DO 0.001%,85.53,100.21691861629486,83.7767782342434,115.35835587620736
2025-08-27,DO 0.05%,85.08,99.42338541150093,83.5719371509552,115.49792004466057
2025-08-28,DO 0.001%,85.75,100.66764745473863,83.91888990581036,116.08827764868737
2025-08-28,DO 0.05%,85.25,99.87779292345047,83.71158550262452,116.3226012980938
2025-08-29,DO 0.001%,86.33,99.80377665996552,83.95708336532117,114.38657705426216
2025-08-29,DO 0.05%,85.83,98.99035921692848,83.76524129033089,114.47748395204545
2025-09-01,DO 0.001%,86.22,100.27154195666314,83.73712585151196,115.50259579777718
2025-09-01,DO 0.05%,85.62,99.48158953189849,83.52995853245258,115.6471115875244
2025-09-02,DO 0.001%,88.12,100.47260144710542,84.04237546801568,115.59042402148248
2025-09-02,DO 0.05%,87.42,99.6709268605709,83.84280178546905,115.80586709022522
2025-09-03,DO 0.001%,89.85,100.20058285951615,83.68824407994748,115.41374266743661
2025-09-03,DO 0.05%,89.15,99.41155766963959,83.4805291634798,115.54063075780869
2025-09-04,DO 0.001%,88.45,100.40443469762802,83.56760315656662,115.92575673937797
2025-09-04,DO 0.05%,87.73,99.62740617036819,83.35206472575665,116.0752883040905
2025-09-05,DO 0.001%,88.49,100.87800431251526,83.72935538589955,116.68197050452233
2025-09-05,DO 0.05%,87.51,100.10438919663429,83.51141732692719,116.93201557278633
2025-09-08,DO 0.001%,88.18,100.83609818100929,83.81475207090378,116.5165212905407
2025-09-08,DO 0.05%,87.13,100.05653824448585,83.6007276815176,116.76853520393371
2025-09-09,DO 0.001%,88.86,100.7555593442917,83.79365258991719,116.38162056922913
2025-09-09,DO 0.05%,87.97,99.97503170728683,83.58023422360421,116.6170175731182
2025-09-10,DO 0.001%,88.82,100.52347028255463,83.21009898900986,116.50831157922745
2025-09-10,DO 0.05%,87.88,99.77010751247406,82.97941297471523,116.64537715435029
2025-09-11,DO 0.001%,89.18,100.31271601200105,83.83320561945439,115.48766144394875
2025-09-11,DO 0.05%,88.2,99.51847464084625,83.6287809252739,115.65019573092461
2025-09-12,DO 0.001%,88.0,100.45215560555458,83.5768168580532,116.0089310503006
2025-09-12,DO 0.05%,86.87,99.67585941314697,83.36076678693294,116.16773991584778
2025-09-15,DO 0.001%,88.78,100.77220884799958,83.41543066680431,116.78742084741593
2025-09-15,DO 0.05%,87.64,100.01372368812561,83.18771726608276,116.98707324385643
2025-09-16,DO 0.001%,88.98,100.83632826209069,83.29574667155742,117.03011455535889
2025-09-16,DO 0.05%,87.93,100.08658008575439,83.06238889336586,117.23046096444129
2025-09-17,DO 0.001%,90.61,101.01991204857826,83.74368839144707,116.94251641273499
2025-09-17,DO 0.05%,89.75,100.24937508940697,83.52375909268856,117.21947435259818
2025-07-24,DO 0.001%,91.63,89.76506856858731,86.31013369739055,92.98803295612335
2025-07-24,DO 0.05%,90.71,88.4286161595583,84.44295420527459,91.76727302670479
2025-07-25,DO 0.001%,91.61,89.85452176988125,85.92948085486888,93.67029780983925
2025-07-25,DO 0.05%,90.56,88.55170768260956,84.11655734896661,92.46187586545945
2025-07-28,DO 0.001%,90.89,90.0787236070633,86.21178501665592,93.84936673641205
2025-07-28,DO 0.05%,89.58,88.78625977993012,84.3897128123045,92.6406466627121
2025-07-29,DO 0.001%,91.75,90.04312543690205,85.91614305317403,94.1215077316761
2025-07-29,DO 0.05%,90.35,88.76053315222264,84.12483755350114,92.9212929725647
2025-07-30,DO 0.001%,92.84,90.2440267521143,85.65080097794532,94.88476370453834
2025-07-30,DO 0.05%,91.3,88.98821729779243,83.91152831554413,93.7064625620842
2025-07-31,DO 0.001%,93.5,90.24420011103153,85.43708193778991,95.1352131652832
2025-07-31,DO 0.05%,91.74,88.9954342854023,83.72097621560097,93.96501758694649
2025-08-01,DO 0.001%,92.68,89.9764364284277,84.61151426911354,95.52003745675087
2025-08-01,DO 0.05%,90.88,88.73720144748688,82.9497251021862,94.36035171031952
2025-08-04,DO 0.001%,89.41,90.29592066049575,85.18116083621979,95.54599795460702
2025-08-04,DO 0.05%,87.68,89.05793855309487,83.49758252620697,94.38954184770584
2025-08-05,DO 0.001%,89.41,90.4747891408205,85.11773855984211,96.0027011871338
2025-08-05,DO 0.05%,87.77,89.2474757641554,83.46081025600434,94.86416617870331
2025-08-06,DO 0.001%,87.91,90.39481108784676,84.66441040873528,96.3569492995739
2025-08-06,DO 0.05%,86.27,89.1746937328577,83.04271899461746,95.22877440690995
2025-08-07,DO 0.001%,86.27,90.69982526779175,85.07852693974972,96.5223120367527
2025-08-07,DO 0.05%,84.83,89.48242522537709,83.45152590215207,95.40737337112427
2025-08-08,DO 0.001%,86.64,90.88972370922565,84.7038712322712,97.34396829485894
2025-08-08,DO 0.05%,85.2,89.68446865975856,83.13505240380765,96.26523907542229
2025-08-11,DO 0.001%,85.45,91.21018308520317,84.85554944992066,97.82652367591858
2025-08-11,DO 0.05%,84.21,90.00921699285507,83.31084297180176,96.77993272304535
2025-08-12,DO 0.001%,86.89,91.08681654572487,84.63692218542099,97.82358740925788
2025-08-12,DO 0.05%,85.61,89.88654431283474,83.09750151515007,96.77090074896813
2025-08-13,DO 0.001%,84.95,91.48556372523308,84.55014521241188,98.72698239684105
2025-08-13,DO 0.05%,83.73,90.29121648788453,83.06630307912828,97.72944987416268
2025-08-14,DO 0.001%,84.66,91.51414627671242,84.70615198552609,98.60790649056435
2025-08-14,DO 0.05%,83.62,90.31851646184921,83.21207119345665,97.60769542694092
2025-08-15,DO 0.001%,83.61,91.86017067551613,84.67030461192131,99.33693491220474
2025-08-15,DO 0.05%,83.03,90.66656428098679,83.2220589888096,98.38742005705834
2025-08-18,DO 0.001%,83.09,92.10964499235153,84.7996032768488,99.68337103843689
2025-08-18,DO 0.05%,82.78,90.9152389061451,83.37147318542004,98.76606489658356
2025-08-19,DO 0.001%,83.85,92.02952066779137,84.4156457799673,99.95849164009094
2025-08-19,DO 0.05%,83.43,90.83766702890397,83.00964113473893,99.04481030344964
2025-08-20,DO 0.001%,85.35,92.33868462681771,84.7992728114128,100.13232729434966
2025-08-20,DO 0.05%,85.02,91.14360501408578,83.4001961517334,99.25105290770531
2025-08-21,DO 0.001%,85.66,92.45839979410171,84.39007533967495,100.82718233942985
2025-08-21,DO 0.05%,85.36,91.26477952480316,83.0391964173317,99.9816762471199
2025-08-22,DO 0.001%,86.78,92.55706268787384,84.44213177204132,100.96028948307037
2025-08-22,DO 0.05%,86.49,91.36243438839912,83.09952055335046,100.12878680706025
2025-08-25,DO 0.001%,86.89,92.71679126024246,84.3233267390728,101.40495510578155
2025-08-25,DO 0.05%,86.6,91.52136920928956,83.00968946278095,100.60449583411217
2025-08-26,DO 0.001%,86.72,92.73618578910828,84.62426156699658,101.10203206777572
2025-08-26,DO 0.05%,86.31,91.53916466832162,83.28995451807977,100.29318806648254
2025-08-27,DO 0.001%,85.53,92.67780717372894,84.45519870042801,101.17996773600578
2025-08-27,DO 0.05%,85.08,91.48210536003113,83.1266916525364,100.36792469859124
2025-08-28,DO 0.001%,85.75,93.10140968799591,84.60553338646889,101.82800503849984
2025-08-28,DO 0.05%,85.25,91.90055102705956,83.31906410872936,101.08277161717415
2025-08-29,DO 0.001%,86.33,92.66721060991287,84.3758707433939,101.24923545837403
2025-08-29,DO 0.05%,85.83,91.47199942946435,83.05211074411869,100.43850511908532
2025-09-01,DO 0.001%,86.22,93.3324429500103,84.41819198906421,102.48450442314147
2025-09-01,DO 0.05%,85.62,92.12940041542053,83.17466528892517,101.78710450172424
2025-09-02,DO 0.001%,88.12,93.25854871153831,84.09395663917064,102.71267726302148
2025-09-02,DO 0.05%,87.42,92.05807896494866,82.86366896867753,102.01363414406777
2025-09-03,DO 0.001%,89.85,93.19610699653626,84.49968151509762,102.13003961205483
2025-09-03,DO 0.05%,89.15,91.99451148033143,83.23308315217496,101.40540962576867
2025-09-04,DO 0.001%,88.45,93.27341423869133,84.07442667365075,102.76365561962128
2025-09-04,DO 0.05%,87.73,92.07284586668015,82.8472803926468,102.06790116548538
2025-09-05,DO 0.001%,88.49,93.33112108826637,84.26501313328743,102.65661732316018
2025-09-05,DO 0.05%,87.51,92.12879899978638,83.03204923689366,101.9643932390213
2025-09-08,DO 0.001%,88.18,93.01240071892738,83.83927613735199,102.52975110054017
2025-09-08,DO 0.05%,87.13,91.8163850569725,82.59597457408906,101.79707081794739
2025-09-09,DO 0.001%,88.86,93.4281154024601,83.98701043963432,103.16156850934028
2025-09-09,DO 0.05%,87.97,92.22593836426735,82.78456670343876,102.49625945091248
2025-09-10,DO 0.001%,88.82,93.62591792702675,84.15563449144364,103.34738759875297
2025-09-10,DO 0.05%,87.88,92.41997008323669,82.96654863059521,102.71206026792527
2025-09-11,DO 0.001%,89.18,93.42846212029457,83.90184787154197,103.26024223804474
2025-09-11,DO 0.05%,88.2,92.22676531076432,82.70490598082543,102.59786647439003
2025-09-12,DO 0.001%,88.0,93.51630091667175,83.73487072944641,103.6220206284523
2025-09-12,DO 0.05%,86.87,92.31441089987756,82.55889622628689,102.98087157726289
2025-09-15,DO 0.001%,88.78,93.31045887231826,83.6551256275177,103.31765654444695
2025-09-15,DO 0.05%,87.64,92.11184122681618,82.45937267839909,102.64284377217294
2025-09-16,DO 0.001%,88.98,93.5123461663723,83.78956005036831,103.55114933609963
2025-09-16,DO 0.05%,87.93,92.31016877174378,82.60976417541504,102.90749886989595
2025-09-17,DO 0.001%,90.61,93.98505259394646,84.12217080295086,104.0728513276577
2025-09-17,DO 0.05%,89.75,92.77376356959343,82.97941462934017,103.50504826068878
2025-09-18,DO 0.001%,89.43,93.82492312908172,83.95444605052471,103.96043890476227
2025-09-18,DO 0.05%,88.57,92.61714849472047,82.80239438116551,103.3681295478344
2025-09-19,DO 0.001%,88.75,93.44805167794227,83.52720299899578,103.7312800860405
2025-09-19,DO 0.05%,87.96,92.24846997141839,82.35549423694611,103.08488426327706
2025-09-22,DO 0.001%,88.16,93.76994668245315,83.75608010947704,104.08485643267632
2025-09-22,DO 0.05%,87.44,92.56428835630417,82.6092755252123,103.48876708030701
2025-09-23,DO 0.001%,87.56,93.69237940192222,83.63523269176483,104.07621015667915
2025-09-23,DO 0.05%,86.85,92.48867107987404,82.48622159063817,103.46986544609071
2025-09-24,DO 0.001%,89.37,94.44141994357109,84.14884098887444,104.91184347748757
2025-09-24,DO 0.05%,88.69,93.22239815354348,83.06041779756546,104.43033695340156
2025-09-25,DO 0.001%,90.75,94.2727200472355,83.90041224300862,104.87946869969367
2025-09-25,DO 0.05%,89.96,93.05829760193825,82.8057182765007,104.37263327121735
2025-09-26,DO 0.001%,92.58,93.59158202648163,83.20835261046886,104.38014084339142
2025-09-26,DO 0.05%,91.7,92.392466057539,82.07138441741466,103.76931673407555
2025-09-29,DO 0.001%,91.87,94.1420074236393,83.71417600870133,104.84684471845627
2025-09-29,DO 0.05%,90.96,92.93105523705484,82.61422109484673,104.32076117277145
2025-09-30,DO 0.001%,88.78,94.14889844059944,83.5633862555027,105.03647770404815
2025-09-30,DO 0.05%,87.96,92.93903473377227,82.47243735909463,104.51608163952828
2025-10-01,DO 0.001%,90.2,93.99086011767388,83.49129061579704,104.81767708063126
2025-10-01,DO 0.05%,89.26,92.78393393754959,82.38561871647835,104.27015634298326
2025-10-02,DO 0.001%,89.5,94.03402648806572,83.33928735017777,105.07899397850036
2025-10-02,DO 0.05%,88.59,92.82772988319397,82.24667559564114,104.54389711260797
2025-10-03,DO 0.001%,88.01,93.6674915623665,82.83571761786938,104.96550889730453
2025-10-03,DO 0.05%,87.16,92.47063935041427,81.72658531665802,104.37960324883461
2025-10-06,DO 0.001%,87.83,94.0297683596611,83.01345926523209,105.45529117822647
2025-10-06,DO 0.05%,87.3,92.82653779149055,81.93662972688675,104.9288782954216
2025-10-07,DO 0.001%,87.7,94.06425594925881,83.2227684879303,105.27436947822571
2025-10-07,DO 0.05%,87.17,92.85856317400933,82.13958065450191,104.74820659518242
2025-10-08,DO 0.001%,88.55,93.92994612812996,82.97410679101944,105.30924712538719
2025-10-08,DO 0.05%,88.08,92.72839964747429,81.88785599291325,104.76592687726021
2025-10-09,DO 0.001%,89.56,93.82665671825409,82.51699183106423,105.65267114043236
2025-10-09,DO 0.05%,89.0,92.6310562312603,81.44046182870865,105.10425539016724
2025-10-10,DO 0.001%,88.23,94.3502439880371,83.21207982718944,105.83704918384552
2025-10-10,DO 0.05%,87.78,93.14062710642816,82.16223576664925,105.36408842325211
2025-10-13,DO 0.001%,86.89,93.98253888964653,82.73765064537525,105.69157938241959
2025-10-13,DO 0.05%,86.25,92.7826881480217,81.66842520296574,105.1645473074913
2025-10-14,DO 0.001%,85.63,94.71076552629471,83.62116353213787,106.04385553717613
2025-10-14,DO 0.05%,84.85,93.49176792025567,82.59319302678108,105.62864686489105
2025-10-15,DO 0.001%,85.23,93.76180964827537,82.20181448459626,105.90404157042504
2025-10-15,DO 0.05%,84.43,92.57048508524895,81.13182821273804,105.35338107705117
2025-08-21,DO 0.001%,85.66,84.24569907188415,78.89684574007987,89.4103224992752
2025-08-21,DO 0.05%,85.36,83.48804821014404,77.82406714439392,90.20352315187453
2025-08-22,DO 0.001%,86.78,84.3549122929573,78.32058168053626,89.96481310129165
2025-08-22,DO 0.05%,86.49,83.57132893323897,77.31913278579711,90.79661325216293
2025-08-25,DO 0.001%,86.89,84.29879985451697,78.32216890454292,89.91078643798828
2025-08-25,DO 0.05%,86.6,83.54846904873848,77.25617815375328,90.74751847028732
2025-08-26,DO 0.001%,86.72,84.35458670854568,78.32800398766994,89.95866769552231
2025-08-26,DO 0.05%,86.31,83.57067014694213,77.32688619375229,90.78988349676132
2025-08-27,DO 0.001%,85.53,84.32695273160934,78.16468779444693,90.06181690692901
2025-08-27,DO 0.05%,85.08,83.57129346013069,77.1162874174118,90.90917449235916
2025-08-28,DO 0.001%,85.75,84.29208976328373,78.48487971425055,89.77627937793731
2025-08-28,DO 0.05%,85.25,83.53431021094322,77.42648454666137,90.59989966392517
2025-08-29,DO 0.001%,86.33,84.39170333147048,77.74145858287811,90.45966070890427
2025-08-29,DO 0.05%,85.83,83.62959604740142,76.72803424715995,91.33645314931869
2025-09-01,DO 0.001%,86.22,84.47910748422146,76.96927410364151,91.16609748601913
2025-09-01,DO 0.05%,85.62,83.72913865685463,75.98522229194641,92.1001689004898
2025-09-02,DO 0.001%,88.12,84.44807521998882,77.45465941429137,90.74263426065444
2025-09-02,DO 0.05%,87.42,83.67513845086097,76.47949951529503,91.63799484014511
2025-09-03,DO 0.001%,89.85,84.39342282414435,77.7337412148714,90.46744421124458
2025-09-03,DO 0.05%,89.15,83.63088321447373,76.72157307386398,91.34470318078995
2025-09-04,DO 0.001%,88.45,84.6264191687107,75.74056431949138,92.32392652630806
2025-09-04,DO 0.05%,87.73,83.90495351672172,74.81532931566238,93.35137637615203
2025-09-05,DO 0.001%,88.49,84.59603807330132,76.19131558835505,91.91660007834435
2025-09-05,DO 0.05%,87.51,83.8474212026596,75.27116382479667,92.90603683948517
2025-09-08,DO 0.001%,88.18,84.51815217733383,76.73150591254233,91.3971504986286
2025-09-08,DO 0.05%,87.13,83.76588372945785,75.77063025712967,92.34761916875838
2025-09-09,DO 0.001%,88.86,84.64038368761538,75.78314974308013,92.30026060938835
2025-09-09,DO 0.05%,87.97,83.90569845199585,74.87758968830109,93.32170058727264
2025-09-10,DO 0.001%,88.82,84.72969047427176,75.02322046458721,93.03087202906607
2025-09-10,DO 0.05%,87.88,84.02168538093566,74.15367983222008,94.11306509256363
2025-09-11,DO 0.001%,89.18,84.68058827519417,75.49146172106265,92.58438388109207
2025-09-11,DO 0.05%,88.2,83.95165639758109,74.60632176160811,93.62793486356735
2025-09-12,DO 0.001%,88.0,84.66411065161228,75.59072935581207,92.484978890419
2025-09-12,DO 0.05%,86.87,83.93487254977227,74.69541500687599,93.52136351108551
2025-09-15,DO 0.001%,88.78,84.85175410509109,74.25260794758796,93.81349555850028
2025-09-15,DO 0.05%,87.64,84.15696968078613,73.45699305295943,94.95549060344696
2025-09-16,DO 0.001%,88.98,84.8370468467474,74.33069733381271,93.73147881031036
2025-09-16,DO 0.05%,87.93,84.14216219186783,73.52484804153443,94.8676490521431
2025-09-17,DO 0.001%,90.61,84.85181515216827,74.17726059257984,93.8803522825241
2025-09-17,DO 0.05%,89.75,84.16631431102752,73.3754201066494,95.0302983212471
2025-09-18,DO 0.001%,89.43,84.93401504158973,73.70589067339897,94.37367371320724
2025-09-18,DO 0.05%,88.57,84.25502241969109,72.95870736837387,95.56088480472565
2025-09-19,DO 0.001%,88.75,84.83090144097804,74.38620947599411,93.67707569003105
2025-09-19,DO 0.05%,87.96,84.13321283340454,73.57800702810287,94.80841909646988
2025-09-22,DO 0.001%,88.16,84.90097331106662,73.96718233823776,94.11049976348876
2025-09-22,DO 0.05%,87.44,84.20998677492142,73.20390256047249,95.27487020015717
2025-09-23,DO 0.001%,87.56,84.95658211112021,73.58301816880703,94.50416184067726
2025-09-23,DO 0.05%,86.85,84.27889582157134,72.85148736476899,95.70113533973694
2025-09-24,DO 0.001%,89.37,84.9558546334505,73.51405532062053,94.56589061021805
2025-09-24,DO 0.05%,88.69,84.28771849036217,72.77606140136719,95.77061195611954
2025-09-25,DO 0.001%,90.75,84.97238312959671,73.47064576148986,94.61961203813553
2025-09-25,DO 0.05%,89.96,84.29917123675347,72.74793629407883,95.82641622304916
2025-09-26,DO 0.001%,92.58,84.99563697874545,73.20873345136641,94.87815658450126
2025-09-26,DO 0.05%,91.7,84.34230146884917,72.4912934231758,96.1104950094223
2025-09-29,DO 0.001%,91.87,85.14811731576918,72.22270614802837,95.9244627892971
2025-09-29,DO 0.05%,90.96,84.5332633459568,71.60077651262283,97.24694191217422
2025-09-30,DO 0.001%,88.78,85.14630116522312,72.21381362378597,95.93123901486396
2025-09-30,DO 0.05%,87.96,84.53398294329642,71.58914133310317,97.25515140295028
2025-10-01,DO 0.001%,90.2,85.11509084701538,72.45908551812171,95.67429186701774
2025-10-01,DO 0.05%,89.26,84.48777668595314,71.81802903056145,96.97381924867629
2025-10-02,DO 0.001%,89.5,85.0670264482498,72.71786916553974,95.39184738993644
2025-10-02,DO 0.05%,88.59,84.43462783455848,72.04249272465705,96.66885186910629
2025-10-03,DO 0.001%,88.01,84.99491458833216,73.21932003200054,94.86785997748375
2025-10-03,DO 0.05%,87.16,84.34061396241188,72.5019201529026,96.09912334442139
2025-10-06,DO 0.001%,87.83,85.06939202249049,72.7342145204544,95.37875279188155
2025-10-06,DO 0.05%,87.3,84.43310755848884,72.06282895088195,96.65342613458633
2025-10-07,DO 0.001%,87.7,85.08336671590804,72.56150216460227,95.55127183198928
2025-10-07,DO 0.05%,87.17,84.46240327835082,71.89240093588829,96.84405861854553
2025-10-08,DO 0.001%,88.55,85.07473364174365,72.75296106040477,95.36602447628974
2025-10-08,DO 0.05%,88.08,84.43226127147675,72.08914492964745,96.63756458759308
2025-10-09,DO 0.001%,89.56,84.95971586108207,73.48256011605262,94.59777753353119
2025-10-09,DO 0.05%,89.0,84.29321682214737,72.74639574766158,95.80536546707152
2025-10-10,DO 0.001%,88.23,85.15517334043979,72.11562448740005,96.0314274430275
2025-10-10,DO 0.05%,87.78,84.5514610505104,71.49343488693236,97.36590858221054
2025-10-13,DO 0.001%,86.89,85.1154011696577,72.38244091272354,95.74621549844741
2025-10-13,DO 0.05%,86.25,84.49899632334709,71.73573141932488,97.05497158527373
2025-10-14,DO 0.001%,85.63,85.06202058792114,72.74231343269348,95.36483405828476
2025-10-14,DO 0.05%,84.85,84.4294740986824,72.06318874955177,96.63983486652374
2025-10-15,DO 0.001%,85.23,85.17315679192542,71.97504324316978,96.1799244582653
2025-10-15,DO 0.05%,84.43,84.57841554522514,71.36246310353279,97.5287504196167
2025-10-16,DO 0.001%,84.7,85.14984698295592,72.1172117114067,96.0253227353096
2025-10-16,DO 0.05%,83.7,84.54945428609848,71.4890919649601,97.36055721044539
2025-10-17,DO 0.001%,83.37,85.25392716228961,71.44781016111374,96.75333965420722
2025-10-17,DO 0.05%,82.32,84.68569635987281,70.88695115447044,98.1552359175682
2025-10-20,DO 0.001%,83.37,85.16497648358344,72.06939658820629,96.08356164693832
2025-10-20,DO 0.05%,82.32,84.56157595396041,71.4547691988945,97.42204730987548
2025-10-21,DO 0.001%,84.44,85.20104513168334,71.8397425711155,96.33253197669983
2025-10-21,DO 0.05%,83.05,84.60802545547484,71.24851334452629,97.69342672348021
2025-10-22,DO 0.001%,86.13,85.32869965732097,71.00763529837131,97.24455496072768
2025-10-22,DO 0.05%,84.86,84.77977104306221,70.49891589045524,98.6914879631996
2025-10-23,DO 0.001%,90.52,85.20388382077216,71.79001972675323,96.38232604265212
2025-10-23,DO 0.05%,89.1,84.61652379870414,71.19820740938187,97.74903842210769
2025-10-24,DO 0.001%,92.91,85.35896374583244,70.83544692993163,97.43913234472274
2025-10-24,DO 0.05%,91.45,84.81741307854652,70.34841869473458,98.90404282808304
2025-10-27,DO 0.001%,93.42,85.37080687880515,70.74781893789768,97.53542393445969
2025-10-27,DO 0.05%,92.01,84.83556010723113,70.26782886028289,99.01024931430817
2025-10-28,DO 0.001%,93.7,85.44431773424148,70.20311112999916,98.138996386528
2025-10-28,DO 0.05%,91.89,84.95018385529518,69.76717154502869,99.67744780540465
2025-10-29,DO 0.001%,92.15,85.30685497820377,71.02361945807934,97.21007353663444
2025-10-29,DO 0.05%,90.26,84.77024397969245,70.49124863147735,98.6589033794403
2025-10-30,DO 0.001%,92.83,85.19270711839198,71.90052002370356,96.26753718852996
2025-10-30,DO 0.05%,90.86,84.59607101798058,71.30444430112838,97.62223726272583
2025-10-31,DO 0.001%,94.09,85.31135720014572,71.1007626146078,97.13885194659233
2025-10-31,DO 0.05%,92.02,84.75923211336135,70.57924221038817,98.5763523888588
2025-11-03,DO 0.001%,94.24,85.34644909501075,70.79464204609394,97.46834337115287
2025-11-03,DO 0.05%,91.95,84.82016984581946,70.29037962198257,98.94121864557266
2025-11-04,DO 0.001%,93.03,85.4678717315197,70.00348210036753,98.35950860381126
2025-11-04,DO 0.05%,90.87,84.99195597410201,69.58002556085586,99.92277982234954
2025-11-05,DO 0.001%,94.43,85.47247061133385,69.96712347865105,98.4000947356224
2025-11-05,DO 0.05%,92.43,84.99970938205719,69.54630077004433,99.9678712105751
2025-11-06,DO 0.001%,94.8,85.5180524289608,69.69532662928104,98.71434473991394
2025-11-06,DO 0.05%,92.85,85.06151367187499,69.30711573600769,100.31419009923934
2025-11-07,DO 0.001%,97.15,85.37771537303924,70.609684664011,97.67747030854224
2025-11-07,DO 0.05%,95.19,84.860654797554,70.12743136525154,99.17032424926758
2025-11-10,DO 0.001%,95.83,85.39057595729827,70.5602314442396,97.73745923638343
2025-11-10,DO 0.05%,94.06,84.8729436957836,70.0890038537979,99.23486503601073
2025-11-11,DO 0.001%,96.48,85.46410716176032,70.05009154379367,98.30943982601165
2025-11-11,DO 0.05%,94.51,84.982692425251,69.62568958640098,99.86651947259902
2025-11-12,DO 0.001%,98.45,85.49478331804275,69.8315887928009,98.55614123940467
2025-11-12,DO 0.05%,96.48,85.03030747175217,69.4265232861042,100.1398853802681
2025-09-18,DO 0.001%,89.43,86.08517513632775,81.17091105461121,91.39247535347938
2025-09-18,DO 0.05%,88.57,85.64527291059494,80.55918230116367,90.20467683672905
2025-09-19,DO 0.001%,88.75,85.91231247127057,80.67401257932185,91.58392209172248
2025-09-19,DO 0.05%,87.96,85.4685890674591,80.01924486458302,90.403176009655
2025-09-22,DO 0.001%,88.16,85.83622092604637,80.51008279919624,91.61625114202499
2025-09-22,DO 0.05%,87.44,85.39464804530144,79.84367372095585,90.43230947852135
2025-09-23,DO 0.001%,87.56,85.4339008551836,79.32353212237358,92.10475140929222
2025-09-23,DO 0.05%,86.85,84.9967884272337,78.55325256288052,90.94485738873482
2025-09-24,DO 0.001%,89.37,85.67990624129772,79.71025474965572,92.13193892002106
2025-09-24,DO 0.05%,88.69,85.22314788401127,78.96014216542244,90.9967904984951
2025-09-25,DO 0.001%,90.75,85.24191944003105,78.44466370344162,92.6476591026783
2025-09-25,DO 0.05%,89.96,84.80200716853142,77.58718331158161,91.5364497601986
2025-09-26,DO 0.001%,92.58,85.17592734754085,78.1302952837944,92.84794151186944
2025-09-26,DO 0.05%,91.7,84.73680190742016,77.242321357131,91.75460305809975
2025-09-29,DO 0.001%,91.87,84.86290912210941,77.05247304677964,93.40234205842017
2025-09-29,DO 0.05%,90.96,84.4466548115015,76.07012987136841,92.34738302230835
2025-09-30,DO 0.001%,88.78,84.67364969849586,76.27114265799523,93.87311697602271
2025-09-30,DO 0.05%,87.96,84.27614431083202,75.219572737813,92.85521265864372
2025-10-01,DO 0.001%,90.2,84.59195754766465,75.70530326604843,94.30785791039467
2025-10-01,DO 0.05%,89.26,84.20510272681713,74.60190147161484,93.32925474643707
2025-10-02,DO 0.001%,89.5,84.32628793299197,74.85552343130112,94.73823501706123
2025-10-02,DO 0.05%,88.59,83.97935846447945,73.68423464894295,93.78468051552773
2025-10-03,DO 0.001%,88.01,84.41101532042026,74.98555253505707,94.74278247117996
2025-10-03,DO 0.05%,87.16,84.05232052505016,73.82254640758038,93.79525116086006
2025-10-06,DO 0.001%,87.83,84.22561745226383,73.90039064228534,95.55410877466201
2025-10-06,DO 0.05%,87.3,83.91044063866138,72.64778715372086,94.67079588770866
2025-10-07,DO 0.001%,87.7,83.9274513632059,72.91447342514992,96.09618474841118
2025-10-07,DO 0.05%,87.17,83.67529727518559,71.5877268910408,95.24186751246452
2025-10-08,DO 0.001%,88.55,83.91984706938267,72.64331662118435,96.36939924836159
2025-10-08,DO 0.05%,88.08,83.68004229664803,71.29511366784573,95.53778138756752
2025-10-09,DO 0.001%,89.56,83.68687375783921,72.16321456193924,96.49816457033157
2025-10-09,DO 0.05%,89.0,83.4902253895998,70.78143700957298,95.66299217939377
2025-10-10,DO 0.001%,88.23,83.95178726375103,72.6174631023407,96.44908231019974
2025-10-10,DO 0.05%,87.78,83.71056663990021,71.26672913134098,95.6261126101017
2025-10-13,DO 0.001%,86.89,83.64648674845695,71.45465424060822,97.19124626517296
2025-10-13,DO 0.05%,86.25,83.49169650673866,70.01994398236275,96.4088325202465
2025-10-14,DO 0.001%,85.63,83.72292394340039,71.60003775298595,97.16022420287132
2025-10-14,DO 0.05%,84.85,83.55386859178543,70.17535814642906,96.38012701272964
2025-10-15,DO 0.001%,85.23,83.50850770115852,70.97121450126171,97.48889387965203
2025-10-15,DO 0.05%,84.43,83.39441554248333,69.50253336131573,96.72067725658417
2025-10-16,DO 0.001%,84.7,83.52195023477077,70.74709846377372,97.75654557943344
2025-10-16,DO 0.05%,83.7,83.42250050604343,69.26267172396183,97.00882363319397
2025-10-17,DO 0.001%,83.37,83.5251798993349,70.81711413502693,97.6850284922123
2025-10-17,DO 0.05%,82.32,83.42053723335266,69.3375489115715,96.93230414390564
2025-10-20,DO 0.001%,83.37,83.31839495480061,69.67457438886166,98.61011675953866
2025-10-20,DO 0.05%,82.32,83.31518384814262,68.1178216189146,97.90913662314415
2025-10-21,DO 0.001%,84.44,83.17414020478725,69.53030343651771,98.53106018781662
2025-10-21,DO 0.05%,83.05,83.1906149983406,67.96338641643524,97.81609782576561
2025-10-22,DO 0.001%,86.13,82.8681645923853,67.7189260828495,100.10362599015235
2025-10-22,DO 0.05%,84.86,83.07807721197605,66.03692375123501,99.46528968214989
2025-10-23,DO 0.001%,90.52,83.07283783316612,68.44304604232312,99.60429176449776
2025-10-23,DO 0.05%,89.1,83.19761216640472,66.80697065591812,98.95021679997444
2025-10-24,DO 0.001%,92.91,83.07918374598026,68.68033457458019,99.34018297433853
2025-10-24,DO 0.05%,91.45,83.17924727499485,67.05879916250706,98.6707473397255
2025-10-27,DO 0.001%,93.42,83.01830618917943,67.7174624723196,100.36413786292076
2025-10-27,DO 0.05%,92.01,83.22578272223473,66.03782247006893,99.74945601820946
2025-10-28,DO 0.001%,93.7,83.0140935832262,68.22623185515404,99.75680970311164
2025-10-28,DO 0.05%,91.89,83.16370692849159,66.57635298371315,99.10796335339546
2025-10-29,DO 0.001%,92.15,82.91404959261418,67.58440893352032,100.34223231196404
2025-10-29,DO 0.05%,90.26,83.13876748085022,65.8953220397234,99.71971270442009
2025-10-30,DO 0.001%,92.83,82.73027735829353,67.07273393273354,100.63747117996216
2025-10-30,DO 0.05%,90.86,83.0201258957386,65.35119593143463,100.01892188191414
2025-10-31,DO 0.001%,94.09,82.86639853835106,66.91948688924313,101.06004956483841
2025-10-31,DO 0.05%,92.02,83.174844622612,65.1919194161892,100.4714161157608
2025-11-03,DO 0.001%,94.24,82.88683507800103,66.8295693552494,101.20565450906753
2025-11-03,DO 0.05%,91.95,83.20730014145374,65.09745764732361,100.62549290060997
2025-11-04,DO 0.001%,93.03,82.77835507392884,66.36727905809879,101.58322281956673
2025-11-04,DO 0.05%,90.87,83.16167411208153,64.60761308670044,101.01366454362869
2025-11-05,DO 0.001%,94.43,82.68157315254211,66.46606466770172,101.29079235553742
2025-11-05,DO 0.05%,92.43,83.05078932642937,64.70974071323872,100.70129555463791
2025-11-06,DO 0.001%,94.8,82.85593183279038,66.49127549409866,101.56716090917587
2025-11-06,DO 0.05%,92.85,83.2226532548666,64.74002967774868,101.00207749009132
2025-11-07,DO 0.001%,97.15,82.8934402281046,67.17260509848595,100.80033700704574
2025-11-07,DO 0.05%,95.19,83.16905644536018,65.45970553159714,100.20046308636665
2025-11-10,DO 0.001%,95.83,82.82851208865642,66.26260120093822,101.80235394001006
2025-11-10,DO 0.05%,94.06,83.2274571210146,64.49842944741249,101.24614384770393
2025-11-11,DO 0.001%,96.48,82.69312541425228,65.92285993158818,101.98619638442993
2025-11-11,DO 0.05%,94.51,83.13962875306606,64.13743335008621,101.4289368391037
2025-11-12,DO 0.001%,98.45,82.82429948270321,66.394925634861,101.63037160158157
2025-11-12,DO 0.05%,96.48,83.2042241692543,64.63777366280556,101.06605771183968
2025-11-13,DO 0.001%,94.69,82.87791839540004,66.36339589953423,101.76486174702644
2025-11-13,DO 0.05%,92.97,83.26315979659557,64.6057621538639,101.21032348275185
2025-11-14,DO 0.001%,95.02,82.74604762673378,66.01726011037826,101.96209811806679
2025-11-14,DO 0.05%,93.35,83.1794612556696,64.23808450996876,101.4073568880558
2025-11-17,DO 0.001%,95.43,82.74153257727623,65.37593406021595,102.76836929440498
2025-11-17,DO 0.05%,93.64,83.27395512163639,63.56302897632122,102.24683517217636
2025-11-18,DO 0.001%,96.81,82.95999940216541,66.10613529443741,102.2342000579834
2025-11-18,DO 0.05%,94.7,83.38529461622238,64.33680449426174,101.70617020130157
2025-11-19,DO 0.001%,99.49,82.61814102828502,65.15199084758758,102.8328653717041
2025-11-19,DO 0.05%,97.07,83.18270306289196,63.32440307736397,102.30515560507774
2025-11-20,DO 0.001%,97.33,82.59001378238202,64.91683562219143,103.08658306717872
2025-11-20,DO 0.05%,95.01,83.19242313504219,63.0764636695385,102.56651160120964
2025-11-21,DO 0.001%,91.44,82.59424259066581,64.88053160011768,103.14160618185997
2025-11-21,DO 0.05%,88.71,83.20289213955402,63.03841255605221,102.62386912107468
2025-11-24,DO 0.001%,88.52,82.59339466869831,64.51684328615666,103.61793309807777
2025-11-24,DO 0.05%,86.68,83.26461486518383,62.65622702240944,103.11714807152748
2025-11-25,DO 0.001%,88.12,82.83937305092812,64.41030756175518,104.21829425573348
2025-11-25,DO 0.05%,86.84,83.54418061673641,62.551055520772934,103.75638324022293
2025-11-26,DO 0.001%,86.41,82.71285445213317,64.80119958877563,103.46317923784255
2025-11-26,DO 0.05%,85.33,83.3402249366045,62.95813770592213,102.96572464704514
2025-11-27,DO 0.001%,86.49,82.54866543471813,64.30001829743385,103.82330303907395
2025-11-27,DO 0.05%,85.41,83.25625357031822,62.427294448018074,103.32623928785324
2025-11-28,DO 0.001%,87.81,82.70948976814746,64.1614127600193,104.3094269645214
2025-11-28,DO 0.05%,87.06,83.45193889737129,62.28612604737282,103.8403385579586
2025-12-01,DO 0.001%,87.8,82.89179839193821,64.544484462142,104.13685054063797
2025-12-01,DO 0.05%,86.97,83.57543249428272,62.69340081512928,103.67637586593628
2025-12-02,DO 0.001%,86.96,82.74044702112674,64.21707856714725,104.29246852517127
2025-12-02,DO 0.05%,86.13,83.47453525662422,62.34543614089489,103.82524222135544
2025-12-03,DO 0.001%,85.67,82.72919180214404,63.98716209530831,104.58285749554634
2025-12-03,DO 0.05%,84.92,83.50598506629467,62.10376636683941,104.1238522529602
2025-12-04,DO 0.001%,85.69,82.71761793732644,63.16597937405109,105.69878761410713
2025-12-04,DO 0.05%,85.06,83.65806648135185,61.24179336428642,105.27031791210175
2025-12-05,DO 0.001%,85.89,82.71983765661716,63.60287521839142,105.09257201433182
2025-12-05,DO 0.05%,85.33,83.57107798755169,61.70022556185722,104.6478588283062
2025-12-08,DO 0.001%,86.63,82.58516928553581,63.53678591191768,104.92720022678375
2025-12-08,DO 0.05%,86.2,83.43908935785294,61.62710836529732,104.46704515814781
2025-12-09,DO 0.001%,84.5,82.51357658743858,63.14400901377201,105.33654670834541
2025-12-09,DO 0.05%,84.18,83.44098308682442,61.21302901208401,104.88201788067818
2025-12-10,DO 0.001%,83.64,82.76984885036946,63.54428219020367,105.26970669388771
2025-12-10,DO 0.05%,83.37,83.63704822957516,61.64015583693981,104.83406481146812
2025-10-16,DO 0.001%,84.7,86.08994982361794,83.85990106523037,85.66145322203637
2025-10-16,DO 0.05%,83.7,85.06108561754228,82.74125063776971,84.36598258316518
2025-10-17,DO 0.001%,83.37,85.81572581648827,83.14564862072469,85.86688246250154
2025-10-17,DO 0.05%,82.32,84.80893117308618,82.03732577085496,84.62055762171747
2025-10-20,DO 0.001%,83.37,85.60248337626457,82.52208619058132,86.09287596344949
2025-10-20,DO 0.05%,82.32,84.61639077782631,81.42257035672665,84.88813140153886
2025-10-21,DO 0.001%,84.44,85.3490573143959,81.6940597397089,86.44724368929863
2025-10-21,DO 0.05%,83.05,84.39105913281442,80.60477691888809,85.29536490559579
2025-10-22,DO 0.001%,86.13,85.08452614545823,80.91448731958866,86.73829300045968
2025-10-22,DO 0.05%,84.86,84.14815930902958,79.83399131774902,85.62749457120896
2025-10-23,DO 0.001%,90.52,84.52844273507596,79.29250159442425,87.34576166152955
2025-10-23,DO 0.05%,89.1,83.63057992815972,78.22681748628617,86.3048281300068
2025-10-24,DO 0.001%,92.91,84.63755828619004,79.44819153785706,87.38535599112511
2025-10-24,DO 0.05%,91.45,83.7402564930916,78.37884186685086,86.34494658350945
2025-10-27,DO 0.001%,93.42,84.36299899220467,78.65802710115909,87.68127204179764
2025-10-27,DO 0.05%,92.01,83.48141899466515,77.59401078104973,86.6687224316597
2025-10-28,DO 0.001%,93.7,83.92070990860462,77.27066597342491,88.28543863534928
2025-10-28,DO 0.05%,91.89,83.06477486491204,76.21051292836667,87.3171598339081
2025-10-29,DO 0.001%,92.15,83.55084786593915,75.9293966281414,88.99358479499817
2025-10-29,DO 0.05%,90.26,82.71639048218728,74.86449150860311,88.06422260642053
2025-10-30,DO 0.001%,92.83,83.95045899689198,76.99334818303585,88.62035972356797
2025-10-30,DO 0.05%,90.86,83.1043246549368,75.92607550859452,87.6725996696949
2025-10-31,DO 0.001%,94.09,82.89226319968701,74.17104567468166,89.6431878376007
2025-10-31,DO 0.05%,92.02,82.07265839278699,73.10560530662538,88.73304131031037
2025-11-03,DO 0.001%,94.24,83.74770697116853,75.9811578065157,89.29517024159432
2025-11-03,DO 0.05%,91.95,82.9189856529236,74.90444892466068,88.38424426913262
2025-11-04,DO 0.001%,93.03,83.01306806981565,74.31567623198033,89.70960511565208
2025-11-04,DO 0.05%,90.87,82.19397494554521,73.24536567926407,88.80532699346543
2025-11-05,DO 0.001%,94.43,82.96403998732568,73.89144183754921,90.07279190182686
2025-11-05,DO 0.05%,92.43,82.14968964815141,72.81166164517403,89.18274844050408
2025-11-06,DO 0.001%,94.8,82.7391336286068,73.2560935664177,90.34555283904076
2025-11-06,DO 0.05%,92.85,81.92784547030926,72.17282610058786,89.45962213277818
2025-11-07,DO 0.001%,97.15,82.40758572936059,72.35034152626991,90.72521948218346
2025-11-07,DO 0.05%,95.19,81.5992334663868,71.26161584734918,89.8412909424305
2025-11-10,DO 0.001%,95.83,82.178427323699,71.85782545566559,90.84650188207627
2025-11-10,DO 0.05%,94.06,81.37085720717907,70.76958103120327,89.95747945904732
2025-11-11,DO 0.001%,96.48,82.24179653942585,71.41852347314358,91.45718116879463
2025-11-11,DO 0.05%,94.51,81.4349601751566,70.30799235701562,90.58954136610032
2025-11-12,DO 0.001%,98.45,81.72679084897042,70.51120168089867,91.52455350637436
2025-11-12,DO 0.05%,96.48,80.91996745824815,69.40723947286607,90.63464191555978
2025-11-13,DO 0.001%,94.69,80.93315670132637,68.63103999674321,92.22123895168305
2025-11-13,DO 0.05%,92.97,80.12366748690606,67.5138819718361,91.30399405598641
2025-11-14,DO 0.001%,95.02,81.44609986960889,69.67989348292352,91.95755107998849
2025-11-14,DO 0.05%,93.35,80.6378147572279,68.56455568492413,91.06365573406221
2025-11-17,DO 0.001%,95.43,80.3861920773983,66.9850050598383,93.17582095026971
2025-11-17,DO 0.05%,93.64,79.567413957119,65.83741171479225,92.23923914790154
2025-11-18,DO 0.001%,96.81,81.06489903509618,68.47289128303528,92.66348231434823
2025-11-18,DO 0.05%,94.7,80.25147082924843,67.33625263750554,91.76210532784462
2025-11-19,DO 0.001%,99.49,81.17635651409627,68.48277208507061,92.86571108937264
2025-11-19,DO 0.05%,97.07,80.36098635673524,67.33675587952138,91.97468482017518
2025-11-20,DO 0.001%,97.33,80.90298596441747,67.85104084789754,93.10760531544686
2025-11-20,DO 0.05%,95.01,80.08485243022443,66.69926902353764,92.20370019674301
2025-11-21,DO 0.001%,91.44,80.81820919096471,67.59854952514172,93.25411551117898
2025-11-21,DO 0.05%,88.71,79.99829983592033,66.44212745070458,92.34700339317322
2025-11-24,DO 0.001%,88.52,80.6965711838007,67.08707958698272,93.65367584109306
2025-11-24,DO 0.05%,86.68,79.8713369077444,65.91646097064019,92.74416199207306
2025-11-25,DO 0.001%,88.12,79.97769584476949,65.56512618720532,94.18192536234857
2025-11-25,DO 0.05%,86.84,79.14422264873983,64.38155269265175,93.22739510536195
2025-11-26,DO 0.001%,86.41,80.92168582677841,67.01432233929634,94.18620280981064
2025-11-26,DO 0.05%,85.33,80.08909476041795,65.82080976068974,93.29902657389641
2025-11-27,DO 0.001%,86.49,80.3718357038498,66.29688466966152,94.01727919578553
2025-11-27,DO 0.05%,85.41,79.5410138809681,65.11558652937413,93.0896477007866
2025-11-28,DO 0.001%,87.81,79.95173143386842,65.05402201652527,94.801769156456
2025-11-28,DO 0.05%,87.06,79.10733500897885,63.84584150195122,93.85016716480256
2025-12-01,DO 0.001%,87.8,80.4909133386612,66.50134869039059,93.99072041273118
2025-12-01,DO 0.05%,86.97,79.66058418393136,65.3198071718216,93.07118878364564
2025-12-02,DO 0.001%,86.96,80.3900529563427,66.22403090000152,94.14660848021508
2025-12-02,DO 0.05%,86.13,79.55720820903778,65.03741291463376,93.22165814638139
2025-12-03,DO 0.001%,85.67,80.54941073477269,65.76927016139031,95.05321397781373
2025-12-03,DO 0.05%,84.92,79.70137194931507,64.54616818845273,94.14893188476563
2025-12-04,DO 0.001%,85.69,80.43333544135093,65.79775938391685,94.78451712369919
2025-12-04,DO 0.05%,85.06,79.58982835650444,64.58586895108223,93.86906893491745
2025-12-05,DO 0.001%,85.89,79.99186933457852,64.87008669555188,95.12743429541588
2025-12-05,DO 0.05%,85.33,79.14139442861081,63.64872663676739,94.18120982766152
2025-12-08,DO 0.001%,86.63,80.06084698498249,65.14068858861924,94.9054439163208
2025-12-08,DO 0.05%,86.2,79.21461110949517,63.9274120002985,93.96295376539231
2025-12-09,DO 0.001%,84.5,80.04035892605782,64.77981324970723,95.34620388865471
2025-12-09,DO 0.05%,84.18,79.18573005020619,63.54956279754639,94.40521291375161
2025-12-10,DO 0.001%,83.64,80.08161952972412,64.4577803850174,95.86589851498604
2025-12-10,DO 0.05%,83.37,79.21669453144074,63.20738338887692,94.9313625061512
2025-12-11,DO 0.001%,82.58,79.82801566421986,64.10889409124852,95.82761485219002
2025-12-11,DO 0.05%,82.31,78.9633826303482,62.86172154545785,94.8723724770546
2025-12-12,DO 0.001%,82.8,80.12214859843255,64.31665509939194,96.14153479099274
2025-12-12,DO 0.05%,82.54,79.25161952733994,63.05566095352173,95.21179915189744
2025-12-15,DO 0.001%,81.6,79.76966051101685,63.66805791735649,96.31876945495605
2025-12-15,DO 0.05%,81.34,78.89452905774117,62.402628951668746,95.36079904794694
2025-12-16,DO 0.001%,80.08,79.9669971460104,63.68977028131485,96.69402656793595
2025-12-16,DO 0.05%,79.85,79.08416071414948,62.409206324815756,95.75400216460228
2025-12-17,DO 0.001%,79.39,79.90107263803482,63.471097210049635,96.86602872490883
2025-12-17,DO 0.05%,79.1,79.01423020362854,62.18457921862603,95.92105838418007
2025-12-18,DO 0.001%,80.23,79.56599914669991,63.26073010861874,96.47158913969994
2025-12-18,DO 0.05%,80.07,78.68719837963582,61.99081091284752,95.49695620775223
2025-12-19,DO 0.001%,78.92,79.90818986356258,63.70314619481564,96.55429323077202
2025-12-19,DO 0.05%,78.76,79.02825052618981,62.42806783556939,95.6087967133522
2025-12-22,DO 0.001%,79.3,79.87436145186425,63.56683176755905,96.67594139814378
2025-12-22,DO 0.05%,79.26,78.99165979921818,62.2874469190836,95.72805500626565
2025-12-23,DO 0.001%,79.87,80.38719285786152,64.12632900774479,96.9472799062729
2025-12-23,DO 0.05%,79.83,79.50036199092865,62.834561573863034,96.04356762051583
2025-12-24,DO 0.001%,81.09,79.7266929924488,63.31323298215867,96.72909960508348
2025-12-24,DO 0.05%,81.05,78.84245860636234,62.03271084308625,95.76883773922921
2025-12-25,DO 0.001%,81.09,79.95021756291389,63.05446265101433,97.56248048543931
2025-12-25,DO 0.05%,81.05,79.0476857328415,61.7426018857956,96.62371508121491
2025-12-26,DO 0.001%,80.56,79.53249586164952,62.28591913640499,97.80627467036248
2025-12-26,DO 0.05%,80.52,78.62289411485196,60.96710090696812,96.83085955977441
2025-12-29,DO 0.001%,79.38,79.80813213765622,62.94721657812595,97.42082686901092
2025-12-29,DO 0.05%,79.34,78.90839337527753,61.64102248489857,96.46933049559594
2025-12-30,DO 0.001%,79.74,79.56308824717999,62.459633288383486,97.61592317819596
2025-12-30,DO 0.05%,79.7,78.65807576417923,61.14750310480595,96.64309996366502
2025-12-31,DO 0.001%,80.28,80.00405142366887,62.307961707115176,98.76928964138031
2025-12-31,DO 0.05%,80.24,79.0729837089777,60.9541273277998,97.83727313756944
2026-01-01,DO 0.001%,80.28,79.85525518119336,63.53214989840985,96.6853903913498
2026-01-01,DO 0.05%,80.24,78.97230007886887,62.2525219231844,95.73591564655305
2026-01-02,DO 0.001%,79.4,79.97924527645111,62.691529870033264,98.15037042617799
2026-01-02,DO 0.05%,79.31,79.06300441980362,61.35894023776055,97.21535658955575
2026-01-05,DO 0.001%,78.1,80.01526321291924,62.582668324112895,98.38604660511017
2026-01-05,DO 0.05%,77.95,79.09354617774487,61.24184588551522,97.45460790872575
2026-01-06,DO 0.001%,79.56,79.80600865423679,62.412215598821646,98.19625392436981
2026-01-06,DO 0.05%,79.49,78.88797181427479,61.07859920799733,97.2457524073124
2026-01-07,DO 0.001%,77.33,79.70221705198288,62.393089007735256,98.0058008301258
2026-01-07,DO 0.05%,77.26,78.78836512207985,61.06650630235672,97.04579422473908
2025-11-13,DO 0.001%,94.69,96.95198549628257,95.9962458819151,98.31452369987964
2025-11-13,DO 0.05%,92.97,94.69769339561462,92.93229372024537,97.37778093338014
2025-11-14,DO 0.001%,95.02,96.97453064918518,95.98184562027454,98.40285586714745
2025-11-14,DO 0.05%,93.35,94.71228281021119,92.93427194595337,97.4478009223938
2025-11-17,DO 0.001%,95.43,96.87369947731496,95.05906699597836,99.41786893010139
2025-11-17,DO 0.05%,93.64,94.6546957397461,92.14753043174744,98.29510259628296
2025-11-18,DO 0.001%,96.81,96.84265148043633,94.52781235575677,100.04414534568787
2025-11-18,DO 0.05%,94.7,94.63815110206605,91.69614418029785,98.82555461883545
2025-11-19,DO 0.001%,99.49,96.92046218514443,94.46725379824639,100.29749371409416
2025-11-19,DO 0.05%,97.07,94.68674989700318,91.67761556625366,99.03520053863525
2025-11-20,DO 0.001%,97.33,96.83532225191594,93.76654082238674,100.99306038618089
2025-11-20,DO 0.05%,95.01,94.6367421913147,91.05042600631714,99.63936447143556
2025-11-21,DO 0.001%,91.44,96.71682229936123,93.095890006423,101.58064270019531
2025-11-21,DO 0.05%,88.71,94.56626790046693,90.43176466941834,100.16028190612793
2025-11-24,DO 0.001%,88.52,96.82825121879578,92.9937326490879,101.92692967653275
2025-11-24,DO 0.05%,86.68,94.63467195510864,90.38028479576111,100.45432445526123
2025-11-25,DO 0.001%,88.12,96.74921995401382,92.0579444974661,102.90638219118118
2025-11-25,DO 0.05%,86.84,94.58925902366639,89.53298887252808,101.3290107536316
2025-11-26,DO 0.001%,86.41,96.76425396800042,91.90615494251252,103.11598991155624
2025-11-26,DO 0.05%,85.33,94.5987131023407,89.40272500991821,101.51507898330689
2025-11-27,DO 0.001%,86.49,96.82566339671612,92.24597529768944,102.821881878376
2025-11-27,DO 0.05%,85.41,94.63481572151184,89.72220271110535,101.24683387756347
2025-11-28,DO 0.001%,87.81,96.7426770478487,91.28840484321118,103.8149835407734
2025-11-28,DO 0.05%,87.06,94.58743606567383,88.84520464897156,102.14631700515747
2025-12-01,DO 0.001%,87.8,96.73160398602487,90.86919527053833,104.29473406672479
2025-12-01,DO 0.05%,86.97,94.58204770088196,88.46532780647279,102.58287231445313
2025-12-02,DO 0.001%,86.96,96.74031221270562,90.81448131799698,104.37483332157136
2025-12-02,DO 0.05%,86.13,94.58739581108094,88.4182011795044,102.65498554229737
2025-12-03,DO 0.001%,85.67,96.70682896375656,90.74875298440456,104.39523075819015
2025-12-03,DO 0.05%,84.92,94.56768831253052,88.35028017997742,102.67695304870605
2025-12-04,DO 0.001%,85.69,96.73108759522438,89.79410483241081,105.57116997241974
2025-12-04,DO 0.05%,85.06,94.58547509193421,87.48934370040894,103.75489053726197
2025-12-05,DO 0.001%,85.89,96.78393549919129,89.85642968118191,105.58456092476845
2025-12-05,DO 0.05%,85.33,94.61632161140442,87.55863910675049,103.76167631149292
2025-12-08,DO 0.001%,86.63,96.64554863274098,89.61553337275983,105.64175120592118
2025-12-08,DO 0.05%,86.2,94.53578367233277,87.30645558357239,103.8296375656128
2025-12-09,DO 0.001%,84.5,96.7237818390131,89.45788747668267,105.95869779586792
2025-12-09,DO 0.05%,84.18,94.58260551452638,87.18010216712952,104.11519214630127
2025-12-10,DO 0.001%,83.64,96.7278601527214,88.91791287362575,106.60802401900291
2025-12-10,DO 0.05%,83.37,94.58760858535767,86.6849764251709,104.72071323394776
2025-12-11,DO 0.001%,82.58,96.77315584123134,88.69831181764603,106.9421640753746
2025-12-11,DO 0.05%,82.31,94.61522898674012,86.49216267585754,105.02904041290283
2025-12-12,DO 0.001%,82.8,96.72028446495533,88.58849075138569,106.98875660896302
2025-12-12,DO 0.05%,82.54,94.5850207901001,86.37959933280945,105.07901361465454
2025-12-15,DO 0.001%,81.6,96.6571380853653,88.54764893352986,106.9364485681057
2025-12-15,DO 0.05%,81.34,94.54838335990907,86.32866002082825,105.03727535247803
2025-12-16,DO 0.001%,80.08,96.75847977995873,88.22477558553219,107.48388149738312
2025-12-16,DO 0.05%,79.85,94.60948983192445,86.05104709625245,105.54142387390137
2025-12-17,DO 0.001%,79.39,96.84469357132912,88.69197429418564,107.06331639885903
2025-12-17,DO 0.05%,79.1,94.65686373710632,86.50146723747254,105.13474897384644
2025-12-18,DO 0.001%,80.23,96.75517605245113,87.66186853647233,108.15311223864556
2025-12-18,DO 0.05%,80.07,94.61150256156922,85.5276856327057,106.17681386947632
2025-12-19,DO 0.001%,78.92,96.7274317830801,87.72128868699075,108.03842653632164
2025-12-19,DO 0.05%,78.76,94.59498092651367,85.57753807067871,106.07112831115722
2025-12-22,DO 0.001%,79.3,96.7732732027769,87.56258653700353,108.3004831314087
2025-12-22,DO 0.05%,79.26,94.62271059036256,85.43880924224854,106.3149446296692
2025-12-23,DO 0.001%,79.87,96.83241168558598,87.68571640253067,108.24444299340249
2025-12-23,DO 0.05%,79.83,94.6559321308136,85.56497288703919,106.25425220489502
2025-12-24,DO 0.001%,81.09,96.804626339674,87.62573291659355,108.27332566976547
2025-12-24,DO 0.05%,81.05,94.64034210205078,85.50367664337159,106.28517923355103
2025-12-25,DO 0.001%,81.09,96.71439878344536,87.09644408226013,108.77098556756974
2025-12-25,DO 0.05%,81.05,94.59265191078187,84.99307588577271,106.7722023010254
2025-12-26,DO 0.001%,80.56,96.69868994057178,86.80089250206947,109.1045388162136
2025-12-26,DO 0.05%,80.52,94.58642395019531,84.71418056488038,107.09442306518555
2025-12-29,DO 0.001%,79.38,96.87226766645908,86.56036001443863,109.66091469526292
2025-12-29,DO 0.05%,79.34,94.68842908859253,84.52032594680786,107.60754261016847
2025-12-30,DO 0.001%,79.74,96.83038719892502,86.56312387883663,109.59407729506493
2025-12-30,DO 0.05%,79.7,94.66443160057068,84.51537463188171,107.54855237960815
2025-12-31,DO 0.001%,80.28,96.88429722487926,86.0751756489277,110.26844847202301
2025-12-31,DO 0.05%,80.24,94.7004479598999,84.06662218093872,108.19405202865602
2026-01-01,DO 0.001%,80.28,96.78655266165734,85.88067235946656,110.35872297286987
2026-01-01,DO 0.05%,80.24,94.6469956111908,83.86690189361573,108.2951255607605
2026-01-02,DO 0.001%,79.4,96.64445130228997,85.57367802858353,110.52049412727357
2026-01-02,DO 0.05%,79.31,94.56981030464173,83.55445724487305,108.47263681411744
2026-01-05,DO 0.001%,78.1,96.71573670506477,85.64235800504684,110.54390775561333
2026-01-05,DO 0.05%,77.95,94.60962784767152,83.63086621284485,108.48527675628662
2026-01-06,DO 0.001%,79.56,96.90903117060661,85.89506675302982,110.5251299083233
2026-01-06,DO 0.05%,79.49,94.71661305427551,83.90137707710267,108.44011110305786
2026-01-07,DO 0.001%,77.33,96.75634966790676,85.21301426291465,111.13349695205689
2026-01-07,DO 0.05%,77.26,94.63876642227173,83.23325434684753,109.0552587890625
2026-01-08,DO 0.001%,77.11,96.74874463975429,85.3459438174963,110.95818227529526
2026-01-08,DO 0.05%,77.01,94.63251545906067,83.35729024887085,108.88486684799194
2026-01-09,DO 0.001%,79.58,96.89050565063954,85.26636682152748,111.26805196404457
2026-01-09,DO 0.05%,79.53,94.71416327476501,83.30543083190918,109.16776462554932
2026-01-12,DO 0.001%,79.98,96.86295502781869,84.76110776364804,111.85128016471863
2026-01-12,DO 0.05%,79.93,94.70607210159302,82.82358910560609,109.7443139076233
2026-01-13,DO 0.001%,81.31,96.91748706996441,84.6717662870884,112.04275552630425
2026-01-13,DO 0.05%,81.26,94.73828727722169,82.74766319274903,109.92489601135254
2026-01-14,DO 0.001%,82.47,96.90701255202293,84.75015206336975,111.93007670640945
2026-01-14,DO 0.05%,82.42,94.7311277103424,82.82019046783448,109.81542652130128
2026-01-15,DO 0.001%,81.77,96.83156668245793,84.34409285187722,112.32339045405388
2026-01-15,DO 0.05%,81.72,94.69528387069703,82.42415428161621,110.21456806182861
2026-01-16,DO 0.001%,81.69,96.86193398237229,83.64689485430718,113.24217878580093
2026-01-16,DO 0.05%,81.64,94.7255265712738,81.76781464576722,111.12112449645997
2026-01-19,DO 0.001%,82.11,96.92263337373734,83.76761880815029,113.1793551504612
2026-01-19,DO 0.05%,82.06,94.75715517997742,81.8913099861145,111.04924129486085
2026-01-20,DO 0.001%,82.53,96.84330870509147,83.86056328415872,112.94599345326424
2026-01-20,DO 0.05%,82.48,94.71082789421082,81.96777646064758,110.82955472946168
2026-01-21,DO 0.001%,83.93,96.90529320538045,83.28906536996365,113.75772458314896
2026-01-21,DO 0.05%,83.88,94.75728169441224,81.43421333312989,111.62834386825563
2026-01-22,DO 0.001%,85.38,96.77147170305253,83.10666205585004,113.79282742142678
2026-01-22,DO 0.05%,85.33,94.68646236419679,81.24206665992737,111.68467729568482
2026-01-23,DO 0.001%,84.16,96.91761029958725,83.77124527990819,113.16743121743202
2026-01-23,DO 0.05%,84.12,94.75427410125732,81.89401854515076,111.03816553115846
2026-01-26,DO 0.001%,85.79,96.88778286278249,83.56639070212842,113.38160430192947
2026-01-26,DO 0.05%,85.75,94.74165141105652,81.6951493549347,111.25591987609863
2026-01-27,DO 0.001%,84.04,96.8910513818264,83.36624819040298,113.63918942213058
2026-01-27,DO 0.05%,84.0,94.74766659736633,81.50550996780396,111.51224962234498
2026-01-28,DO 0.001%,86.7,96.89616834521294,83.0828376621008,114.00594425201416
2026-01-28,DO 0.05%,86.57,94.75674113273621,81.23687381744385,111.8779683494568
2026-01-29,DO 0.001%,88.6,96.87944432497025,82.77050338089467,114.37928306460381
2026-01-29,DO 0.05%,88.46,94.75469389915467,80.93749465942383,112.25479734420777
2026-01-30,DO 0.001%,88.81,97.02222638130188,83.20648391842842,114.03294914364815
2026-01-30,DO 0.05%,88.63,94.82435159683227,81.37237652778626,111.88507616043091
2026-02-02,DO 0.001%,87.39,96.85807865560055,82.86414615809917,114.22859084010125
2026-02-02,DO 0.05%,86.69,94.74054728507996,81.02361648559571,112.10707448959351
2026-02-03,DO 0.001%,86.72,96.87421000003815,83.00635901093483,114.07104470133781
2026-02-03,DO 0.05%,85.73,94.74622318267822,81.16108592033386,111.94664268493653
2026-02-04,DO 0.001%,88.3,97.03656796216966,82.5592056542635,114.87808136940002
2026-02-04,DO 0.05%,87.06,94.84720470428468,80.75781540870666,112.73071014404297
2025-12-11,DO 0.001%,82.58,83.86233585834503,80.08950602531434,88.67098816394805
2025-12-11,DO 0.05%,82.31,83.82708056330681,79.155319865942,87.97773701906205
2025-12-12,DO 0.001%,82.8,83.91050414085389,80.28449733495712,88.52278419971466
2025-12-12,DO 0.05%,82.54,83.8682556796074,79.34698839247227,87.79803938984871
2025-12-15,DO 0.001%,81.6,84.01053982257844,79.17236936330795,89.98709599971771
2025-12-15,DO 0.05%,81.34,84.00220649242402,78.34792781352998,89.36848794221879
2025-12-16,DO 0.001%,80.08,83.90992584228516,80.2982568526268,88.505844039917
2025-12-16,DO 0.05%,79.85,83.8671326315403,79.35956056773664,87.77971283555031
2025-12-17,DO 0.001%,79.39,83.98951169013976,78.85109958171844,90.33339713573456
2025-12-17,DO 0.05%,79.1,83.98812366843224,78.05022566020489,89.7564762032032
2025-12-18,DO 0.001%,80.23,83.82967195987702,80.5653061580658,88.06320633888245
2025-12-18,DO 0.05%,80.07,83.7745457661152,79.58637155413628,87.3250075685978
2025-12-19,DO 0.001%,78.92,84.05526822566986,78.5798526263237,90.76106886863708
2025-12-19,DO 0.05%,78.76,84.0575240635872,77.81738698661327,90.2042344737053
2025-12-22,DO 0.001%,79.3,83.98425714969635,78.9762264418602,90.17667822360993
2025-12-22,DO 0.05%,79.26,83.98046110153199,78.16308702170849,89.58600148200989
2025-12-23,DO 0.001%,79.87,84.08048403739929,78.66839213132859,90.6959504556656
2025-12-23,DO 0.05%,79.83,84.08087948799134,77.90327531754971,90.12388187527657
2025-12-24,DO 0.001%,81.09,84.01746943473816,78.94104495048524,90.27164880752564
2025-12-24,DO 0.05%,81.05,84.01397365093231,78.13818119466305,89.67883680939674
2025-12-25,DO 0.001%,81.09,84.06335443496704,78.12885950803756,91.31332406044007
2025-12-25,DO 0.05%,81.05,84.07113977909088,77.41012304663658,90.80983565926552
2025-12-26,DO 0.001%,80.56,84.02320256710053,78.05443846464158,91.33873928546906
2025-12-26,DO 0.05%,80.52,84.03250891327859,77.334913610816,90.85167665362358
2025-12-29,DO 0.001%,79.38,83.98188413143158,79.07478147983551,90.0563023853302
2025-12-29,DO 0.05%,79.34,83.9760384786129,78.25245878934861,89.45452535033226
2025-12-30,DO 0.001%,79.74,84.0659168958664,77.45546073675156,92.13095847129821
2025-12-30,DO 0.05%,79.7,84.07779855966568,76.80378144443036,91.71131528735161
2025-12-31,DO 0.001%,80.28,84.1101567363739,77.13535253763199,92.59154336929322
2025-12-31,DO 0.05%,80.24,84.12111044883729,76.5248232614994,92.20539680600167
2026-01-01,DO 0.001%,80.28,84.25438240528106,75.87712441205979,94.37803726673127
2026-01-01,DO 0.05%,80.24,84.25062870025636,75.42804756224156,94.13816252946854
2026-01-02,DO 0.001%,79.4,84.16392853260041,77.20498766183853,92.591643075943
2026-01-02,DO 0.05%,79.31,84.17343653798103,76.59720023095608,92.18727895975114
2026-01-05,DO 0.001%,78.1,84.1066171503067,77.08047898292541,92.65307234287262
2026-01-05,DO 0.05%,77.95,84.11758228898049,76.4750364536047,92.27467793941499
2026-01-06,DO 0.001%,79.56,84.27895012378693,75.77587729454041,94.54402889728546
2026-01-06,DO 0.05%,79.49,84.27279150724411,75.34232321619987,94.31456058382989
2026-01-07,DO 0.001%,77.33,84.20714139461518,76.66975738048554,93.31717845439911
2026-01-07,DO 0.05%,77.26,84.21343891382217,76.12579832017423,92.97614568829538
2026-01-08,DO 0.001%,77.11,84.28918002605438,75.75730693101883,94.58355261325836
2026-01-08,DO 0.05%,77.01,84.28234238505364,75.32755960643291,94.35511951446534
2026-01-09,DO 0.001%,79.58,84.1342558336258,77.00008551120759,92.79540358543396
2026-01-09,DO 0.05%,79.53,84.1442770421505,76.40808589339257,92.42279108405114
2026-01-12,DO 0.001%,79.98,84.28642812252045,75.7184761762619,94.62802177906036
2026-01-12,DO 0.05%,79.93,84.27905274868012,75.2926407623291,94.40554735422135
2026-01-13,DO 0.001%,81.31,84.32911253929139,75.56123878955842,94.89370011806488
2026-01-13,DO 0.05%,81.26,84.31743515253068,75.16035961389542,94.68709451079368
2026-01-14,DO 0.001%,82.47,84.2784117078781,75.82143326282501,94.48594977378845
2026-01-14,DO 0.05%,82.42,84.27298033833505,75.38267343878746,94.25011948943138
2026-01-15,DO 0.001%,81.77,84.30769555091858,76.0199242758751,94.28340568542481
2026-01-15,DO 0.05%,81.72,84.30406789898873,75.5641202402115,94.01512416601182
2026-01-16,DO 0.001%,81.69,84.36203567504883,75.12717586040498,95.49636699199677
2026-01-16,DO 0.05%,81.64,84.34022408366204,74.78147996842861,95.34808283686638
2026-01-19,DO 0.001%,82.11,84.36197585105896,75.2810331916809,95.30053316116333
2026-01-19,DO 0.05%,82.06,84.34354353547097,74.9176023387909,95.12959532618522
2026-01-20,DO 0.001%,82.53,84.45532121658326,74.49378936767579,96.4567713546753
2026-01-20,DO 0.05%,82.48,84.41333153128625,74.23750231862068,96.39064910531044
2026-01-21,DO 0.001%,83.93,84.46035640239715,74.057836997509,97.03063297748565
2026-01-21,DO 0.05%,83.88,84.40439683914185,73.85454789698125,97.03221764445306
2026-01-22,DO 0.001%,85.38,84.16325052738189,76.71557757139206,93.19118913173675
2026-01-22,DO 0.05%,85.33,84.17119044184685,76.15890339195728,92.8513084602356
2026-01-23,DO 0.001%,84.16,84.35726969718934,75.05797446012497,95.57707952499389
2026-01-23,DO 0.05%,84.12,84.33404235005379,74.71952349364759,95.43976530075074
2026-01-26,DO 0.001%,85.79,84.27293781280518,75.97122256278992,94.28945787906646
2026-01-26,DO 0.05%,85.75,84.26988947153092,75.5148055100441,94.03344078183174
2026-01-27,DO 0.001%,84.04,84.42984616756439,74.17893072366715,96.82448947906494
2026-01-27,DO 0.05%,84.0,84.37914316534996,73.9562334394455,96.81118588328361
2026-01-28,DO 0.001%,86.7,84.64454449653626,73.10545902013779,98.57923677921295
2026-01-28,DO 0.05%,86.57,84.54389332294464,73.04745896816254,98.71340072393419
2026-01-29,DO 0.001%,88.6,84.34564390182496,75.07000905275345,95.54333879470825
2026-01-29,DO 0.05%,88.46,84.32313983917237,74.72826935470104,95.40597447395325
2026-01-30,DO 0.001%,88.81,84.65624008655548,72.64542749404907,99.21420860767364
2026-01-30,DO 0.05%,88.63,84.53390515208245,72.64649602353573,99.42688409328461
2026-02-02,DO 0.001%,87.39,84.57929646492005,73.46199005842209,98.00203498363494
2026-02-02,DO 0.05%,86.69,84.49636751890183,73.34988686800004,98.08449380636216
2026-02-03,DO 0.001%,86.72,84.49513408184052,73.43192850351333,97.90768258094788
2026-02-03,DO 0.05%,85.73,84.41449433326721,73.31048577010633,98.0063574886322
2026-02-04,DO 0.001%,88.3,84.44857107639312,74.40957214593887,96.55497243404389
2026-02-04,DO 0.05%,87.06,84.40435708522797,74.16221834421158,96.50288434267044
2026-02-05,DO 0.001%,88.56,84.57236685276031,73.32182743549347,98.17655153274536
2026-02-05,DO 0.05%,87.32,84.48403386712074,73.2258795028925,98.2833726990223
2026-02-06,DO 0.001%,89.53,84.53184607028962,73.75166280269623,97.54488996505738
2026-02-06,DO 0.05%,88.0,84.46207976818086,73.59673879623413,97.58597972631455
2026-02-09,DO 0.001%,88.18,84.60982664108276,72.85654136896133,98.85643123626708
2026-02-09,DO 0.05%,86.64,84.49946832418442,72.82410160303117,99.03793179988861
2026-02-10,DO 0.001%,88.82,84.6081316280365,72.51595840930939,99.311612033844
2026-02-10,DO 0.05%,87.4,84.48142998576165,72.52595221817494,99.5532617855072
2026-02-11,DO 0.001%,89.72,84.68431747913361,72.29168325662613,99.73731954574585
2026-02-11,DO 0.05%,88.3,84.54295910596848,72.34152387320995,100.00991499423981
2026-02-12,DO 0.001%,89.69,84.63911048412324,72.96118349790574,98.7631756067276
2026-02-12,DO 0.05%,88.37,84.5323050570488,72.92022656679154,98.9228342807293
2026-02-13,DO 0.001%,87.47,84.75942649841309,72.12536259412765,100.0841192150116
2026-02-13,DO 0.05%,86.18,84.6060088133812,72.20770722985269,100.37817537546158
2026-02-16,DO 0.001%,87.04,84.74491918087006,71.71214832544327,100.62646356582641
2026-02-16,DO 0.05%,85.76,84.56893828868867,71.84469933450222,100.999370033741
2026-02-17,DO 0.001%,87.04,84.80124346733093,71.33685249567031,101.2358008146286
2026-02-17,DO 0.05%,85.76,84.6002444958687,71.525863006711,101.67455050706864
2026-02-18,DO 0.001%,87.04,84.83391733646393,71.35259119033813,101.26678964138031
2026-02-18,DO 0.05%,85.76,84.63250479698182,71.54457716166974,101.69886996388436
2026-02-19,DO 0.001%,91.87,84.89547622203827,70.97187131881714,101.89710516929627
2026-02-19,DO 0.05%,90.71,84.66706088662148,71.22203875064851,102.39803198575974
2026-02-20,DO 0.001%,93.14,84.75377313137055,71.74197058439255,100.59976212501526
2026-02-20,DO 0.05%,92.09,84.57915504455566,71.87206990420819,100.96600656151772
2026-02-23,DO 0.001%,91.86,84.89784924030305,71.18621568918228,101.6015447473526
2026-02-23,DO 0.05%,91.02,84.68322085261346,71.40929956197739,102.05944790124894
2026-02-24,DO 0.001%,92.6,84.79421414852142,71.98976155042648,100.3251201581955
2026-02-24,DO 0.05%,91.88,84.63185879588127,72.0946073448658,100.64023317575456
2026-02-25,DO 0.001%,92.41,84.69060896873474,72.4275983762741,99.56325167655945
2026-02-25,DO 0.05%,91.7,84.55597851276399,72.4612775695324,99.81053917765618
2026-02-26,DO 0.001%,92.61,84.78888981342315,71.79446115016937,100.58421785831452
2026-02-26,DO 0.05%,91.9,84.61578827619553,71.92324312984944,100.93654891133309
2026-02-27,DO 0.001%,92.88,84.90144865036011,71.31020090818406,101.434825258255
2026-02-27,DO 0.05%,92.26,84.69446127176285,71.51799670100212,101.86791354417801
2026-03-02,DO 0.001%,115.15,84.88791845798492,70.81579551458358,102.10368737697601
2026-03-02,DO 0.05%,114.53,84.64939027190209,71.08483805537224,102.63696294665337
2026-03-03,DO 0.001%,125.87,84.74269572257995,72.10049077033996,100.09116847515106
2026-03-03,DO 0.05%,125.25,84.58866616845131,72.18340268075467,100.39176127552987
2026-03-04,DO 0.001%,145.14,84.70869575500488,72.20789477348328,99.89028948783874
2026-03-04,DO 0.05%,140.6,84.56188196897507,72.27203900098802,100.17520182967186
2026-01-08,DO 0.001%,77.11,78.28466313362121,74.93627622067928,83.15551004886628
2026-01-08,DO 0.05%,77.01,78.37780338525772,75.10322255849839,82.99708786010743
2026-01-09,DO 0.001%,79.58,78.21894477248192,74.6592340117693,83.26485013604164
2026-01-09,DO 0.05%,79.53,78.31029328107834,74.80692872405052,83.08931789875031
2026-01-12,DO 0.001%,79.98,78.16114506363868,74.18214212477207,83.53187188506126
2026-01-12,DO 0.05%,79.93,78.2568562245369,74.2840569806099,83.35094027519227
2026-01-13,DO 0.001%,81.31,78.1850853896141,74.13055104494094,83.60135137557984
2026-01-13,DO 0.05%,81.26,78.28468917608262,74.22066840052605,83.43083797693254
2026-01-14,DO 0.001%,82.47,78.16668535470963,73.93706490635871,83.71749468207359
2026-01-14,DO 0.05%,82.42,78.26859911441804,74.00807604312897,83.54816556453706
2026-01-15,DO 0.001%,81.77,78.08297257065773,73.61167190432549,83.84426686644554
2026-01-15,DO 0.05%,81.72,78.18332270860672,73.66269692897797,83.6601697087288
2026-01-16,DO 0.001%,81.69,78.09773131608962,73.44056817293166,83.98932846426963
2026-01-16,DO 0.05%,81.64,78.20334548711777,73.4684925556183,83.81892436981202
2026-01-19,DO 0.001%,82.11,78.09340786099433,73.24421970427036,84.12796479940414
2026-01-19,DO 0.05%,82.06,78.20273761987687,73.25071490645409,83.9664519071579
2026-01-20,DO 0.001%,82.53,78.14919794678688,73.12253610670567,84.29032943606377
2026-01-20,DO 0.05%,82.48,78.266149225235,73.10411759018899,84.15480786085129
2026-01-21,DO 0.001%,83.93,78.15655427336692,72.91429122269153,84.45297062635422
2026-01-21,DO 0.05%,83.88,78.27797500610352,72.87194914460183,84.33195511102677
2026-01-22,DO 0.001%,85.38,77.8250678730011,71.91557770490647,84.76787302732467
2026-01-22,DO 0.05%,85.33,77.93745882987976,71.83182842969894,84.60171922445298
2026-01-23,DO 0.001%,84.16,77.87670965433121,71.85744152247905,84.87748044967651
2026-01-23,DO 0.05%,84.12,77.99396285295487,71.75830872893334,84.73341458320618
2026-01-26,DO 0.001%,85.79,78.04513081550598,72.40698585152626,84.68380994200706
2026-01-26,DO 0.05%,85.75,78.16600770235063,72.3327616918087,84.55710545301437
2026-01-27,DO 0.001%,84.04,78.02913679718971,72.231784517169,84.79331596136093
2026-01-27,DO 0.05%,84.0,78.15167677164078,72.14262818694115,84.67330019712449
2026-01-28,DO 0.001%,86.7,77.96587054491043,71.86804274499416,84.98326221346855
2026-01-28,DO 0.05%,86.57,78.08944406032563,71.75400300264359,84.86854531288148
2026-01-29,DO 0.001%,88.6,77.97460963964463,71.84982246994971,85.00795845270157
2026-01-29,DO 0.05%,88.46,78.09907783508301,71.73245134592057,84.89757557868958
2026-01-30,DO 0.001%,88.81,77.98508180379868,71.66172912716866,85.16154712080956
2026-01-30,DO 0.05%,88.63,78.11296668052674,71.52441338777543,85.06920597314836
2026-02-02,DO 0.001%,87.39,77.73585167169571,71.12637199938297,85.24821902871132
2026-02-02,DO 0.05%,86.69,77.8549730873108,70.98051035881043,85.11675776958467
2026-02-03,DO 0.001%,86.72,77.79625098466873,71.07848673820496,85.36037996292114
2026-02-03,DO 0.05%,85.73,77.91977541923524,70.91806581497192,85.25336211681366
2026-02-04,DO 0.001%,88.3,77.86722386479377,71.17512379527092,85.3769916176796
2026-02-04,DO 0.05%,87.06,77.99386154174805,71.0119674885273,85.28527514696121
2026-02-05,DO 0.001%,88.56,77.6273689007759,70.5771964085102,85.52736304521561
2026-02-05,DO 0.05%,87.32,77.74747268676758,70.39829327344894,85.40957478761673
2026-02-06,DO 0.001%,89.53,77.76319360733032,70.81249745607376,85.5193337714672
2026-02-06,DO 0.05%,88.0,77.88808343172074,70.63313725590706,85.42499251127244
2026-02-09,DO 0.001%,88.18,77.80568146348,70.91426458299159,85.49584514975548
2026-02-09,DO 0.05%,86.64,77.93182224273683,70.7372943866253,85.40647098064423
2026-02-10,DO 0.001%,88.82,77.81896525621414,70.88370079755784,85.53548450350762
2026-02-10,DO 0.05%,87.4,77.94622685432435,70.70187230467796,85.45323991775513
2026-02-11,DO 0.001%,89.72,77.68499345898628,70.57656494438648,85.59983853340148
2026-02-11,DO 0.05%,88.3,77.80827783107758,70.38845687627793,85.50131669044495
2026-02-12,DO 0.001%,89.69,77.67481628537178,70.36159980714321,85.7498780965805
2026-02-12,DO 0.05%,88.37,77.79988742113115,70.15618251442909,85.66847097158433
2026-02-13,DO 0.001%,87.47,77.6353520822525,70.35573687016964,85.70524234056472
2026-02-13,DO 0.05%,86.18,77.75844192743303,70.15585555553437,85.61132224082948
2026-02-16,DO 0.001%,87.04,77.64259778738021,70.07125536859036,85.92996982097625
2026-02-16,DO 0.05%,85.76,77.76881251096727,69.84588470816612,85.86643306970596
2026-02-17,DO 0.001%,87.04,77.61980976819991,70.0211115860939,85.9398520040512
2026-02-17,DO 0.05%,85.76,77.74538199186325,69.7948791205883,85.87383799791337
2026-02-18,DO 0.001%,87.04,77.42024866819382,69.50372583508491,86.0879372549057
2026-02-18,DO 0.05%,85.76,77.54127675056458,69.2634143447876,86.01001868009568
2026-02-19,DO 0.001%,91.87,77.20717792332172,68.86701180160046,86.3152459025383
2026-02-19,DO 0.05%,90.71,77.32448918819428,68.60494676113129,86.23795968532563
2026-02-20,DO 0.001%,93.14,77.27049487709999,69.12405457377433,86.195028039217
2026-02-20,DO 0.05%,92.09,77.38839813947678,68.87391420006753,86.10940497398377
2026-02-23,DO 0.001%,91.86,77.35265896081924,69.41262445986271,86.07451518535613
2026-02-23,DO 0.05%,91.02,77.47160227060319,69.174486130476,85.98412906169892
2026-02-24,DO 0.001%,92.6,77.53685289740562,69.60474626719952,86.15419950485229
2026-02-24,DO 0.05%,91.88,77.66199365854264,69.3561371243,86.10381443738937
2026-02-25,DO 0.001%,92.41,77.4500795865059,69.45006060302258,86.16561195135117
2026-02-25,DO 0.05%,91.7,77.57272927522659,69.20112176775933,86.10325262069702
2026-02-26,DO 0.001%,92.61,77.51878472685814,69.29862905323505,86.36526523590088
2026-02-26,DO 0.05%,91.9,77.64501942634583,69.02823419332505,86.34167473077774
2026-02-27,DO 0.001%,92.88,77.38736644148827,69.15624080717564,86.3134483039379
2026-02-27,DO 0.05%,92.26,77.50947424173356,68.89247257113458,86.26263356924058
2026-03-02,DO 0.001%,115.15,77.0082805520296,68.17287601590156,86.60925006747246
2026-03-02,DO 0.05%,114.53,77.1227048945427,67.8831873035431,86.54910482168198
2026-03-03,DO 0.001%,125.87,77.10558594703674,68.38118081986904,86.56615379333496
2026-03-03,DO 0.05%,125.25,77.22203592777252,68.09474812865258,86.51264199733734
2026-03-04,DO 0.001%,145.14,77.13029140472412,68.47505234062672,86.52370281100274
2026-03-04,DO 0.05%,140.6,77.24711045145989,68.19258712410927,86.46706116437913
2026-03-05,DO 0.001%,153.21,77.27459248006343,68.91001128196716,86.36450010418892
2026-03-05,DO 0.05%,152.21,77.3940163064003,68.64216020941734,86.30445667743683
2026-03-06,DO 0.001%,155.76,77.0121799582243,68.0979392004013,86.67200930476189
2026-03-06,DO 0.05%,154.76,77.12694615006447,67.80206005215645,86.62235282421112
2026-03-09,DO 0.001%,185.43,76.96345581769943,67.88158207654953,86.78078706622124
2026-03-09,DO 0.05%,184.43,77.07749246597291,67.57570318579674,86.74210267066957
2026-03-10,DO 0.001%,161.4,76.76542959034443,67.38550017356873,86.92806109309197
2026-03-10,DO 0.05%,160.4,76.87560225605965,67.0676320886612,86.88815659046173
2026-03-11,DO 0.001%,164.56,77.18533479571342,68.27282249808312,86.74631004691123
2026-03-11,DO 0.05%,163.56,77.30439272880555,67.96806767463684,86.73181497812271
2026-03-12,DO 0.001%,194.5,76.67856870412827,67.11837241232395,87.03232181191444
2026-03-12,DO 0.05%,193.5,76.78708849668503,66.7916695713997,86.9993134045601
2026-03-13,DO 0.001%,192.48,76.71411967337131,67.14701415002345,87.05254710078239
2026-03-13,DO 0.05%,191.48,76.82329343795777,66.81812100648881,87.02735818862915
2026-03-16,DO 0.001%,190.93,76.33815423071384,66.25159341335296,87.30604537725448
2026-03-16,DO 0.05%,189.93,76.44012063860893,65.9032025229931,87.28117039203644
2026-03-17,DO 0.001%,198.2,76.75829911589622,67.22060046195983,87.04807615041733
2026-03-17,DO 0.05%,197.2,76.86834008455277,66.89170057296754,87.02756081104279
2026-03-18,DO 0.001%,198.88,76.61332048416138,66.76106512129307,87.2337358212471
2026-03-18,DO 0.05%,197.88,76.72025994062425,66.41674442529678,87.22777017593384
2026-03-19,DO 0.001%,224.5,76.4695079869032,66.35211604893207,87.38315774798393
2026-03-19,DO 0.05%,223.5,76.5732942199707,65.9958746469021,87.38711428403855
2026-03-20,DO 0.001%,223.02,75.96386654675007,65.55669710516929,87.41150449514389
2026-03-20,DO 0.05%,222.02,76.05976613283158,65.20204608082771,87.36465082645417
2026-03-23,DO 0.001%,242.91,76.41198022246361,66.19324059724808,87.43972218394279
2026-03-23,DO 0.05%,241.91,76.51449687957764,65.83256558656693,87.44742208242417
2026-03-24,DO 0.001%,219.93,76.51434193968772,66.6064117217064,87.23689775109291
2026-03-24,DO 0.05%,218.93,76.61951055049897,66.26265928983689,87.2198955321312
2026-03-25,DO 0.001%,205.62,76.2497769087553,65.66883038401603,87.6609835255146
2026-03-25,DO 0.05%,204.62,76.34803796172143,65.29058747053146,87.69187681436539
2026-03-26,DO 0.001%,216.56,76.53299548208713,66.60183475911617,87.26271864175796
2026-03-26,DO 0.05%,215.56,76.6384004855156,66.25563197612763,87.25246248006822
2026-03-27,DO 0.001%,237.81,76.5998292762041,66.64498173475265,87.30853435993194
2026-03-27,DO 0.05%,236.81,76.70626517891884,66.29417628526689,87.3141241645813
2026-03-30,DO 0.001%,252.15,76.69395430445671,66.64851701200008,87.4176900780201
2026-03-30,DO 0.05%,251.15,76.80160362958908,66.28750356078149,87.45333497285843
2026-03-31,DO 0.001%,238.89,76.16102623939514,65.62133690714836,87.59369802713394
2026-03-31,DO 0.05%,237.89,76.25849267005921,65.24938143968582,87.60252032995224
2026-04-01,DO 0.001%,246.0,76.39752568602562,66.19301474511623,87.4227417910099
2026-04-01,DO 0.05%,245.0,76.49989425063134,65.83391486763955,87.4257414841652
2026-02-05,DO 0.001%,88.56,92.06843569278716,86.887670814991,96.57944077253342
2026-02-05,DO 0.05%,87.32,91.04134675025941,86.2820588350296,95.58030206680299
2026-02-06,DO 0.001%,89.53,92.01375218629836,86.06723927259445,97.40089335441589
2026-02-06,DO 0.05%,88.0,90.97281843423843,85.54252279400826,96.41928874969483
2026-02-09,DO 0.001%,88.18,92.00251022577285,85.95364073514938,97.50600779056549
2026-02-09,DO 0.05%,86.64,90.96037477970124,85.43755605340004,96.5281369972229
2026-02-10,DO 0.001%,88.82,91.97524741888046,85.60082948803901,97.90087639093399
2026-02-10,DO 0.05%,87.4,90.94593847990036,85.12643355488777,96.90508943796158
2026-02-11,DO 0.001%,89.72,91.9254796385765,85.29163873195648,98.10489481687546
2026-02-11,DO 0.05%,88.3,90.88336734294892,84.82077526330949,97.14560794830322
2026-02-12,DO 0.001%,89.69,91.8870380282402,84.9900689303875,98.39502792358398
2026-02-12,DO 0.05%,88.37,90.8546711754799,84.54202806115151,97.4317808675766
2026-02-13,DO 0.001%,87.47,91.92233231067657,85.15069317817688,98.35126006603241
2026-02-13,DO 0.05%,86.18,90.90921983957291,84.71321912169456,97.34460263729096
2026-02-16,DO 0.001%,87.04,91.86925930976868,84.81806588172913,98.61678296327591
2026-02-16,DO 0.05%,85.76,90.85846965551377,84.39278204441071,97.62500518798828
2026-02-17,DO 0.001%,87.04,91.79789180755616,84.3979923427105,98.96205220222473
2026-02-17,DO 0.05%,85.76,90.79814024448395,83.98843073129655,97.97969604492188
2026-02-18,DO 0.001%,87.04,91.76435539722442,84.22904188632965,99.05959831476211
2026-02-18,DO 0.05%,85.76,90.75908647298813,83.81869783043862,98.0986528158188
2026-02-19,DO 0.001%,91.87,91.77441842556,84.26660982370376,99.07289288043975
2026-02-19,DO 0.05%,90.71,90.78035173416139,83.86194445967675,98.09083791017532
2026-02-20,DO 0.001%,93.14,91.70191409587859,83.89888297915458,99.32547910213471
2026-02-20,DO 0.05%,92.09,90.70991379976273,83.49840605020523,98.36883268117904
2026-02-23,DO 0.001%,91.86,91.64018857479095,83.59884999990463,99.52938174009323
2026-02-23,DO 0.05%,91.02,90.65170157432556,83.20101412296296,98.59221651792527
2026-02-24,DO 0.001%,92.6,91.65703046321869,83.66911225318908,99.5462762594223
2026-02-24,DO 0.05%,91.88,90.6888042140007,83.27883107185365,98.5719579577446
2026-02-25,DO 0.001%,92.41,91.5598738193512,83.22326536178589,99.83561990261077
2026-02-25,DO 0.05%,91.7,90.59751615285873,82.8335890173912,98.89222379207611
2026-02-26,DO 0.001%,92.61,91.68014595508575,83.77576351165771,99.49258221387863
2026-02-26,DO 0.05%,91.9,90.71628611326219,83.38706699609757,98.50242294073105
2026-02-27,DO 0.001%,92.88,91.57604203224182,83.2955696940422,99.80083087682723
2026-02-27,DO 0.05%,92.26,90.61674725532532,82.90709894657135,98.84623727560043
2026-03-02,DO 0.001%,115.15,91.61123105287551,83.45332555770874,99.72793707847595
2026-03-02,DO 0.05%,114.53,90.65979669570923,83.06781824111938,98.74734187602998
2026-03-03,DO 0.001%,125.87,91.49910618066788,82.95547407269477,100.01328077316283
2026-03-03,DO 0.05%,125.25,90.54414024353028,82.5659674179554,99.08406779050827
2026-03-04,DO 0.001%,145.14,91.40253900289535,82.54573197960853,100.27594054937363
2026-03-04,DO 0.05%,140.6,90.45915184736252,82.15465741395951,99.3699293589592
2026-03-05,DO 0.001%,153.21,91.51276916265488,83.01865220665931,100.02958582639694
2026-03-05,DO 0.05%,152.21,90.57811899662018,82.63401832938195,99.06484706640244
2026-03-06,DO 0.001%,155.76,91.42507555484771,82.64664120674134,100.25295137166977
2026-03-06,DO 0.05%,154.76,90.4954864883423,82.25888729095459,99.31724879980088
2026-03-09,DO 0.001%,185.43,91.42057034969329,82.63453083634376,100.29531924724579
2026-03-09,DO 0.05%,184.43,90.5057610654831,82.24859195709229,99.33989438295364
2026-03-10,DO 0.001%,161.4,91.3055928826332,82.15958431959152,100.54554760456085
2026-03-10,DO 0.05%,160.4,90.3873024559021,81.76667796492576,99.64334727287293
2026-03-11,DO 0.001%,164.56,91.20868886709214,81.77162615656853,100.75610278844833
2026-03-11,DO 0.05%,163.56,90.29269331932068,81.37295928239823,99.89142122983932
2026-03-12,DO 0.001%,194.5,91.36046586036682,82.38609192967415,100.43163328170776
2026-03-12,DO 0.05%,193.5,90.44584678888322,81.9967817902565,99.50104956865312
2026-03-13,DO 0.001%,192.48,91.32561367750168,82.24582531452178,100.51501115560531
2026-03-13,DO 0.05%,191.48,90.41437959909439,81.85478505849838,99.59408119440079
2026-03-16,DO 0.001%,190.93,91.29710878133774,82.1387898504734,100.59788377285004
2026-03-16,DO 0.05%,189.93,90.39754589796067,81.74687086343765,99.67191890001297
2026-03-17,DO 0.001%,198.2,91.25577247142792,81.97878138422966,100.69668250083923
2026-03-17,DO 0.05%,197.2,90.3630378484726,81.58450140953065,99.77813104391099
2026-03-18,DO 0.001%,198.88,91.3276031255722,82.26887764930724,100.55143173933028
2026-03-18,DO 0.05%,197.88,90.43821869373322,81.87954782724381,99.5979108095169
2026-03-19,DO 0.001%,224.5,91.2544566988945,81.9815708220005,100.71594541072845
2026-03-19,DO 0.05%,223.5,90.3714858341217,81.58755264759064,99.78373535871506
2026-03-20,DO 0.001%,223.02,91.2818142414093,82.08732209205627,100.65279885530471
2026-03-20,DO 0.05%,222.02,90.39508622646332,81.69505170822144,99.7145843410492
2026-03-23,DO 0.001%,242.91,91.24986728429793,81.97684456706047,100.75177652835846
2026-03-23,DO 0.05%,241.91,90.38279824733735,81.5827630341053,99.79847263097763
2026-03-24,DO 0.001%,219.93,91.05590136051178,81.20691763758659,101.10845614671707
2026-03-24,DO 0.05%,218.93,90.17208638906479,80.7988024199009,100.26122298002244
2026-03-25,DO 0.001%,205.62,90.96760776042937,80.89557954072951,101.29958000183105
2026-03-25,DO 0.05%,204.62,90.10442985534668,80.48033723115921,100.4594704270363
2026-03-26,DO 0.001%,216.56,91.24483577013015,81.96973939538002,100.78573398590088
2026-03-26,DO 0.05%,215.56,90.39236709594726,81.57518683075905,99.81352125406265
2026-03-27,DO 0.001%,237.81,91.1409318447113,81.55650787353515,100.97355262041091
2026-03-27,DO 0.05%,236.81,90.2780598306656,81.15432354569435,100.0598412680626
2026-03-30,DO 0.001%,252.15,91.12054263353347,81.49502971768379,101.03589918613433
2026-03-30,DO 0.05%,251.15,90.27402264833451,81.0907093834877,100.10702129602433
2026-03-31,DO 0.001%,238.89,91.17311037778855,81.69216402173042,100.92829004526138
2026-03-31,DO 0.05%,237.89,90.32178386449814,81.29210666298866,99.98434907197952
2026-04-01,DO 0.001%,246.0,90.85377764701843,80.50002147555351,101.52775601148605
2026-04-01,DO 0.05%,245.0,90.01285120010377,80.07446548819541,100.70311282396317
2026-04-02,DO 0.001%,292.82,90.85833548307419,80.50884767770766,101.51378777027129
2026-04-02,DO 0.05%,291.82,90.01150201320648,80.08415887713433,100.6959413766861
2026-04-06,DO 0.001%,272.64,90.94483963251113,80.8538695514202,101.380610537529
2026-04-06,DO 0.05%,264.02,90.11645837545394,80.43432476878166,100.49913652181625
2026-04-07,DO 0.001%,255.36,90.8979033946991,80.68061388731003,101.46401998996734
2026-04-07,DO 0.05%,234.99,90.07008785963059,80.25727512359619,100.60144640207291
2026-04-08,DO 0.001%,198.36,90.74502115249634,80.15198385119437,101.74629004001618
2026-04-08,DO 0.05%,183.29,89.93904029846192,79.71365658760071,100.9160767865181
2026-04-09,DO 0.001%,211.03,90.56777080297469,79.53005501627922,102.04268622398376
2026-04-09,DO 0.05%,181.78,89.77064101696014,79.0762332379818,101.27430666446686
2026-04-10,DO 0.001%,210.16,90.67677992582321,79.91168694496155,101.8622885465622
2026-04-10,DO 0.05%,182.08,89.87462181329727,79.46732100605965,101.05522984743119
2026-04-13,DO 0.001%,203.24,90.69397970438003,79.99364904761315,101.84503613710403
2026-04-13,DO 0.05%,176.9,89.90520684242249,79.54852130055428,101.01092462539673
2026-04-14,DO 0.001%,191.77,90.49943484067917,79.31824195384979,102.16284257173538
2026-04-14,DO 0.05%,168.23,89.72057580471039,78.85571382880211,101.39601370096207
2026-04-15,DO 0.001%,173.33,90.4320146560669,79.12550759315491,102.28249366283417
2026-04-15,DO 0.05%,155.37,89.67901046991348,78.65225125551224,101.50531859636307
2026-04-16,DO 0.001%,172.2,90.51112942695617,79.36803078651428,102.14780066013336
2026-04-16,DO 0.05%,158.6,89.7374717760086,78.90541579842568,101.36824120759964
2026-04-17,DO 0.001%,170.31,90.34178423881531,78.8221851825714,102.42209186553954
2026-04-17,DO 0.05%,156.71,89.59452023506165,78.34052681207658,101.674288687706
2026-04-20,DO 0.001%,155.07,90.34432104825973,78.83205347657203,102.41857612133026
2026-04-20,DO 0.05%,141.47,89.59768563508987,78.35044852495194,101.66877777814865
2026-04-21,DO 0.001%,152.84,90.39090992212296,79.01761424541473,102.35619797706603
2026-04-21,DO 0.05%,139.24,89.65835753202438,78.53631458759308,101.56557535886765
2026-04-22,DO 0.001%,167.21,90.46081428527832,79.25512697696685,102.2492309331894
2026-04-22,DO 0.05%,153.61,89.72532909393311,78.78017493009567,101.43377017736435
2026-04-23,DO 0.001%,171.29,89.85889571905136,77.26383156180381,103.13353533744812
2026-04-23,DO 0.05%,157.69,89.15483060359955,76.73508262038231,102.5238612985611
2026-04-24,DO 0.001%,172.84,90.0445880651474,77.91232321262359,102.87581233978271
2026-04-24,DO 0.05%,159.24,89.35359696865082,77.39295134067535,102.16721930980682
2026-04-27,DO 0.001%,174.03,90.03649343252182,77.87245004177093,102.88527537584305
2026-04-27,DO 0.05%,160.43,89.33890120983123,77.35443205475808,102.19026964902878
2026-04-28,DO 0.001%,167.39,89.87255870103836,77.36200924515724,103.1184618473053
2026-04-28,DO 0.05%,153.79,89.19442404985428,76.82622019529343,102.46230724096299
2026-04-29,DO 0.001%,169.48,89.8070332288742,77.16249076128005,103.20982909202576
2026-04-29,DO 0.05%,156.43,89.13785160541535,76.61923416852952,102.56728435993195
2026-04-30,DO 0.001%,178.67,89.78745453357696,77.06484991312027,103.2348182439804
2026-04-30,DO 0.05%,165.62,89.10235761165619,76.52537227392197,102.62567301750184
