date,product,true,pred
2024-01-10,MG95,91.68,95.7505419397354
2024-01-10,MG92,87.36,88.837382376194
2024-01-11,MG95,91.48,95.17076001167297
2024-01-11,MG92,87.16,92.34092917442321
2024-01-12,MG95,95.45,94.89310866355895
2024-01-12,MG92,90.36,89.62351628541946
2024-01-15,MG95,94.05,96.87815182685851
2024-01-15,MG92,88.96,93.72454595565796
2024-01-16,MG95,94.9,98.5643971633911
2024-01-16,MG92,89.81,89.11050841808319
2024-01-17,MG95,93.09,94.82069315433502
2024-01-17,MG92,88.0,85.61378901004791
2024-01-18,MG95,95.56,92.13817821979522
2024-01-18,MG92,90.17,90.1233766078949
2024-01-19,MG95,97.74,92.66821374893188
2024-01-19,MG92,92.24,95.91152236461639
2024-01-22,MG95,97.16,101.67121523380278
2024-01-22,MG92,91.91,90.59274193048476
2024-01-23,MG95,101.07,91.28467397212981
2024-01-23,MG92,95.39,90.31064796447754
2024-01-24,MG95,100.72,93.5946765422821
2024-01-24,MG92,95.05,87.29678634405136
2024-01-25,MG95,101.96,98.62639914989471
2024-01-25,MG92,96.49,84.0470500588417
2024-01-26,MG95,102.8,93.66688974380493
2024-01-26,MG92,97.55,85.4629777431488
2024-01-29,MG95,105.17,92.35952414035796
2024-01-29,MG92,100.3,84.52688472270965
2024-01-30,MG95,101.74,95.86007558822631
2024-01-30,MG92,97.1,91.54576647281647
2024-01-31,MG95,101.3,92.36663685321807
2024-01-31,MG92,96.66,92.4519224524498
2024-02-01,MG95,100.01,97.15557957172393
2024-02-01,MG92,95.37,90.74228510856628
2024-02-02,MG95,98.45,99.38871586322783
2024-02-02,MG92,93.62,90.7641875386238
2024-02-05,MG95,97.0,95.3188492488861
2024-02-05,MG92,92.17,94.75777457952499
2024-02-06,MG95,98.21,100.40585509777068
2024-02-06,MG92,93.38,97.7068520784378
2024-02-07,MG95,98.09,104.89088905811309
2024-02-07,MG92,93.26,98.10456531047821
2024-02-08,MG95,99.61,98.64999461650848
2024-02-08,MG92,95.45,98.57089736461639
2024-02-09,MG95,101.05,99.54021238803863
2024-02-09,MG92,96.89,100.56246635913848
2024-02-12,MG95,101.05,104.8519714450836
2024-02-12,MG92,96.89,98.82104563713074
2024-02-13,MG95,102.91,105.12344708442687
2024-02-13,MG92,98.69,100.62962434291839
2024-02-14,MG95,103.66,98.87214976787567
2024-02-14,MG92,99.44,98.88388197422027
2024-02-15,MG95,99.92,96.71167388439177
2024-02-15,MG92,95.56,92.165334379673
2024-02-16,MG95,100.76,108.62472258090972
2024-02-16,MG92,96.4,100.35707654953002
2024-02-19,MG95,100.24,97.00396592140197
2024-02-19,MG92,95.65,101.56803035736084
2024-02-20,MG95,99.02,100.32475100517273
2024-02-20,MG92,94.35,103.4790503501892
2024-02-21,MG95,98.6,107.90119570732116
2024-02-21,MG92,93.93,98.30880876779555
2024-02-22,MG95,100.78,100.66843984603881
2024-02-22,MG92,96.11,100.01043179035186
2024-02-23,MG95,101.23,99.69552081584929
2024-02-23,MG92,96.56,99.89304734468459
2024-02-26,MG95,99.18,106.71423512935638
2024-02-26,MG92,94.51,97.781669318676
2024-02-27,MG95,101.65,104.36006559371947
2024-02-27,MG92,96.98,88.65292110443114
2024-02-28,MG95,102.04,100.60909980297087
2024-02-28,MG92,97.37,97.20705262422561
2024-02-29,MG95,100.8,100.27116075992583
2024-02-29,MG92,96.13,97.07426850795746
2024-03-01,MG95,99.03,102.69820365905761
2024-03-01,MG92,94.59,98.59257661104202
2024-03-04,MG95,98.26,103.65615191936492
2024-03-04,MG92,93.82,102.27644563913344
2024-03-05,MG95,98.94,98.88413916110991
2024-03-05,MG92,94.5,92.57679369449615
2024-03-06,MG95,97.08,106.84649112701415
2024-03-06,MG92,93.64,102.66679381132126
2024-03-07,MG95,98.14,102.48023308277129
2024-03-07,MG92,94.2,95.5674340724945
2024-03-08,MG95,99.79,105.93335934638976
2024-03-08,MG92,95.41,98.29291200637817
2024-03-11,MG95,98.19,104.19060627460479
2024-03-11,MG92,93.78,106.56583214998244
2024-03-12,MG95,99.19,107.37521697998046
2024-03-12,MG92,94.68,106.70919719934463
2024-03-13,MG95,98.51,108.87837384700774
2024-03-13,MG92,94.13,101.89955949783325
2024-03-14,MG95,99.8,112.02057446956634
2024-03-14,MG92,95.93,97.02990568876265
2024-03-15,MG95,100.94,111.74502073287962
2024-03-15,MG92,97.07,101.20410915613174
2024-03-18,MG95,103.56,99.09333597183227
2024-03-18,MG92,99.21,103.53312165737151
2024-03-19,MG95,103.3,111.233853058815
2024-03-19,MG92,99.29,102.62969460487365
2024-03-20,MG95,104.4,98.86598470687865
2024-03-20,MG92,100.2,97.02284497022629
2024-03-21,MG95,104.78,99.99610746860503
2024-03-21,MG92,100.55,99.38144959211348
2024-03-22,MG95,105.55,103.09497165203094
2024-03-22,MG92,100.94,101.5530669093132
2024-03-25,MG95,105.67,107.67167229652404
2024-03-25,MG92,101.06,102.37165374755858
2024-03-26,MG95,105.19,100.87092855930328
2024-03-26,MG92,100.58,98.62402521371841
2024-03-27,MG95,103.9,102.9916669511795
2024-03-27,MG92,99.29,98.1358921766281
2024-03-28,MG95,104.58,105.05136165618896
2024-03-28,MG92,99.97,93.22522330284119
2024-04-01,MG95,106.58,103.58115964889525
2024-04-01,MG92,103.25,92.41823186874389
2024-04-02,MG95,106.91,98.26191520690917
2024-04-02,MG92,102.56,100.32668299674987
2024-04-03,MG95,107.09,101.29269752502441
2024-04-03,MG92,102.74,101.26748316287994
2024-02-07,MG95,98.09,99.9371320617199
2024-02-07,MG92,93.26,89.49941159963608
2024-02-08,MG95,99.61,98.77061576008796
2024-02-08,MG92,95.45,98.12750787496566
2024-02-09,MG95,101.05,95.52493910014628
2024-02-09,MG92,96.89,96.74156992912292
2024-02-12,MG95,101.05,101.79674669504165
2024-02-12,MG92,96.89,102.03520211935043
2024-02-13,MG95,102.91,94.77174008965491
2024-02-13,MG92,98.69,94.9865694975853
2024-02-14,MG95,103.66,98.64919681787491
2024-02-14,MG92,99.44,91.66266945600509
2024-02-15,MG95,99.92,94.82747970819473
2024-02-15,MG92,95.56,98.53264840602874
2024-02-16,MG95,100.76,94.22211185991763
2024-02-16,MG92,96.4,92.67355046153068
2024-02-19,MG95,100.24,92.29962771356105
2024-02-19,MG92,95.65,93.95856227397918
2024-02-20,MG95,99.02,93.5397727614641
2024-02-20,MG92,94.35,94.74702507972717
2024-02-21,MG95,98.6,93.30434575259684
2024-02-21,MG92,93.93,90.56886237859726
2024-02-22,MG95,100.78,106.45399612069129
2024-02-22,MG92,96.11,101.11846800327301
2024-02-23,MG95,101.23,99.77926753401756
2024-02-23,MG92,96.56,94.02537511825561
2024-02-26,MG95,99.18,98.74647480368614
2024-02-26,MG92,94.51,94.38825947523117
2024-02-27,MG95,101.65,94.7550334239006
2024-02-27,MG92,96.98,90.86787267684936
2024-02-28,MG95,102.04,103.16759476780891
2024-02-28,MG92,97.37,97.74389617443084
2024-02-29,MG95,100.8,98.35061931490897
2024-02-29,MG92,96.13,103.97808445453643
2024-03-01,MG95,99.03,99.50848374128341
2024-03-01,MG92,94.59,94.80057999372482
2024-03-04,MG95,98.26,104.38824675440787
2024-03-04,MG92,93.82,99.28652482271194
2024-03-05,MG95,98.94,99.94570198416709
2024-03-05,MG92,94.5,96.9228395652771
2024-03-06,MG95,97.08,103.27827789187431
2024-03-06,MG92,93.64,105.24413330793381
2024-03-07,MG95,98.14,101.30148244738578
2024-03-07,MG92,94.2,92.52744050025939
2024-03-08,MG95,99.79,101.23690363287925
2024-03-08,MG92,95.41,93.84885874509811
2024-03-11,MG95,98.19,102.76969045877456
2024-03-11,MG92,93.78,98.34746038913727
2024-03-12,MG95,99.19,104.15454075455665
2024-03-12,MG92,94.68,102.42234258890151
2024-03-13,MG95,98.51,105.66056413412093
2024-03-13,MG92,94.13,102.95023307561874
2024-03-14,MG95,99.8,100.36711504220962
2024-03-14,MG92,95.93,95.0803991317749
2024-03-15,MG95,100.94,108.30523985981941
2024-03-15,MG92,97.07,101.67112666368484
2024-03-18,MG95,103.56,98.13326875448226
2024-03-18,MG92,99.21,99.7726489329338
2024-03-19,MG95,103.3,101.83595526099204
2024-03-19,MG92,99.29,98.71770284175872
2024-03-20,MG95,104.4,102.59802273631095
2024-03-20,MG92,100.2,104.40079090833663
2024-03-21,MG95,104.78,108.16918648719786
2024-03-21,MG92,100.55,97.4428932905197
2024-03-22,MG95,105.55,100.16730238318442
2024-03-22,MG92,100.94,98.46268527269363
2024-03-25,MG95,105.67,98.40770530104636
2024-03-25,MG92,101.06,91.93082807183265
2024-03-26,MG95,105.19,107.51623332500458
2024-03-26,MG92,100.58,98.1071256160736
2024-03-27,MG95,103.9,96.44759310722351
2024-03-27,MG92,99.29,98.57651868581772
2024-03-28,MG95,104.58,96.98423181653023
2024-03-28,MG92,99.97,94.76199730157852
2024-04-01,MG95,106.58,97.75157939434051
2024-04-01,MG92,103.25,90.31806374788283
2024-04-02,MG95,106.91,95.31736433923244
2024-04-02,MG92,102.56,88.25179138064384
2024-04-03,MG95,107.09,97.98753909647463
2024-04-03,MG92,102.74,89.65533421039581
2024-04-04,MG95,106.36,93.93397163271904
2024-04-04,MG92,102.01,91.79381276130675
2024-04-05,MG95,107.02,92.3319990736246
2024-04-05,MG92,102.67,94.88908864498138
2024-04-08,MG95,106.27,90.45578899621962
2024-04-08,MG92,101.92,86.841814391613
2024-04-09,MG95,106.43,99.2318578839302
2024-04-09,MG92,101.97,93.1149304485321
2024-04-10,MG95,106.43,88.19423680484294
2024-04-10,MG92,101.97,88.43642837524413
2024-04-11,MG95,107.79,88.01871144652367
2024-04-11,MG92,103.38,89.49159153580665
2024-04-12,MG95,108.62,90.11735901236534
2024-04-12,MG92,104.21,83.35759469270705
2024-04-15,MG95,107.89,88.79127473533153
2024-04-15,MG92,103.48,85.14663605690002
2024-04-16,MG95,108.46,94.02132747471332
2024-04-16,MG92,104.05,84.17281269192695
2024-04-17,MG95,108.41,88.15296185731887
2024-04-17,MG92,104.0,85.51270409822463
2024-04-18,MG95,105.32,91.90355563521385
2024-04-18,MG92,100.91,83.55380872130394
2024-04-19,MG95,105.41,88.50675799310207
2024-04-19,MG92,101.0,83.03681623101234
2024-04-22,MG95,104.36,87.58137612819671
2024-04-22,MG92,99.95,85.75939510822296
2024-04-23,MG95,104.94,89.0423079007864
2024-04-23,MG92,100.53,86.1606283903122
2024-04-24,MG95,105.05,92.67124858558178
2024-04-24,MG92,100.64,82.84343523621558
2024-04-25,MG95,105.56,92.48561376273632
2024-04-25,MG92,101.15,86.73595688700675
2024-04-26,MG95,106.1,81.14391263484954
2024-04-26,MG92,101.69,86.28388484120369
2024-04-29,MG95,106.05,87.09242810070513
2024-04-29,MG92,101.64,90.42665410041809
2024-04-30,MG95,105.3,84.70551152467728
2024-04-30,MG92,100.89,86.25089586019516
2024-05-01,MG95,105.3,81.70129711270332
2024-05-01,MG92,100.89,81.6481287395954
2024-03-06,MG95,97.08,106.1265594792366
2024-03-06,MG92,93.64,96.04755628108978
2024-03-07,MG95,98.14,98.00140014410019
2024-03-07,MG92,94.2,94.51035279035568
2024-03-08,MG95,99.79,95.31032812356949
2024-03-08,MG92,95.41,90.98766660690308
2024-03-11,MG95,98.19,105.45785470247269
2024-03-11,MG92,93.78,98.14610856771469
2024-03-12,MG95,99.19,98.53676733970642
2024-03-12,MG92,94.68,102.29504281282425
2024-03-13,MG95,98.51,103.82049751281738
2024-03-13,MG92,94.13,93.03927648067474
2024-03-14,MG95,99.8,102.30839862585067
2024-03-14,MG92,95.93,91.5599145591259
2024-03-15,MG95,100.94,94.59535915732384
2024-03-15,MG92,97.07,92.61885631084442
2024-03-18,MG95,103.56,98.09720741271973
2024-03-18,MG92,99.21,95.78845489025116
2024-03-19,MG95,103.3,91.66035779714583
2024-03-19,MG92,99.29,94.03074485063553
2024-03-20,MG95,104.4,103.63573561906814
2024-03-20,MG92,100.2,90.70290291309357
2024-03-21,MG95,104.78,101.41254228115082
2024-03-21,MG92,100.55,93.8837217092514
2024-03-22,MG95,105.55,90.5759829890728
2024-03-22,MG92,100.94,91.13291546702385
2024-03-25,MG95,105.67,93.70259888648987
2024-03-25,MG92,101.06,85.17389890551567
2024-03-26,MG95,105.19,93.15051878929138
2024-03-26,MG92,100.58,91.04940032958984
2024-03-27,MG95,103.9,87.58724558115006
2024-03-27,MG92,99.29,90.50401443243027
2024-03-28,MG95,104.58,93.49506168365478
2024-03-28,MG92,99.97,88.60162442922592
2024-04-01,MG95,106.58,93.37262817978859
2024-04-01,MG92,103.25,83.167693734169
2024-04-02,MG95,106.91,84.98555279016495
2024-04-02,MG92,102.56,82.49019992351532
2024-04-03,MG95,107.09,91.34216396570206
2024-04-03,MG92,102.74,86.99148389697075
2024-04-04,MG95,106.36,87.58160777807235
2024-04-04,MG92,102.01,82.31071025133133
2024-04-05,MG95,107.02,82.28526921272278
2024-04-05,MG92,102.67,81.9477598965168
2024-04-08,MG95,106.27,84.91549895882606
2024-04-08,MG92,101.92,81.250687032938
2024-04-09,MG95,106.43,83.09268989324569
2024-04-09,MG92,101.97,80.69978678226471
2024-04-10,MG95,106.43,84.8049897623062
2024-04-10,MG92,101.97,80.24091258645058
2024-04-11,MG95,107.79,83.16410009980201
2024-04-11,MG92,103.38,79.33839485049248
2024-04-12,MG95,108.62,79.7199921476841
2024-04-12,MG92,104.21,76.93989890813828
2024-04-15,MG95,107.89,83.45849249482154
2024-04-15,MG92,103.48,77.58521908521652
2024-04-16,MG95,108.46,81.31799676418304
2024-04-16,MG92,104.05,77.53725716471672
2024-04-17,MG95,108.41,80.8345492529869
2024-04-17,MG92,104.0,75.97850319743156
2024-04-18,MG95,105.32,84.00636782884598
2024-04-18,MG92,100.91,76.4139456152916
2024-04-19,MG95,105.41,83.49092165708542
2024-04-19,MG92,101.0,80.54042252898216
2024-04-22,MG95,104.36,78.60297587513924
2024-04-22,MG92,99.95,78.28252851963043
2024-04-23,MG95,104.94,82.26441052079201
2024-04-23,MG92,100.53,76.96103820204735
2024-04-24,MG95,105.05,79.27548439979553
2024-04-24,MG92,100.64,72.70791140198708
2024-04-25,MG95,105.56,80.0254065656662
2024-04-25,MG92,101.15,75.13969624042511
2024-04-26,MG95,106.1,76.85309261798858
2024-04-26,MG92,101.69,70.15647241473198
2024-04-29,MG95,106.05,75.12662157654762
2024-04-29,MG92,101.64,74.41941690444946
2024-04-30,MG95,105.3,75.26274267554282
2024-04-30,MG92,100.89,74.7739577293396
2024-05-01,MG95,105.3,73.20304562687873
2024-05-01,MG92,100.89,70.51289454102516
2024-05-02,MG95,100.51,73.78937124967575
2024-05-02,MG92,96.1,73.07322746515274
2024-05-03,MG95,98.84,78.75483682394028
2024-05-03,MG92,95.37,75.00774040818214
2024-05-06,MG95,98.2,75.4607911491394
2024-05-06,MG92,94.3,75.05531930923462
2024-05-07,MG95,98.51,74.79639138936996
2024-05-07,MG92,93.98,71.08009001612663
2024-05-08,MG95,95.84,76.66473338127136
2024-05-08,MG92,90.88,77.2300868332386
2024-05-09,MG95,96.86,75.29871020793915
2024-05-09,MG92,91.9,69.24516776204109
2024-05-10,MG95,97.03,78.3236333477497
2024-05-10,MG92,92.07,74.72295418381691
2024-05-13,MG95,96.4,75.31879635572433
2024-05-13,MG92,91.44,73.67002809047699
2024-05-14,MG95,95.49,77.20432892918586
2024-05-14,MG92,90.53,73.49862125515938
2024-05-15,MG95,94.93,79.25853560686112
2024-05-15,MG92,89.97,76.72870311141014
2024-05-16,MG95,96.38,74.13699252605439
2024-05-16,MG92,91.42,77.02261984348297
2024-05-17,MG95,97.35,78.2370553278923
2024-05-17,MG92,92.39,74.01218274235725
2024-05-20,MG95,97.43,76.28350348591805
2024-05-20,MG92,93.46,71.35828042030334
2024-05-21,MG95,95.4,76.91458359360695
2024-05-21,MG92,91.42,74.9427341222763
2024-05-22,MG95,95.4,75.4068958747387
2024-05-22,MG92,91.42,73.7507156431675
2024-05-23,MG95,93.75,70.98159198760986
2024-05-23,MG92,90.22,74.1260521709919
2024-05-24,MG95,92.47,74.40332564592362
2024-05-24,MG92,88.81,74.66135564446449
2024-05-27,MG95,92.46,72.04358070731163
2024-05-27,MG92,88.8,69.3299615085125
2024-05-28,MG95,92.45,75.40845865488052
2024-05-28,MG92,88.92,68.62980195879936
2024-05-29,MG95,93.52,71.12087992787362
2024-05-29,MG92,89.23,69.93476611375809
2024-04-04,MG95,106.36,114.77293356657029
2024-04-04,MG92,102.01,107.81636966705322
2024-04-05,MG95,107.02,103.09666741967202
2024-04-05,MG92,102.67,101.11864319324494
2024-04-08,MG95,106.27,106.37545457363129
2024-04-08,MG92,101.92,115.92038575172424
2024-04-09,MG95,106.43,107.16632864832879
2024-04-09,MG92,101.97,106.51475997209549
2024-04-10,MG95,106.43,117.1338747882843
2024-04-10,MG92,101.97,113.81732006788253
2024-04-11,MG95,107.79,118.87631012558937
2024-04-11,MG92,103.38,112.70097924947738
2024-04-12,MG95,108.62,111.73128991007805
2024-04-12,MG92,104.21,109.9250569820404
2024-04-15,MG95,107.89,107.74284675478935
2024-04-15,MG92,103.48,111.44327706575393
2024-04-16,MG95,108.46,107.582529784441
2024-04-16,MG92,104.05,104.69571526050566
2024-04-17,MG95,108.41,110.81095458388329
2024-04-17,MG92,104.0,118.51784878730773
2024-04-18,MG95,105.32,107.39470181941986
2024-04-18,MG92,100.91,105.49162310361862
2024-04-19,MG95,105.41,108.00316076517106
2024-04-19,MG92,101.0,100.10380404829978
2024-04-22,MG95,104.36,104.97060658812524
2024-04-22,MG92,99.95,98.30024637937545
2024-04-23,MG95,104.94,102.40828616201878
2024-04-23,MG92,100.53,103.2432523393631
2024-04-24,MG95,105.05,106.99530728399753
2024-04-24,MG92,100.64,112.96018666028976
2024-04-25,MG95,105.56,107.26147456169129
2024-04-25,MG92,101.15,101.70656293153762
2024-04-26,MG95,106.1,109.82899718284607
2024-04-26,MG92,101.69,99.6334731566906
2024-04-29,MG95,106.05,108.49602246880532
2024-04-29,MG92,101.64,102.12624402880668
2024-04-30,MG95,105.3,97.71244022607803
2024-04-30,MG92,100.89,91.85752640247344
2024-05-01,MG95,105.3,100.84411058068275
2024-05-01,MG92,100.89,102.52707612752914
2024-05-02,MG95,100.51,92.76143779337407
2024-05-02,MG92,96.1,89.74589354872703
2024-05-03,MG95,98.84,101.28786739289761
2024-05-03,MG92,95.37,94.35454105496406
2024-05-06,MG95,98.2,89.07645814359188
2024-05-06,MG92,94.3,92.70906879782676
2024-05-07,MG95,98.51,92.24442896842957
2024-05-07,MG92,93.98,85.48983499288559
2024-05-08,MG95,95.84,99.54599376499654
2024-05-08,MG92,90.88,92.38188129186629
2024-05-09,MG95,96.86,90.1499358791113
2024-05-09,MG92,91.9,92.20735965132712
2024-05-10,MG95,97.03,98.35863583087921
2024-05-10,MG92,92.07,96.54455830812454
2024-05-13,MG95,96.4,98.38091909825802
2024-05-13,MG92,91.44,102.63653259277343
2024-05-14,MG95,95.49,91.77669737756253
2024-05-14,MG92,90.53,98.83709990620612
2024-05-15,MG95,94.93,94.1168234360218
2024-05-15,MG92,89.97,92.7962591946125
2024-05-16,MG95,96.38,97.22351687133313
2024-05-16,MG92,91.42,97.75609942913054
2024-05-17,MG95,97.35,91.41006709635258
2024-05-17,MG92,92.39,93.18653389453887
2024-05-20,MG95,97.43,96.39985939323903
2024-05-20,MG92,93.46,95.84932542800902
2024-05-21,MG95,95.4,91.97397227346897
2024-05-21,MG92,91.42,93.06783664345741
2024-05-22,MG95,95.4,94.8689587110281
2024-05-22,MG92,91.42,82.87075500965118
2024-05-23,MG95,93.75,94.64417282044887
2024-05-23,MG92,90.22,90.30482943058013
2024-05-24,MG95,92.47,94.22859722435474
2024-05-24,MG92,88.81,87.98634749531746
2024-05-27,MG95,92.46,91.00232351660729
2024-05-27,MG92,88.8,88.60481265425682
2024-05-28,MG95,92.45,87.5753918904066
2024-05-28,MG92,88.92,89.58004930615425
2024-05-29,MG95,93.52,93.60417424201965
2024-05-29,MG92,89.23,77.74720160841942
2024-05-30,MG95,90.86,88.0239998292923
2024-05-30,MG92,86.57,83.84783491969108
2024-05-31,MG95,90.78,85.66039048790932
2024-05-31,MG92,85.96,82.01512805223464
2024-06-03,MG95,91.38,89.86670029520988
2024-06-03,MG92,86.43,83.60334295511245
2024-06-04,MG95,88.04,84.29653452277184
2024-06-04,MG92,83.24,82.74038583159447
2024-06-05,MG95,89.43,85.60140461742878
2024-06-05,MG92,84.63,88.79686668038367
2024-06-06,MG95,89.87,82.91644643247128
2024-06-06,MG92,85.14,83.57128496050834
2024-06-07,MG95,91.12,82.47731733977795
2024-06-07,MG92,85.88,84.35075657486915
2024-06-10,MG95,91.67,89.73293686032295
2024-06-10,MG92,86.43,75.52597144246101
2024-06-11,MG95,92.62,82.52546477198601
2024-06-11,MG92,87.38,81.59098884224892
2024-06-12,MG95,92.14,86.34683129489422
2024-06-12,MG92,86.9,85.09173410058021
2024-06-13,MG95,91.15,78.89067513406277
2024-06-13,MG92,85.91,81.10510354638099
2024-06-14,MG95,91.78,83.52139469444752
2024-06-14,MG92,86.54,75.6635544347763
2024-06-17,MG95,91.78,90.32667008340358
2024-06-17,MG92,86.54,86.50529876351357
2024-06-18,MG95,93.26,75.71805744051933
2024-06-18,MG92,88.02,83.04616459846496
2024-06-19,MG95,94.52,85.95955181002617
2024-06-19,MG92,89.28,81.09811018824577
2024-06-20,MG95,94.85,80.66646196722985
2024-06-20,MG92,89.61,85.18405622601509
2024-06-21,MG95,95.95,84.8283520501852
2024-06-21,MG92,90.71,81.39918589115142
2024-06-24,MG95,95.52,90.04307704806328
2024-06-24,MG92,90.28,79.40410084128379
2024-06-25,MG95,95.57,80.96934461414814
2024-06-25,MG92,90.33,86.19858305811881
2024-06-26,MG95,95.65,86.31277127921581
2024-06-26,MG92,90.41,78.43229963064194
2024-05-02,MG95,100.51,101.0011390686035
2024-05-02,MG92,96.1,97.62551657080651
2024-05-03,MG95,98.84,96.56784458756447
2024-05-03,MG92,95.37,100.81771156489849
2024-05-06,MG95,98.2,103.70644243955611
2024-05-06,MG92,94.3,96.36857817828655
2024-05-07,MG95,98.51,96.90342321395873
2024-05-07,MG92,93.98,88.34310661196709
2024-05-08,MG95,95.84,104.61593853235244
2024-05-08,MG92,90.88,90.84194360196591
2024-05-09,MG95,96.86,97.52000743746757
2024-05-09,MG92,91.9,97.06733631670475
2024-05-10,MG95,97.03,101.83339188694954
2024-05-10,MG92,92.07,96.17658476114273
2024-05-13,MG95,96.4,105.13230169415473
2024-05-13,MG92,91.44,94.18522810041904
2024-05-14,MG95,95.49,99.91620590686797
2024-05-14,MG92,90.53,89.31842018187047
2024-05-15,MG95,94.93,93.18110327124596
2024-05-15,MG92,89.97,83.01190518200397
2024-05-16,MG95,96.38,95.9621435880661
2024-05-16,MG92,91.42,88.13039664387703
2024-05-17,MG95,97.35,100.58559949994087
2024-05-17,MG92,92.39,90.05408324718475
2024-05-20,MG95,97.43,110.12706760168075
2024-05-20,MG92,93.46,100.60595173180103
2024-05-21,MG95,95.4,105.04664808511734
2024-05-21,MG92,91.42,93.40664659559727
2024-05-22,MG95,95.4,97.28670852184295
2024-05-22,MG92,91.42,91.51929964900017
2024-05-23,MG95,93.75,99.49713901877404
2024-05-23,MG92,90.22,89.78898957073689
2024-05-24,MG95,92.47,100.45928757190704
2024-05-24,MG92,88.81,94.95109102606773
2024-05-27,MG95,92.46,104.02691384553908
2024-05-27,MG92,88.8,98.3503553134203
2024-05-28,MG95,92.45,98.29144851565361
2024-05-28,MG92,88.92,91.78954089224338
2024-05-29,MG95,93.52,94.6275176346302
2024-05-29,MG92,89.23,91.5125585013628
2024-05-30,MG95,90.86,91.17880972623824
2024-05-30,MG92,86.57,80.53762737751008
2024-05-31,MG95,90.78,95.13243897557258
2024-05-31,MG92,85.96,92.3013449370861
2024-06-03,MG95,91.38,98.16896517276764
2024-06-03,MG92,86.43,87.21104482233524
2024-06-04,MG95,88.04,93.70516753792762
2024-06-04,MG92,83.24,91.21828726172447
2024-06-05,MG95,89.43,88.85862436294555
2024-06-05,MG92,84.63,88.85277585983276
2024-06-06,MG95,89.87,90.71196084022522
2024-06-06,MG92,85.14,84.7555953258276
2024-06-07,MG95,91.12,86.66857323646545
2024-06-07,MG92,85.88,89.17292324423791
2024-06-10,MG95,91.67,94.22871086597442
2024-06-10,MG92,86.43,89.09154237806797
2024-06-11,MG95,92.62,85.68802864551544
2024-06-11,MG92,87.38,82.20415212750434
2024-06-12,MG95,92.14,97.90427813529968
2024-06-12,MG92,86.9,80.94972136974334
2024-06-13,MG95,91.15,88.76301643252373
2024-06-13,MG92,85.91,84.68727580904961
2024-06-14,MG95,91.78,96.20872957706452
2024-06-14,MG92,86.54,91.00843972563743
2024-06-17,MG95,91.78,97.03860992789268
2024-06-17,MG92,86.54,90.35288266181946
2024-06-18,MG95,93.26,84.50476988554
2024-06-18,MG92,88.02,74.95159733712673
2024-06-19,MG95,94.52,87.82517625689506
2024-06-19,MG92,89.28,88.86601160109043
2024-06-20,MG95,94.85,95.20728467702865
2024-06-20,MG92,89.61,81.2993890875578
2024-06-21,MG95,95.95,90.43052217364311
2024-06-21,MG92,90.71,78.68784083068371
2024-06-24,MG95,95.52,88.1545914888382
2024-06-24,MG92,90.28,88.92584003806114
2024-06-25,MG95,95.57,90.78833169937134
2024-06-25,MG92,90.33,81.75591692447662
2024-06-26,MG95,95.65,90.6784764111042
2024-06-26,MG92,90.41,79.82423836290836
2024-06-27,MG95,96.51,86.8278737604618
2024-06-27,MG92,91.27,83.4984163928032
2024-06-28,MG95,97.45,89.79943953752517
2024-06-28,MG92,92.37,84.14797798454761
2024-07-01,MG95,97.87,86.07111310958862
2024-07-01,MG92,93.14,84.47721178650856
2024-07-02,MG95,99.67,80.42693129181862
2024-07-02,MG92,95.23,85.1573520898819
2024-07-03,MG95,99.3,79.90013680458068
2024-07-03,MG92,94.88,82.77351150155067
2024-07-04,MG95,99.01,73.34408015012741
2024-07-04,MG92,94.59,73.23025340616704
2024-07-05,MG95,99.01,78.70278131961823
2024-07-05,MG92,94.59,70.49805604577064
2024-07-08,MG95,98.17,81.58967260122299
2024-07-08,MG92,93.75,82.36420176565647
2024-07-09,MG95,97.03,81.90651626586914
2024-07-09,MG92,92.61,77.58815579295158
2024-07-10,MG95,95.6,71.53495441675186
2024-07-10,MG92,91.18,71.68016228735446
2024-07-11,MG95,96.48,77.78611133694649
2024-07-11,MG92,92.06,72.6501719391346
2024-07-12,MG95,98.5,77.4949003636837
2024-07-12,MG92,94.08,72.37966610133648
2024-07-15,MG95,97.85,75.05031108856201
2024-07-15,MG92,93.43,73.10634497880936
2024-07-16,MG95,96.55,75.12291612625121
2024-07-16,MG92,92.13,74.74461824655533
2024-07-17,MG95,96.37,79.13050959706307
2024-07-17,MG92,91.95,69.47367221295833
2024-07-18,MG95,97.64,76.0489002406597
2024-07-18,MG92,93.22,68.38139582276344
2024-07-19,MG95,96.84,82.9340269267559
2024-07-19,MG92,92.42,77.237886723876
2024-07-22,MG95,95.04,76.3737274467945
2024-07-22,MG92,90.62,75.2282549983263
2024-07-23,MG95,94.99,74.05679951906204
2024-07-23,MG92,90.57,74.15035090327262
2024-07-24,MG95,93.51,78.30775920152664
2024-07-24,MG92,89.09,67.33339692592621
2024-05-30,MG95,90.86,93.0384425830841
2024-05-30,MG92,86.57,88.41482474505902
2024-05-31,MG95,90.78,94.66070968627929
2024-05-31,MG92,85.96,94.27629920005799
2024-06-03,MG95,91.38,91.84542993068695
2024-06-03,MG92,86.43,83.77147808015347
2024-06-04,MG95,88.04,96.47234440803527
2024-06-04,MG92,83.24,84.49390362203121
2024-06-05,MG95,89.43,91.67957997322083
2024-06-05,MG92,84.63,86.86622524380684
2024-06-06,MG95,89.87,84.29238105773925
2024-06-06,MG92,85.14,80.32893145918847
2024-06-07,MG95,91.12,92.58193016529083
2024-06-07,MG92,85.88,91.95442376375199
2024-06-10,MG95,91.67,98.73626070976258
2024-06-10,MG92,86.43,94.06983415842056
2024-06-11,MG95,92.62,88.83349704265594
2024-06-11,MG92,87.38,95.50805836319924
2024-06-12,MG95,92.14,93.40061121940613
2024-06-12,MG92,86.9,97.15065211176872
2024-06-13,MG95,91.15,100.48355771064757
2024-06-13,MG92,85.91,87.7430049443245
2024-06-14,MG95,91.78,87.58210551738739
2024-06-14,MG92,86.54,82.29489669144154
2024-06-17,MG95,91.78,88.20555486679076
2024-06-17,MG92,86.54,87.74309004068375
2024-06-18,MG95,93.26,91.2350075483322
2024-06-18,MG92,88.02,84.06511902332306
2024-06-19,MG95,94.52,90.282611951828
2024-06-19,MG92,89.28,89.94805371642113
2024-06-20,MG95,94.85,94.99688013076782
2024-06-20,MG92,89.61,83.05935983479023
2024-06-21,MG95,95.95,95.72414944648742
2024-06-21,MG92,90.71,80.70793468773365
2024-06-24,MG95,95.52,88.38962697029113
2024-06-24,MG92,90.28,84.56216685771942
2024-06-25,MG95,95.57,80.88765473365784
2024-06-25,MG92,90.33,79.77132160961628
2024-06-26,MG95,95.65,84.73475723743438
2024-06-26,MG92,90.41,79.19044322431088
2024-06-27,MG95,96.51,86.45052641391754
2024-06-27,MG92,91.27,81.08034294843674
2024-06-28,MG95,97.45,81.84093105792999
2024-06-28,MG92,92.37,83.13668051421642
2024-07-01,MG95,97.87,82.23279359817505
2024-07-01,MG92,93.14,78.62262181162835
2024-07-02,MG95,99.67,81.37696032524109
2024-07-02,MG92,95.23,77.03696816444398
2024-07-03,MG95,99.3,77.62465311527252
2024-07-03,MG92,94.88,76.18112216830254
2024-07-04,MG95,99.01,74.24295392036437
2024-07-04,MG92,94.59,69.66415045797825
2024-07-05,MG95,99.01,79.7955968952179
2024-07-05,MG92,94.59,76.86712646842003
2024-07-08,MG95,98.17,74.63102041244507
2024-07-08,MG92,93.75,74.35839538276196
2024-07-09,MG95,97.03,77.24056104660033
2024-07-09,MG92,92.61,73.74848318338394
2024-07-10,MG95,95.6,80.06861135482788
2024-07-10,MG92,91.18,69.08812256515026
2024-07-11,MG95,96.48,69.47767599582671
2024-07-11,MG92,92.06,69.83987443983555
2024-07-12,MG95,98.5,73.62063056468963
2024-07-12,MG92,94.08,70.08678684473038
2024-07-15,MG95,97.85,75.77995208263397
2024-07-15,MG92,93.43,69.94092636644841
2024-07-16,MG95,96.55,78.05787641525268
2024-07-16,MG92,92.13,69.0639020138979
2024-07-17,MG95,96.37,72.43394465923309
2024-07-17,MG92,91.95,72.60827174723148
2024-07-18,MG95,97.64,71.64955624580384
2024-07-18,MG92,93.22,72.36808727324009
2024-07-19,MG95,96.84,74.52153145790099
2024-07-19,MG92,92.42,71.8262308871746
2024-07-22,MG95,95.04,70.42224537849425
2024-07-22,MG92,90.62,70.89833486735822
2024-07-23,MG95,94.99,72.44950789928436
2024-07-23,MG92,90.57,65.48311103880405
2024-07-24,MG95,93.51,71.09868889808655
2024-07-24,MG92,89.09,70.83403393089772
2024-07-25,MG95,94.15,69.72997663021087
2024-07-25,MG92,89.73,72.12013243794442
2024-07-26,MG95,95.36,72.03860937595367
2024-07-26,MG92,90.94,68.23896195173263
2024-07-29,MG95,95.11,71.07873874187469
2024-07-29,MG92,90.69,64.81233366847039
2024-07-30,MG95,93.01,69.38190521240234
2024-07-30,MG92,88.91,67.08740078866482
2024-07-31,MG95,93.39,69.71339330673217
2024-07-31,MG92,89.28,66.41401734232903
2024-08-01,MG95,93.51,69.51132202625274
2024-08-01,MG92,89.4,62.153928723931315
2024-08-02,MG95,92.86,71.64065420627594
2024-08-02,MG92,87.7,66.35676876664162
2024-08-05,MG95,87.55,67.46253184318542
2024-08-05,MG92,82.85,66.42874964952469
2024-08-06,MG95,87.23,64.37070914268493
2024-08-06,MG92,83.27,60.73359071016312
2024-08-07,MG95,87.3,67.58107891559601
2024-08-07,MG92,82.76,62.09702053368092
2024-08-08,MG95,89.62,61.63972841262817
2024-08-08,MG92,85.03,61.15407841384411
2024-08-09,MG95,89.62,63.881280918121334
2024-08-09,MG92,85.03,61.62191160440445
2024-08-12,MG95,91.37,67.1284963274002
2024-08-12,MG92,86.89,65.20042093336582
2024-08-13,MG95,91.98,63.79344225883484
2024-08-13,MG92,87.5,61.74329092383385
2024-08-14,MG95,90.6,64.80998047828675
2024-08-14,MG92,86.12,59.04526298701764
2024-08-15,MG95,88.66,62.9472858428955
2024-08-15,MG92,83.84,57.923863164782524
2024-08-16,MG95,90.15,62.252207684516904
2024-08-16,MG92,85.99,55.60107294261456
2024-08-19,MG95,88.79,64.74526928424835
2024-08-19,MG92,84.63,57.91674166321755
2024-08-20,MG95,87.02,66.09963349342345
2024-08-20,MG92,82.86,59.41586826860905
2024-08-21,MG95,87.66,62.050587916374205
2024-08-21,MG92,83.5,57.20437876582146
2024-06-27,MG95,96.51,96.58135686516762
2024-06-27,MG92,91.27,86.3896332526207
2024-06-28,MG95,97.45,94.66066209077836
2024-06-28,MG92,92.37,91.64220502018928
2024-07-01,MG95,97.87,91.73897618651391
2024-07-01,MG92,93.14,94.21703271865844
2024-07-02,MG95,99.67,89.63056421875955
2024-07-02,MG92,95.23,87.32953594923019
2024-07-03,MG95,99.3,94.16799425184728
2024-07-03,MG92,94.88,88.30104967474936
2024-07-04,MG95,99.01,91.79601083397866
2024-07-04,MG92,94.59,87.02317948937416
2024-07-05,MG95,99.01,89.99697363078594
2024-07-05,MG92,94.59,92.09382348060608
2024-07-08,MG95,98.17,88.7410597473383
2024-07-08,MG92,93.75,88.87437544643879
2024-07-09,MG95,97.03,97.60972508192063
2024-07-09,MG92,92.61,89.04798821806908
2024-07-10,MG95,95.6,92.9735904455185
2024-07-10,MG92,91.18,90.71600079536438
2024-07-11,MG95,96.48,89.88832046091557
2024-07-11,MG92,92.06,87.88776214659214
2024-07-12,MG95,98.5,91.0569435119629
2024-07-12,MG92,94.08,90.4510199713707
2024-07-15,MG95,97.85,94.65924249589443
2024-07-15,MG92,93.43,87.53286826133727
2024-07-16,MG95,96.55,93.32444132566452
2024-07-16,MG92,92.13,86.87841865241528
2024-07-17,MG95,96.37,101.68295899033546
2024-07-17,MG92,91.95,83.41874080955982
2024-07-18,MG95,97.64,86.94176028966905
2024-07-18,MG92,93.22,81.76902339816093
2024-07-19,MG95,96.84,87.75389969050885
2024-07-19,MG92,92.42,82.55711663424968
2024-07-22,MG95,95.04,89.57412819564342
2024-07-22,MG92,90.62,82.35833251655102
2024-07-23,MG95,94.99,85.52871606647969
2024-07-23,MG92,90.57,79.77651008307933
2024-07-24,MG95,93.51,88.6948573499918
2024-07-24,MG92,89.09,81.8893188291788
2024-07-25,MG95,94.15,83.0887745320797
2024-07-25,MG92,89.73,83.66368586719035
2024-07-26,MG95,95.36,92.48088839948178
2024-07-26,MG92,90.94,86.407120090127
2024-07-29,MG95,95.11,82.89211788177491
2024-07-29,MG92,90.69,84.25987655460834
2024-07-30,MG95,93.01,91.44549062252045
2024-07-30,MG92,88.91,80.83809314668179
2024-07-31,MG95,93.39,82.09545149505139
2024-07-31,MG92,89.28,78.89864928483962
2024-08-01,MG95,93.51,87.12737374603749
2024-08-01,MG92,89.4,83.67432885766029
2024-08-02,MG95,92.86,80.46116711497308
2024-08-02,MG92,87.7,79.51002037942409
2024-08-05,MG95,87.55,84.57860800623894
2024-08-05,MG92,82.85,81.58641123712063
2024-08-06,MG95,87.23,78.29865090847017
2024-08-06,MG92,83.27,76.54896259844303
2024-08-07,MG95,87.3,90.68524910211563
2024-08-07,MG92,82.76,83.5408684515953
2024-08-08,MG95,89.62,83.6851469129324
2024-08-08,MG92,85.03,75.75125564336777
2024-08-09,MG95,89.62,78.75652441978455
2024-08-09,MG92,85.03,76.86134918808936
2024-08-12,MG95,91.37,84.69692468345166
2024-08-12,MG92,86.89,78.83324474036694
2024-08-13,MG95,91.98,85.98013583719731
2024-08-13,MG92,87.5,81.47299198627472
2024-08-14,MG95,90.6,86.61820097863675
2024-08-14,MG92,86.12,68.3021915858984
2024-08-15,MG95,88.66,84.80230537354947
2024-08-15,MG92,83.84,77.17554643332959
2024-08-16,MG95,90.15,77.58350575566293
2024-08-16,MG92,85.99,75.80909962296485
2024-08-19,MG95,88.79,77.82296689748765
2024-08-19,MG92,84.63,70.87593073546886
2024-08-20,MG95,87.02,77.3027623385191
2024-08-20,MG92,82.86,77.62980004429816
2024-08-21,MG95,87.66,79.04194850921631
2024-08-21,MG92,83.5,74.4309212732315
2024-08-22,MG95,85.72,74.07694105803967
2024-08-22,MG92,81.82,71.94714907348155
2024-08-23,MG95,87.27,80.34928707480431
2024-08-23,MG92,83.04,71.36866077780724
2024-08-26,MG95,89.06,78.27988260984421
2024-08-26,MG92,85.58,70.06573241233825
2024-08-27,MG95,89.58,71.17806559205056
2024-08-27,MG92,86.1,73.4592782151699
2024-08-28,MG95,86.67,77.05262287855149
2024-08-28,MG92,83.14,72.41777941763401
2024-08-29,MG95,86.07,82.03362785279751
2024-08-29,MG92,81.88,68.43643876492978
2024-08-30,MG95,89.03,77.3906004846096
2024-08-30,MG92,84.84,71.79258590757847
2024-09-02,MG95,86.59,72.22441534399987
2024-09-02,MG92,82.4,71.37658778488635
2024-09-03,MG95,87.9,76.70718812346459
2024-09-03,MG92,83.71,74.09949585556984
2024-09-04,MG95,81.98,76.13022827506066
2024-09-04,MG92,77.79,72.59354234278202
2024-09-05,MG95,80.92,80.91290615200997
2024-09-05,MG92,77.08,76.3368302845955
2024-09-06,MG95,80.78,79.5227863907814
2024-09-06,MG92,76.35,71.3544988644123
2024-09-09,MG95,81.59,79.70643293857574
2024-09-09,MG92,77.16,83.61054096996784
2024-09-10,MG95,80.21,79.79701335430146
2024-09-10,MG92,76.35,76.2883305811882
2024-09-11,MG95,79.47,84.80290969908238
2024-09-11,MG92,75.61,76.84596400439739
2024-09-12,MG95,80.35,84.72613185048104
2024-09-12,MG92,76.49,77.58678619623184
2024-09-13,MG95,80.31,83.07195603847504
2024-09-13,MG92,75.89,77.49053045153617
2024-09-16,MG95,80.46,87.18630688786507
2024-09-16,MG92,76.04,74.27643355131148
2024-09-17,MG95,82.54,83.53270864784719
2024-09-17,MG92,77.43,77.49394159734248
2024-09-18,MG95,83.86,86.28669991791249
2024-09-18,MG92,79.24,79.11813738703728
2024-07-25,MG95,94.15,96.28143194675447
2024-07-25,MG92,89.73,87.08852495372295
2024-07-26,MG95,95.36,90.19171131312848
2024-07-26,MG92,90.94,86.33152193665505
2024-07-29,MG95,95.11,92.9700043988228
2024-07-29,MG92,90.69,74.07893980801106
2024-07-30,MG95,93.01,86.20382897257805
2024-07-30,MG92,88.91,83.23835398674012
2024-07-31,MG95,93.39,89.68978918075562
2024-07-31,MG92,89.28,78.38553648769856
2024-08-01,MG95,93.51,93.68616016030312
2024-08-01,MG92,89.4,85.46938801944256
2024-08-02,MG95,92.86,98.08197093129158
2024-08-02,MG92,87.7,82.74280288398266
2024-08-05,MG95,87.55,88.10531197607517
2024-08-05,MG92,82.85,81.76859766423702
2024-08-06,MG95,87.23,87.70371518969536
2024-08-06,MG92,83.27,84.23092180132866
2024-08-07,MG95,87.3,87.78623836040498
2024-08-07,MG92,82.76,85.3450767570734
2024-08-08,MG95,89.62,87.7791208344698
2024-08-08,MG92,85.03,83.24030813217163
2024-08-09,MG95,89.62,86.34135272741318
2024-08-09,MG92,85.03,87.61875682771206
2024-08-12,MG95,91.37,83.58598398327828
2024-08-12,MG92,86.89,83.66586578130722
2024-08-13,MG95,91.98,83.25176124036312
2024-08-13,MG92,87.5,81.24865160465241
2024-08-14,MG95,90.6,86.68015699446202
2024-08-14,MG92,86.12,83.40869387030602
2024-08-15,MG95,88.66,80.64587726175786
2024-08-15,MG92,83.84,87.00777307987214
2024-08-16,MG95,90.15,84.3095972621441
2024-08-16,MG92,85.99,84.07739925086499
2024-08-19,MG95,88.79,88.86889375805855
2024-08-19,MG92,84.63,84.39857473492623
2024-08-20,MG95,87.02,95.53094262242318
2024-08-20,MG92,82.86,85.65519645094872
2024-08-21,MG95,87.66,90.06138868868352
2024-08-21,MG92,83.5,85.26279024183751
2024-08-22,MG95,85.72,85.39634370446205
2024-08-22,MG92,81.82,89.18579560756683
2024-08-23,MG95,87.27,83.00233013570309
2024-08-23,MG92,83.04,81.80795139193535
2024-08-26,MG95,89.06,82.4369968110323
2024-08-26,MG92,85.58,82.2896854120493
2024-08-27,MG95,89.58,74.38294491827489
2024-08-27,MG92,86.1,69.23657273888588
2024-08-28,MG95,86.67,80.46028094530107
2024-08-28,MG92,83.14,76.09837387561798
2024-08-29,MG95,86.07,81.13568789541722
2024-08-29,MG92,81.88,73.1896071600914
2024-08-30,MG95,89.03,73.9784609913826
2024-08-30,MG92,84.84,73.37689713120461
2024-09-02,MG95,86.59,79.4877604830265
2024-09-02,MG92,82.4,67.93058761000634
2024-09-03,MG95,87.9,73.21555919229985
2024-09-03,MG92,83.71,69.07725678443909
2024-09-04,MG95,81.98,72.21172050118447
2024-09-04,MG92,77.79,72.11642553627492
2024-09-05,MG95,80.92,78.47196635484696
2024-09-05,MG92,77.08,71.49718977212906
2024-09-06,MG95,80.78,80.73538419127465
2024-09-06,MG92,76.35,75.37167604327202
2024-09-09,MG95,81.59,80.63900497555733
2024-09-09,MG92,77.16,68.50457003891468
2024-09-10,MG95,80.21,81.40627650082112
2024-09-10,MG92,76.35,72.5079237049818
2024-09-11,MG95,79.47,73.74465277254582
2024-09-11,MG92,75.61,71.19846571981907
2024-09-12,MG95,80.35,79.66810086607933
2024-09-12,MG92,76.49,70.27299731194974
2024-09-13,MG95,80.31,79.30899186372757
2024-09-13,MG92,75.89,74.23755481898785
2024-09-16,MG95,80.46,75.48814565062523
2024-09-16,MG92,76.04,76.0052758383751
2024-09-17,MG95,82.54,73.68513754785062
2024-09-17,MG92,77.43,71.1480296510458
2024-09-18,MG95,83.86,78.33709564805031
2024-09-18,MG92,79.24,72.76473983407021
2024-09-19,MG95,86.33,75.284914367795
2024-09-19,MG92,81.71,73.17493513882161
2024-09-20,MG95,85.86,79.52981909751892
2024-09-20,MG92,81.24,67.3859810847044
2024-09-23,MG95,85.82,72.66611628770829
2024-09-23,MG92,81.16,71.74226509809495
2024-09-24,MG95,85.14,78.82355095624924
2024-09-24,MG92,80.48,71.46669342100621
2024-09-25,MG95,84.78,78.56631676912308
2024-09-25,MG92,80.12,69.44577250361444
2024-09-26,MG95,81.86,83.07116447031498
2024-09-26,MG92,77.2,65.96053288578987
2024-09-27,MG95,81.67,76.70364295363427
2024-09-27,MG92,77.01,68.18285822689533
2024-09-30,MG95,81.6,68.43283815085888
2024-09-30,MG92,76.94,73.12222100377083
2024-10-01,MG95,79.71,73.11832163751126
2024-10-01,MG92,73.6,63.85798922538758
2024-10-02,MG95,84.21,74.74557088136673
2024-10-02,MG92,78.2,68.28588629662991
2024-10-03,MG95,84.86,74.93066557109357
2024-10-03,MG92,78.85,65.65582426309585
2024-10-04,MG95,88.97,73.63148020863534
2024-10-04,MG92,82.55,70.9848638176918
2024-10-07,MG95,88.88,75.75733527481556
2024-10-07,MG92,82.46,66.66802911520004
2024-10-08,MG95,90.15,74.99350825309754
2024-10-08,MG92,83.73,73.8265789180994
2024-10-09,MG95,88.5,72.73186840474607
2024-10-09,MG92,82.08,66.75049617648125
2024-10-10,MG95,88.37,68.0939224112034
2024-10-10,MG92,81.95,61.9294919526577
2024-10-11,MG95,89.88,70.67439063549043
2024-10-11,MG92,83.46,66.76741971313953
2024-10-14,MG95,89.17,69.24025096178055
2024-10-14,MG92,82.75,61.960906964540484
2024-10-15,MG95,84.88,70.66860520720482
2024-10-15,MG92,78.39,68.62442075192929
2024-10-16,MG95,84.95,69.3476325237751
2024-10-16,MG92,78.46,67.97405141532421
2024-08-22,MG95,85.72,90.7705027127266
2024-08-22,MG92,81.82,87.87647444009781
2024-08-23,MG95,87.27,83.46019068717956
2024-08-23,MG92,83.04,80.80122336745262
2024-08-26,MG95,89.06,85.08240491509437
2024-08-26,MG92,85.58,78.7447021305561
2024-08-27,MG95,89.58,80.42392919182777
2024-08-27,MG92,86.1,79.77811393141747
2024-08-28,MG95,86.67,82.5395243525505
2024-08-28,MG92,83.14,77.59310179948807
2024-08-29,MG95,86.07,78.82753663301467
2024-08-29,MG92,81.88,80.63997393846512
2024-08-30,MG95,89.03,82.69105815410613
2024-08-30,MG92,84.84,79.72656726837158
2024-09-02,MG95,86.59,78.40100362300872
2024-09-02,MG92,82.4,81.2273431122303
2024-09-03,MG95,87.9,80.9297036898136
2024-09-03,MG92,83.71,77.24647948145866
2024-09-04,MG95,81.98,78.49911238074303
2024-09-04,MG92,77.79,79.62413090467453
2024-09-05,MG95,80.92,83.73117191433906
2024-09-05,MG92,77.08,76.44207382202148
2024-09-06,MG95,80.78,78.3649985396862
2024-09-06,MG92,76.35,76.67499685287476
2024-09-09,MG95,81.59,82.01521698117256
2024-09-09,MG92,77.16,75.3897494673729
2024-09-10,MG95,80.21,77.18926092982292
2024-09-10,MG92,76.35,81.08616089820862
2024-09-11,MG95,79.47,81.21783840537071
2024-09-11,MG92,75.61,72.89508408308029
2024-09-12,MG95,80.35,79.27930611848831
2024-09-12,MG92,76.49,75.07315829396248
2024-09-13,MG95,80.31,82.4964551460743
2024-09-13,MG92,75.89,70.62672731280327
2024-09-16,MG95,80.46,74.45514222264289
2024-09-16,MG92,76.04,74.22981268167496
2024-09-17,MG95,82.54,78.1131144797802
2024-09-17,MG92,77.43,73.9596916437149
2024-09-18,MG95,83.86,76.86955188274383
2024-09-18,MG92,79.24,77.84576854109764
2024-09-19,MG95,86.33,81.8507827949524
2024-09-19,MG92,81.71,77.7317855656147
2024-09-20,MG95,85.86,80.9273733651638
2024-09-20,MG92,81.24,82.10954904556274
2024-09-23,MG95,85.82,80.81332853078843
2024-09-23,MG92,81.16,77.25483086705208
2024-09-24,MG95,85.14,77.03474368572235
2024-09-24,MG92,80.48,77.43406215310097
2024-09-25,MG95,84.78,78.97183911323548
2024-09-25,MG92,80.12,76.36776739358902
2024-09-26,MG95,81.86,80.15708089470863
2024-09-26,MG92,77.2,75.75886279344559
2024-09-27,MG95,81.67,78.30865275263785
2024-09-27,MG92,77.01,74.07543149590492
2024-09-30,MG95,81.6,78.20860031604767
2024-09-30,MG92,76.94,72.9839631319046
2024-10-01,MG95,79.71,82.10954288005829
2024-10-01,MG92,73.6,75.7162946164608
2024-10-02,MG95,84.21,75.61277017951011
2024-10-02,MG92,78.2,70.69880902767181
2024-10-03,MG95,84.86,80.2233801984787
2024-10-03,MG92,78.85,73.49428853392601
2024-10-04,MG95,88.97,79.83530277013779
2024-10-04,MG92,82.55,75.73175314068794
2024-10-07,MG95,88.88,79.92235032320022
2024-10-07,MG92,82.46,73.49695619940758
2024-10-08,MG95,90.15,77.65779203295708
2024-10-08,MG92,83.73,75.31835955381393
2024-10-09,MG95,88.5,84.67260739803314
2024-10-09,MG92,82.08,70.18375051021576
2024-10-10,MG95,88.37,75.6004706633091
2024-10-10,MG92,81.95,71.76580554246902
2024-10-11,MG95,89.88,76.21059250116348
2024-10-11,MG92,83.46,70.68793430924416
2024-10-14,MG95,89.17,73.98238414049148
2024-10-14,MG92,82.75,70.50141671299934
2024-10-15,MG95,84.88,75.18383892059326
2024-10-15,MG92,78.39,66.21198979020119
2024-10-16,MG95,84.95,75.31709064602852
2024-10-16,MG92,78.46,72.72524935007095
2024-10-17,MG95,85.98,75.2288204562664
2024-10-17,MG92,79.49,75.88786134123802
2024-10-18,MG95,87.47,77.30561518907547
2024-10-18,MG92,80.98,67.69982048869133
2024-10-21,MG95,85.8,74.73743022680283
2024-10-21,MG92,79.31,70.70988780260086
2024-10-22,MG95,84.73,74.22192688465118
2024-10-22,MG92,79.06,76.14070227742195
2024-10-23,MG95,85.75,77.74123960018157
2024-10-23,MG92,79.75,76.69583052396774
2024-10-24,MG95,85.97,71.89829016208648
2024-10-24,MG92,79.98,77.5613386631012
2024-10-25,MG95,84.63,76.23963796019554
2024-10-25,MG92,78.9,72.4975173175335
2024-10-28,MG95,82.69,77.08764101028441
2024-10-28,MG92,76.96,74.6488501727581
2024-10-29,MG95,82.16,77.95417693376541
2024-10-29,MG92,76.43,74.41716641187668
2024-10-30,MG95,82.79,79.59663259148597
2024-10-30,MG92,77.26,73.84933191537857
2024-10-31,MG95,82.79,84.56607603192329
2024-10-31,MG92,77.26,76.66796934604645
2024-11-01,MG95,84.91,80.19343082427979
2024-11-01,MG92,79.38,74.53832122683525
2024-11-04,MG95,85.84,85.33672902345657
2024-11-04,MG92,80.31,79.62177181243896
2024-11-05,MG95,86.73,79.72047419428826
2024-11-05,MG92,81.2,73.87258440256119
2024-11-06,MG95,84.52,80.39539577722549
2024-11-06,MG92,78.99,77.01078426837921
2024-11-07,MG95,85.19,76.53831138610839
2024-11-07,MG92,79.66,73.88125929236412
2024-11-08,MG95,85.81,81.44669091582298
2024-11-08,MG92,79.85,80.1698526442051
2024-11-11,MG95,84.45,77.85604727625847
2024-11-11,MG92,78.49,74.96944782137871
2024-11-12,MG95,82.87,71.86159016132355
2024-11-12,MG92,76.91,72.24394476413727
2024-11-13,MG95,82.32,76.94017221450805
2024-11-13,MG92,76.36,70.93916270136833
2024-09-19,MG95,86.33,88.78895712137222
2024-09-19,MG92,81.71,76.36083416938781
2024-09-20,MG95,85.86,85.58962209701538
2024-09-20,MG92,81.24,80.51030801296234
2024-09-23,MG95,85.82,78.95890921235085
2024-09-23,MG92,81.16,78.71145989894866
2024-09-24,MG95,85.14,87.08672650575637
2024-09-24,MG92,80.48,74.54280093669891
2024-09-25,MG95,84.78,95.10251363992691
2024-09-25,MG92,80.12,81.26462985038756
2024-09-26,MG95,81.86,84.30048301219941
2024-09-26,MG92,77.2,74.38786528110504
2024-09-27,MG95,81.67,87.63623561143875
2024-09-27,MG92,77.01,81.07595256805419
2024-09-30,MG95,81.6,83.64059823274613
2024-09-30,MG92,76.94,82.00189195156096
2024-10-01,MG95,79.71,88.62744735002518
2024-10-01,MG92,73.6,82.62902145862579
2024-10-02,MG95,84.21,82.754883685112
2024-10-02,MG92,78.2,80.93689588069915
2024-10-03,MG95,84.86,88.60189529657364
2024-10-03,MG92,78.85,82.19507504463195
2024-10-04,MG95,88.97,90.19869869947433
2024-10-04,MG92,82.55,88.00553997516631
2024-10-07,MG95,88.88,86.36775010347367
2024-10-07,MG92,82.46,82.61691150188446
2024-10-08,MG95,90.15,78.10233060359955
2024-10-08,MG92,83.73,79.21436788797378
2024-10-09,MG95,88.5,80.89693149805069
2024-10-09,MG92,82.08,81.4614591550827
2024-10-10,MG95,88.37,77.79314675807953
2024-10-10,MG92,81.95,78.80387152671814
2024-10-11,MG95,89.88,73.51074856042862
2024-10-11,MG92,83.46,77.75956251144409
2024-10-14,MG95,89.17,82.31525040864945
2024-10-14,MG92,82.75,87.20937171936035
2024-10-15,MG95,84.88,83.09271362185478
2024-10-15,MG92,78.39,81.08529480457305
2024-10-16,MG95,84.95,84.09233774423599
2024-10-16,MG92,78.46,80.46480593681335
2024-10-17,MG95,85.98,89.80168216943741
2024-10-17,MG92,79.49,84.57403920650482
2024-10-18,MG95,87.47,83.79474029541015
2024-10-18,MG92,80.98,82.53191509723663
2024-10-21,MG95,85.8,85.93435488700867
2024-10-21,MG92,79.31,83.00254088878631
2024-10-22,MG95,84.73,81.56822772860527
2024-10-22,MG92,79.06,81.52347309112548
2024-10-23,MG95,85.75,90.52647676229476
2024-10-23,MG92,79.75,82.48282348632812
2024-10-24,MG95,85.97,89.44821209669114
2024-10-24,MG92,79.98,76.90437002420425
2024-10-25,MG95,84.63,88.72980551719665
2024-10-25,MG92,78.9,81.52876293182372
2024-10-28,MG95,82.69,85.2022825574875
2024-10-28,MG92,76.96,86.76155836582183
2024-10-29,MG95,82.16,95.22306614875794
2024-10-29,MG92,76.43,87.50507381439209
2024-10-30,MG95,82.79,92.8116260933876
2024-10-30,MG92,77.26,84.13065609455109
2024-10-31,MG95,82.79,88.23893817424774
2024-10-31,MG92,77.26,86.03518766880035
2024-11-01,MG95,84.91,86.94913929462433
2024-11-01,MG92,79.38,93.90324949264526
2024-11-04,MG95,85.84,88.55828885793686
2024-11-04,MG92,80.31,91.79994270801544
2024-11-05,MG95,86.73,92.11436293840408
2024-11-05,MG92,81.2,89.49116339683532
2024-11-06,MG95,84.52,87.17348952293396
2024-11-06,MG92,78.99,85.13371379852295
2024-11-07,MG95,85.19,91.54233083724975
2024-11-07,MG92,79.66,83.62436166286469
2024-11-08,MG95,85.81,94.07707254648209
2024-11-08,MG92,79.85,90.39439424991608
2024-11-11,MG95,84.45,89.79076556444168
2024-11-11,MG92,78.49,88.22834617614745
2024-11-12,MG95,82.87,85.94640114068984
2024-11-12,MG92,76.91,81.67659508705138
2024-11-13,MG95,82.32,87.92092707395554
2024-11-13,MG92,76.36,84.75083323955535
2024-11-14,MG95,82.48,90.6866469502449
2024-11-14,MG92,76.52,84.90991575241088
2024-11-15,MG95,82.19,85.94993004322052
2024-11-15,MG92,76.23,87.09653752803801
2024-11-18,MG95,83.44,102.0604597568512
2024-11-18,MG92,77.28,78.19715986013412
2024-11-19,MG95,84.69,91.01206574678422
2024-11-19,MG92,78.56,79.82292155265807
2024-11-20,MG95,85.43,95.9554583787918
2024-11-20,MG92,79.3,85.04704542636871
2024-11-21,MG95,85.13,91.59496446847916
2024-11-21,MG92,79.38,90.84735575199127
2024-11-22,MG95,86.07,91.94799467802048
2024-11-22,MG92,80.32,89.63732358455657
2024-11-25,MG95,86.12,91.15537117958068
2024-11-25,MG92,81.55,88.50746084213256
2024-11-26,MG95,84.78,93.24833028078079
2024-11-26,MG92,80.31,84.55455181121826
2024-11-27,MG95,84.71,92.61137836933136
2024-11-27,MG92,80.24,92.47324496746063
2024-11-28,MG95,83.13,96.07558102130889
2024-11-28,MG92,79.73,91.59859814643859
2024-11-29,MG95,83.87,90.64058127641678
2024-11-29,MG92,80.27,97.40393382072448
2024-12-02,MG95,83.6,96.96673387765884
2024-12-02,MG92,80.44,89.63676626205444
2024-12-03,MG95,83.69,92.52673469305039
2024-12-03,MG92,80.83,81.8023799419403
2024-12-04,MG95,85.39,92.5948335146904
2024-12-04,MG92,82.53,81.41897039890289
2024-12-05,MG95,84.16,96.08055947303772
2024-12-05,MG92,80.81,85.48148303985595
2024-12-06,MG95,83.27,87.897674305439
2024-12-06,MG92,79.85,88.5981627178192
2024-12-09,MG95,83.41,95.56331033468247
2024-12-09,MG92,80.06,92.6855092716217
2024-12-10,MG95,84.31,94.14428164482116
2024-12-10,MG92,80.96,87.74949279308319
2024-12-11,MG95,85.42,93.88106350421906
2024-12-11,MG92,82.07,82.72787535667419
2024-10-17,MG95,85.98,83.16688817739487
2024-10-17,MG92,79.49,71.48332298874854
2024-10-18,MG95,87.47,86.49319711327553
2024-10-18,MG92,80.98,76.3499456167221
2024-10-21,MG95,85.8,79.96501771807671
2024-10-21,MG92,79.31,75.13832312941551
2024-10-22,MG95,84.73,80.49965859949589
2024-10-22,MG92,79.06,73.06529323339461
2024-10-23,MG95,85.75,79.76278494000435
2024-10-23,MG92,79.75,78.83733456850051
2024-10-24,MG95,85.97,82.48106386363507
2024-10-24,MG92,79.98,76.92129747748375
2024-10-25,MG95,84.63,78.85519319474697
2024-10-25,MG92,78.9,76.8065669298172
2024-10-28,MG95,82.69,88.77495400309563
2024-10-28,MG92,76.96,73.66213713407515
2024-10-29,MG95,82.16,85.1085152566433
2024-10-29,MG92,76.43,83.11818276166915
2024-10-30,MG95,82.79,83.83211958408356
2024-10-30,MG92,77.26,77.22529391169547
2024-10-31,MG95,82.79,76.18000899255276
2024-10-31,MG92,77.26,74.31631591081619
2024-11-01,MG95,84.91,84.14061318039894
2024-11-01,MG92,79.38,75.87315888881683
2024-11-04,MG95,85.84,81.40820733010769
2024-11-04,MG92,80.31,76.40326798677444
2024-11-05,MG95,86.73,83.42645399868489
2024-11-05,MG92,81.2,79.70051907777786
2024-11-06,MG95,84.52,82.74899444580079
2024-11-06,MG92,78.99,75.95008396029472
2024-11-07,MG95,85.19,78.49841487705707
2024-11-07,MG92,79.66,81.73355018138885
2024-11-08,MG95,85.81,77.12410795688629
2024-11-08,MG92,79.85,74.28549724578856
2024-11-11,MG95,84.45,86.95709702968598
2024-11-11,MG92,78.49,69.65937711954116
2024-11-12,MG95,82.87,83.92150910496711
2024-11-12,MG92,76.91,73.36532860398292
2024-11-13,MG95,82.32,85.91426654458046
2024-11-13,MG92,76.36,76.31417912960052
2024-11-14,MG95,82.48,81.3617454379797
2024-11-14,MG92,76.52,72.77716911315918
2024-11-15,MG95,82.19,78.80073617100716
2024-11-15,MG92,76.23,77.31463530421256
2024-11-18,MG95,83.44,79.91492029428483
2024-11-18,MG92,77.28,79.45423164606093
2024-11-19,MG95,84.69,80.7487077087164
2024-11-19,MG92,78.56,77.47102950692177
2024-11-20,MG95,85.43,85.88624560832977
2024-11-20,MG92,79.3,79.27636258602142
2024-11-21,MG95,85.13,91.36653110384941
2024-11-21,MG92,79.38,78.13296673059463
2024-11-22,MG95,86.07,87.40946248769761
2024-11-22,MG92,80.32,77.14387464642525
2024-11-25,MG95,86.12,90.49297056794167
2024-11-25,MG92,81.55,85.66765799522399
2024-11-26,MG95,84.78,89.2052733540535
2024-11-26,MG92,80.31,78.04264325618743
2024-11-27,MG95,84.71,89.15250244736671
2024-11-27,MG92,80.24,87.16480910062789
2024-11-28,MG95,83.13,96.52324415445328
2024-11-28,MG92,79.73,83.3076029753685
2024-11-29,MG95,83.87,93.64694112539291
2024-11-29,MG92,80.27,85.84610695123672
2024-12-02,MG95,83.6,88.7934759736061
2024-12-02,MG92,80.44,89.75574689626693
2024-12-03,MG95,83.69,93.53686249256134
2024-12-03,MG92,80.83,85.27373091936111
2024-12-04,MG95,85.39,90.5328297674656
2024-12-04,MG92,82.53,85.07217965602874
2024-12-05,MG95,84.16,88.55793605446816
2024-12-05,MG92,80.81,81.82040363311766
2024-12-06,MG95,83.27,81.87148444652557
2024-12-06,MG92,79.85,88.30926186323165
2024-12-09,MG95,83.41,82.94696382880211
2024-12-09,MG92,80.06,85.97817358255385
2024-12-10,MG95,84.31,90.76992921829223
2024-12-10,MG92,80.96,75.40022098660468
2024-12-11,MG95,85.42,84.91533080041408
2024-12-11,MG92,82.07,79.59707311868667
2024-12-12,MG95,86.79,88.84986215829849
2024-12-12,MG92,83.44,81.04624250888824
2024-12-13,MG95,86.87,88.67395913600922
2024-12-13,MG92,83.52,83.04777216672896
2024-12-16,MG95,86.48,87.20352329015732
2024-12-16,MG92,83.13,82.56172580957411
2024-12-17,MG95,85.54,91.77376128435135
2024-12-17,MG92,82.19,76.62827230095863
2024-12-18,MG95,85.4,89.60441219806671
2024-12-18,MG92,82.05,82.17459848165511
2024-12-19,MG95,84.0,90.64602746367454
2024-12-19,MG92,80.65,76.90648674726485
2024-12-20,MG95,83.06,88.9012051820755
2024-12-20,MG92,79.71,84.3953381705284
2024-12-23,MG95,83.86,86.72104064226151
2024-12-23,MG92,80.51,81.34852731466293
2024-12-24,MG95,83.77,88.77820471525193
2024-12-24,MG92,80.42,77.91894770383834
2024-12-26,MG95,84.46,89.32453702092171
2024-12-26,MG92,81.11,78.54618002414703
2024-12-27,MG95,84.02,89.78939898610115
2024-12-27,MG92,80.67,86.67750941991805
2024-12-30,MG95,84.54,85.9605259001255
2024-12-30,MG92,81.29,79.33037708997726
2024-12-31,MG95,85.4,84.01471137702465
2024-12-31,MG92,82.15,86.39854204416274
2025-01-02,MG95,85.92,88.85316350460053
2025-01-02,MG92,82.95,83.73816638231277
2025-01-03,MG95,86.22,85.60325136780739
2025-01-03,MG92,83.74,85.02008255004883
2025-01-06,MG95,86.09,95.84125284552574
2025-01-06,MG92,83.61,92.38088920116424
2025-01-07,MG95,85.84,90.1661879181862
2025-01-07,MG92,83.15,90.0349481010437
2025-01-08,MG95,85.89,87.53613899350167
2025-01-08,MG92,83.35,82.30357856988905
2025-01-09,MG95,84.21,101.59273482561112
2025-01-09,MG92,82.78,81.69785851955413
2025-01-10,MG95,85.86,85.50868703722954
2025-01-10,MG92,84.01,85.20785660743712
2024-11-14,MG95,82.48,89.31422970771789
2024-11-14,MG92,76.52,67.46402661085129
2024-11-15,MG95,82.19,87.36305934906005
2024-11-15,MG92,76.23,83.74683029174804
2024-11-18,MG95,83.44,79.30265290260314
2024-11-18,MG92,77.28,77.77112846851348
2024-11-19,MG95,84.69,82.13176111221313
2024-11-19,MG92,78.56,76.3112589430809
2024-11-20,MG95,85.43,82.92533394813537
2024-11-20,MG92,79.3,93.91402633666992
2024-11-21,MG95,85.13,92.16753753662108
2024-11-21,MG92,79.38,79.02949338912964
2024-11-22,MG95,86.07,93.31517455101013
2024-11-22,MG92,80.32,91.13762031078339
2024-11-25,MG95,86.12,96.13566667556762
2024-11-25,MG92,81.55,83.052321434021
2024-11-26,MG95,84.78,90.70558024406432
2024-11-26,MG92,80.31,84.40789538383484
2024-11-27,MG95,84.71,93.9497914123535
2024-11-27,MG92,80.24,86.3576013803482
2024-11-28,MG95,83.13,93.4119239616394
2024-11-28,MG92,79.73,84.93666007041931
2024-11-29,MG95,83.87,92.80222309112548
2024-11-29,MG92,80.27,82.59665240287781
2024-12-02,MG95,83.6,96.37983160972594
2024-12-02,MG92,80.44,85.61279943466187
2024-12-03,MG95,83.69,90.60223628997802
2024-12-03,MG92,80.83,87.33821191310882
2024-12-04,MG95,85.39,89.90319505691528
2024-12-04,MG92,82.53,88.45408126831055
2024-12-05,MG95,84.16,89.74197220802306
2024-12-05,MG92,80.81,82.24152403354644
2024-12-06,MG95,83.27,88.26639404296874
2024-12-06,MG92,79.85,85.35870327949524
2024-12-09,MG95,83.41,97.36321346282958
2024-12-09,MG92,80.06,82.06169779777527
2024-12-10,MG95,84.31,89.09352839469909
2024-12-10,MG92,80.96,75.77442460536956
2024-12-11,MG95,85.42,85.48016999244689
2024-12-11,MG92,82.07,78.34292219161988
2024-12-12,MG95,86.79,88.66520690917967
2024-12-12,MG92,83.44,92.5104167985916
2024-12-13,MG95,86.87,94.79071346282959
2024-12-13,MG92,83.52,84.05100106716156
2024-12-16,MG95,86.48,82.15865448474884
2024-12-16,MG92,83.13,87.6388143825531
2024-12-17,MG95,85.54,91.79076536178589
2024-12-17,MG92,82.19,89.2004306936264
2024-12-18,MG95,85.4,87.05583409309386
2024-12-18,MG92,82.05,80.02996627807617
2024-12-19,MG95,84.0,93.48620089530944
2024-12-19,MG92,80.65,80.95540461063385
2024-12-20,MG95,83.06,90.21901677131652
2024-12-20,MG92,79.71,83.0476334810257
2024-12-23,MG95,83.86,88.75073970794676
2024-12-23,MG92,80.51,78.53285255908966
2024-12-24,MG95,83.77,94.31568062782287
2024-12-24,MG92,80.42,81.5987283039093
2024-12-26,MG95,84.46,94.25492643356323
2024-12-26,MG92,81.11,85.10954085350036
2024-12-27,MG95,84.02,91.84364928245543
2024-12-27,MG92,80.67,79.24196234226227
2024-12-30,MG95,84.54,90.88536005973815
2024-12-30,MG92,81.29,84.00367549896241
2024-12-31,MG95,85.4,88.24361735343932
2024-12-31,MG92,82.15,82.6980214214325
2025-01-02,MG95,85.92,88.4824831008911
2025-01-02,MG92,82.95,85.06773159503936
2025-01-03,MG95,86.22,90.94029496192931
2025-01-03,MG92,83.74,80.74979918479919
2025-01-06,MG95,86.09,89.29963731765746
2025-01-06,MG92,83.61,89.39833513259887
2025-01-07,MG95,85.84,91.18185936927794
2025-01-07,MG92,83.15,89.66518434047698
2025-01-08,MG95,85.89,91.11161570549011
2025-01-08,MG92,83.35,86.09036075115203
2025-01-09,MG95,84.21,97.7563640499115
2025-01-09,MG92,82.78,87.8580012178421
2025-01-10,MG95,85.86,87.28868428230285
2025-01-10,MG92,84.01,89.22656489372254
2025-01-13,MG95,89.09,88.35752042770385
2025-01-13,MG92,87.14,82.5716469526291
2025-01-14,MG95,88.44,86.80812655448914
2025-01-14,MG92,86.3,83.24179666042328
2025-01-15,MG95,88.1,83.19968461990356
2025-01-15,MG92,86.34,82.12748388767243
2025-01-16,MG95,88.92,92.4170310974121
2025-01-16,MG92,86.78,85.83383414268494
2025-01-17,MG95,87.72,94.74506195068359
2025-01-17,MG92,85.58,85.35396981239319
2025-01-20,MG95,86.93,92.72590498924255
2025-01-20,MG92,84.54,86.67934060096741
2025-01-21,MG95,85.82,93.19350914955139
2025-01-21,MG92,83.43,86.93489320755005
2025-01-22,MG95,85.75,98.01945885658263
2025-01-22,MG92,83.26,85.73637023448944
2025-01-23,MG95,86.31,91.02808482170104
2025-01-23,MG92,83.9,85.19212164878846
2025-01-24,MG95,86.31,88.09515180587768
2025-01-24,MG92,83.9,80.85581974506378
2025-01-27,MG95,87.49,97.74227213859557
2025-01-27,MG92,85.08,80.66376842021943
2025-01-28,MG95,87.02,91.57722776412963
2025-01-28,MG92,84.91,86.2268302488327
2025-01-29,MG95,87.02,94.22454442977904
2025-01-29,MG92,84.91,91.96180796146393
2025-01-30,MG95,87.02,88.83817628860473
2025-01-30,MG92,84.91,89.80415711402892
2025-01-31,MG95,87.06,89.40807437896727
2025-01-31,MG92,84.88,87.29720370292664
2025-02-03,MG95,87.84,90.3671879196167
2025-02-03,MG92,86.41,89.26198397159577
2025-02-04,MG95,84.87,90.79553884506225
2025-02-04,MG92,83.3,90.34349017620086
2025-02-05,MG95,85.97,89.28540802001952
2025-02-05,MG92,84.06,84.17390736103057
2025-02-06,MG95,84.77,90.90051180839538
2025-02-06,MG92,83.21,79.51942543983459
2025-02-07,MG95,85.49,89.97155456542968
2025-02-07,MG92,83.86,82.5174487543106
2024-12-12,MG95,86.79,81.6212239074707
2024-12-12,MG92,83.44,84.62548122048378
2024-12-13,MG95,86.87,83.97248134732247
2024-12-13,MG92,83.52,79.57624781310558
2024-12-16,MG95,86.48,86.37289144039154
2024-12-16,MG92,83.13,83.37712537169456
2024-12-17,MG95,85.54,91.34215645551681
2024-12-17,MG92,82.19,87.20089144349097
2024-12-18,MG95,85.4,84.90471686124802
2024-12-18,MG92,82.05,86.50846377849578
2024-12-19,MG95,84.0,84.76174445033074
2024-12-19,MG92,80.65,85.41993129014968
2024-12-20,MG95,83.06,88.91553059577942
2024-12-20,MG92,79.71,79.98897970557212
2024-12-23,MG95,83.86,85.55606334209442
2024-12-23,MG92,80.51,75.5763248169422
2024-12-24,MG95,83.77,89.4948842740059
2024-12-24,MG92,80.42,78.67740773022174
2024-12-26,MG95,84.46,88.32459900856018
2024-12-26,MG92,81.11,83.64767845749854
2024-12-27,MG95,84.02,85.7835483789444
2024-12-27,MG92,80.67,79.45282887995242
2024-12-30,MG95,84.54,88.33723593473435
2024-12-30,MG92,81.29,79.22532811403273
2024-12-31,MG95,85.4,79.12497275948525
2024-12-31,MG92,82.15,85.33567573308945
2025-01-02,MG95,85.92,80.84541235923767
2025-01-02,MG92,82.95,86.54252994775771
2025-01-03,MG95,86.22,82.756882365942
2025-01-03,MG92,83.74,79.47463631570338
2025-01-06,MG95,86.09,83.5410489487648
2025-01-06,MG92,83.61,78.73052727818488
2025-01-07,MG95,85.84,82.29993681788444
2025-01-07,MG92,83.15,79.74509156644343
2025-01-08,MG95,85.89,88.47759644269944
2025-01-08,MG92,83.35,87.48351737618445
2025-01-09,MG95,84.21,83.07180250883103
2025-01-09,MG92,82.78,81.71481958389282
2025-01-10,MG95,85.86,93.24511868476868
2025-01-10,MG92,84.01,81.07244433760643
2025-01-13,MG95,89.09,84.00853375434876
2025-01-13,MG92,87.14,74.29211730897426
2025-01-14,MG95,88.44,84.88047147750855
2025-01-14,MG92,86.3,80.70190381646155
2025-01-15,MG95,88.1,83.2554503440857
2025-01-15,MG92,86.34,82.79067264795303
2025-01-16,MG95,88.92,84.19786362409592
2025-01-16,MG92,86.78,78.00325076341629
2025-01-17,MG95,87.72,79.78878814935685
2025-01-17,MG92,85.58,87.24770552158355
2025-01-20,MG95,86.93,86.3648164343834
2025-01-20,MG92,84.54,82.52810290336608
2025-01-21,MG95,85.82,80.25727596640587
2025-01-21,MG92,83.43,80.95931765317916
2025-01-22,MG95,85.75,82.27795711994172
2025-01-22,MG92,83.26,82.32965425968169
2025-01-23,MG95,86.31,86.02047292470932
2025-01-23,MG92,83.9,87.07113279819488
2025-01-24,MG95,86.31,88.60199023008347
2025-01-24,MG92,83.9,87.97292750000953
2025-01-27,MG95,87.49,81.35892877221107
2025-01-27,MG92,85.08,79.34988193392753
2025-01-28,MG95,87.02,81.0065051651001
2025-01-28,MG92,84.91,85.58165265083312
2025-01-29,MG95,87.02,89.87196567058564
2025-01-29,MG92,84.91,76.9136567646265
2025-01-30,MG95,87.02,83.5023744559288
2025-01-30,MG92,84.91,86.86784131884575
2025-01-31,MG95,87.06,77.33737721443177
2025-01-31,MG92,84.88,78.31300635933876
2025-02-03,MG95,87.84,88.91397261857986
2025-02-03,MG92,86.41,87.14549723029135
2025-02-04,MG95,84.87,74.26608482837678
2025-02-04,MG92,83.3,81.32919289588928
2025-02-05,MG95,85.97,84.47778528571129
2025-02-05,MG92,84.06,82.6630272400379
2025-02-06,MG95,84.77,85.34661723732948
2025-02-06,MG92,83.21,84.08611651301383
2025-02-07,MG95,85.49,80.05504441618919
2025-02-07,MG92,83.86,83.59003403782845
2025-02-10,MG95,86.48,81.77736275315284
2025-02-10,MG92,85.04,77.54436028778552
2025-02-11,MG95,87.44,80.76491177916527
2025-02-11,MG92,86.0,77.80011092841625
2025-02-12,MG95,87.69,84.57448679208755
2025-02-12,MG92,86.17,76.08280226767063
2025-02-13,MG95,86.03,82.1994218313694
2025-02-13,MG92,84.59,75.35572142302989
2025-02-14,MG95,86.95,78.3927540242672
2025-02-14,MG92,85.55,76.81584126770495
2025-02-17,MG95,87.68,77.72540518283844
2025-02-17,MG92,86.29,74.96910170912741
2025-02-18,MG95,87.99,84.2070638358593
2025-02-18,MG92,86.6,74.9834345459938
2025-02-19,MG95,88.43,85.06072332978249
2025-02-19,MG92,87.04,76.07082236409187
2025-02-20,MG95,88.11,86.95045293569565
2025-02-20,MG92,86.72,82.02235921561717
2025-02-21,MG95,86.91,81.57384307146073
2025-02-21,MG92,85.52,76.39176539957522
2025-02-24,MG95,85.82,83.59640296220779
2025-02-24,MG92,84.43,76.82044440746307
2025-02-25,MG95,86.01,85.05889041543007
2025-02-25,MG92,84.62,78.96344321489333
2025-02-26,MG95,83.78,80.13036701321602
2025-02-26,MG92,82.55,74.5341221231222
2025-02-27,MG95,83.41,86.59841118574143
2025-02-27,MG92,81.94,76.59834413707256
2025-02-28,MG95,84.34,81.91531501531601
2025-02-28,MG92,82.75,74.94266667485236
2025-03-03,MG95,83.79,82.91945168614387
2025-03-03,MG92,82.2,79.87145044326782
2025-03-04,MG95,80.03,85.1089697086811
2025-03-04,MG92,78.44,84.3535682272911
2025-03-05,MG95,79.94,86.43359145402908
2025-03-05,MG92,78.3,80.78432496607303
2025-03-06,MG95,78.59,83.45458121418953
2025-03-06,MG92,77.03,85.10798418879509
2025-03-07,MG95,78.69,86.74788535118103
2025-03-07,MG92,76.98,85.72629200935363
2025-01-13,MG95,89.09,83.55970116734504
2025-01-13,MG92,87.14,83.22044535756112
2025-01-14,MG95,88.44,85.39600270986557
2025-01-14,MG92,86.3,82.81391069352627
2025-01-15,MG95,88.1,87.93502478599548
2025-01-15,MG92,86.34,85.28308788418771
2025-01-16,MG95,88.92,89.61026861429214
2025-01-16,MG92,86.78,88.60460733294488
2025-01-17,MG95,87.72,88.71789291143418
2025-01-17,MG92,85.58,87.53664201736451
2025-01-20,MG95,86.93,90.46903156042099
2025-01-20,MG92,84.54,86.02253862023355
2025-01-21,MG95,85.82,89.448192486763
2025-01-21,MG92,83.43,87.98964021801949
2025-01-22,MG95,85.75,90.83478011369705
2025-01-22,MG92,83.26,88.17971058368683
2025-01-23,MG95,86.31,89.99605790376663
2025-01-23,MG92,83.9,84.9082249379158
2025-01-24,MG95,86.31,84.8747900390625
2025-01-24,MG92,83.9,82.31403334319592
2025-01-27,MG95,87.49,87.16801115512848
2025-01-27,MG92,85.08,86.9606924557686
2025-01-28,MG95,87.02,88.68100485563278
2025-01-28,MG92,84.91,87.41019550085068
2025-01-29,MG95,87.02,80.04780267834663
2025-01-29,MG92,84.91,78.62461121499538
2025-01-30,MG95,87.02,79.73377314448356
2025-01-30,MG92,84.91,78.7367866808176
2025-01-31,MG95,87.06,80.38210836052895
2025-01-31,MG92,84.88,79.79447683990003
2025-02-03,MG95,87.84,79.58312985777854
2025-02-03,MG92,86.41,77.43092044651509
2025-02-04,MG95,84.87,83.94458463191987
2025-02-04,MG92,83.3,79.36689112424851
2025-02-05,MG95,85.97,82.03148244380951
2025-02-05,MG92,84.06,77.43570250034333
2025-02-06,MG95,84.77,83.92422148346901
2025-02-06,MG92,83.21,86.03324441194535
2025-02-07,MG95,85.49,83.09855441093445
2025-02-07,MG92,83.86,84.70018807053566
2025-02-10,MG95,86.48,83.85623343944549
2025-02-10,MG92,85.04,82.43654405415059
2025-02-11,MG95,87.44,86.3988788151741
2025-02-11,MG92,86.0,81.6076814299822
2025-02-12,MG95,87.69,82.9795024073124
2025-02-12,MG92,86.17,85.82283404350281
2025-02-13,MG95,86.03,79.74843522548676
2025-02-13,MG92,84.59,79.62036000669003
2025-02-14,MG95,86.95,81.07934788584708
2025-02-14,MG92,85.55,76.88125465512276
2025-02-17,MG95,87.68,80.1016097009182
2025-02-17,MG92,86.29,78.38537833154201
2025-02-18,MG95,87.99,83.46705626249313
2025-02-18,MG92,86.6,81.37883386552335
2025-02-19,MG95,88.43,79.7687267267704
2025-02-19,MG92,87.04,77.46747436583043
2025-02-20,MG95,88.11,79.74826122522354
2025-02-20,MG92,86.72,80.94231998026372
2025-02-21,MG95,86.91,83.03828890800476
2025-02-21,MG92,85.52,80.01583836197854
2025-02-24,MG95,85.82,80.9068112719059
2025-02-24,MG92,84.43,82.01565822124482
2025-02-25,MG95,86.01,79.64342606663703
2025-02-25,MG92,84.62,79.28456969499588
2025-02-26,MG95,83.78,79.45963061213493
2025-02-26,MG92,82.55,76.90677229523659
2025-02-27,MG95,83.41,79.74233498096466
2025-02-27,MG92,81.94,79.5380385774374
2025-02-28,MG95,84.34,78.69929040312768
2025-02-28,MG92,82.75,76.44204178869725
2025-03-03,MG95,83.79,82.75612189292907
2025-03-03,MG92,82.2,80.82457129359246
2025-03-04,MG95,80.03,87.53640041828156
2025-03-04,MG92,78.44,80.58259936988354
2025-03-05,MG95,79.94,82.91266583561897
2025-03-05,MG92,78.3,79.02113110661507
2025-03-06,MG95,78.59,80.80373146891594
2025-03-06,MG92,77.03,79.16247459709645
2025-03-07,MG95,78.69,78.77890064120292
2025-03-07,MG92,76.98,77.39551822602749
2025-03-10,MG95,78.55,82.69421874046326
2025-03-10,MG92,77.31,80.42119128286839
2025-03-11,MG95,77.98,78.31698623657226
2025-03-11,MG92,76.64,81.59317503213883
2025-03-12,MG95,79.15,80.56123139619827
2025-03-12,MG92,77.74,76.92616590201855
2025-03-13,MG95,80.46,78.30482157111167
2025-03-13,MG92,79.08,76.18357553482056
2025-03-14,MG95,80.05,78.76447908997535
2025-03-14,MG92,78.62,74.73105297327042
2025-03-17,MG95,81.04,73.65818548321724
2025-03-17,MG92,79.61,76.38397613823415
2025-03-18,MG95,81.95,73.46318748235703
2025-03-18,MG92,80.52,69.25592181265354
2025-03-19,MG95,80.27,76.59108274340629
2025-03-19,MG92,78.84,71.30305646419525
2025-03-20,MG95,80.97,75.01596071362495
2025-03-20,MG92,79.54,74.58307970345021
2025-03-21,MG95,81.9,77.20545720219611
2025-03-21,MG92,80.56,72.36649510264397
2025-03-24,MG95,82.07,76.77351178407669
2025-03-24,MG92,80.73,73.4895316517353
2025-03-25,MG95,83.15,80.94357138633728
2025-03-25,MG92,81.91,74.94620032906533
2025-03-26,MG95,83.45,76.91590029358863
2025-03-26,MG92,82.34,76.39127189993859
2025-03-27,MG95,83.88,79.65828773617744
2025-03-27,MG92,82.36,72.10139906942845
2025-03-28,MG95,84.1,79.37023030042648
2025-03-28,MG92,82.41,74.72036721110345
2025-03-31,MG95,84.1,77.2632406425476
2025-03-31,MG92,82.41,74.4698576939106
2025-04-01,MG95,85.57,77.67336949825287
2025-04-01,MG92,83.69,78.0273452103138
2025-04-02,MG95,85.91,76.84436059713363
2025-04-02,MG92,84.03,76.89640199840069
2025-04-03,MG95,83.12,77.94294708251952
2025-04-03,MG92,81.61,75.39700028717519
2025-04-04,MG95,77.52,78.06937874436379
2025-04-04,MG92,76.34,72.93763757348061
2025-02-10,MG95,86.48,86.75156891584396
2025-02-10,MG92,85.04,94.10115505695343
2025-02-11,MG95,87.44,84.69916271209716
2025-02-11,MG92,86.0,79.46455196022987
2025-02-12,MG95,87.69,84.6003386247158
2025-02-12,MG92,86.17,78.70573794722557
2025-02-13,MG95,86.03,79.4622809946537
2025-02-13,MG92,84.59,78.25778725743294
2025-02-14,MG95,86.95,77.50174847841262
2025-02-14,MG92,85.55,74.88646072149277
2025-02-17,MG95,87.68,79.13690138757228
2025-02-17,MG92,86.29,73.32536621332169
2025-02-18,MG95,87.99,79.12208847522736
2025-02-18,MG92,86.6,85.05592807292938
2025-02-19,MG95,88.43,81.91311734259128
2025-02-19,MG92,87.04,83.13503545999527
2025-02-20,MG95,88.11,82.54141005158424
2025-02-20,MG92,86.72,74.28161382555962
2025-02-21,MG95,86.91,79.86200032591819
2025-02-21,MG92,85.52,76.95677186608314
2025-02-24,MG95,85.82,81.74846828043461
2025-02-24,MG92,84.43,78.02152573347091
2025-02-25,MG95,86.01,77.16197379827499
2025-02-25,MG92,84.62,80.27063627243042
2025-02-26,MG95,83.78,75.19302844464778
2025-02-26,MG92,82.55,77.89523001074791
2025-02-27,MG95,83.41,79.17486361563205
2025-02-27,MG92,81.94,73.23457444906235
2025-02-28,MG95,84.34,81.44383796095848
2025-02-28,MG92,82.75,68.75672203660011
2025-03-03,MG95,83.79,73.13032912671565
2025-03-03,MG92,82.2,77.74426695942878
2025-03-04,MG95,80.03,76.81317990422248
2025-03-04,MG92,78.44,79.33903599500655
2025-03-05,MG95,79.94,71.43812586784362
2025-03-05,MG92,78.3,81.67508949518204
2025-03-06,MG95,78.59,69.19861938357353
2025-03-06,MG92,77.03,72.59373874545098
2025-03-07,MG95,78.69,71.25424600720405
2025-03-07,MG92,76.98,73.73569360375404
2025-03-10,MG95,78.55,73.6847967672348
2025-03-10,MG92,77.31,72.05123246192932
2025-03-11,MG95,77.98,71.92812396347523
2025-03-11,MG92,76.64,65.61513405323028
2025-03-12,MG95,79.15,70.67853990137577
2025-03-12,MG92,77.74,68.25817708134652
2025-03-13,MG95,80.46,82.48352402329445
2025-03-13,MG92,79.08,69.44986147403716
2025-03-14,MG95,80.05,70.46701640486717
2025-03-14,MG92,78.62,67.50202224135398
2025-03-17,MG95,81.04,71.79328416764736
2025-03-17,MG92,79.61,72.94408478975296
2025-03-18,MG95,81.95,68.59703781545161
2025-03-18,MG92,80.52,68.95824436426163
2025-03-19,MG95,80.27,68.42889826655387
2025-03-19,MG92,78.84,74.88975969552993
2025-03-20,MG95,80.97,73.92040717005729
2025-03-20,MG92,79.54,70.33241200566292
2025-03-21,MG95,81.9,77.13755058228969
2025-03-21,MG92,80.56,72.9088607442379
2025-03-24,MG95,82.07,70.88288369596005
2025-03-24,MG92,80.73,67.66486659765243
2025-03-25,MG95,83.15,67.14321696639061
2025-03-25,MG92,81.91,73.01545759320258
2025-03-26,MG95,83.45,71.00588641047477
2025-03-26,MG92,82.34,68.61681054830551
2025-03-27,MG95,83.88,76.03769056677818
2025-03-27,MG92,82.36,72.94612415552139
2025-03-28,MG95,84.1,71.59119772434234
2025-03-28,MG92,82.41,68.8602348446846
2025-03-31,MG95,84.1,74.76358647227286
2025-03-31,MG92,82.41,68.98763022541999
2025-04-01,MG95,85.57,71.83254067838192
2025-04-01,MG92,83.69,70.50738259077072
2025-04-02,MG95,85.91,80.44607850432395
2025-04-02,MG92,84.03,74.96046770572663
2025-04-03,MG95,83.12,76.21618947267532
2025-04-03,MG92,81.61,74.78105850100518
2025-04-04,MG95,77.52,73.2202053385973
2025-04-04,MG92,76.34,71.67560428023339
2025-04-07,MG95,72.28,76.78869044542313
2025-04-07,MG92,71.39,70.99550078868866
2025-04-08,MG95,73.41,75.04708533406257
2025-04-08,MG92,72.72,67.14338877439499
2025-04-09,MG95,70.34,69.73154791831969
2025-04-09,MG92,68.86,68.90917462468147
2025-04-10,MG95,72.44,70.72242831349372
2025-04-10,MG92,70.96,71.13791149973869
2025-04-11,MG95,71.93,68.22728571414947
2025-04-11,MG92,70.37,69.12269322156907
2025-04-14,MG95,74.29,69.93182542324065
2025-04-14,MG92,72.8,65.04088264226914
2025-04-15,MG95,74.65,73.0268986159563
2025-04-15,MG92,73.16,72.18811989068985
2025-04-16,MG95,75.04,73.0118258279562
2025-04-16,MG92,73.79,65.65803571105003
2025-04-17,MG95,76.74,69.24630401849747
2025-04-17,MG92,74.96,70.26197391152382
2025-04-21,MG95,76.84,69.9188163536787
2025-04-21,MG92,75.54,65.9704135632515
2025-04-22,MG95,77.15,70.59950203299522
2025-04-22,MG92,75.85,68.14802133917809
2025-04-23,MG95,78.76,66.91467416226864
2025-04-23,MG92,77.55,66.15530106425285
2025-04-24,MG95,77.62,70.1170046621561
2025-04-24,MG92,76.19,68.52096035718918
2025-04-25,MG95,78.45,75.0976336967945
2025-04-25,MG92,76.62,69.29562444090843
2025-04-25,MG95,78.45,68.33333026826381
2025-04-25,MG92,76.62,66.92290234446526
2025-04-25,MG95,78.45,65.75714722931384
2025-04-25,MG92,76.62,65.6102205812931
2025-04-25,MG95,78.45,67.15701075851916
2025-04-25,MG92,76.62,65.38620025038719
2025-04-28,MG95,78.17,69.95056194841861
2025-04-28,MG92,76.29,64.93022705554962
2025-04-29,MG95,76.83,61.45749941885471
2025-04-29,MG92,75.3,65.42166921973228
2025-04-30,MG95,74.78,64.0921188110113
2025-04-30,MG92,73.34,63.15722344994545
2025-03-10,MG95,78.55,81.04538834095001
2025-03-10,MG92,77.31,78.6535237455368
2025-03-11,MG95,77.98,84.67508143544197
2025-03-11,MG92,76.64,81.9578168463707
2025-03-12,MG95,79.15,75.6595758140087
2025-03-12,MG92,77.74,72.27860923647881
2025-03-13,MG95,80.46,82.40581619024276
2025-03-13,MG92,79.08,79.89695245742799
2025-03-14,MG95,80.05,78.36216752529144
2025-03-14,MG92,78.62,76.82191704154015
2025-03-17,MG95,81.04,75.91609243690968
2025-03-17,MG92,79.61,73.79995983839035
2025-03-18,MG95,81.95,77.6264768564701
2025-03-18,MG92,80.52,74.82174755215645
2025-03-19,MG95,80.27,79.53828575849533
2025-03-19,MG92,78.84,79.92139926910401
2025-03-20,MG95,80.97,76.94359415709972
2025-03-20,MG92,79.54,79.98901342391969
2025-03-21,MG95,81.9,76.6162494724989
2025-03-21,MG92,80.56,78.11633625984193
2025-03-24,MG95,82.07,81.57088837623596
2025-03-24,MG92,80.73,75.60133839011193
2025-03-25,MG95,83.15,81.27990281581879
2025-03-25,MG92,81.91,75.70193371653558
2025-03-26,MG95,83.45,79.7724625325203
2025-03-26,MG92,82.34,77.06287505865097
2025-03-27,MG95,83.88,77.0483658438921
2025-03-27,MG92,82.36,76.78025468230248
2025-03-28,MG95,84.1,80.41766813635826
2025-03-28,MG92,82.41,76.52752291917801
2025-03-31,MG95,84.1,78.26428118348122
2025-03-31,MG92,82.41,76.47717478394509
2025-04-01,MG95,85.57,76.26663998365402
2025-04-01,MG92,83.69,76.4788495373726
2025-04-02,MG95,85.91,79.7590483045578
2025-04-02,MG92,84.03,74.09786864876747
2025-04-03,MG95,83.12,76.32955083668232
2025-04-03,MG92,81.61,73.42410387396812
2025-04-04,MG95,77.52,75.68754401028156
2025-04-04,MG92,76.34,76.42051305770875
2025-04-07,MG95,72.28,75.1525883513689
2025-04-07,MG92,71.39,74.2756724023819
2025-04-08,MG95,73.41,74.70113391637801
2025-04-08,MG92,72.72,72.67286913514138
2025-04-09,MG95,70.34,69.27075894892215
2025-04-09,MG92,68.86,72.10047970890999
2025-04-10,MG95,72.44,72.50432426333427
2025-04-10,MG92,70.96,72.14190806150437
2025-04-11,MG95,71.93,74.0645912772417
2025-04-11,MG92,70.37,70.90469658493996
2025-04-14,MG95,74.29,74.98075959563255
2025-04-14,MG92,72.8,71.73995806217194
2025-04-15,MG95,74.65,74.42645180225372
2025-04-15,MG92,73.16,70.16606149792672
2025-04-16,MG95,75.04,73.67906824171543
2025-04-16,MG92,73.79,69.15886937499047
2025-04-17,MG95,76.74,73.39160508871078
2025-04-17,MG92,74.96,70.19284378767014
2025-04-21,MG95,76.84,71.45366658389568
2025-04-21,MG92,75.54,68.18548891782761
2025-04-22,MG95,77.15,66.669904307127
2025-04-22,MG92,75.85,68.31257746696473
2025-04-23,MG95,78.76,67.59398983418941
2025-04-23,MG92,77.55,66.8068915450573
2025-04-24,MG95,77.62,66.34668238699436
2025-04-24,MG92,76.19,63.11805211544037
2025-04-25,MG95,78.45,67.48246413052082
2025-04-25,MG92,76.62,66.07348719477653
2025-04-25,MG95,78.45,70.55891412734985
2025-04-25,MG92,76.62,68.41298925876617
2025-04-25,MG95,78.45,72.0816259932518
2025-04-25,MG92,76.62,65.94449447393417
2025-04-25,MG95,78.45,69.61303282499313
2025-04-25,MG92,76.62,66.38098110079765
2025-04-28,MG95,78.17,67.52364487230777
2025-04-28,MG92,76.29,66.19820355892182
2025-04-29,MG95,76.83,68.85327159047127
2025-04-29,MG92,75.3,66.87926842331886
2025-04-30,MG95,74.78,67.00377787470818
2025-04-30,MG92,73.34,64.43237107515336
2025-05-01,MG95,74.78,64.89557248055935
2025-05-01,MG92,73.34,60.00891596674919
2025-05-02,MG95,75.24,62.261515279412265
2025-05-02,MG92,73.73,61.40204469323159
2025-05-05,MG95,73.1,65.5863911497593
2025-05-05,MG92,71.59,62.37999975085259
2025-05-06,MG95,74.97,64.15736312627793
2025-05-06,MG92,73.46,62.90335790276528
2025-05-07,MG95,76.52,67.40809020996093
2025-05-07,MG92,74.79,63.78098834753037
2025-05-08,MG95,74.88,66.1268156862259
2025-05-08,MG92,73.38,64.04917831420899
2025-05-09,MG95,76.72,67.24190387248993
2025-05-09,MG92,75.22,65.61659151792527
2025-05-12,MG95,76.72,65.71083391070366
2025-05-12,MG92,75.22,65.10831073522569
2025-05-13,MG95,77.69,68.77232657432556
2025-05-13,MG92,76.19,68.15319600105286
2025-05-14,MG95,78.68,69.28344618201255
2025-05-14,MG92,77.18,60.66936071634293
2025-05-15,MG95,76.57,72.75400244414806
2025-05-15,MG92,75.07,64.73736891031265
2025-05-16,MG95,76.6,66.03693566858769
2025-05-16,MG92,75.1,65.0136481654644
2025-05-19,MG95,76.59,72.99618085205555
2025-05-19,MG92,75.09,64.8210194027424
2025-05-20,MG95,76.33,66.93400981843472
2025-05-20,MG92,74.8,62.21619510054589
2025-05-21,MG95,77.54,68.0727839666605
2025-05-21,MG92,76.05,65.23115963459016
2025-05-22,MG95,77.12,68.63014982879162
2025-05-22,MG92,75.87,64.73716702222825
2025-05-23,MG95,76.75,64.85657272338867
2025-05-23,MG92,75.5,67.39731324791909
2025-05-26,MG95,77.26,65.61306013584137
2025-05-26,MG92,76.01,62.78643717169762
2025-05-27,MG95,76.86,65.78001099050044
2025-05-27,MG92,75.61,61.20807153940201
2025-05-28,MG95,76.5,71.61845052480697
2025-05-28,MG92,75.17,63.83643415689469
2025-04-07,MG95,72.28,74.51166482448578
2025-04-07,MG92,71.39,70.56164102077484
2025-04-08,MG95,73.41,69.05574467182159
2025-04-08,MG92,72.72,64.81718572020532
2025-04-09,MG95,70.34,73.76211424827575
2025-04-09,MG92,68.86,75.99560305595398
2025-04-10,MG95,72.44,77.65526204109192
2025-04-10,MG92,70.96,80.22446700096131
2025-04-11,MG95,71.93,78.10020272254944
2025-04-11,MG92,70.37,80.1441829442978
2025-04-14,MG95,74.29,80.65909217834472
2025-04-14,MG92,72.8,78.22858642339706
2025-04-15,MG95,74.65,77.62653144836425
2025-04-15,MG92,73.16,77.4375855255127
2025-04-16,MG95,75.04,75.84553965568541
2025-04-16,MG92,73.79,76.01935519695283
2025-04-17,MG95,76.74,72.58996798038483
2025-04-17,MG92,74.96,74.74287327766419
2025-04-21,MG95,76.84,70.37712553024292
2025-04-21,MG92,75.54,71.79579225659371
2025-04-22,MG95,77.15,69.39766090393066
2025-04-22,MG92,75.85,68.46584674358368
2025-04-23,MG95,78.76,70.7081418800354
2025-04-23,MG92,77.55,67.36238233566284
2025-04-24,MG95,77.62,70.76120429992676
2025-04-24,MG92,76.19,69.18017645835877
2025-04-25,MG95,78.45,74.09230351924896
2025-04-25,MG92,76.62,71.44333687543869
2025-04-25,MG95,78.45,71.3847755241394
2025-04-25,MG92,76.62,72.48843562960624
2025-04-25,MG95,78.45,73.6826730966568
2025-04-25,MG92,76.62,70.977549200058
2025-04-25,MG95,78.45,69.20453106880187
2025-04-25,MG92,76.62,66.95587490797043
2025-04-28,MG95,78.17,69.87971848011017
2025-04-28,MG92,76.29,64.65123014807702
2025-04-29,MG95,76.83,68.58424967765808
2025-04-29,MG92,75.3,69.9557839667797
2025-04-30,MG95,74.78,67.99970363616943
2025-04-30,MG92,73.34,67.39648622393608
2025-05-01,MG95,74.78,64.4699992275238
2025-05-01,MG92,73.34,65.05765567183495
2025-05-02,MG95,75.24,67.14960522651673
2025-05-02,MG92,73.73,65.5537478029728
2025-05-05,MG95,73.1,62.397201089859
2025-05-05,MG92,71.59,63.243155907392506
2025-05-06,MG95,74.97,63.39591493606567
2025-05-06,MG92,73.46,62.13551439881325
2025-05-07,MG95,76.52,63.875791611671445
2025-05-07,MG92,74.79,63.73763271093369
2025-05-08,MG95,74.88,65.28505074977875
2025-05-08,MG92,73.38,67.1621727180481
2025-05-09,MG95,76.72,65.51325057506561
2025-05-09,MG92,75.22,63.521874996423726
2025-05-12,MG95,76.72,66.09271862983704
2025-05-12,MG92,75.22,64.33404351115227
2025-05-13,MG95,77.69,68.06158668994904
2025-05-13,MG92,76.19,65.83502411484719
2025-05-14,MG95,78.68,65.08858949661254
2025-05-14,MG92,77.18,67.37126436233521
2025-05-15,MG95,76.57,67.43051630973815
2025-05-15,MG92,75.07,65.93738583207131
2025-05-16,MG95,76.6,63.78914239883422
2025-05-16,MG92,75.1,61.59975801229477
2025-05-19,MG95,76.59,64.11054337978362
2025-05-19,MG92,75.09,60.280413033962255
2025-05-20,MG95,76.33,63.115641489028924
2025-05-20,MG92,74.8,56.58195441842079
2025-05-21,MG95,77.54,63.140610952377315
2025-05-21,MG92,76.05,59.51598541259766
2025-05-22,MG95,77.12,60.718499078750604
2025-05-22,MG92,75.87,61.00052607655525
2025-05-23,MG95,76.75,59.76484023571014
2025-05-23,MG92,75.5,58.31626113057137
2025-05-26,MG95,77.26,57.46399937152862
2025-05-26,MG92,76.01,59.5196210372448
2025-05-27,MG95,76.86,57.648493394851684
2025-05-27,MG92,75.61,60.43699515581131
2025-05-28,MG95,76.5,60.71523234844207
2025-05-28,MG92,75.17,61.1394943022728
2025-05-29,MG95,77.4,60.38072748184204
2025-05-29,MG92,76.07,58.556567274332046
2025-05-30,MG95,76.02,58.12848558425903
2025-05-30,MG92,74.69,56.44666731953621
2025-06-02,MG95,77.31,56.511061334609984
2025-06-02,MG92,75.47,58.60684718966484
2025-06-03,MG95,77.7,60.31533742904663
2025-06-03,MG92,75.86,55.42830564975739
2025-06-04,MG95,78.1,54.24722647190094
2025-06-04,MG92,76.26,55.24028151750565
2025-06-05,MG95,77.06,57.32842313289642
2025-06-05,MG92,75.22,55.97218417644501
2025-06-06,MG95,77.44,57.52602566242218
2025-06-06,MG92,75.6,58.71484207749367
2025-06-09,MG95,78.69,59.8569278383255
2025-06-09,MG92,76.85,58.60005826354027
2025-06-10,MG95,80.06,59.641448392868035
2025-06-10,MG92,78.18,62.22650511980057
2025-06-11,MG95,80.07,60.38312554836273
2025-06-11,MG92,77.89,57.29285326838494
2025-06-12,MG95,81.75,60.86762739658355
2025-06-12,MG92,79.62,57.9884224319458
2025-06-13,MG95,85.44,60.63026501655578
2025-06-13,MG92,83.31,58.812694528102874
2025-06-16,MG95,85.14,58.66073159694671
2025-06-16,MG92,83.01,57.837892100811004
2025-06-17,MG95,85.82,62.65920025348663
2025-06-17,MG92,83.91,60.08263778328896
2025-06-18,MG95,87.49,60.89491637706756
2025-06-18,MG92,85.59,59.020361953973776
2025-06-19,MG95,88.68,61.79042095184326
2025-06-19,MG92,86.69,58.95256369709969
2025-06-20,MG95,89.81,60.89634874820709
2025-06-20,MG92,88.0,59.486668354272844
2025-06-23,MG95,89.27,59.08853465080261
2025-06-23,MG92,87.46,59.11733166217804
2025-06-24,MG95,82.55,58.84413979053497
2025-06-24,MG92,80.74,60.337199761867524
2025-06-25,MG95,81.1,61.07564002990723
2025-06-25,MG92,79.29,59.37744945764542
2025-05-01,MG95,74.78,73.28217280864716
2025-05-01,MG92,73.34,71.86688471913338
2025-05-02,MG95,75.24,78.47660812616348
2025-05-02,MG92,73.73,81.3501006770134
2025-05-05,MG95,73.1,75.38325114488602
2025-05-05,MG92,71.59,73.4305492758751
2025-05-06,MG95,74.97,80.24835917234421
2025-05-06,MG92,73.46,74.47823508501054
2025-05-07,MG95,76.52,81.04778215885162
2025-05-07,MG92,74.79,73.98163477420808
2025-05-08,MG95,74.88,78.16773954629898
2025-05-08,MG92,73.38,80.33300595760346
2025-05-09,MG95,76.72,75.75761434078217
2025-05-09,MG92,75.22,71.3782797074318
2025-05-12,MG95,76.72,76.46305206298828
2025-05-12,MG92,75.22,73.26359221816064
2025-05-13,MG95,77.69,82.50685814619064
2025-05-13,MG92,76.19,77.35251232624054
2025-05-14,MG95,78.68,75.49368360757828
2025-05-14,MG92,77.18,75.33484679698944
2025-05-15,MG95,76.57,84.82652821779251
2025-05-15,MG92,75.07,74.71583841323853
2025-05-16,MG95,76.6,76.72345266580582
2025-05-16,MG92,75.1,74.48651452541351
2025-05-19,MG95,76.59,75.50175120353698
2025-05-19,MG92,75.09,78.76756223917008
2025-05-20,MG95,76.33,74.80620854377747
2025-05-20,MG92,74.8,76.30896186590195
2025-05-21,MG95,77.54,75.61245110034943
2025-05-21,MG92,76.05,73.61336141824722
2025-05-22,MG95,77.12,73.73620462894439
2025-05-22,MG92,75.87,76.69486072540283
2025-05-23,MG95,76.75,81.43787939548493
2025-05-23,MG92,75.5,71.3879230260849
2025-05-26,MG95,77.26,68.25683162808419
2025-05-26,MG92,76.01,70.82631992816926
2025-05-27,MG95,76.86,73.54851044893265
2025-05-27,MG92,75.61,69.54882937669754
2025-05-28,MG95,76.5,70.93403883218765
2025-05-28,MG92,75.17,74.23654886484147
2025-05-29,MG95,77.4,71.9105700647831
2025-05-29,MG92,76.07,74.28725715875626
2025-05-30,MG95,76.02,67.94990194559098
2025-05-30,MG92,74.69,74.48151363849641
2025-06-02,MG95,77.31,70.558926820755
2025-06-02,MG92,75.47,67.64948902845383
2025-06-03,MG95,77.7,73.3857901585102
2025-06-03,MG92,75.86,69.29367923021317
2025-06-04,MG95,78.1,69.342471524477
2025-06-04,MG92,76.26,64.48104248285294
2025-06-05,MG95,77.06,65.4906847500801
2025-06-05,MG92,75.22,66.9955924642086
2025-06-06,MG95,77.44,72.50318178892135
2025-06-06,MG92,75.6,68.54871319293976
2025-06-09,MG95,78.69,64.51430060625077
2025-06-09,MG92,76.85,68.78094406485557
2025-06-10,MG95,80.06,70.74490050792694
2025-06-10,MG92,78.18,68.2076124882698
2025-06-11,MG95,80.07,64.91366889238358
2025-06-11,MG92,77.89,66.79562255859375
2025-06-12,MG95,81.75,66.89433055877686
2025-06-12,MG92,79.62,63.80637300372124
2025-06-13,MG95,85.44,65.31019346237183
2025-06-13,MG92,83.31,66.21944519758225
2025-06-16,MG95,85.14,64.69602209091187
2025-06-16,MG92,83.01,67.819068928957
2025-06-17,MG95,85.82,71.70091508626938
2025-06-17,MG92,83.91,69.00371958851815
2025-06-18,MG95,87.49,64.44848061203956
2025-06-18,MG92,85.59,60.54441336989403
2025-06-19,MG95,88.68,66.0296714758873
2025-06-19,MG92,86.69,63.00558850049973
2025-06-20,MG95,89.81,65.99030517339706
2025-06-20,MG92,88.0,68.89863976359368
2025-06-23,MG95,89.27,63.91354997038842
2025-06-23,MG92,87.46,69.75016316056252
2025-06-24,MG95,82.55,63.71908524990082
2025-06-24,MG92,80.74,63.803820103406906
2025-06-25,MG95,81.1,59.410779517889026
2025-06-25,MG92,79.29,66.92353422999382
2025-06-26,MG95,79.86,64.10761353969573
2025-06-26,MG92,78.05,62.85628754615784
2025-06-27,MG95,79.59,67.7518179500103
2025-06-27,MG92,77.78,64.60936069488525
2025-06-30,MG95,79.2,65.28394926071167
2025-06-30,MG92,77.39,64.96224670648576
2025-07-01,MG95,79.36,66.68140396952629
2025-07-01,MG92,77.65,66.74243567824364
2025-07-02,MG95,80.1,63.81589640140533
2025-07-02,MG92,78.26,61.27413194775582
2025-07-03,MG95,80.19,67.5779545712471
2025-07-03,MG92,78.83,64.35156584858895
2025-07-04,MG95,80.68,65.95445562958717
2025-07-04,MG92,79.32,65.42475443243981
2025-07-07,MG95,80.11,68.044970318079
2025-07-07,MG92,78.42,65.59282619833947
2025-07-08,MG95,79.99,62.83971729040146
2025-07-08,MG92,78.3,66.2754516339302
2025-07-09,MG95,81.39,66.97159227609635
2025-07-09,MG92,79.7,68.81778626322746
2025-07-10,MG95,80.3,68.73775394916535
2025-07-10,MG92,78.61,65.08342641472817
2025-07-11,MG95,79.29,64.99937707066536
2025-07-11,MG92,77.6,67.65727012872696
2025-07-14,MG95,80.84,67.82836650967599
2025-07-14,MG92,79.15,65.48685023546219
2025-07-15,MG95,78.87,67.61104508638383
2025-07-15,MG92,77.18,65.35670040488243
2025-07-16,MG95,79.2,66.75921838402748
2025-07-16,MG92,77.51,72.89452763795853
2025-07-17,MG95,79.08,66.78914426207542
2025-07-17,MG92,77.39,65.5002136194706
2025-07-18,MG95,79.42,67.48104536056519
2025-07-18,MG92,77.73,65.54017262935639
2025-07-21,MG95,78.69,70.54272922754288
2025-07-21,MG92,77.0,67.44840004324914
2025-07-22,MG95,78.08,64.76840313553811
2025-07-22,MG92,76.39,65.47580806732178
2025-07-23,MG95,77.26,68.55761924028397
2025-07-23,MG92,75.57,64.42759331822396
2025-05-29,MG95,77.4,74.16743436455727
2025-05-29,MG92,76.07,75.59755439400674
2025-05-30,MG95,76.02,76.50227987766266
2025-05-30,MG92,74.69,75.66622224807739
2025-06-02,MG95,77.31,77.55851984024048
2025-06-02,MG92,75.47,75.24509286403656
2025-06-03,MG95,77.7,77.20457339286804
2025-06-03,MG92,75.86,76.60478447794914
2025-06-04,MG95,78.1,76.512138068676
2025-06-04,MG92,76.26,76.96257778048515
2025-06-05,MG95,77.06,80.0515022277832
2025-06-05,MG92,75.22,78.73373886108399
2025-06-06,MG95,77.44,80.3654596209526
2025-06-06,MG92,75.6,82.01275210618972
2025-06-09,MG95,78.69,81.59198820590973
2025-06-09,MG92,76.85,80.69038290023803
2025-06-10,MG95,80.06,85.06672239303589
2025-06-10,MG92,78.18,83.80735506415367
2025-06-11,MG95,80.07,83.57396793365479
2025-06-11,MG92,77.89,83.87812874436379
2025-06-12,MG95,81.75,87.18474698066711
2025-06-12,MG92,79.62,84.3237573993206
2025-06-13,MG95,85.44,87.04291123151779
2025-06-13,MG92,83.31,86.70642350792885
2025-06-16,MG95,85.14,86.42367821931839
2025-06-16,MG92,83.01,86.18306746602059
2025-06-17,MG95,85.82,87.52586227655411
2025-06-17,MG92,83.91,89.97010454654693
2025-06-18,MG95,87.49,85.14356338977814
2025-06-18,MG92,85.59,85.97468924880027
2025-06-19,MG95,88.68,84.51136243343353
2025-06-19,MG92,86.69,86.5827711892128
2025-06-20,MG95,89.81,88.4573564529419
2025-06-20,MG92,88.0,89.87442835211755
2025-06-23,MG95,89.27,90.22400629520416
2025-06-23,MG92,87.46,88.80630852937699
2025-06-24,MG95,82.55,89.57640248537064
2025-06-24,MG92,80.74,87.8377360367775
2025-06-25,MG95,81.1,87.24075901508331
2025-06-25,MG92,79.29,87.98239285111427
2025-06-26,MG95,79.86,88.40257555246353
2025-06-26,MG92,78.05,89.0878888475895
2025-06-27,MG95,79.59,88.64295673370361
2025-06-27,MG92,77.78,90.30664244651794
2025-06-30,MG95,79.2,87.20732688903809
2025-06-30,MG92,77.39,88.45101533532143
2025-07-01,MG95,79.36,88.02257466316223
2025-07-01,MG92,77.65,90.15306051373481
2025-07-02,MG95,80.1,89.52779549360275
2025-07-02,MG92,78.26,88.19686452269555
2025-07-03,MG95,80.19,89.5779436826706
2025-07-03,MG92,78.83,89.02553847193718
2025-07-04,MG95,80.68,86.80181872844696
2025-07-04,MG92,79.32,85.07845860481262
2025-07-07,MG95,80.11,86.84423357248306
2025-07-07,MG92,78.42,86.03069526314735
2025-07-08,MG95,79.99,86.06838208436966
2025-07-08,MG92,78.3,86.77398916363717
2025-07-09,MG95,81.39,84.84021198749542
2025-07-09,MG92,79.7,84.21271315455436
2025-07-10,MG95,80.3,85.48673057556152
2025-07-10,MG92,78.61,84.809943369627
2025-07-11,MG95,79.29,83.7028357386589
2025-07-11,MG92,77.6,81.66930530428887
2025-07-14,MG95,80.84,79.91462749242783
2025-07-14,MG92,79.15,79.52018875598908
2025-07-15,MG95,78.87,78.92881751060486
2025-07-15,MG92,77.18,80.10445245862007
2025-07-16,MG95,79.2,79.68881928920746
2025-07-16,MG92,77.51,78.69442711949348
2025-07-17,MG95,79.08,80.1217589378357
2025-07-17,MG92,77.39,80.1034040260315
2025-07-18,MG95,79.42,81.39378476142883
2025-07-18,MG92,77.73,81.35541175603866
2025-07-21,MG95,78.69,80.14008003473282
2025-07-21,MG92,77.0,78.81195910096169
2025-07-22,MG95,78.08,80.78506654500961
2025-07-22,MG92,76.39,81.78447159171104
2025-07-23,MG95,77.26,79.6377865076065
2025-07-23,MG92,75.57,79.7927185022831
2025-07-24,MG95,78.14,79.43265223503113
2025-07-24,MG92,76.45,79.00695860147476
2025-07-25,MG95,78.22,81.51033210754395
2025-07-25,MG92,76.53,79.68304528474808
2025-07-28,MG95,77.92,81.2970449924469
2025-07-28,MG92,76.23,82.0180211520195
2025-07-29,MG95,79.49,80.36089986562729
2025-07-29,MG92,77.8,81.17891664266587
2025-07-30,MG95,81.72,79.66969567537308
2025-07-30,MG92,80.03,79.22558815956116
2025-07-31,MG95,82.4,79.05900764465332
2025-07-31,MG92,80.71,80.44782757282258
2025-08-01,MG95,81.46,82.00812059640884
2025-08-01,MG92,79.77,82.51398353219032
2025-08-04,MG95,79.18,80.18520337343216
2025-08-04,MG92,77.49,80.29609159827233
2025-08-05,MG95,79.02,80.42079681158066
2025-08-05,MG92,77.33,79.91938170433045
2025-08-06,MG95,78.93,84.83828777074814
2025-08-06,MG92,77.24,82.99565317749978
2025-08-07,MG95,77.92,84.67196613550186
2025-08-07,MG92,76.23,83.12079301595688
2025-08-08,MG95,78.6,84.04460763931274
2025-08-08,MG92,76.45,84.51105943322182
2025-08-11,MG95,79.23,86.75400513410568
2025-08-11,MG92,77.08,87.37939177632332
2025-08-12,MG95,80.53,85.80127161741257
2025-08-12,MG92,78.38,84.4657707297802
2025-08-13,MG95,79.43,85.27787554264069
2025-08-13,MG92,77.01,83.16195071578026
2025-08-14,MG95,79.84,86.1630699634552
2025-08-14,MG92,77.42,84.53810361742974
2025-08-15,MG95,80.6,83.7481141090393
2025-08-15,MG92,78.18,82.30594583153724
2025-08-18,MG95,79.42,85.33851116895676
2025-08-18,MG92,76.71,83.25660536050796
2025-08-19,MG95,79.65,81.20315051078796
2025-08-19,MG92,76.94,78.73884660959244
2025-08-20,MG95,80.77,84.66948562860489
2025-08-20,MG92,78.16,82.73893056869507
2025-06-26,MG95,79.86,90.00015722513199
2025-06-26,MG92,78.05,83.56323031067849
2025-06-27,MG95,79.59,82.47100112438201
2025-06-27,MG92,77.78,83.47419148564339
2025-06-30,MG95,79.2,83.85525690317154
2025-06-30,MG92,77.39,84.22386625528337
2025-07-01,MG95,79.36,85.80624341964722
2025-07-01,MG92,77.65,82.01178077101709
2025-07-02,MG95,80.1,86.6542029261589
2025-07-02,MG92,78.26,86.73245480775834
2025-07-03,MG95,80.19,90.95153397321701
2025-07-03,MG92,78.83,80.74793041706086
2025-07-04,MG95,80.68,78.27973148226738
2025-07-04,MG92,79.32,82.8343123626709
2025-07-07,MG95,80.11,86.46436456441879
2025-07-07,MG92,78.42,84.95955191016198
2025-07-08,MG95,79.99,79.95083306431769
2025-07-08,MG92,78.3,87.25490098357201
2025-07-09,MG95,81.39,89.47367384433745
2025-07-09,MG92,79.7,80.70541485071183
2025-07-10,MG95,80.3,82.18439701795577
2025-07-10,MG92,78.61,87.98575661301614
2025-07-11,MG95,79.29,86.6167592525482
2025-07-11,MG92,77.6,90.28327967047692
2025-07-14,MG95,80.84,82.62228400707244
2025-07-14,MG92,79.15,81.9971111047268
2025-07-15,MG95,78.87,84.41614824533463
2025-07-15,MG92,77.18,86.48151088356973
2025-07-16,MG95,79.2,82.61916128396987
2025-07-16,MG92,77.51,81.41626982688905
2025-07-17,MG95,79.08,85.90051485300063
2025-07-17,MG92,77.39,78.16404167354108
2025-07-18,MG95,79.42,85.10433647632598
2025-07-18,MG92,77.73,82.95770958781243
2025-07-21,MG95,78.69,89.37977945804596
2025-07-21,MG92,77.0,82.90092134356499
2025-07-22,MG95,78.08,83.93799456357955
2025-07-22,MG92,76.39,87.04292808651925
2025-07-23,MG95,77.26,80.37967092394828
2025-07-23,MG92,75.57,75.27080445170404
2025-07-24,MG95,78.14,88.84972863197326
2025-07-24,MG92,76.45,81.40574018239975
2025-07-25,MG95,78.22,84.10354722738265
2025-07-25,MG92,76.53,89.57009002447128
2025-07-28,MG95,77.92,81.0976652085781
2025-07-28,MG92,76.23,82.93839893817902
2025-07-29,MG95,79.49,90.3021429181099
2025-07-29,MG92,77.8,82.93251972913743
2025-07-30,MG95,81.72,91.81923527717589
2025-07-30,MG92,80.03,84.33041983008386
2025-07-31,MG95,82.4,89.10524085760116
2025-07-31,MG92,80.71,87.87893837928773
2025-08-01,MG95,81.46,85.73870365619659
2025-08-01,MG92,79.77,86.4647806584835
2025-08-04,MG95,79.18,83.70581091642379
2025-08-04,MG92,77.49,83.35028384685518
2025-08-05,MG95,79.02,83.54555624723434
2025-08-05,MG92,77.33,84.5261445593834
2025-08-06,MG95,78.93,80.56255325078963
2025-08-06,MG92,77.24,79.92629677534104
2025-08-07,MG95,77.92,85.69852397441863
2025-08-07,MG92,76.23,83.9009351027012
2025-08-08,MG95,78.6,85.40804305076598
2025-08-08,MG92,76.45,77.33440682530404
2025-08-11,MG95,79.23,87.01894278526305
2025-08-11,MG92,77.08,83.75938038468361
2025-08-12,MG95,80.53,82.90619077682494
2025-08-12,MG92,78.38,85.87510166287423
2025-08-13,MG95,79.43,82.10093426704407
2025-08-13,MG92,77.01,78.89209948003293
2025-08-14,MG95,79.84,79.555223685503
2025-08-14,MG92,77.42,81.42082574129105
2025-08-15,MG95,80.6,81.14657014608383
2025-08-15,MG92,78.18,79.91259122371675
2025-08-18,MG95,79.42,83.02986221313476
2025-08-18,MG92,76.71,80.12610481381417
2025-08-19,MG95,79.65,79.08694573640823
2025-08-19,MG92,76.94,77.88724624335767
2025-08-20,MG95,80.77,81.31988611221313
2025-08-20,MG92,78.16,77.68131324112416
2025-08-21,MG95,81.77,82.08314538002014
2025-08-21,MG92,79.01,79.76959033370018
2025-08-22,MG95,82.69,78.169237357378
2025-08-22,MG92,79.93,81.28032965898514
2025-08-25,MG95,81.54,77.60926929712295
2025-08-25,MG92,79.6,76.6584679234028
2025-08-26,MG95,81.12,78.67776749730109
2025-08-26,MG92,79.18,75.91276776373387
2025-08-27,MG95,79.35,80.47554722428322
2025-08-27,MG92,77.41,79.50747402191163
2025-08-28,MG95,80.24,80.29193497300147
2025-08-28,MG92,78.3,75.9135381102562
2025-08-29,MG95,81.37,78.34888578057289
2025-08-29,MG92,79.43,78.30405097246171
2025-09-01,MG95,81.25,78.41056197881699
2025-09-01,MG92,79.31,74.14270049750806
2025-09-02,MG95,82.72,78.20367432236671
2025-09-02,MG92,80.78,79.37165673136711
2025-09-03,MG95,82.95,84.18274644613265
2025-09-03,MG92,80.73,77.01227910161019
2025-09-04,MG95,81.45,80.21684460043906
2025-09-04,MG92,79.28,80.11611393928528
2025-09-05,MG95,81.6,84.20660675764083
2025-09-05,MG92,79.24,76.45031840264798
2025-09-08,MG95,81.23,74.05872346162795
2025-09-08,MG92,78.87,78.6094012105465
2025-09-09,MG95,81.58,83.2185791015625
2025-09-09,MG92,79.22,72.71011589884759
2025-09-10,MG95,81.84,77.7784039080143
2025-09-10,MG92,79.48,81.84768278360367
2025-09-11,MG95,82.05,79.38027384877205
2025-09-11,MG92,79.69,81.42078793287278
2025-09-12,MG95,81.4,82.41031588315963
2025-09-12,MG92,79.14,76.32493623554707
2025-09-15,MG95,83.32,88.46806032657622
2025-09-15,MG92,81.06,74.53792134582997
2025-09-16,MG95,83.4,80.67485526800155
2025-09-16,MG92,81.14,83.24602713346482
2025-09-17,MG95,83.21,79.6075752198696
2025-09-17,MG92,81.74,84.08742512583733
2025-07-24,MG95,78.14,70.59043458223343
2025-07-24,MG92,76.45,77.57394627928733
2025-07-25,MG95,78.22,84.81908702373505
2025-07-25,MG92,76.53,77.47240082144737
2025-07-28,MG95,77.92,73.8162432730198
2025-07-28,MG92,76.23,81.30165192961692
2025-07-29,MG95,79.49,81.85172782659531
2025-07-29,MG92,77.8,77.32805528640746
2025-07-30,MG95,81.72,78.07869586229324
2025-07-30,MG92,80.03,75.07330830216407
2025-07-31,MG95,82.4,76.91236440896988
2025-07-31,MG92,80.71,68.96009066641331
2025-08-01,MG95,81.46,83.54095404863358
2025-08-01,MG92,79.77,80.60025676846503
2025-08-04,MG95,79.18,85.61502470493318
2025-08-04,MG92,77.49,80.641498349905
2025-08-05,MG95,79.02,79.97561005830765
2025-08-05,MG92,77.33,79.66715022325515
2025-08-06,MG95,78.93,82.96302887439728
2025-08-06,MG92,77.24,80.8539222228527
2025-08-07,MG95,77.92,81.51388258218766
2025-08-07,MG92,76.23,80.27185558676719
2025-08-08,MG95,78.6,79.2403577899933
2025-08-08,MG92,76.45,79.62311596155166
2025-08-11,MG95,79.23,77.15050561070443
2025-08-11,MG92,77.08,77.86125902652739
2025-08-12,MG95,80.53,79.01025240898133
2025-08-12,MG92,78.38,84.82593334436416
2025-08-13,MG95,79.43,84.03950649738313
2025-08-13,MG92,77.01,80.53561973333358
2025-08-14,MG95,79.84,77.66811838150025
2025-08-14,MG92,77.42,76.94153032064438
2025-08-15,MG95,80.6,84.2606596517563
2025-08-15,MG92,78.18,82.02158688426017
2025-08-18,MG95,79.42,84.27359985589982
2025-08-18,MG92,76.71,80.55400637984275
2025-08-19,MG95,79.65,81.59491312742234
2025-08-19,MG92,76.94,77.66448317170142
2025-08-20,MG95,80.77,78.10791954040528
2025-08-20,MG92,78.16,81.99205654263496
2025-08-21,MG95,81.77,78.87017585039139
2025-08-21,MG92,79.01,79.30532696485518
2025-08-22,MG95,82.69,83.95368669509888
2025-08-22,MG92,79.93,77.73682259917258
2025-08-25,MG95,81.54,81.88210276842118
2025-08-25,MG92,79.6,81.27481517314911
2025-08-26,MG95,81.12,84.30340377092362
2025-08-26,MG92,79.18,84.41572464823722
2025-08-27,MG95,79.35,82.76153930425644
2025-08-27,MG92,77.41,79.16793610453605
2025-08-28,MG95,80.24,81.45754434108734
2025-08-28,MG92,78.3,72.24891760468482
2025-08-29,MG95,81.37,85.28372784852982
2025-08-29,MG92,79.43,75.86349267840384
2025-09-01,MG95,81.25,80.6888777947426
2025-09-01,MG92,79.31,79.58456796526909
2025-09-02,MG95,82.72,74.87422239065171
2025-09-02,MG92,80.78,74.25976901113987
2025-09-03,MG95,82.95,81.20114409685135
2025-09-03,MG92,80.73,72.637897426486
2025-09-04,MG95,81.45,77.46664723157883
2025-09-04,MG92,79.28,73.51505127131938
2025-09-05,MG95,81.6,80.25697890996933
2025-09-05,MG92,79.24,73.66263991892338
2025-09-08,MG95,81.23,78.56706192970276
2025-09-08,MG92,78.87,74.43335661113261
2025-09-09,MG95,81.58,74.26393749594689
2025-09-09,MG92,79.22,70.16080354571342
2025-09-10,MG95,81.84,75.7731889641285
2025-09-10,MG92,79.48,69.47998863637447
2025-09-11,MG95,82.05,74.20441255688668
2025-09-11,MG92,79.69,72.0755191862583
2025-09-12,MG95,81.4,66.92546483516693
2025-09-12,MG92,79.14,71.62932545363903
2025-09-15,MG95,83.32,74.15120114803315
2025-09-15,MG92,81.06,71.76094177186488
2025-09-16,MG95,83.4,66.49765523910523
2025-09-16,MG92,81.14,64.24709138453007
2025-09-17,MG95,83.21,67.61293044924736
2025-09-17,MG92,81.74,67.83907727837563
2025-09-18,MG95,82.22,67.26812696695328
2025-09-18,MG92,80.53,68.03551080465316
2025-09-19,MG95,80.89,67.16229820132256
2025-09-19,MG92,79.2,65.92472198367118
2025-09-22,MG95,79.8,61.854838933944706
2025-09-22,MG92,77.81,62.370108457803724
2025-09-23,MG95,79.23,67.56749697804452
2025-09-23,MG92,77.24,65.91646105527877
2025-09-24,MG95,80.23,68.50295400619507
2025-09-24,MG92,78.24,63.776781506538384
2025-09-25,MG95,81.05,62.64433874845505
2025-09-25,MG92,79.25,64.24548784554004
2025-09-26,MG95,81.84,68.01313274145127
2025-09-26,MG92,80.15,62.2699458271265
2025-09-29,MG95,81.78,69.52075862526894
2025-09-29,MG92,79.91,64.8098930311203
2025-09-30,MG95,79.2,62.3409070789814
2025-09-30,MG92,77.33,65.02515462756156
2025-10-01,MG95,79.57,68.03793096184731
2025-10-01,MG92,76.94,64.20789476573466
2025-10-02,MG95,78.13,63.66460707187653
2025-10-02,MG92,76.23,66.87972854733466
2025-10-03,MG95,77.05,64.52908638954163
2025-10-03,MG92,75.25,62.025212445259086
2025-10-06,MG95,78.05,61.81602292656899
2025-10-06,MG92,75.75,65.66100288033485
2025-10-07,MG95,78.93,65.73319771289826
2025-10-07,MG92,76.47,63.32541230678558
2025-10-08,MG95,79.45,63.9554439163208
2025-10-08,MG92,76.99,62.86480474054813
2025-10-09,MG95,80.3,69.52488014936448
2025-10-09,MG92,77.55,66.52131506145
2025-10-10,MG95,79.46,57.74495641708374
2025-10-10,MG92,76.59,58.19138494491577
2025-10-13,MG95,78.69,65.652917791605
2025-10-13,MG92,75.95,57.78929303884506
2025-10-14,MG95,78.36,64.84940479516983
2025-10-14,MG92,75.62,61.51721039235591
2025-10-15,MG95,78.5,62.28907718658448
2025-10-15,MG92,75.76,61.06057563900947
2025-08-21,MG95,81.77,86.97322174787521
2025-08-21,MG92,79.01,79.09636123657226
2025-08-22,MG95,82.69,79.87431522369384
2025-08-22,MG92,79.93,83.46923045158385
2025-08-25,MG95,81.54,77.74569181382655
2025-08-25,MG92,79.6,76.44515617847442
2025-08-26,MG95,81.12,84.14947111725807
2025-08-26,MG92,79.18,76.75757785320282
2025-08-27,MG95,79.35,81.76419431090355
2025-08-27,MG92,77.41,75.8492060804367
2025-08-28,MG95,80.24,81.99003158330918
2025-08-28,MG92,78.3,78.31629935264587
2025-08-29,MG95,81.37,88.74126136183739
2025-08-29,MG92,79.43,73.50891327857971
2025-09-01,MG95,81.25,78.66537571191787
2025-09-01,MG92,79.31,81.26603850364685
2025-09-02,MG95,82.72,81.5334753715992
2025-09-02,MG92,80.78,74.39221659183502
2025-09-03,MG95,82.95,87.58826363444328
2025-09-03,MG92,80.73,74.9314516878128
2025-09-04,MG95,81.45,83.35010056972503
2025-09-04,MG92,79.28,77.04112957000731
2025-09-05,MG95,81.6,80.60794695317745
2025-09-05,MG92,79.24,78.34012393951416
2025-09-08,MG95,81.23,75.5878024739027
2025-09-08,MG92,78.87,77.52529884338378
2025-09-09,MG95,81.58,75.93665871500968
2025-09-09,MG92,79.22,72.78711308479309
2025-09-10,MG95,81.84,76.07793338477612
2025-09-10,MG92,79.48,75.07663538455962
2025-09-11,MG95,82.05,82.88965443015098
2025-09-11,MG92,79.69,79.92768744468688
2025-09-12,MG95,81.4,80.55253473818301
2025-09-12,MG92,79.14,74.4963664674759
2025-09-15,MG95,83.32,73.47081996202469
2025-09-15,MG92,81.06,69.70497370719909
2025-09-16,MG95,83.4,78.1350360417366
2025-09-16,MG92,81.14,77.27939407348633
2025-09-17,MG95,83.21,80.43123446285725
2025-09-17,MG92,81.74,69.7911177110672
2025-09-18,MG95,82.22,69.72849271476268
2025-09-18,MG92,80.53,69.14239852905273
2025-09-19,MG95,80.89,78.87381422281265
2025-09-19,MG92,79.2,77.12929079055786
2025-09-22,MG95,79.8,74.54951910436154
2025-09-22,MG92,77.81,74.03227618694305
2025-09-23,MG95,79.23,76.44480461359024
2025-09-23,MG92,77.24,72.69096219539642
2025-09-24,MG95,80.23,71.70865375399589
2025-09-24,MG92,78.24,69.9570139837265
2025-09-25,MG95,81.05,77.13376475811005
2025-09-25,MG92,79.25,67.674684715271
2025-09-26,MG95,81.84,74.78503786802291
2025-09-26,MG92,80.15,74.17327171325684
2025-09-29,MG95,81.78,78.68186939120292
2025-09-29,MG92,79.91,69.39838006496429
2025-09-30,MG95,79.2,69.9587061560154
2025-09-30,MG92,77.33,68.42238261699676
2025-10-01,MG95,79.57,75.52090823173522
2025-10-01,MG92,76.94,74.45557489871979
2025-10-02,MG95,78.13,84.25770547151565
2025-10-02,MG92,76.23,79.39324149131775
2025-10-03,MG95,77.05,80.9429766190052
2025-10-03,MG92,75.25,76.77950634956359
2025-10-06,MG95,78.05,78.91577537536621
2025-10-06,MG92,75.75,79.20464803695678
2025-10-07,MG95,78.93,79.35512058198452
2025-10-07,MG92,76.47,70.8094440984726
2025-10-08,MG95,79.45,77.15459609210491
2025-10-08,MG92,76.99,77.34633026123046
2025-10-09,MG95,80.3,68.85715850174427
2025-10-09,MG92,77.55,70.12757361412048
2025-10-10,MG95,79.46,74.14536137640476
2025-10-10,MG92,76.59,69.00349009990691
2025-10-13,MG95,78.69,73.84343942582606
2025-10-13,MG92,75.95,65.64166106700897
2025-10-14,MG95,78.36,75.99620157122611
2025-10-14,MG92,75.62,75.39724705219268
2025-10-15,MG95,78.5,75.48476271390915
2025-10-15,MG92,75.76,71.36509179115295
2025-10-16,MG95,78.98,71.75299315452575
2025-10-16,MG92,76.24,75.27274332046508
2025-10-17,MG95,77.59,77.4363751488924
2025-10-17,MG92,74.81,69.58154613494872
2025-10-20,MG95,77.59,74.72398333191872
2025-10-20,MG92,74.81,70.56370238304137
2025-10-21,MG95,77.65,79.31286094486713
2025-10-21,MG92,74.87,76.72649967193603
2025-10-22,MG95,78.59,77.05046349346637
2025-10-22,MG92,75.58,72.44136307716369
2025-10-23,MG95,81.1,79.39705284893512
2025-10-23,MG92,78.09,71.95842835903167
2025-10-24,MG95,82.82,74.40604912877083
2025-10-24,MG92,79.91,71.60535487651825
2025-10-27,MG95,82.51,75.18817497134208
2025-10-27,MG92,79.91,67.63715889453887
2025-10-28,MG95,82.08,71.04752970218658
2025-10-28,MG92,79.26,72.73009526729584
2025-10-29,MG95,82.28,76.35163410127163
2025-10-29,MG92,79.46,69.71763605117798
2025-10-30,MG95,82.62,69.52584095299244
2025-10-30,MG92,79.8,64.9410812473297
2025-10-31,MG95,81.78,72.0843110203743
2025-10-31,MG92,78.96,74.78266681671143
2025-11-03,MG95,82.63,77.71922778725623
2025-11-03,MG92,79.81,71.56913815021515
2025-11-04,MG95,81.13,75.50330727100372
2025-11-04,MG92,78.41,69.89409359455108
2025-11-05,MG95,80.8,75.81608057975768
2025-11-05,MG92,78.08,67.8156057024002
2025-11-06,MG95,81.25,77.33640689134597
2025-11-06,MG92,78.53,73.25989649772643
2025-11-07,MG95,81.88,78.75416524112224
2025-11-07,MG92,79.16,73.0413755607605
2025-11-10,MG95,82.8,72.43845332682132
2025-11-10,MG92,80.08,70.7455081129074
2025-11-11,MG95,83.15,76.26424552381039
2025-11-11,MG92,80.06,74.59771646499634
2025-11-12,MG95,83.79,68.69074372887611
2025-11-12,MG92,81.48,69.14996891498565
2025-09-18,MG95,82.22,84.98748793721198
2025-09-18,MG92,80.53,82.83616035938262
2025-09-19,MG95,80.89,84.18998761534691
2025-09-19,MG92,79.2,80.2819656264782
2025-09-22,MG95,79.8,82.20127586841582
2025-09-22,MG92,77.81,76.68631428956985
2025-09-23,MG95,79.23,79.79128203213214
2025-09-23,MG92,77.24,77.94249823689461
2025-09-24,MG95,80.23,74.82790936052798
2025-09-24,MG92,78.24,77.82981181383133
2025-09-25,MG95,81.05,78.07480835497378
2025-09-25,MG92,79.25,72.70408747434615
2025-09-26,MG95,81.84,81.68012520968914
2025-09-26,MG92,80.15,75.09043405294418
2025-09-29,MG95,81.78,79.71262611031531
2025-09-29,MG92,79.91,74.65156162858008
2025-09-30,MG95,79.2,76.41147293031216
2025-09-30,MG92,77.33,82.10338923215866
2025-10-01,MG95,79.57,71.118240365386
2025-10-01,MG92,76.94,74.07388354063033
2025-10-02,MG95,78.13,84.07401985168457
2025-10-02,MG92,76.23,79.31460854291916
2025-10-03,MG95,77.05,77.69411151111126
2025-10-03,MG92,75.25,76.57476306200027
2025-10-06,MG95,78.05,74.0967450594902
2025-10-06,MG92,75.75,75.0346292066574
2025-10-07,MG95,78.93,75.15737743735313
2025-10-07,MG92,76.47,72.97726033329963
2025-10-08,MG95,79.45,86.27981777667999
2025-10-08,MG92,76.99,79.5681956255436
2025-10-09,MG95,80.3,77.05300548791885
2025-10-09,MG92,77.55,76.66579794526099
2025-10-10,MG95,79.46,83.42902046203612
2025-10-10,MG92,76.59,78.45644947052001
2025-10-13,MG95,78.69,80.8120532810688
2025-10-13,MG92,75.95,77.20334468007087
2025-10-14,MG95,78.36,78.64388957858085
2025-10-14,MG92,75.62,83.68595893621445
2025-10-15,MG95,78.5,78.86624296069145
2025-10-15,MG92,75.76,80.11738176822662
2025-10-16,MG95,78.98,83.27140111684798
2025-10-16,MG92,76.24,82.16013926267624
2025-10-17,MG95,77.59,84.73175575733184
2025-10-17,MG92,74.81,82.60558412790299
2025-10-20,MG95,77.59,83.60460384964942
2025-10-20,MG92,74.81,83.67299919366836
2025-10-21,MG95,77.65,80.39685674667358
2025-10-21,MG92,74.87,79.44052267313003
2025-10-22,MG95,78.59,81.53005453169345
2025-10-22,MG92,75.58,78.62663135290146
2025-10-23,MG95,81.1,77.1008914154768
2025-10-23,MG92,78.09,75.19921793699264
2025-10-24,MG95,82.82,79.85822313666343
2025-10-24,MG92,79.91,79.25523245930671
2025-10-27,MG95,82.51,77.99561182558536
2025-10-27,MG92,79.91,76.31184106707572
2025-10-28,MG95,82.08,79.23234835982322
2025-10-28,MG92,79.26,77.31516387224197
2025-10-29,MG95,82.28,78.85040663063526
2025-10-29,MG92,79.46,76.19535441875458
2025-10-30,MG95,82.62,83.43374209880828
2025-10-30,MG92,79.8,75.17743972301483
2025-10-31,MG95,81.78,77.35499681293963
2025-10-31,MG92,78.96,76.82426246643065
2025-11-03,MG95,82.63,70.8068107265234
2025-11-03,MG92,79.81,79.77317880153656
2025-11-04,MG95,81.13,79.51786355316638
2025-11-04,MG92,78.41,72.88319014191627
2025-11-05,MG95,80.8,80.1375387018919
2025-11-05,MG92,78.08,77.14852399468421
2025-11-06,MG95,81.25,81.29356599748134
2025-11-06,MG92,78.53,79.30645267486572
2025-11-07,MG95,81.88,75.96262481451033
2025-11-07,MG92,79.16,77.5930188035965
2025-11-10,MG95,82.8,80.12667199373244
2025-11-10,MG92,80.08,74.77802143216132
2025-11-11,MG95,83.15,78.12198008537293
2025-11-11,MG92,80.06,85.37666940927505
2025-11-12,MG95,83.79,73.79300295948981
2025-11-12,MG92,81.48,71.5550211584568
2025-11-13,MG95,81.53,79.42365896403788
2025-11-13,MG92,79.22,86.87957080125808
2025-11-14,MG95,83.15,82.74255299985408
2025-11-14,MG92,80.31,78.81928815722465
2025-11-17,MG95,83.32,76.41135885715484
2025-11-17,MG92,80.48,73.54063398361205
2025-11-18,MG95,82.73,85.45511844635008
2025-11-18,MG92,79.89,73.17468690752983
2025-11-19,MG95,81.03,83.59603348374367
2025-11-19,MG92,78.17,74.1924895453453
2025-11-20,MG95,79.42,80.06123367905616
2025-11-20,MG92,76.56,69.46667070508003
2025-11-21,MG95,79.01,80.2847029942274
2025-11-21,MG92,76.15,73.00014451026917
2025-11-24,MG95,78.93,78.39554239571093
2025-11-24,MG92,76.07,78.03452702522277
2025-11-25,MG95,79.26,80.02431861340999
2025-11-25,MG92,76.4,83.55852471590042
2025-11-26,MG95,81.16,80.22085178434848
2025-11-26,MG92,78.3,77.81508350491524
2025-11-27,MG95,81.44,80.83097950577735
2025-11-27,MG92,78.52,74.19448709964752
2025-11-28,MG95,81.86,79.70398630857467
2025-11-28,MG92,79.04,76.27309338569641
2025-12-01,MG95,82.51,77.20183624029158
2025-12-01,MG92,79.78,78.51750155091285
2025-12-02,MG95,82.55,81.06585613667964
2025-12-02,MG92,80.7,70.99562800049782
2025-12-03,MG95,80.8,76.45278725206852
2025-12-03,MG92,79.51,73.34871773600578
2025-12-04,MG95,80.04,81.59083072602748
2025-12-04,MG92,78.67,69.18347109794617
2025-12-05,MG95,79.94,78.27322621285914
2025-12-05,MG92,78.57,73.92205966949463
2025-12-08,MG95,80.6,74.91321128368376
2025-12-08,MG92,79.38,72.83687124252319
2025-12-09,MG95,79.45,73.77036191761493
2025-12-09,MG92,77.63,74.53483624815941
2025-12-10,MG95,79.42,75.63739232361316
2025-12-10,MG92,77.59,71.26276921987534
2025-10-16,MG95,78.98,76.77925461530685
2025-10-16,MG92,76.24,79.56214842796327
2025-10-17,MG95,77.59,73.6578518152237
2025-10-17,MG92,74.81,70.17174575328828
2025-10-20,MG95,77.59,73.2387709915638
2025-10-20,MG92,74.81,73.89876734733582
2025-10-21,MG95,77.65,75.75435549020767
2025-10-21,MG92,74.87,72.81040589332581
2025-10-22,MG95,78.59,72.74547243118286
2025-10-22,MG92,75.58,74.5894356918335
2025-10-23,MG95,81.1,74.34328269958496
2025-10-23,MG92,78.09,69.21389103889466
2025-10-24,MG95,82.82,71.40224462747574
2025-10-24,MG92,79.91,68.19605948925019
2025-10-27,MG95,82.51,71.22338184714317
2025-10-27,MG92,79.91,70.08289134979249
2025-10-28,MG95,82.08,78.78770017623901
2025-10-28,MG92,79.26,68.63917550086975
2025-10-29,MG95,82.28,67.66590422391891
2025-10-29,MG92,79.46,71.47045060157777
2025-10-30,MG95,82.62,69.99957993626595
2025-10-30,MG92,79.8,68.8434588956833
2025-10-31,MG95,81.78,71.70987719297409
2025-10-31,MG92,78.96,64.2454184961319
2025-11-03,MG95,82.63,66.09128758311272
2025-11-03,MG92,79.81,69.87127002716065
2025-11-04,MG95,81.13,69.56910115480423
2025-11-04,MG92,78.41,64.35909993171693
2025-11-05,MG95,80.8,64.43497622013092
2025-11-05,MG92,78.08,63.89296766281128
2025-11-06,MG95,81.25,64.69541674852371
2025-11-06,MG92,78.53,61.6758748626709
2025-11-07,MG95,81.88,64.2132354080677
2025-11-07,MG92,79.16,65.36341614723206
2025-11-10,MG95,82.8,60.98598974943161
2025-11-10,MG92,80.08,62.9478651380539
2025-11-11,MG95,83.15,62.88727766275406
2025-11-11,MG92,80.06,62.84232993125916
2025-11-12,MG95,83.79,66.5386246740818
2025-11-12,MG92,81.48,63.75820266723633
2025-11-13,MG95,81.53,58.87097609043121
2025-11-13,MG92,79.22,64.04813887119293
2025-11-14,MG95,83.15,61.51602753996849
2025-11-14,MG92,80.31,57.779846115112306
2025-11-17,MG95,83.32,62.8207006752491
2025-11-17,MG92,80.48,61.884840984344486
2025-11-18,MG95,82.73,61.31015309691429
2025-11-18,MG92,79.89,59.682961401939394
2025-11-19,MG95,81.03,60.927643060684204
2025-11-19,MG92,78.17,59.07674921989441
2025-11-20,MG95,79.42,62.45995718240738
2025-11-20,MG92,76.56,58.45139520645142
2025-11-21,MG95,79.01,63.446596413850784
2025-11-21,MG92,76.15,63.820645046234134
2025-11-24,MG95,78.93,66.07464450597763
2025-11-24,MG92,76.07,62.9357135295868
2025-11-25,MG95,79.26,65.93838837742805
2025-11-25,MG92,76.4,64.61888515472413
2025-11-26,MG95,81.16,66.16619780659676
2025-11-26,MG92,78.3,65.56700413227082
2025-11-27,MG95,81.44,64.68617111444473
2025-11-27,MG92,78.52,61.596015629768374
2025-11-28,MG95,81.86,65.95903664827347
2025-11-28,MG92,79.04,63.12896971225739
2025-12-01,MG95,82.51,66.82833680510521
2025-12-01,MG92,79.78,62.37674405574799
2025-12-02,MG95,82.55,62.93026798963547
2025-12-02,MG92,80.7,65.3516303062439
2025-12-03,MG95,80.8,63.40019044280052
2025-12-03,MG92,79.51,63.783052277565005
2025-12-04,MG95,80.04,65.61861857771873
2025-12-04,MG92,78.67,62.466677699089054
2025-12-05,MG95,79.94,62.08484926819801
2025-12-05,MG92,78.57,58.4616818523407
2025-12-08,MG95,80.6,61.455191642045975
2025-12-08,MG92,79.38,60.043273978233344
2025-12-09,MG95,79.45,63.00658658146858
2025-12-09,MG92,77.63,58.721494169235235
2025-12-10,MG95,79.42,60.32399579882622
2025-12-10,MG92,77.59,61.30189342021943
2025-12-11,MG95,79.63,60.17851743102074
2025-12-11,MG92,77.61,59.14884153842927
2025-12-12,MG95,79.25,55.94784441590309
2025-12-12,MG92,77.61,58.99112802028657
2025-12-15,MG95,78.52,58.23944687843323
2025-12-15,MG92,77.43,55.825387911796575
2025-12-16,MG95,75.72,60.00909212231636
2025-12-16,MG92,74.64,59.51030560493469
2025-12-17,MG95,74.53,61.41347399353981
2025-12-17,MG92,74.27,59.80050371646882
2025-12-18,MG95,74.63,58.959853023290634
2025-12-18,MG92,74.15,60.8831032037735
2025-12-19,MG95,73.56,61.69611153006554
2025-12-19,MG92,73.15,59.673776574134834
2025-12-22,MG95,74.61,63.099637150764465
2025-12-22,MG92,73.33,57.99281761646271
2025-12-23,MG95,74.56,65.04395282268524
2025-12-23,MG92,73.28,57.77435508728028
2025-12-24,MG95,74.49,62.83012878894806
2025-12-24,MG92,73.21,59.41074460029603
2025-12-25,MG95,74.49,60.641543090343475
2025-12-25,MG92,73.21,56.29037320613862
2025-12-26,MG95,74.54,61.78261622786522
2025-12-26,MG92,72.58,54.54264587879181
2025-12-29,MG95,73.6,58.14986342191696
2025-12-29,MG92,71.54,58.78626662254334
2025-12-30,MG95,73.8,61.72550010681152
2025-12-30,MG92,71.74,56.484875707626344
2025-12-31,MG95,73.81,60.831925481557846
2025-12-31,MG92,71.75,55.43342515945435
2026-01-01,MG95,73.81,57.2989983856678
2026-01-01,MG92,71.75,54.57936712741852
2026-01-02,MG95,72.58,60.33146342635155
2026-01-02,MG92,71.57,54.32437752246857
2026-01-05,MG95,71.36,60.867064505815506
2026-01-05,MG92,70.2,56.55983997821808
2026-01-06,MG95,72.57,56.02904316782951
2026-01-06,MG92,71.21,55.6971660900116
2026-01-07,MG95,70.58,56.943902403116226
2026-01-07,MG92,69.56,57.24825501441956
2025-11-13,MG95,81.53,81.32060160040857
2025-11-13,MG92,79.22,78.12250579833984
2025-11-14,MG95,83.15,84.16277255058289
2025-11-14,MG92,80.31,81.40674810647965
2025-11-17,MG95,83.32,81.97805771112442
2025-11-17,MG92,80.48,84.8773862028122
2025-11-18,MG95,82.73,87.16992432117463
2025-11-18,MG92,79.89,85.26161989688873
2025-11-19,MG95,81.03,87.34871930122377
2025-11-19,MG92,78.17,85.63196375370026
2025-11-20,MG95,79.42,84.30028486847878
2025-11-20,MG92,76.56,84.33773202896118
2025-11-21,MG95,79.01,85.09585260987282
2025-11-21,MG92,76.15,82.88148458003998
2025-11-24,MG95,78.93,83.69456942796708
2025-11-24,MG92,76.07,80.86354376792909
2025-11-25,MG95,79.26,83.43219528615475
2025-11-25,MG92,76.4,78.85340749025345
2025-11-26,MG95,81.16,79.22523930251599
2025-11-26,MG92,78.3,76.62222368001939
2025-11-27,MG95,81.44,81.73991578280926
2025-11-27,MG92,78.52,79.28956780672074
2025-11-28,MG95,81.86,80.11254684805871
2025-11-28,MG92,79.04,77.96639568328858
2025-12-01,MG95,82.51,84.94704324603082
2025-12-01,MG92,79.78,79.59900521278382
2025-12-02,MG95,82.55,83.9262837266922
2025-12-02,MG92,80.7,80.53856042861939
2025-12-03,MG95,80.8,81.91507992625237
2025-12-03,MG92,79.51,76.2607770895958
2025-12-04,MG95,80.04,81.64140374422074
2025-12-04,MG92,78.67,82.7197408246994
2025-12-05,MG95,79.94,81.31131724655629
2025-12-05,MG92,78.57,77.79414227485657
2025-12-08,MG95,80.6,79.8664390540123
2025-12-08,MG92,79.38,73.99881709098817
2025-12-09,MG95,79.45,80.87462299346925
2025-12-09,MG92,77.63,77.56729112148285
2025-12-10,MG95,79.42,79.42363680481911
2025-12-10,MG92,77.59,77.7622782111168
2025-12-11,MG95,79.63,78.79514747858047
2025-12-11,MG92,77.61,78.20712210416794
2025-12-12,MG95,79.25,79.88652602076532
2025-12-12,MG92,77.61,81.03784665584564
2025-12-15,MG95,78.52,81.12787259817124
2025-12-15,MG92,77.43,73.8864259672165
2025-12-16,MG95,75.72,76.30682078361512
2025-12-16,MG92,74.64,70.15019572734833
2025-12-17,MG95,74.53,77.73355977594854
2025-12-17,MG92,74.27,75.37607701778413
2025-12-18,MG95,74.63,74.25620717346669
2025-12-18,MG92,74.15,72.83173079967499
2025-12-19,MG95,73.56,73.65500655591488
2025-12-19,MG92,73.15,70.73596804618836
2025-12-22,MG95,74.61,73.67220683276653
2025-12-22,MG92,73.33,70.88377825498581
2025-12-23,MG95,74.56,68.05664106845856
2025-12-23,MG92,73.28,68.91669561624528
2025-12-24,MG95,74.49,70.2974016416073
2025-12-24,MG92,73.21,69.7289985537529
2025-12-25,MG95,74.49,67.03025300323964
2025-12-25,MG92,73.21,62.117445437908174
2025-12-26,MG95,74.54,67.0978454965353
2025-12-26,MG92,72.58,69.50166174173356
2025-12-29,MG95,73.6,64.26925896942616
2025-12-29,MG92,71.54,62.158808984756476
2025-12-30,MG95,73.8,63.599437038302426
2025-12-30,MG92,71.74,64.85907105445862
2025-12-31,MG95,73.81,64.19226225972176
2025-12-31,MG92,71.75,59.03160925626755
2026-01-01,MG95,73.81,60.37214769423009
2026-01-01,MG92,71.75,60.92959238290787
2026-01-02,MG95,72.58,59.01569310843945
2026-01-02,MG92,71.57,58.8626728963852
2026-01-05,MG95,71.36,59.03934598624707
2026-01-05,MG92,70.2,56.43532184600831
2026-01-06,MG95,72.57,61.55061637222767
2026-01-06,MG92,71.21,55.64253752946854
2026-01-07,MG95,70.58,57.94223401844502
2026-01-07,MG92,69.56,58.49692822694779
2026-01-08,MG95,71.16,57.82259121000767
2026-01-08,MG92,69.91,55.88790199041367
2026-01-09,MG95,73.03,55.655910691022875
2026-01-09,MG92,71.94,54.37724620342255
2026-01-12,MG95,72.9,58.65477696239949
2026-01-12,MG92,71.81,55.799191582202916
2026-01-13,MG95,73.45,57.69170629262925
2026-01-13,MG92,72.36,56.07777509450913
2026-01-14,MG95,73.42,55.35871148228646
2026-01-14,MG92,71.84,53.9440824007988
2026-01-15,MG95,72.55,56.768225226402286
2026-01-15,MG92,71.4,52.24757961988449
2026-01-16,MG95,71.76,56.10742295265198
2026-01-16,MG92,70.44,55.72557058811188
2026-01-19,MG95,71.95,53.111967769861224
2026-01-19,MG92,70.6,53.42267927885056
2026-01-20,MG95,72.36,54.41914885640145
2026-01-20,MG92,70.99,52.455310392379765
2026-01-21,MG95,73.22,57.29808265149594
2026-01-21,MG92,71.85,54.526809639930725
2026-01-22,MG95,73.64,57.0153069037199
2026-01-22,MG92,72.27,57.286171510219575
2026-01-23,MG95,73.5,52.61349935173989
2026-01-23,MG92,70.76,53.82041913986206
2026-01-26,MG95,73.88,53.96287205815316
2026-01-26,MG92,71.64,52.95379528284073
2026-01-27,MG95,72.35,52.60605289041997
2026-01-27,MG92,70.21,53.925457391738895
2026-01-28,MG95,74.54,53.56771018087864
2026-01-28,MG92,72.46,54.1671794128418
2026-01-29,MG95,75.75,53.76207730472088
2026-01-29,MG92,73.67,52.79841851234436
2026-01-30,MG95,75.44,56.66695634901524
2026-01-30,MG92,73.43,57.23873237371445
2026-02-02,MG95,72.54,55.02872986435891
2026-02-02,MG92,70.93,57.56571662664414
2026-02-03,MG95,72.82,57.71747174799443
2026-02-03,MG92,71.15,57.419649932384495
2026-02-04,MG95,74.68,55.65371820509434
2026-02-04,MG92,72.95,54.111314098834995
2025-12-11,MG95,79.63,76.49750281333924
2025-12-11,MG92,77.61,73.13675114274025
2025-12-12,MG95,79.25,75.36077520608902
2025-12-12,MG92,77.61,78.93548031568528
2025-12-15,MG95,78.52,70.59629928827286
2025-12-15,MG92,77.43,75.57479484677314
2025-12-16,MG95,75.72,72.70302056789399
2025-12-16,MG92,74.64,78.40312829136849
2025-12-17,MG95,74.53,76.766515250206
2025-12-17,MG92,74.27,72.92600245237351
2025-12-18,MG95,74.63,75.95864479064942
2025-12-18,MG92,74.15,71.02044951438904
2025-12-19,MG95,73.56,71.87833564758301
2025-12-19,MG92,73.15,79.0140821313858
2025-12-22,MG95,74.61,71.61488069295883
2025-12-22,MG92,73.33,71.89687178373337
2025-12-23,MG95,74.56,69.7641491639614
2025-12-23,MG92,73.28,71.12757200539113
2025-12-24,MG95,74.49,69.58167060732842
2025-12-24,MG92,73.21,60.50098205029965
2025-12-25,MG95,74.49,66.48165115356446
2025-12-25,MG92,73.21,66.45293759167194
2025-12-26,MG95,74.54,68.86883120059967
2025-12-26,MG92,72.58,70.26253118276597
2025-12-29,MG95,73.6,69.8049923980236
2025-12-29,MG92,71.54,65.36175699591637
2025-12-30,MG95,73.8,64.15940465331077
2025-12-30,MG92,71.74,65.74567849099637
2025-12-31,MG95,73.81,68.5110410618782
2025-12-31,MG92,71.75,69.80344404220581
2026-01-01,MG95,73.81,68.60305668354034
2026-01-01,MG92,71.75,66.24619391262532
2026-01-02,MG95,72.58,67.73767527699471
2026-01-02,MG92,71.57,62.33438003838062
2026-01-05,MG95,71.36,65.10698851227761
2026-01-05,MG92,70.2,62.241806930303575
2026-01-06,MG95,72.57,61.04393880724907
2026-01-06,MG92,71.21,59.83991932153702
2026-01-07,MG95,70.58,61.616222198009496
2026-01-07,MG92,69.56,62.339014012217525
2026-01-08,MG95,71.16,66.68275248289109
2026-01-08,MG92,69.91,58.17534227252007
2026-01-09,MG95,73.03,58.592596822977065
2026-01-09,MG92,71.94,60.06181822240353
2026-01-12,MG95,72.9,60.28298031449318
2026-01-12,MG92,71.81,62.71660425961018
2026-01-13,MG95,73.45,62.56169951558113
2026-01-13,MG92,72.36,60.88192522287369
2026-01-14,MG95,73.42,61.808745880126956
2026-01-14,MG92,71.84,61.945200231671336
2026-01-15,MG95,72.55,62.07075702548027
2026-01-15,MG92,71.4,61.839266294837
2026-01-16,MG95,71.76,61.42467841267586
2026-01-16,MG92,70.44,63.152868385314946
2026-01-19,MG95,71.95,61.611308512687685
2026-01-19,MG92,70.6,58.80251964569092
2026-01-20,MG95,72.36,58.15432260155678
2026-01-20,MG92,70.99,58.08495203435421
2026-01-21,MG95,73.22,64.90948960542678
2026-01-21,MG92,71.85,60.590757200121885
2026-01-22,MG95,73.64,65.29547899603844
2026-01-22,MG92,72.27,64.11987050652505
2026-01-23,MG95,73.5,62.52513090372086
2026-01-23,MG92,70.76,60.594868580102926
2026-01-26,MG95,73.88,59.42306171417236
2026-01-26,MG92,71.64,60.021772733926774
2026-01-27,MG95,72.35,63.63853980779648
2026-01-27,MG92,70.21,56.61281439185143
2026-01-28,MG95,74.54,62.814990999698644
2026-01-28,MG92,72.46,60.697588333487516
2026-01-29,MG95,75.75,63.22339967131615
2026-01-29,MG92,73.67,63.60758053660393
2026-01-30,MG95,75.44,64.43836753964425
2026-01-30,MG92,73.43,61.08367419958115
2026-02-02,MG95,72.54,66.26418507456779
2026-02-02,MG92,70.93,59.88429817676545
2026-02-03,MG95,72.82,64.63885820865632
2026-02-03,MG92,71.15,65.56502750694752
2026-02-04,MG95,74.68,65.46749585270882
2026-02-04,MG92,72.95,65.91475378990174
2026-02-05,MG95,75.06,68.0140109038353
2026-02-05,MG92,73.33,60.550341733694076
2026-02-06,MG95,75.24,61.294527291059495
2026-02-06,MG92,73.51,61.031729295253754
2026-02-09,MG95,76.56,68.91389698505402
2026-02-09,MG92,74.83,64.07644896924496
2026-02-10,MG95,78.41,66.6390879034996
2026-02-10,MG92,76.68,65.1053853994608
2026-02-11,MG95,77.63,60.11008770465851
2026-02-11,MG92,75.55,59.90953067302704
2026-02-12,MG95,77.16,67.00518112897873
2026-02-12,MG92,74.83,69.85634163975716
2026-02-13,MG95,73.85,63.02283326148987
2026-02-13,MG92,71.58,63.98068017661572
2026-02-16,MG95,73.8,67.55097416996956
2026-02-16,MG92,71.79,59.671098382473
2026-02-17,MG95,73.8,59.793140799999236
2026-02-17,MG92,71.79,64.31873365521432
2026-02-18,MG95,73.8,68.26737339496613
2026-02-18,MG92,71.79,64.42345591425897
2026-02-19,MG95,78.09,60.930976116657256
2026-02-19,MG92,76.08,62.47668743252755
2026-02-20,MG95,79.95,62.67819835543633
2026-02-20,MG92,77.63,62.37804668605328
2026-02-23,MG95,79.75,59.41982379436493
2026-02-23,MG92,77.43,63.83811379790306
2026-02-24,MG95,81.35,62.12088324308395
2026-02-24,MG92,78.89,63.816821566820146
2026-02-25,MG95,81.46,62.07230971217155
2026-02-25,MG92,79.0,62.90905754029751
2026-02-26,MG95,81.74,61.04197427988053
2026-02-26,MG92,79.28,61.53108853578568
2026-02-27,MG95,82.09,62.2925971364975
2026-02-27,MG92,79.63,64.25910708367824
2026-03-02,MG95,92.78,64.08811834573746
2026-03-02,MG92,90.32,67.46400871157647
2026-03-03,MG95,98.65,58.93165531158447
2026-03-03,MG92,95.56,62.05958353996277
2026-03-04,MG95,104.35,63.460288535356526
2026-03-04,MG92,99.68,63.57129957377911
2026-01-08,MG95,71.16,70.5330720770359
2026-01-08,MG92,69.91,68.36721704483033
2026-01-09,MG95,73.03,72.05991864204407
2026-01-09,MG92,71.94,65.09150024414063
2026-01-12,MG95,72.9,70.21826585531234
2026-01-12,MG92,71.81,62.4065735411644
2026-01-13,MG95,73.45,71.34588221311569
2026-01-13,MG92,72.36,67.9488715004921
2026-01-14,MG95,73.42,63.914245077371596
2026-01-14,MG92,71.84,63.72109840393067
2026-01-15,MG95,72.55,72.68637591362
2026-01-15,MG92,71.4,66.06050164699555
2026-01-16,MG95,71.76,72.71817163228988
2026-01-16,MG92,70.44,68.41592956304551
2026-01-19,MG95,71.95,71.38408082723618
2026-01-19,MG92,70.6,67.13553124189377
2026-01-20,MG95,72.36,70.04154678225517
2026-01-20,MG92,70.99,68.38907942533493
2026-01-21,MG95,73.22,66.47433891296386
2026-01-21,MG92,71.85,76.0521692609787
2026-01-22,MG95,73.64,74.31857577085495
2026-01-22,MG92,72.27,72.31478432655335
2026-01-23,MG95,73.5,73.08565239667892
2026-01-23,MG92,70.76,72.83667040348053
2026-01-26,MG95,73.88,69.78238517165184
2026-01-26,MG92,71.64,74.10914138317108
2026-01-27,MG95,72.35,75.94552542209625
2026-01-27,MG92,70.21,70.18276895999908
2026-01-28,MG95,74.54,70.6022797203064
2026-01-28,MG92,72.46,72.10446930408477
2026-01-29,MG95,75.75,69.42294378519058
2026-01-29,MG92,73.67,69.853187251091
2026-01-30,MG95,75.44,72.40673513412476
2026-01-30,MG92,73.43,73.3627855014801
2026-02-02,MG95,72.54,74.54855835199356
2026-02-02,MG92,70.93,71.22708839893342
2026-02-03,MG95,72.82,74.3478052830696
2026-02-03,MG92,71.15,63.10483881950378
2026-02-04,MG95,74.68,78.504260430336
2026-02-04,MG92,72.95,69.19292097091675
2026-02-05,MG95,75.06,73.59985285997391
2026-02-05,MG92,73.33,69.49034968137741
2026-02-06,MG95,75.24,71.71863842487335
2026-02-06,MG92,73.51,70.36800837516785
2026-02-09,MG95,76.56,78.83643692493439
2026-02-09,MG92,74.83,70.73209392070771
2026-02-10,MG95,78.41,69.00865709781647
2026-02-10,MG92,76.68,70.79231186389923
2026-02-11,MG95,77.63,74.56656386613845
2026-02-11,MG92,75.55,75.07496687412262
2026-02-12,MG95,77.16,73.85933419466018
2026-02-12,MG92,74.83,80.74035422325134
2026-02-13,MG95,73.85,72.97713972568512
2026-02-13,MG92,71.58,66.41434632778169
2026-02-16,MG95,73.8,74.81709292650223
2026-02-16,MG92,71.79,70.38794281959534
2026-02-17,MG95,73.8,74.05004961013793
2026-02-17,MG92,71.79,68.46017673254013
2026-02-18,MG95,73.8,74.4820978116989
2026-02-18,MG92,71.79,74.36154760360718
2026-02-19,MG95,78.09,72.70048584222793
2026-02-19,MG92,76.08,76.10852303981781
2026-02-20,MG95,79.95,73.24001181840896
2026-02-20,MG92,77.63,76.74221282482148
2026-02-23,MG95,79.75,77.67798402070999
2026-02-23,MG92,77.43,73.12479112148286
2026-02-24,MG95,81.35,74.04925871372222
2026-02-24,MG92,78.89,74.822353348732
2026-02-25,MG95,81.46,75.0272610282898
2026-02-25,MG92,79.0,72.409705119133
2026-02-26,MG95,81.74,73.59228886127472
2026-02-26,MG92,79.28,72.12974392414094
2026-02-27,MG95,82.09,76.42199002981185
2026-02-27,MG92,79.63,73.07198640346527
2026-03-02,MG95,92.78,72.82438733816147
2026-03-02,MG92,90.32,82.36591529369355
2026-03-03,MG95,98.65,75.25793354034424
2026-03-03,MG92,95.56,78.37816401958466
2026-03-04,MG95,104.35,79.42179282426834
2026-03-04,MG92,99.68,73.65105547904969
2026-03-05,MG95,110.97,75.5238009428978
2026-03-05,MG92,106.3,82.45790064811708
2026-03-06,MG95,121.36,77.62445547819138
2026-03-06,MG92,113.16,72.925861287117
2026-03-09,MG95,147.5,75.67229595184325
2026-03-09,MG92,139.3,73.4006228017807
2026-03-10,MG95,127.42,77.87053364276886
2026-03-10,MG92,119.22,75.97894915103913
2026-03-11,MG95,129.17,79.32505104780196
2026-03-11,MG92,116.76,75.28808465957641
2026-03-12,MG95,143.44,74.77525955438614
2026-03-12,MG92,130.12,73.78018988132477
2026-03-13,MG95,149.76,71.38891875743866
2026-03-13,MG92,136.44,69.90378624439239
2026-03-16,MG95,153.48,73.41904047727584
2026-03-16,MG92,140.16,74.73408289909364
2026-03-17,MG95,152.16,70.9467908334732
2026-03-17,MG92,138.84,72.33897266864777
2026-03-18,MG95,153.12,77.25209471464157
2026-03-18,MG92,139.8,75.24045427322388
2026-03-19,MG95,165.25,72.68428929328918
2026-03-19,MG92,151.93,73.03714258670807
2026-03-20,MG95,163.93,78.3487903881073
2026-03-20,MG92,150.61,69.05478124141693
2026-03-23,MG95,170.52,73.95244121313095
2026-03-23,MG92,157.2,70.88105496883392
2026-03-24,MG95,146.36,70.27643881082534
2026-03-24,MG92,141.81,69.23601137876511
2026-03-25,MG95,135.6,70.90740587472915
2026-03-25,MG92,131.05,72.67338043689728
2026-03-26,MG95,132.03,69.79248592853546
2026-03-26,MG92,127.48,70.17935257434846
2026-03-27,MG95,135.07,75.97006845235825
2026-03-27,MG92,130.52,68.96589716911316
2026-03-30,MG95,147.0,75.70279594659804
2026-03-30,MG92,139.66,73.91728479385377
2026-03-31,MG95,145.8,72.68253922462463
2026-03-31,MG92,138.46,74.1785139131546
2026-04-01,MG95,143.29,70.54736710906029
2026-04-01,MG92,136.05,69.03795222520829
2026-02-05,MG95,75.06,73.36588572978974
2026-02-05,MG92,73.33,72.75155437886716
2026-02-06,MG95,75.24,77.89455936908723
2026-02-06,MG92,73.51,77.14691247940064
2026-02-09,MG95,76.56,75.02774249553681
2026-02-09,MG92,74.83,75.11266115307808
2026-02-10,MG95,78.41,73.29848452568055
2026-02-10,MG92,76.68,73.08053172826767
2026-02-11,MG95,77.63,73.03008600473404
2026-02-11,MG92,75.55,76.2844551742077
2026-02-12,MG95,77.16,78.51944714069367
2026-02-12,MG92,74.83,77.74852373600007
2026-02-13,MG95,73.85,77.77782913684845
2026-02-13,MG92,71.58,76.7163230061531
2026-02-16,MG95,73.8,71.5834127688408
2026-02-16,MG92,71.79,69.203682872653
2026-02-17,MG95,73.8,73.57218006372453
2026-02-17,MG92,71.79,74.65552182197571
2026-02-18,MG95,73.8,69.8821399641037
2026-02-18,MG92,71.79,68.57400859892368
2026-02-19,MG95,78.09,75.2794442844391
2026-02-19,MG92,76.08,72.80655423998833
2026-02-20,MG95,79.95,72.43276052713395
2026-02-20,MG92,77.63,71.3971463829279
2026-02-23,MG95,79.75,71.10260386228562
2026-02-23,MG92,77.43,69.79153655469418
2026-02-24,MG95,81.35,71.8325684285164
2026-02-24,MG92,78.89,65.82515910863877
2026-02-25,MG95,81.46,74.1431539940834
2026-02-25,MG92,79.0,72.86113667786121
2026-02-26,MG95,81.74,73.36019700050355
2026-02-26,MG92,79.28,69.0826040416956
2026-02-27,MG95,82.09,74.86983797073366
2026-02-27,MG92,79.63,69.55751429796219
2026-03-02,MG95,92.78,72.42492183208466
2026-03-02,MG92,90.32,66.31738373339176
2026-03-03,MG95,98.65,72.91969438791276
2026-03-03,MG92,95.56,69.50844097733498
2026-03-04,MG95,104.35,68.75310080051423
2026-03-04,MG92,99.68,68.80967011153699
2026-03-05,MG95,110.97,66.56756489992142
2026-03-05,MG92,106.3,69.30077725946903
2026-03-06,MG95,121.36,69.69678887844087
2026-03-06,MG92,113.16,70.69139672219754
2026-03-09,MG95,147.5,69.8008374285698
2026-03-09,MG92,139.3,69.79034950733185
2026-03-10,MG95,127.42,69.2363579082489
2026-03-10,MG92,119.22,68.47911438047886
2026-03-11,MG95,129.17,71.16600782155992
2026-03-11,MG92,116.76,68.10822947621345
2026-03-12,MG95,143.44,70.62238697528839
2026-03-12,MG92,130.12,66.68762945830822
2026-03-13,MG95,149.76,72.51314610004425
2026-03-13,MG92,136.44,69.04690565764905
2026-03-16,MG95,153.48,69.65503592014313
2026-03-16,MG92,140.16,65.6051640123129
2026-03-17,MG95,152.16,68.52482607126237
2026-03-17,MG92,138.84,67.81068931519985
2026-03-18,MG95,153.12,70.06348935365678
2026-03-18,MG92,139.8,66.45539864301682
2026-03-19,MG95,165.25,73.14121208190919
2026-03-19,MG92,151.93,64.57942029833794
2026-03-20,MG95,163.93,72.66142696857453
2026-03-20,MG92,150.61,66.4927493274212
2026-03-23,MG95,170.52,68.77171158075333
2026-03-23,MG92,157.2,66.50431542992592
2026-03-24,MG95,146.36,70.48372531175615
2026-03-24,MG92,141.81,71.46951713860035
2026-03-25,MG95,135.6,73.04318610668183
2026-03-25,MG92,131.05,72.19836421906949
2026-03-26,MG95,132.03,69.551272251606
2026-03-26,MG92,127.48,68.09103250801563
2026-03-27,MG95,135.07,71.33953632116318
2026-03-27,MG92,130.52,71.62767271995544
2026-03-30,MG95,147.0,74.40865918636322
2026-03-30,MG92,139.66,71.63090775012971
2026-03-31,MG95,145.8,68.9461258840561
2026-03-31,MG92,138.46,71.4645124077797
2026-04-01,MG95,143.29,71.39846674919129
2026-04-01,MG92,136.05,72.94840857386589
2026-04-02,MG95,151.74,74.38014877080919
2026-04-02,MG92,144.5,74.46764657497407
2026-04-06,MG95,150.88,73.89742581605913
2026-04-06,MG92,141.87,65.8149148464203
2026-04-07,MG95,147.22,70.33901881694794
2026-04-07,MG92,138.21,74.71279577016831
2026-04-08,MG95,125.82,70.14481859683991
2026-04-08,MG92,119.46,70.68554844856263
2026-04-09,MG95,135.04,71.32455778121948
2026-04-09,MG92,130.98,72.17667125463485
2026-04-10,MG95,133.88,70.00247572898866
2026-04-10,MG92,128.17,72.66787406206132
2026-04-13,MG95,135.93,72.68696838378906
2026-04-13,MG92,128.49,76.04927195906639
2026-04-14,MG95,128.99,74.89217446804048
2026-04-14,MG92,123.87,73.42497547864915
2026-04-15,MG95,125.23,74.3390679550171
2026-04-15,MG92,119.01,76.88712738156319
2026-04-16,MG95,122.29,74.10978278636934
2026-04-16,MG92,120.88,72.74279718697072
2026-04-17,MG95,128.19,73.02018636941911
2026-04-17,MG92,122.19,68.15513741374016
2026-04-20,MG95,124.43,72.01188803672791
2026-04-20,MG92,118.67,71.57541219890118
2026-04-21,MG95,123.98,72.14272881031037
2026-04-21,MG92,118.22,70.80033984184266
2026-04-22,MG95,128.89,76.45369059562684
2026-04-22,MG92,124.24,72.20605611205102
2026-04-23,MG95,130.57,72.22893219947815
2026-04-23,MG92,125.92,71.42644862532616
2026-04-24,MG95,131.72,70.98024276733399
2026-04-24,MG92,124.69,69.61005744934083
2026-04-27,MG95,133.04,71.49074167728425
2026-04-27,MG92,128.03,67.44841811358928
2026-04-28,MG95,131.54,71.01538113117219
2026-04-28,MG92,126.52,68.22307304739952
2026-04-29,MG95,134.06,69.26777945756913
2026-04-29,MG92,129.82,68.22737337648869
2026-04-30,MG95,137.61,73.49149180412293
2026-04-30,MG92,134.27,67.98269378244878
