date,product,true,pred
2024-01-10,MG95,91.68,89.55070531368256
2024-01-10,MG92,87.36,84.08395651578903
2024-01-11,MG95,91.48,90.07531047821044
2024-01-11,MG92,87.16,83.11174325346946
2024-01-12,MG95,95.45,89.58468235969542
2024-01-12,MG92,90.36,83.70575156211852
2024-01-15,MG95,94.05,89.83948358535766
2024-01-15,MG92,88.96,83.91209497451781
2024-01-16,MG95,94.9,89.84111269474029
2024-01-16,MG92,89.81,83.886510014534
2024-01-17,MG95,93.09,89.94442804336548
2024-01-17,MG92,88.0,83.34746067523956
2024-01-18,MG95,95.56,90.13357509613036
2024-01-18,MG92,90.17,83.31085348725318
2024-01-19,MG95,97.74,89.70082827568054
2024-01-19,MG92,92.24,83.86843214035034
2024-01-22,MG95,97.16,89.8953843975067
2024-01-22,MG92,91.91,83.25294747948647
2024-01-23,MG95,101.07,89.8156432199478
2024-01-23,MG92,95.39,84.02573602199554
2024-01-24,MG95,100.72,89.76481074810027
2024-01-24,MG92,95.05,84.1499884366989
2024-01-25,MG95,101.96,90.38789717197417
2024-01-25,MG92,96.49,83.46050318479537
2024-01-26,MG95,102.8,89.93585658550262
2024-01-26,MG92,97.55,83.73283793926238
2024-01-29,MG95,105.17,90.20226388454437
2024-01-29,MG92,100.3,83.21922138929366
2024-01-30,MG95,101.74,90.079590883255
2024-01-30,MG92,97.1,83.6911989748478
2024-01-31,MG95,101.3,89.78062269210815
2024-01-31,MG92,96.66,83.6110202550888
2024-02-01,MG95,100.01,89.62730539798736
2024-02-01,MG92,95.37,83.82857357263565
2024-02-02,MG95,98.45,89.74234394550322
2024-02-02,MG92,93.62,82.64197721481322
2024-02-05,MG95,97.0,89.48539186954497
2024-02-05,MG92,92.17,84.12101514339446
2024-02-06,MG95,98.21,89.13574027538299
2024-02-06,MG92,93.38,84.51824142932891
2024-02-07,MG95,98.09,89.74127916812895
2024-02-07,MG92,93.26,82.86794049739837
2024-02-08,MG95,99.61,89.7617974281311
2024-02-08,MG92,95.45,83.83558356761932
2024-02-09,MG95,101.05,89.5616192817688
2024-02-09,MG92,96.89,83.43537980914115
2024-02-12,MG95,101.05,89.56686863422394
2024-02-12,MG92,96.89,82.97150277495383
2024-02-13,MG95,102.91,89.76659957408904
2024-02-13,MG92,98.69,83.71552599072456
2024-02-14,MG95,103.66,89.38813510417937
2024-02-14,MG92,99.44,83.74188194870948
2024-02-15,MG95,99.92,89.34959016323089
2024-02-15,MG92,95.56,83.72623373270034
2024-02-16,MG95,100.76,89.48380535125732
2024-02-16,MG92,96.4,83.494376373291
2024-02-19,MG95,100.24,89.374495306015
2024-02-19,MG92,95.65,83.24653602242469
2024-02-20,MG95,99.02,89.49272818565368
2024-02-20,MG92,94.35,83.94211317300795
2024-02-21,MG95,98.6,89.58857944488524
2024-02-21,MG92,93.93,83.44242023825645
2024-02-22,MG95,100.78,89.26299714326858
2024-02-22,MG92,96.11,83.72677647471427
2024-02-23,MG95,101.23,88.95642111778258
2024-02-23,MG92,96.56,83.06082695126533
2024-02-26,MG95,99.18,89.41159214973449
2024-02-26,MG92,94.51,84.04223132133484
2024-02-27,MG95,101.65,89.6382193660736
2024-02-27,MG92,96.98,82.75039880871772
2024-02-28,MG95,102.04,89.51417280197143
2024-02-28,MG92,97.37,82.88299524784088
2024-02-29,MG95,100.8,89.38692125797272
2024-02-29,MG92,96.13,83.52548512816429
2024-03-01,MG95,99.03,89.29472218513489
2024-03-01,MG92,94.59,84.34791681170464
2024-03-04,MG95,98.26,88.89773591279983
2024-03-04,MG92,93.82,83.18626629710197
2024-03-05,MG95,98.94,89.28099720478058
2024-03-05,MG92,94.5,82.94860616326332
2024-03-06,MG95,97.08,89.26573362112045
2024-03-06,MG92,93.64,83.08514382243156
2024-03-07,MG95,98.14,89.44241745471953
2024-03-07,MG92,94.2,83.15576622486114
2024-03-08,MG95,99.79,89.29679317712782
2024-03-08,MG92,95.41,83.255321341753
2024-03-11,MG95,98.19,89.1299798297882
2024-03-11,MG92,93.78,82.96098271012306
2024-03-12,MG95,99.19,89.36254850387573
2024-03-12,MG92,94.68,83.11209324598312
2024-03-13,MG95,98.51,89.16171019554137
2024-03-13,MG92,94.13,83.56001772284507
2024-03-14,MG95,99.8,89.4007420682907
2024-03-14,MG92,95.93,82.98188588619232
2024-03-15,MG95,100.94,89.51849579811096
2024-03-15,MG92,97.07,83.21300268173218
2024-03-18,MG95,103.56,89.17434377908705
2024-03-18,MG92,99.21,83.65474395751953
2024-03-19,MG95,103.3,89.0915679860115
2024-03-19,MG92,99.29,83.4768564581871
2024-03-20,MG95,104.4,89.08107460498809
2024-03-20,MG92,100.2,83.54269562959671
2024-03-21,MG95,104.78,89.32101153850554
2024-03-21,MG92,100.55,83.3257865011692
2024-03-22,MG95,105.55,89.12254768371581
2024-03-22,MG92,100.94,83.0230987727642
2024-03-25,MG95,105.67,89.21214337587355
2024-03-25,MG92,101.06,84.0108080804348
2024-03-26,MG95,105.19,89.34266911029815
2024-03-26,MG92,100.58,83.75257954597473
2024-03-27,MG95,103.9,89.39668526649474
2024-03-27,MG92,99.29,83.60033787488936
2024-03-28,MG95,104.58,88.81659987688064
2024-03-28,MG92,99.97,83.67172620296478
2024-04-01,MG95,106.58,88.79273821592331
2024-04-01,MG92,103.25,83.22089019417763
2024-04-02,MG95,106.91,89.51074421882629
2024-04-02,MG92,102.56,83.2498229086399
2024-04-03,MG95,107.09,89.2175205016136
2024-04-03,MG92,102.74,83.3493374466896
2024-02-07,MG95,98.09,98.00995319008827
2024-02-07,MG92,93.26,92.88758087754249
2024-02-08,MG95,99.61,97.53801037073134
2024-02-08,MG92,95.45,93.087891395092
2024-02-09,MG95,101.05,97.35639123558998
2024-02-09,MG92,96.89,93.07478930950164
2024-02-12,MG95,101.05,97.77861796796321
2024-02-12,MG92,96.89,92.91428597807884
2024-02-13,MG95,102.91,97.69771883666515
2024-02-13,MG92,98.69,92.84276439785957
2024-02-14,MG95,103.66,97.63804548323154
2024-02-14,MG92,99.44,92.99013224840164
2024-02-15,MG95,99.92,97.37985315442084
2024-02-15,MG92,95.56,92.98164427876472
2024-02-16,MG95,100.76,97.20075699508189
2024-02-16,MG92,96.4,93.06067979931831
2024-02-19,MG95,100.24,96.90434538781642
2024-02-19,MG92,95.65,93.15468754172325
2024-02-20,MG95,99.02,97.13720259070396
2024-02-20,MG92,94.35,93.17259854912757
2024-02-21,MG95,98.6,96.71610563635825
2024-02-21,MG92,93.93,93.35354536414145
2024-02-22,MG95,100.78,96.53633629322051
2024-02-22,MG92,96.11,93.34019281387329
2024-02-23,MG95,101.23,96.0459248226881
2024-02-23,MG92,96.56,93.63008619785309
2024-02-26,MG95,99.18,96.28389236867427
2024-02-26,MG92,94.51,93.41583314657211
2024-02-27,MG95,101.65,96.11133487284182
2024-02-27,MG92,96.98,93.50622306585312
2024-02-28,MG95,102.04,96.16617301046848
2024-02-28,MG92,97.37,93.48365898132323
2024-02-29,MG95,100.8,95.82070679247379
2024-02-29,MG92,96.13,93.64470220327377
2024-03-01,MG95,99.03,95.45293184876441
2024-03-01,MG92,94.59,93.76168590545655
2024-03-04,MG95,98.26,95.76716233849525
2024-03-04,MG92,93.82,93.70557068586349
2024-03-05,MG95,98.94,95.21283938348293
2024-03-05,MG92,94.5,93.85009437084197
2024-03-06,MG95,97.08,95.31667359411716
2024-03-06,MG92,93.64,93.79116281509398
2024-03-07,MG95,98.14,95.62545422196388
2024-03-07,MG92,94.2,93.659574239254
2024-03-08,MG95,99.79,95.07970704317093
2024-03-08,MG92,95.41,93.87448406457901
2024-03-11,MG95,98.19,94.99595127105712
2024-03-11,MG92,93.78,93.91409087896346
2024-03-12,MG95,99.19,94.58539110660553
2024-03-12,MG92,94.68,94.05238077640533
2024-03-13,MG95,98.51,94.72080056428909
2024-03-13,MG92,94.13,93.98159389257431
2024-03-14,MG95,99.8,94.4994811463356
2024-03-14,MG92,95.93,94.12727528095245
2024-03-15,MG95,100.94,94.2897873198986
2024-03-15,MG92,97.07,94.09991340637207
2024-03-18,MG95,103.56,93.95245199143886
2024-03-18,MG92,99.21,94.41702395200728
2024-03-19,MG95,103.3,93.97308068454265
2024-03-19,MG92,99.29,94.44613351345062
2024-03-20,MG95,104.4,93.63697464823723
2024-03-20,MG92,100.2,94.52375530004501
2024-03-21,MG95,104.78,93.8317355018854
2024-03-21,MG92,100.55,94.46416697025299
2024-03-22,MG95,105.55,93.73675219476222
2024-03-22,MG92,100.94,94.36237812519073
2024-03-25,MG95,105.67,93.51189709842204
2024-03-25,MG92,101.06,94.45204447984695
2024-03-26,MG95,105.19,93.68594730615615
2024-03-26,MG92,100.58,94.3542296743393
2024-03-27,MG95,103.9,93.48812492966651
2024-03-27,MG92,99.29,94.64585961341858
2024-03-28,MG95,104.58,92.80887662291526
2024-03-28,MG92,99.97,94.65312865495682
2024-04-01,MG95,106.58,93.1865385878086
2024-04-01,MG92,103.25,94.7138746881485
2024-04-02,MG95,106.91,93.13045945048331
2024-04-02,MG92,102.56,94.67897660970688
2024-04-03,MG95,107.09,92.48647426724433
2024-04-03,MG92,102.74,95.02982753038405
2024-04-04,MG95,106.36,92.6339717644453
2024-04-04,MG92,102.01,94.86735944271088
2024-04-05,MG95,107.02,92.78214829921721
2024-04-05,MG92,102.67,94.80159298419952
2024-04-08,MG95,106.27,92.07733071565627
2024-04-08,MG92,101.92,95.13773884534835
2024-04-09,MG95,106.43,92.47016565799713
2024-04-09,MG92,101.97,94.84408292531967
2024-04-10,MG95,106.43,92.80681609511375
2024-04-10,MG92,101.97,94.84974899291991
2024-04-11,MG95,107.79,92.24318564236164
2024-04-11,MG92,103.38,95.18069632053374
2024-04-12,MG95,108.62,92.12262135088443
2024-04-12,MG92,104.21,95.31252979516982
2024-04-15,MG95,107.89,91.82465264022349
2024-04-15,MG92,103.48,95.11662189006805
2024-04-16,MG95,108.46,92.08365278959273
2024-04-16,MG92,104.05,95.17141242980956
2024-04-17,MG95,108.41,91.67354336559772
2024-04-17,MG92,104.0,95.17337162017822
2024-04-18,MG95,105.32,91.62289652884006
2024-04-18,MG92,100.91,95.29848150968552
2024-04-19,MG95,105.41,92.0690768969059
2024-04-19,MG92,101.0,95.01071429252625
2024-04-22,MG95,104.36,91.95097118973732
2024-04-22,MG92,99.95,95.04099268913268
2024-04-23,MG95,104.94,91.60163562834262
2024-04-23,MG92,100.53,95.25364276647568
2024-04-24,MG95,105.05,91.48985784888266
2024-04-24,MG92,100.64,95.41899398088455
2024-04-25,MG95,105.56,91.41916769623757
2024-04-25,MG92,101.15,95.52151752233505
2024-04-26,MG95,106.1,91.39232229709624
2024-04-26,MG92,101.69,95.45004046916961
2024-04-29,MG95,106.05,91.40825041115284
2024-04-29,MG92,101.64,95.38558755874634
2024-04-30,MG95,105.3,91.17344390213489
2024-04-30,MG92,100.89,95.39509408473968
2024-05-01,MG95,105.3,91.4809308463335
2024-05-01,MG92,100.89,95.14121195554733
2024-03-06,MG95,97.08,99.98003313302993
2024-03-06,MG92,93.64,95.09816372394562
2024-03-07,MG95,98.14,99.48381210565567
2024-03-07,MG92,94.2,94.72378474473953
2024-03-08,MG95,99.79,99.2003650689125
2024-03-08,MG92,95.41,94.33691257238388
2024-03-11,MG95,98.19,98.88037256598473
2024-03-11,MG92,93.78,94.17304220795631
2024-03-12,MG95,99.19,98.29109830141067
2024-03-12,MG92,94.68,93.65771770477295
2024-03-13,MG95,98.51,97.45430914878845
2024-03-13,MG92,94.13,93.05552101135254
2024-03-14,MG95,99.8,96.80195164203644
2024-03-14,MG92,95.93,92.463908046484
2024-03-15,MG95,100.94,97.06648609042168
2024-03-15,MG92,97.07,92.60240337252617
2024-03-18,MG95,103.56,97.88296499848366
2024-03-18,MG92,99.21,93.39447069168091
2024-03-19,MG95,103.3,96.86323031544686
2024-03-19,MG92,99.29,92.86944678425789
2024-03-20,MG95,104.4,96.9312083029747
2024-03-20,MG92,100.2,92.63917887210846
2024-03-21,MG95,104.78,96.74896454930305
2024-03-21,MG92,100.55,92.54663461446762
2024-03-22,MG95,105.55,96.03694422483444
2024-03-22,MG92,100.94,91.87595629692078
2024-03-25,MG95,105.67,95.89666554093361
2024-03-25,MG92,101.06,91.99711436033249
2024-03-26,MG95,105.19,95.52240033745765
2024-03-26,MG92,100.58,91.44953736662865
2024-03-27,MG95,103.9,95.5570409810543
2024-03-27,MG92,99.29,91.52784231305122
2024-03-28,MG95,104.58,95.9890877687931
2024-03-28,MG92,99.97,91.88935634493828
2024-04-01,MG95,106.58,95.55319005489349
2024-04-01,MG92,103.25,91.38008692860603
2024-04-02,MG95,106.91,94.95200917482376
2024-04-02,MG92,102.56,91.22140422463417
2024-04-03,MG95,107.09,95.28022838830948
2024-04-03,MG92,102.74,91.19221025705338
2024-04-04,MG95,106.36,94.3858522617817
2024-04-04,MG92,102.01,90.61920189857483
2024-04-05,MG95,107.02,94.81533373117446
2024-04-05,MG92,102.67,91.07420083880424
2024-04-08,MG95,106.27,94.81609448075294
2024-04-08,MG92,101.92,90.96483188867569
2024-04-09,MG95,106.43,94.91111151337623
2024-04-09,MG92,101.97,90.99966412782669
2024-04-10,MG95,106.43,94.9062993299961
2024-04-10,MG92,101.97,91.074876755476
2024-04-11,MG95,107.79,94.185609998703
2024-04-11,MG92,103.38,90.54983595013618
2024-04-12,MG95,108.62,93.76131813883781
2024-04-12,MG92,104.21,90.01029109954834
2024-04-15,MG95,107.89,94.45244438767433
2024-04-15,MG92,103.48,90.69454970955849
2024-04-16,MG95,108.46,93.56374734520912
2024-04-16,MG92,104.05,89.9987216591835
2024-04-17,MG95,108.41,93.88370446443558
2024-04-17,MG92,104.0,90.10312262177467
2024-04-18,MG95,105.32,94.24793249130249
2024-04-18,MG92,100.91,90.60012978315353
2024-04-19,MG95,105.41,93.81763719677924
2024-04-19,MG92,101.0,90.25057384371758
2024-04-22,MG95,104.36,94.12019732952118
2024-04-22,MG92,99.95,90.54405122995377
2024-04-23,MG95,104.94,93.50975181698799
2024-04-23,MG92,100.53,90.0401102900505
2024-04-24,MG95,105.05,92.996004062891
2024-04-24,MG92,100.64,89.6132463812828
2024-04-25,MG95,105.56,92.92633355498313
2024-04-25,MG92,101.15,89.66644102334976
2024-04-26,MG95,106.1,93.04446204185486
2024-04-26,MG92,101.69,89.6344983279705
2024-04-29,MG95,106.05,92.77296290159225
2024-04-29,MG92,101.64,89.24782893061638
2024-04-30,MG95,105.3,93.74576700210571
2024-04-30,MG92,100.89,90.11944037675858
2024-05-01,MG95,105.3,92.30796209335327
2024-05-01,MG92,100.89,89.0547983944416
2024-05-02,MG95,100.51,92.87533974409104
2024-05-02,MG92,96.1,89.53734657168388
2024-05-03,MG95,98.84,93.55767904043198
2024-05-03,MG92,95.37,89.96991071105003
2024-05-06,MG95,98.2,92.20014795541763
2024-05-06,MG92,94.3,88.99595984816551
2024-05-07,MG95,98.51,92.61364778637886
2024-05-07,MG92,93.98,89.32270923256874
2024-05-08,MG95,95.84,92.28494499564171
2024-05-08,MG92,90.88,88.97331663966179
2024-05-09,MG95,96.86,92.41702055811882
2024-05-09,MG92,91.9,89.08216175436974
2024-05-10,MG95,97.03,90.91571370005607
2024-05-10,MG92,92.07,88.06857964396477
2024-05-13,MG95,96.4,91.95119413018226
2024-05-13,MG92,91.44,88.89068582654
2024-05-14,MG95,95.49,91.7676293849945
2024-05-14,MG92,90.53,88.66513243317604
2024-05-15,MG95,94.93,92.67223729848861
2024-05-15,MG92,89.97,89.51784637570381
2024-05-16,MG95,96.38,91.35636462450027
2024-05-16,MG92,91.42,88.2854306101799
2024-05-17,MG95,97.35,92.13081359267234
2024-05-17,MG92,92.39,88.86644858121872
2024-05-20,MG95,97.43,91.5176022541523
2024-05-20,MG92,93.46,88.32835695147514
2024-05-21,MG95,95.4,92.09540630221366
2024-05-21,MG92,91.42,88.96614629030228
2024-05-22,MG95,95.4,91.48710740089416
2024-05-22,MG92,91.42,88.24833405017853
2024-05-23,MG95,93.75,90.6646545445919
2024-05-23,MG92,90.22,87.81529676914215
2024-05-24,MG95,92.47,91.56580075263977
2024-05-24,MG92,88.81,88.50395447015762
2024-05-27,MG95,92.46,90.93356477737427
2024-05-27,MG92,88.8,87.95545372366905
2024-05-28,MG95,92.45,90.36236568689345
2024-05-28,MG92,88.92,87.38009092211723
2024-05-29,MG95,93.52,90.71646218061447
2024-05-29,MG92,89.23,87.84713244438171
2024-04-04,MG95,106.36,106.66974561989308
2024-04-04,MG92,102.01,102.49861891627312
2024-04-05,MG95,107.02,106.64259845972062
2024-04-05,MG92,102.67,102.55737659692764
2024-04-08,MG95,106.27,107.08526376843453
2024-04-08,MG92,101.92,102.96733925342559
2024-04-09,MG95,106.43,106.39168031573296
2024-04-09,MG92,101.97,102.50547755122184
2024-04-10,MG95,106.43,106.23915068030358
2024-04-10,MG92,101.97,102.51407534003258
2024-04-11,MG95,107.79,106.0275266623497
2024-04-11,MG92,103.38,102.20711468338966
2024-04-12,MG95,108.62,105.69336063146592
2024-04-12,MG92,104.21,102.00074938058853
2024-04-15,MG95,107.89,105.18845409095287
2024-04-15,MG92,103.48,101.55672012925147
2024-04-16,MG95,108.46,105.18221145689488
2024-04-16,MG92,104.05,101.60638399481773
2024-04-17,MG95,108.41,104.68490075945854
2024-04-17,MG92,104.0,101.48723358392715
2024-04-18,MG95,105.32,104.67263251543045
2024-04-18,MG92,100.91,101.25317041873932
2024-04-19,MG95,105.41,104.29774255275727
2024-04-19,MG92,101.0,101.13530600190163
2024-04-22,MG95,104.36,104.61348706841468
2024-04-22,MG92,99.95,101.14213401794433
2024-04-23,MG95,104.94,103.98403423368931
2024-04-23,MG92,100.53,100.74897501707076
2024-04-24,MG95,105.05,104.2241203224659
2024-04-24,MG92,100.64,100.91812610149383
2024-04-25,MG95,105.56,103.53425181150436
2024-04-25,MG92,101.15,100.46589098334312
2024-04-26,MG95,106.1,103.38398816287518
2024-04-26,MG92,101.69,100.51545686841011
2024-04-29,MG95,106.05,103.1735641604662
2024-04-29,MG92,101.64,100.20644474506378
2024-04-30,MG95,105.3,103.10201004207134
2024-04-30,MG92,100.89,100.05547516703605
2024-05-01,MG95,105.3,102.64824458956718
2024-05-01,MG92,100.89,99.86790374875068
2024-05-02,MG95,100.51,102.69180898368359
2024-05-02,MG92,96.1,99.86846713662148
2024-05-03,MG95,98.84,102.55620084404946
2024-05-03,MG92,95.37,99.78718006491661
2024-05-06,MG95,98.2,102.36682817816735
2024-05-06,MG92,94.3,99.76981302142143
2024-05-07,MG95,98.51,102.27289504647256
2024-05-07,MG92,93.98,99.68266549110412
2024-05-08,MG95,95.84,101.96149739563465
2024-05-08,MG92,90.88,99.24632770895957
2024-05-09,MG95,96.86,102.13278046548366
2024-05-09,MG92,91.9,99.64377335667609
2024-05-10,MG95,97.03,101.94760147094726
2024-05-10,MG92,92.07,99.56814465880393
2024-05-13,MG95,96.4,101.60196507871152
2024-05-13,MG92,91.44,99.11060022234916
2024-05-14,MG95,95.49,101.44411197006703
2024-05-14,MG92,90.53,99.10594002485274
2024-05-15,MG95,94.93,101.24126466155053
2024-05-15,MG92,89.97,98.82054732561112
2024-05-16,MG95,96.38,101.11826945126057
2024-05-16,MG92,91.42,98.538228764534
2024-05-17,MG95,97.35,100.94228206515312
2024-05-17,MG92,92.39,98.6087012386322
2024-05-20,MG95,97.43,101.01141062021256
2024-05-20,MG92,93.46,98.55398525357246
2024-05-21,MG95,95.4,100.97006753146648
2024-05-21,MG92,91.42,98.74546364426612
2024-05-22,MG95,95.4,100.91021994769574
2024-05-22,MG92,91.42,98.69779613137244
2024-05-23,MG95,93.75,100.96515257418156
2024-05-23,MG92,90.22,98.60035452485084
2024-05-24,MG95,92.47,100.7059938979149
2024-05-24,MG92,88.81,98.67876954317093
2024-05-27,MG95,92.46,100.86475340127946
2024-05-27,MG92,88.8,98.70905776500702
2024-05-28,MG95,92.45,100.46581844627858
2024-05-28,MG92,88.92,98.40207873702049
2024-05-29,MG95,93.52,100.81670171499253
2024-05-29,MG92,89.23,98.7228117775917
2024-05-30,MG95,90.86,100.71842810153962
2024-05-30,MG92,86.57,98.60988925218582
2024-05-31,MG95,90.78,100.22204294800758
2024-05-31,MG92,85.96,98.18025088667869
2024-06-03,MG95,91.38,100.20838319659234
2024-06-03,MG92,86.43,98.25151945233344
2024-06-04,MG95,88.04,99.947481944561
2024-06-04,MG92,83.24,98.02212260842323
2024-06-05,MG95,89.43,99.61362230062485
2024-06-05,MG92,84.63,97.89329662322997
2024-06-06,MG95,89.87,99.70119152009488
2024-06-06,MG92,85.14,97.94797586560249
2024-06-07,MG95,91.12,99.61931599140168
2024-06-07,MG92,85.88,97.81771079182624
2024-06-10,MG95,91.67,99.4332306021452
2024-06-10,MG92,86.43,97.60674040555953
2024-06-11,MG95,92.62,99.17636982798577
2024-06-11,MG92,87.38,97.48740628123282
2024-06-12,MG95,92.14,99.33585700035096
2024-06-12,MG92,86.9,97.57721765637397
2024-06-13,MG95,91.15,99.36143392741681
2024-06-13,MG92,85.91,97.60787330508232
2024-06-14,MG95,91.78,98.8449165982008
2024-06-14,MG92,86.54,97.35935801625251
2024-06-17,MG95,91.78,98.74919620931149
2024-06-17,MG92,86.54,97.18846777796745
2024-06-18,MG95,93.26,98.60782416522503
2024-06-18,MG92,88.02,97.17233773827552
2024-06-19,MG95,94.52,98.70764247953892
2024-06-19,MG92,89.28,97.22001749873161
2024-06-20,MG95,94.85,98.53725303828716
2024-06-20,MG92,89.61,97.05694732904433
2024-06-21,MG95,95.95,98.38243188381196
2024-06-21,MG92,90.71,97.02607734799385
2024-06-24,MG95,95.52,98.29047750115394
2024-06-24,MG92,90.28,96.91898466229438
2024-06-25,MG95,95.57,98.48564598679543
2024-06-25,MG92,90.33,96.91496746182442
2024-06-26,MG95,95.65,97.97035420536996
2024-06-26,MG92,90.41,96.64280212998389
2024-05-02,MG95,100.51,105.19645873904228
2024-05-02,MG92,96.1,101.05181159734725
2024-05-03,MG95,98.84,104.59598595499992
2024-05-03,MG92,95.37,100.88135256886483
2024-05-06,MG95,98.2,104.75650409460067
2024-05-06,MG92,94.3,101.01330106258392
2024-05-07,MG95,98.51,104.79207855463028
2024-05-07,MG92,93.98,101.0369943022728
2024-05-08,MG95,95.84,104.63223826289176
2024-05-08,MG92,90.88,100.8315486574173
2024-05-09,MG95,96.86,104.95570349693298
2024-05-09,MG92,91.9,100.93386256098748
2024-05-10,MG95,97.03,104.82223023176194
2024-05-10,MG92,92.07,100.85820054531098
2024-05-13,MG95,96.4,104.91940725445747
2024-05-13,MG92,91.44,100.85219905972481
2024-05-14,MG95,95.49,104.74382582902908
2024-05-14,MG92,90.53,100.880498650074
2024-05-15,MG95,94.93,104.73798252940178
2024-05-15,MG92,89.97,100.97898795962334
2024-05-16,MG95,96.38,104.45334919095039
2024-05-16,MG92,91.42,100.97220471739769
2024-05-17,MG95,97.35,104.60862028598785
2024-05-17,MG92,92.39,101.03561119437218
2024-05-20,MG95,97.43,104.31340498924256
2024-05-20,MG92,93.46,100.87577804267407
2024-05-21,MG95,95.4,104.16806938648223
2024-05-21,MG92,91.42,100.9078481054306
2024-05-22,MG95,95.4,104.79222291111945
2024-05-22,MG92,91.42,100.9566297197342
2024-05-23,MG95,93.75,104.91360788941383
2024-05-23,MG92,90.22,101.11521807432175
2024-05-24,MG95,92.47,104.89934170246124
2024-05-24,MG92,88.81,100.97543998718261
2024-05-27,MG95,92.46,104.64472823739051
2024-05-27,MG92,88.8,100.96338890790939
2024-05-28,MG95,92.45,104.52515712976455
2024-05-28,MG92,88.92,101.06298470377922
2024-05-29,MG95,93.52,104.55685279369354
2024-05-29,MG92,89.23,100.94652701854706
2024-05-30,MG95,90.86,104.28314033746719
2024-05-30,MG92,86.57,101.02508754730225
2024-05-31,MG95,90.78,104.52771788835526
2024-05-31,MG92,85.96,100.97776120305062
2024-06-03,MG95,91.38,104.84989019036293
2024-06-03,MG92,86.43,101.08338253855705
2024-06-04,MG95,88.04,104.3428223311901
2024-06-04,MG92,83.24,100.95595620632172
2024-06-05,MG95,89.43,104.95710940361023
2024-06-05,MG92,84.63,100.83859649419784
2024-06-06,MG95,89.87,104.7535542011261
2024-06-06,MG92,85.14,100.81725453794003
2024-06-07,MG95,91.12,105.02318701744079
2024-06-07,MG92,85.88,100.97540390610695
2024-06-10,MG95,91.67,104.99980126619339
2024-06-10,MG92,86.43,100.7646543431282
2024-06-11,MG95,92.62,105.08640260696411
2024-06-11,MG92,87.38,100.84011189937591
2024-06-12,MG95,92.14,104.36598840951919
2024-06-12,MG92,86.9,100.80132474303245
2024-06-13,MG95,91.15,104.60583357810974
2024-06-13,MG92,85.91,100.49137627601624
2024-06-14,MG95,91.78,104.09296635389327
2024-06-14,MG92,86.54,100.60636666417122
2024-06-17,MG95,91.78,105.10906657576561
2024-06-17,MG92,86.54,100.79502859532833
2024-06-18,MG95,93.26,104.54028317928314
2024-06-18,MG92,88.02,100.62642172873021
2024-06-19,MG95,94.52,104.65564284324645
2024-06-19,MG92,89.28,100.56491552174091
2024-06-20,MG95,94.85,104.54136271476746
2024-06-20,MG92,89.61,100.48248229086398
2024-06-21,MG95,95.95,104.18375403285026
2024-06-21,MG92,90.71,100.64641665816308
2024-06-24,MG95,95.52,105.01909482479095
2024-06-24,MG92,90.28,100.44048993229866
2024-06-25,MG95,95.57,104.51095370650292
2024-06-25,MG92,90.33,100.52649518966675
2024-06-26,MG95,95.65,104.83868687152862
2024-06-26,MG92,90.41,100.67365185678005
2024-06-27,MG95,96.51,104.74093869924545
2024-06-27,MG92,91.27,100.79683866262435
2024-06-28,MG95,97.45,104.78926674127578
2024-06-28,MG92,92.37,100.85136318147183
2024-07-01,MG95,97.87,104.57721961140632
2024-07-01,MG92,93.14,100.8072059583664
2024-07-02,MG95,99.67,104.88523870110511
2024-07-02,MG92,95.23,100.78259866476058
2024-07-03,MG95,99.3,104.02560836076736
2024-07-03,MG92,94.88,100.61342652797698
2024-07-04,MG95,99.01,104.73834655880928
2024-07-04,MG92,94.59,100.83806129157543
2024-07-05,MG95,99.01,104.60166606903076
2024-07-05,MG92,94.59,100.98110471606255
2024-07-08,MG95,98.17,104.24516202807426
2024-07-08,MG92,93.75,100.75654812812805
2024-07-09,MG95,97.03,104.55434852242469
2024-07-09,MG92,92.61,100.86179061233997
2024-07-10,MG95,95.6,104.05019917488097
2024-07-10,MG92,91.18,100.70205367684365
2024-07-11,MG95,96.48,104.4223878622055
2024-07-11,MG92,92.06,100.69850570440292
2024-07-12,MG95,98.5,104.27810041308403
2024-07-12,MG92,94.08,100.7272683352232
2024-07-15,MG95,97.85,104.39236798882484
2024-07-15,MG92,93.43,100.68136117994786
2024-07-16,MG95,96.55,104.86099936366081
2024-07-16,MG92,92.13,100.66549753367902
2024-07-17,MG95,96.37,104.49081911444664
2024-07-17,MG92,91.95,100.88749236524104
2024-07-18,MG95,97.64,104.48277280926705
2024-07-18,MG92,93.22,100.76046292483807
2024-07-19,MG95,96.84,104.64443324804306
2024-07-19,MG92,92.42,100.904468511343
2024-07-22,MG95,95.04,104.4261536836624
2024-07-22,MG92,90.62,100.76764305889607
2024-07-23,MG95,94.99,104.33194538354873
2024-07-23,MG92,90.57,100.69545685350894
2024-07-24,MG95,93.51,104.36563065648079
2024-07-24,MG92,89.09,100.83803122401237
2024-05-30,MG95,90.86,92.41401774406432
2024-05-30,MG92,86.57,88.79605111598968
2024-05-31,MG95,90.78,91.87170125961303
2024-05-31,MG92,85.96,87.92537707924843
2024-06-03,MG95,91.38,92.03100150108337
2024-06-03,MG92,86.43,88.3656071382761
2024-06-04,MG95,88.04,91.85303317546844
2024-06-04,MG92,83.24,87.78389374494553
2024-06-05,MG95,89.43,92.27099424362183
2024-06-05,MG92,84.63,88.55505822658539
2024-06-06,MG95,89.87,92.07140349388122
2024-06-06,MG92,85.14,87.98140239477158
2024-06-07,MG95,91.12,92.2404307603836
2024-06-07,MG92,85.88,88.63662840545177
2024-06-10,MG95,91.67,91.91375322341919
2024-06-10,MG92,86.43,88.0931658256054
2024-06-11,MG95,92.62,91.23987384796142
2024-06-11,MG92,87.38,88.24218550622463
2024-06-12,MG95,92.14,90.43232452392577
2024-06-12,MG92,86.9,87.01569168031216
2024-06-13,MG95,91.15,90.45910868167877
2024-06-13,MG92,85.91,86.9345735758543
2024-06-14,MG95,91.78,90.20861409664154
2024-06-14,MG92,86.54,86.82212405562402
2024-06-17,MG95,91.78,90.09416965484618
2024-06-17,MG92,86.54,86.7499889355898
2024-06-18,MG95,93.26,90.27035980224609
2024-06-18,MG92,88.02,86.6960644364357
2024-06-19,MG95,94.52,90.52745427131653
2024-06-19,MG92,89.28,87.29561615407468
2024-06-20,MG95,94.85,89.48069259643555
2024-06-20,MG92,89.61,86.21608374059201
2024-06-21,MG95,95.95,89.68972051143646
2024-06-21,MG92,90.71,86.579902587533
2024-06-24,MG95,95.52,89.77774312019348
2024-06-24,MG92,90.28,86.81844895660878
2024-06-25,MG95,95.57,89.24477461338043
2024-06-25,MG92,90.33,86.43060102522374
2024-06-26,MG95,95.65,88.56358742713928
2024-06-26,MG92,90.41,86.3971741116047
2024-06-27,MG95,96.51,89.23313562870025
2024-06-27,MG92,91.27,86.74226112246514
2024-06-28,MG95,97.45,88.83033645629882
2024-06-28,MG92,92.37,86.21886000931264
2024-07-01,MG95,97.87,88.71801579475402
2024-07-01,MG92,93.14,86.2160624665022
2024-07-02,MG95,99.67,88.39519004821777
2024-07-02,MG92,95.23,86.3226669305563
2024-07-03,MG95,99.3,88.15868119716644
2024-07-03,MG92,94.88,85.85546132564545
2024-07-04,MG95,99.01,88.52116756439209
2024-07-04,MG92,94.59,86.41519858419896
2024-07-05,MG95,99.01,88.28603554725646
2024-07-05,MG92,94.59,85.8625987827778
2024-07-08,MG95,98.17,87.57984795570373
2024-07-08,MG92,93.75,85.92088978886605
2024-07-09,MG95,97.03,87.34714630126953
2024-07-09,MG92,92.61,85.57614316344261
2024-07-10,MG95,95.6,87.74665668010711
2024-07-10,MG92,91.18,86.22246596753598
2024-07-11,MG95,96.48,87.65520034790039
2024-07-11,MG92,92.06,86.20836656451226
2024-07-12,MG95,98.5,87.21931256771087
2024-07-12,MG92,94.08,85.60129977464676
2024-07-15,MG95,97.85,86.77564316749573
2024-07-15,MG92,93.43,85.28752290546895
2024-07-16,MG95,96.55,86.54284117698668
2024-07-16,MG92,92.13,85.46954401791096
2024-07-17,MG95,96.37,86.33444872379303
2024-07-17,MG92,91.95,85.24445351064206
2024-07-18,MG95,97.64,86.28962079524993
2024-07-18,MG92,93.22,85.32567266702652
2024-07-19,MG95,96.84,86.87976971626281
2024-07-19,MG92,92.42,86.27201864123344
2024-07-22,MG95,95.04,85.83908394813537
2024-07-22,MG92,90.62,84.75740981698037
2024-07-23,MG95,94.99,86.30324420452118
2024-07-23,MG92,90.57,84.69327375471592
2024-07-24,MG95,93.51,86.5146523141861
2024-07-24,MG92,89.09,85.8946056509018
2024-07-25,MG95,94.15,86.48396619796753
2024-07-25,MG92,89.73,85.32552906692028
2024-07-26,MG95,95.36,85.48189867019653
2024-07-26,MG92,90.94,85.09013658165932
2024-07-29,MG95,95.11,86.26484335899353
2024-07-29,MG92,90.69,85.66769620895386
2024-07-30,MG95,93.01,85.69276607990264
2024-07-30,MG92,88.91,85.16220256090165
2024-07-31,MG95,93.39,84.92886852264404
2024-07-31,MG92,89.28,84.01210399150848
2024-08-01,MG95,93.51,84.82872754573822
2024-08-01,MG92,89.4,84.57503768205643
2024-08-02,MG95,92.86,85.06735460281372
2024-08-02,MG92,87.7,84.9079559135437
2024-08-05,MG95,87.55,84.31529670238494
2024-08-05,MG92,82.85,84.53455308914185
2024-08-06,MG95,87.23,85.01554216861724
2024-08-06,MG92,83.27,84.88448527395725
2024-08-07,MG95,87.3,83.87645458221435
2024-08-07,MG92,82.76,83.88584758698941
2024-08-08,MG95,89.62,84.54371177673339
2024-08-08,MG92,85.03,83.7947572529316
2024-08-09,MG95,89.62,83.58326142311095
2024-08-09,MG92,85.03,83.40876548588277
2024-08-12,MG95,91.37,84.14552806377411
2024-08-12,MG92,86.89,84.32479588210583
2024-08-13,MG95,91.98,84.62539091587067
2024-08-13,MG92,87.5,84.75501116335393
2024-08-14,MG95,90.6,84.224821434021
2024-08-14,MG92,86.12,84.77946041107178
2024-08-15,MG95,88.66,84.19526131153107
2024-08-15,MG92,83.84,84.10988502681256
2024-08-16,MG95,90.15,84.04194221496581
2024-08-16,MG92,85.99,84.17229788780213
2024-08-19,MG95,88.79,84.09308016777038
2024-08-19,MG92,84.63,84.13963684141636
2024-08-20,MG95,87.02,83.77887774944305
2024-08-20,MG92,82.86,84.17487205266953
2024-08-21,MG95,87.66,83.5068276309967
2024-08-21,MG92,83.5,83.64261559963226
2024-06-27,MG95,96.51,95.41991730630399
2024-06-27,MG92,91.27,90.40312920868396
2024-06-28,MG95,97.45,94.96653632819653
2024-06-28,MG92,92.37,90.3578358745575
2024-07-01,MG95,97.87,94.76365398466588
2024-07-01,MG92,93.14,90.62510157346725
2024-07-02,MG95,99.67,94.58858771920205
2024-07-02,MG92,95.23,90.64793954491616
2024-07-03,MG95,99.3,94.10733935236931
2024-07-03,MG92,94.88,90.69314126849174
2024-07-04,MG95,99.01,93.56277933418751
2024-07-04,MG92,94.59,90.91880499958992
2024-07-05,MG95,99.01,93.53152544200421
2024-07-05,MG92,94.59,90.9963614141941
2024-07-08,MG95,98.17,93.5604589521885
2024-07-08,MG92,93.75,90.9866075849533
2024-07-09,MG95,97.03,93.9129061639309
2024-07-09,MG92,92.61,91.14115997314452
2024-07-10,MG95,95.6,92.68074911534787
2024-07-10,MG92,91.18,91.06227789998054
2024-07-11,MG95,96.48,93.63239649534226
2024-07-11,MG92,92.06,91.01270042538643
2024-07-12,MG95,98.5,92.8402397453785
2024-07-12,MG92,94.08,91.19273132443428
2024-07-15,MG95,97.85,92.71699724495411
2024-07-15,MG92,93.43,91.17641386866569
2024-07-16,MG95,96.55,92.58287688493729
2024-07-16,MG92,92.13,91.32022087812423
2024-07-17,MG95,96.37,92.44565508067609
2024-07-17,MG92,91.95,91.46856530427932
2024-07-18,MG95,97.64,92.52196543216706
2024-07-18,MG92,93.22,91.52696972489356
2024-07-19,MG95,96.84,92.07912594377996
2024-07-19,MG92,92.42,91.69182560563087
2024-07-22,MG95,95.04,92.0155178308487
2024-07-22,MG92,90.62,91.64109491586684
2024-07-23,MG95,94.99,91.71687839627266
2024-07-23,MG92,90.57,91.63886392951011
2024-07-24,MG95,93.51,91.0089851498604
2024-07-24,MG92,89.09,91.76752825379371
2024-07-25,MG95,94.15,91.56407525539399
2024-07-25,MG92,89.73,91.86176856637
2024-07-26,MG95,95.36,90.98389993906022
2024-07-26,MG92,90.94,92.00742934226989
2024-07-29,MG95,95.11,91.86333611905576
2024-07-29,MG92,90.69,91.65149540781974
2024-07-30,MG95,93.01,90.7665251851082
2024-07-30,MG92,88.91,92.16568926334381
2024-07-31,MG95,93.39,89.7086362361908
2024-07-31,MG92,89.28,92.3160383439064
2024-08-01,MG95,93.51,90.44411751329899
2024-08-01,MG92,89.4,92.38430437088013
2024-08-02,MG95,92.86,90.43927720785142
2024-08-02,MG92,87.7,92.18138161182404
2024-08-05,MG95,87.55,90.77087518870832
2024-08-05,MG92,82.85,92.33896253705025
2024-08-06,MG95,87.23,89.38694691359997
2024-08-06,MG92,83.27,92.22561334133148
2024-08-07,MG95,87.3,90.01922535300255
2024-08-07,MG92,82.76,92.44717076420784
2024-08-08,MG95,89.62,90.23946210145951
2024-08-08,MG92,85.03,92.33266835331916
2024-08-09,MG95,89.62,89.36820712089539
2024-08-09,MG92,85.03,92.5842417037487
2024-08-12,MG95,91.37,89.32221566736699
2024-08-12,MG92,86.89,92.54813636898994
2024-08-13,MG95,91.98,88.38157727420331
2024-08-13,MG92,87.5,92.8065966773033
2024-08-14,MG95,90.6,88.99312620759011
2024-08-14,MG92,86.12,92.52350929737091
2024-08-15,MG95,88.66,90.00280594229699
2024-08-15,MG92,83.84,92.42086236953735
2024-08-16,MG95,90.15,89.9589866399765
2024-08-16,MG92,85.99,92.50588773846626
2024-08-19,MG95,88.79,88.7992973446846
2024-08-19,MG92,84.63,92.57880973696709
2024-08-20,MG95,87.02,88.73016478419305
2024-08-20,MG92,82.86,92.77508264780045
2024-08-21,MG95,87.66,89.02910068035126
2024-08-21,MG92,83.5,92.66694986462593
2024-08-22,MG95,85.72,88.83169147372246
2024-08-22,MG92,81.82,92.62439945816993
2024-08-23,MG95,87.27,88.470652577281
2024-08-23,MG92,83.04,93.13790354013443
2024-08-26,MG95,89.06,88.68322123289109
2024-08-26,MG92,85.58,92.70366952896117
2024-08-27,MG95,89.58,88.70172727704049
2024-08-27,MG92,86.1,92.82212736010551
2024-08-28,MG95,86.67,88.25630515217782
2024-08-28,MG92,83.14,92.7248046219349
2024-08-29,MG95,86.07,88.21815852820873
2024-08-29,MG92,81.88,92.70374497294425
2024-08-30,MG95,89.03,89.32433080673218
2024-08-30,MG92,84.84,92.72217486023902
2024-09-02,MG95,86.59,88.6914879500866
2024-09-02,MG92,82.4,92.7448511660099
2024-09-03,MG95,87.9,87.49214121699333
2024-09-03,MG92,83.71,93.1627892768383
2024-09-04,MG95,81.98,87.45474714934826
2024-09-04,MG92,77.79,92.8859529697895
2024-09-05,MG95,80.92,88.00602316260338
2024-09-05,MG92,77.08,92.91440612912177
2024-09-06,MG95,80.78,87.08673570454121
2024-09-06,MG92,76.35,92.78618369102477
2024-09-09,MG95,81.59,88.21849489808083
2024-09-09,MG92,77.16,93.19485296964645
2024-09-10,MG95,80.21,88.62841574847698
2024-09-10,MG92,76.35,92.74704981923102
2024-09-11,MG95,79.47,87.24122639596463
2024-09-11,MG92,75.61,93.05926935434341
2024-09-12,MG95,80.35,88.81739860475064
2024-09-12,MG92,76.49,92.71119237184524
2024-09-13,MG95,80.31,88.48850298523904
2024-09-13,MG92,75.89,93.08033978104591
2024-09-16,MG95,80.46,86.42058082818986
2024-09-16,MG92,76.04,93.37565986394881
2024-09-17,MG95,82.54,86.4510935664177
2024-09-17,MG92,77.43,93.2109440934658
2024-09-18,MG95,83.86,87.56141630709172
2024-09-18,MG92,79.24,93.01242941856384
2024-07-25,MG95,94.15,94.02490311741829
2024-07-25,MG92,89.73,89.42147191882134
2024-07-26,MG95,95.36,94.00946416139602
2024-07-26,MG92,90.94,89.53934724569321
2024-07-29,MG95,95.11,94.02937316894531
2024-07-29,MG92,90.69,89.64541273713112
2024-07-30,MG95,93.01,93.85839648485184
2024-07-30,MG92,88.91,89.23161182165146
2024-07-31,MG95,93.39,93.75923045396806
2024-07-31,MG92,89.28,89.29227529287338
2024-08-01,MG95,93.51,93.6836185848713
2024-08-01,MG92,89.4,89.1063978290558
2024-08-02,MG95,92.86,93.46266315758228
2024-08-02,MG92,87.7,89.26130633592607
2024-08-05,MG95,87.55,93.58538892388344
2024-08-05,MG92,82.85,89.24854066848755
2024-08-06,MG95,87.23,93.29198187589645
2024-08-06,MG92,83.27,89.01667175471783
2024-08-07,MG95,87.3,93.32586954832078
2024-08-07,MG92,82.76,88.87097109615803
2024-08-08,MG95,89.62,93.11035398423672
2024-08-08,MG92,85.03,88.6558664137125
2024-08-09,MG95,89.62,92.93814552783967
2024-08-09,MG92,85.03,88.36282956182957
2024-08-12,MG95,91.37,93.13709068894387
2024-08-12,MG92,86.89,88.66136775791645
2024-08-13,MG95,91.98,92.8256696677208
2024-08-13,MG92,87.5,88.4757451826334
2024-08-14,MG95,90.6,92.67052209377289
2024-08-14,MG92,86.12,88.16104280531407
2024-08-15,MG95,88.66,92.67708225667477
2024-08-15,MG92,83.84,88.16625208973885
2024-08-16,MG95,90.15,92.5205189806223
2024-08-16,MG92,85.99,87.84302156686783
2024-08-19,MG95,88.79,92.4248197478056
2024-08-19,MG92,84.63,87.7870788437128
2024-08-20,MG95,87.02,92.33344565212727
2024-08-20,MG92,82.86,87.83469520807266
2024-08-21,MG95,87.66,92.42376075804233
2024-08-21,MG92,83.5,87.73825175881386
2024-08-22,MG95,85.72,92.3378153783083
2024-08-22,MG92,81.82,87.59195105016232
2024-08-23,MG95,87.27,92.10242982208729
2024-08-23,MG92,83.04,87.38658523380757
2024-08-26,MG95,89.06,92.03147750794888
2024-08-26,MG92,85.58,87.32867243468762
2024-08-27,MG95,89.58,91.85540095210077
2024-08-27,MG92,86.1,87.16044600188732
2024-08-28,MG95,86.67,91.93271277844906
2024-08-28,MG92,83.14,87.34957329452038
2024-08-29,MG95,86.07,91.89259936094284
2024-08-29,MG92,81.88,87.21522048592568
2024-08-30,MG95,89.03,91.60997728765011
2024-08-30,MG92,84.84,86.85406998336316
2024-09-02,MG95,86.59,91.6803666651249
2024-09-02,MG92,82.4,87.0683197271824
2024-09-03,MG95,87.9,91.40672928392888
2024-09-03,MG92,83.71,86.72132084846497
2024-09-04,MG95,81.98,91.43903404533863
2024-09-04,MG92,77.79,86.74703803956508
2024-09-05,MG95,80.92,91.29185118913651
2024-09-05,MG92,77.08,86.7257282960415
2024-09-06,MG95,80.78,91.19950170814991
2024-09-06,MG92,76.35,86.60616964280605
2024-09-09,MG95,81.59,91.11414155960084
2024-09-09,MG92,77.16,86.38778858065605
2024-09-10,MG95,80.21,91.21082732498647
2024-09-10,MG92,76.35,86.60778924703598
2024-09-11,MG95,79.47,90.85992828011513
2024-09-11,MG92,75.61,86.0946986269951
2024-09-12,MG95,80.35,91.0199416333437
2024-09-12,MG92,76.49,86.23714945673943
2024-09-13,MG95,80.31,90.74421414077283
2024-09-13,MG92,75.89,86.008238312006
2024-09-16,MG95,80.46,90.6479686921835
2024-09-16,MG92,76.04,85.86065785050393
2024-09-17,MG95,82.54,90.51030002295971
2024-09-17,MG92,77.43,85.72735114693641
2024-09-18,MG95,83.86,90.32660431444646
2024-09-18,MG92,79.24,85.64900478363037
2024-09-19,MG95,86.33,90.44825994372368
2024-09-19,MG92,81.71,85.80072718381882
2024-09-20,MG95,85.86,90.31683931410313
2024-09-20,MG92,81.24,85.50219429790974
2024-09-23,MG95,85.82,90.14413480460644
2024-09-23,MG92,81.16,85.42364083766938
2024-09-24,MG95,85.14,90.09260659217836
2024-09-24,MG92,80.48,85.3508436101675
2024-09-25,MG95,84.78,90.04301800310613
2024-09-25,MG92,80.12,85.40163015067577
2024-09-26,MG95,81.86,89.91580546438695
2024-09-26,MG92,77.2,85.0929707556963
2024-09-27,MG95,81.67,89.85573845028878
2024-09-27,MG92,77.01,85.08934390425682
2024-09-30,MG95,81.6,89.80791670203209
2024-09-30,MG92,76.94,85.00301634371282
2024-10-01,MG95,79.71,89.73958399415017
2024-10-01,MG92,73.6,84.91820749402046
2024-10-02,MG95,84.21,89.53558912396431
2024-10-02,MG92,78.2,84.78528312325479
2024-10-03,MG95,84.86,89.60444575309754
2024-10-03,MG92,78.85,84.67041866719723
2024-10-04,MG95,88.97,89.50437679409981
2024-10-04,MG92,82.55,84.66550675272941
2024-10-07,MG95,88.88,89.58727339804173
2024-10-07,MG92,82.46,84.7364029365778
2024-10-08,MG95,90.15,89.19975560188294
2024-10-08,MG92,83.73,84.34443216204643
2024-10-09,MG95,88.5,89.09880043566227
2024-10-09,MG92,82.08,84.26333512663841
2024-10-10,MG95,88.37,89.16071232140065
2024-10-10,MG92,81.95,84.41523807287217
2024-10-11,MG95,89.88,89.20180112421514
2024-10-11,MG92,83.46,84.5043906480074
2024-10-14,MG95,89.17,89.2604803043604
2024-10-14,MG92,82.75,84.42677177906037
2024-10-15,MG95,84.88,88.92996959924699
2024-10-15,MG92,78.39,84.09594770193101
2024-10-16,MG95,84.95,88.82923180460931
2024-10-16,MG92,78.46,84.0775904172659
2024-08-22,MG95,85.72,87.56460821270943
2024-08-22,MG92,81.82,83.40065434575081
2024-08-23,MG95,87.27,87.64497828841209
2024-08-23,MG92,83.04,83.39396527409554
2024-08-26,MG95,89.06,87.41454262018203
2024-08-26,MG92,85.58,83.24042519927025
2024-08-27,MG95,89.58,87.33482043743133
2024-08-27,MG92,86.1,83.08699461817741
2024-08-28,MG95,86.67,87.4485308754444
2024-08-28,MG92,83.14,83.28484979271889
2024-08-29,MG95,86.07,87.13906271696091
2024-08-29,MG92,81.88,83.09167796373367
2024-08-30,MG95,89.03,87.08953025579453
2024-08-30,MG92,84.84,82.96450597047806
2024-09-02,MG95,86.59,86.7954234302044
2024-09-02,MG92,82.4,82.75678640604019
2024-09-03,MG95,87.9,86.80669885754585
2024-09-03,MG92,83.71,82.62483152747154
2024-09-04,MG95,81.98,86.36769913315773
2024-09-04,MG92,77.79,82.47812983393669
2024-09-05,MG95,80.92,86.39700061440467
2024-09-05,MG92,77.08,82.27423757314682
2024-09-06,MG95,80.78,85.95591091275215
2024-09-06,MG92,76.35,82.02749842405319
2024-09-09,MG95,81.59,85.73246099352836
2024-09-09,MG92,77.16,81.84688851237297
2024-09-10,MG95,80.21,85.80317014932632
2024-09-10,MG92,76.35,81.81451320648193
2024-09-11,MG95,79.47,85.73721569180488
2024-09-11,MG92,75.61,81.69848966598511
2024-09-12,MG95,80.35,85.69785619497299
2024-09-12,MG92,76.49,81.69325885176659
2024-09-13,MG95,80.31,85.68128790020943
2024-09-13,MG92,75.89,81.66241148114204
2024-09-16,MG95,80.46,85.41229215145111
2024-09-16,MG92,76.04,81.55415204167366
2024-09-17,MG95,82.54,85.4817629957199
2024-09-17,MG92,77.43,81.59342047572136
2024-09-18,MG95,83.86,85.15898168206215
2024-09-18,MG92,79.24,81.35187730193138
2024-09-19,MG95,86.33,85.10800713658332
2024-09-19,MG92,81.71,81.19882994890213
2024-09-20,MG95,85.86,84.92667548418045
2024-09-20,MG92,81.24,81.06754696369171
2024-09-23,MG95,85.82,84.96470784544944
2024-09-23,MG92,81.16,81.05742874741554
2024-09-24,MG95,85.14,84.8089679646492
2024-09-24,MG92,80.48,81.00302031636238
2024-09-25,MG95,84.78,84.78938487768173
2024-09-25,MG92,80.12,80.92388620972633
2024-09-26,MG95,81.86,84.49282755374908
2024-09-26,MG92,77.2,80.70697912573814
2024-09-27,MG95,81.67,84.49815699577331
2024-09-27,MG92,77.01,80.6727921962738
2024-09-30,MG95,81.6,84.39039254307747
2024-09-30,MG92,76.94,80.55834636092186
2024-10-01,MG95,79.71,84.35184291243553
2024-10-01,MG92,73.6,80.5175549685955
2024-10-02,MG95,84.21,84.24232810378075
2024-10-02,MG92,78.2,80.31796282529831
2024-10-03,MG95,84.86,84.12382116794586
2024-10-03,MG92,78.85,80.35521060228348
2024-10-04,MG95,88.97,83.98704783082007
2024-10-04,MG92,82.55,80.23287126421928
2024-10-07,MG95,88.88,84.04228592991828
2024-10-07,MG92,82.46,80.1554542183876
2024-10-08,MG95,90.15,83.86230231285094
2024-10-08,MG92,83.73,80.05249527096748
2024-10-09,MG95,88.5,83.78055285215378
2024-10-09,MG92,82.08,80.0475381910801
2024-10-10,MG95,88.37,83.55485620737076
2024-10-10,MG92,81.95,79.89934837818146
2024-10-11,MG95,89.88,83.59944064736366
2024-10-11,MG92,83.46,79.92525857686996
2024-10-14,MG95,89.17,83.58186393857002
2024-10-14,MG92,82.75,79.8876773416996
2024-10-15,MG95,84.88,83.56537924289702
2024-10-15,MG92,78.39,79.89231589436531
2024-10-16,MG95,84.95,83.6234492611885
2024-10-16,MG92,78.46,79.8330200612545
2024-10-17,MG95,85.98,83.56531131863593
2024-10-17,MG92,79.49,79.74564406275749
2024-10-18,MG95,87.47,83.74437012076378
2024-10-18,MG92,80.98,79.78836652636528
2024-10-21,MG95,85.8,83.28450197339058
2024-10-21,MG92,79.31,79.6053726375103
2024-10-22,MG95,84.73,83.39660835385322
2024-10-22,MG92,79.06,79.6051934659481
2024-10-23,MG95,85.75,83.1876367521286
2024-10-23,MG92,79.75,79.49060827493668
2024-10-24,MG95,85.97,83.24848121523857
2024-10-24,MG92,79.98,79.48343643546104
2024-10-25,MG95,84.63,83.08642437815666
2024-10-25,MG92,78.9,79.38662904500961
2024-10-28,MG95,82.69,82.88973139286041
2024-10-28,MG92,76.96,79.30160218477249
2024-10-29,MG95,82.16,82.79180028319358
2024-10-29,MG92,76.43,79.1768738925457
2024-10-30,MG95,82.79,82.81120572209358
2024-10-30,MG92,77.26,79.0888309776783
2024-10-31,MG95,82.79,82.79048359751701
2024-10-31,MG92,77.26,79.0496272444725
2024-11-01,MG95,84.91,82.83775888323784
2024-11-01,MG92,79.38,79.01888936758041
2024-11-04,MG95,85.84,82.54773796319961
2024-11-04,MG92,80.31,78.87790125608444
2024-11-05,MG95,86.73,82.52917374014854
2024-11-05,MG92,81.2,78.86751428246498
2024-11-06,MG95,84.52,82.32666016817093
2024-11-06,MG92,78.99,78.79210793972015
2024-11-07,MG95,85.19,82.5312428176403
2024-11-07,MG92,79.66,78.75422808527946
2024-11-08,MG95,85.81,82.28402985692024
2024-11-08,MG92,79.85,78.70599609613419
2024-11-11,MG95,84.45,82.18968305826186
2024-11-11,MG92,78.49,78.62735471129417
2024-11-12,MG95,82.87,82.13005078196525
2024-11-12,MG92,76.91,78.5751660168171
2024-11-13,MG95,82.32,82.21734913229942
2024-11-13,MG92,76.36,78.60504287481308
2024-09-19,MG95,86.33,83.79827919483185
2024-09-19,MG92,81.71,77.99616480588912
2024-09-20,MG95,85.86,83.50804445624351
2024-09-20,MG92,81.24,77.93618651390075
2024-09-23,MG95,85.82,83.75712199449539
2024-09-23,MG92,81.16,77.51566307067871
2024-09-24,MG95,85.14,83.70618283629418
2024-09-24,MG92,80.48,77.95251417398453
2024-09-25,MG95,84.78,83.71229593515396
2024-09-25,MG92,80.12,77.80747335433959
2024-09-26,MG95,81.86,83.44546391844749
2024-09-26,MG92,77.2,77.37833975076676
2024-09-27,MG95,81.67,83.87549518108368
2024-09-27,MG92,77.01,77.24287732124328
2024-09-30,MG95,81.6,83.50182139158248
2024-09-30,MG92,76.94,77.61248604774475
2024-10-01,MG95,79.71,83.41635797023773
2024-10-01,MG92,73.6,77.58467659950256
2024-10-02,MG95,84.21,83.56698612570763
2024-10-02,MG92,78.2,77.85339106082915
2024-10-03,MG95,84.86,83.5874447631836
2024-10-03,MG92,78.85,77.66862920522689
2024-10-04,MG95,88.97,83.687238727808
2024-10-04,MG92,82.55,77.60190636634826
2024-10-07,MG95,88.88,83.63592968463898
2024-10-07,MG92,82.46,77.31926828861236
2024-10-08,MG95,90.15,83.21145669341087
2024-10-08,MG92,83.73,77.495708091259
2024-10-09,MG95,88.5,83.3666134405136
2024-10-09,MG92,82.08,77.55920034885406
2024-10-10,MG95,88.37,83.36899769902229
2024-10-10,MG92,81.95,77.60016355276107
2024-10-11,MG95,89.88,83.52328471660614
2024-10-11,MG92,83.46,77.94836259365081
2024-10-14,MG95,89.17,83.38793680906296
2024-10-14,MG92,82.75,77.59361265182494
2024-10-15,MG95,84.88,83.39209051728248
2024-10-15,MG92,78.39,77.68359662055968
2024-10-16,MG95,84.95,83.5323319029808
2024-10-16,MG92,78.46,77.80905558347702
2024-10-17,MG95,85.98,83.42359072089195
2024-10-17,MG92,79.49,77.48396181106567
2024-10-18,MG95,87.47,83.39643916487694
2024-10-18,MG92,80.98,77.86253020524978
2024-10-21,MG95,85.8,83.33512823224068
2024-10-21,MG92,79.31,77.5292041182518
2024-10-22,MG95,84.73,83.47276542782784
2024-10-22,MG92,79.06,77.39959357500076
2024-10-23,MG95,85.75,83.3987734389305
2024-10-23,MG92,79.75,77.40726856708527
2024-10-24,MG95,85.97,83.62787219047546
2024-10-24,MG92,79.98,77.9188528394699
2024-10-25,MG95,84.63,83.5031609749794
2024-10-25,MG92,78.9,78.02658611297606
2024-10-28,MG95,82.69,83.22173849582673
2024-10-28,MG92,76.96,77.174732837677
2024-10-29,MG95,82.16,83.64262260317803
2024-10-29,MG92,76.43,77.88554573535919
2024-10-30,MG95,82.79,83.2968601334095
2024-10-30,MG92,77.26,77.31719958305358
2024-10-31,MG95,82.79,83.41391373038292
2024-10-31,MG92,77.26,77.57596253156662
2024-11-01,MG95,84.91,83.39538449287414
2024-11-01,MG92,79.38,77.99251387119293
2024-11-04,MG95,85.84,83.4602843093872
2024-11-04,MG92,80.31,77.3960276556015
2024-11-05,MG95,86.73,83.3985884964466
2024-11-05,MG92,81.2,77.3352842259407
2024-11-06,MG95,84.52,83.40869035482406
2024-11-06,MG92,78.99,77.31995785713195
2024-11-07,MG95,85.19,83.50199133872985
2024-11-07,MG92,79.66,77.91558919668198
2024-11-08,MG95,85.81,83.63183095932007
2024-11-08,MG92,79.85,77.67990790128708
2024-11-11,MG95,84.45,83.77572620868683
2024-11-11,MG92,78.49,77.93616289854049
2024-11-12,MG95,82.87,83.40125766634941
2024-11-12,MG92,76.91,77.40159615755081
2024-11-13,MG95,82.32,83.2719228887558
2024-11-13,MG92,76.36,77.91337407588958
2024-11-14,MG95,82.48,83.61760038495063
2024-11-14,MG92,76.52,77.92078929901122
2024-11-15,MG95,82.19,83.47472481846809
2024-11-15,MG92,76.23,77.28709944486617
2024-11-18,MG95,83.44,83.47553456664086
2024-11-18,MG92,77.28,77.21379264354705
2024-11-19,MG95,84.69,83.49489854454994
2024-11-19,MG92,78.56,77.32041127204894
2024-11-20,MG95,85.43,83.51924097418785
2024-11-20,MG92,79.3,77.08868791103363
2024-11-21,MG95,85.13,83.6369093799591
2024-11-21,MG92,79.38,77.60388061046599
2024-11-22,MG95,86.07,83.33542813897132
2024-11-22,MG92,80.32,77.65115383863449
2024-11-25,MG95,86.12,83.67476760625838
2024-11-25,MG92,81.55,77.50697734117507
2024-11-26,MG95,84.78,83.5330216884613
2024-11-26,MG92,80.31,77.82136390924454
2024-11-27,MG95,84.71,83.46363826632499
2024-11-27,MG92,80.24,77.48772609949111
2024-11-28,MG95,83.13,83.43564697146415
2024-11-28,MG92,79.73,77.07655433893203
2024-11-29,MG95,83.87,83.27495194673538
2024-11-29,MG92,80.27,77.63413188695907
2024-12-02,MG95,83.6,83.34058153629303
2024-12-02,MG92,80.44,76.90131891965865
2024-12-03,MG95,83.69,83.39875844359398
2024-12-03,MG92,80.83,77.11455617666245
2024-12-04,MG95,85.39,83.25658765792846
2024-12-04,MG92,82.53,77.2303092265129
2024-12-05,MG95,84.16,83.34943878173829
2024-12-05,MG92,80.81,76.79979176282882
2024-12-06,MG95,83.27,83.33885207414627
2024-12-06,MG92,79.85,77.16493718624115
2024-12-09,MG95,83.41,83.47998818159104
2024-12-09,MG92,80.06,76.92094800710677
2024-12-10,MG95,84.31,83.50940903186797
2024-12-10,MG92,80.96,77.04429575681687
2024-12-11,MG95,85.42,83.30728689074516
2024-12-11,MG92,82.07,77.29557735919951
2024-10-17,MG95,85.98,84.54924086332322
2024-10-17,MG92,79.49,77.93310371279716
2024-10-18,MG95,87.47,84.62340469658375
2024-10-18,MG92,80.98,77.96446953773498
2024-10-21,MG95,85.8,84.46450462043286
2024-10-21,MG92,79.31,77.91246596336364
2024-10-22,MG95,84.73,84.3962092846632
2024-10-22,MG92,79.06,77.76481696605681
2024-10-23,MG95,85.75,84.35815772414207
2024-10-23,MG92,79.75,77.72694601774215
2024-10-24,MG95,85.97,84.23247871100902
2024-10-24,MG92,79.98,77.57140295267105
2024-10-25,MG95,84.63,84.13501304388046
2024-10-25,MG92,78.9,77.5612641263008
2024-10-28,MG95,82.69,83.96365190446377
2024-10-28,MG92,76.96,77.10251029253006
2024-10-29,MG95,82.16,83.83008409142495
2024-10-29,MG92,76.43,77.04582078456878
2024-10-30,MG95,82.79,83.72095738053322
2024-10-30,MG92,77.26,76.94729926466941
2024-10-31,MG95,82.79,83.71532180011273
2024-10-31,MG92,77.26,76.87165089964866
2024-11-01,MG95,84.91,83.57665006518364
2024-11-01,MG92,79.38,76.80346635699271
2024-11-04,MG95,85.84,83.51986893415452
2024-11-04,MG92,80.31,76.81869797945022
2024-11-05,MG95,86.73,83.31369681954384
2024-11-05,MG92,81.2,76.4526199400425
2024-11-06,MG95,84.52,83.31990962922573
2024-11-06,MG92,78.99,76.51242405056952
2024-11-07,MG95,85.19,83.20688408911228
2024-11-07,MG92,79.66,76.31582060933113
2024-11-08,MG95,85.81,83.07741257846355
2024-11-08,MG92,79.85,76.17590199947357
2024-11-11,MG95,84.45,83.02182641327381
2024-11-11,MG92,78.49,75.91973762989043
2024-11-12,MG95,82.87,82.83418639600278
2024-11-12,MG92,76.91,75.86881434559821
2024-11-13,MG95,82.32,82.87447092235088
2024-11-13,MG92,76.36,75.8873382806778
2024-11-14,MG95,82.48,82.7915068745613
2024-11-14,MG92,76.52,75.84779311656952
2024-11-15,MG95,82.19,82.6997426122427
2024-11-15,MG92,76.23,75.7685157251358
2024-11-18,MG95,83.44,82.68657267093658
2024-11-18,MG92,77.28,75.51323055267333
2024-11-19,MG95,84.69,82.570995169878
2024-11-19,MG92,78.56,75.48243527054787
2024-11-20,MG95,85.43,82.50405176579953
2024-11-20,MG92,79.3,75.36034846186637
2024-11-21,MG95,85.13,82.35947102606296
2024-11-21,MG92,79.38,75.35658849120139
2024-11-22,MG95,86.07,82.4738839417696
2024-11-22,MG92,80.32,75.38225356459617
2024-11-25,MG95,86.12,82.31605730950832
2024-11-25,MG92,81.55,75.27195641517639
2024-11-26,MG95,84.78,82.4098671913147
2024-11-26,MG92,80.31,75.36468832850456
2024-11-27,MG95,84.71,82.36145588457585
2024-11-27,MG92,80.24,75.28961050629616
2024-11-28,MG95,83.13,82.21673336923122
2024-11-28,MG92,79.73,75.07963672161101
2024-11-29,MG95,83.87,82.09970773160458
2024-11-29,MG92,80.27,75.02782021045684
2024-12-02,MG95,83.6,82.03833408355713
2024-12-02,MG92,80.44,74.86407909989356
2024-12-03,MG95,83.69,81.95047371387481
2024-12-03,MG92,80.83,74.68072908759116
2024-12-04,MG95,85.39,81.92872128486634
2024-12-04,MG92,82.53,74.87402618646621
2024-12-05,MG95,84.16,81.7541752576828
2024-12-05,MG92,80.81,74.75105082750319
2024-12-06,MG95,83.27,81.894092592597
2024-12-06,MG92,79.85,74.6257932972908
2024-12-09,MG95,83.41,81.72581507265568
2024-12-09,MG92,80.06,74.57829794645309
2024-12-10,MG95,84.31,81.60323486924172
2024-12-10,MG92,80.96,74.43730372309685
2024-12-11,MG95,85.42,81.56629219651222
2024-12-11,MG92,82.07,74.37732657909393
2024-12-12,MG95,86.79,81.52187086045743
2024-12-12,MG92,83.44,74.25497788190842
2024-12-13,MG95,86.87,81.47909513413906
2024-12-13,MG92,83.52,74.16810104727745
2024-12-16,MG95,86.48,81.57443923056125
2024-12-16,MG92,83.13,74.23219825863838
2024-12-17,MG95,85.54,81.21796471774579
2024-12-17,MG92,82.19,74.03593153119087
2024-12-18,MG95,85.4,81.41783288121223
2024-12-18,MG92,82.05,74.10603347182273
2024-12-19,MG95,84.0,81.32113685309888
2024-12-19,MG92,80.65,73.9915133702755
2024-12-20,MG95,83.06,81.27110525369645
2024-12-20,MG92,79.71,74.02836950063706
2024-12-23,MG95,83.86,81.23812723457813
2024-12-23,MG92,80.51,73.91558908700942
2024-12-24,MG95,83.77,81.06889272928238
2024-12-24,MG92,80.42,73.6177704155445
2024-12-26,MG95,84.46,81.12834227979184
2024-12-26,MG92,81.11,73.75519173145294
2024-12-27,MG95,84.02,80.88921746313572
2024-12-27,MG92,80.67,73.48445513725281
2024-12-30,MG95,84.54,80.99305796921253
2024-12-30,MG92,81.29,73.57251514673233
2024-12-31,MG95,85.4,80.81804610788822
2024-12-31,MG92,82.15,73.35229965090751
2025-01-02,MG95,85.92,80.82989449799061
2025-01-02,MG92,82.95,73.32566652536391
2025-01-03,MG95,86.22,80.71967408955098
2025-01-03,MG92,83.74,73.21689394116402
2025-01-06,MG95,86.09,80.63768728077412
2025-01-06,MG92,83.61,73.04961265921592
2025-01-07,MG95,85.84,80.68624036312103
2025-01-07,MG92,83.15,73.15770246267319
2025-01-08,MG95,85.89,80.59733186662197
2025-01-08,MG92,83.35,73.01452427625655
2025-01-09,MG95,84.21,80.45553094148636
2025-01-09,MG92,82.78,72.90638303041457
2025-01-10,MG95,85.86,80.42918599545956
2025-01-10,MG92,84.01,72.83347514152527
2024-11-14,MG95,82.48,82.30702189922332
2024-11-14,MG92,76.52,76.80936077594757
2024-11-15,MG95,82.19,81.88938220024109
2024-11-15,MG92,76.23,76.65675197601318
2024-11-18,MG95,83.44,81.86750833511351
2024-11-18,MG92,77.28,76.61436923980713
2024-11-19,MG95,84.69,81.72221739292144
2024-11-19,MG92,78.56,76.36593503952027
2024-11-20,MG95,85.43,81.6377051782608
2024-11-20,MG92,79.3,76.43368733882905
2024-11-21,MG95,85.13,81.74460155010223
2024-11-21,MG92,79.38,76.5651957988739
2024-11-22,MG95,86.07,81.67398988723754
2024-11-22,MG92,80.32,76.45867458343506
2024-11-25,MG95,86.12,81.46830784320831
2024-11-25,MG92,81.55,76.229501953125
2024-11-26,MG95,84.78,81.55131862163543
2024-11-26,MG92,80.31,76.47361231327056
2024-11-27,MG95,84.71,81.52635847091675
2024-11-27,MG92,80.24,76.43617240905762
2024-11-28,MG95,83.13,81.2900883436203
2024-11-28,MG92,79.73,76.2499878525734
2024-11-29,MG95,83.87,81.30000469207764
2024-11-29,MG92,80.27,76.11780123233795
2024-12-02,MG95,83.6,81.08320907592773
2024-12-02,MG92,80.44,76.01676446676254
2024-12-03,MG95,83.69,81.21065451622009
2024-12-03,MG92,80.83,76.11470172166824
2024-12-04,MG95,85.39,80.81436857700348
2024-12-04,MG92,82.53,75.76208573102952
2024-12-05,MG95,84.16,80.88275261878967
2024-12-05,MG92,80.81,75.99230518579483
2024-12-06,MG95,83.27,80.75390387535094
2024-12-06,MG92,79.85,75.74265575885772
2024-12-09,MG95,83.41,80.18199896335601
2024-12-09,MG92,80.06,75.34020637273788
2024-12-10,MG95,84.31,80.14428641796111
2024-12-10,MG92,80.96,75.16783079624176
2024-12-11,MG95,85.42,80.41045279026031
2024-12-11,MG92,82.07,75.54338589668274
2024-12-12,MG95,86.79,80.19572287559508
2024-12-12,MG92,83.44,75.32043504476547
2024-12-13,MG95,86.87,80.15759326457976
2024-12-13,MG92,83.52,75.29182487726212
2024-12-16,MG95,86.48,80.00412292957306
2024-12-16,MG92,83.13,75.21420056819916
2024-12-17,MG95,85.54,79.7494921016693
2024-12-17,MG92,82.19,75.17715208530426
2024-12-18,MG95,85.4,79.52014035701751
2024-12-18,MG92,82.05,74.7944603729248
2024-12-19,MG95,84.0,79.67951830387115
2024-12-19,MG92,80.65,74.95645873308182
2024-12-20,MG95,83.06,79.33473751544952
2024-12-20,MG92,79.71,74.67840850353241
2024-12-23,MG95,83.86,79.40254257202147
2024-12-23,MG92,80.51,74.88093717575073
2024-12-24,MG95,83.77,79.25288961410521
2024-12-24,MG92,80.42,74.84729769945145
2024-12-26,MG95,84.46,79.26635838031768
2024-12-26,MG92,81.11,74.59064365148544
2024-12-27,MG95,84.02,79.3978763437271
2024-12-27,MG92,80.67,74.85943176031113
2024-12-30,MG95,84.54,78.89452229976654
2024-12-30,MG92,81.29,74.60424326658249
2024-12-31,MG95,85.4,78.78900469779968
2024-12-31,MG92,82.15,74.4910906457901
2025-01-02,MG95,85.92,78.95850016593933
2025-01-02,MG92,82.95,74.6727192401886
2025-01-03,MG95,86.22,78.86332088470458
2025-01-03,MG92,83.74,74.58622423171997
2025-01-06,MG95,86.09,78.55436848640441
2025-01-06,MG92,83.61,74.32627496242523
2025-01-07,MG95,85.84,78.52739660739898
2025-01-07,MG92,83.15,74.3792533826828
2025-01-08,MG95,85.89,78.73289219856261
2025-01-08,MG92,83.35,74.57485025644303
2025-01-09,MG95,84.21,78.79321951389312
2025-01-09,MG92,82.78,74.705516705513
2025-01-10,MG95,85.86,78.79607028007507
2025-01-10,MG92,84.01,74.6180659008026
2025-01-13,MG95,89.09,78.59522129058837
2025-01-13,MG92,87.14,74.73256118774414
2025-01-14,MG95,88.44,78.37374963283538
2025-01-14,MG92,86.3,74.5429676246643
2025-01-15,MG95,88.1,78.47565593719482
2025-01-15,MG92,86.34,74.47357681751251
2025-01-16,MG95,88.92,78.26901218891143
2025-01-16,MG92,86.78,74.3049379491806
2025-01-17,MG95,87.72,78.08464955806731
2025-01-17,MG92,85.58,74.09829025030136
2025-01-20,MG95,86.93,78.26298191070556
2025-01-20,MG92,84.54,74.36970452308655
2025-01-21,MG95,85.82,78.09579747676848
2025-01-21,MG92,83.43,74.17082608222961
2025-01-22,MG95,85.75,78.17770425796508
2025-01-22,MG92,83.26,74.25754410982132
2025-01-23,MG95,86.31,77.96811161041259
2025-01-23,MG92,83.9,74.37536647796631
2025-01-24,MG95,86.31,77.63346306324004
2025-01-24,MG92,83.9,73.92077157974244
2025-01-27,MG95,87.49,77.99271848201751
2025-01-27,MG92,85.08,74.49347103357314
2025-01-28,MG95,87.02,77.87658288002014
2025-01-28,MG92,84.91,74.27562231302261
2025-01-29,MG95,87.02,77.72942740917205
2025-01-29,MG92,84.91,73.99801812171935
2025-01-30,MG95,87.02,77.72198401451111
2025-01-30,MG92,84.91,74.18552713871001
2025-01-31,MG95,87.06,77.75920098781584
2025-01-31,MG92,84.88,74.23188780784606
2025-02-03,MG95,87.84,77.87493915081023
2025-02-03,MG92,86.41,74.199631960392
2025-02-04,MG95,84.87,77.60460702896117
2025-02-04,MG92,83.3,73.94128933906555
2025-02-05,MG95,85.97,77.78274802207946
2025-02-05,MG92,84.06,74.09083048820496
2025-02-06,MG95,84.77,77.58370468139648
2025-02-06,MG92,83.21,74.23017647743225
2025-02-07,MG95,85.49,77.6825345134735
2025-02-07,MG92,83.86,74.2645168709755
2024-12-12,MG95,86.79,85.51666586637496
2024-12-12,MG92,83.44,81.92060585737228
2024-12-13,MG95,86.87,85.46177008152009
2024-12-13,MG92,83.52,81.696671179533
2024-12-16,MG95,86.48,85.38602489590644
2024-12-16,MG92,83.13,81.67481482625007
2024-12-17,MG95,85.54,85.1544208931923
2024-12-17,MG92,82.19,81.31270279586315
2024-12-18,MG95,85.4,85.02651401996613
2024-12-18,MG92,82.05,81.20771598875523
2024-12-19,MG95,84.0,85.12613800644874
2024-12-19,MG92,80.65,81.33445642232894
2024-12-20,MG95,83.06,84.97909245252609
2024-12-20,MG92,79.71,81.10009741842747
2024-12-23,MG95,83.86,84.81652822375298
2024-12-23,MG92,80.51,81.09460887134074
2024-12-24,MG95,83.77,84.80349925756455
2024-12-24,MG92,80.42,81.0463908600807
2024-12-26,MG95,84.46,84.76832766771317
2024-12-26,MG92,81.11,81.01591523766517
2024-12-27,MG95,84.02,84.65825606942177
2024-12-27,MG92,80.67,80.83387353420257
2024-12-30,MG95,84.54,84.73778927803039
2024-12-30,MG92,81.29,80.79162835359573
2024-12-31,MG95,85.4,84.64053789734841
2024-12-31,MG92,82.15,80.6298727506399
2025-01-02,MG95,85.92,84.61850219368935
2025-01-02,MG92,82.95,80.62073495566844
2025-01-03,MG95,86.22,84.54674359679223
2025-01-03,MG92,83.74,80.50503520905971
2025-01-06,MG95,86.09,84.47048417687417
2025-01-06,MG92,83.61,80.42822490036487
2025-01-07,MG95,85.84,84.59014802694321
2025-01-07,MG92,83.15,80.51941696345806
2025-01-08,MG95,85.89,84.33746550917625
2025-01-08,MG92,83.35,80.34190502345561
2025-01-09,MG95,84.21,84.36230659008027
2025-01-09,MG92,82.78,80.33549682676791
2025-01-10,MG95,85.86,84.40161242008209
2025-01-10,MG92,84.01,80.2821962839365
2025-01-13,MG95,89.09,84.30223282217979
2025-01-13,MG92,87.14,80.14594628214836
2025-01-14,MG95,88.44,84.2702382838726
2025-01-14,MG92,86.3,80.24065062403679
2025-01-15,MG95,88.1,84.22603959083557
2025-01-15,MG92,86.34,80.16961747586727
2025-01-16,MG95,88.92,84.15215277671814
2025-01-16,MG92,86.78,80.00014757812022
2025-01-17,MG95,87.72,84.08151938557624
2025-01-17,MG92,85.58,79.92203606307505
2025-01-20,MG95,86.93,84.03056945800782
2025-01-20,MG92,84.54,79.90713089108466
2025-01-21,MG95,85.82,84.14972416520119
2025-01-21,MG92,83.43,80.04736767172813
2025-01-22,MG95,85.75,84.1523462510109
2025-01-22,MG92,83.26,79.92274047553539
2025-01-23,MG95,86.31,84.08729306578637
2025-01-23,MG92,83.9,79.96628197073936
2025-01-24,MG95,86.31,83.87281153798104
2025-01-24,MG92,83.9,79.7269725126028
2025-01-27,MG95,87.49,83.94948336362839
2025-01-27,MG92,85.08,79.785066973567
2025-01-28,MG95,87.02,83.96588285565376
2025-01-28,MG92,84.91,79.77408987939357
2025-01-29,MG95,87.02,83.85177375435829
2025-01-29,MG92,84.91,79.81838959634304
2025-01-30,MG95,87.02,83.80052852392197
2025-01-30,MG92,84.91,79.53299003958702
2025-01-31,MG95,87.06,83.86548497200012
2025-01-31,MG92,84.88,79.51773755311966
2025-02-03,MG95,87.84,83.78150185465813
2025-02-03,MG92,86.41,79.54461284518241
2025-02-04,MG95,84.87,83.6896881198883
2025-02-04,MG92,83.3,79.47579566121101
2025-02-05,MG95,85.97,83.82381162762643
2025-02-05,MG92,84.06,79.5516276192665
2025-02-06,MG95,84.77,83.7260816526413
2025-02-06,MG92,83.21,79.59646053731441
2025-02-07,MG95,85.49,83.83043048501015
2025-02-07,MG92,83.86,79.38240720093249
2025-02-10,MG95,86.48,83.67975983381271
2025-02-10,MG92,85.04,79.30159543812275
2025-02-11,MG95,87.44,83.69462680578232
2025-02-11,MG92,86.0,79.38883007287978
2025-02-12,MG95,87.69,83.74856540203095
2025-02-12,MG92,86.17,79.34166378855704
2025-02-13,MG95,86.03,83.53863561153412
2025-02-13,MG92,84.59,79.27646161019801
2025-02-14,MG95,86.95,83.5812406873703
2025-02-14,MG92,85.55,79.32914090037345
2025-02-17,MG95,87.68,83.57375628709794
2025-02-17,MG92,86.29,79.25814199447632
2025-02-18,MG95,87.99,83.61093899130822
2025-02-18,MG92,86.6,79.1188591057062
2025-02-19,MG95,88.43,83.58803774476051
2025-02-19,MG92,87.04,79.24485110104084
2025-02-20,MG95,88.11,83.453608751297
2025-02-20,MG92,86.72,78.90178755760192
2025-02-21,MG95,86.91,83.45324216842651
2025-02-21,MG92,85.52,78.97285005629062
2025-02-24,MG95,85.82,83.52184917092323
2025-02-24,MG92,84.43,79.20178899765014
2025-02-25,MG95,86.01,83.39598396062851
2025-02-25,MG92,84.62,79.01594151020049
2025-02-26,MG95,83.78,83.49894792437554
2025-02-26,MG92,82.55,79.11957819342612
2025-02-27,MG95,83.41,83.5085605418682
2025-02-27,MG92,81.94,78.9505387699604
2025-02-28,MG95,84.34,83.43571747064591
2025-02-28,MG92,82.75,79.00413281798362
2025-03-03,MG95,83.79,83.4721568262577
2025-03-03,MG92,82.2,78.82921839892863
2025-03-04,MG95,80.03,83.31583468914032
2025-03-04,MG92,78.44,78.76492608666419
2025-03-05,MG95,79.94,83.23782381772995
2025-03-05,MG92,78.3,78.68265658140182
2025-03-06,MG95,78.59,83.16959358096123
2025-03-06,MG92,77.03,78.75461916267871
2025-03-07,MG95,78.69,83.30453680872917
2025-03-07,MG92,76.98,78.65830543398856
2025-01-13,MG95,89.09,86.01971177101136
2025-01-13,MG92,87.14,83.98775218307972
2025-01-14,MG95,88.44,85.69669563531876
2025-01-14,MG92,86.3,83.68988280713559
2025-01-15,MG95,88.1,85.98848384141922
2025-01-15,MG92,86.34,84.1609326350689
2025-01-16,MG95,88.92,86.178133893013
2025-01-16,MG92,86.78,84.15258031487465
2025-01-17,MG95,87.72,86.07911750793457
2025-01-17,MG92,85.58,84.03954357862473
2025-01-20,MG95,86.93,85.70258093833924
2025-01-20,MG92,84.54,83.5786537373066
2025-01-21,MG95,85.82,85.9413195347786
2025-01-21,MG92,83.43,83.62116644620896
2025-01-22,MG95,85.75,85.7959116089344
2025-01-22,MG92,83.26,83.5555346351862
2025-01-23,MG95,86.31,85.68941321253776
2025-01-23,MG92,83.9,83.53984649419785
2025-01-24,MG95,86.31,85.9265704536438
2025-01-24,MG92,83.9,83.66697401523591
2025-01-27,MG95,87.49,85.84570127248764
2025-01-27,MG92,85.08,83.64809616923333
2025-01-28,MG95,87.02,85.94707177877426
2025-01-28,MG92,84.91,83.58789236485958
2025-01-29,MG95,87.02,85.94648836612701
2025-01-29,MG92,84.91,83.56902954101562
2025-01-30,MG95,87.02,85.56916367769242
2025-01-30,MG92,84.91,83.23037500441075
2025-01-31,MG95,87.06,85.60534037947654
2025-01-31,MG92,84.88,83.10509020149708
2025-02-03,MG95,87.84,85.74201246857643
2025-02-03,MG92,86.41,83.19613449752332
2025-02-04,MG95,84.87,85.56787402868271
2025-02-04,MG92,83.3,83.12763846158983
2025-02-05,MG95,85.97,85.75787719845772
2025-02-05,MG92,84.06,83.18569910466671
2025-02-06,MG95,84.77,85.62225934624672
2025-02-06,MG92,83.21,83.07252216160298
2025-02-07,MG95,85.49,85.4581515097618
2025-02-07,MG92,83.86,82.94343675255776
2025-02-10,MG95,86.48,85.5234323143959
2025-02-10,MG92,85.04,82.7910770124197
2025-02-11,MG95,87.44,85.56594979047775
2025-02-11,MG92,86.0,82.77265984594823
2025-02-12,MG95,87.69,85.31529217600823
2025-02-12,MG92,86.17,82.57518355607986
2025-02-13,MG95,86.03,85.39368441224099
2025-02-13,MG92,84.59,82.57002594828606
2025-02-14,MG95,86.95,85.32330642342568
2025-02-14,MG92,85.55,82.57370637714864
2025-02-17,MG95,87.68,85.2384352362156
2025-02-17,MG92,86.29,82.46973300993443
2025-02-18,MG95,87.99,85.37382279396057
2025-02-18,MG92,86.6,82.41836724221707
2025-02-19,MG95,88.43,85.24253959536553
2025-02-19,MG92,87.04,82.42054545521736
2025-02-20,MG95,88.11,85.23505246639252
2025-02-20,MG92,86.72,82.2404998767376
2025-02-21,MG95,86.91,85.22607609987259
2025-02-21,MG92,85.52,82.22236813127995
2025-02-24,MG95,85.82,84.95838693022728
2025-02-24,MG92,84.43,81.88255188107492
2025-02-25,MG95,86.01,85.19317469716071
2025-02-25,MG92,84.62,81.95056220054627
2025-02-26,MG95,83.78,85.28372648119927
2025-02-26,MG92,82.55,82.2288777333498
2025-02-27,MG95,83.41,85.10380509138108
2025-02-27,MG92,81.94,81.94749267280102
2025-02-28,MG95,84.34,85.17286784291268
2025-02-28,MG92,82.75,82.0093639367819
2025-03-03,MG95,83.79,84.91383774518967
2025-03-03,MG92,82.2,81.71201032161713
2025-03-04,MG95,80.03,84.76635205149651
2025-03-04,MG92,78.44,81.67617746591569
2025-03-05,MG95,79.94,84.75686391949654
2025-03-05,MG92,78.3,81.49842026293278
2025-03-06,MG95,78.59,84.6675813138485
2025-03-06,MG92,77.03,81.37410689294339
2025-03-07,MG95,78.69,84.63148137688637
2025-03-07,MG92,76.98,81.27669320166112
2025-03-10,MG95,78.55,84.63001260995865
2025-03-10,MG92,77.31,81.25562712788583
2025-03-11,MG95,77.98,84.57054034352302
2025-03-11,MG92,76.64,81.13692703783512
2025-03-12,MG95,79.15,84.73905959844589
2025-03-12,MG92,77.74,81.09874571800232
2025-03-13,MG95,80.46,84.62875366687774
2025-03-13,MG92,79.08,81.01217301785947
2025-03-14,MG95,80.05,84.33388975024224
2025-03-14,MG92,78.62,80.95445287704469
2025-03-17,MG95,81.04,84.47437449216842
2025-03-17,MG92,79.61,80.96987562656403
2025-03-18,MG95,81.95,84.27639801621437
2025-03-18,MG92,80.52,80.69781431913377
2025-03-19,MG95,80.27,84.0709753525257
2025-03-19,MG92,78.84,80.36170854210854
2025-03-20,MG95,80.97,84.25786187052726
2025-03-20,MG92,79.54,80.45795050501825
2025-03-21,MG95,81.9,84.23897260665893
2025-03-21,MG92,80.56,80.56272004663944
2025-03-24,MG95,82.07,83.86105938792228
2025-03-24,MG92,80.73,80.14498886704446
2025-03-25,MG95,83.15,83.86694469094276
2025-03-25,MG92,81.91,80.13852433145047
2025-03-26,MG95,83.45,83.92847425460815
2025-03-26,MG92,82.34,80.19066123664379
2025-03-27,MG95,83.88,83.92143236160278
2025-03-27,MG92,82.36,80.061731056571
2025-03-28,MG95,84.1,83.84144853472709
2025-03-28,MG92,82.41,79.85059962451459
2025-03-31,MG95,84.1,83.99285946965217
2025-03-31,MG92,82.41,80.06943241655827
2025-04-01,MG95,85.57,83.78683804035187
2025-04-01,MG92,83.69,79.83386994719505
2025-04-02,MG95,85.91,83.87719023585319
2025-04-02,MG92,84.03,79.85883677482606
2025-04-03,MG95,83.12,83.67832328796386
2025-04-03,MG92,81.61,79.75850377738476
2025-04-04,MG95,77.52,83.49339683175087
2025-04-04,MG92,76.34,79.43791589021683
2025-02-10,MG95,86.48,85.72795437932014
2025-02-10,MG92,85.04,84.70165824890137
2025-02-11,MG95,87.44,85.65651405215263
2025-02-11,MG92,86.0,84.70873604774475
2025-02-12,MG95,87.69,85.82914282560348
2025-02-12,MG92,86.17,84.50353986263275
2025-02-13,MG95,86.03,85.49860137462615
2025-02-13,MG92,84.59,84.95906819581985
2025-02-14,MG95,86.95,85.45566074430943
2025-02-14,MG92,85.55,84.62023357152938
2025-02-17,MG95,87.68,85.57086718916892
2025-02-17,MG92,86.29,84.73214876651764
2025-02-18,MG95,87.99,85.54958795905112
2025-02-18,MG92,86.6,84.67424677371979
2025-02-19,MG95,88.43,85.47707755565642
2025-02-19,MG92,87.04,84.59154249429703
2025-02-20,MG95,88.11,85.36997821211814
2025-02-20,MG92,86.72,84.5871138715744
2025-02-21,MG95,86.91,85.49460642337799
2025-02-21,MG92,85.52,84.48553546190261
2025-02-24,MG95,85.82,85.22398414552211
2025-02-24,MG92,84.43,84.44267879009247
2025-02-25,MG95,86.01,85.30661441266537
2025-02-25,MG92,84.62,84.35135719060898
2025-02-26,MG95,83.78,85.26407123923302
2025-02-26,MG92,82.55,84.18395925045013
2025-02-27,MG95,83.41,85.26891715586184
2025-02-27,MG92,81.94,84.09438710689544
2025-02-28,MG95,84.34,85.15222279548645
2025-02-28,MG92,82.75,84.07259388446808
2025-03-03,MG95,83.79,85.10404388725757
2025-03-03,MG92,82.2,84.07031459331512
2025-03-04,MG95,80.03,84.94130567550658
2025-03-04,MG92,78.44,84.03394590377808
2025-03-05,MG95,79.94,84.97578760802746
2025-03-05,MG92,78.3,83.9601588511467
2025-03-06,MG95,78.59,84.9703251236677
2025-03-06,MG92,77.03,83.94239437580109
2025-03-07,MG95,78.69,84.77914326667785
2025-03-07,MG92,76.98,84.08778915882111
2025-03-10,MG95,78.55,84.85974548459052
2025-03-10,MG92,77.31,83.89499911546707
2025-03-11,MG95,77.98,84.80769391953945
2025-03-11,MG92,76.64,83.79768437981606
2025-03-12,MG95,79.15,84.84320006787776
2025-03-12,MG92,77.74,83.87376571893692
2025-03-13,MG95,80.46,84.72807515263557
2025-03-13,MG92,79.08,83.81613364219666
2025-03-14,MG95,80.05,84.64370218992232
2025-03-14,MG92,78.62,83.71306569576264
2025-03-17,MG95,81.04,84.70726981341838
2025-03-17,MG92,79.61,83.47943835258484
2025-03-18,MG95,81.95,84.74988942086696
2025-03-18,MG92,80.52,83.59215829730034
2025-03-19,MG95,80.27,84.3999031561613
2025-03-19,MG92,78.84,83.85723086118698
2025-03-20,MG95,80.97,84.55999165534972
2025-03-20,MG92,79.54,83.54600265145302
2025-03-21,MG95,81.9,84.44121319413185
2025-03-21,MG92,80.56,83.52558899998665
2025-03-24,MG95,82.07,84.37764557063579
2025-03-24,MG92,80.73,83.68980792880058
2025-03-25,MG95,83.15,84.23078525185585
2025-03-25,MG92,81.91,83.5937478029728
2025-03-26,MG95,83.45,84.35645806133746
2025-03-26,MG92,82.34,83.449382699728
2025-03-27,MG95,83.88,84.1355484676361
2025-03-27,MG92,82.36,83.27144303798676
2025-03-28,MG95,84.1,84.36289380550384
2025-03-28,MG92,82.41,83.21690999746322
2025-03-31,MG95,84.1,84.34787706911564
2025-03-31,MG92,82.41,83.35689646244049
2025-04-01,MG95,85.57,84.17328139364719
2025-04-01,MG92,83.69,83.4179524743557
2025-04-02,MG95,85.91,84.16465454101562
2025-04-02,MG92,84.03,83.2205788564682
2025-04-03,MG95,83.12,84.1751565748453
2025-04-03,MG92,81.61,83.25556797504424
2025-04-04,MG95,77.52,84.05758577108382
2025-04-04,MG92,76.34,83.04811249256134
2025-04-07,MG95,72.28,84.0471499800682
2025-04-07,MG92,71.39,83.12107980012894
2025-04-08,MG95,73.41,84.06516802549362
2025-04-08,MG92,72.72,83.16891492366791
2025-04-09,MG95,70.34,83.97229050457477
2025-04-09,MG92,68.86,83.1463719344139
2025-04-10,MG95,72.44,83.89260039925574
2025-04-10,MG92,70.96,83.21861446738244
2025-04-11,MG95,71.93,83.80819176733493
2025-04-11,MG92,70.37,83.05348582148552
2025-04-14,MG95,74.29,84.12247315526008
2025-04-14,MG92,72.8,82.67747775793076
2025-04-15,MG95,74.65,83.69218531310558
2025-04-15,MG92,73.16,82.94826354503631
2025-04-16,MG95,75.04,83.66140788257121
2025-04-16,MG92,73.79,82.93937131047248
2025-04-17,MG95,76.74,83.65516577124595
2025-04-17,MG92,74.96,82.76127169847489
2025-04-21,MG95,76.84,83.7623313575983
2025-04-21,MG92,75.54,82.72979648709297
2025-04-22,MG95,77.15,83.55865508675575
2025-04-22,MG92,75.85,82.8658541738987
2025-04-23,MG95,78.76,83.39903538286686
2025-04-23,MG92,77.55,82.86625904798508
2025-04-24,MG95,77.62,83.53875166893005
2025-04-24,MG92,76.19,82.66041806340218
2025-04-25,MG95,78.45,83.6162455701828
2025-04-25,MG92,76.62,82.66432184934617
2025-04-25,MG95,78.45,83.57673937499523
2025-04-25,MG92,76.62,82.57868848085404
2025-04-25,MG95,78.45,83.5572079360485
2025-04-25,MG92,76.62,82.46401414394379
2025-04-25,MG95,78.45,83.3008278632164
2025-04-25,MG92,76.62,82.68769957900047
2025-04-28,MG95,78.17,83.28414486527443
2025-04-28,MG92,76.29,82.49454464912415
2025-04-29,MG95,76.83,83.31579364359378
2025-04-29,MG92,75.3,82.50456653237343
2025-04-30,MG95,74.78,83.38424285292625
2025-04-30,MG92,73.34,82.47942934989929
2025-03-10,MG95,78.55,79.66894784331322
2025-03-10,MG92,77.31,76.65266600131989
2025-03-11,MG95,77.98,80.08401970267296
2025-03-11,MG92,76.64,77.3068292784691
2025-03-12,MG95,79.15,79.98878806471825
2025-03-12,MG92,77.74,77.35455745697021
2025-03-13,MG95,80.46,79.69378761649132
2025-03-13,MG92,79.08,76.87411887645722
2025-03-14,MG95,80.05,79.75929219961166
2025-03-14,MG92,78.62,77.06322377443314
2025-03-17,MG95,81.04,79.47609251976013
2025-03-17,MG92,79.61,76.66682569742203
2025-03-18,MG95,81.95,79.43039033889771
2025-03-18,MG92,80.52,76.62995359182358
2025-03-19,MG95,80.27,79.5635476577282
2025-03-19,MG92,78.84,77.09906808614731
2025-03-20,MG95,80.97,79.66599296092987
2025-03-20,MG92,79.54,77.14428184032441
2025-03-21,MG95,81.9,79.33455834388732
2025-03-21,MG92,80.56,76.54320595264436
2025-03-24,MG95,82.07,79.2931243264675
2025-03-24,MG92,80.73,76.81180428385736
2025-03-25,MG95,83.15,79.58017942428589
2025-03-25,MG92,81.91,77.02407583951951
2025-03-26,MG95,83.45,79.16637394309043
2025-03-26,MG92,82.34,76.3182016825676
2025-03-27,MG95,83.88,79.03412654042243
2025-03-27,MG92,82.36,76.22930668830872
2025-03-28,MG95,84.1,79.06779343843459
2025-03-28,MG92,82.41,76.42583097338677
2025-03-31,MG95,84.1,78.54908494234085
2025-03-31,MG92,82.41,75.64027067184449
2025-04-01,MG95,85.57,78.52094789564609
2025-04-01,MG92,83.69,75.69119235277176
2025-04-02,MG95,85.91,78.64415242016315
2025-04-02,MG92,84.03,75.69860715150834
2025-04-03,MG95,83.12,78.51688610494136
2025-04-03,MG92,81.61,75.5488887834549
2025-04-04,MG95,77.52,78.65949435710907
2025-04-04,MG92,76.34,75.7064394915104
2025-04-07,MG95,72.28,78.0988359117508
2025-04-07,MG92,71.39,75.14201546788216
2025-04-08,MG95,73.41,78.272728394866
2025-04-08,MG92,72.72,75.5645351099968
2025-04-09,MG95,70.34,78.23545466423035
2025-04-09,MG92,68.86,75.30259908556938
2025-04-10,MG95,72.44,78.66547447621822
2025-04-10,MG92,70.96,75.76926798105241
2025-04-11,MG95,71.93,77.99219279944896
2025-04-11,MG92,70.37,75.06573847889901
2025-04-14,MG95,74.29,78.1997850126028
2025-04-14,MG92,72.8,75.3407834637165
2025-04-15,MG95,74.65,77.93067965269088
2025-04-15,MG92,73.16,75.01177929997445
2025-04-16,MG95,75.04,77.68620300292969
2025-04-16,MG92,73.79,74.66049862146377
2025-04-17,MG95,76.74,78.01444822311402
2025-04-17,MG92,74.96,75.16341101646424
2025-04-21,MG95,76.84,78.12569250941276
2025-04-21,MG92,75.54,75.01438549160957
2025-04-22,MG95,77.15,78.068086373806
2025-04-22,MG92,75.85,75.37153010129929
2025-04-23,MG95,78.76,78.10853543043136
2025-04-23,MG92,77.55,75.05655257105828
2025-04-24,MG95,77.62,77.51060325443744
2025-04-24,MG92,76.19,74.57844946861267
2025-04-25,MG95,78.45,77.8475442713499
2025-04-25,MG92,76.62,74.89289016008378
2025-04-25,MG95,78.45,77.8198528021574
2025-04-25,MG92,76.62,74.78648137450219
2025-04-25,MG95,78.45,77.7353150242567
2025-04-25,MG92,76.62,74.81170820832253
2025-04-25,MG95,78.45,77.25167113244534
2025-04-25,MG92,76.62,74.20582371354104
2025-04-28,MG95,78.17,77.35207615971565
2025-04-28,MG92,76.29,74.32573147058487
2025-04-29,MG95,76.83,76.8213980448246
2025-04-29,MG92,75.3,73.74946946382524
2025-04-30,MG95,74.78,76.96740675687789
2025-04-30,MG92,73.34,73.88144462227822
2025-05-01,MG95,74.78,76.6796621865034
2025-05-01,MG92,73.34,73.56303040623665
2025-05-02,MG95,75.24,76.9881331461668
2025-05-02,MG92,73.73,74.03367741465568
2025-05-05,MG95,73.1,76.94282025933265
2025-05-05,MG92,71.59,73.76466613054276
2025-05-06,MG95,74.97,76.62986538290977
2025-05-06,MG92,73.46,73.74428002238274
2025-05-07,MG95,76.52,76.72210461616515
2025-05-07,MG92,74.79,73.79568807005883
2025-05-08,MG95,74.88,76.83596139371394
2025-05-08,MG92,73.38,73.6639515066147
2025-05-09,MG95,76.72,76.81541323542595
2025-05-09,MG92,75.22,73.8234614467621
2025-05-12,MG95,76.72,76.18408619821071
2025-05-12,MG92,75.22,73.24379946112633
2025-05-13,MG95,77.69,76.60518976986408
2025-05-13,MG92,76.19,73.54581027030945
2025-05-14,MG95,78.68,76.19440483510493
2025-05-14,MG92,77.18,73.12266661047936
2025-05-15,MG95,76.57,76.24984405696392
2025-05-15,MG92,75.07,73.15758407235145
2025-05-16,MG95,76.6,76.27397559642792
2025-05-16,MG92,75.1,73.25438482046128
2025-05-19,MG95,76.59,76.20276293098927
2025-05-19,MG92,75.09,73.02370933055879
2025-05-20,MG95,76.33,76.16672743678093
2025-05-20,MG92,74.8,72.99153571128845
2025-05-21,MG95,77.54,75.83371688246727
2025-05-21,MG92,76.05,72.51393274068833
2025-05-22,MG95,77.12,75.81194924890995
2025-05-22,MG92,75.87,72.55236489057542
2025-05-23,MG95,76.75,75.8919093042612
2025-05-23,MG92,75.5,72.83473749518394
2025-05-26,MG95,77.26,75.33408379375935
2025-05-26,MG92,76.01,72.03118162393571
2025-05-27,MG95,76.86,75.79132604598999
2025-05-27,MG92,75.61,72.5884202671051
2025-05-28,MG95,76.5,75.26176891028881
2025-05-28,MG92,75.17,71.91141151785851
2025-04-07,MG95,72.28,76.86213965892792
2025-04-07,MG92,71.39,75.84437654137612
2025-04-08,MG95,73.41,76.83258198738098
2025-04-08,MG92,72.72,75.95668048620225
2025-04-09,MG95,70.34,77.02643262863158
2025-04-09,MG92,68.86,76.46858917713166
2025-04-10,MG95,72.44,76.72357854366302
2025-04-10,MG92,70.96,75.87267890095711
2025-04-11,MG95,71.93,77.01944635391234
2025-04-11,MG92,70.37,76.42030225753784
2025-04-14,MG95,74.29,76.7104469347
2025-04-14,MG92,72.8,75.94067281723022
2025-04-15,MG95,74.65,76.45851133346557
2025-04-15,MG92,73.16,75.83834295153618
2025-04-16,MG95,75.04,76.69789289474487
2025-04-16,MG92,73.79,75.99497512578965
2025-04-17,MG95,76.74,76.49312850952148
2025-04-17,MG92,74.96,75.68702543258668
2025-04-21,MG95,76.84,76.139078707695
2025-04-21,MG92,75.54,75.31009897589684
2025-04-22,MG95,77.15,75.86516314029693
2025-04-22,MG92,75.85,74.69135115265847
2025-04-23,MG95,78.76,75.92633000850677
2025-04-23,MG92,77.55,74.90603956580162
2025-04-24,MG95,77.62,75.7669302034378
2025-04-24,MG92,76.19,74.59426768898965
2025-04-25,MG95,78.45,75.58875247478484
2025-04-25,MG92,76.62,74.37232167720795
2025-04-25,MG95,78.45,75.76382057189942
2025-04-25,MG92,76.62,74.57478365302086
2025-04-25,MG95,78.45,75.4682115125656
2025-04-25,MG92,76.62,74.25839785456658
2025-04-25,MG95,78.45,75.36607882976531
2025-04-25,MG92,76.62,74.01014702916146
2025-04-28,MG95,78.17,75.54987977027892
2025-04-28,MG92,76.29,74.4177692604065
2025-04-29,MG95,76.83,75.3756064081192
2025-04-29,MG92,75.3,73.88489316225052
2025-04-30,MG95,74.78,75.32174925327301
2025-04-30,MG92,73.34,74.02060343146324
2025-05-01,MG95,74.78,74.83491402626038
2025-05-01,MG92,73.34,73.2332199573517
2025-05-02,MG95,75.24,74.72433497428894
2025-05-02,MG92,73.73,72.88331724882126
2025-05-05,MG95,73.1,74.6467143201828
2025-05-05,MG92,71.59,72.59915609836578
2025-05-06,MG95,74.97,74.73263348579407
2025-05-06,MG92,73.46,72.90855276107789
2025-05-07,MG95,76.52,74.50195704460144
2025-05-07,MG92,74.79,72.51075445175171
2025-05-08,MG95,74.88,74.44171890735626
2025-05-08,MG92,73.38,72.47242796063423
2025-05-09,MG95,76.72,74.36389032840728
2025-05-09,MG92,75.22,72.58825377464295
2025-05-12,MG95,76.72,74.2068007993698
2025-05-12,MG92,75.22,72.56772773861886
2025-05-13,MG95,77.69,74.13505286693572
2025-05-13,MG92,76.19,72.58857684016228
2025-05-14,MG95,78.68,74.08622287273407
2025-05-14,MG92,77.18,72.24428000092507
2025-05-15,MG95,76.57,74.0470683145523
2025-05-15,MG92,75.07,71.96742195129394
2025-05-16,MG95,76.6,73.90129451751709
2025-05-16,MG92,75.1,71.8651921904087
2025-05-19,MG95,76.59,73.73251499176025
2025-05-19,MG92,75.09,71.60785457849502
2025-05-20,MG95,76.33,73.50051707267761
2025-05-20,MG92,74.8,71.40838664650917
2025-05-21,MG95,77.54,73.65670097351074
2025-05-21,MG92,76.05,71.45550871014595
2025-05-22,MG95,77.12,73.76332483291625
2025-05-22,MG92,75.87,71.68701473116874
2025-05-23,MG95,76.75,73.35767732620239
2025-05-23,MG92,75.5,71.19084069609643
2025-05-26,MG95,77.26,73.28972286701202
2025-05-26,MG92,76.01,70.95054820299148
2025-05-27,MG95,76.86,73.33444981098175
2025-05-27,MG92,75.61,71.0169631934166
2025-05-28,MG95,76.5,73.17268428325653
2025-05-28,MG92,75.17,70.87513288021088
2025-05-29,MG95,77.4,72.91857702255248
2025-05-29,MG92,76.07,70.37735716819763
2025-05-30,MG95,76.02,73.05806224822997
2025-05-30,MG92,74.69,70.5704229426384
2025-06-02,MG95,77.31,72.80874650001526
2025-06-02,MG92,75.47,70.36761059999466
2025-06-03,MG95,77.7,72.78813883781433
2025-06-03,MG92,75.86,70.08656634926797
2025-06-04,MG95,78.1,72.63805406570434
2025-06-04,MG92,76.26,69.88682995438576
2025-06-05,MG95,77.06,72.38322137832641
2025-06-05,MG92,75.22,69.56738185882568
2025-06-06,MG95,77.44,72.62712646007537
2025-06-06,MG92,75.6,70.0330921804905
2025-06-09,MG95,78.69,72.11325176239014
2025-06-09,MG92,76.85,69.09257565021515
2025-06-10,MG95,80.06,72.04331508636474
2025-06-10,MG92,78.18,69.03321804881097
2025-06-11,MG95,80.07,72.12195688247681
2025-06-11,MG92,77.89,69.17421112179757
2025-06-12,MG95,81.75,72.09013051986695
2025-06-12,MG92,79.62,69.14695986270905
2025-06-13,MG95,85.44,72.19778938293457
2025-06-13,MG92,83.31,69.36836439847947
2025-06-16,MG95,85.14,72.09748181819916
2025-06-16,MG92,83.01,69.21344765663147
2025-06-17,MG95,85.82,71.97560551643372
2025-06-17,MG92,83.91,68.8550678908825
2025-06-18,MG95,87.49,71.91305248260498
2025-06-18,MG92,85.59,68.65199163556099
2025-06-19,MG95,88.68,71.8987934589386
2025-06-19,MG92,86.69,68.9036642253399
2025-06-20,MG95,89.81,71.90421798706055
2025-06-20,MG92,88.0,68.86262125372888
2025-06-23,MG95,89.27,71.66252614974975
2025-06-23,MG92,87.46,68.4974070596695
2025-06-24,MG95,82.55,71.94777593135834
2025-06-24,MG92,80.74,69.00196259737015
2025-06-25,MG95,81.1,71.63403582572937
2025-06-25,MG92,79.29,68.62823039412498
2025-05-01,MG95,74.78,74.96395010232925
2025-05-01,MG92,73.34,73.73906553030014
2025-05-02,MG95,75.24,74.52222025156021
2025-05-02,MG92,73.73,73.36907858371735
2025-05-05,MG95,73.1,74.24743169307709
2025-05-05,MG92,71.59,73.0898551118374
2025-05-06,MG95,74.97,74.03609633684158
2025-05-06,MG92,73.46,72.88067902803421
2025-05-07,MG95,76.52,74.00352731823921
2025-05-07,MG92,74.79,72.89141519784928
2025-05-08,MG95,74.88,73.84087388634681
2025-05-08,MG92,73.38,72.68341939330101
2025-05-09,MG95,76.72,74.07932706236839
2025-05-09,MG92,75.22,72.91707534313203
2025-05-12,MG95,76.72,73.87923731088638
2025-05-12,MG92,75.22,72.84145004272462
2025-05-13,MG95,77.69,73.59927835941315
2025-05-13,MG92,76.19,72.52175610661507
2025-05-14,MG95,78.68,73.8078948020935
2025-05-14,MG92,77.18,72.68146537542343
2025-05-15,MG95,76.57,73.74593477368354
2025-05-15,MG92,75.07,72.65152999639511
2025-05-16,MG95,76.6,73.47011659383774
2025-05-16,MG92,75.1,72.40679690718652
2025-05-19,MG95,76.59,72.9412032198906
2025-05-19,MG92,75.09,71.85579446554185
2025-05-20,MG95,76.33,72.72264714241028
2025-05-20,MG92,74.8,71.68639379262925
2025-05-21,MG95,77.54,72.67101452827454
2025-05-21,MG92,76.05,71.60185082674028
2025-05-22,MG95,77.12,72.47178502321243
2025-05-22,MG92,75.87,71.44565616726875
2025-05-23,MG95,76.75,72.06081901073456
2025-05-23,MG92,75.5,71.05550830245018
2025-05-26,MG95,77.26,71.89869598984718
2025-05-26,MG92,76.01,70.85495700001717
2025-05-27,MG95,76.86,71.93402849435806
2025-05-27,MG92,75.61,70.89115660190582
2025-05-28,MG95,76.5,71.77733884334565
2025-05-28,MG92,75.17,70.73108013510705
2025-05-29,MG95,77.4,71.34876675128938
2025-05-29,MG92,76.07,70.37685647368431
2025-05-30,MG95,76.02,71.07913521409034
2025-05-30,MG92,74.69,70.14766372799873
2025-06-02,MG95,77.31,71.49812425017357
2025-06-02,MG92,75.47,70.52390178322793
2025-06-03,MG95,77.7,71.2280202460289
2025-06-03,MG92,75.86,70.2297018790245
2025-06-04,MG95,78.1,71.19134165644645
2025-06-04,MG92,76.26,70.25903400421143
2025-06-05,MG95,77.06,70.68936781287194
2025-06-05,MG92,75.22,69.78464042901993
2025-06-06,MG95,77.44,70.71086951613427
2025-06-06,MG92,75.6,69.74180940628052
2025-06-09,MG95,78.69,70.29497825860977
2025-06-09,MG92,76.85,69.3412750840187
2025-06-10,MG95,80.06,70.28962957620621
2025-06-10,MG92,78.18,69.37108369231224
2025-06-11,MG95,80.07,70.27226864457131
2025-06-11,MG92,77.89,69.2963326728344
2025-06-12,MG95,81.75,70.12547405600547
2025-06-12,MG92,79.62,69.19350412130356
2025-06-13,MG95,85.44,70.13788299918176
2025-06-13,MG92,83.31,69.18233081102372
2025-06-16,MG95,85.14,69.5569492316246
2025-06-16,MG92,83.01,68.65287502288818
2025-06-17,MG95,85.82,69.60136558175087
2025-06-17,MG92,83.91,68.69928185462952
2025-06-18,MG95,87.49,69.52438021302223
2025-06-18,MG92,85.59,68.6382701599598
2025-06-19,MG95,88.68,68.96091435074807
2025-06-19,MG92,86.69,68.0892392218113
2025-06-20,MG95,89.81,68.92312145233154
2025-06-20,MG92,88.0,68.02629973769189
2025-06-23,MG95,89.27,68.82936796426773
2025-06-23,MG92,87.46,67.96444873332977
2025-06-24,MG95,82.55,68.6189998281002
2025-06-24,MG92,80.74,67.78987231731415
2025-06-25,MG95,81.1,68.81740920186043
2025-06-25,MG92,79.29,67.97140363812447
2025-06-26,MG95,79.86,68.91157721281051
2025-06-26,MG92,78.05,68.01846618056298
2025-06-27,MG95,79.59,68.70391461849212
2025-06-27,MG92,77.78,67.84211934566498
2025-06-30,MG95,79.2,68.39780061006546
2025-06-30,MG92,77.39,67.59862336397171
2025-07-01,MG95,79.36,68.44405779838561
2025-07-01,MG92,77.65,67.57497843623162
2025-07-02,MG95,80.1,68.36125128030777
2025-07-02,MG92,78.26,67.54530097007752
2025-07-03,MG95,80.19,68.20147276520728
2025-07-03,MG92,78.83,67.36983715891839
2025-07-04,MG95,80.68,68.14286012053489
2025-07-04,MG92,79.32,67.39318045973778
2025-07-07,MG95,80.11,67.7969385433197
2025-07-07,MG92,78.42,66.95930543422699
2025-07-08,MG95,79.99,67.77344891309738
2025-07-08,MG92,78.3,66.98245202183723
2025-07-09,MG95,81.39,67.50273872494698
2025-07-09,MG92,79.7,66.73865878462792
2025-07-10,MG95,80.3,67.42268232107162
2025-07-10,MG92,78.61,66.69270657896996
2025-07-11,MG95,79.29,67.44781667113304
2025-07-11,MG92,77.6,66.63697991251946
2025-07-14,MG95,80.84,67.17543056249619
2025-07-14,MG92,79.15,66.40460478425027
2025-07-15,MG95,78.87,67.31463893651963
2025-07-15,MG92,77.18,66.59950823187829
2025-07-16,MG95,79.2,67.26948714256287
2025-07-16,MG92,77.51,66.51992243885994
2025-07-17,MG95,79.08,67.262703230381
2025-07-17,MG92,77.39,66.49177933573723
2025-07-18,MG95,79.42,66.93520340681076
2025-07-18,MG92,77.73,66.14693670868874
2025-07-21,MG95,78.69,66.8628312766552
2025-07-21,MG92,77.0,66.10991091132165
2025-07-22,MG95,78.08,66.6246455347538
2025-07-22,MG92,76.39,65.87331300616265
2025-07-23,MG95,77.26,66.7011718082428
2025-07-23,MG92,75.57,65.96591247081757
2025-05-29,MG95,77.4,76.4756691455841
2025-05-29,MG92,76.07,75.05417956233025
2025-05-30,MG95,76.02,76.62444484233856
2025-05-30,MG92,74.69,75.28804275631904
2025-06-02,MG95,77.31,76.48358488082886
2025-06-02,MG92,75.47,74.98221855461598
2025-06-03,MG95,77.7,76.45143860578537
2025-06-03,MG92,75.86,75.11840277910233
2025-06-04,MG95,78.1,76.2662623822689
2025-06-04,MG92,76.26,74.88831663072109
2025-06-05,MG95,77.06,76.34111076593399
2025-06-05,MG92,75.22,75.04155356645585
2025-06-06,MG95,77.44,76.11474627256393
2025-06-06,MG92,75.6,74.79465665280819
2025-06-09,MG95,78.69,76.16360405087471
2025-06-09,MG92,76.85,74.88414978325368
2025-06-10,MG95,80.06,76.19471982121468
2025-06-10,MG92,78.18,75.0189809024334
2025-06-11,MG95,80.07,75.83465874195099
2025-06-11,MG92,77.89,74.73821155130864
2025-06-12,MG95,81.75,75.9641922712326
2025-06-12,MG92,79.62,74.9443719303608
2025-06-13,MG95,85.44,75.8858100771904
2025-06-13,MG92,83.31,74.74055484294891
2025-06-16,MG95,85.14,75.88325661420822
2025-06-16,MG92,83.01,74.69253752648831
2025-06-17,MG95,85.82,75.8308057487011
2025-06-17,MG92,83.91,74.52572473287583
2025-06-18,MG95,87.49,75.78957644104958
2025-06-18,MG92,85.59,74.5092410427332
2025-06-19,MG95,88.68,75.69682189822197
2025-06-19,MG92,86.69,74.53909448862076
2025-06-20,MG95,89.81,75.72203734517097
2025-06-20,MG92,88.0,74.500078458786
2025-06-23,MG95,89.27,75.59503448009491
2025-06-23,MG92,87.46,74.39686609506607
2025-06-24,MG95,82.55,75.35411980748177
2025-06-24,MG92,80.74,74.34652340888977
2025-06-25,MG95,81.1,75.51060149073601
2025-06-25,MG92,79.29,74.52000763893128
2025-06-26,MG95,79.86,75.43779587745667
2025-06-26,MG92,78.05,74.52214930891991
2025-06-27,MG95,79.59,75.38383573293686
2025-06-27,MG92,77.78,74.34957013607026
2025-06-30,MG95,79.2,75.31769648194313
2025-06-30,MG92,77.39,74.30338085591794
2025-07-01,MG95,79.36,75.25824183225632
2025-07-01,MG92,77.65,74.24923424124718
2025-07-02,MG95,80.1,75.21760529279709
2025-07-02,MG92,78.26,74.29148069798947
2025-07-03,MG95,80.19,75.1294105052948
2025-07-03,MG92,78.83,74.39668239533901
2025-07-04,MG95,80.68,75.1459441781044
2025-07-04,MG92,79.32,74.34348564267158
2025-07-07,MG95,80.11,75.06678226590157
2025-07-07,MG92,78.42,74.18091586470604
2025-07-08,MG95,79.99,75.10671204328537
2025-07-08,MG92,78.3,74.17010446369648
2025-07-09,MG95,81.39,74.96635365486145
2025-07-09,MG92,79.7,74.0232611745596
2025-07-10,MG95,80.3,74.77918937802315
2025-07-10,MG92,78.61,73.79605597555637
2025-07-11,MG95,79.29,74.77317962050438
2025-07-11,MG92,77.6,73.7059624606371
2025-07-14,MG95,80.84,74.47260054945946
2025-07-14,MG92,79.15,73.7963113629818
2025-07-15,MG95,78.87,74.63147610425949
2025-07-15,MG92,77.18,73.82615136742592
2025-07-16,MG95,79.2,74.5327619612217
2025-07-16,MG92,77.51,73.74220955312252
2025-07-17,MG95,79.08,74.43416637182236
2025-07-17,MG92,77.39,73.46688846707345
2025-07-18,MG95,79.42,74.460539996624
2025-07-18,MG92,77.73,73.66115316867828
2025-07-21,MG95,78.69,74.3357121348381
2025-07-21,MG92,77.0,73.5757776004076
2025-07-22,MG95,78.08,74.27674993872643
2025-07-22,MG92,76.39,73.68901280045509
2025-07-23,MG95,77.26,74.25978308916092
2025-07-23,MG92,75.57,73.58059411764145
2025-07-24,MG95,78.14,74.17229050397873
2025-07-24,MG92,76.45,73.51301950097084
2025-07-25,MG95,78.22,74.0088050365448
2025-07-25,MG92,76.53,73.49763800919057
2025-07-28,MG95,77.92,74.27300637960434
2025-07-28,MG92,76.23,73.59054526627064
2025-07-29,MG95,79.49,74.03279846906662
2025-07-29,MG92,77.8,73.57642278969288
2025-07-30,MG95,81.72,74.0292281806469
2025-07-30,MG92,80.03,73.34626943409442
2025-07-31,MG95,82.4,73.788933634758
2025-07-31,MG92,80.71,73.25465703606606
2025-08-01,MG95,81.46,73.88585579395294
2025-08-01,MG92,79.77,73.05711262226104
2025-08-04,MG95,79.18,73.75837871432304
2025-08-04,MG92,77.49,73.2438456350565
2025-08-05,MG95,79.02,73.68832719326019
2025-08-05,MG92,77.33,73.01041704773903
2025-08-06,MG95,78.93,73.38439214229584
2025-08-06,MG92,77.24,72.89484751701355
2025-08-07,MG95,77.92,73.64411580562592
2025-08-07,MG92,76.23,73.07973457157613
2025-08-08,MG95,78.6,73.17532736063004
2025-08-08,MG92,76.45,72.75962659597397
2025-08-11,MG95,79.23,73.28822234272957
2025-08-11,MG92,77.08,72.68644689738751
2025-08-12,MG95,80.53,73.1992934346199
2025-08-12,MG92,78.38,72.49710176408291
2025-08-13,MG95,79.43,73.27667704224586
2025-08-13,MG92,77.01,72.81880927145481
2025-08-14,MG95,79.84,73.2147282063961
2025-08-14,MG92,77.42,72.74877487063408
2025-08-15,MG95,80.6,73.08207124471664
2025-08-15,MG92,78.18,72.86201007068158
2025-08-18,MG95,79.42,73.11175981163979
2025-08-18,MG92,76.71,72.5934993159771
2025-08-19,MG95,79.65,72.87531825900078
2025-08-19,MG92,76.94,72.34933997631073
2025-08-20,MG95,80.77,72.8196892440319
2025-08-20,MG92,78.16,72.44184847056866
2025-06-26,MG95,79.86,81.01290212869644
2025-06-26,MG92,78.05,78.72268940985204
2025-06-27,MG95,79.59,81.09178230762481
2025-06-27,MG92,77.78,78.57968379378319
2025-06-30,MG95,79.2,80.94460343718528
2025-06-30,MG92,77.39,78.5586859434843
2025-07-01,MG95,79.36,80.79357675313949
2025-07-01,MG92,77.65,78.07286194682122
2025-07-02,MG95,80.1,80.56644940376282
2025-07-02,MG92,78.26,77.89033235549927
2025-07-03,MG95,80.19,80.5088337123394
2025-07-03,MG92,78.83,77.82832654953003
2025-07-04,MG95,80.68,80.62974980473518
2025-07-04,MG92,79.32,77.79568370640278
2025-07-07,MG95,80.11,80.67563836574554
2025-07-07,MG92,78.42,77.69759921729565
2025-07-08,MG95,79.99,80.59206926822662
2025-07-08,MG92,78.3,77.61602755486966
2025-07-09,MG95,81.39,80.3723378419876
2025-07-09,MG92,79.7,77.36261190533638
2025-07-10,MG95,80.3,80.4919149339199
2025-07-10,MG92,78.61,77.3360373133421
2025-07-11,MG95,79.29,80.43043692708015
2025-07-11,MG92,77.6,77.21643038213254
2025-07-14,MG95,80.84,80.27947791814803
2025-07-14,MG92,79.15,76.94380805611611
2025-07-15,MG95,78.87,80.36220591068268
2025-07-15,MG92,77.18,76.95908738315106
2025-07-16,MG95,79.2,80.17102371454239
2025-07-16,MG92,77.51,76.83190459012985
2025-07-17,MG95,79.08,80.42787977457046
2025-07-17,MG92,77.39,76.97973077952862
2025-07-18,MG95,79.42,80.25968778133392
2025-07-18,MG92,77.73,76.86797854721547
2025-07-21,MG95,78.69,80.07514258027076
2025-07-21,MG92,77.0,76.61086712479592
2025-07-22,MG95,78.08,80.04271169900893
2025-07-22,MG92,76.39,76.58758186519147
2025-07-23,MG95,77.26,80.01490689516066
2025-07-23,MG92,75.57,76.41771809399128
2025-07-24,MG95,78.14,80.0607616186142
2025-07-24,MG92,76.45,76.36073135554791
2025-07-25,MG95,78.22,80.09654725193977
2025-07-25,MG92,76.53,76.42151784002782
2025-07-28,MG95,77.92,80.19904604554176
2025-07-28,MG92,76.23,76.38100139379502
2025-07-29,MG95,79.49,79.98180893063545
2025-07-29,MG92,77.8,76.05479981303216
2025-07-30,MG95,81.72,79.93823099136353
2025-07-30,MG92,80.03,76.01540344119073
2025-07-31,MG95,82.4,80.12394117116928
2025-07-31,MG92,80.71,76.08743793010713
2025-08-01,MG95,81.46,79.88465647101401
2025-08-01,MG92,79.77,75.92059883236885
2025-08-04,MG95,79.18,80.03597319126129
2025-08-04,MG92,77.49,76.02255868434906
2025-08-05,MG95,79.02,79.87798080444335
2025-08-05,MG92,77.33,75.72192032039166
2025-08-06,MG95,78.93,79.82707461714745
2025-08-06,MG92,77.24,75.64431381583215
2025-08-07,MG95,77.92,79.72938559055328
2025-08-07,MG92,76.23,75.4792658919096
2025-08-08,MG95,78.6,79.72783873081207
2025-08-08,MG92,76.45,75.4425302875042
2025-08-11,MG95,79.23,79.6561707854271
2025-08-11,MG92,77.08,75.34511689782143
2025-08-12,MG95,80.53,79.442578458786
2025-08-12,MG92,78.38,75.11237300097943
2025-08-13,MG95,79.43,79.65348795056343
2025-08-13,MG92,77.01,75.23100636541844
2025-08-14,MG95,79.84,79.42695517539977
2025-08-14,MG92,77.42,74.975360019207
2025-08-15,MG95,80.6,79.5241704761982
2025-08-15,MG92,78.18,75.03280991077423
2025-08-18,MG95,79.42,79.54976617097854
2025-08-18,MG92,76.71,75.06672878801824
2025-08-19,MG95,79.65,79.49012989401817
2025-08-19,MG92,76.94,74.86862212836743
2025-08-20,MG95,80.77,79.5293282866478
2025-08-20,MG92,78.16,74.90030558288097
2025-08-21,MG95,81.77,79.43915119767189
2025-08-21,MG92,79.01,74.6859082210064
2025-08-22,MG95,82.69,79.47962574958801
2025-08-22,MG92,79.93,74.59841954112053
2025-08-25,MG95,81.54,79.32708604335784
2025-08-25,MG92,79.6,74.58206267416477
2025-08-26,MG95,81.12,79.14098914861678
2025-08-26,MG92,79.18,74.26006727993489
2025-08-27,MG95,79.35,79.25151227712631
2025-08-27,MG92,77.41,74.31900587797165
2025-08-28,MG95,80.24,79.31863148808479
2025-08-28,MG92,78.3,74.42248279273511
2025-08-29,MG95,81.37,79.1626161813736
2025-08-29,MG92,79.43,74.17961569190025
2025-09-01,MG95,81.25,79.12511450052261
2025-09-01,MG92,79.31,74.06248048603535
2025-09-02,MG95,82.72,79.02814573049545
2025-09-02,MG92,80.78,73.93739133417607
2025-09-03,MG95,82.95,78.97938581109047
2025-09-03,MG92,80.73,73.99607472538949
2025-09-04,MG95,81.45,79.12886080145836
2025-09-04,MG92,79.28,73.94317602217198
2025-09-05,MG95,81.6,79.16393584609031
2025-09-05,MG92,79.24,73.91526395738126
2025-09-08,MG95,81.23,78.76614152789115
2025-09-08,MG92,78.87,73.45720079183579
2025-09-09,MG95,81.58,79.01424816250801
2025-09-09,MG92,79.22,73.68806844592095
2025-09-10,MG95,81.84,78.9911757826805
2025-09-10,MG92,79.48,73.7565205872059
2025-09-11,MG95,82.05,79.00983961224556
2025-09-11,MG92,79.69,73.54982196450234
2025-09-12,MG95,81.4,78.91273549199104
2025-09-12,MG92,79.14,73.34970673263074
2025-09-15,MG95,83.32,78.74002860188483
2025-09-15,MG92,81.06,73.23256680071354
2025-09-16,MG95,83.4,78.92787054777145
2025-09-16,MG92,81.14,73.41591399908066
2025-09-17,MG95,83.21,78.82498020529746
2025-09-17,MG92,81.74,73.1588073027134
2025-07-24,MG95,78.14,77.46893133878709
2025-07-24,MG92,76.45,74.61134943902492
2025-07-25,MG95,78.22,77.62752021789551
2025-07-25,MG92,76.53,74.92828711867332
2025-07-28,MG95,77.92,77.58602867364884
2025-07-28,MG92,76.23,74.58113894462585
2025-07-29,MG95,79.49,77.38450226306915
2025-07-29,MG92,77.8,74.38000290513038
2025-07-30,MG95,81.72,77.4285542178154
2025-07-30,MG92,80.03,73.61780388772488
2025-07-31,MG95,82.4,77.26992849826813
2025-07-31,MG92,80.71,74.2275856232643
2025-08-01,MG95,81.46,77.34460406780244
2025-08-01,MG92,79.77,74.62904241979122
2025-08-04,MG95,79.18,77.40295011281968
2025-08-04,MG92,77.49,74.4493739837408
2025-08-05,MG95,79.02,77.38683242082597
2025-08-05,MG92,77.33,73.92339067339897
2025-08-06,MG95,78.93,77.32058410167694
2025-08-06,MG92,77.24,74.19063666164874
2025-08-07,MG95,77.92,77.27897282600404
2025-08-07,MG92,76.23,73.83885804355144
2025-08-08,MG95,78.6,77.15634021520616
2025-08-08,MG92,76.45,73.49093062162399
2025-08-11,MG95,79.23,77.19463585138321
2025-08-11,MG92,77.08,73.67207647562026
2025-08-12,MG95,80.53,77.10171965956688
2025-08-12,MG92,78.38,73.89902228593826
2025-08-13,MG95,79.43,77.05403892159462
2025-08-13,MG92,77.01,73.37323716580867
2025-08-14,MG95,79.84,76.99720333456993
2025-08-14,MG92,77.42,73.71778184115885
2025-08-15,MG95,80.6,76.97691806793213
2025-08-15,MG92,78.18,73.55833781540393
2025-08-18,MG95,79.42,76.85753202080727
2025-08-18,MG92,76.71,73.0190982824564
2025-08-19,MG95,79.65,77.02102528333664
2025-08-19,MG92,76.94,74.09289285242556
2025-08-20,MG95,80.77,76.77571401119232
2025-08-20,MG92,78.16,73.02560252487659
2025-08-21,MG95,81.77,76.8105328309536
2025-08-21,MG92,79.01,72.9263407588005
2025-08-22,MG95,82.69,76.89836043715478
2025-08-22,MG92,79.93,73.32197797000407
2025-08-25,MG95,81.54,76.75276241779328
2025-08-25,MG92,79.6,72.70936751961708
2025-08-26,MG95,81.12,76.87120903372765
2025-08-26,MG92,79.18,72.51706445753574
2025-08-27,MG95,79.35,76.63054426193237
2025-08-27,MG92,77.41,72.99190568447112
2025-08-28,MG95,80.24,76.66028831124306
2025-08-28,MG92,78.3,72.43556774139404
2025-08-29,MG95,81.37,76.49972386360169
2025-08-29,MG92,79.43,72.04577714145184
2025-09-01,MG95,81.25,76.63649399280548
2025-09-01,MG92,79.31,72.23291824936867
2025-09-02,MG95,82.72,76.6043276846409
2025-09-02,MG92,80.78,72.86827553093433
2025-09-03,MG95,82.95,76.63627295017243
2025-09-03,MG92,80.73,72.54821185111999
2025-09-04,MG95,81.45,76.44729991912843
2025-09-04,MG92,79.28,72.67167534470558
2025-09-05,MG95,81.6,76.51602575778962
2025-09-05,MG92,79.24,72.46406659305094
2025-09-08,MG95,81.23,76.44854788899423
2025-09-08,MG92,78.87,72.07382105648517
2025-09-09,MG95,81.58,76.25289752840996
2025-09-09,MG92,79.22,71.92690355300903
2025-09-10,MG95,81.84,76.43206639766693
2025-09-10,MG92,79.48,72.74989291369914
2025-09-11,MG95,82.05,76.33710556149484
2025-09-11,MG92,79.69,71.84702388882637
2025-09-12,MG95,81.4,76.30698389768601
2025-09-12,MG92,79.14,72.2939698433876
2025-09-15,MG95,83.32,76.16539688110352
2025-09-15,MG92,81.06,71.64229790389537
2025-09-16,MG95,83.4,76.41425404548646
2025-09-16,MG92,81.14,72.36526877224445
2025-09-17,MG95,83.21,76.30075325846673
2025-09-17,MG92,81.74,71.21213055253028
2025-09-18,MG95,82.22,76.27689446926118
2025-09-18,MG92,80.53,71.67273361444472
2025-09-19,MG95,80.89,76.10065901994706
2025-09-19,MG92,79.2,72.06494303584098
2025-09-22,MG95,79.8,76.15743013620377
2025-09-22,MG92,77.81,72.77593240499496
2025-09-23,MG95,79.23,76.1046147620678
2025-09-23,MG92,77.24,71.64140604794025
2025-09-24,MG95,80.23,76.27970355272294
2025-09-24,MG92,78.24,71.95908243656157
2025-09-25,MG95,81.05,76.19194041728974
2025-09-25,MG92,79.25,71.3817993915081
2025-09-26,MG95,81.84,76.07027026295663
2025-09-26,MG92,80.15,71.41336118280887
2025-09-29,MG95,81.78,75.93165811181069
2025-09-29,MG92,79.91,71.85487041950225
2025-09-30,MG95,79.2,75.93493691086769
2025-09-30,MG92,77.33,70.92569164395331
2025-10-01,MG95,79.57,75.95194337844849
2025-10-01,MG92,76.94,71.49370479226111
2025-10-02,MG95,78.13,75.82046445727349
2025-10-02,MG92,76.23,70.5868359285593
2025-10-03,MG95,77.05,76.00576265454293
2025-10-03,MG92,75.25,71.78145445883274
2025-10-06,MG95,78.05,75.86964644312859
2025-10-06,MG92,75.75,70.30998221933841
2025-10-07,MG95,78.93,75.87024049520492
2025-10-07,MG92,76.47,71.21199542284012
2025-10-08,MG95,79.45,75.86616502165795
2025-10-08,MG92,76.99,71.1954825747013
2025-10-09,MG95,80.3,76.00867765426636
2025-10-09,MG92,77.55,70.98340553462505
2025-10-10,MG95,79.46,76.06049373149872
2025-10-10,MG92,76.59,71.48449795603752
2025-10-13,MG95,78.69,76.07477861166001
2025-10-13,MG92,75.95,71.56036877274512
2025-10-14,MG95,78.36,75.89650772809983
2025-10-14,MG92,75.62,71.41003248810767
2025-10-15,MG95,78.5,76.01021574258804
2025-10-15,MG92,75.76,71.77330613851547
2025-08-21,MG95,81.77,80.72716746509074
2025-08-21,MG92,79.01,78.74312004089356
2025-08-22,MG95,82.69,81.06832087874412
2025-08-22,MG92,79.93,78.54577754974365
2025-08-25,MG95,81.54,80.9738649570942
2025-08-25,MG92,79.6,78.47327887535094
2025-08-26,MG95,81.12,80.67031578421593
2025-08-26,MG92,79.18,78.53650673866272
2025-08-27,MG95,79.35,80.85188105583191
2025-08-27,MG92,77.41,78.46319745063781
2025-08-28,MG95,80.24,80.99627055644989
2025-08-28,MG92,78.3,78.37153288841247
2025-08-29,MG95,81.37,80.93366582632065
2025-08-29,MG92,79.43,78.43820818901062
2025-09-01,MG95,81.25,80.66098573446273
2025-09-01,MG92,79.31,78.75319214820861
2025-09-02,MG95,82.72,80.9879033601284
2025-09-02,MG92,80.78,78.50365359306335
2025-09-03,MG95,82.95,80.84255100607872
2025-09-03,MG92,80.73,78.57819277763366
2025-09-04,MG95,81.45,81.0115028977394
2025-09-04,MG92,79.28,78.2298711681366
2025-09-05,MG95,81.6,80.71510291159153
2025-09-05,MG92,79.24,78.82404164314269
2025-09-08,MG95,81.23,80.90012964129447
2025-09-08,MG92,78.87,78.61445609092712
2025-09-09,MG95,81.58,81.08208005428314
2025-09-09,MG92,79.22,78.29376056671143
2025-09-10,MG95,81.84,81.03319598555565
2025-09-10,MG92,79.48,78.49602264404297
2025-09-11,MG95,82.05,80.90011038422584
2025-09-11,MG92,79.69,78.63446986198424
2025-09-12,MG95,81.4,80.92711842298507
2025-09-12,MG92,79.14,78.4289653301239
2025-09-15,MG95,83.32,80.90266194581984
2025-09-15,MG92,81.06,78.41878141403198
2025-09-16,MG95,83.4,80.8910884475708
2025-09-16,MG92,81.14,78.80520186424255
2025-09-17,MG95,83.21,81.151992841959
2025-09-17,MG92,81.74,78.24208627700806
2025-09-18,MG95,82.22,80.87782032728195
2025-09-18,MG92,80.53,78.81496649742127
2025-09-19,MG95,80.89,80.65113574385643
2025-09-19,MG92,79.2,78.72682391166687
2025-09-22,MG95,79.8,81.14607129335403
2025-09-22,MG92,77.81,78.62870239257812
2025-09-23,MG95,79.23,80.94543189525604
2025-09-23,MG92,77.24,78.48333234786988
2025-09-24,MG95,80.23,81.17974227786064
2025-09-24,MG92,78.24,78.2228272151947
2025-09-25,MG95,81.05,80.94487344026565
2025-09-25,MG92,79.25,78.82779655456542
2025-09-26,MG95,81.84,80.76774692296982
2025-09-26,MG92,80.15,78.85066144943237
2025-09-29,MG95,81.78,80.96733681082725
2025-09-29,MG92,79.91,78.74191809654235
2025-09-30,MG95,79.2,81.06414209485054
2025-09-30,MG92,77.33,78.42417618751526
2025-10-01,MG95,79.57,81.09499191880225
2025-10-01,MG92,76.94,78.83176576614379
2025-10-02,MG95,78.13,81.17798025608063
2025-10-02,MG92,76.23,78.6035267829895
2025-10-03,MG95,77.05,80.8308234512806
2025-10-03,MG92,75.25,78.72024582862853
2025-10-06,MG95,78.05,80.64001478672027
2025-10-06,MG92,75.75,78.75929504394531
2025-10-07,MG95,78.93,80.64890673816204
2025-10-07,MG92,76.47,79.19054149627685
2025-10-08,MG95,79.45,81.00936536312103
2025-10-08,MG92,76.99,78.48918367385863
2025-10-09,MG95,80.3,80.9160456085205
2025-10-09,MG92,77.55,78.56319176673888
2025-10-10,MG95,79.46,80.77408249855041
2025-10-10,MG92,76.59,78.44448811531066
2025-10-13,MG95,78.69,80.63201828896999
2025-10-13,MG92,75.95,78.93711758613586
2025-10-14,MG95,78.36,80.7965362405777
2025-10-14,MG92,75.62,78.8438690662384
2025-10-15,MG95,78.5,80.96253217220305
2025-10-15,MG92,75.76,78.92322534561157
2025-10-16,MG95,78.98,80.59453440487384
2025-10-16,MG92,76.24,78.57710264205932
2025-10-17,MG95,77.59,80.69226402819156
2025-10-17,MG92,74.81,78.74590594291686
2025-10-20,MG95,77.59,80.92140870213508
2025-10-20,MG92,74.81,78.74632522583008
2025-10-21,MG95,77.65,80.6933279812336
2025-10-21,MG92,74.87,78.93186257362365
2025-10-22,MG95,78.59,80.8676044523716
2025-10-22,MG92,75.58,78.79298675537109
2025-10-23,MG95,81.1,80.64364474415778
2025-10-23,MG92,78.09,79.20525366783141
2025-10-24,MG95,82.82,80.58437148690223
2025-10-24,MG92,79.91,78.71355593681335
2025-10-27,MG95,82.51,80.76175797462463
2025-10-27,MG92,79.91,79.0245613670349
2025-10-28,MG95,82.08,80.85030197620391
2025-10-28,MG92,79.26,78.6214068698883
2025-10-29,MG95,82.28,80.82561441421508
2025-10-29,MG92,79.46,78.4839379787445
2025-10-30,MG95,82.62,80.64540195167065
2025-10-30,MG92,79.8,78.87350770950317
2025-10-31,MG95,81.78,80.9351101064682
2025-10-31,MG92,78.96,78.82724682807923
2025-11-03,MG95,82.63,80.6247535598278
2025-11-03,MG92,79.81,78.87961060523986
2025-11-04,MG95,81.13,80.88141177058219
2025-11-04,MG92,78.41,78.56619196891785
2025-11-05,MG95,80.8,80.9654399895668
2025-11-05,MG92,78.08,78.70255208969115
2025-11-06,MG95,81.25,80.7077033829689
2025-11-06,MG92,78.53,78.50185533523559
2025-11-07,MG95,81.88,80.71087117075919
2025-11-07,MG92,79.16,78.76249091148377
2025-11-10,MG95,82.8,80.8115952682495
2025-11-10,MG92,80.08,78.33976987838744
2025-11-11,MG95,83.15,81.02139140248298
2025-11-11,MG92,80.06,78.38593758583069
2025-11-12,MG95,83.79,80.37147496461868
2025-11-12,MG92,81.48,79.08518967628478
2025-09-18,MG95,82.22,83.24665220141411
2025-09-18,MG92,80.53,81.62279715538024
2025-09-19,MG95,80.89,82.94042529046534
2025-09-19,MG92,79.2,81.17891622900963
2025-09-22,MG95,79.8,83.13226658284664
2025-09-22,MG92,77.81,81.31901786684989
2025-09-23,MG95,79.23,83.07478363096713
2025-09-23,MG92,77.24,81.44056661009787
2025-09-24,MG95,80.23,83.120611281991
2025-09-24,MG92,78.24,81.24896217584609
2025-09-25,MG95,81.05,83.3247873544693
2025-09-25,MG92,79.25,81.36272045731543
2025-09-26,MG95,81.84,83.00508989155291
2025-09-26,MG92,80.15,81.00242012619972
2025-09-29,MG95,81.78,82.8490179735422
2025-09-29,MG92,79.91,80.66375671863555
2025-09-30,MG95,79.2,82.82342094898223
2025-09-30,MG92,77.33,80.75602423906325
2025-10-01,MG95,79.57,82.8157978862524
2025-10-01,MG92,76.94,80.54425912261009
2025-10-02,MG95,78.13,82.70244388580322
2025-10-02,MG92,76.23,80.46217425704002
2025-10-03,MG95,77.05,82.5396366918087
2025-10-03,MG92,75.25,80.23918385982513
2025-10-06,MG95,78.05,82.48113700091838
2025-10-06,MG92,75.75,80.23656755089759
2025-10-07,MG95,78.93,82.654716668725
2025-10-07,MG92,76.47,80.34745130300522
2025-10-08,MG95,79.45,82.74457655847073
2025-10-08,MG92,76.99,80.39980671405792
2025-10-09,MG95,80.3,82.53962181270121
2025-10-09,MG92,77.55,79.94125594377518
2025-10-10,MG95,79.46,82.38193303167819
2025-10-10,MG92,76.59,79.83060117959975
2025-10-13,MG95,78.69,82.31044387996197
2025-10-13,MG92,75.95,79.67086991667747
2025-10-14,MG95,78.36,82.34729446947574
2025-10-14,MG92,75.62,79.70507194399833
2025-10-15,MG95,78.5,82.33535646557807
2025-10-15,MG92,75.76,79.51975249767303
2025-10-16,MG95,78.98,82.30444759964942
2025-10-16,MG92,76.24,79.54264641880988
2025-10-17,MG95,77.59,82.35745689988136
2025-10-17,MG92,74.81,79.54150635123253
2025-10-20,MG95,77.59,82.12676129817962
2025-10-20,MG92,74.81,79.1691817176342
2025-10-21,MG95,77.65,82.16793178856372
2025-10-21,MG92,74.87,79.24218501925468
2025-10-22,MG95,78.59,82.01929446458816
2025-10-22,MG92,75.58,78.98447128176689
2025-10-23,MG95,81.1,82.1580123835802
2025-10-23,MG92,78.09,79.23813144564627
2025-10-24,MG95,82.82,82.15827524781227
2025-10-24,MG92,79.91,79.09455114006995
2025-10-27,MG95,82.51,82.0121028959751
2025-10-27,MG92,79.91,78.77693026185035
2025-10-28,MG95,82.08,82.00880469381809
2025-10-28,MG92,79.26,78.93132172107696
2025-10-29,MG95,82.28,82.11671294093131
2025-10-29,MG92,79.46,79.05495084404944
2025-10-30,MG95,82.62,81.86281089127063
2025-10-30,MG92,79.8,78.6708747446537
2025-10-31,MG95,81.78,81.81171107649803
2025-10-31,MG92,78.96,78.58996405124664
2025-11-03,MG95,82.63,81.77617976784705
2025-11-03,MG92,79.81,78.4502229475975
2025-11-04,MG95,81.13,81.86702167868613
2025-11-04,MG92,78.41,78.51218123555184
2025-11-05,MG95,80.8,81.87271045744419
2025-11-05,MG92,78.08,78.51606915831566
2025-11-06,MG95,81.25,81.76879973053931
2025-11-06,MG92,78.53,78.28828950285912
2025-11-07,MG95,81.88,81.86486420810222
2025-11-07,MG92,79.16,78.38217455506324
2025-11-10,MG95,82.8,81.78681832969188
2025-11-10,MG92,80.08,78.2469742333889
2025-11-11,MG95,83.15,81.6406658166647
2025-11-11,MG92,80.06,78.06794464707374
2025-11-12,MG95,83.79,81.56007065117359
2025-11-12,MG92,81.48,78.01482919096946
2025-11-13,MG95,81.53,81.50606445074081
2025-11-13,MG92,79.22,77.83323201656341
2025-11-14,MG95,83.15,81.52661745786666
2025-11-14,MG92,80.31,77.89559955954552
2025-11-17,MG95,83.32,81.4910811895132
2025-11-17,MG92,80.48,77.84300541639327
2025-11-18,MG95,82.73,81.45493983745574
2025-11-18,MG92,79.89,77.68982223391532
2025-11-19,MG95,81.03,81.36805080950259
2025-11-19,MG92,78.17,77.64889673113822
2025-11-20,MG95,79.42,81.41961187660694
2025-11-20,MG92,76.56,77.59269724607468
2025-11-21,MG95,79.01,81.24668192982674
2025-11-21,MG92,76.15,77.45042753100395
2025-11-24,MG95,78.93,81.34484932124614
2025-11-24,MG92,76.07,77.50003021478652
2025-11-25,MG95,79.26,81.25617976009845
2025-11-25,MG92,76.4,77.47391097426414
2025-11-26,MG95,81.16,81.1691121828556
2025-11-26,MG92,78.3,77.16953241944313
2025-11-27,MG95,81.44,81.29486543953418
2025-11-27,MG92,78.52,77.39834495663642
2025-11-28,MG95,81.86,81.23355855703353
2025-11-28,MG92,79.04,77.2527378642559
2025-12-01,MG95,82.51,81.28318534016609
2025-12-01,MG92,79.78,77.30904940724372
2025-12-02,MG95,82.55,81.0504066634178
2025-12-02,MG92,80.7,76.97458086371421
2025-12-03,MG95,80.8,81.12863109111785
2025-12-03,MG92,79.51,76.99381585001944
2025-12-04,MG95,80.04,81.21577802360058
2025-12-04,MG92,78.67,77.20642383694648
2025-12-05,MG95,79.94,81.19023059606552
2025-12-05,MG92,78.57,77.18887946367263
2025-12-08,MG95,80.6,80.92795160889625
2025-12-08,MG92,79.38,76.80074979066848
2025-12-09,MG95,79.45,81.03540356338023
2025-12-09,MG92,77.63,76.89628647923469
2025-12-10,MG95,79.42,81.04777802109717
2025-12-10,MG92,77.59,76.87014775037765
2025-10-16,MG95,78.98,78.56041479110718
2025-10-16,MG92,76.24,75.88325009346009
2025-10-17,MG95,77.59,78.42826679348946
2025-10-17,MG92,74.81,75.64477421283722
2025-10-20,MG95,77.59,78.4696615934372
2025-10-20,MG92,74.81,75.69764793395997
2025-10-21,MG95,77.65,78.50058019161224
2025-10-21,MG92,74.87,75.62310813426971
2025-10-22,MG95,78.59,78.40189146995544
2025-10-22,MG92,75.58,75.61098361968995
2025-10-23,MG95,81.1,78.5033969283104
2025-10-23,MG92,78.09,75.65015686511994
2025-10-24,MG95,82.82,78.58697259426117
2025-10-24,MG92,79.91,75.70956924438477
2025-10-27,MG95,82.51,78.53647720813751
2025-10-27,MG92,79.91,75.63869615077972
2025-10-28,MG95,82.08,78.53176081180573
2025-10-28,MG92,79.26,75.62221855163575
2025-10-29,MG95,82.28,78.45820280909538
2025-10-29,MG92,79.46,75.44175971508027
2025-10-30,MG95,82.62,78.52247774600983
2025-10-30,MG92,79.8,75.50473494052888
2025-10-31,MG95,81.78,78.49764648079872
2025-10-31,MG92,78.96,75.47206874370575
2025-11-03,MG95,82.63,78.56862169504166
2025-11-03,MG92,79.81,75.49645324230194
2025-11-04,MG95,81.13,78.48148065805435
2025-11-04,MG92,78.41,75.37103563785554
2025-11-05,MG95,80.8,78.33460327982903
2025-11-05,MG92,78.08,75.29909685134888
2025-11-06,MG95,81.25,78.49381440877914
2025-11-06,MG92,78.53,75.44389561653138
2025-11-07,MG95,81.88,78.41553065180779
2025-11-07,MG92,79.16,75.32816407680512
2025-11-10,MG95,82.8,78.31491887569427
2025-11-10,MG92,80.08,75.18231768131257
2025-11-11,MG95,83.15,78.32333633303642
2025-11-11,MG92,80.06,75.13868297576904
2025-11-12,MG95,83.79,78.32867035269737
2025-11-12,MG92,81.48,75.13403185844422
2025-11-13,MG95,81.53,78.47518745064735
2025-11-13,MG92,79.22,75.20555972099305
2025-11-14,MG95,83.15,78.41763618588448
2025-11-14,MG92,80.31,75.1310605621338
2025-11-17,MG95,83.32,78.51984816789627
2025-11-17,MG92,80.48,75.17115048408509
2025-11-18,MG95,82.73,78.34650656580925
2025-11-18,MG92,79.89,75.05637174606323
2025-11-19,MG95,81.03,78.40891927480698
2025-11-19,MG92,78.17,75.09603719711305
2025-11-20,MG95,79.42,78.46039256453514
2025-11-20,MG92,76.56,75.06008812427521
2025-11-21,MG95,79.01,78.33504778146744
2025-11-21,MG92,76.15,74.93910940170288
2025-11-24,MG95,78.93,78.36073997616768
2025-11-24,MG92,76.07,74.86946907997132
2025-11-25,MG95,79.26,78.45225116610527
2025-11-25,MG92,76.4,74.95077783584595
2025-11-26,MG95,81.16,78.30676344037056
2025-11-26,MG92,78.3,74.73454152107239
2025-11-27,MG95,81.44,78.51830410957336
2025-11-27,MG92,78.52,74.99457058906556
2025-11-28,MG95,81.86,78.35288399457932
2025-11-28,MG92,79.04,74.83904264450074
2025-12-01,MG95,82.51,78.41296657919884
2025-12-01,MG92,79.78,74.84557678699494
2025-12-02,MG95,82.55,78.24316227436066
2025-12-02,MG92,80.7,74.67829009532929
2025-12-03,MG95,80.8,78.29693761467934
2025-12-03,MG92,79.51,74.71931475639344
2025-12-04,MG95,80.04,78.413584202528
2025-12-04,MG92,78.67,74.79199410915375
2025-12-05,MG95,79.94,78.40599024295807
2025-12-05,MG92,78.57,74.75496579647064
2025-12-08,MG95,80.6,78.4331890642643
2025-12-08,MG92,79.38,74.72744292259218
2025-12-09,MG95,79.45,78.46799120306969
2025-12-09,MG92,77.63,74.75766163825989
2025-12-10,MG95,79.42,78.33419620990753
2025-12-10,MG92,77.59,74.58025537967683
2025-12-11,MG95,79.63,78.34729731082916
2025-12-11,MG92,77.61,74.59687747955323
2025-12-12,MG95,79.25,78.30032050609589
2025-12-12,MG92,77.61,74.57782596111298
2025-12-15,MG95,78.52,78.22936400771141
2025-12-15,MG92,77.43,74.49730292797089
2025-12-16,MG95,75.72,78.29858928918839
2025-12-16,MG92,74.64,74.42889086246491
2025-12-17,MG95,74.53,78.41908198595047
2025-12-17,MG92,74.27,74.61143592834473
2025-12-18,MG95,74.63,78.41870298981667
2025-12-18,MG92,74.15,74.52261765003205
2025-12-19,MG95,73.56,78.31893810629845
2025-12-19,MG92,73.15,74.50400866508484
2025-12-22,MG95,74.61,78.39650598168373
2025-12-22,MG92,73.33,74.45228643417359
2025-12-23,MG95,74.56,78.44430628418922
2025-12-23,MG92,73.28,74.4961107969284
2025-12-24,MG95,74.49,78.2825123667717
2025-12-24,MG92,73.21,74.34536040782929
2025-12-25,MG95,74.49,78.18233105540276
2025-12-25,MG92,73.21,74.20929490566255
2025-12-26,MG95,74.54,78.2956041097641
2025-12-26,MG92,72.58,74.30733865261078
2025-12-29,MG95,73.6,78.23486179113388
2025-12-29,MG92,71.54,74.19103814125062
2025-12-30,MG95,73.8,78.43324053287506
2025-12-30,MG92,71.74,74.44002193450929
2025-12-31,MG95,73.81,78.26511597633362
2025-12-31,MG92,71.75,74.23029718399049
2026-01-01,MG95,73.81,78.28205382823944
2026-01-01,MG92,71.75,74.25579704761506
2026-01-02,MG95,72.58,78.39201885461807
2026-01-02,MG92,71.57,74.29845185756683
2026-01-05,MG95,71.36,78.2493104338646
2026-01-05,MG92,70.2,74.1686540746689
2026-01-06,MG95,72.57,78.31406730413437
2026-01-06,MG92,71.21,74.21621287822724
2026-01-07,MG95,70.58,78.46359765529633
2026-01-07,MG92,69.56,74.27184114456178
2025-11-13,MG95,81.53,83.89815598011018
2025-11-13,MG92,79.22,81.4386364531517
2025-11-14,MG95,83.15,83.94190581321718
2025-11-14,MG92,80.31,81.40941437244416
2025-11-17,MG95,83.32,84.15528114080429
2025-11-17,MG92,80.48,81.65194258689881
2025-11-18,MG95,82.73,84.0623576939106
2025-11-18,MG92,79.89,81.64582328796386
2025-11-19,MG95,81.03,83.89833577394486
2025-11-19,MG92,78.17,81.39269800186158
2025-11-20,MG95,79.42,83.85655368447304
2025-11-20,MG92,76.56,81.28481864690781
2025-11-21,MG95,79.01,83.83107290267945
2025-11-21,MG92,76.15,81.1741224718094
2025-11-24,MG95,78.93,83.8537369143963
2025-11-24,MG92,76.07,81.2820066833496
2025-11-25,MG95,79.26,83.91058173179627
2025-11-25,MG92,76.4,81.21893905162811
2025-11-26,MG95,81.16,83.91670471072197
2025-11-26,MG92,78.3,81.19362652301788
2025-11-27,MG95,81.44,83.80410382747651
2025-11-27,MG92,78.52,80.97292380809785
2025-11-28,MG95,81.86,83.67091155588628
2025-11-28,MG92,79.04,80.85906113862991
2025-12-01,MG95,82.51,83.71689882338048
2025-12-01,MG92,79.78,80.88434938430787
2025-12-02,MG95,82.55,83.41101457357408
2025-12-02,MG92,80.7,80.47037395477295
2025-12-03,MG95,80.8,83.49013884365559
2025-12-03,MG92,79.51,80.5183327460289
2025-12-04,MG95,80.04,83.40243940651418
2025-12-04,MG92,78.67,80.32617704629898
2025-12-05,MG95,79.94,83.46721013545991
2025-12-05,MG92,78.57,80.47061192750931
2025-12-08,MG95,80.6,83.23297872304917
2025-12-08,MG92,79.38,80.10479926586152
2025-12-09,MG95,79.45,83.36530698537827
2025-12-09,MG92,77.63,80.22478609085083
2025-12-10,MG95,79.42,83.11127327978612
2025-12-10,MG92,77.59,79.85372345924378
2025-12-11,MG95,79.63,82.92434262871743
2025-12-11,MG92,77.61,79.54689404010773
2025-12-12,MG95,79.25,83.05788949370385
2025-12-12,MG92,77.61,79.69428172588349
2025-12-15,MG95,78.52,82.8544228041172
2025-12-15,MG92,77.43,79.46392897367478
2025-12-16,MG95,75.72,82.69200404584409
2025-12-16,MG92,74.64,79.07866082668305
2025-12-17,MG95,74.53,82.94991330742836
2025-12-17,MG92,74.27,79.49874098539352
2025-12-18,MG95,74.63,82.92065685510636
2025-12-18,MG92,74.15,79.38922981739044
2025-12-19,MG95,73.56,82.8784702295065
2025-12-19,MG92,73.15,79.29872247219086
2025-12-22,MG95,74.61,82.71637609899045
2025-12-22,MG92,73.33,79.12666818380356
2025-12-23,MG95,74.56,82.72548565328121
2025-12-23,MG92,73.28,79.21832653999328
2025-12-24,MG95,74.49,82.77732620894909
2025-12-24,MG92,73.21,79.23557713508606
2025-12-25,MG95,74.49,82.66811144292355
2025-12-25,MG92,73.21,79.01707931041717
2025-12-26,MG95,74.54,82.52123486280442
2025-12-26,MG92,72.58,78.80332151412965
2025-12-29,MG95,73.6,82.57634666740896
2025-12-29,MG92,71.54,78.89134228706361
2025-12-30,MG95,73.8,82.73103429079056
2025-12-30,MG92,71.74,78.95213703632355
2025-12-31,MG95,73.81,82.62735317945481
2025-12-31,MG92,71.75,78.86705935478211
2026-01-01,MG95,73.81,82.43606252789498
2026-01-01,MG92,71.75,78.60804788589478
2026-01-02,MG95,72.58,82.47322990894318
2026-01-02,MG92,71.57,78.68920144557953
2026-01-05,MG95,71.36,82.33200185179712
2026-01-05,MG92,70.2,78.49244170188904
2026-01-06,MG95,72.57,82.5475247168541
2026-01-06,MG92,71.21,78.81561353445053
2026-01-07,MG95,70.58,82.27775405645372
2026-01-07,MG92,69.56,78.37058509111405
2026-01-08,MG95,71.16,82.73203813970089
2026-01-08,MG92,69.91,78.95203504800797
2026-01-09,MG95,73.03,82.36300130546094
2026-01-09,MG92,71.94,78.4434484577179
2026-01-12,MG95,72.9,82.1809550535679
2026-01-12,MG92,71.81,78.16616165399552
2026-01-13,MG95,73.45,82.35835163712503
2026-01-13,MG92,72.36,78.39883585453033
2026-01-14,MG95,73.42,82.16615702211857
2026-01-14,MG92,71.84,78.20950668811798
2026-01-15,MG95,72.55,82.35546494722367
2026-01-15,MG92,71.4,78.44844588518143
2026-01-16,MG95,71.76,82.34128620564938
2026-01-16,MG92,70.44,78.42943234920502
2026-01-19,MG95,71.95,82.2890960508585
2026-01-19,MG92,70.6,78.30610904932023
2026-01-20,MG95,72.36,82.22103409588338
2026-01-20,MG92,70.99,78.1400817847252
2026-01-21,MG95,73.22,82.47299517810346
2026-01-21,MG92,71.85,78.50499597787858
2026-01-22,MG95,73.64,82.29136345088483
2026-01-22,MG92,72.27,78.24149702310562
2026-01-23,MG95,73.5,82.08594400048257
2026-01-23,MG92,70.76,77.97619627475738
2026-01-26,MG95,73.88,82.04264365196228
2026-01-26,MG92,71.64,77.87593690395356
2026-01-27,MG95,72.35,81.96437340259553
2026-01-27,MG92,70.21,77.81892057895661
2026-01-28,MG95,74.54,81.91696276724339
2026-01-28,MG92,72.46,77.79286984920502
2026-01-29,MG95,75.75,82.00775865375996
2026-01-29,MG92,73.67,77.82228133678437
2026-01-30,MG95,75.44,82.14149530112743
2026-01-30,MG92,73.43,77.89197820901872
2026-02-02,MG95,72.54,82.13372920632364
2026-02-02,MG92,70.93,77.81942080736161
2026-02-03,MG95,72.82,81.99214655578137
2026-02-03,MG92,71.15,77.67062956809998
2026-02-04,MG95,74.68,81.94404171645643
2026-02-04,MG92,72.95,77.72098751306534
2025-12-11,MG95,79.63,79.21295775055886
2025-12-11,MG92,77.61,77.31605445086956
2025-12-12,MG95,79.25,79.08532974481582
2025-12-12,MG92,77.61,77.28347326755524
2025-12-15,MG95,78.52,79.10729931473732
2025-12-15,MG92,77.43,77.24430185198784
2025-12-16,MG95,75.72,79.08100778460503
2025-12-16,MG92,74.64,77.30267974793911
2025-12-17,MG95,74.53,78.9467997956276
2025-12-17,MG92,74.27,77.21391278803348
2025-12-18,MG95,74.63,78.92436631321907
2025-12-18,MG92,74.15,77.11618311226368
2025-12-19,MG95,73.56,78.86343282818794
2025-12-19,MG92,73.15,77.15625172436238
2025-12-22,MG95,74.61,78.78645649194718
2025-12-22,MG92,73.33,77.04810254454613
2025-12-23,MG95,74.56,78.73780722022057
2025-12-23,MG92,73.28,77.10353449106216
2025-12-24,MG95,74.49,78.5965174651146
2025-12-24,MG92,73.21,76.8783520358801
2025-12-25,MG95,74.49,78.51058004379273
2025-12-25,MG92,73.21,76.83946735322476
2025-12-26,MG95,74.54,78.46693913340569
2025-12-26,MG92,72.58,76.80898579478264
2025-12-29,MG95,73.6,78.34423428058625
2025-12-29,MG92,71.54,76.6268132764101
2025-12-30,MG95,73.8,78.37069149374962
2025-12-30,MG92,71.74,76.7500159341097
2025-12-31,MG95,73.81,78.2251791882515
2025-12-31,MG92,71.75,76.55900094270706
2026-01-01,MG95,73.81,78.24099481701852
2026-01-01,MG92,71.75,76.52030587375164
2026-01-02,MG95,72.58,78.13039429306984
2026-01-02,MG92,71.57,76.46375474393368
2026-01-05,MG95,71.36,78.04400716066361
2026-01-05,MG92,70.2,76.44682362794876
2026-01-06,MG95,72.57,77.99213417053222
2026-01-06,MG92,71.21,76.3630976176262
2026-01-07,MG95,70.58,77.9233899140358
2026-01-07,MG92,69.56,76.21952767372132
2026-01-08,MG95,71.16,77.88787693977356
2026-01-08,MG92,69.91,76.20836821377277
2026-01-09,MG95,73.03,77.77876756310464
2026-01-09,MG92,71.94,76.02277339935303
2026-01-12,MG95,72.9,77.71127776384354
2026-01-12,MG92,71.81,76.06054814815522
2026-01-13,MG95,73.45,77.73453966140747
2026-01-13,MG92,72.36,76.17302606999874
2026-01-14,MG95,73.42,77.64480573177337
2026-01-14,MG92,71.84,76.14112472116948
2026-01-15,MG95,72.55,77.64468738675117
2026-01-15,MG92,71.4,75.97523585736752
2026-01-16,MG95,71.76,77.47735225915909
2026-01-16,MG92,70.44,75.82339690625668
2026-01-19,MG95,71.95,77.43554332971573
2026-01-19,MG92,70.6,75.89302675664425
2026-01-20,MG95,72.36,77.51608421802521
2026-01-20,MG92,70.99,75.98428181827069
2026-01-21,MG95,73.22,77.42148867487907
2026-01-21,MG92,71.85,75.88001740694047
2026-01-22,MG95,73.64,77.36712097167968
2026-01-22,MG92,72.27,75.79508896827699
2026-01-23,MG95,73.5,77.33628499269486
2026-01-23,MG92,70.76,75.69815936982631
2026-01-26,MG95,73.88,77.1577118217945
2026-01-26,MG92,71.64,75.47284279763699
2026-01-27,MG95,72.35,77.20905462622643
2026-01-27,MG92,70.21,75.65609287679196
2026-01-28,MG95,74.54,77.23126088619232
2026-01-28,MG92,72.46,75.66752982020378
2026-01-29,MG95,75.75,77.06202277064324
2026-01-29,MG92,73.67,75.53264048397541
2026-01-30,MG95,75.44,77.04781663417816
2026-01-30,MG92,73.43,75.42577697753907
2026-02-02,MG95,72.54,76.99989636778831
2026-02-02,MG92,70.93,75.38726227283477
2026-02-03,MG95,72.82,77.03201520681381
2026-02-03,MG92,71.15,75.4129896146059
2026-02-04,MG95,74.68,76.95574894070626
2026-02-04,MG92,72.95,75.3916187632084
2026-02-05,MG95,75.06,76.95412051320076
2026-02-05,MG92,73.33,75.39182225108146
2026-02-06,MG95,75.24,76.79636659860611
2026-02-06,MG92,73.51,75.21414958953858
2026-02-09,MG95,76.56,76.84309394717216
2026-02-09,MG92,74.83,75.1904710006714
2026-02-10,MG95,78.41,76.74023792147636
2026-02-10,MG92,76.68,75.10862262845039
2026-02-11,MG95,77.63,76.7831687617302
2026-02-11,MG92,75.55,75.17553776562214
2026-02-12,MG95,77.16,76.72613592863082
2026-02-12,MG92,74.83,75.09602487921715
2026-02-13,MG95,73.85,76.77081827521324
2026-02-13,MG92,71.58,75.26081768333913
2026-02-16,MG95,73.8,76.75817429304124
2026-02-16,MG92,71.79,75.20639855146409
2026-02-17,MG95,73.8,76.66883800268174
2026-02-17,MG92,71.79,75.12702903151512
2026-02-18,MG95,73.8,76.58466628909112
2026-02-18,MG92,71.79,75.00047807335854
2026-02-19,MG95,78.09,76.55328592300415
2026-02-19,MG92,76.08,75.06802217304707
2026-02-20,MG95,79.95,76.44720617890358
2026-02-20,MG92,77.63,74.82213020205498
2026-02-23,MG95,79.75,76.55410960435867
2026-02-23,MG92,77.43,74.93124132454396
2026-02-24,MG95,81.35,76.53576612591743
2026-02-24,MG92,78.89,74.97032949507236
2026-02-25,MG95,81.46,76.59748068809509
2026-02-25,MG92,79.0,75.02818479716778
2026-02-26,MG95,81.74,76.4636514031887
2026-02-26,MG92,79.28,74.85487787544727
2026-02-27,MG95,82.09,76.5063550209999
2026-02-27,MG92,79.63,74.96656496942043
2026-03-02,MG95,92.78,76.48520913243294
2026-03-02,MG92,90.32,74.97060697853566
2026-03-03,MG95,98.65,76.44768902659416
2026-03-03,MG92,95.56,74.83086630642414
2026-03-04,MG95,104.35,76.37972111344338
2026-03-04,MG92,99.68,74.73468591332436
2026-01-08,MG95,71.16,70.84834105730057
2026-01-08,MG92,69.91,69.89539453983308
2026-01-09,MG95,73.03,70.96852365732192
2026-01-09,MG92,71.94,69.94440143108368
2026-01-12,MG95,72.9,70.68633349895477
2026-01-12,MG92,71.81,69.70829767227173
2026-01-13,MG95,73.45,70.50490690946579
2026-01-13,MG92,72.36,69.69554427146912
2026-01-14,MG95,73.42,70.08074663758278
2026-01-14,MG92,71.84,69.44563400268555
2026-01-15,MG95,72.55,69.91483507990837
2026-01-15,MG92,71.4,69.31150769710541
2026-01-16,MG95,71.76,70.08577808499336
2026-01-16,MG92,70.44,69.3631183385849
2026-01-19,MG95,71.95,70.05061264276505
2026-01-19,MG92,70.6,69.39319828748704
2026-01-20,MG95,72.36,69.84840398788452
2026-01-20,MG92,70.99,69.27427987337113
2026-01-21,MG95,73.22,69.79675592780113
2026-01-21,MG92,71.85,69.20009786844254
2026-01-22,MG95,73.64,69.82022199273109
2026-01-22,MG92,72.27,69.1899067568779
2026-01-23,MG95,73.5,69.72647131919861
2026-01-23,MG92,70.76,69.13750006437301
2026-01-26,MG95,73.88,69.79368068695068
2026-01-26,MG92,71.64,69.17498080015183
2026-01-27,MG95,72.35,69.79665075540542
2026-01-27,MG92,70.21,69.01433604478837
2026-01-28,MG95,74.54,69.41582992434502
2026-01-28,MG92,72.46,68.87875860452652
2026-01-29,MG95,75.75,69.42425212979316
2026-01-29,MG92,73.67,68.99418600320816
2026-01-30,MG95,75.44,69.21657871723176
2026-01-30,MG92,73.43,68.89842769861221
2026-02-02,MG95,72.54,69.0349628174305
2026-02-02,MG92,70.93,68.81109426736832
2026-02-03,MG95,72.82,69.31869269967079
2026-02-03,MG92,71.15,68.9434004354477
2026-02-04,MG95,74.68,69.4522111594677
2026-02-04,MG92,72.95,68.90216747999192
2026-02-05,MG95,75.06,69.11334149360657
2026-02-05,MG92,73.33,68.72637702465057
2026-02-06,MG95,75.24,69.14022355794907
2026-02-06,MG92,73.51,68.84466108560562
2026-02-09,MG95,76.56,69.09921473741531
2026-02-09,MG92,74.83,68.78686861038209
2026-02-10,MG95,78.41,68.87485256910324
2026-02-10,MG92,76.68,68.67835690498352
2026-02-11,MG95,77.63,69.00218689203263
2026-02-11,MG92,75.55,68.670048122406
2026-02-12,MG95,77.16,68.5914592385292
2026-02-12,MG92,74.83,68.55741519451142
2026-02-13,MG95,73.85,68.66498315691948
2026-02-13,MG92,71.58,68.5528461933136
2026-02-16,MG95,73.8,68.48331677436829
2026-02-16,MG92,71.79,68.47641285657883
2026-02-17,MG95,73.8,68.47924449920654
2026-02-17,MG92,71.79,68.48753684043885
2026-02-18,MG95,73.8,68.54994559049607
2026-02-18,MG92,71.79,68.52008786439896
2026-02-19,MG95,78.09,68.25884101986885
2026-02-19,MG92,76.08,68.2331695151329
2026-02-20,MG95,79.95,68.73254590392112
2026-02-20,MG92,77.63,68.46124228000642
2026-02-23,MG95,79.75,68.44814712524413
2026-02-23,MG92,77.43,68.36283461809158
2026-02-24,MG95,81.35,68.35549024462699
2026-02-24,MG92,78.89,68.35665278434753
2026-02-25,MG95,81.46,68.43531188607216
2026-02-25,MG92,79.0,68.36405357122422
2026-02-26,MG95,81.74,68.21976316452026
2026-02-26,MG92,79.28,68.2011450457573
2026-02-27,MG95,82.09,68.13001324892043
2026-02-27,MG92,79.63,68.16785601615906
2026-03-02,MG95,92.78,68.35538507223129
2026-03-02,MG92,90.32,68.28798094511032
2026-03-03,MG95,98.65,67.92283204317093
2026-03-03,MG92,95.56,68.10632790565491
2026-03-04,MG95,104.35,67.71160801053047
2026-03-04,MG92,99.68,68.01379941225052
2026-03-05,MG95,110.97,67.67124284505844
2026-03-05,MG92,106.3,67.94987485647202
2026-03-06,MG95,121.36,67.75610855460167
2026-03-06,MG92,113.16,67.98139764785766
2026-03-09,MG95,147.5,67.63877402305603
2026-03-09,MG92,139.3,67.9425777220726
2026-03-10,MG95,127.42,67.56816548347473
2026-03-10,MG92,119.22,67.93167348146439
2026-03-11,MG95,129.17,67.46602625966072
2026-03-11,MG92,116.76,67.83501547336579
2026-03-12,MG95,143.44,67.27358601689339
2026-03-12,MG92,130.12,67.78833868980408
2026-03-13,MG95,149.76,67.44943005561828
2026-03-13,MG92,136.44,67.86618999242783
2026-03-16,MG95,153.48,67.05489474415779
2026-03-16,MG92,140.16,67.63534348726273
2026-03-17,MG95,152.16,67.22143312931061
2026-03-17,MG92,138.84,67.6661987566948
2026-03-18,MG95,153.12,67.03261081695557
2026-03-18,MG92,139.8,67.67088799476623
2026-03-19,MG95,165.25,66.9044014596939
2026-03-19,MG92,151.93,67.5120758152008
2026-03-20,MG95,163.93,66.62107964634895
2026-03-20,MG92,150.61,67.42510724067688
2026-03-23,MG95,170.52,66.90247470140457
2026-03-23,MG92,157.2,67.61563707828522
2026-03-24,MG95,146.36,66.72978583455085
2026-03-24,MG92,141.81,67.45690367460251
2026-03-25,MG95,135.6,66.18530413508415
2026-03-25,MG92,131.05,67.1092076587677
2026-03-26,MG95,132.03,66.46401098370552
2026-03-26,MG92,127.48,67.40438918352127
2026-03-27,MG95,135.07,66.05560132980347
2026-03-27,MG92,130.52,67.12517843246461
2026-03-30,MG95,147.0,66.19072261691093
2026-03-30,MG92,139.66,67.2484129357338
2026-03-31,MG95,145.8,66.18376861810684
2026-03-31,MG92,138.46,67.1831243133545
2026-04-01,MG95,143.29,66.10459904551506
2026-04-01,MG92,136.05,67.20201808691024
2026-02-05,MG95,75.06,74.71193344593048
2026-02-05,MG92,73.33,73.20540215373039
2026-02-06,MG95,75.24,74.74825584888458
2026-02-06,MG92,73.51,73.33469030857087
2026-02-09,MG95,76.56,75.0926954984665
2026-02-09,MG92,74.83,73.57666534781457
2026-02-10,MG95,78.41,74.95294327259064
2026-02-10,MG92,76.68,73.60725899338722
2026-02-11,MG95,77.63,74.81447301387787
2026-02-11,MG92,75.55,73.47098769545555
2026-02-12,MG95,77.16,74.23819316387177
2026-02-12,MG92,74.83,72.89003019332885
2026-02-13,MG95,73.85,74.19848779201509
2026-02-13,MG92,71.58,72.87076350152493
2026-02-16,MG95,73.8,74.29204468727113
2026-02-16,MG92,71.79,73.04751181006432
2026-02-17,MG95,73.8,74.05356763601304
2026-02-17,MG92,71.79,72.76027243733407
2026-02-18,MG95,73.8,73.59385777235032
2026-02-18,MG92,71.79,72.39265300035477
2026-02-19,MG95,78.09,73.60345472097397
2026-02-19,MG92,76.08,72.3853872269392
2026-02-20,MG95,79.95,73.22789175748825
2026-02-20,MG92,77.63,72.00651910305024
2026-02-23,MG95,79.75,73.47788425683976
2026-02-23,MG92,77.43,72.34585376679898
2026-02-24,MG95,81.35,73.26712529420854
2026-02-24,MG92,78.89,72.13657253384591
2026-02-25,MG95,81.46,73.08396423578263
2026-02-25,MG92,79.0,71.9845261156559
2026-02-26,MG95,81.74,73.12236538410187
2026-02-26,MG92,79.28,72.07700710594655
2026-02-27,MG95,82.09,73.30325184106827
2026-02-27,MG92,79.63,72.08575125336647
2026-03-02,MG95,92.78,73.01060277462007
2026-03-02,MG92,90.32,71.98640017211437
2026-03-03,MG95,98.65,72.83467503786088
2026-03-03,MG92,95.56,71.83520164489747
2026-03-04,MG95,104.35,72.62552743673325
2026-03-04,MG92,99.68,71.63727780282498
2026-03-05,MG95,110.97,72.27752231597901
2026-03-05,MG92,106.3,71.23002054989338
2026-03-06,MG95,121.36,72.32245793581009
2026-03-06,MG92,113.16,71.45355069935322
2026-03-09,MG95,147.5,72.4500670838356
2026-03-09,MG92,139.3,71.48467482030392
2026-03-10,MG95,127.42,72.00372884988785
2026-03-10,MG92,119.22,71.08196139335632
2026-03-11,MG95,129.17,72.11590542793274
2026-03-11,MG92,116.76,71.24068223536015
2026-03-12,MG95,143.44,72.02160516977311
2026-03-12,MG92,130.12,70.96610035300255
2026-03-13,MG95,149.76,71.63267947912217
2026-03-13,MG92,136.44,70.75462764799595
2026-03-16,MG95,153.48,71.34314185380936
2026-03-16,MG92,140.16,70.628248411417
2026-03-17,MG95,152.16,71.54737524747848
2026-03-17,MG92,138.84,70.74147446751594
2026-03-18,MG95,153.12,71.19088599681855
2026-03-18,MG92,139.8,70.44209068715573
2026-03-19,MG95,165.25,71.08475870132447
2026-03-19,MG92,151.93,70.4055226713419
2026-03-20,MG95,163.93,71.20572654724121
2026-03-20,MG92,150.61,70.48573315739633
2026-03-23,MG95,170.52,71.24471081256867
2026-03-23,MG92,157.2,70.53286285102368
2026-03-24,MG95,146.36,70.67488976240159
2026-03-24,MG92,141.81,69.98858206868172
2026-03-25,MG95,135.6,70.8473989200592
2026-03-25,MG92,131.05,70.13399319648742
2026-03-26,MG95,132.03,70.56776983261109
2026-03-26,MG92,127.48,69.90834114551545
2026-03-27,MG95,135.07,70.4583886551857
2026-03-27,MG92,130.52,69.86014615297317
2026-03-30,MG95,147.0,70.28542991876603
2026-03-30,MG92,139.66,69.74706793427468
2026-03-31,MG95,145.8,70.12598970413208
2026-03-31,MG92,138.46,69.61067053973674
2026-04-01,MG95,143.29,69.91290717601777
2026-04-01,MG92,136.05,69.34085423946381
2026-04-02,MG95,151.74,70.3599442601204
2026-04-02,MG92,144.5,69.81297297775745
2026-04-06,MG95,150.88,69.98010807275773
2026-04-06,MG92,141.87,69.46327230334282
2026-04-07,MG95,147.22,70.35767410993577
2026-04-07,MG92,138.21,69.84891920685769
2026-04-08,MG95,125.82,70.18731936931611
2026-04-08,MG92,119.46,69.70804320871831
2026-04-09,MG95,135.04,69.66343547582628
2026-04-09,MG92,130.98,69.32948815226555
2026-04-10,MG95,133.88,69.94545934915543
2026-04-10,MG92,128.17,69.47442967891693
2026-04-13,MG95,135.93,69.66498451948166
2026-04-13,MG92,128.49,69.2415248990059
2026-04-14,MG95,128.99,69.59432943344117
2026-04-14,MG92,123.87,69.09759214520454
2026-04-15,MG95,125.23,69.53305763483048
2026-04-15,MG92,119.01,69.13879964649678
2026-04-16,MG95,122.29,69.51942337989807
2026-04-16,MG92,120.88,69.09829654693604
2026-04-17,MG95,128.19,69.29405533313752
2026-04-17,MG92,122.19,69.04329233765603
2026-04-20,MG95,124.43,69.22290170431138
2026-04-20,MG92,118.67,68.85403002798557
2026-04-21,MG95,123.98,69.03092267036439
2026-04-21,MG92,118.22,68.75401367843152
2026-04-22,MG95,128.89,69.03837410449982
2026-04-22,MG92,124.24,68.78364638090135
2026-04-23,MG95,130.57,68.88813912630081
2026-04-23,MG92,125.92,68.65069707632065
2026-04-24,MG95,131.72,68.87720679521561
2026-04-24,MG92,124.69,68.70234885513783
2026-04-27,MG95,133.04,68.69375195264817
2026-04-27,MG92,128.03,68.41486598551273
2026-04-28,MG95,131.54,68.36973920345307
2026-04-28,MG92,126.52,68.28706924915313
2026-04-29,MG95,134.06,68.38666740179063
2026-04-29,MG92,129.82,68.25921929180622
2026-04-30,MG95,137.61,68.4694922733307
2026-04-30,MG92,134.27,68.24289630353451
