date,product,true,pred,q10,q90
2024-01-10,MG95,91.68,90.11342950820922,82.837427713871,94.35258507728575
2024-01-10,MG92,87.36,86.76440207958221,80.44526188373565,90.8072315454483
2024-01-11,MG95,91.48,90.08589436531066,82.94015743494033,94.20137604236602
2024-01-11,MG92,87.16,86.74013593196868,80.55740151405334,90.67579667568207
2024-01-12,MG95,95.45,89.8799664211273,83.47748668909072,93.25342604160308
2024-01-12,MG92,90.36,86.60250264406204,81.31992360949516,89.789118540287
2024-01-15,MG95,94.05,90.06169197559356,82.99591450214385,94.09269421577453
2024-01-15,MG92,88.96,86.72519277334213,80.64622352719306,90.5729191660881
2024-01-16,MG95,94.9,90.63207191944122,81.36526651620865,97.03799620628357
2024-01-16,MG92,89.81,87.1416838645935,78.38876166939735,93.20046006441116
2024-01-17,MG95,93.09,90.25684437274933,82.468908264637,95.04026089668274
2024-01-17,MG92,88.0,86.860766685009,79.8996387720108,91.43999772071838
2024-01-18,MG95,95.56,90.06202205657958,82.9773501086235,94.10653632164001
2024-01-18,MG92,90.17,86.72873327732086,80.63998960256576,90.58081175088881
2024-01-19,MG95,97.74,90.3046209335327,82.3207551407814,95.29069653511047
2024-01-19,MG92,92.24,86.89757169485091,79.70930878520011,91.66196398735046
2024-01-22,MG95,97.16,90.76138913154601,81.00056429386139,97.75751951694488
2024-01-22,MG92,91.91,87.23748036623,77.85408977270126,93.8235380411148
2024-01-23,MG95,101.07,90.39360437870025,82.07028755903244,95.7477948141098
2024-01-23,MG92,95.39,86.96191959381103,79.3576728284359,92.07066394090651
2024-01-24,MG95,100.72,90.0488507604599,83.04370171070099,94.02270639896392
2024-01-24,MG92,95.05,86.71389156579971,80.69830139875411,90.5119088768959
2024-01-25,MG95,101.96,90.73338548660277,81.0956063222885,97.59146748542786
2024-01-25,MG92,96.49,87.21417796611786,77.97305172085761,93.68322654962539
2024-01-26,MG95,102.8,90.46830915927886,81.87404908895492,96.13060357570647
2024-01-26,MG92,97.55,87.0139416694641,79.06190886497497,92.41347399950027
2024-01-29,MG95,105.17,90.4762523984909,81.8497029542923,96.17371641159058
2024-01-29,MG92,100.3,87.02006907463073,79.02962332367896,92.45116159915924
2024-01-30,MG95,101.74,90.77561455726622,80.9782891511917,97.82907255649566
2024-01-30,MG92,97.1,87.2453932404518,77.7971830189228,93.88803811073302
2024-01-31,MG95,101.3,90.94999314785002,80.43790930986404,98.86358895778655
2024-01-31,MG92,96.66,87.38367578983306,77.05372790694236,94.76181217432021
2024-02-01,MG95,100.01,91.15728400707245,79.79292041540145,100.15036176681518
2024-02-01,MG92,95.37,87.55074902772903,76.14985955953597,95.83019222021102
2024-02-02,MG95,98.45,90.69377576828002,81.20351086139678,97.37198492527007
2024-02-02,MG92,93.62,87.18534669876098,78.1367467701435,93.49287120103835
2024-02-05,MG95,97.0,90.68230811595916,81.25158555984497,97.30005921363829
2024-02-05,MG92,92.17,87.17441070079803,78.18652686476707,93.43339276313782
2024-02-06,MG95,98.21,90.99392586231231,80.31375626802443,99.12514087200164
2024-02-06,MG92,93.38,87.4170518875122,76.86544715166092,94.98220601081847
2024-02-07,MG95,98.09,91.39054478645323,78.99171803236007,101.7129119157791
2024-02-07,MG92,93.26,87.75325773954391,75.09785814881324,97.09579558372496
2024-02-08,MG95,99.61,91.09628291130065,79.97573736667633,99.76841547489165
2024-02-08,MG92,95.45,87.50230803489684,76.41724876761435,95.51435694694518
2024-02-09,MG95,101.05,91.158295545578,79.76049794435501,100.17057124137878
2024-02-09,MG92,96.89,87.55582138299941,76.14195683002471,95.84376584291458
2024-02-12,MG95,101.05,91.06288084506988,80.05883791685103,99.56981319904327
2024-02-12,MG92,96.89,87.47840709686278,76.56077105998992,95.34733443260193
2024-02-13,MG95,102.91,91.47888936519622,78.69182880878448,102.32691578865051
2024-02-13,MG92,98.69,87.83062130212784,74.69236899614333,97.5869213104248
2024-02-14,MG95,103.66,90.9419753742218,80.41584179878234,98.83835373401641
2024-02-14,MG92,99.44,87.38432505130767,77.08198599815368,94.73417798280715
2024-02-15,MG95,99.92,91.18144380569457,79.71932832717894,100.30384942531585
2024-02-15,MG92,95.56,87.57018629312515,76.04321328997611,95.9564837217331
2024-02-16,MG95,100.76,91.27396231174468,79.3859944462776,100.92382669925689
2024-02-16,MG92,96.4,87.6524091720581,75.62642800211906,96.45905268192291
2024-02-19,MG95,100.24,91.14255813598632,79.84936958789825,100.05195504188536
2024-02-19,MG92,95.65,87.53727685213089,76.21594220399857,95.75032291412353
2024-02-20,MG95,99.02,91.39521915912627,78.97180669546127,101.7470912694931
2024-02-20,MG92,94.35,87.75792430639267,75.0759405016899,97.12293268442153
2024-02-21,MG95,98.6,91.4628644657135,78.80430656671524,102.18667396068572
2024-02-21,MG92,93.93,87.80811018943785,74.77344552278518,97.47855551242827
2024-02-22,MG95,100.78,91.49414762496947,78.6341338467598,102.4372480201721
2024-02-22,MG92,96.11,87.84493548870086,74.62115820050239,97.67444987297057
2024-02-23,MG95,101.23,91.11298926830291,79.93879491567611,99.86631110668182
2024-02-23,MG92,96.56,87.51365996599196,76.34572855830191,95.59695518016815
2024-02-26,MG95,99.18,91.16354489803314,79.74371172904968,100.20419691085814
2024-02-26,MG92,94.51,87.56015317440033,76.11874065995215,95.87137974500655
2024-02-27,MG95,101.65,91.5267404603958,78.49060185670852,102.68510689735412
2024-02-27,MG92,96.98,87.87869708538055,74.46544196605682,97.86962395906448
2024-02-28,MG95,102.04,91.42175341129303,78.8669846868515,101.93762253284453
2024-02-28,MG92,97.37,87.78330637216567,74.95254531502724,97.27468740940094
2024-02-29,MG95,100.8,91.4186549091339,78.89743199586867,101.9062754869461
2024-02-29,MG92,96.13,87.77762533426284,74.96941596865653,97.25092849731445
2024-03-01,MG95,99.03,91.01882035732268,80.2216689968109,99.28485747814177
2024-03-01,MG92,94.59,87.43915721178054,76.75576254129409,95.11351914405822
2024-03-04,MG95,98.26,91.64865746974944,78.08534226417541,103.56170616626738
2024-03-04,MG92,93.82,87.98597739934921,73.89726716279984,98.56234537363052
2024-03-05,MG95,98.94,91.70377034664153,77.90505415916442,103.96537391662596
2024-03-05,MG92,94.5,88.03452998399734,73.63847052454948,98.87887048721313
2024-03-06,MG95,97.08,92.10248688220977,76.28111959457397,107.26795130729674
2024-03-06,MG92,93.64,88.449225461483,71.65307458639144,101.41256266832352
2024-03-07,MG95,98.14,91.75821241378783,77.65717398643493,104.4088749885559
2024-03-07,MG92,94.2,88.09373451471328,73.36926034092903,99.22282689809799
2024-03-08,MG95,99.79,91.71088305950164,77.85721903562545,104.0313262271881
2024-03-08,MG92,95.41,88.04461382627487,73.60089958906173,98.92962447404861
2024-03-11,MG95,98.19,92.13584635734557,76.06214280366898,107.62421516895293
2024-03-11,MG92,93.78,88.50045624971389,71.4592243850231,101.68121489286422
2024-03-12,MG95,99.19,92.21968692779541,75.64944041728972,108.43537322044372
2024-03-12,MG92,94.68,88.60571776628494,71.0038080394268,102.29058736562729
2024-03-13,MG95,98.51,91.68776674270629,77.96812092304229,103.84183844566344
2024-03-13,MG92,94.13,88.01875495910645,73.71547902226447,98.78253631591797
2024-03-14,MG95,99.8,91.24997287750243,79.48811724424361,100.75433543682098
2024-03-14,MG92,95.93,87.62874156236649,75.73679738044738,96.32337732315062
2024-03-15,MG95,100.94,91.87809569835662,77.25793038606643,105.32412567615508
2024-03-15,MG92,97.07,88.20233364105223,72.79646462202072,99.93150594234466
2024-03-18,MG95,103.56,91.94725298881531,76.99229505062102,105.88634942531584
2024-03-18,MG92,99.21,88.27146984338759,72.45598277449608,100.3626967191696
2024-03-19,MG95,103.3,91.07142035961151,80.05257170200348,99.61319222927092
2024-03-19,MG92,99.29,87.48230266571045,76.52602542638778,95.3857220172882
2024-03-20,MG95,104.4,92.13132105350493,76.20373689889907,107.49255544662475
2024-03-20,MG92,100.2,88.4730858206749,71.51609055995941,101.58213150501251
2024-03-21,MG95,104.78,91.95623970985412,76.85285712957382,106.02785833835601
2024-03-21,MG92,100.55,88.29813014268875,72.38834291696548,100.46976399421692
2024-03-22,MG95,105.55,91.97560801029205,76.88210656404495,106.12080275535583
2024-03-22,MG92,100.94,88.30023009777068,72.3152705669403,100.54181172847747
2024-03-25,MG95,105.67,92.23540304183959,75.6863349533081,108.4968215227127
2024-03-25,MG92,101.06,88.60343520641327,70.95296782255173,102.33658348321914
2024-03-26,MG95,105.19,91.50949106693267,78.58298194169997,102.54521644592285
2024-03-26,MG92,100.58,87.85832650661467,74.55032783150672,97.7603755712509
2024-03-27,MG95,103.9,91.97727971076965,76.76415052652358,106.2076247024536
2024-03-27,MG92,99.29,88.32080357074737,72.2817524433136,100.60705236196517
2024-03-28,MG95,104.58,91.93596634864807,77.05403616666793,105.78264010906219
2024-03-28,MG92,99.97,88.25717594623565,72.51545614004135,100.28348681926727
2024-04-01,MG95,106.58,92.05148404598235,76.57096796751021,106.76792120456695
2024-04-01,MG92,103.25,88.38051533699036,71.93278961777686,101.03409395217895
2024-04-02,MG95,106.91,91.72356455802917,77.84348873138427,104.11000262737274
2024-04-02,MG92,102.56,88.05155280828475,73.54568192958831,98.99196372032165
2024-04-03,MG95,107.09,91.84842035293579,77.36214547157287,105.09180190086364
2024-04-03,MG92,102.74,88.17443568706511,72.93989561200141,99.75246194601058
2024-02-07,MG95,98.09,97.58420834064484,90.11084376394749,102.72130317807196
2024-02-07,MG92,93.26,92.33223946213722,83.75346246480942,99.5773087477684
2024-02-08,MG95,99.61,97.62217590689659,89.96560582280158,102.91057904720306
2024-02-08,MG92,95.45,92.3652173113823,83.63121900439262,99.74980655431747
2024-02-09,MG95,101.05,97.58359369456767,90.11368869721889,102.7167255282402
2024-02-09,MG92,96.89,92.33215040802955,83.75548844575881,99.57303415060044
2024-02-12,MG95,101.05,98.83028911352157,85.21151744425296,109.66488381266593
2024-02-12,MG92,96.89,93.69170050859451,79.66842809677124,105.91786102771759
2024-02-13,MG95,102.91,98.23231457948684,87.60478536307811,106.08661337971687
2024-02-13,MG92,98.69,92.98310253977775,81.62321028709411,102.6644584441185
2024-02-14,MG95,103.66,97.9539033216238,88.68938983082771,104.61258671879767
2024-02-14,MG92,99.44,92.67517569899559,82.55414853334426,101.30639443397521
2024-02-15,MG95,99.92,98.21903822422027,87.65696003437041,106.02428241372108
2024-02-15,MG92,95.56,92.96240302562713,81.67326426148414,102.60487011432647
2024-02-16,MG95,100.76,98.11531523525714,88.06383232235908,105.45581089138985
2024-02-16,MG92,96.4,92.84998891234397,82.01691293120383,102.08244532346725
2024-02-19,MG95,100.24,98.43524144530296,86.80525959968567,107.2888025689125
2024-02-19,MG92,95.65,93.18424793958664,80.98629530906676,103.75205399751663
2024-02-20,MG95,99.02,98.54962415337562,86.34676289498806,107.94074888229369
2024-02-20,MG92,94.35,93.33349149227142,80.59303236961364,104.35372581243514
2024-02-21,MG95,98.6,98.47584320902824,86.64046420574188,107.499374461174
2024-02-21,MG92,93.93,93.24902923703193,80.83099051117897,103.95338307142258
2024-02-22,MG95,100.78,98.17902183771133,87.81298062384128,105.83128354549407
2024-02-22,MG92,96.11,92.90469596385955,81.81910149455071,102.42257635593414
2024-02-23,MG95,101.23,98.15447111725807,87.91151131689548,105.64951221227645
2024-02-23,MG92,96.56,92.90165142655373,81.87863416552543,102.26360364198685
2024-02-26,MG95,99.18,98.33638294100761,87.19400860905647,106.68984460115432
2024-02-26,MG92,94.51,93.08994520545005,81.28851155519484,103.21408926486968
2024-02-27,MG95,101.65,98.7606643474102,85.48621155679226,109.20532757520675
2024-02-27,MG92,96.98,93.61986723899841,79.86709111332893,105.51626039743422
2024-02-28,MG95,102.04,98.45551891207694,86.72241116225719,107.38734496951102
2024-02-28,MG92,97.37,93.22046513199805,80.90382563948631,103.84863317728042
2024-02-29,MG95,100.8,99.18366963148117,83.76848065316676,112.03457273721695
2024-02-29,MG92,96.13,94.15769839048386,78.57712010025978,108.00604627132415
2024-03-01,MG95,99.03,98.75387397170066,85.52708844780922,109.19436931371688
2024-03-01,MG92,94.59,93.58135133743286,79.93411546111106,105.48610445022582
2024-03-04,MG95,98.26,98.43689220905303,86.7917256784439,107.24182019352912
2024-03-04,MG92,93.82,93.22293638348579,80.93538418889045,103.72820976018905
2024-03-05,MG95,98.94,98.78797804832458,85.38918528318405,109.4086642050743
2024-03-05,MG92,94.5,93.62474295139312,79.82415590167045,105.67889546155929
2024-03-06,MG95,97.08,98.95609838485717,84.72251673281193,110.51961650133133
2024-03-06,MG92,93.64,93.81244674682617,79.34068671703338,106.64705832481384
2024-03-07,MG95,98.14,99.49638984799384,82.49162660002708,114.32934508562087
2024-03-07,MG92,94.2,94.57452727317809,77.73339922070502,109.93283207654953
2024-03-08,MG95,99.79,98.4493373286724,86.7390709978342,107.29534708619117
2024-03-08,MG92,95.41,93.25058211803436,80.87826711058617,103.78392423629761
2024-03-11,MG95,98.19,99.04001806259154,84.36898401677608,111.06037626624106
2024-03-11,MG92,93.78,93.94463643789291,79.04519962191581,107.14038468599318
2024-03-12,MG95,99.19,98.36712695240973,87.07153598785399,106.85576391935348
2024-03-12,MG92,94.68,93.13079321146012,81.18016053557396,103.3688430404663
2024-03-13,MG95,98.51,99.02984420657157,84.40497886180877,110.98479236006736
2024-03-13,MG92,94.13,93.94055108070373,79.06028316140174,107.08145313024521
2024-03-14,MG95,99.8,98.75005731225014,85.53758426129818,109.15818129420279
2024-03-14,MG92,95.93,93.58785228729248,79.9293065392971,105.46120269536972
2024-03-15,MG95,100.94,99.07409872412681,84.22636271178722,111.28687041878699
2024-03-15,MG92,97.07,93.99582028627395,78.93119923233985,107.34356163263321
2024-03-18,MG95,103.56,99.20077435374259,83.6972870761156,112.15410676479338
2024-03-18,MG92,99.21,94.18236637830734,78.52407168149948,108.1105290031433
2024-03-19,MG95,103.3,98.64769825220107,85.95385185360908,108.53404039859771
2024-03-19,MG92,99.29,93.45186666488647,80.27388471126557,104.89177959918975
2024-03-20,MG95,104.4,98.8917185986042,84.97515383183955,110.08498562574385
2024-03-20,MG92,100.2,93.74501052379608,79.51465948224067,106.27418877601623
2024-03-21,MG95,104.78,99.36191699385643,83.0151528596878,113.30358858942985
2024-03-21,MG92,100.55,94.4305935716629,78.01272856116294,109.11613911867141
2024-03-22,MG95,105.55,99.11883325099944,84.06142682731151,111.6131128489971
2024-03-22,MG92,100.94,94.02635471343994,78.84811731576919,107.60385565757751
2024-03-25,MG95,105.67,99.29534789681433,83.32780283093452,112.84349380493164
2024-03-25,MG92,101.06,94.2834316587448,78.30239930987358,108.67679067850112
2024-03-26,MG95,105.19,99.17685584068298,83.80301790893077,111.99296412467956
2024-03-26,MG92,100.58,94.13829572677612,78.61537440538406,107.96149695396423
2024-03-27,MG95,103.9,98.94471865177154,84.74253077983856,110.4037235200405
2024-03-27,MG92,99.29,93.84578637838364,79.29601495027542,106.58135865688324
2024-03-28,MG95,104.58,99.1235396838188,83.99560115933417,111.59719058871269
2024-03-28,MG92,99.97,94.1067037820816,78.70431162953376,107.65089848995208
2024-04-01,MG95,106.58,99.45385633945465,82.68269372344017,114.01578192591667
2024-04-01,MG92,103.25,94.49290918350219,77.88785800457,109.65246748208999
2024-04-02,MG95,106.91,99.40638224720955,82.86698217868805,113.65357391953468
2024-04-02,MG92,102.56,94.44296096086502,77.9832906126976,109.36581344127654
2024-04-03,MG95,107.09,99.01988108634949,84.4474596863985,110.9202486681938
2024-04-03,MG92,102.74,93.92423191547394,79.09626102089881,107.02220988512039
2024-04-04,MG95,106.36,99.77020589470862,81.35831874787807,116.50975814104079
2024-04-04,MG92,102.01,94.95753785848618,77.0940797817707,111.68007366895675
2024-04-05,MG95,107.02,99.33374864220619,83.13682351410388,113.09967828989028
2024-04-05,MG92,102.67,94.38396261453629,78.10575670838355,108.93666169643402
2024-04-08,MG95,106.27,99.31256969451904,83.26763190686702,112.97622223496437
2024-04-08,MG92,101.92,94.2913018155098,78.28356436610221,108.77530678510665
2024-04-09,MG95,106.43,99.57874071478842,82.15485323369502,114.96721893072127
2024-04-09,MG92,101.97,94.68524379253387,77.53529279232025,110.45012512445449
2024-04-10,MG95,106.43,99.4212742435932,82.80214579820633,113.7624774968624
2024-04-10,MG92,101.97,94.4686419391632,77.9336039865017,109.46144642114639
2024-04-11,MG95,107.79,99.08283255219459,84.16627959430217,111.31989740133285
2024-04-11,MG92,103.38,94.0466590499878,78.83743638873099,107.4039291858673
2024-04-12,MG95,108.62,99.38951167583465,82.9555731666088,113.54140393733978
2024-04-12,MG92,104.21,94.3916880583763,78.08266386508942,109.24605792999267
2024-04-15,MG95,107.89,99.61285649895667,82.0305659431219,115.24348185420035
2024-04-15,MG92,103.48,94.70946650981902,77.50099026322364,110.64990688323974
2024-04-16,MG95,108.46,99.46542339324951,82.60873131215571,114.088450653553
2024-04-16,MG92,104.05,94.5460744857788,77.78549030780792,109.74754387378692
2024-04-17,MG95,108.41,99.64968843340873,81.85751087665557,115.52651173830031
2024-04-17,MG92,104.0,94.79009387254715,77.35538679718971,110.90594857454299
2024-04-18,MG95,105.32,99.73150075316428,81.51848966181278,116.1895568037033
2024-04-18,MG92,100.91,94.90439481973648,77.17331010818481,111.43095593452453
2024-04-19,MG95,105.41,99.48722284078598,82.54657595932483,114.26898098707198
2024-04-19,MG92,101.0,94.53748076438903,77.80475939035415,109.8599412894249
2024-04-22,MG95,104.36,99.79296536087989,81.2537059855461,116.6960251712799
2024-04-22,MG92,99.95,95.00324487924576,77.01834482908248,111.83913543701172
2024-04-23,MG95,104.94,99.84065018892288,81.05721826910973,117.10052082777023
2024-04-23,MG92,100.53,95.06626179218291,76.93282505631447,112.14649455785751
2024-04-24,MG95,105.05,99.73044707417488,81.5354187709093,116.18629039883614
2024-04-24,MG92,100.64,94.88518139600754,77.21283900022506,111.41001708745956
2024-04-25,MG95,105.56,99.61115890502928,82.0401778370142,115.231610404253
2024-04-25,MG92,101.15,94.70329951286315,77.51280106425286,110.63654876708983
2024-04-26,MG95,106.1,99.86379600405692,80.95478311002255,117.2967392706871
2024-04-26,MG92,101.69,95.10654764413833,76.87237958073615,112.30468804836272
2024-04-29,MG95,106.05,99.90644658803939,80.7953205025196,117.67607541441917
2024-04-29,MG92,101.64,95.13674811840058,76.86131460785866,112.55922695159911
2024-04-30,MG95,105.3,99.95403775572777,80.580159252882,118.09035857796668
2024-04-30,MG92,100.89,95.22411019802092,76.73601547837256,112.8916548037529
2024-05-01,MG95,105.3,99.59720351219177,82.08090252995491,115.11316517829894
2024-05-01,MG92,100.89,94.70780787706374,77.49714423894882,110.56500492334365
2024-03-06,MG95,97.08,96.30472217917442,91.51692406654358,100.40968562364579
2024-03-06,MG92,93.64,91.98023897409439,87.44383549690247,96.87521624565125
2024-03-07,MG95,98.14,96.24698187589645,92.33454115033149,99.70836886882782
2024-03-07,MG92,94.2,92.00854861736298,88.18920260667801,96.10275614261627
2024-03-08,MG95,99.79,96.36727466583251,93.4797523355484,99.04633981704711
2024-03-08,MG92,95.41,92.16564291715622,88.98225000500679,95.31873786449432
2024-03-11,MG95,98.19,96.26673187851905,92.5543388056755,99.57392259836196
2024-03-11,MG92,93.78,92.0364696085453,88.34492817521095,95.9455491900444
2024-03-12,MG95,99.19,96.2870539176464,90.60496224045754,101.09440742254257
2024-03-12,MG92,94.68,91.91170665621758,86.72601762413979,97.65151780843735
2024-03-13,MG95,98.51,96.22205405831336,91.20434444904328,100.53057993650437
2024-03-13,MG92,94.13,91.9119263291359,87.29606321454048,97.03377503156662
2024-03-14,MG95,99.8,96.2722222495079,89.88310524702072,101.65121714115142
2024-03-14,MG92,95.93,91.86093968153,86.16538417339325,98.28166365623474
2024-03-15,MG95,100.94,96.2654167842865,89.78099378228187,101.72424910068511
2024-03-15,MG92,97.07,91.85103186964989,86.09270623326302,98.36524075269699
2024-03-18,MG95,103.56,96.2463980448246,89.67682416558266,101.78142916202545
2024-03-18,MG92,99.21,91.83333411812782,86.03436335921288,98.43350833654404
2024-03-19,MG95,103.3,96.2132789003849,89.8920455288887,101.55792211532592
2024-03-19,MG92,99.29,91.82473307847977,86.24909082055092,98.18967139720917
2024-03-20,MG95,104.4,96.40201556324959,88.00718524575234,103.41424544334411
2024-03-20,MG92,100.2,91.85758826136589,84.5201635658741,100.24080812931061
2024-03-21,MG95,104.78,96.21356786727905,89.42752829790115,101.93795486211776
2024-03-21,MG92,100.55,91.79894122481346,85.87892505526543,98.61587065458298
2024-03-22,MG95,105.55,96.23181995987892,89.44360429286957,101.95141246318816
2024-03-22,MG92,100.94,91.8114118874073,85.86791887879372,98.62731617689133
2024-03-25,MG95,105.67,96.55563390254974,86.52153567552567,104.96199930667876
2024-03-25,MG92,101.06,91.9142864048481,83.18587026000023,101.96062177419662
2024-03-26,MG95,105.19,96.39979818463326,87.3995704293251,103.94267743349076
2024-03-26,MG92,100.58,91.83101347088814,84.05522301793098,100.8340151309967
2024-03-27,MG95,103.9,96.31674674034119,88.83948066830635,102.57856498003005
2024-03-27,MG92,99.29,91.83617860078812,85.28039520978928,99.31545567512512
2024-03-28,MG95,104.58,96.4842119014263,86.92474474668502,104.49088891267776
2024-03-28,MG92,99.97,91.8747171163559,83.58345571160316,101.43911826610565
2024-04-01,MG95,106.58,96.62719154119492,85.90319959759712,105.63872438907623
2024-04-01,MG92,103.25,91.9491186439991,82.63048642873764,102.71367180347443
2024-04-02,MG95,106.91,96.53030506968499,86.37330745339393,105.05991780281067
2024-04-02,MG92,102.56,91.8896492421627,83.10754841566086,102.0724071264267
2024-04-03,MG95,107.09,96.47129685044288,86.94671802520752,104.45201401948928
2024-04-03,MG92,102.74,91.86590203642845,83.61694738268852,101.39685094356537
2024-04-04,MG95,106.36,96.86918067455292,84.97079778671265,106.88531577587128
2024-04-04,MG92,102.01,92.11840760707855,81.63023114204407,104.10041624307632
2024-04-05,MG95,107.02,96.94307953476905,84.41730823874474,107.53596307039261
2024-04-05,MG92,102.67,92.1658907532692,81.13383230566978,104.82832217216492
2024-04-08,MG95,106.27,96.80669305801392,85.13371024489403,106.63477558135986
2024-04-08,MG92,101.92,92.07083997130394,81.83016166090965,103.82124012708664
2024-04-09,MG95,106.43,96.93289492607117,84.67814509034157,107.26508904218673
2024-04-09,MG92,101.97,92.16433614492416,81.33518788218498,104.52503836154938
2024-04-10,MG95,106.43,96.82317596554756,84.43635056734085,107.33628104925155
2024-04-10,MG92,101.97,92.0640977025032,81.30354371666908,104.60533726215363
2024-04-11,MG95,107.79,97.02630200028419,84.1737563252449,107.90255001068115
2024-04-11,MG92,103.38,92.23161801695824,80.85132730007172,105.23914432525635
2024-04-12,MG95,108.62,96.8761689555645,84.79318929791451,107.06771875619889
2024-04-12,MG92,104.21,92.11927503347397,81.49207377433777,104.30461066961288
2024-04-15,MG95,107.89,96.99411462664604,84.20141458511353,107.8263806962967
2024-04-15,MG92,103.48,92.20422649383545,80.91280192136765,105.1535507440567
2024-04-16,MG95,108.46,96.83579615235328,84.71069219827652,107.0871208190918
2024-04-16,MG92,104.05,92.0828093290329,81.4848020374775,104.32688212394714
2024-04-17,MG95,108.41,96.7713034594059,85.2164668250084,106.5024877166748
2024-04-17,MG92,104.0,92.04401171207428,81.93665233254433,103.6741606593132
2024-04-18,MG95,105.32,96.73282368421555,85.4345188844204,106.23722790241241
2024-04-18,MG92,100.91,92.0190703868866,82.1466652750969,103.37852597236633
2024-04-19,MG95,105.41,96.99028728961945,84.24416989088058,107.77822347879409
2024-04-19,MG92,101.0,92.20205229520798,80.94836640357971,105.09963512420654
2024-04-22,MG95,104.36,96.99450974464416,84.14708880901337,107.8809069800377
2024-04-22,MG92,99.95,92.20308870077133,80.87345230579376,105.21456348896027
2024-04-23,MG95,104.94,96.88397106170655,84.53461700320244,107.33159860610962
2024-04-23,MG92,100.53,92.11854842305183,81.29503279924393,104.59982854127884
2024-04-24,MG95,105.05,97.24187130331993,83.56486179828643,108.84175138950347
2024-04-24,MG92,100.64,92.408995449543,80.14046010375023,106.29654836654663
2024-04-25,MG95,105.56,97.1176450252533,83.74231695771218,108.47298245429992
2024-04-25,MG92,101.15,92.30119237303734,80.42609122395515,105.87942892313004
2024-04-26,MG95,106.1,96.82603614807128,85.1428038561344,106.65510941505431
2024-04-26,MG92,101.69,92.08720278739929,81.81168660521507,103.84345525503159
2024-04-29,MG95,106.05,97.20085569620132,83.5561338186264,108.78815687656402
2024-04-29,MG92,101.64,92.37144827842712,80.1870645582676,106.23496109247208
2024-04-30,MG95,105.3,97.63391681671142,82.15457361459733,110.91621523618699
2024-04-30,MG92,100.89,92.7465989291668,78.6587944328785,108.647003531456
2024-05-01,MG95,105.3,97.31280972719192,83.10042712926864,109.42625475168228
2024-05-01,MG92,100.89,92.46294486522675,79.72307029366493,106.95447438955307
2024-05-02,MG95,100.51,97.58778236746788,82.51893727898597,110.45673428535461
2024-05-02,MG92,96.1,92.70999804139137,78.96784606575966,108.12807977199554
2024-05-03,MG95,98.84,97.70191249608993,82.45501662254334,110.7004336309433
2024-05-03,MG92,95.37,92.81984013319016,78.77916955947876,108.41149163246155
2024-05-06,MG95,98.2,97.38009773254394,82.85133176922798,109.78810027599334
2024-05-06,MG92,94.3,92.51971060037613,79.46319723129272,107.36351662874222
2024-05-07,MG95,98.51,97.12750528335572,83.61197519659996,108.61980122566223
2024-05-07,MG92,93.98,92.30663913488388,80.32116642594337,106.04395830631256
2024-05-08,MG95,95.84,97.40165820121764,82.93139329075814,109.73771388530731
2024-05-08,MG92,90.88,92.54188629984856,79.49122524261475,107.30850827693939
2024-05-09,MG95,96.86,97.67918436527252,82.02807098507881,111.12227811813354
2024-05-09,MG92,91.9,92.78808894753456,78.51489740610123,108.88224506378174
2024-05-10,MG95,97.03,97.548264670372,82.25209109544754,110.67951006889344
2024-05-10,MG92,92.07,92.66562411189079,78.83470737934113,108.37400078773499
2024-05-13,MG95,96.4,97.97116477131843,81.78144658684731,111.84261950969696
2024-05-13,MG92,91.44,93.0751282274723,77.97929540276527,109.72310793399811
2024-05-14,MG95,95.49,97.65627341866492,82.90963231444358,110.15104269504548
2024-05-14,MG92,90.53,92.78476005792618,79.15257972478867,107.7901439666748
2024-05-15,MG95,94.93,97.20773192882538,83.59159418463707,108.76258625507354
2024-05-15,MG92,89.97,92.37857356667519,80.20326402783394,106.20657259225845
2024-05-16,MG95,96.38,98.44301822304726,80.69609872698784,113.79128250360489
2024-05-16,MG92,91.42,93.54803332686424,76.66612449288368,111.98372250795364
2024-05-17,MG95,97.35,98.30176648736,80.74290546655655,113.51613884210586
2024-05-17,MG92,92.39,93.39786717295647,76.87044847011566,111.65034914016724
2024-05-20,MG95,97.43,98.28114958405494,81.02891192436218,113.16020239591599
2024-05-20,MG92,93.46,93.38185358047485,77.08678123354912,111.24725496768951
2024-05-21,MG95,95.4,97.68719877362251,82.29100726962089,110.85248919010162
2024-05-21,MG92,91.42,92.80184948444366,78.6847496330738,108.58075243234634
2024-05-22,MG95,95.4,97.66987255454063,82.11055039286613,111.0190992450714
2024-05-22,MG92,91.42,92.78081721067429,78.58301854133606,108.76576209068298
2024-05-23,MG95,93.75,98.32760248661042,80.99934294462204,113.2662473487854
2024-05-23,MG92,90.22,93.43053084611893,77.00990134477615,111.37387669086456
2024-05-24,MG95,92.47,97.63815696358681,82.03347289681435,111.05294965267181
2024-05-24,MG92,88.81,92.7479507625103,78.57071685791016,108.80043661594391
2024-05-27,MG95,92.46,97.63332119107247,82.31561663389206,110.74303560733794
2024-05-27,MG92,88.8,92.74969124794006,78.76994892954826,108.45298165082932
2024-05-28,MG95,92.45,97.82403344392776,82.35897935986519,110.9911579155922
2024-05-28,MG92,88.92,92.93859869241714,78.55928260087967,108.74973160028458
2024-05-29,MG95,93.52,97.97337035536766,81.89252192258834,111.72496870279312
2024-05-29,MG92,89.23,93.0796118080616,78.05231693387032,109.59116899967194
2024-04-04,MG95,106.36,106.407459243536,100.51263181865215,110.00793992638589
2024-04-04,MG92,102.01,101.76732921242713,97.54388591527939,107.78309303998947
2024-04-05,MG95,107.02,106.37790566921234,100.6051734429598,109.87646162748337
2024-04-05,MG92,102.67,101.74670431733131,97.66252805233002,107.64579786539078
2024-04-08,MG95,106.27,106.60782354116441,100.16070811092854,110.51562309861184
2024-04-08,MG92,101.92,101.93885020017623,97.09367776870727,108.38071284770965
2024-04-09,MG95,106.43,107.09301280498505,99.23337056636811,111.85567024469375
2024-04-09,MG92,101.97,102.33300125360488,95.94805302858352,109.84655010700226
2024-04-10,MG95,106.43,107.2280017876625,98.97842471063137,112.22623249173165
2024-04-10,MG92,101.97,102.44057159423828,95.64125771403312,110.23684317827224
2024-04-11,MG95,107.79,107.22080169439316,99.06156408548355,112.1060777437687
2024-04-11,MG92,103.38,102.44344364762306,95.74276551127433,110.14039362430572
2024-04-12,MG95,108.62,107.24092110395432,98.9682245784998,112.2412454521656
2024-04-12,MG92,104.21,102.45257420539855,95.62943881630898,110.25850911617279
2024-04-15,MG95,107.89,107.07650620818139,99.34252091646195,111.69864693403244
2024-04-15,MG92,103.48,102.32947395563126,96.08169842958449,109.71272099256515
2024-04-16,MG95,108.46,107.83694584608078,97.87231676518917,113.84728753328324
2024-04-16,MG92,104.05,102.92099447727203,94.34477362394333,111.8932892513275
2024-04-17,MG95,108.41,108.03090155005455,97.44456867098809,114.48189149856567
2024-04-17,MG92,104.0,103.0623190999031,93.85022930145263,112.48500573396682
2024-04-18,MG95,105.32,107.88254643678665,97.91703011035919,113.77969091296197
2024-04-18,MG92,100.91,102.9718341088295,94.40443150043487,111.87840846300125
2024-04-19,MG95,105.41,108.58423637747765,96.28880050778389,116.22082891821861
2024-04-19,MG92,101.0,103.46914638042449,92.5387541949749,114.07269399166107
2024-04-22,MG95,104.36,107.86481429219246,97.85854850172997,113.86716438651085
2024-04-22,MG92,99.95,102.9470695376396,94.33129518151283,111.92801109075546
2024-04-23,MG95,104.94,108.27846220374107,97.02774199485779,115.10272081732751
2024-04-23,MG92,100.53,103.25640622138977,93.38103743314743,113.09457916259765
2024-04-24,MG95,105.05,108.07226378798485,97.32556925714016,114.6597108232975
2024-04-24,MG92,100.64,103.0891412615776,93.71173998951912,112.63969244718551
2024-04-25,MG95,105.56,108.99579064488411,95.5608634185791,117.33113691806794
2024-04-25,MG92,101.15,103.78299016714095,91.73833924889564,115.09224232435226
2024-04-26,MG95,106.1,109.75404727578163,94.12203839719295,119.57441278576852
2024-04-26,MG92,101.69,104.3469169306755,90.17354780912399,117.04280136108397
2024-04-29,MG95,106.05,109.61303268313408,94.44925965726375,119.05501031279564
2024-04-29,MG92,101.64,104.24810359716415,90.53438549280166,116.61798241138457
2024-04-30,MG95,105.3,109.49941419005394,94.55665466547012,118.89300821423531
2024-04-30,MG92,100.89,104.15301352262496,90.63689146637915,116.44313621044158
2024-05-01,MG95,105.3,108.45794112443924,96.60938338398934,115.7333289861679
2024-05-01,MG92,100.89,103.38299702644348,92.9041418480873,113.6538763475418
2024-05-02,MG95,100.51,109.34382068514824,94.69012447953224,118.69231199741364
2024-05-02,MG92,96.1,104.02140121698379,90.76249021887779,116.2161153936386
2024-05-03,MG95,98.84,110.09995813965797,93.12109777152538,121.1987359547615
2024-05-03,MG92,95.37,104.57349683523178,89.05202014803886,118.30295305728912
2024-05-06,MG95,98.2,109.05280414938927,95.47332611441612,117.46491311907769
2024-05-06,MG92,94.3,103.82768152236937,91.64444943547248,115.21817176103592
2024-05-07,MG95,98.51,109.44677946567536,94.65367081582546,118.7411679494381
2024-05-07,MG92,93.98,104.113613114357,90.74176121950148,116.3110707449913
2024-05-08,MG95,95.84,109.95465412974357,93.66751974344254,120.30166050434113
2024-05-08,MG92,90.88,104.48897640705108,89.67498628616333,117.63520370721817
2024-05-09,MG95,96.86,110.56205348730087,92.13030621349812,122.82847195982933
2024-05-09,MG92,91.9,104.91058649539947,87.97877850174903,119.6144955253601
2024-05-10,MG95,97.03,109.17267804265023,95.11308527767659,118.02802679657937
2024-05-10,MG92,92.07,103.90342044830322,91.2351665186882,115.66953117847441
2024-05-13,MG95,96.4,109.52612091898918,94.54310342609882,118.91211910009385
2024-05-13,MG92,91.44,104.1765410900116,90.62681784629821,116.47180775403976
2024-05-14,MG95,95.49,109.97776081204415,93.64339177131653,120.33882268786431
2024-05-14,MG92,90.53,104.507984623909,89.65182614564895,117.67270574331283
2024-05-15,MG95,94.93,109.79805210113526,93.84627737820149,120.02438031673432
2024-05-15,MG92,89.97,104.36161400556564,89.85117971897125,117.36354052543639
2024-05-16,MG95,96.38,110.01571449518204,93.43896146357059,120.67549087882043
2024-05-16,MG92,91.42,104.5242493867874,89.41434591054916,117.91417868375778
2024-05-17,MG95,97.35,110.02366778969765,93.58300162732601,120.43338135957718
2024-05-17,MG92,92.39,104.54454359769821,89.59087615132331,117.76058200359344
2024-05-20,MG95,97.43,110.41630266308785,92.65622579216958,121.9445583820343
2024-05-20,MG92,93.46,104.82110580444335,88.57527765750885,118.96238631248474
2024-05-21,MG95,95.4,109.96143294095994,93.67676879942418,120.28534539937974
2024-05-21,MG92,91.42,104.49605549812317,89.68796870231628,117.62841855764388
2024-05-22,MG95,95.4,110.11514982581139,93.10197411954404,121.22905549645424
2024-05-22,MG92,91.42,104.58565866470336,89.03287108421326,118.33120818376541
2024-05-23,MG95,93.75,109.76308569073677,94.02233497798443,119.73765319824219
2024-05-23,MG92,90.22,104.3457656598091,90.05521798491478,117.1552094888687
2024-05-24,MG95,92.47,110.64379497170448,91.89997982561589,123.21644719839097
2024-05-24,MG92,88.81,104.96654560804366,87.7228228187561,119.90945357084274
2024-05-27,MG95,92.46,110.85658070683479,91.20462188184261,124.4057392001152
2024-05-27,MG92,88.8,105.10774775505065,86.94109152913093,120.79168223381042
2024-05-28,MG95,92.45,110.7961331152916,91.53802194535733,123.82689765930176
2024-05-28,MG92,88.92,105.07628376722336,87.32775319814681,120.3848059630394
2024-05-29,MG95,93.52,110.1333926153183,93.1845390188694,121.08738983154298
2024-05-29,MG92,89.23,104.60924746990203,89.13759999036789,118.24906378269195
2024-05-30,MG95,90.86,110.79714163899422,91.41761825799942,124.03850891113282
2024-05-30,MG92,86.57,105.069106695652,87.18209293842315,120.52273801088333
2024-05-31,MG95,90.78,110.3605785369873,92.67787075340748,121.91575800895691
2024-05-31,MG92,85.96,104.77253197193146,88.58587792277336,118.91343280553818
2024-06-03,MG95,91.38,110.21670433282853,93.06529066562653,121.27732420682908
2024-06-03,MG92,86.43,104.67471069097519,89.01571837306022,118.41912118673324
2024-06-04,MG95,88.04,111.00502518296243,91.01969182670116,124.71173039793969
2024-06-04,MG92,83.24,105.22648787260054,86.76009092807769,121.06528053045272
2024-06-05,MG95,89.43,111.06288125157357,90.79385911405087,125.10584614157678
2024-06-05,MG92,84.63,105.26343876838683,86.50313094496727,121.35023231744766
2024-06-06,MG95,89.87,110.80700985193253,91.38355185925961,124.09705435037613
2024-06-06,MG92,85.14,105.07557340860366,87.14364784002304,120.56583718299865
2024-06-07,MG95,91.12,110.53267863869668,91.76423764169216,123.46748023748398
2024-06-07,MG92,85.88,104.85874256372452,87.52801309108733,120.01430495262146
2024-06-10,MG95,91.67,111.12460545539857,90.24531158268452,126.08262049674988
2024-06-10,MG92,86.43,105.28748073339462,85.85660049676895,122.01702635765075
2024-06-11,MG95,92.62,110.98631004691124,91.23152010262012,124.33818087816239
2024-06-11,MG92,87.38,105.22373217105864,87.01185182094574,120.81336041927337
2024-06-12,MG95,92.14,110.89851742029191,91.08885229706765,124.60472475647927
2024-06-12,MG92,86.9,105.13736236095428,86.81288404583931,120.94227826118468
2024-06-13,MG95,91.15,110.41687713861465,92.5630905431509,122.10404555439949
2024-06-13,MG92,85.91,104.81400221824646,88.46247148394585,119.06631912708282
2024-06-14,MG95,91.78,111.25087517619133,90.18565549075603,126.17295358181
2024-06-14,MG92,86.54,105.39340990066528,85.82092947125435,122.13684426069258
2024-06-17,MG95,91.78,111.6691061258316,88.95387783229351,128.37711404919625
2024-06-17,MG92,86.54,105.6988028693199,84.45158463239669,123.77472302913665
2024-06-18,MG95,93.26,111.40731124520302,89.46636744976044,127.46415754199029
2024-06-18,MG92,88.02,105.49539535284042,84.99538865089416,123.05544818401336
2024-06-19,MG95,94.52,110.57972180128098,91.98707031548024,123.07425812244416
2024-06-19,MG92,89.28,104.91579170942306,87.81021530032157,119.78345064878464
2024-06-20,MG95,94.85,110.95345004677773,91.19455579400064,124.40905839204788
2024-06-20,MG92,89.61,105.19229267835617,86.95710521697998,120.84280355930328
2024-06-21,MG95,95.95,111.24754321813583,90.07504341959954,126.3740966129303
2024-06-21,MG92,90.71,105.38508155822754,85.6858878481388,122.26655819416045
2024-06-24,MG95,95.52,111.47105249643326,88.98963574230672,128.33586670637132
2024-06-24,MG92,90.28,105.53303211212157,84.43755504965782,123.65832219600676
2024-06-25,MG95,95.57,111.15318880438805,90.6673021554947,125.3186446428299
2024-06-25,MG92,90.33,105.3348665523529,86.37642378807067,121.53308842420577
2024-06-26,MG95,95.65,111.0262297129631,90.50485962569714,125.62858057260513
2024-06-26,MG92,90.41,105.21559978961945,86.14258107900619,121.67266164541243
2024-05-02,MG95,100.51,99.48810732364655,96.36684386730194,102.99140081405639
2024-05-02,MG92,96.1,95.49806209266185,90.24510848879814,100.49662607252598
2024-05-03,MG95,98.84,99.57920882105827,95.5576378762722,103.6533380806446
2024-05-03,MG92,95.37,95.50820087492465,89.57664642691613,101.11589158773423
2024-05-06,MG95,98.2,99.64358553886413,94.71219213008881,104.32383631467819
2024-05-06,MG92,94.3,95.53496701955795,88.87093666791915,101.7320601439476
2024-05-07,MG95,98.51,99.69244079589843,94.25853617191315,104.71620980501174
2024-05-07,MG92,93.98,95.55681411087512,88.49271077871323,102.09607008934022
2024-05-08,MG95,95.84,99.77343733906746,93.77917848229409,105.18507968187332
2024-05-08,MG92,90.88,95.58661707937718,88.09512739241123,102.53738975286484
2024-05-09,MG95,96.86,99.90007563829421,92.62913426756859,106.24488226175308
2024-05-09,MG92,91.9,95.68238828122615,87.12880402386189,103.51587244391442
2024-05-10,MG95,97.03,99.84802570939064,93.02768998146057,105.85845876932144
2024-05-10,MG92,92.07,95.64462342202664,87.46363039255142,103.15759938955307
2024-05-13,MG95,96.4,99.89922205209731,92.62124487161635,106.24963974952698
2024-05-13,MG92,91.44,95.68310388922691,87.12199071407318,103.51988947033882
2024-05-14,MG95,95.49,100.08278074264526,91.71254587769508,107.26259551048278
2024-05-14,MG92,90.53,95.79095623791218,86.36048758506774,104.4690743279457
2024-05-15,MG95,94.93,100.04848038554191,91.76836790442466,107.16190999746323
2024-05-15,MG92,89.97,95.78215245544911,86.40562501072884,104.37103001832962
2024-05-16,MG95,96.38,100.14784786105156,91.05937669873238,107.90739201307296
2024-05-16,MG92,91.42,95.8809905487299,85.804736790061,105.0600101852417
2024-05-17,MG95,97.35,100.06178628802299,91.29804818630218,107.5686312675476
2024-05-17,MG92,92.39,95.84329785168171,86.00315263867378,104.73811888217926
2024-05-20,MG95,97.43,100.17534463405609,90.9740620136261,108.0241952419281
2024-05-20,MG92,93.46,95.89495993852616,85.73336842238903,105.17043030381203
2024-05-21,MG95,95.4,100.20946297645568,90.46497316360474,108.5160617351532
2024-05-21,MG92,91.42,95.97564925074578,85.29722639322281,105.61889402031899
2024-05-22,MG95,95.4,100.33426229953766,89.81869543790818,109.29356578588485
2024-05-22,MG92,91.42,96.09590146243572,84.74721248924732,106.34144161462784
2024-05-23,MG95,93.75,100.23061434030532,90.42753462195397,108.5833193063736
2024-05-23,MG92,90.22,95.98293762803078,85.26644923567773,105.68327468633652
2024-05-24,MG95,92.47,100.33989220261573,89.75434382557869,109.36098654270172
2024-05-24,MG92,88.81,96.10833139300347,84.69185209214687,106.40326052427292
2024-05-27,MG95,92.46,100.41508310437202,89.42088033556938,109.79052869081497
2024-05-27,MG92,88.8,96.17790172040462,84.40755125641823,106.80312303185462
2024-05-28,MG95,92.45,100.46145291924476,89.24992459416389,110.02643229961394
2024-05-28,MG92,88.92,96.21576880931855,84.26195810258389,107.02330178260803
2024-05-29,MG95,93.52,100.49309837222098,88.97222664356231,110.33992438316345
2024-05-29,MG92,89.23,96.27684204339981,84.02243989527226,107.31191430687905
2024-05-30,MG95,90.86,100.63323714137077,88.62223119735718,110.91122460365295
2024-05-30,MG92,86.57,96.36530682742595,83.72548662900925,107.84791071295739
2024-05-31,MG95,90.78,100.55283685326576,88.59959233403205,110.79665576219558
2024-05-31,MG92,85.96,96.36477162480354,83.70131832182408,107.7346161353588
2024-06-03,MG95,91.38,100.5982275545597,88.51867110729218,110.95170718431473
2024-06-03,MG92,86.43,96.38663074314594,83.63334758877754,107.8807084107399
2024-06-04,MG95,88.04,100.79895211458206,87.81150004863738,111.99477696418762
2024-06-04,MG92,83.24,96.57766801178455,83.02568815290928,108.85185461640359
2024-06-05,MG95,89.43,100.88225208520889,87.43477982282639,112.52327234745026
2024-06-05,MG92,84.63,96.68627806305885,82.69937691807748,109.34216035366059
2024-06-06,MG95,89.87,100.61435154676437,88.41685584783554,111.07812581062316
2024-06-06,MG92,85.14,96.41193560421466,83.54538192629815,107.99767123103142
2024-06-07,MG95,91.12,101.04679965376853,86.90661081075667,113.36369072198868
2024-06-07,MG92,85.88,96.85327330827712,82.24241610825062,110.12395307421684
2024-06-10,MG95,91.67,100.98539165854454,87.0704617023468,113.08268512487412
2024-06-10,MG92,86.43,96.7991396677494,82.38393811404706,109.86225703239441
2024-06-11,MG95,92.62,100.7858596086502,87.65379372239113,112.13224200010299
2024-06-11,MG92,87.38,96.61871023535728,82.88680607914925,108.97682743549348
2024-06-12,MG95,92.14,101.1681971848011,86.33973543047905,114.19047682285309
2024-06-12,MG92,86.9,97.04150226652622,81.74740780413151,110.89161404013633
2024-06-13,MG95,91.15,100.86265726089478,87.28168662786483,112.64819719791412
2024-06-13,MG92,85.91,96.7281742054224,82.5638563978672,109.45602020144463
2024-06-14,MG95,91.78,101.18657439351081,86.30161904096603,114.26492711305617
2024-06-14,MG92,86.54,97.05561598062515,81.71448983609676,110.96094984054565
2024-06-17,MG95,91.78,101.36194869875908,85.7831156373024,115.15713808536529
2024-06-17,MG92,86.54,97.24798223555088,81.26234584987164,111.79087471604348
2024-06-18,MG95,93.26,101.17677070498466,86.42970718145371,114.10701366662978
2024-06-18,MG92,88.02,97.01324477076531,81.82730934619903,110.814556889534
2024-06-19,MG95,94.52,101.31831538081168,85.93338446617126,114.90923405885697
2024-06-19,MG92,89.28,97.19159352779388,81.39387339770794,111.5603166425228
2024-06-20,MG95,94.85,101.2160796046257,86.15708053708076,114.47715625762939
2024-06-20,MG92,89.61,97.10614151358604,81.58781519293785,111.15825318932534
2024-06-21,MG95,95.95,101.53517020940781,85.33302465677261,115.98682386875153
2024-06-21,MG92,90.71,97.42805687069892,80.86905009806156,112.56244446516037
2024-06-24,MG95,95.52,101.4777853667736,85.53086208701133,115.65392525196076
2024-06-24,MG92,90.28,97.34970681488514,81.04282257199287,112.25284478187561
2024-06-25,MG95,95.57,101.2710166633129,86.00425722599029,114.74529529809952
2024-06-25,MG92,90.33,97.16278880238534,81.45476021289825,111.40774180054665
2024-06-26,MG95,95.65,101.56106023192406,85.31592155098915,116.05380527973175
2024-06-26,MG92,90.41,97.43736578822136,80.85477401912212,112.62457607746124
2024-06-27,MG95,96.51,101.28860932588577,85.96556341052055,114.82005940675735
2024-06-27,MG92,91.27,97.17767224609852,81.42118677198887,111.4773061144352
2024-06-28,MG95,97.45,101.62661063075065,85.33176938295364,116.1552314043045
2024-06-28,MG92,92.37,97.44015004456044,80.87100448966027,112.71898822546005
2024-07-01,MG95,97.87,101.58682472705841,85.40103539228438,116.0020879983902
2024-07-01,MG92,93.14,97.40979383289815,80.93125387251378,112.57660027384757
2024-07-02,MG95,99.67,101.58076803088188,85.48524543642998,115.89394615888595
2024-07-02,MG92,95.23,97.3790407294035,81.00576730728149,112.4763910996914
2024-07-03,MG95,99.3,101.75042456388474,84.97888053059577,116.79699014425277
2024-07-03,MG92,94.88,97.58763144135476,80.56109811723232,113.3150716495514
2024-07-04,MG95,99.01,101.65873936414718,85.03480297923088,116.5620530962944
2024-07-04,MG92,94.59,97.55418428421021,80.60794939398765,113.09716600656509
2024-07-05,MG95,99.01,101.7734902203083,84.90147407054901,116.93154294490814
2024-07-05,MG92,94.59,97.62021265268326,80.49288083016873,113.44008054971695
2024-07-08,MG95,98.17,101.56653950214385,85.21350376009941,116.18339974880219
2024-07-08,MG92,93.75,97.47593645811081,80.76381964087486,112.74538754582404
2024-07-09,MG95,97.03,101.9407742857933,84.6517185151577,117.54232152700423
2024-07-09,MG92,92.61,97.74185398578643,80.2750714033842,114.00732316732406
2024-07-10,MG95,95.6,101.75429708361625,84.95281476974488,116.83503749370574
2024-07-10,MG92,91.18,97.59799873709679,80.5380122423172,113.35043110370636
2024-07-11,MG95,96.48,101.97762912511826,84.41976274251938,117.89276887178421
2024-07-11,MG92,92.06,97.83882187664508,80.06926494777203,114.33297892928124
2024-07-12,MG95,98.5,102.26228756904602,83.90592268109322,119.06872193813324
2024-07-12,MG92,94.08,98.09752318918704,79.61730738043785,115.42438336014747
2024-07-15,MG95,97.85,102.08489227294922,84.36824630498886,118.15808354616165
2024-07-15,MG92,93.43,97.87749477624894,80.02597367048264,114.57900375723838
2024-07-16,MG95,96.55,101.80423815250397,84.89735677242278,116.99346560239792
2024-07-16,MG92,92.13,97.62634042203426,80.49010860085487,113.49759378433228
2024-07-17,MG95,96.37,102.26442781090736,83.97902355194091,118.98124190568923
2024-07-17,MG92,91.95,98.067720220685,79.68266824901104,115.34299648046493
2024-07-18,MG95,97.64,102.51885926127433,83.57436720728874,119.98382910490035
2024-07-18,MG92,93.22,98.28854843080043,79.32597073495388,116.27332296252251
2024-07-19,MG95,96.84,102.49164492487907,83.59801028966903,119.90066721439361
2024-07-19,MG92,92.42,98.27266073048115,79.34663917779922,116.19615756869317
2024-07-22,MG95,95.04,102.36077007651329,83.83269628286361,119.34994093179702
2024-07-22,MG92,90.62,98.14715270876884,79.5539129304886,115.68515332102776
2024-07-23,MG95,94.99,102.63104935884475,83.34841164350509,120.49316900968552
2024-07-23,MG92,90.57,98.40984699368477,79.12581698119641,116.74585275650024
2024-07-24,MG95,93.51,103.04057616591453,82.71149826049805,122.14283730983733
2024-07-24,MG92,89.09,98.7905564635992,78.56140672802925,118.27621955394746
2024-05-30,MG95,90.86,91.25540364265441,89.96537715435028,95.3736420917511
2024-05-30,MG92,86.57,87.7269323694706,84.34201725780964,91.01497059464455
2024-05-31,MG95,90.78,91.6714416027069,86.94775855541229,99.1742276763916
2024-05-31,MG92,85.96,88.85609723448754,82.27021342873573,95.12099757313729
2024-06-03,MG95,91.38,91.51341228485107,88.0174247264862,97.79350295066833
2024-06-03,MG92,86.43,88.35168856501579,83.01708821833134,93.5711694931984
2024-06-04,MG95,88.04,91.49348442554474,88.15554848194122,97.62445896148681
2024-06-04,MG92,83.24,88.26993223786354,83.12173546612263,93.36192818284034
2024-06-05,MG95,89.43,91.38135328769684,88.96930191993712,96.56395124435424
2024-06-05,MG92,84.63,88.10224454343319,83.63412723779679,92.34938787817956
2024-06-06,MG95,89.87,91.48166706562041,88.22387734889983,97.48492492675781
2024-06-06,MG92,85.14,88.42227067649365,83.1072158998251,93.38875481009484
2024-06-07,MG95,91.12,91.60872040748596,87.3557863521576,98.62837713241576
2024-06-07,MG92,85.88,88.70167393505574,82.53950617611409,94.55226669311524
2024-06-10,MG95,91.67,91.51841236591339,87.9752780008316,97.82781788825989
2024-06-10,MG92,86.43,88.43551911592483,82.96529644668102,93.67495514035225
2024-06-11,MG95,92.62,91.51979477405548,87.9726804113388,97.84784050941467
2024-06-11,MG92,87.38,88.38022243797779,82.98265610396862,93.64044856667519
2024-06-12,MG95,92.14,91.53122193813324,87.87687618255615,97.93876729011535
2024-06-12,MG92,86.9,88.52622651636601,82.88117337703706,93.84652003765106
2024-06-13,MG95,91.15,91.55161245822906,87.74469455242156,98.12311810493469
2024-06-13,MG92,85.91,88.53500739693642,82.80560781002045,94.00069336652756
2024-06-14,MG95,91.78,91.73303680419922,86.61910774230957,99.66950883865356
2024-06-14,MG92,86.54,88.83205219447613,82.10120142221452,95.48062542438508
2024-06-17,MG95,91.78,92.16767038345337,84.29318932056427,103.02612958908081
2024-06-17,MG92,86.54,89.66821433901787,80.64680890917778,98.78835281968117
2024-06-18,MG95,93.26,91.66551620006561,86.99807709693908,99.11749320030212
2024-06-18,MG92,88.02,88.8028162765503,82.31377212762833,95.02726393342019
2024-06-19,MG95,94.52,91.63387689113617,87.20400574207305,98.84389902114867
2024-06-19,MG92,89.28,88.71645410895349,82.45230368196965,94.73427716851235
2024-06-20,MG95,94.85,91.76659364700318,86.36210803508759,99.97856624603271
2024-06-20,MG92,89.61,89.06524812996388,81.89295999407769,95.935805850029
2024-06-21,MG95,95.95,91.84572536468505,85.92451454162597,100.60963556289673
2024-06-21,MG92,90.71,89.17173558652401,81.62953357696533,96.5158864569664
2024-06-24,MG95,95.52,91.76776980876922,86.36844035625458,99.97979257583617
2024-06-24,MG92,90.28,89.0333848619461,81.90574040353299,95.90666034698486
2024-06-25,MG95,95.57,91.74266349315643,86.50164764404296,99.78167342185974
2024-06-25,MG92,90.33,89.02563577473164,81.97927429497243,95.74790245175362
2024-06-26,MG95,95.65,91.70454693317413,86.74354677200317,99.45523557662963
2024-06-26,MG92,90.41,88.92063218593597,82.14046807348728,95.39843297839165
2024-06-27,MG95,96.51,91.91165174007415,85.5963096666336,101.1051842880249
2024-06-27,MG92,91.27,89.20949177742004,81.4463743007183,96.9251893079281
2024-06-28,MG95,97.45,91.75721222400665,86.44442821025848,99.88446215629577
2024-06-28,MG92,92.37,88.97578526377679,81.96353146851064,95.77965403079988
2024-07-01,MG95,97.87,92.02629127979279,84.98771005630493,101.98733905792236
2024-07-01,MG92,93.14,89.43294417977333,81.06645628631115,97.79633137464523
2024-07-02,MG95,99.67,91.95533137798309,85.33228643417358,101.4661711883545
2024-07-02,MG92,95.23,89.3605271780491,81.26506587028504,97.33906608819962
2024-07-03,MG95,99.3,91.88039705276489,85.76676950931548,100.86056493759155
2024-07-03,MG92,94.88,89.1504136300087,81.55297876477242,96.68526012301446
2024-07-04,MG95,99.01,91.93789519786834,85.43238281726836,101.3257675743103
2024-07-04,MG92,94.59,89.31235200166702,81.3309304523468,97.18814769506454
2024-07-05,MG95,99.01,92.1587627696991,84.32449417591094,102.9714575767517
2024-07-05,MG92,94.59,89.67687289357185,80.66016371905803,98.7565799665451
2024-07-08,MG95,98.17,91.98343105316162,85.21205594539641,101.6603772354126
2024-07-08,MG92,93.75,89.3489647102356,81.20616323411465,97.47301839470863
2024-07-09,MG95,97.03,91.95701479434966,85.3602021598816,101.45127685546875
2024-07-09,MG92,92.61,89.2783879172802,81.30338582456112,97.24987446665764
2024-07-10,MG95,95.6,92.00229423522948,85.13427319049835,101.78835032463073
2024-07-10,MG92,91.18,89.33611515998841,81.16985899984837,97.55624263405801
2024-07-11,MG95,96.48,92.0908575439453,84.65237574577331,102.47743618965148
2024-07-11,MG92,92.06,89.56850268006325,80.85657143473625,98.28884782791138
2024-07-12,MG95,98.5,91.83523467063904,85.95872914314269,100.54330226898193
2024-07-12,MG92,94.08,89.2111032897234,81.63624023377896,96.50309009194375
2024-07-15,MG95,97.85,91.95272821426391,85.37282220840454,101.4257803440094
2024-07-15,MG92,93.43,89.29436475872994,81.30523135185243,97.24592812299728
2024-07-16,MG95,96.55,92.08546726703644,84.70171879768371,102.41896255493164
2024-07-16,MG92,92.13,89.51045632600784,80.89812505066395,98.19008286595346
2024-07-17,MG95,96.37,92.12713460922241,84.483437666893,102.73623637199401
2024-07-17,MG92,91.95,89.61095512628556,80.7588808143139,98.52033119916916
2024-07-18,MG95,97.64,91.89672396183013,85.6379435634613,101.01712265968322
2024-07-18,MG92,93.22,89.27576056718827,81.44877295434475,96.92181736469269
2024-07-19,MG95,96.84,92.16284867763518,84.31030776977539,102.99641896247863
2024-07-19,MG92,92.42,89.67246915698051,80.65424420356752,98.77065277695657
2024-07-22,MG95,95.04,92.11291475772857,84.55459266662598,102.63071626663208
2024-07-22,MG92,90.62,89.58318180203439,80.80274798750878,98.41597115159036
2024-07-23,MG95,94.99,91.866896276474,85.80445685386657,100.77970520973206
2024-07-23,MG92,90.57,89.21556553006172,81.55355316519737,96.68587707161903
2024-07-24,MG95,93.51,92.16913083076477,84.3082787513733,103.0180135154724
2024-07-24,MG92,89.09,89.62390040993691,80.66688633143902,98.73983725786209
2024-07-25,MG95,94.15,91.8874540233612,85.71029144763946,100.92838097572326
2024-07-25,MG92,89.73,89.20776325762272,81.50642041921616,96.79052431941032
2024-07-26,MG95,95.36,92.32742213726043,83.59663399219512,104.11846613883972
2024-07-26,MG92,90.94,89.84368303179741,80.25130762398243,99.7543347787857
2024-07-29,MG95,95.11,92.30050419807434,83.7170763015747,103.93219779014586
2024-07-29,MG92,90.69,89.80130504488946,80.3224694544077,99.57817467808724
2024-07-30,MG95,93.01,92.37486995220183,83.37569952964782,104.454324426651
2024-07-30,MG92,88.91,89.94129919290543,80.11597250163555,100.09201840639115
2024-07-31,MG95,93.39,92.36194332122803,83.48347719669341,104.32124534606933
2024-07-31,MG92,89.28,89.81381420969963,80.20436634480953,99.87267190337181
2024-08-01,MG95,93.51,92.14973252296447,84.42044890880584,102.86212470054626
2024-08-01,MG92,89.4,89.5488028728962,80.74480800390243,98.55346559405328
2024-08-02,MG95,92.86,92.14838913440704,84.39139604091643,102.88177942276
2024-08-02,MG92,87.7,89.62385786175729,80.7087377846241,98.63975330233575
2024-08-05,MG95,87.55,92.42023300647735,83.24152232646942,104.70691492080688
2024-08-05,MG92,82.85,89.88051911830902,80.06777605116368,100.21591870546341
2024-08-06,MG95,87.23,92.7799880027771,81.90037460803985,106.94145504951477
2024-08-06,MG92,83.27,90.16390063166618,79.35393992304802,102.08916613578796
2024-08-07,MG95,87.3,92.17119329452514,84.26264256000519,103.06339886665344
2024-08-07,MG92,82.76,89.70240180134773,80.62192354261876,98.84862231612206
2024-08-08,MG95,89.62,92.01856540203094,85.02623353481292,101.92996912002563
2024-08-08,MG92,85.03,89.42139234900475,81.08955462932587,97.74268875718117
2024-08-09,MG95,89.62,92.3483422088623,83.51745768070221,104.25053071022033
2024-08-09,MG92,85.03,89.84791657567024,80.21130169808865,99.85420599341393
2024-08-12,MG95,91.37,92.39401184558868,83.32015236377715,104.55977764129638
2024-08-12,MG92,86.89,89.91363223910332,80.09657053172589,100.14150193929673
2024-08-13,MG95,91.98,92.04496493816376,84.88650997638702,102.13253650665283
2024-08-13,MG92,87.5,89.47961953282356,81.00122992694378,97.94863258361816
2024-08-14,MG95,90.6,92.4765159702301,83.00901019573212,105.07766786575317
2024-08-14,MG92,86.12,89.95238299369812,79.93527570128441,100.55250671744346
2024-08-15,MG95,88.66,92.44984329700469,83.13224519252776,104.8909201335907
2024-08-15,MG92,83.84,89.88840116858482,80.01279316604138,100.35634897232056
2024-08-16,MG95,90.15,92.5024305486679,82.94366911411285,105.21266448020934
2024-08-16,MG92,85.99,89.89550671458245,79.9203891569376,100.59508680820466
2024-08-19,MG95,88.79,92.79393471717835,81.8723083782196,107.00823428153991
2024-08-19,MG92,84.63,90.12287354946137,79.35313150763513,102.09738857150079
2024-08-20,MG95,87.02,92.18843437671661,84.24200119972228,103.13557394981383
2024-08-20,MG92,82.86,89.60078611135484,80.64027776360513,98.80397863864899
2024-08-21,MG95,87.66,92.7393518924713,82.04651967525481,106.69479553222656
2024-08-21,MG92,83.5,90.12795805692673,79.43167012870312,101.87918023228646
2024-06-27,MG95,96.51,92.58364654481412,86.37588354349137,96.79713528752328
2024-06-27,MG92,91.27,86.88385061919689,83.43690125405789,94.81935592412948
2024-06-28,MG95,97.45,93.01186249554158,84.61559158861638,99.34978353381157
2024-06-28,MG92,92.37,86.96708688795566,80.99119593262672,97.23746491432189
2024-07-01,MG95,97.87,92.61197002828122,86.58397106826305,96.56435593366623
2024-07-01,MG92,93.14,86.94412497282028,83.72771086454391,94.56985189437866
2024-07-02,MG95,99.67,92.90140775144101,84.66519189178945,99.19784697294236
2024-07-02,MG92,95.23,86.8720166915655,81.06017328858375,97.16493091344833
2024-07-03,MG95,99.3,92.68040134310723,85.7831257134676,97.59207421541214
2024-07-03,MG92,94.88,86.86562011957169,82.61989680588245,95.56634835600853
2024-07-04,MG95,99.01,92.75065133571626,85.40800489187241,98.11593323349953
2024-07-04,MG92,94.59,86.86303885757923,82.09965665400028,96.0743881380558
2024-07-05,MG95,99.01,92.51098495125771,85.99708545804025,97.21110967993737
2024-07-05,MG92,94.59,86.75284753143787,82.90418051183224,95.29828510642051
2024-07-08,MG95,98.17,92.68421543538571,85.4571833074093,98.00579775571823
2024-07-08,MG92,93.75,86.811424395442,82.16472170054912,96.0098835325241
2024-07-09,MG95,97.03,92.57337871193886,86.20397003293039,96.99944751262666
2024-07-09,MG92,92.61,86.84480296909808,83.19741510748862,95.0313750720024
2024-07-10,MG95,95.6,93.03390897512436,84.72124593555928,99.22513284087182
2024-07-10,MG92,91.18,87.00561720788478,81.14054807484149,97.0726090335846
2024-07-11,MG95,96.48,92.77747540771962,85.07938863039017,98.55899506807327
2024-07-11,MG92,92.06,86.8296225619316,81.63986329913139,96.54508314847946
2024-07-12,MG95,98.5,92.84460115134716,84.94343248903752,98.78652933239937
2024-07-12,MG92,94.08,86.867721773386,81.45112400889397,96.74296193838119
2024-07-15,MG95,97.85,92.77627245783806,84.97820401191711,98.68993986845017
2024-07-15,MG92,93.43,86.81055140078067,81.497516669631,96.69516278624535
2024-07-16,MG95,96.55,93.05331580638887,84.21922245323658,99.92101939320565
2024-07-16,MG92,92.13,86.938746894598,80.42918136954307,97.87332835912704
2024-07-17,MG95,96.37,93.65597659349442,83.26727861166,101.79392684102059
2024-07-17,MG92,91.95,87.37256596386432,79.02889793276786,99.54953199744224
2024-07-18,MG95,97.64,93.25516623556615,83.86134201288223,100.58527577519418
2024-07-18,MG92,93.22,87.07295635163784,79.91385585427284,98.47347446680068
2024-07-19,MG95,96.84,92.84408234357835,84.70360647141933,99.10271701216698
2024-07-19,MG92,92.42,86.82503125667571,81.11300563216209,97.10858503580093
2024-07-22,MG95,95.04,93.77794772982598,82.8350547283888,102.55511475801468
2024-07-22,MG92,90.62,87.43110510587692,78.3886587369442,100.38303712248802
2024-07-23,MG95,94.99,92.66251102685929,85.53428042232991,97.89265205264093
2024-07-23,MG92,90.57,86.80550743162631,82.27116238296031,95.9044343996048
2024-07-24,MG95,93.51,92.97766109108926,84.30910162329674,99.73748686909676
2024-07-24,MG92,89.09,86.88208846330642,80.5569834768772,97.72895013093948
2024-07-25,MG95,94.15,93.38738810122014,83.50850141942502,101.20208690166474
2024-07-25,MG92,89.73,87.14483830094338,79.40110621213913,99.09706209778786
2024-07-26,MG95,95.36,93.75800498723984,83.01802853643895,102.2597934126854
2024-07-26,MG92,90.94,87.43756095528602,78.65617771208287,100.02722174286842
2024-07-29,MG95,95.11,93.55771098136903,83.09478928148746,101.95992252230644
2024-07-29,MG92,90.69,87.24875699877738,78.7911146646738,99.86783016204834
2024-07-30,MG95,93.01,93.37824340164661,83.66349381506444,100.97129155993463
2024-07-30,MG92,88.91,87.16058453798294,79.62390846073627,98.81995634794235
2024-07-31,MG95,93.39,93.77868888378144,82.9447683185339,102.38962078094482
2024-07-31,MG92,89.28,87.44771355986595,78.54737132191657,100.16984320402145
2024-08-01,MG95,93.51,94.21199029088021,82.27172641158104,103.85986498594285
2024-08-01,MG92,89.4,87.79768741965293,77.49064900636672,101.58116301774979
2024-08-02,MG95,92.86,94.23558179140092,82.25429219007492,103.9118939936161
2024-08-02,MG92,87.7,87.81986256182194,77.45994330525399,101.62201054573059
2024-08-05,MG95,87.55,94.24682452678681,82.30198259651661,103.84742500185968
2024-08-05,MG92,82.85,87.83744100987911,77.5270722836256,101.52451536417007
2024-08-06,MG95,87.23,93.09095502495767,84.1678490817547,100.02216980457307
2024-08-06,MG92,83.27,86.96599833905697,80.35568815231323,97.95716817975044
2024-08-07,MG95,87.3,93.56212369799614,83.17186929285526,101.84975283741952
2024-08-07,MG92,82.76,87.26496667742728,78.90181254327297,99.72247116208077
2024-08-08,MG95,89.62,94.0645519644022,82.51167785525323,103.33212916254998
2024-08-08,MG92,85.03,87.67731654465199,77.87100523591042,101.06204374790191
2024-08-09,MG95,89.62,94.50238581299783,81.9665990293026,104.65792816281319
2024-08-09,MG92,85.03,88.06278140962124,76.97259134113789,102.29337577342987
2024-08-12,MG95,91.37,94.47550472915174,81.95906776487828,104.64134911894799
2024-08-12,MG92,86.89,88.03378936469555,76.96878680884838,102.30303260326384
2024-08-13,MG95,91.98,93.81668727695943,82.85151404738427,102.56691620945931
2024-08-13,MG92,87.5,87.47254540801048,78.40685690343379,100.3544654083252
2024-08-14,MG95,90.6,93.96857252717018,82.41671322882176,103.38500194549562
2024-08-14,MG92,86.12,87.56623066842556,77.75052658379077,101.24266742110252
2024-08-15,MG95,88.66,94.80497616827489,81.66503488719464,105.49249032139778
2024-08-15,MG92,83.84,88.34901588141918,76.43898682653904,103.04537984132766
2024-08-16,MG95,90.15,94.63612989485264,81.71400235891343,105.22149022817612
2024-08-16,MG92,85.99,88.17538155436516,76.56346939861774,102.8843500483036
2024-08-19,MG95,88.79,94.1518256932497,82.28993029296399,103.76934158205987
2024-08-19,MG92,84.63,87.73791961848735,77.53016548693179,101.5325232040882
2024-08-20,MG95,87.02,95.33937097489834,81.16918578743935,106.97681645154954
2024-08-20,MG92,82.86,88.8778027588129,75.50775479912758,104.40177643537521
2024-08-21,MG95,87.66,94.71359188556671,81.58000742495061,105.53262665867805
2024-08-21,MG92,83.5,88.24327036142348,76.34263408243656,103.20823106765747
2024-08-22,MG95,85.72,94.52840031683445,81.86584199965,104.85157458782197
2024-08-22,MG92,81.82,88.07861925721168,76.81754856705665,102.51951372385025
2024-08-23,MG95,87.27,95.34714168906213,80.9798665612936,107.32239943742752
2024-08-23,MG92,83.04,88.87170796275139,75.22340103805065,104.86056207418441
2024-08-26,MG95,89.06,94.95898796021939,81.43037984371186,106.06796786189079
2024-08-26,MG92,85.58,88.490263184309,76.04063181817531,103.63236636281013
2024-08-27,MG95,89.58,95.23830608129502,81.25259411334991,106.70720744729043
2024-08-27,MG92,86.1,88.77506422042846,75.67262145757675,104.15878214359283
2024-08-28,MG95,86.67,94.59748156666757,81.81978783309461,105.00305505394937
2024-08-28,MG92,83.14,88.14613084435463,76.73037304461002,102.63908165931701
2024-08-29,MG95,86.07,94.46528250575066,82.0625613629818,104.46147675514221
2024-08-29,MG92,81.88,88.03506113469601,77.12324219763279,102.07748742699623
2024-08-30,MG95,89.03,94.7024802774191,81.77100850045682,105.20003097057344
2024-08-30,MG92,84.84,88.25153686642646,76.62738122999667,102.77700403809547
2024-09-02,MG95,86.59,95.30856177508832,81.19325618743898,106.89669200778008
2024-09-02,MG92,82.4,88.84628872931003,75.5561952251196,104.33041720509529
2024-09-03,MG95,87.9,95.42586934268475,81.07540700733662,107.2498689711094
2024-09-03,MG92,83.71,88.96474656045436,75.33192181885242,104.66730692267417
2024-09-04,MG95,81.98,95.10847301185132,81.39089914262296,106.31126019954682
2024-09-04,MG92,77.79,88.64695494830607,75.92778378605843,103.7810233426094
2024-09-05,MG95,80.92,95.12320487201214,81.40759791135788,106.29974380731583
2024-09-05,MG92,77.08,88.66421006500721,75.94690344691276,103.74825909852981
2024-09-06,MG95,80.78,95.79609854817392,80.68464783728123,108.43133679032326
2024-09-06,MG92,76.35,89.34606739521027,74.5793626987934,105.828605376482
2024-09-09,MG95,81.59,95.55857010781766,80.95268901586533,107.63616981506348
2024-09-09,MG92,77.16,89.10101994931698,75.09088368177413,105.03176602721214
2024-09-10,MG95,80.21,95.1531702965498,81.27598037123681,106.56405071020127
2024-09-10,MG92,76.35,88.68510804831982,75.74065576374531,104.06750570178032
2024-09-11,MG95,79.47,95.59090722501278,80.9906075924635,107.60875852108002
2024-09-11,MG92,75.61,89.13894671738147,75.13251798272132,104.95634359955787
2024-09-12,MG95,80.35,94.87897183895112,81.43172532320023,105.97289491295815
2024-09-12,MG92,76.49,88.40472587406634,76.07021124839783,103.60074455618857
2024-09-13,MG95,80.31,95.24072908461095,81.24719509184361,106.71957901716233
2024-09-13,MG92,75.89,88.77723054051398,75.6636651790142,104.1725560593605
2024-09-16,MG95,80.46,95.7604091346264,80.78667052984238,108.1970979332924
2024-09-16,MG92,76.04,89.31247326731682,74.74892843961716,105.5522432887554
2024-09-17,MG95,82.54,96.20799770951271,80.45851606428624,109.40934074521066
2024-09-17,MG92,77.43,89.7944255977869,74.0254368084669,106.67232777237892
2024-09-18,MG95,83.86,96.13449804186821,80.47638357579709,109.27439371347428
2024-09-18,MG92,79.24,89.71278443038463,74.09269511938095,106.57522058844566
2024-07-25,MG95,94.15,91.86490956544877,86.83928414046765,94.92549030661583
2024-07-25,MG92,89.73,87.24736299216748,82.57334448993207,90.13902562499047
2024-07-26,MG95,95.36,91.90127750337125,86.96551014661789,94.91096542596817
2024-07-26,MG92,90.94,87.29063563108444,82.6721137970686,90.10020822525024
2024-07-29,MG95,95.11,91.82149098515511,85.63376363575459,95.69315755963326
2024-07-29,MG92,90.69,87.18210621714593,81.57240783512593,91.0276201581955
2024-07-30,MG95,93.01,91.85270331501961,85.46531737983227,95.87984073400499
2024-07-30,MG92,88.91,87.21598515152931,81.42486454486847,91.21708730220794
2024-07-31,MG95,93.39,91.90288270890713,85.72282467484474,95.79525532007217
2024-07-31,MG92,89.28,87.27777969062329,81.63564674258232,91.0955585730076
2024-08-01,MG95,93.51,91.97673331081867,84.52671803176403,96.83770254850388
2024-08-01,MG92,89.4,87.34673234939575,80.59986470103264,92.19972508430482
2024-08-02,MG95,92.86,91.97204031407834,84.44845868825912,96.88749736189843
2024-08-02,MG92,87.7,87.34002559483052,80.5327121925354,92.25594924688339
2024-08-05,MG95,87.55,92.00733254134656,84.02648470938206,97.28666961908341
2024-08-05,MG92,82.85,87.37450988948345,80.15913587391377,92.668242071867
2024-08-06,MG95,87.23,92.13637323081494,84.48094180583955,97.2089174759388
2024-08-06,MG92,83.27,87.53291780352593,80.53440613925457,92.52173426628113
2024-08-07,MG95,87.3,92.09293235599995,83.80841084897519,97.638677816391
2024-08-07,MG92,82.76,87.47122946798802,79.9537328863144,93.00378158688545
2024-08-08,MG95,89.62,92.04568469166756,83.96778323471547,97.41359232902528
2024-08-08,MG92,85.03,87.41848347187043,80.10144079208375,92.78573506593705
2024-08-09,MG95,89.62,92.12077821314335,82.69840564727784,98.58701987028122
2024-08-09,MG92,85.03,87.48334198355676,78.96350686013699,93.99142155647279
2024-08-12,MG95,91.37,92.04655975162983,82.51815444231033,98.5733979177475
2024-08-12,MG92,86.89,87.39229898512363,78.81448734045028,94.00895576357841
2024-08-13,MG95,91.98,92.16589675068856,83.10644555032253,98.35368541002273
2024-08-13,MG92,87.5,87.54441433846951,79.32024991512299,93.72747385859489
2024-08-14,MG95,90.6,92.07370333135128,81.75160748898983,99.26868600726128
2024-08-14,MG92,86.12,87.40719934403897,78.11700610637665,94.71632454872132
2024-08-15,MG95,88.66,92.12370994269848,81.53773057222367,99.55923935651779
2024-08-15,MG92,83.84,87.46100206553936,77.91351478278638,94.99417429208756
2024-08-16,MG95,90.15,92.20436594724656,81.67901652753353,99.61740576267243
2024-08-16,MG92,85.99,87.55945276200772,78.0279969060421,95.02212706804276
2024-08-19,MG95,88.79,92.18567756474019,81.61062250971794,99.63410435914994
2024-08-19,MG92,84.63,87.53579591989518,77.96901676118374,95.04652202486992
2024-08-20,MG95,87.02,92.25030938208104,81.22266439676285,100.10867668747902
2024-08-20,MG92,82.86,87.6023908597231,77.60296496450901,95.5054382109642
2024-08-21,MG95,87.66,92.11120271623135,80.63153631091119,100.31124470829964
2024-08-21,MG92,83.5,87.4226147902012,77.08409687101842,95.76165428996086
2024-08-22,MG95,85.72,92.27990535914898,80.04365765154363,101.20898934602738
2024-08-22,MG92,81.82,87.60427597284317,76.50883999943734,96.60106595635415
2024-08-23,MG95,87.27,92.2532968479395,79.89256210684776,101.2841218829155
2024-08-23,MG92,83.04,87.56822517573833,76.37300034105778,96.68478621959687
2024-08-26,MG95,89.06,92.37656883001328,79.80254240334034,101.64445708394051
2024-08-26,MG92,85.58,87.71063883423805,76.2664622437954,97.00132591843605
2024-08-27,MG95,89.58,92.26161827802659,79.2302810561657,101.90310697317123
2024-08-27,MG92,86.1,87.55622417390347,75.75186884343624,97.29389547467233
2024-08-28,MG95,86.67,92.35872763931752,79.4331333321333,101.93910147786141
2024-08-28,MG92,83.14,87.6775033247471,75.92435403883458,97.29828168153763
2024-08-29,MG95,86.07,92.3330777925253,79.26299269258976,102.03611608743668
2024-08-29,MG92,81.88,87.64148438870907,75.76950394392014,97.40195759296418
2024-08-30,MG95,89.03,92.3937077432871,79.23189740896225,102.20322467207909
2024-08-30,MG92,84.84,87.71179114282131,75.72911473155023,97.54706351161003
2024-09-02,MG95,86.59,92.44766048491002,78.33409146130086,103.16377297639848
2024-09-02,MG92,82.4,87.74176709651947,74.87200955271722,98.46769965767861
2024-09-03,MG95,87.9,92.42164835214615,78.59668190717697,102.85668823957444
2024-09-03,MG92,83.71,87.72144504606725,75.12540592730046,98.17722231149673
2024-09-04,MG95,81.98,92.58414754450321,77.98740608096124,103.81053704023361
2024-09-04,MG92,77.79,87.88780229628087,74.51736932814121,99.05378398180008
2024-09-05,MG95,80.92,92.48805258393288,78.45384648263455,103.14428756475449
2024-09-05,MG92,77.08,87.79397145450116,74.97791573882104,98.4371236538887
2024-09-06,MG95,80.78,92.54926776587963,77.49760659456254,104.20095869779587
2024-09-06,MG92,76.35,87.82547673940658,74.05712028741837,99.4378160405159
2024-09-09,MG95,81.59,92.53852738022805,76.91108232736588,104.74904721021653
2024-09-09,MG92,77.16,87.78529462397098,73.49744347751141,99.96276959776878
2024-09-10,MG95,80.21,92.61389400959015,76.46703119874,105.36780935525894
2024-09-10,MG92,76.35,87.85094966232776,73.056459761858,100.52931246757508
2024-09-11,MG95,79.47,92.56792828023434,76.48208000063896,105.24386296391488
2024-09-11,MG92,75.61,87.79804436087609,73.07943690121174,100.42361868858337
2024-09-12,MG95,80.35,92.5844819623232,76.60148945689201,105.16409316658974
2024-09-12,MG92,76.49,87.82353852450848,73.1913595187664,100.34423153042793
2024-09-13,MG95,80.31,92.59638166308403,76.86390154659749,104.93204064130784
2024-09-13,MG92,75.89,87.85065760254861,73.44142641186714,100.12170321941376
2024-09-16,MG95,80.46,92.7271446043253,77.5913216149807,104.5273950791359
2024-09-16,MG92,76.04,88.03817060112954,74.1130683207512,99.70319748640061
2024-09-17,MG95,82.54,92.82112715899945,76.12293198287487,106.20762167930603
2024-09-17,MG92,77.43,88.07417360663415,72.68603768885136,101.26986986398697
2024-09-18,MG95,83.86,92.82925908565522,76.45274041056634,105.8942275929451
2024-09-18,MG92,79.24,88.10159536480904,73.00242870271207,100.97390179395676
2024-09-19,MG95,86.33,92.95267598211765,76.0529327595234,106.59394114494324
2024-09-19,MG92,81.71,88.2234639453888,72.59365652561188,101.60191528201103
2024-09-20,MG95,85.86,92.91386122047902,76.11035229921342,106.44242757797242
2024-09-20,MG92,81.24,88.18150292038918,72.65642813742161,101.46884222626686
2024-09-23,MG95,85.82,92.90951378881932,75.99531256914139,106.54907342076302
2024-09-23,MG92,81.16,88.16995859384537,72.54618353605271,101.56948071599007
2024-09-24,MG95,85.14,93.12755420744419,75.27438578009605,107.81894706130028
2024-09-24,MG92,80.48,88.37997612595558,71.80728822529316,102.7033417415619
2024-09-25,MG95,84.78,93.04703197002411,75.54893723666669,107.33857815742493
2024-09-25,MG92,80.12,88.30358390808105,72.08855772316456,102.27503342032433
2024-09-26,MG95,81.86,93.27480952084065,74.56082733035088,108.93117614150047
2024-09-26,MG92,77.2,88.50292798280717,71.08627228319645,103.69748136878015
2024-09-27,MG95,81.67,93.34902240872384,74.52840552270413,109.14797921419144
2024-09-27,MG92,77.01,88.58629246413707,71.04074281871318,103.88227555632592
2024-09-30,MG95,81.6,93.24786659181119,74.72065675377846,108.69511060237885
2024-09-30,MG92,76.94,88.48282364964486,71.24683612942695,103.48632745862008
2024-10-01,MG95,79.71,93.1539620679617,74.51178495705128,108.68737440347672
2024-10-01,MG92,73.6,88.35997268617153,71.06111797094346,103.49663982391358
2024-10-02,MG95,84.21,93.44520097374917,74.63708574056626,109.26828045129777
2024-10-02,MG92,78.2,88.70485811412335,71.12817489624024,103.97512932538987
2024-10-03,MG95,84.86,93.33913478851319,74.1611645936966,109.51807941555977
2024-10-03,MG92,78.85,88.54856365084649,70.68484939217568,104.2213410294056
2024-10-04,MG95,88.97,93.45648200154305,74.56504656851293,109.37307584881783
2024-10-04,MG92,82.55,88.7127968299389,71.05598302900792,104.06885396361352
2024-10-07,MG95,88.88,93.54694202184677,73.27735960543156,110.99997395396234
2024-10-07,MG92,82.46,88.71873360872269,69.78287321090698,105.52727305650711
2024-10-08,MG95,90.15,93.47520382583141,74.16350551843644,109.85139365673066
2024-10-08,MG92,83.73,88.70534665048123,70.66160674393177,104.50112367749215
2024-10-09,MG95,88.5,93.5120288014412,74.56449477910996,109.51047698378564
2024-10-09,MG92,82.08,88.77678978264332,71.04485289633274,104.18458397865295
2024-10-10,MG95,88.37,93.62415909647942,75.24654549658298,109.06091910839082
2024-10-10,MG92,81.95,88.95287527859212,71.68454877555371,103.75339754104614
2024-10-11,MG95,89.88,93.73788344979286,74.28463165283203,110.37086715102197
2024-10-11,MG92,83.46,89.01637969493866,70.72941771447658,104.9296019244194
2024-10-14,MG95,89.17,93.90816900372506,74.39394726455212,110.67547719597817
2024-10-14,MG92,82.75,89.22012059688568,70.80259196460247,105.17893601298333
2024-10-15,MG95,84.88,93.8425227856636,73.51684177994728,111.47342040896416
2024-10-15,MG92,78.39,89.07651745855809,69.9616244161129,105.90867126703263
2024-10-16,MG95,84.95,93.9109335243702,73.1533296096325,112.05009049773217
2024-10-16,MG92,78.46,89.12443119287491,69.59386274218559,106.41570828437806
2024-08-22,MG95,85.72,87.2963648557663,81.22511152625084,90.38783832550048
2024-08-22,MG92,81.82,82.3048460483551,76.13508325815201,86.68123090267181
2024-08-23,MG95,87.27,87.33114207744597,81.02720112919808,90.81045262813568
2024-08-23,MG92,83.04,82.40617254376411,76.0128832757473,87.1057580113411
2024-08-26,MG95,89.06,87.24371310353278,80.39762160301208,91.23808287620544
2024-08-26,MG92,85.58,82.37263262271881,75.45248937606812,87.55440360307693
2024-08-27,MG95,89.58,87.25824889540672,79.86050267100335,91.9958459329605
2024-08-27,MG92,86.1,82.48628214001656,75.02465754747391,88.30384838581085
2024-08-28,MG95,86.67,87.28212688565254,79.54941478013993,92.49289477586746
2024-08-28,MG92,83.14,82.57038825750351,74.77642032504082,88.78580993413925
2024-08-29,MG95,86.07,87.19670951485634,79.08105087518692,92.73232257127762
2024-08-29,MG92,81.88,82.50565755367279,74.33367744088173,89.03228032588959
2024-08-30,MG95,89.03,87.27144710183143,78.70978731393814,93.50838337898254
2024-08-30,MG92,84.84,82.66610568761826,74.04430043697357,89.76411652565002
2024-09-02,MG95,86.59,87.30518455982208,78.5295633494854,93.86915525436402
2024-09-02,MG92,82.4,82.7365947663784,73.89748427271843,90.10113823413849
2024-09-03,MG95,87.9,87.27119107961654,78.2581798017025,94.07482991695403
2024-09-03,MG92,83.71,82.71919023990631,73.64250323176384,90.30005848407745
2024-09-04,MG95,81.98,87.37455613017082,78.24777693986893,94.49219837665558
2024-09-04,MG92,77.79,82.86609598994255,73.66733840107918,90.67699563503265
2024-09-05,MG95,80.92,87.19993852972983,77.99081423521042,94.12940967321396
2024-09-05,MG92,77.08,82.64805912971497,73.37727457284927,90.36205184459686
2024-09-06,MG95,80.78,87.30443739295005,78.11745118260383,94.38185802698135
2024-09-06,MG92,76.35,82.7818355858326,73.52697241306305,90.58341830968857
2024-09-09,MG95,81.59,87.38848060369492,76.94317655682563,96.16986492633819
2024-09-09,MG92,77.16,83.00830346345901,72.46310144662857,92.22134500741959
2024-09-10,MG95,80.21,87.41173682570457,76.814423507452,96.41768398046493
2024-09-10,MG92,76.35,83.04947310686111,72.34602278470993,92.44352769851685
2024-09-11,MG95,79.47,87.48301550030708,76.72534345149994,96.79290804862976
2024-09-11,MG92,75.61,83.14906761050224,72.27402567863464,92.7744973897934
2024-09-12,MG95,80.35,87.46913282632828,76.00780723214149,97.64052967786789
2024-09-12,MG92,76.49,83.18370744585991,71.58320981264114,93.53614574670792
2024-09-13,MG95,80.31,87.32255749583244,76.154372112751,96.91527621746063
2024-09-13,MG92,75.89,82.98594683408737,71.70215982198715,92.90377962589264
2024-09-16,MG95,80.46,87.5168626821041,74.98333172678947,99.11032708883285
2024-09-16,MG92,76.04,83.3072412610054,70.58729463815689,94.83072996139526
2024-09-17,MG95,82.54,87.50719131231308,75.68118036031723,98.19059079408645
2024-09-17,MG92,77.43,83.25319117307663,71.27072963118553,94.0209441781044
2024-09-18,MG95,83.86,87.48758732557296,74.24595117330551,99.95013220310211
2024-09-18,MG92,79.24,83.31133234500885,69.85405492782593,95.56764268875122
2024-09-19,MG95,86.33,87.58842872858047,74.54848583221435,99.92226235628128
2024-09-19,MG92,81.71,83.41731730103493,70.16054779291153,95.53264451026917
2024-09-20,MG95,85.86,87.59186674118041,73.90697253584861,100.7605313372612
2024-09-20,MG92,81.24,83.45210146903992,69.51859599351883,96.25909560918808
2024-09-23,MG95,85.82,87.53071400642395,74.21972195863724,100.13850185394287
2024-09-23,MG92,81.16,83.36444675922394,69.82992649078369,95.72671717405319
2024-09-24,MG95,85.14,87.60416103243827,72.56896909117698,102.55572775840758
2024-09-24,MG92,80.48,83.51956951618195,68.1611225605011,97.797920525074
2024-09-25,MG95,84.78,87.46386608362198,73.00158393502235,101.48577434778213
2024-09-25,MG92,80.12,83.33997491002083,68.60193935036659,96.89793181419373
2024-09-26,MG95,81.86,87.77226312875747,72.07572923183442,103.80442647457123
2024-09-26,MG92,77.2,83.72749811410904,67.64916470646858,98.84021127223969
2024-09-27,MG95,81.67,87.7145275068283,72.1835145843029,103.45759474754333
2024-09-27,MG92,77.01,83.65864646434784,67.76258528232574,98.55262100696564
2024-09-30,MG95,81.6,87.70654379367828,72.15859160542487,103.46265249252319
2024-09-30,MG92,76.94,83.65026521682739,67.73716780543327,98.55774730443954
2024-10-01,MG95,79.71,87.73746500730515,71.57436458587647,104.3551563835144
2024-10-01,MG92,73.6,83.70147842168808,67.13164755702019,99.30869513750076
2024-10-02,MG95,84.21,87.75014071941375,71.17623436689377,104.93875118494033
2024-10-02,MG92,78.2,83.72535800933838,66.71693506836891,99.7985103726387
2024-10-03,MG95,84.86,87.65846909165381,71.75703382372856,103.83083333730697
2024-10-03,MG92,78.85,83.60708487033844,67.32437643408775,98.87451267242432
2024-10-04,MG95,88.97,87.78140677928924,71.09737952470779,105.1559729719162
2024-10-04,MG92,82.55,83.76217776536942,66.63279411196709,99.9776023030281
2024-10-07,MG95,88.88,87.79003838539123,70.20591539740562,106.41039822578429
2024-10-07,MG92,82.46,83.78890419006348,65.69786196947098,101.02660202980042
2024-10-08,MG95,90.15,87.49955244541168,70.70861240386962,104.69053503513335
2024-10-08,MG92,83.73,83.45434609055519,66.2430262863636,99.618532538414
2024-10-09,MG95,88.5,87.69788083791732,70.49312529802322,105.68893807411193
2024-10-09,MG92,82.08,83.68132162094116,66.00630083680153,100.43372333049774
2024-10-10,MG95,88.37,87.64613822579383,69.8329014801979,106.42061821460723
2024-10-10,MG92,81.95,83.63569259643555,65.3162514269352,101.05189508199692
2024-10-11,MG95,89.88,87.86800498723983,70.02799040794372,106.9316699051857
2024-10-11,MG92,83.46,83.8778230547905,65.5038589835167,101.45257246494293
2024-10-14,MG95,89.17,87.75583590745926,70.39349608182907,106.03061800718307
2024-10-14,MG92,82.75,83.74770468473434,65.89767310023308,100.71313142776489
2024-10-15,MG95,84.88,87.33386949777602,69.66066122889518,105.54888869762421
2024-10-15,MG92,78.39,83.29120540618896,65.15593269467354,100.36196511983871
2024-10-16,MG95,84.95,87.50608362436294,68.7276692533493,107.47949474573134
2024-10-16,MG92,78.46,83.49695408344269,64.1589026749134,101.95296877622604
2024-10-17,MG95,85.98,87.77687152862549,69.43970883250236,107.43340029716491
2024-10-17,MG92,79.49,83.7856193780899,64.88998237252235,101.88045406341553
2024-10-18,MG95,87.47,87.67326090574264,69.37113667845726,107.16335433483124
2024-10-18,MG92,80.98,83.67258203029633,64.826505869627,101.66815567016602
2024-10-21,MG95,85.8,87.50357565164566,68.76822526216506,107.4128453707695
2024-10-21,MG92,79.31,83.49368917942047,64.20213776826859,101.89778393507004
2024-10-22,MG95,84.73,87.56185989260673,68.87951132655144,107.46245098114014
2024-10-22,MG92,79.06,83.55638927221298,64.31520000100136,101.93137860298157
2024-10-23,MG95,85.75,87.34272577643394,67.95686996340751,107.99934524059296
2024-10-23,MG92,79.75,83.32626828551292,63.35345184803009,102.40867173671722
2024-10-24,MG95,85.97,87.58129145622253,68.58287562847137,107.95402408361434
2024-10-24,MG92,79.98,83.58109503984451,63.99836993217468,102.33776956796646
2024-10-25,MG95,84.63,87.58729491591453,68.86958915948867,107.56709614276886
2024-10-25,MG92,78.9,83.5844594836235,64.30245891213417,102.015161216259
2024-10-28,MG95,82.69,87.43394805908203,68.76447897791863,107.1695093178749
2024-10-28,MG92,76.96,83.41709831357002,64.20390957593918,101.70440804958344
2024-10-29,MG95,82.16,87.19845464587212,67.92975773334503,107.5189953160286
2024-10-29,MG92,76.43,83.16819915175438,63.336659491062164,102.03003245592117
2024-10-30,MG95,82.79,87.28901336073875,67.97774361133575,107.77610431909561
2024-10-30,MG92,77.26,83.26716157793999,63.38029772043228,102.23072451353073
2024-10-31,MG95,82.79,87.46429975390434,68.17689231991767,108.11821269750595
2024-10-31,MG92,77.26,83.4571730196476,63.576958417892456,102.49015498161316
2024-11-01,MG95,84.91,87.33059868335724,67.51807401180267,108.59174929618835
2024-11-01,MG92,79.38,83.31692150235176,62.88631674647331,102.90303593873978
2024-11-04,MG95,85.84,87.09865300655365,67.44832102060317,107.8557742524147
2024-11-04,MG92,80.31,83.06380185484886,62.8321969807148,102.32644194364548
2024-11-05,MG95,86.73,87.04066658735275,67.34881197810172,107.79039976358413
2024-11-05,MG92,81.2,83.00116148591042,62.730790853500366,102.2812807559967
2024-11-06,MG95,84.52,87.44671782016754,67.96763334631919,108.35687765121459
2024-11-06,MG92,78.99,83.43990784883499,63.3554824590683,102.69097644090652
2024-11-07,MG95,85.19,87.37373058915138,67.14671117663383,109.28979125261306
2024-11-07,MG92,79.66,83.3663429915905,62.484504610300064,103.47586733102798
2024-11-08,MG95,85.81,87.03921927809715,66.91009962558746,108.42738303422928
2024-11-08,MG92,79.85,83.00357034802437,62.26258072257042,102.81222581863403
2024-11-11,MG95,84.45,87.4885330402851,68.16574229121208,108.22093508005142
2024-11-11,MG92,78.49,83.48378497362137,63.562838703393936,102.57216578722
2024-11-12,MG95,82.87,87.48773884892464,67.87896083593368,108.6319709086418
2024-11-12,MG92,76.91,83.48541244864464,63.25691819190979,102.91361701488495
2024-11-13,MG95,82.32,87.24766316056251,67.32188262104988,108.57890638589859
2024-11-13,MG92,76.36,83.22796779870987,62.68430081009865,102.90495705604553
2024-09-19,MG95,86.33,84.21570937633514,78.74547059059142,89.02099495887757
2024-09-19,MG92,81.71,79.80060031414031,74.26683183670043,84.74888733386993
2024-09-20,MG95,85.86,84.09564671516418,81.01100102305412,86.2600136089325
2024-09-20,MG92,81.24,79.50179043769836,76.82735561132431,82.31431372165679
2024-09-23,MG95,85.82,84.13862334966659,79.99432220458985,87.45446214199066
2024-09-23,MG92,81.16,79.61721287250518,75.6861574959755,83.3519065284729
2024-09-24,MG95,85.14,84.15961682081222,79.8166674542427,87.69359777212144
2024-09-24,MG92,80.48,79.65656550884246,75.47806366443633,83.56983851909636
2024-09-25,MG95,84.78,84.25526707410812,77.97083649754524,89.99601173400879
2024-09-25,MG92,80.12,79.90002098083495,73.39598708868026,85.6153537940979
2024-09-26,MG95,81.86,84.16807419061661,79.57419286251069,87.98224800348282
2024-09-26,MG92,77.2,79.68288246631622,75.20645395994185,83.82224893569946
2024-09-27,MG95,81.67,84.30884041309356,77.43465324759484,90.74303941249848
2024-09-27,MG92,77.01,80.01462160110474,72.77555962085724,86.31624824047088
2024-09-30,MG95,81.6,84.23288403511047,78.79695457935333,89.00198087215423
2024-09-30,MG92,76.94,79.82671890258788,74.31042579174041,84.7523824071884
2024-10-01,MG95,79.71,84.26292469263076,77.99932263851166,89.9820760679245
2024-10-01,MG92,73.6,79.9128582906723,73.42071709394455,85.61506096363067
2024-10-02,MG95,84.21,84.39345409870148,76.24788232684135,92.32355787992478
2024-10-02,MG92,78.2,80.18975311279296,71.44648714542389,87.74680064201354
2024-10-03,MG95,84.86,84.28025930166244,77.81106618523597,90.23998585939407
2024-10-03,MG92,78.85,79.95069009780883,73.20363997936248,85.85509693145751
2024-10-04,MG95,88.97,84.34613881349564,76.78524520993233,91.58233839511871
2024-10-04,MG92,82.55,80.09534834861755,72.05301461219787,87.06283368587493
2024-10-07,MG95,88.88,84.26637362003326,77.88220906019211,90.12423185825348
2024-10-07,MG92,82.46,79.92287120342255,73.29155524253845,85.73792695999146
2024-10-08,MG95,90.15,84.28036926746368,77.70467427253723,90.36168801069259
2024-10-08,MG92,83.73,79.95377898693084,73.08908186674118,85.95552833557129
2024-10-09,MG95,88.5,84.30684103488922,77.25410939574242,90.9436970090866
2024-10-09,MG92,82.08,80.01347861766814,72.58459637165069,86.47535909175872
2024-10-10,MG95,88.37,84.33841121673584,76.96746354103088,91.35415935754776
2024-10-10,MG92,81.95,80.07934658050537,72.25239909887313,86.8657587814331
2024-10-11,MG95,89.88,84.37216072082519,76.45610257148742,92.02775987148284
2024-10-11,MG92,83.46,80.14742494106292,71.68363731622695,87.46864003658294
2024-10-14,MG95,89.17,84.33169330596924,76.9048979985714,91.40725284576416
2024-10-14,MG92,82.75,80.0657441329956,72.19228856086731,86.89440893650054
2024-10-15,MG95,84.88,84.38305733203887,76.42215312957764,92.09705832004548
2024-10-15,MG92,78.39,80.17057744026184,71.63778100967407,87.54768537044525
2024-10-16,MG95,84.95,84.33736154317856,76.93040506601334,91.39341714859009
2024-10-16,MG92,78.46,80.07724009037017,72.21417999982833,86.89486235141753
2024-10-17,MG95,85.98,84.32898414850234,77.12701892018318,91.14713374137878
2024-10-17,MG92,79.49,80.0591223859787,72.43001494646072,86.68117167949676
2024-10-18,MG95,87.47,84.32814440965653,77.19554260969161,91.0669486784935
2024-10-18,MG92,80.98,80.05684586524963,72.5035720705986,86.61498254776001
2024-10-21,MG95,85.8,84.33037371635437,77.00930552840232,91.28478093385696
2024-10-21,MG92,79.31,80.0626646900177,72.30394670724868,86.79419479370117
2024-10-22,MG95,84.73,84.35374644756317,76.66805665493011,91.73630051374435
2024-10-22,MG92,79.06,80.11066054821013,71.92278062343597,87.20026563644409
2024-10-23,MG95,85.75,84.3970529794693,76.23541620373726,92.34803026914597
2024-10-23,MG92,79.75,80.19746116638183,71.4300225162506,87.77435504436492
2024-10-24,MG95,85.97,84.38063808441161,76.27271460413932,92.2592078924179
2024-10-24,MG92,79.98,80.16239707946777,71.48459289073944,87.66680124759674
2024-10-25,MG95,84.63,84.46778098344802,75.48754378795624,93.39613431453705
2024-10-25,MG92,78.9,80.329263215065,70.59188504219054,88.74437958240509
2024-10-28,MG95,82.69,84.3330528831482,76.92560655832291,91.38728905439376
2024-10-28,MG92,76.96,80.06843628406524,72.21295672416687,86.88126935005188
2024-10-29,MG95,82.16,84.46084314107895,75.35988848805428,93.51730663061142
2024-10-29,MG92,76.43,80.30522277832031,70.47036984443665,88.81101268291472
2024-10-30,MG95,82.79,84.63421922206878,73.81396926045417,95.75109193563462
2024-10-30,MG92,77.26,80.57500465393066,68.76953019857406,90.87277532577514
2024-10-31,MG95,82.79,84.51264703035355,74.81779707551003,94.27514094829559
2024-10-31,MG92,77.26,80.38764983177184,69.87500299692154,89.49761511325836
2024-11-01,MG95,84.91,84.60748753547668,73.90331147551537,95.57034814596176
2024-11-01,MG92,79.38,80.52052874088287,68.88459367990494,90.66273086547851
2024-11-04,MG95,85.84,84.70996566534042,73.0843811583519,96.77669297933578
2024-11-04,MG92,80.31,80.65445617198944,68.00356598854064,91.76314053058624
2024-11-05,MG95,86.73,84.58639409542084,74.16879891037941,95.2150886297226
2024-11-05,MG92,81.2,80.50090909957885,69.16193247079849,90.36467668056487
2024-11-06,MG95,84.52,84.64423610687255,73.59269307613373,96.02218762636184
2024-11-06,MG92,78.99,80.56928973674773,68.54991207122802,91.0727313041687
2024-11-07,MG95,85.19,84.48864449501038,75.25106733083724,93.72248282194137
2024-11-07,MG92,79.66,80.36388333320618,70.33165794134139,89.03974161624907
2024-11-08,MG95,85.81,84.50657891750336,74.8973323404789,94.1686840558052
2024-11-08,MG92,79.85,80.37978119373321,69.96014109373093,89.40562856197357
2024-11-11,MG95,84.45,84.59335193157196,74.01582648396491,95.40391990423203
2024-11-11,MG92,78.49,80.49994559288024,69.00758247613906,90.50839976310729
2024-11-12,MG95,82.87,84.48493564844131,75.23469242334366,93.72908077001571
2024-11-12,MG92,76.91,80.35370983600616,70.31928349256515,89.03291205406188
2024-11-13,MG95,82.32,84.71150518655777,73.12124469399453,96.74191379547119
2024-11-13,MG92,76.36,80.66435573101043,68.03551284790039,91.750312666893
2024-11-14,MG95,82.48,84.61252596855164,73.89388940572739,95.59612013101578
2024-11-14,MG92,76.52,80.53158072948456,68.87000883340835,90.69698258399963
2024-11-15,MG95,82.19,84.57267836093902,74.36813691735267,94.95469960927963
2024-11-15,MG92,76.23,80.48973431110382,69.36945008754729,90.14978634834289
2024-11-18,MG95,83.44,84.61181618928909,73.88422741055489,95.60448752880096
2024-11-18,MG92,77.28,80.52865242481231,68.86161593437194,90.69954248905181
2024-11-19,MG95,84.69,84.66598934173584,73.45496091008187,96.23915015220642
2024-11-19,MG92,78.56,80.60309748649597,68.39642639875412,91.28372982501983
2024-11-20,MG95,85.43,84.7776846051216,72.49992792010308,97.61648180961609
2024-11-20,MG92,79.3,80.71992739677428,67.39673624515532,92.49095648765564
2024-11-21,MG95,85.13,84.60618793964386,73.99215384602546,95.46938954353332
2024-11-21,MG92,79.38,80.52835959434509,68.97063388347625,90.59557822704315
2024-11-22,MG95,86.07,84.90805406093597,71.40455357551575,99.19740015268326
2024-11-22,MG92,80.32,80.81652366638183,66.29078641653061,93.8158443212509
2024-11-25,MG95,86.12,84.70989568710327,73.21429075717926,96.63746627807618
2024-11-25,MG92,81.55,80.67592725753784,68.1225968503952,91.68644728660583
2024-11-26,MG95,84.78,84.68268414974213,73.22605709791183,96.5391168642044
2024-11-26,MG92,80.31,80.60994594097137,68.16507143735885,91.52140425682067
2024-11-27,MG95,84.71,84.81390334129334,72.14041472673416,98.1159064912796
2024-11-27,MG92,80.24,80.74088839054107,67.0361863708496,92.8966589307785
2024-11-28,MG95,83.13,84.95505944252014,71.17541983485222,99.58475968599319
2024-11-28,MG92,79.73,80.87580766677856,66.04323604106902,94.19414350032805
2024-11-29,MG95,83.87,84.59989989519119,74.01024322032929,95.43008176803589
2024-11-29,MG92,80.27,80.51512554645538,68.99498604297638,90.54819636821746
2024-12-02,MG95,83.6,84.80949471235276,72.17018546819686,98.07038064956664
2024-12-02,MG92,80.44,80.7360141801834,67.0674389386177,92.85541706562041
2024-12-03,MG95,83.69,84.67434674263001,73.42867908358573,96.29386313676834
2024-12-03,MG92,80.83,80.62000608444214,68.3623116493225,91.3482942199707
2024-12-04,MG95,85.39,84.8379058766365,71.97423640727997,98.36820802688598
2024-12-04,MG92,82.53,80.76601513385772,66.86298187255859,93.12254457473755
2024-12-05,MG95,84.16,84.80389645338059,72.28234058856964,97.93154382705688
2024-12-05,MG92,80.81,80.74326881885528,67.17307516813278,92.76181522369384
2024-12-06,MG95,83.27,84.65829173564912,73.44625361800193,96.22481461048126
2024-12-06,MG92,79.85,80.58301498413086,68.39705929040909,91.2456713104248
2024-12-09,MG95,83.41,84.7633690571785,72.52162117362022,97.5498725247383
2024-12-09,MG92,80.06,80.68966195106506,67.43240488529204,92.39736409187316
2024-12-10,MG95,84.31,84.8058358502388,72.21066287994385,98.01531777381896
2024-12-10,MG92,80.96,80.73476728916168,67.10739140510559,92.81232375621795
2024-12-11,MG95,85.42,84.61868405342102,73.84194056153298,95.67184658050537
2024-12-11,MG92,82.07,80.54005392074585,68.8137664914131,90.76610946655273
2024-10-17,MG95,85.98,82.89963102936746,79.59017820060254,85.32621170282364
2024-10-17,MG92,79.49,76.77779193043708,72.91508614659308,78.00224227786063
2024-10-18,MG95,87.47,82.68591949045658,78.31396987438202,86.00842580199242
2024-10-18,MG92,80.98,76.52460654258728,71.72941868066788,78.80298976182937
2024-10-21,MG95,85.8,82.60895558893681,77.5271152496338,86.51169883012771
2024-10-21,MG92,79.31,76.40952992796898,70.98956962704658,79.34813874244689
2024-10-22,MG95,84.73,82.73831570446491,77.63771541416645,86.61665328741074
2024-10-22,MG92,79.06,76.5534797501564,71.09548949718474,79.41145028829574
2024-10-23,MG95,85.75,82.70224393904209,77.08013726472855,87.01627821922303
2024-10-23,MG92,79.75,76.49313315629958,70.57160960435867,79.83337137460708
2024-10-24,MG95,85.97,82.73791063129902,76.8661168575287,87.25174725055695
2024-10-24,MG92,79.98,76.52456912994384,70.36974501013755,80.06202809810638
2024-10-25,MG95,84.63,82.75173881649971,76.22489616274834,87.82186747789383
2024-10-25,MG92,78.9,76.51540770888327,69.76453003048896,80.63715395927429
2024-10-28,MG95,82.69,82.69659823179245,75.60504307746888,88.26557449698448
2024-10-28,MG92,76.96,76.42324166178703,69.17876027226447,81.10031313180923
2024-10-29,MG95,82.16,82.77244311869144,75.71123300790786,88.30835022330284
2024-10-29,MG92,76.43,76.51847086906433,69.27823581457137,81.12254559516906
2024-10-30,MG95,82.79,82.89687653183937,75.26711078882218,88.93733770847321
2024-10-30,MG92,77.26,76.64815712094307,68.85124531507492,81.72043704986572
2024-10-31,MG95,82.79,82.82084429860116,74.85618937909604,89.16982945203782
2024-10-31,MG92,77.26,76.5381358897686,68.46577817320824,81.97358970165251
2024-11-01,MG95,84.91,82.86624287366867,74.44621989130974,89.63774971961975
2024-11-01,MG92,79.38,76.5737433731556,68.07404909014701,82.42863033056258
2024-11-04,MG95,85.84,82.84124479591847,73.79281662106514,90.20153055191041
2024-11-04,MG92,80.31,76.50538112044333,67.45286826491355,82.99205538749695
2024-11-05,MG95,86.73,82.82219116687774,73.43149135708809,90.50457591414452
2024-11-05,MG92,81.2,76.45715154647827,67.10840538024902,83.29335811138152
2024-11-06,MG95,84.52,82.89589929282666,73.49861198067666,90.5946540594101
2024-11-06,MG92,78.99,76.5569217133522,67.16978549838066,83.36780927181243
2024-11-07,MG95,85.19,82.94005226790905,73.68162403702736,90.51101657748222
2024-11-07,MG92,79.66,76.6245357131958,67.34180883288383,83.27648500919341
2024-11-08,MG95,85.81,82.88742313683034,72.8703738808632,91.18152406215668
2024-11-08,MG92,79.85,76.50196254014968,66.56947625160217,83.9430567240715
2024-11-11,MG95,84.45,83.0133857011795,72.59651404023171,91.72324866056442
2024-11-11,MG92,78.49,76.64688509106635,66.3007459104061,84.44919367074965
2024-11-12,MG95,82.87,82.92736335098743,72.12670511901379,91.99458692073823
2024-11-12,MG92,76.91,76.49376449465751,65.85458143115044,84.72418595314025
2024-11-13,MG95,82.32,82.94043708741665,72.3004460632801,91.85325689315796
2024-11-13,MG92,76.36,76.52651458740233,66.02097883939743,84.58622683048247
2024-11-14,MG95,82.48,82.96535921394825,71.50420893132687,92.69559641480446
2024-11-14,MG92,76.52,76.48567868709564,65.25412721037864,85.39147786140441
2024-11-15,MG95,82.19,83.06275905668736,71.73607281148433,92.68853801488876
2024-11-15,MG92,76.23,76.64062314987181,65.47270122647285,85.37415580749511
2024-11-18,MG95,83.44,83.07902780771256,71.32412859201432,93.13921229243279
2024-11-18,MG92,77.28,76.62272587656975,65.07560810565948,85.80322270870208
2024-11-19,MG95,84.69,83.15087766051293,70.90388543605805,93.73255333900453
2024-11-19,MG92,78.56,76.6765346109867,64.66648681998252,86.36018473148346
2024-11-20,MG95,85.43,83.10964627563953,70.99647503495217,93.54123728275299
2024-11-20,MG92,79.3,76.63009616732597,64.75821326851845,86.18241855621338
2024-11-21,MG95,85.13,83.15693350434303,70.20133160054684,94.46105717420578
2024-11-21,MG92,79.38,76.60113410472869,63.9873631632328,87.0451354074478
2024-11-22,MG95,86.07,83.14590538740158,70.17606516182423,94.45979132056236
2024-11-22,MG92,80.32,76.58236698746681,63.96338165879249,87.04434974193572
2024-11-25,MG95,86.12,83.1338645875454,69.94912798404694,94.66059621572495
2024-11-25,MG92,81.55,76.53484825372695,63.74364785075187,87.23160937547684
2024-11-26,MG95,84.78,83.30284085869789,70.08767313361169,94.93405098319055
2024-11-26,MG92,80.31,76.78983412504195,63.86843304634094,87.48054375171661
2024-11-27,MG95,84.71,83.30463837087154,69.49187126755714,95.5530027806759
2024-11-27,MG92,80.24,76.71169781923294,63.29153008460998,88.05588473558426
2024-11-28,MG95,83.13,83.32423884868622,69.46058442890644,95.6343819797039
2024-11-28,MG92,79.73,76.73479544997214,63.259972519874566,88.13081290721892
2024-11-29,MG95,83.87,83.32867439985276,68.9890134394169,96.13201436400414
2024-11-29,MG92,80.27,76.66899596333504,62.80124206900596,88.58795799732208
2024-12-02,MG95,83.6,83.34731282889844,68.68515793085099,96.49285354018211
2024-12-02,MG92,80.44,76.64535584926604,62.5039471745491,88.91717055320738
2024-12-03,MG95,83.69,83.34337855577469,68.98688174188138,96.17176216840744
2024-12-03,MG92,80.83,76.68966177225113,62.79840806126594,88.62462238788603
2024-12-04,MG95,85.39,83.48829348087311,68.50582191348076,97.04319607019424
2024-12-04,MG92,82.53,76.81684137701987,62.32115367531776,89.4221570611
2024-12-05,MG95,84.16,83.58481735289097,68.41669569015504,97.38640443682671
2024-12-05,MG92,80.81,76.9388206243515,62.227332118749615,89.73646067857742
2024-12-06,MG95,83.27,83.62686901092529,68.33590891063214,97.58041422963143
2024-12-06,MG92,79.85,76.98452484488486,62.1453376340866,89.91351601362227
2024-12-09,MG95,83.41,83.4782375395298,67.96069470047951,97.58313834667206
2024-12-09,MG92,80.06,76.70351380348205,61.7890430009365,89.90779187917708
2024-12-10,MG95,84.31,83.58535913825035,67.88282951116562,97.94721810817718
2024-12-10,MG92,80.96,76.84354465126991,61.70679130434989,90.24181195974349
2024-12-11,MG95,85.42,83.52149935364723,67.85416552126408,97.80807547569275
2024-12-11,MG92,82.07,76.74576203107833,61.68246840953827,90.11242968559264
2024-12-12,MG95,86.79,83.7228662878275,68.36373237371446,97.79949805140495
2024-12-12,MG92,83.44,77.12416753649711,62.163520178794855,90.11414131402968
2024-12-13,MG95,86.87,83.71157993674278,67.87213557958603,98.29122649431228
2024-12-13,MG92,83.52,77.02203569650649,61.686957926750175,90.5579487967491
2024-12-16,MG95,86.48,83.91336207091808,67.85216547250748,98.84219688773156
2024-12-16,MG92,83.13,77.30258375644684,61.647857037782664,91.0611956167221
2024-12-17,MG95,85.54,83.82470168173313,67.19892929494381,99.30383852124214
2024-12-17,MG92,82.19,77.0516290974617,61.02057327508926,91.46817035198211
2024-12-18,MG95,85.4,83.71144828796388,67.6073038071394,98.57025101780891
2024-12-18,MG92,82.05,76.97148186206817,61.42863297700882,90.8075285410881
2024-12-19,MG95,84.0,83.85997342765332,67.47529046237469,99.10471467971801
2024-12-19,MG92,80.65,77.157408670187,61.287227214574806,91.29419220685958
2024-12-20,MG95,83.06,83.70269364416599,67.27513368427753,98.8956867992878
2024-12-20,MG92,79.71,76.89167134046554,61.104101678133006,91.09541883230209
2024-12-23,MG95,83.86,83.73697296082973,67.18930374383926,99.07793934345246
2024-12-23,MG92,80.51,76.9232522881031,61.01765041232109,91.25990351915358
2024-12-24,MG95,83.77,84.0019718259573,66.60186157524586,100.41698970794678
2024-12-24,MG92,80.42,77.1770316016674,60.42127416968345,92.46484317302703
2024-12-26,MG95,84.46,84.05547692775727,66.73496861755848,100.42037206888199
2024-12-26,MG92,81.11,77.28291873574257,60.54656443595886,92.47370061635971
2024-12-27,MG95,84.02,83.98155613839627,66.7570400416851,100.19632610082627
2024-12-27,MG92,80.67,77.1822272825241,60.57499804496765,92.26952111482619
2024-12-30,MG95,84.54,84.11778224408627,66.52398119568825,100.81584500074386
2024-12-30,MG92,81.29,77.32513422727584,60.334355245828625,92.82640831232071
2024-12-31,MG95,85.4,84.2309647500515,66.7996182948351,100.82457432746888
2024-12-31,MG92,82.15,77.54443778991698,60.59062717676162,92.84423543691635
2025-01-02,MG95,85.92,84.01733928918839,66.6762178182602,100.3796419620514
2025-01-02,MG92,82.95,77.21563677310942,60.4927089357376,92.43399644851684
2025-01-03,MG95,86.22,84.21562766730786,66.54688808321953,101.05729898810387
2025-01-03,MG92,83.74,77.46896713495254,60.34653773784637,93.04758250713347
2025-01-06,MG95,86.09,84.49789783954621,66.29908963739872,102.09481288790703
2025-01-06,MG92,83.61,77.81046039104461,60.07179331421852,93.98028906106948
2025-01-07,MG95,85.84,84.62526296973229,65.88905938863755,102.89505518078805
2025-01-07,MG92,83.15,77.89526550054549,59.657326697111124,94.68862263917923
2025-01-08,MG95,85.89,84.42819993793965,65.84858245253564,102.3967139184475
2025-01-08,MG92,83.35,77.60876415371894,59.6417536842823,94.23520010709761
2025-01-09,MG95,84.21,84.42316690385341,66.08651736676693,102.12381612658501
2025-01-09,MG92,82.78,77.6579243671894,59.874427590370175,93.99855578422546
2025-01-10,MG95,85.86,84.44629658162594,65.72604781985284,102.57978673577308
2025-01-10,MG92,84.01,77.60447105288505,59.51998488306999,94.39515786409378
2024-11-14,MG95,82.48,80.05866529941558,72.39895587444305,82.6647022819519
2024-11-14,MG92,76.52,73.5008265709877,67.94546117782593,77.97375727176666
2024-11-15,MG95,82.19,80.13049871921538,72.31985569953918,82.94016185760498
2024-11-15,MG92,76.23,73.58537357568741,67.81158598423004,78.19949813842773
2024-11-18,MG95,83.44,80.09232004165649,71.4706217765808,83.63025335311889
2024-11-18,MG92,77.28,73.49596111297608,67.03846516132354,78.94804134368897
2024-11-19,MG95,84.69,80.17137115001678,71.33866712093352,83.98409182548522
2024-11-19,MG92,78.56,73.58809987068176,66.85523447036744,79.25121080875397
2024-11-20,MG95,85.43,80.1779215335846,71.04727073192596,84.28944273948669
2024-11-20,MG92,79.3,73.58300684213638,66.57920051574708,79.56255460739136
2024-11-21,MG95,85.13,80.20846545696259,70.81006834030151,84.61368427276611
2024-11-21,MG92,79.38,73.6105838394165,66.33770721673966,79.8747449684143
2024-11-22,MG95,86.07,80.26528451442718,69.78259038448333,85.84058338165282
2024-11-22,MG92,80.32,73.63862508058548,65.35958175420761,81.10114078044892
2024-11-25,MG95,86.12,80.25059889793395,69.92604623794556,85.6462896823883
2024-11-25,MG92,81.55,73.62604953289032,65.49938288450241,80.91113759040833
2024-11-26,MG95,84.78,80.48930272579193,70.0048569202423,86.23887614250182
2024-11-26,MG92,80.31,73.92683861017227,65.41835412025452,81.35587413311005
2024-11-27,MG95,84.71,80.28067178249358,69.36706545352935,86.33179836273193
2024-11-27,MG92,80.24,73.64142874956131,64.97460523366928,81.59719902992248
2024-11-28,MG95,83.13,80.45346452236174,69.14086868762969,87.07364524841307
2024-11-28,MG92,79.73,73.84818568229676,64.66589215040207,82.24373601913452
2024-11-29,MG95,83.87,80.55865337848662,68.6745991373062,87.89312521934508
2024-11-29,MG92,80.27,73.96129278898239,64.1917216348648,83.02119888782501
2024-12-02,MG95,83.6,80.63029543876647,68.29817042827605,88.52592661857604
2024-12-02,MG92,80.44,74.03611342906952,63.82125956296921,83.62913081169128
2024-12-03,MG95,83.69,80.5449000263214,68.56710415363311,87.97627338409423
2024-12-03,MG92,80.83,73.94017424345016,64.10463494300842,83.11581361293793
2024-12-04,MG95,85.39,80.76979162216186,68.07506485462189,89.17705927848816
2024-12-04,MG92,82.53,74.2004694199562,63.55291749238968,84.21645394802094
2024-12-05,MG95,84.16,80.57560096263884,67.77334486484527,88.98311885833739
2024-12-05,MG92,80.81,73.94893570899963,63.3918430685997,84.134319190979
2024-12-06,MG95,83.27,80.80210684776306,67.77602389812469,89.62026755332946
2024-12-06,MG92,79.85,74.22928895235061,63.27668782711029,84.65443619728089
2024-12-09,MG95,83.41,81.20703340530395,66.82296516895293,91.90704325675964
2024-12-09,MG92,80.06,74.69095674276352,62.2688188958168,86.78818303585052
2024-12-10,MG95,84.31,80.88268883228301,67.15575409412384,90.59375759124755
2024-12-10,MG92,80.96,74.30582092285157,62.70165349960327,85.61058744907379
2024-12-11,MG95,85.42,80.8571595096588,67.18054741859436,90.4917482471466
2024-12-11,MG92,82.07,74.27530371427535,62.73525656461716,85.52002347946167
2024-12-12,MG95,86.79,80.97089085102081,66.73518021583557,91.36060878753662
2024-12-12,MG92,83.44,74.3988426542282,62.29973662853241,86.35004603862762
2024-12-13,MG95,86.87,81.12931200027465,66.66461761951446,91.89100831031799
2024-12-13,MG92,83.52,74.59020671606064,62.16810072898865,86.81113124847413
2024-12-16,MG95,86.48,81.24263608932495,66.65276804924011,92.21925367355345
2024-12-16,MG92,83.13,74.72805073976517,62.10866840839386,87.09081543445588
2024-12-17,MG95,85.54,81.03848492145538,66.78998263835906,91.48128304481506
2024-12-17,MG92,82.19,74.48369460344314,62.31564836025238,86.43786095619201
2024-12-18,MG95,85.4,81.20831894874573,66.77566992759704,91.96989749908447
2024-12-18,MG92,82.05,74.69076103210449,62.22800639629364,86.85205753326416
2024-12-19,MG95,84.0,81.24408355236052,66.71700596809387,92.1421701335907
2024-12-19,MG92,80.65,74.73219707489014,62.16263448476791,87.01102920532226
2024-12-20,MG95,83.06,81.62937858581542,65.9798351240158,94.1446837234497
2024-12-20,MG92,79.71,75.1717085981369,61.38301424741745,88.88224157333374
2024-12-23,MG95,83.86,81.44123783111571,66.266962723732,93.25732509613036
2024-12-23,MG92,80.51,74.95502959012985,61.699127924442294,88.05939203739166
2024-12-24,MG95,83.77,81.61740144252776,65.80463812351226,94.34327565193175
2024-12-24,MG92,80.42,75.15068108081817,61.24055509328842,89.09012270450592
2024-12-26,MG95,84.46,81.6363165950775,65.85441613197327,94.32895803451537
2024-12-26,MG92,81.11,75.17534972667694,61.275059337615964,89.06732923984528
2024-12-27,MG95,84.02,81.90159486293793,65.56791167736053,95.43047249794006
2024-12-27,MG92,80.67,75.48322535037994,60.93661188840866,90.08005452632904
2024-12-30,MG95,84.54,81.99136701107024,65.37299483299255,95.93692754745483
2024-12-30,MG92,81.29,75.58316522598267,60.74205728769302,90.55998257637025
2024-12-31,MG95,85.4,81.87933337211608,65.63421529769897,95.28110412597655
2024-12-31,MG92,82.15,75.45908466815949,61.00003579616546,89.93687624931336
2025-01-02,MG95,85.92,81.63337750911712,66.05978905677794,94.05051521301269
2025-01-02,MG92,82.95,75.17954612731934,61.448645589351656,88.78434072971343
2025-01-03,MG95,86.22,82.01255885124206,65.16612047195434,96.2774493598938
2025-01-03,MG92,83.74,75.6005789232254,60.56243586540222,90.89765173435211
2025-01-06,MG95,86.09,82.08302822113036,65.23634450912475,96.3707444858551
2025-01-06,MG92,83.61,75.68731970787049,60.59633022069931,90.96581366062165
2025-01-07,MG95,85.84,81.91240912914276,65.37713114261626,95.71814964294433
2025-01-07,MG92,83.15,75.48891461372375,60.773575806617735,90.36834998130799
2025-01-08,MG95,85.89,82.16992997646331,65.43708555221556,96.32797808647155
2025-01-08,MG92,83.35,75.79860169887543,60.73333223342895,90.89046960830689
2025-01-09,MG95,84.21,82.29734597682952,65.18318581581116,97.01780462265013
2025-01-09,MG92,82.78,75.94019153356552,60.479500060081484,91.5447075843811
2025-01-10,MG95,85.86,82.23753876686095,65.18310730934142,96.8583579826355
2025-01-10,MG92,84.01,75.86917132139206,60.499435238838196,91.4041600227356
2025-01-13,MG95,89.09,82.30372953414917,65.12631769180297,97.11391616821288
2025-01-13,MG92,87.14,75.94556219816208,60.43022193670273,91.63983206748962
2025-01-14,MG95,88.44,82.79859506607055,65.0277724456787,98.55955392837524
2025-01-14,MG92,86.3,76.52607187271119,60.19115453958511,92.94223643779755
2025-01-15,MG95,88.1,82.40774079322814,65.2568101644516,97.20871273040771
2025-01-15,MG92,86.34,76.07398480176926,60.504132294654845,91.70034762382507
2025-01-16,MG95,88.92,82.43675874710082,65.21372973918915,97.34549062728881
2025-01-16,MG92,86.78,76.10663207054138,60.45896864652634,91.8291070318222
2025-01-17,MG95,87.72,82.70434804916381,64.79377900600433,98.64541056632994
2025-01-17,MG92,85.58,76.40585091114045,60.02708073616028,93.05700480937958
2025-01-20,MG95,86.93,82.49475540161131,64.99090875148772,97.81137745857238
2025-01-20,MG92,84.54,76.16647401809692,60.25582098245621,92.2811804485321
2025-01-21,MG95,85.82,82.77066638946532,64.79802326202392,98.81413078308104
2025-01-21,MG92,83.43,76.48402594089508,60.01019955396652,93.20711943626404
2025-01-22,MG95,85.75,83.15938136100769,64.90906575679779,99.66910549163818
2025-01-22,MG92,83.26,76.94402791500092,59.98596329212189,93.9590306854248
2025-01-23,MG95,86.31,83.44056209564208,64.69763311386107,100.70411516189574
2025-01-23,MG92,83.9,77.26294526100159,59.732431511878964,94.92761639118194
2025-01-24,MG95,86.31,83.1427085494995,64.5486229276657,100.15028145790099
2025-01-24,MG92,83.9,76.90978310108184,59.694477298259734,94.44659600257873
2025-01-27,MG95,87.49,82.79492488861084,64.71174465179443,99.00182993888855
2025-01-27,MG92,85.08,76.5090860080719,59.93167861700058,93.3889756011963
2025-01-28,MG95,87.02,82.9579239463806,64.91089103221893,99.14285699844359
2025-01-28,MG92,84.91,76.70837407588958,60.04668821334839,93.4841911125183
2025-01-29,MG95,87.02,83.31789573669433,64.92909962654113,100.04951840400695
2025-01-29,MG92,84.91,77.12980739593506,59.95696170330048,94.30081431865692
2025-01-30,MG95,87.02,83.10215995788573,64.93340276241302,99.48562605857849
2025-01-30,MG92,84.91,76.8781416940689,60.02264766216278,93.7896635913849
2025-01-31,MG95,87.06,83.49580121040344,64.85672647476196,100.6125373649597
2025-01-31,MG92,84.88,77.33381982803344,59.84762771606445,94.82284291744232
2025-02-03,MG95,87.84,83.70932899475098,64.70612162590027,101.38169468879698
2025-02-03,MG92,86.41,77.57517203330994,59.6658079624176,95.54495152950287
2025-02-04,MG95,84.87,83.52696827888488,64.77700315475464,100.80960823059081
2025-02-04,MG92,83.3,77.36667191028594,59.77361267566681,95.01310098648071
2025-02-05,MG95,85.97,84.17102554321288,64.63600062847136,102.66135014533995
2025-02-05,MG92,84.06,78.10518380641938,59.48734714984894,96.73029361724853
2025-02-06,MG95,84.77,83.90179741859436,64.57277348041534,102.07242404937743
2025-02-06,MG92,83.21,77.79205585479737,59.50542080163956,96.19475643157959
2025-02-07,MG95,85.49,83.11409294128417,64.75887797355651,99.76915217399596
2025-02-07,MG92,83.86,76.88494150161743,59.87559158325195,94.07150514602661
2024-12-12,MG95,86.79,84.89286401510239,80.91593373894692,88.99678979873657
2024-12-12,MG92,83.44,82.19382005691527,77.88459639787673,85.34901065230369
2024-12-13,MG95,86.87,84.66987470984459,80.19257408976556,89.7987611079216
2024-12-13,MG92,83.52,82.3668902850151,77.12362548708916,86.39382065057754
2024-12-16,MG95,86.48,84.57227711200714,79.84629583716392,90.20093306541443
2024-12-16,MG92,83.13,82.44745746016501,76.77665832459925,86.86807612299918
2024-12-17,MG95,85.54,84.51953500151635,79.06568816304207,91.11561842441559
2024-12-17,MG92,82.19,82.54125193595885,75.95391435444354,87.89875873804091
2024-12-18,MG95,85.4,84.47304516553879,79.11865938782692,91.06146598815918
2024-12-18,MG92,82.05,82.56247236132621,76.03275474071502,87.82684996604918
2024-12-19,MG95,84.0,84.52568544745445,79.72166275262833,90.35002028226853
2024-12-19,MG92,80.65,82.48405755758284,76.66053299546242,87.03492404103278
2024-12-20,MG95,83.06,84.59668033003807,79.98436011075974,90.04098073959351
2024-12-20,MG92,79.71,82.42411401391028,76.92054924488068,86.68075132608413
2024-12-23,MG95,83.86,84.49339560627938,79.10947445034981,91.06863471984863
2024-12-23,MG92,80.51,82.55175942182541,76.0129627072811,87.84016531825065
2024-12-24,MG95,83.77,84.53793033361436,79.57404186725617,90.51839383125305
2024-12-24,MG92,80.42,82.48684585690498,76.49144465446471,87.23233563303947
2024-12-26,MG95,84.46,84.42574579238892,78.60129385471345,91.68905586242676
2024-12-26,MG92,81.11,82.64113175272941,75.51881736636162,88.48486903905868
2024-12-27,MG95,84.02,84.43754772424698,77.85507878184319,92.60140934705734
2024-12-27,MG92,80.67,82.7285962998867,74.77169011712074,89.41548595070839
2024-12-30,MG95,84.54,84.400777425766,78.18324173092843,92.20416589260101
2024-12-30,MG92,81.29,82.70372662663459,75.11120713949202,89.00543963074684
2024-12-31,MG95,85.4,84.44421749591828,76.86947491168976,93.84873811244965
2024-12-31,MG92,82.15,82.87700230836867,73.84178740143776,90.60622673034668
2025-01-02,MG95,85.92,84.33050043463707,78.01190497040749,92.43212952375413
2025-01-02,MG92,82.95,82.76172325253486,74.97754487514496,89.2076549243927
2025-01-03,MG95,86.22,84.33938497781753,77.7968888425827,92.69773917913437
2025-01-03,MG92,83.74,82.78539933800697,74.76388287901878,89.47214223623276
2025-01-06,MG95,86.09,84.4103391289711,77.38148935317993,93.20278854608536
2025-01-06,MG92,83.61,82.81062121748924,74.33279712855816,89.98728298187255
2025-01-07,MG95,85.84,84.4381688785553,77.09994352579118,93.55412767887115
2025-01-07,MG92,83.15,82.84185995340347,74.05656960904598,90.33037098407745
2025-01-08,MG95,85.89,84.51715730428695,76.18342525243759,94.7248202586174
2025-01-08,MG92,83.35,82.96713775277136,73.19199625730514,91.42963597893714
2025-01-09,MG95,84.21,84.33202786326409,76.74539679288864,94.03997217655181
2025-01-09,MG92,82.78,82.94800121426582,73.7836195641756,90.73053596258163
2025-01-10,MG95,85.86,84.38930643677712,77.81746330618859,92.65988949775696
2025-01-10,MG92,84.01,82.75763374686241,74.7589519917965,89.45448300719261
2025-01-13,MG95,89.09,84.72613499760628,74.8351029062271,96.48844026565551
2025-01-13,MG92,87.14,83.15834660172462,71.94600312530994,93.0376824402809
2025-01-14,MG95,88.44,84.4706674683094,76.19536465287209,94.72213198423385
2025-01-14,MG92,86.3,82.98416105389595,73.22464870989322,91.40507937788962
2025-01-15,MG95,88.1,84.59209804415703,75.84562422871589,95.15266319990158
2025-01-15,MG92,86.34,83.00128219008445,72.8619496691227,91.84062151551245
2025-01-16,MG95,88.92,84.93045912504196,73.77293922185898,97.92483414649963
2025-01-16,MG92,86.78,83.32694576740265,70.99531045854091,94.30122229099273
2025-01-17,MG95,87.72,84.39413311123847,76.53678059101105,94.29467599153519
2025-01-17,MG92,85.58,82.9557595348358,73.56497776329516,90.98876183032989
2025-01-20,MG95,86.93,84.6691211783886,75.31804528951645,95.8422361278534
2025-01-20,MG92,84.54,83.07753483891486,72.37538165390491,92.46949552297592
2025-01-21,MG95,85.82,84.61850219368935,75.22128777742385,95.98886927604676
2025-01-21,MG92,83.43,83.11631665825843,72.31741437852382,92.56690989613533
2025-01-22,MG95,85.75,84.69159474492074,75.15828643798828,96.05376462697983
2025-01-22,MG92,83.26,83.10237516164779,72.23067870259284,92.6588552892208
2025-01-23,MG95,86.31,84.63542610287666,75.12674503684045,96.11331397771835
2025-01-23,MG92,83.9,83.1296124434471,72.23028247058392,92.67962567329405
2025-01-24,MG95,86.31,85.05293853521347,73.51113795518876,98.26631627321244
2025-01-24,MG92,83.9,83.34971198678016,70.73460447192191,94.63566167354583
2025-01-27,MG95,87.49,84.68344336748123,74.92084256649018,96.38244690179825
2025-01-27,MG92,85.08,83.15535284876823,72.03660328626633,92.92790171504019
2025-01-28,MG95,87.02,84.63889845728875,74.93177895545959,96.38041033029556
2025-01-28,MG92,84.91,83.16922586083412,72.06632557868957,92.90291463971137
2025-01-29,MG95,87.02,85.53976058721543,72.21212609648704,100.04996596097946
2025-01-29,MG92,84.91,83.52927846312522,69.52846934497356,96.26448830246925
2025-01-30,MG95,87.02,85.07751995325089,73.41762877464295,98.3946813750267
2025-01-30,MG92,84.91,83.36433832883834,70.6506130695343,94.74887640953064
2025-01-31,MG95,87.06,84.99505408167839,73.63670786261558,98.10182239294052
2025-01-31,MG92,84.88,83.3381772327423,70.85892837941645,94.4754078388214
2025-02-03,MG95,87.84,84.9836085498333,73.73280348896981,97.96699117660522
2025-02-03,MG92,86.41,83.31932441592215,70.93976460099219,94.36367041230201
2025-02-04,MG95,84.87,84.73341064929963,74.49371242523193,96.96146454572678
2025-02-04,MG92,83.3,83.22991295099257,71.66285866677761,93.42733014941214
2025-02-05,MG95,85.97,86.03324222803116,71.31035260081292,101.30501333236694
2025-02-05,MG92,84.06,83.63844282746314,68.6549881106615,97.4696010529995
2025-02-06,MG95,84.77,85.58319047451019,72.35854031324386,99.81775607824326
2025-02-06,MG92,83.21,83.48054681777954,69.62006253182888,96.11733458280563
2025-02-07,MG95,85.49,86.14181185483933,71.26276810765266,101.35248581409455
2025-02-07,MG92,83.86,83.6254014134407,68.57584443569183,97.56830684900282
2025-02-10,MG95,86.48,85.74441565752029,71.87924339294433,100.5012091088295
2025-02-10,MG92,85.04,83.56109442591666,69.19372667372227,96.71606560707092
2025-02-11,MG95,87.44,85.99038258075714,71.62597026944161,100.8267652463913
2025-02-11,MG92,86.0,83.56583942651748,68.90433055460453,97.09840503692627
2025-02-12,MG95,87.69,86.44109622001648,70.67089460611344,102.2145359826088
2025-02-12,MG92,86.17,83.7158303630352,68.02619726300239,98.3611915576458
2025-02-13,MG95,86.03,84.66179461240769,74.75605338335038,96.61686646461487
2025-02-13,MG92,84.59,83.19832200884818,71.91056726515292,93.10911182045936
2025-02-14,MG95,86.95,85.30065181851387,72.93521080851555,99.03688364982605
2025-02-14,MG92,85.55,83.41482122182845,70.1795470201969,95.36733098268508
2025-02-17,MG95,87.68,85.4122253882885,72.74101353287698,99.29312507629395
2025-02-17,MG92,86.29,83.43120859503745,69.98286429941653,95.62522421121596
2025-02-18,MG95,87.99,85.68418405532837,72.26550972700119,99.93088762521744
2025-02-18,MG92,86.6,83.47757263183593,69.5075522083044,96.2600955080986
2025-02-19,MG95,88.43,85.2296518445015,72.9776682329178,98.99424802541733
2025-02-19,MG92,87.04,83.42499606847763,70.24303708493709,95.29450256109237
2025-02-20,MG95,88.11,85.71403001070023,72.06047279953957,100.23321666479112
2025-02-20,MG92,86.72,83.52224412202834,69.34139891922473,96.50138612627983
2025-02-21,MG95,86.91,85.340181671381,72.85662460565567,99.14183836221694
2025-02-21,MG92,85.52,83.42287304759024,70.10220840215682,95.46954905748366
2025-02-24,MG95,85.82,85.4009224164486,72.67706518769265,99.39119617700577
2025-02-24,MG92,84.43,83.45025708198547,69.938985273242,95.69271083831786
2025-02-25,MG95,86.01,86.63598592996597,70.3820527613163,102.63287831783295
2025-02-25,MG92,84.62,83.75205868721008,67.74164397954941,98.77283258914947
2025-02-26,MG95,83.78,86.22305069208146,71.17550611019135,101.46913044691087
2025-02-26,MG92,82.55,83.6297159397602,68.47922252655029,97.70045266985892
2025-02-27,MG95,83.41,86.2670610022545,70.71981305360794,102.17723617553712
2025-02-27,MG92,81.94,83.7414435827732,68.13156562685965,98.22997516989707
2025-02-28,MG95,84.34,85.95050651073456,71.39790990114213,101.18952954530717
2025-02-28,MG92,82.75,83.63528275489807,68.75314113855362,97.33737696409224
2025-03-03,MG95,83.79,86.29089907169342,70.83198741197586,101.99375126600266
2025-03-03,MG92,82.2,83.70593923807144,68.20267215132712,98.11479394912719
2025-03-04,MG95,80.03,85.43335990905761,72.13863641381263,100.18981732606888
2025-03-04,MG92,78.44,83.57670890212059,69.51913098812102,96.30561816334723
2025-03-05,MG95,79.94,86.48536110162735,70.53044245243072,102.42857964754104
2025-03-05,MG92,78.3,83.74409491300582,67.90769943356513,98.53847847700118
2025-03-06,MG95,78.59,86.1075159907341,71.37232547163964,101.1902423453331
2025-03-06,MG92,77.03,83.60449406027793,68.66995198369025,97.43110295534133
2025-03-07,MG95,78.69,85.85175315856934,71.77102507472038,100.63900353670121
2025-03-07,MG92,76.98,83.56206299304961,69.06873748779296,96.87987085461616
2025-01-13,MG95,89.09,85.4839496076107,84.16981261968613,87.20128614664078
2025-01-13,MG92,87.14,83.64551736533642,82.17613493442536,85.99848313689232
2025-01-14,MG95,88.44,85.74912089109421,83.58361085057258,88.32137701749802
2025-01-14,MG92,86.3,83.9412285578251,81.69257665574551,87.03339970350267
2025-01-15,MG95,88.1,85.68839991688728,83.38733343601227,88.37700592517852
2025-01-15,MG92,86.34,83.89422923088074,81.49647739708423,87.11960686445236
2025-01-16,MG95,88.92,85.86561918497085,82.83773825168609,89.28265682458877
2025-01-16,MG92,86.78,84.0963273382187,81.01770617961884,87.97663102865219
2025-01-17,MG95,87.72,85.93009140014648,82.24481700181961,89.99143154382706
2025-01-17,MG92,85.58,84.18578930020333,80.46774495244027,88.68340356230736
2025-01-20,MG95,86.93,86.20466381549835,82.13238724350929,90.70023696899413
2025-01-20,MG92,84.54,84.45846150875091,80.41467667341233,89.29176092743874
2025-01-21,MG95,85.82,86.14174736738205,81.57416881084443,91.10381522655487
2025-01-21,MG92,83.43,84.41621919870377,79.86457523941995,89.74244571566582
2025-01-22,MG95,85.75,86.12094921827317,81.3495242357254,91.2767817234993
2025-01-22,MG92,83.26,84.40199822187424,79.64298337757587,89.93245599269868
2025-01-23,MG95,86.31,85.97607864618301,80.59022802829742,91.69934648036957
2025-01-23,MG92,83.9,84.27377909064293,78.87621734976769,90.43909331440926
2025-01-24,MG95,86.31,86.25284141778945,80.24901351213455,92.64990991830825
2025-01-24,MG92,83.9,84.5502669274807,78.58958955585958,91.30191603183746
2025-01-27,MG95,87.49,86.13351817846298,80.02685099959373,92.60372820138932
2025-01-27,MG92,85.08,84.43389527201653,78.34957552015781,91.30879618048668
2025-01-28,MG95,87.02,86.16656799316407,80.02668211698533,92.67760666608811
2025-01-28,MG92,84.91,84.46654343008996,78.35506361544132,91.37058732628823
2025-01-29,MG95,87.02,86.37938055038452,79.40201093673706,93.77689938783645
2025-01-29,MG92,84.91,84.67672345876694,77.7693296211958,92.4177419447899
2025-01-30,MG95,87.02,86.26973991394043,80.03121124148369,92.90347947835922
2025-01-30,MG92,84.91,84.5683636212349,78.37715119600297,91.55833426475526
2025-01-31,MG95,87.06,86.3567912220955,79.23051832437515,93.89795239448547
2025-01-31,MG92,84.88,84.65339905381204,77.59412117779256,92.55437348484993
2025-02-03,MG95,87.84,86.42378132343292,78.95294696331024,94.3286030459404
2025-02-03,MG92,86.41,84.7171130359173,77.32610583841802,92.9720896422863
2025-02-04,MG95,84.87,86.6911787867546,79.10549401760102,94.7810958480835
2025-02-04,MG92,83.3,84.98271481513977,77.52103837609292,93.31827028036118
2025-02-05,MG95,85.97,86.38252279043198,78.19855858683586,94.99879064798355
2025-02-05,MG92,84.06,84.66367421030999,76.5581330305338,93.68946781992913
2025-02-06,MG95,84.77,86.46138585090637,78.25358361124992,95.1226481294632
2025-02-06,MG92,83.21,84.74302125215532,76.62541727900505,93.78205439090729
2025-02-07,MG95,85.49,86.46944103956223,75.78627523183823,97.69139354467391
2025-02-07,MG92,83.86,84.6568140912056,74.09133935570718,96.4560486996174
2025-02-10,MG95,86.48,86.48496800422669,77.56480868697166,95.88094127655029
2025-02-10,MG92,85.04,84.7484292292595,75.92740266382695,94.56120368480683
2025-02-11,MG95,87.44,86.45402666330338,76.94478433728219,96.44867342948913
2025-02-11,MG92,86.0,84.69593179225922,75.28761393547059,95.16722760796547
2025-02-12,MG95,87.69,86.65823132514953,76.61388189554215,97.26634160757065
2025-02-12,MG92,86.17,84.8848404443264,74.97203844189644,95.92370345711709
2025-02-13,MG95,86.03,86.43930828809738,76.61172736287116,96.75967331171036
2025-02-13,MG92,84.59,84.6674497795105,74.94272019565106,95.49827592492105
2025-02-14,MG95,86.95,86.61512020111084,75.9980949640274,97.81031760692596
2025-02-14,MG92,85.55,84.81273408293724,74.3282988858223,96.51117000699044
2025-02-17,MG95,87.68,86.30734444141387,76.13222357869148,96.95144207239152
2025-02-17,MG92,86.29,84.51365291953087,74.43119065761567,95.75971155881882
2025-02-18,MG95,87.99,86.53406678438186,75.79640307068824,97.83220069885253
2025-02-18,MG92,86.6,84.72156960964203,74.10922573924066,96.57242035508156
2025-02-19,MG95,88.43,86.3322981262207,74.50811023950577,98.71683850765228
2025-02-19,MG92,87.04,84.44042490363121,72.74099250972272,97.59328619599343
2025-02-20,MG95,88.11,86.36217499494552,74.74366565465927,98.53791506052018
2025-02-20,MG92,86.72,84.48642275333405,72.99112146556378,97.39161872386933
2025-02-21,MG95,86.91,86.33141788959503,74.78499583482743,98.42139629602433
2025-02-21,MG92,85.52,84.45856165647507,73.03126568078996,97.28442059993745
2025-02-24,MG95,85.82,85.91493290662766,75.17606654405594,97.03217819452286
2025-02-24,MG92,84.43,84.06809569478035,73.39431119561196,96.02592423915864
2025-02-25,MG95,86.01,86.82862875938416,74.69035504460335,99.7035223531723
2025-02-25,MG92,84.62,84.94606074810028,72.98139712154865,98.38347176909447
2025-02-26,MG95,83.78,86.08153304100037,73.83192474603653,98.83856704473496
2025-02-26,MG92,82.55,84.13988158345224,72.00583310365677,97.84226345300675
2025-02-27,MG95,83.41,86.05933265447617,74.75102484226227,97.81534314393997
2025-02-27,MG92,81.94,84.18484791159631,72.96734138846398,96.77896502137185
2025-02-28,MG95,84.34,85.9622916841507,73.40079303503036,99.01218860149383
2025-02-28,MG92,82.75,83.98570916950703,71.54053175508976,98.08317881822586
2025-03-03,MG95,83.79,86.26739602804184,73.18370211839675,99.9760886478424
2025-03-03,MG92,82.2,84.27204653501511,71.33764248073102,98.94716324925423
2025-03-04,MG95,80.03,86.64498683452607,73.92470270991325,100.08688587427139
2025-03-04,MG92,78.44,84.70821991801263,72.15541875183582,98.87505688786507
2025-03-05,MG95,79.94,86.17510424137116,72.92693914175034,100.02956814050674
2025-03-05,MG92,78.3,84.15750758290291,71.0576244366169,99.04988476991655
2025-03-06,MG95,78.59,86.09095976114273,72.84003112792969,99.91993773937226
2025-03-06,MG92,77.03,84.06570216417313,70.95848319709302,98.97662670969963
2025-03-07,MG95,78.69,86.20385522603989,73.33301993250846,99.66308264493942
2025-03-07,MG92,76.98,84.22140183091165,71.4903527379036,98.6494240653515
2025-03-10,MG95,78.55,86.62505868673324,72.79475011825562,101.26314812421799
2025-03-10,MG92,77.31,84.59339053750038,70.95249436318875,100.11945244908334
2025-03-11,MG95,77.98,86.24632152557373,73.107694709301,100.00701975345612
2025-03-11,MG92,76.64,84.24446585178376,71.25528099238873,98.99028685927392
2025-03-12,MG95,79.15,86.42022967100144,72.55992652773857,101.02009022712707
2025-03-12,MG92,77.74,84.36828849792481,70.68644191920758,99.96926090717317
2025-03-13,MG95,80.46,86.28596287965775,72.90781446576118,100.31788657665253
2025-03-13,MG92,79.08,84.26636815905572,71.04636783242226,99.29778043150903
2025-03-14,MG95,80.05,85.92701057195663,72.07161014199256,100.34899168252944
2025-03-14,MG92,78.62,83.82923836529255,70.1288844871521,99.5143598997593
2025-03-17,MG95,81.04,86.35785569429397,72.95212312102318,100.44391394376754
2025-03-17,MG92,79.61,84.34191960215568,71.09926085293293,99.3940724682808
2025-03-18,MG95,81.95,86.46018831968307,72.60162006139755,101.07201395273209
2025-03-18,MG92,80.52,84.41191284656526,70.73394198477268,100.00336120724678
2025-03-19,MG95,80.27,86.18602531671525,71.72105590581894,101.36031191825866
2025-03-19,MG92,78.84,84.05278310775758,69.77321485221387,100.45167249441147
2025-03-20,MG95,80.97,86.7119359946251,72.1015842461586,102.2350214767456
2025-03-20,MG92,79.54,84.6138707470894,70.21658384919166,101.09727479815484
2025-03-21,MG95,81.9,86.44185688018798,72.61601090669632,101.0117689204216
2025-03-21,MG92,80.56,84.39500791072847,70.74790758490563,99.949331510067
2025-03-24,MG95,82.07,86.07938362598419,72.40535288214683,100.35934981584549
2025-03-24,MG92,80.73,84.01393580555916,70.49574563026428,99.44687034845353
2025-03-25,MG95,83.15,86.20268840074539,71.37335220336914,101.78033831834793
2025-03-25,MG92,81.91,84.03300393223763,69.4016718029976,100.88879728078842
2025-03-26,MG95,83.45,86.26847073554993,71.82458606243134,101.44959452390671
2025-03-26,MG92,82.34,84.1455399298668,69.88967163324357,100.50262765645981
2025-03-27,MG95,83.88,86.42392461776733,72.36131034493447,101.24510327339172
2025-03-27,MG92,82.36,84.35320625066758,70.47466453433037,100.20471822142602
2025-03-28,MG95,84.1,86.29803030967712,72.31462198019028,100.98889300346374
2025-03-28,MG92,82.41,84.22341480016709,70.41558739185334,99.99962569713593
2025-03-31,MG95,84.1,86.43165227651596,71.97419046521186,101.6863372349739
2025-03-31,MG92,82.41,84.32302172660827,70.06105443358422,100.6667597615719
2025-04-01,MG95,85.57,85.73592245936393,71.25480172991753,100.76304066181183
2025-04-01,MG92,83.69,83.55338646650314,69.24388906359673,100.05546806812286
2025-04-02,MG95,85.91,86.3149697470665,71.79475013494492,101.59616415739059
2025-04-02,MG92,84.03,84.1888137614727,69.86088917732239,100.63324031829835
2025-04-03,MG95,83.12,86.25749848365784,71.45526026844978,101.82575238704682
2025-04-03,MG92,81.61,84.09630730867386,69.49308664560319,100.90750487565995
2025-04-04,MG95,77.52,86.44280876398086,71.90374594688416,101.79077833414078
2025-04-04,MG92,76.34,84.32703765034677,69.98631919443608,100.77128394126893
2025-02-10,MG95,86.48,83.04592551469803,75.64314836621284,87.13251605272292
2025-02-10,MG92,85.04,82.00579164862633,76.55904555678367,85.42984178781509
2025-02-11,MG95,87.44,82.97596291184425,75.19376221120358,87.47803857088088
2025-02-11,MG92,86.0,81.92115297079086,75.9505997800827,85.77356489181518
2025-02-12,MG95,87.69,83.02162968873976,74.94051083743572,87.80303600788116
2025-02-12,MG92,86.17,81.95772659659386,75.63224878549576,86.14582911968232
2025-02-13,MG95,86.03,82.78113260447978,73.50579849243164,88.914682148695
2025-02-13,MG92,84.59,81.66579738497734,73.70111935615539,87.2244836640358
2025-02-14,MG95,86.95,82.64339341163635,73.65019763588904,88.54300900578498
2025-02-14,MG92,85.55,81.53765223741532,73.85326204061508,86.76898532152175
2025-02-17,MG95,87.68,82.83439182698726,73.19393751502037,89.33442719221115
2025-02-17,MG92,86.29,81.70483024597168,73.30939118146897,87.68942906856537
2025-02-18,MG95,87.99,82.62390783309937,72.2388588130474,90.01241729855536
2025-02-18,MG92,86.6,81.4582369351387,72.02653514266014,88.30251840114593
2025-02-19,MG95,88.43,82.73656647741794,72.69352401077747,89.71036025762558
2025-02-19,MG92,87.04,81.58773666143418,72.63861478924751,88.03879041910172
2025-02-20,MG95,88.11,82.06958796501159,71.22104816615581,90.15673491239548
2025-02-20,MG92,86.72,80.8856200158596,70.6024730181694,88.20692812919617
2025-02-21,MG95,86.91,82.42286089241504,71.40640065550804,90.57394234657286
2025-02-21,MG92,85.52,81.22650400280952,70.91412109732627,88.79095649957657
2025-02-24,MG95,85.82,82.56045740842819,71.1109526091814,91.15082553625106
2025-02-24,MG92,84.43,81.34302276611328,70.56227551937103,89.43707556009292
2025-02-25,MG95,86.01,82.52321366012096,71.04167281687259,91.16077214956283
2025-02-25,MG92,84.62,81.30393992066384,70.46627037644386,89.43063756227494
2025-02-26,MG95,83.78,82.38360947728157,70.40657748043537,91.61986542463302
2025-02-26,MG92,82.55,81.1385713493824,69.62726630210877,89.82878374099731
2025-02-27,MG95,83.41,82.11594774365425,69.44252542495727,92.20645063877105
2025-02-27,MG92,81.94,80.83562056541443,68.35366738438606,90.28696125030517
2025-02-28,MG95,84.34,82.42845586240291,69.86794187247753,92.32095898628235
2025-02-28,MG92,82.75,81.15194718956947,68.9465879893303,90.54276169776917
2025-03-03,MG95,83.79,82.30318050980567,69.1837758976221,92.86847113132477
2025-03-03,MG92,82.2,80.99552083730697,68.05443044543266,91.01866369485855
2025-03-04,MG95,80.03,81.98431308090686,68.39605202198028,93.1447750043869
2025-03-04,MG92,78.44,80.65358217835426,67.00851571917534,91.13252828359605
2025-03-05,MG95,79.94,81.79836440622806,68.02849102914332,93.19315264105796
2025-03-05,MG92,78.3,80.46180681943893,66.51821819901467,91.08762224912644
2025-03-06,MG95,78.59,81.83676485598087,67.5254481947422,93.84893611788749
2025-03-06,MG92,77.03,80.46535571575164,65.89055339932442,91.72386438131332
2025-03-07,MG95,78.69,82.05473428785801,67.79594817817211,93.98468293070792
2025-03-07,MG92,76.98,80.68154348254204,66.25966360807419,91.96086067676544
2025-03-10,MG95,78.55,81.93121182203292,67.58564762592316,93.97428790450095
2025-03-10,MG92,77.31,80.55511280179023,65.9785160434246,91.88879308938981
2025-03-11,MG95,77.98,82.10571577668189,67.65269044935702,94.25897913694381
2025-03-11,MG92,76.64,80.71951167464256,66.08475800275802,92.24237312793731
2025-03-12,MG95,79.15,82.05227820813656,66.95060324549675,94.97541045784949
2025-03-12,MG92,77.74,80.62491109490395,65.19114091277122,92.87371678352356
2025-03-13,MG95,80.46,82.12339241683483,67.03387555837631,95.02934229969978
2025-03-13,MG92,79.08,80.69585903048515,65.30388584971428,92.96050979137421
2025-03-14,MG95,80.05,81.96717657446861,66.52000457167625,95.30161045670509
2025-03-14,MG92,78.62,80.51813930034638,64.6389876294136,93.12275933265686
2025-03-17,MG95,81.04,81.81841050088406,66.10710292041301,95.46459835290908
2025-03-17,MG92,79.61,80.35465014457702,64.10443387269974,93.18560978651047
2025-03-18,MG95,81.95,81.73079164028167,65.88528630971908,95.53316476106643
2025-03-18,MG92,80.52,80.26016952753066,63.81725818276405,93.19642642259598
2025-03-19,MG95,80.27,82.26620682835578,66.6829517030716,95.76087698221207
2025-03-19,MG92,78.84,80.80457022190095,64.87343971610069,93.69839031457902
2025-03-20,MG95,80.97,81.69443452656269,65.6777985292673,95.69618323087691
2025-03-20,MG92,79.54,80.2128392469883,63.553380247354504,93.31882835626602
2025-03-21,MG95,81.9,81.96925048410893,66.10544685006141,95.79793219327927
2025-03-21,MG92,80.56,80.49150258421898,64.116520113945,93.56659130334855
2025-03-24,MG95,82.07,81.96326824843884,65.5160488641262,96.48668420910835
2025-03-24,MG92,80.73,80.44409232854844,63.37300634264946,94.16635478019714
2025-03-25,MG95,83.15,81.86773082375525,65.3910435783863,96.42017642378806
2025-03-25,MG92,81.91,80.34823713898659,63.20798766255378,94.05169044017792
2025-03-26,MG95,83.45,82.04324880301952,65.54262242376804,96.63562862873077
2025-03-26,MG92,82.34,80.51903902053833,63.41269899845123,94.34292986631394
2025-03-27,MG95,83.88,81.80236445307732,65.2633427196741,96.42425290465354
2025-03-27,MG92,82.36,80.27980841994285,63.04211924672127,94.0157516169548
2025-03-28,MG95,84.1,81.31417020022869,64.57789774894714,96.12820867300033
2025-03-28,MG92,82.41,79.79521912455559,62.1426289832592,93.4589547777176
2025-03-31,MG95,84.1,81.49819783329963,64.69585072278976,96.40465522289276
2025-03-31,MG92,82.41,79.96579107761383,62.305573308467864,93.81029551267623
2025-04-01,MG95,85.57,82.1595558977127,65.26277710795402,97.23847900152205
2025-04-01,MG92,83.69,80.60523721337319,63.06732640743255,94.93146683454513
2025-04-02,MG95,85.91,81.65391430675983,64.84404099345207,96.58310317277908
2025-04-02,MG92,84.03,80.11534456729889,62.50371168851852,94.05997786283493
2025-04-03,MG95,83.12,82.03034674108028,65.24665462613105,96.96147193551063
2025-04-03,MG92,81.61,80.48553943872452,63.03820546388626,94.6156950378418
2025-04-04,MG95,77.52,81.46527515470981,64.76644518017768,96.24865849137305
2025-04-04,MG92,76.34,79.94209844589233,62.39121667385101,93.65706316709519
2025-04-07,MG95,72.28,82.33265346646309,65.05195680439472,97.89708544135092
2025-04-07,MG92,71.39,80.7494823539257,62.81078619003296,95.59777961492539
2025-04-08,MG95,73.41,81.94346674263477,65.07280290842056,96.97102109193801
2025-04-08,MG92,72.72,80.39341808795929,62.81283555269241,94.57047909975051
2025-04-09,MG95,70.34,81.70951241016387,64.76101326942444,96.80702426671981
2025-04-09,MG92,68.86,80.15876106500626,62.403672800064086,94.28483793258667
2025-04-10,MG95,72.44,81.87186845183372,64.90094866633414,97.0121222102642
2025-04-10,MG92,70.96,80.31555730223656,62.59131944298744,94.56079211235047
2025-04-11,MG95,71.93,81.50318642675876,64.48533105969429,96.66097414851188
2025-04-11,MG92,70.37,79.95402973532677,62.04231018185615,94.0296872830391
2025-04-14,MG95,74.29,81.77715141892433,64.74143597006797,96.98460596442222
2025-04-14,MG92,72.8,80.21798264741898,62.38394893407822,94.47772794485093
2025-04-15,MG95,74.65,81.57473376154898,64.48657438635826,96.82220915794372
2025-04-15,MG92,73.16,80.0174850010872,62.04927301645279,94.21129080533981
2025-04-16,MG95,75.04,81.75580085039138,64.45522624850273,97.2743724155426
2025-04-16,MG92,73.79,80.17673547506332,62.022561323642734,94.70710660934448
2025-04-17,MG95,76.74,81.73949492692947,64.39859883368015,97.3037332689762
2025-04-17,MG92,74.96,80.1576764023304,61.95027880311012,94.7209123158455
2025-04-21,MG95,76.84,82.52941500663756,64.96735963523388,98.46506152033805
2025-04-21,MG92,75.54,80.9266122674942,62.71328151345253,96.19928255081177
2025-04-22,MG95,77.15,82.01343444108963,64.66066050171851,97.62639692068099
2025-04-22,MG92,75.85,80.42582301020622,62.29755580186844,95.16799327611923
2025-04-23,MG95,78.76,82.86374758481979,65.26343953609467,98.89164486050605
2025-04-23,MG92,77.55,81.26507700681687,63.10488472700119,96.76686603546142
2025-04-24,MG95,77.62,82.55518855690956,64.84797479748725,98.67433785676955
2025-04-24,MG92,76.19,80.94162259936333,62.56261836886406,96.39070302009583
2025-04-25,MG95,78.45,81.57305730879307,64.19372509658336,97.16133160114288
2025-04-25,MG92,76.62,79.99306259632111,61.68178730249405,94.49278326272965
2025-04-25,MG95,78.45,82.62807093918323,65.12218947410584,98.50693717002868
2025-04-25,MG92,76.62,81.03111976623535,62.91477385044098,96.29638235330582
2025-04-25,MG95,78.45,82.08518559992312,64.8693508440256,97.54192204594611
2025-04-25,MG92,76.62,80.507382645607,62.56539250612259,95.14276112318039
2025-04-25,MG95,78.45,82.04801319003104,64.49344835221767,97.90838748455047
2025-04-25,MG92,76.62,80.44441222906113,62.0884308385849,95.42551318883896
2025-04-28,MG95,78.17,82.08412061929702,64.69939216554164,97.74451295375823
2025-04-28,MG92,76.29,80.4933969950676,62.350614300966264,95.31223841667175
2025-04-29,MG95,76.83,82.20594624996185,64.5993553251028,98.1515088033676
2025-04-29,MG92,75.3,80.59757459640502,62.23073658227921,95.73039837121964
2025-04-30,MG95,74.78,81.67952989339828,64.35363015413284,97.21852462768554
2025-04-30,MG92,73.34,80.10047419190407,61.88978261709213,94.61065660476685
2025-03-10,MG95,78.55,79.8991660130024,75.03314074873924,83.46677843570708
2025-03-10,MG92,77.31,78.01455713510514,74.56467060685158,81.86171811819077
2025-03-11,MG95,77.98,79.90801189899445,74.34656679153443,84.00140577435494
2025-03-11,MG92,76.64,77.99697451829911,73.84900028944016,82.57227240800859
2025-03-12,MG95,79.15,80.02945287466049,71.50854297101498,87.08873255252838
2025-03-12,MG92,77.74,78.18861219406128,70.4850125527382,85.85344014644623
2025-03-13,MG95,80.46,79.94298269748687,72.45392241239547,85.8143152320385
2025-03-13,MG92,79.08,78.05693527936936,71.66961382985116,84.62940186738969
2025-03-14,MG95,80.05,79.887346483469,73.24188166737557,84.87975628852844
2025-03-14,MG92,78.62,77.97909824609756,72.62692124247552,83.6726450586319
2025-03-17,MG95,81.04,79.94968981146812,72.02432941675185,86.28684313774109
2025-03-17,MG92,79.61,78.08925572633744,71.1363631618023,85.10895948171616
2025-03-18,MG95,81.95,80.10765876173973,70.1299261790514,89.00026003718376
2025-03-18,MG92,80.52,78.38794914722443,68.6786923313141,87.58485071182251
2025-03-19,MG95,80.27,79.95449266791343,72.03722771286964,86.28695570468902
2025-03-19,MG92,78.84,78.09204545259476,71.1523857343197,85.10579350948335
2025-03-20,MG95,80.97,80.05810116291046,70.56529292106629,88.30575949072838
2025-03-20,MG92,79.54,78.30399123430253,69.25162318468094,86.97550658941269
2025-03-21,MG95,81.9,79.9936847269535,71.32525583803654,87.20126197814942
2025-03-21,MG92,80.56,78.17997689008713,70.24371499657632,85.97643587350846
2025-03-24,MG95,82.07,80.0794701218605,70.27195752561092,88.73951746344567
2025-03-24,MG92,80.73,78.35276556015015,68.86080914855003,87.35704753875733
2025-03-25,MG95,83.15,80.16604348540307,69.91363816916942,89.43898971676826
2025-03-25,MG92,81.91,78.45037844896316,68.40933691978455,87.96755710601808
2025-03-26,MG95,83.45,80.21755224466324,69.57670184254646,90.02728334784507
2025-03-26,MG92,82.34,78.5244438457489,67.9697806763649,88.47420443058014
2025-03-27,MG95,83.88,80.10081093907355,70.17111630141734,88.92803895950317
2025-03-27,MG92,82.36,78.3785797047615,68.73212384819985,87.52189833641053
2025-03-28,MG95,84.1,80.14066901922226,70.01157141387462,89.24302942156791
2025-03-28,MG92,82.41,78.42286660909653,68.5316994524002,87.79687908411026
2025-03-31,MG95,84.1,80.4392247068882,68.34037436306477,92.34438954591751
2025-03-31,MG92,82.41,78.8172274518013,66.3591771876812,90.42493886947632
2025-04-01,MG95,85.57,80.16527427792549,69.7585490566492,89.6466006910801
2025-04-01,MG92,83.69,78.47041125297547,68.19400033593178,88.14419082641602
2025-04-02,MG95,85.91,80.11590429067611,69.97222457528115,89.23097537755966
2025-04-02,MG92,84.03,78.41315762758255,68.46472766876221,87.78370129823685
2025-04-03,MG95,83.12,80.3064519917965,68.91750510513782,91.17843047976494
2025-04-03,MG92,81.61,78.6653525519371,67.09443064928055,89.4452402329445
2025-04-04,MG95,77.52,80.35672251462937,68.71048041701317,91.60051901221276
2025-04-04,MG92,76.34,78.721348965168,66.83295804977418,89.80234354734421
2025-04-07,MG95,72.28,80.27670617580414,69.19345828771591,90.70969232797623
2025-04-07,MG92,71.39,78.60987003564836,67.4673500597477,89.05468773365021
2025-04-08,MG95,73.41,80.31720213532448,68.96762553870678,91.13110545873641
2025-04-08,MG92,72.72,78.66346214532852,67.17350195288658,89.4107173705101
2025-04-09,MG95,70.34,80.29574875116349,69.0876594275236,90.90678767323493
2025-04-09,MG92,68.86,78.63500510215759,67.3298413324356,89.2215298819542
2025-04-10,MG95,72.44,80.43406538844108,68.39253976285457,92.2536136829853
2025-04-10,MG92,70.96,78.80679350852967,66.43098510861397,90.35139654636383
2025-04-11,MG95,71.93,80.52544160842895,68.0836748188734,92.9293249297142
2025-04-11,MG92,70.37,78.89644099473954,66.05219717860223,90.92028963804245
2025-04-14,MG95,74.29,80.3925750875473,68.64868116259575,91.77494149804114
2025-04-14,MG92,72.8,78.74812666654587,66.76991390705109,89.95518200397493
2025-04-15,MG95,74.65,80.31691133737564,68.86250677049159,91.28347420334816
2025-04-15,MG92,73.16,78.6787964630127,67.0229255604744,89.53351120948793
2025-04-16,MG95,75.04,80.50031103730201,68.1873536682129,92.71427515625953
2025-04-16,MG92,73.79,78.86899339199067,66.18364926338197,90.74133420467378
2025-04-17,MG95,76.74,80.50441035032271,68.2053925216198,92.695579662323
2025-04-17,MG92,74.96,78.86804818868637,66.2129276239872,90.72840419054032
2025-04-21,MG95,76.84,80.56420216083526,67.98549298882484,93.16584684848785
2025-04-21,MG92,75.54,78.9289357995987,65.93920867681504,91.1215261745453
2025-04-22,MG95,77.15,80.59872269153595,67.84329748213291,93.4626014649868
2025-04-22,MG92,75.85,78.96632180213929,65.75867943406105,91.3671872663498
2025-04-23,MG95,78.76,80.86286103487015,66.97262028157711,95.41617270469665
2025-04-23,MG92,77.55,79.21368058919907,64.68864046812058,92.98320961475373
2025-04-24,MG95,77.62,80.32844944953918,68.93409934937954,91.20634708285331
2025-04-24,MG92,76.19,78.67407044649124,67.13335834264755,89.47534908771516
2025-04-25,MG95,78.45,80.93163005948067,66.95643409252166,95.57770627498627
2025-04-25,MG92,76.62,79.24246799468995,64.72007077217103,93.13798436164856
2025-04-25,MG95,78.45,80.65863644957543,67.73631666898727,93.75791147232056
2025-04-25,MG92,76.62,79.00866323947906,65.64913220643997,91.62222697734833
2025-04-25,MG95,78.45,80.77012463092804,67.3706101065874,94.57465972423553
2025-04-25,MG92,76.62,79.11274572372437,65.20152338147163,92.30057094097138
2025-04-25,MG95,78.45,80.50102396130562,68.26241237103939,92.60070448637008
2025-04-25,MG92,76.62,78.8576784825325,66.29284318685532,90.65231991291047
2025-04-28,MG95,78.17,80.76105361104011,67.41430015325547,94.48528156757355
2025-04-28,MG92,76.29,79.10207318544388,65.2583961725235,92.22797382116318
2025-04-29,MG95,76.83,81.00627132654189,66.80386835575104,95.97772230505943
2025-04-29,MG92,75.3,79.29514243125917,64.55384346485138,93.4744950914383
2025-04-30,MG95,74.78,80.72441306948662,67.48423236966133,94.29750113725662
2025-04-30,MG92,73.34,79.07606632947922,65.3320899116993,92.0674269104004
2025-05-01,MG95,74.78,80.94647013545035,66.87014683663845,95.75123760581016
2025-05-01,MG92,73.34,79.2621612596512,64.60463667154312,93.2762409925461
2025-05-02,MG95,75.24,80.92588914513588,66.9331514954567,95.60559473633766
2025-05-02,MG92,73.73,79.24412898302079,64.68128072977066,93.15655806541443
2025-05-05,MG95,73.1,80.76290158510209,67.35494922995566,94.5855974793434
2025-05-05,MG92,71.59,79.1123970079422,65.1728231549263,92.305645673275
2025-05-06,MG95,74.97,80.9296226155758,67.00987994134427,95.48447270035743
2025-05-06,MG92,73.46,79.23296090126038,64.79692589521409,93.06606631994248
2025-05-07,MG95,76.52,80.96585979223251,66.87018904924392,95.78851602673531
2025-05-07,MG92,74.79,79.26935581684113,64.61998934268952,93.31324157238006
2025-05-08,MG95,74.88,80.7086912190914,67.54831110477447,94.16200805425643
2025-05-08,MG92,73.38,79.05937385559082,65.41357469558716,91.95625081300736
2025-05-09,MG95,76.72,80.92526064634323,67.01092118561267,95.47428539156914
2025-05-09,MG92,75.22,79.23115308523178,64.79510431408883,93.05643075227738
2025-05-12,MG95,76.72,80.92100186347962,66.9797870439291,95.51803641200065
2025-05-12,MG92,75.22,79.23465859651566,64.74610056996346,93.08789776325226
2025-05-13,MG95,77.69,81.00563344717025,66.76473727047443,96.04277662038803
2025-05-13,MG92,76.19,79.30134590148926,64.49580064058304,93.52355389595033
2025-05-14,MG95,78.68,81.28500585079193,66.1537989217043,97.61643441081047
2025-05-14,MG92,77.18,79.50078379869461,63.81003270149231,94.83038464307785
2025-05-15,MG95,76.57,81.20490508675574,66.4323927372694,96.98405205845833
2025-05-15,MG92,75.07,79.42704876422883,64.15930826425553,94.32021345376968
2025-05-16,MG95,76.6,81.35539771556854,66.05668647766113,97.91447416663169
2025-05-16,MG92,75.1,79.5406475186348,63.719664841890335,95.08322193861008
2025-05-19,MG95,76.59,81.02563284158707,66.68999281704426,96.2077716243267
2025-05-19,MG92,75.09,79.32095657587051,64.40122524976731,93.65717627763749
2025-05-20,MG95,76.33,80.98764149665833,66.8800714892149,95.81361845612525
2025-05-20,MG92,74.8,79.27577952861786,64.65127740740776,93.34168943881988
2025-05-21,MG95,77.54,81.32423543214797,66.20639113783837,97.59446509480476
2025-05-21,MG92,76.05,79.50523451328279,63.916225833892824,94.82921002149583
2025-05-22,MG95,77.12,81.58006258249283,65.62043327093124,99.09302196979523
2025-05-22,MG92,75.87,79.68681449174882,63.24166268348694,96.05559754371643
2025-05-23,MG95,76.75,81.57882434606552,65.60892799079419,99.11182065010071
2025-05-23,MG92,75.5,79.68834700584412,63.223836883306504,96.06921581268311
2025-05-26,MG95,77.26,80.86956814885139,67.13960396826268,95.1517904663086
2025-05-26,MG92,76.01,79.18903188943864,64.94058303236962,92.78610260725021
2025-05-27,MG95,76.86,81.28190087914467,66.22137192249298,97.4920104110241
2025-05-27,MG92,75.61,79.48848697900773,63.90715922355652,94.73540547609329
2025-05-28,MG95,76.5,81.14664231061936,66.39365563631057,96.94400636672974
2025-05-28,MG92,75.17,79.4131919002533,64.05799715280533,94.26558437347413
2025-04-07,MG95,72.28,76.56824020385741,71.54151389122009,79.08630246162414
2025-04-07,MG92,71.39,75.60918939352035,70.77794476151466,77.92240221500397
2025-04-08,MG95,73.41,76.59483610153198,70.7411742067337,80.10130837440491
2025-04-08,MG92,72.72,75.74344814300538,69.86967563033105,78.790538418293
2025-04-09,MG95,70.34,76.46690687656402,70.72370389938354,79.72540798187255
2025-04-09,MG92,68.86,75.48872690677644,70.03518983125687,78.51975491046906
2025-04-10,MG95,72.44,76.58801616668701,69.69331154823303,81.24461777687073
2025-04-10,MG92,70.96,75.80109941244126,68.77053848028183,79.78077518701554
2025-04-11,MG95,71.93,76.56222886562347,69.20579710006713,81.69663714408874
2025-04-11,MG92,70.37,75.77506761193276,68.2979254770279,80.17944713830948
2025-04-14,MG95,74.29,76.64436379909515,68.97708439350127,82.17503986358642
2025-04-14,MG92,72.8,75.9378243803978,67.95483899593354,80.56121957778932
2025-04-15,MG95,74.65,76.65001935482024,68.49236537933349,82.70357557296752
2025-04-15,MG92,73.16,75.96277322888375,67.45169857621194,81.01274686813355
2025-04-16,MG95,75.04,76.63629169464112,67.8589385175705,83.3284035873413
2025-04-16,MG92,73.79,75.95020097494125,66.82673515439033,81.55182946443558
2025-04-17,MG95,76.74,76.64558824539183,68.00641267776489,83.20053442955016
2025-04-17,MG92,74.96,75.96490728139878,66.96405165076256,81.43949366807938
2025-04-21,MG95,76.84,76.73012586593627,67.60758972644805,83.84781832695006
2025-04-21,MG92,75.54,76.12397837281227,66.45822660207749,81.96529872655869
2025-04-22,MG95,77.15,76.70419070720672,67.39132940769196,84.0014424419403
2025-04-22,MG92,75.85,76.07919057130815,66.27295990228653,82.10419869899751
2025-04-23,MG95,78.76,76.75006816864013,66.80568829536438,84.73133256912232
2025-04-23,MG92,77.55,76.1640248465538,65.63386805176735,82.71117055654526
2025-04-24,MG95,77.62,76.7283746767044,65.27621163368225,86.2437501525879
2025-04-24,MG92,76.19,76.11373583078385,64.15308586835862,83.99765385627747
2025-04-25,MG95,78.45,76.78140013217926,66.37877700805663,85.25578371047973
2025-04-25,MG92,76.62,76.219146194458,65.17399566054344,83.14697229146958
2025-04-25,MG95,78.45,76.79114025592804,65.69205669879914,85.98845541000365
2025-04-25,MG92,76.62,76.23138173222542,64.48667604327203,83.76404563426972
2025-04-25,MG95,78.45,76.8056765127182,65.39428060054779,86.33395256996154
2025-04-25,MG92,76.62,76.25376425743103,64.17817122340203,84.05160124778747
2025-04-25,MG95,78.45,76.81420143127441,64.38681080818176,87.39412899971008
2025-04-25,MG92,76.62,76.2524219429493,63.18733837604523,84.94170590639115
2025-04-28,MG95,78.17,76.9005549287796,63.20123259544372,88.85957405090332
2025-04-28,MG92,76.29,76.37991451740265,61.944705532789236,86.14665838956833
2025-04-29,MG95,76.83,76.83487840175628,63.35564220428466,88.51743141174316
2025-04-29,MG92,75.3,76.2666459262371,62.16741598129273,85.8780407857895
2025-04-30,MG95,74.78,76.85981552124024,62.02515885829925,89.97729483604431
2025-04-30,MG92,73.34,76.27702042460442,60.86295021772385,87.09072864055634
2025-05-01,MG95,74.78,76.91476774692535,63.4592303609848,88.62966462135314
2025-05-01,MG92,73.34,76.41106531381607,62.17715344905854,85.95073507785797
2025-05-02,MG95,75.24,76.80810692310332,62.31055187702179,89.53065379142761
2025-05-02,MG92,73.73,76.19145811438561,61.194733955860144,86.73269924163819
2025-05-05,MG95,73.1,76.8201342201233,62.031576805114746,89.85739151000976
2025-05-05,MG92,71.59,76.20557744264603,60.91412652611733,87.00195387601853
2025-05-06,MG95,74.97,76.79958662509918,61.419168834686275,90.44291710853577
2025-05-06,MG92,73.46,76.1511249768734,60.3529890203476,87.49627142190934
2025-05-07,MG95,76.52,76.89553238868713,61.7763467502594,90.34110786437988
2025-05-07,MG92,74.79,76.33449423551559,60.58506836891175,87.38409033298493
2025-05-08,MG95,74.88,76.89566638469695,62.231526575088495,89.86132822036743
2025-05-08,MG92,73.38,76.34678892612457,61.02001466274262,86.98426262617112
2025-05-09,MG95,76.72,76.82523530960083,61.907801456451416,90.0020887184143
2025-05-09,MG92,75.22,76.21141082286834,60.79001476407051,87.12118780374527
2025-05-12,MG95,76.72,76.90772602558135,61.32032598495483,90.85977407455444
2025-05-12,MG92,75.22,76.34421350240707,60.13636676430703,87.812457010746
2025-05-13,MG95,77.69,76.78213017940521,59.403878087997434,92.55088688850402
2025-05-13,MG92,76.19,76.06383813381196,58.458136945962906,89.25563163757325
2025-05-14,MG95,78.68,76.7996975183487,59.40977853298187,92.59828451156616
2025-05-14,MG92,77.18,76.09661790847778,58.44344429016113,89.28923955202103
2025-05-15,MG95,76.57,76.83854249954223,59.46368189334869,92.6576401233673
2025-05-15,MG92,75.07,76.16978997349739,58.45001935601235,89.32613272428513
2025-05-16,MG95,76.6,76.81481134414672,59.58474497795105,92.45367971420288
2025-05-16,MG92,75.1,76.12902456521988,58.591927022933966,89.16429965019226
2025-05-19,MG95,76.59,76.8210814332962,59.13732768058777,92.96192195892334
2025-05-19,MG92,75.09,76.12959789276124,58.16073920965195,89.58414831876755
2025-05-20,MG95,76.33,76.71515065670013,58.62705701351165,93.19264460563659
2025-05-20,MG92,74.8,75.91919123530388,57.80086242198944,89.8119959640503
2025-05-21,MG95,77.54,76.73919138908386,58.50463548660278,93.4039978981018
2025-05-21,MG92,76.05,75.96179038167,57.65674789905548,89.97889798164368
2025-05-22,MG95,77.12,76.71004032611846,58.12991333484649,93.72658636093139
2025-05-22,MG92,75.87,75.8984058368206,57.33668097376824,90.25742596149445
2025-05-23,MG95,76.75,76.82703270435333,58.8385304403305,93.30939671516418
2025-05-23,MG92,75.5,76.13368398904801,57.87094488859177,89.87042077064514
2025-05-26,MG95,77.26,76.64150829792023,57.97262050151825,93.67865275382995
2025-05-26,MG92,76.01,75.7639423274994,57.26990651607514,90.2441029214859
2025-05-27,MG95,76.86,76.86505522727965,58.99409056663513,93.25408870697021
2025-05-27,MG92,75.61,76.20753403663636,57.974917383193976,89.81246008634568
2025-05-28,MG95,76.5,76.5510147857666,56.84376880645752,94.64052231788635
2025-05-28,MG92,75.17,75.56648104190826,56.3143196618557,91.08314502716065
2025-05-29,MG95,77.4,76.71418958187103,58.29678919315338,93.55454472541808
2025-05-29,MG92,76.07,75.90988148808479,57.489581968784336,90.11300202369691
2025-05-30,MG95,76.02,76.63917029857635,57.81237513542175,93.8492897415161
2025-05-30,MG92,74.69,75.75608410000801,57.12127817630768,90.38695248365403
2025-06-02,MG95,77.31,76.70462965965271,57.7788992357254,94.10116527557372
2025-06-02,MG92,75.47,75.88102855205537,57.011217489242554,90.5704809999466
2025-06-03,MG95,77.7,76.61078162670135,57.0997058057785,94.55486652374267
2025-06-03,MG92,75.86,75.68783082127571,56.482413836717605,90.98538813114166
2025-06-04,MG95,78.1,76.58666696548461,56.704962801933284,94.92123009681701
2025-06-04,MG92,76.26,75.6346251153946,56.139081643819814,91.30051806926728
2025-06-05,MG95,77.06,76.69232050895691,57.12848260402679,94.79541246414185
2025-06-05,MG92,75.22,75.84616022706032,56.41112101197243,91.15139830589295
2025-06-06,MG95,77.44,76.48455276489257,56.06110273361206,95.30100251197814
2025-06-06,MG92,75.6,75.4237452352047,55.65875602006913,91.66502697944641
2025-06-09,MG95,78.69,76.48623926639557,56.35524245738983,94.96963500022888
2025-06-09,MG92,76.85,75.43060696482658,55.934394611120226,91.38810977697374
2025-06-10,MG95,80.06,76.57414526939392,56.92830180644989,94.62425797462463
2025-06-10,MG92,78.18,75.6133619439602,56.36550052046776,91.05914717435837
2025-06-11,MG95,80.07,76.64039474487305,57.21011389732361,94.52962906837463
2025-06-11,MG92,77.89,75.74722027420998,56.55070351719856,90.95190762281418
2025-06-12,MG95,81.75,76.50396832466124,56.49976408481598,94.8674745941162
2025-06-12,MG92,79.62,75.46803251266479,56.04840488791466,91.29429337024689
2025-06-13,MG95,85.44,76.39481702327728,56.048899855613705,94.99003935813903
2025-06-13,MG92,83.31,75.24169553995132,55.76297422647477,91.45267737865449
2025-06-16,MG95,85.14,76.632835521698,56.82061522006988,94.94681871414184
2025-06-16,MG92,83.01,75.72653043031693,56.19186417937279,91.30162832260132
2025-06-17,MG95,85.82,76.38881954669952,55.93247580528259,95.10132073402404
2025-06-17,MG92,83.91,75.22807673573494,55.660903723239905,91.54891450166703
2025-06-18,MG95,87.49,76.60540330410004,57.08765540599823,94.55030141830444
2025-06-18,MG92,85.59,75.67714235782624,56.47759515523911,90.98390475988388
2025-06-19,MG95,88.68,76.59465590000153,56.54867724895477,95.12748229980468
2025-06-19,MG92,86.69,75.64820751786232,55.981621329784396,91.46837563276291
2025-06-20,MG95,89.81,76.47264560222625,56.08765242576599,95.22778524398804
2025-06-20,MG92,88.0,75.40008409857751,55.698998153209686,91.61004213809967
2025-06-23,MG95,89.27,76.42462882518768,55.983934893608094,95.17332741737366
2025-06-23,MG92,87.46,75.30173567414285,55.66282846570015,91.58962985754013
2025-06-24,MG95,82.55,76.67480399608611,57.27101277351379,94.57544646263122
2025-06-24,MG92,80.74,75.81472276687623,56.5667839896679,90.97588727474213
2025-06-25,MG95,81.1,76.51040937423706,56.29876544952392,95.11995079994202
2025-06-25,MG92,79.29,75.47827505469323,55.850461279153826,91.50142842054368
2025-05-01,MG95,74.78,72.95385285377503,69.75916062712669,75.65608743429183
2025-05-01,MG92,73.34,72.46959650635719,69.76847934603691,73.8860059261322
2025-05-02,MG95,75.24,72.97617468833923,69.214932192564,76.18834373474121
2025-05-02,MG92,73.73,72.4541873049736,69.20314306855202,74.34286142587662
2025-05-05,MG95,73.1,73.03595958590508,68.99673715114594,76.52130812883377
2025-05-05,MG92,71.59,72.48270634889603,68.97611416816711,74.65032854318619
2025-05-06,MG95,74.97,72.99058047294616,68.54273653149605,76.83899312019348
2025-05-06,MG92,73.46,72.43262753725053,68.49602028131486,74.91400292873382
2025-05-07,MG95,76.52,73.0550543820858,68.30765748262405,77.20966572523118
2025-05-07,MG92,74.79,72.46845556974411,68.2457617366314,75.26448466777802
2025-05-08,MG95,74.88,73.10586240768433,68.17363287329674,77.45619541168213
2025-05-08,MG92,73.38,72.50067719340325,68.10131304144859,75.5021229672432
2025-05-09,MG95,76.72,73.1840423154831,67.91558123350144,77.89049059391022
2025-05-09,MG92,75.22,72.55191442728042,67.82087431907654,75.92104341745377
2025-05-12,MG95,76.72,73.23442690372467,67.80521117210388,78.11838903665543
2025-05-12,MG92,75.22,72.58823642849923,67.69886404395103,76.14539264678956
2025-05-13,MG95,77.69,73.22155440807343,67.62459508180618,78.26729635477066
2025-05-13,MG92,76.19,72.57440967559815,67.50423599481583,76.27951608419419
2025-05-14,MG95,78.68,73.18996598124504,67.43661563873292,78.38008223772049
2025-05-14,MG92,77.18,72.54566769003868,67.30298963904382,76.37538973093034
2025-05-15,MG95,76.57,73.13981762647629,67.31340428233146,78.38399569034577
2025-05-15,MG92,75.07,72.50347489237785,67.17359606146813,76.36473224639893
2025-05-16,MG95,76.6,73.17494064092637,66.58350525259972,79.21715103387832
2025-05-16,MG92,75.1,72.5185693526268,66.37701247811317,77.16119343042374
2025-05-19,MG95,76.59,73.05192094564438,66.1767334985733,79.34224780082702
2025-05-19,MG92,75.09,72.41019348859787,65.94864542245865,77.24773849964143
2025-05-20,MG95,76.33,73.21790838956834,66.23183829903603,79.69272021532059
2025-05-20,MG92,74.8,72.55035383582116,65.98712252616883,77.62942332506181
2025-05-21,MG95,77.54,72.86452540040017,65.33077251791954,79.78165097475052
2025-05-21,MG92,76.05,72.23896556854248,65.05323749423027,77.62235913515092
2025-05-22,MG95,77.12,73.35821770071983,66.20551386713981,80.06756479263306
2025-05-22,MG92,75.87,72.67081663370132,65.93915073156357,78.02881233930589
2025-05-23,MG95,76.75,73.09047157406808,65.05540897607804,80.65066031932831
2025-05-23,MG92,75.5,72.43010086536408,64.71449734807015,78.53363963365555
2025-05-26,MG95,77.26,73.3240217912197,65.59723941802979,80.64138035535812
2025-05-26,MG92,76.01,72.63888352274896,65.27328963279724,78.5822059392929
2025-05-27,MG95,76.86,73.09719308495522,64.21839812397957,81.61055269241334
2025-05-27,MG92,75.61,72.43274993658066,63.78930266857147,79.49416837692262
2025-05-28,MG95,76.5,72.69749496340752,63.247870787382126,81.69915361642838
2025-05-28,MG92,75.17,72.06658796906471,62.799690970182425,79.48921120405197
2025-05-29,MG95,77.4,72.6806109559536,62.92949492454529,82.02901577472687
2025-05-29,MG92,76.07,72.04906737923622,62.45195447325707,79.82139424324036
2025-05-30,MG95,76.02,72.82029625415802,63.103171099424365,82.18946733236314
2025-05-30,MG92,74.69,72.17741619110107,62.6129314494133,80.01779271125794
2025-06-02,MG95,77.31,72.6618504524231,62.9819833278656,81.91797712802887
2025-06-02,MG92,75.47,72.03238609910012,62.514111475944524,79.70358488798142
2025-06-03,MG95,77.7,72.70074428796768,62.503717519044876,82.58910305261612
2025-06-03,MG92,75.86,72.06555631756783,61.97625821948052,80.40127855539322
2025-06-04,MG95,78.1,72.46550923585892,61.64825816988945,83.00275232076645
2025-06-04,MG92,76.26,71.84462552666665,61.085064325332645,80.77827723503113
2025-06-05,MG95,77.06,72.53425317645073,61.61171775460243,83.231649184227
2025-06-05,MG92,75.22,71.90847426295281,61.027344298362735,81.03218590259553
2025-06-06,MG95,77.44,72.29610754966735,60.83359589576721,83.55843585014344
2025-06-06,MG92,75.6,71.68330320954323,60.2246844625473,81.32484270095826
2025-06-09,MG95,78.69,72.51752962946892,61.527881615161895,83.2902885723114
2025-06-09,MG92,76.85,71.89264540672302,60.93846927046776,81.08994090080262
2025-06-10,MG95,80.06,72.49197184205056,61.01287481546402,83.86316811561585
2025-06-10,MG92,78.18,71.86786828517914,60.37262153863907,81.68712723255157
2025-06-11,MG95,80.07,72.16905405640603,59.66285846233368,84.70845605373383
2025-06-11,MG92,77.89,71.56005145549774,58.95662303090096,82.52452224969865
2025-06-12,MG95,81.75,72.01896111369133,59.46189063549042,84.55598294734955
2025-06-12,MG92,79.62,71.41690106749535,58.77502176761627,82.33197061777115
2025-06-13,MG95,85.44,72.09239852309227,59.64724030971527,84.51742786169052
2025-06-13,MG92,83.31,71.48714954018592,58.9607583796978,82.30459688186646
2025-06-16,MG95,85.14,72.13853536605835,59.95498120903969,84.2462496638298
2025-06-16,MG92,83.01,71.53181218147279,59.29054151773453,82.02309590816498
2025-06-17,MG95,85.82,72.38729812741279,60.5032033264637,84.22410611867905
2025-06-17,MG92,83.91,71.7684581720829,59.83300660610199,82.04874731063843
2025-06-18,MG95,87.49,71.92725349664688,59.093197042942045,84.78503135681153
2025-06-18,MG92,85.59,71.32846318006516,58.39040810108185,82.56165296077728
2025-06-19,MG95,88.68,72.08475882172584,59.5300417637825,84.64889847517014
2025-06-19,MG92,86.69,71.47955203890801,58.83232213973999,82.44445560216904
2025-06-20,MG95,89.81,72.04230811238288,59.07964259028435,85.1227115058899
2025-06-20,MG92,88.0,71.43807178020478,58.34208222270012,82.94832993030549
2025-06-23,MG95,89.27,71.96727055549621,59.08643541693687,84.90517167806625
2025-06-23,MG92,87.46,71.3664987719059,58.371313805580144,82.69899375200272
2025-06-24,MG95,82.55,72.18634367227554,59.1658990085125,85.40869663953781
2025-06-24,MG92,80.74,71.57626936674119,58.39701766490936,83.28456963300705
2025-06-25,MG95,81.1,72.0764416205883,59.09401717424393,85.19857365131378
2025-06-25,MG92,79.29,71.47076114416123,58.34829836010933,83.03678093194962
2025-06-26,MG95,79.86,71.65632936120033,57.730375052690505,85.85302951574326
2025-06-26,MG92,78.05,71.06436476826669,56.94887621879578,83.68010306835176
2025-06-27,MG95,79.59,71.8760086619854,58.02096451044083,86.07760286092758
2025-06-27,MG92,77.78,71.27652215003968,57.20764151692391,83.96340506076812
2025-06-30,MG95,79.2,71.7362520480156,57.978143850564955,85.74154514551162
2025-06-30,MG92,77.39,71.14199654340744,57.20178820610047,83.57057315349579
2025-07-01,MG95,79.36,71.75253878593445,58.04267570376396,85.6998967385292
2025-07-01,MG92,77.65,71.15783414244652,57.269046638011936,83.52754104614259
2025-07-02,MG95,80.1,71.99848457455636,58.04488203525543,86.39020660400391
2025-07-02,MG92,78.26,71.39493038773537,57.19776214241982,84.32795397996902
2025-07-03,MG95,80.19,72.2189483487606,58.23773769378662,86.74725789785386
2025-07-03,MG92,78.83,71.6089368736744,57.348488174676895,84.75727837324143
2025-07-04,MG95,80.68,71.81416897892952,57.84628545761108,86.14128783941268
2025-07-04,MG92,79.32,71.2165377354622,57.030717656612396,84.02364301681519
2025-07-07,MG95,80.11,71.4603491806984,56.90326372027397,86.43666882514954
2025-07-07,MG92,78.42,70.8722153055668,56.08314138531685,84.29647986650467
2025-07-08,MG95,79.99,71.99983957409859,57.60840726494789,86.99370735406876
2025-07-08,MG92,78.3,71.39617186665535,56.708007451295856,84.99743460178375
2025-07-09,MG95,81.39,71.55928643345833,57.189427143335344,86.3215740942955
2025-07-09,MG92,79.7,70.96881023406982,56.37303545594216,84.18333042860031
2025-07-10,MG95,80.3,71.413730956316,56.67326146245003,86.62476415634156
2025-07-10,MG92,78.61,70.8261144721508,55.839850859642034,84.49968898296356
2025-07-11,MG95,79.29,71.5370359146595,57.086496207714085,86.40089505434037
2025-07-11,MG92,77.6,70.9469269824028,56.26459839224815,84.26815316438676
2025-07-14,MG95,80.84,71.77940700054168,57.28816382050514,86.81178975105286
2025-07-14,MG92,79.15,71.18175446867943,56.41584025025368,84.76206943273544
2025-07-15,MG95,78.87,71.37811764597893,56.71922001600266,86.45801898241044
2025-07-15,MG92,77.18,70.79210057258607,55.90264171600342,84.30812528848648
2025-07-16,MG95,79.2,71.1990571308136,56.377416924238204,86.42245024442673
2025-07-16,MG92,77.51,70.61788698315621,55.57620270252228,84.24229193449021
2025-07-17,MG95,79.08,70.97329370379448,55.816932952404024,86.56238069057464
2025-07-17,MG92,77.39,70.39682942152024,55.02010320305825,84.36774250507355
2025-07-18,MG95,79.42,71.42230667710304,56.47320736885071,86.93110102653503
2025-07-18,MG92,77.73,70.83331854701042,55.61263836026192,84.8442605829239
2025-07-21,MG95,78.69,71.18807896018028,56.34983555197716,86.4296174788475
2025-07-21,MG92,77.0,70.6071464419365,55.548776509761815,84.24872664213181
2025-07-22,MG95,78.08,71.40547615647316,56.51605031490326,86.82217510938645
2025-07-22,MG92,76.39,70.81730172038078,55.66606566786766,84.71964057922364
2025-07-23,MG95,77.26,71.26198883652687,56.14735226511955,86.93000454664231
2025-07-23,MG92,75.57,70.67674357533456,55.297779197692876,84.82099596738816
2025-05-29,MG95,77.4,78.93699771165848,75.55373677611351,81.79589134454727
2025-05-29,MG92,76.07,75.65178613781929,73.4413900488615,79.50799288630486
2025-05-30,MG95,76.02,79.0976014137268,75.47477093338966,82.18121802806854
2025-05-30,MG92,74.69,75.8623777127266,73.30269227445126,79.99011954069138
2025-06-02,MG95,77.31,79.09925204515457,75.15894404053688,82.46985965967178
2025-06-02,MG92,75.47,75.9512166929245,73.00710149168968,80.36469672560692
2025-06-03,MG95,77.7,79.0911174416542,74.87360367178917,82.71026819944382
2025-06-03,MG92,75.86,76.01657795190812,72.74299056947231,80.67331226706504
2025-06-04,MG95,78.1,79.11925113201141,74.53766825795174,83.06478917598724
2025-06-04,MG92,76.26,76.13326760292054,72.41692355394363,81.11879754662515
2025-06-05,MG95,77.06,79.44936829805374,73.85039001703262,84.31252974271774
2025-06-05,MG92,75.22,76.6736763560772,71.65258483350277,82.64726888537407
2025-06-06,MG95,77.44,79.384756565094,73.83481845259666,84.20074278116226
2025-06-06,MG92,75.6,76.60275033950806,71.66070346534252,82.51121459484101
2025-06-09,MG95,78.69,79.50538945198059,73.29407250881195,84.90610045194626
2025-06-09,MG92,76.85,76.85465195059777,71.11166530549526,83.35949512958527
2025-06-10,MG95,80.06,79.47272336483002,73.56118297576904,84.61045503616333
2025-06-10,MG92,78.18,76.76235403895379,71.37344637751579,83.00620023012162
2025-06-11,MG95,80.07,79.66759818792343,72.76590237021446,85.67661702632904
2025-06-11,MG92,77.89,77.14205689430237,70.5620536440611,84.27418535590172
2025-06-12,MG95,81.75,79.57409584522247,72.8874244093895,85.39112162590027
2025-06-12,MG92,79.62,77.01274124741555,70.7067597436905,83.93416164159775
2025-06-13,MG95,85.44,79.53323131799698,73.02069237828255,85.1969398856163
2025-06-13,MG92,83.31,76.94051589131355,70.84551576435567,83.70398140311241
2025-06-16,MG95,85.14,79.82579433917999,72.26908966898918,86.40892285108566
2025-06-16,MG92,83.01,77.41068862199783,70.044979236722,85.13321008443833
2025-06-17,MG95,85.82,79.73655992746353,72.51220670342445,86.02812856435776
2025-06-17,MG92,83.91,77.26681141138077,70.30159431397915,84.68701688885689
2025-06-18,MG95,87.49,79.646413564682,72.22263032197952,86.10314565896988
2025-06-18,MG92,85.59,77.21583249688149,70.05763659596444,84.76317610740662
2025-06-19,MG95,88.68,79.93365079164505,72.02244338393211,86.82802820205688
2025-06-19,MG92,86.69,77.57421722292901,69.77970786988736,85.62297147870063
2025-06-20,MG95,89.81,79.76816815137863,71.72304984927177,86.76568722724915
2025-06-20,MG92,88.0,77.43758046984672,69.54869426190854,85.52971474409104
2025-06-23,MG95,89.27,79.74021685123444,71.50848144292831,86.89560377597809
2025-06-23,MG92,87.46,77.44038525104523,69.35442956030369,85.67147716760635
2025-06-24,MG95,82.55,79.79181504249573,71.54660099744797,86.96209412813187
2025-06-24,MG92,80.74,77.4925828564167,69.37491432011127,85.75354166030884
2025-06-25,MG95,81.1,79.85363620519638,71.39503017067909,87.21045488119125
2025-06-25,MG92,79.29,77.58601881027222,69.21318239212036,86.04037310242653
2025-06-26,MG95,79.86,79.82223773002625,71.17315703630447,87.33981513977051
2025-06-26,MG92,78.05,77.58475531458855,69.0127346265316,86.17911568164826
2025-06-27,MG95,79.59,79.80909651517868,70.69914311170578,87.71982514858246
2025-06-27,MG92,77.78,77.63965913057328,68.5671642178297,86.59606925725937
2025-06-30,MG95,79.2,79.93830174207687,70.90010976791382,87.7957997918129
2025-06-30,MG92,77.39,77.75569463133812,68.72023537576199,86.70261509895325
2025-07-01,MG95,79.36,79.82122546434402,70.56986492872238,87.85364484786987
2025-07-01,MG92,77.65,77.67163184404373,68.44084601283073,86.74491084098815
2025-07-02,MG95,80.1,79.85882520675659,70.77901634573936,87.74685537815094
2025-07-02,MG92,78.26,77.6841413474083,68.62860057532788,86.63464619994164
2025-07-03,MG95,80.19,79.88399505615234,70.39909753203392,88.11995279788971
2025-07-03,MG92,78.83,77.76594597220421,68.26065450251103,87.04745981097221
2025-07-04,MG95,80.68,79.82955157756805,70.52286753058434,87.90980279445648
2025-07-04,MG92,79.32,77.68760923981667,68.39380096077919,86.80787056207657
2025-07-07,MG95,80.11,80.32398408651352,68.80100816488266,90.33665961027145
2025-07-07,MG92,78.42,78.45645084381104,66.61570409536363,89.51959216713905
2025-07-08,MG95,79.99,79.8654733300209,69.95110157132149,88.4681448340416
2025-07-08,MG92,78.3,77.80525771379472,67.83929213345051,87.4215351819992
2025-07-09,MG95,81.39,79.90871804952621,70.09060272574425,88.43137496709824
2025-07-09,MG92,79.7,77.83540239095689,67.96018447577954,87.39053921341896
2025-07-10,MG95,80.3,79.83185881376266,69.78707349300385,88.54454809427261
2025-07-10,MG92,78.61,77.78871577739716,67.69201871812344,87.49707609415054
2025-07-11,MG95,79.29,80.10316425561905,69.38077649474144,89.41293525695801
2025-07-11,MG92,77.6,78.14307703137398,67.22970475137234,88.48701152086258
2025-07-14,MG95,80.84,79.84803682565689,69.55668729543686,88.77333837747574
2025-07-14,MG92,79.15,77.83606550216675,67.46737635433674,87.7464865577221
2025-07-15,MG95,78.87,79.96257787942886,69.30217999219894,89.21143966913223
2025-07-15,MG92,77.18,77.99590218663216,67.19280798912048,88.24030726790429
2025-07-16,MG95,79.2,80.00854021310806,69.28890654444695,89.31084233522415
2025-07-16,MG92,77.51,78.04888835668564,67.16767248988151,88.35669224619866
2025-07-17,MG95,79.08,79.98543137311935,67.89011040329933,90.48056548833847
2025-07-17,MG92,77.39,78.18105358958245,65.8291108250618,89.58624380469323
2025-07-18,MG95,79.42,79.87690007686615,68.77818658947945,89.49986243247986
2025-07-18,MG92,77.73,77.9617340373993,66.71315007984639,88.52740753889084
2025-07-21,MG95,78.69,80.07849597930908,68.4596466422081,90.162093937397
2025-07-21,MG92,77.0,78.22335829257965,66.35386925756931,89.27517295956612
2025-07-22,MG95,78.08,79.93318569660187,68.68882450461388,89.68492466211319
2025-07-22,MG92,76.39,78.035133279562,66.6124378246069,88.73653847694398
2025-07-23,MG95,77.26,79.91879510879517,69.02565363049507,89.36607921123505
2025-07-23,MG92,75.57,77.9799695956707,66.939669765234,88.3951078915596
2025-07-24,MG95,78.14,79.85501325130463,68.35176283121109,89.82793682813644
2025-07-24,MG92,76.45,77.9849698126316,66.30828932285308,88.86878435850144
2025-07-25,MG95,78.22,79.97833639383316,68.97461172938347,89.5241112112999
2025-07-25,MG92,76.53,78.05266092181206,66.87483272254467,88.57671075344086
2025-07-28,MG95,77.92,79.8883450627327,67.60581421852112,90.54386401176453
2025-07-28,MG92,76.23,78.10148024439812,65.5786832922697,89.62762552857399
2025-07-29,MG95,79.49,79.85318022966385,68.25805985927582,89.90597248077393
2025-07-29,MG92,77.8,77.99315117120743,66.21837502717972,88.95049937367439
2025-07-30,MG95,81.72,79.73794609308243,68.28500345349312,89.662089407444
2025-07-30,MG92,80.03,77.86006295919418,66.2739777982235,88.66597985982895
2025-07-31,MG95,82.4,80.2461946606636,68.49877846240997,90.44964122772217
2025-07-31,MG92,80.71,78.40508660793304,66.34703204333782,89.61941728711129
2025-08-01,MG95,81.46,79.98514866828918,67.91574078798294,90.45759344100952
2025-08-01,MG92,79.77,78.17804270625115,65.85394613206387,89.56212089419365
2025-08-04,MG95,79.18,79.75352221727371,67.5149656534195,90.36534959077835
2025-08-04,MG92,77.49,77.95833783268928,65.52428577065469,89.40695287108421
2025-08-05,MG95,79.02,79.68281865119934,67.23292198777199,90.47843152284622
2025-08-05,MG92,77.33,77.90606853961945,65.2675183570385,89.50675110816955
2025-08-06,MG95,78.93,79.78008735179901,67.16085961461067,90.72860705852509
2025-08-06,MG92,77.24,78.02360948204995,65.17353578448295,89.7920771086216
2025-08-07,MG95,77.92,79.80280405282974,67.12379336357117,90.80501943826675
2025-08-07,MG92,76.23,78.05296559453011,65.13187627077103,89.87740339159966
2025-08-08,MG95,78.6,79.84631323814392,67.12777402997017,90.88499754667282
2025-08-08,MG92,76.45,78.10179387807847,65.12502561509609,89.97190569996835
2025-08-11,MG95,79.23,79.47199380397797,66.22364750504494,90.97216182947159
2025-08-11,MG92,77.08,77.75866070985795,64.33090513646603,89.96302538633347
2025-08-12,MG95,80.53,79.50671178102493,65.99265941977501,91.24674117565155
2025-08-12,MG92,78.38,77.8191292834282,64.09595318555832,90.25534093737602
2025-08-13,MG95,79.43,79.61465030908585,66.86005255579948,90.67792081832886
2025-08-13,MG92,77.01,77.86418500185013,64.92047820925713,89.69632922649384
2025-08-14,MG95,79.84,79.6937985420227,66.6619403064251,91.0061502456665
2025-08-14,MG92,77.42,77.9731413424015,64.70797794938088,90.05718717813492
2025-08-15,MG95,80.6,79.64095097780228,66.44954690337181,91.0943997502327
2025-08-15,MG92,78.18,77.9324227297306,64.51283059298993,90.13434106349945
2025-08-18,MG95,79.42,79.54040837287903,65.43841660022736,91.81466782093048
2025-08-18,MG92,76.71,77.9055577647686,63.542425583601,90.84821612477303
2025-08-19,MG95,79.65,79.700264275074,66.50466066598892,91.15908443927765
2025-08-19,MG92,76.94,77.99508673906327,64.55266207039357,90.2170776283741
2025-08-20,MG95,80.77,79.63257014751434,66.32782423496246,91.18735492229462
2025-08-20,MG92,78.16,77.93389232754707,64.39558984279633,90.22807272911072
2025-06-26,MG95,79.86,82.64431709051132,80.47833157181739,86.35881072282791
2025-06-26,MG92,78.05,79.82222910404207,75.46726171910764,84.25388613939286
2025-06-27,MG95,79.59,82.74297773838043,80.00625414848326,86.87650600671768
2025-06-27,MG92,77.78,80.01684793710709,75.16435012400152,84.85637273669244
2025-06-30,MG95,79.2,82.89260741472243,79.2922768652439,87.6501292347908
2025-06-30,MG92,77.39,80.31332264900207,74.69361168622972,85.77331194877625
2025-07-01,MG95,79.36,83.00618559122086,78.86190664768219,88.12577893733977
2025-07-01,MG92,77.65,80.5526877450943,74.40785093486309,86.40361608982087
2025-07-02,MG95,80.1,83.21294273138045,77.7139578640461,89.3199063181877
2025-07-02,MG92,78.26,80.94652858614923,73.5986846190691,87.78973886847497
2025-07-03,MG95,80.19,83.13243834972381,78.16548138856888,88.85297703742981
2025-07-03,MG92,78.83,80.79261996746064,73.92068473935127,87.24462654590607
2025-07-04,MG95,80.68,83.30983415842056,77.26328027844428,89.79302303791046
2025-07-04,MG92,79.32,81.14210208177568,73.27395756661892,88.38980572700501
2025-07-07,MG95,80.11,83.36287211179733,76.8208542227745,90.23104537725447
2025-07-07,MG92,78.42,81.23233187198639,72.9479261237383,88.84920636534692
2025-07-08,MG95,79.99,83.45310237407683,76.38626881241798,90.68158761262893
2025-07-08,MG92,78.3,81.41505995750428,72.62550538480282,89.42497186303139
2025-07-09,MG95,81.39,83.40666757822036,76.71343931555748,90.35485216379165
2025-07-09,MG92,79.7,81.32944279432297,72.86937440872192,89.05915651202203
2025-07-10,MG95,80.3,83.44743700027465,76.26819507479667,90.78655171394348
2025-07-10,MG92,78.61,81.3927718949318,72.53697224736214,89.48694931268693
2025-07-11,MG95,79.29,83.62811988592148,74.89601930379867,92.14178453683853
2025-07-11,MG92,77.6,81.73647877335549,71.49476901948452,91.00929582238199
2025-07-14,MG95,80.84,83.55896558761596,75.73971527814865,91.33318294286727
2025-07-14,MG92,79.15,81.6211347413063,72.13770589828492,90.19959073662758
2025-07-15,MG95,78.87,83.67260177135466,74.92821332216262,92.13759834766387
2025-07-15,MG92,77.18,81.84030068993569,71.51563926637174,91.12548109173775
2025-07-16,MG95,79.2,83.67016546726227,74.80961751937866,92.24434133768081
2025-07-16,MG92,77.51,81.82909049391748,71.42561742246151,91.2024212229252
2025-07-17,MG95,79.08,83.68958822488784,74.55161581635474,92.49025336503982
2025-07-17,MG92,77.39,81.86276834249497,71.22705233573915,91.44897937059403
2025-07-18,MG95,79.42,83.73526892662048,74.1245858490467,92.90480210781097
2025-07-18,MG92,77.73,81.95167483806611,70.89525983512402,91.9035310792923
2025-07-21,MG95,78.69,83.81827728748321,73.46946657896041,93.5484214425087
2025-07-21,MG92,77.0,82.12161422610284,70.37958136618138,92.65132488012314
2025-07-22,MG95,78.08,83.89881067276,73.07089883089066,93.95759484767913
2025-07-22,MG92,76.39,82.29395444869996,70.0570708322525,93.20680616140366
2025-07-23,MG95,77.26,83.88715121746063,73.01894851326942,93.99833526611327
2025-07-23,MG92,75.57,82.2674034869671,70.01895994663239,93.2099726164341
2025-07-24,MG95,78.14,83.96050137281418,72.54730614423751,94.47093958854674
2025-07-24,MG92,76.45,82.42506459116936,69.63700512707234,93.80627753734589
2025-07-25,MG95,78.22,84.02070322036742,71.88139269351959,95.11535168886184
2025-07-25,MG92,76.53,82.55705377936364,69.10142525196076,94.52426885247232
2025-07-28,MG95,77.92,83.91779837608337,72.382981300354,94.5963125705719
2025-07-28,MG92,76.23,82.33134697437286,69.51761086821557,93.80146641612053
2025-07-29,MG95,79.49,83.98559917211531,72.11689242124557,94.87916554212569
2025-07-29,MG92,77.8,82.47945200085641,69.29471606433393,94.22493960499764
2025-07-30,MG95,81.72,84.07765666246414,71.03048448562622,95.93113651275634
2025-07-30,MG92,80.03,82.69215270996095,68.41453608691693,95.40095155119897
2025-07-31,MG95,82.4,84.00873439311981,71.91813544631003,95.07468861341476
2025-07-31,MG92,80.71,82.53073912024499,69.13324576199055,94.4568564426899
2025-08-01,MG95,81.46,84.10747238397597,70.96790917515754,96.00667160749435
2025-08-01,MG92,79.77,82.7575423693657,68.35640091776848,95.54805465459825
2025-08-04,MG95,79.18,84.14232506752013,71.22732238769531,95.7876266002655
2025-08-04,MG92,77.49,82.82866945624352,68.55163886368275,95.44548041582108
2025-08-05,MG95,79.02,84.13365298509598,70.30800430774688,96.63297578096389
2025-08-05,MG92,77.33,82.83194933652878,67.82271618962288,96.19036296844483
2025-08-06,MG95,78.93,84.14342720508574,70.39419339895248,96.55901654958724
2025-08-06,MG92,77.24,82.8499083352089,67.8885973584652,96.14775288105012
2025-08-07,MG95,77.92,84.13457143306732,70.17663241028785,96.75540972948073
2025-08-07,MG92,76.23,82.83854690551759,67.7172968673706,96.30642536044121
2025-08-08,MG95,78.6,84.2558162331581,69.41785903573036,97.53878784179688
2025-08-08,MG92,76.45,83.12770568847657,67.06562151789666,97.36490983843804
2025-08-11,MG95,79.23,84.17529251575469,69.83509544730185,97.09837753772734
2025-08-11,MG92,77.08,82.93816263556481,67.43025535583497,96.73407637953758
2025-08-12,MG95,80.53,84.1817796587944,69.93092824220656,97.01311656236648
2025-08-12,MG92,78.38,82.94805898904801,67.5051254761219,96.67124824047089
2025-08-13,MG95,79.43,84.21870126724242,69.50542579889297,97.43349503278732
2025-08-13,MG92,77.01,83.04465004563332,67.14983976960183,97.16547988414766
2025-08-14,MG95,79.84,84.18044549226761,69.5512176811695,97.36654500961303
2025-08-14,MG92,77.42,82.96163221120835,67.1999595540762,97.00096600413323
2025-08-15,MG95,80.6,84.2544337272644,67.21353073120116,99.63206611871719
2025-08-15,MG92,78.18,83.27202042102815,65.26372428953648,99.42489205598832
2025-08-18,MG95,79.42,84.22038347721099,66.68442735671997,100.11914324760437
2025-08-18,MG92,76.71,83.25040345788003,64.83893725812436,99.83834601402283
2025-08-19,MG95,79.65,84.3030727982521,67.44529865980148,99.4430495262146
2025-08-19,MG92,76.94,83.35356372714044,65.43508149325848,99.35998445391655
2025-08-20,MG95,80.77,84.2253720998764,68.21549946069717,98.65354198217392
2025-08-20,MG92,78.16,83.13368887066842,66.09916745603086,98.36639812588693
2025-08-21,MG95,81.77,84.18996834754944,67.55358367562293,99.25970797538757
2025-08-21,MG92,79.01,83.11122121810914,65.5692163091898,98.88271933794023
2025-08-22,MG95,82.69,84.20655841827391,68.82913388609886,98.06073698997497
2025-08-22,MG92,79.93,83.05483941435814,66.60638156533241,97.73598055958749
2025-08-25,MG95,81.54,84.1977509856224,67.71863361001014,99.10748730897903
2025-08-25,MG92,79.6,83.1138110947609,65.70205146074295,98.74886808514596
2025-08-26,MG95,81.12,84.28736250400543,67.75192009806632,99.13779609203338
2025-08-26,MG92,79.18,83.29658644080163,65.69447087287904,99.01093713641167
2025-08-27,MG95,79.35,84.15314341783522,67.23391060829162,99.53946722745894
2025-08-27,MG92,77.41,83.06372439265252,65.31927903413774,99.07519254326822
2025-08-28,MG95,80.24,84.21025154590606,67.84038113951682,99.00006756782531
2025-08-28,MG92,78.3,83.12996474146844,65.79740901768209,98.67277864336968
2025-08-29,MG95,81.37,84.2480529308319,67.40250381827354,99.44566951990127
2025-08-29,MG92,79.43,83.24287013053895,65.42240622103215,99.21892124533655
2025-09-01,MG95,81.25,84.24285161495209,67.12719662189483,99.7070501446724
2025-09-01,MG92,79.31,83.25572499275208,65.19698297917843,99.47167052149773
2025-09-02,MG95,82.72,84.12984384298323,65.61334783434867,101.09724199771881
2025-09-02,MG92,80.78,83.18020267724991,63.98148486614228,100.64106599450112
2025-09-03,MG95,82.95,84.26571613550186,66.52127232551574,100.3114662528038
2025-09-03,MG92,80.73,83.35892307043076,64.6843906223774,100.15335630297662
2025-09-04,MG95,81.45,84.13165173530578,67.36080628037452,99.40222209692001
2025-09-04,MG92,79.28,83.0093558871746,65.43140935063363,98.88266262531282
2025-09-05,MG95,81.6,84.2233225107193,66.7073692202568,100.099043738842
2025-09-05,MG92,79.24,83.25420320391656,64.85680646181108,99.82499019026757
2025-09-08,MG95,81.23,84.2538246512413,66.86038265228271,99.97299400568008
2025-09-08,MG92,78.87,83.30229551196099,64.97139905154705,99.77263498306276
2025-09-09,MG95,81.58,84.04762824773788,65.40457010865211,101.23673974275589
2025-09-09,MG92,79.22,83.04216414213181,63.83764273881913,100.5952799999714
2025-09-10,MG95,81.84,83.97610532045364,64.38489950299262,102.19205131530761
2025-09-10,MG92,79.48,83.02938489675523,63.00762035429478,101.46057291269304
2025-09-11,MG95,82.05,84.10646692514419,65.98937010169028,100.70941525697708
2025-09-11,MG92,79.69,83.09236426949502,64.30444437503816,100.17502997875215
2025-09-12,MG95,81.4,84.14575716257094,65.8474940598011,100.87937647104263
2025-09-12,MG92,79.14,83.18585503578187,64.17112244009972,100.44876292705537
2025-09-15,MG95,83.32,84.07425357103347,65.93416171073913,100.73798382282257
2025-09-15,MG92,81.06,83.03477259635926,64.27013796150685,100.12887535214425
2025-09-16,MG95,83.4,84.04533696174622,65.04724550843238,101.58877601623534
2025-09-16,MG92,81.14,83.08015215039254,63.539102742075926,100.96659647583962
2025-09-17,MG95,83.21,84.09362798929214,65.564191532135,101.11666475534439
2025-09-17,MG92,81.74,83.11408520579339,63.95421554446221,100.57526044249535
2025-07-24,MG95,78.14,78.25173540353775,70.61672484040261,83.38125074625016
2025-07-24,MG92,76.45,75.36242728292942,69.56611579656601,81.02089747667311
2025-07-25,MG95,78.22,78.42177244901657,72.40587614774705,81.72356914997101
2025-07-25,MG92,76.53,75.09891988277434,71.75700499355793,79.1551258099079
2025-07-28,MG95,77.92,78.37130104780198,71.82730166077614,82.21926646471024
2025-07-28,MG92,76.23,75.16753873944282,71.09757660984992,79.70223889946936
2025-07-29,MG95,79.49,78.37193654537201,71.80449742913247,82.26179875135422
2025-07-29,MG92,77.8,75.19700602054596,71.03500705897808,79.77187573313712
2025-07-30,MG95,81.72,78.28712064504624,70.93994443058968,83.06521504163743
2025-07-30,MG92,80.03,75.31721739292144,69.97738300859928,80.66900174617767
2025-07-31,MG95,82.4,78.31251291751862,71.18426101088524,82.83299133539201
2025-07-31,MG92,80.71,75.28404305398463,70.28102843105792,80.4109761071205
2025-08-01,MG95,81.46,78.37187207460404,71.82184467077256,82.23250139236451
2025-08-01,MG92,79.77,75.17832659304142,71.0776449805498,79.72540913701057
2025-08-04,MG95,79.18,78.1845937037468,70.05334703445435,83.94640149831773
2025-08-04,MG92,77.49,75.43342892646788,68.83959552168845,81.64165624737738
2025-08-05,MG95,79.02,78.20288498163224,70.20077326059342,83.79447152853012
2025-08-05,MG92,77.33,75.41358738362788,69.03445253491401,81.47357293009757
2025-08-06,MG95,78.93,78.34132214069366,71.47662212848664,82.55973659038544
2025-08-06,MG92,77.24,75.24258526504039,70.64068511009215,80.10524968743323
2025-08-07,MG95,77.92,78.3139496946335,71.19852286577225,82.81959062576294
2025-08-07,MG92,76.23,75.2821106994152,70.29860429942607,80.39606679797171
2025-08-08,MG95,78.6,77.89880399942399,68.11335715532303,86.05518505811692
2025-08-08,MG92,76.45,75.6092867052555,66.23137178957462,83.87956607222556
2025-08-11,MG95,79.23,77.95575931787491,68.48110302090646,85.65678334236145
2025-08-11,MG92,77.08,75.60089965581894,66.70415003657341,83.48760889291762
2025-08-12,MG95,80.53,78.14059700965882,69.7137380540371,84.29884476661682
2025-08-12,MG92,78.38,75.47388225138187,68.39157753825187,82.02612724184989
2025-08-13,MG95,79.43,77.86425687789918,67.93825915455818,86.27890783309937
2025-08-13,MG92,77.01,75.63310556530952,65.9583062160015,84.12968212008475
2025-08-14,MG95,79.84,78.18514631032944,70.05617914319039,83.93809397935868
2025-08-14,MG92,77.42,75.42783906161785,68.85182926297188,81.62719737052917
2025-08-15,MG95,80.6,77.85198901176453,67.8549076616764,86.3660078406334
2025-08-15,MG92,78.18,75.6303939628601,65.85848591387271,84.20857083320617
2025-08-18,MG95,79.42,78.02198921680451,68.8821158027649,85.19080705165864
2025-08-18,MG92,76.71,75.55527987241744,67.27915389418601,82.9797284567356
2025-08-19,MG95,79.65,78.06320445775987,69.1681864154339,84.89013381004334
2025-08-19,MG92,76.94,75.53923547387123,67.64729671776294,82.67219129920005
2025-08-20,MG95,80.77,77.83288724422455,67.77485338807107,86.48094079971314
2025-08-20,MG92,78.16,75.64763651132583,65.71622588038444,84.34614186644554
2025-08-21,MG95,81.77,77.9653194117546,68.52762328505517,85.59294807195664
2025-08-21,MG92,79.01,75.58914337277412,66.78515127718448,83.40972013950348
2025-08-22,MG95,82.69,77.6809941148758,66.96732478380204,87.45655851125717
2025-08-22,MG92,79.93,75.67209498524664,64.58792900204658,85.32546276569366
2025-08-25,MG95,81.54,77.83582526922227,67.77151472330094,86.47008208036424
2025-08-25,MG92,79.6,75.63833958864211,65.73368463635444,84.32067442417144
2025-08-26,MG95,81.12,77.86276484012605,67.91842057824135,86.29326639413834
2025-08-26,MG92,79.18,75.6282499051094,65.9440995812416,84.1357449388504
2025-08-27,MG95,79.35,77.93375636577606,68.32701788544655,85.81398149490357
2025-08-27,MG92,77.41,75.598566416502,66.51965747058391,83.6338372349739
2025-08-28,MG95,80.24,77.79325614213944,67.55875658392907,86.73874098062515
2025-08-28,MG92,78.3,75.65726675391197,65.41355789601802,84.60900514841079
2025-08-29,MG95,81.37,77.57906583070755,66.48795699357987,88.07434504032136
2025-08-29,MG92,79.43,75.68324768900871,63.8905066537857,85.9460413634777
2025-09-01,MG95,81.25,77.85156534671783,67.85936074972153,86.36609994173051
2025-09-01,MG92,79.31,75.63370013594627,65.8566526544094,84.21388593435287
2025-09-02,MG95,82.72,77.71659118890763,67.17189513564111,87.21947186708451
2025-09-02,MG92,80.78,75.67611284136771,64.8536164945364,85.10406628131865
2025-09-03,MG95,82.95,77.838698823452,67.78612656235696,86.4517171216011
2025-09-03,MG92,80.73,75.63691622257232,65.7557107758522,84.30081936836243
2025-09-04,MG95,81.45,77.51764360904694,66.20963208317757,88.44001402616502
2025-09-04,MG92,79.28,75.6847431242466,63.486369785070416,86.30689168810844
2025-09-05,MG95,81.6,77.66732631206513,66.92580560922623,87.52594747781754
2025-09-05,MG92,79.24,75.68210359096527,64.50359456241131,85.41113498926163
2025-09-08,MG95,81.23,77.76921775579453,67.4364002764225,86.8904499077797
2025-09-08,MG92,78.87,75.66442862749099,65.23549299895762,84.76681860923766
2025-09-09,MG95,81.58,77.52719449281693,66.25825225234033,88.37942071437837
2025-09-09,MG92,79.22,75.6863466632366,63.551759042143814,86.25074980616569
2025-09-10,MG95,81.84,77.56482700109483,66.39103900909424,88.1805836558342
2025-09-10,MG92,79.48,75.67454533696174,63.77897060751914,86.03258742570877
2025-09-11,MG95,82.05,77.33533869743347,65.40674997925758,89.51681400299073
2025-09-11,MG92,79.69,75.66719428181648,62.3365242254734,87.33632768511771
2025-09-12,MG95,81.4,77.00607267022133,63.928048444986345,91.55327978134156
2025-09-12,MG92,79.14,75.54936119198798,60.339221822619436,89.13488584399222
2025-09-15,MG95,83.32,77.5274247455597,66.26265007972718,88.37575509071351
2025-09-15,MG92,81.06,75.68726554512978,63.55513278007507,86.24908320665358
2025-09-16,MG95,83.4,77.4379301095009,65.85932095527649,88.90838494539261
2025-09-16,MG92,81.14,75.68194143533707,62.9780163949728,86.76292736649512
2025-09-17,MG95,83.21,77.45150581121445,65.93337944746018,88.81796008825303
2025-09-17,MG92,81.74,75.68667097449303,63.07248556137085,86.68376839399338
2025-09-18,MG95,82.22,77.38260498046876,65.61789634943008,89.23369523048402
2025-09-18,MG92,80.53,75.67599572896957,62.63198078870773,87.07319414377211
2025-09-19,MG95,80.89,77.51337011814118,66.1385116159916,88.5015007185936
2025-09-19,MG92,79.2,75.66997795343399,63.429664862751956,86.33725983381271
2025-09-22,MG95,79.8,77.66059372186662,66.83642149448396,87.60115723371506
2025-09-22,MG92,77.81,75.66423043727875,64.43034075736999,85.4509532046318
2025-09-23,MG95,79.23,77.16706538796426,64.75492748975755,90.45364794254304
2025-09-23,MG92,77.24,75.64282589435577,61.37276125788688,88.22803049325942
2025-09-24,MG95,80.23,77.45207683801651,65.91549801945686,88.82948193550111
2025-09-24,MG92,78.24,75.68145496845244,63.06391383469104,86.6837143421173
2025-09-25,MG95,81.05,77.45549378871918,65.92763694405556,88.8114853811264
2025-09-25,MG92,79.25,75.68093246698379,63.08384095966815,86.66479618549346
2025-09-26,MG95,81.84,77.0774510204792,64.29432990312577,91.06046523094177
2025-09-26,MG92,80.15,75.5941341626644,60.794334114789955,88.73148768424987
2025-09-29,MG95,81.78,77.1348023736477,64.5892652463913,90.6704078745842
2025-09-29,MG92,79.91,75.62628602027893,61.16378769636154,88.40893311381339
2025-09-30,MG95,79.2,77.66421329498291,66.90202050089836,87.55026216745377
2025-09-30,MG92,77.33,75.67971629977225,64.47771272242069,85.43017926692961
2025-10-01,MG95,79.57,77.48601609230042,66.02155243277551,88.66055010318756
2025-10-01,MG92,76.94,75.67109502553939,63.25527549326419,86.49552372694015
2025-10-02,MG95,78.13,77.3635216331482,65.5457259297371,89.33765894889832
2025-10-02,MG92,76.23,75.67590564250945,62.52063392400741,87.17691969394683
2025-10-03,MG95,77.05,77.25120895028115,64.99458375453949,90.05525543689728
2025-10-03,MG92,75.25,75.63726755976677,61.79341998338699,87.80963293790816
2025-10-06,MG95,78.05,77.52431172847749,66.23975835204125,88.40034608364105
2025-10-06,MG92,75.75,75.68481519341468,63.52985902369022,86.26810946702956
2025-10-07,MG95,78.93,77.38121425390244,65.59251328706742,89.25672050476075
2025-10-07,MG92,76.47,75.67095989584922,62.61131945908069,87.08484232306479
2025-10-08,MG95,79.45,77.20166316509247,64.8663513970375,90.27919925451279
2025-10-08,MG92,76.99,75.64472671866416,61.55265491008758,88.05396543502806
2025-10-09,MG95,80.3,77.36209406614304,65.52822211623192,89.35486343383789
2025-10-09,MG92,77.55,75.67293278932571,62.504634568691245,87.1872976541519
2025-10-10,MG95,79.46,77.15029838323593,64.61487395644188,90.61307494163513
2025-10-10,MG92,76.59,75.62178169727325,61.22721757292747,88.33921520233153
2025-10-13,MG95,78.69,77.36036256551743,65.51000912427902,89.37336654424668
2025-10-13,MG92,75.95,75.67002299666404,62.48722536027431,87.19914402365684
2025-10-14,MG95,78.36,77.56130873918534,66.39850840806962,88.18598078012467
2025-10-14,MG92,75.62,75.68167117595672,63.768106180429456,86.05185691952704
2025-10-15,MG95,78.5,77.66106343746186,66.86961472988129,87.57985424995422
2025-10-15,MG92,75.76,75.67454533696174,64.44770492255687,85.44916048407553
2025-08-21,MG95,81.77,77.97014257729053,74.50163640320301,77.19259510278701
2025-08-21,MG92,79.01,75.97926764011383,74.68683271884917,75.71447650432586
2025-08-22,MG95,82.69,78.10993445277214,74.12649907767772,78.65134212315083
2025-08-22,MG92,79.93,76.26738022327423,73.76600358486175,76.69495096206664
2025-08-25,MG95,81.54,78.13726986169814,74.02361337423324,78.9429278421402
2025-08-25,MG92,79.6,76.31273731708526,73.56199915409088,76.90022721767426
2025-08-26,MG95,81.12,78.11762765169144,73.35058363974095,79.81392987072468
2025-08-26,MG92,79.18,76.25716369628906,72.56432943820953,77.51833874702453
2025-08-27,MG95,79.35,78.08204058885573,73.2302077037096,79.82253296613693
2025-08-27,MG92,77.41,76.19586453437805,72.4266602230072,77.51957330226898
2025-08-28,MG95,80.24,78.2866758286953,73.26942953824997,80.64677401781081
2025-08-28,MG92,78.3,76.5095626926422,72.27212651729583,78.15577455997467
2025-08-29,MG95,81.37,78.31564808845519,72.97438236117362,81.14637940645217
2025-08-29,MG92,79.43,76.53110451698304,71.834306640625,78.53923673629761
2025-09-01,MG95,81.25,78.22307454526424,72.5344016712904,81.36159640550613
2025-09-01,MG92,79.31,76.37219163417817,71.3013701057434,78.69224704742432
2025-09-02,MG95,82.72,78.25787688255309,72.43550699532031,81.62459982037544
2025-09-02,MG92,80.78,76.41440876483917,71.14017446041107,78.90102198600769
2025-09-03,MG95,82.95,78.33035086035729,72.04512288570403,82.39385231256485
2025-09-03,MG92,80.73,76.48504395961761,70.57023387908936,79.51795486450195
2025-09-04,MG95,81.45,78.36380520284176,72.41315435290336,82.0460118818283
2025-09-04,MG92,79.28,76.5563919353485,71.03713801383972,79.24645520210265
2025-09-05,MG95,81.6,78.2822996598482,72.09716029942035,82.1535722386837
2025-09-05,MG92,79.24,76.42490015506743,70.66877002239227,79.31980175971985
2025-09-08,MG95,81.23,78.38849276483059,71.4850647443533,83.30489460110664
2025-09-08,MG92,78.87,76.51805550098419,69.81305552482604,80.26347715377807
2025-09-09,MG95,81.58,78.50831987440586,71.17559883713722,84.08595167636871
2025-09-09,MG92,79.22,76.64121286869049,69.37134563446044,80.92898162841797
2025-09-10,MG95,81.84,78.28366691172123,71.2155379974842,83.28973928809165
2025-09-10,MG92,79.48,76.36545981407166,69.51866767406463,80.23388509750366
2025-09-11,MG95,82.05,78.38689442813396,70.43583373129367,84.62060492992401
2025-09-11,MG92,79.69,76.4361089849472,68.50201841831208,81.35829006195068
2025-09-12,MG95,81.4,78.33771187484264,70.27969260454178,84.66038040518761
2025-09-12,MG92,79.14,76.36513370513916,68.32707495212554,81.3830463886261
2025-09-15,MG95,83.32,78.41236671566963,70.52578349888324,84.58883076667786
2025-09-15,MG92,81.06,76.47363946437835,68.6037178182602,81.33592830657959
2025-09-16,MG95,83.4,78.39753877282142,69.58146018147468,85.7320073890686
2025-09-16,MG92,81.14,76.3838942861557,67.46858386993408,82.3113108062744
2025-09-17,MG95,83.21,78.4828812867403,69.58370362997054,85.98917591214179
2025-09-17,MG92,81.74,76.482742562294,67.45157495975494,82.55070271492004
2025-09-18,MG95,82.22,78.55980364739895,69.79194475591183,85.96073322176933
2025-09-18,MG92,80.53,76.58760056018829,67.67993041038513,82.5399411201477
2025-09-19,MG95,80.89,78.36475842773913,68.82486439764499,86.59239395856856
2025-09-19,MG92,79.2,76.28942984580993,66.58707415580749,83.05628336906433
2025-09-22,MG95,79.8,78.34143811762333,68.90560928642749,86.41915736913681
2025-09-22,MG92,77.81,76.26866136550903,66.68520033359528,82.89935975074768
2025-09-23,MG95,79.23,78.32681237399578,67.76852271199226,87.83306911945343
2025-09-23,MG92,77.24,76.16938914775848,65.38483164787293,84.15354675292969
2025-09-24,MG95,80.23,78.28813455164432,68.72654743373394,86.48664376616478
2025-09-24,MG92,78.24,76.19440170288085,66.48632513046265,82.94784749031066
2025-09-25,MG95,81.05,78.24821946263313,67.4718531268835,87.98698124051094
2025-09-25,MG92,79.25,76.0607669210434,65.05874135017395,84.2756233024597
2025-09-26,MG95,81.84,78.23315562069416,67.90481461524963,87.38097091913222
2025-09-26,MG92,80.15,76.07395569801331,65.54911135196686,83.72836592674255
2025-09-29,MG95,81.78,78.36906238257885,67.2617344367504,88.60832018852233
2025-09-29,MG92,79.91,76.1790512895584,64.81620481967926,84.86539596557617
2025-09-30,MG95,79.2,78.4256781643629,68.7891858637333,86.81960811138153
2025-09-30,MG92,77.33,76.35596072673798,66.53552099227905,83.2689529800415
2025-10-01,MG95,79.57,78.24608192801475,66.01672162115574,89.88184790849685
2025-10-01,MG92,76.94,75.95691054344177,63.46236358642578,86.01277763366699
2025-10-02,MG95,78.13,78.31492113411426,67.26989461958408,88.44249757051467
2025-10-02,MG92,76.23,76.120314412117,64.82855037212371,84.70274214744568
2025-10-03,MG95,77.05,78.06667344808578,66.41587732553482,88.84156180381774
2025-10-03,MG92,75.25,75.78804202079773,63.89817090511322,85.0124245071411
2025-10-06,MG95,78.05,78.11371365249157,65.67858675301075,89.95495736956596
2025-10-06,MG92,75.75,75.79124254703521,63.098356137275694,86.05120258331299
2025-10-07,MG95,78.93,78.20827067375183,67.32299598634242,88.06355697393417
2025-10-07,MG92,76.47,76.00590142250061,64.8953235054016,84.33617707252502
2025-10-08,MG95,79.45,77.83744211733341,64.76667308211326,90.39160177230835
2025-10-08,MG92,76.99,75.43378057003021,62.11926065444946,86.39547112464905
2025-10-09,MG95,80.3,77.82579159080981,65.09801501929759,89.90787383675575
2025-10-09,MG92,77.55,75.44066146850585,62.471416373252865,85.94104298591613
2025-10-10,MG95,79.46,78.21199210226536,65.85803856134415,89.9950409579277
2025-10-10,MG92,76.59,75.90931261539458,63.291827249526975,86.11065690040589
2025-10-13,MG95,78.69,77.9967510318756,65.30626577377319,90.1192394220829
2025-10-13,MG92,75.95,75.64034728527069,62.698071398735046,86.17773284912109
2025-10-14,MG95,78.36,77.98993402957916,65.17578469097614,90.27496170759201
2025-10-14,MG92,75.62,75.6246661043167,62.55894866943359,86.32172391891478
2025-10-15,MG95,78.5,77.96198239445685,65.19222541332245,90.17309181451797
2025-10-15,MG92,75.76,75.59537686347961,62.57559420108795,86.2200152015686
2025-10-16,MG95,78.98,77.88933510303497,65.05711300551891,90.14701774358748
2025-10-16,MG92,76.24,75.50790978908539,62.429539327621455,86.17879503250121
2025-10-17,MG95,77.59,78.12957184851169,65.14990800499916,90.70356628417969
2025-10-17,MG92,74.81,75.77302703380585,62.53668940544128,86.75611033439635
2025-10-20,MG95,77.59,77.56067471265793,63.70522345900535,91.05239845395087
2025-10-20,MG92,74.81,75.07118936538696,60.98778378486633,86.95150548934936
2025-10-21,MG95,77.65,78.09346965909003,65.239198217988,90.48310173392295
2025-10-21,MG92,74.87,75.74035091876983,62.629709649085996,86.54055233001709
2025-10-22,MG95,78.59,77.84295926749706,64.58336023151874,90.65675235033035
2025-10-22,MG92,75.58,75.42879576206207,61.925957255363464,86.6457271194458
2025-10-23,MG95,81.1,77.76505961060523,64.21377857029438,90.93870472073554
2025-10-23,MG92,78.09,75.32239573478698,61.53343856811523,86.89311335563659
2025-10-24,MG95,82.82,77.90017683267592,64.28532820880413,91.22454701900482
2025-10-24,MG92,79.91,75.47224278926849,61.61733242034912,87.19556541442871
2025-10-27,MG95,82.51,77.99352065861224,65.09277228236198,90.39673378109931
2025-10-27,MG92,79.91,75.62328712940216,62.47094118595123,86.43660743713379
2025-10-28,MG95,82.08,78.09361890137195,65.07099253773688,90.70832278013229
2025-10-28,MG92,79.26,75.729393658638,62.45190108299255,86.75241132736205
2025-10-29,MG95,82.28,77.84758096396922,64.50274051368237,90.77967021942138
2025-10-29,MG92,79.46,75.42894018173217,61.84142516136169,86.76256729125976
2025-10-30,MG95,82.62,77.73464788496494,64.13039546310901,90.96602087259292
2025-10-30,MG92,79.8,75.28454846382141,61.44419652938843,86.91170156478881
2025-10-31,MG95,81.78,77.65847173571586,63.78967051923275,91.21720044732093
2025-10-31,MG92,78.96,75.18242046356201,61.08344551086426,87.13117287635802
2025-11-03,MG95,82.63,77.81468026220799,64.06637533843517,91.28177902698516
2025-11-03,MG92,79.81,75.36719844341278,61.38322347640991,87.2297043609619
2025-11-04,MG95,81.13,77.79416185557842,63.800767405033106,91.58783161878586
2025-11-04,MG92,78.41,75.32926265716553,61.10627779483795,87.51593482971191
2025-11-05,MG95,80.8,77.83105358481407,63.58320585787296,91.99011178255081
2025-11-05,MG92,78.08,75.35540727615356,60.88570237159729,87.90915698051452
2025-11-06,MG95,81.25,77.66013265788554,63.43524898529052,91.71254039525985
2025-11-06,MG92,78.53,75.16409314155578,60.71707144260406,87.60277297973633
2025-11-07,MG95,81.88,77.5727440804243,63.308190846443175,91.63984496116638
2025-11-07,MG92,79.16,75.06269655704497,60.57778100013733,87.51226377487183
2025-11-10,MG95,82.8,77.49812775373458,63.431363871693605,91.25296082377433
2025-11-10,MG92,80.08,74.98815271377563,60.69804065704346,87.1262160205841
2025-11-11,MG95,83.15,77.47704126358032,63.276753681898114,91.40822093963622
2025-11-11,MG92,80.06,74.95695806503295,60.53612291336059,87.26844610214233
2025-11-12,MG95,83.79,77.82028406918049,64.02904069662094,91.34872622609139
2025-11-12,MG92,81.48,75.37097198963166,61.34487772464752,87.29460935592651
2025-09-18,MG95,82.22,82.8854370689392,80.74715061426163,85.38334163188934
2025-09-18,MG92,80.53,81.48883434295654,79.50831771731376,85.02586964130401
2025-09-19,MG95,80.89,82.88065591573715,79.55106876134872,86.78339620947837
2025-09-19,MG92,79.2,81.4006106519699,78.3243916428089,85.8413687491417
2025-09-22,MG95,79.8,82.90294481873512,78.96568499565124,87.44448487401007
2025-09-22,MG92,77.81,81.36235017895699,77.75023119926452,86.22191745996474
2025-09-23,MG95,79.23,82.89089274168013,78.84384990394115,87.58854439258575
2025-09-23,MG92,77.24,81.3507546198368,77.63028049945831,86.33396564006804
2025-09-24,MG95,80.23,82.90315312623977,79.30451699078083,87.05738009452818
2025-09-24,MG92,78.24,81.3874511539936,78.0815962255001,85.97573107242583
2025-09-25,MG95,81.05,82.93843149006366,77.93968126058579,88.59224930524826
2025-09-25,MG92,79.25,81.29374636888504,76.75011422514915,86.93693471431732
2025-09-26,MG95,81.84,82.93004959285258,78.61576806545257,87.83142102360725
2025-09-26,MG92,80.15,81.34223821759224,77.40961895823479,86.43320998430252
2025-09-29,MG95,81.78,82.92181648671627,78.71784370243549,87.71880601882934
2025-09-29,MG92,79.91,81.34806522965431,77.50878047704695,86.37144170761108
2025-09-30,MG95,79.2,82.95682206690311,77.09322867512702,89.540435308218
2025-09-30,MG92,77.33,81.23459440112113,75.92023759841919,87.58795227766036
2025-10-01,MG95,79.57,82.98136267483234,77.53964157700538,89.02509246110915
2025-10-01,MG92,76.94,81.27269896745682,76.36620864868163,87.17782027482986
2025-10-02,MG95,78.13,83.00468815565108,75.84819951832294,90.93563929677009
2025-10-02,MG92,76.23,81.15132074713706,74.68933489322662,88.58289997100829
2025-10-03,MG95,77.05,82.9638698041439,76.65407181799411,90.03602862000464
2025-10-03,MG92,75.25,81.20341793775557,75.48473665595054,87.94732691287994
2025-10-06,MG95,78.05,83.00779788911342,76.4751307117939,90.21481597542763
2025-10-06,MG92,75.75,81.19847764492035,75.32307117581367,88.01704643011092
2025-10-07,MG95,78.93,83.00278362989425,76.81427020847796,89.83298831939696
2025-10-07,MG92,76.47,81.22279908657073,75.65831438064575,87.73618055105209
2025-10-08,MG95,79.45,83.02410043120383,76.92646363854408,89.6971718263626
2025-10-08,MG92,76.99,81.23534470200538,75.77484487771987,87.60392296791076
2025-10-09,MG95,80.3,82.95789336264133,77.40770853102207,89.18398149013518
2025-10-09,MG92,77.55,81.25815579771995,76.2315734887123,87.3266526865959
2025-10-10,MG95,79.46,83.03810663104056,76.22008297085762,90.48886929631233
2025-10-10,MG92,76.59,81.18518172860145,75.0799736893177,88.18275573968887
2025-10-13,MG95,78.69,83.0608369475603,75.21623422682285,91.63191209077834
2025-10-13,MG92,75.95,81.11440496921539,74.07268013596534,89.05988670587539
2025-10-14,MG95,78.36,82.97826286077499,76.88974200129509,89.75978311061859
2025-10-14,MG92,75.62,81.22365657329559,75.72527629852294,87.71807588815689
2025-10-15,MG95,78.5,83.02853440523147,74.51051815927028,92.5046114218235
2025-10-15,MG92,75.76,81.05667564988136,73.30578006267547,89.84286952733993
2025-10-16,MG95,78.98,83.09659144282341,74.71009658753871,92.20221836090087
2025-10-16,MG92,76.24,81.08284848332404,73.56918926596641,89.48022085189818
2025-10-17,MG95,77.59,83.04181152880192,75.11942579388618,91.76016999721526
2025-10-17,MG92,74.81,81.10388126850128,73.96048092126846,89.19446340084076
2025-10-20,MG95,77.59,83.09368505716323,72.72506989955902,94.73575342655181
2025-10-20,MG92,74.81,80.93610619544982,71.35891491889953,91.756127038002
2025-10-21,MG95,77.65,83.05375945210456,74.67601847171782,92.27899455547332
2025-10-21,MG92,74.87,81.0730604672432,73.5029581606388,89.61061729907989
2025-10-22,MG95,78.59,83.075165528059,73.83634083986281,93.2920435476303
2025-10-22,MG92,75.58,81.01447366118431,72.61266769647598,90.45747313737868
2025-10-23,MG95,81.1,83.11475387334823,73.42922862052917,93.76414770841598
2025-10-23,MG92,78.09,80.99047377705574,72.19867213129997,90.81866018772125
2025-10-24,MG95,82.82,83.05044141113757,74.91157954156398,91.9997137081623
2025-10-24,MG92,79.91,81.08995198130607,73.74903249025344,89.38046006679534
2025-10-27,MG95,82.51,83.10211655139922,73.23907858669757,94.02788484811782
2025-10-27,MG92,79.91,80.97461027264595,71.96977189660072,91.0799597787857
2025-10-28,MG95,82.08,83.14996776103973,70.89231599748135,97.48038334965705
2025-10-28,MG92,79.26,80.81774866700172,69.06266778349875,94.42610683918
2025-10-29,MG95,82.28,83.13278735160827,72.40644373238086,95.11599397778511
2025-10-29,MG92,79.46,80.91819641590118,71.02979592323302,92.05435702323913
2025-10-30,MG95,82.62,83.05618474662303,73.59185726523398,93.62898589611052
2025-10-30,MG92,79.8,80.9936942243576,72.31956314325332,90.79076263666153
2025-10-31,MG95,81.78,83.05832237839698,73.23918770015239,94.09087306976318
2025-10-31,MG92,78.96,80.96839836597442,71.91813268184661,91.21027827262878
2025-11-03,MG95,82.63,83.09330811977385,72.82876735925674,94.59284455895423
2025-11-03,MG92,79.81,80.94352150678634,71.48181810140609,91.6212580180168
2025-11-04,MG95,81.13,83.06476503193377,72.32382004857062,95.36810557484625
2025-11-04,MG92,78.41,80.90429636120795,70.82308315753936,92.41733700037003
2025-11-05,MG95,80.8,83.04880966901779,72.99907858312129,94.43262632966041
2025-11-05,MG92,78.08,80.94986983180046,71.6238734447956,91.54549711704253
2025-11-06,MG95,81.25,83.08240173399447,72.94087647438049,94.45675032258033
2025-11-06,MG92,78.53,80.95015728473663,71.59995638608932,91.51129508972167
2025-11-07,MG95,81.88,83.08026410222053,71.90688265860081,95.96955877661705
2025-11-07,MG92,79.16,80.8774706685543,70.31501740098,92.98762413740158
2025-11-10,MG95,82.8,83.04287786483764,72.51432222127914,95.13310495138168
2025-11-10,MG92,80.08,80.91502956151962,71.02541104793548,92.2264682507515
2025-11-11,MG95,83.15,83.06465591847896,71.73161669194698,96.29171129226684
2025-11-11,MG92,80.06,80.86457913517951,70.05026837468147,93.34347138404846
2025-11-12,MG95,83.79,83.12877495229243,71.34534018278121,96.75334056138992
2025-11-12,MG92,81.48,80.84461820840835,69.65746150135993,93.70019560575484
2025-11-13,MG95,81.53,83.06232981801033,73.122049446702,94.24237214207649
2025-11-13,MG92,79.22,80.96049584627151,71.78671796917915,91.34433852672576
2025-11-14,MG95,83.15,83.08384004771709,72.2713463962078,95.40555132865904
2025-11-14,MG92,80.31,80.90278114318848,70.7887739443779,92.42038692474365
2025-11-17,MG95,83.32,83.06725976228714,72.49140839576721,95.11656930327415
2025-11-17,MG92,80.48,80.9162475824356,71.03619296908379,92.16742834091185
2025-11-18,MG95,82.73,83.11589956462383,71.87008166611194,95.9421911382675
2025-11-18,MG92,79.89,80.87847918987273,70.33232791423796,92.89610691785812
2025-11-19,MG95,81.03,83.09745443105697,72.50475495517253,95.03951536536216
2025-11-19,MG92,78.17,80.9208273410797,71.09843870997429,92.04061774730681
2025-11-20,MG95,79.42,83.03207563281059,72.9300990408659,94.55824567437172
2025-11-20,MG92,76.56,80.94281505465507,71.51773510217666,91.69306278705596
2025-11-21,MG95,79.01,83.08838313519954,72.4754629522562,95.09845646977423
2025-11-21,MG92,76.15,80.91763612627983,71.04912347912789,92.11316307306289
2025-11-24,MG95,78.93,83.11343955218791,71.7721721792221,96.10041556715964
2025-11-24,MG92,76.07,80.8715657031536,70.2004016327858,93.05970174312591
2025-11-25,MG95,79.26,83.0686038416624,72.40538731575012,95.23945089221
2025-11-25,MG92,76.4,80.91039620995521,70.93159420490264,92.28462144136428
2025-11-26,MG95,81.16,83.10662492096424,71.13157700538635,97.19203616619109
2025-11-26,MG92,78.3,80.82991913199425,69.3052147245407,94.2020202231407
2025-11-27,MG95,81.44,83.12321512579918,72.62543939590454,94.82497847437858
2025-11-27,MG92,78.52,80.93277369022368,71.27987510561942,91.79144964456557
2025-11-28,MG95,81.86,83.05729076027869,72.96106246352196,94.47058789253234
2025-11-28,MG92,79.04,80.94826204419135,71.59033402085304,91.56679786682129
2025-12-01,MG95,82.51,83.10226038277149,72.99825031280517,94.34817251563072
2025-12-01,MG92,79.78,80.95703179478645,71.6922141623497,91.37653325557709
2025-12-02,MG95,82.55,83.13733043909072,71.08888388633727,97.16898346900939
2025-12-02,MG92,80.7,80.82899830818175,69.31677130699157,94.11932147502898
2025-12-03,MG95,80.8,83.07498201906681,72.12248092591761,95.6485767507553
2025-12-03,MG92,79.51,80.89155099034309,70.58490160346031,92.67610310792922
2025-12-04,MG95,80.04,83.14447737038135,70.74632715463638,97.7716269993782
2025-12-04,MG92,78.67,80.8090909743309,68.83137048363685,94.74986654281615
2025-12-05,MG95,79.94,83.13611531198025,70.28806552350521,98.74982912182807
2025-12-05,MG92,78.57,80.78676221489906,68.07115003705024,95.84791727066039
2025-12-08,MG95,80.6,83.10713577032088,70.78534017443657,97.83968403697013
2025-12-08,MG92,79.38,80.81044541358948,68.7879114973545,94.89721784114838
2025-12-09,MG95,79.45,83.07762058079243,71.95710956573485,95.89737526655196
2025-12-09,MG92,77.63,80.88059854626655,70.37579177260399,92.9198339653015
2025-12-10,MG95,79.42,83.12093366265296,72.24364149808883,95.37176583528517
2025-12-10,MG92,77.59,80.90511974334716,70.81302717685699,92.32277960062027
2025-10-16,MG95,78.98,76.98433831334114,73.49259546399117,80.50022929906845
2025-10-16,MG92,76.24,73.22145628929138,71.62382006645203,77.51394085884095
2025-10-17,MG95,77.59,77.0947852730751,73.82111024856567,80.36065578460693
2025-10-17,MG92,74.81,73.25172919273378,71.99563399791718,77.3338929462433
2025-10-20,MG95,77.59,76.79287508130074,72.88615018129349,80.77986294031143
2025-10-20,MG92,74.81,73.17460192680359,70.92418364524842,77.86954813003541
2025-10-21,MG95,77.65,76.82698473334312,72.71710386872292,80.97289830446243
2025-10-21,MG92,74.87,73.22872648239137,70.69686141490936,78.06864304542542
2025-10-22,MG95,78.59,76.81633073091507,71.90608021616936,81.68488699197769
2025-10-22,MG92,75.58,73.35020644187928,69.67888536453248,78.83844360351563
2025-10-23,MG95,81.1,76.83696496486664,71.95415657758713,81.66856676340103
2025-10-23,MG92,78.09,73.35826687335968,69.73317248344422,78.81502545356751
2025-10-24,MG95,82.82,76.66557916998863,71.53902480006218,81.82018393278122
2025-10-24,MG92,79.91,73.2938285779953,69.2600409603119,79.0280014705658
2025-10-27,MG95,82.51,76.55374723672867,70.79776918888092,82.35816192626953
2025-10-27,MG92,79.91,73.32396601200104,68.36201858043671,79.63930278778076
2025-10-28,MG95,82.08,76.67424929141998,70.50161412358284,82.79895782470703
2025-10-28,MG92,79.26,73.45741243839264,67.97466178894044,80.07372617721558
2025-10-29,MG95,82.28,76.56384912133217,70.18535822629929,82.95152950286865
2025-10-29,MG92,79.46,73.42283612251282,67.60632490634919,80.27120449066163
2025-10-30,MG95,82.62,76.69094383716583,70.14802476763725,83.15935039520264
2025-10-30,MG92,79.8,73.52148948192597,67.54148923397065,80.45371794700623
2025-10-31,MG95,81.78,76.56452289223671,70.20908057689667,82.92976295948029
2025-10-31,MG92,78.96,73.41984224796296,67.63521602153779,80.24769602775574
2025-11-03,MG95,82.63,76.5233573615551,69.72470012307167,83.34095972776413
2025-11-03,MG92,79.81,73.46049211025239,67.05134726524354,80.70053422927857
2025-11-04,MG95,81.13,76.64940398931503,69.38718301057816,83.84352731704712
2025-11-04,MG92,78.41,73.60045913219453,66.63100366592408,81.19730065345765
2025-11-05,MG95,80.8,76.53958868980408,68.85588657855988,84.22039920091629
2025-11-05,MG92,78.08,73.59619636058808,66.00739720821382,81.63549912452699
2025-11-06,MG95,81.25,76.58490446209908,68.71378174424171,84.4258993268013
2025-11-06,MG92,78.53,73.64866818904878,65.8361954498291,81.84037406921388
2025-11-07,MG95,81.88,76.61095225811005,68.06148260831833,85.12746328115463
2025-11-07,MG92,79.16,73.75748627185823,65.07073442935945,82.58252983093263
2025-11-10,MG95,82.8,76.54893726110458,67.89969336986542,85.2076700925827
2025-11-10,MG92,80.08,73.73549958229066,64.88376854419708,82.6893519973755
2025-11-11,MG95,83.15,76.44630885124207,67.6738631427288,85.2981425523758
2025-11-11,MG92,80.06,73.69353566646576,64.62226737499238,82.82183207511902
2025-11-12,MG95,83.79,76.65336707234383,67.51300033926964,85.75892698764801
2025-11-12,MG92,81.48,73.86229445934296,64.4370264673233,83.2451921272278
2025-11-13,MG95,81.53,76.66628101468086,67.39385518431664,85.90297359228134
2025-11-13,MG92,79.22,73.88753693103791,64.30069905757904,83.39542773246765
2025-11-14,MG95,83.15,76.72622790932655,67.05068588256836,86.35381054878235
2025-11-14,MG92,80.31,73.97605717658998,63.91152245998383,83.85933830261231
2025-11-17,MG95,83.32,76.6485758125782,67.21441689133644,86.0680193901062
2025-11-17,MG92,80.48,73.89920988082886,64.09549447059632,83.57874497413636
2025-11-18,MG95,82.73,76.70652011036873,66.61885020136833,86.79152768850327
2025-11-18,MG92,79.89,74.01989508628846,63.42356154918671,84.33729253768921
2025-11-19,MG95,81.03,76.67893293499947,66.23145532608032,87.17549288272858
2025-11-19,MG92,78.17,74.05212326526642,62.98811310768128,84.76147443771363
2025-11-20,MG95,79.42,76.65485030412674,66.45448753237724,86.89602768421173
2025-11-20,MG92,76.56,74.00547662258148,63.23621183395386,84.46824632644653
2025-11-21,MG95,79.01,76.58800661563873,65.82283198833466,87.4960206747055
2025-11-21,MG92,76.15,74.04272168636322,62.52628425121308,85.14179133415223
2025-11-24,MG95,78.93,76.61611315608025,66.06620365381241,87.26665782928467
2025-11-24,MG92,76.07,74.03002820014954,62.799340963363655,84.88287311553955
2025-11-25,MG95,79.26,76.66294959187508,66.2226354777813,87.1619987487793
2025-11-25,MG92,76.4,74.04207143306732,62.97718975543976,84.75265086174012
2025-11-26,MG95,81.16,76.53811013698578,65.1412752866745,88.19136160612106
2025-11-26,MG92,78.3,74.09838607788086,61.7688926935196,85.91725451469422
2025-11-27,MG95,81.44,76.68349960446358,65.637835085392,87.8426570892334
2025-11-27,MG92,78.52,74.13416807174683,62.329867115020754,85.48241568565369
2025-11-28,MG95,81.86,76.76567158102989,64.90187138319016,88.8027993440628
2025-11-28,MG92,79.04,74.28905930995941,61.533482937812806,86.49651279449463
2025-12-01,MG95,82.51,76.83445703983307,65.52275595068932,88.19443100690842
2025-12-01,MG92,79.78,74.25514679431916,62.21746360778809,85.8086893081665
2025-12-02,MG95,82.55,76.45653706789017,65.19260820746422,88.01310241222382
2025-12-02,MG92,80.7,74.03462061405182,61.81649213790894,85.75473634719849
2025-12-03,MG95,80.8,76.8571266233921,64.86079007387161,88.98653292655945
2025-12-03,MG92,79.51,74.35845578670502,61.49977362632752,86.66217385292053
2025-12-04,MG95,80.04,76.65263247489929,64.62521824240685,88.95537102222443
2025-12-04,MG92,78.67,74.24669801712037,61.21978991031647,86.70739355087281
2025-12-05,MG95,79.94,76.74010571837425,64.87066268920898,88.80084353685379
2025-12-05,MG92,78.57,74.27531367778779,61.49660364151001,86.50419842720032
2025-12-08,MG95,80.6,76.64277389645576,64.53464752435684,89.04623651504517
2025-12-08,MG92,79.38,74.25180973052979,61.120490813255316,86.81087413787843
2025-12-09,MG95,79.45,76.75109660625458,64.56419050693512,89.17343884706497
2025-12-09,MG92,77.63,74.32351821899415,61.16641043663025,86.90736450195313
2025-12-10,MG95,79.42,76.73887047171593,64.75163918733597,88.9368891119957
2025-12-10,MG92,77.59,74.29019725322723,61.36744708061219,86.6533231830597
2025-12-11,MG95,79.63,76.81629797816277,64.2656959593296,89.62213283777237
2025-12-11,MG92,77.61,74.40854335308076,60.85426627635956,87.37354192733766
2025-12-12,MG95,79.25,76.78412541747093,64.29997405409813,89.53326058387756
2025-12-12,MG92,77.61,74.38153977870941,60.886598315238956,87.28877418518067
2025-12-15,MG95,78.52,76.87324565649033,63.820478439331055,90.23899817466736
2025-12-15,MG92,77.43,74.50724186897278,60.38785855293274,88.02909659385682
2025-12-16,MG95,75.72,77.1267238855362,64.05768322944641,90.33940875530243
2025-12-16,MG92,74.64,74.65328695297242,60.6761691236496,88.03919358253479
2025-12-17,MG95,74.53,76.8591713309288,63.85037234425545,90.1817370057106
2025-12-17,MG92,74.27,74.49345108032227,60.417490234375,87.971702709198
2025-12-18,MG95,74.63,77.15720734000206,64.2016549706459,90.21354460716248
2025-12-18,MG92,74.15,74.65563057422638,60.832889199256904,87.88957210540772
2025-12-19,MG95,73.56,77.09704521298409,64.2243432700634,90.09520423412323
2025-12-19,MG92,73.15,74.61046506404877,60.84870751380921,87.78290347099305
2025-12-22,MG95,74.61,77.0760273039341,63.339719504117966,91.1328114271164
2025-12-22,MG92,73.33,74.71288898944856,59.91252790927887,88.93301189422608
2025-12-23,MG95,74.56,76.96466326713562,63.667195558547974,90.5630539059639
2025-12-23,MG92,73.28,74.59148128032685,60.239460816383364,88.34925602912904
2025-12-24,MG95,74.49,77.19436299800873,63.68572425842285,90.89174181222916
2025-12-24,MG92,73.21,74.74994891166688,60.293928561210635,88.61965302467347
2025-12-25,MG95,74.49,76.8899495601654,63.339218854904175,90.84799349308014
2025-12-25,MG92,73.21,74.58271640777589,59.88189826965333,88.69492887496949
2025-12-26,MG95,74.54,76.99123510718346,63.165348529815674,91.2169017791748
2025-12-26,MG92,72.58,74.67666446208955,59.71604303836823,89.06122920036317
2025-12-29,MG95,73.6,77.05512169003487,63.164071172475815,91.31685382127762
2025-12-29,MG92,71.54,74.72157258033754,59.72528656959534,89.14531959533691
2025-12-30,MG95,73.8,77.26172137260437,63.597956240177155,91.10207062959671
2025-12-30,MG92,71.74,74.80885553836823,60.21211405277253,88.8246995639801
2025-12-31,MG95,73.81,77.19356289505959,63.1921683549881,91.49574935436249
2025-12-31,MG92,71.75,74.8149019908905,59.77736102104188,89.2863432788849
2026-01-01,MG95,73.81,77.0819134414196,63.03262501955032,91.52089411020279
2026-01-01,MG92,71.75,74.75782871723176,59.59251749038697,89.36031862258912
2026-01-02,MG95,72.58,77.08189004659653,62.713117241859436,91.91945767402649
2026-01-02,MG92,71.57,74.80036612033844,59.26015225887299,89.80324046134949
2026-01-05,MG95,71.36,77.46598625183105,62.48253786563873,92.81116539239883
2026-01-05,MG92,70.2,75.10115342617036,59.089614300727845,90.63290947914125
2026-01-06,MG95,72.57,77.32295498251915,62.743544548749924,92.25653964281082
2026-01-06,MG92,71.21,74.96557561397553,59.3335225057602,90.07618428230286
2026-01-07,MG95,70.58,77.44896885752678,63.23723146319389,91.83534860610962
2026-01-07,MG92,69.56,74.98835254192353,59.86541163921357,89.55909744262696
2025-11-13,MG95,81.53,82.42062522947789,78.92279111266137,84.58014396071435
2025-11-13,MG92,79.22,80.42831591606141,75.64370407104492,82.34888216972351
2025-11-14,MG95,83.15,82.4256944167614,78.39142042279244,84.97290359258652
2025-11-14,MG92,80.31,80.34916812658311,75.24074823617936,82.79410487651825
2025-11-17,MG95,83.32,82.4161054122448,77.3391420453787,85.77116824150086
2025-11-17,MG92,80.48,80.19515605688096,74.41267596244812,83.68385094165802
2025-11-18,MG95,82.73,82.41468204438686,77.00619382917881,86.00940506100655
2025-11-18,MG92,79.89,80.1078346323967,74.15582567453384,83.93849148273469
2025-11-19,MG95,81.03,82.4110312306881,76.97910988569261,86.03918091773987
2025-11-19,MG92,78.17,80.12161762475968,74.12792944192887,83.97450792789459
2025-11-20,MG95,79.42,82.37103709101677,75.95739646017552,86.86243690967561
2025-11-20,MG92,76.56,80.00710902929306,73.26808052301408,84.87261703491211
2025-11-21,MG95,79.01,82.37079237163067,75.89880864143372,86.8873583328724
2025-11-21,MG92,76.15,79.95162252902985,73.23118503570556,84.88968307971955
2025-11-24,MG95,78.93,82.36064400851727,75.70432664930821,87.05273869514465
2025-11-24,MG92,76.07,79.94327405691148,73.06032061100007,85.07070748329163
2025-11-25,MG95,79.26,82.32555424511433,75.0360030001402,87.60603424429894
2025-11-25,MG92,76.4,79.86819608688354,72.4785209798813,85.66165692329407
2025-11-26,MG95,81.16,82.32229298472406,74.97864377260208,87.65290050387384
2025-11-26,MG92,78.3,79.85943966150285,72.42863412380218,85.71086385726929
2025-11-27,MG95,81.44,82.2702676409483,74.12687547504902,88.36722140908242
2025-11-27,MG92,78.52,79.75121063232422,71.67342036008836,86.45909870624543
2025-11-28,MG95,81.86,82.23564733922483,73.6584326273203,88.75763373255731
2025-11-28,MG92,79.04,79.67060586690903,71.2548263168335,86.85795072555543
2025-12-01,MG95,82.51,82.20706511378289,73.30087762713433,89.05989713430405
2025-12-01,MG92,79.78,79.61062216758728,70.93136794567108,87.16447903633119
2025-12-02,MG95,82.55,82.15043005585672,72.71420535027981,89.55086415410042
2025-12-02,MG92,80.7,79.48311249017716,70.39843528747559,87.64969087600709
2025-12-03,MG95,80.8,82.15730717003346,72.67541982471944,89.60650035738945
2025-12-03,MG92,79.51,79.53054191350937,70.35476000547409,87.71960629463196
2025-12-04,MG95,80.04,82.12388049960137,72.22500130891801,90.01522168636323
2025-12-04,MG92,78.67,79.4943991971016,69.93170761585236,88.13589345932007
2025-12-05,MG95,79.94,82.10548159718515,72.07115771770478,90.14331480503083
2025-12-05,MG92,78.57,79.45271025896072,69.79041980266571,88.2582017326355
2025-12-08,MG95,80.6,82.03365895450116,71.25859945893288,90.88498435020448
2025-12-08,MG92,79.38,79.3608527827263,69.0194561290741,88.99559668064119
2025-12-09,MG95,79.45,82.06081281781198,71.58297750234604,90.58330028414727
2025-12-09,MG92,77.63,79.38915211200714,69.32962202310563,88.69478942871095
2025-12-10,MG95,79.42,82.06319009184838,71.57884224414826,90.59163073182107
2025-12-10,MG92,77.59,79.39928780794143,69.3243671965599,88.70589158535005
2025-12-11,MG95,79.63,82.04416191101075,71.32772019982339,90.82791978478433
2025-12-11,MG92,77.61,79.38397013425828,69.08363106250764,88.94335923671723
2025-12-12,MG95,79.25,81.95653239369393,70.5698941808939,91.51041718125344
2025-12-12,MG92,77.61,79.24444526195526,68.36151007890702,89.59774540901185
2025-12-15,MG95,78.52,81.9568919813633,70.47607675909997,91.61208060622216
2025-12-15,MG92,77.43,79.26465351819992,68.26755455732346,89.70544507026673
2025-12-16,MG95,75.72,81.88215767741204,69.74686293125153,92.306993765831
2025-12-16,MG92,74.64,79.18076084375382,67.55790043115616,90.37579969882965
2025-12-17,MG95,74.53,81.9242044633627,70.18925565004349,91.87855504631997
2025-12-17,MG92,74.27,79.21998749256134,67.99050086975097,89.96022159576417
2025-12-18,MG95,74.63,81.8810889029503,69.78750133216381,92.26111637234689
2025-12-18,MG92,74.15,79.17008606672287,67.5990697145462,90.32728240013122
2025-12-19,MG95,73.56,81.81898012161255,69.43693332016468,92.57147049665451
2025-12-19,MG92,73.15,79.06279921531677,67.26109986305237,90.60310737133027
2025-12-22,MG95,74.61,81.86340418159962,69.58544802188874,92.46087731122971
2025-12-22,MG92,73.33,79.15784261226655,67.40018764257431,90.52170126914979
2025-12-23,MG95,74.56,81.78880971729755,68.93750600159169,93.09020567536355
2025-12-23,MG92,73.28,79.07530492544174,66.76273153066636,91.11659425735473
2025-12-24,MG95,74.49,81.86240532696247,69.626515930295,92.41449050188065
2025-12-24,MG92,73.21,79.14739123821259,67.44181830167771,90.47283429622651
2025-12-25,MG95,74.49,81.7543941807747,68.63278042316438,93.39278871059419
2025-12-25,MG92,73.21,79.04191589355469,66.46064699649811,91.40173416137696
2025-12-26,MG95,74.54,81.7140754133463,68.41513998627663,93.59400797724724
2025-12-26,MG92,72.58,78.98078603982925,66.24706889390946,91.5783293581009
2025-12-29,MG95,73.6,81.65777996599675,67.48196503579616,94.60430948853494
2025-12-29,MG92,71.54,79.00720587015152,65.30398779630661,92.55822338104248
2025-12-30,MG95,73.8,81.60755256056787,66.80260903716088,95.35063369631769
2025-12-30,MG92,71.74,79.0050981116295,64.61420196533203,93.26577946186066
2025-12-31,MG95,73.81,81.71359096884729,67.92347876250744,94.15468506217003
2025-12-31,MG92,71.75,79.06294491291047,65.74601972579957,92.14476274967194
2026-01-01,MG95,73.81,81.72585690379144,67.74149743616582,94.37954721808434
2026-01-01,MG92,71.75,79.11943672657013,65.55794355869294,92.37735438823701
2026-01-02,MG95,72.58,81.68578285574914,67.5131742489338,94.59914541006088
2026-01-02,MG92,71.57,79.06452330350876,65.33134009122848,92.57096706390381
2026-01-05,MG95,71.36,81.69691009640694,67.87356100201607,94.19343063354493
2026-01-05,MG92,70.2,79.03247468948365,65.69798808574677,92.17273668766022
2026-01-06,MG95,72.57,81.63625464856625,67.5750183337927,94.47296010375024
2026-01-06,MG92,71.21,78.94371085882187,65.40276105165482,92.41264234542847
2026-01-07,MG95,70.58,81.62066252768041,67.00435270249844,95.12514226198198
2026-01-07,MG92,69.56,79.001708214283,64.81972299098969,93.05153600692749
2026-01-08,MG95,71.16,81.6433415222168,67.28686375379563,94.816795835495
2026-01-08,MG92,69.91,79.00641424655915,65.10629558801651,92.7604030752182
2026-01-09,MG95,73.03,81.56556570589542,66.60542514324189,95.5411951839924
2026-01-09,MG92,71.94,78.94829061985017,64.41716539621353,93.42693071365358
2026-01-12,MG95,72.9,81.58970302820207,66.43337742626667,95.77425793647767
2026-01-12,MG92,71.81,79.0238008260727,64.23637410879135,93.67046909809113
2026-01-13,MG95,73.45,81.54421019375324,66.17443435013294,96.03877462148667
2026-01-13,MG92,72.36,78.97109229326249,63.975298590660095,93.90101125717163
2026-01-14,MG95,73.42,81.54966893434525,66.06781660616399,96.17461885213852
2026-01-14,MG92,71.84,78.99777923583984,63.86438386917114,94.03669456958771
2026-01-15,MG95,72.55,81.52582627415657,65.75718280255795,96.53033096551896
2026-01-15,MG92,71.4,78.99688562393189,63.54605890989304,94.36757380485535
2026-01-16,MG95,71.76,81.49437234163285,65.88556558907032,96.33900035977365
2026-01-16,MG92,70.44,78.91667424201965,63.683024361133576,94.16260643005371
2026-01-19,MG95,71.95,81.57353157162667,66.28898299992085,95.93132782816888
2026-01-19,MG92,70.6,79.01255782842637,64.08962749242782,93.8140880727768
2026-01-20,MG95,72.36,81.5383469170332,66.33893072605133,95.83314041733742
2026-01-20,MG92,70.99,78.93416766643524,64.14599789142609,93.69630613803864
2026-01-21,MG95,73.22,81.5083163523674,65.62893985569478,96.67007072925568
2026-01-21,MG92,71.85,78.98203903913499,63.4154167342186,94.49227151870728
2026-01-22,MG95,73.64,81.53121509492398,65.95794259607793,96.28916750192643
2026-01-22,MG92,72.27,78.97779923915863,63.75318260908127,94.13687623500824
2026-01-23,MG95,73.5,81.58387471139432,65.5068548476696,96.90616999983789
2026-01-23,MG92,70.76,79.14194214820863,63.27930604219437,94.763686709404
2026-01-26,MG95,73.88,81.52461766004564,64.77627258896828,97.76221838951112
2026-01-26,MG92,71.64,79.1302426314354,62.528079535961155,95.5489870262146
2026-01-27,MG95,72.35,81.51974324941635,65.44421667337419,96.91226301312447
2026-01-27,MG92,70.21,79.03022123336793,63.222459697723394,94.73274054050447
2026-01-28,MG95,74.54,81.50764711976052,64.77841513216497,97.74033348441125
2026-01-28,MG92,72.46,79.09968498945237,62.5322756266594,95.51860422134399
2026-01-29,MG95,75.75,81.47614823877812,64.58063691973686,97.95904269576073
2026-01-29,MG92,73.67,79.07046290874482,62.32997937440872,95.70877843379975
2026-01-30,MG95,75.44,81.47718205332757,64.814798412323,97.66013544559479
2026-01-30,MG92,73.43,79.04016266584397,62.573634316921236,95.42470697879791
2026-02-02,MG95,72.54,81.47162842154503,64.64473342180253,97.87167288064957
2026-02-02,MG92,70.93,79.05370768547058,62.39724795341492,95.62309853553772
2026-02-03,MG95,72.82,81.48128734588623,64.43534352421761,98.15222118258477
2026-02-03,MG92,71.15,79.09904392004013,62.17805078029633,95.8950965166092
2026-02-04,MG95,74.68,81.45816386103631,64.8311097085476,97.61870295524598
2026-02-04,MG92,72.95,79.00367998838425,62.59278869390488,95.37405278205873
2025-12-11,MG95,79.63,77.788097884655,75.30414474606515,82.09971947431565
2025-12-11,MG92,77.61,77.09488625645638,74.3712704461813,80.02764597773552
2025-12-12,MG95,79.25,77.75485713481903,75.49566486239434,81.88796709299088
2025-12-12,MG92,77.61,77.08870299994946,74.54308820664883,79.83219587564469
2025-12-15,MG95,78.52,77.78397001028061,75.35830889582634,82.04686185359955
2025-12-15,MG92,77.43,77.07771465480327,74.42546759128571,79.9565917122364
2025-12-16,MG95,75.72,77.93968365669251,74.47952136516571,83.03955883502961
2025-12-16,MG92,74.64,77.11121615827084,73.63184638738633,80.87169517636299
2025-12-17,MG95,74.53,78.45786917090416,71.8189406478405,86.29987898826599
2025-12-17,MG92,74.27,77.25483697414398,71.17663108170032,83.8550863802433
2025-12-18,MG95,74.63,78.02011566758156,74.04209922790527,83.5487264585495
2025-12-18,MG92,74.15,77.13040413975716,73.23347262859345,81.3399115228653
2025-12-19,MG95,73.56,78.03293006658554,73.98478236675263,83.61965773105622
2025-12-19,MG92,73.15,77.12573316812515,73.18406207323075,81.39311435222626
2025-12-22,MG95,74.61,78.29625247478485,72.6250596010685,85.27490695238113
2025-12-22,MG92,73.33,77.19339288592339,71.93330998718739,82.9010889840126
2025-12-23,MG95,74.56,78.15607042908668,73.30860151410103,84.41993517398835
2025-12-23,MG92,73.28,77.17869551181793,72.555515781641,82.16008789420128
2025-12-24,MG95,74.49,78.14565133333207,73.37922508955002,84.34003808259965
2025-12-24,MG92,73.21,77.16257372260094,72.62576996982098,82.06564177274704
2025-12-25,MG95,74.49,78.20517887949944,73.05985921263695,84.72525586366653
2025-12-25,MG92,73.21,77.1894526207447,72.32705439686775,82.43550873041153
2025-12-26,MG95,74.54,78.33808033943177,72.40045495033264,85.55161654949188
2025-12-26,MG92,72.58,77.22070650815964,71.71840829432011,83.17872043848038
2025-12-29,MG95,73.6,78.46442075133324,71.79433435082436,86.3350511288643
2025-12-29,MG92,71.54,77.24970353007316,71.15665689706803,83.8742049908638
2025-12-30,MG95,73.8,78.50737052679062,71.5609295642376,86.62739173650742
2025-12-30,MG92,71.74,77.2950119549036,70.92425062239171,84.19623379945756
2025-12-31,MG95,73.81,78.47430019378662,71.71451773405076,86.42383829832077
2025-12-31,MG92,71.75,77.28865295886993,71.06663663685322,84.01857038736344
2026-01-01,MG95,73.81,78.50533499240875,71.58526130080223,86.60270023107529
2026-01-01,MG92,71.75,77.2772576379776,70.95439920067787,84.14312346458435
2026-01-02,MG95,72.58,78.52465363383293,71.49534275293351,86.72215296268463
2026-01-02,MG92,71.57,77.28156788110734,70.87076568484306,84.24804921150208
2026-01-05,MG95,71.36,78.54830843687057,71.37186155676842,86.87984533786774
2026-01-05,MG92,70.2,77.30335958242416,70.74857121706009,84.41666666269303
2026-01-06,MG95,72.57,78.73839421153069,70.50116409182549,88.06485771417618
2026-01-06,MG92,71.21,77.36107151806355,69.92833934903145,85.47621876835824
2026-01-07,MG95,70.58,78.61246090650559,71.0693622124195,87.2832787847519
2026-01-07,MG92,69.56,77.32874006986619,70.4615978193283,84.79009465813637
2026-01-08,MG95,71.16,78.84414258956909,70.02641593456268,88.7291330575943
2026-01-08,MG92,69.91,77.40194945693017,69.47496836781502,86.0805777513981
2026-01-09,MG95,73.03,78.96239766955375,69.4950420510769,89.48123934268952
2026-01-09,MG92,71.94,77.47320721030236,68.95386367321015,86.81133045196533
2026-01-12,MG95,72.9,78.7547305583954,70.43633942246437,88.16016806125641
2026-01-12,MG92,71.81,77.35418530344964,69.87241718173027,85.53780159831048
2026-01-13,MG95,73.45,78.8640860927105,69.92702031731606,88.86241795539856
2026-01-13,MG92,72.36,77.42849537491799,69.37133754372597,86.2384658420086
2026-01-14,MG95,73.42,78.81868894219399,70.13846026778221,88.57015308856964
2026-01-14,MG92,71.84,77.39394868373871,69.58130003094674,85.93990288496018
2026-01-15,MG95,72.55,78.80593134880066,70.183592325449,88.49875790357589
2026-01-15,MG92,71.4,77.40807721674443,69.61591146826744,85.9120157968998
2026-01-16,MG95,71.76,78.7285526394844,70.5307408797741,88.0145752811432
2026-01-16,MG92,70.44,77.3797045326233,69.9466208845377,85.47298146128655
2026-01-19,MG95,71.95,79.01590382099151,69.25754252672196,89.82143867731095
2026-01-19,MG92,70.6,77.51210576713086,68.71707778453828,87.15444800376892
2026-01-20,MG95,72.36,78.96814923763276,69.4642676115036,89.52085178852082
2026-01-20,MG92,70.99,77.48811732172966,68.91849840581418,86.8725525534153
2026-01-21,MG95,73.22,79.38591189980507,67.72521591305733,92.15077167749405
2026-01-21,MG92,71.85,77.70606208324433,67.20926501810551,89.33322965860367
2026-01-22,MG95,73.64,79.78242926359177,66.20399953007698,94.65046470403672
2026-01-22,MG92,72.27,77.94704722166061,65.6778337842226,91.69984911918641
2026-01-23,MG95,73.5,78.92386926412583,69.6678399848938,89.23564028501511
2026-01-23,MG92,70.76,77.44693415105343,69.1249692261219,86.56695076584816
2026-01-26,MG95,73.88,79.47895475625992,67.35894753694535,92.73904111385346
2026-01-26,MG92,71.64,77.74768460273744,66.84931809425355,89.86119744420051
2026-01-27,MG95,72.35,79.14270341157913,68.72275083899498,90.61799535274506
2026-01-27,MG92,70.21,77.56612717270852,68.19875254929066,87.87824511885644
2026-01-28,MG95,74.54,79.13663941264153,68.74862579464913,90.57966103315354
2026-01-28,MG92,72.46,77.56176605761051,68.2247111272812,87.83980440974236
2026-01-29,MG95,75.75,79.21077073454857,68.43238896012306,91.04804222822189
2026-01-29,MG92,73.67,77.6250831592083,67.90260369837284,88.32950722575188
2026-01-30,MG95,75.44,79.02779039502144,69.21915140151978,89.88901841878891
2026-01-30,MG92,73.43,77.48964348077774,68.69251587331296,87.16008091807366
2026-02-02,MG95,72.54,79.2041765499115,68.4662782406807,91.00550429344177
2026-02-02,MG92,70.93,77.59851874232292,67.94655707895755,88.24124898552896
2026-02-03,MG95,72.82,79.23034026741982,68.35620790243149,91.17074234724045
2026-02-03,MG92,71.15,77.6191265141964,67.83500872671604,88.41011617183686
2026-02-04,MG95,74.68,79.74979444026947,66.32558247208596,94.46344169855118
2026-02-04,MG92,72.95,77.86790893793106,65.82892815470696,91.38823518991471
2026-02-05,MG95,75.06,79.16421380281449,68.63383585691452,90.75318323850632
2026-02-05,MG92,73.33,77.5738458377123,68.1130379074812,87.99745201468468
2026-02-06,MG95,75.24,79.09790271997451,68.91121291995049,90.33592709302903
2026-02-06,MG92,73.51,77.54415510714054,68.38297844529153,87.6166429591179
2026-02-09,MG95,76.56,79.2672639143467,68.20833816409112,91.40294474840164
2026-02-09,MG92,74.83,77.62551788330079,67.69523105680943,88.59919340372086
2026-02-10,MG95,78.41,79.2622271502018,68.22788402795791,91.37133242607116
2026-02-10,MG92,76.68,77.62671106219292,67.71274026334287,88.57789192318917
2026-02-11,MG95,77.63,79.3598097217083,67.83139506697655,91.98678334712983
2026-02-11,MG92,75.55,77.68292921185494,67.31875536799431,89.16081068396569
2026-02-12,MG95,77.16,79.72348397493363,66.42283841133118,94.27545299768448
2026-02-12,MG92,74.83,77.91732874274254,65.89650000274182,91.36154128074647
2026-02-13,MG95,73.85,79.46158170700073,67.42717107534409,92.62919799804688
2026-02-13,MG92,71.58,77.73828716278076,66.91719517409801,89.75931476593018
2026-02-16,MG95,73.8,79.25534893751144,68.25317199230194,91.32828324079513
2026-02-16,MG92,71.79,77.63372214436531,67.73276994466782,88.5602809727192
2026-02-17,MG95,73.8,79.37084894537927,67.78280733466148,92.05415480136871
2026-02-17,MG92,71.79,77.71283267974854,67.25948490023613,89.2753188598156
2026-02-18,MG95,73.8,79.37950706720352,67.75446133494377,92.11156633853912
2026-02-18,MG92,71.79,77.68415938854218,67.24684090375901,89.25673671722413
2026-02-19,MG95,78.09,79.42773503065109,67.56008673667908,92.41518285989761
2026-02-19,MG92,76.08,77.7231273162365,67.04787138640881,89.56734245657921
2026-02-20,MG95,79.95,79.29897091269493,68.07990541219712,91.60291943311691
2026-02-20,MG92,77.63,77.638985080719,67.56995189785958,88.7785217165947
2026-02-23,MG95,79.75,79.51736481666565,67.20917007684707,92.98207445144654
2026-02-23,MG92,77.43,77.76725643634796,66.70072107493878,90.08367443561555
2026-02-24,MG95,81.35,79.42048284769058,67.58715934395791,92.36811941146851
2026-02-24,MG92,78.89,77.72950018644333,67.06998681843281,89.5460132277012
2026-02-25,MG95,81.46,79.41519045829773,67.60818215370179,92.33478398561478
2026-02-25,MG92,79.0,77.72629987716675,67.09102006494999,89.51422287225724
2026-02-26,MG95,81.74,79.82098133802414,66.06361866474151,94.88687072038651
2026-02-26,MG92,79.28,77.98549718022346,65.52846443593502,91.95596635580063
2026-02-27,MG95,82.09,79.42875753164292,67.55389019131661,92.41958529472352
2026-02-27,MG92,79.63,77.73821316719055,67.03495915591716,89.60312857389451
2026-03-02,MG95,92.78,79.39173447489739,67.71875900864602,92.18687164306641
2026-03-02,MG92,90.32,77.64059448480606,67.23492298901081,89.21740806102753
2026-03-03,MG95,98.65,79.3775709426403,67.7661490893364,92.09941940546035
2026-03-03,MG92,95.56,77.66649294137954,67.26617687642575,89.20934254169464
2026-03-04,MG95,104.35,79.58715050935746,66.93751144528389,93.41473438501359
2026-03-04,MG92,99.68,77.83912465333938,66.413747677207,90.55944758176804
2026-01-08,MG95,71.16,71.20504375457763,69.0050728225708,73.54252969741822
2026-01-08,MG92,69.91,69.89701981067658,67.49642429113388,71.79626488208771
2026-01-09,MG95,73.03,71.29461698055268,68.70700583934784,73.79586896419525
2026-01-09,MG92,71.94,69.98101977825165,67.27170986652375,72.11186594486237
2026-01-12,MG95,72.9,71.55380383253097,68.40973816633225,74.3325090098381
2026-01-12,MG92,71.81,70.24642816543579,67.07397825479508,72.72724655628204
2026-01-13,MG95,73.45,71.68317429304123,68.12542352557182,74.68259005308151
2026-01-13,MG92,72.36,70.38103541851044,66.85811575174331,73.13766890525818
2026-01-14,MG95,73.42,71.89605163574218,67.85138212442398,75.18807382822037
2026-01-14,MG92,71.84,70.60887185573579,66.65987416982651,73.70786532878876
2026-01-15,MG95,72.55,71.88555963754654,67.60804685592652,75.31505477190018
2026-01-15,MG92,71.4,70.60077867031097,66.44810801267624,73.87142893791199
2026-01-16,MG95,71.76,72.11051077127456,67.31493559598923,75.89949356794357
2026-01-16,MG92,70.44,70.85039871215821,66.22517641067505,74.51967982292176
2026-01-19,MG95,71.95,72.15724097013474,67.27468822360039,76.01110251426697
2026-01-19,MG92,70.6,70.90239908695222,66.19625322341919,74.64109418869019
2026-01-20,MG95,72.36,72.28013281106949,66.92939883470535,76.48723898410798
2026-01-20,MG92,70.99,71.04927050113679,65.90442589282989,75.17546002388
2026-01-21,MG95,73.22,72.21262896060944,66.85283333063126,76.41943223714829
2026-01-21,MG92,71.85,70.97837220668794,65.82656215190887,75.11267149925231
2026-01-22,MG95,73.64,72.65876184940338,66.8895511174202,77.23700037240982
2026-01-22,MG92,72.27,71.46862354755402,65.91585254192353,75.95905616760254
2026-01-23,MG95,73.5,72.4836203622818,66.73926817774772,77.02285254716872
2026-01-23,MG92,70.76,71.28242223739625,65.7575171637535,75.7515853691101
2026-01-26,MG95,73.88,72.63877068042756,66.5877694451809,77.45220833539963
2026-01-26,MG92,71.64,71.46288534641266,65.63660447597503,76.21093168735504
2026-01-27,MG95,72.35,72.63463109493256,66.55172476172447,77.4753041934967
2026-01-27,MG92,70.21,71.46038939476013,65.60285522937775,76.2381798505783
2026-01-28,MG95,74.54,72.32058632135391,65.9761372745037,77.36349331617355
2026-01-28,MG92,72.46,71.1461897134781,65.03363728523254,76.1739484834671
2026-01-29,MG95,75.75,72.67847536325455,66.36888044834137,77.72488249540329
2026-01-29,MG92,73.67,71.52059904575349,65.43803120613099,76.51260185718536
2026-01-30,MG95,75.44,73.02194316625595,66.59709613323211,78.2084651708603
2026-01-30,MG92,73.43,71.89016573429107,65.68685105085373,76.9909538936615
2026-02-02,MG95,72.54,73.10851266860962,66.30717790722846,78.66158992052078
2026-02-02,MG92,70.93,72.00778227329255,65.42323377847671,77.48210079193116
2026-02-03,MG95,72.82,73.19138851642609,66.35294052004814,78.78909251928329
2026-02-03,MG92,71.15,72.09783554553985,65.47424738168716,77.60920360565186
2026-02-04,MG95,74.68,73.3347679400444,66.22941764473914,79.21522582530976
2026-02-04,MG92,72.95,72.26956696987152,65.36977812290192,78.05612821102143
2026-02-05,MG95,75.06,73.50711604833603,66.12867931723595,79.69063029527663
2026-02-05,MG92,73.33,72.47370430469513,65.28752366304398,78.55011933326722
2026-02-06,MG95,75.24,73.41010503053666,66.23549240231513,79.36932441949844
2026-02-06,MG92,73.51,72.3544873714447,65.38200496912003,78.21337316513062
2026-02-09,MG95,76.56,72.67698612213134,65.13688679814338,78.96312338590621
2026-02-09,MG92,74.83,71.61675537586213,64.26530293226243,77.87873321533203
2026-02-10,MG95,78.41,73.44433233499527,65.69260932326317,80.03463658094405
2026-02-10,MG92,76.68,72.4417378807068,64.86073251485824,78.93265501976013
2026-02-11,MG95,77.63,73.4673777103424,66.00676768302917,79.73601428747178
2026-02-11,MG92,75.55,72.43912583827972,65.16698827028274,78.60565218448639
2026-02-12,MG95,77.16,72.98753075838088,65.04580750346183,79.75891662836075
2026-02-12,MG92,74.83,71.98148771286012,64.19776297807694,78.69493428230285
2026-02-13,MG95,73.85,73.46009136676788,65.47832267045975,80.31769335985183
2026-02-13,MG92,71.58,72.48082730293274,64.65228323698044,79.23501344203949
2026-02-16,MG95,73.8,73.78021931171418,65.63008223056794,80.8639419555664
2026-02-16,MG92,71.79,72.83357741355896,64.82103776216508,79.77969477176667
2026-02-17,MG95,73.8,73.13961004257202,65.10326949357986,80.03531809806823
2026-02-17,MG92,71.79,72.15049100399017,64.26378545999528,78.97216734409332
2026-02-18,MG95,73.8,73.12701459646225,65.09542363286018,80.0160421013832
2026-02-18,MG92,71.79,72.13680887699127,64.25529424905777,78.95307870388031
2026-02-19,MG95,78.09,73.55525976419449,65.08856639266014,81.00985393047333
2026-02-19,MG92,76.08,72.63174530982971,64.2726622581482,79.96106173038483
2026-02-20,MG95,79.95,73.34229828357697,65.22414623141289,80.3522403883934
2026-02-20,MG92,77.63,72.37134541034699,64.39510900259017,79.28638360977173
2026-02-23,MG95,79.75,73.7282304930687,65.52372769713402,80.87323919534683
2026-02-23,MG92,77.43,72.78471978187561,64.71317284822464,79.79602210998536
2026-02-24,MG95,81.35,73.75340455770493,65.001837028265,81.58673714160919
2026-02-24,MG92,78.89,72.8713069152832,64.19556554555894,80.54918588638306
2026-02-25,MG95,81.46,73.62246071815491,65.01835750818252,81.25615085363388
2026-02-25,MG92,79.0,72.71746176242829,64.20603859186173,80.21423912525178
2026-02-26,MG95,81.74,73.26206436634064,64.74105155587196,80.76290914535522
2026-02-26,MG92,79.28,72.33103703498841,63.91182725429535,79.7309781074524
2026-02-27,MG95,82.09,72.88095325946807,64.13809821128845,80.63912544250488
2026-02-27,MG92,79.63,71.95815346717835,63.29081209421158,79.63741723537446
2026-03-02,MG95,92.78,73.47639729499816,64.73384514331818,81.27789209127425
2026-03-02,MG92,90.32,72.58059903144837,63.914741961956025,80.25187741279602
2026-03-03,MG95,98.65,73.117296667099,64.5179430425167,80.70712570667267
2026-03-03,MG92,95.56,72.18852731704712,63.68207531929016,79.68666460037231
2026-03-04,MG95,104.35,72.89712456703185,63.90270135521889,80.99092289924621
2026-03-04,MG92,99.68,72.00541070461273,63.054646143913274,80.00349290847778
2026-03-05,MG95,110.97,73.30185318708419,64.31021494030952,81.42052268743515
2026-03-05,MG92,106.3,72.4278733253479,63.48156167507172,80.4173565196991
2026-03-06,MG95,121.36,72.58674820661544,63.60513078570366,80.64099330425262
2026-03-06,MG92,113.16,71.67963511466981,62.742175385951995,79.66406836032867
2026-03-09,MG95,147.5,72.94791021347045,64.05083457112312,80.91475284337997
2026-03-09,MG92,139.3,72.04658976078034,63.205999491214754,79.91979146003723
2026-03-10,MG95,127.42,73.00608316898345,63.93975569367409,81.20502865552902
2026-03-10,MG92,119.22,72.12811865329742,63.09624395608902,80.21753942012788
2026-03-11,MG95,129.17,73.23990243911743,63.837439780235286,81.92053749799729
2026-03-11,MG92,116.76,72.41490432739258,63.00043589830399,80.94191268444061
2026-03-12,MG95,143.44,73.10669528961182,64.07664387702941,81.26350450754165
2026-03-12,MG92,130.12,72.22871960163117,63.238334918022154,80.27017829418183
2026-03-13,MG95,149.76,72.67703660488128,63.5716270673275,80.9061623620987
2026-03-13,MG92,136.44,71.78936577320098,62.711784479618075,79.93266924381257
2026-03-16,MG95,153.48,72.33854135274886,62.961244344711304,80.92280484199524
2026-03-16,MG92,140.16,71.47091219425202,62.08099696397782,79.97345027446747
2026-03-17,MG95,152.16,72.84139161109924,63.693349391222,81.14057059764862
2026-03-17,MG92,138.84,71.96635445117951,62.840964488983154,80.1634991645813
2026-03-18,MG95,153.12,72.16881834745406,63.16214886188507,80.22662247896194
2026-03-18,MG92,139.8,71.24624337673187,62.27852127075195,79.26515558242798
2026-03-19,MG95,165.25,72.56196117639541,63.23750277996063,81.08709253787994
2026-03-19,MG92,151.93,71.69720628261567,62.36902646780014,80.12824073791504
2026-03-20,MG95,163.93,72.32534011363983,63.006157164573665,80.82664361715317
2026-03-20,MG92,150.61,71.44954319953919,62.12621432065964,79.87513797283172
2026-03-23,MG95,170.52,72.46036464214325,63.068221498727794,81.07407640218734
2026-03-23,MG92,157.2,71.60001342773438,62.19365891456604,80.12154064178468
2026-03-24,MG95,146.36,72.71578211545945,63.41682171463966,81.21570575714111
2026-03-24,MG92,141.81,71.85446782112122,62.55623528003693,80.25053407669067
2026-03-25,MG95,135.6,72.53696380138398,62.98609027147293,81.38280365943909
2026-03-25,MG92,131.05,71.70098752498627,62.11227098941803,80.43457112312318
2026-03-26,MG95,132.03,72.61587675333023,63.03404888391495,81.51164405107498
2026-03-26,MG92,127.48,71.78747515201569,62.16342555999756,80.56218805313111
2026-03-27,MG95,135.07,71.34101062774658,61.84496557116508,80.024767203331
2026-03-27,MG92,130.52,70.44559018135071,60.91353008985519,79.10776966094971
2026-03-30,MG95,147.0,71.5566813492775,61.93091245293617,80.44421154499054
2026-03-30,MG92,139.66,70.68825306892396,61.007584347724915,79.52620227336884
2026-03-31,MG95,145.8,72.07194195032119,62.27024908423424,81.25384547472
2026-03-31,MG92,138.46,71.25006608009339,61.368174731731415,80.32812417507172
2026-04-01,MG95,143.29,71.95043838500976,62.251793432235715,80.97194979906082
2026-04-01,MG92,136.05,71.10908212661744,61.346196260452274,80.04613139152526
2026-02-05,MG95,75.06,75.73026940345765,73.58548492431642,76.8626292181015
2026-02-05,MG92,73.33,73.95693792700767,72.21013903319836,74.90362776517868
2026-02-06,MG95,75.24,75.92680209159852,72.77332756757737,78.23830461978913
2026-02-06,MG92,73.51,74.15003966093063,71.28249847888947,76.36957473158837
2026-02-09,MG95,76.56,76.12293416500093,72.9150428056717,78.53842737674714
2026-02-09,MG92,74.83,74.34816786646843,71.39588541686535,76.74314244985581
2026-02-10,MG95,78.41,76.07077412605287,72.04277098178864,79.44326472759248
2026-02-10,MG92,76.68,74.32102665901185,70.48856380879879,77.62253148555756
2026-02-11,MG95,77.63,75.76587069988251,72.29806940078736,78.41313289165498
2026-02-11,MG92,75.55,73.9958713412285,70.80577938854695,76.48910561800004
2026-02-12,MG95,77.16,75.9210866546631,71.85237215042115,79.31063454151155
2026-02-12,MG92,74.83,74.17086734175682,70.31215900480747,77.44563968777656
2026-02-13,MG95,73.85,76.49554148197174,71.827511780262,80.73863022804261
2026-02-13,MG92,71.58,74.78674055933952,70.21172088384628,79.03034356832505
2026-02-16,MG95,73.8,76.45758991241456,71.83421540021897,80.6371678686142
2026-02-16,MG92,71.79,74.7451982498169,70.22302174866199,78.91983076334
2026-02-17,MG95,73.8,76.48399487495423,71.36105823516846,81.28067087173463
2026-02-17,MG92,71.79,74.800811201334,69.74171535074711,79.5660628259182
2026-02-18,MG95,73.8,76.91409485816956,71.46882805109024,82.2149044418335
2026-02-18,MG92,71.79,75.267446911335,69.80952923595906,80.58950636386872
2026-02-19,MG95,78.09,76.69465590953827,71.36771289110185,81.79399188995362
2026-02-19,MG92,76.08,75.03162886500358,69.72844476997852,80.12435772418976
2026-02-20,MG95,79.95,76.70744887351991,71.62273087978363,81.51203033447267
2026-02-20,MG92,77.63,75.02995047569276,69.98219897150993,79.84806701540947
2026-02-23,MG95,79.75,77.24803840160371,71.40857114315034,83.12397940635682
2026-02-23,MG92,77.43,75.64271910786628,69.72357918024063,81.55567595362663
2026-02-24,MG95,81.35,77.20916096687317,71.06485705137253,83.45397912025453
2026-02-24,MG92,78.89,75.62333501577378,69.39065805077553,81.87449165582657
2026-02-25,MG95,81.46,77.67515603065492,71.28247987985611,84.35380433559419
2026-02-25,MG92,79.0,76.13024337291718,69.5739807754755,82.84539204239846
2026-02-26,MG95,81.74,78.01194839000702,71.54880410671235,84.87238676071168
2026-02-26,MG92,79.28,76.4902622282505,69.81094238758088,83.41320940852165
2026-02-27,MG95,82.09,78.11568089962006,71.30740701913834,85.43409313678742
2026-02-27,MG92,79.63,76.62508993744851,69.57624616622925,83.97948752641678
2026-03-02,MG95,92.78,78.09087839603424,71.41471390247345,85.23796996593477
2026-03-02,MG92,90.32,76.58913066387177,69.67927578985692,83.78346382975579
2026-03-03,MG95,98.65,77.7178793668747,71.06480363607407,84.73313307762147
2026-03-03,MG92,95.56,76.19430044889451,69.36276026368141,83.22669078707695
2026-03-04,MG95,104.35,78.59723762035371,71.64987030267716,86.22749727249146
2026-03-04,MG92,99.68,77.14473839998246,69.87942154109479,84.83115270137787
2026-03-05,MG95,110.97,78.87119578361512,71.52214542150499,87.07921310901642
2026-03-05,MG92,106.3,77.46506726145745,69.75104215145112,85.70061923861503
2026-03-06,MG95,121.36,79.1463290834427,72.03514149665833,87.14701492786408
2026-03-06,MG92,113.16,77.7396447956562,70.21711694896221,85.81074070930481
2026-03-09,MG95,147.5,79.2719796705246,71.78639980554581,87.76933876514435
2026-03-09,MG92,139.3,77.90073538422585,69.9845034956932,86.42790967822076
2026-03-10,MG95,127.42,79.25607971668244,71.52282646656037,88.0537040090561
2026-03-10,MG92,119.22,77.9024746477604,69.74273281991482,86.70203500390053
2026-03-11,MG95,129.17,80.25053013324738,72.05020906209947,89.92865220546723
2026-03-11,MG92,116.76,78.99522783756257,70.20803364515305,88.64100947380066
2026-03-12,MG95,143.44,79.90793331146241,71.89439218521119,89.24963693141937
2026-03-12,MG92,130.12,78.61654668450356,70.07134057581425,87.9439648270607
2026-03-13,MG95,149.76,79.84022051811219,71.74279956817628,89.26337356567383
2026-03-13,MG92,136.44,78.55081121921539,69.93513450026512,87.9494522035122
2026-03-16,MG95,153.48,80.28592667102815,71.90617025852204,90.19314695835115
2026-03-16,MG92,140.16,79.04637088179588,70.07924552857877,88.90095980167389
2026-03-17,MG95,152.16,80.06895372867585,71.71725370168687,89.87437335968018
2026-03-17,MG92,138.84,78.8133530497551,69.9106195807457,88.56911701560021
2026-03-18,MG95,153.12,80.17195622920991,71.9454216003418,89.85665728569032
2026-03-18,MG92,139.8,78.91353462934494,70.1148569494486,88.56235128045083
2026-03-19,MG95,165.25,80.67507492542268,72.27931172847748,90.72847507953645
2026-03-19,MG92,151.93,79.46206356287003,70.40933165848256,89.46051566600799
2026-03-20,MG95,163.93,80.65397588253022,72.18784248113633,90.7846323633194
2026-03-20,MG92,150.61,79.44482746124268,70.3287341862917,89.51196308135987
2026-03-23,MG95,170.52,80.93738855361939,72.43783498048784,91.2039157485962
2026-03-23,MG92,157.2,79.74933772087097,70.54814228117466,89.94696158766747
2026-03-24,MG95,146.36,80.63812044143677,72.16471365690232,90.77228452682496
2026-03-24,MG92,141.81,79.42847838401795,70.3083239287138,89.4983359515667
2026-03-25,MG95,135.6,81.29498617172241,72.41758613109589,92.13213119506837
2026-03-25,MG92,131.05,80.15849946737289,70.5323280274868,90.87472823858262
2026-03-26,MG95,132.03,80.99773893833161,72.1058188390732,91.75317636013033
2026-03-26,MG92,127.48,79.84291879534722,70.25808530151845,90.48228081464768
2026-03-27,MG95,135.07,81.34775158405304,72.3737099146843,92.31748228073121
2026-03-27,MG92,130.52,80.22193040847779,70.49489907622338,91.05816836357117
2026-03-30,MG95,147.0,81.33409507274628,72.26455130100251,92.4130066394806
2026-03-30,MG92,139.66,80.21454723477363,70.40015269517899,91.14970580339433
2026-03-31,MG95,145.8,81.81777060031892,72.56639225006104,93.27662518501283
2026-03-31,MG92,138.46,80.74336161613465,70.66717747747899,92.02244215607644
2026-04-01,MG95,143.29,81.6348321056366,72.36163360595704,93.05678562164307
2026-04-01,MG92,136.05,80.55017291903496,70.48857250511647,91.79653791189195
2026-04-02,MG95,151.74,81.84818171024324,72.53128059387208,93.39454835891725
2026-04-02,MG92,144.5,80.78066012263298,70.63777087926864,92.13860756754876
2026-04-06,MG95,150.88,81.36026856899262,72.26063863039018,92.48379971504212
2026-04-06,MG92,141.87,80.24468867182732,70.39710898399353,91.22045034766198
2026-04-07,MG95,147.22,81.94551328659058,72.5028859114647,93.67339402198792
2026-04-07,MG92,138.21,80.89375573396683,70.61549091339111,92.41542875170708
2026-04-08,MG95,125.82,82.0651902627945,72.53873647928239,93.93280541896821
2026-04-08,MG92,119.46,81.02747031450272,70.64862823188305,92.67456162571908
2026-04-09,MG95,135.04,82.22972718715668,73.02600418567658,93.78517443656922
2026-04-09,MG92,130.98,81.17849056720733,71.06208161115647,92.54810847043991
2026-04-10,MG95,133.88,82.37702877521515,72.66032750368119,94.57572085380555
2026-04-10,MG92,128.17,81.37373159527779,70.75921495556831,93.3161585509777
2026-04-13,MG95,135.93,81.77346261024476,72.30857440948488,93.4697303915024
2026-04-13,MG92,128.49,80.71221140623094,70.44560834765434,92.20767372250558
2026-04-14,MG95,128.99,81.89445716381074,72.35915869712831,93.71468404769898
2026-04-14,MG92,123.87,80.84634341001511,70.49161621630192,92.45324903726578
2026-04-15,MG95,125.23,82.70159793376924,72.77367031574249,95.26018448829652
2026-04-15,MG92,119.01,81.73499402403831,70.86361424922943,93.99674106836319
2026-04-16,MG95,122.29,82.00713673591615,72.48509861707689,93.84967340946199
2026-04-16,MG92,120.88,80.96534382104873,70.6016898572445,92.59051171541215
2026-04-17,MG95,128.19,82.79275114059449,72.8966679430008,95.34752740383149
2026-04-17,MG92,122.19,81.82951430082322,70.96872229278088,94.08555656075478
2026-04-20,MG95,124.43,82.7560014152527,72.81003278017045,95.35484529972078
2026-04-20,MG92,118.67,81.7942159473896,70.89562104642391,94.09102654457092
2026-04-21,MG95,123.98,82.38519241333009,72.54848031997682,94.72716212749482
2026-04-21,MG92,118.22,81.39146338701248,70.66513819098473,93.4646394789219
2026-04-22,MG95,128.89,82.75526250362397,72.57160914421083,95.63060177803041
2026-04-22,MG92,124.24,81.81140856742859,70.69638406038284,94.36233426332474
2026-04-23,MG95,130.57,82.29448433399202,72.58464247703553,94.45642668724061
2026-04-23,MG92,125.92,81.28536831140518,70.69318816363811,93.19617545604706
2026-04-24,MG95,131.72,82.76067525386811,72.69995275259019,95.49415239810945
2026-04-24,MG92,124.69,81.80787786245347,70.80400099158287,94.22755003571511
2026-04-27,MG95,133.04,82.90362349510194,72.77695980787279,95.76376611709595
2026-04-27,MG92,128.03,81.9648898780346,70.87304105758668,94.49524878263473
2026-04-28,MG95,131.54,83.2842342042923,72.97934147119523,96.48574509620667
2026-04-28,MG92,126.52,82.38293926119805,71.05416361391545,95.21026002168655
2026-04-29,MG95,134.06,82.66323684692384,72.61733709096909,95.34572018623354
2026-04-29,MG92,129.82,81.7031133234501,70.73163458406925,94.07967785000801
2026-04-30,MG95,137.61,82.48103726387025,72.51949806928636,95.00240225791931
2026-04-30,MG92,134.27,81.50287191271782,70.643527841568,93.73793865442276
