date,product,true,pred
2024-01-10,DO 0.001%,100.67,98.70329750299453
2024-01-10,DO 0.05%,99.35,98.01104131221771
2024-01-11,DO 0.001%,100.14,99.16204764127731
2024-01-11,DO 0.05%,98.77,96.89770586788654
2024-01-12,DO 0.001%,104.42,98.35770549595355
2024-01-12,DO 0.05%,103.01,97.29779342651366
2024-01-15,DO 0.001%,102.12,99.81526229858397
2024-01-15,DO 0.05%,100.69,96.64395376861096
2024-01-16,DO 0.001%,103.0,99.77141152977943
2024-01-16,DO 0.05%,101.74,98.38642636060715
2024-01-17,DO 0.001%,101.48,99.11434679150581
2024-01-17,DO 0.05%,100.01,97.49060684800148
2024-01-18,DO 0.001%,102.51,100.29014498472213
2024-01-18,DO 0.05%,101.01,98.61457397341728
2024-01-19,DO 0.001%,103.82,99.90307012677192
2024-01-19,DO 0.05%,102.11,97.55708540558814
2024-01-22,DO 0.001%,101.78,98.64493807017803
2024-01-22,DO 0.05%,100.1,98.33517083406448
2024-01-23,DO 0.001%,104.47,99.90526679873466
2024-01-23,DO 0.05%,102.79,97.85857823371887
2024-01-24,DO 0.001%,103.91,97.98900119304656
2024-01-24,DO 0.05%,102.23,98.26820346355437
2024-01-25,DO 0.001%,104.56,99.58807209134102
2024-01-25,DO 0.05%,102.85,98.71546728849411
2024-01-26,DO 0.001%,107.18,98.7853361147642
2024-01-26,DO 0.05%,105.69,97.80713649272919
2024-01-29,DO 0.001%,108.85,99.30395737409592
2024-01-29,DO 0.05%,106.99,100.44523656368256
2024-01-30,DO 0.001%,108.16,99.54247343301772
2024-01-30,DO 0.05%,106.38,97.80425016880035
2024-01-31,DO 0.001%,107.46,100.07436329960822
2024-01-31,DO 0.05%,105.68,98.30975256204604
2024-02-01,DO 0.001%,108.05,99.86563222289085
2024-02-01,DO 0.05%,106.25,97.86880838990211
2024-02-02,DO 0.001%,105.54,97.95690734326838
2024-02-02,DO 0.05%,103.77,99.2360996055603
2024-02-05,DO 0.001%,104.12,99.83797305226325
2024-02-05,DO 0.05%,102.41,99.2796970629692
2024-02-06,DO 0.001%,106.12,99.05050748884678
2024-02-06,DO 0.05%,104.41,97.64132416605949
2024-02-07,DO 0.001%,106.84,99.22560940742493
2024-02-07,DO 0.05%,105.08,98.08216359257698
2024-02-08,DO 0.001%,107.9,98.41891115427016
2024-02-08,DO 0.05%,106.32,98.60932505369186
2024-02-09,DO 0.001%,109.26,98.59133809328078
2024-02-09,DO 0.05%,107.62,95.65226873099803
2024-02-12,DO 0.001%,109.26,99.23400636315345
2024-02-12,DO 0.05%,107.62,97.91997080922127
2024-02-13,DO 0.001%,111.57,98.13646756112576
2024-02-13,DO 0.05%,109.85,96.79848848283291
2024-02-14,DO 0.001%,110.49,99.74121319532394
2024-02-14,DO 0.05%,108.84,97.17858126521111
2024-02-15,DO 0.001%,107.27,99.9975624513626
2024-02-15,DO 0.05%,105.61,98.32433548092841
2024-02-16,DO 0.001%,107.23,98.21719525575637
2024-02-16,DO 0.05%,105.57,98.84138316988944
2024-02-19,DO 0.001%,106.49,98.36828140854834
2024-02-19,DO 0.05%,104.97,98.38092139601707
2024-02-20,DO 0.001%,107.11,99.12773940443992
2024-02-20,DO 0.05%,105.66,98.62987847328185
2024-02-21,DO 0.001%,104.78,98.88236169815063
2024-02-21,DO 0.05%,103.36,98.65128149628639
2024-02-22,DO 0.001%,105.43,98.68684608340263
2024-02-22,DO 0.05%,104.09,97.13135844528675
2024-02-23,DO 0.001%,105.83,98.03785942912101
2024-02-23,DO 0.05%,104.61,95.70904667973518
2024-02-26,DO 0.001%,103.58,97.20301779270171
2024-02-26,DO 0.05%,102.4,98.33979128003119
2024-02-27,DO 0.001%,105.84,98.5312662011385
2024-02-27,DO 0.05%,104.49,97.05698323130608
2024-02-28,DO 0.001%,104.3,98.08463318884372
2024-02-28,DO 0.05%,102.97,96.31817741274833
2024-02-29,DO 0.001%,102.71,99.46012185454367
2024-02-29,DO 0.05%,101.38,96.29061767458916
2024-03-01,DO 0.001%,103.64,97.03393310189246
2024-03-01,DO 0.05%,102.24,94.55159004986285
2024-03-04,DO 0.001%,104.74,97.5236433237791
2024-03-04,DO 0.05%,103.56,97.87108951687813
2024-03-05,DO 0.001%,102.3,99.00236966669559
2024-03-05,DO 0.05%,101.08,94.62214786767959
2024-03-06,DO 0.001%,101.74,95.74218960225582
2024-03-06,DO 0.05%,100.57,95.29272936820983
2024-03-07,DO 0.001%,102.89,97.01037202358245
2024-03-07,DO 0.05%,101.79,94.85035949170589
2024-03-08,DO 0.001%,104.89,97.96434768378734
2024-03-08,DO 0.05%,104.01,95.53252702236175
2024-03-11,DO 0.001%,102.43,99.08989995837211
2024-03-11,DO 0.05%,101.74,96.91068268716334
2024-03-12,DO 0.001%,103.48,96.56343194961548
2024-03-12,DO 0.05%,102.89,92.7630002862215
2024-03-13,DO 0.001%,101.83,98.85867070913314
2024-03-13,DO 0.05%,100.94,94.67256542921066
2024-03-14,DO 0.001%,104.44,96.45339167535305
2024-03-14,DO 0.05%,103.47,93.85283779501914
2024-03-15,DO 0.001%,104.43,97.59957022726535
2024-03-15,DO 0.05%,103.34,94.50835338294506
2024-03-18,DO 0.001%,106.52,94.80994446039199
2024-03-18,DO 0.05%,105.54,94.36982147276402
2024-03-19,DO 0.001%,107.55,95.9347763210535
2024-03-19,DO 0.05%,106.65,92.85009045541285
2024-03-20,DO 0.001%,105.52,96.62920219779014
2024-03-20,DO 0.05%,104.45,95.05349617660045
2024-03-21,DO 0.001%,104.41,96.75320787310599
2024-03-21,DO 0.05%,103.5,92.81224818825721
2024-03-22,DO 0.001%,104.19,97.45647358298301
2024-03-22,DO 0.05%,103.24,95.33330084085463
2024-03-25,DO 0.001%,103.42,95.7259920990467
2024-03-25,DO 0.05%,102.4,94.86078168153762
2024-03-26,DO 0.001%,103.98,97.06411962628364
2024-03-26,DO 0.05%,102.94,93.06313724040984
2024-03-27,DO 0.001%,102.06,95.65572812139987
2024-03-27,DO 0.05%,101.24,92.43423868000507
2024-03-28,DO 0.001%,102.72,96.06058893620967
2024-03-28,DO 0.05%,101.9,93.40839046359062
2024-04-01,DO 0.001%,104.13,96.75481404185294
2024-04-01,DO 0.05%,103.21,94.3381941127777
2024-04-02,DO 0.001%,104.86,95.88047955036163
2024-04-02,DO 0.05%,103.96,93.04829245746136
2024-04-03,DO 0.001%,107.56,96.12827831983566
2024-04-03,DO 0.05%,106.51,90.6022434926033
2024-02-07,DO 0.001%,106.84,105.89334749937058
2024-02-07,DO 0.05%,105.08,104.41612374782562
2024-02-08,DO 0.001%,107.9,106.49305029392242
2024-02-08,DO 0.05%,106.32,104.92619958043097
2024-02-09,DO 0.001%,109.26,105.4096433711052
2024-02-09,DO 0.05%,107.62,103.2225219041109
2024-02-12,DO 0.001%,109.26,107.49304621219636
2024-02-12,DO 0.05%,107.62,106.06775579094887
2024-02-13,DO 0.001%,111.57,105.96159056663514
2024-02-13,DO 0.05%,109.85,103.91767930209636
2024-02-14,DO 0.001%,110.49,104.03279568672181
2024-02-14,DO 0.05%,108.84,103.45232425391674
2024-02-15,DO 0.001%,107.27,105.72949835538864
2024-02-15,DO 0.05%,105.61,103.80499362945557
2024-02-16,DO 0.001%,107.23,106.79163980484009
2024-02-16,DO 0.05%,105.57,105.34931072592735
2024-02-19,DO 0.001%,106.49,105.92327855825425
2024-02-19,DO 0.05%,104.97,104.33878031492233
2024-02-20,DO 0.001%,107.11,107.49185706615448
2024-02-20,DO 0.05%,105.66,106.36504383325577
2024-02-21,DO 0.001%,104.78,104.62992410659791
2024-02-21,DO 0.05%,103.36,103.69505866467952
2024-02-22,DO 0.001%,105.43,105.00143104076386
2024-02-22,DO 0.05%,104.09,105.61208423018455
2024-02-23,DO 0.001%,105.83,106.86187532424927
2024-02-23,DO 0.05%,104.61,106.81044691443444
2024-02-26,DO 0.001%,103.58,104.74894623994828
2024-02-26,DO 0.05%,102.4,104.9569303393364
2024-02-27,DO 0.001%,105.84,105.42230651140214
2024-02-27,DO 0.05%,104.49,106.91521029949187
2024-02-28,DO 0.001%,104.3,105.99061079025269
2024-02-28,DO 0.05%,102.97,105.87257999897002
2024-02-29,DO 0.001%,102.71,106.10947479248047
2024-02-29,DO 0.05%,101.38,105.41008767843246
2024-03-01,DO 0.001%,103.64,106.20797150611878
2024-03-01,DO 0.05%,102.24,106.62323697328567
2024-03-04,DO 0.001%,104.74,107.42370887756348
2024-03-04,DO 0.05%,103.56,106.43017711043358
2024-03-05,DO 0.001%,102.3,106.33881552219391
2024-03-05,DO 0.05%,101.08,106.15462090492248
2024-03-06,DO 0.001%,101.74,104.71299987316132
2024-03-06,DO 0.05%,100.57,105.31677520394325
2024-03-07,DO 0.001%,102.89,105.63131157875061
2024-03-07,DO 0.05%,101.79,106.45103768229484
2024-03-08,DO 0.001%,104.89,106.05027682542801
2024-03-08,DO 0.05%,104.01,107.39794085979462
2024-03-11,DO 0.001%,102.43,106.28536720275879
2024-03-11,DO 0.05%,101.74,105.73982411623001
2024-03-12,DO 0.001%,103.48,102.5029656291008
2024-03-12,DO 0.05%,102.89,104.25673205137252
2024-03-13,DO 0.001%,101.83,105.16643770456315
2024-03-13,DO 0.05%,100.94,105.04665818095206
2024-03-14,DO 0.001%,104.44,105.83366248846055
2024-03-14,DO 0.05%,103.47,107.64735911726952
2024-03-15,DO 0.001%,104.43,106.61576004505157
2024-03-15,DO 0.05%,103.34,107.66788362979888
2024-03-18,DO 0.001%,106.52,105.14687372207642
2024-03-18,DO 0.05%,105.54,106.12786062479019
2024-03-19,DO 0.001%,107.55,102.67611288309098
2024-03-19,DO 0.05%,106.65,104.84458694934844
2024-03-20,DO 0.001%,105.52,103.21416351556779
2024-03-20,DO 0.05%,104.45,104.73832996726036
2024-03-21,DO 0.001%,104.41,104.66336567640305
2024-03-21,DO 0.05%,103.5,105.77232229828834
2024-03-22,DO 0.001%,104.19,103.58696079969407
2024-03-22,DO 0.05%,103.24,104.64371059536934
2024-03-25,DO 0.001%,103.42,105.00757917881012
2024-03-25,DO 0.05%,102.4,106.3500705230236
2024-03-26,DO 0.001%,103.98,103.6768109035492
2024-03-26,DO 0.05%,102.94,106.71071197271347
2024-03-27,DO 0.001%,102.06,103.23699764966965
2024-03-27,DO 0.05%,101.24,105.73233123779296
2024-03-28,DO 0.001%,102.72,104.06877367973328
2024-03-28,DO 0.05%,101.9,107.66173498868942
2024-04-01,DO 0.001%,104.13,104.97430839061738
2024-04-01,DO 0.05%,103.21,106.85519259214401
2024-04-02,DO 0.001%,104.86,103.37688044071199
2024-04-02,DO 0.05%,103.96,104.04429276704788
2024-04-03,DO 0.001%,107.56,106.5645129108429
2024-04-03,DO 0.05%,106.51,108.8554052889347
2024-04-04,DO 0.001%,107.66,102.63391084909439
2024-04-04,DO 0.05%,106.71,104.85618721961974
2024-04-05,DO 0.001%,108.93,105.05593567609787
2024-04-05,DO 0.05%,108.05,106.25593657016753
2024-04-08,DO 0.001%,108.66,102.6539745259285
2024-04-08,DO 0.05%,107.73,103.90432405531406
2024-04-09,DO 0.001%,108.38,103.40299737691879
2024-04-09,DO 0.05%,107.38,105.27912411212921
2024-04-10,DO 0.001%,108.38,101.01084668159486
2024-04-10,DO 0.05%,107.38,102.4474135017395
2024-04-11,DO 0.001%,108.14,101.75824394464493
2024-04-11,DO 0.05%,107.04,103.52895822823048
2024-04-12,DO 0.001%,107.67,103.39503389358521
2024-04-12,DO 0.05%,106.57,103.75623390972613
2024-04-15,DO 0.001%,106.25,103.0213004732132
2024-04-15,DO 0.05%,105.13,104.24332701802254
2024-04-16,DO 0.001%,106.3,107.64970987796784
2024-04-16,DO 0.05%,105.18,108.99753349304198
2024-04-17,DO 0.001%,105.88,102.69813738584519
2024-04-17,DO 0.05%,104.48,104.22840349435806
2024-04-18,DO 0.001%,101.86,101.33809587717057
2024-04-18,DO 0.05%,100.25,103.18876038789749
2024-04-19,DO 0.001%,100.68,101.29355350255966
2024-04-19,DO 0.05%,99.17,103.120384760499
2024-04-22,DO 0.001%,100.58,102.88528240680695
2024-04-22,DO 0.05%,99.16,102.22060456931591
2024-04-23,DO 0.001%,102.67,101.64235913276673
2024-04-23,DO 0.05%,101.39,102.02384805381298
2024-04-24,DO 0.001%,102.13,103.56828235149383
2024-04-24,DO 0.05%,100.9,104.03445369660854
2024-04-25,DO 0.001%,102.19,102.48891726016998
2024-04-25,DO 0.05%,100.9,103.06537682652473
2024-04-26,DO 0.001%,101.78,101.72883788108827
2024-04-26,DO 0.05%,100.49,103.37421535253524
2024-04-29,DO 0.001%,101.28,103.66024508714676
2024-04-29,DO 0.05%,99.91,104.4349555170536
2024-04-30,DO 0.001%,101.21,103.96816433429719
2024-04-30,DO 0.05%,99.84,104.90567506790161
2024-05-01,DO 0.001%,101.21,102.39173619747163
2024-05-01,DO 0.05%,99.84,101.61231228530407
2024-03-06,DO 0.001%,101.74,103.04056026935577
2024-03-06,DO 0.05%,100.57,101.99660672664642
2024-03-07,DO 0.001%,102.89,101.97918323278427
2024-03-07,DO 0.05%,101.79,100.38361313343047
2024-03-08,DO 0.001%,104.89,104.67705870866776
2024-03-08,DO 0.05%,104.01,100.57657662868499
2024-03-11,DO 0.001%,102.43,102.4757559299469
2024-03-11,DO 0.05%,101.74,102.63423937797546
2024-03-12,DO 0.001%,103.48,102.55052415132522
2024-03-12,DO 0.05%,102.89,99.83725074529647
2024-03-13,DO 0.001%,101.83,101.40201914906501
2024-03-13,DO 0.05%,100.94,100.35868838071823
2024-03-14,DO 0.001%,104.44,104.14553482532502
2024-03-14,DO 0.05%,103.47,101.08071093082428
2024-03-15,DO 0.001%,104.43,102.84887752532958
2024-03-15,DO 0.05%,103.34,100.22670226573943
2024-03-18,DO 0.001%,106.52,101.70212861895561
2024-03-18,DO 0.05%,105.54,100.08284722089768
2024-03-19,DO 0.001%,107.55,100.95398908853531
2024-03-19,DO 0.05%,106.65,99.02910314321518
2024-03-20,DO 0.001%,105.52,101.76551270484924
2024-03-20,DO 0.05%,104.45,100.70797230958938
2024-03-21,DO 0.001%,104.41,99.78712434768677
2024-03-21,DO 0.05%,103.5,99.4735855293274
2024-03-22,DO 0.001%,104.19,102.371451151371
2024-03-22,DO 0.05%,103.24,99.6476069355011
2024-03-25,DO 0.001%,103.42,101.27686073184013
2024-03-25,DO 0.05%,102.4,99.43886439085007
2024-03-26,DO 0.001%,103.98,100.59602601528168
2024-03-26,DO 0.05%,102.94,99.49937785863877
2024-03-27,DO 0.001%,102.06,101.79406755566596
2024-03-27,DO 0.05%,101.24,99.49350364208222
2024-03-28,DO 0.001%,102.72,101.43482399582862
2024-03-28,DO 0.05%,101.9,99.53002620697022
2024-04-01,DO 0.001%,104.13,101.58425068259238
2024-04-01,DO 0.05%,103.21,98.53234324216842
2024-04-02,DO 0.001%,104.86,98.803911870718
2024-04-02,DO 0.05%,103.96,97.45165006637573
2024-04-03,DO 0.001%,107.56,101.22170224785805
2024-04-03,DO 0.05%,106.51,98.02332882165909
2024-04-04,DO 0.001%,107.66,100.64364182353019
2024-04-04,DO 0.05%,106.71,101.24645421028137
2024-04-05,DO 0.001%,108.93,101.67611644864083
2024-04-05,DO 0.05%,108.05,98.82594562292098
2024-04-08,DO 0.001%,108.66,99.79967311620712
2024-04-08,DO 0.05%,107.73,99.47236248731613
2024-04-09,DO 0.001%,108.38,100.84739162921905
2024-04-09,DO 0.05%,107.38,98.32727584838867
2024-04-10,DO 0.001%,108.38,100.62795891165733
2024-04-10,DO 0.05%,107.38,97.96657485246658
2024-04-11,DO 0.001%,108.14,99.81336212754249
2024-04-11,DO 0.05%,107.04,99.45400480747223
2024-04-12,DO 0.001%,107.67,100.27637997865676
2024-04-12,DO 0.05%,106.57,98.79323075532913
2024-04-15,DO 0.001%,106.25,100.93033667206764
2024-04-15,DO 0.05%,105.13,99.18999040365219
2024-04-16,DO 0.001%,106.3,100.19970932006835
2024-04-16,DO 0.05%,105.18,99.21086044073105
2024-04-17,DO 0.001%,105.88,100.00466072559357
2024-04-17,DO 0.05%,104.48,98.83398878097535
2024-04-18,DO 0.001%,101.86,101.22696443796157
2024-04-18,DO 0.05%,100.25,100.54882020235061
2024-04-19,DO 0.001%,100.68,102.40290234088897
2024-04-19,DO 0.05%,99.17,98.58724156141281
2024-04-22,DO 0.001%,100.58,99.04562505483626
2024-04-22,DO 0.05%,99.16,98.29705526351928
2024-04-23,DO 0.001%,102.67,98.47494876980781
2024-04-23,DO 0.05%,101.39,99.05778136968613
2024-04-24,DO 0.001%,102.13,99.79388043880462
2024-04-24,DO 0.05%,100.9,97.82221372127533
2024-04-25,DO 0.001%,102.19,100.85094650387764
2024-04-25,DO 0.05%,100.9,98.2191601395607
2024-04-26,DO 0.001%,101.78,98.45996097922325
2024-04-26,DO 0.05%,100.49,100.9053881597519
2024-04-29,DO 0.001%,101.28,100.1842276275158
2024-04-29,DO 0.05%,99.91,100.13085915088654
2024-04-30,DO 0.001%,101.21,99.86770353913307
2024-04-30,DO 0.05%,99.84,96.58445303201675
2024-05-01,DO 0.001%,101.21,100.27647144198417
2024-05-01,DO 0.05%,99.84,98.10568232536316
2024-05-02,DO 0.001%,97.79,100.02300826907158
2024-05-02,DO 0.05%,96.42,99.3468289732933
2024-05-03,DO 0.001%,97.12,98.70567415952682
2024-05-03,DO 0.05%,95.75,97.26680805206298
2024-05-06,DO 0.001%,97.2,99.4763685464859
2024-05-06,DO 0.05%,95.83,99.29631673574447
2024-05-07,DO 0.001%,97.76,98.5164548277855
2024-05-07,DO 0.05%,96.6,96.24652592182159
2024-05-08,DO 0.001%,96.5,100.0216911971569
2024-05-08,DO 0.05%,95.22,99.04771386623382
2024-05-09,DO 0.001%,98.98,100.42041642665863
2024-05-09,DO 0.05%,97.62,98.09170470237731
2024-05-10,DO 0.001%,98.72,99.24707608222961
2024-05-10,DO 0.05%,97.3,99.1930389714241
2024-05-13,DO 0.001%,97.09,101.29089730381965
2024-05-13,DO 0.05%,95.67,97.4149588060379
2024-05-14,DO 0.001%,97.22,101.00837318301201
2024-05-14,DO 0.05%,94.86,99.21374031305312
2024-05-15,DO 0.001%,96.97,99.08317989706993
2024-05-15,DO 0.05%,94.65,99.38403234481811
2024-05-16,DO 0.001%,96.84,98.66157664060593
2024-05-16,DO 0.05%,94.73,99.0764583659172
2024-05-17,DO 0.001%,97.96,100.96581224799156
2024-05-17,DO 0.05%,96.15,97.39743255376816
2024-05-20,DO 0.001%,98.57,98.90297275185584
2024-05-20,DO 0.05%,96.87,99.2467383480072
2024-05-21,DO 0.001%,97.51,99.92249007225037
2024-05-21,DO 0.05%,95.87,98.41321413040161
2024-05-22,DO 0.001%,97.51,99.61344158649445
2024-05-22,DO 0.05%,95.87,98.84987627744674
2024-05-23,DO 0.001%,95.97,99.40794178247451
2024-05-23,DO 0.05%,94.23,98.53077678442001
2024-05-24,DO 0.001%,95.17,99.33264917135239
2024-05-24,DO 0.05%,93.59,99.63648508548737
2024-05-27,DO 0.001%,95.92,101.14654378294945
2024-05-27,DO 0.05%,94.47,99.47124789237976
2024-05-28,DO 0.001%,97.93,100.64151377677918
2024-05-28,DO 0.05%,96.5,97.02562175750732
2024-05-29,DO 0.001%,99.3,100.54662972092628
2024-05-29,DO 0.05%,97.87,98.48796428918838
2024-04-04,DO 0.001%,107.66,108.76130734443664
2024-04-04,DO 0.05%,106.71,105.89474237084389
2024-04-05,DO 0.001%,108.93,109.68716923713684
2024-04-05,DO 0.05%,108.05,106.91867774128914
2024-04-08,DO 0.001%,108.66,109.98559198379517
2024-04-08,DO 0.05%,107.73,107.15066428899766
2024-04-09,DO 0.001%,108.38,108.724135928154
2024-04-09,DO 0.05%,107.38,106.1920421910286
2024-04-10,DO 0.001%,108.38,110.05711394309998
2024-04-10,DO 0.05%,107.38,107.42145281195641
2024-04-11,DO 0.001%,108.14,108.99682461738587
2024-04-11,DO 0.05%,107.04,106.56481286883354
2024-04-12,DO 0.001%,107.67,108.7561015510559
2024-04-12,DO 0.05%,106.57,106.29445604324341
2024-04-15,DO 0.001%,106.25,109.71476250648499
2024-04-15,DO 0.05%,105.13,107.66726637244226
2024-04-16,DO 0.001%,106.3,109.00023530960084
2024-04-16,DO 0.05%,105.18,106.83132250905038
2024-04-17,DO 0.001%,105.88,108.96249971866608
2024-04-17,DO 0.05%,104.48,106.79342201948167
2024-04-18,DO 0.001%,101.86,109.25398568153382
2024-04-18,DO 0.05%,100.25,107.192805570364
2024-04-19,DO 0.001%,100.68,108.98660536289215
2024-04-19,DO 0.05%,99.17,107.08166889190674
2024-04-22,DO 0.001%,100.58,110.15186964035034
2024-04-22,DO 0.05%,99.16,108.19727646827698
2024-04-23,DO 0.001%,102.67,109.38619488239289
2024-04-23,DO 0.05%,101.39,107.36266578793526
2024-04-24,DO 0.001%,102.13,108.54783134937287
2024-04-24,DO 0.05%,100.9,106.27528360128403
2024-04-25,DO 0.001%,102.19,108.35310133934021
2024-04-25,DO 0.05%,100.9,106.43894769191742
2024-04-26,DO 0.001%,101.78,109.25739637374878
2024-04-26,DO 0.05%,100.49,107.59547763943672
2024-04-29,DO 0.001%,101.28,109.8180192899704
2024-04-29,DO 0.05%,99.91,107.80665383458138
2024-04-30,DO 0.001%,101.21,109.4116340303421
2024-04-30,DO 0.05%,99.84,107.52108602523805
2024-05-01,DO 0.001%,101.21,110.67720599651336
2024-05-01,DO 0.05%,99.84,108.77192915081979
2024-05-02,DO 0.001%,97.79,110.23395705223083
2024-05-02,DO 0.05%,96.42,108.02952394962311
2024-05-03,DO 0.001%,97.12,110.89979854106903
2024-05-03,DO 0.05%,95.75,109.17430918931962
2024-05-06,DO 0.001%,97.2,110.26490972518921
2024-05-06,DO 0.05%,95.83,108.37315505504608
2024-05-07,DO 0.001%,97.76,111.56140872001649
2024-05-07,DO 0.05%,96.6,109.93744856119156
2024-05-08,DO 0.001%,96.5,110.67461592197418
2024-05-08,DO 0.05%,95.22,108.95062646746636
2024-05-09,DO 0.001%,98.98,111.21096650600434
2024-05-09,DO 0.05%,97.62,109.44791644215584
2024-05-10,DO 0.001%,98.72,110.70912033081055
2024-05-10,DO 0.05%,97.3,108.9339553308487
2024-05-13,DO 0.001%,97.09,111.2254940032959
2024-05-13,DO 0.05%,95.67,109.43529564261436
2024-05-14,DO 0.001%,97.22,111.6988878250122
2024-05-14,DO 0.05%,94.86,110.21821691155434
2024-05-15,DO 0.001%,96.97,111.45371547222138
2024-05-15,DO 0.05%,94.65,109.96149664402009
2024-05-16,DO 0.001%,96.84,111.17933425903321
2024-05-16,DO 0.05%,94.73,109.80491746902466
2024-05-17,DO 0.001%,97.96,111.43141775131225
2024-05-17,DO 0.05%,96.15,110.0477726328373
2024-05-20,DO 0.001%,98.57,110.8917718744278
2024-05-20,DO 0.05%,96.87,109.39608736395836
2024-05-21,DO 0.001%,97.51,110.8672046327591
2024-05-21,DO 0.05%,95.87,109.61006959199906
2024-05-22,DO 0.001%,97.51,109.94452263355255
2024-05-22,DO 0.05%,95.87,108.34195857167245
2024-05-23,DO 0.001%,95.97,110.58019360065461
2024-05-23,DO 0.05%,94.23,109.3546190226078
2024-05-24,DO 0.001%,95.17,111.37611581325531
2024-05-24,DO 0.05%,93.59,110.39625398516655
2024-05-27,DO 0.001%,95.92,109.84849754333496
2024-05-27,DO 0.05%,94.47,108.48730091810226
2024-05-28,DO 0.001%,97.93,110.29643939495087
2024-05-28,DO 0.05%,96.5,109.27905928611756
2024-05-29,DO 0.001%,99.3,109.01308310508728
2024-05-29,DO 0.05%,97.87,108.08034996628761
2024-05-30,DO 0.001%,97.24,110.09781145095826
2024-05-30,DO 0.05%,95.97,109.26255321025849
2024-05-31,DO 0.001%,95.92,110.20400450706482
2024-05-31,DO 0.05%,94.65,109.64418638110162
2024-06-03,DO 0.001%,95.41,108.29045230865479
2024-06-03,DO 0.05%,94.18,107.50437679767609
2024-06-04,DO 0.001%,91.71,108.06214108467103
2024-06-04,DO 0.05%,90.88,107.06413436055183
2024-06-05,DO 0.001%,92.36,109.44279185771943
2024-06-05,DO 0.05%,91.77,108.76539020538331
2024-06-06,DO 0.001%,92.68,109.35129298686981
2024-06-06,DO 0.05%,92.15,108.92318829059602
2024-06-07,DO 0.001%,94.26,108.87478338241577
2024-06-07,DO 0.05%,93.62,108.01682696819306
2024-06-10,DO 0.001%,94.38,106.6285861158371
2024-06-10,DO 0.05%,93.97,106.15690329492092
2024-06-11,DO 0.001%,96.65,106.62952213287353
2024-06-11,DO 0.05%,96.22,105.94773322284222
2024-06-12,DO 0.001%,98.31,107.62954734802247
2024-06-12,DO 0.05%,97.88,106.79502183914185
2024-06-13,DO 0.001%,97.71,107.27309154510499
2024-06-13,DO 0.05%,97.36,106.4203466141224
2024-06-14,DO 0.001%,98.48,106.19354975938798
2024-06-14,DO 0.05%,98.33,105.14878836333752
2024-06-17,DO 0.001%,98.48,104.60559044599533
2024-06-17,DO 0.05%,98.33,103.70354175508022
2024-06-18,DO 0.001%,99.14,105.01995749473572
2024-06-18,DO 0.05%,98.97,103.82016352951527
2024-06-19,DO 0.001%,101.06,104.51846392869949
2024-06-19,DO 0.05%,100.81,103.56329724669457
2024-06-20,DO 0.001%,101.81,105.15843031644822
2024-06-20,DO 0.05%,101.39,103.88273425400257
2024-06-21,DO 0.001%,100.93,103.34994923591614
2024-06-21,DO 0.05%,100.51,102.37929103136064
2024-06-24,DO 0.001%,100.54,104.05399432420731
2024-06-24,DO 0.05%,100.0,102.54220600008965
2024-06-25,DO 0.001%,101.15,102.55861094236374
2024-06-25,DO 0.05%,100.82,101.31489672958851
2024-06-26,DO 0.001%,101.21,103.58588963985443
2024-06-26,DO 0.05%,100.96,102.35014511048794
2024-05-02,DO 0.001%,97.79,101.77613407492638
2024-05-02,DO 0.05%,96.42,100.39565002441407
2024-05-03,DO 0.001%,97.12,101.68182062387466
2024-05-03,DO 0.05%,95.75,100.66732177734376
2024-05-06,DO 0.001%,97.2,101.5575010895729
2024-05-06,DO 0.05%,95.83,99.36491958618164
2024-05-07,DO 0.001%,97.76,101.45346310973167
2024-05-07,DO 0.05%,96.6,99.62474304199219
2024-05-08,DO 0.001%,96.5,101.12742596149444
2024-05-08,DO 0.05%,95.22,101.11735473632812
2024-05-09,DO 0.001%,98.98,101.53296052932738
2024-05-09,DO 0.05%,97.62,100.69710021972656
2024-05-10,DO 0.001%,98.72,101.48525483846664
2024-05-10,DO 0.05%,97.3,100.18884338378906
2024-05-13,DO 0.001%,97.09,101.69352384090423
2024-05-13,DO 0.05%,95.67,100.764345703125
2024-05-14,DO 0.001%,97.22,101.11888381958008
2024-05-14,DO 0.05%,94.86,100.29484130859376
2024-05-15,DO 0.001%,96.97,101.79341140151023
2024-05-15,DO 0.05%,94.65,100.86494018554689
2024-05-16,DO 0.001%,96.84,101.48539962053299
2024-05-16,DO 0.05%,94.73,101.28424255371094
2024-05-17,DO 0.001%,97.96,101.03817385017871
2024-05-17,DO 0.05%,96.15,99.44824447631837
2024-05-20,DO 0.001%,98.57,101.42174377202987
2024-05-20,DO 0.05%,96.87,100.37250091552735
2024-05-21,DO 0.001%,97.51,101.79701888799667
2024-05-21,DO 0.05%,95.87,100.39121063232422
2024-05-22,DO 0.001%,97.51,101.7826492679119
2024-05-22,DO 0.05%,95.87,99.69801086425781
2024-05-23,DO 0.001%,95.97,101.66310754179953
2024-05-23,DO 0.05%,94.23,99.06768859863281
2024-05-24,DO 0.001%,95.17,100.77608211457729
2024-05-24,DO 0.05%,93.59,99.68809661865235
2024-05-27,DO 0.001%,95.92,101.54273331880569
2024-05-27,DO 0.05%,94.47,99.57648696899415
2024-05-28,DO 0.001%,97.93,101.8106645977497
2024-05-28,DO 0.05%,96.5,100.52159545898438
2024-05-29,DO 0.001%,99.3,101.4374888217449
2024-05-29,DO 0.05%,97.87,100.12185974121094
2024-05-30,DO 0.001%,97.24,102.13527805566787
2024-05-30,DO 0.05%,95.97,99.5753562927246
2024-05-31,DO 0.001%,95.92,101.57298070549965
2024-05-31,DO 0.05%,94.65,99.71288223266602
2024-06-03,DO 0.001%,95.41,101.55922640919685
2024-06-03,DO 0.05%,94.18,99.75186080932617
2024-06-04,DO 0.001%,91.71,101.03686477899551
2024-06-04,DO 0.05%,90.88,98.95579330444336
2024-06-05,DO 0.001%,92.36,101.31703014254569
2024-06-05,DO 0.05%,91.77,98.53934143066407
2024-06-06,DO 0.001%,92.68,102.0347751712799
2024-06-06,DO 0.05%,92.15,98.7718977355957
2024-06-07,DO 0.001%,94.26,100.94559175133705
2024-06-07,DO 0.05%,93.62,99.56403167724609
2024-06-10,DO 0.001%,94.38,101.96044164538382
2024-06-10,DO 0.05%,93.97,99.57384475708008
2024-06-11,DO 0.001%,96.65,101.3312911760807
2024-06-11,DO 0.05%,96.22,98.17485305786133
2024-06-12,DO 0.001%,98.31,101.05797883033752
2024-06-12,DO 0.05%,97.88,99.3945492553711
2024-06-13,DO 0.001%,97.71,101.65743691086769
2024-06-13,DO 0.05%,97.36,99.6479754638672
2024-06-14,DO 0.001%,98.48,101.02334575355053
2024-06-14,DO 0.05%,98.33,100.00267456054688
2024-06-17,DO 0.001%,98.48,101.80131408929824
2024-06-17,DO 0.05%,98.33,99.23785537719726
2024-06-18,DO 0.001%,99.14,101.03020480394363
2024-06-18,DO 0.05%,98.97,98.42652969360351
2024-06-19,DO 0.001%,101.06,101.06334179937839
2024-06-19,DO 0.05%,100.81,99.06094619750976
2024-06-20,DO 0.001%,101.81,101.16982900917529
2024-06-20,DO 0.05%,101.39,98.79160720825196
2024-06-21,DO 0.001%,100.93,101.05266412198543
2024-06-21,DO 0.05%,100.51,98.98278076171876
2024-06-24,DO 0.001%,100.54,101.04303611457347
2024-06-24,DO 0.05%,100.0,98.89821212768555
2024-06-25,DO 0.001%,101.15,101.12319108605384
2024-06-25,DO 0.05%,100.82,98.68964996337891
2024-06-26,DO 0.001%,101.21,100.43475839316844
2024-06-26,DO 0.05%,100.96,98.63192001342773
2024-06-27,DO 0.001%,102.61,100.62020008981227
2024-06-27,DO 0.05%,102.36,97.76301910400392
2024-06-28,DO 0.001%,103.22,100.7760459190607
2024-06-28,DO 0.05%,103.02,98.87994277954103
2024-07-01,DO 0.001%,101.78,100.33835163474082
2024-07-01,DO 0.05%,101.58,99.43915740966797
2024-07-02,DO 0.001%,103.9,101.20932435035705
2024-07-02,DO 0.05%,103.58,99.16645614624024
2024-07-03,DO 0.001%,103.17,99.82933408498764
2024-07-03,DO 0.05%,102.75,96.44362701416016
2024-07-04,DO 0.001%,102.49,99.86680247724055
2024-07-04,DO 0.05%,102.05,98.1899624633789
2024-07-05,DO 0.001%,103.55,99.93466303825377
2024-07-05,DO 0.05%,103.22,97.86166168212891
2024-07-08,DO 0.001%,101.58,100.48213832437992
2024-07-08,DO 0.05%,101.29,98.59514923095703
2024-07-09,DO 0.001%,100.78,100.45107653856277
2024-07-09,DO 0.05%,100.42,98.26588439941406
2024-07-10,DO 0.001%,99.47,100.5004351580143
2024-07-10,DO 0.05%,99.09,99.42680923461914
2024-07-11,DO 0.001%,100.41,100.15102173864841
2024-07-11,DO 0.05%,100.1,98.04414093017579
2024-07-12,DO 0.001%,100.72,100.14641284286975
2024-07-12,DO 0.05%,100.45,99.42392898559571
2024-07-15,DO 0.001%,99.66,99.77533037424087
2024-07-15,DO 0.05%,99.36,98.85277084350587
2024-07-16,DO 0.001%,99.13,99.80334570407867
2024-07-16,DO 0.05%,98.77,97.66596542358398
2024-07-17,DO 0.001%,98.14,99.53859963059425
2024-07-17,DO 0.05%,97.86,97.42583953857422
2024-07-18,DO 0.001%,99.76,99.7979465395212
2024-07-18,DO 0.05%,99.55,97.82021347045898
2024-07-19,DO 0.001%,98.79,100.11794506907462
2024-07-19,DO 0.05%,98.55,99.48585433959961
2024-07-22,DO 0.001%,96.71,99.76053847312927
2024-07-22,DO 0.05%,96.49,98.40362457275391
2024-07-23,DO 0.001%,97.01,99.75300980567931
2024-07-23,DO 0.05%,96.83,98.50718856811524
2024-07-24,DO 0.001%,96.31,100.87009393632411
2024-07-24,DO 0.05%,96.13,98.65619979858398
2024-05-30,DO 0.001%,97.24,98.57561709880828
2024-05-30,DO 0.05%,95.97,98.43197669029236
2024-05-31,DO 0.001%,95.92,99.28613238930701
2024-05-31,DO 0.05%,94.65,97.92106651663781
2024-06-03,DO 0.001%,95.41,98.91255919933319
2024-06-03,DO 0.05%,94.18,97.8069222933054
2024-06-04,DO 0.001%,91.71,99.00908203125
2024-06-04,DO 0.05%,90.88,97.1311863911152
2024-06-05,DO 0.001%,92.36,98.88775967359543
2024-06-05,DO 0.05%,91.77,96.80500003695488
2024-06-06,DO 0.001%,92.68,99.11991637945175
2024-06-06,DO 0.05%,92.15,97.31984199404717
2024-06-07,DO 0.001%,94.26,100.95534170866013
2024-06-07,DO 0.05%,93.62,96.68284640908242
2024-06-10,DO 0.001%,94.38,99.92036694288254
2024-06-10,DO 0.05%,93.97,98.06847922801973
2024-06-11,DO 0.001%,96.65,99.96262675523758
2024-06-11,DO 0.05%,96.22,98.35608276963234
2024-06-12,DO 0.001%,98.31,99.84844239950179
2024-06-12,DO 0.05%,97.88,96.97407255828381
2024-06-13,DO 0.001%,97.71,99.42509851455688
2024-06-13,DO 0.05%,97.36,97.39353668272496
2024-06-14,DO 0.001%,98.48,100.39993886947632
2024-06-14,DO 0.05%,98.33,97.59191090762616
2024-06-17,DO 0.001%,98.48,100.20138877630234
2024-06-17,DO 0.05%,98.33,96.57233062684537
2024-06-18,DO 0.001%,99.14,99.57475980520248
2024-06-18,DO 0.05%,98.97,97.09311109364033
2024-06-19,DO 0.001%,101.06,99.97016723155976
2024-06-19,DO 0.05%,100.81,96.54745655477048
2024-06-20,DO 0.001%,101.81,99.41876546144485
2024-06-20,DO 0.05%,101.39,97.89684579730034
2024-06-21,DO 0.001%,100.93,99.76446729898453
2024-06-21,DO 0.05%,100.51,97.11555842697621
2024-06-24,DO 0.001%,100.54,100.6247681736946
2024-06-24,DO 0.05%,100.0,96.43119476854801
2024-06-25,DO 0.001%,101.15,100.50265270471573
2024-06-25,DO 0.05%,100.82,96.74668830513954
2024-06-26,DO 0.001%,101.21,99.84316288232803
2024-06-26,DO 0.05%,100.96,96.11092359006405
2024-06-27,DO 0.001%,102.61,100.56162704229355
2024-06-27,DO 0.05%,102.36,96.14486293137074
2024-06-28,DO 0.001%,103.22,99.66794446706771
2024-06-28,DO 0.05%,103.02,95.88226763248444
2024-07-01,DO 0.001%,101.78,100.79645901918411
2024-07-01,DO 0.05%,101.58,96.10321752786636
2024-07-02,DO 0.001%,103.9,100.93303989171982
2024-07-02,DO 0.05%,103.58,96.98957218527795
2024-07-03,DO 0.001%,103.17,100.61810367107391
2024-07-03,DO 0.05%,102.75,96.90784475803376
2024-07-04,DO 0.001%,102.49,100.4342794060707
2024-07-04,DO 0.05%,102.05,95.28909918248654
2024-07-05,DO 0.001%,103.55,100.5822005867958
2024-07-05,DO 0.05%,103.22,96.27112334787846
2024-07-08,DO 0.001%,101.58,100.02194437980651
2024-07-08,DO 0.05%,101.29,97.08763926446439
2024-07-09,DO 0.001%,100.78,100.7929787993431
2024-07-09,DO 0.05%,100.42,96.93215297996998
2024-07-10,DO 0.001%,99.47,100.71029398441314
2024-07-10,DO 0.05%,99.09,96.32900340020657
2024-07-11,DO 0.001%,100.41,100.33876276016235
2024-07-11,DO 0.05%,100.1,96.14462375760078
2024-07-12,DO 0.001%,100.72,101.43017864227295
2024-07-12,DO 0.05%,100.45,96.21679590106011
2024-07-15,DO 0.001%,99.66,101.19951345920562
2024-07-15,DO 0.05%,99.36,95.49794455170633
2024-07-16,DO 0.001%,99.13,101.03121997117997
2024-07-16,DO 0.05%,98.77,96.4247195762396
2024-07-17,DO 0.001%,98.14,100.08417402505874
2024-07-17,DO 0.05%,97.86,96.72769440770149
2024-07-18,DO 0.001%,99.76,100.57157052755356
2024-07-18,DO 0.05%,99.55,95.57279427468777
2024-07-19,DO 0.001%,98.79,100.94531536102295
2024-07-19,DO 0.05%,98.55,95.68889855623246
2024-07-22,DO 0.001%,96.71,99.7925694823265
2024-07-22,DO 0.05%,96.49,96.13183671116829
2024-07-23,DO 0.001%,97.01,100.07414767742156
2024-07-23,DO 0.05%,96.83,95.24575622856618
2024-07-24,DO 0.001%,96.31,100.88558342456817
2024-07-24,DO 0.05%,96.13,95.87358154118061
2024-07-25,DO 0.001%,96.57,100.41486593484878
2024-07-25,DO 0.05%,96.38,97.17207343876362
2024-07-26,DO 0.001%,97.8,100.36106457710265
2024-07-26,DO 0.05%,97.35,96.18122901141643
2024-07-29,DO 0.001%,96.53,100.54465209245681
2024-07-29,DO 0.05%,96.1,95.44967228472234
2024-07-30,DO 0.001%,94.57,100.20298683643341
2024-07-30,DO 0.05%,94.2,95.83800298452378
2024-07-31,DO 0.001%,95.13,100.30182981491089
2024-07-31,DO 0.05%,94.76,96.23327555716038
2024-08-01,DO 0.001%,96.76,101.12925800085067
2024-08-01,DO 0.05%,96.2,94.97429983317852
2024-08-02,DO 0.001%,95.25,100.63943481445312
2024-08-02,DO 0.05%,94.28,94.30207570195199
2024-08-05,DO 0.001%,90.96,100.52468225955963
2024-08-05,DO 0.05%,89.79,95.28408820033074
2024-08-06,DO 0.001%,91.32,100.75576175451279
2024-08-06,DO 0.05%,89.93,95.1259593373537
2024-08-07,DO 0.001%,91.37,99.91121656894684
2024-08-07,DO 0.05%,89.44,95.738145018816
2024-08-08,DO 0.001%,92.84,101.29692410230636
2024-08-08,DO 0.05%,91.32,94.48415110945702
2024-08-09,DO 0.001%,92.84,101.07182253599167
2024-08-09,DO 0.05%,91.32,94.32521138906479
2024-08-12,DO 0.001%,93.65,101.28352407217025
2024-08-12,DO 0.05%,91.88,94.37917715847493
2024-08-13,DO 0.001%,95.84,100.11549600362777
2024-08-13,DO 0.05%,94.14,95.41741882681848
2024-08-14,DO 0.001%,95.36,100.40984684228897
2024-08-14,DO 0.05%,93.48,94.77339969992639
2024-08-15,DO 0.001%,94.48,100.12358100414276
2024-08-15,DO 0.05%,92.65,94.91244132936
2024-08-16,DO 0.001%,94.49,100.60568615198135
2024-08-16,DO 0.05%,92.64,94.59345352232457
2024-08-19,DO 0.001%,92.19,99.43400030136108
2024-08-19,DO 0.05%,90.53,94.54117363631725
2024-08-20,DO 0.001%,89.37,99.52325491905212
2024-08-20,DO 0.05%,87.73,94.26300287485122
2024-08-21,DO 0.001%,90.43,100.39879063367843
2024-08-21,DO 0.05%,88.9,95.02900062441826
2024-06-27,DO 0.001%,102.61,99.301151009202
2024-06-27,DO 0.05%,102.36,100.93893810272216
2024-06-28,DO 0.001%,103.22,100.92893578112125
2024-06-28,DO 0.05%,103.02,100.50693451881408
2024-07-01,DO 0.001%,101.78,99.4715896642208
2024-07-01,DO 0.05%,101.58,100.7557296848297
2024-07-02,DO 0.001%,103.9,99.99065750241279
2024-07-02,DO 0.05%,103.58,101.53985208511352
2024-07-03,DO 0.001%,103.17,100.45404457092285
2024-07-03,DO 0.05%,102.75,101.02891452789306
2024-07-04,DO 0.001%,102.49,98.65426473677158
2024-07-04,DO 0.05%,102.05,100.77237460136413
2024-07-05,DO 0.001%,103.55,99.50613828480243
2024-07-05,DO 0.05%,103.22,99.74432534217834
2024-07-08,DO 0.001%,101.58,98.66855593323707
2024-07-08,DO 0.05%,101.29,99.39035909652709
2024-07-09,DO 0.001%,100.78,99.12504775583743
2024-07-09,DO 0.05%,100.42,99.49981476783752
2024-07-10,DO 0.001%,99.47,98.6943633365631
2024-07-10,DO 0.05%,99.09,100.19663861274718
2024-07-11,DO 0.001%,100.41,98.80900057017803
2024-07-11,DO 0.05%,100.1,99.01496989250182
2024-07-12,DO 0.001%,100.72,98.1904071265459
2024-07-12,DO 0.05%,100.45,99.34179637908935
2024-07-15,DO 0.001%,99.66,98.66036971390247
2024-07-15,DO 0.05%,99.36,99.71089710235596
2024-07-16,DO 0.001%,99.13,101.07396518349647
2024-07-16,DO 0.05%,98.77,99.38068265914916
2024-07-17,DO 0.001%,98.14,99.14819478869437
2024-07-17,DO 0.05%,97.86,99.48625090599059
2024-07-18,DO 0.001%,99.76,100.19971677362918
2024-07-18,DO 0.05%,99.55,99.04462504386902
2024-07-19,DO 0.001%,98.79,99.2393170017004
2024-07-19,DO 0.05%,98.55,99.62571677207946
2024-07-22,DO 0.001%,96.71,98.97274908721447
2024-07-22,DO 0.05%,96.49,99.37491169929504
2024-07-23,DO 0.001%,97.01,99.31659442961215
2024-07-23,DO 0.05%,96.83,99.49297867774963
2024-07-24,DO 0.001%,96.31,99.78004785656928
2024-07-24,DO 0.05%,96.13,99.04899388313292
2024-07-25,DO 0.001%,96.57,100.42748912692069
2024-07-25,DO 0.05%,96.38,98.87544986724853
2024-07-26,DO 0.001%,97.8,99.52856140732764
2024-07-26,DO 0.05%,97.35,99.3553000640869
2024-07-29,DO 0.001%,96.53,99.50872023165225
2024-07-29,DO 0.05%,96.1,99.3548547554016
2024-07-30,DO 0.001%,94.57,99.80650677919387
2024-07-30,DO 0.05%,94.2,99.14536710739135
2024-07-31,DO 0.001%,95.13,98.54702345371246
2024-07-31,DO 0.05%,94.76,98.71409768104553
2024-08-01,DO 0.001%,96.76,99.11966668903827
2024-08-01,DO 0.05%,96.2,97.90769781112671
2024-08-02,DO 0.001%,95.25,100.4420035290718
2024-08-02,DO 0.05%,94.28,98.40345876693725
2024-08-05,DO 0.001%,90.96,98.39080963671206
2024-08-05,DO 0.05%,89.79,96.9364073562622
2024-08-06,DO 0.001%,91.32,98.77285331428051
2024-08-06,DO 0.05%,89.93,98.62677505493163
2024-08-07,DO 0.001%,91.37,98.58693504333496
2024-08-07,DO 0.05%,89.44,97.51047644615173
2024-08-08,DO 0.001%,92.84,96.43446609556675
2024-08-08,DO 0.05%,91.32,97.56944975852966
2024-08-09,DO 0.001%,92.84,98.24267948508262
2024-08-09,DO 0.05%,91.32,97.85742005348204
2024-08-12,DO 0.001%,93.65,96.98226110875606
2024-08-12,DO 0.05%,91.88,97.21057308197021
2024-08-13,DO 0.001%,95.84,97.271240080595
2024-08-13,DO 0.05%,94.14,96.98529502868652
2024-08-14,DO 0.001%,95.36,99.42379951715469
2024-08-14,DO 0.05%,93.48,98.04488899230957
2024-08-15,DO 0.001%,94.48,97.57191623687744
2024-08-15,DO 0.05%,92.65,97.87467275619507
2024-08-16,DO 0.001%,94.49,99.11654784202575
2024-08-16,DO 0.05%,92.64,97.80469309806823
2024-08-19,DO 0.001%,92.19,98.89741415202617
2024-08-19,DO 0.05%,90.53,98.1064318561554
2024-08-20,DO 0.001%,89.37,99.16707678318024
2024-08-20,DO 0.05%,87.73,97.89383908271789
2024-08-21,DO 0.001%,90.43,97.46704576015472
2024-08-21,DO 0.05%,88.9,96.6564586353302
2024-08-22,DO 0.001%,88.73,97.69960798680782
2024-08-22,DO 0.05%,87.26,97.31566593170166
2024-08-23,DO 0.001%,90.15,100.80542461335658
2024-08-23,DO 0.05%,88.58,98.3323237133026
2024-08-26,DO 0.001%,92.15,99.24014949858189
2024-08-26,DO 0.05%,90.62,97.0877581501007
2024-08-27,DO 0.001%,92.83,98.3962811923027
2024-08-27,DO 0.05%,91.33,96.89973558425903
2024-08-28,DO 0.001%,89.04,99.14142019450664
2024-08-28,DO 0.05%,87.54,97.14323518753051
2024-08-29,DO 0.001%,88.29,99.43363866508007
2024-08-29,DO 0.05%,86.79,96.8390171432495
2024-08-30,DO 0.001%,90.99,98.65930194616317
2024-08-30,DO 0.05%,89.5,97.13945608139038
2024-09-02,DO 0.001%,88.31,99.14292230844497
2024-09-02,DO 0.05%,86.86,97.31111656188965
2024-09-03,DO 0.001%,89.01,99.88503898501395
2024-09-03,DO 0.05%,87.61,97.08504417419432
2024-09-04,DO 0.001%,85.52,98.68635206222534
2024-09-04,DO 0.05%,84.07,96.3929562473297
2024-09-05,DO 0.001%,85.16,100.87663325965404
2024-09-05,DO 0.05%,83.81,96.60282300949096
2024-09-06,DO 0.001%,84.77,98.75704793870449
2024-09-06,DO 0.05%,83.44,96.77513339996337
2024-09-09,DO 0.001%,84.01,99.05282563507556
2024-09-09,DO 0.05%,82.66,96.67427700042724
2024-09-10,DO 0.001%,82.8,98.63033346772194
2024-09-10,DO 0.05%,81.43,97.038906583786
2024-09-11,DO 0.001%,81.22,99.7139307129383
2024-09-11,DO 0.05%,79.91,96.73921383857727
2024-09-12,DO 0.001%,82.68,100.05195460975169
2024-09-12,DO 0.05%,81.37,96.56854025840758
2024-09-13,DO 0.001%,82.93,99.79873077571392
2024-09-13,DO 0.05%,81.89,97.17966625213623
2024-09-16,DO 0.001%,81.84,99.98538502216338
2024-09-16,DO 0.05%,81.1,96.89156958580017
2024-09-17,DO 0.001%,82.16,99.64479124367236
2024-09-17,DO 0.05%,81.45,97.10487846374511
2024-09-18,DO 0.001%,83.47,101.13470729291438
2024-09-18,DO 0.05%,82.86,96.67351877212523
2024-07-25,DO 0.001%,96.57,96.70817417979241
2024-07-25,DO 0.05%,96.38,96.6734939277172
2024-07-26,DO 0.001%,97.8,97.12719794034957
2024-07-26,DO 0.05%,97.35,96.50308983922004
2024-07-29,DO 0.001%,96.53,97.7174500310421
2024-07-29,DO 0.05%,96.1,96.29753919124603
2024-07-30,DO 0.001%,94.57,97.35857547402382
2024-07-30,DO 0.05%,94.2,96.60618030190467
2024-07-31,DO 0.001%,95.13,96.88141169309617
2024-07-31,DO 0.05%,94.76,96.1607346177101
2024-08-01,DO 0.001%,96.76,97.89126159667968
2024-08-01,DO 0.05%,96.2,96.46199575304985
2024-08-02,DO 0.001%,95.25,97.32337458491325
2024-08-02,DO 0.05%,94.28,97.13848967075347
2024-08-05,DO 0.001%,90.96,99.14035355091096
2024-08-05,DO 0.05%,89.79,97.46568385601043
2024-08-06,DO 0.001%,91.32,96.94369637131692
2024-08-06,DO 0.05%,89.93,96.63551684975624
2024-08-07,DO 0.001%,91.37,97.96193892002105
2024-08-07,DO 0.05%,89.44,96.70776955842972
2024-08-08,DO 0.001%,92.84,98.07687567830087
2024-08-08,DO 0.05%,91.32,97.28040522098541
2024-08-09,DO 0.001%,92.84,98.52712788581849
2024-08-09,DO 0.05%,91.32,96.1487708067894
2024-08-12,DO 0.001%,93.65,98.5274149119854
2024-08-12,DO 0.05%,91.88,98.33354145050049
2024-08-13,DO 0.001%,95.84,98.49333916544914
2024-08-13,DO 0.05%,94.14,97.01639920949935
2024-08-14,DO 0.001%,95.36,97.7297806751728
2024-08-14,DO 0.05%,93.48,96.57741673350334
2024-08-15,DO 0.001%,94.48,98.56704748511315
2024-08-15,DO 0.05%,92.65,97.01848485469817
2024-08-16,DO 0.001%,94.49,99.54525562405587
2024-08-16,DO 0.05%,92.64,97.74187141060828
2024-08-19,DO 0.001%,92.19,97.27037807345391
2024-08-19,DO 0.05%,90.53,97.4414926636219
2024-08-20,DO 0.001%,89.37,98.51177772641182
2024-08-20,DO 0.05%,87.73,96.34162423014641
2024-08-21,DO 0.001%,90.43,98.3871739268303
2024-08-21,DO 0.05%,88.9,97.55087444067001
2024-08-22,DO 0.001%,88.73,98.71981429219247
2024-08-22,DO 0.05%,87.26,96.61763989090919
2024-08-23,DO 0.001%,90.15,99.3628332734108
2024-08-23,DO 0.05%,88.58,97.9851928639412
2024-08-26,DO 0.001%,92.15,99.75394660949708
2024-08-26,DO 0.05%,90.62,97.48250653266906
2024-08-27,DO 0.001%,92.83,100.25518614530563
2024-08-27,DO 0.05%,91.33,97.23285938620567
2024-08-28,DO 0.001%,89.04,99.51591006875039
2024-08-28,DO 0.05%,87.54,97.32777916193008
2024-08-29,DO 0.001%,88.29,98.55044589161874
2024-08-29,DO 0.05%,86.79,97.64555356502532
2024-08-30,DO 0.001%,90.99,99.63321192264557
2024-08-30,DO 0.05%,89.5,97.09587145924567
2024-09-02,DO 0.001%,88.31,99.99589818716049
2024-09-02,DO 0.05%,86.86,96.77782202601432
2024-09-03,DO 0.001%,89.01,99.06787370324135
2024-09-03,DO 0.05%,87.61,97.36843778371811
2024-09-04,DO 0.001%,85.52,100.55268302679062
2024-09-04,DO 0.05%,84.07,97.44763500332832
2024-09-05,DO 0.001%,85.16,99.9620405805111
2024-09-05,DO 0.05%,83.81,98.2503677535057
2024-09-06,DO 0.001%,84.77,100.67223516583442
2024-09-06,DO 0.05%,83.44,97.03331356287002
2024-09-09,DO 0.001%,84.01,101.35649406671524
2024-09-09,DO 0.05%,82.66,97.46444622039795
2024-09-10,DO 0.001%,82.8,101.50241816997529
2024-09-10,DO 0.05%,81.43,97.62852461576462
2024-09-11,DO 0.001%,81.22,101.25775706529618
2024-09-11,DO 0.05%,79.91,98.0461120390892
2024-09-12,DO 0.001%,82.68,101.52077636361122
2024-09-12,DO 0.05%,81.37,97.94441964626311
2024-09-13,DO 0.001%,82.93,101.2984344136715
2024-09-13,DO 0.05%,81.89,98.15494375586509
2024-09-16,DO 0.001%,81.84,101.10028302907943
2024-09-16,DO 0.05%,81.1,96.24209769964217
2024-09-17,DO 0.001%,82.16,102.89769829154015
2024-09-17,DO 0.05%,81.45,97.4856579196453
2024-09-18,DO 0.001%,83.47,100.17719539523125
2024-09-18,DO 0.05%,82.86,97.5130348777771
2024-09-19,DO 0.001%,84.96,101.8958162343502
2024-09-19,DO 0.05%,84.46,97.20799207806587
2024-09-20,DO 0.001%,84.32,99.95810258150101
2024-09-20,DO 0.05%,83.81,98.34272058129311
2024-09-23,DO 0.001%,84.39,101.75371531963349
2024-09-23,DO 0.05%,83.88,97.79778274536132
2024-09-24,DO 0.001%,84.98,101.85176345825195
2024-09-24,DO 0.05%,84.47,97.09814045786857
2024-09-25,DO 0.001%,86.23,101.76431232571602
2024-09-25,DO 0.05%,85.61,97.74077129006385
2024-09-26,DO 0.001%,83.26,102.99846743822098
2024-09-26,DO 0.05%,82.6,96.88622973799706
2024-09-27,DO 0.001%,84.23,102.1977333188057
2024-09-27,DO 0.05%,83.41,97.52272969007491
2024-09-30,DO 0.001%,84.66,100.6008000934124
2024-09-30,DO 0.05%,83.82,97.98311867833137
2024-10-01,DO 0.001%,83.05,97.98239814519883
2024-10-01,DO 0.05%,82.4,95.94178771018981
2024-10-02,DO 0.001%,87.45,101.25293502569198
2024-10-02,DO 0.05%,86.86,96.51445775151252
2024-10-03,DO 0.001%,86.45,102.11718229532242
2024-10-03,DO 0.05%,85.92,96.93222852826118
2024-10-04,DO 0.001%,90.98,99.63789618968964
2024-10-04,DO 0.05%,90.45,95.84775605261325
2024-10-07,DO 0.001%,91.76,101.49946754097938
2024-10-07,DO 0.05%,91.25,96.84185820937157
2024-10-08,DO 0.001%,92.38,101.24711413502693
2024-10-08,DO 0.05%,91.89,96.12841857671737
2024-10-09,DO 0.001%,90.87,101.30773406147956
2024-10-09,DO 0.05%,90.36,97.12838231325149
2024-10-10,DO 0.001%,90.38,100.57363593697548
2024-10-10,DO 0.05%,89.86,96.68427740097046
2024-10-11,DO 0.001%,91.86,102.51689493536949
2024-10-11,DO 0.05%,91.29,97.25410546422005
2024-10-14,DO 0.001%,90.97,100.95079980134965
2024-10-14,DO 0.05%,90.35,95.88605972886086
2024-10-15,DO 0.001%,86.8,101.69175211071968
2024-10-15,DO 0.05%,86.22,97.17668448090552
2024-10-16,DO 0.001%,86.0,101.77221128582954
2024-10-16,DO 0.05%,85.48,97.26810908198357
2024-08-22,DO 0.001%,88.73,90.6762712943554
2024-08-22,DO 0.05%,87.26,89.35433424711228
2024-08-23,DO 0.001%,90.15,90.40826193630696
2024-08-23,DO 0.05%,88.58,88.63713450431824
2024-08-26,DO 0.001%,92.15,89.59740467131138
2024-08-26,DO 0.05%,90.62,88.57001393437386
2024-08-27,DO 0.001%,92.83,89.87215697944166
2024-08-27,DO 0.05%,91.33,88.34909415841103
2024-08-28,DO 0.001%,89.04,90.11947394311429
2024-08-28,DO 0.05%,87.54,88.3832028746605
2024-08-29,DO 0.001%,88.29,88.65713774323464
2024-08-29,DO 0.05%,86.79,88.42068696022034
2024-08-30,DO 0.001%,90.99,89.40234422326088
2024-08-30,DO 0.05%,89.5,88.21045497059822
2024-09-02,DO 0.001%,88.31,88.48937249839307
2024-09-02,DO 0.05%,86.86,86.87846641540528
2024-09-03,DO 0.001%,89.01,89.31520331680775
2024-09-03,DO 0.05%,87.61,88.34386419057847
2024-09-04,DO 0.001%,85.52,88.4224388819933
2024-09-04,DO 0.05%,84.07,87.46407974362374
2024-09-05,DO 0.001%,85.16,88.7198240017891
2024-09-05,DO 0.05%,83.81,87.5113243162632
2024-09-06,DO 0.001%,84.77,87.63473187327385
2024-09-06,DO 0.05%,83.44,87.25432994961739
2024-09-09,DO 0.001%,84.01,88.16987201154232
2024-09-09,DO 0.05%,82.66,86.7032916367054
2024-09-10,DO 0.001%,82.8,88.04498459875585
2024-09-10,DO 0.05%,81.43,86.78108409643174
2024-09-11,DO 0.001%,81.22,87.23007401764393
2024-09-11,DO 0.05%,79.91,86.29269942045212
2024-09-12,DO 0.001%,82.68,87.14369310796262
2024-09-12,DO 0.05%,81.37,86.85688948631287
2024-09-13,DO 0.001%,82.93,87.00109938740731
2024-09-13,DO 0.05%,81.89,84.29185785651208
2024-09-16,DO 0.001%,81.84,86.74350360214711
2024-09-16,DO 0.05%,81.1,86.22678698897363
2024-09-17,DO 0.001%,82.16,86.99233516931534
2024-09-17,DO 0.05%,81.45,85.78582704663278
2024-09-18,DO 0.001%,83.47,86.57829324007035
2024-09-18,DO 0.05%,82.86,85.64000791311264
2024-09-19,DO 0.001%,84.96,86.99318679690361
2024-09-19,DO 0.05%,84.46,85.2892238497734
2024-09-20,DO 0.001%,84.32,87.08137876272203
2024-09-20,DO 0.05%,83.81,86.07266985177995
2024-09-23,DO 0.001%,84.39,85.64542684793473
2024-09-23,DO 0.05%,83.88,85.99906878471376
2024-09-24,DO 0.001%,84.98,86.18376867473125
2024-09-24,DO 0.05%,84.47,85.19836441874504
2024-09-25,DO 0.001%,86.23,86.03578490614892
2024-09-25,DO 0.05%,85.61,84.54073967933655
2024-09-26,DO 0.001%,83.26,86.37266290783883
2024-09-26,DO 0.05%,82.6,85.02334330677986
2024-09-27,DO 0.001%,84.23,86.35705332875253
2024-09-27,DO 0.05%,83.41,84.74087735414506
2024-09-30,DO 0.001%,84.66,86.28246584415436
2024-09-30,DO 0.05%,83.82,83.46066389083863
2024-10-01,DO 0.001%,83.05,86.44187112450601
2024-10-01,DO 0.05%,82.4,84.66688947081566
2024-10-02,DO 0.001%,87.45,86.47670700490475
2024-10-02,DO 0.05%,86.86,83.83663870096207
2024-10-03,DO 0.001%,86.45,85.90345383703709
2024-10-03,DO 0.05%,85.92,84.21916819214822
2024-10-04,DO 0.001%,90.98,85.87391637384893
2024-10-04,DO 0.05%,90.45,83.82347105145455
2024-10-07,DO 0.001%,91.76,85.74384912490845
2024-10-07,DO 0.05%,91.25,82.76630220413209
2024-10-08,DO 0.001%,92.38,84.98827219247819
2024-10-08,DO 0.05%,91.89,82.96284195780754
2024-10-09,DO 0.001%,90.87,86.56417670428753
2024-10-09,DO 0.05%,90.36,83.68084182739258
2024-10-10,DO 0.001%,90.38,85.63969183683396
2024-10-10,DO 0.05%,89.86,83.1576277911663
2024-10-11,DO 0.001%,91.86,85.22028680980206
2024-10-11,DO 0.05%,91.29,83.06534296870232
2024-10-14,DO 0.001%,90.97,85.6589181381464
2024-10-14,DO 0.05%,90.35,83.34010438919069
2024-10-15,DO 0.001%,86.8,85.30547112882138
2024-10-15,DO 0.05%,86.22,82.28016424179077
2024-10-16,DO 0.001%,86.0,84.69937100827694
2024-10-16,DO 0.05%,85.48,82.56592078208924
2024-10-17,DO 0.001%,86.14,84.56774603545666
2024-10-17,DO 0.05%,85.51,83.17872252464295
2024-10-18,DO 0.001%,86.42,85.5502332097292
2024-10-18,DO 0.05%,85.79,82.58422831892968
2024-10-21,DO 0.001%,85.74,84.96375286400318
2024-10-21,DO 0.05%,85.24,81.7731540977955
2024-10-22,DO 0.001%,85.81,84.73605567514898
2024-10-22,DO 0.05%,85.35,81.33757249116898
2024-10-23,DO 0.001%,88.12,85.69797442615032
2024-10-23,DO 0.05%,87.78,82.84268516898156
2024-10-24,DO 0.001%,88.64,84.97572955071927
2024-10-24,DO 0.05%,88.3,81.85557245612145
2024-10-25,DO 0.001%,87.02,86.59366565704346
2024-10-25,DO 0.05%,86.62,82.70180986523629
2024-10-28,DO 0.001%,85.69,84.67642018377782
2024-10-28,DO 0.05%,85.37,82.3187027990818
2024-10-29,DO 0.001%,85.33,84.79178338170053
2024-10-29,DO 0.05%,85.08,81.44840329885483
2024-10-30,DO 0.001%,86.28,85.33245909929276
2024-10-30,DO 0.05%,86.0,81.11792443990709
2024-10-31,DO 0.001%,86.28,85.48589759647847
2024-10-31,DO 0.05%,86.0,81.03296263217926
2024-11-01,DO 0.001%,90.87,84.86887723863126
2024-11-01,DO 0.05%,90.6,80.71130636334419
2024-11-04,DO 0.001%,91.02,85.39026197433472
2024-11-04,DO 0.05%,90.75,80.84685631990433
2024-11-05,DO 0.001%,91.47,85.29733215630056
2024-11-05,DO 0.05%,91.13,80.01812632083893
2024-11-06,DO 0.001%,90.57,85.2844445514679
2024-11-06,DO 0.05%,90.29,80.73380529284478
2024-11-07,DO 0.001%,90.13,85.30614488482476
2024-11-07,DO 0.05%,89.92,80.79141972064973
2024-11-08,DO 0.001%,90.21,84.70845862925053
2024-11-08,DO 0.05%,89.97,79.90537202954293
2024-11-11,DO 0.001%,89.16,82.97048076331616
2024-11-11,DO 0.05%,89.0,79.90795257091523
2024-11-12,DO 0.001%,87.15,85.22753642439842
2024-11-12,DO 0.05%,87.0,80.27109885811807
2024-11-13,DO 0.001%,87.42,84.3012674510479
2024-11-13,DO 0.05%,87.3,78.92724087238312
2024-09-19,DO 0.001%,84.96,84.89769325613976
2024-09-19,DO 0.05%,84.46,81.75912249326706
2024-09-20,DO 0.001%,84.32,84.69411803483963
2024-09-20,DO 0.05%,83.81,81.37620428323746
2024-09-23,DO 0.001%,84.39,84.20824998259545
2024-09-23,DO 0.05%,83.88,81.44769400477409
2024-09-24,DO 0.001%,84.98,84.53664301395416
2024-09-24,DO 0.05%,84.47,80.91679330587387
2024-09-25,DO 0.001%,86.23,83.43034765839576
2024-09-25,DO 0.05%,85.61,81.80840718626976
2024-09-26,DO 0.001%,83.26,82.83684613585471
2024-09-26,DO 0.05%,82.6,80.9674411189556
2024-09-27,DO 0.001%,84.23,82.73325750291347
2024-09-27,DO 0.05%,83.41,80.94951806545258
2024-09-30,DO 0.001%,84.66,84.22978264689445
2024-09-30,DO 0.05%,83.82,81.02516629099846
2024-10-01,DO 0.001%,83.05,83.34008261024952
2024-10-01,DO 0.05%,82.4,80.5703385579586
2024-10-02,DO 0.001%,87.45,83.13094511568546
2024-10-02,DO 0.05%,86.86,80.58420682311058
2024-10-03,DO 0.001%,86.45,83.66976421833039
2024-10-03,DO 0.05%,85.92,80.6988669526577
2024-10-04,DO 0.001%,90.98,83.63618162035942
2024-10-04,DO 0.05%,90.45,79.93301077723503
2024-10-07,DO 0.001%,91.76,83.60068854570389
2024-10-07,DO 0.05%,91.25,80.93687957167626
2024-10-08,DO 0.001%,92.38,82.48956227123738
2024-10-08,DO 0.05%,91.89,80.00234716415405
2024-10-09,DO 0.001%,90.87,83.13714421451091
2024-10-09,DO 0.05%,90.36,81.12276272535324
2024-10-10,DO 0.001%,90.38,82.64979852795601
2024-10-10,DO 0.05%,89.86,81.334545160532
2024-10-11,DO 0.001%,91.86,83.65475901603699
2024-10-11,DO 0.05%,91.29,81.08573129653931
2024-10-14,DO 0.001%,90.97,82.97501738190651
2024-10-14,DO 0.05%,90.35,81.73233915925026
2024-10-15,DO 0.001%,86.8,84.01071465373039
2024-10-15,DO 0.05%,86.22,80.81380365729332
2024-10-16,DO 0.001%,86.0,83.43355168700218
2024-10-16,DO 0.05%,85.48,81.9217684006691
2024-10-17,DO 0.001%,86.14,83.6313755774498
2024-10-17,DO 0.05%,85.51,81.42106377482415
2024-10-18,DO 0.001%,86.42,82.97414174675941
2024-10-18,DO 0.05%,85.79,81.54127516150474
2024-10-21,DO 0.001%,85.74,83.80509960055352
2024-10-21,DO 0.05%,85.24,81.31172771573067
2024-10-22,DO 0.001%,85.81,82.61716121792793
2024-10-22,DO 0.05%,85.35,81.71639164209365
2024-10-23,DO 0.001%,88.12,84.61153967022895
2024-10-23,DO 0.05%,87.78,81.15235625982284
2024-10-24,DO 0.001%,88.64,82.68920210957528
2024-10-24,DO 0.05%,88.3,80.46934913992882
2024-10-25,DO 0.001%,87.02,83.3759090232849
2024-10-25,DO 0.05%,86.62,81.46836305379867
2024-10-28,DO 0.001%,85.69,82.54467255830765
2024-10-28,DO 0.05%,85.37,82.5026106584072
2024-10-29,DO 0.001%,85.33,82.5532995545864
2024-10-29,DO 0.05%,85.08,81.55078243017196
2024-10-30,DO 0.001%,86.28,84.3025698184967
2024-10-30,DO 0.05%,86.0,82.61646081805229
2024-10-31,DO 0.001%,86.28,82.0352519106865
2024-10-31,DO 0.05%,86.0,81.17055094957351
2024-11-01,DO 0.001%,90.87,81.77384994328023
2024-11-01,DO 0.05%,90.6,81.50575007915496
2024-11-04,DO 0.001%,91.02,82.82572656452656
2024-11-04,DO 0.05%,90.75,81.92556636929513
2024-11-05,DO 0.001%,91.47,83.27591745972633
2024-11-05,DO 0.05%,91.13,82.01238131403923
2024-11-06,DO 0.001%,90.57,83.0415905290842
2024-11-06,DO 0.05%,90.29,82.1821737241745
2024-11-07,DO 0.001%,90.13,82.93613619625569
2024-11-07,DO 0.05%,89.92,82.0900692808628
2024-11-08,DO 0.001%,90.21,82.7754024195671
2024-11-08,DO 0.05%,89.97,81.80300409436227
2024-11-11,DO 0.001%,89.16,83.08427774250507
2024-11-11,DO 0.05%,89.0,82.07571700930595
2024-11-12,DO 0.001%,87.15,81.91631478667259
2024-11-12,DO 0.05%,87.0,83.2556604194641
2024-11-13,DO 0.001%,87.42,82.58841948926448
2024-11-13,DO 0.05%,87.3,82.7562300145626
2024-11-14,DO 0.001%,87.85,82.49669670760632
2024-11-14,DO 0.05%,87.75,82.13048381567002
2024-11-15,DO 0.001%,86.5,82.79078573703765
2024-11-15,DO 0.05%,86.46,82.41446222662925
2024-11-18,DO 0.001%,87.24,82.42125277936458
2024-11-18,DO 0.05%,87.2,81.77749004244804
2024-11-19,DO 0.001%,89.91,82.45747720837593
2024-11-19,DO 0.05%,89.88,81.85418530225753
2024-11-20,DO 0.001%,89.75,82.64439048588275
2024-11-20,DO 0.05%,89.72,82.15718318939209
2024-11-21,DO 0.001%,89.94,82.40343658924102
2024-11-21,DO 0.05%,89.91,82.1539926981926
2024-11-22,DO 0.001%,91.23,82.49229365587234
2024-11-22,DO 0.05%,91.2,81.48366852164268
2024-11-25,DO 0.001%,90.01,82.05829703569412
2024-11-25,DO 0.05%,89.94,82.38587127685547
2024-11-26,DO 0.001%,89.31,80.68712204813957
2024-11-26,DO 0.05%,89.28,83.10466029882431
2024-11-27,DO 0.001%,88.4,81.16655716717243
2024-11-27,DO 0.05%,88.33,82.75595343947411
2024-11-28,DO 0.001%,87.58,81.17728867292404
2024-11-28,DO 0.05%,87.45,82.95321568250657
2024-11-29,DO 0.001%,88.1,81.89271243929863
2024-11-29,DO 0.05%,87.97,81.1547367811203
2024-12-02,DO 0.001%,87.71,81.52602529585361
2024-12-02,DO 0.05%,87.58,83.0802525472641
2024-12-03,DO 0.001%,87.2,82.69630669474601
2024-12-03,DO 0.05%,87.08,81.67978989243507
2024-12-04,DO 0.001%,88.1,81.49398500978947
2024-12-04,DO 0.05%,87.92,82.71481289505958
2024-12-05,DO 0.001%,86.86,81.83630860030651
2024-12-05,DO 0.05%,86.68,82.57261378884316
2024-12-06,DO 0.001%,86.46,83.67978427052498
2024-12-06,DO 0.05%,86.35,81.19236087083816
2024-12-09,DO 0.001%,86.98,83.02810773789882
2024-12-09,DO 0.05%,86.86,81.28017840027809
2024-12-10,DO 0.001%,87.18,82.23431960105896
2024-12-10,DO 0.05%,87.06,82.33350474715233
2024-12-11,DO 0.001%,87.54,82.43232259869575
2024-12-11,DO 0.05%,87.42,82.43615855455398
2024-10-17,DO 0.001%,86.14,85.51229190826416
2024-10-17,DO 0.05%,85.51,84.96514464616776
2024-10-18,DO 0.001%,86.42,83.92036664485931
2024-10-18,DO 0.05%,85.79,83.54706208467483
2024-10-21,DO 0.001%,85.74,82.8486944437027
2024-10-21,DO 0.05%,85.24,84.40140271902085
2024-10-22,DO 0.001%,85.81,83.82678639888763
2024-10-22,DO 0.05%,85.35,84.69509918928146
2024-10-23,DO 0.001%,88.12,83.9960366487503
2024-10-23,DO 0.05%,87.78,83.51197278499603
2024-10-24,DO 0.001%,88.64,85.10896289348602
2024-10-24,DO 0.05%,88.3,84.56347992420197
2024-10-25,DO 0.001%,87.02,84.60135567188263
2024-10-25,DO 0.05%,86.62,83.79966733932496
2024-10-28,DO 0.001%,85.69,84.54489278793335
2024-10-28,DO 0.05%,85.37,83.65118870258331
2024-10-29,DO 0.001%,85.33,84.83564460277557
2024-10-29,DO 0.05%,85.08,85.26838406085969
2024-10-30,DO 0.001%,86.28,86.31059455871582
2024-10-30,DO 0.05%,86.0,85.34081465244293
2024-10-31,DO 0.001%,86.28,84.42620027065277
2024-10-31,DO 0.05%,86.0,83.7915713763237
2024-11-01,DO 0.001%,90.87,84.26319348812103
2024-11-01,DO 0.05%,90.6,83.94394769191743
2024-11-04,DO 0.001%,91.02,84.23806071281433
2024-11-04,DO 0.05%,90.75,83.68578888177872
2024-11-05,DO 0.001%,91.47,83.36634862422943
2024-11-05,DO 0.05%,91.13,81.8720129442215
2024-11-06,DO 0.001%,90.57,84.06203389167786
2024-11-06,DO 0.05%,90.29,82.94880149841309
2024-11-07,DO 0.001%,90.13,84.3094915151596
2024-11-07,DO 0.05%,89.92,82.71438541173936
2024-11-08,DO 0.001%,90.21,85.3652628660202
2024-11-08,DO 0.05%,89.97,83.58348627567291
2024-11-11,DO 0.001%,89.16,84.52539348602295
2024-11-11,DO 0.05%,89.0,83.92746025562286
2024-11-12,DO 0.001%,87.15,84.82317304611206
2024-11-12,DO 0.05%,87.0,82.30221478939056
2024-11-13,DO 0.001%,87.42,83.41512250900269
2024-11-13,DO 0.05%,87.3,82.23621918916703
2024-11-14,DO 0.001%,87.85,82.33045589923859
2024-11-14,DO 0.05%,87.75,80.6407183623314
2024-11-15,DO 0.001%,86.5,84.60750687122345
2024-11-15,DO 0.05%,86.46,83.11250910520555
2024-11-18,DO 0.001%,87.24,84.16699385643005
2024-11-18,DO 0.05%,87.2,83.14777163505555
2024-11-19,DO 0.001%,89.91,83.46074390411377
2024-11-19,DO 0.05%,89.88,82.04809122323991
2024-11-20,DO 0.001%,89.75,84.79702019691467
2024-11-20,DO 0.05%,89.72,83.20204872369767
2024-11-21,DO 0.001%,89.94,84.04762470722198
2024-11-21,DO 0.05%,89.91,81.3960528588295
2024-11-22,DO 0.001%,91.23,84.25076293945312
2024-11-22,DO 0.05%,91.2,81.95274839401246
2024-11-25,DO 0.001%,90.01,84.12219262123108
2024-11-25,DO 0.05%,89.94,82.34575160741807
2024-11-26,DO 0.001%,89.31,84.51058959960938
2024-11-26,DO 0.05%,89.28,82.278961186409
2024-11-27,DO 0.001%,88.4,83.8857251405716
2024-11-27,DO 0.05%,88.33,81.899862241745
2024-11-28,DO 0.001%,87.58,86.0494556427002
2024-11-28,DO 0.05%,87.45,83.49074189901353
2024-11-29,DO 0.001%,88.1,85.95261526107788
2024-11-29,DO 0.05%,87.97,84.10713051319122
2024-12-02,DO 0.001%,87.71,85.21831583976746
2024-12-02,DO 0.05%,87.58,81.63582889080048
2024-12-03,DO 0.001%,87.2,84.96721875667572
2024-12-03,DO 0.05%,87.08,82.74259645462037
2024-12-04,DO 0.001%,88.1,84.69292140007019
2024-12-04,DO 0.05%,87.92,82.48744879245758
2024-12-05,DO 0.001%,86.86,84.0098614692688
2024-12-05,DO 0.05%,86.68,81.05748467922211
2024-12-06,DO 0.001%,86.46,85.87211656570435
2024-12-06,DO 0.05%,86.35,82.45059662103654
2024-12-09,DO 0.001%,86.98,84.25787782669067
2024-12-09,DO 0.05%,86.86,81.60677207708359
2024-12-10,DO 0.001%,87.18,83.7410284280777
2024-12-10,DO 0.05%,87.06,80.88775987148286
2024-12-11,DO 0.001%,87.54,83.74044406414032
2024-12-11,DO 0.05%,87.42,81.82130235910417
2024-12-12,DO 0.001%,89.7,83.27296829223633
2024-12-12,DO 0.05%,89.53,80.45388452768326
2024-12-13,DO 0.001%,90.03,85.1935418844223
2024-12-13,DO 0.05%,89.67,81.47751689434052
2024-12-16,DO 0.001%,90.75,84.12852835655212
2024-12-16,DO 0.05%,90.19,81.50275754928589
2024-12-17,DO 0.001%,89.99,84.9374623298645
2024-12-17,DO 0.05%,89.32,82.4467193222046
2024-12-18,DO 0.001%,89.79,84.02570593357086
2024-12-18,DO 0.05%,89.12,83.31864791393281
2024-12-19,DO 0.001%,89.87,84.18985068798065
2024-12-19,DO 0.05%,89.2,81.62857869863511
2024-12-20,DO 0.001%,89.1,84.43004477024078
2024-12-20,DO 0.05%,88.43,80.96507147789002
2024-12-23,DO 0.001%,89.97,85.25609958171844
2024-12-23,DO 0.05%,89.3,82.45710803747177
2024-12-24,DO 0.001%,89.01,83.19957423210144
2024-12-24,DO 0.05%,88.32,80.51895283699037
2024-12-26,DO 0.001%,89.2,85.99905169010162
2024-12-26,DO 0.05%,88.48,82.8874627327919
2024-12-27,DO 0.001%,89.02,83.68468856811523
2024-12-27,DO 0.05%,88.31,80.39022243976594
2024-12-30,DO 0.001%,90.69,83.94215726852417
2024-12-30,DO 0.05%,89.98,80.99396015644074
2024-12-31,DO 0.001%,91.85,84.98958349227905
2024-12-31,DO 0.05%,91.14,81.57994178056717
2025-01-02,DO 0.001%,92.29,83.74773836135864
2025-01-02,DO 0.05%,91.58,79.6681888961792
2025-01-03,DO 0.001%,93.47,82.92835247516632
2025-01-03,DO 0.05%,92.76,80.50744322061539
2025-01-06,DO 0.001%,92.73,84.61933767795563
2025-01-06,DO 0.05%,92.07,80.43202186107636
2025-01-07,DO 0.001%,92.39,84.65261566638947
2025-01-07,DO 0.05%,91.74,80.76662612676621
2025-01-08,DO 0.001%,93.58,83.83664882183075
2025-01-08,DO 0.05%,92.94,81.02473398685456
2025-01-09,DO 0.001%,92.36,84.73783540725708
2025-01-09,DO 0.05%,91.75,80.43155821561814
2025-01-10,DO 0.001%,94.09,84.11469328403473
2025-01-10,DO 0.05%,93.54,80.79967742443085
2024-11-14,DO 0.001%,87.85,87.56389698028565
2024-11-14,DO 0.05%,87.75,87.94111104011536
2024-11-15,DO 0.001%,86.5,86.27257060647011
2024-11-15,DO 0.05%,86.46,86.92330407500266
2024-11-18,DO 0.001%,87.24,87.12156591653824
2024-11-18,DO 0.05%,87.2,88.74664181470871
2024-11-19,DO 0.001%,89.91,86.79186800479889
2024-11-19,DO 0.05%,89.88,87.87092642784118
2024-11-20,DO 0.001%,89.75,86.84251540660858
2024-11-20,DO 0.05%,89.72,88.31770809888839
2024-11-21,DO 0.001%,89.94,86.5176790201664
2024-11-21,DO 0.05%,89.91,88.26157289743423
2024-11-22,DO 0.001%,91.23,86.48543559193611
2024-11-22,DO 0.05%,91.2,87.54245120286942
2024-11-25,DO 0.001%,90.01,86.8821839940548
2024-11-25,DO 0.05%,89.94,87.66575299501419
2024-11-26,DO 0.001%,89.31,86.26856362581253
2024-11-26,DO 0.05%,89.28,86.89620952606201
2024-11-27,DO 0.001%,88.4,86.71079568743706
2024-11-27,DO 0.05%,88.33,88.59584480524063
2024-11-28,DO 0.001%,87.58,86.43010903716088
2024-11-28,DO 0.05%,87.45,88.11626036167145
2024-11-29,DO 0.001%,88.1,86.87031937122345
2024-11-29,DO 0.05%,87.97,89.35119316577911
2024-12-02,DO 0.001%,87.71,86.68217886328698
2024-12-02,DO 0.05%,87.58,88.23585727214812
2024-12-03,DO 0.001%,87.2,87.36578331112862
2024-12-03,DO 0.05%,87.08,87.935189473629
2024-12-04,DO 0.001%,88.1,85.76505967140199
2024-12-04,DO 0.05%,87.92,86.58182533979415
2024-12-05,DO 0.001%,86.86,86.80882342100143
2024-12-05,DO 0.05%,86.68,87.03687014579772
2024-12-06,DO 0.001%,86.46,87.2763114452362
2024-12-06,DO 0.05%,86.35,87.86493201255799
2024-12-09,DO 0.001%,86.98,87.12728719711303
2024-12-09,DO 0.05%,86.86,87.77166473865509
2024-12-10,DO 0.001%,87.18,87.10430307269097
2024-12-10,DO 0.05%,87.06,87.05581603646279
2024-12-11,DO 0.001%,87.54,86.62895740628242
2024-12-11,DO 0.05%,87.42,86.02319474816322
2024-12-12,DO 0.001%,89.7,87.57978942632676
2024-12-12,DO 0.05%,89.53,86.31173322200775
2024-12-13,DO 0.001%,90.03,85.65508394479751
2024-12-13,DO 0.05%,89.67,85.54588422775268
2024-12-16,DO 0.001%,90.75,86.83281319856644
2024-12-16,DO 0.05%,90.19,86.87600439190864
2024-12-17,DO 0.001%,89.99,85.31266686558723
2024-12-17,DO 0.05%,89.32,86.3345713198185
2024-12-18,DO 0.001%,89.79,86.41865605473518
2024-12-18,DO 0.05%,89.12,85.83743031620979
2024-12-19,DO 0.001%,89.87,86.89508553385734
2024-12-19,DO 0.05%,89.2,85.98867482542991
2024-12-20,DO 0.001%,89.1,87.2604971587658
2024-12-20,DO 0.05%,88.43,86.02377233505248
2024-12-23,DO 0.001%,89.97,87.01568054080009
2024-12-23,DO 0.05%,89.3,85.45288753509521
2024-12-24,DO 0.001%,89.01,86.61244489431381
2024-12-24,DO 0.05%,88.32,84.3895604789257
2024-12-26,DO 0.001%,89.2,87.13506667971612
2024-12-26,DO 0.05%,88.48,85.07609794735909
2024-12-27,DO 0.001%,89.02,86.49434057235717
2024-12-27,DO 0.05%,88.31,85.77586787939072
2024-12-30,DO 0.001%,90.69,86.4187029504776
2024-12-30,DO 0.05%,89.98,86.75994064807891
2024-12-31,DO 0.001%,91.85,86.9501776099205
2024-12-31,DO 0.05%,91.14,84.69781495928764
2025-01-02,DO 0.001%,92.29,87.17103571414948
2025-01-02,DO 0.05%,91.58,84.99305031895638
2025-01-03,DO 0.001%,93.47,87.18505233049393
2025-01-03,DO 0.05%,92.76,85.28971663713455
2025-01-06,DO 0.001%,92.73,86.75848865747452
2025-01-06,DO 0.05%,92.07,85.8466977238655
2025-01-07,DO 0.001%,92.39,86.33766189694404
2025-01-07,DO 0.05%,91.74,84.21345371603965
2025-01-08,DO 0.001%,93.58,87.30711673736572
2025-01-08,DO 0.05%,92.94,87.3404727101326
2025-01-09,DO 0.001%,92.36,86.2353249657154
2025-01-09,DO 0.05%,91.75,85.83848662376404
2025-01-10,DO 0.001%,94.09,87.21483112692833
2025-01-10,DO 0.05%,93.54,86.08373209834099
2025-01-13,DO 0.001%,99.13,87.54239788770676
2025-01-13,DO 0.05%,98.56,85.80573068261147
2025-01-14,DO 0.001%,96.7,87.85153462171554
2025-01-14,DO 0.05%,96.18,86.12728006839752
2025-01-15,DO 0.001%,97.61,86.84881506800652
2025-01-15,DO 0.05%,97.09,84.85073499083519
2025-01-16,DO 0.001%,99.56,86.95529966711999
2025-01-16,DO 0.05%,99.01,85.56026666164398
2025-01-17,DO 0.001%,100.19,87.01779605984687
2025-01-17,DO 0.05%,99.55,85.64540088772773
2025-01-20,DO 0.001%,99.77,87.68438777446747
2025-01-20,DO 0.05%,99.02,85.33804140686989
2025-01-21,DO 0.001%,97.7,88.51270206212997
2025-01-21,DO 0.05%,96.95,87.32658981084823
2025-01-22,DO 0.001%,96.85,88.05145638227462
2025-01-22,DO 0.05%,96.1,85.17485489845275
2025-01-23,DO 0.001%,95.61,87.60681179523468
2025-01-23,DO 0.05%,94.86,85.99002252817154
2025-01-24,DO 0.001%,95.03,87.87434679508209
2025-01-24,DO 0.05%,94.25,85.6649972140789
2025-01-27,DO 0.001%,93.29,86.88272590041161
2025-01-27,DO 0.05%,92.63,85.48088749051094
2025-01-28,DO 0.001%,93.0,88.82889400005341
2025-01-28,DO 0.05%,92.41,86.20191886425017
2025-01-29,DO 0.001%,93.0,88.12366540431977
2025-01-29,DO 0.05%,92.41,86.57021636366844
2025-01-30,DO 0.001%,93.0,88.18836068630219
2025-01-30,DO 0.05%,92.41,87.0597446680069
2025-01-31,DO 0.001%,92.89,87.8874359178543
2025-01-31,DO 0.05%,92.3,87.36389880180359
2025-02-03,DO 0.001%,93.44,87.7740420126915
2025-02-03,DO 0.05%,93.07,85.51568840146065
2025-02-04,DO 0.001%,91.37,87.72418662786484
2025-02-04,DO 0.05%,90.89,85.90489870905876
2025-02-05,DO 0.001%,92.1,89.27168359994889
2025-02-05,DO 0.05%,91.55,86.42264031171798
2025-02-06,DO 0.001%,90.63,87.7422362780571
2025-02-06,DO 0.05%,89.93,87.93101627826691
2025-02-07,DO 0.001%,91.48,87.6756964302063
2025-02-07,DO 0.05%,90.71,86.54268472194671
2024-12-12,DO 0.001%,89.7,87.20513785243035
2024-12-12,DO 0.05%,89.53,85.90814900279045
2024-12-13,DO 0.001%,90.03,87.18961492538453
2024-12-13,DO 0.05%,89.67,87.30433425664901
2024-12-16,DO 0.001%,90.75,87.74474610328674
2024-12-16,DO 0.05%,90.19,86.95504434585571
2024-12-17,DO 0.001%,89.99,87.02881827235223
2024-12-17,DO 0.05%,89.32,87.00637434124947
2024-12-18,DO 0.001%,89.79,87.17011604189874
2024-12-18,DO 0.05%,89.12,86.68770735025406
2024-12-19,DO 0.001%,89.87,87.31818128585816
2024-12-19,DO 0.05%,89.2,87.7706863617897
2024-12-20,DO 0.001%,89.1,87.59455721855164
2024-12-20,DO 0.05%,88.43,87.26612985849381
2024-12-23,DO 0.001%,89.97,87.69062717914582
2024-12-23,DO 0.05%,89.3,87.21750939488412
2024-12-24,DO 0.001%,89.01,87.25317283272744
2024-12-24,DO 0.05%,88.32,88.03541803836822
2024-12-26,DO 0.001%,89.2,87.19813035964967
2024-12-26,DO 0.05%,88.48,87.49506445169449
2024-12-27,DO 0.001%,89.02,87.63743702173234
2024-12-27,DO 0.05%,88.31,87.83907077550889
2024-12-30,DO 0.001%,90.69,87.2293170940876
2024-12-30,DO 0.05%,89.98,87.5519646191597
2024-12-31,DO 0.001%,91.85,87.51820007085801
2024-12-31,DO 0.05%,91.14,87.6621591925621
2025-01-02,DO 0.001%,92.29,87.45427691817284
2025-01-02,DO 0.05%,91.58,88.22152118682861
2025-01-03,DO 0.001%,93.47,87.14509151816368
2025-01-03,DO 0.05%,92.76,87.85684947252274
2025-01-06,DO 0.001%,92.73,87.34102477312089
2025-01-06,DO 0.05%,92.07,87.6941108250618
2025-01-07,DO 0.001%,92.39,87.52724771976472
2025-01-07,DO 0.05%,91.74,88.47714466810227
2025-01-08,DO 0.001%,93.58,87.33218583583833
2025-01-08,DO 0.05%,92.94,88.33749956846238
2025-01-09,DO 0.001%,92.36,87.52648592233659
2025-01-09,DO 0.05%,91.75,87.2075518655777
2025-01-10,DO 0.001%,94.09,87.92890280485153
2025-01-10,DO 0.05%,93.54,88.90822075366974
2025-01-13,DO 0.001%,99.13,87.70931730508805
2025-01-13,DO 0.05%,98.56,87.8387685585022
2025-01-14,DO 0.001%,96.7,88.16426690340043
2025-01-14,DO 0.05%,96.18,88.64257200479507
2025-01-15,DO 0.001%,97.61,87.68983407497407
2025-01-15,DO 0.05%,97.09,88.58886074781418
2025-01-16,DO 0.001%,99.56,87.9869350719452
2025-01-16,DO 0.05%,99.01,88.58685986280442
2025-01-17,DO 0.001%,100.19,89.06688206434251
2025-01-17,DO 0.05%,99.55,89.36224448919296
2025-01-20,DO 0.001%,99.77,88.21361676692963
2025-01-20,DO 0.05%,99.02,88.60762946605682
2025-01-21,DO 0.001%,97.7,88.57562707901002
2025-01-21,DO 0.05%,96.95,88.8693598151207
2025-01-22,DO 0.001%,96.85,88.33541043519975
2025-01-22,DO 0.05%,96.1,88.44099326133728
2025-01-23,DO 0.001%,95.61,87.90650804758073
2025-01-23,DO 0.05%,94.86,88.09913372039794
2025-01-24,DO 0.001%,95.03,89.12619790792466
2025-01-24,DO 0.05%,94.25,88.86982877254486
2025-01-27,DO 0.001%,93.29,89.23257822275163
2025-01-27,DO 0.05%,92.63,88.813981153965
2025-01-28,DO 0.001%,93.0,88.9184150505066
2025-01-28,DO 0.05%,92.41,89.41287104845047
2025-01-29,DO 0.001%,93.0,88.52995054006577
2025-01-29,DO 0.05%,92.41,88.39153388500213
2025-01-30,DO 0.001%,93.0,88.80615950345994
2025-01-30,DO 0.05%,92.41,88.46181497097015
2025-01-31,DO 0.001%,92.89,89.72992758750917
2025-01-31,DO 0.05%,92.3,90.67045854091644
2025-02-03,DO 0.001%,93.44,89.12000960826875
2025-02-03,DO 0.05%,93.07,88.9329712843895
2025-02-04,DO 0.001%,91.37,89.50033436536789
2025-02-04,DO 0.05%,90.89,89.39519656419755
2025-02-05,DO 0.001%,92.1,89.29113226890564
2025-02-05,DO 0.05%,91.55,88.5066577219963
2025-02-06,DO 0.001%,90.63,89.38075304031372
2025-02-06,DO 0.05%,89.93,89.42294842243194
2025-02-07,DO 0.001%,91.48,88.90654979467392
2025-02-07,DO 0.05%,90.71,88.93847371816635
2025-02-10,DO 0.001%,91.81,88.51918102025986
2025-02-10,DO 0.05%,90.82,89.57679772138596
2025-02-11,DO 0.001%,93.28,89.5119596028328
2025-02-11,DO 0.05%,92.29,89.03014968395233
2025-02-12,DO 0.001%,93.87,88.1683785223961
2025-02-12,DO 0.05%,92.66,88.63929972410202
2025-02-13,DO 0.001%,91.99,88.7256385588646
2025-02-13,DO 0.05%,90.8,88.52495748281478
2025-02-14,DO 0.001%,92.42,87.75523386240006
2025-02-14,DO 0.05%,91.18,87.62097430944443
2025-02-17,DO 0.001%,91.92,88.54227496147156
2025-02-17,DO 0.05%,90.65,88.90345823049546
2025-02-18,DO 0.001%,92.16,88.2649180841446
2025-02-18,DO 0.05%,90.84,88.11617250680924
2025-02-19,DO 0.001%,92.75,88.7428572678566
2025-02-19,DO 0.05%,91.38,89.16751252412796
2025-02-20,DO 0.001%,93.2,88.3688982152939
2025-02-20,DO 0.05%,91.89,88.03260429382324
2025-02-21,DO 0.001%,93.22,87.41112057209016
2025-02-21,DO 0.05%,91.92,87.55742536783218
2025-02-24,DO 0.001%,90.82,88.40729071855546
2025-02-24,DO 0.05%,89.51,88.3373119854927
2025-02-25,DO 0.001%,91.2,88.70201240301132
2025-02-25,DO 0.05%,89.99,88.53537875890731
2025-02-26,DO 0.001%,89.16,87.33600004076958
2025-02-26,DO 0.05%,87.84,87.4077914750576
2025-02-27,DO 0.001%,88.2,88.14312441587448
2025-02-27,DO 0.05%,86.84,89.77669863939285
2025-02-28,DO 0.001%,89.1,87.33405902266503
2025-02-28,DO 0.05%,87.74,87.98291564941407
2025-03-03,DO 0.001%,88.65,87.33921941757202
2025-03-03,DO 0.05%,87.29,88.37473478794098
2025-03-04,DO 0.001%,86.88,87.63140525579453
2025-03-04,DO 0.05%,85.44,88.84138911008834
2025-03-05,DO 0.001%,86.92,87.68277962207794
2025-03-05,DO 0.05%,85.41,87.34168932080269
2025-03-06,DO 0.001%,86.06,87.15340867638588
2025-03-06,DO 0.05%,84.55,88.01326240539551
2025-03-07,DO 0.001%,86.13,87.13453070998193
2025-03-07,DO 0.05%,84.64,87.44485474348069
2025-01-13,DO 0.001%,99.13,94.3551333117485
2025-01-13,DO 0.05%,98.56,93.90535717248918
2025-01-14,DO 0.001%,96.7,93.46040652811527
2025-01-14,DO 0.05%,96.18,92.72862607598306
2025-01-15,DO 0.001%,97.61,93.28459503412247
2025-01-15,DO 0.05%,97.09,93.92695634365083
2025-01-16,DO 0.001%,99.56,92.46810265481473
2025-01-16,DO 0.05%,99.01,92.60724364042282
2025-01-17,DO 0.001%,100.19,92.42392124712468
2025-01-17,DO 0.05%,99.55,92.37560730457307
2025-01-20,DO 0.001%,99.77,92.54674645781517
2025-01-20,DO 0.05%,99.02,93.1036454486847
2025-01-21,DO 0.001%,97.7,92.01369816660882
2025-01-21,DO 0.05%,96.95,92.9370463693142
2025-01-22,DO 0.001%,96.85,91.24828528225422
2025-01-22,DO 0.05%,96.1,92.66550118803978
2025-01-23,DO 0.001%,95.61,92.19576280474664
2025-01-23,DO 0.05%,94.86,92.11342325091363
2025-01-24,DO 0.001%,95.03,92.06420562505723
2025-01-24,DO 0.05%,94.25,91.90870503544808
2025-01-27,DO 0.001%,93.29,91.5793990790844
2025-01-27,DO 0.05%,92.63,92.21327899575235
2025-01-28,DO 0.001%,93.0,91.4059037721157
2025-01-28,DO 0.05%,92.41,91.44856574892998
2025-01-29,DO 0.001%,93.0,90.65258216917515
2025-01-29,DO 0.05%,92.41,92.30738090872765
2025-01-30,DO 0.001%,93.0,91.94092054188252
2025-01-30,DO 0.05%,92.41,91.96153212547303
2025-01-31,DO 0.001%,92.89,91.00217498838902
2025-01-31,DO 0.05%,92.3,91.69950418353082
2025-02-03,DO 0.001%,93.44,91.83348984301091
2025-02-03,DO 0.05%,93.07,92.1949191427231
2025-02-04,DO 0.001%,91.37,90.21063349545003
2025-02-04,DO 0.05%,90.89,91.78614061117173
2025-02-05,DO 0.001%,92.1,91.14652447462082
2025-02-05,DO 0.05%,91.55,90.85799512267113
2025-02-06,DO 0.001%,90.63,90.72136675477029
2025-02-06,DO 0.05%,89.93,90.98217084288598
2025-02-07,DO 0.001%,91.48,89.8728235065937
2025-02-07,DO 0.05%,90.71,90.2961936557293
2025-02-10,DO 0.001%,91.81,90.13671740591526
2025-02-10,DO 0.05%,90.82,89.50413855671883
2025-02-11,DO 0.001%,93.28,89.25488948464394
2025-02-11,DO 0.05%,92.29,90.55616984367371
2025-02-12,DO 0.001%,93.87,89.00751734554768
2025-02-12,DO 0.05%,92.66,89.70217742085457
2025-02-13,DO 0.001%,91.99,89.953934918046
2025-02-13,DO 0.05%,90.8,90.54589992284775
2025-02-14,DO 0.001%,92.42,90.34831483066083
2025-02-14,DO 0.05%,91.18,90.76789636015893
2025-02-17,DO 0.001%,91.92,90.24251051008702
2025-02-17,DO 0.05%,90.65,91.1338947057724
2025-02-18,DO 0.001%,92.16,90.10329813599587
2025-02-18,DO 0.05%,90.84,91.436890822649
2025-02-19,DO 0.001%,92.75,89.7539969432354
2025-02-19,DO 0.05%,91.38,90.65293680667878
2025-02-20,DO 0.001%,93.2,90.98713940143585
2025-02-20,DO 0.05%,91.89,90.05934430360794
2025-02-21,DO 0.001%,93.22,90.18638924241067
2025-02-21,DO 0.05%,91.92,89.9030151450634
2025-02-24,DO 0.001%,90.82,90.3207449144125
2025-02-24,DO 0.05%,89.51,90.88638515353203
2025-02-25,DO 0.001%,91.2,90.30940513193607
2025-02-25,DO 0.05%,89.99,90.47722191810608
2025-02-26,DO 0.001%,89.16,91.9708571189642
2025-02-26,DO 0.05%,87.84,90.67884020090104
2025-02-27,DO 0.001%,88.2,90.86687713861465
2025-02-27,DO 0.05%,86.84,89.85135889291764
2025-02-28,DO 0.001%,89.1,90.57394958257676
2025-02-28,DO 0.05%,87.74,90.37440562605859
2025-03-03,DO 0.001%,88.65,91.7197274851799
2025-03-03,DO 0.05%,87.29,90.79865594387056
2025-03-04,DO 0.001%,86.88,90.8916990363598
2025-03-04,DO 0.05%,85.44,90.57131825566293
2025-03-05,DO 0.001%,86.92,90.52906714975835
2025-03-05,DO 0.05%,85.41,89.76977936983108
2025-03-06,DO 0.001%,86.06,91.59716585993768
2025-03-06,DO 0.05%,84.55,89.9695967924595
2025-03-07,DO 0.001%,86.13,91.28959529101849
2025-03-07,DO 0.05%,84.64,90.20322912812233
2025-03-10,DO 0.001%,86.32,91.73195336341858
2025-03-10,DO 0.05%,84.73,90.91074415683747
2025-03-11,DO 0.001%,85.24,91.1246020168066
2025-03-11,DO 0.05%,83.65,89.36206016778947
2025-03-12,DO 0.001%,85.54,91.25795382082462
2025-03-12,DO 0.05%,83.95,89.5060955286026
2025-03-13,DO 0.001%,85.81,90.83262785494328
2025-03-13,DO 0.05%,84.48,89.44699609279633
2025-03-14,DO 0.001%,84.93,91.59250544488431
2025-03-14,DO 0.05%,83.65,90.26460333466531
2025-03-17,DO 0.001%,85.55,91.76773368597031
2025-03-17,DO 0.05%,84.27,89.75848357200623
2025-03-18,DO 0.001%,86.01,90.57586197912693
2025-03-18,DO 0.05%,84.73,89.65310258746148
2025-03-19,DO 0.001%,84.83,92.2588887155056
2025-03-19,DO 0.05%,83.55,89.79874924421311
2025-03-20,DO 0.001%,86.18,92.28666613519192
2025-03-20,DO 0.05%,84.93,89.66319409489633
2025-03-21,DO 0.001%,86.73,92.6943094432354
2025-03-21,DO 0.05%,85.57,89.11453388929368
2025-03-24,DO 0.001%,86.77,92.47559521138669
2025-03-24,DO 0.05%,85.61,89.95481078267098
2025-03-25,DO 0.001%,87.09,92.36156926810742
2025-03-25,DO 0.05%,85.95,89.69434953331948
2025-03-26,DO 0.001%,87.88,93.37336163997651
2025-03-26,DO 0.05%,86.74,89.77081639766693
2025-03-27,DO 0.001%,87.83,92.07525938928127
2025-03-27,DO 0.05%,86.58,89.25370748519899
2025-03-28,DO 0.001%,88.19,92.83902346253396
2025-03-28,DO 0.05%,86.85,89.64089799642564
2025-03-31,DO 0.001%,88.19,91.9596687579155
2025-03-31,DO 0.05%,86.85,89.71037886142732
2025-04-01,DO 0.001%,89.19,93.00068546533585
2025-04-01,DO 0.05%,87.87,88.22246693372728
2025-04-02,DO 0.001%,88.8,92.31629986941815
2025-04-02,DO 0.05%,87.49,89.59743760943414
2025-04-03,DO 0.001%,87.2,92.60691684663296
2025-04-03,DO 0.05%,85.92,90.6281038928032
2025-04-04,DO 0.001%,82.67,93.16800614297391
2025-04-04,DO 0.05%,81.53,88.87272799015045
2025-02-10,DO 0.001%,91.81,91.17934182167053
2025-02-10,DO 0.05%,90.82,90.29466525197029
2025-02-11,DO 0.001%,93.28,91.00486302137375
2025-02-11,DO 0.05%,92.29,90.41730627477169
2025-02-12,DO 0.001%,93.87,90.90461091279984
2025-02-12,DO 0.05%,92.66,90.3102150285244
2025-02-13,DO 0.001%,91.99,89.88988683462144
2025-02-13,DO 0.05%,90.8,89.08833023965359
2025-02-14,DO 0.001%,92.42,89.87189859867097
2025-02-14,DO 0.05%,91.18,88.87820280015468
2025-02-17,DO 0.001%,91.92,89.1104329609871
2025-02-17,DO 0.05%,90.65,89.20107693314552
2025-02-18,DO 0.001%,92.16,89.51986571311951
2025-02-18,DO 0.05%,90.84,89.02640687704086
2025-02-19,DO 0.001%,92.75,90.85905961751938
2025-02-19,DO 0.05%,91.38,90.47907284200191
2025-02-20,DO 0.001%,93.2,89.26764327287674
2025-02-20,DO 0.05%,91.89,89.0577659535408
2025-02-21,DO 0.001%,93.22,90.2205563044548
2025-02-21,DO 0.05%,91.92,90.66758414566516
2025-02-24,DO 0.001%,90.82,89.68692893266679
2025-02-24,DO 0.05%,89.51,89.3626951253414
2025-02-25,DO 0.001%,91.2,89.88261302232743
2025-02-25,DO 0.05%,89.99,89.7164417284727
2025-02-26,DO 0.001%,89.16,88.61681700944901
2025-02-26,DO 0.05%,87.84,88.63229897975921
2025-02-27,DO 0.001%,88.2,89.70203817844391
2025-02-27,DO 0.05%,86.84,90.06366239964962
2025-02-28,DO 0.001%,89.1,89.34994531393052
2025-02-28,DO 0.05%,87.74,89.08668118476866
2025-03-03,DO 0.001%,88.65,89.4081794333458
2025-03-03,DO 0.05%,87.29,89.72945033848285
2025-03-04,DO 0.001%,86.88,89.1517366552353
2025-03-04,DO 0.05%,85.44,89.66876511871814
2025-03-05,DO 0.001%,86.92,90.15707675218583
2025-03-05,DO 0.05%,85.41,90.2060055732727
2025-03-06,DO 0.001%,86.06,89.22007450342178
2025-03-06,DO 0.05%,84.55,89.37448181271553
2025-03-07,DO 0.001%,86.13,89.41626568794251
2025-03-07,DO 0.05%,84.64,89.63334017574786
2025-03-10,DO 0.001%,86.32,88.9398309826851
2025-03-10,DO 0.05%,84.73,89.06353494226931
2025-03-11,DO 0.001%,85.24,89.5055961728096
2025-03-11,DO 0.05%,83.65,89.8790006929636
2025-03-12,DO 0.001%,85.54,89.52695413589478
2025-03-12,DO 0.05%,83.95,89.72565480887889
2025-03-13,DO 0.001%,85.81,89.09420592546464
2025-03-13,DO 0.05%,84.48,89.18801966249943
2025-03-14,DO 0.001%,84.93,89.22838976860047
2025-03-14,DO 0.05%,83.65,89.11181169986725
2025-03-17,DO 0.001%,85.55,90.90226082801819
2025-03-17,DO 0.05%,84.27,90.90679442524909
2025-03-18,DO 0.001%,86.01,89.39635812520982
2025-03-18,DO 0.05%,84.73,88.9285178977251
2025-03-19,DO 0.001%,84.83,89.3897386288643
2025-03-19,DO 0.05%,83.55,89.13402798354625
2025-03-20,DO 0.001%,86.18,89.5560439324379
2025-03-20,DO 0.05%,84.93,88.78321723878383
2025-03-21,DO 0.001%,86.73,88.1841287779808
2025-03-21,DO 0.05%,85.57,87.88685047745705
2025-03-24,DO 0.001%,86.77,89.15513364553452
2025-03-24,DO 0.05%,85.61,88.90366312623023
2025-03-25,DO 0.001%,87.09,88.47154796361923
2025-03-25,DO 0.05%,85.95,88.02524132609366
2025-03-26,DO 0.001%,87.88,88.33606094121933
2025-03-26,DO 0.05%,86.74,88.56186000585555
2025-03-27,DO 0.001%,87.83,88.1528960967064
2025-03-27,DO 0.05%,86.58,87.62135804772376
2025-03-28,DO 0.001%,88.19,88.74353074550629
2025-03-28,DO 0.05%,86.85,88.63042284190654
2025-03-31,DO 0.001%,88.19,87.87260350227356
2025-03-31,DO 0.05%,86.85,87.34352744340896
2025-04-01,DO 0.001%,89.19,87.29218708753586
2025-04-01,DO 0.05%,87.87,86.44355979502201
2025-04-02,DO 0.001%,88.8,87.38980012178422
2025-04-02,DO 0.05%,87.49,86.74848896682262
2025-04-03,DO 0.001%,87.2,86.52786972284318
2025-04-03,DO 0.05%,85.92,86.01788736522197
2025-04-04,DO 0.001%,82.67,87.56151443719864
2025-04-04,DO 0.05%,81.53,87.2303644311428
2025-04-07,DO 0.001%,78.22,88.40132895708085
2025-04-07,DO 0.05%,76.97,86.91420005917549
2025-04-08,DO 0.001%,79.52,88.11298282384872
2025-04-08,DO 0.05%,78.31,86.7972469240427
2025-04-09,DO 0.001%,75.9,87.99853751182556
2025-04-09,DO 0.05%,74.69,87.23451139867305
2025-04-10,DO 0.001%,78.98,87.41396073818207
2025-04-10,DO 0.05%,77.7,87.0066498607397
2025-04-11,DO 0.001%,78.55,87.88262544155121
2025-04-11,DO 0.05%,77.27,87.23990191578865
2025-04-14,DO 0.001%,79.97,87.98275213956833
2025-04-14,DO 0.05%,78.69,86.95730797588824
2025-04-15,DO 0.001%,80.72,88.1056817483902
2025-04-15,DO 0.05%,79.43,86.85694811761378
2025-04-16,DO 0.001%,80.93,88.09083968162537
2025-04-16,DO 0.05%,79.51,87.14971753716468
2025-04-17,DO 0.001%,81.93,88.20916726827622
2025-04-17,DO 0.05%,80.56,86.87439565896987
2025-04-21,DO 0.001%,81.89,87.71668001174928
2025-04-21,DO 0.05%,80.41,85.77682798147201
2025-04-22,DO 0.001%,82.08,87.17449200630189
2025-04-22,DO 0.05%,80.59,86.12538411676883
2025-04-23,DO 0.001%,83.43,87.04254919528961
2025-04-23,DO 0.05%,82.05,84.95016487777232
2025-04-24,DO 0.001%,81.85,88.87110599756241
2025-04-24,DO 0.05%,80.45,88.73361042380333
2025-04-25,DO 0.001%,82.61,87.3650233578682
2025-04-25,DO 0.05%,81.23,86.08211940467358
2025-04-25,DO 0.001%,82.61,87.9810945391655
2025-04-25,DO 0.05%,81.23,86.41660180270671
2025-04-25,DO 0.001%,82.61,88.16841974258423
2025-04-25,DO 0.05%,81.23,86.51791865348815
2025-04-25,DO 0.001%,82.61,87.90712957382202
2025-04-25,DO 0.05%,81.23,86.18939988672733
2025-04-28,DO 0.001%,82.54,87.54299184322358
2025-04-28,DO 0.05%,81.26,86.93288033664226
2025-04-29,DO 0.001%,81.26,88.00511338710785
2025-04-29,DO 0.05%,80.28,87.08948648333549
2025-04-30,DO 0.001%,79.02,86.00496767997743
2025-04-30,DO 0.05%,77.86,85.19185144305229
2025-03-10,DO 0.001%,86.32,85.6668897217512
2025-03-10,DO 0.05%,84.73,84.2207001399994
2025-03-11,DO 0.001%,85.24,85.79278975903988
2025-03-11,DO 0.05%,83.65,84.03374990463257
2025-03-12,DO 0.001%,85.54,85.30601803600787
2025-03-12,DO 0.05%,83.95,84.23564828872681
2025-03-13,DO 0.001%,85.81,85.94154010891914
2025-03-13,DO 0.05%,84.48,84.25565146446228
2025-03-14,DO 0.001%,84.93,84.98350058197974
2025-03-14,DO 0.05%,83.65,83.26703549385071
2025-03-17,DO 0.001%,85.55,84.88841330051422
2025-03-17,DO 0.05%,84.27,83.52629481315613
2025-03-18,DO 0.001%,86.01,85.42510045588016
2025-03-18,DO 0.05%,84.73,84.07627872467042
2025-03-19,DO 0.001%,84.83,86.10545555055141
2025-03-19,DO 0.05%,83.55,84.43741550445557
2025-03-20,DO 0.001%,86.18,84.76722604393959
2025-03-20,DO 0.05%,84.93,83.29044904708863
2025-03-21,DO 0.001%,86.73,85.04408394277095
2025-03-21,DO 0.05%,85.57,83.14123998641968
2025-03-24,DO 0.001%,86.77,84.87037844359874
2025-03-24,DO 0.05%,85.61,83.39666515350342
2025-03-25,DO 0.001%,87.09,84.62891260385513
2025-03-25,DO 0.05%,85.95,83.13747141838074
2025-03-26,DO 0.001%,87.88,85.03888345599174
2025-03-26,DO 0.05%,86.74,83.1515316581726
2025-03-27,DO 0.001%,87.83,85.04324200809002
2025-03-27,DO 0.05%,86.58,83.76699380874634
2025-03-28,DO 0.001%,88.19,84.67177940011024
2025-03-28,DO 0.05%,86.85,82.7643024635315
2025-03-31,DO 0.001%,88.19,85.00456435024738
2025-03-31,DO 0.05%,86.85,83.55993949890137
2025-04-01,DO 0.001%,89.19,84.29299606740474
2025-04-01,DO 0.05%,87.87,82.57282187461853
2025-04-02,DO 0.001%,88.8,84.90392748713492
2025-04-02,DO 0.05%,87.49,83.49473873138427
2025-04-03,DO 0.001%,87.2,84.24460022449493
2025-04-03,DO 0.05%,85.92,83.13713340759277
2025-04-04,DO 0.001%,82.67,84.3728361171484
2025-04-04,DO 0.05%,81.53,82.58338092803955
2025-04-07,DO 0.001%,78.22,83.99261020123959
2025-04-07,DO 0.05%,76.97,82.28141117095947
2025-04-08,DO 0.001%,79.52,83.52421729624271
2025-04-08,DO 0.05%,78.31,81.90417095184326
2025-04-09,DO 0.001%,75.9,83.80775933504104
2025-04-09,DO 0.05%,74.69,81.93881958007813
2025-04-10,DO 0.001%,78.98,82.639898391366
2025-04-10,DO 0.05%,77.7,80.88338341712952
2025-04-11,DO 0.001%,78.55,84.01446970045566
2025-04-11,DO 0.05%,77.27,82.01410517692565
2025-04-14,DO 0.001%,79.97,83.49059638023375
2025-04-14,DO 0.05%,78.69,81.93621134757996
2025-04-15,DO 0.001%,80.72,82.85888354837894
2025-04-15,DO 0.05%,79.43,81.28123220443726
2025-04-16,DO 0.001%,80.93,83.0959548997879
2025-04-16,DO 0.05%,79.51,81.21827643394471
2025-04-17,DO 0.001%,81.93,84.18532596945762
2025-04-17,DO 0.05%,80.56,82.08644453048706
2025-04-21,DO 0.001%,81.89,83.16326347053051
2025-04-21,DO 0.05%,80.41,81.06965763092042
2025-04-22,DO 0.001%,82.08,82.10955141484737
2025-04-22,DO 0.05%,80.59,80.90086916923524
2025-04-23,DO 0.001%,83.43,82.80935828089713
2025-04-23,DO 0.05%,82.05,81.18969686508179
2025-04-24,DO 0.001%,81.85,83.42410407543181
2025-04-24,DO 0.05%,80.45,81.82014247894287
2025-04-25,DO 0.001%,82.61,83.98456561803818
2025-04-25,DO 0.05%,81.23,82.1288522720337
2025-04-25,DO 0.001%,82.61,83.93781770825386
2025-04-25,DO 0.05%,81.23,82.27792511940002
2025-04-25,DO 0.001%,82.61,82.45950361847878
2025-04-25,DO 0.05%,81.23,80.77607255935669
2025-04-25,DO 0.001%,82.61,83.38328564465046
2025-04-25,DO 0.05%,81.23,81.71495553970337
2025-04-28,DO 0.001%,82.54,82.7139116370678
2025-04-28,DO 0.05%,81.26,81.40183647155762
2025-04-29,DO 0.001%,81.26,82.97356634616851
2025-04-29,DO 0.05%,80.28,81.315951461792
2025-04-30,DO 0.001%,79.02,82.96715942859649
2025-04-30,DO 0.05%,77.86,81.11854811668395
2025-05-01,DO 0.001%,79.02,83.84435269117355
2025-05-01,DO 0.05%,77.86,81.77780536651612
2025-05-02,DO 0.001%,78.35,82.26419530749321
2025-05-02,DO 0.05%,77.24,80.89522388458252
2025-05-05,DO 0.001%,76.5,82.47533096373081
2025-05-05,DO 0.05%,75.37,80.94180378913879
2025-05-06,DO 0.001%,77.7,82.82318346440792
2025-05-06,DO 0.05%,76.98,81.10284827232361
2025-05-07,DO 0.001%,78.59,82.17592564344406
2025-05-07,DO 0.05%,77.96,80.86809725761414
2025-05-08,DO 0.001%,77.13,82.45879002749919
2025-05-08,DO 0.05%,76.33,80.855384016037
2025-05-09,DO 0.001%,78.92,82.05436362326145
2025-05-09,DO 0.05%,78.13,80.66400937080384
2025-05-12,DO 0.001%,78.92,82.52602672576904
2025-05-12,DO 0.05%,78.13,80.83992128372192
2025-05-13,DO 0.001%,80.87,83.02069928705691
2025-05-13,DO 0.05%,80.14,81.41020602226257
2025-05-14,DO 0.001%,82.49,83.13707622170448
2025-05-14,DO 0.05%,81.85,81.57220904350281
2025-05-15,DO 0.001%,80.85,82.63357361376285
2025-05-15,DO 0.05%,80.21,80.86886408805847
2025-05-16,DO 0.001%,80.48,83.04608053743839
2025-05-16,DO 0.05%,80.01,81.93683187484741
2025-05-19,DO 0.001%,80.33,83.29606326520442
2025-05-19,DO 0.05%,79.99,81.4352490901947
2025-05-20,DO 0.001%,80.35,81.76371134340762
2025-05-20,DO 0.05%,80.01,80.61575454711914
2025-05-21,DO 0.001%,80.86,83.42929942846298
2025-05-21,DO 0.05%,80.52,82.13833675384521
2025-05-22,DO 0.001%,78.91,82.75315400719643
2025-05-22,DO 0.05%,78.62,81.36496807098389
2025-05-23,DO 0.001%,78.34,82.5425625282526
2025-05-23,DO 0.05%,78.09,80.9886712551117
2025-05-26,DO 0.001%,79.19,81.54537303864956
2025-05-26,DO 0.05%,78.96,79.80697545051575
2025-05-27,DO 0.001%,79.08,81.85524093747138
2025-05-27,DO 0.05%,78.83,79.95148767471314
2025-05-28,DO 0.001%,78.91,82.89877277076243
2025-05-28,DO 0.05%,78.75,80.9607828426361
2025-04-07,DO 0.001%,78.22,82.57160736083985
2025-04-07,DO 0.05%,76.97,83.48993127942086
2025-04-08,DO 0.001%,79.52,82.53159100353717
2025-04-08,DO 0.05%,78.31,82.70851295590401
2025-04-09,DO 0.001%,75.9,82.37777859210968
2025-04-09,DO 0.05%,74.69,82.7426465523243
2025-04-10,DO 0.001%,78.98,82.0353063762188
2025-04-10,DO 0.05%,77.7,84.01928387880325
2025-04-11,DO 0.001%,78.55,82.18852255821228
2025-04-11,DO 0.05%,77.27,84.5910118997097
2025-04-14,DO 0.001%,79.97,82.58444353997707
2025-04-14,DO 0.05%,78.69,83.98910596966743
2025-04-15,DO 0.001%,80.72,82.67429679393769
2025-04-15,DO 0.05%,79.43,83.60529739260673
2025-04-16,DO 0.001%,80.93,82.44868554711341
2025-04-16,DO 0.05%,79.51,84.24656581282616
2025-04-17,DO 0.001%,81.93,82.61224458515645
2025-04-17,DO 0.05%,80.56,84.23937365412712
2025-04-21,DO 0.001%,81.89,82.4229392760992
2025-04-21,DO 0.05%,80.41,84.67929078817367
2025-04-22,DO 0.001%,82.08,82.08999687612057
2025-04-22,DO 0.05%,80.59,83.60600688934326
2025-04-23,DO 0.001%,83.43,83.03760254740715
2025-04-23,DO 0.05%,82.05,82.95773097395897
2025-04-24,DO 0.001%,81.85,82.96141329526901
2025-04-24,DO 0.05%,80.45,83.08902674674988
2025-04-25,DO 0.001%,82.61,82.64799864113331
2025-04-25,DO 0.05%,81.23,83.80298456549644
2025-04-25,DO 0.001%,82.61,82.11861096143723
2025-04-25,DO 0.05%,81.23,84.88590984463691
2025-04-25,DO 0.001%,82.61,82.6257311964035
2025-04-25,DO 0.05%,81.23,84.24331962227822
2025-04-25,DO 0.001%,82.61,82.99998589038849
2025-04-25,DO 0.05%,81.23,83.66026881098747
2025-04-28,DO 0.001%,82.54,82.4056831151247
2025-04-28,DO 0.05%,81.26,83.13445397615433
2025-04-29,DO 0.001%,81.26,83.11065789937973
2025-04-29,DO 0.05%,80.28,83.02591069459915
2025-04-30,DO 0.001%,79.02,82.80520118355751
2025-04-30,DO 0.05%,77.86,84.19128338217736
2025-05-01,DO 0.001%,79.02,82.82507878303528
2025-05-01,DO 0.05%,77.86,82.63765075445176
2025-05-02,DO 0.001%,78.35,82.92932531118393
2025-05-02,DO 0.05%,77.24,83.17332079052925
2025-05-05,DO 0.001%,76.5,82.50230184853078
2025-05-05,DO 0.05%,75.37,83.4740988111496
2025-05-06,DO 0.001%,77.7,82.27110772609711
2025-05-06,DO 0.05%,76.98,81.7228567636013
2025-05-07,DO 0.001%,78.59,83.19501697301865
2025-05-07,DO 0.05%,77.96,84.00467602133752
2025-05-08,DO 0.001%,77.13,82.95917620301246
2025-05-08,DO 0.05%,76.33,81.87500979661942
2025-05-09,DO 0.001%,78.92,82.53474461376668
2025-05-09,DO 0.05%,78.13,84.35677106618881
2025-05-12,DO 0.001%,78.92,82.60717417120934
2025-05-12,DO 0.05%,78.13,84.14534103870392
2025-05-13,DO 0.001%,80.87,83.05087727546692
2025-05-13,DO 0.05%,80.14,82.87226091504097
2025-05-14,DO 0.001%,82.49,83.30291971802711
2025-05-14,DO 0.05%,81.85,83.09038742542268
2025-05-15,DO 0.001%,80.85,83.50864351034164
2025-05-15,DO 0.05%,80.21,83.27355421304703
2025-05-16,DO 0.001%,80.48,82.98531174778938
2025-05-16,DO 0.05%,80.01,82.23264474749566
2025-05-19,DO 0.001%,80.33,82.39425620555878
2025-05-19,DO 0.05%,79.99,82.13102148890495
2025-05-20,DO 0.001%,80.35,82.24586898922921
2025-05-20,DO 0.05%,80.01,83.58432350277901
2025-05-21,DO 0.001%,80.86,82.95507650971413
2025-05-21,DO 0.05%,80.52,84.36910464644433
2025-05-22,DO 0.001%,78.91,82.6558383190632
2025-05-22,DO 0.05%,78.62,81.9831643128395
2025-05-23,DO 0.001%,78.34,82.888486058712
2025-05-23,DO 0.05%,78.09,82.07973362207413
2025-05-26,DO 0.001%,79.19,82.87666987538339
2025-05-26,DO 0.05%,78.96,83.1508307158947
2025-05-27,DO 0.001%,79.08,82.81126202821731
2025-05-27,DO 0.05%,78.83,83.08802567601204
2025-05-28,DO 0.001%,78.91,82.24202059924603
2025-05-28,DO 0.05%,78.75,83.31291670322419
2025-05-29,DO 0.001%,80.62,82.72084210991859
2025-05-29,DO 0.05%,80.46,82.21423670887947
2025-05-30,DO 0.001%,78.82,82.90858046889305
2025-05-30,DO 0.05%,78.57,82.5449107837677
2025-06-02,DO 0.001%,80.02,82.46322171926498
2025-06-02,DO 0.05%,79.74,83.31437457323075
2025-06-03,DO 0.001%,80.23,84.13883338451386
2025-06-03,DO 0.05%,79.96,83.60758138895035
2025-06-04,DO 0.001%,81.26,83.1576368367672
2025-06-04,DO 0.05%,81.01,82.25184003591538
2025-06-05,DO 0.001%,80.43,83.22791306972503
2025-06-05,DO 0.05%,80.17,82.78188269376754
2025-06-06,DO 0.001%,81.04,82.54886194705963
2025-06-06,DO 0.05%,80.73,83.43495014190674
2025-06-09,DO 0.001%,82.35,83.17527734398843
2025-06-09,DO 0.05%,82.01,83.55425250411034
2025-06-10,DO 0.001%,82.73,83.24552401185036
2025-06-10,DO 0.05%,82.43,83.6517354118824
2025-06-11,DO 0.001%,82.51,83.31833298802376
2025-06-11,DO 0.05%,82.19,82.56230803251266
2025-06-12,DO 0.001%,84.64,83.44338348865509
2025-06-12,DO 0.05%,84.32,82.77576935887336
2025-06-13,DO 0.001%,88.37,83.20487200498582
2025-06-13,DO 0.05%,88.02,83.43588317871094
2025-06-16,DO 0.001%,90.66,83.28421486735344
2025-06-16,DO 0.05%,90.28,81.80293270349503
2025-06-17,DO 0.001%,91.64,83.75773929834367
2025-06-17,DO 0.05%,91.18,83.25195829868316
2025-06-18,DO 0.001%,94.52,82.99339287400245
2025-06-18,DO 0.05%,93.98,84.61163590073586
2025-06-19,DO 0.001%,98.07,83.10847993731498
2025-06-19,DO 0.05%,97.51,84.48877633571625
2025-06-20,DO 0.001%,97.82,82.7283713543415
2025-06-20,DO 0.05%,97.26,85.01542701601983
2025-06-23,DO 0.001%,94.73,83.0758203613758
2025-06-23,DO 0.05%,94.04,83.86273779749871
2025-06-24,DO 0.001%,86.85,83.26565784215927
2025-06-24,DO 0.05%,86.16,83.6378759276867
2025-06-25,DO 0.001%,87.73,83.27686301350593
2025-06-25,DO 0.05%,87.11,83.9574993479252
2025-05-01,DO 0.001%,79.02,79.00687805414199
2025-05-01,DO 0.05%,77.86,77.40377049922942
2025-05-02,DO 0.001%,78.35,78.19386847615242
2025-05-02,DO 0.05%,77.24,76.89537356734276
2025-05-05,DO 0.001%,76.5,77.81092054724692
2025-05-05,DO 0.05%,75.37,76.6574991774559
2025-05-06,DO 0.001%,77.7,78.91294263124466
2025-05-06,DO 0.05%,76.98,76.87075867056846
2025-05-07,DO 0.001%,78.59,78.37550333619117
2025-05-07,DO 0.05%,77.96,76.77100429534912
2025-05-08,DO 0.001%,77.13,78.39282185554504
2025-05-08,DO 0.05%,76.33,76.99102545976639
2025-05-09,DO 0.001%,78.92,78.65303767204284
2025-05-09,DO 0.05%,78.13,76.85814956903458
2025-05-12,DO 0.001%,78.92,78.47304187774658
2025-05-12,DO 0.05%,78.13,76.59925691604614
2025-05-13,DO 0.001%,80.87,78.37075098752975
2025-05-13,DO 0.05%,80.14,76.92023442745209
2025-05-14,DO 0.001%,82.49,78.09872259378433
2025-05-14,DO 0.05%,81.85,76.87842994213104
2025-05-15,DO 0.001%,80.85,78.52701800823212
2025-05-15,DO 0.05%,80.21,76.85535579681397
2025-05-16,DO 0.001%,80.48,78.38772096991539
2025-05-16,DO 0.05%,80.01,76.71444665074348
2025-05-19,DO 0.001%,80.33,78.70550661563873
2025-05-19,DO 0.05%,79.99,77.26775277495385
2025-05-20,DO 0.001%,80.35,78.3566069805622
2025-05-20,DO 0.05%,80.01,77.21532545804978
2025-05-21,DO 0.001%,80.86,78.30874908685684
2025-05-21,DO 0.05%,80.52,76.74438920617104
2025-05-22,DO 0.001%,78.91,77.95137623548507
2025-05-22,DO 0.05%,78.62,76.78614728331566
2025-05-23,DO 0.001%,78.34,77.68970033168792
2025-05-23,DO 0.05%,78.09,76.5162141251564
2025-05-26,DO 0.001%,79.19,77.56574833989143
2025-05-26,DO 0.05%,78.96,76.51341571211815
2025-05-27,DO 0.001%,79.08,77.59170963406562
2025-05-27,DO 0.05%,78.83,76.50398092985154
2025-05-28,DO 0.001%,78.91,77.34275532960892
2025-05-28,DO 0.05%,78.75,76.98898814082146
2025-05-29,DO 0.001%,80.62,77.40015560030936
2025-05-29,DO 0.05%,80.46,76.56568060040473
2025-05-30,DO 0.001%,78.82,77.48052634119988
2025-05-30,DO 0.05%,78.57,76.47880449414254
2025-06-02,DO 0.001%,80.02,77.85246238589286
2025-06-02,DO 0.05%,79.74,76.91244713544846
2025-06-03,DO 0.001%,80.23,78.45911452889442
2025-06-03,DO 0.05%,79.96,77.61709496378899
2025-06-04,DO 0.001%,81.26,78.01796563625335
2025-06-04,DO 0.05%,81.01,77.18560566186905
2025-06-05,DO 0.001%,80.43,77.68469835519791
2025-06-05,DO 0.05%,80.17,76.33219642400742
2025-06-06,DO 0.001%,81.04,77.7545234978199
2025-06-06,DO 0.05%,80.73,76.95056681156159
2025-06-09,DO 0.001%,82.35,77.61062011957168
2025-06-09,DO 0.05%,82.01,77.1857541680336
2025-06-10,DO 0.001%,82.73,77.44318578600883
2025-06-10,DO 0.05%,82.43,76.62849406719208
2025-06-11,DO 0.001%,82.51,77.73708251953124
2025-06-11,DO 0.05%,82.19,77.4935007083416
2025-06-12,DO 0.001%,84.64,78.48549971938132
2025-06-12,DO 0.05%,84.32,78.07335695028306
2025-06-13,DO 0.001%,88.37,77.47356031179427
2025-06-13,DO 0.05%,88.02,77.09289140701294
2025-06-16,DO 0.001%,90.66,78.2251237642765
2025-06-16,DO 0.05%,90.28,77.90013379096985
2025-06-17,DO 0.001%,91.64,77.2773622584343
2025-06-17,DO 0.05%,91.18,76.64492720246315
2025-06-18,DO 0.001%,94.52,77.45718849420547
2025-06-18,DO 0.05%,93.98,76.60642233848571
2025-06-19,DO 0.001%,98.07,77.76313801288605
2025-06-19,DO 0.05%,97.51,77.04144794344901
2025-06-20,DO 0.001%,97.82,78.51112660646439
2025-06-20,DO 0.05%,97.26,77.68806698799133
2025-06-23,DO 0.001%,94.73,78.04800104498862
2025-06-23,DO 0.05%,94.04,77.68713882446289
2025-06-24,DO 0.001%,86.85,77.52567129850387
2025-06-24,DO 0.05%,86.16,77.08870538949967
2025-06-25,DO 0.001%,87.73,77.37416133642196
2025-06-25,DO 0.05%,87.11,77.14183811068534
2025-06-26,DO 0.001%,86.99,78.87082146763801
2025-06-26,DO 0.05%,86.37,78.93428431272507
2025-06-27,DO 0.001%,87.98,77.85520358204842
2025-06-27,DO 0.05%,87.36,77.11402104973793
2025-06-30,DO 0.001%,87.11,77.71966509103774
2025-06-30,DO 0.05%,86.49,77.31662058472634
2025-07-01,DO 0.001%,87.06,77.78177061080932
2025-07-01,DO 0.05%,86.44,77.18963389158249
2025-07-02,DO 0.001%,88.6,77.38616231203079
2025-07-02,DO 0.05%,88.0,77.05097090125084
2025-07-03,DO 0.001%,89.65,77.81939376354217
2025-07-03,DO 0.05%,88.78,77.61211072564124
2025-07-04,DO 0.001%,89.1,78.27904337525368
2025-07-04,DO 0.05%,88.31,78.28405935287475
2025-07-07,DO 0.001%,90.21,78.12216405987739
2025-07-07,DO 0.05%,89.4,77.64096732974052
2025-07-08,DO 0.001%,89.76,78.4756370651722
2025-07-08,DO 0.05%,88.96,77.35069346785545
2025-07-09,DO 0.001%,91.84,77.69228138923644
2025-07-09,DO 0.05%,91.04,77.2611952996254
2025-07-10,DO 0.001%,90.43,78.1043415749073
2025-07-10,DO 0.05%,89.46,77.45859711885453
2025-07-11,DO 0.001%,89.68,77.77296298742294
2025-07-11,DO 0.05%,88.33,77.60053652644157
2025-07-14,DO 0.001%,92.57,78.15947164535523
2025-07-14,DO 0.05%,91.08,77.25064672112465
2025-07-15,DO 0.001%,89.76,78.52193125247955
2025-07-15,DO 0.05%,88.35,78.12901891708374
2025-07-16,DO 0.001%,89.99,78.31115587592124
2025-07-16,DO 0.05%,88.68,77.70798073649406
2025-07-17,DO 0.001%,90.44,77.79023911714553
2025-07-17,DO 0.05%,89.22,77.20286950349808
2025-07-18,DO 0.001%,93.88,78.69938366889953
2025-07-18,DO 0.05%,92.7,78.03471750259399
2025-07-21,DO 0.001%,91.89,77.82353852748871
2025-07-21,DO 0.05%,91.0,77.0538574898243
2025-07-22,DO 0.001%,92.47,77.6465194272995
2025-07-22,DO 0.05%,91.75,77.19710096716881
2025-07-23,DO 0.001%,90.89,77.78764392971992
2025-07-23,DO 0.05%,90.09,77.48672975540161
2025-05-29,DO 0.001%,80.62,78.03131974816321
2025-05-29,DO 0.05%,80.46,79.37889352440834
2025-05-30,DO 0.001%,78.82,77.74327397108078
2025-05-30,DO 0.05%,78.57,79.25937831401825
2025-06-02,DO 0.001%,80.02,77.96601300418376
2025-06-02,DO 0.05%,79.74,79.4248840212822
2025-06-03,DO 0.001%,80.23,77.21990755915641
2025-06-03,DO 0.05%,79.96,78.57704982161522
2025-06-04,DO 0.001%,81.26,76.6069178122282
2025-06-04,DO 0.05%,81.01,77.7108109742403
2025-06-05,DO 0.001%,80.43,76.13152140259743
2025-06-05,DO 0.05%,80.17,76.83442398905754
2025-06-06,DO 0.001%,81.04,75.87205820262432
2025-06-06,DO 0.05%,80.73,77.30571627616882
2025-06-09,DO 0.001%,82.35,77.23688684225083
2025-06-09,DO 0.05%,82.01,78.22783559560776
2025-06-10,DO 0.001%,82.73,77.27124519765377
2025-06-10,DO 0.05%,82.43,78.43061059713364
2025-06-11,DO 0.001%,82.51,76.4582291483879
2025-06-11,DO 0.05%,82.19,77.38117955625057
2025-06-12,DO 0.001%,84.64,75.66607268929481
2025-06-12,DO 0.05%,84.32,76.3500452041626
2025-06-13,DO 0.001%,88.37,76.15234336555004
2025-06-13,DO 0.05%,88.02,76.8280591070652
2025-06-16,DO 0.001%,90.66,76.51450535953045
2025-06-16,DO 0.05%,90.28,77.54024058580399
2025-06-17,DO 0.001%,91.64,75.93726617515087
2025-06-17,DO 0.05%,91.18,77.12235510349274
2025-06-18,DO 0.001%,94.52,75.34024447977542
2025-06-18,DO 0.05%,93.98,76.18281684815884
2025-06-19,DO 0.001%,98.07,75.39224529802799
2025-06-19,DO 0.05%,97.51,75.7356932759285
2025-06-20,DO 0.001%,97.82,75.6310370439291
2025-06-20,DO 0.05%,97.26,76.46852307021618
2025-06-23,DO 0.001%,94.73,74.72104624152183
2025-06-23,DO 0.05%,94.04,75.69571562111378
2025-06-24,DO 0.001%,86.85,75.05224573671818
2025-06-24,DO 0.05%,86.16,76.20802290737629
2025-06-25,DO 0.001%,87.73,74.8144181883335
2025-06-25,DO 0.05%,87.11,75.3835829347372
2025-06-26,DO 0.001%,86.99,75.52507879197597
2025-06-26,DO 0.05%,86.37,76.5974447876215
2025-06-27,DO 0.001%,87.98,74.66931351721287
2025-06-27,DO 0.05%,87.36,75.94747111201286
2025-06-30,DO 0.001%,87.11,74.32912581980229
2025-06-30,DO 0.05%,86.49,74.75111737847328
2025-07-01,DO 0.001%,87.06,74.40182160913943
2025-07-01,DO 0.05%,86.44,74.99911777675152
2025-07-02,DO 0.001%,88.6,74.18168826103211
2025-07-02,DO 0.05%,88.0,74.76244367659092
2025-07-03,DO 0.001%,89.65,74.06986016273498
2025-07-03,DO 0.05%,88.78,75.15371963381767
2025-07-04,DO 0.001%,89.1,74.5028977292776
2025-07-04,DO 0.05%,88.31,74.68769386410713
2025-07-07,DO 0.001%,90.21,73.32473772883415
2025-07-07,DO 0.05%,89.4,73.43606986105442
2025-07-08,DO 0.001%,89.76,73.339501709342
2025-07-08,DO 0.05%,88.96,73.74449908733368
2025-07-09,DO 0.001%,91.84,73.23913109958171
2025-07-09,DO 0.05%,91.04,73.32902155816555
2025-07-10,DO 0.001%,90.43,74.46497419476509
2025-07-10,DO 0.05%,89.46,75.71112088859081
2025-07-11,DO 0.001%,89.68,72.70942450106143
2025-07-11,DO 0.05%,88.33,73.56085158884525
2025-07-14,DO 0.001%,92.57,72.34482614457607
2025-07-14,DO 0.05%,91.08,72.60287582874298
2025-07-15,DO 0.001%,89.76,71.89407086074353
2025-07-15,DO 0.05%,88.35,72.77513600885868
2025-07-16,DO 0.001%,89.99,72.58016088962555
2025-07-16,DO 0.05%,88.68,73.3145222067833
2025-07-17,DO 0.001%,90.44,71.45251072883606
2025-07-17,DO 0.05%,89.22,71.8638876825571
2025-07-18,DO 0.001%,93.88,72.73573063135147
2025-07-18,DO 0.05%,92.7,73.10604885220528
2025-07-21,DO 0.001%,91.89,71.18220148265361
2025-07-21,DO 0.05%,91.0,71.7377869784832
2025-07-22,DO 0.001%,92.47,72.02918550491333
2025-07-22,DO 0.05%,91.75,72.71424248814583
2025-07-23,DO 0.001%,90.89,71.22165362298489
2025-07-23,DO 0.05%,90.09,71.93165302276611
2025-07-24,DO 0.001%,91.63,70.84027822971343
2025-07-24,DO 0.05%,90.71,72.0177760720253
2025-07-25,DO 0.001%,91.61,70.91417809009552
2025-07-25,DO 0.05%,90.56,72.22832411527634
2025-07-28,DO 0.001%,90.89,70.46778756380081
2025-07-28,DO 0.05%,89.58,70.75961820781231
2025-07-29,DO 0.001%,91.75,70.03714873254299
2025-07-29,DO 0.05%,90.35,71.1493170261383
2025-07-30,DO 0.001%,92.84,69.83552327334881
2025-07-30,DO 0.05%,91.3,70.80422401428223
2025-07-31,DO 0.001%,93.5,69.39695920884608
2025-07-31,DO 0.05%,91.74,70.16047440469265
2025-08-01,DO 0.001%,92.68,70.81582053661346
2025-08-01,DO 0.05%,90.88,71.4896410703659
2025-08-04,DO 0.001%,89.41,69.93096471726894
2025-08-04,DO 0.05%,87.68,70.47148056328297
2025-08-05,DO 0.001%,89.41,69.81371829926967
2025-08-05,DO 0.05%,87.77,70.34112252295017
2025-08-06,DO 0.001%,87.91,70.29614159226418
2025-08-06,DO 0.05%,86.27,71.10416203737259
2025-08-07,DO 0.001%,86.27,69.45054037034511
2025-08-07,DO 0.05%,84.83,70.11012330651283
2025-08-08,DO 0.001%,86.64,70.49900874972343
2025-08-08,DO 0.05%,85.2,71.59173734486103
2025-08-11,DO 0.001%,85.45,69.60341506242752
2025-08-11,DO 0.05%,84.21,70.73617234826088
2025-08-12,DO 0.001%,86.89,70.73692095935344
2025-08-12,DO 0.05%,85.61,71.11483119428158
2025-08-13,DO 0.001%,84.95,69.22730277657509
2025-08-13,DO 0.05%,83.73,70.40920235216618
2025-08-14,DO 0.001%,84.66,70.67824130952359
2025-08-14,DO 0.05%,83.62,71.32424332201481
2025-08-15,DO 0.001%,83.61,70.03281219542026
2025-08-15,DO 0.05%,83.03,71.45243279635906
2025-08-18,DO 0.001%,83.09,70.45849364042282
2025-08-18,DO 0.05%,82.78,71.38314664363861
2025-08-19,DO 0.001%,83.85,70.76389967620372
2025-08-19,DO 0.05%,83.43,70.99504843354225
2025-08-20,DO 0.001%,85.35,70.645806645751
2025-08-20,DO 0.05%,85.02,71.5754871815443
2025-06-26,DO 0.001%,86.99,87.3375967156887
2025-06-26,DO 0.05%,86.37,85.83724047839641
2025-06-27,DO 0.001%,87.98,87.99946677923202
2025-06-27,DO 0.05%,87.36,86.42842507719993
2025-06-30,DO 0.001%,87.11,87.14624246358872
2025-06-30,DO 0.05%,86.49,85.68015685141087
2025-07-01,DO 0.001%,87.06,87.4884933012724
2025-07-01,DO 0.05%,86.44,86.90522637784481
2025-07-02,DO 0.001%,88.6,87.36239318132401
2025-07-02,DO 0.05%,88.0,86.65358312189579
2025-07-03,DO 0.001%,89.65,87.01027500271798
2025-07-03,DO 0.05%,88.78,85.78457639336585
2025-07-04,DO 0.001%,89.1,87.90402496337892
2025-07-04,DO 0.05%,88.31,87.56634938001632
2025-07-07,DO 0.001%,90.21,87.61800803363323
2025-07-07,DO 0.05%,89.4,86.5095577788353
2025-07-08,DO 0.001%,89.76,87.93249226808548
2025-07-08,DO 0.05%,88.96,87.32131055235863
2025-07-09,DO 0.001%,91.84,88.55381577014923
2025-07-09,DO 0.05%,91.04,87.80814829945564
2025-07-10,DO 0.001%,90.43,88.82329300761224
2025-07-10,DO 0.05%,89.46,88.04842072367668
2025-07-11,DO 0.001%,89.68,88.38123404264451
2025-07-11,DO 0.05%,88.33,88.72267470002174
2025-07-14,DO 0.001%,92.57,88.82298971891403
2025-07-14,DO 0.05%,91.08,89.54576715230942
2025-07-15,DO 0.001%,89.76,88.94997355937959
2025-07-15,DO 0.05%,88.35,88.64182237505912
2025-07-16,DO 0.001%,89.99,89.73171586632729
2025-07-16,DO 0.05%,88.68,89.60522777557372
2025-07-17,DO 0.001%,90.44,90.08503674149513
2025-07-17,DO 0.05%,89.22,90.66901840925216
2025-07-18,DO 0.001%,93.88,91.96919163346291
2025-07-18,DO 0.05%,92.7,92.61607863664626
2025-07-21,DO 0.001%,91.89,91.92256883978844
2025-07-21,DO 0.05%,91.0,91.78824054956436
2025-07-22,DO 0.001%,92.47,92.04662437558174
2025-07-22,DO 0.05%,91.75,93.07412066102027
2025-07-23,DO 0.001%,90.89,92.72373208165169
2025-07-23,DO 0.05%,90.09,93.31150624394417
2025-07-24,DO 0.001%,91.63,92.57375059127808
2025-07-24,DO 0.05%,90.71,94.29642795801162
2025-07-25,DO 0.001%,91.61,93.23892545580864
2025-07-25,DO 0.05%,90.56,93.72080426454544
2025-07-28,DO 0.001%,90.89,92.87299195408822
2025-07-28,DO 0.05%,89.58,93.426533370018
2025-07-29,DO 0.001%,91.75,93.38617734789848
2025-07-29,DO 0.05%,90.35,94.54248444914818
2025-07-30,DO 0.001%,92.84,93.04979880690576
2025-07-30,DO 0.05%,91.3,95.26197252869606
2025-07-31,DO 0.001%,93.5,94.09562190413476
2025-07-31,DO 0.05%,91.74,95.10991491317749
2025-08-01,DO 0.001%,92.68,93.67216813206673
2025-08-01,DO 0.05%,90.88,94.33255501151085
2025-08-04,DO 0.001%,89.41,94.16539922118187
2025-08-04,DO 0.05%,87.68,96.14260450482368
2025-08-05,DO 0.001%,89.41,93.48511221289635
2025-08-05,DO 0.05%,87.77,94.55816477417946
2025-08-06,DO 0.001%,87.91,95.1355047261715
2025-08-06,DO 0.05%,86.27,96.76064815044403
2025-08-07,DO 0.001%,86.27,94.86966695308686
2025-08-07,DO 0.05%,84.83,97.1608287370205
2025-08-08,DO 0.001%,86.64,96.15199248552322
2025-08-08,DO 0.05%,85.2,97.30374814987182
2025-08-11,DO 0.001%,85.45,95.42574155211449
2025-08-11,DO 0.05%,84.21,96.05293589115142
2025-08-12,DO 0.001%,86.89,96.42756687164307
2025-08-12,DO 0.05%,85.61,97.43005264878273
2025-08-13,DO 0.001%,84.95,97.14183267235757
2025-08-13,DO 0.05%,83.73,98.68853892087937
2025-08-14,DO 0.001%,84.66,98.05431332468987
2025-08-14,DO 0.05%,83.62,97.81332756042481
2025-08-15,DO 0.001%,83.61,97.33085473895073
2025-08-15,DO 0.05%,83.03,99.68719909191131
2025-08-18,DO 0.001%,83.09,97.77636492013932
2025-08-18,DO 0.05%,82.78,99.3859603178501
2025-08-19,DO 0.001%,83.85,97.77573742628098
2025-08-19,DO 0.05%,83.43,97.91797036528587
2025-08-20,DO 0.001%,85.35,97.66848826766015
2025-08-20,DO 0.05%,85.02,97.95117942452431
2025-08-21,DO 0.001%,85.66,99.53268885493279
2025-08-21,DO 0.05%,85.36,100.61788349628448
2025-08-22,DO 0.001%,86.78,100.6653571021557
2025-08-22,DO 0.05%,86.49,102.98719099283218
2025-08-25,DO 0.001%,86.89,100.42483870625496
2025-08-25,DO 0.05%,86.6,100.95152135252953
2025-08-26,DO 0.001%,86.72,98.74816465854646
2025-08-26,DO 0.05%,86.31,98.85912216544152
2025-08-27,DO 0.001%,85.53,100.23536693572999
2025-08-27,DO 0.05%,85.08,100.49290819048882
2025-08-28,DO 0.001%,85.75,99.94857086777688
2025-08-28,DO 0.05%,85.25,100.94196777701377
2025-08-29,DO 0.001%,86.33,102.15397124052048
2025-08-29,DO 0.05%,85.83,102.65699034690857
2025-09-01,DO 0.001%,86.22,101.02847733974457
2025-09-01,DO 0.05%,85.62,101.7738038277626
2025-09-02,DO 0.001%,88.12,101.99021625995637
2025-09-02,DO 0.05%,87.42,102.50619961857795
2025-09-03,DO 0.001%,89.85,102.98408286571504
2025-09-03,DO 0.05%,89.15,102.19618609309197
2025-09-04,DO 0.001%,88.45,103.04714599847794
2025-09-04,DO 0.05%,87.73,103.89301533222198
2025-09-05,DO 0.001%,88.49,101.48417383790017
2025-09-05,DO 0.05%,87.51,102.63456021308899
2025-09-08,DO 0.001%,88.18,104.36457981228828
2025-09-08,DO 0.05%,87.13,105.06800127744674
2025-09-09,DO 0.001%,88.86,104.02399706244469
2025-09-09,DO 0.05%,87.97,105.58433049678803
2025-09-10,DO 0.001%,88.82,103.7555028986931
2025-09-10,DO 0.05%,87.88,103.87259975671768
2025-09-11,DO 0.001%,89.18,103.58907061100007
2025-09-11,DO 0.05%,88.2,104.54008315563202
2025-09-12,DO 0.001%,88.0,104.14354510068894
2025-09-12,DO 0.05%,86.87,105.02602785110473
2025-09-15,DO 0.001%,88.78,103.09003520369531
2025-09-15,DO 0.05%,87.64,103.61165214896202
2025-09-16,DO 0.001%,88.98,103.2987082862854
2025-09-16,DO 0.05%,87.93,104.62722837924957
2025-09-17,DO 0.001%,90.61,104.92142832040787
2025-09-17,DO 0.05%,89.75,105.55600206851959
2025-07-24,DO 0.001%,91.63,89.93960307598114
2025-07-24,DO 0.05%,90.71,89.13367396473885
2025-07-25,DO 0.001%,91.61,89.22162628531456
2025-07-25,DO 0.05%,90.56,87.78128888547421
2025-07-28,DO 0.001%,90.89,89.57599899947644
2025-07-28,DO 0.05%,89.58,88.29809822738171
2025-07-29,DO 0.001%,91.75,89.41050624310971
2025-07-29,DO 0.05%,90.35,88.14925859749317
2025-07-30,DO 0.001%,92.84,89.93131435275077
2025-07-30,DO 0.05%,91.3,88.93884214818478
2025-07-31,DO 0.001%,93.5,89.05314850509167
2025-07-31,DO 0.05%,91.74,87.59900088071824
2025-08-01,DO 0.001%,92.68,88.7166209244728
2025-08-01,DO 0.05%,90.88,87.62511950254441
2025-08-04,DO 0.001%,89.41,88.8911175096035
2025-08-04,DO 0.05%,87.68,87.56052638947963
2025-08-05,DO 0.001%,89.41,89.29060688197613
2025-08-05,DO 0.05%,87.77,87.59367405653
2025-08-06,DO 0.001%,87.91,89.07404367208481
2025-08-06,DO 0.05%,86.27,87.40671971082688
2025-08-07,DO 0.001%,86.27,89.50941834032535
2025-08-07,DO 0.05%,84.83,87.92040383934975
2025-08-08,DO 0.001%,86.64,89.1534041339159
2025-08-08,DO 0.05%,85.2,87.27704483449459
2025-08-11,DO 0.001%,85.45,88.94390529990196
2025-08-11,DO 0.05%,84.21,87.13165797472
2025-08-12,DO 0.001%,86.89,89.8501932144165
2025-08-12,DO 0.05%,85.61,87.88197230637074
2025-08-13,DO 0.001%,84.95,89.58309046268464
2025-08-13,DO 0.05%,83.73,88.01766670882702
2025-08-14,DO 0.001%,84.66,89.22338154435158
2025-08-14,DO 0.05%,83.62,87.56154664814473
2025-08-15,DO 0.001%,83.61,90.4298891812563
2025-08-15,DO 0.05%,83.03,88.70919803202153
2025-08-18,DO 0.001%,83.09,90.67969938099384
2025-08-18,DO 0.05%,82.78,88.9472888159752
2025-08-19,DO 0.001%,83.85,90.86764211714268
2025-08-19,DO 0.05%,83.43,88.98848041713238
2025-08-20,DO 0.001%,85.35,90.68242436647415
2025-08-20,DO 0.05%,85.02,88.6119620114565
2025-08-21,DO 0.001%,85.66,90.62423536241054
2025-08-21,DO 0.05%,85.36,88.89155584394932
2025-08-22,DO 0.001%,86.78,90.55161964595318
2025-08-22,DO 0.05%,86.49,89.10499932646752
2025-08-25,DO 0.001%,86.89,90.87951720297336
2025-08-25,DO 0.05%,86.6,89.12999029397965
2025-08-26,DO 0.001%,86.72,91.01633531093597
2025-08-26,DO 0.05%,86.31,89.03415578663349
2025-08-27,DO 0.001%,85.53,91.59327378749848
2025-08-27,DO 0.05%,85.08,89.07064345836639
2025-08-28,DO 0.001%,85.75,91.97865066051483
2025-08-28,DO 0.05%,85.25,89.70875081598759
2025-08-29,DO 0.001%,86.33,91.65994112610817
2025-08-29,DO 0.05%,85.83,89.01671473324299
2025-09-01,DO 0.001%,86.22,91.21109321951866
2025-09-01,DO 0.05%,85.62,88.67681287407875
2025-09-02,DO 0.001%,88.12,92.17338689923287
2025-09-02,DO 0.05%,87.42,89.59268296837807
2025-09-03,DO 0.001%,89.85,91.2829829955101
2025-09-03,DO 0.05%,89.15,88.35516827523709
2025-09-04,DO 0.001%,88.45,92.09185403347016
2025-09-04,DO 0.05%,87.73,89.21746405005456
2025-09-05,DO 0.001%,88.49,91.96078385710716
2025-09-05,DO 0.05%,87.51,89.06748602628709
2025-09-08,DO 0.001%,88.18,92.31005873560906
2025-09-08,DO 0.05%,87.13,89.49289630115032
2025-09-09,DO 0.001%,88.86,92.50863054037094
2025-09-09,DO 0.05%,87.97,89.59477718353271
2025-09-10,DO 0.001%,88.82,92.9121234202385
2025-09-10,DO 0.05%,87.88,89.99187259554863
2025-09-11,DO 0.001%,89.18,92.92415019512177
2025-09-11,DO 0.05%,88.2,89.72395267009736
2025-09-12,DO 0.001%,88.0,92.79561539292335
2025-09-12,DO 0.05%,86.87,90.17043934106827
2025-09-15,DO 0.001%,88.78,93.61477961659432
2025-09-15,DO 0.05%,87.64,90.3974522638321
2025-09-16,DO 0.001%,88.98,92.25782352685928
2025-09-16,DO 0.05%,87.93,89.1293781387806
2025-09-17,DO 0.001%,90.61,93.07907889246941
2025-09-17,DO 0.05%,89.75,89.82527509510517
2025-09-18,DO 0.001%,89.43,93.31416441917419
2025-09-18,DO 0.05%,88.57,90.25302659511567
2025-09-19,DO 0.001%,88.75,93.24600185990333
2025-09-19,DO 0.05%,87.96,89.81240372657776
2025-09-22,DO 0.001%,88.16,92.95022987723351
2025-09-22,DO 0.05%,87.44,89.62582526564599
2025-09-23,DO 0.001%,87.56,94.62156152844429
2025-09-23,DO 0.05%,86.85,91.21173681378365
2025-09-24,DO 0.001%,89.37,93.81121693968772
2025-09-24,DO 0.05%,88.69,90.9589704144001
2025-09-25,DO 0.001%,90.75,94.50047032475472
2025-09-25,DO 0.05%,89.96,91.3108844769001
2025-09-26,DO 0.001%,92.58,94.09813678264618
2025-09-26,DO 0.05%,91.7,91.06396040081978
2025-09-29,DO 0.001%,91.87,94.29729367375374
2025-09-29,DO 0.05%,90.96,91.29177879095077
2025-09-30,DO 0.001%,88.78,93.84523862719536
2025-09-30,DO 0.05%,87.96,90.72051985502243
2025-10-01,DO 0.001%,90.2,94.22532805323601
2025-10-01,DO 0.05%,89.26,91.30811366915704
2025-10-02,DO 0.001%,89.5,94.84504284262657
2025-10-02,DO 0.05%,88.59,91.80944729804993
2025-10-03,DO 0.001%,88.01,94.35769842147828
2025-10-03,DO 0.05%,87.16,91.10066823363304
2025-10-06,DO 0.001%,87.83,94.2689928305149
2025-10-06,DO 0.05%,87.3,91.18689620018006
2025-10-07,DO 0.001%,87.7,94.10032543897628
2025-10-07,DO 0.05%,87.17,91.06387448430061
2025-10-08,DO 0.001%,88.55,94.33379656076431
2025-10-08,DO 0.05%,88.08,91.16476195693016
2025-10-09,DO 0.001%,89.56,94.5036449599266
2025-10-09,DO 0.05%,89.0,91.52596574306489
2025-10-10,DO 0.001%,88.23,94.18942108750343
2025-10-10,DO 0.05%,87.78,91.1713345706463
2025-10-13,DO 0.001%,86.89,94.99097854614259
2025-10-13,DO 0.05%,86.25,92.17435623407364
2025-10-14,DO 0.001%,85.63,94.4735671877861
2025-10-14,DO 0.05%,84.85,91.83955029845238
2025-10-15,DO 0.001%,85.23,93.9659614431858
2025-10-15,DO 0.05%,84.43,91.38219518780708
2025-08-21,DO 0.001%,85.66,85.37404237389563
2025-08-21,DO 0.05%,85.36,85.23339608430862
2025-08-22,DO 0.001%,86.78,85.51522391438483
2025-08-22,DO 0.05%,86.49,84.74455638170242
2025-08-25,DO 0.001%,86.89,85.55874030590057
2025-08-25,DO 0.05%,86.6,84.97394070267677
2025-08-26,DO 0.001%,86.72,85.76003286838531
2025-08-26,DO 0.05%,86.31,85.86772620677948
2025-08-27,DO 0.001%,85.53,85.82597388625145
2025-08-27,DO 0.05%,85.08,84.19114548683166
2025-08-28,DO 0.001%,85.75,84.29183031320571
2025-08-28,DO 0.05%,85.25,84.3896175277233
2025-08-29,DO 0.001%,86.33,84.88244043588638
2025-08-29,DO 0.05%,85.83,85.30666325569152
2025-09-01,DO 0.001%,86.22,85.06778953671454
2025-09-01,DO 0.05%,85.62,84.7746831858158
2025-09-02,DO 0.001%,88.12,85.79904195070266
2025-09-02,DO 0.05%,87.42,85.19050402879715
2025-09-03,DO 0.001%,89.85,85.50907850861549
2025-09-03,DO 0.05%,89.15,86.01016593933105
2025-09-04,DO 0.001%,88.45,85.45696465373038
2025-09-04,DO 0.05%,87.73,85.89760469913482
2025-09-05,DO 0.001%,88.49,85.18063505887984
2025-09-05,DO 0.05%,87.51,85.45542733669281
2025-09-08,DO 0.001%,88.18,84.02141211032867
2025-09-08,DO 0.05%,87.13,85.40341362476349
2025-09-09,DO 0.001%,88.86,85.57280148267745
2025-09-09,DO 0.05%,87.97,85.72867162227631
2025-09-10,DO 0.001%,88.82,84.00676081180572
2025-09-10,DO 0.05%,87.88,84.88338292479514
2025-09-11,DO 0.001%,89.18,85.5751619696617
2025-09-11,DO 0.05%,88.2,84.59169769048691
2025-09-12,DO 0.001%,88.0,85.40125919580458
2025-09-12,DO 0.05%,86.87,85.17455126523971
2025-09-15,DO 0.001%,88.78,85.16643652617931
2025-09-15,DO 0.05%,87.64,86.1277136850357
2025-09-16,DO 0.001%,88.98,85.42690914273261
2025-09-16,DO 0.05%,87.93,87.21139687299728
2025-09-17,DO 0.001%,90.61,85.38622126579284
2025-09-17,DO 0.05%,89.75,86.26268379449844
2025-09-18,DO 0.001%,89.43,85.85674161314964
2025-09-18,DO 0.05%,88.57,86.26829868078231
2025-09-19,DO 0.001%,88.75,86.04854135513305
2025-09-19,DO 0.05%,87.96,86.3251367354393
2025-09-22,DO 0.001%,88.16,86.22786714434623
2025-09-22,DO 0.05%,87.44,86.31181911706923
2025-09-23,DO 0.001%,87.56,85.17202742099761
2025-09-23,DO 0.05%,86.85,85.44157255411147
2025-09-24,DO 0.001%,89.37,85.23175181150435
2025-09-24,DO 0.05%,88.69,85.81206383228302
2025-09-25,DO 0.001%,90.75,84.96739253103732
2025-09-25,DO 0.05%,89.96,85.90293580055237
2025-09-26,DO 0.001%,92.58,86.17108318805694
2025-09-26,DO 0.05%,91.7,86.13018666744232
2025-09-29,DO 0.001%,91.87,85.41317355036735
2025-09-29,DO 0.05%,90.96,85.00943408131599
2025-09-30,DO 0.001%,88.78,85.1523550003767
2025-09-30,DO 0.05%,87.96,84.62188530564308
2025-10-01,DO 0.001%,90.2,86.48437678813934
2025-10-01,DO 0.05%,89.26,87.0939403438568
2025-10-02,DO 0.001%,89.5,86.71912314891814
2025-10-02,DO 0.05%,88.59,86.98630479812621
2025-10-03,DO 0.001%,88.01,86.91751597523688
2025-10-03,DO 0.05%,87.16,85.86056063890457
2025-10-06,DO 0.001%,87.83,86.29658580422401
2025-10-06,DO 0.05%,87.3,84.84052127480507
2025-10-07,DO 0.001%,87.7,87.8084268450737
2025-10-07,DO 0.05%,87.17,87.01170354366302
2025-10-08,DO 0.001%,88.55,86.68210827112198
2025-10-08,DO 0.05%,88.08,86.3593936228752
2025-10-09,DO 0.001%,89.56,86.82583343982697
2025-10-09,DO 0.05%,89.0,85.49957615375519
2025-10-10,DO 0.001%,88.23,86.58929636478423
2025-10-10,DO 0.05%,87.78,85.48073486566543
2025-10-13,DO 0.001%,86.89,86.14694924354552
2025-10-13,DO 0.05%,86.25,85.62809015750885
2025-10-14,DO 0.001%,85.63,87.46405010819434
2025-10-14,DO 0.05%,84.85,85.16552082538604
2025-10-15,DO 0.001%,85.23,87.3658253610134
2025-10-15,DO 0.05%,84.43,85.03888182878494
2025-10-16,DO 0.001%,84.7,85.72869536876678
2025-10-16,DO 0.05%,83.7,86.05296677827835
2025-10-17,DO 0.001%,83.37,86.06236851811408
2025-10-17,DO 0.05%,82.32,86.75324647665023
2025-10-20,DO 0.001%,83.37,88.24352971315383
2025-10-20,DO 0.05%,82.32,87.06455847501755
2025-10-21,DO 0.001%,84.44,86.58450416922568
2025-10-21,DO 0.05%,83.05,84.45360594749451
2025-10-22,DO 0.001%,86.13,86.24080912470816
2025-10-22,DO 0.05%,84.86,86.9359532546997
2025-10-23,DO 0.001%,90.52,85.30961227118968
2025-10-23,DO 0.05%,89.1,84.98076674222946
2025-10-24,DO 0.001%,92.91,87.77498322129249
2025-10-24,DO 0.05%,91.45,84.91473608493804
2025-10-27,DO 0.001%,93.42,86.30927342176437
2025-10-27,DO 0.05%,92.01,85.69356338024139
2025-10-28,DO 0.001%,93.7,86.82700350880623
2025-10-28,DO 0.05%,91.89,85.63274220228195
2025-10-29,DO 0.001%,92.15,86.39645882248878
2025-10-29,DO 0.05%,90.26,87.06691997051239
2025-10-30,DO 0.001%,92.83,87.31410831212997
2025-10-30,DO 0.05%,90.86,88.4152528166771
2025-10-31,DO 0.001%,94.09,86.3328782916069
2025-10-31,DO 0.05%,92.02,85.53528237104416
2025-11-03,DO 0.001%,94.24,87.06315395236015
2025-11-03,DO 0.05%,91.95,85.34010932922362
2025-11-04,DO 0.001%,93.03,86.81826360225676
2025-11-04,DO 0.05%,90.87,86.30864680767058
2025-11-05,DO 0.001%,94.43,86.94382726550101
2025-11-05,DO 0.05%,92.43,85.49590722084045
2025-11-06,DO 0.001%,94.8,88.59461145401
2025-11-06,DO 0.05%,92.85,85.57579266071319
2025-11-07,DO 0.001%,97.15,85.28101680278778
2025-11-07,DO 0.05%,95.19,84.41815310955047
2025-11-10,DO 0.001%,95.83,87.83683408498763
2025-11-10,DO 0.05%,94.06,86.85480091810226
2025-11-11,DO 0.001%,96.48,86.07806779146193
2025-11-11,DO 0.05%,94.51,86.23895735263824
2025-11-12,DO 0.001%,98.45,87.53066264390945
2025-11-12,DO 0.05%,96.48,85.02944598197936
2025-09-18,DO 0.001%,89.43,90.09043446421623
2025-09-18,DO 0.05%,88.57,89.25113615393639
2025-09-19,DO 0.001%,88.75,89.63398240685463
2025-09-19,DO 0.05%,87.96,90.44089010357857
2025-09-22,DO 0.001%,88.16,89.6877579420805
2025-09-22,DO 0.05%,87.44,89.68114101886749
2025-09-23,DO 0.001%,87.56,90.08344045817852
2025-09-23,DO 0.05%,86.85,89.42937670648098
2025-09-24,DO 0.001%,89.37,90.35085452377795
2025-09-24,DO 0.05%,88.69,89.97640225291252
2025-09-25,DO 0.001%,90.75,89.59946604192257
2025-09-25,DO 0.05%,89.96,89.989979326725
2025-09-26,DO 0.001%,92.58,91.54543615579605
2025-09-26,DO 0.05%,91.7,86.73603405058384
2025-09-29,DO 0.001%,91.87,90.16738473296165
2025-09-29,DO 0.05%,90.96,91.90601578354836
2025-09-30,DO 0.001%,88.78,90.6031194102764
2025-09-30,DO 0.05%,87.96,88.18781803548336
2025-10-01,DO 0.001%,90.2,90.2802015608549
2025-10-01,DO 0.05%,89.26,89.12673848867416
2025-10-02,DO 0.001%,89.5,90.4878074234724
2025-10-02,DO 0.05%,88.59,89.42796978354454
2025-10-03,DO 0.001%,88.01,90.79614317536354
2025-10-03,DO 0.05%,87.16,91.12697634100914
2025-10-06,DO 0.001%,87.83,91.69236969113349
2025-10-06,DO 0.05%,87.3,89.47062148153782
2025-10-07,DO 0.001%,87.7,90.8214836204052
2025-10-07,DO 0.05%,87.17,88.65697066485882
2025-10-08,DO 0.001%,88.55,92.0092008650303
2025-10-08,DO 0.05%,88.08,89.4148795157671
2025-10-09,DO 0.001%,89.56,91.72368339538575
2025-10-09,DO 0.05%,89.0,90.12143835425377
2025-10-10,DO 0.001%,88.23,91.08017003059388
2025-10-10,DO 0.05%,87.78,88.72190845012665
2025-10-13,DO 0.001%,86.89,91.60808516740799
2025-10-13,DO 0.05%,86.25,87.87596260011196
2025-10-14,DO 0.001%,85.63,92.76372179746627
2025-10-14,DO 0.05%,84.85,87.63716551661491
2025-10-15,DO 0.001%,85.23,91.239384932518
2025-10-15,DO 0.05%,84.43,88.49357502162457
2025-10-16,DO 0.001%,84.7,91.58444056630134
2025-10-16,DO 0.05%,83.7,88.42273671925068
2025-10-17,DO 0.001%,83.37,91.27936148285866
2025-10-17,DO 0.05%,82.32,89.1994758695364
2025-10-20,DO 0.001%,83.37,91.22083866477013
2025-10-20,DO 0.05%,82.32,89.46895778179169
2025-10-21,DO 0.001%,84.44,91.44571621179581
2025-10-21,DO 0.05%,83.05,89.38888086378574
2025-10-22,DO 0.001%,86.13,92.72574353456497
2025-10-22,DO 0.05%,84.86,87.7417111247778
2025-10-23,DO 0.001%,90.52,92.7090983402729
2025-10-23,DO 0.05%,89.1,88.33405242860317
2025-10-24,DO 0.001%,92.91,92.33535377979278
2025-10-24,DO 0.05%,91.45,88.58766767382622
2025-10-27,DO 0.001%,93.42,91.37336740493774
2025-10-27,DO 0.05%,92.01,89.11047060787678
2025-10-28,DO 0.001%,93.7,92.04410068511963
2025-10-28,DO 0.05%,91.89,88.75212252140045
2025-10-29,DO 0.001%,92.15,92.07694821000099
2025-10-29,DO 0.05%,90.26,87.4749039709568
2025-10-30,DO 0.001%,92.83,92.82333557248116
2025-10-30,DO 0.05%,90.86,87.3839889317751
2025-10-31,DO 0.001%,94.09,92.71443430781365
2025-10-31,DO 0.05%,92.02,87.85278314352036
2025-11-03,DO 0.001%,94.24,92.86304208397866
2025-11-03,DO 0.05%,91.95,88.14048551023006
2025-11-04,DO 0.001%,93.03,92.5844916164875
2025-11-04,DO 0.05%,90.87,88.65608264505863
2025-11-05,DO 0.001%,94.43,92.67037477016449
2025-11-05,DO 0.05%,92.43,88.5560092329979
2025-11-06,DO 0.001%,94.8,92.38742807030678
2025-11-06,DO 0.05%,92.85,88.48147976398468
2025-11-07,DO 0.001%,97.15,92.73190042018891
2025-11-07,DO 0.05%,95.19,87.14069825410843
2025-11-10,DO 0.001%,95.83,91.23599324464799
2025-11-10,DO 0.05%,94.06,89.07063810527325
2025-11-11,DO 0.001%,96.48,93.05308462023736
2025-11-11,DO 0.05%,94.51,88.24940702319145
2025-11-12,DO 0.001%,98.45,93.245417085886
2025-11-12,DO 0.05%,96.48,86.94242911040783
2025-11-13,DO 0.001%,94.69,93.85235638976097
2025-11-13,DO 0.05%,92.97,87.42772123217583
2025-11-14,DO 0.001%,95.02,93.3279625594616
2025-11-14,DO 0.05%,93.35,86.25115919113159
2025-11-17,DO 0.001%,95.43,91.93105162382126
2025-11-17,DO 0.05%,93.64,90.04228690266609
2025-11-18,DO 0.001%,96.81,93.39804304003715
2025-11-18,DO 0.05%,94.7,87.05173043906689
2025-11-19,DO 0.001%,99.49,94.22395144104958
2025-11-19,DO 0.05%,97.07,87.55421590805054
2025-11-20,DO 0.001%,97.33,92.27893726468086
2025-11-20,DO 0.05%,95.01,88.20199425518513
2025-11-21,DO 0.001%,91.44,92.92590712666511
2025-11-21,DO 0.05%,88.71,87.47428342700005
2025-11-24,DO 0.001%,88.52,92.78945109844207
2025-11-24,DO 0.05%,86.68,88.25385782122612
2025-11-25,DO 0.001%,88.12,93.72381790041923
2025-11-25,DO 0.05%,86.84,85.35102808475494
2025-11-26,DO 0.001%,86.41,93.55264567852021
2025-11-26,DO 0.05%,85.33,87.38314370810986
2025-11-27,DO 0.001%,86.49,95.16188275575638
2025-11-27,DO 0.05%,85.41,86.03392066061497
2025-11-28,DO 0.001%,87.81,94.64083740711212
2025-11-28,DO 0.05%,87.06,86.2851714193821
2025-12-01,DO 0.001%,87.8,94.3690595138073
2025-12-01,DO 0.05%,86.97,85.30171623826027
2025-12-02,DO 0.001%,86.96,92.55553265094757
2025-12-02,DO 0.05%,86.13,89.3821618705988
2025-12-03,DO 0.001%,85.67,94.25701499700546
2025-12-03,DO 0.05%,84.92,86.92877714335918
2025-12-04,DO 0.001%,85.69,94.70727776408195
2025-12-04,DO 0.05%,85.06,87.26256024837494
2025-12-05,DO 0.001%,85.89,95.50003619670868
2025-12-05,DO 0.05%,85.33,85.38096933066845
2025-12-08,DO 0.001%,86.63,95.31538363575935
2025-12-08,DO 0.05%,86.2,86.74946668744087
2025-12-09,DO 0.001%,84.5,95.01810327410698
2025-12-09,DO 0.05%,84.18,84.66721539199352
2025-12-10,DO 0.001%,83.64,95.42067718148232
2025-12-10,DO 0.05%,83.37,83.85071328282356
2025-10-16,DO 0.001%,84.7,83.47230946004392
2025-10-16,DO 0.05%,83.7,83.22801651000977
2025-10-17,DO 0.001%,83.37,84.25039848983288
2025-10-17,DO 0.05%,82.32,84.8246021294594
2025-10-20,DO 0.001%,83.37,84.82793517887593
2025-10-20,DO 0.05%,82.32,84.62785463094713
2025-10-21,DO 0.001%,84.44,83.69030179738999
2025-10-21,DO 0.05%,83.05,83.80619126200676
2025-10-22,DO 0.001%,86.13,84.30827103316784
2025-10-22,DO 0.05%,84.86,84.93735853552819
2025-10-23,DO 0.001%,90.52,83.36855849862098
2025-10-23,DO 0.05%,89.1,84.0634938722849
2025-10-24,DO 0.001%,92.91,83.46078778445721
2025-10-24,DO 0.05%,91.45,83.59263044774534
2025-10-27,DO 0.001%,93.42,84.41820956110955
2025-10-27,DO 0.05%,92.01,85.02062495946885
2025-10-28,DO 0.001%,93.7,84.51206956028939
2025-10-28,DO 0.05%,91.89,85.10117387652397
2025-10-29,DO 0.001%,92.15,84.34062621474267
2025-10-29,DO 0.05%,90.26,85.05722071886063
2025-10-30,DO 0.001%,92.83,82.63505246043205
2025-10-30,DO 0.05%,90.86,83.08486931860448
2025-10-31,DO 0.001%,94.09,84.13813327431679
2025-10-31,DO 0.05%,92.02,85.3137332391739
2025-11-03,DO 0.001%,94.24,84.12095236301423
2025-11-03,DO 0.05%,91.95,84.72160861849785
2025-11-04,DO 0.001%,93.03,84.36156640291215
2025-11-04,DO 0.05%,90.87,84.60357823610306
2025-11-05,DO 0.001%,94.43,84.12744981586934
2025-11-05,DO 0.05%,92.43,84.82966474413873
2025-11-06,DO 0.001%,94.8,83.61690445661546
2025-11-06,DO 0.05%,92.85,84.71268110513688
2025-11-07,DO 0.001%,97.15,83.91391780972481
2025-11-07,DO 0.05%,95.19,84.65901537656785
2025-11-10,DO 0.001%,95.83,83.15259820282459
2025-11-10,DO 0.05%,94.06,83.63202926516533
2025-11-11,DO 0.001%,96.48,84.28140744388104
2025-11-11,DO 0.05%,94.51,84.90421501636506
2025-11-12,DO 0.001%,98.45,83.86179594397545
2025-11-12,DO 0.05%,96.48,84.60699021697044
2025-11-13,DO 0.001%,94.69,82.93855818629265
2025-11-13,DO 0.05%,92.97,83.52764680624009
2025-11-14,DO 0.001%,95.02,82.11289906382561
2025-11-14,DO 0.05%,93.35,82.60739832639695
2025-11-17,DO 0.001%,95.43,82.77407966315747
2025-11-17,DO 0.05%,93.64,82.95091132640839
2025-11-18,DO 0.001%,96.81,84.80737091839313
2025-11-18,DO 0.05%,94.7,84.54691318511964
2025-11-19,DO 0.001%,99.49,83.62283801794052
2025-11-19,DO 0.05%,97.07,84.2902044004202
2025-11-20,DO 0.001%,97.33,85.18341036736966
2025-11-20,DO 0.05%,95.01,85.13168040752412
2025-11-21,DO 0.001%,91.44,84.1148511582613
2025-11-21,DO 0.05%,88.71,84.18208788573743
2025-11-24,DO 0.001%,88.52,82.66285078883172
2025-11-24,DO 0.05%,86.68,82.95635137259961
2025-11-25,DO 0.001%,88.12,83.52340514481068
2025-11-25,DO 0.05%,86.84,83.86829132676125
2025-11-26,DO 0.001%,86.41,83.49744073390961
2025-11-26,DO 0.05%,85.33,83.7138564169407
2025-11-27,DO 0.001%,86.49,83.24139841854573
2025-11-27,DO 0.05%,85.41,83.65900303721429
2025-11-28,DO 0.001%,87.81,84.49269404411316
2025-11-28,DO 0.05%,87.06,84.86011088609696
2025-12-01,DO 0.001%,87.8,83.52318670034408
2025-12-01,DO 0.05%,86.97,83.93893140852452
2025-12-02,DO 0.001%,86.96,83.26062153160572
2025-12-02,DO 0.05%,86.13,84.39142649948597
2025-12-03,DO 0.001%,85.67,84.28666535139084
2025-12-03,DO 0.05%,84.92,85.79747965931892
2025-12-04,DO 0.001%,85.69,83.80176943659782
2025-12-04,DO 0.05%,85.06,84.62275175690651
2025-12-05,DO 0.001%,85.89,83.163688069582
2025-12-05,DO 0.05%,85.33,83.38095679104329
2025-12-08,DO 0.001%,86.63,83.37750964164734
2025-12-08,DO 0.05%,86.2,85.16181453943253
2025-12-09,DO 0.001%,84.5,84.32364342749119
2025-12-09,DO 0.05%,84.18,84.40587961018086
2025-12-10,DO 0.001%,83.64,83.85376429975034
2025-12-10,DO 0.05%,83.37,84.2923079520464
2025-12-11,DO 0.001%,82.58,84.16225868761539
2025-12-11,DO 0.05%,82.31,84.73949383974076
2025-12-12,DO 0.001%,82.8,85.53708211898804
2025-12-12,DO 0.05%,82.54,85.93550887942315
2025-12-15,DO 0.001%,81.6,81.4896414399147
2025-12-15,DO 0.05%,81.34,82.58361007630826
2025-12-16,DO 0.001%,80.08,83.92866535127163
2025-12-16,DO 0.05%,79.85,85.54443950891495
2025-12-17,DO 0.001%,79.39,84.11849867284299
2025-12-17,DO 0.05%,79.1,84.93272870898248
2025-12-18,DO 0.001%,80.23,83.24739802122116
2025-12-18,DO 0.05%,80.07,84.20616298377514
2025-12-19,DO 0.001%,78.92,83.28901423215866
2025-12-19,DO 0.05%,78.76,83.96964930117132
2025-12-22,DO 0.001%,79.3,83.35143346846104
2025-12-22,DO 0.05%,79.26,84.18323024511338
2025-12-23,DO 0.001%,79.87,85.22219188034535
2025-12-23,DO 0.05%,79.83,85.89481673002244
2025-12-24,DO 0.001%,81.09,83.13347669184208
2025-12-24,DO 0.05%,81.05,84.92662941575051
2025-12-25,DO 0.001%,81.09,83.56319759845734
2025-12-25,DO 0.05%,81.05,84.32657370090486
2025-12-26,DO 0.001%,80.56,83.27601932644845
2025-12-26,DO 0.05%,80.52,83.53267419397832
2025-12-29,DO 0.001%,79.38,83.66805602252484
2025-12-29,DO 0.05%,79.34,84.9450480735302
2025-12-30,DO 0.001%,79.74,83.52330862283706
2025-12-30,DO 0.05%,79.7,84.91472270965576
2025-12-31,DO 0.001%,80.28,83.64024753391743
2025-12-31,DO 0.05%,80.24,85.13073431253434
2026-01-01,DO 0.001%,80.28,83.70833616614343
2026-01-01,DO 0.05%,80.24,85.24961014151575
2026-01-02,DO 0.001%,79.4,84.11927592873573
2026-01-02,DO 0.05%,79.31,84.21575477659702
2026-01-05,DO 0.001%,78.1,84.99836250364781
2026-01-05,DO 0.05%,77.95,86.21357022285463
2026-01-06,DO 0.001%,79.56,84.40166874289513
2026-01-06,DO 0.05%,79.49,85.75645537018777
2026-01-07,DO 0.001%,77.33,86.014388358593
2026-01-07,DO 0.05%,77.26,86.62345077991486
2025-11-13,DO 0.001%,94.69,98.16111455559731
2025-11-13,DO 0.05%,92.97,96.40222812652588
2025-11-14,DO 0.001%,95.02,97.84425011873246
2025-11-14,DO 0.05%,93.35,97.03140741348267
2025-11-17,DO 0.001%,95.43,98.30795145332813
2025-11-17,DO 0.05%,93.64,96.47375478744507
2025-11-18,DO 0.001%,96.81,98.35376940071583
2025-11-18,DO 0.05%,94.7,96.09424598693847
2025-11-19,DO 0.001%,99.49,97.32020734548568
2025-11-19,DO 0.05%,97.07,95.84069380760194
2025-11-20,DO 0.001%,97.33,97.70298789441586
2025-11-20,DO 0.05%,95.01,95.50277375221253
2025-11-21,DO 0.001%,91.44,98.05282505750657
2025-11-21,DO 0.05%,88.71,95.8162477684021
2025-11-24,DO 0.001%,88.52,98.36372165977956
2025-11-24,DO 0.05%,86.68,97.3381819152832
2025-11-25,DO 0.001%,88.12,97.38713276684284
2025-11-25,DO 0.05%,86.84,96.08444111824036
2025-11-26,DO 0.001%,86.41,98.23900154531002
2025-11-26,DO 0.05%,85.33,96.58744525909424
2025-11-27,DO 0.001%,86.49,96.7441264629364
2025-11-27,DO 0.05%,85.41,95.05939816474915
2025-11-28,DO 0.001%,87.81,99.27755146622658
2025-11-28,DO 0.05%,87.06,97.33392642974854
2025-12-01,DO 0.001%,87.8,98.14301740527154
2025-12-01,DO 0.05%,86.97,97.69115718841553
2025-12-02,DO 0.001%,86.96,97.42872569859028
2025-12-02,DO 0.05%,86.13,96.4019865989685
2025-12-03,DO 0.001%,85.67,98.95716618299484
2025-12-03,DO 0.05%,84.92,97.15672571182252
2025-12-04,DO 0.001%,85.69,98.5916671216488
2025-12-04,DO 0.05%,85.06,97.22023595809937
2025-12-05,DO 0.001%,85.89,99.1689216196537
2025-12-05,DO 0.05%,85.33,96.77032762527466
2025-12-08,DO 0.001%,86.63,98.24994550943374
2025-12-08,DO 0.05%,86.2,96.39720205307007
2025-12-09,DO 0.001%,84.5,98.16400164961816
2025-12-09,DO 0.05%,84.18,96.07396342277528
2025-12-10,DO 0.001%,83.64,100.35467225909234
2025-12-10,DO 0.05%,83.37,98.13952434539796
2025-12-11,DO 0.001%,82.58,98.411053571105
2025-12-11,DO 0.05%,82.31,97.22803384780885
2025-12-12,DO 0.001%,82.8,98.15481810867787
2025-12-12,DO 0.05%,82.54,96.03998854637146
2025-12-15,DO 0.001%,81.6,100.7984866797924
2025-12-15,DO 0.05%,81.34,98.31301013946533
2025-12-16,DO 0.001%,80.08,99.33384979963303
2025-12-16,DO 0.05%,79.85,96.61790073394776
2025-12-17,DO 0.001%,79.39,98.74773450493812
2025-12-17,DO 0.05%,79.1,97.47845191955567
2025-12-18,DO 0.001%,80.23,99.43365405797958
2025-12-18,DO 0.05%,80.07,96.88161432266236
2025-12-19,DO 0.001%,78.92,99.1786391556263
2025-12-19,DO 0.05%,78.76,96.44914772987366
2025-12-22,DO 0.001%,79.3,101.6978868842125
2025-12-22,DO 0.05%,79.26,98.27530883789063
2025-12-23,DO 0.001%,79.87,100.75541499257088
2025-12-23,DO 0.05%,79.83,96.7064263343811
2025-12-24,DO 0.001%,81.09,101.02933683991432
2025-12-24,DO 0.05%,81.05,97.72816841125488
2025-12-25,DO 0.001%,81.09,100.59440668821335
2025-12-25,DO 0.05%,81.05,97.85828275680542
2025-12-26,DO 0.001%,80.56,99.5919043660164
2025-12-26,DO 0.05%,80.52,95.7863731098175
2025-12-29,DO 0.001%,79.38,100.81248791217804
2025-12-29,DO 0.05%,79.34,96.51305477142334
2025-12-30,DO 0.001%,79.74,102.12380366921425
2025-12-30,DO 0.05%,79.7,98.32459196090699
2025-12-31,DO 0.001%,80.28,101.9856456577778
2025-12-31,DO 0.05%,80.24,98.87744853973389
2026-01-01,DO 0.001%,80.28,100.98740355968475
2026-01-01,DO 0.05%,80.24,98.11349687576295
2026-01-02,DO 0.001%,79.4,102.01843647360802
2026-01-02,DO 0.05%,79.31,98.45378620147706
2026-01-05,DO 0.001%,78.1,102.29075046777726
2026-01-05,DO 0.05%,77.95,98.10473287582398
2026-01-06,DO 0.001%,79.56,103.25387799143792
2026-01-06,DO 0.05%,79.49,100.12339719772339
2026-01-07,DO 0.001%,77.33,102.02000911831855
2026-01-07,DO 0.05%,77.26,98.18804838180543
2026-01-08,DO 0.001%,77.11,102.14526909589767
2026-01-08,DO 0.05%,77.01,99.49512651443482
2026-01-09,DO 0.001%,79.58,102.70543575286865
2026-01-09,DO 0.05%,79.53,99.01839712142944
2026-01-12,DO 0.001%,79.98,103.72177500128747
2026-01-12,DO 0.05%,79.93,99.39531812667848
2026-01-13,DO 0.001%,81.31,103.10362000465393
2026-01-13,DO 0.05%,81.26,99.35136011123657
2026-01-14,DO 0.001%,82.47,103.03627794981003
2026-01-14,DO 0.05%,82.42,99.68642784118653
2026-01-15,DO 0.001%,81.77,103.73105829954147
2026-01-15,DO 0.05%,81.72,99.9260461807251
2026-01-16,DO 0.001%,81.69,102.81460546255111
2026-01-16,DO 0.05%,81.64,99.76932929992677
2026-01-19,DO 0.001%,82.11,104.82306053638459
2026-01-19,DO 0.05%,82.06,100.65660953521729
2026-01-20,DO 0.001%,82.53,103.73737235069275
2026-01-20,DO 0.05%,82.48,99.77119251251221
2026-01-21,DO 0.001%,83.93,104.70207251906395
2026-01-21,DO 0.05%,83.88,100.72194849014282
2026-01-22,DO 0.001%,85.38,104.43122554421426
2026-01-22,DO 0.05%,85.33,100.64074922561646
2026-01-23,DO 0.001%,84.16,101.7201386332512
2026-01-23,DO 0.05%,84.12,97.06765954971314
2026-01-26,DO 0.001%,85.79,103.40629543066025
2026-01-26,DO 0.05%,85.75,99.93190034866333
2026-01-27,DO 0.001%,84.04,102.8595666706562
2026-01-27,DO 0.05%,84.0,99.152962474823
2026-01-28,DO 0.001%,86.7,104.13939432501793
2026-01-28,DO 0.05%,86.57,100.34390035629274
2026-01-29,DO 0.001%,88.6,104.42196571826935
2026-01-29,DO 0.05%,88.46,100.45279478073121
2026-01-30,DO 0.001%,88.81,104.05773416161537
2026-01-30,DO 0.05%,88.63,99.35172815322876
2026-02-02,DO 0.001%,87.39,102.25744326114655
2026-02-02,DO 0.05%,86.69,99.70520948410035
2026-02-03,DO 0.001%,86.72,103.99851352572442
2026-02-03,DO 0.05%,85.73,101.19545751571656
2026-02-04,DO 0.001%,88.3,104.41630889177323
2026-02-04,DO 0.05%,87.06,101.02158067703247
2025-12-11,DO 0.001%,82.58,83.77476350784302
2025-12-11,DO 0.05%,82.31,83.41445481419564
2025-12-12,DO 0.001%,82.8,83.9034648513794
2025-12-12,DO 0.05%,82.54,83.23920465409756
2025-12-15,DO 0.001%,81.6,83.97506419658662
2025-12-15,DO 0.05%,81.34,83.82836262702942
2025-12-16,DO 0.001%,80.08,84.40504912376404
2025-12-16,DO 0.05%,79.85,83.5508306157589
2025-12-17,DO 0.001%,79.39,83.52466433286666
2025-12-17,DO 0.05%,79.1,82.87821923911572
2025-12-18,DO 0.001%,80.23,84.19141765594482
2025-12-18,DO 0.05%,80.07,83.4464368379116
2025-12-19,DO 0.001%,78.92,83.54995492458343
2025-12-19,DO 0.05%,78.76,83.4790748012066
2025-12-22,DO 0.001%,79.3,84.51987130165101
2025-12-22,DO 0.05%,79.26,84.08865137815476
2025-12-23,DO 0.001%,79.87,84.0955497121811
2025-12-23,DO 0.05%,79.83,84.41709821462632
2025-12-24,DO 0.001%,81.09,83.00915602684022
2025-12-24,DO 0.05%,81.05,83.54976719856262
2025-12-25,DO 0.001%,81.09,83.57793261051178
2025-12-25,DO 0.05%,81.05,83.8659797680378
2025-12-26,DO 0.001%,80.56,83.76592949867249
2025-12-26,DO 0.05%,80.52,84.62639263272285
2025-12-29,DO 0.001%,79.38,83.05148149967194
2025-12-29,DO 0.05%,79.34,83.04082765460015
2025-12-30,DO 0.001%,79.74,82.80190079927445
2025-12-30,DO 0.05%,79.7,84.77168324947358
2025-12-31,DO 0.001%,80.28,83.08419525146485
2025-12-31,DO 0.05%,80.24,85.01042537927628
2026-01-01,DO 0.001%,80.28,83.05169586896896
2026-01-01,DO 0.05%,80.24,84.61829277276993
2026-01-02,DO 0.001%,79.4,83.13942276477813
2026-01-02,DO 0.05%,79.31,84.02042372345925
2026-01-05,DO 0.001%,78.1,82.55253446817399
2026-01-05,DO 0.05%,77.95,83.91375403404237
2026-01-06,DO 0.001%,79.56,83.28549300670623
2026-01-06,DO 0.05%,79.49,84.66262832522392
2026-01-07,DO 0.001%,77.33,83.93040558815002
2026-01-07,DO 0.05%,77.26,85.01215467453004
2026-01-08,DO 0.001%,77.11,82.53415853261947
2026-01-08,DO 0.05%,77.01,84.06574318528176
2026-01-09,DO 0.001%,79.58,84.27666684150695
2026-01-09,DO 0.05%,79.53,84.25867886781693
2026-01-12,DO 0.001%,79.98,83.66174602031708
2026-01-12,DO 0.05%,79.93,85.12966724395753
2026-01-13,DO 0.001%,81.31,83.82634175777436
2026-01-13,DO 0.05%,81.26,84.58098372459412
2026-01-14,DO 0.001%,82.47,83.51826815128327
2026-01-14,DO 0.05%,82.42,84.7766226732731
2026-01-15,DO 0.001%,81.77,83.97879322528838
2026-01-15,DO 0.05%,81.72,84.76217212557793
2026-01-16,DO 0.001%,81.69,84.17716957569122
2026-01-16,DO 0.05%,81.64,85.62589547395707
2026-01-19,DO 0.001%,82.11,82.43702431440353
2026-01-19,DO 0.05%,82.06,85.5189574456215
2026-01-20,DO 0.001%,82.53,83.12597732305527
2026-01-20,DO 0.05%,82.48,85.41949315309525
2026-01-21,DO 0.001%,83.93,84.41980570793152
2026-01-21,DO 0.05%,83.88,85.61385003805161
2026-01-22,DO 0.001%,85.38,84.28002695560455
2026-01-22,DO 0.05%,85.33,84.75745134830476
2026-01-23,DO 0.001%,84.16,84.24913783550262
2026-01-23,DO 0.05%,84.12,85.95106261253358
2026-01-26,DO 0.001%,85.79,83.30034431219102
2026-01-26,DO 0.05%,85.75,85.01014710187913
2026-01-27,DO 0.001%,84.04,83.65821640491485
2026-01-27,DO 0.05%,84.0,86.54160700321198
2026-01-28,DO 0.001%,86.7,84.69942303657531
2026-01-28,DO 0.05%,86.57,86.03042136311531
2026-01-29,DO 0.001%,88.6,84.66756676197052
2026-01-29,DO 0.05%,88.46,84.79448211908341
2026-01-30,DO 0.001%,88.81,84.73149866580964
2026-01-30,DO 0.05%,88.63,84.65873244166374
2026-02-02,DO 0.001%,87.39,84.56873753070832
2026-02-02,DO 0.05%,86.69,85.69757178068161
2026-02-03,DO 0.001%,86.72,84.28911023139953
2026-02-03,DO 0.05%,85.73,85.77150412201883
2026-02-04,DO 0.001%,88.3,84.13466463088989
2026-02-04,DO 0.05%,87.06,85.14370037555695
2026-02-05,DO 0.001%,88.56,84.64903129577637
2026-02-05,DO 0.05%,87.32,84.8709587109089
2026-02-06,DO 0.001%,89.53,86.17971781253814
2026-02-06,DO 0.05%,88.0,85.33997538685799
2026-02-09,DO 0.001%,88.18,84.25322580814361
2026-02-09,DO 0.05%,86.64,86.75728192448616
2026-02-10,DO 0.001%,88.82,82.40228651762008
2026-02-10,DO 0.05%,87.4,85.26343916416168
2026-02-11,DO 0.001%,89.72,84.41760219097138
2026-02-11,DO 0.05%,88.3,85.36890629768372
2026-02-12,DO 0.001%,89.69,83.65008034229278
2026-02-12,DO 0.05%,88.37,84.88128479003906
2026-02-13,DO 0.001%,87.47,85.81279734134674
2026-02-13,DO 0.05%,86.18,84.81795680522919
2026-02-16,DO 0.001%,87.04,84.22680354595184
2026-02-16,DO 0.05%,85.76,86.42596286773681
2026-02-17,DO 0.001%,87.04,84.52306191444397
2026-02-17,DO 0.05%,85.76,86.15309200286866
2026-02-18,DO 0.001%,87.04,85.00287025451661
2026-02-18,DO 0.05%,85.76,85.44148700594903
2026-02-19,DO 0.001%,91.87,84.70139722824096
2026-02-19,DO 0.05%,90.71,85.11864547133446
2026-02-20,DO 0.001%,93.14,83.77093477249146
2026-02-20,DO 0.05%,92.09,85.12521480560304
2026-02-23,DO 0.001%,91.86,82.39885162353515
2026-02-23,DO 0.05%,91.02,86.05845781087876
2026-02-24,DO 0.001%,92.6,86.86591891765595
2026-02-24,DO 0.05%,91.88,83.8678581404686
2026-02-25,DO 0.001%,92.41,84.58124074459076
2026-02-25,DO 0.05%,91.7,85.13598811626434
2026-02-26,DO 0.001%,92.61,85.8534776544571
2026-02-26,DO 0.05%,91.9,85.48620022058488
2026-02-27,DO 0.001%,92.88,85.29391396522522
2026-02-27,DO 0.05%,92.26,85.21639040708543
2026-03-02,DO 0.001%,115.15,87.06318852424621
2026-03-02,DO 0.05%,114.53,85.38485755562783
2026-03-03,DO 0.001%,125.87,84.3324128293991
2026-03-03,DO 0.05%,125.25,83.65910040020943
2026-03-04,DO 0.001%,145.14,85.32194150447846
2026-03-04,DO 0.05%,140.6,85.40950498223305
2026-01-08,DO 0.001%,77.11,77.31541640520096
2026-01-08,DO 0.05%,77.01,78.92081303358079
2026-01-09,DO 0.001%,79.58,76.30488021969795
2026-01-09,DO 0.05%,79.53,77.91606374502183
2026-01-12,DO 0.001%,79.98,76.44738369643689
2026-01-12,DO 0.05%,79.93,78.25702200651169
2026-01-13,DO 0.001%,81.31,77.66417818903923
2026-01-13,DO 0.05%,81.26,78.5943146443367
2026-01-14,DO 0.001%,82.47,76.41067581117153
2026-01-14,DO 0.05%,82.42,77.74842132806778
2026-01-15,DO 0.001%,81.77,75.91460312664509
2026-01-15,DO 0.05%,81.72,77.38642717599869
2026-01-16,DO 0.001%,81.69,76.3576236063242
2026-01-16,DO 0.05%,81.64,76.73398760914803
2026-01-19,DO 0.001%,82.11,76.26766992866993
2026-01-19,DO 0.05%,82.06,77.74073088645936
2026-01-20,DO 0.001%,82.53,76.52046760261058
2026-01-20,DO 0.05%,82.48,77.89910793304443
2026-01-21,DO 0.001%,83.93,77.23634050369263
2026-01-21,DO 0.05%,83.88,78.82996451139451
2026-01-22,DO 0.001%,85.38,75.34481046259403
2026-01-22,DO 0.05%,85.33,77.2015986943245
2026-01-23,DO 0.001%,84.16,76.43859850943089
2026-01-23,DO 0.05%,84.12,78.4864734697342
2026-01-26,DO 0.001%,85.79,75.99060467362403
2026-01-26,DO 0.05%,85.75,77.32391816139221
2026-01-27,DO 0.001%,84.04,76.73368584275245
2026-01-27,DO 0.05%,84.0,78.50575022935868
2026-01-28,DO 0.001%,86.7,76.80543307304382
2026-01-28,DO 0.05%,86.57,77.33718992948532
2026-01-29,DO 0.001%,88.6,75.876037722826
2026-01-29,DO 0.05%,88.46,77.59403225898743
2026-01-30,DO 0.001%,88.81,76.58619979143143
2026-01-30,DO 0.05%,88.63,77.1609038245678
2026-02-02,DO 0.001%,87.39,77.3878550195694
2026-02-02,DO 0.05%,86.69,77.92719876766205
2026-02-03,DO 0.001%,86.72,76.6776376402378
2026-02-03,DO 0.05%,85.73,78.24581330299378
2026-02-04,DO 0.001%,88.3,76.2081694149971
2026-02-04,DO 0.05%,87.06,77.36563074827195
2026-02-05,DO 0.001%,88.56,76.94732352256774
2026-02-05,DO 0.05%,87.32,78.2563496685028
2026-02-06,DO 0.001%,89.53,76.16782484948635
2026-02-06,DO 0.05%,88.0,77.28615671157837
2026-02-09,DO 0.001%,88.18,76.42540229201316
2026-02-09,DO 0.05%,86.64,76.61591860771179
2026-02-10,DO 0.001%,88.82,76.90457754969597
2026-02-10,DO 0.05%,87.4,77.87924172639848
2026-02-11,DO 0.001%,89.72,76.44759111166
2026-02-11,DO 0.05%,88.3,76.67391466856003
2026-02-12,DO 0.001%,89.69,76.49153087437152
2026-02-12,DO 0.05%,88.37,76.6972761118412
2026-02-13,DO 0.001%,87.47,75.6764766228199
2026-02-13,DO 0.05%,86.18,77.24813737869263
2026-02-16,DO 0.001%,87.04,75.14167721152306
2026-02-16,DO 0.05%,85.76,76.38972752332688
2026-02-17,DO 0.001%,87.04,77.2929003304243
2026-02-17,DO 0.05%,85.76,77.16747063279152
2026-02-18,DO 0.001%,87.04,76.21188906133175
2026-02-18,DO 0.05%,85.76,75.97040964841842
2026-02-19,DO 0.001%,91.87,78.0190333712101
2026-02-19,DO 0.05%,90.71,78.01960379838944
2026-02-20,DO 0.001%,93.14,76.48030279695988
2026-02-20,DO 0.05%,92.09,76.74209250569344
2026-02-23,DO 0.001%,91.86,77.19034963488579
2026-02-23,DO 0.05%,91.02,76.45363186955453
2026-02-24,DO 0.001%,92.6,77.65814931988716
2026-02-24,DO 0.05%,91.88,77.31765528678895
2026-02-25,DO 0.001%,92.41,77.26342893183231
2026-02-25,DO 0.05%,91.7,76.71670483827592
2026-02-26,DO 0.001%,92.61,77.1763928949833
2026-02-26,DO 0.05%,91.9,76.90201224565506
2026-02-27,DO 0.001%,92.88,78.23718809366225
2026-02-27,DO 0.05%,92.26,77.7099414896965
2026-03-02,DO 0.001%,115.15,76.043698361516
2026-03-02,DO 0.05%,114.53,76.14050655961037
2026-03-03,DO 0.001%,125.87,77.92235022187232
2026-03-03,DO 0.05%,125.25,76.54188774585724
2026-03-04,DO 0.001%,145.14,77.41880137085914
2026-03-04,DO 0.05%,140.6,77.00029332637787
2026-03-05,DO 0.001%,153.21,77.49420832753181
2026-03-05,DO 0.05%,152.21,77.68438343524933
2026-03-06,DO 0.001%,155.76,78.17594990134239
2026-03-06,DO 0.05%,154.76,77.54867246866226
2026-03-09,DO 0.001%,185.43,76.40655977129936
2026-03-09,DO 0.05%,184.43,76.74866391897201
2026-03-10,DO 0.001%,161.4,76.96936484694481
2026-03-10,DO 0.05%,160.4,75.18213017344475
2026-03-11,DO 0.001%,164.56,77.66554252028465
2026-03-11,DO 0.05%,163.56,76.44196266055107
2026-03-12,DO 0.001%,194.5,79.21800398230552
2026-03-12,DO 0.05%,193.5,77.32005912542344
2026-03-13,DO 0.001%,192.48,76.81282166421413
2026-03-13,DO 0.05%,191.48,76.83030233144761
2026-03-16,DO 0.001%,190.93,77.32489297628402
2026-03-16,DO 0.05%,189.93,75.90778090238571
2026-03-17,DO 0.001%,198.2,78.68495607733726
2026-03-17,DO 0.05%,197.2,77.56460595846177
2026-03-18,DO 0.001%,198.88,77.99586739540099
2026-03-18,DO 0.05%,197.88,76.4711863386631
2026-03-19,DO 0.001%,224.5,77.67753572940826
2026-03-19,DO 0.05%,223.5,75.72960211992265
2026-03-20,DO 0.001%,223.02,77.68559265851974
2026-03-20,DO 0.05%,222.02,76.96615144968034
2026-03-23,DO 0.001%,242.91,77.35463171005249
2026-03-23,DO 0.05%,241.91,76.46036906480789
2026-03-24,DO 0.001%,219.93,78.7490612089634
2026-03-24,DO 0.05%,218.93,77.33206910848618
2026-03-25,DO 0.001%,205.62,78.03988551497459
2026-03-25,DO 0.05%,204.62,77.2787702035904
2026-03-26,DO 0.001%,216.56,78.90643866181374
2026-03-26,DO 0.05%,215.56,77.0814942586422
2026-03-27,DO 0.001%,237.81,78.15580757856368
2026-03-27,DO 0.05%,236.81,77.16013478040696
2026-03-30,DO 0.001%,252.15,77.80038085222245
2026-03-30,DO 0.05%,251.15,76.36049924016
2026-03-31,DO 0.001%,238.89,77.95259597063064
2026-03-31,DO 0.05%,237.89,74.90757680296899
2026-04-01,DO 0.001%,246.0,78.04818212389945
2026-04-01,DO 0.05%,245.0,76.31822023153306
2026-02-05,DO 0.001%,88.56,88.67415307760238
2026-02-05,DO 0.05%,87.32,86.81813749194146
2026-02-06,DO 0.001%,89.53,88.3515888094902
2026-02-06,DO 0.05%,88.0,86.77432005286217
2026-02-09,DO 0.001%,88.18,87.87112131118774
2026-02-09,DO 0.05%,86.64,86.67835135102273
2026-02-10,DO 0.001%,88.82,88.80199353694915
2026-02-10,DO 0.05%,87.4,86.72863450884819
2026-02-11,DO 0.001%,89.72,87.92446272969245
2026-02-11,DO 0.05%,88.3,86.34523191690445
2026-02-12,DO 0.001%,89.69,88.91358157396316
2026-02-12,DO 0.05%,88.37,85.90332131624223
2026-02-13,DO 0.001%,87.47,87.96036753058434
2026-02-13,DO 0.05%,86.18,85.63959160208702
2026-02-16,DO 0.001%,87.04,88.37252538204193
2026-02-16,DO 0.05%,85.76,86.02319138288499
2026-02-17,DO 0.001%,87.04,88.22944301366806
2026-02-17,DO 0.05%,85.76,85.97676897525787
2026-02-18,DO 0.001%,87.04,88.47782928943634
2026-02-18,DO 0.05%,85.76,85.77481645345688
2026-02-19,DO 0.001%,91.87,88.66964787244797
2026-02-19,DO 0.05%,90.71,86.28899158000947
2026-02-20,DO 0.001%,93.14,88.73325757980346
2026-02-20,DO 0.05%,92.09,86.09039645791054
2026-02-23,DO 0.001%,91.86,89.5176053762436
2026-02-23,DO 0.05%,91.02,86.08463127851486
2026-02-24,DO 0.001%,92.6,88.41139856576919
2026-02-24,DO 0.05%,91.88,85.86864202380181
2026-02-25,DO 0.001%,92.41,88.31330509185791
2026-02-25,DO 0.05%,91.7,85.71792746901512
2026-02-26,DO 0.001%,92.61,88.31764187812804
2026-02-26,DO 0.05%,91.9,86.38012915492058
2026-02-27,DO 0.001%,92.88,88.70568951368331
2026-02-27,DO 0.05%,92.26,85.86098279356956
2026-03-02,DO 0.001%,115.15,88.19726448059082
2026-03-02,DO 0.05%,114.53,86.30866376280785
2026-03-03,DO 0.001%,125.87,89.28237682580948
2026-03-03,DO 0.05%,125.25,85.37290405511857
2026-03-04,DO 0.001%,145.14,88.58610157966613
2026-03-04,DO 0.05%,140.6,85.61366126775742
2026-03-05,DO 0.001%,153.21,88.03036136627198
2026-03-05,DO 0.05%,152.21,85.5658170247078
2026-03-06,DO 0.001%,155.76,88.29333692789078
2026-03-06,DO 0.05%,154.76,85.22873305678368
2026-03-09,DO 0.001%,185.43,87.86712136268615
2026-03-09,DO 0.05%,184.43,84.54967172384262
2026-03-10,DO 0.001%,161.4,88.14917562603951
2026-03-10,DO 0.05%,160.4,84.87285906672479
2026-03-11,DO 0.001%,164.56,88.29636320471764
2026-03-11,DO 0.05%,163.56,85.83705548286439
2026-03-12,DO 0.001%,194.5,88.31822081804275
2026-03-12,DO 0.05%,193.5,85.61680072188378
2026-03-13,DO 0.001%,192.48,88.51084991693496
2026-03-13,DO 0.05%,191.48,85.13671332120896
2026-03-16,DO 0.001%,190.93,86.37323006987572
2026-03-16,DO 0.05%,189.93,85.03589792490006
2026-03-17,DO 0.001%,198.2,88.18109100461005
2026-03-17,DO 0.05%,197.2,85.60904289722443
2026-03-18,DO 0.001%,198.88,87.43966897130012
2026-03-18,DO 0.05%,197.88,84.51010941267013
2026-03-19,DO 0.001%,224.5,87.20621934533119
2026-03-19,DO 0.05%,223.5,85.1051942396164
2026-03-20,DO 0.001%,223.02,88.22782724499702
2026-03-20,DO 0.05%,222.02,84.90093253254891
2026-03-23,DO 0.001%,242.91,88.06050834655761
2026-03-23,DO 0.05%,241.91,85.06720943927765
2026-03-24,DO 0.001%,219.93,87.56458841562271
2026-03-24,DO 0.05%,218.93,84.92714827179908
2026-03-25,DO 0.001%,205.62,88.2937474489212
2026-03-25,DO 0.05%,204.62,84.86388697385789
2026-03-26,DO 0.001%,216.56,87.15794101953506
2026-03-26,DO 0.05%,215.56,84.6302804517746
2026-03-27,DO 0.001%,237.81,88.06624511480331
2026-03-27,DO 0.05%,236.81,85.66193621277809
2026-03-30,DO 0.001%,252.15,87.55415170788764
2026-03-30,DO 0.05%,251.15,85.28138248085976
2026-03-31,DO 0.001%,238.89,87.99117239713668
2026-03-31,DO 0.05%,237.89,84.96032789111138
2026-04-01,DO 0.001%,246.0,88.00172489285468
2026-04-01,DO 0.05%,245.0,85.33744119644166
2026-04-02,DO 0.001%,292.82,87.26412386298179
2026-04-02,DO 0.05%,291.82,86.19008061289787
2026-04-06,DO 0.001%,272.64,87.09925756454467
2026-04-06,DO 0.05%,264.02,84.67911582827568
2026-04-07,DO 0.001%,255.36,87.51242592930794
2026-04-07,DO 0.05%,234.99,84.61818966150284
2026-04-08,DO 0.001%,198.36,86.32802538871765
2026-04-08,DO 0.05%,183.29,84.98399574279786
2026-04-09,DO 0.001%,211.03,87.04153725504875
2026-04-09,DO 0.05%,181.78,84.96689739346505
2026-04-10,DO 0.001%,210.16,88.54207056760788
2026-04-10,DO 0.05%,182.08,85.37223984003067
2026-04-13,DO 0.001%,203.24,87.61012467145919
2026-04-13,DO 0.05%,176.9,84.89350162625313
2026-04-14,DO 0.001%,191.77,87.39928001761436
2026-04-14,DO 0.05%,168.23,84.47435595989228
2026-04-15,DO 0.001%,173.33,88.14924930930137
2026-04-15,DO 0.05%,155.37,85.05146027684212
2026-04-16,DO 0.001%,172.2,87.05809493660927
2026-04-16,DO 0.05%,158.6,84.9637164258957
2026-04-17,DO 0.001%,170.31,87.21777709126472
2026-04-17,DO 0.05%,156.71,84.88453472256661
2026-04-20,DO 0.001%,155.07,88.05979782938957
2026-04-20,DO 0.05%,141.47,84.75637753486633
2026-04-21,DO 0.001%,152.84,87.37628031373023
2026-04-21,DO 0.05%,139.24,85.47743490457535
2026-04-22,DO 0.001%,167.21,87.09476288557052
2026-04-22,DO 0.05%,153.61,85.2292882990837
2026-04-23,DO 0.001%,171.29,87.93044160008431
2026-04-23,DO 0.05%,157.69,85.23931898474693
2026-04-24,DO 0.001%,172.84,88.43464037179946
2026-04-24,DO 0.05%,159.24,85.23370429158211
2026-04-27,DO 0.001%,174.03,88.10366568565368
2026-04-27,DO 0.05%,160.43,84.91315824151039
2026-04-28,DO 0.001%,167.39,88.82553007602691
2026-04-28,DO 0.05%,153.79,84.51159351825714
2026-04-29,DO 0.001%,169.48,88.05327159762382
2026-04-29,DO 0.05%,156.43,84.87133863687515
2026-04-30,DO 0.001%,178.67,87.19409318566322
2026-04-30,DO 0.05%,165.62,85.20441655755043
